{
    "name": "root",
    "gauges": {
        "MyGrasp.Policy.Entropy.mean": {
            "value": 1.3742161989212036,
            "min": 1.3742161989212036,
            "max": 1.3742161989212036,
            "count": 1
        },
        "MyGrasp.Policy.Entropy.sum": {
            "value": 597.7840576171875,
            "min": 597.7840576171875,
            "max": 597.7840576171875,
            "count": 1
        },
        "MyGrasp.Step.mean": {
            "value": 36999.0,
            "min": 36999.0,
            "max": 36999.0,
            "count": 1
        },
        "MyGrasp.Step.sum": {
            "value": 36999.0,
            "min": 36999.0,
            "max": 36999.0,
            "count": 1
        },
        "MyGrasp.Policy.ExtrinsicValueEstimate.mean": {
            "value": 1.0413423776626587,
            "min": 1.0413423776626587,
            "max": 1.0413423776626587,
            "count": 1
        },
        "MyGrasp.Policy.ExtrinsicValueEstimate.sum": {
            "value": 442.57049560546875,
            "min": 442.57049560546875,
            "max": 442.57049560546875,
            "count": 1
        },
        "MyGrasp.Environment.EpisodeLength.mean": {
            "value": 19.5,
            "min": 19.5,
            "max": 19.5,
            "count": 1
        },
        "MyGrasp.Environment.EpisodeLength.sum": {
            "value": 234.0,
            "min": 234.0,
            "max": 234.0,
            "count": 1
        },
        "MyGrasp.Environment.CumulativeReward.mean": {
            "value": 3.8333333333333335,
            "min": 3.8333333333333335,
            "max": 3.8333333333333335,
            "count": 1
        },
        "MyGrasp.Environment.CumulativeReward.sum": {
            "value": 46.0,
            "min": 46.0,
            "max": 46.0,
            "count": 1
        },
        "MyGrasp.Policy.ExtrinsicReward.mean": {
            "value": 3.8333333333333335,
            "min": 3.8333333333333335,
            "max": 3.8333333333333335,
            "count": 1
        },
        "MyGrasp.Policy.ExtrinsicReward.sum": {
            "value": 46.0,
            "min": 46.0,
            "max": 46.0,
            "count": 1
        },
        "MyGrasp.IsTraining.mean": {
            "value": 1.0,
            "min": 1.0,
            "max": 1.0,
            "count": 1
        },
        "MyGrasp.IsTraining.sum": {
            "value": 1.0,
            "min": 1.0,
            "max": 1.0,
            "count": 1
        }
    },
    "metadata": {
        "timer_format_version": "0.1.0",
        "start_time_seconds": "1747807840",
        "python_version": "3.10.12 | packaged by Anaconda, Inc. | (main, Jul  5 2023, 19:01:18) [MSC v.1916 64 bit (AMD64)]",
        "command_line_arguments": "C:\\Users\\smsla\\anaconda3\\envs\\mlagents\\Scripts\\mlagents-learn config/custom_ppo.yaml --run-id=MyGrasp_250520_001 --time-scale=50 --resume",
        "mlagents_version": "1.1.0",
        "mlagents_envs_version": "1.1.0",
        "communication_protocol_version": "1.5.0",
        "pytorch_version": "2.6.0+cu126",
        "numpy_version": "1.23.5",
        "end_time_seconds": "1747808055"
    },
    "total": 214.98370109999087,
    "count": 1,
    "self": 0.0037090000114403665,
    "children": {
        "run_training.setup": {
            "total": 0.05623429999104701,
            "count": 1,
            "self": 0.05623429999104701
        },
        "TrainerController.start_learning": {
            "total": 214.92375779998838,
            "count": 1,
            "self": 0.008918099803850055,
            "children": {
                "TrainerController._reset_env": {
                    "total": 4.691140600014478,
                    "count": 1,
                    "self": 4.691140600014478
                },
                "TrainerController.advance": {
                    "total": 210.15960900016944,
                    "count": 486,
                    "self": 0.0062052999855950475,
                    "children": {
                        "env_step": {
                            "total": 209.20197760031442,
                            "count": 486,
                            "self": 208.71945720075746,
                            "children": {
                                "SubprocessEnvManager._take_step": {
                                    "total": 0.478367699572118,
                                    "count": 486,
                                    "self": 0.016358399705495685,
                                    "children": {
                                        "TorchPolicy.evaluate": {
                                            "total": 0.4620092998666223,
                                            "count": 486,
                                            "self": 0.4620092998666223
                                        }
                                    }
                                },
                                "workers": {
                                    "total": 0.004152699984842911,
                                    "count": 485,
                                    "self": 0.0,
                                    "children": {
                                        "worker_root": {
                                            "total": 207.51113500012434,
                                            "count": 485,
                                            "is_parallel": true,
                                            "self": 2.4477319001744036,
                                            "children": {
                                                "steps_from_proto": {
                                                    "total": 0.00014429999282583594,
                                                    "count": 1,
                                                    "is_parallel": true,
                                                    "self": 4.849999095313251e-05,
                                                    "children": {
                                                        "_process_rank_one_or_two_observation": {
                                                            "total": 9.580000187270343e-05,
                                                            "count": 2,
                                                            "is_parallel": true,
                                                            "self": 9.580000187270343e-05
                                                        }
                                                    }
                                                },
                                                "UnityEnvironment.step": {
                                                    "total": 205.0632587999571,
                                                    "count": 485,
                                                    "is_parallel": true,
                                                    "self": 0.026599100063322112,
                                                    "children": {
                                                        "UnityEnvironment._generate_step_input": {
                                                            "total": 0.019226700125727803,
                                                            "count": 485,
                                                            "is_parallel": true,
                                                            "self": 0.019226700125727803
                                                        },
                                                        "communicator.exchange": {
                                                            "total": 204.95816980008385,
                                                            "count": 485,
                                                            "is_parallel": true,