{
    "name": "root",
    "gauges": {
        "MyGrasp.Policy.Entropy.mean": {
            "value": 1.3742161989212036,
            "min": 1.3742161989212036,
            "max": 1.4052056074142456,
            "count": 40
        },
        "MyGrasp.Policy.Entropy.sum": {
            "value": 687.1080932617188,
            "min": 421.5616760253906,
            "max": 704.0079345703125,
            "count": 40
        },
        "MyGrasp.Step.mean": {
            "value": 30499.0,
            "min": 10999.0,
            "max": 30499.0,
            "count": 40
        },
        "MyGrasp.Step.sum": {
            "value": 30499.0,
            "min": 10999.0,
            "max": 30499.0,
            "count": 40
        },
        "MyGrasp.Policy.ExtrinsicValueEstimate.mean": {
            "value": 0.11440535634756088,
            "min": -0.016596004366874695,
            "max": 0.28065067529678345,
            "count": 40
        },
        "MyGrasp.Policy.ExtrinsicValueEstimate.sum": {
            "value": 57.20267868041992,
            "min": -8.298002243041992,
            "max": 140.32533264160156,
            "count": 40
        },
        "MyGrasp.Environment.EpisodeLength.mean": {
            "value": 24.35,
            "min": 17.833333333333332,
            "max": 27.3125,
            "count": 40
        },
        "MyGrasp.Environment.EpisodeLength.sum": {
            "value": 487.0,
            "min": 107.0,
            "max": 570.0,
            "count": 40
        },
        "MyGrasp.Environment.CumulativeReward.mean": {
            "value": 3.8,
            "min": 2.5,
            "max": 5.333333333333333,
            "count": 40
        },
        "MyGrasp.Environment.CumulativeReward.sum": {
            "value": 76.0,
            "min": 15.0,
            "max": 112.0,
            "count": 40
        },
        "MyGrasp.Policy.ExtrinsicReward.mean": {
            "value": 3.8,
            "min": 2.5,
            "max": 5.333333333333333,
            "count": 40
        },
        "MyGrasp.Policy.ExtrinsicReward.sum": {
            "value": 76.0,
            "min": 15.0,
            "max": 112.0,
            "count": 40
        },
        "MyGrasp.IsTraining.mean": {
            "value": 1.0,
            "min": 1.0,
            "max": 1.0,
            "count": 40
        },
        "MyGrasp.IsTraining.sum": {
            "value": 1.0,
            "min": 1.0,
            "max": 1.0,
            "count": 40
        },
        "MyGrasp.Losses.PolicyLoss.mean": {
            "value": 0.04608486629149411,
            "min": 0.04608486629149411,
            "max": 0.05776628036983311,
            "count": 4
        },
        "MyGrasp.Losses.PolicyLoss.sum": {
            "value": 0.04608486629149411,
            "min": 0.04608486629149411,
            "max": 0.05776628036983311,
            "count": 4
        },
        "MyGrasp.Losses.ValueLoss.mean": {
            "value": 0.13162977574393153,
            "min": 0.11734381644055247,
            "max": 0.13162977574393153,
            "count": 4
        },
        "MyGrasp.Losses.ValueLoss.sum": {
            "value": 0.13162977574393153,
            "min": 0.11734381644055247,
            "max": 0.13162977574393153,
            "count": 4
        },
        "MyGrasp.Policy.LearningRate.mean": {
            "value": 0.0002837406054198,
            "min": 0.0002837406054198,
            "max": 0.0002911152029616,
            "count": 4
        },
        "MyGrasp.Policy.LearningRate.sum": {
            "value": 0.0002837406054198,
            "min": 0.0002837406054198,
            "max": 0.0002911152029616,
            "count": 4
        },
        "MyGrasp.Policy.Epsilon.mean": {
            "value": 0.1945802,
            "min": 0.1945802,
            "max": 0.19703840000000003,
            "count": 4
        },
        "MyGrasp.Policy.Epsilon.sum": {
            "value": 0.1945802,
            "min": 0.1945802,
            "max": 0.19703840000000003,
            "count": 4
        },
        "MyGrasp.Policy.Beta.mean": {
            "value": 0.004729551980000001,
            "min": 0.004729551980000001,
            "max": 0.00485221616,
            "count": 4
        },
        "MyGrasp.Policy.Beta.sum": {
            "value": 0.004729551980000001,
            "min": 0.004729551980000001,
            "max": 0.00485221616,
            "count": 4
        }
    },
    "metadata": {
        "timer_format_version": "0.1.0",
        "start_time_seconds": "1747726544",
        "python_version": "3.10.12 | packaged by Anaconda, Inc. | (main, Jul  5 2023, 19:01:18) [MSC v.1916 64 bit (AMD64)]",
        "command_line_arguments": "C:\\Users\\smsla\\anaconda3\\envs\\mlagents\\Scripts\\mlagents-learn config/custom_ppo.yaml --run-id=MyGrasp_250520_001 --resume --time-scale=50",
        "mlagents_version": "1.1.0",
        "mlagents_envs_version": "1.1.0",
        "communication_protocol_version": "1.5.0",
        "pytorch_version": "2.6.0+cu126",
        "numpy_version": "1.23.5",
        "end_time_seconds": "1747734380"
    },
    "total": 7836.752846600008,
    "count": 1,
    "self": 0.2725652000081027,
    "children": {
        "run_training.setup": {
            "total": 0.05415799999900628,
            "count": 1,
            "self": 0.05415799999900628
        },
        "TrainerController.start_learning": {
            "total": 7836.4261234000005,
            "count": 1,
            "self": 0.3748589007591363,
            "children": {
                "TrainerController._reset_env": {
                    "total": 5.39588470000308,
                    "count": 1,
                    "self": 5.39588470000308
                },
                "TrainerController.advance": {
                    "total": 7830.560332299225,
                    "count": 20247,
                    "self": 0.26936869879136793,
                    "children": {
                        "env_step": {
                            "total": 7790.302612700252,
                            "count": 20247,
                            "self": 7772.580848901809,
                            "children": {
                                "SubprocessEnvManager._take_step": {
                                    "total": 17.53320909893955,
                                    "count": 20247,
                                    "self": 0.6504627985123079,
                                    "children": {
                                        "TorchPolicy.evaluate": {
                                            "total": 16.882746300427243,
                                            "count": 20247,
                                            "self": 16.882746300427243
                                        }
                                    }
                                },
                                "workers": {
                                    "total": 0.18855469950358383,
                                    "count": 20246,
                                    "self": 0.0,
                                    "children": {
                                        "worker_root": {
                                            "total": 7830.665666001412,
                                            "count": 20246,
                                            "is_parallel": true,
                                            "self": 70.97321590222418,
                                            "children": {
                                                "steps_from_proto": {
                                                    "total": 0.00014119999832473695,
                                                    "count": 1,
                                                    "is_parallel": true,
                                                    "self": 5.219999002292752e-05,