{
    "name": "root",
    "gauges": {
        "MyGrasp.Policy.Entropy.mean": {
            "value": 1.4188696146011353,
            "min": 1.4188696146011353,
            "max": 1.4189387559890747,
            "count": 41
        },
        "MyGrasp.Policy.Entropy.sum": {
            "value": 141.886962890625,
            "min": 141.886962890625,
            "max": 141.8938751220703,
            "count": 41
        },
        "MyGrasp.Environment.EpisodeLength.mean": {
            "value": 0.0,
            "min": 0.0,
            "max": 0.010101010101010102,
            "count": 41
        },
        "MyGrasp.Environment.EpisodeLength.sum": {
            "value": 0.0,
            "min": 0.0,
            "max": 1.0,
            "count": 41
        },
        "MyGrasp.Step.mean": {
            "value": 4099.0,
            "min": 99.0,
            "max": 4099.0,
            "count": 41
        },
        "MyGrasp.Step.sum": {
            "value": 4099.0,
            "min": 99.0,
            "max": 4099.0,
            "count": 41
        },
        "MyGrasp.Policy.ExtrinsicValueEstimate.mean": {
            "value": 0.023055244237184525,
            "min": 0.01613236404955387,
            "max": 0.023055244237184525,
            "count": 41
        },
        "MyGrasp.Policy.ExtrinsicValueEstimate.sum": {
            "value": 2.3055243492126465,
            "min": 1.613236427307129,
            "max": 2.3055243492126465,
            "count": 41
        },
        "MyGrasp.Environment.CumulativeReward.mean": {
            "value": 0.2715858113765717,
            "min": -0.40218544110655785,
            "max": 0.7221036295592785,
            "count": 41
        },
        "MyGrasp.Environment.CumulativeReward.sum": {
            "value": 27.158581137657166,
            "min": -40.218544110655785,
            "max": 72.21036295592785,
            "count": 41
        },
        "MyGrasp.Policy.ExtrinsicReward.mean": {
            "value": 0.2715858113765717,
            "min": -0.40218544110655785,
            "max": 0.7221036295592785,
            "count": 41
        },
        "MyGrasp.Policy.ExtrinsicReward.sum": {
            "value": 27.158581137657166,
            "min": -40.218544110655785,
            "max": 72.21036295592785,
            "count": 41
        },
        "MyGrasp.IsTraining.mean": {
            "value": 1.0,
            "min": 1.0,
            "max": 1.0,
            "count": 41
        },
        "MyGrasp.IsTraining.sum": {
            "value": 1.0,
            "min": 1.0,
            "max": 1.0,
            "count": 41
        },
        "MyGrasp.Losses.PolicyLoss.mean": {
            "value": 0.07544940443040105,
            "min": 0.07544940443040105,
            "max": 0.07544940443040105,
            "count": 1
        },
        "MyGrasp.Losses.PolicyLoss.sum": {
            "value": 0.07544940443040105,
            "min": 0.07544940443040105,
            "max": 0.07544940443040105,
            "count": 1
        },
        "MyGrasp.Losses.ValueLoss.mean": {
            "value": 1.670382312188546,
            "min": 1.670382312188546,
            "max": 1.670382312188546,
            "count": 1
        },
        "MyGrasp.Losses.ValueLoss.sum": {
            "value": 1.670382312188546,
            "min": 1.670382312188546,
            "max": 1.670382312188546,
            "count": 1
        },
        "MyGrasp.Policy.LearningRate.mean": {
            "value": 0.0002975418008194,
            "min": 0.0002975418008194,
            "max": 0.0002975418008194,
            "count": 1
        },
        "MyGrasp.Policy.LearningRate.sum": {
            "value": 0.0002975418008194,
            "min": 0.0002975418008194,
            "max": 0.0002975418008194,
            "count": 1
        },
        "MyGrasp.Policy.Epsilon.mean": {
            "value": 0.1991806,
            "min": 0.1991806,
            "max": 0.1991806,
            "count": 1
        },
        "MyGrasp.Policy.Epsilon.sum": {
            "value": 0.1991806,
            "min": 0.1991806,
            "max": 0.1991806,
            "count": 1
        },
        "MyGrasp.Policy.Beta.mean": {
            "value": 0.004959111939999999,
            "min": 0.004959111939999999,
            "max": 0.004959111939999999,
            "count": 1
        },
        "MyGrasp.Policy.Beta.sum": {
            "value": 0.004959111939999999,
            "min": 0.004959111939999999,
            "max": 0.004959111939999999,
            "count": 1
        }
    },
    "metadata": {
        "timer_format_version": "0.1.0",
        "start_time_seconds": "1744858258",
        "python_version": "3.10.12 | packaged by Anaconda, Inc. | (main, Jul  5 2023, 19:01:18) [MSC v.1916 64 bit (AMD64)]",
        "command_line_arguments": "C:\\Users\\dudrj\\anaconda3\\envs\\mlagents\\Scripts\\mlagents-learn config/custom_ppo.yaml --run-id=MyGrasp_Run_test --train",
        "mlagents_version": "1.1.0",
        "mlagents_envs_version": "1.1.0",
        "communication_protocol_version": "1.5.0",
        "pytorch_version": "2.6.0+cu126",
        "numpy_version": "1.23.5",
        "end_time_seconds": "1744863106"
    },
    "total": 4848.1404493999435,
    "count": 1,
    "self": 0.010686099994927645,
    "children": {
        "run_training.setup": {
            "total": 0.10244559997227043,
            "count": 1,
            "self": 0.10244559997227043
        },
        "TrainerController.start_learning": {
            "total": 4848.027317699976,
            "count": 1,
            "self": 0.08613950095605105,
            "children": {
                "TrainerController._reset_env": {
                    "total": 5.906816899892874,
                    "count": 1,
                    "self": 5.906816899892874
                },
                "TrainerController.advance": {
                    "total": 4841.494486199226,
                    "count": 4179,
                    "self": 0.07171309390105307,
                    "children": {
                        "env_step": {
                            "total": 4815.336613200372,
                            "count": 4179,
                            "self": 4808.082386901486,
                            "children": {
                                "SubprocessEnvManager._take_step": {
                                    "total": 7.193144296412356,
                                    "count": 4180,
                                    "self": 0.1864569931058213,
                                    "children": {
                                        "TorchPolicy.evaluate": {
                                            "total": 7.006687303306535,
                                            "count": 4180,
                                            "self": 7.006687303306535
                                        }
                                    }
                                },
                                "workers": {
                                    "total": 0.06108200247399509,
                                    "count": 4178,
                                    "self": 0.0,
                                    "children": {
                                        "worker_root": {
                                            "total": 4716.277806099621,
                                            "count": 4178,
                                            "is_parallel": true,
                                            "self": 40.41477519494947,
                                            "children": {
                                                "steps_from_proto": {
                                                    "total": 0.03772159991785884,
                                                    "count": 2,
                                                    "is_parallel": true,
                                                    "self": 0.000246400129981339,