{
    "name": "root",
    "gauges": {
        "MyGrasp.Policy.Entropy.mean": {
            "value": 0.8180345296859741,
            "min": 0.8180345296859741,
            "max": 1.418938398361206,
            "count": 1000
        },
        "MyGrasp.Policy.Entropy.sum": {
            "value": 409.01727294921875,
            "min": 409.00616455078125,
            "max": 742.104736328125,
            "count": 1000
        },
        "MyGrasp.Step.mean": {
            "value": 499999.0,
            "min": 499.0,
            "max": 499999.0,
            "count": 1000
        },
        "MyGrasp.Step.sum": {
            "value": 499999.0,
            "min": 499.0,
            "max": 499999.0,
            "count": 1000
        },
        "MyGrasp.Policy.ExtrinsicValueEstimate.mean": {
            "value": 0.7207921147346497,
            "min": 0.05549813061952591,
            "max": 0.7534584999084473,
            "count": 1000
        },
        "MyGrasp.Policy.ExtrinsicValueEstimate.sum": {
            "value": 360.39605712890625,
            "min": 27.749065399169922,
            "max": 376.729248046875,
            "count": 1000
        },
        "MyGrasp.Environment.EpisodeLength.mean": {
            "value": 24.428571428571427,
            "min": 15.538461538461538,
            "max": 30.6875,
            "count": 1000
        },
        "MyGrasp.Environment.EpisodeLength.sum": {
            "value": 513.0,
            "min": 202.0,
            "max": 704.0,
            "count": 1000
        },
        "MyGrasp.Environment.CumulativeReward.mean": {
            "value": 18.333333333333332,
            "min": 5.8125,
            "max": 22.25,
            "count": 1000
        },
        "MyGrasp.Environment.CumulativeReward.sum": {
            "value": 385.0,
            "min": 76.0,
            "max": 492.0,
            "count": 1000
        },
        "MyGrasp.Policy.ExtrinsicReward.mean": {
            "value": 18.333333333333332,
            "min": 5.8125,
            "max": 22.25,
            "count": 1000
        },
        "MyGrasp.Policy.ExtrinsicReward.sum": {
            "value": 385.0,
            "min": 76.0,
            "max": 492.0,
            "count": 1000
        },
        "MyGrasp.IsTraining.mean": {
            "value": 1.0,
            "min": 1.0,
            "max": 1.0,
            "count": 1000
        },
        "MyGrasp.IsTraining.sum": {
            "value": 1.0,
            "min": 1.0,
            "max": 1.0,
            "count": 1000
        },
        "MyGrasp.Losses.PolicyLoss.mean": {
            "value": 0.06325874623144045,
            "min": 0.04060878123224635,
            "max": 0.06325874623144045,
            "count": 122
        },
        "MyGrasp.Losses.PolicyLoss.sum": {
            "value": 0.06325874623144045,
            "min": 0.04060878123224635,
            "max": 0.06325874623144045,
            "count": 122
        },
        "MyGrasp.Losses.ValueLoss.mean": {
            "value": 0.15649105111757913,
            "min": 0.148549845131735,
            "max": 0.2046319025879105,
            "count": 122
        },
        "MyGrasp.Losses.ValueLoss.sum": {
            "value": 0.15649105111757913,
            "min": 0.148549845131735,
            "max": 0.2046319025879105,
            "count": 122
        },
        "MyGrasp.Policy.LearningRate.mean": {
            "value": 9.729996759999727e-08,
            "min": 9.729996759999727e-08,
            "max": 0.0002975418008194,
            "count": 122
        },
        "MyGrasp.Policy.LearningRate.sum": {
            "value": 9.729996759999727e-08,
            "min": 9.729996759999727e-08,
            "max": 0.0002975418008194,
            "count": 122
        },
        "MyGrasp.Policy.Epsilon.mean": {
            "value": 0.10003240000000001,
            "min": 0.10003240000000001,
            "max": 0.1991806,
            "count": 122
        },
        "MyGrasp.Policy.Epsilon.sum": {
            "value": 0.10003240000000001,
            "min": 0.10003240000000001,
            "max": 0.1991806,
            "count": 122
        },
        "MyGrasp.Policy.Beta.mean": {
            "value": 1.1616759999999955e-05,
            "min": 1.1616759999999955e-05,
            "max": 0.00495911194,
            "count": 122
        },
        "MyGrasp.Policy.Beta.sum": {
            "value": 1.1616759999999955e-05,
            "min": 1.1616759999999955e-05,
            "max": 0.00495911194,
            "count": 122
        }
    },
    "metadata": {
        "timer_format_version": "0.1.0",
        "start_time_seconds": "1750742998",
        "python_version": "3.10.12 | packaged by Anaconda, Inc. | (main, Jul  5 2023, 19:01:18) [MSC v.1916 64 bit (AMD64)]",
        "command_line_arguments": "C:\\Users\\smsla\\anaconda3\\envs\\mlagents\\Scripts\\mlagents-learn config/250605.yaml --run-id=MyGrasp_250624 --time-scale=50",
        "mlagents_version": "1.1.0",
        "mlagents_envs_version": "1.1.0",
        "communication_protocol_version": "1.5.0",
        "pytorch_version": "2.6.0+cu126",
        "numpy_version": "1.23.5",
        "end_time_seconds": "1750798765"
    },
    "total": 55766.69167220002,
    "count": 1,
    "self": 0.01099870000325609,
    "children": {
        "run_training.setup": {
            "total": 0.05180820000532549,
            "count": 1,
            "self": 0.05180820000532549
        },
        "TrainerController.start_learning": {
            "total": 55766.62886530001,
            "count": 1,
            "self": 11.069944090340869,
            "children": {
                "TrainerController._reset_env": {
                    "total": 4.3940829999919515,
                    "count": 1,
                    "self": 4.3940829999919515
                },
                "TrainerController.advance": {
                    "total": 55751.09841710965,
                    "count": 500024,
                    "self": 9.379196612906526,
                    "children": {
                        "env_step": {
                            "total": 53970.487144406274,
                            "count": 500024,
                            "self": 53092.310983914664,
                            "children": {
                                "SubprocessEnvManager._take_step": {
                                    "total": 871.9057068963739,
                                    "count": 500024,
                                    "self": 22.30448649948812,
                                    "children": {
                                        "TorchPolicy.evaluate": {
                                            "total": 849.6012203968858,
                                            "count": 500024,
                                            "self": 849.6012203968858
                                        }
                                    }
                                },
                                "workers": {
                                    "total": 6.270453595236177,
                                    "count": 500024,
                                    "self": 0.0,
                                    "children": {
                                        "worker_root": {
                                            "total": 55749.23811569066,
                                            "count": 500024,
                                            "is_parallel": true,
                                            "self": 3088.8301107959996,
                                            "children": {
                                                "steps_from_proto": {
                                                    "total": 0.00015049999637994915,
                                                    "count": 1,
                                                    "is_parallel": true,
                                                    "self": 5.1700000767596066e-05,