{
    "name": "root",
    "metadata": {
        "timer_format_version": "0.1.0",
        "start_time_seconds": "1749692967",
        "python_version": "3.10.12 | packaged by Anaconda, Inc. | (main, Jul  5 2023, 19:01:18) [MSC v.1916 64 bit (AMD64)]",
        "command_line_arguments": "C:\\Users\\smsla\\anaconda3\\envs\\mlagents\\Scripts\\mlagents-learn config/250605.yaml --run-id=MyGrasp_250611 --resume --time-scale=8",
        "mlagents_version": "1.1.0",
        "mlagents_envs_version": "1.1.0",
        "communication_protocol_version": "1.5.0",
        "pytorch_version": "2.6.0+cu126",
        "numpy_version": "1.23.5",
        "end_time_seconds": "1749692987"
    },
    "total": 20.140312300005462,
    "count": 1,
    "self": 0.1628968000295572,
    "children": {
        "run_training.setup": {
            "total": 0.05320630001369864,
            "count": 1,
            "self": 0.05320630001369864
        },
        "TrainerController.start_learning": {
            "total": 19.924209199962206,
            "count": 1,
            "self": 0.001648099918384105,
            "children": {
                "TrainerController._reset_env": {
                    "total": 6.400109800044447,
                    "count": 1,
                    "self": 6.400109800044447
                },
                "TrainerController.advance": {
                    "total": 13.423189299996011,
                    "count": 84,
                    "self": 0.0010635005310177803,
                    "children": {
                        "env_step": {
                            "total": 13.29515869973693,
                            "count": 84,
                            "self": 13.180773399944883,
                            "children": {
                                "SubprocessEnvManager._take_step": {
                                    "total": 0.1137532998691313,
                                    "count": 84,
                                    "self": 0.0027698997873812914,
                                    "children": {
                                        "TorchPolicy.evaluate": {
                                            "total": 0.11098340008175,
                                            "count": 84,
                                            "self": 0.11098340008175
                                        }
                                    }
                                },
                                "workers": {
                                    "total": 0.0006319999229162931,
                                    "count": 83,
                                    "self": 0.0,
                                    "children": {
                                        "worker_root": {
                                            "total": 11.532310299924575,
                                            "count": 83,
                                            "is_parallel": true,
                                            "self": 1.0564063998754136,
                                            "children": {
                                                "steps_from_proto": {
                                                    "total": 0.00015730003360658884,
                                                    "count": 1,
                                                    "is_parallel": true,
                                                    "self": 5.080003757029772e-05,
                                                    "children": {
                                                        "_process_rank_one_or_two_observation": {
                                                            "total": 0.00010649999603629112,
                                                            "count": 2,
                                                            "is_parallel": true,
                                                            "self": 0.00010649999603629112
                                                        }
                                                    }
                                                },
                                                "UnityEnvironment.step": {
                                                    "total": 10.475746600015555,
                                                    "count": 83,
                                                    "is_parallel": true,
                                                    "self": 0.004221699375193566,
                                                    "children": {
                                                        "UnityEnvironment._generate_step_input": {
                                                            "total": 0.0028582001104950905,
                                                            "count": 83,
                                                            "is_parallel": true,
                                                            "self": 0.0028582001104950905
                                                        },
                                                        "communicator.exchange": {
                                                            "total": 10.459680600266438,
                                                            "count": 83,
                                                            "is_parallel": true,
                                                            "self": 10.459680600266438
                                                        },
                                                        "steps_from_proto": {
                                                            "total": 0.008986100263427943,
                                                            "count": 83,
                                                            "is_parallel": true,
                                                            "self": 0.003281199838966131,
                                                            "children": {
                                                                "_process_rank_one_or_two_observation": {
                                                                    "total": 0.005704900424461812,
                                                                    "count": 166,
                                                                    "is_parallel": true,
                                                                    "self": 0.005704900424461812
                                                                }
                                                            }
                                                        }
                                                    }
                                                }
                                            }
                                        }
                                    }
                                }
                            }
                        },
                        "trainer_advance": {
                            "total": 0.12696709972806275,
                            "count": 83,
                            "self": 0.001067399571184069,
                            "children": {
                                "process_trajectory": {
                                    "total": 0.12589970015687868,
                                    "count": 83,
                                    "self": 0.12589970015687868
                                }
                            }
                        }
                    }
                },
                "trainer_threads": {
                    "total": 8.00006091594696e-07,
                    "count": 1,
                    "self": 8.00006091594696e-07
                },
                "TrainerController._save_models": {
                    "total": 0.09926119999727234,
                    "count": 1,
                    "self": 0.005995200015604496,