{
    "name": "root",
    "gauges": {
        "MyGrasp.Policy.Entropy.mean": {
            "value": 1.4189385175704956,
            "min": 1.4189385175704956,
            "max": 1.4189385175704956,
            "count": 1
        },
        "MyGrasp.Policy.Entropy.sum": {
            "value": 14.189385414123535,
            "min": 14.189385414123535,
            "max": 14.189385414123535,
            "count": 1
        },
        "MyGrasp.IsTraining.mean": {
            "value": 1.0,
            "min": 1.0,
            "max": 1.0,
            "count": 1
        },
        "MyGrasp.IsTraining.sum": {
            "value": 1.0,
            "min": 1.0,
            "max": 1.0,
            "count": 1
        }
    },
    "metadata": {
        "timer_format_version": "0.1.0",
        "start_time_seconds": "1749690448",
        "python_version": "3.10.12 | packaged by Anaconda, Inc. | (main, Jul  5 2023, 19:01:18) [MSC v.1916 64 bit (AMD64)]",
        "command_line_arguments": "C:\\Users\\dudrj\\anaconda3\\envs\\mlagents\\Scripts\\mlagents-learn config/250605.yaml --run-id=MyGrasp_250611 --time-scale=1 --resume",
        "mlagents_version": "1.1.0",
        "mlagents_envs_version": "1.1.0",
        "communication_protocol_version": "1.5.0",
        "pytorch_version": "2.6.0+cu126",
        "numpy_version": "1.23.5",
        "end_time_seconds": "1749690545"
    },
    "total": 97.25992270000279,
    "count": 1,
    "self": 0.005109000005177222,
    "children": {
        "run_training.setup": {
            "total": 0.11421970000083093,
            "count": 1,
            "self": 0.11421970000083093
        },
        "TrainerController.start_learning": {
            "total": 97.14059399999678,
            "count": 1,
            "self": 0.0005156000115675852,
            "children": {
                "TrainerController._reset_env": {
                    "total": 7.952038699993864,
                    "count": 1,
                    "self": 7.952038699993864
                },
                "TrainerController.advance": {
                    "total": 89.1326463999867,
                    "count": 20,
                    "self": 0.00033779998193494976,
                    "children": {
                        "env_step": {
                            "total": 88.89082779998716,
                            "count": 20,
                            "self": 88.81314349993772,
                            "children": {
                                "SubprocessEnvManager._take_step": {
                                    "total": 0.07752140000229701,
                                    "count": 20,
                                    "self": 0.0009438999986741692,
                                    "children": {
                                        "TorchPolicy.evaluate": {
                                            "total": 0.07657750000362284,
                                            "count": 20,
                                            "self": 0.07657750000362284
                                        }
                                    }
                                },
                                "workers": {
                                    "total": 0.00016290004714392126,
                                    "count": 19,
                                    "self": 0.0,
                                    "children": {
                                        "worker_root": {
                                            "total": 24.538053500044043,
                                            "count": 19,
                                            "is_parallel": true,
                                            "self": 1.6040738000156125,
                                            "children": {
                                                "steps_from_proto": {
                                                    "total": 0.0011820000072475523,
                                                    "count": 1,
                                                    "is_parallel": true,
                                                    "self": 9.780000254977494e-05,
                                                    "children": {
                                                        "_process_rank_one_or_two_observation": {
                                                            "total": 0.0010842000046977773,
                                                            "count": 2,
                                                            "is_parallel": true,
                                                            "self": 0.0010842000046977773
                                                        }
                                                    }
                                                },
                                                "UnityEnvironment.step": {
                                                    "total": 22.932797700021183,
                                                    "count": 19,
                                                    "is_parallel": true,
                                                    "self": 0.001210599992191419,
                                                    "children": {
                                                        "UnityEnvironment._generate_step_input": {
                                                            "total": 0.0009544999775243923,
                                                            "count": 19,
                                                            "is_parallel": true,
                                                            "self": 0.0009544999775243923
                                                        },
                                                        "communicator.exchange": {
                                                            "total": 22.92809070002113,
                                                            "count": 19,
                                                            "is_parallel": true,
                                                            "self": 22.92809070002113
                                                        },
                                                        "steps_from_proto": {
                                                            "total": 0.002541900030337274,
                                                            "count": 19,
                                                            "is_parallel": true,
                                                            "self": 0.0009303000697400421,
                                                            "children": {
                                                                "_process_rank_one_or_two_observation": {
                                                                    "total": 0.001611599960597232,
                                                                    "count": 38,
                                                                    "is_parallel": true,
                                                                    "self": 0.001611599960597232
                                                                }
                                                            }
                                                        }
                                                    }
                                                }
                                            }
                                        }
                                    }
                                }
                            }
                        },
                        "trainer_advance": {
                            "total": 0.24148080001759809,
                            "count": 19,
                            "self": 0.0002705999941099435,