{"count":1,"self":4485.7643008,"total":6792.8973963,"children":{"InitializeActuators":{"count":8,"self":0.00099969999999999985,"total":0.00099969999999999985,"children":null},"InitializeSensors":{"count":8,"self":0.0009993,"total":0.0009993,"children":null},"AgentSendState":{"count":16329,"self":0.1809982,"total":2188.898366,"children":{"CollectObservations":{"count":16337,"self":2188.3721728,"total":2188.372258,"children":null},"WriteActionMask":{"count":16319,"self":0.027302299999999998,"total":0.027302299999999998,"children":null},"RequestDecision":{"count":16319,"self":0.1068908,"total":0.31780749999999997,"children":{"AgentInfo.ToProto":{"count":16319,"self":0.081157399999999991,"total":0.21091669999999998,"children":{"GenerateSensorData":{"count":16319,"self":0.1297593,"total":0.1297593,"children":null}}}}}}},"DecideAction":{"count":16311,"self":74.9569344,"total":74.956934699999991,"children":null},"AgentAct":{"count":16311,"self":43.190739199999996,"total":43.190737999999996,"children":null},"AgentInfo.ToProto":{"count":660,"self":0,"total":0.084970999999999991,"children":{"GenerateSensorData":{"count":660,"self":0.084970999999999991,"total":0.084970999999999991,"children":null}}}},"gauges":{"MyGrasp.CumulativeReward":{"count":660,"max":10,"min":0,"runningAverage":3.81212187,"value":5,"weightedAverage":3.73055625}},"metadata":{"timer_format_version":"0.1.0","start_time_seconds":"1747714268","unity_version":"6000.0.39f1","command_line_arguments":"C:\\Program Files\\Unity\\Hub\\Editor\\6000.0.39f1\\Editor\\Unity.exe -projectpath C:\\Users\\smsla\\MultiAgent -useHub -hubIPC -cloudEnvironment production","communication_protocol_version":"1.5.0","com.unity.ml-agents_version":"3.0.0","scene_name":"ML","end_time_seconds":"1747721061"}}