{"count":1,"self":16545.642905599998,"total":55763.9511822,"children":{"InitializeActuators":{"count":24,"self":0.0010042,"total":0.0010042,"children":null},"InitializeSensors":{"count":24,"self":0.0005344,"total":0.0005344,"children":null},"AgentSendState":{"count":500055,"self":5.3158308,"total":29425.658781399998,"children":{"CollectObservations":{"count":500031,"self":29408.149503999997,"total":29408.149231699997,"children":null},"WriteActionMask":{"count":500031,"self":0.7108964,"total":0.7108964,"children":null},"RequestDecision":{"count":500031,"self":3.1611428,"total":11.4828224,"children":{"AgentInfo.ToProto":{"count":500031,"self":1.8889917999999999,"total":8.3216796999999989,"children":{"GenerateSensorData":{"count":500031,"self":6.432688,"total":6.4326878999999995,"children":null}}}}}}},"DecideAction":{"count":500055,"self":3753.1688959999997,"total":3753.1687207,"children":null},"AgentAct":{"count":500055,"self":6036.9612799999995,"total":6036.9612754,"children":null},"AgentInfo.ToProto":{"count":20473,"self":0.07256979999999999,"total":2.5172098999999997,"children":{"GenerateSensorData":{"count":20473,"self":2.4446399999999997,"total":2.4446401,"children":null}}}},"gauges":{"MyGrasp.CumulativeReward":{"count":20473,"max":33,"min":0,"runningAverage":14.5090437,"value":17,"weightedAverage":19.18493}},"metadata":{"timer_format_version":"0.1.0","start_time_seconds":"1750743001","unity_version":"6000.0.30f1","command_line_arguments":"C:\\Program Files\\Unity\\Hub\\Editor\\6000.0.30f1\\Editor\\Unity.exe -projectpath C:\\Users\\smsla\\MultiAgent -useHub -hubIPC -cloudEnvironment production","communication_protocol_version":"1.5.0","com.unity.ml-agents_version":"3.0.0","scene_name":"ML","end_time_seconds":"1750798765"}}