INPUT,0.361653983592987,0.0319136492908001,0.733932197093964,1.04910683631897,3.13947105407715,1.40277791023254,K,12
OUTPUT,NaN,NaN,NaN,NaN,NaN,NaN

INPUT,0.366155833005905,0.0316380262374878,0.745270013809204,0.999947965145111,3.13917589187622,1.39093887805939,K,13
OUTPUT,NaN,NaN,NaN,NaN,NaN,NaN

INPUT,0.370657682418823,0.0313624069094658,0.7566077709198,0.957520246505737,3.13888025283813,1.38575303554535,K,14
OUTPUT,NaN,NaN,NaN,NaN,NaN,NaN

INPUT,0.375159531831741,0.0310867875814438,0.76794558763504,0.91987156867981,3.13858556747437,1.38524281978607,K,15
OUTPUT,NaN,NaN,NaN,NaN,NaN,NaN

INPUT,0.379211217164993,0.0308387279510498,0.778149545192719,0.88902485370636,3.13832092285156,1.38771164417267,K,16
OUTPUT,NaN,NaN,NaN,NaN,NaN,NaN

INPUT,0.382362514734268,0.0306457933038473,0.786086022853851,0.866595089435577,3.13811612129211,1.39111030101776,K,17
OUTPUT,NaN,NaN,NaN,NaN,NaN,NaN

INPUT,0.384613424539566,0.0305079836398363,0.791754901409149,0.851272881031036,3.13797044754028,1.39418745040894,K,18
OUTPUT,NaN,NaN,NaN,NaN,NaN,NaN

INPUT,0.385963976383209,0.0304252970963717,0.795156240463257,0.842327535152435,3.13788342475891,1.39626026153564,K,19
OUTPUT,NaN,NaN,NaN,NaN,NaN,NaN

INPUT,0.386414170265198,0.0303977355360985,0.796290040016174,0.839384257793427,3.13785433769226,1.39698600769043,K,20
OUTPUT,NaN,NaN,NaN,NaN,NaN,NaN

INPUT,0.367766797542572,0.0392117537558079,0.721115529537201,-2.41934514045715,3.06928277015686,-1.82460105419159,K,11
OUTPUT,NaN,NaN,NaN,NaN,NaN,NaN

INPUT,0.37351667881012,0.0397621653974056,0.732280731201172,-2.45350050926208,3.06117391586304,-1.78873860836029,K,12
OUTPUT,NaN,NaN,NaN,NaN,NaN,NaN

INPUT,0.379266530275345,0.0403125770390034,0.743445932865143,-2.48782277107239,3.05316352844238,-1.75302040576935,K,13
OUTPUT,NaN,NaN,NaN,NaN,NaN,NaN

INPUT,0.38501638174057,0.0408629886806011,0.754611134529114,-2.52227258682251,3.04526138305664,-1.717404961586,K,14
OUTPUT,NaN,NaN,NaN,NaN,NaN,NaN

INPUT,0.390766233205795,0.0414134003221989,0.765776336193085,-2.55682349205017,3.03747749328613,-1.68186414241791,K,15
OUTPUT,NaN,NaN,NaN,NaN,NaN,NaN

INPUT,0.395941108465195,0.0419087707996368,0.775825023651123,-2.58799004554749,3.03058052062988,-1.64992415904999,K,16
OUTPUT,NaN,NaN,NaN,NaN,NaN,NaN

INPUT,0.39996600151062,0.0422940589487553,0.783640682697296,-2.61227059364319,3.02529239654541,-1.62510526180267,K,17
OUTPUT,NaN,NaN,NaN,NaN,NaN,NaN

INPUT,0.402840942144394,0.0425692647695541,0.789223313331604,-2.62963271141052,3.02155780792236,-1.60738718509674,K,18
OUTPUT,NaN,NaN,NaN,NaN,NaN,NaN

INPUT,0.404565900564194,0.0427343882620335,0.792572855949402,-2.64005708694458,3.01933455467224,-1.59675967693329,K,19
OUTPUT,NaN,NaN,NaN,NaN,NaN,NaN

INPUT,0.40514087677002,0.0427894294261932,0.793689370155334,-2.6435329914093,3.01859641075134,-1.59321773052216,K,20
OUTPUT,NaN,NaN,NaN,NaN,NaN,NaN

INPUT,0.356656193733215,0.0294214393943548,0.733823180198669,0.629316806793213,3.1102876663208,1.42702615261078,K,12
OUTPUT,NaN,NaN,NaN,NaN,NaN,NaN

INPUT,0.360630005598068,0.0288831330835819,0.745152533054352,0.585353374481201,3.1071035861969,1.46702885627747,K,13
OUTPUT,NaN,NaN,NaN,NaN,NaN,NaN

INPUT,0.364603847265244,0.028344826772809,0.756481826305389,0.541719675064087,3.10398030281067,1.50736570358276,K,14
OUTPUT,NaN,NaN,NaN,NaN,NaN,NaN

INPUT,0.368577659130096,0.0278065204620361,0.767811179161072,0.498334050178528,3.10092329978943,1.54795551300049,K,15
OUTPUT,NaN,NaN,NaN,NaN,NaN,NaN

INPUT,0.372154086828232,0.027322044596076,0.778007566928864,0.459451496601105,3.09823298454285,1.58465528488159,K,16
OUTPUT,NaN,NaN,NaN,NaN,NaN,NaN

INPUT,0.374935775995255,0.0269452314823866,0.785938143730164,0.429296493530273,3.09618330001831,1.61328959465027,K,17
OUTPUT,NaN,NaN,NaN,NaN,NaN,NaN

INPUT,0.37692266702652,0.0266760773956776,0.791602790355682,0.407796740531921,3.09474301338196,1.63378393650055,K,18
OUTPUT,NaN,NaN,NaN,NaN,NaN,NaN

INPUT,0.378114819526672,0.0265145860612392,0.795001626014709,0.394911110401154,3.09388852119446,1.64609527587891,K,19
OUTPUT,NaN,NaN,NaN,NaN,NaN,NaN

INPUT,0.37851220369339,0.0264607556164265,0.796134531497955,0.390618085861206,3.09360551834106,1.65020132064819,K,20
OUTPUT,NaN,NaN,NaN,NaN,NaN,NaN

INPUT,0.339549273252487,0.0217840168625116,0.741489946842194,0.605798721313477,3.00119805335999,1.53597688674927,K,13
OUTPUT,NaN,NaN,NaN,NaN,NaN,NaN

INPUT,0.341517388820648,0.0205701142549515,0.752466797828674,0.560996115207672,2.98887228965759,1.58007073402405,K,14
OUTPUT,NaN,NaN,NaN,NaN,NaN,NaN

INPUT,0.343485474586487,0.0193562116473913,0.763443648815155,0.516204297542572,2.97684717178345,1.62425827980042,K,15
OUTPUT,NaN,NaN,NaN,NaN,NaN,NaN

INPUT,0.345256775617599,0.0182636976242065,0.773322820663452,0.475889414548874,2.96630167961121,1.66409933567047,K,16
OUTPUT,NaN,NaN,NaN,NaN,NaN,NaN

INPUT,0.346634417772293,0.017413966357708,0.781006634235382,0.444526851177216,2.95829248428345,1.69513046741486,K,17
OUTPUT,NaN,NaN,NaN,NaN,NaN,NaN

INPUT,0.347618490457535,0.0168070141226053,0.786495089530945,0.422119528055191,2.95267987251282,1.71731805801392,K,18
OUTPUT,NaN,NaN,NaN,NaN,NaN,NaN

INPUT,0.348208904266357,0.0164428446441889,0.789788126945496,0.408672511577606,2.94935703277588,1.73063933849335,K,19
OUTPUT,NaN,NaN,NaN,NaN,NaN,NaN

INPUT,0.348405718803406,0.0163214541971684,0.790885806083679,0.404189765453339,2.9482569694519,1.7350811958313,K,20
OUTPUT,NaN,NaN,NaN,NaN,NaN,NaN

INPUT,0.357980310916901,0.031570490449667,0.732997834682465,1.05143868923187,3.11663675308228,1.39349234104156,K,12
OUTPUT,NaN,NaN,NaN,NaN,NaN,NaN

INPUT,0.362095385789871,0.0312588438391685,0.744237124919891,1.03076207637787,3.11395931243896,1.40890657901764,K,13
OUTPUT,NaN,NaN,NaN,NaN,NaN,NaN

INPUT,0.366210430860519,0.0309471990913153,0.755476355552673,1.01058828830719,3.1112961769104,1.42475402355194,K,14
OUTPUT,NaN,NaN,NaN,NaN,NaN,NaN

INPUT,0.370325475931168,0.0306355524808168,0.7667156457901,0.99081414937973,3.10864949226379,1.44090867042542,K,15
OUTPUT,NaN,NaN,NaN,NaN,NaN,NaN

INPUT,0.374029040336609,0.0303550716489553,0.776831030845642,0.973301887512207,3.10628366470337,1.45563423633575,K,16
OUTPUT,NaN,NaN,NaN,NaN,NaN,NaN

INPUT,0.376909583806992,0.0301369186490774,0.78469854593277,0.95984411239624,3.10445547103882,1.46717524528503,K,17
OUTPUT,NaN,NaN,NaN,NaN,NaN,NaN

INPUT,0.378967106342316,0.0299810953438282,0.790318191051483,0.950311064720154,3.10315656661987,1.47545373439789,K,18
OUTPUT,NaN,NaN,NaN,NaN,NaN,NaN

INPUT,0.380201607942581,0.0298876017332077,0.793689966201782,0.944621384143829,3.10238003730774,1.48043167591095,K,19
OUTPUT,NaN,NaN,NaN,NaN,NaN,NaN

INPUT,0.38061311841011,0.0298564378172159,0.794813871383667,0.942729711532593,3.10212159156799,1.48209261894226,K,20
OUTPUT,NaN,NaN,NaN,NaN,NaN,NaN

INPUT,0.368151605129242,0.0385028533637524,0.715698778629303,-2.41570329666138,3.0689742565155,-1.83682203292847,K,4
OUTPUT,NaN,NaN,NaN,NaN,NaN,NaN

INPUT,0.377372264862061,0.0393272489309311,0.731089234352112,-2.47504901885986,3.05513000488281,-1.77148640155792,K,5
OUTPUT,NaN,NaN,NaN,NaN,NaN,NaN

INPUT,0.386592954397202,0.0401516444981098,0.746479690074921,-2.53525066375732,3.04162096977234,-1.70693278312683,K,6
OUTPUT,NaN,NaN,NaN,NaN,NaN,NaN

INPUT,0.393764585256577,0.0407928377389908,0.758450090885162,-2.58246660232544,3.03137969970703,-1.6570600271225,K,7
OUTPUT,NaN,NaN,NaN,NaN,NaN,NaN

INPUT,0.398887157440186,0.0412508361041546,0.767000317573547,-2.61634922027588,3.02422189712524,-1.62156057357788,K,8
OUTPUT,NaN,NaN,NaN,NaN,NaN,NaN

INPUT,0.401960730552673,0.0415256358683109,0.772130489349365,-2.63673114776611,3.01999402046204,-1.60029935836792,K,9
OUTPUT,NaN,NaN,NaN,NaN,NaN,NaN

INPUT,0.361404687166214,0.0344883650541306,0.726618528366089,1.34707260131836,3.1370165348053,1.81942307949066,K,4
OUTPUT,NaN,NaN,NaN,NaN,NaN,NaN

INPUT,0.367636799812317,0.0344640351831913,0.740162968635559,1.20157814025879,3.13601207733154,1.75932228565216,K,5
OUTPUT,NaN,NaN,NaN,NaN,NaN,NaN

INPUT,0.373868882656097,0.034439705312252,0.753707468509674,1.08783686161041,3.13497710227966,1.73097503185272,K,6
OUTPUT,NaN,NaN,NaN,NaN,NaN,NaN

INPUT,0.378716051578522,0.0344207845628262,0.764242053031921,1.01335155963898,3.1341655254364,1.72270846366882,K,7
OUTPUT,NaN,NaN,NaN,NaN,NaN,NaN

INPUT,0.38217830657959,0.0344072692096233,0.771766722202301,0.965480744838715,3.13358664512634,1.72194242477417,K,8
OUTPUT,NaN,NaN,NaN,NaN,NaN,NaN

INPUT,0.384255677461624,0.0343991592526436,0.776281535625458,0.938472270965576,3.13324069976807,1.72309446334839,K,9
OUTPUT,NaN,NaN,NaN,NaN,NaN,NaN

INPUT,0.358520358800888,0.0351627469062805,0.724007964134216,0.549974262714386,3.12533831596375,1.31624841690063,K,4
OUTPUT,NaN,NaN,NaN,NaN,NaN,NaN

INPUT,0.36457684636116,0.0352588444948196,0.737587332725525,0.471119493246078,3.12211871147156,1.37532138824463,K,5
OUTPUT,NaN,NaN,NaN,NaN,NaN,NaN

INPUT,0.370633333921432,0.0353549420833588,0.751166760921478,0.395040512084961,3.11899018287659,1.43717432022095,K,6
OUTPUT,NaN,NaN,NaN,NaN,NaN,NaN

INPUT,0.375343918800354,0.0354296825826168,0.761728525161743,0.337081402540207,3.11662983894348,1.48649883270264,K,7
OUTPUT,NaN,NaN,NaN,NaN,NaN,NaN

INPUT,0.378708630800247,0.0354830697178841,0.76927262544632,0.296144485473633,3.11498737335205,1.52219498157501,K,8
OUTPUT,NaN,NaN,NaN,NaN,NaN,NaN

INPUT,0.380727469921112,0.0355151034891605,0.773799061775208,0.2717305123806,3.11402034759521,1.5437616109848,K,9
OUTPUT,NaN,NaN,NaN,NaN,NaN,NaN

INPUT,0.359115719795227,0.0330847129225731,0.724001109600067,0.619250059127808,3.13018012046814,1.30924606323242,K,4
OUTPUT,NaN,NaN,NaN,NaN,NaN,NaN

INPUT,0.365237951278687,0.0328070744872093,0.737537860870361,0.538728773593903,3.12775921821594,1.35292267799377,K,5
OUTPUT,NaN,NaN,NaN,NaN,NaN,NaN

INPUT,0.371360212564468,0.0325294397771358,0.7510746717453,0.463654428720474,3.12538838386536,1.4020482301712,K,6
OUTPUT,NaN,NaN,NaN,NaN,NaN,NaN

INPUT,0.376121938228607,0.0323134995996952,0.76160329580307,0.407599568367004,3.12358570098877,1.44259476661682,K,7
OUTPUT,NaN,NaN,NaN,NaN,NaN,NaN

INPUT,0.379523187875748,0.0321592539548874,0.769123733043671,0.36844003200531,3.12232279777527,1.47243738174438,K,8
OUTPUT,NaN,NaN,NaN,NaN,NaN,NaN

INPUT,0.381563931703568,0.032066710293293,0.773635983467102,0.345224440097809,3.12157583236694,1.4906233549118,K,9
OUTPUT,NaN,NaN,NaN,NaN,NaN,NaN

INPUT,0.35861611366272,0.0319461636245251,0.723673105239868,1.15292763710022,3.1294059753418,1.52220284938812,K,4
OUTPUT,NaN,NaN,NaN,NaN,NaN,NaN

INPUT,0.364648818969727,0.0314786247909069,0.737178981304169,1.08626103401184,3.12705016136169,1.52211153507233,K,5
OUTPUT,NaN,NaN,NaN,NaN,NaN,NaN

INPUT,0.370681494474411,0.0310110859572887,0.750684857368469,1.02889597415924,3.12469911575317,1.53132283687592,K,6
OUTPUT,NaN,NaN,NaN,NaN,NaN,NaN

INPUT,0.375373601913452,0.0306474436074495,0.76118940114975,0.98852413892746,3.12288117408752,1.54263913631439,K,7
OUTPUT,NaN,NaN,NaN,NaN,NaN,NaN

INPUT,0.378725111484528,0.0303876996040344,0.768692672252655,0.961367189884186,3.12159132957458,1.5523099899292,K,8
OUTPUT,NaN,NaN,NaN,NaN,NaN,NaN

INPUT,0.380735993385315,0.0302318539470434,0.77319461107254,0.945627748966217,3.12082195281982,1.55861866474152,K,9
OUTPUT,NaN,NaN,NaN,NaN,NaN,NaN

INPUT,0.362185746431351,0.0321459025144577,0.725516736507416,1.60678386688232,3.14001703262329,1.93852591514587,K,4
OUTPUT,NaN,NaN,NaN,NaN,NaN,NaN

INPUT,0.368612378835678,0.0316978804767132,0.738956809043884,1.2757979631424,3.13955426216125,1.66741442680359,K,5
OUTPUT,NaN,NaN,NaN,NaN,NaN,NaN

INPUT,0.375039011240005,0.0312498603016138,0.752396821975708,1.0660697221756,3.13898015022278,1.51756048202515,K,6
OUTPUT,NaN,NaN,NaN,NaN,NaN,NaN

INPUT,0.380037486553192,0.030901400372386,0.762850165367126,0.951223373413086,3.1384973526001,1.44921445846558,K,7
OUTPUT,NaN,NaN,NaN,NaN,NaN,NaN

INPUT,0.38360783457756,0.0306524988263845,0.77031683921814,0.885258734226227,3.13814210891724,1.41639697551727,K,8
OUTPUT,NaN,NaN,NaN,NaN,NaN,NaN

INPUT,0.38575005531311,0.0305031575262547,0.774796843528748,0.850363314151764,3.13792657852173,1.40135419368744,K,9
OUTPUT,NaN,NaN,NaN,NaN,NaN,NaN

INPUT,0.363028049468994,0.0291396472603083,0.738001346588135,0.591336667537689,3.10733675956726,1.47617721557617,K,5
OUTPUT,NaN,NaN,NaN,NaN,NaN,NaN

INPUT,0.36892169713974,0.0283067505806684,0.751737594604492,0.518001556396484,3.10223007202148,1.53773736953735,K,6
OUTPUT,NaN,NaN,NaN,NaN,NaN,NaN

INPUT,0.373505651950836,0.0276589430868626,0.762421309947968,0.461906492710114,3.09838008880615,1.58657002449036,K,7
OUTPUT,NaN,NaN,NaN,NaN,NaN,NaN

INPUT,0.376779913902283,0.0271962229162455,0.770052552223206,0.422204405069351,3.0957019329071,1.621821641922,K,8
OUTPUT,NaN,NaN,NaN,NaN,NaN,NaN

INPUT,0.378744453191757,0.0269185900688171,0.774631321430206,0.398501545190811,3.09412574768066,1.64309298992157,K,9
OUTPUT,NaN,NaN,NaN,NaN,NaN,NaN

INPUT,0.364334493875504,0.031672015786171,0.737183153629303,1.05310082435608,3.11383676528931,1.43233835697174,K,5
OUTPUT,NaN,NaN,NaN,NaN,NaN,NaN

INPUT,0.370361745357513,0.0312483068555593,0.750735819339752,1.01073265075684,3.10959053039551,1.4477196931839,K,6
OUTPUT,NaN,NaN,NaN,NaN,NaN,NaN

INPUT,0.375049591064453,0.0309187546372414,0.76127678155899,0.980059564113617,3.10630750656128,1.46190369129181,K,7
OUTPUT,NaN,NaN,NaN,NaN,NaN,NaN

INPUT,0.378398060798645,0.0306833609938622,0.768806040287018,0.959067940711975,3.1039764881134,1.4728935956955,K,8
OUTPUT,NaN,NaN,NaN,NaN,NaN,NaN

INPUT,0.380407154560089,0.0305421240627766,0.773323595523834,0.946779549121857,3.10258436203003,1.47976267337799,K,9
OUTPUT,NaN,NaN,NaN,NaN,NaN,NaN

INPUT,0.34671676158905,0.0205520838499069,0.75053882598877,0.515910983085632,2.97746539115906,1.619912981987,K,6
OUTPUT,NaN,NaN,NaN,NaN,NaN,NaN

INPUT,0.349001377820969,0.0193623434752226,0.7596036195755,0.467139363288879,2.96440577507019,1.6703325510025,K,7
OUTPUT,NaN,NaN,NaN,NaN,NaN,NaN

INPUT,0.350633263587952,0.0185125283896923,0.766078531742096,0.432198375463486,2.95534133911133,1.70631146430969,K,8
OUTPUT,NaN,NaN,NaN,NaN,NaN,NaN

INPUT,0.351612389087677,0.0180026404559612,0.769963443279266,0.411196351051331,2.9500138759613,1.72788965702057,K,9
OUTPUT,NaN,NaN,NaN,NaN,NaN,NaN

INPUT,0.36231318116188,0.0384391471743584,0.733216226100922,-2.55535912513733,3.1329927444458,-1.71745681762695,K,12
OUTPUT,NaN,NaN,NaN,NaN,NaN,NaN

INPUT,0.366884142160416,0.0388505086302757,0.744478464126587,-2.59343528747559,3.13223791122437,-1.66735315322876,K,13
OUTPUT,NaN,NaN,NaN,NaN,NaN,NaN

INPUT,0.371455073356628,0.0392618626356125,0.755740702152252,-2.63240075111389,3.13150119781494,-1.61813807487488,K,14
OUTPUT,NaN,NaN,NaN,NaN,NaN,NaN

INPUT,0.376026004552841,0.0396732203662395,0.767002940177917,-2.67205572128296,3.13078379631042,-1.56961238384247,K,15
OUTPUT,NaN,NaN,NaN,NaN,NaN,NaN

INPUT,0.380139857530594,0.040043443441391,0.777138948440552,-2.70821475982666,3.13015580177307,-1.52640843391418,K,16
OUTPUT,NaN,NaN,NaN,NaN,NaN,NaN

INPUT,0.383339524269104,0.0403313934803009,0.785022556781769,-2.73659205436707,3.12967991828918,-1.49305903911591,K,17
OUTPUT,NaN,NaN,NaN,NaN,NaN,NaN

INPUT,0.385625004768372,0.0405370742082596,0.790653645992279,-2.75697898864746,3.1293466091156,-1.46935498714447,K,18
OUTPUT,NaN,NaN,NaN,NaN,NaN,NaN

INPUT,0.386996269226074,0.0406604818999767,0.794032335281372,-2.76925349235535,3.12914967536926,-1.4551750421524,K,19
OUTPUT,NaN,NaN,NaN,NaN,NaN,NaN

INPUT,0.387453377246857,0.0407016165554523,0.795158565044403,-2.77335143089294,3.12908434867859,-1.45045495033264,K,20
OUTPUT,NaN,NaN,NaN,NaN,NaN,NaN

INPUT,0.359339356422424,0.0405255109071732,0.722283184528351,-2.20042657852173,3.12007546424866,-1.63773560523987,K,11
OUTPUT,NaN,NaN,NaN,NaN,NaN,NaN

INPUT,0.364098250865936,0.0412308275699615,0.73358416557312,-2.23010873794556,3.11770510673523,-1.60123753547668,K,12
OUTPUT,NaN,NaN,NaN,NaN,NaN,NaN

INPUT,0.368857145309448,0.0419361405074596,0.744885146617889,-2.26040458679199,3.11536049842834,-1.56535112857819,K,13
OUTPUT,NaN,NaN,NaN,NaN,NaN,NaN

INPUT,0.373616009950638,0.042641457170248,0.756186068058014,-2.29115772247314,3.11304473876953,-1.52991986274719,K,14
OUTPUT,NaN,NaN,NaN,NaN,NaN,NaN

INPUT,0.37837490439415,0.0433467738330364,0.767487108707428,-2.32226085662842,3.110759973526,-1.49483668804169,K,15
OUTPUT,NaN,NaN,NaN,NaN,NaN,NaN

INPUT,0.382657885551453,0.043981559574604,0.777657985687256,-2.35048961639404,3.10873222351074,-1.46349573135376,K,16
OUTPUT,NaN,NaN,NaN,NaN,NaN,NaN

INPUT,0.385989129543304,0.0444752797484398,0.785568654537201,-2.37257218360901,3.10717535018921,-1.43924462795258,K,17
OUTPUT,NaN,NaN,NaN,NaN,NaN,NaN

INPUT,0.388368546962738,0.044827938079834,0.791219115257263,-2.38840341567993,3.10607433319092,-1.42198002338409,K,18
OUTPUT,NaN,NaN,NaN,NaN,NaN,NaN

INPUT,0.389796227216721,0.0450395345687866,0.794609427452087,-2.39792323112488,3.10541844367981,-1.41164207458496,K,19
OUTPUT,NaN,NaN,NaN,NaN,NaN,NaN

INPUT,0.390272110700607,0.0451100654900074,0.795739531517029,-2.40109992027283,3.10520052909851,-1.40819931030273,K,20
OUTPUT,NaN,NaN,NaN,NaN,NaN,NaN

INPUT,0.352909117937088,0.0293475110083818,0.731946706771851,0.86456823348999,3.11839056015015,1.57531940937042,K,12
OUTPUT,NaN,NaN,NaN,NaN,NaN,NaN

INPUT,0.356489717960358,0.0288016721606255,0.743076741695404,0.824103176593781,3.11599230766296,1.60965728759766,K,13
OUTPUT,NaN,NaN,NaN,NaN,NaN,NaN

INPUT,0.360070317983627,0.0282558333128691,0.754206836223602,0.78415858745575,3.11362981796265,1.64451789855957,K,14
OUTPUT,NaN,NaN,NaN,NaN,NaN,NaN

INPUT,0.363650918006897,0.0277099926024675,0.765336871147156,0.744606077671051,3.11130619049072,1.67977297306061,K,15
OUTPUT,NaN,NaN,NaN,NaN,NaN,NaN

INPUT,0.366873443126678,0.0272187385708094,0.775353908538818,0.709269404411316,3.10925078392029,1.71176540851593,K,16
OUTPUT,NaN,NaN,NaN,NaN,NaN,NaN

INPUT,0.369379878044128,0.0268366504460573,0.783144950866699,0.681923627853394,3.1076774597168,1.73678839206696,K,17
OUTPUT,NaN,NaN,NaN,NaN,NaN,NaN

INPUT,0.371170163154602,0.0265637300908566,0.788709998130798,0.662453949451447,3.10656785964966,1.75472569465637,K,18
OUTPUT,NaN,NaN,NaN,NaN,NaN,NaN

INPUT,0.372244328260422,0.0263999793678522,0.792048990726471,0.650794863700867,3.10590791702271,1.76551103591919,K,19
OUTPUT,NaN,NaN,NaN,NaN,NaN,NaN

INPUT,0.37260240316391,0.026345394551754,0.793161988258362,0.646911978721619,3.10568881034851,1.76910984516144,K,20
OUTPUT,NaN,NaN,NaN,NaN,NaN,NaN

INPUT,0.367955774068832,0.0413493439555168,0.731862425804138,-2.26612830162048,3.11555027961731,-1.59990763664246,K,5
OUTPUT,NaN,NaN,NaN,NaN,NaN,NaN

INPUT,0.375796288251877,0.0425264686346054,0.747662961483002,-2.31243419647217,3.11173272132874,-1.52861475944519,K,6
OUTPUT,NaN,NaN,NaN,NaN,NaN,NaN

INPUT,0.381894469261169,0.0434420108795166,0.759952247142792,-2.3504433631897,3.10883140563965,-1.47515368461609,K,7
OUTPUT,NaN,NaN,NaN,NaN,NaN,NaN

INPUT,0.38625031709671,0.0440959706902504,0.768730342388153,-2.37837553024292,3.10679984092712,-1.43774735927582,K,8
OUTPUT,NaN,NaN,NaN,NaN,NaN,NaN

INPUT,0.388863801956177,0.0444883443415165,0.773997187614441,-2.3953902721405,3.10559821128845,-1.41555798053741,K,9
OUTPUT,NaN,NaN,NaN,NaN,NaN,NaN

INPUT,0.362841814756393,0.0381905063986778,0.725080728530884,-2.57927870750427,3.1323447227478,-1.79228007793427,K,4
OUTPUT,NaN,NaN,NaN,NaN,NaN,NaN

INPUT,0.369294852018356,0.0388313755393028,0.73833703994751,-2.62592720985413,3.13141298294067,-1.69707417488098,K,5
OUTPUT,NaN,NaN,NaN,NaN,NaN,NaN

INPUT,0.375747919082642,0.0394722446799278,0.751593351364136,-2.67656373977661,3.13052749633789,-1.60585558414459,K,6
OUTPUT,NaN,NaN,NaN,NaN,NaN,NaN

INPUT,0.380766957998276,0.0399706959724426,0.761903822422028,-2.71801590919495,3.12987446784973,-1.53697574138641,K,7
OUTPUT,NaN,NaN,NaN,NaN,NaN,NaN

INPUT,0.384351968765259,0.0403267331421375,0.769268453121185,-2.74850797653198,3.12942838668823,-1.48865878582001,K,8
OUTPUT,NaN,NaN,NaN,NaN,NaN,NaN

INPUT,0.386502981185913,0.0405403561890125,0.773687183856964,-2.76710605621338,3.12916922569275,-1.45997130870819,K,9
OUTPUT,NaN,NaN,NaN,NaN,NaN,NaN

INPUT,0.358513593673706,0.0290825702250004,0.735558867454529,0.837708055973053,3.11610269546509,1.62609791755676,K,5
OUTPUT,NaN,NaN,NaN,NaN,NaN,NaN

INPUT,0.363791793584824,0.028252961114049,0.749100625514984,0.767056405544281,3.11225843429565,1.67561113834381,K,6
OUTPUT,NaN,NaN,NaN,NaN,NaN,NaN

INPUT,0.367897063493729,0.027607711032033,0.759633123874664,0.713825166225433,3.10933923721313,1.71584594249725,K,7
OUTPUT,NaN,NaN,NaN,NaN,NaN,NaN

INPUT,0.370829403400421,0.0271468181163073,0.767156302928925,0.676472306251526,3.10729622840881,1.74525713920593,K,8
OUTPUT,NaN,NaN,NaN,NaN,NaN,NaN

INPUT,0.372588783502579,0.0268702823668718,0.77167022228241,0.654277920722961,3.10608839988708,1.76312243938446,K,9
OUTPUT,NaN,NaN,NaN,NaN,NaN,NaN

INPUT,0.363680720329285,0.0430981479585171,0.721102833747864,-2.21960783004761,3.08286142349243,-1.69587588310242,K,11
OUTPUT,NaN,NaN,NaN,NaN,NaN,NaN

INPUT,0.368948578834534,0.0441053956747055,0.732268929481506,-2.24902319908142,3.07623052597046,-1.66365599632263,K,12
OUTPUT,NaN,NaN,NaN,NaN,NaN,NaN

INPUT,0.374216437339783,0.0451126396656036,0.743435025215149,-2.2787024974823,3.06966114044189,-1.63168680667877,K,13
OUTPUT,NaN,NaN,NaN,NaN,NaN,NaN

INPUT,0.379484295845032,0.0461198836565018,0.754601061344147,-2.30857968330383,3.06316041946411,-1.59990119934082,K,14
OUTPUT,NaN,NaN,NaN,NaN,NaN,NaN

INPUT,0.384752124547958,0.0471271313726902,0.765767157077789,-2.33861017227173,3.05673384666443,-1.56825280189514,K,15
OUTPUT,NaN,NaN,NaN,NaN,NaN,NaN

INPUT,0.389493197202682,0.0480336509644985,0.77581661939621,-2.36574220657349,3.05101871490479,-1.53985977172852,K,16
OUTPUT,NaN,NaN,NaN,NaN,NaN,NaN

INPUT,0.393180698156357,0.0487387254834175,0.783632874488831,-2.38690185546875,3.04662156105042,-1.51782357692719,K,17
OUTPUT,NaN,NaN,NaN,NaN,NaN,NaN

INPUT,0.395814627408981,0.0492423474788666,0.789215922355652,-2.40204286575317,3.04350757598877,-1.50210464000702,K,18
OUTPUT,NaN,NaN,NaN,NaN,NaN,NaN

INPUT,0.397394984960556,0.049544520676136,0.792565703392029,-2.41113686561584,3.04165053367615,-1.49268066883087,K,19
OUTPUT,NaN,NaN,NaN,NaN,NaN,NaN

INPUT,0.397921770811081,0.0496452450752258,0.793682336807251,-2.4141697883606,3.04103326797485,-1.48954057693481,K,20
OUTPUT,NaN,NaN,NaN,NaN,NaN,NaN

INPUT,0.350504755973816,0.0324800796806812,0.732632279396057,0.528270542621613,3.09468340873718,1.39453017711639,K,12
OUTPUT,NaN,NaN,NaN,NaN,NaN,NaN

INPUT,0.353831142187119,0.0322637446224689,0.743835926055908,0.481489628553391,3.09001064300537,1.43895351886749,K,13
OUTPUT,NaN,NaN,NaN,NaN,NaN,NaN

INPUT,0.357157528400421,0.0320474058389664,0.755039513111115,0.434897363185883,3.08544492721558,1.48357605934143,K,14
OUTPUT,NaN,NaN,NaN,NaN,NaN,NaN

INPUT,0.360483914613724,0.0318310670554638,0.766243100166321,0.3884457051754,3.08099603652954,1.5283510684967,K,15
OUTPUT,NaN,NaN,NaN,NaN,NaN,NaN

INPUT,0.363477647304535,0.0316363610327244,0.776326358318329,0.346731632947922,3.07709932327271,1.56875109672546,K,16
OUTPUT,NaN,NaN,NaN,NaN,NaN,NaN

INPUT,0.365806132555008,0.0314849279820919,0.784168899059296,0.314335644245148,3.074143409729,1.6002289056778,K,17
OUTPUT,NaN,NaN,NaN,NaN,NaN,NaN

INPUT,0.367469310760498,0.0313767567276955,0.789770722389221,0.291217386722565,3.0720739364624,1.62273848056793,K,18
OUTPUT,NaN,NaN,NaN,NaN,NaN,NaN

INPUT,0.36846724152565,0.0313118547201157,0.793131768703461,0.277354210615158,3.07084965705872,1.63625347614288,K,19
OUTPUT,NaN,NaN,NaN,NaN,NaN,NaN

INPUT,0.368799865245819,0.0312902219593525,0.794252157211304,0.272734344005585,3.07044434547424,1.64076006412506,K,20
OUTPUT,NaN,NaN,NaN,NaN,NaN,NaN

INPUT,0.36165863275528,0.0383454412221909,0.72146463394165,-2.43620872497559,3.09728527069092,-1.75344777107239,K,11
OUTPUT,NaN,NaN,NaN,NaN,NaN,NaN

INPUT,0.36669048666954,0.0387941189110279,0.732669413089752,-2.47501969337463,3.09240913391113,-1.71192717552185,K,12
OUTPUT,NaN,NaN,NaN,NaN,NaN,NaN

INPUT,0.371722370386124,0.039242796599865,0.743874132633209,-2.51407837867737,3.08761215209961,-1.67064464092255,K,13
OUTPUT,NaN,NaN,NaN,NaN,NaN,NaN

INPUT,0.376754224300385,0.039691474288702,0.755078852176666,-2.55332183837891,3.08290219306946,-1.62953698635101,K,14
OUTPUT,NaN,NaN,NaN,NaN,NaN,NaN

INPUT,0.381786108016968,0.0401401519775391,0.766283571720123,-2.59270834922791,3.07828688621521,-1.58856105804443,K,15
OUTPUT,NaN,NaN,NaN,NaN,NaN,NaN

INPUT,0.386314779520035,0.0405439622700214,0.776367843151093,-2.62825322151184,3.07422041893005,-1.55176997184753,K,16
OUTPUT,NaN,NaN,NaN,NaN,NaN,NaN

INPUT,0.389837116003036,0.0408580377697945,0.784211158752441,-2.65595173835754,3.07111787796021,-1.52320051193237,K,17
OUTPUT,NaN,NaN,NaN,NaN,NaN,NaN

INPUT,0.392353028059006,0.0410823784768581,0.78981351852417,-2.67576122283936,3.06893587112427,-1.502814412117,K,18
OUTPUT,NaN,NaN,NaN,NaN,NaN,NaN

INPUT,0.39386260509491,0.0412169806659222,0.793174982070923,-2.68765544891357,3.06764078140259,-1.49059009552002,K,19
OUTPUT,NaN,NaN,NaN,NaN,NaN,NaN

INPUT,0.394365787506104,0.0412618480622768,0.794295430183411,-2.69162178039551,3.06721138954163,-1.48651659488678,K,20
OUTPUT,NaN,NaN,NaN,NaN,NaN,NaN

INPUT,0.363771378993988,0.0316573083400726,0.733512103557587,0.917099833488464,3.13934230804443,1.65816617012024,K,12
OUTPUT,NaN,NaN,NaN,NaN,NaN,NaN

INPUT,0.368496119976044,0.0313546881079674,0.744805634021759,0.847052872180939,3.13904786109924,1.66610515117645,K,13
OUTPUT,NaN,NaN,NaN,NaN,NaN,NaN

INPUT,0.373220831155777,0.0310520716011524,0.756099164485931,0.783431112766266,3.13875532150269,1.68046951293945,K,14
OUTPUT,NaN,NaN,NaN,NaN,NaN,NaN

INPUT,0.377945572137833,0.0307494550943375,0.767392694950104,0.724394738674164,3.13846564292908,1.69941914081573,K,15
OUTPUT,NaN,NaN,NaN,NaN,NaN,NaN

INPUT,0.382197827100754,0.0304770991206169,0.777556896209717,0.674177527427673,3.13820815086365,1.71938955783844,K,16
OUTPUT,NaN,NaN,NaN,NaN,NaN,NaN

INPUT,0.385505139827728,0.0302652679383755,0.785462319850922,0.636614263057709,3.13801050186157,1.73641645908356,K,17
OUTPUT,NaN,NaN,NaN,NaN,NaN,NaN

INPUT,0.387867510318756,0.0301139578223228,0.791109085083008,0.61044853925705,3.13787055015564,1.74924385547638,K,18
OUTPUT,NaN,NaN,NaN,NaN,NaN,NaN

INPUT,0.389284908771515,0.0300231743603945,0.794497191905975,0.594983756542206,3.13778710365295,1.75717496871948,K,19
OUTPUT,NaN,NaN,NaN,NaN,NaN,NaN

INPUT,0.389757394790649,0.0299929119646549,0.795626521110535,0.589865148067474,3.13775944709778,1.75985503196716,K,20
OUTPUT,NaN,NaN,NaN,NaN,NaN,NaN

INPUT,0.372713029384613,0.0438637547194958,0.730751872062683,-2.27126097679138,3.07106328010559,-1.65174114704132,K,5
OUTPUT,NaN,NaN,NaN,NaN,NaN,NaN

INPUT,0.381248325109482,0.045464463531971,0.746243238449097,-2.32221436500549,3.05995273590088,-1.59214675426483,K,6
OUTPUT,NaN,NaN,NaN,NaN,NaN,NaN

INPUT,0.387886881828308,0.0467094555497169,0.758292078971863,-2.36238598823547,3.05152320861816,-1.54673719406128,K,7
OUTPUT,NaN,NaN,NaN,NaN,NaN,NaN

INPUT,0.392628699541092,0.0475987382233143,0.766898393630981,-2.39116764068604,3.04564261436462,-1.5147932767868,K,8
OUTPUT,NaN,NaN,NaN,NaN,NaN,NaN

INPUT,0.395473808050156,0.0481323078274727,0.772062182426453,-2.40842413902283,3.04217720031738,-1.49582803249359,K,9
OUTPUT,NaN,NaN,NaN,NaN,NaN,NaN

INPUT,0.370351165533066,0.0386534258723259,0.731046319007874,-2.50516366958618,3.08865070343018,-1.69693326950073,K,5
OUTPUT,NaN,NaN,NaN,NaN,NaN,NaN

INPUT,0.378514647483826,0.0393597446382046,0.746635913848877,-2.57129263877869,3.08064842224121,-1.62021815776825,K,6
OUTPUT,NaN,NaN,NaN,NaN,NaN,NaN

INPUT,0.384864002466202,0.0399091020226479,0.7587611079216,-2.62359809875488,3.07463622093201,-1.56139945983887,K,7
OUTPUT,NaN,NaN,NaN,NaN,NaN,NaN

INPUT,0.389399260282516,0.0403014980256557,0.767422020435333,-2.6612982749939,3.07046675682068,-1.51971185207367,K,8
OUTPUT,NaN,NaN,NaN,NaN,NaN,NaN

INPUT,0.39212042093277,0.0405369363725185,0.772618532180786,-2.68402862548828,3.06801843643188,-1.49480390548706,K,9
OUTPUT,NaN,NaN,NaN,NaN,NaN,NaN

INPUT,0.356155276298523,0.032535545527935,0.736141741275787,0.478661924600601,3.09029459953308,1.43957877159119,K,5
OUTPUT,NaN,NaN,NaN,NaN,NaN,NaN

INPUT,0.361200243234634,0.0322250984609127,0.749879717826843,0.404355406761169,3.08285975456238,1.511803150177,K,6
OUTPUT,NaN,NaN,NaN,NaN,NaN,NaN

INPUT,0.365124106407166,0.0319836400449276,0.760564804077148,0.346714079380035,3.07729268074036,1.56815183162689,K,7
OUTPUT,NaN,NaN,NaN,NaN,NaN,NaN

INPUT,0.367926865816116,0.03181117400527,0.768197000026703,0.305599361658096,3.07344317436218,1.60847055912018,K,8
OUTPUT,NaN,NaN,NaN,NaN,NaN,NaN

INPUT,0.369608521461487,0.031707689166069,0.772776365280151,0.280948609113693,3.07118701934814,1.63268506526947,K,9
OUTPUT,NaN,NaN,NaN,NaN,NaN,NaN

INPUT,0.364356935024261,0.0319045595824718,0.725434958934784,1.45051610469818,3.13998556137085,2.14677906036377,K,4
OUTPUT,NaN,NaN,NaN,NaN,NaN,NaN

INPUT,0.371097445487976,0.0314098224043846,0.738721013069153,1.09972214698792,3.13948845863342,1.92138314247131,K,5
OUTPUT,NaN,NaN,NaN,NaN,NaN,NaN

INPUT,0.377837985754013,0.0309150870889425,0.752007007598877,0.86699116230011,3.1388943195343,1.81405055522919,K,6
OUTPUT,NaN,NaN,NaN,NaN,NaN,NaN

INPUT,0.3830806016922,0.0305302925407887,0.762340605258942,0.731246829032898,3.13840389251709,1.77583825588226,K,7
OUTPUT,NaN,NaN,NaN,NaN,NaN,NaN

INPUT,0.386825323104858,0.030255438759923,0.769721746444702,0.649169504642487,3.1380467414856,1.76342678070068,K,8
OUTPUT,NaN,NaN,NaN,NaN,NaN,NaN

INPUT,0.389072179794312,0.0300905257463455,0.774150431156158,0.604240894317627,3.13783144950867,1.76029753684998,K,9
OUTPUT,NaN,NaN,NaN,NaN,NaN,NaN

INPUT,0.372820526361465,0.0402039252221584,0.721435546875,-2.50801992416382,3.06393909454346,-1.71340191364288,K,11
OUTPUT,NaN,NaN,NaN,NaN,NaN,NaN

INPUT,0.379165381193161,0.0408713668584824,0.73263692855835,-2.55404257774353,3.05547451972961,-1.66585552692413,K,12
OUTPUT,NaN,NaN,NaN,NaN,NaN,NaN

INPUT,0.385510236024857,0.0415388084948063,0.743838369846344,-2.60021686553955,3.04719805717468,-1.61842739582062,K,13
OUTPUT,NaN,NaN,NaN,NaN,NaN,NaN

INPUT,0.391855090856552,0.0422062501311302,0.755039691925049,-2.64650917053223,3.03912806510925,-1.57108116149902,K,14
OUTPUT,NaN,NaN,NaN,NaN,NaN,NaN

INPUT,0.398199945688248,0.0428736917674541,0.766241133213043,-2.69289660453796,3.03128242492676,-1.52379179000854,K,15
OUTPUT,NaN,NaN,NaN,NaN,NaN,NaN

INPUT,0.403910309076309,0.0434743873775005,0.776322364807129,-2.73471331596375,3.02442741394043,-1.4812650680542,K,16
OUTPUT,NaN,NaN,NaN,NaN,NaN,NaN

INPUT,0.408351719379425,0.0439415983855724,0.784163355827332,-2.76727604866028,3.01923871040344,-1.44820439815521,K,17
OUTPUT,NaN,NaN,NaN,NaN,NaN,NaN

INPUT,0.411524146795273,0.0442753173410892,0.789764046669006,-2.79055380821228,3.01561284065247,-1.42459583282471,K,18
OUTPUT,NaN,NaN,NaN,NaN,NaN,NaN

INPUT,0.413427591323853,0.0444755479693413,0.793124437332153,-2.80452728271484,3.01347017288208,-1.41043245792389,K,19
OUTPUT,NaN,NaN,NaN,NaN,NaN,NaN

INPUT,0.414062082767487,0.0445422939956188,0.794244587421417,-2.80918622016907,3.01276159286499,-1.40571165084839,K,20
OUTPUT,NaN,NaN,NaN,NaN,NaN,NaN

INPUT,0.362395793199539,0.0359962731599808,0.722034573554993,-2.29816222190857,3.11255431175232,-1.61668002605438,K,11
OUTPUT,NaN,NaN,NaN,NaN,NaN,NaN

INPUT,0.367514193058014,0.0361686870455742,0.733306288719177,-2.33580112457275,3.1093807220459,-1.57415592670441,K,12
OUTPUT,NaN,NaN,NaN,NaN,NaN,NaN

INPUT,0.372632622718811,0.0363411046564579,0.744578063488007,-2.37387752532959,3.10625863075256,-1.53206491470337,K,13
OUTPUT,NaN,NaN,NaN,NaN,NaN,NaN

INPUT,0.377751022577286,0.0365135185420513,0.755849719047546,-2.41227960586548,3.10319304466248,-1.49029517173767,K,14
OUTPUT,NaN,NaN,NaN,NaN,NaN,NaN

INPUT,0.382869452238083,0.036685936152935,0.767121493816376,-2.45093083381653,3.10018920898438,-1.44876980781555,K,15
OUTPUT,NaN,NaN,NaN,NaN,NaN,NaN

INPUT,0.387475997209549,0.0368411093950272,0.777266025543213,-2.48588466644287,3.09754252433777,-1.41156089305878,K,16
OUTPUT,NaN,NaN,NaN,NaN,NaN,NaN

INPUT,0.391058892011642,0.0369618013501167,0.78515625,-2.51316118240356,3.09552335739136,-1.38270783424377,K,17
OUTPUT,NaN,NaN,NaN,NaN,NaN,NaN

INPUT,0.393618106842041,0.0370480082929134,0.790792107582092,-2.53268599510193,3.09410309791565,-1.36213839054108,K,18
OUTPUT,NaN,NaN,NaN,NaN,NaN,NaN

INPUT,0.395153611898422,0.0370997339487076,0.79417359828949,-2.54441595077515,3.09326004981995,-1.34981119632721,K,19
OUTPUT,NaN,NaN,NaN,NaN,NaN,NaN

INPUT,0.395665466785431,0.0371169745922089,0.795300781726837,-2.54832816123962,3.09298062324524,-1.3457043170929,K,20
OUTPUT,NaN,NaN,NaN,NaN,NaN,NaN

INPUT,0.363934397697449,0.0371652022004128,0.733063757419586,-2.5478618144989,3.13001298904419,-1.92675507068634,K,12
OUTPUT,NaN,NaN,NaN,NaN,NaN,NaN

INPUT,0.368676006793976,0.0374424904584885,0.744309902191162,-2.57687878608704,3.1289324760437,-1.89041209220886,K,13
OUTPUT,NaN,NaN,NaN,NaN,NaN,NaN

INPUT,0.373417615890503,0.0377197749912739,0.755556106567383,-2.60646891593933,3.12786507606506,-1.85464203357697,K,14
OUTPUT,NaN,NaN,NaN,NaN,NaN,NaN

INPUT,0.37815922498703,0.0379970632493496,0.766802251338959,-2.63650274276733,3.12681245803833,-1.81931483745575,K,15
OUTPUT,NaN,NaN,NaN,NaN,NaN,NaN

INPUT,0.382426679134369,0.0382466204464436,0.776923835277557,-2.6638343334198,3.12587833404541,-1.78782141208649,K,16
OUTPUT,NaN,NaN,NaN,NaN,NaN,NaN

INPUT,0.385745823383331,0.0384407229721546,0.784796118736267,-2.6852548122406,3.12516117095947,-1.76348876953125,K,17
OUTPUT,NaN,NaN,NaN,NaN,NaN,NaN

INPUT,0.388116627931595,0.0385793671011925,0.790419220924377,-2.70063066482544,3.12465405464172,-1.74618363380432,K,18
OUTPUT,NaN,NaN,NaN,NaN,NaN,NaN

INPUT,0.389539122581482,0.0386625528335571,0.793793082237244,-2.70988321304321,3.124351978302,-1.73582756519318,K,19
OUTPUT,NaN,NaN,NaN,NaN,NaN,NaN

INPUT,0.39001327753067,0.0386902801692486,0.794917702674866,-2.71297168731689,3.1242516040802,-1.73237979412079,K,20
OUTPUT,NaN,NaN,NaN,NaN,NaN,NaN

INPUT,0.37336066365242,0.0408823117613792,0.720612168312073,-2.38379240036011,3.07383012771606,-1.75009822845459,K,11
OUTPUT,NaN,NaN,NaN,NaN,NaN,NaN

INPUT,0.379769086837769,0.0416295826435089,0.731716513633728,-2.42018008232117,3.06626844406128,-1.71189153194427,K,12
OUTPUT,NaN,NaN,NaN,NaN,NaN,NaN

INPUT,0.386177510023117,0.0423768535256386,0.742820858955383,-2.45674324035645,3.05881142616272,-1.67383944988251,K,13
OUTPUT,NaN,NaN,NaN,NaN,NaN,NaN

INPUT,0.392585903406143,0.043124120682478,0.753925204277039,-2.49343991279602,3.05146956443787,-1.63589799404144,K,14
OUTPUT,NaN,NaN,NaN,NaN,NaN,NaN

INPUT,0.398994326591492,0.0438713915646076,0.765029549598694,-2.53024220466614,3.04425311088562,-1.59803736209869,K,15
OUTPUT,NaN,NaN,NaN,NaN,NaN,NaN

INPUT,0.404761910438538,0.0445439368486404,0.775023460388184,-2.56343746185303,3.0378737449646,-1.56401395797729,K,16
OUTPUT,NaN,NaN,NaN,NaN,NaN,NaN

INPUT,0.409247785806656,0.0450670272111893,0.782796502113342,-2.58929705619812,3.03299236297607,-1.5375771522522,K,17
OUTPUT,NaN,NaN,NaN,NaN,NaN,NaN

INPUT,0.412452012300491,0.0454406626522541,0.78834867477417,-2.60778760910034,3.02955102920532,-1.51870477199554,K,18
OUTPUT,NaN,NaN,NaN,NaN,NaN,NaN

INPUT,0.414374530315399,0.0456648431718349,0.791679978370667,-2.61888909339905,3.02750492095947,-1.50738513469696,K,19
OUTPUT,NaN,NaN,NaN,NaN,NaN,NaN

INPUT,0.415015369653702,0.0457395687699318,0.792790412902832,-2.62259078025818,3.02682590484619,-1.50361251831055,K,20
OUTPUT,NaN,NaN,NaN,NaN,NaN,NaN

INPUT,0.355991274118423,0.0310183726251125,0.733324408531189,0.764050364494324,3.10614681243896,1.32866108417511,K,12
OUTPUT,NaN,NaN,NaN,NaN,NaN,NaN

INPUT,0.359896808862686,0.0306486431509256,0.744598090648651,0.732829451560974,3.10244631767273,1.35686588287354,K,13
OUTPUT,NaN,NaN,NaN,NaN,NaN,NaN

INPUT,0.363802343606949,0.0302789136767387,0.755871713161469,0.701865971088409,3.09878039360046,1.38533222675323,K,14
OUTPUT,NaN,NaN,NaN,NaN,NaN,NaN

INPUT,0.367707908153534,0.0299091842025518,0.767145395278931,0.67109614610672,3.0951521396637,1.41399693489075,K,15
OUTPUT,NaN,NaN,NaN,NaN,NaN,NaN

INPUT,0.371222883462906,0.029576426371932,0.777291715145111,0.643531978130341,3.09192180633545,1.43992805480957,K,16
OUTPUT,NaN,NaN,NaN,NaN,NaN,NaN

INPUT,0.373956769704819,0.0293176155537367,0.785183310508728,0.622161388397217,3.08943367004395,1.46016776561737,K,17
OUTPUT,NaN,NaN,NaN,NaN,NaN,NaN

INPUT,0.37590953707695,0.0291327517479658,0.790820121765137,0.606927573680878,3.08767008781433,1.47465741634369,K,18
OUTPUT,NaN,NaN,NaN,NaN,NaN,NaN

INPUT,0.3770811855793,0.0290218330919743,0.794202208518982,0.597798407077789,3.08661770820618,1.48336291313171,K,19
OUTPUT,NaN,NaN,NaN,NaN,NaN,NaN

INPUT,0.377471745014191,0.028984859585762,0.795329570770264,0.594757080078125,3.08626794815063,1.48626661300659,K,20
OUTPUT,NaN,NaN,NaN,NaN,NaN,NaN

INPUT,0.357563853263855,0.0309216734021902,0.732386827468872,0.633435368537903,3.13578939437866,1.5313892364502,K,12
OUTPUT,NaN,NaN,NaN,NaN,NaN,NaN

INPUT,0.36163529753685,0.0305418465286493,0.743561029434204,0.576795160770416,3.13514375686646,1.5692492723465,K,13
OUTPUT,NaN,NaN,NaN,NaN,NaN,NaN

INPUT,0.365706741809845,0.0301620196551085,0.754735112190247,0.521848857402802,3.13451218605042,1.6088033914566,K,14
OUTPUT,NaN,NaN,NaN,NaN,NaN,NaN

INPUT,0.369778215885162,0.0297821946442127,0.765909254550934,0.46815013885498,3.13389587402344,1.64960527420044,K,15
OUTPUT,NaN,NaN,NaN,NaN,NaN,NaN

INPUT,0.373442500829697,0.029440350830555,0.775965988636017,0.420635521411896,3.13335585594177,1.68714153766632,K,16
OUTPUT,NaN,NaN,NaN,NaN,NaN,NaN

INPUT,0.376292526721954,0.0291744712740183,0.783787906169891,0.384105712175369,3.13294577598572,1.71676254272461,K,17
OUTPUT,NaN,NaN,NaN,NaN,NaN,NaN

INPUT,0.378328263759613,0.0289845578372478,0.789375007152557,0.358205318450928,3.13265872001648,1.73811268806458,K,18
OUTPUT,NaN,NaN,NaN,NaN,NaN,NaN

INPUT,0.37954968214035,0.0288706105202436,0.79272723197937,0.342733502388,3.13248872756958,1.75099122524261,K,19
OUTPUT,NaN,NaN,NaN,NaN,NaN,NaN

INPUT,0.379956841468811,0.0288326274603605,0.793844640254974,0.337586879730225,3.13243246078491,1.7552946805954,K,20
OUTPUT,NaN,NaN,NaN,NaN,NaN,NaN

INPUT,0.357342213392258,0.0328441746532917,0.73386162519455,0.833640217781067,3.10881805419922,1.36721432209015,K,12
OUTPUT,NaN,NaN,NaN,NaN,NaN,NaN

INPUT,0.361389458179474,0.0326662994921207,0.745193243026733,0.803678929805756,3.10537958145142,1.39341032505035,K,13
OUTPUT,NaN,NaN,NaN,NaN,NaN,NaN

INPUT,0.36543670296669,0.0324884280562401,0.756524860858917,0.774041354656219,3.10196948051453,1.4199333190918,K,14
OUTPUT,NaN,NaN,NaN,NaN,NaN,NaN

INPUT,0.369483947753906,0.0323105566203594,0.767856419086456,0.744647622108459,3.0985906124115,1.44670414924622,K,15
OUTPUT,NaN,NaN,NaN,NaN,NaN,NaN

INPUT,0.373126477003098,0.0321504697203636,0.778054893016815,0.718355476856232,3.09557843208313,1.47096347808838,K,16
OUTPUT,NaN,NaN,NaN,NaN,NaN,NaN

INPUT,0.375959545373917,0.0320259593427181,0.785987019538879,0.697992026805878,3.0932559967041,1.48992013931274,K,17
OUTPUT,NaN,NaN,NaN,NaN,NaN,NaN

INPUT,0.377983182668686,0.0319370254874229,0.791652798652649,0.683485865592957,3.09160828590393,1.5035012960434,K,18
OUTPUT,NaN,NaN,NaN,NaN,NaN,NaN

INPUT,0.379197359085083,0.0318836644291878,0.795052289962769,0.674796283245087,3.09062433242798,1.51166450977325,K,19
OUTPUT,NaN,NaN,NaN,NaN,NaN,NaN

INPUT,0.379602074623108,0.0318658761680126,0.796185433864594,0.671901881694794,3.09029722213745,1.51438784599304,K,20
OUTPUT,NaN,NaN,NaN,NaN,NaN,NaN

INPUT,0.380089193582535,0.0395261198282242,0.720326483249664,-2.67786526679993,3.03633689880371,-1.85570156574249,K,11
OUTPUT,NaN,NaN,NaN,NaN,NaN,NaN

INPUT,0.387285202741623,0.0401127152144909,0.731404662132263,-2.72572112083435,3.02491235733032,-1.80664587020874,K,12
OUTPUT,NaN,NaN,NaN,NaN,NaN,NaN

INPUT,0.394481241703033,0.0406993106007576,0.742482781410217,-2.7737147808075,3.01376104354858,-1.75766408443451,K,13
OUTPUT,NaN,NaN,NaN,NaN,NaN,NaN

INPUT,0.401677221059799,0.041285902261734,0.753560900688171,-2.82182097434998,3.00290966033936,-1.70872640609741,K,14
OUTPUT,NaN,NaN,NaN,NaN,NaN,NaN

INPUT,0.40887326002121,0.041872501373291,0.76463907957077,-2.8700225353241,2.99238395690918,-1.65981221199036,K,15
OUTPUT,NaN,NaN,NaN,NaN,NaN,NaN

INPUT,0.415349662303925,0.0424004346132278,0.774609386920929,-2.91347599029541,2.98320984840393,-1.61579716205597,K,16
OUTPUT,NaN,NaN,NaN,NaN,NaN,NaN

INPUT,0.420386880636215,0.0428110510110855,0.782364130020142,-2.94731569290161,2.97628235816956,-1.58156263828278,K,17
OUTPUT,NaN,NaN,NaN,NaN,NaN,NaN

INPUT,0.423984885215759,0.043104350566864,0.787903189659119,-2.97150850296021,2.97145056724548,-1.55710756778717,K,18
OUTPUT,NaN,NaN,NaN,NaN,NaN,NaN

INPUT,0.426143676042557,0.0432803295552731,0.791226625442505,-2.98603248596191,2.96859931945801,-1.54243314266205,K,19
OUTPUT,NaN,NaN,NaN,NaN,NaN,NaN

INPUT,0.42686328291893,0.0433389879763126,0.7923344373703,-2.99087524414063,2.96765685081482,-1.53754150867462,K,20
OUTPUT,NaN,NaN,NaN,NaN,NaN,NaN

INPUT,0.363009989261627,0.0366682782769203,0.732683718204498,-2.87006735801697,3.13073134422302,-1.849036693573,K,12
OUTPUT,NaN,NaN,NaN,NaN,NaN,NaN

INPUT,0.367653846740723,0.0368931069970131,0.743891417980194,-2.92042684555054,3.12980985641479,-1.79193830490112,K,13
OUTPUT,NaN,NaN,NaN,NaN,NaN,NaN

INPUT,0.372297704219818,0.0371179394423962,0.75509911775589,-2.97126793861389,3.12892246246338,-1.73532092571259,K,14
OUTPUT,NaN,NaN,NaN,NaN,NaN,NaN

INPUT,0.376941561698914,0.0373427681624889,0.766306817531586,-3.02248048782349,3.12807154655457,-1.67907440662384,K,15
OUTPUT,NaN,NaN,NaN,NaN,NaN,NaN

INPUT,0.381121039390564,0.0375451147556305,0.776393711566925,-3.06882381439209,3.12733888626099,-1.62870371341705,K,16
OUTPUT,NaN,NaN,NaN,NaN,NaN,NaN

INPUT,0.384371727705002,0.0377024933695793,0.784239113330841,-3.10500383377075,3.12679171562195,-1.58966159820557,K,17
OUTPUT,NaN,NaN,NaN,NaN,NaN,NaN

INPUT,0.38669365644455,0.0378149077296257,0.789842963218689,-3.13090896606445,3.12641382217407,-1.56183648109436,K,18
OUTPUT,NaN,NaN,NaN,NaN,NaN,NaN

INPUT,0.388086825609207,0.0378823578357697,0.793205261230469,3.13671088218689,3.12619233131409,-1.5451637506485,K,19
OUTPUT,NaN,NaN,NaN,NaN,NaN,NaN

INPUT,0.388551205396652,0.0379048399627209,0.79432600736618,3.13151884078979,3.12611937522888,-1.53960967063904,K,20
OUTPUT,NaN,NaN,NaN,NaN,NaN,NaN

INPUT,0.373330652713776,0.0395525991916656,0.716639578342438,-2.50478863716125,3.06370377540588,-1.73100173473358,K,4
OUTPUT,NaN,NaN,NaN,NaN,NaN,NaN

INPUT,0.383469581604004,0.0406514517962933,0.731931805610657,-2.58413362503052,3.04925394058228,-1.64382338523865,K,5
OUTPUT,NaN,NaN,NaN,NaN,NaN,NaN

INPUT,0.393608510494232,0.0417503044009209,0.747224092483521,-2.66457486152649,3.03544211387634,-1.55763280391693,K,6
OUTPUT,NaN,NaN,NaN,NaN,NaN,NaN

INPUT,0.401494324207306,0.0426049679517746,0.75911808013916,-2.72764205932617,3.02520322799683,-1.49101567268372,K,7
OUTPUT,NaN,NaN,NaN,NaN,NaN,NaN

INPUT,0.407127052545547,0.0432154424488544,0.767613768577576,-2.7728898525238,3.01818585395813,-1.44358575344086,K,8
OUTPUT,NaN,NaN,NaN,NaN,NaN,NaN

INPUT,0.410506695508957,0.0435817241668701,0.772711157798767,-2.80010461807251,3.01410150527954,-1.41517508029938,K,9
OUTPUT,NaN,NaN,NaN,NaN,NaN,NaN

INPUT,0.371491432189941,0.0359532609581947,0.731696307659149,-2.37148141860962,3.1066882610321,-1.56465458869934,K,5
OUTPUT,NaN,NaN,NaN,NaN,NaN,NaN

INPUT,0.379904001951218,0.0361765995621681,0.747402429580688,-2.43346166610718,3.10156941413879,-1.48416090011597,K,6
OUTPUT,NaN,NaN,NaN,NaN,NaN,NaN

INPUT,0.386447101831436,0.0363503061234951,0.759618282318115,-2.48314237594604,3.09772539138794,-1.42301869392395,K,7
OUTPUT,NaN,NaN,NaN,NaN,NaN,NaN

INPUT,0.391120761632919,0.0364743806421757,0.768343925476074,-2.51920318603516,3.09506058692932,-1.3799147605896,K,8
OUTPUT,NaN,NaN,NaN,NaN,NaN,NaN

INPUT,0.393924951553345,0.0365488268435001,0.773579299449921,-2.54102635383606,3.09349608421326,-1.35423636436462,K,9
OUTPUT,NaN,NaN,NaN,NaN,NaN,NaN

INPUT,0.373858392238617,0.0401324220001698,0.715588212013245,-2.3810510635376,3.07334184646606,-1.76418721675873,K,4
OUTPUT,NaN,NaN,NaN,NaN,NaN,NaN

INPUT,0.384226471185684,0.0413159541785717,0.730764746665955,-2.44385743141174,3.06048798561096,-1.69418227672577,K,5
OUTPUT,NaN,NaN,NaN,NaN,NaN,NaN

INPUT,0.394594550132751,0.0424994900822639,0.745941340923309,-2.50767254829407,3.04799103736877,-1.62511765956879,K,6
OUTPUT,NaN,NaN,NaN,NaN,NaN,NaN

INPUT,0.402658581733704,0.0434200130403042,0.757745325565338,-2.55776619911194,3.03855299949646,-1.57180833816528,K,7
OUTPUT,NaN,NaN,NaN,NaN,NaN,NaN

INPUT,0.408418625593185,0.0440775342285633,0.766176760196686,-2.59372997283936,3.03197860717773,-1.53388249874115,K,8
OUTPUT,NaN,NaN,NaN,NaN,NaN,NaN

INPUT,0.411874651908875,0.0444720461964607,0.771235644817352,-2.61536884307861,3.02810502052307,-1.51117479801178,K,9
OUTPUT,NaN,NaN,NaN,NaN,NaN,NaN

INPUT,0.380978256464005,0.0388914719223976,0.717148125171661,-2.66745924949646,3.03638911247253,-1.86727547645569,K,4
OUTPUT,NaN,NaN,NaN,NaN,NaN,NaN

INPUT,0.392218470573425,0.0399311929941177,0.731836140155792,-2.75257062911987,3.01679277420044,-1.77979528903961,K,5
OUTPUT,NaN,NaN,NaN,NaN,NaN,NaN

INPUT,0.403458714485168,0.0409709103405476,0.746524155139923,-2.83810114860535,2.99812364578247,-1.69252753257751,K,6
OUTPUT,NaN,NaN,NaN,NaN,NaN,NaN

INPUT,0.412201106548309,0.0417795814573765,0.757948219776154,-2.90484070777893,2.98433470726013,-1.62471413612366,K,7
OUTPUT,NaN,NaN,NaN,NaN,NaN,NaN

INPUT,0.41844567656517,0.0423572026193142,0.766108214855194,-2.95260882377625,2.9749162197113,-1.57628560066223,K,8
OUTPUT,NaN,NaN,NaN,NaN,NaN,NaN

INPUT,0.422192394733429,0.0427037738263607,0.771004259586334,-2.98130440711975,2.96944808959961,-1.54722785949707,K,9
OUTPUT,NaN,NaN,NaN,NaN,NaN,NaN

INPUT,0.364664286375046,0.036966010928154,0.725502490997314,-2.55809450149536,3.12942743301392,-1.97547721862793,K,4
OUTPUT,NaN,NaN,NaN,NaN,NaN,NaN

INPUT,0.371290802955627,0.037384282797575,0.73858380317688,-2.59595775604248,3.12799835205078,-1.90751349925995,K,5
OUTPUT,NaN,NaN,NaN,NaN,NaN,NaN

INPUT,0.377917349338531,0.037802554666996,0.751665055751801,-2.63665580749512,3.12660479545593,-1.84238374233246,K,6
OUTPUT,NaN,NaN,NaN,NaN,NaN,NaN

INPUT,0.383071303367615,0.0381278730928898,0.761839389801025,-2.66960525512695,3.12555336952209,-1.79339957237244,K,7
OUTPUT,NaN,NaN,NaN,NaN,NaN,NaN

INPUT,0.386752724647522,0.0383602455258369,0.769106805324554,-2.69359660148621,3.12482261657715,-1.7592351436615,K,8
OUTPUT,NaN,NaN,NaN,NaN,NaN,NaN

INPUT,0.388961583375931,0.0384996719658375,0.773467242717743,-2.70811629295349,3.12439322471619,-1.73905444145203,K,9
OUTPUT,NaN,NaN,NaN,NaN,NaN,NaN

INPUT,0.362247854471207,0.0310522895306349,0.73734176158905,0.743008434772491,3.10244917869568,1.36954867839813,K,5
OUTPUT,NaN,NaN,NaN,NaN,NaN,NaN

INPUT,0.368058234453201,0.0305310916155577,0.75102835893631,0.688057422637939,3.09650111198425,1.41046512126923,K,6
OUTPUT,NaN,NaN,NaN,NaN,NaN,NaN

INPUT,0.372577399015427,0.0301257167011499,0.761673510074615,0.646623253822327,3.09196162223816,1.44332110881805,K,7
OUTPUT,NaN,NaN,NaN,NaN,NaN,NaN

INPUT,0.375805377960205,0.0298361629247665,0.769277215003967,0.617623925209045,3.08877658843994,1.46711575984955,K,8
OUTPUT,NaN,NaN,NaN,NaN,NaN,NaN

INPUT,0.377742171287537,0.0296624321490526,0.77383941411972,0.600446760654449,3.08689165115356,1.48147213459015,K,9
OUTPUT,NaN,NaN,NaN,NaN,NaN,NaN

INPUT,0.363695740699768,0.0306034423410892,0.7364661693573,0.625100374221802,3.1356782913208,1.62072944641113,K,5
OUTPUT,NaN,NaN,NaN,NaN,NaN,NaN

INPUT,0.369611948728561,0.0299877934157848,0.749922752380371,0.513483285903931,3.13447690010071,1.66106021404266,K,6
OUTPUT,NaN,NaN,NaN,NaN,NaN,NaN

INPUT,0.374213457107544,0.0295089539140463,0.760388910770416,0.433960378170013,3.13356590270996,1.69971930980682,K,7
OUTPUT,NaN,NaN,NaN,NaN,NaN,NaN

INPUT,0.377500265836716,0.0291669275611639,0.76786482334137,0.379760593175888,3.13293051719666,1.72993540763855,K,8
OUTPUT,NaN,NaN,NaN,NaN,NaN,NaN

INPUT,0.379472345113754,0.0289617106318474,0.772350311279297,0.34804356098175,3.13255596160889,1.74886810779572,K,9
OUTPUT,NaN,NaN,NaN,NaN,NaN,NaN

INPUT,0.363801598548889,0.0330894738435745,0.738139927387238,0.816832542419434,3.10531497001648,1.40897858142853,K,5
OUTPUT,NaN,NaN,NaN,NaN,NaN,NaN

INPUT,0.369778692722321,0.0328787751495838,0.75184577703476,0.762777268886566,3.09980773925781,1.4454493522644,K,6
OUTPUT,NaN,NaN,NaN,NaN,NaN,NaN

INPUT,0.374427556991577,0.0327148996293545,0.762505888938904,0.722311794757843,3.09559535980225,1.47516250610352,K,7
OUTPUT,NaN,NaN,NaN,NaN,NaN,NaN

INPUT,0.377748161554337,0.0325978435575962,0.77012026309967,0.694099545478821,3.09263396263123,1.49684965610504,K,8
OUTPUT,NaN,NaN,NaN,NaN,NaN,NaN

INPUT,0.379740536212921,0.0325276106595993,0.774688839912415,0.677421569824219,3.0908784866333,1.50999081134796,K,9
OUTPUT,NaN,NaN,NaN,NaN,NaN,NaN

INPUT,0.363448590040207,0.0365690812468529,0.724545896053314,-2.86570024490356,3.13023829460144,-1.906623005867,K,4
OUTPUT,NaN,NaN,NaN,NaN,NaN,NaN

INPUT,0.370011478662491,0.0369234904646873,0.737723588943481,-2.93871164321899,3.12901306152344,-1.80678856372833,K,5
OUTPUT,NaN,NaN,NaN,NaN,NaN,NaN

INPUT,0.376574397087097,0.0372778959572315,0.750901341438293,-3.01403045654297,3.12787985801697,-1.70926022529602,K,6
OUTPUT,NaN,NaN,NaN,NaN,NaN,NaN

INPUT,0.381678849458694,0.0375535488128662,0.761150658130646,-3.07376503944397,3.12706780433655,-1.63455760478973,K,7
OUTPUT,NaN,NaN,NaN,NaN,NaN,NaN

INPUT,0.38532492518425,0.0377504415810108,0.768471658229828,-3.1169114112854,3.12652707099915,-1.58167636394501,K,8
OUTPUT,NaN,NaN,NaN,NaN,NaN,NaN

INPUT,0.387512564659119,0.0378685779869556,0.77286422252655,3.14022564888,3.12621927261353,-1.55010831356049,K,9
OUTPUT,NaN,NaN,NaN,NaN,NaN,NaN

INPUT,0.367405116558075,0.0382903143763542,0.720490217208862,-2.3574013710022,3.07146167755127,-1.64484798908234,K,11
OUTPUT,NaN,NaN,NaN,NaN,NaN,NaN

INPUT,0.373112976551056,0.0387325957417488,0.731580257415771,-2.3983781337738,3.06371569633484,-1.60193908214569,K,12
OUTPUT,NaN,NaN,NaN,NaN,NaN,NaN

INPUT,0.378820806741714,0.0391748808324337,0.742670357227325,-2.43954062461853,3.05610656738281,-1.55919098854065,K,13
OUTPUT,NaN,NaN,NaN,NaN,NaN,NaN

INPUT,0.384528636932373,0.0396171621978283,0.753760397434235,-2.4808452129364,3.0486478805542,-1.51655805110931,K,14
OUTPUT,NaN,NaN,NaN,NaN,NaN,NaN

INPUT,0.390236496925354,0.0400594472885132,0.764850497245789,-2.52226185798645,3.04135251045227,-1.47400832176208,K,15
OUTPUT,NaN,NaN,NaN,NaN,NaN,NaN

INPUT,0.395373553037643,0.0404575020074844,0.774831533432007,-2.55961537361145,3.03493714332581,-1.43576610088348,K,16
OUTPUT,NaN,NaN,NaN,NaN,NaN,NaN

INPUT,0.399369031190872,0.0407670997083187,0.782594621181488,-2.58871173858643,3.03005218505859,-1.40604817867279,K,17
OUTPUT,NaN,NaN,NaN,NaN,NaN,NaN

INPUT,0.402222961187363,0.040988240391016,0.788139641284943,-2.60951590538025,3.0266215801239,-1.38483238220215,K,18
OUTPUT,NaN,NaN,NaN,NaN,NaN,NaN

INPUT,0.403935313224792,0.0411209277808666,0.791466653347015,-2.62200593948364,3.02458739280701,-1.37210667133331,K,19
OUTPUT,NaN,NaN,NaN,NaN,NaN,NaN

INPUT,0.404506087303162,0.04116515442729,0.792575657367706,-2.62617063522339,3.02391338348389,-1.36786532402039,K,20
OUTPUT,NaN,NaN,NaN,NaN,NaN,NaN

INPUT,0.364304691553116,0.036200899630785,0.722400426864624,-2.60529828071594,3.09750413894653,-2.10058856010437,K,11
OUTPUT,NaN,NaN,NaN,NaN,NaN,NaN

INPUT,0.369647830724716,0.0363974012434483,0.733715295791626,-2.63417792320251,3.09255623817444,-2.07009220123291,K,12
OUTPUT,NaN,NaN,NaN,NaN,NaN,NaN

INPUT,0.374990940093994,0.0365938991308212,0.745030164718628,-2.66320872306824,3.08765149116516,-2.03974008560181,K,13
OUTPUT,NaN,NaN,NaN,NaN,NaN,NaN

INPUT,0.380334079265594,0.0367904007434845,0.756344974040985,-2.69235324859619,3.0827944278717,-2.00949358940125,K,14
OUTPUT,NaN,NaN,NaN,NaN,NaN,NaN

INPUT,0.385677188634872,0.0369868986308575,0.767659783363342,-2.72158551216125,3.07798910140991,-1.9793267250061,K,15
OUTPUT,NaN,NaN,NaN,NaN,NaN,NaN

INPUT,0.390486001968384,0.0371637493371964,0.777843177318573,-2.74795460700989,3.07371211051941,-1.95222878456116,K,16
OUTPUT,NaN,NaN,NaN,NaN,NaN,NaN

INPUT,0.39422619342804,0.0373012982308865,0.785763561725616,-2.76849675178528,3.07041883468628,-1.93118023872375,K,17
OUTPUT,NaN,NaN,NaN,NaN,NaN,NaN

INPUT,0.39689776301384,0.0373995490372181,0.791420936584473,-2.78318500518799,3.06808543205261,-1.91615772247314,K,18
OUTPUT,NaN,NaN,NaN,NaN,NaN,NaN

INPUT,0.398500680923462,0.037458498030901,0.794815421104431,-2.7920036315918,3.06669282913208,-1.90714859962463,K,19
OUTPUT,NaN,NaN,NaN,NaN,NaN,NaN

INPUT,0.399035006761551,0.0374781489372253,0.795946896076202,-2.79494404792786,3.06623005867004,-1.9041463136673,K,20
OUTPUT,NaN,NaN,NaN,NaN,NaN,NaN

INPUT,0.35466742515564,0.0244201496243477,0.732127547264099,1.00596129894257,3.09059071540833,1.57250916957855,K,12
OUTPUT,NaN,NaN,NaN,NaN,NaN,NaN

INPUT,0.358433127403259,0.0233556088060141,0.743276298046112,0.974688529968262,3.08532047271729,1.60088264942169,K,13
OUTPUT,NaN,NaN,NaN,NaN,NaN,NaN

INPUT,0.362198829650879,0.0222910679876804,0.754425048828125,0.943658709526062,3.08010005950928,1.62950766086578,K,14
OUTPUT,NaN,NaN,NaN,NaN,NaN,NaN

INPUT,0.365964531898499,0.0212265253067017,0.765573799610138,0.91281133890152,3.0749340057373,1.65832483768463,K,15
OUTPUT,NaN,NaN,NaN,NaN,NaN,NaN

INPUT,0.369353652000427,0.0202684365212917,0.775607705116272,0.885169565677643,3.07033538818359,1.68438971042633,K,16
OUTPUT,NaN,NaN,NaN,NaN,NaN,NaN

INPUT,0.371989667415619,0.0195232573896646,0.783411800861359,0.863734006881714,3.06679368019104,1.70473217964172,K,17
OUTPUT,NaN,NaN,NaN,NaN,NaN,NaN

INPUT,0.373872518539429,0.0189909860491753,0.788986206054688,0.848451852798462,3.06428408622742,1.71929466724396,K,18
OUTPUT,NaN,NaN,NaN,NaN,NaN,NaN

INPUT,0.375002205371857,0.0186716243624687,0.792330861091614,0.839292764663696,3.0627863407135,1.72804379463196,K,19
OUTPUT,NaN,NaN,NaN,NaN,NaN,NaN

INPUT,0.375378787517548,0.0185651704668999,0.793445706367493,0.83624130487442,3.06228852272034,1.73096203804016,K,20
OUTPUT,NaN,NaN,NaN,NaN,NaN,NaN

INPUT,0.367741137742996,0.0376129262149334,0.714925944805145,-2.35763788223267,3.07108378410339,-1.66383755207062,K,4
OUTPUT,NaN,NaN,NaN,NaN,NaN,NaN

INPUT,0.376932203769684,0.0382468476891518,0.730222761631012,-2.42712354660034,3.05789399147034,-1.58401477336884,K,5
OUTPUT,NaN,NaN,NaN,NaN,NaN,NaN

INPUT,0.386123299598694,0.0388807728886604,0.745519578456879,-2.49803829193115,3.04516863822937,-1.50554013252258,K,6
OUTPUT,NaN,NaN,NaN,NaN,NaN,NaN

INPUT,0.393271923065186,0.0393738225102425,0.757417142391205,-2.55384135246277,3.03563809394836,-1.44508981704712,K,7
OUTPUT,NaN,NaN,NaN,NaN,NaN,NaN

INPUT,0.398378074169159,0.0397260002791882,0.765915393829346,-2.59395527839661,3.02904725074768,-1.40213048458099,K,8
OUTPUT,NaN,NaN,NaN,NaN,NaN,NaN

INPUT,0.401441752910614,0.0399373099207878,0.771014332771301,-2.61810731887817,3.02518486976624,-1.37642407417297,K,9
OUTPUT,NaN,NaN,NaN,NaN,NaN,NaN

INPUT,0.373561948537827,0.0362002849578857,0.732369244098663,-2.65323400497437,3.08881831169128,-2.05581831932068,K,5
OUTPUT,NaN,NaN,NaN,NaN,NaN,NaN

INPUT,0.382222384214401,0.0364761389791965,0.748077630996704,-2.7041323184967,3.08047842979431,-2.00045609474182,K,6
OUTPUT,NaN,NaN,NaN,NaN,NaN,NaN

INPUT,0.388958305120468,0.0366906933486462,0.760295271873474,-2.74392056465149,3.07413911819458,-1.95796346664429,K,7
OUTPUT,NaN,NaN,NaN,NaN,NaN,NaN

INPUT,0.393769651651382,0.0368439443409443,0.769022166728973,-2.7723081111908,3.06970858573914,-1.92794358730316,K,8
OUTPUT,NaN,NaN,NaN,NaN,NaN,NaN

INPUT,0.396656483411789,0.0369358956813812,0.774258255958557,-2.78929328918457,3.06709384918213,-1.91007649898529,K,9
OUTPUT,NaN,NaN,NaN,NaN,NaN,NaN

INPUT,0.36072188615799,0.0240669772028923,0.735772848129272,0.981653451919556,3.08471274375916,1.61070835590363,K,5
OUTPUT,NaN,NaN,NaN,NaN,NaN,NaN

INPUT,0.36638069152832,0.022509628906846,0.7493577003479,0.928041160106659,3.0764627456665,1.65320801734924,K,6
OUTPUT,NaN,NaN,NaN,NaN,NaN,NaN

INPUT,0.37078195810318,0.0212983619421721,0.759923696517944,0.88736879825592,3.07017183303833,1.68702173233032,K,7
OUTPUT,NaN,NaN,NaN,NaN,NaN,NaN

INPUT,0.373925745487213,0.0204331688582897,0.767470836639404,0.858807563781738,3.06576108932495,1.71139645576477,K,8
OUTPUT,NaN,NaN,NaN,NaN,NaN,NaN

INPUT,0.375812023878098,0.0199140533804893,0.77199912071228,0.841859519481659,3.06315159797668,1.72606766223907,K,9
OUTPUT,NaN,NaN,NaN,NaN,NaN,NaN

INPUT,0.362769722938538,0.0369748845696449,0.722953915596008,-2.34314441680908,3.12022137641907,-1.67254626750946,K,11
OUTPUT,NaN,NaN,NaN,NaN,NaN,NaN

INPUT,0.367932498455048,0.0372623614966869,0.73433381319046,-2.37943339347839,3.11790823936462,-1.62995827198029,K,12
OUTPUT,NaN,NaN,NaN,NaN,NaN,NaN

INPUT,0.373095244169235,0.0375498346984386,0.745713710784912,-2.4162802696228,3.11563181877136,-1.587926030159,K,13
OUTPUT,NaN,NaN,NaN,NaN,NaN,NaN

INPUT,0.3782579600811,0.0378373116254807,0.757093608379364,-2.45354294776917,3.11339545249939,-1.54630744457245,K,14
OUTPUT,NaN,NaN,NaN,NaN,NaN,NaN

INPUT,0.383420705795288,0.0381247848272324,0.768473505973816,-2.49112439155579,3.11120295524597,-1.50500512123108,K,15
OUTPUT,NaN,NaN,NaN,NaN,NaN,NaN

INPUT,0.388067185878754,0.0383835136890411,0.778715431690216,-2.5251624584198,3.10926985740662,-1.46804547309875,K,16
OUTPUT,NaN,NaN,NaN,NaN,NaN,NaN

INPUT,0.391681104898453,0.0385847426950932,0.786681354045868,-2.55175161361694,3.10779452323914,-1.43941295146942,K,17
OUTPUT,NaN,NaN,NaN,NaN,NaN,NaN

INPUT,0.394262492656708,0.0387284830212593,0.792371332645416,-2.57079696655273,3.10675621032715,-1.41901314258575,K,18
OUTPUT,NaN,NaN,NaN,NaN,NaN,NaN

INPUT,0.395811319351196,0.0388147234916687,0.795785307884216,-2.5822434425354,3.10613989830017,-1.40679216384888,K,19
OUTPUT,NaN,NaN,NaN,NaN,NaN,NaN

INPUT,0.396327584981918,0.0388434715569019,0.796923279762268,-2.58606195449829,3.1059353351593,-1.4027214050293,K,20
OUTPUT,NaN,NaN,NaN,NaN,NaN,NaN

INPUT,0.35252121090889,0.0316901542246342,0.732784330844879,0.451453983783722,3.11373114585876,1.40135645866394,K,12
OUTPUT,NaN,NaN,NaN,NaN,NaN,NaN

INPUT,0.356060832738876,0.0313909463584423,0.744002282619476,0.399732232093811,3.11096167564392,1.44961857795715,K,13
OUTPUT,NaN,NaN,NaN,NaN,NaN,NaN

INPUT,0.359600484371185,0.0310917422175407,0.755220174789429,0.348291844129562,3.10826897621155,1.49816632270813,K,14
OUTPUT,NaN,NaN,NaN,NaN,NaN,NaN

INPUT,0.363140106201172,0.030792536213994,0.766438126564026,0.297062665224075,3.1056592464447,1.54692983627319,K,15
OUTPUT,NaN,NaN,NaN,NaN,NaN,NaN

INPUT,0.366325795650482,0.0305232517421246,0.77653431892395,0.25109601020813,3.10338687896729,1.59096050262451,K,16
OUTPUT,NaN,NaN,NaN,NaN,NaN,NaN

INPUT,0.368803530931473,0.0303138066083193,0.784386873245239,0.215418115258217,3.10167288780212,1.62528312206268,K,17
OUTPUT,NaN,NaN,NaN,NaN,NaN,NaN

INPUT,0.370573371648788,0.0301642045378685,0.789995849132538,0.18996724486351,3.10047841072083,1.64983415603638,K,18
OUTPUT,NaN,NaN,NaN,NaN,NaN,NaN

INPUT,0.371635258197784,0.0300744436681271,0.793361186981201,0.174708724021912,3.09977388381958,1.66457724571228,K,19
OUTPUT,NaN,NaN,NaN,NaN,NaN,NaN

INPUT,0.371989220380783,0.0300445221364498,0.794483006000519,0.169624388217926,3.09954118728638,1.66949355602264,K,20
OUTPUT,NaN,NaN,NaN,NaN,NaN,NaN

INPUT,0.359242469072342,0.0401086434721947,0.722752690315247,-2.05091214179993,3.10971736907959,-1.72764706611633,K,11
OUTPUT,NaN,NaN,NaN,NaN,NaN,NaN

INPUT,0.363990157842636,0.0407647490501404,0.734108924865723,-2.06766080856323,3.10606551170349,-1.70618236064911,K,12
OUTPUT,NaN,NaN,NaN,NaN,NaN,NaN

INPUT,0.368737876415253,0.0414208583533764,0.745465159416199,-2.08482384681702,3.1024317741394,-1.68518614768982,K,13
OUTPUT,NaN,NaN,NaN,NaN,NaN,NaN

INPUT,0.373485565185547,0.0420769602060318,0.756821393966675,-2.10227465629578,3.09882020950317,-1.66455864906311,K,14
OUTPUT,NaN,NaN,NaN,NaN,NaN,NaN

INPUT,0.378233283758163,0.0427330695092678,0.768177568912506,-2.11992144584656,3.09523463249207,-1.64423584938049,K,15
OUTPUT,NaN,NaN,NaN,NaN,NaN,NaN

INPUT,0.382506221532822,0.043323565274477,0.778398215770721,-2.13591456413269,3.09203267097473,-1.62617146968842,K,16
OUTPUT,NaN,NaN,NaN,NaN,NaN,NaN

INPUT,0.385829597711563,0.0437828376889229,0.786347568035126,-2.1483998298645,3.08956050872803,-1.61225557327271,K,17
OUTPUT,NaN,NaN,NaN,NaN,NaN,NaN

INPUT,0.38820344209671,0.0441108904778957,0.792025685310364,-2.15733313560486,3.08780527114868,-1.60238349437714,K,18
OUTPUT,NaN,NaN,NaN,NaN,NaN,NaN

INPUT,0.389627754688263,0.0443077236413956,0.795432507991791,-2.16269659996033,3.08675646781921,-1.59648633003235,K,19
OUTPUT,NaN,NaN,NaN,NaN,NaN,NaN

INPUT,0.390102535486221,0.0443733334541321,0.796568155288696,-2.16448497772217,3.08640766143799,-1.59452497959137,K,20
OUTPUT,NaN,NaN,NaN,NaN,NaN,NaN

INPUT,0.373595744371414,0.0455071292817593,0.720664381980896,-2.20037055015564,3.04840850830078,-1.61218798160553,K,11
OUTPUT,NaN,NaN,NaN,NaN,NaN,NaN

INPUT,0.380031943321228,0.0467983670532703,0.731774926185608,-2.23421764373779,3.03790211677551,-1.57674396038055,K,12
OUTPUT,NaN,NaN,NaN,NaN,NaN,NaN

INPUT,0.386468142271042,0.0480896085500717,0.74288547039032,-2.26822948455811,3.02751994132996,-1.54142725467682,K,13
OUTPUT,NaN,NaN,NaN,NaN,NaN,NaN

INPUT,0.392904341220856,0.0493808463215828,0.753996014595032,-2.30237007141113,3.01727485656738,-1.50619840621948,K,14
OUTPUT,NaN,NaN,NaN,NaN,NaN,NaN

INPUT,0.39934054017067,0.0506720878183842,0.765106558799744,-2.33661484718323,3.00717878341675,-1.47102975845337,K,15
OUTPUT,NaN,NaN,NaN,NaN,NaN,NaN

INPUT,0.405133128166199,0.0518342033028603,0.775106012821198,-2.3675103187561,2.99822998046875,-1.43941307067871,K,16
OUTPUT,NaN,NaN,NaN,NaN,NaN,NaN

INPUT,0.409638464450836,0.0527380704879761,0.782883405685425,-2.39158320426941,2.99136590957642,-1.41483819484711,K,17
OUTPUT,NaN,NaN,NaN,NaN,NaN,NaN

INPUT,0.412856578826904,0.0533836893737316,0.788438677787781,-2.40879940986633,2.98651719093323,-1.39729046821594,K,18
OUTPUT,NaN,NaN,NaN,NaN,NaN,NaN

INPUT,0.414787441492081,0.0537710599601269,0.791771829128265,-2.41913676261902,2.98363018035889,-1.38676357269287,K,19
OUTPUT,NaN,NaN,NaN,NaN,NaN,NaN

INPUT,0.415431052446365,0.0539001859724522,0.792882919311523,-2.42258405685425,2.98267149925232,-1.38325488567352,K,20
OUTPUT,NaN,NaN,NaN,NaN,NaN,NaN

INPUT,0.372081577777863,0.0372130498290062,0.732848703861237,-2.41747140884399,3.11578893661499,-1.62342071533203,K,5
OUTPUT,NaN,NaN,NaN,NaN,NaN,NaN

INPUT,0.380592048168182,0.037664633244276,0.748720109462738,-2.47613430023193,3.11211156845093,-1.54194593429565,K,6
OUTPUT,NaN,NaN,NaN,NaN,NaN,NaN

INPUT,0.387211322784424,0.0380158610641956,0.76106458902359,-2.52353310585022,3.10934829711914,-1.48034381866455,K,7
OUTPUT,NaN,NaN,NaN,NaN,NaN,NaN

INPUT,0.391939371824265,0.0382667370140553,0.769882023334503,-2.55808472633362,3.10743188858032,-1.43703460693359,K,8
OUTPUT,NaN,NaN,NaN,NaN,NaN,NaN

INPUT,0.394776225090027,0.0384172648191452,0.775172531604767,-2.5790421962738,3.10630631446838,-1.41127467155457,K,9
OUTPUT,NaN,NaN,NaN,NaN,NaN,NaN

INPUT,0.367825388908386,0.0406109392642975,0.732470989227295,-2.08816623687744,3.10304522514343,-1.70621752738953,K,5
OUTPUT,NaN,NaN,NaN,NaN,NaN,NaN

INPUT,0.375622987747192,0.0416362285614014,0.748356938362122,-2.11418318748474,3.09699487686157,-1.66438329219818,K,6
OUTPUT,NaN,NaN,NaN,NaN,NaN,NaN

INPUT,0.381687790155411,0.0424336716532707,0.760712683200836,-2.13571763038635,3.09233164787292,-1.6332391500473,K,7
OUTPUT,NaN,NaN,NaN,NaN,NaN,NaN

INPUT,0.386019825935364,0.0430032759904861,0.769538223743439,-2.1515793800354,3.08902955055237,-1.61156821250916,K,8
OUTPUT,NaN,NaN,NaN,NaN,NaN,NaN

INPUT,0.388619005680084,0.0433450415730476,0.774833500385284,-2.16124296188354,3.08706140518188,-1.59876310825348,K,9
OUTPUT,NaN,NaN,NaN,NaN,NaN,NaN

INPUT,0.374061852693558,0.0441536903381348,0.715849757194519,-2.19671487808228,3.04737138748169,-1.62520909309387,K,4
OUTPUT,NaN,NaN,NaN,NaN,NaN,NaN

INPUT,0.384382128715515,0.0461818277835846,0.731013476848602,-2.25549650192261,3.02959728240967,-1.56033658981323,K,5
OUTPUT,NaN,NaN,NaN,NaN,NaN,NaN

INPUT,0.39470237493515,0.048209972679615,0.746177196502686,-2.31516528129578,3.01224970817566,-1.49622929096222,K,6
OUTPUT,NaN,NaN,NaN,NaN,NaN,NaN

INPUT,0.402729243040085,0.049787413328886,0.757971227169037,-2.36198997497559,2.99909543991089,-1.44668984413147,K,7
OUTPUT,NaN,NaN,NaN,NaN,NaN,NaN

INPUT,0.408462703227997,0.0509141571819782,0.766395509243011,-2.39560604095459,2.98989963531494,-1.41141986846924,K,8
OUTPUT,NaN,NaN,NaN,NaN,NaN,NaN

INPUT,0.411902785301208,0.0515902042388916,0.771450102329254,-2.41583299636841,2.98446750640869,-1.39029252529144,K,9
OUTPUT,NaN,NaN,NaN,NaN,NaN,NaN

INPUT,0.358222424983978,0.0315160863101482,0.736501455307007,0.397653490304947,3.11144471168518,1.45106387138367,K,5
OUTPUT,NaN,NaN,NaN,NaN,NaN,NaN

INPUT,0.363476812839508,0.0310374200344086,0.750181198120117,0.315183460712433,3.10695433616638,1.52930808067322,K,6
OUTPUT,NaN,NaN,NaN,NaN,NaN,NaN

INPUT,0.367563545703888,0.0306651219725609,0.760820925235748,0.251374244689941,3.10361504554749,1.59050703048706,K,7
OUTPUT,NaN,NaN,NaN,NaN,NaN,NaN

INPUT,0.37048265337944,0.0303991958498955,0.768420815467834,0.205924049019814,3.10131978988647,1.63435316085815,K,8
OUTPUT,NaN,NaN,NaN,NaN,NaN,NaN

INPUT,0.372234106063843,0.0302396416664124,0.772980690002441,0.178694799542427,3.09998083114624,1.66070353984833,K,9
OUTPUT,NaN,NaN,NaN,NaN,NaN,NaN

INPUT,0.356111884117126,0.0293831117451191,0.733660519123077,0.95953243970871,3.1141791343689,1.5869927406311,K,12
OUTPUT,NaN,NaN,NaN,NaN,NaN,NaN

INPUT,0.360030561685562,0.0288412887603045,0.744968771934509,0.924068331718445,3.11133575439453,1.61756503582001,K,13
OUTPUT,NaN,NaN,NaN,NaN,NaN,NaN

INPUT,0.36394926905632,0.0282994657754898,0.756276965141296,0.889021039009094,3.10852479934692,1.64855694770813,K,14
OUTPUT,NaN,NaN,NaN,NaN,NaN,NaN

INPUT,0.367867946624756,0.0277576446533203,0.767585217952728,0.854288160800934,3.10575008392334,1.67986643314362,K,15
OUTPUT,NaN,NaN,NaN,NaN,NaN,NaN

INPUT,0.371394783258438,0.0272700041532516,0.777762591838837,0.823237776756287,3.10328602790833,1.70825684070587,K,16
OUTPUT,NaN,NaN,NaN,NaN,NaN,NaN

INPUT,0.374137848615646,0.0268907286226749,0.785678386688232,0.799198627471924,3.10139274597168,1.73045134544373,K,17
OUTPUT,NaN,NaN,NaN,NaN,NaN,NaN

INPUT,0.376097202301025,0.026619816198945,0.791332483291626,0.782078385353088,3.10005354881287,1.74635636806488,K,18
OUTPUT,NaN,NaN,NaN,NaN,NaN,NaN

INPUT,0.377272814512253,0.0264572706073523,0.794724941253662,0.771824538707733,3.09925532341003,1.75591790676117,K,19
OUTPUT,NaN,NaN,NaN,NaN,NaN,NaN

INPUT,0.377664685249329,0.0264030881226063,0.795855760574341,0.768409371376038,3.09899020195007,1.75910806655884,K,20
OUTPUT,NaN,NaN,NaN,NaN,NaN,NaN

INPUT,0.36378088593483,0.039361234754324,0.721926093101501,-2.50073266029358,3.08335638046265,-1.82055878639221,K,11
OUTPUT,NaN,NaN,NaN,NaN,NaN,NaN

INPUT,0.369062513113022,0.039929386228323,0.733185052871704,-2.5398256778717,3.07691884040833,-1.77960252761841,K,12
OUTPUT,NaN,NaN,NaN,NaN,NaN,NaN

INPUT,0.374344170093536,0.040497537702322,0.744444072246552,-2.57909464836121,3.07058501243591,-1.73880565166473,K,13
OUTPUT,NaN,NaN,NaN,NaN,NaN,NaN

INPUT,0.379625797271729,0.0410656854510307,0.755703091621399,-2.61849641799927,3.06436491012573,-1.69812393188477,K,14
OUTPUT,NaN,NaN,NaN,NaN,NaN,NaN

INPUT,0.384907454252243,0.0416338369250298,0.766962051391602,-2.65800261497498,3.05826830863953,-1.65752732753754,K,15
OUTPUT,NaN,NaN,NaN,NaN,NaN,NaN

INPUT,0.38966092467308,0.0421451739966869,0.777095139026642,-2.69362998008728,3.05289530754089,-1.62104511260986,K,16
OUTPUT,NaN,NaN,NaN,NaN,NaN,NaN

INPUT,0.393358081579208,0.0425428785383701,0.784976482391357,-2.72137999534607,3.04879570007324,-1.59269821643829,K,17
OUTPUT,NaN,NaN,NaN,NaN,NaN,NaN

INPUT,0.395998895168304,0.0428269542753696,0.790605962276459,-2.74122023582458,3.04591178894043,-1.57246255874634,K,18
OUTPUT,NaN,NaN,NaN,NaN,NaN,NaN

INPUT,0.397583395242691,0.0429974012076855,0.793983697891235,-2.75313115119934,3.0441997051239,-1.56032538414001,K,19
OUTPUT,NaN,NaN,NaN,NaN,NaN,NaN

INPUT,0.398111552000046,0.0430542156100273,0.795109570026398,-2.75710248947144,3.04363203048706,-1.55628037452698,K,20
OUTPUT,NaN,NaN,NaN,NaN,NaN,NaN

INPUT,0.36505788564682,0.0440739095211029,0.721935927867889,-2.11794424057007,3.08516359329224,-1.62916803359985,K,11
OUTPUT,NaN,NaN,NaN,NaN,NaN,NaN

INPUT,0.370489597320557,0.0451966188848019,0.733196139335632,-2.14534711837769,3.07875943183899,-1.59905624389648,K,12
OUTPUT,NaN,NaN,NaN,NaN,NaN,NaN

INPUT,0.375921338796616,0.0463193245232105,0.74445629119873,-2.17300534248352,3.07240700721741,-1.56918835639954,K,13
OUTPUT,NaN,NaN,NaN,NaN,NaN,NaN

INPUT,0.381353080272675,0.0474420338869095,0.755716443061829,-2.20085501670837,3.06611180305481,-1.53949916362762,K,14
OUTPUT,NaN,NaN,NaN,NaN,NaN,NaN

INPUT,0.386784791946411,0.0485647395253181,0.766976654529572,-2.22885227203369,3.05987906455994,-1.50994420051575,K,15
OUTPUT,NaN,NaN,NaN,NaN,NaN,NaN

INPUT,0.391673356294632,0.0495751798152924,0.777110815048218,-2.25415086746216,3.05432724952698,-1.48343312740326,K,16
OUTPUT,NaN,NaN,NaN,NaN,NaN,NaN

INPUT,0.395475566387177,0.0503610745072365,0.784992933273315,-2.27388215065002,3.05004930496216,-1.46285963058472,K,17
OUTPUT,NaN,NaN,NaN,NaN,NaN,NaN

INPUT,0.398191452026367,0.0509224273264408,0.790623009204865,-2.28800177574158,3.04701614379883,-1.44818508625031,K,18
OUTPUT,NaN,NaN,NaN,NaN,NaN,NaN

INPUT,0.399820953607559,0.0512592419981956,0.79400110244751,-2.29648280143738,3.04520583152771,-1.43938779830933,K,19
OUTPUT,NaN,NaN,NaN,NaN,NaN,NaN

INPUT,0.400364130735397,0.0513715110719204,0.795127093791962,-2.29931139945984,3.04460382461548,-1.43645644187927,K,20
OUTPUT,NaN,NaN,NaN,NaN,NaN,NaN

INPUT,0.374933689832687,0.0388849154114723,0.72057032585144,-2.54736566543579,3.05537748336792,-2.05343151092529,K,11
OUTPUT,NaN,NaN,NaN,NaN,NaN,NaN

INPUT,0.381527751684189,0.0393972471356392,0.731668829917908,-2.57600617408752,3.04558277130127,-2.02390241622925,K,12
OUTPUT,NaN,NaN,NaN,NaN,NaN,NaN

INPUT,0.388121843338013,0.0399095751345158,0.74276739358902,-2.6047420501709,3.03586912155151,-1.99444127082825,K,13
OUTPUT,NaN,NaN,NaN,NaN,NaN,NaN

INPUT,0.394715875387192,0.0404219068586826,0.753865897655487,-2.63355374336243,3.0262451171875,-1.96502614021301,K,14
OUTPUT,NaN,NaN,NaN,NaN,NaN,NaN

INPUT,0.401309967041016,0.0409342385828495,0.764964461326599,-2.6624276638031,3.01671838760376,-1.93564116954803,K,15
OUTPUT,NaN,NaN,NaN,NaN,NaN,NaN

INPUT,0.407244622707367,0.0413953363895416,0.774953126907349,-2.68845987319946,3.00823450088501,-1.90921115875244,K,16
OUTPUT,NaN,NaN,NaN,NaN,NaN,NaN

INPUT,0.411860466003418,0.0417539663612843,0.782722115516663,-2.70873403549194,3.00169897079468,-1.88866066932678,K,17
OUTPUT,NaN,NaN,NaN,NaN,NaN,NaN

INPUT,0.415157496929169,0.0420101322233677,0.788271367549896,-2.72322869300842,2.99706625938416,-1.87398374080658,K,18
OUTPUT,NaN,NaN,NaN,NaN,NaN,NaN

INPUT,0.417135715484619,0.0421638302505016,0.791600942611694,-2.73193073272705,2.99430131912231,-1.86517798900604,K,19
OUTPUT,NaN,NaN,NaN,NaN,NaN,NaN

INPUT,0.417795121669769,0.0422150641679764,0.792710781097412,-2.73483204841614,2.9933819770813,-1.86224281787872,K,20
OUTPUT,NaN,NaN,NaN,NaN,NaN,NaN

INPUT,0.362456768751144,0.0351342931389809,0.721543669700623,-2.61045265197754,3.10899209976196,-1.9344242811203,K,11
OUTPUT,NaN,NaN,NaN,NaN,NaN,NaN

INPUT,0.367581874132156,0.0352050699293613,0.732759177684784,-2.64876127243042,3.10543990135193,-1.89320707321167,K,12
OUTPUT,NaN,NaN,NaN,NaN,NaN,NaN

INPUT,0.372706949710846,0.0352758504450321,0.743974626064301,-2.68733072280884,3.10194492340088,-1.85224592685699,K,13
OUTPUT,NaN,NaN,NaN,NaN,NaN,NaN

INPUT,0.377832055091858,0.0353466272354126,0.755190074443817,-2.72609519958496,3.09851264953613,-1.81147444248199,K,14
OUTPUT,NaN,NaN,NaN,NaN,NaN,NaN

INPUT,0.382957130670547,0.0354174040257931,0.766405522823334,-2.76500940322876,3.09514832496643,-1.77084672451019,K,15
OUTPUT,NaN,NaN,NaN,NaN,NaN,NaN

INPUT,0.387569725513458,0.0354811027646065,0.776499450206757,-2.80013370513916,3.09218311309814,-1.73437786102295,K,16
OUTPUT,NaN,NaN,NaN,NaN,NaN,NaN

INPUT,0.391157269477844,0.035530649125576,0.784350275993347,-2.82750701904297,3.08992028236389,-1.70606434345245,K,17
OUTPUT,NaN,NaN,NaN,NaN,NaN,NaN

INPUT,0.39371982216835,0.0355660356581211,0.789958000183105,-2.84708476066589,3.08832836151123,-1.68586349487305,K,18
OUTPUT,NaN,NaN,NaN,NaN,NaN,NaN

INPUT,0.395257353782654,0.0355872698128223,0.793322682380676,-2.85884070396423,3.08738327026367,-1.67375147342682,K,19
OUTPUT,NaN,NaN,NaN,NaN,NaN,NaN

INPUT,0.395769864320755,0.0355943478643894,0.79444420337677,-2.86276054382324,3.08706998825073,-1.6697154045105,K,20
OUTPUT,NaN,NaN,NaN,NaN,NaN,NaN

INPUT,0.358688086271286,0.03676613047719,0.722483158111572,-2.31305742263794,3.12929749488831,-1.85826444625854,K,11
OUTPUT,NaN,NaN,NaN,NaN,NaN,NaN

INPUT,0.363369971513748,0.0370286740362644,0.733809113502502,-2.33455038070679,3.12797689437866,-1.82627308368683,K,12
OUTPUT,NaN,NaN,NaN,NaN,NaN,NaN

INPUT,0.368051826953888,0.0372912138700485,0.745135128498077,-2.35696911811829,3.12666583061218,-1.79520690441132,K,13
OUTPUT,NaN,NaN,NaN,NaN,NaN,NaN

INPUT,0.372733682394028,0.0375537574291229,0.756461083889008,-2.38008379936218,3.12536525726318,-1.76483631134033,K,14
OUTPUT,NaN,NaN,NaN,NaN,NaN,NaN

INPUT,0.37741556763649,0.037816297262907,0.767787098884583,-2.40373516082764,3.12407612800598,-1.73500192165375,K,15
OUTPUT,NaN,NaN,NaN,NaN,NaN,NaN

INPUT,0.381629228591919,0.0380525849759579,0.777980446815491,-2.42538499832153,3.12292623519897,-1.70851397514343,K,16
OUTPUT,NaN,NaN,NaN,NaN,NaN,NaN

INPUT,0.384906530380249,0.0382363647222519,0.785908639431,-2.44242000579834,3.1220395565033,-1.68810820579529,K,17
OUTPUT,NaN,NaN,NaN,NaN,NaN,NaN

INPUT,0.38724747300148,0.0383676365017891,0.79157167673111,-2.45467829704285,3.12141013145447,-1.67362284660339,K,18
OUTPUT,NaN,NaN,NaN,NaN,NaN,NaN

INPUT,0.38865202665329,0.0384463965892792,0.794969439506531,-2.46206593513489,3.1210343837738,-1.66496431827545,K,19
OUTPUT,NaN,NaN,NaN,NaN,NaN,NaN

INPUT,0.389120221138,0.0384726524353027,0.796102046966553,-2.46453380584717,3.12090921401978,-1.6620831489563,K,20
OUTPUT,NaN,NaN,NaN,NaN,NaN,NaN

INPUT,0.365201473236084,0.0412042289972305,0.720625877380371,-2.35806465148926,3.0810923576355,-1.68690633773804,K,11
OUTPUT,NaN,NaN,NaN,NaN,NaN,NaN

INPUT,0.370649397373199,0.0419891364872456,0.731733620166779,-2.39638686180115,3.07438611984253,-1.64623618125916,K,12
OUTPUT,NaN,NaN,NaN,NaN,NaN,NaN

INPUT,0.376097321510315,0.0427740477025509,0.742841362953186,-2.43492937088013,3.06778478622437,-1.60576891899109,K,13
OUTPUT,NaN,NaN,NaN,NaN,NaN,NaN

INPUT,0.38154524564743,0.0435589551925659,0.753949105739594,-2.47363829612732,3.06129837036133,-1.56544899940491,K,14
OUTPUT,NaN,NaN,NaN,NaN,NaN,NaN

INPUT,0.386993169784546,0.0443438626825809,0.765056848526001,-2.51247668266296,3.05493712425232,-1.52523803710938,K,15
OUTPUT,NaN,NaN,NaN,NaN,NaN,NaN

INPUT,0.391896307468414,0.0450502820312977,0.775053858757019,-2.54752063751221,3.04932737350464,-1.48911905288696,K,16
OUTPUT,NaN,NaN,NaN,NaN,NaN,NaN

INPUT,0.395709842443466,0.0455997176468372,0.782829284667969,-2.57482624053955,3.04504442214966,-1.46106314659119,K,17
OUTPUT,NaN,NaN,NaN,NaN,NaN,NaN

INPUT,0.398433804512024,0.0459921732544899,0.78838312625885,-2.59435319900513,3.04203033447266,-1.44103920459747,K,18
OUTPUT,NaN,NaN,NaN,NaN,NaN,NaN

INPUT,0.400068193674088,0.0462276451289654,0.791715443134308,-2.60607767105103,3.04024028778076,-1.42903053760529,K,19
OUTPUT,NaN,NaN,NaN,NaN,NaN,NaN

INPUT,0.400612980127335,0.046306136995554,0.792826235294342,-2.60998725891113,3.03964686393738,-1.42502856254578,K,20
OUTPUT,NaN,NaN,NaN,NaN,NaN,NaN

INPUT,0.379601895809174,0.0481750518083572,0.719676196575165,-2.29777932167053,3.01749110221863,-1.58377742767334,K,11
OUTPUT,NaN,NaN,NaN,NaN,NaN,NaN

INPUT,0.386745303869247,0.04978022351861,0.730669558048248,-2.33933019638062,3.00371313095093,-1.54110097885132,K,12
OUTPUT,NaN,NaN,NaN,NaN,NaN,NaN

INPUT,0.393888711929321,0.0513853915035725,0.741662979125977,-2.38102197647095,2.99017906188965,-1.49848604202271,K,13
OUTPUT,NaN,NaN,NaN,NaN,NaN,NaN

INPUT,0.401032119989395,0.0529905594885349,0.752656400203705,-2.42283153533936,2.97691321372986,-1.45590353012085,K,14
OUTPUT,NaN,NaN,NaN,NaN,NaN,NaN

INPUT,0.408175528049469,0.0545957274734974,0.763649761676788,-2.46474385261536,2.96393942832947,-1.41333210468292,K,15
OUTPUT,NaN,NaN,NaN,NaN,NaN,NaN

INPUT,0.414604604244232,0.0560403801500797,0.773543834686279,-2.50254440307617,2.95253229141235,-1.3750147819519,K,16
OUTPUT,NaN,NaN,NaN,NaN,NaN,NaN

INPUT,0.419604957103729,0.0571639984846115,0.781239211559296,-2.53199315071106,2.94384765625,-1.34520471096039,K,17
OUTPUT,NaN,NaN,NaN,NaN,NaN,NaN

INPUT,0.423176676034927,0.0579665824770927,0.786735951900482,-2.5530526638031,2.93774938583374,-1.32390570640564,K,18
OUTPUT,NaN,NaN,NaN,NaN,NaN,NaN

INPUT,0.425319701433182,0.0584481358528137,0.790033936500549,-2.56569814682007,2.93413400650024,-1.31112325191498,K,19
OUTPUT,NaN,NaN,NaN,NaN,NaN,NaN

INPUT,0.426034033298492,0.0586086511611938,0.791133284568787,-2.56991481781006,2.93293619155884,-1.3068619966507,K,20
OUTPUT,NaN,NaN,NaN,NaN,NaN,NaN

INPUT,0.35215836763382,0.0293308421969414,0.732847392559052,0.718151688575745,3.09040546417236,1.39100897312164,K,12
OUTPUT,NaN,NaN,NaN,NaN,NaN,NaN

INPUT,0.355660527944565,0.0287834107875824,0.744070768356323,0.681667029857635,3.08517050743103,1.42536616325378,K,13
OUTPUT,NaN,NaN,NaN,NaN,NaN,NaN

INPUT,0.359162658452988,0.0282359812408686,0.75529420375824,0.645356774330139,3.08000612258911,1.45990812778473,K,14
OUTPUT,NaN,NaN,NaN,NaN,NaN,NaN

INPUT,0.362664788961411,0.0276885498315096,0.766517579555511,0.609176874160767,3.07491898536682,1.49459147453308,K,15
OUTPUT,NaN,NaN,NaN,NaN,NaN,NaN

INPUT,0.365816712379456,0.0271958615630865,0.776618659496307,0.576700568199158,3.07041192054749,1.52590239048004,K,16
OUTPUT,NaN,NaN,NaN,NaN,NaN,NaN

INPUT,0.368268221616745,0.0268126614391804,0.784475028514862,0.551486074924469,3.06695628166199,1.55030715465546,K,17
OUTPUT,NaN,NaN,NaN,NaN,NaN,NaN

INPUT,0.370019286870956,0.0265389457345009,0.79008674621582,0.533495843410492,3.0645158290863,1.56776309013367,K,18
OUTPUT,NaN,NaN,NaN,NaN,NaN,NaN

INPUT,0.371069937944412,0.0263747163116932,0.793453752994537,0.522708892822266,3.06306314468384,1.57824540138245,K,19
OUTPUT,NaN,NaN,NaN,NaN,NaN,NaN

INPUT,0.37142014503479,0.0263199731707573,0.794576108455658,0.519114255905151,3.06258082389832,1.58174097537994,K,20
OUTPUT,NaN,NaN,NaN,NaN,NaN,NaN

INPUT,0.37273907661438,0.039780717343092,0.73182886838913,-2.56721234321594,3.07215905189514,-1.762171626091,K,5
OUTPUT,NaN,NaN,NaN,NaN,NaN,NaN

INPUT,0.381220400333405,0.0406950451433659,0.747444450855255,-2.63488292694092,3.06151723861694,-1.68741488456726,K,6
OUTPUT,NaN,NaN,NaN,NaN,NaN,NaN

INPUT,0.387816965579987,0.041406188160181,0.759589850902557,-2.68811821937561,3.05351758003235,-1.62983250617981,K,7
OUTPUT,NaN,NaN,NaN,NaN,NaN,NaN

INPUT,0.392528831958771,0.0419141501188278,0.768265187740326,-2.72637915611267,3.04796743392944,-1.58891475200653,K,8
OUTPUT,NaN,NaN,NaN,NaN,NaN,NaN

INPUT,0.39535591006279,0.0422189235687256,0.773470401763916,-2.74941301345825,3.04470682144165,-1.56443166732788,K,9
OUTPUT,NaN,NaN,NaN,NaN,NaN,NaN

INPUT,0.374518752098083,0.044955775141716,0.731842398643494,-2.16752147674561,3.0736358165741,-1.58946645259857,K,5
OUTPUT,NaN,NaN,NaN,NaN,NaN,NaN

INPUT,0.383358925580978,0.0467451959848404,0.747458755970001,-2.21432113647461,3.06293272972107,-1.53316462039948,K,6
OUTPUT,NaN,NaN,NaN,NaN,NaN,NaN

INPUT,0.390234589576721,0.0481369681656361,0.759604811668396,-2.25137329101563,3.05478572845459,-1.49035024642944,K,7
OUTPUT,NaN,NaN,NaN,NaN,NaN,NaN

INPUT,0.395145773887634,0.049131091684103,0.768280506134033,-2.27799391746521,3.04908466339111,-1.46025049686432,K,8
OUTPUT,NaN,NaN,NaN,NaN,NaN,NaN

INPUT,0.39809250831604,0.0497275628149509,0.773485958576202,-2.29398274421692,3.0457170009613,-1.44238102436066,K,9
OUTPUT,NaN,NaN,NaN,NaN,NaN,NaN

INPUT,0.375379621982574,0.0381377749145031,0.715983271598816,-2.5365571975708,3.05537629127502,-2.05688452720642,K,4
OUTPUT,NaN,NaN,NaN,NaN,NaN,NaN

INPUT,0.385889232158661,0.0389077588915825,0.731057405471802,-2.58942866325378,3.03846740722656,-2.00540947914124,K,5
OUTPUT,NaN,NaN,NaN,NaN,NaN,NaN

INPUT,0.396398901939392,0.0396777428686619,0.746131539344788,-2.64214968681335,3.02183890342712,-1.95369398593903,K,6
OUTPUT,NaN,NaN,NaN,NaN,NaN,NaN

INPUT,0.404573053121567,0.0402766205370426,0.757855892181396,-2.68291664123535,3.00918626785278,-1.91353356838226,K,7
OUTPUT,NaN,NaN,NaN,NaN,NaN,NaN

INPUT,0.41041174530983,0.0407043881714344,0.766230404376984,-2.71184110641479,3.0003354549408,-1.88497447967529,K,8
OUTPUT,NaN,NaN,NaN,NaN,NaN,NaN

INPUT,0.413914948701859,0.0409610494971275,0.771255135536194,-2.72909808158875,2.99510908126831,-1.86791443824768,K,9
OUTPUT,NaN,NaN,NaN,NaN,NaN,NaN

INPUT,0.371438980102539,0.0350700840353966,0.731123149394989,-2.67880153656006,3.1026246547699,-1.87832844257355,K,5
OUTPUT,NaN,NaN,NaN,NaN,NaN,NaN

INPUT,0.379820883274078,0.0351508259773254,0.74672943353653,-2.74402213096619,3.09682083129883,-1.8022392988205,K,6
OUTPUT,NaN,NaN,NaN,NaN,NaN,NaN

INPUT,0.386340141296387,0.0352136269211769,0.758867621421814,-2.79562878608704,3.09245896339417,-1.7439261674881,K,7
OUTPUT,NaN,NaN,NaN,NaN,NaN,NaN

INPUT,0.390996754169464,0.0352584831416607,0.767537772655487,-2.83283281326294,3.08943319320679,-1.70260894298553,K,8
OUTPUT,NaN,NaN,NaN,NaN,NaN,NaN

INPUT,0.393790721893311,0.0352853983640671,0.772739887237549,-2.85526633262634,3.08765578269958,-1.67792689800262,K,9
OUTPUT,NaN,NaN,NaN,NaN,NaN,NaN

INPUT,0.36726838350296,0.0370442233979702,0.732045888900757,-2.37188363075256,3.12652230262756,-1.83331000804901,K,5
OUTPUT,NaN,NaN,NaN,NaN,NaN,NaN

INPUT,0.375018984079361,0.0374651663005352,0.747907638549805,-2.40242147445679,3.12445902824402,-1.76837086677551,K,6
OUTPUT,NaN,NaN,NaN,NaN,NaN,NaN

INPUT,0.38104721903801,0.0377925634384155,0.76024454832077,-2.42867517471313,3.12288427352905,-1.72064161300659,K,7
OUTPUT,NaN,NaN,NaN,NaN,NaN,NaN

INPUT,0.385353118181229,0.0380264222621918,0.769056618213654,-2.44836330413818,3.1217794418335,-1.68775522708893,K,8
OUTPUT,NaN,NaN,NaN,NaN,NaN,NaN

INPUT,0.387936651706696,0.0381667353212833,0.774343907833099,-2.46046113967896,3.1211256980896,-1.66845095157623,K,9
OUTPUT,NaN,NaN,NaN,NaN,NaN,NaN

INPUT,0.37440949678421,0.0417858734726906,0.730244040489197,-2.42438125610352,3.06931281089783,-1.63015520572662,K,5
OUTPUT,NaN,NaN,NaN,NaN,NaN,NaN

INPUT,0.383211135864258,0.0430417321622372,0.745611011981964,-2.49036264419556,3.05825614929199,-1.5555305480957,K,6
OUTPUT,NaN,NaN,NaN,NaN,NaN,NaN

INPUT,0.390056848526001,0.0440185107290745,0.75756311416626,-2.54241275787354,3.04993748664856,-1.49817669391632,K,7
OUTPUT,NaN,NaN,NaN,NaN,NaN,NaN

INPUT,0.394946664571762,0.0447162091732025,0.766100347042084,-2.57987713813782,3.04416131973267,-1.45747053623199,K,8
OUTPUT,NaN,NaN,NaN,NaN,NaN,NaN

INPUT,0.397880524396896,0.0451348274946213,0.771222651004791,-2.60244917869568,3.04076647758484,-1.43313002586365,K,9
OUTPUT,NaN,NaN,NaN,NaN,NaN,NaN

INPUT,0.380201697349548,0.0464644208550453,0.716088593006134,-2.28733086585999,3.0157835483551,-1.59420168399811,K,4
OUTPUT,NaN,NaN,NaN,NaN,NaN,NaN

INPUT,0.391411483287811,0.0490857288241386,0.73077404499054,-2.36168146133423,2.99257946014404,-1.51806724071503,K,5
OUTPUT,NaN,NaN,NaN,NaN,NaN,NaN

INPUT,0.402621328830719,0.0517070442438126,0.74545955657959,-2.4363968372345,2.97021698951721,-1.44204151630402,K,6
OUTPUT,NaN,NaN,NaN,NaN,NaN,NaN

INPUT,0.411340057849884,0.0537458397448063,0.756881594657898,-2.49471163749695,2.95348811149597,-1.3829185962677,K,7
OUTPUT,NaN,NaN,NaN,NaN,NaN,NaN

INPUT,0.417567729949951,0.0552021227777004,0.765040218830109,-2.536461353302,2.9419310092926,-1.34067320823669,K,8
OUTPUT,NaN,NaN,NaN,NaN,NaN,NaN

INPUT,0.42130434513092,0.056075893342495,0.769935369491577,-2.56154704093933,2.93516325950623,-1.31531631946564,K,9
OUTPUT,NaN,NaN,NaN,NaN,NaN,NaN

INPUT,0.362300455570221,0.0292255450040102,0.737834751605988,0.939111173152924,3.11121320724487,1.63529586791992,K,5
OUTPUT,NaN,NaN,NaN,NaN,NaN,NaN

INPUT,0.368052035570145,0.0284225773066282,0.751528859138489,0.87536484003067,3.10669708251953,1.67823970317841,K,6
OUTPUT,NaN,NaN,NaN,NaN,NaN,NaN

INPUT,0.37252551317215,0.0277980454266071,0.762179791927338,0.827681362628937,3.10326647758484,1.71315550804138,K,7
OUTPUT,NaN,NaN,NaN,NaN,NaN,NaN

INPUT,0.375720858573914,0.0273519530892372,0.769787609577179,0.794486045837402,3.10087037086487,1.73858487606049,K,8
OUTPUT,NaN,NaN,NaN,NaN,NaN,NaN

INPUT,0.377638041973114,0.0270842965692282,0.774352312088013,0.774889647960663,3.09945702552795,1.75396645069122,K,9
OUTPUT,NaN,NaN,NaN,NaN,NaN,NaN

INPUT,0.358041614294052,0.0292765256017447,0.736468553543091,0.685123682022095,3.08508014678955,1.43183398246765,K,5
OUTPUT,NaN,NaN,NaN,NaN,NaN,NaN

INPUT,0.363351315259933,0.0284941028803587,0.750209748744965,0.624286770820618,3.07672882080078,1.48553276062012,K,6
OUTPUT,NaN,NaN,NaN,NaN,NaN,NaN

INPUT,0.367481082677841,0.027885552495718,0.76089733839035,0.577782332897186,3.07041239738464,1.52765166759491,K,7
OUTPUT,NaN,NaN,NaN,NaN,NaN,NaN

INPUT,0.370430916547775,0.0274508725851774,0.768531322479248,0.545024752616882,3.06601762771606,1.55774021148682,K,8
OUTPUT,NaN,NaN,NaN,NaN,NaN,NaN

INPUT,0.372200816869736,0.0271900650113821,0.773111760616302,0.525566279888153,3.0634331703186,1.57574939727783,K,9
OUTPUT,NaN,NaN,NaN,NaN,NaN,NaN

INPUT,0.358735084533691,0.0403547883033752,0.722423076629639,-2.1869478225708,3.11109375953674,-1.85262298583984,K,11
OUTPUT,NaN,NaN,NaN,NaN,NaN,NaN

INPUT,0.363423317670822,0.0410400331020355,0.733739614486694,-2.20466637611389,3.10761308670044,-1.83080744743347,K,12
OUTPUT,NaN,NaN,NaN,NaN,NaN,NaN

INPUT,0.368111580610275,0.0417252779006958,0.74505615234375,-2.22273755073547,3.10415077209473,-1.80940425395966,K,13
OUTPUT,NaN,NaN,NaN,NaN,NaN,NaN

INPUT,0.372799843549728,0.0424105189740658,0.756372630596161,-2.24104785919189,3.10071134567261,-1.78833079338074,K,14
OUTPUT,NaN,NaN,NaN,NaN,NaN,NaN

INPUT,0.377488106489182,0.0430957637727261,0.767689168453217,-2.25951552391052,3.09729814529419,-1.76753497123718,K,15
OUTPUT,NaN,NaN,NaN,NaN,NaN,NaN

INPUT,0.381707519292831,0.0437124818563461,0.777873992919922,-2.2762188911438,3.09425210952759,-1.74902868270874,K,16
OUTPUT,NaN,NaN,NaN,NaN,NaN,NaN

INPUT,0.38498929142952,0.0441921539604664,0.785795569419861,-2.28923988342285,3.09190154075623,-1.73476207256317,K,17
OUTPUT,NaN,NaN,NaN,NaN,NaN,NaN

INPUT,0.387333422899246,0.0445347763597965,0.791453838348389,-2.2985475063324,3.09023332595825,-1.72463667392731,K,18
OUTPUT,NaN,NaN,NaN,NaN,NaN,NaN

INPUT,0.388739913702011,0.0447403490543365,0.794848799705505,-2.30413269996643,3.08923673629761,-1.71858704090118,K,19
OUTPUT,NaN,NaN,NaN,NaN,NaN,NaN

INPUT,0.389208734035492,0.0448088720440865,0.795980453491211,-2.30599427223206,3.08890533447266,-1.71657466888428,K,20
OUTPUT,NaN,NaN,NaN,NaN,NaN,NaN

INPUT,0.359375506639481,0.0363977253437042,0.722303032875061,-1.94559288024902,3.12948632240295,-1.7549649477005,K,11
OUTPUT,NaN,NaN,NaN,NaN,NaN,NaN

INPUT,0.364138841629028,0.036617211997509,0.733606576919556,-1.9503436088562,3.12813973426819,-1.7372715473175,K,12
OUTPUT,NaN,NaN,NaN,NaN,NaN,NaN

INPUT,0.368902206420898,0.0368367023766041,0.744910061359406,-1.95626842975616,3.12679529190063,-1.72076344490051,K,13
OUTPUT,NaN,NaN,NaN,NaN,NaN,NaN

INPUT,0.373665571212769,0.0370561890304089,0.7562136054039,-1.96306896209717,3.12545299530029,-1.7051477432251,K,14
OUTPUT,NaN,NaN,NaN,NaN,NaN,NaN

INPUT,0.378428936004639,0.0372756756842136,0.767517149448395,-1.97053825855255,3.12411403656006,-1.6902232170105,K,15
OUTPUT,NaN,NaN,NaN,NaN,NaN,NaN

INPUT,0.382715970277786,0.0374732166528702,0.777690291404724,-1.97770845890045,3.12291216850281,-1.67726278305054,K,16
OUTPUT,NaN,NaN,NaN,NaN,NaN,NaN

INPUT,0.386050313711166,0.0376268588006496,0.785602807998657,-1.98352348804474,3.12197971343994,-1.66743886470795,K,17
OUTPUT,NaN,NaN,NaN,NaN,NaN,NaN

INPUT,0.388431996107101,0.037736602127552,0.79125452041626,-1.98778581619263,3.12131476402283,-1.66054141521454,K,18
OUTPUT,NaN,NaN,NaN,NaN,NaN,NaN

INPUT,0.389861017465591,0.0378024466335773,0.794645607471466,-1.99038207530975,3.12091660499573,-1.65644645690918,K,19
OUTPUT,NaN,NaN,NaN,NaN,NaN,NaN

INPUT,0.390337347984314,0.0378243960440159,0.795775949954987,-1.99125349521637,3.12078380584717,-1.65508830547333,K,20
OUTPUT,NaN,NaN,NaN,NaN,NaN,NaN

INPUT,0.368054509162903,0.0409381501376629,0.721482396125793,-2.32285213470459,3.07038640975952,-1.69921267032623,K,11
OUTPUT,NaN,NaN,NaN,NaN,NaN,NaN

INPUT,0.373838245868683,0.0416916534304619,0.732690393924713,-2.35857534408569,3.06242346763611,-1.66151738166809,K,12
OUTPUT,NaN,NaN,NaN,NaN,NaN,NaN

INPUT,0.379622012376785,0.0424451529979706,0.743898391723633,-2.3944890499115,3.05456709861755,-1.62398982048035,K,13
OUTPUT,NaN,NaN,NaN,NaN,NaN,NaN

INPUT,0.385405719280243,0.0431986562907696,0.755106389522552,-2.43054819107056,3.04682803153992,-1.58658242225647,K,14
OUTPUT,NaN,NaN,NaN,NaN,NaN,NaN

INPUT,0.391189485788345,0.0439521558582783,0.766314387321472,-2.466721534729,3.03921675682068,-1.5492627620697,K,15
OUTPUT,NaN,NaN,NaN,NaN,NaN,NaN

INPUT,0.396394848823547,0.0446303077042103,0.77640163898468,-2.49935746192932,3.03248405456543,-1.51573061943054,K,16
OUTPUT,NaN,NaN,NaN,NaN,NaN,NaN

INPUT,0.400443464517593,0.0451577566564083,0.784247219562531,-2.52478528022766,3.02732968330383,-1.48967790603638,K,17
OUTPUT,NaN,NaN,NaN,NaN,NaN,NaN

INPUT,0.403335332870483,0.045534510165453,0.789851188659668,-2.54296946525574,3.02369403839111,-1.47108101844788,K,18
OUTPUT,NaN,NaN,NaN,NaN,NaN,NaN

INPUT,0.405070453882217,0.0457605570554733,0.793213605880737,-2.55388760566711,3.02153158187866,-1.45992684364319,K,19
OUTPUT,NaN,NaN,NaN,NaN,NaN,NaN

INPUT,0.405648827552795,0.0458359085023403,0.794334411621094,-2.55752825737,3.02081394195557,-1.45620942115784,K,20
OUTPUT,NaN,NaN,NaN,NaN,NaN,NaN

INPUT,0.36716228723526,0.0409790650010109,0.732046246528625,-2.22348570823669,3.10473942756653,-1.82841742038727,K,5
OUTPUT,NaN,NaN,NaN,NaN,NaN,NaN

INPUT,0.374844700098038,0.0420765615999699,0.747872591018677,-2.25200700759888,3.09897661209106,-1.78678667545319,K,6
OUTPUT,NaN,NaN,NaN,NaN,NaN,NaN

INPUT,0.380819886922836,0.0429301708936691,0.760181903839111,-2.27525091171265,3.09453821182251,-1.75557291507721,K,7
OUTPUT,NaN,NaN,NaN,NaN,NaN,NaN

INPUT,0.385087877511978,0.0435398928821087,0.768974304199219,-2.29223704338074,3.09139752388,-1.73376631736755,K,8
OUTPUT,NaN,NaN,NaN,NaN,NaN,NaN

INPUT,0.387648671865463,0.0439057275652885,0.774249732494354,-2.30254316329956,3.08952665328979,-1.7208526134491,K,9
OUTPUT,NaN,NaN,NaN,NaN,NaN,NaN

INPUT,0.368154853582382,0.0365416556596756,0.731826484203339,-1.98745262622833,3.12674784660339,-1.76191008090973,K,5
OUTPUT,NaN,NaN,NaN,NaN,NaN,NaN

INPUT,0.37607941031456,0.0368666760623455,0.747649848461151,-1.98465394973755,3.12459826469421,-1.71925246715546,K,6
OUTPUT,NaN,NaN,NaN,NaN,NaN,NaN

INPUT,0.382242918014526,0.0371194742619991,0.759956896305084,-1.98609530925751,3.12292718887329,-1.68971216678619,K,7
OUTPUT,NaN,NaN,NaN,NaN,NaN,NaN

INPUT,0.386645466089249,0.0373000390827656,0.768747687339783,-1.98856937885284,3.12173557281494,-1.67007637023926,K,8
OUTPUT,NaN,NaN,NaN,NaN,NaN,NaN

INPUT,0.38928696513176,0.0374083817005157,0.774022102355957,-1.99052929878235,3.12102174758911,-1.65878069400787,K,9
OUTPUT,NaN,NaN,NaN,NaN,NaN,NaN

INPUT,0.368508875370026,0.0401119403541088,0.716099500656128,-2.32135796546936,3.06986308097839,-1.71440815925598,K,4
OUTPUT,NaN,NaN,NaN,NaN,NaN,NaN

INPUT,0.377807915210724,0.0412753783166409,0.731553196907043,-2.38256549835205,3.05632877349854,-1.64486396312714,K,5
OUTPUT,NaN,NaN,NaN,NaN,NaN,NaN

INPUT,0.387106955051422,0.0424388162791729,0.747006893157959,-2.44494080543518,3.04315757751465,-1.57641291618347,K,6
OUTPUT,NaN,NaN,NaN,NaN,NaN,NaN

INPUT,0.39433953166008,0.0433437153697014,0.759026408195496,-2.49398684501648,3.03320050239563,-1.52364790439606,K,7
OUTPUT,NaN,NaN,NaN,NaN,NaN,NaN

INPUT,0.39950567483902,0.0439900681376457,0.767611801624298,-2.52923035621643,3.02625846862793,-1.48613619804382,K,8
OUTPUT,NaN,NaN,NaN,NaN,NaN,NaN

INPUT,0.402605354785919,0.0443778820335865,0.772763013839722,-2.55044603347778,3.02216577529907,-1.46368503570557,K,9
OUTPUT,NaN,NaN,NaN,NaN,NaN,NaN

INPUT,0.351454377174377,0.0291822645813227,0.733199834823608,0.789927542209625,3.08407258987427,1.39872086048126,K,12
OUTPUT,NaN,NaN,NaN,NaN,NaN,NaN

INPUT,0.354882478713989,0.0286191627383232,0.74446052312851,0.756871163845062,3.07815384864807,1.42976772785187,K,13
OUTPUT,NaN,NaN,NaN,NaN,NaN,NaN

INPUT,0.358310610055923,0.0280560608953238,0.755721151828766,0.723979413509369,3.07230043411255,1.46099138259888,K,14
OUTPUT,NaN,NaN,NaN,NaN,NaN,NaN

INPUT,0.361738711595535,0.0274929590523243,0.766981840133667,0.691210329532623,3.06651830673218,1.49235057830811,K,15
OUTPUT,NaN,NaN,NaN,NaN,NaN,NaN

INPUT,0.364823997020721,0.0269861686974764,0.777116417884827,0.661798715591431,3.06137990951538,1.52066612243652,K,16
OUTPUT,NaN,NaN,NaN,NaN,NaN,NaN

INPUT,0.367223680019379,0.0265919975936413,0.784998893737793,0.638964891433716,3.05742931365967,1.5427393913269,K,17
OUTPUT,NaN,NaN,NaN,NaN,NaN,NaN

INPUT,0.368937730789185,0.026310445740819,0.790629208087921,0.622673809528351,3.05463337898254,1.55852937698364,K,18
OUTPUT,NaN,NaN,NaN,NaN,NaN,NaN

INPUT,0.369966149330139,0.0261415168642998,0.794007420539856,0.61290580034256,3.05296635627747,1.56801176071167,K,19
OUTPUT,NaN,NaN,NaN,NaN,NaN,NaN

INPUT,0.370308965444565,0.0260852053761482,0.795133471488953,0.609650790691376,3.05241250991821,1.57117402553558,K,20
OUTPUT,NaN,NaN,NaN,NaN,NaN,NaN

INPUT,0.369577497243881,0.0417350567877293,0.720370352268219,-2.39598059654236,3.066166639328,-1.70310461521149,K,11
OUTPUT,NaN,NaN,NaN,NaN,NaN,NaN

INPUT,0.375540286302567,0.0425822958350182,0.731447577476501,-2.43587565422058,3.05781030654907,-1.66141796112061,K,12
OUTPUT,NaN,NaN,NaN,NaN,NaN,NaN

INPUT,0.381503105163574,0.0434295311570168,0.742524862289429,-2.4759464263916,3.04959321022034,-1.61987841129303,K,13
OUTPUT,NaN,NaN,NaN,NaN,NaN,NaN

INPUT,0.38746589422226,0.0442767702043056,0.753602087497711,-2.51615166664124,3.04152917861938,-1.57844316959381,K,14
OUTPUT,NaN,NaN,NaN,NaN,NaN,NaN

INPUT,0.393428683280945,0.0451240055263042,0.764679312705994,-2.55646419525146,3.03363156318665,-1.53708231449127,K,15
OUTPUT,NaN,NaN,NaN,NaN,NaN,NaN

INPUT,0.398795187473297,0.0458865202963352,0.77464884519577,-2.59282112121582,3.02667713165283,-1.49990367889404,K,16
OUTPUT,NaN,NaN,NaN,NaN,NaN,NaN

INPUT,0.402969151735306,0.0464795865118504,0.78240293264389,-2.62114119529724,3.02137470245361,-1.47100949287415,K,17
OUTPUT,NaN,NaN,NaN,NaN,NaN,NaN

INPUT,0.405950546264648,0.0469032041728497,0.787941575050354,-2.64139008522034,3.01764702796936,-1.45038020610809,K,18
OUTPUT,NaN,NaN,NaN,NaN,NaN,NaN

INPUT,0.407739371061325,0.0471573732793331,0.791264712810516,-2.6535472869873,3.01543521881104,-1.43800580501556,K,19
OUTPUT,NaN,NaN,NaN,NaN,NaN,NaN

INPUT,0.408335655927658,0.047242097556591,0.792372465133667,-2.65760087966919,3.0147020816803,-1.43388140201569,K,20
OUTPUT,NaN,NaN,NaN,NaN,NaN,NaN

INPUT,0.374179065227509,0.0464386008679867,0.719866335391998,-2.35474538803101,3.02862453460693,-1.75380003452301,K,11
OUTPUT,NaN,NaN,NaN,NaN,NaN,NaN

INPUT,0.380683869123459,0.0478395521640778,0.730883061885834,-2.3896119594574,3.0159022808075,-1.71781587600708,K,12
OUTPUT,NaN,NaN,NaN,NaN,NaN,NaN

INPUT,0.387188673019409,0.0492404997348785,0.741899788379669,-2.42460894584656,3.00333714485168,-1.68190562725067,K,13
OUTPUT,NaN,NaN,NaN,NaN,NaN,NaN

INPUT,0.393693506717682,0.0506414473056793,0.752916514873505,-2.45971179008484,2.99094557762146,-1.64604032039642,K,14
OUTPUT,NaN,NaN,NaN,NaN,NaN,NaN

INPUT,0.400198310613632,0.0520423986017704,0.76393324136734,-2.49490523338318,2.97874307632446,-1.61019957065582,K,15
OUTPUT,NaN,NaN,NaN,NaN,NaN,NaN

INPUT,0.406052649021149,0.0533032529056072,0.773848295211792,-2.52664804458618,2.96793532371521,-1.57795131206512,K,16
OUTPUT,NaN,NaN,NaN,NaN,NaN,NaN

INPUT,0.410605996847153,0.0542839169502258,0.781560003757477,-2.55137777328491,2.95965123176575,-1.55286931991577,K,17
OUTPUT,NaN,NaN,NaN,NaN,NaN,NaN

INPUT,0.413858413696289,0.0549843944609165,0.787068367004395,-2.56906270980835,2.95380234718323,-1.53495168685913,K,18
OUTPUT,NaN,NaN,NaN,NaN,NaN,NaN

INPUT,0.415809839963913,0.0554046779870987,0.790373384952545,-2.57968163490295,2.95032143592834,-1.52419996261597,K,19
OUTPUT,NaN,NaN,NaN,NaN,NaN,NaN

INPUT,0.416460335254669,0.0555447712540627,0.791475057601929,-2.58322286605835,2.94916582107544,-1.52061569690704,K,20
OUTPUT,NaN,NaN,NaN,NaN,NaN,NaN

INPUT,0.363908767700195,0.0401002243161201,0.722874462604523,-2.46725988388062,3.11367511749268,-1.67489182949066,K,11
OUTPUT,NaN,NaN,NaN,NaN,NaN,NaN

INPUT,0.369205802679062,0.0407555438578129,0.734244108200073,-2.51172566413879,3.11068820953369,-1.62614822387695,K,12
OUTPUT,NaN,NaN,NaN,NaN,NaN,NaN

INPUT,0.374502837657928,0.0414108633995056,0.745613694190979,-2.55656695365906,3.10776829719543,-1.57777619361877,K,13
OUTPUT,NaN,NaN,NaN,NaN,NaN,NaN

INPUT,0.379799872636795,0.0420661829411983,0.756983280181885,-2.60168814659119,3.10492157936096,-1.52967941761017,K,14
OUTPUT,NaN,NaN,NaN,NaN,NaN,NaN

INPUT,0.385096907615662,0.0427215062081814,0.768352866172791,-2.64702343940735,3.10215449333191,-1.48179197311401,K,15
OUTPUT,NaN,NaN,NaN,NaN,NaN,NaN

INPUT,0.389864236116409,0.0433112941682339,0.77858555316925,-2.68796944618225,3.0997371673584,-1.43883323669434,K,16
OUTPUT,NaN,NaN,NaN,NaN,NaN,NaN

INPUT,0.393572151660919,0.0437700189650059,0.786544263362885,-2.71989369392395,3.09790778160095,-1.40549552440643,K,17
OUTPUT,NaN,NaN,NaN,NaN,NaN,NaN

INPUT,0.396220654249191,0.0440976768732071,0.792229056358337,-2.74273276329041,3.09662914276123,-1.38171684741974,K,18
OUTPUT,NaN,NaN,NaN,NaN,NaN,NaN

INPUT,0.397809773683548,0.0442942753434181,0.795639932155609,-2.75644874572754,3.09587383270264,-1.36746203899384,K,19
OUTPUT,NaN,NaN,NaN,NaN,NaN,NaN

INPUT,0.398339480161667,0.0443598069250584,0.7967768907547,-2.7610228061676,3.09562397003174,-1.36271226406097,K,20
OUTPUT,NaN,NaN,NaN,NaN,NaN,NaN

INPUT,0.369922548532486,0.0409333743155003,0.715051770210266,-2.39423966407776,3.06583166122437,-1.7197242975235,K,4
OUTPUT,NaN,NaN,NaN,NaN,NaN,NaN

INPUT,0.379497706890106,0.0422915816307068,0.730267405509949,-2.46261787414551,3.05158042907715,-1.64286029338837,K,5
OUTPUT,NaN,NaN,NaN,NaN,NaN,NaN

INPUT,0.389072865247726,0.0436497889459133,0.745483100414276,-2.53218698501587,3.03780221939087,-1.56709575653076,K,6
OUTPUT,NaN,NaN,NaN,NaN,NaN,NaN

INPUT,0.39652019739151,0.0447061732411385,0.75731748342514,-2.58683967590332,3.02745985984802,-1.50864088535309,K,7
OUTPUT,NaN,NaN,NaN,NaN,NaN,NaN

INPUT,0.401839733123779,0.0454607345163822,0.765770673751831,-2.62609267234802,3.02029347419739,-1.46706295013428,K,8
OUTPUT,NaN,NaN,NaN,NaN,NaN,NaN

INPUT,0.405031442642212,0.0459134690463543,0.770842552185059,-2.64971566200256,3.01608777046204,-1.44217085838318,K,9
OUTPUT,NaN,NaN,NaN,NaN,NaN,NaN

INPUT,0.374471187591553,0.0450077503919601,0.715337157249451,-2.34561848640442,3.02788925170898,-1.76195740699768,K,4
OUTPUT,NaN,NaN,NaN,NaN,NaN,NaN

INPUT,0.384727269411087,0.0472605600953102,0.730294942855835,-2.40816259384155,3.00622987747192,-1.69799518585205,K,5
OUTPUT,NaN,NaN,NaN,NaN,NaN,NaN

INPUT,0.394983351230621,0.0495133697986603,0.745252668857574,-2.47099208831787,2.98511099815369,-1.6341347694397,K,6
OUTPUT,NaN,NaN,NaN,NaN,NaN,NaN

INPUT,0.402960330247879,0.0512655526399612,0.75688648223877,-2.52001643180847,2.96911382675171,-1.5844806432724,K,7
OUTPUT,NaN,NaN,NaN,NaN,NaN,NaN

INPUT,0.408658146858215,0.0525171123445034,0.765196323394775,-2.55510783195496,2.95794081687927,-1.54900574684143,K,8
OUTPUT,NaN,NaN,NaN,NaN,NaN,NaN

INPUT,0.412076860666275,0.0532680489122868,0.770182251930237,-2.57619071006775,2.95134568214417,-1.52771425247192,K,9
OUTPUT,NaN,NaN,NaN,NaN,NaN,NaN

INPUT,0.373359173536301,0.0409167297184467,0.73285961151123,-2.55098271369934,3.10816311836243,-1.61273527145386,K,5
OUTPUT,NaN,NaN,NaN,NaN,NaN,NaN

INPUT,0.382044911384583,0.0420333407819271,0.748677432537079,-2.62505650520325,3.10341119766235,-1.52119958400726,K,6
OUTPUT,NaN,NaN,NaN,NaN,NaN,NaN

INPUT,0.388800472021103,0.0429018139839172,0.760980188846588,-2.68401861190796,3.09989309310913,-1.45134425163269,K,7
OUTPUT,NaN,NaN,NaN,NaN,NaN,NaN

INPUT,0.393625855445862,0.0435221530497074,0.769767880439758,-2.72665882110596,3.09748435020447,-1.40196633338928,K,8
OUTPUT,NaN,NaN,NaN,NaN,NaN,NaN

INPUT,0.396521091461182,0.0438943579792976,0.775040447711945,-2.75241303443909,3.09608340263367,-1.37250709533691,K,9
OUTPUT,NaN,NaN,NaN,NaN,NaN,NaN

INPUT,0.357304215431213,0.029247535392642,0.736848831176758,0.76118665933609,3.07785534858704,1.43701767921448,K,5
OUTPUT,NaN,NaN,NaN,NaN,NaN,NaN

INPUT,0.36251163482666,0.0284762624651194,0.750659942626953,0.705620586872101,3.06846404075623,1.4848860502243,K,6
OUTPUT,NaN,NaN,NaN,NaN,NaN,NaN

INPUT,0.366561859846115,0.0278763845562935,0.761401832103729,0.66319465637207,3.06132435798645,1.52257764339447,K,7
OUTPUT,NaN,NaN,NaN,NaN,NaN,NaN

INPUT,0.369454890489578,0.0274478998035192,0.769074618816376,0.633305966854095,3.0563325881958,1.54958271980286,K,8
OUTPUT,NaN,NaN,NaN,NaN,NaN,NaN

INPUT,0.371190696954727,0.0271908082067966,0.773678302764893,0.615542829036713,3.05338621139526,1.56577956676483,K,9
OUTPUT,NaN,NaN,NaN,NaN,NaN,NaN

INPUT,0.373769313097,0.0515331439673901,0.720346391201019,-2.09149980545044,3.01956057548523,-1.60959041118622,K,11
OUTPUT,NaN,NaN,NaN,NaN,NaN,NaN

INPUT,0.380225270986557,0.0535331144928932,0.731421113014221,-2.11923813819885,3.00561141967773,-1.58049154281616,K,12
OUTPUT,NaN,NaN,NaN,NaN,NaN,NaN

INPUT,0.386681228876114,0.0555330850183964,0.742495834827423,-2.14712953567505,2.99177169799805,-1.55149161815643,K,13
OUTPUT,NaN,NaN,NaN,NaN,NaN,NaN

INPUT,0.393137186765671,0.0575330555438995,0.753570556640625,-2.1751434803009,2.97805285453796,-1.52255570888519,K,14
OUTPUT,NaN,NaN,NaN,NaN,NaN,NaN

INPUT,0.39959317445755,0.0595330260694027,0.764645278453827,-2.20326042175293,2.96446633338928,-1.49365878105164,K,15
OUTPUT,NaN,NaN,NaN,NaN,NaN,NaN

INPUT,0.405403524637222,0.0613330006599426,0.774612486362457,-2.2286422252655,2.95236039161682,-1.46766984462738,K,16
OUTPUT,NaN,NaN,NaN,NaN,NaN,NaN

INPUT,0.40992271900177,0.0627329796552658,0.782364845275879,-2.24842929840088,2.94303035736084,-1.44746148586273,K,17
OUTPUT,NaN,NaN,NaN,NaN,NaN,NaN

INPUT,0.413150697946548,0.0637329667806625,0.787902176380157,-2.26258587837219,2.93641400337219,-1.43302714824677,K,18
OUTPUT,NaN,NaN,NaN,NaN,NaN,NaN

INPUT,0.415087461471558,0.0643329545855522,0.791224598884583,-2.27108860015869,2.93246412277222,-1.42436623573303,K,19
OUTPUT,NaN,NaN,NaN,NaN,NaN,NaN

INPUT,0.415733069181442,0.0645329505205154,0.792332053184509,-2.27392435073853,2.93115091323853,-1.4214791059494,K,20
OUTPUT,NaN,NaN,NaN,NaN,NaN,NaN

INPUT,0.36100509762764,0.0346549898386002,0.732922077178955,0.484103351831436,3.13475513458252,1.33809101581573,K,12
OUTPUT,NaN,NaN,NaN,NaN,NaN,NaN

INPUT,0.365438610315323,0.0346679128706455,0.744153499603271,0.43278431892395,3.13399267196655,1.37664520740509,K,13
OUTPUT,NaN,NaN,NaN,NaN,NaN,NaN

INPUT,0.369872093200684,0.0346808359026909,0.755384981632233,0.382619649171829,3.13324522972107,1.41635394096375,K,14
OUTPUT,NaN,NaN,NaN,NaN,NaN,NaN

INPUT,0.374305605888367,0.034693755209446,0.766616404056549,0.333305865526199,3.1325147151947,1.45691418647766,K,15
OUTPUT,NaN,NaN,NaN,NaN,NaN,NaN

INPUT,0.378295749425888,0.0347053855657578,0.776724696159363,0.289479553699493,3.13187265396118,1.49397444725037,K,16
OUTPUT,NaN,NaN,NaN,NaN,NaN,NaN

INPUT,0.381399214267731,0.0347144305706024,0.784586727619171,0.25568351149559,3.13138389587402,1.52309060096741,K,17
OUTPUT,NaN,NaN,NaN,NaN,NaN,NaN

INPUT,0.383615970611572,0.0347208939492702,0.790202438831329,0.231674939393997,3.13104104995728,1.54401922225952,K,18
OUTPUT,NaN,NaN,NaN,NaN,NaN,NaN

INPUT,0.384946018457413,0.0347247682511806,0.793571889400482,0.217316716909409,3.13083791732788,1.55662333965302,K,19
OUTPUT,NaN,NaN,NaN,NaN,NaN,NaN

INPUT,0.385389357805252,0.0347260609269142,0.794695019721985,0.212537914514542,3.13077068328857,1.56083202362061,K,20
OUTPUT,NaN,NaN,NaN,NaN,NaN,NaN

INPUT,0.365949481725693,0.0357222966849804,0.722145259380341,-2.26534509658813,3.1097366809845,-1.6742707490921,K,11
OUTPUT,NaN,NaN,NaN,NaN,NaN,NaN

INPUT,0.371486276388168,0.0358623899519444,0.733430206775665,-2.29789686203003,3.10620474815369,-1.63729441165924,K,12
OUTPUT,NaN,NaN,NaN,NaN,NaN,NaN

INPUT,0.377023071050644,0.0360024832189083,0.744715094566345,-2.33085012435913,3.10271525382996,-1.60071551799774,K,13
OUTPUT,NaN,NaN,NaN,NaN,NaN,NaN

INPUT,0.382559895515442,0.0361425764858723,0.75600004196167,-2.364102602005,3.09927272796631,-1.56443107128143,K,14
OUTPUT,NaN,NaN,NaN,NaN,NaN,NaN

INPUT,0.388096690177917,0.0362826697528362,0.767284989356995,-2.3975841999054,3.09588122367859,-1.52837085723877,K,15
OUTPUT,NaN,NaN,NaN,NaN,NaN,NaN

INPUT,0.393079817295074,0.0364087522029877,0.777441442012787,-2.4278724193573,3.09287595748901,-1.49606657028198,K,16
OUTPUT,NaN,NaN,NaN,NaN,NaN,NaN

INPUT,0.396955579519272,0.0365068204700947,0.785340845584869,-2.45151281356812,3.09057140350342,-1.47102105617523,K,17
OUTPUT,NaN,NaN,NaN,NaN,NaN,NaN

INPUT,0.39972397685051,0.0365768671035767,0.790983319282532,-2.46843719482422,3.08894348144531,-1.45316791534424,K,18
OUTPUT,NaN,NaN,NaN,NaN,NaN,NaN

INPUT,0.40138503909111,0.0366188921034336,0.794368803501129,-2.4786057472229,3.08797454833984,-1.44246912002563,K,19
OUTPUT,NaN,NaN,NaN,NaN,NaN,NaN

INPUT,0.401938706636429,0.0366329029202461,0.795497298240662,-2.48199725151062,3.08765268325806,-1.43890500068665,K,20
OUTPUT,NaN,NaN,NaN,NaN,NaN,NaN

INPUT,0.361236929893494,0.0370858646929264,0.721831738948822,-2.56040382385254,3.10720491409302,-1.86556506156921,K,11
OUTPUT,NaN,NaN,NaN,NaN,NaN,NaN

INPUT,0.36621966958046,0.0373865179717541,0.73307865858078,-2.59990954399109,3.10345339775085,-1.82333064079285,K,12
OUTPUT,NaN,NaN,NaN,NaN,NaN,NaN

INPUT,0.371202379465103,0.0376871712505817,0.744325578212738,-2.63966059684753,3.09976553916931,-1.78133594989777,K,13
OUTPUT,NaN,NaN,NaN,NaN,NaN,NaN

INPUT,0.376185119152069,0.0379878245294094,0.755572497844696,-2.67959499359131,3.09614753723145,-1.73951864242554,K,14
OUTPUT,NaN,NaN,NaN,NaN,NaN,NaN

INPUT,0.381167829036713,0.0382884740829468,0.766819417476654,-2.71967053413391,3.09260535240173,-1.69783556461334,K,15
OUTPUT,NaN,NaN,NaN,NaN,NaN,NaN

INPUT,0.385652303695679,0.0385590642690659,0.776941657066345,-2.75583386421204,3.08948707580566,-1.66041004657745,K,16
OUTPUT,NaN,NaN,NaN,NaN,NaN,NaN

INPUT,0.389140218496323,0.0387695208191872,0.784814536571503,-2.78401231765747,3.0871102809906,-1.6313488483429,K,17
OUTPUT,NaN,NaN,NaN,NaN,NaN,NaN

INPUT,0.391631573438644,0.038919847458601,0.790437996387482,-2.80416369438171,3.08543992042542,-1.61061227321625,K,18
OUTPUT,NaN,NaN,NaN,NaN,NaN,NaN

INPUT,0.393126398324966,0.0390100404620171,0.793812096118927,-2.81626319885254,3.08444881439209,-1.59817814826965,K,19
OUTPUT,NaN,NaN,NaN,NaN,NaN,NaN

INPUT,0.393624663352966,0.0390401072800159,0.794936776161194,-2.8202977180481,3.08412027359009,-1.59403467178345,K,20
OUTPUT,NaN,NaN,NaN,NaN,NaN,NaN

INPUT,0.37513080239296,0.0419669523835182,0.719672381877899,-2.57618236541748,3.03637504577637,-1.72597777843475,K,11
OUTPUT,NaN,NaN,NaN,NaN,NaN,NaN

INPUT,0.381747752428055,0.0428416542708874,0.730666220188141,-2.62575912475586,3.02498769760132,-1.67534101009369,K,12
OUTPUT,NaN,NaN,NaN,NaN,NaN,NaN

INPUT,0.38836470246315,0.0437163561582565,0.741660058498383,-2.67546200752258,3.01389265060425,-1.62476456165314,K,13
OUTPUT,NaN,NaN,NaN,NaN,NaN,NaN

INPUT,0.394981652498245,0.044591061770916,0.752653896808624,-2.72526860237122,3.00311803817749,-1.57422208786011,K,14
OUTPUT,NaN,NaN,NaN,NaN,NaN,NaN

INPUT,0.401598572731018,0.0454657636582851,0.763647735118866,-2.77516460418701,2.99269080162048,-1.52369487285614,K,15
OUTPUT,NaN,NaN,NaN,NaN,NaN,NaN

INPUT,0.407553821802139,0.0462529957294464,0.773542165756226,-2.82013869285583,2.98362565040588,-1.47822260856628,K,16
OUTPUT,NaN,NaN,NaN,NaN,NaN,NaN

INPUT,0.412185698747635,0.0468652881681919,0.781237900257111,-2.85515904426575,2.97679662704468,-1.44285202026367,K,17
OUTPUT,NaN,NaN,NaN,NaN,NaN,NaN

INPUT,0.415494173765182,0.0473026372492313,0.786734819412231,-2.88019442558289,2.97204279899597,-1.41758370399475,K,18
OUTPUT,NaN,NaN,NaN,NaN,NaN,NaN

INPUT,0.417479246854782,0.0475650504231453,0.790032923221588,-2.89522337913513,2.96924138069153,-1.40242099761963,K,19
OUTPUT,NaN,NaN,NaN,NaN,NaN,NaN

INPUT,0.418140947818756,0.0476525202393532,0.79113233089447,-2.90023422241211,2.96831631660461,-1.39736652374268,K,20
OUTPUT,NaN,NaN,NaN,NaN,NaN,NaN

INPUT,0.366662681102753,0.0426636077463627,0.720792651176453,-2.03861689567566,3.07598495483398,-1.66441440582275,K,11
OUTPUT,NaN,NaN,NaN,NaN,NaN,NaN

INPUT,0.372283190488815,0.0436204113066196,0.731918394565582,-2.05945372581482,3.06844854354858,-1.64121425151825,K,12
OUTPUT,NaN,NaN,NaN,NaN,NaN,NaN

INPUT,0.377903699874878,0.0445772148668766,0.743044018745422,-2.08051657676697,3.06094765663147,-1.61822843551636,K,13
OUTPUT,NaN,NaN,NaN,NaN,NaN,NaN

INPUT,0.383524239063263,0.0455340147018433,0.754169702529907,-2.10174942016602,3.05348563194275,-1.59539902210236,K,14
OUTPUT,NaN,NaN,NaN,NaN,NaN,NaN

INPUT,0.389144748449326,0.0464908145368099,0.765295386314392,-2.12311363220215,3.04606652259827,-1.57268679141998,K,15
OUTPUT,NaN,NaN,NaN,NaN,NaN,NaN

INPUT,0.394203215837479,0.0473519377410412,0.7753084897995,-2.14243173599243,3.0394287109375,-1.5523225069046,K,16
OUTPUT,NaN,NaN,NaN,NaN,NaN,NaN

INPUT,0.39813756942749,0.0480216965079308,0.783096492290497,-2.15750598907471,3.03429341316223,-1.53652358055115,K,17
OUTPUT,NaN,NaN,NaN,NaN,NaN,NaN

INPUT,0.400947839021683,0.0485000982880592,0.788659334182739,-2.16829633712769,3.03064107894897,-1.52525651454926,K,18
OUTPUT,NaN,NaN,NaN,NaN,NaN,NaN

INPUT,0.402633994817734,0.0487871393561363,0.791997015476227,-2.17477893829346,3.02845621109009,-1.51850259304047,K,19
OUTPUT,NaN,NaN,NaN,NaN,NaN,NaN

INPUT,0.403196036815643,0.048882819712162,0.793109595775604,-2.17694115638733,3.02772879600525,-1.51625227928162,K,20
OUTPUT,NaN,NaN,NaN,NaN,NaN,NaN

INPUT,0.347541958093643,0.027473334223032,0.743637561798096,0.405221998691559,3.0539071559906,1.54258871078491,K,13
OUTPUT,NaN,NaN,NaN,NaN,NaN,NaN

INPUT,0.350271105766296,0.0268010776489973,0.754819750785828,0.350467950105667,3.04652500152588,1.5962907075882,K,14
OUTPUT,NaN,NaN,NaN,NaN,NaN,NaN

INPUT,0.35300025343895,0.0261288210749626,0.76600193977356,0.295769661664963,3.03942179679871,1.65008616447449,K,15
OUTPUT,NaN,NaN,NaN,NaN,NaN,NaN

INPUT,0.355456501245499,0.025523791089654,0.77606588602066,0.246574401855469,3.03328514099121,1.69856798648834,K,16
OUTPUT,NaN,NaN,NaN,NaN,NaN,NaN

INPUT,0.357366889715195,0.0250532105565071,0.783893406391144,0.208326667547226,3.02868962287903,1.73631346225739,K,17
OUTPUT,NaN,NaN,NaN,NaN,NaN,NaN

INPUT,0.358731478452682,0.0247170832008123,0.78948450088501,0.181013017892838,3.02550625801086,1.76329231262207,K,18
OUTPUT,NaN,NaN,NaN,NaN,NaN,NaN

INPUT,0.359550207853317,0.0245154052972794,0.792839109897614,0.164626657962799,3.02363705635071,1.7794862985611,K,19
OUTPUT,NaN,NaN,NaN,NaN,NaN,NaN

INPUT,0.359823137521744,0.0244481805711985,0.793957352638245,0.159164816141129,3.02302098274231,1.78488540649414,K,20
OUTPUT,NaN,NaN,NaN,NaN,NaN,NaN

INPUT,0.372057139873505,0.0417976230382919,0.720162212848663,-2.26290392875671,3.06615591049194,-1.69019913673401,K,11
OUTPUT,NaN,NaN,NaN,NaN,NaN,NaN

INPUT,0.378312945365906,0.0426525622606277,0.731212675571442,-2.29573941230774,3.05765390396118,-1.65560746192932,K,12
OUTPUT,NaN,NaN,NaN,NaN,NaN,NaN

INPUT,0.384568780660629,0.0435074977576733,0.74226313829422,-2.32874798774719,3.04924702644348,-1.6211644411087,K,13
OUTPUT,NaN,NaN,NaN,NaN,NaN,NaN

INPUT,0.39082458615303,0.0443624369800091,0.753313660621643,-2.36188840866089,3.04094529151917,-1.58682751655579,K,14
OUTPUT,NaN,NaN,NaN,NaN,NaN,NaN

INPUT,0.397080391645432,0.0452173724770546,0.764364123344421,-2.39513325691223,3.03275775909424,-1.55256712436676,K,15
OUTPUT,NaN,NaN,NaN,NaN,NaN,NaN

INPUT,0.402710646390915,0.0459868162870407,0.774309575557709,-2.42512726783752,3.02549457550049,-1.52178072929382,K,16
OUTPUT,NaN,NaN,NaN,NaN,NaN,NaN

INPUT,0.407089710235596,0.0465852729976177,0.782044887542725,-2.44849705696106,3.01991891860962,-1.49785947799683,K,17
OUTPUT,NaN,NaN,NaN,NaN,NaN,NaN

INPUT,0.410217612981796,0.0470127426087856,0.787570178508759,-2.46520972251892,3.01597785949707,-1.48078286647797,K,18
OUTPUT,NaN,NaN,NaN,NaN,NaN,NaN

INPUT,0.412094354629517,0.0472692213952541,0.790885269641876,-2.47524452209473,3.01363015174866,-1.47054028511047,K,19
OUTPUT,NaN,NaN,NaN,NaN,NaN,NaN

INPUT,0.412719935178757,0.0473547168076038,0.791990339756012,-2.47859072685242,3.012850522995,-1.46712648868561,K,20
OUTPUT,NaN,NaN,NaN,NaN,NaN,NaN

INPUT,0.365295052528381,0.0343875363469124,0.721741795539856,-2.56502270698547,3.10125660896301,-1.62235164642334,K,11
OUTPUT,NaN,NaN,NaN,NaN,NaN,NaN

INPUT,0.370753973722458,0.0343704633414745,0.732980370521545,-2.61886715888977,3.09703183174133,-1.5652824640274,K,12
OUTPUT,NaN,NaN,NaN,NaN,NaN,NaN

INPUT,0.376212924718857,0.0343533866107464,0.74421900510788,-2.67299199104309,3.09294366836548,-1.50848364830017,K,13
OUTPUT,NaN,NaN,NaN,NaN,NaN,NaN

INPUT,0.381671845912933,0.0343363136053085,0.755457580089569,-2.72732615470886,3.0890052318573,-1.45188343524933,K,14
OUTPUT,NaN,NaN,NaN,NaN,NaN,NaN

INPUT,0.38713076710701,0.0343192405998707,0.766696155071259,-2.78182125091553,3.08522844314575,-1.39543259143829,K,15
OUTPUT,NaN,NaN,NaN,NaN,NaN,NaN

INPUT,0.392043828964233,0.0343038700520992,0.776810884475708,-2.83097529411316,3.08197689056396,-1.34472572803497,K,16
OUTPUT,NaN,NaN,NaN,NaN,NaN,NaN

INPUT,0.395865082740784,0.0342919193208218,0.784677922725677,-2.86926484107971,3.07955050468445,-1.30533874034882,K,17
OUTPUT,NaN,NaN,NaN,NaN,NaN,NaN

INPUT,0.398594558238983,0.0342833809554577,0.790297210216522,-2.89664125442505,3.07787418365479,-1.27722883224487,K,18
OUTPUT,NaN,NaN,NaN,NaN,NaN,NaN

INPUT,0.400232225656509,0.0342782586812973,0.793668806552887,-2.91307687759399,3.07689189910889,-1.26037108898163,K,19
OUTPUT,NaN,NaN,NaN,NaN,NaN,NaN

INPUT,0.400778114795685,0.0342765524983406,0.794792652130127,-2.91855692863464,3.07656836509705,-1.25475311279297,K,20
OUTPUT,NaN,NaN,NaN,NaN,NaN,NaN

INPUT,0.374223440885544,0.0494688078761101,0.715737402439117,-2.08559727668762,3.01805329322815,-1.61942708492279,K,4
OUTPUT,NaN,NaN,NaN,NaN,NaN,NaN

INPUT,0.384496212005615,0.0526127703487873,0.73083508014679,-2.13498163223267,2.99436450004578,-1.5663675069809,K,5
OUTPUT,NaN,NaN,NaN,NaN,NaN,NaN

INPUT,0.394768953323364,0.0557567365467548,0.745932877063751,-2.18496060371399,2.97106051445007,-1.51372456550598,K,6
OUTPUT,NaN,NaN,NaN,NaN,NaN,NaN

INPUT,0.402758866548538,0.058202039450407,0.757675528526306,-2.22395086288452,2.9533212184906,-1.47312009334564,K,7
OUTPUT,NaN,NaN,NaN,NaN,NaN,NaN

INPUT,0.408465981483459,0.0599486865103245,0.766063153743744,-2.25175428390503,2.94090700149536,-1.44434237480164,K,8
OUTPUT,NaN,NaN,NaN,NaN,NaN,NaN

INPUT,0.411890208721161,0.0609966740012169,0.771095752716064,-2.26838970184326,2.93357467651367,-1.42718064785004,K,9
OUTPUT,NaN,NaN,NaN,NaN,NaN,NaN

INPUT,0.375766277313232,0.0355583429336548,0.732011198997498,-2.3277952671051,3.10322141647339,-1.62812733650208,K,5
OUTPUT,NaN,NaN,NaN,NaN,NaN,NaN

INPUT,0.384881615638733,0.0357073098421097,0.7476766705513,-2.38186717033386,3.09746360778809,-1.55858039855957,K,6
OUTPUT,NaN,NaN,NaN,NaN,NaN,NaN

INPUT,0.391971290111542,0.0358231738209724,0.759860932826996,-2.42518305778503,3.09309935569763,-1.50573790073395,K,7
OUTPUT,NaN,NaN,NaN,NaN,NaN,NaN

INPUT,0.397035360336304,0.0359059348702431,0.768563985824585,-2.45661473274231,3.09004926681519,-1.46847891807556,K,8
OUTPUT,NaN,NaN,NaN,NaN,NaN,NaN

INPUT,0.400073796510696,0.0359555892646313,0.773785769939423,-2.4756338596344,3.08824825286865,-1.44628095626831,K,9
OUTPUT,NaN,NaN,NaN,NaN,NaN,NaN

INPUT,0.369970172643661,0.0373390167951584,0.731443881988525,-2.63131666183472,3.10049319267273,-1.80860221385956,K,5
OUTPUT,NaN,NaN,NaN,NaN,NaN,NaN

INPUT,0.378093391656876,0.0378208048641682,0.747113227844238,-2.69830775260925,3.09437155723572,-1.73033452033997,K,6
OUTPUT,NaN,NaN,NaN,NaN,NaN,NaN

INPUT,0.384411424398422,0.0381955280900002,0.759300470352173,-2.75132441520691,3.0897798538208,-1.67035806179047,K,7
OUTPUT,NaN,NaN,NaN,NaN,NaN,NaN

INPUT,0.388924330472946,0.0384631864726543,0.768005669116974,-2.78954815864563,3.08660006523132,-1.62786412239075,K,8
OUTPUT,NaN,NaN,NaN,NaN,NaN,NaN

INPUT,0.391632080078125,0.038623783737421,0.773228764533997,-2.81259751319885,3.08473467826843,-1.60247957706451,K,9
OUTPUT,NaN,NaN,NaN,NaN,NaN,NaN

INPUT,0.37541675567627,0.0411732830107212,0.715234875679016,-2.57056283950806,3.03649878501892,-1.74300134181976,K,4
OUTPUT,NaN,NaN,NaN,NaN,NaN,NaN

INPUT,0.385839819908142,0.0426702052354813,0.7301105260849,-2.65679931640625,3.01695466041565,-1.65078842639923,K,5
OUTPUT,NaN,NaN,NaN,NaN,NaN,NaN

INPUT,0.396262854337692,0.0441671274602413,0.744986176490784,-2.74393558502197,2.99839973449707,-1.55926370620728,K,6
OUTPUT,NaN,NaN,NaN,NaN,NaN,NaN

INPUT,0.404369652271271,0.0453313998878002,0.756556153297424,-2.81213665008545,2.98474836349487,-1.48834776878357,K,7
OUTPUT,NaN,NaN,NaN,NaN,NaN,NaN

INPUT,0.410160213708878,0.046163022518158,0.764820396900177,-2.86102962493896,2.97545647621155,-1.43778252601624,K,8
OUTPUT,NaN,NaN,NaN,NaN,NaN,NaN

INPUT,0.413634568452835,0.0466619990766048,0.769778966903687,-2.89042615890503,2.97007632255554,-1.40746808052063,K,9
OUTPUT,NaN,NaN,NaN,NaN,NaN,NaN

INPUT,0.376388430595398,0.0430432185530663,0.730481147766113,-2.07576608657837,3.06245398521423,-1.63362407684326,K,5
OUTPUT,NaN,NaN,NaN,NaN,NaN,NaN

INPUT,0.385573118925095,0.04447316005826,0.745874047279358,-2.11158967018127,3.0497784614563,-1.59053230285645,K,6
OUTPUT,NaN,NaN,NaN,NaN,NaN,NaN

INPUT,0.392716765403748,0.0455853380262852,0.757846236228943,-2.14001655578613,3.04004240036011,-1.55771028995514,K,7
OUTPUT,NaN,NaN,NaN,NaN,NaN,NaN

INPUT,0.397819370031357,0.0463797487318516,0.766397833824158,-2.16049671173096,3.03317022323608,-1.53458058834076,K,8
OUTPUT,NaN,NaN,NaN,NaN,NaN,NaN

INPUT,0.400880932807922,0.0468563959002495,0.771528780460358,-2.17282676696777,3.02908420562744,-1.52082002162933,K,9
OUTPUT,NaN,NaN,NaN,NaN,NaN,NaN

INPUT,0.372467517852783,0.0408285856246948,0.714970231056213,-2.26067662239075,3.06549859046936,-1.703617811203,K,4
OUTPUT,NaN,NaN,NaN,NaN,NaN,NaN

INPUT,0.382586866617203,0.0421377494931221,0.730107605457306,-2.31723666191101,3.05106782913208,-1.64000999927521,K,5
OUTPUT,NaN,NaN,NaN,NaN,NaN,NaN

INPUT,0.392706215381622,0.0434469096362591,0.745244979858398,-2.37479615211487,3.03696274757385,-1.57732367515564,K,6
OUTPUT,NaN,NaN,NaN,NaN,NaN,NaN

INPUT,0.400576829910278,0.044465146958828,0.757018506526947,-2.42002272605896,3.02625036239624,-1.5289660692215,K,7
OUTPUT,NaN,NaN,NaN,NaN,NaN,NaN

INPUT,0.406198680400848,0.0451924614608288,0.765428185462952,-2.45251035690308,3.01875138282776,-1.49457275867462,K,8
OUTPUT,NaN,NaN,NaN,NaN,NaN,NaN

INPUT,0.409571796655655,0.0456288494169712,0.770473957061768,-2.47206377983093,3.01431727409363,-1.4739830493927,K,9
OUTPUT,NaN,NaN,NaN,NaN,NaN,NaN

INPUT,0.374778300523758,0.0341729447245598,0.731541872024536,-2.66172981262207,3.09381151199341,-1.54553580284119,K,5
OUTPUT,NaN,NaN,NaN,NaN,NaN,NaN

INPUT,0.383681982755661,0.034106757491827,0.74712735414505,-2.75290870666504,3.08712220191956,-1.43960583209991,K,6
OUTPUT,NaN,NaN,NaN,NaN,NaN,NaN

INPUT,0.390607059001923,0.0340552814304829,0.759249448776245,-2.82494950294495,3.08228015899658,-1.35831618309021,K,7
OUTPUT,NaN,NaN,NaN,NaN,NaN,NaN

INPUT,0.395553559064865,0.034018512815237,0.767908036708832,-2.87683939933777,3.07903242111206,-1.30067121982574,K,8
OUTPUT,NaN,NaN,NaN,NaN,NaN,NaN

INPUT,0.398521453142166,0.0339964516460896,0.7731032371521,-2.90811228752136,3.07717299461365,-1.26621794700623,K,9
OUTPUT,NaN,NaN,NaN,NaN,NaN,NaN

INPUT,0.361329585313797,0.0347210988402367,0.724055469036102,0.567456960678101,3.13606023788452,1.36983716487885,K,4
OUTPUT,NaN,NaN,NaN,NaN,NaN,NaN

INPUT,0.367754340171814,0.0347344949841499,0.737460374832153,0.461223632097244,3.13460922241211,1.40810930728912,K,5
OUTPUT,NaN,NaN,NaN,NaN,NaN,NaN

INPUT,0.374179124832153,0.0347478948533535,0.750865280628204,0.366602450609207,3.1331889629364,1.45799446105957,K,6
OUTPUT,NaN,NaN,NaN,NaN,NaN,NaN

INPUT,0.379176139831543,0.0347583144903183,0.761291325092316,0.297586143016815,3.13211226463318,1.5013724565506,K,7
OUTPUT,NaN,NaN,NaN,NaN,NaN,NaN

INPUT,0.38274547457695,0.0347657613456249,0.768738508224487,0.249923020601273,3.13136053085327,1.53399133682251,K,8
OUTPUT,NaN,NaN,NaN,NaN,NaN,NaN

INPUT,0.38488706946373,0.0347702242434025,0.773206770420074,0.221829563379288,3.13091707229614,1.55406737327576,K,9
OUTPUT,NaN,NaN,NaN,NaN,NaN,NaN

INPUT,0.352083325386047,0.0274406988173723,0.742071986198425,0.371506750583649,3.05066680908203,1.5645534992218,K,5
OUTPUT,NaN,NaN,NaN,NaN,NaN,NaN

INPUT,0.355710595846176,0.0264983829110861,0.753601312637329,0.295353949069977,3.04015517234802,1.64409112930298,K,6
OUTPUT,NaN,NaN,NaN,NaN,NaN,NaN

INPUT,0.358531802892685,0.025765473023057,0.762568533420563,0.235876500606537,3.03240013122559,1.70576179027557,K,7
OUTPUT,NaN,NaN,NaN,NaN,NaN,NaN

INPUT,0.360546976327896,0.0252419635653496,0.768973648548126,0.193288385868073,3.027104139328,1.74973857402802,K,8
OUTPUT,NaN,NaN,NaN,NaN,NaN,NaN

INPUT,0.361756086349487,0.0249278582632542,0.772816777229309,0.167699813842773,3.02402877807617,1.77610123157501,K,9
OUTPUT,NaN,NaN,NaN,NaN,NaN,NaN

INPUT,0.36654144525528,0.042535837739706,0.720272660255432,-2.23942947387695,3.06422114372253,-1.79154396057129,K,11
OUTPUT,NaN,NaN,NaN,NaN,NaN,NaN

INPUT,0.372147709131241,0.0434776544570923,0.731337189674377,-2.26494550704956,3.0553879737854,-1.76433062553406,K,12
OUTPUT,NaN,NaN,NaN,NaN,NaN,NaN

INPUT,0.377753973007202,0.0444194711744785,0.742401719093323,-2.29062914848328,3.04661464691162,-1.73726451396942,K,13
OUTPUT,NaN,NaN,NaN,NaN,NaN,NaN

INPUT,0.383360236883163,0.0453612878918648,0.753466188907623,-2.31644010543823,3.03790736198425,-1.71030402183533,K,14
OUTPUT,NaN,NaN,NaN,NaN,NaN,NaN

INPUT,0.388966500759125,0.046303104609251,0.764530718326569,-2.34235143661499,3.02927207946777,-1.6834203004837,K,15
OUTPUT,NaN,NaN,NaN,NaN,NaN,NaN

INPUT,0.394012123346329,0.0471507422626019,0.774488747119904,-2.36574220657349,3.02156686782837,-1.65927350521088,K,16
OUTPUT,NaN,NaN,NaN,NaN,NaN,NaN

INPUT,0.397936522960663,0.0478100143373013,0.782233893871307,-2.38397431373596,3.015620470047,-1.64051687717438,K,17
OUTPUT,NaN,NaN,NaN,NaN,NaN,NaN

INPUT,0.400739639997482,0.0482809208333492,0.78776615858078,-2.3970160484314,3.011399269104,-1.62712979316711,K,18
OUTPUT,NaN,NaN,NaN,NaN,NaN,NaN

INPUT,0.402421534061432,0.0485634654760361,0.791085541248322,-2.40484809875488,3.00887727737427,-1.61910092830658,K,19
OUTPUT,NaN,NaN,NaN,NaN,NaN,NaN

INPUT,0.402982145547867,0.0486576482653618,0.792191982269287,-2.40745997428894,3.00803852081299,-1.61642527580261,K,20
OUTPUT,NaN,NaN,NaN,NaN,NaN,NaN

INPUT,0.364297598600388,0.0355837531387806,0.732234537601471,-2.39134693145752,3.13114309310913,-1.83072924613953,K,12
OUTPUT,NaN,NaN,NaN,NaN,NaN,NaN

INPUT,0.369077533483505,0.035694632679224,0.743393540382385,-2.41579294204712,3.13016247749329,-1.7961837053299,K,13
OUTPUT,NaN,NaN,NaN,NaN,NaN,NaN

INPUT,0.373857498168945,0.0358055122196674,0.75455242395401,-2.44103384017944,3.12919163703918,-1.76243257522583,K,14
OUTPUT,NaN,NaN,NaN,NaN,NaN,NaN

INPUT,0.378637433052063,0.0359163917601109,0.765711426734924,-2.46688985824585,3.12823128700256,-1.72929632663727,K,15
OUTPUT,NaN,NaN,NaN,NaN,NaN,NaN

INPUT,0.382939398288727,0.0360161811113358,0.775754451751709,-2.49057865142822,3.12737679481506,-1.69989156723022,K,16
OUTPUT,NaN,NaN,NaN,NaN,NaN,NaN

INPUT,0.386285364627838,0.0360937975347042,0.783565700054169,-2.5092294216156,3.12671899795532,-1.67724704742432,K,17
OUTPUT,NaN,NaN,NaN,NaN,NaN,NaN

INPUT,0.388675361871719,0.0361492373049259,0.789145231246948,-2.52265572547913,3.12625312805176,-1.66117680072784,K,18
OUTPUT,NaN,NaN,NaN,NaN,NaN,NaN

INPUT,0.390109330415726,0.0361825004220009,0.792492866516113,-2.53074932098389,3.12597513198853,-1.65157234668732,K,19
OUTPUT,NaN,NaN,NaN,NaN,NaN,NaN

INPUT,0.390587329864502,0.0361935868859291,0.793608784675598,-2.53345322608948,3.12588262557983,-1.64837682247162,K,20
OUTPUT,NaN,NaN,NaN,NaN,NaN,NaN

INPUT,0.360156953334808,0.0308036636561155,0.734019219875336,0.985546290874481,3.11006546020508,1.6911598443985,K,12
OUTPUT,NaN,NaN,NaN,NaN,NaN,NaN

INPUT,0.364501357078552,0.0304114241153002,0.74536520242691,0.94615113735199,3.10684418678284,1.72603237628937,K,13
OUTPUT,NaN,NaN,NaN,NaN,NaN,NaN

INPUT,0.368845760822296,0.0300191827118397,0.75671112537384,0.907135367393494,3.10367035865784,1.76128816604614,K,14
OUTPUT,NaN,NaN,NaN,NaN,NaN,NaN

INPUT,0.37319016456604,0.0296269431710243,0.768057107925415,0.868405640125275,3.10054898262024,1.79683446884155,K,15
OUTPUT,NaN,NaN,NaN,NaN,NaN,NaN

INPUT,0.377100139856339,0.0292739272117615,0.77826851606369,0.833739101886749,3.09778785705566,1.82902050018311,K,16
OUTPUT,NaN,NaN,NaN,NaN,NaN,NaN

INPUT,0.380141228437424,0.0289993584156036,0.786210715770721,0.806877255439758,3.09567403793335,1.85415768623352,K,17
OUTPUT,NaN,NaN,NaN,NaN,NaN,NaN

INPUT,0.382313430309296,0.028803238645196,0.791883707046509,0.787736177444458,3.09418296813965,1.8721604347229,K,18
OUTPUT,NaN,NaN,NaN,NaN,NaN,NaN

INPUT,0.383616745471954,0.0286855660378933,0.795287430286407,0.776268124580383,3.09329605102539,1.88297915458679,K,19
OUTPUT,NaN,NaN,NaN,NaN,NaN,NaN

INPUT,0.384051203727722,0.0286463424563408,0.796422064304352,0.772447943687439,3.09300184249878,1.88658821582794,K,20
OUTPUT,NaN,NaN,NaN,NaN,NaN,NaN

INPUT,0.375923216342926,0.0429154112935066,0.729940891265869,-2.28081321716309,3.04862880706787,-1.75143444538116,K,5
OUTPUT,NaN,NaN,NaN,NaN,NaN,NaN

INPUT,0.384952664375305,0.0443403199315071,0.74521541595459,-2.32623982429504,3.0337221622467,-1.70225310325623,K,6
OUTPUT,NaN,NaN,NaN,NaN,NaN,NaN

INPUT,0.391975551843643,0.0454485826194286,0.757095575332642,-2.36178493499756,3.02233529090881,-1.66443920135498,K,7
OUTPUT,NaN,NaN,NaN,NaN,NaN,NaN

INPUT,0.396991908550262,0.0462401993572712,0.765581429004669,-2.3871808052063,3.01434016227722,-1.63767600059509,K,8
OUTPUT,NaN,NaN,NaN,NaN,NaN,NaN

INPUT,0.400001734495163,0.0467151664197445,0.770672917366028,-2.40239500999451,3.00960564613342,-1.62172400951385,K,9
OUTPUT,NaN,NaN,NaN,NaN,NaN,NaN

INPUT,0.364667415618896,0.0354644432663918,0.724131405353546,-2.41648268699646,3.13058185577393,-1.89050936698914,K,4
OUTPUT,NaN,NaN,NaN,NaN,NaN,NaN

INPUT,0.371460318565369,0.0356099382042885,0.737228989601135,-2.44284772872925,3.12929773330688,-1.8214647769928,K,5
OUTPUT,NaN,NaN,NaN,NaN,NaN,NaN

INPUT,0.378253221511841,0.0357554294168949,0.750326633453369,-2.47321963310242,3.1280369758606,-1.75642621517181,K,6
OUTPUT,NaN,NaN,NaN,NaN,NaN,NaN

INPUT,0.383536577224731,0.035868588835001,0.760513663291931,-2.49880623817444,3.12707901000977,-1.70808136463165,K,7
OUTPUT,NaN,NaN,NaN,NaN,NaN,NaN

INPUT,0.387310415506363,0.0359494164586067,0.767790079116821,-2.51785516738892,3.12640905380249,-1.6745924949646,K,8
OUTPUT,NaN,NaN,NaN,NaN,NaN,NaN

INPUT,0.389574706554413,0.0359979160130024,0.772155940532684,-2.52952766418457,3.12601351737976,-1.6548844575882,K,9
OUTPUT,NaN,NaN,NaN,NaN,NaN,NaN

INPUT,0.360660463571548,0.0314218811690807,0.72498619556427,1.03127491474152,3.11167073249817,1.69501888751984,K,4
OUTPUT,NaN,NaN,NaN,NaN,NaN,NaN

INPUT,0.367036283016205,0.0308666378259659,0.738607823848724,0.959234416484833,3.10654616355896,1.7421852350235,K,5
OUTPUT,NaN,NaN,NaN,NaN,NaN,NaN

INPUT,0.373412132263184,0.030311394482851,0.752229452133179,0.890333712100983,3.1015419960022,1.79250204563141,K,6
OUTPUT,NaN,NaN,NaN,NaN,NaN,NaN

INPUT,0.378371119499207,0.0298795402050018,0.762824058532715,0.838189363479614,3.09774541854858,1.83309042453766,K,7
OUTPUT,NaN,NaN,NaN,NaN,NaN,NaN

INPUT,0.381913244724274,0.029571071267128,0.770391643047333,0.801513016223907,3.09508991241455,1.86265647411346,K,8
OUTPUT,NaN,NaN,NaN,NaN,NaN,NaN

INPUT,0.384038507938385,0.0293859895318747,0.774932146072388,0.779693365097046,3.09352087974548,1.88058435916901,K,9
OUTPUT,NaN,NaN,NaN,NaN,NaN,NaN

INPUT,0.361093580722809,0.0342187471687794,0.732921540737152,-2.41338968276978,3.13613033294678,-1.80769646167755,K,12
OUTPUT,NaN,NaN,NaN,NaN,NaN,NaN

INPUT,0.365535587072372,0.034185741096735,0.74415397644043,-2.43488359451294,3.13566398620605,-1.76545357704163,K,13
OUTPUT,NaN,NaN,NaN,NaN,NaN,NaN

INPUT,0.369977563619614,0.0341527350246906,0.755386412143707,-2.45788240432739,3.13520336151123,-1.72471606731415,K,14
OUTPUT,NaN,NaN,NaN,NaN,NaN,NaN

INPUT,0.374419569969177,0.0341197289526463,0.766618847846985,-2.48206782341003,3.1347484588623,-1.68516457080841,K,15
OUTPUT,NaN,NaN,NaN,NaN,NaN,NaN

INPUT,0.37841734290123,0.034090019762516,0.77672803401947,-2.5046534538269,3.13434505462646,-1.65038704872131,K,16
OUTPUT,NaN,NaN,NaN,NaN,NaN,NaN

INPUT,0.381526738405228,0.034066915512085,0.784590780735016,-2.52266764640808,3.13403487205505,-1.62378525733948,K,17
OUTPUT,NaN,NaN,NaN,NaN,NaN,NaN

INPUT,0.383747756481171,0.0340504124760628,0.790206968784332,-2.53574323654175,3.13381576538086,-1.60499262809753,K,18
OUTPUT,NaN,NaN,NaN,NaN,NaN,NaN

INPUT,0.385080337524414,0.0340405106544495,0.793576717376709,-2.5436646938324,3.13368511199951,-1.59379279613495,K,19
OUTPUT,NaN,NaN,NaN,NaN,NaN,NaN

INPUT,0.385524541139603,0.034037210047245,0.794699966907501,-2.5463171005249,3.13364171981812,-1.59007143974304,K,20
OUTPUT,NaN,NaN,NaN,NaN,NaN,NaN

INPUT,0.363788634538651,0.0369731709361076,0.720927536487579,-2.63521981239319,3.09659552574158,-1.71880316734314,K,11
OUTPUT,NaN,NaN,NaN,NaN,NaN,NaN

INPUT,0.369071483612061,0.0372606031596661,0.732068121433258,-2.68800210952759,3.09184503555298,-1.66375422477722,K,12
OUTPUT,NaN,NaN,NaN,NaN,NaN,NaN

INPUT,0.374354302883148,0.0375480353832245,0.743208706378937,-2.74098563194275,3.08723878860474,-1.60889422893524,K,13
OUTPUT,NaN,NaN,NaN,NaN,NaN,NaN

INPUT,0.379637122154236,0.0378354676067829,0.754349231719971,-2.7941198348999,3.08279061317444,-1.55417203903198,K,14
OUTPUT,NaN,NaN,NaN,NaN,NaN,NaN

INPUT,0.384919941425323,0.0381228998303413,0.765489757061005,-2.84737110137939,3.07851338386536,-1.49955272674561,K,15
OUTPUT,NaN,NaN,NaN,NaN,NaN,NaN

INPUT,0.389674484729767,0.0383815877139568,0.775516271591187,-2.89537668228149,3.07482004165649,-1.45046257972717,K,16
OUTPUT,NaN,NaN,NaN,NaN,NaN,NaN

INPUT,0.393372476100922,0.0385827906429768,0.783314645290375,-2.93275761604309,3.07205581665039,-1.41231656074524,K,17
OUTPUT,NaN,NaN,NaN,NaN,NaN,NaN

INPUT,0.396013885736465,0.0387265048921108,0.788884937763214,-2.9594783782959,3.07014179229736,-1.38508498668671,K,18
OUTPUT,NaN,NaN,NaN,NaN,NaN,NaN

INPUT,0.397598743438721,0.0388127341866493,0.79222708940506,-2.97551774978638,3.06901812553406,-1.36875152587891,K,19
OUTPUT,NaN,NaN,NaN,NaN,NaN,NaN

INPUT,0.398127019405365,0.0388414785265923,0.793341159820557,-2.98086547851563,3.06864786148071,-1.36330795288086,K,20
OUTPUT,NaN,NaN,NaN,NaN,NaN,NaN

INPUT,0.363668262958527,0.0330240577459335,0.733757197856903,-2.46769118309021,3.13766264915466,-1.78893446922302,K,12
OUTPUT,NaN,NaN,NaN,NaN,NaN,NaN

INPUT,0.368382453918457,0.0328655242919922,0.745075523853302,-2.49070453643799,3.13735246658325,-1.74052143096924,K,13
OUTPUT,NaN,NaN,NaN,NaN,NaN,NaN

INPUT,0.373096615076065,0.0327069908380508,0.756393849849701,-2.51543760299683,3.13704705238342,-1.69382786750793,K,14
OUTPUT,NaN,NaN,NaN,NaN,NaN,NaN

INPUT,0.377810776233673,0.0325484573841095,0.7677121758461,-2.54154229164124,3.13674712181091,-1.64850616455078,K,15
OUTPUT,NaN,NaN,NaN,NaN,NaN,NaN

INPUT,0.382053554058075,0.0324057787656784,0.777898669242859,-2.56599235534668,3.13648200035095,-1.6086722612381,K,16
OUTPUT,NaN,NaN,NaN,NaN,NaN,NaN

INPUT,0.385353475809097,0.0322948023676872,0.785821497440338,-2.58553552627563,3.13627934455872,-1.57821691036224,K,17
OUTPUT,NaN,NaN,NaN,NaN,NaN,NaN

INPUT,0.38771054148674,0.0322155356407166,0.791480660438538,-2.5997416973114,3.13613653182983,-1.55670964717865,K,18
OUTPUT,NaN,NaN,NaN,NaN,NaN,NaN

INPUT,0.389124810695648,0.0321679785847664,0.794876158237457,-2.60835528373718,3.13605141639709,-1.54389524459839,K,19
OUTPUT,NaN,NaN,NaN,NaN,NaN,NaN

INPUT,0.389596223831177,0.0321521237492561,0.796007990837097,-2.61124062538147,3.13602328300476,-1.53963804244995,K,20
OUTPUT,NaN,NaN,NaN,NaN,NaN,NaN

INPUT,0.357930481433868,0.0299726370722055,0.733337938785553,0.783418357372284,3.10018730163574,1.46749114990234,K,12
OUTPUT,NaN,NaN,NaN,NaN,NaN,NaN

INPUT,0.362040281295776,0.0294927321374416,0.744613170623779,0.745950162410736,3.09594702720642,1.50203347206116,K,13
OUTPUT,NaN,NaN,NaN,NaN,NaN,NaN

INPUT,0.366150051355362,0.0290128272026777,0.75588846206665,0.708725810050964,3.09176588058472,1.53682637214661,K,14
OUTPUT,NaN,NaN,NaN,NaN,NaN,NaN

INPUT,0.37025985121727,0.0285329222679138,0.767163693904877,0.671684622764587,3.08764910697937,1.57181000709534,K,15
OUTPUT,NaN,NaN,NaN,NaN,NaN,NaN

INPUT,0.373958677053452,0.0281010065227747,0.777311444282532,0.63846892118454,3.08400344848633,1.60342359542847,K,16
OUTPUT,NaN,NaN,NaN,NaN,NaN,NaN

INPUT,0.376835525035858,0.0277650728821754,0.785204112529755,0.612698614597321,3.081209897995,1.62808036804199,K,17
OUTPUT,NaN,NaN,NaN,NaN,NaN,NaN

INPUT,0.378890424966812,0.0275251213461161,0.79084175825119,0.594320297241211,3.07923769950867,1.64572429656982,K,18
OUTPUT,NaN,NaN,NaN,NaN,NaN,NaN

INPUT,0.380123376846313,0.0273811500519514,0.794224321842194,0.583303689956665,3.07806396484375,1.6563218832016,K,19
OUTPUT,NaN,NaN,NaN,NaN,NaN,NaN

INPUT,0.38053435087204,0.0273331589996815,0.79535186290741,0.579633116722107,3.0776743888855,1.6598562002182,K,20
OUTPUT,NaN,NaN,NaN,NaN,NaN,NaN

INPUT,0.372853577136993,0.0372580178081989,0.730479717254639,-2.72907495498657,3.08837413787842,-1.64394402503967,K,5
OUTPUT,NaN,NaN,NaN,NaN,NaN,NaN

INPUT,0.38143402338028,0.0377440862357616,0.745928943157196,-2.8186023235321,3.08076333999634,-1.54183614253998,K,6
OUTPUT,NaN,NaN,NaN,NaN,NaN,NaN

INPUT,0.388107717037201,0.0381221398711205,0.75794506072998,-2.88921618461609,3.07522487640381,-1.46337080001831,K,7
OUTPUT,NaN,NaN,NaN,NaN,NaN,NaN

INPUT,0.392874658107758,0.0383921787142754,0.766528010368347,-2.94003248214722,3.07149195671082,-1.40768563747406,K,8
OUTPUT,NaN,NaN,NaN,NaN,NaN,NaN

INPUT,0.395734816789627,0.0385541990399361,0.771677732467651,-2.9706437587738,3.06934666633606,-1.37438976764679,K,9
OUTPUT,NaN,NaN,NaN,NaN,NaN,NaN

INPUT,0.361414700746536,0.0342320762574673,0.724263489246368,-2.47567987442017,3.13542175292969,-1.90735447406769,K,4
OUTPUT,NaN,NaN,NaN,NaN,NaN,NaN

INPUT,0.367761850357056,0.0341568924486637,0.737614512443542,-2.48795676231384,3.13493394851685,-1.81650042533875,K,5
OUTPUT,NaN,NaN,NaN,NaN,NaN,NaN

INPUT,0.374109029769897,0.0340817086398602,0.750965476036072,-2.50555658340454,3.13445520401001,-1.73096919059753,K,6
OUTPUT,NaN,NaN,NaN,NaN,NaN,NaN

INPUT,0.379045724868774,0.0340232290327549,0.761349558830261,-2.52213597297668,3.13409233093262,-1.66768515110016,K,7
OUTPUT,NaN,NaN,NaN,NaN,NaN,NaN

INPUT,0.382571905851364,0.0339814610779285,0.768766820430756,-2.53522300720215,3.13383960723877,-1.62406802177429,K,8
OUTPUT,NaN,NaN,NaN,NaN,NaN,NaN

INPUT,0.384687632322311,0.0339563973248005,0.773217141628265,-2.54349613189697,3.13369083404541,-1.59849774837494,K,9
OUTPUT,NaN,NaN,NaN,NaN,NaN,NaN

INPUT,0.36444029211998,0.0331305600702763,0.726065278053284,-2.55931544303894,3.13677477836609,-1.92174172401428,K,4
OUTPUT,NaN,NaN,NaN,NaN,NaN,NaN

INPUT,0.371073782444,0.0328566506505013,0.739285469055176,-2.56818389892578,3.13656663894653,-1.81572031974792,K,5
OUTPUT,NaN,NaN,NaN,NaN,NaN,NaN

INPUT,0.377707272768021,0.0325827375054359,0.752505719661713,-2.5808732509613,3.1363639831543,-1.71351969242096,K,6
OUTPUT,NaN,NaN,NaN,NaN,NaN,NaN

INPUT,0.382866650819778,0.0323696956038475,0.762788057327271,-2.59303832054138,3.13621139526367,-1.63632571697235,K,7
OUTPUT,NaN,NaN,NaN,NaN,NaN,NaN

INPUT,0.386551916599274,0.0322175212204456,0.770132660865784,-2.60281872749329,3.13610577583313,-1.58227837085724,K,8
OUTPUT,NaN,NaN,NaN,NaN,NaN,NaN

INPUT,0.388763099908829,0.0321262180805206,0.774539411067963,-2.60908770561218,3.13604378700256,-1.55025053024292,K,9
OUTPUT,NaN,NaN,NaN,NaN,NaN,NaN

INPUT,0.364523589611053,0.0299509111791849,0.737447619438171,0.753186047077179,3.09582495689392,1.51228034496307,K,5
OUTPUT,NaN,NaN,NaN,NaN,NaN,NaN

INPUT,0.370672255754471,0.0292604137212038,0.75110787153244,0.689673960208893,3.08913111686707,1.56435644626617,K,6
OUTPUT,NaN,NaN,NaN,NaN,NaN,NaN

INPUT,0.375454545021057,0.0287233609706163,0.761732459068298,0.64117830991745,3.08404397964478,1.60577642917633,K,7
OUTPUT,NaN,NaN,NaN,NaN,NaN,NaN

INPUT,0.378870457410812,0.0283397529274225,0.769321501255035,0.606891930103302,3.08048033714294,1.63572335243225,K,8
OUTPUT,NaN,NaN,NaN,NaN,NaN,NaN

INPUT,0.380919992923737,0.0281095877289772,0.773874938488007,0.58643501996994,3.07837200164795,1.6538097858429,K,9
OUTPUT,NaN,NaN,NaN,NaN,NaN,NaN

INPUT,0.361588686704636,0.0326630100607872,0.732454657554626,-2.3515682220459,3.13239622116089,-1.64256370067596,K,12
OUTPUT,NaN,NaN,NaN,NaN,NaN,NaN

INPUT,0.366083949804306,0.0324665158987045,0.743635892868042,-2.38242840766907,3.13155317306519,-1.59881269931793,K,13
OUTPUT,NaN,NaN,NaN,NaN,NaN,NaN

INPUT,0.370579183101654,0.0322700180113316,0.754817068576813,-2.41428065299988,3.13072371482849,-1.55605340003967,K,14
OUTPUT,NaN,NaN,NaN,NaN,NaN,NaN

INPUT,0.375074446201324,0.0320735238492489,0.765998303890228,-2.44690036773682,3.1299090385437,-1.51406121253967,K,15
OUTPUT,NaN,NaN,NaN,NaN,NaN,NaN

INPUT,0.379120171070099,0.0318966768682003,0.776061415672302,-2.47677993774414,3.12918972969055,-1.47678971290588,K,16
OUTPUT,NaN,NaN,NaN,NaN,NaN,NaN

INPUT,0.382266849279404,0.0317591279745102,0.783888220787048,-2.50030112266541,3.12863945960999,-1.44808220863342,K,17
OUTPUT,NaN,NaN,NaN,NaN,NaN,NaN

INPUT,0.384514480829239,0.0316608808934689,0.789478838443756,-2.51723194122314,3.12825202941895,-1.42770683765411,K,18
OUTPUT,NaN,NaN,NaN,NaN,NaN,NaN

INPUT,0.385863035917282,0.031601931899786,0.792833209037781,-2.52743768692017,3.12802171707153,-1.41552865505219,K,19
OUTPUT,NaN,NaN,NaN,NaN,NaN,NaN

INPUT,0.386312574148178,0.0315822809934616,0.793951332569122,-2.53084707260132,3.12794518470764,-1.41147661209106,K,20
OUTPUT,NaN,NaN,NaN,NaN,NaN,NaN

INPUT,0.359655559062958,0.0393574610352516,0.722337126731873,-2.08261966705322,3.1257688999176,-1.60807549953461,K,11
OUTPUT,NaN,NaN,NaN,NaN,NaN,NaN

INPUT,0.364451706409454,0.0399252697825432,0.733644425868988,-2.10558247566223,3.12402367591858,-1.57523059844971,K,12
OUTPUT,NaN,NaN,NaN,NaN,NaN,NaN

INPUT,0.369247823953629,0.0404930748045444,0.744951725006104,-2.12943577766418,3.12229180335999,-1.5432755947113,K,13
OUTPUT,NaN,NaN,NaN,NaN,NaN,NaN

INPUT,0.374043941497803,0.0410608761012554,0.756259024143219,-2.15395426750183,3.1205747127533,-1.51198470592499,K,14
OUTPUT,NaN,NaN,NaN,NaN,NaN,NaN

INPUT,0.378840059041977,0.0416286811232567,0.767566323280334,-2.1789824962616,3.11887383460999,-1.48120272159576,K,15
OUTPUT,NaN,NaN,NaN,NaN,NaN,NaN

INPUT,0.383156567811966,0.0421397089958191,0.777742862701416,-2.20185232162476,3.11735796928406,-1.45384204387665,K,16
OUTPUT,NaN,NaN,NaN,NaN,NaN,NaN

INPUT,0.386513859033585,0.0425371713936329,0.785658001899719,-2.21982455253601,3.1161892414093,-1.43274581432343,K,17
OUTPUT,NaN,NaN,NaN,NaN,NaN,NaN

INPUT,0.388911932706833,0.0428210720419884,0.791311621665955,-2.23274683952332,3.11536049842834,-1.41776180267334,K,18
OUTPUT,NaN,NaN,NaN,NaN,NaN,NaN

INPUT,0.390350759029388,0.0429914146661758,0.794703841209412,-2.2405309677124,3.11486554145813,-1.40880191326141,K,19
OUTPUT,NaN,NaN,NaN,NaN,NaN,NaN

INPUT,0.390830367803574,0.043048195540905,0.795834541320801,-2.24313068389893,3.11470103263855,-1.40582001209259,K,20
OUTPUT,NaN,NaN,NaN,NaN,NaN,NaN

INPUT,0.347529470920563,0.0313554592430592,0.73304557800293,0.684299647808075,3.07611083984375,1.60703825950623,K,12
OUTPUT,NaN,NaN,NaN,NaN,NaN,NaN

INPUT,0.350544542074203,0.0310210566967726,0.744289994239807,0.634740352630615,3.06971311569214,1.65466773509979,K,13
OUTPUT,NaN,NaN,NaN,NaN,NaN,NaN

INPUT,0.353559613227844,0.0306866522878408,0.75553435087204,0.585325956344604,3.06348490715027,1.70246410369873,K,14
OUTPUT,NaN,NaN,NaN,NaN,NaN,NaN

INPUT,0.356574684381485,0.0303522478789091,0.766778767108917,0.536017894744873,3.05744123458862,1.75039005279541,K,15
OUTPUT,NaN,NaN,NaN,NaN,NaN,NaN

INPUT,0.359288245439529,0.0300512854009867,0.776898741722107,0.491708695888519,3.05217123031616,1.79361248016357,K,16
OUTPUT,NaN,NaN,NaN,NaN,NaN,NaN

INPUT,0.361398786306381,0.0298172030597925,0.784769833087921,0.457280784845352,3.04819011688232,1.82727873325348,K,17
OUTPUT,NaN,NaN,NaN,NaN,NaN,NaN

INPUT,0.36290630698204,0.0296500008553267,0.79039204120636,0.432704836130142,3.04541230201721,1.85134875774384,K,18
OUTPUT,NaN,NaN,NaN,NaN,NaN,NaN

INPUT,0.363810837268829,0.0295496787875891,0.793765366077423,0.417964458465576,3.04377293586731,1.86579930782318,K,19
OUTPUT,NaN,NaN,NaN,NaN,NaN,NaN

INPUT,0.364112347364426,0.0295162387192249,0.794889807701111,0.413051843643188,3.04323101043701,1.87061750888824,K,20
OUTPUT,NaN,NaN,NaN,NaN,NaN,NaN

INPUT,0.357736229896545,0.0323671139776707,0.733539283275604,0.728788495063782,3.12259316444397,1.40735197067261,K,12
OUTPUT,NaN,NaN,NaN,NaN,NaN,NaN

INPUT,0.361825615167618,0.0321392603218555,0.744835555553436,0.690160512924194,3.12059903144836,1.44013571739197,K,13
OUTPUT,NaN,NaN,NaN,NaN,NaN,NaN

INPUT,0.365914970636368,0.0319114103913307,0.756131827831268,0.65203595161438,3.11863136291504,1.473424077034,K,14
OUTPUT,NaN,NaN,NaN,NaN,NaN,NaN

INPUT,0.37000435590744,0.0316835604608059,0.7674281001091,0.614289939403534,3.11669278144836,1.50709271430969,K,15
OUTPUT,NaN,NaN,NaN,NaN,NaN,NaN

INPUT,0.373684793710709,0.0314784944057465,0.777594745159149,0.580569744110107,3.11497521400452,1.53764724731445,K,16
OUTPUT,NaN,NaN,NaN,NaN,NaN,NaN

INPUT,0.376547336578369,0.0313189998269081,0.785502135753632,0.554476022720337,3.11365818977356,1.56154608726501,K,17
OUTPUT,NaN,NaN,NaN,NaN,NaN,NaN

INPUT,0.378592014312744,0.0312050748616457,0.791150271892548,0.535898447036743,3.11272788047791,1.57867789268494,K,18
OUTPUT,NaN,NaN,NaN,NaN,NaN,NaN

INPUT,0.379818826913834,0.0311367195099592,0.794539153575897,0.52477353811264,3.11217427253723,1.58897888660431,K,19
OUTPUT,NaN,NaN,NaN,NaN,NaN,NaN

INPUT,0.380227774381638,0.0311139337718487,0.79566878080368,0.521068692207336,3.11199045181274,1.59241604804993,K,20
OUTPUT,NaN,NaN,NaN,NaN,NaN,NaN

INPUT,0.362769931554794,0.0348446257412434,0.732251763343811,-2.38751530647278,3.12392044067383,-1.7115718126297,K,12
OUTPUT,NaN,NaN,NaN,NaN,NaN,NaN

INPUT,0.367389559745789,0.0348776802420616,0.743411600589752,-2.41996383666992,3.12222385406494,-1.67288565635681,K,13
OUTPUT,NaN,NaN,NaN,NaN,NaN,NaN

INPUT,0.372009187936783,0.0349107310175896,0.754571437835693,-2.45291233062744,3.12055158615112,-1.63469839096069,K,14
OUTPUT,NaN,NaN,NaN,NaN,NaN,NaN

INPUT,0.376628816127777,0.0349437855184078,0.765731275081635,-2.48624444007874,3.11890578269958,-1.59689366817474,K,15
OUTPUT,NaN,NaN,NaN,NaN,NaN,NaN

INPUT,0.380786508321762,0.034973531961441,0.775775134563446,-2.51650238037109,3.11744904518127,-1.56312727928162,K,16
OUTPUT,NaN,NaN,NaN,NaN,NaN,NaN

INPUT,0.384020239114761,0.0349966697394848,0.783587038516998,-2.54017567634583,3.11633276939392,-1.53700304031372,K,17
OUTPUT,NaN,NaN,NaN,NaN,NaN,NaN

INPUT,0.386330038309097,0.0350131951272488,0.789166986942291,-2.5571494102478,3.11554527282715,-1.51840651035309,K,18
OUTPUT,NaN,NaN,NaN,NaN,NaN,NaN

INPUT,0.387715935707092,0.0350231118500233,0.79251492023468,-2.5673565864563,3.11507654190063,-1.50727164745331,K,19
OUTPUT,NaN,NaN,NaN,NaN,NaN,NaN

INPUT,0.388177901506424,0.035026416182518,0.79363089799881,-2.57076263427734,3.11492085456848,-1.50356364250183,K,20
OUTPUT,NaN,NaN,NaN,NaN,NaN,NaN

INPUT,0.356898337602615,0.0367423705756664,0.723576664924622,-2.51232290267944,3.1291651725769,-2.01720213890076,K,11
OUTPUT,NaN,NaN,NaN,NaN,NaN,NaN

INPUT,0.361370444297791,0.0370024479925632,0.735029816627502,-2.53784823417664,3.12784290313721,-1.98450016975403,K,12
OUTPUT,NaN,NaN,NaN,NaN,NaN,NaN

INPUT,0.365842550992966,0.0372625216841698,0.746483027935028,-2.56400108337402,3.12653207778931,-1.95242524147034,K,13
OUTPUT,NaN,NaN,NaN,NaN,NaN,NaN

INPUT,0.370314627885818,0.0375225991010666,0.757936179637909,-2.59062671661377,3.1252338886261,-1.92082226276398,K,14
OUTPUT,NaN,NaN,NaN,NaN,NaN,NaN

INPUT,0.374786734580994,0.0377826727926731,0.769389390945435,-2.61761689186096,3.12394952774048,-1.88958334922791,K,15
OUTPUT,NaN,NaN,NaN,NaN,NaN,NaN

INPUT,0.378811627626419,0.0380167402327061,0.779697239398956,-2.64215517044067,3.12280631065369,-1.86171507835388,K,16
OUTPUT,NaN,NaN,NaN,NaN,NaN,NaN

INPUT,0.381942093372345,0.0381987951695919,0.78771448135376,-2.66137409210205,3.12192583084106,-1.84017264842987,K,17
OUTPUT,NaN,NaN,NaN,NaN,NaN,NaN

INPUT,0.384178161621094,0.0383288338780403,0.7934410572052,-2.67516326904297,3.12130212783813,-1.82484662532806,K,18
OUTPUT,NaN,NaN,NaN,NaN,NaN,NaN

INPUT,0.385519772768021,0.0384068563580513,0.796877026557922,-2.68345928192139,3.12092971801758,-1.81567323207855,K,19
OUTPUT,NaN,NaN,NaN,NaN,NaN,NaN

INPUT,0.38596698641777,0.0384328626096249,0.798022329807281,-2.68622803688049,3.12080597877502,-1.81261885166168,K,20
OUTPUT,NaN,NaN,NaN,NaN,NaN,NaN

INPUT,0.357511818408966,0.0307969655841589,0.733100533485413,0.824040532112122,3.11360764503479,1.62154817581177,K,12
OUTPUT,NaN,NaN,NaN,NaN,NaN,NaN

INPUT,0.361575782299042,0.030403321608901,0.744353771209717,0.779305458068848,3.11076617240906,1.66075527667999,K,13
OUTPUT,NaN,NaN,NaN,NaN,NaN,NaN

INPUT,0.365639716386795,0.0300096776336432,0.755607068538666,0.735031485557556,3.10797905921936,1.70042669773102,K,14
OUTPUT,NaN,NaN,NaN,NaN,NaN,NaN

INPUT,0.369703680276871,0.0296160317957401,0.76686030626297,0.691104829311371,3.1052508354187,1.74044954776764,K,15
OUTPUT,NaN,NaN,NaN,NaN,NaN,NaN

INPUT,0.373361259698868,0.029261751100421,0.77698826789856,0.651801347732544,3.10284996032715,1.77670419216156,K,16
OUTPUT,NaN,NaN,NaN,NaN,NaN,NaN

INPUT,0.376206040382385,0.0289862006902695,0.784865498542786,0.621354460716248,3.10102081298828,1.80502700805664,K,17
OUTPUT,NaN,NaN,NaN,NaN,NaN,NaN

INPUT,0.378238022327423,0.0287893787026405,0.790492177009583,0.599662303924561,3.09973526000977,1.82531476020813,K,18
OUTPUT,NaN,NaN,NaN,NaN,NaN,NaN

INPUT,0.379457205533981,0.0286712851375341,0.793868124485016,0.586667001247406,3.09897303581238,1.83750760555267,K,19
OUTPUT,NaN,NaN,NaN,NaN,NaN,NaN

INPUT,0.37986359000206,0.0286319199949503,0.794993460178375,0.582338333129883,3.09872031211853,1.84157526493073,K,20
OUTPUT,NaN,NaN,NaN,NaN,NaN,NaN

INPUT,0.359902828931808,0.0348868928849697,0.721804559230804,-2.36417317390442,3.11679673194885,-1.71524751186371,K,11
OUTPUT,NaN,NaN,NaN,NaN,NaN,NaN

INPUT,0.364728540182114,0.0349288806319237,0.733048319816589,-2.39985418319702,3.11409068107605,-1.67459976673126,K,12
OUTPUT,NaN,NaN,NaN,NaN,NaN,NaN

INPUT,0.369554281234741,0.0349708683788776,0.744292020797729,-2.43597888946533,3.11142468452454,-1.63439285755157,K,13
OUTPUT,NaN,NaN,NaN,NaN,NaN,NaN

INPUT,0.374379992485046,0.0350128561258316,0.75553572177887,-2.47243404388428,3.10880255699158,-1.59451353549957,K,14
OUTPUT,NaN,NaN,NaN,NaN,NaN,NaN

INPUT,0.379205703735352,0.0350548438727856,0.76677942276001,-2.50914239883423,3.10622811317444,-1.55488407611847,K,15
OUTPUT,NaN,NaN,NaN,NaN,NaN,NaN

INPUT,0.383548855781555,0.0350926332175732,0.776898801326752,-2.54235100746155,3.10395503044128,-1.51938545703888,K,16
OUTPUT,NaN,NaN,NaN,NaN,NaN,NaN

INPUT,0.386926859617233,0.0351220220327377,0.784769415855408,-2.56827116012573,3.10221743583679,-1.49186503887177,K,17
OUTPUT,NaN,NaN,NaN,NaN,NaN,NaN

INPUT,0.389339715242386,0.0351430177688599,0.790391266345978,-2.58682775497437,3.10099363327026,-1.47224867343903,K,18
OUTPUT,NaN,NaN,NaN,NaN,NaN,NaN

INPUT,0.390787452459335,0.035155612975359,0.793764352798462,-2.59797716140747,3.10026621818542,-1.460493683815,K,19
OUTPUT,NaN,NaN,NaN,NaN,NaN,NaN

INPUT,0.391270011663437,0.0351598113775253,0.794888734817505,-2.6016960144043,3.10002493858337,-1.45657753944397,K,20
OUTPUT,NaN,NaN,NaN,NaN,NaN,NaN

INPUT,0.364475846290588,0.041752602905035,0.72212678194046,-2.33827471733093,3.08707213401794,-1.79776585102081,K,11
OUTPUT,NaN,NaN,NaN,NaN,NaN,NaN

INPUT,0.36983934044838,0.0426019541919231,0.733409464359283,-2.36893749237061,3.08093619346619,-1.76482570171356,K,12
OUTPUT,NaN,NaN,NaN,NaN,NaN,NaN

INPUT,0.375202834606171,0.0434513092041016,0.744692146778107,-2.39981460571289,3.07486176490784,-1.73208785057068,K,13
OUTPUT,NaN,NaN,NaN,NaN,NaN,NaN

INPUT,0.380566328763962,0.0443006604909897,0.75597482919693,-2.43085241317749,3.06885457038879,-1.69949805736542,K,14
OUTPUT,NaN,NaN,NaN,NaN,NaN,NaN

INPUT,0.385929822921753,0.0451500117778778,0.767257511615753,-2.46201467514038,3.06292104721069,-1.66701912879944,K,15
OUTPUT,NaN,NaN,NaN,NaN,NaN,NaN

INPUT,0.390756964683533,0.045914426445961,0.777411937713623,-2.49014639854431,3.05764865875244,-1.63786089420319,K,16
OUTPUT,NaN,NaN,NaN,NaN,NaN,NaN

INPUT,0.39451140165329,0.0465089753270149,0.785309791564941,-2.51207304000854,3.05359530448914,-1.61522018909454,K,17
OUTPUT,NaN,NaN,NaN,NaN,NaN,NaN

INPUT,0.397193163633347,0.046933650970459,0.790951132774353,-2.52775692939758,3.05072665214539,-1.5990651845932,K,18
OUTPUT,NaN,NaN,NaN,NaN,NaN,NaN

INPUT,0.398802191019058,0.0471884571015835,0.794335961341858,-2.53717517852783,3.04901647567749,-1.5893782377243,K,19
OUTPUT,NaN,NaN,NaN,NaN,NaN,NaN

INPUT,0.39933854341507,0.0472733899950981,0.795464217662811,-2.54031586647034,3.04844808578491,-1.58615016937256,K,20
OUTPUT,NaN,NaN,NaN,NaN,NaN,NaN

INPUT,0.368425160646439,0.04001384973526,0.7319096326828,-2.14620447158813,3.12231397628784,-1.58432507514954,K,5
OUTPUT,NaN,NaN,NaN,NaN,NaN,NaN

INPUT,0.376370459794998,0.0409547500312328,0.747725248336792,-2.17802667617798,3.11951279640198,-1.51644563674927,K,6
OUTPUT,NaN,NaN,NaN,NaN,NaN,NaN

INPUT,0.382550150156021,0.0416865646839142,0.760026216506958,-2.20552325248718,3.11737632751465,-1.46671056747437,K,7
OUTPUT,NaN,NaN,NaN,NaN,NaN,NaN

INPUT,0.386964201927185,0.0422092862427235,0.768812656402588,-2.22616958618164,3.11587905883789,-1.43249905109406,K,8
OUTPUT,NaN,NaN,NaN,NaN,NaN,NaN

INPUT,0.389612644910812,0.0425229221582413,0.774084508419037,-2.23885893821716,3.11499381065369,-1.41243553161621,K,9
OUTPUT,NaN,NaN,NaN,NaN,NaN,NaN

INPUT,0.365145057439804,0.0370599962770939,0.73335325717926,-2.57045364379883,3.12637042999268,-1.98408329486847,K,5
OUTPUT,NaN,NaN,NaN,NaN,NaN,NaN

INPUT,0.372506558895111,0.0374884121119976,0.749435663223267,-2.61030006408691,3.1243143081665,-1.91990208625793,K,6
OUTPUT,NaN,NaN,NaN,NaN,NaN,NaN

INPUT,0.378232151269913,0.0378216244280338,0.761944234371185,-2.64296269416809,3.12275290489197,-1.87201225757599,K,7
OUTPUT,NaN,NaN,NaN,NaN,NaN,NaN

INPUT,0.382321864366531,0.0380596332252026,0.770878911018372,-2.6668701171875,3.12166213989258,-1.83873164653778,K,8
OUTPUT,NaN,NaN,NaN,NaN,NaN,NaN

INPUT,0.384775698184967,0.0382024385035038,0.776239693164825,-2.68137335777283,3.12101864814758,-1.81910574436188,K,9
OUTPUT,NaN,NaN,NaN,NaN,NaN,NaN

INPUT,0.36851978302002,0.0347148180007935,0.731284141540527,-2.43462991714478,3.11173677444458,-1.66627669334412,K,5
OUTPUT,NaN,NaN,NaN,NaN,NaN,NaN

INPUT,0.376453220844269,0.0347212143242359,0.74698793888092,-2.49307250976563,3.10737824440002,-1.58909285068512,K,6
OUTPUT,NaN,NaN,NaN,NaN,NaN,NaN

INPUT,0.382623672485352,0.0347261875867844,0.759202063083649,-2.54001474380493,3.10409426689148,-1.53054118156433,K,7
OUTPUT,NaN,NaN,NaN,NaN,NaN,NaN

INPUT,0.387031137943268,0.0347297377884388,0.767926454544067,-2.57412648200989,3.101811170578,-1.48929584026337,K,8
OUTPUT,NaN,NaN,NaN,NaN,NaN,NaN

INPUT,0.389675617218018,0.0347318686544895,0.773161053657532,-2.59478259086609,3.10046815872192,-1.46473634243011,K,9
OUTPUT,NaN,NaN,NaN,NaN,NaN,NaN

INPUT,0.373716592788696,0.0424350053071976,0.732082962989807,-2.39073419570923,3.07617855072021,-1.75123000144958,K,5
OUTPUT,NaN,NaN,NaN,NaN,NaN,NaN

INPUT,0.382388293743134,0.0437979958951473,0.747731447219849,-2.44429612159729,3.06590008735657,-1.69072818756104,K,6
OUTPUT,NaN,NaN,NaN,NaN,NaN,NaN

INPUT,0.389132916927338,0.0448580980300903,0.759902477264404,-2.4863269329071,3.05811500549316,-1.64448893070221,K,7
OUTPUT,NaN,NaN,NaN,NaN,NaN,NaN

INPUT,0.393950521945953,0.0456153117120266,0.768596053123474,-2.51635813713074,3.05269241333008,-1.61191654205322,K,8
OUTPUT,NaN,NaN,NaN,NaN,NaN,NaN

INPUT,0.396841078996658,0.0460696406662464,0.773812174797058,-2.53433465957642,3.04950094223022,-1.59256649017334,K,9
OUTPUT,NaN,NaN,NaN,NaN,NaN,NaN

INPUT,0.361820340156555,0.0327339991927147,0.723788738250732,-2.38768434524536,3.13185238838196,-1.72181153297424,K,4
OUTPUT,NaN,NaN,NaN,NaN,NaN,NaN

INPUT,0.368244409561157,0.03238769993186,0.737067580223083,-2.41961216926575,3.1307692527771,-1.63369679450989,K,5
OUTPUT,NaN,NaN,NaN,NaN,NaN,NaN

INPUT,0.374668449163437,0.0320414006710052,0.750346422195435,-2.45659041404724,3.12971830368042,-1.55063188076019,K,6
OUTPUT,NaN,NaN,NaN,NaN,NaN,NaN

INPUT,0.379664927721024,0.0317720547318459,0.760674357414246,-2.48795652389526,3.12892627716064,-1.48863053321838,K,7
OUTPUT,NaN,NaN,NaN,NaN,NaN,NaN

INPUT,0.383233845233917,0.0315796658396721,0.768051505088806,-2.51147055625916,3.12837600708008,-1.44545328617096,K,8
OUTPUT,NaN,NaN,NaN,NaN,NaN,NaN

INPUT,0.385375171899796,0.0314642339944839,0.772477805614471,-2.52595949172974,3.12805199623108,-1.41992735862732,K,9
OUTPUT,NaN,NaN,NaN,NaN,NaN,NaN

INPUT,0.353009313344955,0.0315280668437481,0.736459493637085,0.630874574184418,3.06965231895447,1.65476322174072,K,5
OUTPUT,NaN,NaN,NaN,NaN,NaN,NaN

INPUT,0.357654005289078,0.0310876276344061,0.750329196453094,0.552412271499634,3.05968451499939,1.73236858844757,K,6
OUTPUT,NaN,NaN,NaN,NaN,NaN,NaN

INPUT,0.361266553401947,0.0307450648397207,0.761116743087769,0.491429477930069,3.05227303504944,1.79281449317932,K,7
OUTPUT,NaN,NaN,NaN,NaN,NaN,NaN

INPUT,0.363846927881241,0.0305003765970469,0.768822193145752,0.447883665561676,3.04717898368835,1.83602750301361,K,8
OUTPUT,NaN,NaN,NaN,NaN,NaN,NaN

INPUT,0.365395158529282,0.0303535629063845,0.773445427417755,0.421759516000748,3.04420709609985,1.86196839809418,K,9
OUTPUT,NaN,NaN,NaN,NaN,NaN,NaN

INPUT,0.364121973514557,0.0323533564805984,0.737840950489044,0.707599818706512,3.12088322639465,1.46022391319275,K,5
OUTPUT,NaN,NaN,NaN,NaN,NaN,NaN

INPUT,0.370104879140854,0.0320132486522198,0.751462161540985,0.638114750385284,3.11761140823364,1.50547516345978,K,6
OUTPUT,NaN,NaN,NaN,NaN,NaN,NaN

INPUT,0.374758273363113,0.0317487232387066,0.762056410312653,0.586119771003723,3.11511898040771,1.54272258281708,K,7
OUTPUT,NaN,NaN,NaN,NaN,NaN,NaN

INPUT,0.378082096576691,0.0315597727894783,0.769623696804047,0.549770474433899,3.11336970329285,1.57011961936951,K,8
OUTPUT,NaN,NaN,NaN,NaN,NaN,NaN

INPUT,0.38007640838623,0.0314464047551155,0.774164080619812,0.528215944766998,3.11233353614807,1.58681356906891,K,9
OUTPUT,NaN,NaN,NaN,NaN,NaN,NaN

INPUT,0.363043367862701,0.0347054824233055,0.723936259746552,-2.39237380027771,3.12363386154175,-1.75776290893555,K,4
OUTPUT,NaN,NaN,NaN,NaN,NaN,NaN

INPUT,0.369577825069427,0.0347141474485397,0.737092614173889,-2.43638944625854,3.12123203277588,-1.68727385997772,K,5
OUTPUT,NaN,NaN,NaN,NaN,NaN,NaN

INPUT,0.376112282276154,0.0347228161990643,0.750248968601227,-2.48317050933838,3.11889386177063,-1.61954772472382,K,6
OUTPUT,NaN,NaN,NaN,NaN,NaN,NaN

INPUT,0.381194651126862,0.0347295552492142,0.760481655597687,-2.52092289924622,3.1171247959137,-1.56823658943176,K,7
OUTPUT,NaN,NaN,NaN,NaN,NaN,NaN

INPUT,0.384824901819229,0.0347343683242798,0.767790734767914,-2.54845452308655,3.11589026451111,-1.53215038776398,K,8
OUTPUT,NaN,NaN,NaN,NaN,NaN,NaN

INPUT,0.387003064155579,0.0347372591495514,0.772176206111908,-2.56516408920288,3.11516165733337,-1.51068878173828,K,9
OUTPUT,NaN,NaN,NaN,NaN,NaN,NaN

INPUT,0.363897681236267,0.0307251811027527,0.737220764160156,0.789708375930786,3.11081337928772,1.67437052726746,K,5
OUTPUT,NaN,NaN,NaN,NaN,NaN,NaN

INPUT,0.369903117418289,0.0301413219422102,0.750825583934784,0.713459253311157,3.10631465911865,1.73295891284943,K,6
OUTPUT,NaN,NaN,NaN,NaN,NaN,NaN

INPUT,0.374574035406113,0.0296872109174728,0.761407077312469,0.655550479888916,3.10292387008667,1.77993083000183,K,7
OUTPUT,NaN,NaN,NaN,NaN,NaN,NaN

INPUT,0.377910405397415,0.0293628443032503,0.768965244293213,0.61473149061203,3.10056591033936,1.81403076648712,K,8
OUTPUT,NaN,NaN,NaN,NaN,NaN,NaN

INPUT,0.379912227392197,0.0291682239621878,0.773500204086304,0.59041702747345,3.09917807579041,1.83466923236847,K,9
OUTPUT,NaN,NaN,NaN,NaN,NaN,NaN

INPUT,0.363279402256012,0.0355866029858589,0.733392834663391,-2.85402774810791,3.12576174736023,-1.93415606021881,K,12
OUTPUT,NaN,NaN,NaN,NaN,NaN,NaN

INPUT,0.367952466011047,0.0356975942850113,0.744673728942871,-2.90054631233215,3.12433433532715,-1.88386285305023,K,13
OUTPUT,NaN,NaN,NaN,NaN,NaN,NaN

INPUT,0.37262549996376,0.0358085855841637,0.755954623222351,-2.94735026359558,3.12294745445251,-1.83385407924652,K,14
OUTPUT,NaN,NaN,NaN,NaN,NaN,NaN

INPUT,0.377298563718796,0.035919576883316,0.767235457897186,-2.99437403678894,3.12160396575928,-1.7840633392334,K,15
OUTPUT,NaN,NaN,NaN,NaN,NaN,NaN

INPUT,0.381504327058792,0.0360194705426693,0.777388274669647,-3.0368435382843,3.12043476104736,-1.73939883708954,K,16
OUTPUT,NaN,NaN,NaN,NaN,NaN,NaN

INPUT,0.384775459766388,0.036097165197134,0.785284876823425,-3.06995511054993,3.11955308914185,-1.70473897457123,K,17
OUTPUT,NaN,NaN,NaN,NaN,NaN,NaN

INPUT,0.387111991643906,0.0361526608467102,0.790925323963165,-3.09364318847656,3.11893892288208,-1.68001794815063,K,18
OUTPUT,NaN,NaN,NaN,NaN,NaN,NaN

INPUT,0.388513922691345,0.0361859612166882,0.794309616088867,-3.10786890983582,3.11857652664185,-1.66519856452942,K,19
OUTPUT,NaN,NaN,NaN,NaN,NaN,NaN

INPUT,0.388981223106384,0.0361970588564873,0.795437693595886,-3.11261296272278,3.11845684051514,-1.66026079654694,K,20
OUTPUT,NaN,NaN,NaN,NaN,NaN,NaN

INPUT,0.361579388380051,0.0407402068376541,0.722129464149475,-2.39394521713257,3.09540772438049,-1.6658753156662,K,11
OUTPUT,NaN,NaN,NaN,NaN,NaN,NaN

INPUT,0.366601943969727,0.0414707101881504,0.733412325382233,-2.43536424636841,3.09035110473633,-1.62162816524506,K,12
OUTPUT,NaN,NaN,NaN,NaN,NaN,NaN

INPUT,0.371624499559402,0.0422012135386467,0.74469518661499,-2.47704100608826,3.08538842201233,-1.5776275396347,K,13
OUTPUT,NaN,NaN,NaN,NaN,NaN,NaN

INPUT,0.376647025346756,0.042931716889143,0.755977988243103,-2.51891040802002,3.0805287361145,-1.5338077545166,K,14
OUTPUT,NaN,NaN,NaN,NaN,NaN,NaN

INPUT,0.381669580936432,0.0436622202396393,0.767260849475861,-2.56092834472656,3.07578110694885,-1.49012410640717,K,15
OUTPUT,NaN,NaN,NaN,NaN,NaN,NaN

INPUT,0.386189877986908,0.0443196706473827,0.777415454387665,-2.59884572029114,3.07161116600037,-1.45089864730835,K,16
OUTPUT,NaN,NaN,NaN,NaN,NaN,NaN

INPUT,0.389705657958984,0.0448310226202011,0.785313427448273,-2.6283917427063,3.06843948364258,-1.42043697834015,K,17
OUTPUT,NaN,NaN,NaN,NaN,NaN,NaN

INPUT,0.392216950654984,0.0451962761580944,0.790954828262329,-2.64952158927917,3.06621408462524,-1.39869999885559,K,18
OUTPUT,NaN,NaN,NaN,NaN,NaN,NaN

INPUT,0.393723696470261,0.0454154275357723,0.794339716434479,-2.66220879554749,3.06489539146423,-1.38566529750824,K,19
OUTPUT,NaN,NaN,NaN,NaN,NaN,NaN

INPUT,0.39422595500946,0.0454884767532349,0.795467972755432,-2.66643929481506,3.06445860862732,-1.38132166862488,K,20
OUTPUT,NaN,NaN,NaN,NaN,NaN,NaN

INPUT,0.354158997535706,0.0277970805764198,0.732736349105835,0.62777453660965,3.11110377311707,1.2934992313385,K,12
OUTPUT,NaN,NaN,NaN,NaN,NaN,NaN

INPUT,0.35787159204483,0.0270882472395897,0.743948101997375,0.591203272342682,3.10794305801392,1.32699549198151,K,13
OUTPUT,NaN,NaN,NaN,NaN,NaN,NaN

INPUT,0.361584216356277,0.0263794157654047,0.755159854888916,0.554892778396606,3.10482335090637,1.36075615882874,K,14
OUTPUT,NaN,NaN,NaN,NaN,NaN,NaN

INPUT,0.365296840667725,0.0256705824285746,0.766371607780457,0.518778443336487,3.10174870491028,1.39471709728241,K,15
OUTPUT,NaN,NaN,NaN,NaN,NaN,NaN

INPUT,0.368638187646866,0.0250326320528984,0.776462197303772,0.48640576004982,3.09902334213257,1.42541563510895,K,16
OUTPUT,NaN,NaN,NaN,NaN,NaN,NaN

INPUT,0.37123703956604,0.0245364475995302,0.784310400485992,0.461295813322067,3.09693264961243,1.44936370849609,K,17
OUTPUT,NaN,NaN,NaN,NaN,NaN,NaN

INPUT,0.373093336820602,0.0241820327937603,0.789916276931763,0.443391621112823,3.09545564651489,1.46650230884552,K,18
OUTPUT,NaN,NaN,NaN,NaN,NaN,NaN

INPUT,0.374207139015198,0.0239693820476532,0.793279826641083,0.432660281658173,3.09457635879517,1.47679722309113,K,19
OUTPUT,NaN,NaN,NaN,NaN,NaN,NaN

INPUT,0.374578386545181,0.0238984990864992,0.794400990009308,0.429084926843643,3.09428429603577,1.48023068904877,K,20
OUTPUT,NaN,NaN,NaN,NaN,NaN,NaN

INPUT,0.370281994342804,0.0414455682039261,0.73189914226532,-2.46808981895447,3.08643698692322,-1.6062433719635,K,5
OUTPUT,NaN,NaN,NaN,NaN,NaN,NaN

INPUT,0.378408491611481,0.0426472015678883,0.747605323791504,-2.53840470314026,3.0781888961792,-1.52421593666077,K,6
OUTPUT,NaN,NaN,NaN,NaN,NaN,NaN

INPUT,0.38472905755043,0.0435818061232567,0.759821236133575,-2.59404969215393,3.07202410697937,-1.46134555339813,K,7
OUTPUT,NaN,NaN,NaN,NaN,NaN,NaN

INPUT,0.389243751764297,0.0442493781447411,0.768546879291534,-2.63416695594788,3.06776857376099,-1.41679394245148,K,8
OUTPUT,NaN,NaN,NaN,NaN,NaN,NaN

INPUT,0.391952574253082,0.044649925082922,0.773782312870026,-2.65835785865784,3.06527805328369,-1.39017713069916,K,9
OUTPUT,NaN,NaN,NaN,NaN,NaN,NaN

INPUT,0.364264577627182,0.035539835691452,0.72624683380127,-2.84468460083008,3.12540054321289,-1.9807208776474,K,4
OUTPUT,NaN,NaN,NaN,NaN,NaN,NaN

INPUT,0.370684802532196,0.0357102565467358,0.739269375801086,-2.91359615325928,3.12340140342712,-1.89388656616211,K,5
OUTPUT,NaN,NaN,NaN,NaN,NaN,NaN

INPUT,0.37710502743721,0.0358806774020195,0.752291917800903,-2.98424482345581,3.12151145935059,-1.80878627300262,K,6
OUTPUT,NaN,NaN,NaN,NaN,NaN,NaN

INPUT,0.382098525762558,0.0360132306814194,0.762420535087585,-3.0400505065918,3.12012434005737,-1.74345219135284,K,7
OUTPUT,NaN,NaN,NaN,NaN,NaN,NaN

INPUT,0.385665327310562,0.0361079089343548,0.769655287265778,-3.08026528358459,3.11918139457703,-1.69713735580444,K,8
OUTPUT,NaN,NaN,NaN,NaN,NaN,NaN

INPUT,0.3878054022789,0.036164715886116,0.773996114730835,-3.1045126914978,3.11863541603088,-1.66946649551392,K,9
OUTPUT,NaN,NaN,NaN,NaN,NaN,NaN

INPUT,0.36009007692337,0.0273467414081097,0.736512541770935,0.598483741283417,3.10818433761597,1.33696937561035,K,5
OUTPUT,NaN,NaN,NaN,NaN,NaN,NaN

INPUT,0.365615487098694,0.0262470319867134,0.750160455703735,0.535973250865936,3.10303282737732,1.38781225681305,K,6
OUTPUT,NaN,NaN,NaN,NaN,NaN,NaN

INPUT,0.369913041591644,0.0253917034715414,0.760775446891785,0.48856794834137,3.09913063049316,1.42811346054077,K,7
OUTPUT,NaN,NaN,NaN,NaN,NaN,NaN

INPUT,0.372982710599899,0.0247807539999485,0.768357634544373,0.455318242311478,3.09641242027283,1.45706295967102,K,8
OUTPUT,NaN,NaN,NaN,NaN,NaN,NaN

INPUT,0.374824523925781,0.0244141835719347,0.772906959056854,0.435612440109253,3.0948121547699,1.47444128990173,K,9
OUTPUT,NaN,NaN,NaN,NaN,NaN,NaN

INPUT,0.356779009103775,0.0379844456911087,0.722646474838257,-2.55980277061462,3.11859488487244,-1.8717280626297,K,11
OUTPUT,NaN,NaN,NaN,NaN,NaN,NaN

INPUT,0.361236721277237,0.0383907407522202,0.733990132808685,-2.59814047813416,3.11611890792847,-1.82913184165955,K,12
OUTPUT,NaN,NaN,NaN,NaN,NaN,NaN

INPUT,0.365694463253021,0.0387970358133316,0.745333850383759,-2.63685441017151,3.11368465423584,-1.78690898418427,K,13
OUTPUT,NaN,NaN,NaN,NaN,NaN,NaN

INPUT,0.370152145624161,0.0392033308744431,0.756677508354187,-2.67584872245789,3.11129593849182,-1.74496400356293,K,14
OUTPUT,NaN,NaN,NaN,NaN,NaN,NaN

INPUT,0.374609887599945,0.0396096259355545,0.768021166324615,-2.71505832672119,3.10895657539368,-1.70323133468628,K,15
OUTPUT,NaN,NaN,NaN,NaN,NaN,NaN

INPUT,0.378621816635132,0.0399752929806709,0.778230488300323,-2.75049209594727,3.10689687728882,-1.66581463813782,K,16
OUTPUT,NaN,NaN,NaN,NaN,NaN,NaN

INPUT,0.381742209196091,0.0402596965432167,0.786171078681946,-2.7781298160553,3.10532665252686,-1.63678884506226,K,17
OUTPUT,NaN,NaN,NaN,NaN,NaN,NaN

INPUT,0.383971095085144,0.0404628440737724,0.791842937469482,-2.79790687561035,3.10422253608704,-1.616091132164,K,18
OUTPUT,NaN,NaN,NaN,NaN,NaN,NaN

INPUT,0.385308384895325,0.0405847355723381,0.795246005058289,-2.80978608131409,3.10356760025024,-1.60368514060974,K,19
OUTPUT,NaN,NaN,NaN,NaN,NaN,NaN

INPUT,0.3857541680336,0.0406253635883331,0.796380400657654,-2.81374788284302,3.10335040092468,-1.59955167770386,K,20
OUTPUT,NaN,NaN,NaN,NaN,NaN,NaN

INPUT,0.34612712264061,0.0270290113985538,0.74355810880661,0.550960898399353,3.03753447532654,1.46428203582764,K,13
OUTPUT,NaN,NaN,NaN,NaN,NaN,NaN

INPUT,0.348721504211426,0.0263144019991159,0.754732728004456,0.506934106349945,3.02834391593933,1.50739634037018,K,14
OUTPUT,NaN,NaN,NaN,NaN,NaN,NaN

INPUT,0.351315885782242,0.0255997888743877,0.765907347202301,0.462952524423599,3.01936793327332,1.55060088634491,K,15
OUTPUT,NaN,NaN,NaN,NaN,NaN,NaN

INPUT,0.353650808334351,0.0249566398561001,0.775964438915253,0.423394113779068,3.01148700714111,1.58955037593842,K,16
OUTPUT,NaN,NaN,NaN,NaN,NaN,NaN

INPUT,0.35546687245369,0.0244564116001129,0.783786654472351,0.392636746168137,3.00549507141113,1.61988210678101,K,17
OUTPUT,NaN,NaN,NaN,NaN,NaN,NaN

INPUT,0.356764048337936,0.0240991059690714,0.789373993873596,0.370670795440674,3.00129246711731,1.64156627655029,K,18
OUTPUT,NaN,NaN,NaN,NaN,NaN,NaN

INPUT,0.357542365789413,0.0238847229629755,0.792726337909698,0.357492119073868,2.99880266189575,1.65458381175995,K,19
OUTPUT,NaN,NaN,NaN,NaN,NaN,NaN

INPUT,0.357801795005798,0.0238132625818253,0.793843805789948,0.353099316358566,2.99797821044922,1.6589241027832,K,20
OUTPUT,NaN,NaN,NaN,NaN,NaN,NaN

INPUT,0.360859155654907,0.0428118631243706,0.72274112701416,-2.02119088172913,3.08969974517822,-1.70095479488373,K,11
OUTPUT,NaN,NaN,NaN,NaN,NaN,NaN

INPUT,0.365796893835068,0.0437860302627087,0.734096050262451,-2.03863739967346,3.08370184898376,-1.68053448200226,K,12
OUTPUT,NaN,NaN,NaN,NaN,NaN,NaN

INPUT,0.370734661817551,0.0447601974010468,0.745450913906097,-2.05633974075317,3.07773327827454,-1.66041922569275,K,13
OUTPUT,NaN,NaN,NaN,NaN,NaN,NaN

INPUT,0.375672399997711,0.0457343645393848,0.756805837154388,-2.07421207427979,3.07180047035217,-1.640549659729,K,14
OUTPUT,NaN,NaN,NaN,NaN,NaN,NaN

INPUT,0.380610167980194,0.0467085316777229,0.768160760402679,-2.09219145774841,3.06590962409973,-1.62088978290558,K,15
OUTPUT,NaN,NaN,NaN,NaN,NaN,NaN

INPUT,0.385054141283035,0.0475852824747562,0.778380215167999,-2.1084246635437,3.06064867973328,-1.60335683822632,K,16
OUTPUT,NaN,NaN,NaN,NaN,NaN,NaN

INPUT,0.388510584831238,0.04826720058918,0.786328673362732,-2.12106537818909,3.05658650398254,-1.58981907367706,K,17
OUTPUT,NaN,NaN,NaN,NaN,NaN,NaN

INPUT,0.390979468822479,0.0487542860209942,0.792006075382233,-2.13009572029114,3.05370211601257,-1.58020043373108,K,18
OUTPUT,NaN,NaN,NaN,NaN,NaN,NaN

INPUT,0.39246079325676,0.0490465350449085,0.795412600040436,-2.13551235198975,3.05197858810425,-1.57444953918457,K,19
OUTPUT,NaN,NaN,NaN,NaN,NaN,NaN

INPUT,0.392954558134079,0.0491439513862133,0.796548068523407,-2.13731741905212,3.05140519142151,-1.57253587245941,K,20
OUTPUT,NaN,NaN,NaN,NaN,NaN,NaN

INPUT,0.36012202501297,0.037171445786953,0.721996366977692,-2.33304738998413,3.12172532081604,-1.90297913551331,K,11
OUTPUT,NaN,NaN,NaN,NaN,NaN,NaN

INPUT,0.364972501993179,0.0374818220734596,0.733265161514282,-2.35524010658264,3.11952972412109,-1.87459468841553,K,12
OUTPUT,NaN,NaN,NaN,NaN,NaN,NaN

INPUT,0.369822978973389,0.037792194634676,0.744533896446228,-2.3779923915863,3.11734795570374,-1.84676861763,K,13
OUTPUT,NaN,NaN,NaN,NaN,NaN,NaN

INPUT,0.374673455953598,0.0381025709211826,0.755802690982819,-2.40116286277771,3.11518168449402,-1.81935954093933,K,14
OUTPUT,NaN,NaN,NaN,NaN,NaN,NaN

INPUT,0.379523932933807,0.038412943482399,0.767071425914764,-2.42465424537659,3.11303210258484,-1.79226994514465,K,15
OUTPUT,NaN,NaN,NaN,NaN,NaN,NaN

INPUT,0.383889377117157,0.0386922806501389,0.777213335037231,-2.44601345062256,3.11111307144165,-1.76810491085052,K,16
OUTPUT,NaN,NaN,NaN,NaN,NaN,NaN

INPUT,0.387284696102142,0.0389095433056355,0.785101473331451,-2.46274256706238,3.10963129997253,-1.74942529201508,K,17
OUTPUT,NaN,NaN,NaN,NaN,NaN,NaN

INPUT,0.389709949493408,0.0390647314488888,0.790735900402069,-2.47474575042725,3.10857892036438,-1.73613607883453,K,18
OUTPUT,NaN,NaN,NaN,NaN,NaN,NaN

INPUT,0.391165107488632,0.0391578413546085,0.794116497039795,-2.48196697235107,3.10795021057129,-1.72818160057068,K,19
OUTPUT,NaN,NaN,NaN,NaN,NaN,NaN

INPUT,0.391650140285492,0.0391888804733753,0.795243382453918,-2.48437714576721,3.10774087905884,-1.72553312778473,K,20
OUTPUT,NaN,NaN,NaN,NaN,NaN,NaN

INPUT,0.364806711673737,0.0384820178151131,0.732235789299011,-2.63273048400879,3.11395406723022,-1.81790506839752,K,5
OUTPUT,NaN,NaN,NaN,NaN,NaN,NaN

INPUT,0.372087180614471,0.0391649827361107,0.74813312292099,-2.69643449783325,3.10998845100403,-1.73784363269806,K,6
OUTPUT,NaN,NaN,NaN,NaN,NaN,NaN

INPUT,0.377749770879745,0.0396961756050587,0.760497689247131,-2.74725985527039,3.10701489448547,-1.67684543132782,K,7
OUTPUT,NaN,NaN,NaN,NaN,NaN,NaN

INPUT,0.381794482469559,0.040075596421957,0.76932954788208,-2.78406357765198,3.10495591163635,-1.63377165794373,K,8
OUTPUT,NaN,NaN,NaN,NaN,NaN,NaN

INPUT,0.384221285581589,0.0403032526373863,0.774628639221191,-2.80630874633789,3.1037483215332,-1.60808885097504,K,9
OUTPUT,NaN,NaN,NaN,NaN,NaN,NaN

INPUT,0.369628399610519,0.0434416495263577,0.732612371444702,-2.05432724952698,3.07897996902466,-1.67632830142975,K,5
OUTPUT,NaN,NaN,NaN,NaN,NaN,NaN

INPUT,0.377677798271179,0.0449473187327385,0.748458504676819,-2.08335781097412,3.06895279884338,-1.63796520233154,K,6
OUTPUT,NaN,NaN,NaN,NaN,NaN,NaN

INPUT,0.383938401937485,0.0461183898150921,0.76078325510025,-2.10670208930969,3.06122398376465,-1.60897552967072,K,7
OUTPUT,NaN,NaN,NaN,NaN,NaN,NaN

INPUT,0.388410300016403,0.0469548739492893,0.769586622714996,-2.12364673614502,3.05575108528137,-1.58862709999084,K,8
OUTPUT,NaN,NaN,NaN,NaN,NaN,NaN

INPUT,0.39109343290329,0.0474567636847496,0.774868667125702,-2.13389182090759,3.05248880386353,-1.57654392719269,K,9
OUTPUT,NaN,NaN,NaN,NaN,NaN,NaN

INPUT,0.368876874446869,0.0374302640557289,0.731524229049683,-2.38160538673401,3.11748838424683,-1.87241947650909,K,5
OUTPUT,NaN,NaN,NaN,NaN,NaN,NaN

INPUT,0.376882314682007,0.0379144959151745,0.747267246246338,-2.41696929931641,3.11391353607178,-1.81750166416168,K,6
OUTPUT,NaN,NaN,NaN,NaN,NaN,NaN

INPUT,0.383108794689178,0.0382911190390587,0.759511828422546,-2.44595527648926,3.11117959022522,-1.77650058269501,K,7
OUTPUT,NaN,NaN,NaN,NaN,NaN,NaN

INPUT,0.387556254863739,0.0385601371526718,0.768257975578308,-2.46717977523804,3.1092574596405,-1.74796259403229,K,8
OUTPUT,NaN,NaN,NaN,NaN,NaN,NaN

INPUT,0.390224754810333,0.0387215465307236,0.773505628108978,-2.48006296157837,3.10811829566956,-1.73110866546631,K,9
OUTPUT,NaN,NaN,NaN,NaN,NaN,NaN

INPUT,0.350649446249008,0.0273246541619301,0.741762518882751,0.527046084403992,3.03286647796631,1.48564410209656,K,5
OUTPUT,NaN,NaN,NaN,NaN,NaN,NaN

INPUT,0.354191184043884,0.0264168977737427,0.753385901451111,0.464446902275085,3.01987409591675,1.5479588508606,K,6
OUTPUT,NaN,NaN,NaN,NaN,NaN,NaN

INPUT,0.356945872306824,0.025710865855217,0.762426316738129,0.41574439406395,3.01009392738342,1.59647834300995,K,7
OUTPUT,NaN,NaN,NaN,NaN,NaN,NaN

INPUT,0.358913511037827,0.0252065565437078,0.768883764743805,0.380945831537247,3.00329661369324,1.63116192817688,K,8
OUTPUT,NaN,NaN,NaN,NaN,NaN,NaN

INPUT,0.36009407043457,0.0249039717018604,0.772758185863495,0.360061705112457,2.99929761886597,1.65198218822479,K,9
OUTPUT,NaN,NaN,NaN,NaN,NaN,NaN

INPUT,0.353913962841034,0.0304271671921015,0.733334183692932,0.607901513576508,3.10943603515625,1.52353370189667,K,12
OUTPUT,NaN,NaN,NaN,NaN,NaN,NaN

INPUT,0.357600897550583,0.0299951452761889,0.744608759880066,0.557965576648712,3.10624408721924,1.56997811794281,K,13
OUTPUT,NaN,NaN,NaN,NaN,NaN,NaN

INPUT,0.361287832260132,0.0295631233602762,0.755883395671844,0.508313119411469,3.10313415527344,1.61671102046967,K,14
OUTPUT,NaN,NaN,NaN,NaN,NaN,NaN

INPUT,0.364974766969681,0.0291311014443636,0.767157971858978,0.458873480558395,3.10011339187622,1.66366255283356,K,15
OUTPUT,NaN,NaN,NaN,NaN,NaN,NaN

INPUT,0.368293017148972,0.0287422817200422,0.777305126190186,0.414518743753433,3.09747672080994,1.70606505870819,K,16
OUTPUT,NaN,NaN,NaN,NaN,NaN,NaN

INPUT,0.370873868465424,0.0284398663789034,0.78519731760025,0.38009512424469,3.09548306465149,1.73912262916565,K,17
OUTPUT,NaN,NaN,NaN,NaN,NaN,NaN

INPUT,0.372717350721359,0.0282238554209471,0.790834665298462,0.355540484189987,3.09409117698669,1.76277077198029,K,18
OUTPUT,NaN,NaN,NaN,NaN,NaN,NaN

INPUT,0.373823434114456,0.0280942488461733,0.794216990470886,0.340819925069809,3.09326910972595,1.77697253227234,K,19
OUTPUT,NaN,NaN,NaN,NaN,NaN,NaN

INPUT,0.374192118644714,0.028051046654582,0.795344471931458,0.335914850234985,3.09299731254578,1.78170847892761,K,20
OUTPUT,NaN,NaN,NaN,NaN,NaN,NaN

INPUT,0.367230027914047,0.0425476990640163,0.721255660057068,-2.2271625995636,3.06964039802551,-1.51339113712311,K,11
OUTPUT,NaN,NaN,NaN,NaN,NaN,NaN

INPUT,0.372917324304581,0.0434908904135227,0.732435822486877,-2.26809811592102,3.0616819858551,-1.47029376029968,K,12
OUTPUT,NaN,NaN,NaN,NaN,NaN,NaN

INPUT,0.378604620695114,0.0444340780377388,0.743615925312042,-2.30924129486084,3.05386447906494,-1.42737758159637,K,13
OUTPUT,NaN,NaN,NaN,NaN,NaN,NaN

INPUT,0.384291917085648,0.0453772693872452,0.754796087741852,-2.3505425453186,3.04620170593262,-1.38459074497223,K,14
OUTPUT,NaN,NaN,NaN,NaN,NaN,NaN

INPUT,0.389979183673859,0.0463204570114613,0.765976250171661,-2.39196825027466,3.03870725631714,-1.34189820289612,K,15
OUTPUT,NaN,NaN,NaN,NaN,NaN,NaN

INPUT,0.395097762346268,0.0471693277359009,0.776038348674774,-2.4293384552002,3.03211712837219,-1.30353438854218,K,16
OUTPUT,NaN,NaN,NaN,NaN,NaN,NaN

INPUT,0.399078875780106,0.0478295609354973,0.783864438533783,-2.4584527015686,3.027099609375,-1.27372562885284,K,17
OUTPUT,NaN,NaN,NaN,NaN,NaN,NaN

INPUT,0.401922523975372,0.0483011566102505,0.789454519748688,-2.47927141189575,3.02357578277588,-1.25244653224945,K,18
OUTPUT,NaN,NaN,NaN,NaN,NaN,NaN

INPUT,0.403628706932068,0.0485841110348701,0.792808592319489,-2.49177122116089,3.02148652076721,-1.2396833896637,K,19
OUTPUT,NaN,NaN,NaN,NaN,NaN,NaN

INPUT,0.404197424650192,0.0486784316599369,0.793926596641541,-2.49593925476074,3.02079439163208,-1.23542964458466,K,20
OUTPUT,NaN,NaN,NaN,NaN,NaN,NaN

INPUT,0.367083668708801,0.0390711426734924,0.721325635910034,-2.40155673027039,3.08799052238464,-1.76199281215668,K,11
OUTPUT,NaN,NaN,NaN,NaN,NaN,NaN

INPUT,0.372752785682678,0.0396051183342934,0.732515275478363,-2.43798542022705,3.08203673362732,-1.72316014766693,K,12
OUTPUT,NaN,NaN,NaN,NaN,NaN,NaN

INPUT,0.378421932458878,0.0401390939950943,0.743704974651337,-2.47463798522949,3.076167345047,-1.68453812599182,K,13
OUTPUT,NaN,NaN,NaN,NaN,NaN,NaN

INPUT,0.384091079235077,0.0406730659306049,0.75489467382431,-2.51145887374878,3.07039070129395,-1.64606988430023,K,14
OUTPUT,NaN,NaN,NaN,NaN,NaN,NaN

INPUT,0.389760196208954,0.0412070415914059,0.766084313392639,-2.54840993881226,3.06471467018127,-1.60771656036377,K,15
OUTPUT,NaN,NaN,NaN,NaN,NaN,NaN

INPUT,0.394862443208694,0.0416876189410686,0.776155054569244,-2.5817551612854,3.05969905853271,-1.57327389717102,K,16
OUTPUT,NaN,NaN,NaN,NaN,NaN,NaN

INPUT,0.398830831050873,0.0420613996684551,0.783987820148468,-2.60773921012878,3.05586266517639,-1.54652464389801,K,17
OUTPUT,NaN,NaN,NaN,NaN,NaN,NaN

INPUT,0.401665389537811,0.0423283874988556,0.789582669734955,-2.62632179260254,3.0531587600708,-1.52743542194366,K,18
OUTPUT,NaN,NaN,NaN,NaN,NaN,NaN

INPUT,0.403366148471832,0.0424885787069798,0.79293954372406,-2.63748002052307,3.0515513420105,-1.51598823070526,K,19
OUTPUT,NaN,NaN,NaN,NaN,NaN,NaN

INPUT,0.403933048248291,0.0425419770181179,0.794058501720428,-2.64120054244995,3.05101799964905,-1.51217329502106,K,20
OUTPUT,NaN,NaN,NaN,NaN,NaN,NaN

INPUT,0.37371751666069,0.0474237725138664,0.71927797794342,-2.24861621856689,3.02414989471436,-1.56734383106232,K,11
OUTPUT,NaN,NaN,NaN,NaN,NaN,NaN

INPUT,0.380167365074158,0.0489402674138546,0.73022735118866,-2.28809881210327,3.01105380058289,-1.52648496627808,K,12
OUTPUT,NaN,NaN,NaN,NaN,NaN,NaN

INPUT,0.386617183685303,0.0504567585885525,0.741176664829254,-2.32773995399475,2.9981677532196,-1.4857165813446,K,13
OUTPUT,NaN,NaN,NaN,NaN,NaN,NaN

INPUT,0.39306703209877,0.0519732534885406,0.752125918865204,-2.36751008033752,2.98551273345947,-1.44500339031219,K,14
OUTPUT,NaN,NaN,NaN,NaN,NaN,NaN

INPUT,0.399516850709915,0.0534897446632385,0.763075232505798,-2.40738987922668,2.97310996055603,-1.40432059764862,K,15
OUTPUT,NaN,NaN,NaN,NaN,NaN,NaN

INPUT,0.405321717262268,0.0548545904457569,0.772929668426514,-2.44336414337158,2.96217942237854,-1.36771738529205,K,16
OUTPUT,NaN,NaN,NaN,NaN,NaN,NaN

INPUT,0.40983659029007,0.0559161342680454,0.780594170093536,-2.4713933467865,2.95383977890015,-1.33924901485443,K,17
OUTPUT,NaN,NaN,NaN,NaN,NaN,NaN

INPUT,0.413061529397964,0.0566743798553944,0.786068797111511,-2.4914391040802,2.94797396659851,-1.31891250610352,K,18
OUTPUT,NaN,NaN,NaN,NaN,NaN,NaN

INPUT,0.414996474981308,0.0571293272078037,0.789353609085083,-2.5034761428833,2.94449186325073,-1.30670917034149,K,19
OUTPUT,NaN,NaN,NaN,NaN,NaN,NaN

INPUT,0.415641456842422,0.0572809763252735,0.790448546409607,-2.50749015808105,2.94333744049072,-1.30264115333557,K,20
OUTPUT,NaN,NaN,NaN,NaN,NaN,NaN

INPUT,0.367702037096024,0.0407327637076378,0.721238374710083,-2.37720894813538,3.06318402290344,-1.7523752450943,K,11
OUTPUT,NaN,NaN,NaN,NaN,NaN,NaN

INPUT,0.373444885015488,0.041462354362011,0.732416391372681,-2.41320586204529,3.05440926551819,-1.71479880809784,K,12
OUTPUT,NaN,NaN,NaN,NaN,NaN,NaN

INPUT,0.379187732934952,0.0421919450163841,0.743594408035278,-2.44936060905457,3.04575228691101,-1.67735183238983,K,13
OUTPUT,NaN,NaN,NaN,NaN,NaN,NaN

INPUT,0.384930580854416,0.0429215393960476,0.754772365093231,-2.48563671112061,3.03722500801086,-1.63999617099762,K,14
OUTPUT,NaN,NaN,NaN,NaN,NaN,NaN

INPUT,0.39067342877388,0.0436511300504208,0.765950381755829,-2.52201008796692,3.02883887290955,-1.60270500183105,K,15
OUTPUT,NaN,NaN,NaN,NaN,NaN,NaN

INPUT,0.395841985940933,0.0443077646195889,0.776010572910309,-2.55481505393982,3.0214216709137,-1.56918239593506,K,16
OUTPUT,NaN,NaN,NaN,NaN,NaN,NaN

INPUT,0.399861991405487,0.0448184795677662,0.783835172653198,-2.5803689956665,3.01574349403381,-1.54312825202942,K,17
OUTPUT,NaN,NaN,NaN,NaN,NaN,NaN

INPUT,0.402733415365219,0.0451832748949528,0.789424180984497,-2.59864091873169,3.01173853874207,-1.5245258808136,K,18
OUTPUT,NaN,NaN,NaN,NaN,NaN,NaN

INPUT,0.404456257820129,0.0454021506011486,0.792777538299561,-2.60961103439331,3.00935649871826,-1.51336693763733,K,19
OUTPUT,NaN,NaN,NaN,NaN,NaN,NaN

INPUT,0.40503054857254,0.045475110411644,0.793895363807678,-2.61326885223389,3.00856614112854,-1.50964760780334,K,20
OUTPUT,NaN,NaN,NaN,NaN,NaN,NaN

INPUT,0.36040735244751,0.0333209596574306,0.722584784030914,-2.54634213447571,3.13043832778931,-1.87020874023438,K,11
OUTPUT,NaN,NaN,NaN,NaN,NaN,NaN

INPUT,0.365291833877563,0.0331786274909973,0.733921408653259,-2.58159589767456,3.12928795814514,-1.82593941688538,K,12
OUTPUT,NaN,NaN,NaN,NaN,NaN,NaN

INPUT,0.37017634510994,0.0330362915992737,0.745258033275604,-2.61761522293091,3.12815690040588,-1.78243541717529,K,13
OUTPUT,NaN,NaN,NaN,NaN,NaN,NaN

INPUT,0.375060826539993,0.0328939594328403,0.756594657897949,-2.6542112827301,3.12704682350159,-1.73950755596161,K,14
OUTPUT,NaN,NaN,NaN,NaN,NaN,NaN

INPUT,0.379945337772369,0.032751627266407,0.767931282520294,-2.69125270843506,3.12595963478088,-1.69702446460724,K,15
OUTPUT,NaN,NaN,NaN,NaN,NaN,NaN

INPUT,0.384341388940811,0.0326235294342041,0.778134226799011,-2.72489190101624,3.12500214576721,-1.65909087657928,K,16
OUTPUT,NaN,NaN,NaN,NaN,NaN,NaN

INPUT,0.387760519981384,0.0325238928198814,0.786069869995117,-2.75121855735779,3.124272108078,-1.62974953651428,K,17
OUTPUT,NaN,NaN,NaN,NaN,NaN,NaN

INPUT,0.390202760696411,0.0324527285993099,0.791738152503967,-2.77009844779968,3.1237587928772,-1.60886609554291,K,18
OUTPUT,NaN,NaN,NaN,NaN,NaN,NaN

INPUT,0.391668111085892,0.032410029321909,0.795139133930206,-2.78145360946655,3.12345409393311,-1.59636330604553,K,19
OUTPUT,NaN,NaN,NaN,NaN,NaN,NaN

INPUT,0.392156571149826,0.0323957949876785,0.796272814273834,-2.78524279594421,3.12335300445557,-1.59219980239868,K,20
OUTPUT,NaN,NaN,NaN,NaN,NaN,NaN

INPUT,0.35773441195488,0.0342776477336884,0.722347676753998,-2.54781031608582,3.11405372619629,-1.85272681713104,K,11
OUTPUT,NaN,NaN,NaN,NaN,NaN,NaN

INPUT,0.362304002046585,0.0342475287616253,0.733657777309418,-2.58670210838318,3.11107468605042,-1.80985510349274,K,12
OUTPUT,NaN,NaN,NaN,NaN,NaN,NaN

INPUT,0.36687359213829,0.0342174097895622,0.744967877864838,-2.62594723701477,3.10814642906189,-1.76733291149139,K,13
OUTPUT,NaN,NaN,NaN,NaN,NaN,NaN

INPUT,0.371443182229996,0.0341872870922089,0.756277978420258,-2.66545605659485,3.10527420043945,-1.72507047653198,K,14
OUTPUT,NaN,NaN,NaN,NaN,NaN,NaN

INPUT,0.376012772321701,0.0341571681201458,0.767588078975677,-2.70516705513,3.10246253013611,-1.68300592899323,K,15
OUTPUT,NaN,NaN,NaN,NaN,NaN,NaN

INPUT,0.380125403404236,0.0341300591826439,0.777767181396484,-2.74104309082031,3.09998774528503,-1.64528059959412,K,16
OUTPUT,NaN,NaN,NaN,NaN,NaN,NaN

INPUT,0.38332411646843,0.0341089777648449,0.785684287548065,-2.76902031898499,3.09810185432434,-1.61600923538208,K,17
OUTPUT,NaN,NaN,NaN,NaN,NaN,NaN

INPUT,0.385608911514282,0.0340939164161682,0.791339337825775,-2.78903770446777,3.09677624702454,-1.59513354301453,K,18
OUTPUT,NaN,NaN,NaN,NaN,NaN,NaN

INPUT,0.386979788541794,0.0340848825871944,0.794732391834259,-2.80106019973755,3.09598994255066,-1.58261966705322,K,19
OUTPUT,NaN,NaN,NaN,NaN,NaN,NaN

INPUT,0.387436747550964,0.034081868827343,0.795863389968872,-2.8050696849823,3.0957293510437,-1.57845020294189,K,20
OUTPUT,NaN,NaN,NaN,NaN,NaN,NaN

INPUT,0.371460467576981,0.0453710705041885,0.721571147441864,-2.33754897117615,3.04642200469971,-1.81333231925964,K,11
OUTPUT,NaN,NaN,NaN,NaN,NaN,NaN

INPUT,0.377645522356033,0.0466462858021259,0.732788324356079,-2.36778831481934,3.03562331199646,-1.78181409835815,K,12
OUTPUT,NaN,NaN,NaN,NaN,NaN,NaN

INPUT,0.383830577135086,0.0479215048253536,0.744005560874939,-2.39816331863403,3.02492523193359,-1.75039601325989,K,13
OUTPUT,NaN,NaN,NaN,NaN,NaN,NaN

INPUT,0.390015631914139,0.0491967163980007,0.755222737789154,-2.42864441871643,3.01433849334717,-1.71904587745667,K,14
OUTPUT,NaN,NaN,NaN,NaN,NaN,NaN

INPUT,0.396200686693192,0.0504719354212284,0.766439914703369,-2.45921277999878,3.0038731098175,-1.68774127960205,K,15
OUTPUT,NaN,NaN,NaN,NaN,NaN,NaN

INPUT,0.401767253875732,0.0516196303069592,0.776535451412201,-2.48678755760193,2.9945662021637,-1.65959274768829,K,16
OUTPUT,NaN,NaN,NaN,NaN,NaN,NaN

INPUT,0.406096786260605,0.0525122806429863,0.784387469291687,-2.50827169418335,2.98740577697754,-1.6377100944519,K,17
OUTPUT,NaN,NaN,NaN,NaN,NaN,NaN

INPUT,0.409189313650131,0.0531498901546001,0.789996087551117,-2.52363538742065,2.98233532905579,-1.62208330631256,K,18
OUTPUT,NaN,NaN,NaN,NaN,NaN,NaN

INPUT,0.411044836044312,0.0535324513912201,0.793361246585846,-2.53286075592041,2.97931122779846,-1.61270809173584,K,19
OUTPUT,NaN,NaN,NaN,NaN,NaN,NaN

INPUT,0.411663353443146,0.053659975528717,0.794482946395874,-2.53593683242798,2.97830629348755,-1.60958325862885,K,20
OUTPUT,NaN,NaN,NaN,NaN,NaN,NaN

INPUT,0.364397257566452,0.0421980544924736,0.72259783744812,-2.28380656242371,3.10081768035889,-1.77979302406311,K,11
OUTPUT,NaN,NaN,NaN,NaN,NaN,NaN

INPUT,0.369751393795013,0.0430999659001827,0.733936071395874,-2.31185030937195,3.09623169898987,-1.74854564666748,K,12
OUTPUT,NaN,NaN,NaN,NaN,NaN,NaN

INPUT,0.375105559825897,0.0440018773078918,0.745274305343628,-2.34018993377686,3.09168553352356,-1.71758830547333,K,13
OUTPUT,NaN,NaN,NaN,NaN,NaN,NaN

INPUT,0.380459696054459,0.0449037924408913,0.756612539291382,-2.36875081062317,3.08718299865723,-1.68684530258179,K,14
OUTPUT,NaN,NaN,NaN,NaN,NaN,NaN

INPUT,0.385813862085342,0.0458057038486004,0.767950773239136,-2.39748120307922,3.08272838592529,-1.65626454353333,K,15
OUTPUT,NaN,NaN,NaN,NaN,NaN,NaN

INPUT,0.390632599592209,0.0466174259781837,0.778155207633972,-2.42345356941223,3.07876324653625,-1.62885010242462,K,16
OUTPUT,NaN,NaN,NaN,NaN,NaN,NaN

INPUT,0.394380509853363,0.047248762100935,0.786091923713684,-2.44371604919434,3.07571005821228,-1.60758519172668,K,17
OUTPUT,NaN,NaN,NaN,NaN,NaN,NaN

INPUT,0.397057592868805,0.0476997196674347,0.791761040687561,-2.45821785926819,3.07354640960693,-1.59242212772369,K,18
OUTPUT,NaN,NaN,NaN,NaN,NaN,NaN

INPUT,0.398663818836212,0.0479702912271023,0.795162558555603,-2.46692943572998,3.0722553730011,-1.58333361148834,K,19
OUTPUT,NaN,NaN,NaN,NaN,NaN,NaN

INPUT,0.399199247360229,0.0480604842305183,0.796296358108521,-2.46983504295349,3.07182621955872,-1.58030557632446,K,20
OUTPUT,NaN,NaN,NaN,NaN,NaN,NaN

INPUT,0.367667764425278,0.041622307151556,0.715756773948669,-2.2299473285675,3.06900691986084,-1.53517210483551,K,4
OUTPUT,NaN,NaN,NaN,NaN,NaN,NaN

INPUT,0.376827836036682,0.0431062281131744,0.73119330406189,-2.29841542243958,3.05551958084106,-1.45401251316071,K,5
OUTPUT,NaN,NaN,NaN,NaN,NaN,NaN

INPUT,0.385987907648087,0.0445901490747929,0.746629774570465,-2.36862206459045,3.04251074790955,-1.37450635433197,K,6
OUTPUT,NaN,NaN,NaN,NaN,NaN,NaN

INPUT,0.393112391233444,0.0457443073391914,0.758635938167572,-2.4240140914917,3.03277134895325,-1.31339025497437,K,7
OUTPUT,NaN,NaN,NaN,NaN,NaN,NaN

INPUT,0.398201316595078,0.0465687066316605,0.767211735248566,-2.4638888835907,3.02603793144226,-1.2700080871582,K,8
OUTPUT,NaN,NaN,NaN,NaN,NaN,NaN

INPUT,0.401254683732986,0.0470633469521999,0.772357225418091,-2.48791527748108,3.02209305763245,-1.24406492710114,K,9
OUTPUT,NaN,NaN,NaN,NaN,NaN,NaN

INPUT,0.367592990398407,0.0385346040129662,0.715726315975189,-2.40268564224243,3.08758759498596,-1.77967989444733,K,4
OUTPUT,NaN,NaN,NaN,NaN,NaN,NaN

INPUT,0.376792252063751,0.0393656380474567,0.731188893318176,-2.46415376663208,3.07747411727905,-1.70726442337036,K,5
OUTPUT,NaN,NaN,NaN,NaN,NaN,NaN

INPUT,0.385991543531418,0.0401966720819473,0.746651470661163,-2.52711892127991,3.06764626502991,-1.63630354404449,K,6
OUTPUT,NaN,NaN,NaN,NaN,NaN,NaN

INPUT,0.393146544694901,0.0408430323004723,0.758677899837494,-2.5767662525177,3.0602285861969,-1.58175313472748,K,7
OUTPUT,NaN,NaN,NaN,NaN,NaN,NaN

INPUT,0.398257255554199,0.0413047187030315,0.767268240451813,-2.61249232292175,3.0550639629364,-1.54303336143494,K,8
OUTPUT,NaN,NaN,NaN,NaN,NaN,NaN

INPUT,0.401323705911636,0.0415817275643349,0.772422432899475,-2.63401389122009,3.05202221870422,-1.51987981796265,K,9
OUTPUT,NaN,NaN,NaN,NaN,NaN,NaN

INPUT,0.37391272187233,0.0458244308829308,0.714540004730225,-2.2435359954834,3.02314972877502,-1.58177173137665,K,4
OUTPUT,NaN,NaN,NaN,NaN,NaN,NaN

INPUT,0.384118556976318,0.0482392758131027,0.72944301366806,-2.31238961219788,3.00092959403992,-1.50719439983368,K,5
OUTPUT,NaN,NaN,NaN,NaN,NaN,NaN

INPUT,0.394324362277985,0.0506541281938553,0.744346022605896,-2.38212418556213,2.97943043708801,-1.43327713012695,K,6
OUTPUT,NaN,NaN,NaN,NaN,NaN,NaN

INPUT,0.402262210845947,0.0525323413312435,0.755937278270721,-2.4367892742157,2.96327948570251,-1.37604367733002,K,7
OUTPUT,NaN,NaN,NaN,NaN,NaN,NaN

INPUT,0.407932132482529,0.053873922675848,0.764216721057892,-2.47601556777954,2.95208048820496,-1.3352462053299,K,8
OUTPUT,NaN,NaN,NaN,NaN,NaN,NaN

INPUT,0.411334067583084,0.0546788722276688,0.769184410572052,-2.49961423873901,2.94550466537476,-1.31079030036926,K,9
OUTPUT,NaN,NaN,NaN,NaN,NaN,NaN

INPUT,0.368073701858521,0.039892103523016,0.715876996517181,-2.37383127212524,3.06279349327087,-1.76580274105072,K,4
OUTPUT,NaN,NaN,NaN,NaN,NaN,NaN

INPUT,0.377249956130981,0.0410159975290298,0.731281518936157,-2.43618869781494,3.04783010482788,-1.69710874557495,K,5
OUTPUT,NaN,NaN,NaN,NaN,NaN,NaN

INPUT,0.386426210403442,0.0421398915350437,0.746686160564423,-2.49945449829102,3.03326797485352,-1.62923240661621,K,6
OUTPUT,NaN,NaN,NaN,NaN,NaN,NaN

INPUT,0.39356330037117,0.0430140309035778,0.758667469024658,-2.54907965660095,3.02225995063782,-1.57678818702698,K,7
OUTPUT,NaN,NaN,NaN,NaN,NaN,NaN

INPUT,0.398661226034164,0.0436384156346321,0.767225563526154,-2.58469414710999,3.01458525657654,-1.53945565223694,K,8
OUTPUT,NaN,NaN,NaN,NaN,NaN,NaN

INPUT,0.401719957590103,0.0440130494534969,0.772360444068909,-2.60611891746521,3.01006054878235,-1.51709544658661,K,9
OUTPUT,NaN,NaN,NaN,NaN,NaN,NaN

INPUT,0.369325906038284,0.0330467224121094,0.732228755950928,-2.62476086616516,3.12794065475464,-1.82397878170013,K,5
OUTPUT,NaN,NaN,NaN,NaN,NaN,NaN

INPUT,0.377421885728836,0.032766580581665,0.748085796833038,-2.68005609512329,3.12622141838074,-1.73806166648865,K,6
OUTPUT,NaN,NaN,NaN,NaN,NaN,NaN

INPUT,0.383718729019165,0.032548688352108,0.760419070720673,-2.72520971298218,3.12493491172791,-1.67338240146637,K,7
OUTPUT,NaN,NaN,NaN,NaN,NaN,NaN

INPUT,0.388216495513916,0.0323930531740189,0.769228577613831,-2.75832605361938,3.12404561042786,-1.62804567813873,K,8
OUTPUT,NaN,NaN,NaN,NaN,NaN,NaN

INPUT,0.390915155410767,0.0322996713221073,0.774514257907867,-2.77848148345947,3.12352466583252,-1.60112929344177,K,9
OUTPUT,NaN,NaN,NaN,NaN,NaN,NaN

INPUT,0.365868866443634,0.0340612158179283,0.731906771659851,-2.61987519264221,3.1085946559906,-1.79680633544922,K,5
OUTPUT,NaN,NaN,NaN,NaN,NaN,NaN

INPUT,0.373321712017059,0.033959649503231,0.747738718986511,-2.68522572517395,3.1037814617157,-1.71689021587372,K,6
OUTPUT,NaN,NaN,NaN,NaN,NaN,NaN

INPUT,0.379118382930756,0.0338806547224522,0.760052442550659,-2.73720836639404,3.10017347335815,-1.65587902069092,K,7
OUTPUT,NaN,NaN,NaN,NaN,NaN,NaN

INPUT,0.383258849382401,0.0338242277503014,0.76884800195694,-2.77478885650635,3.09767627716064,-1.61274445056915,K,8
OUTPUT,NaN,NaN,NaN,NaN,NaN,NaN

INPUT,0.385743141174316,0.0337903723120689,0.774125277996063,-2.79748344421387,3.09621167182922,-1.58700776100159,K,9
OUTPUT,NaN,NaN,NaN,NaN,NaN,NaN

INPUT,0.371937930583954,0.0441202856600285,0.716808438301086,-2.32888674736023,3.04583835601807,-1.82040178775787,K,4
OUTPUT,NaN,NaN,NaN,NaN,NaN,NaN

INPUT,0.381745934486389,0.0461555458605289,0.732145607471466,-2.38367056846619,3.02733993530273,-1.76417601108551,K,5
OUTPUT,NaN,NaN,NaN,NaN,NaN,NaN

INPUT,0.391553938388824,0.0481908060610294,0.747482776641846,-2.43871188163757,3.00919270515442,-1.70809125900269,K,6
OUTPUT,NaN,NaN,NaN,NaN,NaN,NaN

INPUT,0.39918240904808,0.049773782491684,0.759411752223969,-2.48143315315247,2.99542856216431,-1.66473865509033,K,7
OUTPUT,NaN,NaN,NaN,NaN,NaN,NaN

INPUT,0.404631286859512,0.0509044826030731,0.767932415008545,-2.51179122924805,2.98582863807678,-1.63399958610535,K,8
OUTPUT,NaN,NaN,NaN,NaN,NaN,NaN

INPUT,0.407900631427765,0.0515829026699066,0.773044764995575,-2.52991414070129,2.98017311096191,-1.61567115783691,K,9
OUTPUT,NaN,NaN,NaN,NaN,NaN,NaN

INPUT,0.373838514089584,0.0430863127112389,0.732595205307007,-2.33472847938538,3.09250569343567,-1.73829424381256,K,5
OUTPUT,NaN,NaN,NaN,NaN,NaN,NaN

INPUT,0.382575511932373,0.0445646457374096,0.748345136642456,-2.38269448280334,3.08486986160278,-1.6801016330719,K,6
OUTPUT,NaN,NaN,NaN,NaN,NaN,NaN

INPUT,0.389370977878571,0.0457144603133202,0.760595083236694,-2.42068600654602,3.07906603813171,-1.63589310646057,K,7
OUTPUT,NaN,NaN,NaN,NaN,NaN,NaN

INPUT,0.394224852323532,0.0465357527136803,0.769345045089722,-2.4479808807373,3.07501029968262,-1.60483837127686,K,8
OUTPUT,NaN,NaN,NaN,NaN,NaN,NaN

INPUT,0.397137194871902,0.0470285303890705,0.774595022201538,-2.46437287330627,3.07261681556702,-1.58641266822815,K,9
OUTPUT,NaN,NaN,NaN,NaN,NaN,NaN

INPUT,0.359878063201904,0.0302264094352722,0.73722505569458,0.560197949409485,3.10652709007263,1.57575404644012,K,5
OUTPUT,NaN,NaN,NaN,NaN,NaN,NaN

INPUT,0.365361303091049,0.0295585691928864,0.750956594944,0.478742986917496,3.10143613815308,1.64917063713074,K,6
OUTPUT,NaN,NaN,NaN,NaN,NaN,NaN

INPUT,0.369626075029373,0.0290391370654106,0.7616366147995,0.416014641523361,3.09764099121094,1.70690858364105,K,7
OUTPUT,NaN,NaN,NaN,NaN,NaN,NaN

INPUT,0.372672349214554,0.028668113052845,0.769265234470367,0.371450543403625,3.09502696990967,1.74839782714844,K,8
OUTPUT,NaN,NaN,NaN,NaN,NaN,NaN

INPUT,0.374500095844269,0.0284454990178347,0.773842394351959,0.344790130853653,3.09349942207336,1.77337193489075,K,9
OUTPUT,NaN,NaN,NaN,NaN,NaN,NaN

INPUT,0.361213266849518,0.0370641723275185,0.722492933273315,-2.49784803390503,3.10667705535889,-1.79114532470703,K,11
OUTPUT,NaN,NaN,NaN,NaN,NaN,NaN

INPUT,0.366192668676376,0.0373621210455894,0.733818709850311,-2.53781533241272,3.10287165641785,-1.74797534942627,K,12
OUTPUT,NaN,NaN,NaN,NaN,NaN,NaN

INPUT,0.371172070503235,0.0376600697636604,0.745144486427307,-2.57807016372681,3.09913325309753,-1.70508694648743,K,13
OUTPUT,NaN,NaN,NaN,NaN,NaN,NaN

INPUT,0.376151442527771,0.0379580184817314,0.756470203399658,-2.61853957176208,3.09546804428101,-1.66240656375885,K,14
OUTPUT,NaN,NaN,NaN,NaN,NaN,NaN

INPUT,0.381130874156952,0.0382559671998024,0.767795979976654,-2.65917372703552,3.0918824672699,-1.61988377571106,K,15
OUTPUT,NaN,NaN,NaN,NaN,NaN,NaN

INPUT,0.385612338781357,0.0385241210460663,0.777989149093628,-2.69585585594177,3.08872866630554,-1.58171856403351,K,16
OUTPUT,NaN,NaN,NaN,NaN,NaN,NaN

INPUT,0.389097899198532,0.038732685148716,0.785917222499847,-2.72444653511047,3.08632659912109,-1.55209028720856,K,17
OUTPUT,NaN,NaN,NaN,NaN,NaN,NaN

INPUT,0.391587615013123,0.0388816595077515,0.791580080986023,-2.74489593505859,3.08463931083679,-1.53095257282257,K,18
OUTPUT,NaN,NaN,NaN,NaN,NaN,NaN

INPUT,0.393081426620483,0.0389710441231728,0.794977843761444,-2.7571759223938,3.08363890647888,-1.51827907562256,K,19
OUTPUT,NaN,NaN,NaN,NaN,NaN,NaN

INPUT,0.393579363822937,0.0390008389949799,0.796110391616821,-2.76127076148987,3.08330726623535,-1.51405596733093,K,20
OUTPUT,NaN,NaN,NaN,NaN,NaN,NaN

INPUT,0.360003650188446,0.0387591309845448,0.732499241828918,-2.21197009086609,3.1256902217865,-1.7169144153595,K,12
OUTPUT,NaN,NaN,NaN,NaN,NaN,NaN

INPUT,0.364331692457199,0.0392041318118572,0.743686079978943,-2.23402452468872,3.12413215637207,-1.68687653541565,K,13
OUTPUT,NaN,NaN,NaN,NaN,NaN,NaN

INPUT,0.368659734725952,0.03964913636446,0.754872918128967,-2.25673151016235,3.1225860118866,-1.65749037265778,K,14
OUTPUT,NaN,NaN,NaN,NaN,NaN,NaN

INPUT,0.372987776994705,0.0400941409170628,0.766059756278992,-2.27993941307068,3.12105226516724,-1.62860441207886,K,15
OUTPUT,NaN,NaN,NaN,NaN,NaN,NaN

INPUT,0.376883000135422,0.0404946431517601,0.776127934455872,-2.30116534233093,3.11968374252319,-1.60294508934021,K,16
OUTPUT,NaN,NaN,NaN,NaN,NaN,NaN

INPUT,0.37991264462471,0.0408061444759369,0.783958733081818,-2.31785655021667,3.11862754821777,-1.58316969871521,K,17
OUTPUT,NaN,NaN,NaN,NaN,NaN,NaN

INPUT,0.382076650857925,0.0410286448895931,0.789552092552185,-2.32986307144165,3.1178777217865,-1.56912803649902,K,18
OUTPUT,NaN,NaN,NaN,NaN,NaN,NaN

INPUT,0.383375078439713,0.0411621481180191,0.792908191680908,-2.33709716796875,3.11742973327637,-1.56073331832886,K,19
OUTPUT,NaN,NaN,NaN,NaN,NaN,NaN

INPUT,0.383807867765427,0.0412066467106342,0.794026851654053,-2.33951330184937,3.11728072166443,-1.55793976783752,K,20
OUTPUT,NaN,NaN,NaN,NaN,NaN,NaN

INPUT,0.368864446878433,0.0346232019364834,0.721635699272156,-2.65785312652588,3.08875226974487,-1.93319439888,K,11
OUTPUT,NaN,NaN,NaN,NaN,NaN,NaN

INPUT,0.374743431806564,0.034633744508028,0.732861816883087,-2.69964241981506,3.0829701423645,-1.88970685005188,K,12
OUTPUT,NaN,NaN,NaN,NaN,NaN,NaN

INPUT,0.380622416734695,0.0346442833542824,0.744087934494019,-2.74159026145935,3.07729458808899,-1.84636342525482,K,13
OUTPUT,NaN,NaN,NaN,NaN,NaN,NaN

INPUT,0.386501401662827,0.0346548222005367,0.75531405210495,-2.78365778923035,3.07173585891724,-1.80312442779541,K,14
OUTPUT,NaN,NaN,NaN,NaN,NaN,NaN

INPUT,0.392380386590958,0.0346653647720814,0.766540169715881,-2.82581901550293,3.06630420684814,-1.75996279716492,K,15
OUTPUT,NaN,NaN,NaN,NaN,NaN,NaN

INPUT,0.397671461105347,0.0346748493611813,0.776643633842468,-2.8638288974762,3.06153225898743,-1.72116708755493,K,16
OUTPUT,NaN,NaN,NaN,NaN,NaN,NaN

INPUT,0.401786774396896,0.0346822291612625,0.784501910209656,-2.89342761039734,3.05790209770203,-1.69101858139038,K,17
OUTPUT,NaN,NaN,NaN,NaN,NaN,NaN

INPUT,0.40472623705864,0.0346874967217445,0.790114998817444,-2.91458654403687,3.05535459518433,-1.66949510574341,K,18
OUTPUT,NaN,NaN,NaN,NaN,NaN,NaN

INPUT,0.406489938497543,0.0346906594932079,0.793482840061188,-2.92728781700134,3.05384492874146,-1.65658485889435,K,19
OUTPUT,NaN,NaN,NaN,NaN,NaN,NaN

INPUT,0.407077848911285,0.0346917137503624,0.794605433940887,-2.93152260780334,3.0533447265625,-1.6522821187973,K,20
OUTPUT,NaN,NaN,NaN,NaN,NaN,NaN

INPUT,0.369975715875626,0.0372712053358555,0.732276916503906,-2.57016897201538,3.09983515739441,-1.73344779014587,K,5
OUTPUT,NaN,NaN,NaN,NaN,NaN,NaN

INPUT,0.37808358669281,0.0377381779253483,0.748069226741791,-2.63782024383545,3.09364628791809,-1.6533408164978,K,6
OUTPUT,NaN,NaN,NaN,NaN,NaN,NaN

INPUT,0.384389698505402,0.0381013788282871,0.760352075099945,-2.69144082069397,3.0890109539032,-1.59202349185944,K,7
OUTPUT,NaN,NaN,NaN,NaN,NaN,NaN

INPUT,0.388894081115723,0.038360808044672,0.769125580787659,-2.73013114929199,3.08580493927002,-1.54860699176788,K,8
OUTPUT,NaN,NaN,NaN,NaN,NaN,NaN

INPUT,0.391596704721451,0.0385164655745029,0.774389684200287,-2.75347185134888,3.08392596244812,-1.52268016338348,K,9
OUTPUT,NaN,NaN,NaN,NaN,NaN,NaN

INPUT,0.369392871856689,0.034418847411871,0.716227293014526,-2.65748262405396,3.08867454528809,-1.95117485523224,K,4
OUTPUT,NaN,NaN,NaN,NaN,NaN,NaN

INPUT,0.378911972045898,0.0343937799334526,0.731700897216797,-2.72859811782837,3.07877802848816,-1.87069988250732,K,5
OUTPUT,NaN,NaN,NaN,NaN,NaN,NaN

INPUT,0.388431072235107,0.0343687124550343,0.747174561023712,-2.8009934425354,3.06924104690552,-1.7914582490921,K,6
OUTPUT,NaN,NaN,NaN,NaN,NaN,NaN

INPUT,0.39583483338356,0.0343492142856121,0.759209632873535,-2.85787582397461,3.0621075630188,-1.73036575317383,K,7
OUTPUT,NaN,NaN,NaN,NaN,NaN,NaN

INPUT,0.401123225688934,0.0343352891504765,0.767806053161621,-2.89873051643372,3.05717968940735,-1.68693256378174,K,8
OUTPUT,NaN,NaN,NaN,NaN,NaN,NaN

INPUT,0.40429624915123,0.034326933324337,0.77296394109726,-2.92331647872925,3.05429434776306,-1.66093754768372,K,9
OUTPUT,NaN,NaN,NaN,NaN,NaN,NaN

INPUT,0.360255211591721,0.0383600927889347,0.723760783672333,-2.23009133338928,3.12537980079651,-1.76570391654968,K,4
OUTPUT,NaN,NaN,NaN,NaN,NaN,NaN

INPUT,0.366400271654129,0.0390210822224617,0.737068057060242,-2.25488948822021,3.12318658828735,-1.70629942417145,K,5
OUTPUT,NaN,NaN,NaN,NaN,NaN,NaN

INPUT,0.372545331716537,0.039682075381279,0.750375330448151,-2.28335428237915,3.12102150917053,-1.65056014060974,K,6
OUTPUT,NaN,NaN,NaN,NaN,NaN,NaN

INPUT,0.377324789762497,0.0401961803436279,0.760725498199463,-2.30724716186523,3.11936521530151,-1.6091502904892,K,7
OUTPUT,NaN,NaN,NaN,NaN,NaN,NaN

INPUT,0.380738705396652,0.0405634008347988,0.768118441104889,-2.32499647140503,3.11820030212402,-1.58044075965881,K,8
OUTPUT,NaN,NaN,NaN,NaN,NaN,NaN

INPUT,0.382787078619003,0.040783729404211,0.772554159164429,-2.33586096763611,3.11750960350037,-1.5635279417038,K,9
OUTPUT,NaN,NaN,NaN,NaN,NaN,NaN

INPUT,0.363112419843674,0.0331039093434811,0.732251465320587,-2.50327491760254,3.12293553352356,-1.94476473331451,K,12
OUTPUT,NaN,NaN,NaN,NaN,NaN,NaN

INPUT,0.367767572402954,0.0329536832869053,0.743412256240845,-2.53032732009888,3.12112283706665,-1.91304421424866,K,13
OUTPUT,NaN,NaN,NaN,NaN,NaN,NaN

INPUT,0.37242266535759,0.0328034572303295,0.754572987556458,-2.55775833129883,3.11932802200317,-1.88170123100281,K,14
OUTPUT,NaN,NaN,NaN,NaN,NaN,NaN

INPUT,0.37707781791687,0.0326532311737537,0.765733778476715,-2.58548069000244,3.11755204200745,-1.85064816474915,K,15
OUTPUT,NaN,NaN,NaN,NaN,NaN,NaN

INPUT,0.381267428398132,0.0325180292129517,0.775778472423553,-2.61062741279602,3.11597156524658,-1.82289612293243,K,16
OUTPUT,NaN,NaN,NaN,NaN,NaN,NaN

INPUT,0.384526014328003,0.0324128679931164,0.783591032028198,-2.63029193878174,3.11475443840027,-1.80141651630402,K,17
OUTPUT,NaN,NaN,NaN,NaN,NaN,NaN

INPUT,0.386853575706482,0.0323377549648285,0.789171397686005,-2.64438700675964,3.11389207839966,-1.78612232208252,K,18
OUTPUT,NaN,NaN,NaN,NaN,NaN,NaN

INPUT,0.388250112533569,0.032292690128088,0.792519629001617,-2.65286159515381,3.11337757110596,-1.77696335315704,K,19
OUTPUT,NaN,NaN,NaN,NaN,NaN,NaN

INPUT,0.388715624809265,0.0322776660323143,0.793635725975037,-2.65568923950195,3.11320638656616,-1.77391302585602,K,20
OUTPUT,NaN,NaN,NaN,NaN,NaN,NaN

INPUT,0.358499348163605,0.0328032374382019,0.733642220497131,0.806389033794403,3.12192940711975,1.3584144115448,K,12
OUTPUT,NaN,NaN,NaN,NaN,NaN,NaN

INPUT,0.362667173147202,0.032620944082737,0.744952440261841,0.774036288261414,3.11983227729797,1.38415443897247,K,13
OUTPUT,NaN,NaN,NaN,NaN,NaN,NaN

INPUT,0.366834998130798,0.0324386470019817,0.75626266002655,0.742262065410614,3.11775326728821,1.41047418117523,K,14
OUTPUT,NaN,NaN,NaN,NaN,NaN,NaN

INPUT,0.371002823114395,0.0322563536465168,0.76757287979126,0.71092289686203,3.11569428443909,1.43723046779633,K,15
OUTPUT,NaN,NaN,NaN,NaN,NaN,NaN

INPUT,0.3747538626194,0.0320922881364822,0.777752101421356,0.683006465435028,3.1138596534729,1.46160113811493,K,16
OUTPUT,NaN,NaN,NaN,NaN,NaN,NaN

INPUT,0.377671360969543,0.0319646820425987,0.785669267177582,0.661446809768677,3.11244559288025,1.48071026802063,K,17
OUTPUT,NaN,NaN,NaN,NaN,NaN,NaN

INPUT,0.379755258560181,0.0318735353648663,0.791324317455292,0.646116852760315,3.11144304275513,1.49442994594574,K,18
OUTPUT,NaN,NaN,NaN,NaN,NaN,NaN

INPUT,0.381005614995956,0.0318188443779945,0.79471743106842,0.636943995952606,3.11084461212158,1.50268709659576,K,19
OUTPUT,NaN,NaN,NaN,NaN,NaN,NaN

INPUT,0.381422400474548,0.0318006165325642,0.795848429203033,0.633890271186829,3.11064553260803,1.50544333457947,K,20
OUTPUT,NaN,NaN,NaN,NaN,NaN,NaN

INPUT,0.371063679456711,0.036893580108881,0.720345973968506,-2.70047330856323,3.06436944007874,-1.91472935676575,K,11
OUTPUT,NaN,NaN,NaN,NaN,NaN,NaN

INPUT,0.377202033996582,0.0371715612709522,0.731419146060944,-2.74620413780212,3.0559504032135,-1.86793768405914,K,12
OUTPUT,NaN,NaN,NaN,NaN,NaN,NaN

INPUT,0.383340388536453,0.0374495387077332,0.742492318153381,-2.79204535484314,3.04771423339844,-1.82122349739075,K,13
OUTPUT,NaN,NaN,NaN,NaN,NaN,NaN

INPUT,0.389478743076324,0.0377275161445141,0.753565490245819,-2.83797383308411,3.03967881202698,-1.77456140518188,K,14
OUTPUT,NaN,NaN,NaN,NaN,NaN,NaN

INPUT,0.395617097616196,0.0380054973065853,0.764638662338257,-2.88397407531738,3.0318615436554,-1.72793340682983,K,15
OUTPUT,NaN,NaN,NaN,NaN,NaN,NaN

INPUT,0.40114164352417,0.0382556766271591,0.774604499340057,-2.9254264831543,3.02502655982971,-1.68598699569702,K,16
OUTPUT,NaN,NaN,NaN,NaN,NaN,NaN

INPUT,0.405438482761383,0.038450263440609,0.782355725765228,-2.95769739151001,3.0198495388031,-1.65336978435516,K,17
OUTPUT,NaN,NaN,NaN,NaN,NaN,NaN

INPUT,0.40850767493248,0.0385892502963543,0.787892282009125,-2.98076295852661,3.0162296295166,-1.63007414340973,K,18
OUTPUT,NaN,NaN,NaN,NaN,NaN,NaN

INPUT,0.410349160432816,0.0386726446449757,0.791214227676392,-2.99460792541504,3.01408982276917,-1.61609745025635,K,19
OUTPUT,NaN,NaN,NaN,NaN,NaN,NaN

INPUT,0.410962998867035,0.0387004427611828,0.792321562767029,-2.99922370910645,3.01338195800781,-1.61143851280212,K,20
OUTPUT,NaN,NaN,NaN,NaN,NaN,NaN

INPUT,0.360590398311615,0.0365331918001175,0.722814559936523,-2.20492100715637,3.11822128295898,-1.50334119796753,K,11
OUTPUT,NaN,NaN,NaN,NaN,NaN,NaN

INPUT,0.365496605634689,0.0367687568068504,0.734178066253662,-2.24281024932861,3.11568260192871,-1.4587070941925,K,12
OUTPUT,NaN,NaN,NaN,NaN,NaN,NaN

INPUT,0.370402812957764,0.0370043218135834,0.745541632175446,-2.28129816055298,3.11318802833557,-1.41466915607452,K,13
OUTPUT,NaN,NaN,NaN,NaN,NaN,NaN

INPUT,0.375308990478516,0.037239883095026,0.756905078887939,-2.32023215293884,3.11074161529541,-1.37107419967651,K,14
OUTPUT,NaN,NaN,NaN,NaN,NaN,NaN

INPUT,0.38021519780159,0.037475448101759,0.768268644809723,-2.35950708389282,3.10834741592407,-1.3278169631958,K,15
OUTPUT,NaN,NaN,NaN,NaN,NaN,NaN

INPUT,0.384630769491196,0.0376874543726444,0.778495788574219,-2.39508366584778,3.10624098777771,-1.28911209106445,K,16
OUTPUT,NaN,NaN,NaN,NaN,NaN,NaN

INPUT,0.388065129518509,0.0378523506224155,0.786450266838074,-2.42287755012512,3.1046359539032,-1.25912940502167,K,17
OUTPUT,NaN,NaN,NaN,NaN,NaN,NaN

INPUT,0.390518218278885,0.037970133125782,0.792132019996643,-2.442786693573,3.10350847244263,-1.23776876926422,K,18
OUTPUT,NaN,NaN,NaN,NaN,NaN,NaN

INPUT,0.391990095376968,0.0380408018827438,0.795541048049927,-2.45475268363953,3.10283970832825,-1.22497236728668,K,19
OUTPUT,NaN,NaN,NaN,NaN,NaN,NaN

INPUT,0.392480701208115,0.038064356893301,0.79667741060257,-2.45874452590942,3.10261797904968,-1.22071003913879,K,20
OUTPUT,NaN,NaN,NaN,NaN,NaN,NaN

INPUT,0.371384769678116,0.0365672968327999,0.715233504772186,-2.69850373268127,3.06473255157471,-1.93290853500366,K,4
OUTPUT,NaN,NaN,NaN,NaN,NaN,NaN

INPUT,0.381191313266754,0.037035908550024,0.730388522148132,-2.77686381340027,3.05020570755005,-1.84672796726227,K,5
OUTPUT,NaN,NaN,NaN,NaN,NaN,NaN

INPUT,0.390997856855392,0.0375045202672482,0.745543479919434,-2.85633277893066,3.03629565238953,-1.76154935359955,K,6
OUTPUT,NaN,NaN,NaN,NaN,NaN,NaN

INPUT,0.398625135421753,0.0378689952194691,0.757330715656281,-2.91864681243896,3.02596402168274,-1.69572329521179,K,7
OUTPUT,NaN,NaN,NaN,NaN,NaN,NaN

INPUT,0.40407320857048,0.0381293334066868,0.765750169754028,-2.96335697174072,3.01887178421021,-1.64885938167572,K,8
OUTPUT,NaN,NaN,NaN,NaN,NaN,NaN

INPUT,0.407342076301575,0.0382855385541916,0.770801842212677,-2.99024963378906,3.0147385597229,-1.62078857421875,K,9
OUTPUT,NaN,NaN,NaN,NaN,NaN,NaN

INPUT,0.369443476200104,0.0366240404546261,0.732572078704834,-2.28475856781006,3.11341619491577,-1.45407152175903,K,5
OUTPUT,NaN,NaN,NaN,NaN,NaN,NaN

INPUT,0.377519249916077,0.0369655303657055,0.748455464839935,-2.34507203102112,3.10937356948853,-1.36774826049805,K,6
OUTPUT,NaN,NaN,NaN,NaN,NaN,NaN

INPUT,0.383800387382507,0.0372311286628246,0.760809183120728,-2.39401197433472,3.1063449382782,-1.30263113975525,K,7
OUTPUT,NaN,NaN,NaN,NaN,NaN,NaN

INPUT,0.388286918401718,0.0374208465218544,0.769633293151855,-2.42976212501526,3.10425019264221,-1.25690829753876,K,8
OUTPUT,NaN,NaN,NaN,NaN,NaN,NaN

INPUT,0.390978813171387,0.0375346764922142,0.774927735328674,-2.45147013664246,3.10302233695984,-1.22973120212555,K,9
OUTPUT,NaN,NaN,NaN,NaN,NaN,NaN

INPUT,0.363402038812637,0.0330828838050365,0.724029421806335,-2.50017929077148,3.12273097038269,-1.9763275384903,K,4
OUTPUT,NaN,NaN,NaN,NaN,NaN,NaN

INPUT,0.369969844818115,0.0327995643019676,0.7371626496315,-2.53944373130798,3.12013006210327,-1.92050051689148,K,5
OUTPUT,NaN,NaN,NaN,NaN,NaN,NaN

INPUT,0.376537621021271,0.032516248524189,0.750295877456665,-2.58048701286316,3.11757659912109,-1.86644947528839,K,6
OUTPUT,NaN,NaN,NaN,NaN,NaN,NaN

INPUT,0.381645888090134,0.0322958901524544,0.760510563850403,-2.61316418647766,3.11563420295715,-1.82543694972992,K,7
OUTPUT,NaN,NaN,NaN,NaN,NaN,NaN

INPUT,0.385294675827026,0.0321384891867638,0.767806828022003,-2.63674426078796,3.1142749786377,-1.79664862155914,K,8
OUTPUT,NaN,NaN,NaN,NaN,NaN,NaN

INPUT,0.387483954429626,0.0320440493524075,0.772184550762177,-2.6509485244751,3.11347198486328,-1.77957248687744,K,9
OUTPUT,NaN,NaN,NaN,NaN,NaN,NaN

INPUT,0.358918070793152,0.0331350155174732,0.724430859088898,0.861542284488678,3.12350916862488,1.38017249107361,K,4
OUTPUT,NaN,NaN,NaN,NaN,NaN,NaN

INPUT,0.365007102489471,0.0328788161277771,0.738043904304504,0.795064270496368,3.1200270652771,1.40744638442993,K,5
OUTPUT,NaN,NaN,NaN,NaN,NaN,NaN

INPUT,0.371096104383469,0.032622616738081,0.751656949520111,0.734011769294739,3.11658596992493,1.44014942646027,K,6
OUTPUT,NaN,NaN,NaN,NaN,NaN,NaN

INPUT,0.375831991434097,0.032423347234726,0.762244939804077,0.689109086990356,3.11395406723022,1.46790707111359,K,7
OUTPUT,NaN,NaN,NaN,NaN,NaN,NaN

INPUT,0.37921479344368,0.0322810150682926,0.769807755947113,0.658119320869446,3.11210441589355,1.4885618686676,K,8
OUTPUT,NaN,NaN,NaN,NaN,NaN,NaN

INPUT,0.381244480609894,0.0321956127882004,0.774345397949219,0.639903426170349,3.11100840568542,1.50119805335999,K,9
OUTPUT,NaN,NaN,NaN,NaN,NaN,NaN

INPUT,0.380189508199692,0.042538944631815,0.706473886966705,-2.51438999176025,2.99875140190125,-1.8689649105072,K,10
OUTPUT,NaN,NaN,NaN,NaN,NaN,NaN

INPUT,0.388362288475037,0.0436063073575497,0.717175364494324,-2.55715036392212,2.98062825202942,-1.82534527778625,K,11
OUTPUT,NaN,NaN,NaN,NaN,NaN,NaN

INPUT,0.396535068750381,0.0446736738085747,0.727876842021942,-2.60005927085876,2.96280455589294,-1.78174912929535,K,12
OUTPUT,NaN,NaN,NaN,NaN,NaN,NaN

INPUT,0.404707849025726,0.0457410365343094,0.738578319549561,-2.64309859275818,2.94531393051147,-1.73814618587494,K,13
OUTPUT,NaN,NaN,NaN,NaN,NaN,NaN

INPUT,0.412880599498749,0.0468084029853344,0.749279737472534,-2.68625712394714,2.92818975448608,-1.69451510906219,K,14
OUTPUT,NaN,NaN,NaN,NaN,NaN,NaN

INPUT,0.421053379774094,0.0478757657110691,0.759981215000153,-2.72952914237976,2.91146516799927,-1.65083992481232,K,15
OUTPUT,NaN,NaN,NaN,NaN,NaN,NaN

INPUT,0.428408861160278,0.0488363914191723,0.769612550735474,-2.76856803894043,2.89678144454956,-1.61148452758789,K,16
OUTPUT,NaN,NaN,NaN,NaN,NaN,NaN

INPUT,0.434129804372787,0.0495835468173027,0.777103543281555,-2.79899215698242,2.88561725616455,-1.58083891868591,K,17
OUTPUT,NaN,NaN,NaN,NaN,NaN,NaN

INPUT,0.438216209411621,0.0501172281801701,0.782454311847687,-2.82075595855713,2.8777871131897,-1.55892825126648,K,18
OUTPUT,NaN,NaN,NaN,NaN,NaN,NaN

INPUT,0.440668046474457,0.0504374392330647,0.785664737224579,-2.83382678031921,2.8731484413147,-1.54577326774597,K,19
OUTPUT,NaN,NaN,NaN,NaN,NaN,NaN

INPUT,0.441485315561295,0.0505441762506962,0.786734879016876,-2.83818602561951,2.87161231040955,-1.54138660430908,K,20
OUTPUT,NaN,NaN,NaN,NaN,NaN,NaN

INPUT,0.366976082324982,0.0439088493585587,0.721171259880066,-2.30444884300232,3.07626914978027,-1.78953564167023,K,11
OUTPUT,NaN,NaN,NaN,NaN,NaN,NaN

INPUT,0.372633814811707,0.0450122579932213,0.732340574264526,-2.333824634552,3.06887531280518,-1.75830769538879,K,12
OUTPUT,NaN,NaN,NaN,NaN,NaN,NaN

INPUT,0.378291577100754,0.0461156666278839,0.743509829044342,-2.36337900161743,3.06154775619507,-1.72724187374115,K,13
OUTPUT,NaN,NaN,NaN,NaN,NaN,NaN

INPUT,0.383949309587479,0.0472190715372562,0.754679083824158,-2.39306831359863,3.0542938709259,-1.69629347324371,K,14
OUTPUT,NaN,NaN,NaN,NaN,NaN,NaN

INPUT,0.389607071876526,0.0483224764466286,0.765848398208618,-2.42286324501038,3.04712009429932,-1.66543138027191,K,15
OUTPUT,NaN,NaN,NaN,NaN,NaN,NaN

INPUT,0.394699066877365,0.0493155419826508,0.775900721549988,-2.44975185394287,3.04073786735535,-1.63771140575409,K,16
OUTPUT,NaN,NaN,NaN,NaN,NaN,NaN

INPUT,0.398659497499466,0.0500879287719727,0.78371924161911,-2.47070574760437,3.03582525253296,-1.61617982387543,K,17
OUTPUT,NaN,NaN,NaN,NaN,NaN,NaN

INPUT,0.401488363742828,0.0506396293640137,0.789303839206696,-2.48569202423096,3.03234553337097,-1.60081267356873,K,18
OUTPUT,NaN,NaN,NaN,NaN,NaN,NaN

INPUT,0.403185695409775,0.0509706512093544,0.792654633522034,-2.49469089508057,3.03026962280273,-1.59159672260284,K,19
OUTPUT,NaN,NaN,NaN,NaN,NaN,NaN

INPUT,0.403751462697983,0.0510809943079948,0.79377156496048,-2.49769163131714,3.02957963943481,-1.58852529525757,K,20
OUTPUT,NaN,NaN,NaN,NaN,NaN,NaN

INPUT,0.36622741818428,0.0358439162373543,0.721960008144379,-2.60724902153015,3.09477639198303,-1.8846982717514,K,11
OUTPUT,NaN,NaN,NaN,NaN,NaN,NaN

INPUT,0.37179708480835,0.0359985083341599,0.733222126960754,-2.64881801605225,3.08965635299683,-1.84125006198883,K,12
OUTPUT,NaN,NaN,NaN,NaN,NaN,NaN

INPUT,0.377366751432419,0.0361531004309654,0.744484186172485,-2.69055986404419,3.08463001251221,-1.7979633808136,K,13
OUTPUT,NaN,NaN,NaN,NaN,NaN,NaN

INPUT,0.382936388254166,0.036307692527771,0.755746245384216,-2.73243188858032,3.07970643043518,-1.7547949552536,K,14
OUTPUT,NaN,NaN,NaN,NaN,NaN,NaN

INPUT,0.388506054878235,0.0364622808992863,0.767008304595947,-2.77440476417542,3.07489490509033,-1.71171474456787,K,15
OUTPUT,NaN,NaN,NaN,NaN,NaN,NaN

INPUT,0.3935187458992,0.0366014167666435,0.777144193649292,-2.81224989891052,3.0706672668457,-1.67300021648407,K,16
OUTPUT,NaN,NaN,NaN,NaN,NaN,NaN

INPUT,0.397417515516281,0.0367096289992332,0.785027623176575,-2.8417227268219,3.06745052337646,-1.64291870594025,K,17
OUTPUT,NaN,NaN,NaN,NaN,NaN,NaN

INPUT,0.400202333927155,0.036786925047636,0.790658712387085,-2.86279225349426,3.06519269943237,-1.62144553661346,K,18
OUTPUT,NaN,NaN,NaN,NaN,NaN,NaN

INPUT,0.401873230934143,0.0368333011865616,0.794037282466888,-2.87544059753418,3.06385469436646,-1.60856640338898,K,19
OUTPUT,NaN,NaN,NaN,NaN,NaN,NaN

INPUT,0.402430206537247,0.0368487611413002,0.795163512229919,-2.87965774536133,3.06341147422791,-1.60427403450012,K,20
OUTPUT,NaN,NaN,NaN,NaN,NaN,NaN

INPUT,0.354022920131683,0.0207084137946367,0.73242175579071,1.0381190776825,3.0562436580658,1.38339138031006,K,12
OUTPUT,NaN,NaN,NaN,NaN,NaN,NaN

INPUT,0.35772180557251,0.0192534904927015,0.743599474430084,1.01914799213409,3.04726409912109,1.40090560913086,K,13
OUTPUT,NaN,NaN,NaN,NaN,NaN,NaN

INPUT,0.361420691013336,0.0177985690534115,0.754777133464813,1.00033533573151,3.03833484649658,1.41851651668549,K,14
OUTPUT,NaN,NaN,NaN,NaN,NaN,NaN

INPUT,0.365119576454163,0.0163436476141214,0.765954852104187,0.981662213802338,3.02946472167969,1.43618130683899,K,15
OUTPUT,NaN,NaN,NaN,NaN,NaN,NaN

INPUT,0.368448555469513,0.0150342183187604,0.776014804840088,0.964967489242554,3.02153921127319,1.45209801197052,K,16
OUTPUT,NaN,NaN,NaN,NaN,NaN,NaN

INPUT,0.371037781238556,0.0140157723799348,0.783839166164398,0.952053248882294,3.01541686058044,1.46447610855103,K,17
OUTPUT,NaN,NaN,NaN,NaN,NaN,NaN

INPUT,0.372887223958969,0.0132883116602898,0.789428055286407,0.942866265773773,3.01106786727905,1.47331178188324,K,18
OUTPUT,NaN,NaN,NaN,NaN,NaN,NaN

INPUT,0.373996883630753,0.0128518361598253,0.792781352996826,0.937369108200073,3.00846862792969,1.47860956192017,K,19
OUTPUT,NaN,NaN,NaN,NaN,NaN,NaN

INPUT,0.374366790056229,0.0127063430845737,0.793899118900299,0.935539245605469,3.00760388374329,1.48037469387054,K,20
OUTPUT,NaN,NaN,NaN,NaN,NaN,NaN

INPUT,0.362368166446686,0.0400258488953114,0.721538066864014,-2.36103510856628,3.11012363433838,-1.81151056289673,K,11
OUTPUT,NaN,NaN,NaN,NaN,NaN,NaN

INPUT,0.367483824491501,0.040672417730093,0.732750535011292,-2.39152908325195,3.10662436485291,-1.77736675739288,K,12
OUTPUT,NaN,NaN,NaN,NaN,NaN,NaN

INPUT,0.372599482536316,0.0413189902901649,0.743962943553925,-2.42235565185547,3.10316133499146,-1.74355149269104,K,13
OUTPUT,NaN,NaN,NaN,NaN,NaN,NaN

INPUT,0.377715170383453,0.0419655591249466,0.755175352096558,-2.45343017578125,3.09973859786987,-1.70998013019562,K,14
OUTPUT,NaN,NaN,NaN,NaN,NaN,NaN

INPUT,0.382830828428268,0.0426121279597282,0.766387760639191,-2.48469495773315,3.09635925292969,-1.67659401893616,K,15
OUTPUT,NaN,NaN,NaN,NaN,NaN,NaN

INPUT,0.387434929609299,0.0431940406560898,0.776478946208954,-2.51296138763428,3.09335827827454,-1.64667069911957,K,16
OUTPUT,NaN,NaN,NaN,NaN,NaN,NaN

INPUT,0.391015887260437,0.0436466410756111,0.784327626228333,-2.53501534461975,3.09105205535889,-1.62346303462982,K,17
OUTPUT,NaN,NaN,NaN,NaN,NaN,NaN

INPUT,0.393573731184006,0.0439699254930019,0.789933860301971,-2.55080008506775,3.08942055702209,-1.60691654682159,K,18
OUTPUT,NaN,NaN,NaN,NaN,NaN,NaN

INPUT,0.395108431577682,0.0441638976335526,0.793297588825226,-2.56028246879578,3.08844828605652,-1.59699952602386,K,19
OUTPUT,NaN,NaN,NaN,NaN,NaN,NaN

INPUT,0.395619988441467,0.0442285537719727,0.794418811798096,-2.56344509124756,3.08812522888184,-1.59369552135468,K,20
OUTPUT,NaN,NaN,NaN,NaN,NaN,NaN

INPUT,0.36191001534462,0.0373231172561646,0.734002351760864,-2.15681743621826,3.1281852722168,-1.80720543861389,K,12
OUTPUT,NaN,NaN,NaN,NaN,NaN,NaN

INPUT,0.366438686847687,0.0376169383525848,0.745347380638123,-2.17063903808594,3.12686371803284,-1.78413701057434,K,13
OUTPUT,NaN,NaN,NaN,NaN,NaN,NaN

INPUT,0.370967358350754,0.0379107557237148,0.756692409515381,-2.18519067764282,3.12554955482483,-1.76187360286713,K,14
OUTPUT,NaN,NaN,NaN,NaN,NaN,NaN

INPUT,0.375496029853821,0.0382045768201351,0.768037438392639,-2.20028352737427,3.12424421310425,-1.74025118350983,K,15
OUTPUT,NaN,NaN,NaN,NaN,NaN,NaN

INPUT,0.379571855068207,0.0384690128266811,0.778248012065887,-2.21421504020691,3.12307786941528,-1.7212438583374,K,16
OUTPUT,NaN,NaN,NaN,NaN,NaN,NaN

INPUT,0.382741928100586,0.0386746861040592,0.786189556121826,-2.22522592544556,3.12217712402344,-1.7067164182663,K,17
OUTPUT,NaN,NaN,NaN,NaN,NaN,NaN

INPUT,0.385006248950958,0.0388215929269791,0.791862070560455,-2.23316621780396,3.12153720855713,-1.69646310806274,K,18
OUTPUT,NaN,NaN,NaN,NaN,NaN,NaN

INPUT,0.386364847421646,0.0389097407460213,0.795265555381775,-2.23795628547668,3.12115478515625,-1.69035732746124,K,19
OUTPUT,NaN,NaN,NaN,NaN,NaN,NaN

INPUT,0.38681772351265,0.0389391221106052,0.79640007019043,-2.23955678939819,3.12102746963501,-1.68832957744598,K,20
OUTPUT,NaN,NaN,NaN,NaN,NaN,NaN

INPUT,0.359183818101883,0.0348268151283264,0.721828997135162,-2.12260222434998,3.11078143119812,-1.60741257667542,K,11
OUTPUT,NaN,NaN,NaN,NaN,NaN,NaN

INPUT,0.363924473524094,0.0348615236580372,0.733076572418213,-2.15039849281311,3.10732865333557,-1.57461082935333,K,12
OUTPUT,NaN,NaN,NaN,NaN,NaN,NaN

INPUT,0.368665158748627,0.034896232187748,0.744324147701263,-2.17865324020386,3.10390734672546,-1.54226362705231,K,13
OUTPUT,NaN,NaN,NaN,NaN,NaN,NaN

INPUT,0.37340584397316,0.034930944442749,0.755571722984314,-2.20724868774414,3.10052013397217,-1.51025378704071,K,14
OUTPUT,NaN,NaN,NaN,NaN,NaN,NaN

INPUT,0.37814649939537,0.0349656529724598,0.766819298267365,-2.23610544204712,3.09717082977295,-1.47850072383881,K,15
OUTPUT,NaN,NaN,NaN,NaN,NaN,NaN

INPUT,0.382413119077682,0.0349968895316124,0.776942074298859,-2.26225233078003,3.09419107437134,-1.4500949382782,K,16
OUTPUT,NaN,NaN,NaN,NaN,NaN,NaN

INPUT,0.385731607675552,0.035021185874939,0.784815430641174,-2.28268313407898,3.09189772605896,-1.42809343338013,K,17
OUTPUT,NaN,NaN,NaN,NaN,NaN,NaN

INPUT,0.388101935386658,0.0350385420024395,0.790439188480377,-2.29732012748718,3.09027314186096,-1.41242015361786,K,18
OUTPUT,NaN,NaN,NaN,NaN,NaN,NaN

INPUT,0.389524132013321,0.0350489541888237,0.793813467025757,-2.30611801147461,3.08930397033691,-1.40303134918213,K,19
OUTPUT,NaN,NaN,NaN,NaN,NaN,NaN

INPUT,0.389998197555542,0.0350524261593819,0.794938206672668,-2.30905318260193,3.08898186683655,-1.39990401268005,K,20
OUTPUT,NaN,NaN,NaN,NaN,NaN,NaN

INPUT,0.359515607357025,0.0338464044034481,0.732841670513153,-2.28592753410339,3.13405013084412,-1.79375684261322,K,12
OUTPUT,NaN,NaN,NaN,NaN,NaN,NaN

INPUT,0.363792568445206,0.0337744615972042,0.74406373500824,-2.3044421672821,3.13335418701172,-1.76048541069031,K,13
OUTPUT,NaN,NaN,NaN,NaN,NaN,NaN

INPUT,0.368069499731064,0.0337025225162506,0.755285739898682,-2.32410264015198,3.13266348838806,-1.72835958003998,K,14
OUTPUT,NaN,NaN,NaN,NaN,NaN,NaN

INPUT,0.372346460819244,0.0336305797100067,0.766507744789124,-2.34465479850769,3.1319785118103,-1.69712555408478,K,15
OUTPUT,NaN,NaN,NaN,NaN,NaN,NaN

INPUT,0.376195728778839,0.0335658341646194,0.776607573032379,-2.36376118659973,3.13136744499207,-1.66962397098541,K,16
OUTPUT,NaN,NaN,NaN,NaN,NaN,NaN

INPUT,0.37918958067894,0.0335154756903648,0.784462988376617,-2.37895226478577,3.1308958530426,-1.64856433868408,K,17
OUTPUT,NaN,NaN,NaN,NaN,NaN,NaN

INPUT,0.381328076124191,0.0334795042872429,0.790073990821838,-2.38995599746704,3.13056087493896,-1.63367486000061,K,18
OUTPUT,NaN,NaN,NaN,NaN,NaN,NaN

INPUT,0.382611155509949,0.0334579199552536,0.793440580368042,-2.39661383628845,3.1303608417511,-1.62479674816132,K,19
OUTPUT,NaN,NaN,NaN,NaN,NaN,NaN

INPUT,0.383038848638535,0.0334507264196873,0.794562816619873,-2.39884185791016,3.13029432296753,-1.62184596061707,K,20
OUTPUT,NaN,NaN,NaN,NaN,NaN,NaN

INPUT,0.376697361469269,0.0406368672847748,0.720728933811188,-2.4569833278656,3.05000591278076,-1.69439935684204,K,11
OUTPUT,NaN,NaN,NaN,NaN,NaN,NaN

INPUT,0.383498549461365,0.0413551665842533,0.731847286224365,-2.50121688842773,3.0399489402771,-1.6487957239151,K,12
OUTPUT,NaN,NaN,NaN,NaN,NaN,NaN

INPUT,0.390299737453461,0.0420734658837318,0.742965698242188,-2.54559540748596,3.03009653091431,-1.60329163074493,K,13
OUTPUT,NaN,NaN,NaN,NaN,NaN,NaN

INPUT,0.397100925445557,0.0427917651832104,0.754084050655365,-2.59008884429932,3.02046918869019,-1.55785357952118,K,14
OUTPUT,NaN,NaN,NaN,NaN,NaN,NaN

INPUT,0.403902113437653,0.0435100644826889,0.765202462673187,-2.63467669487,3.01108598709106,-1.51245832443237,K,15
OUTPUT,NaN,NaN,NaN,NaN,NaN,NaN

INPUT,0.410023182630539,0.0441565327346325,0.775209009647369,-2.67487525939941,3.00286602973938,-1.47162520885468,K,16
OUTPUT,NaN,NaN,NaN,NaN,NaN,NaN

INPUT,0.414784014225006,0.0446593426167965,0.782991886138916,-2.70618081092834,2.99662899971008,-1.4398752450943,K,17
OUTPUT,NaN,NaN,NaN,NaN,NaN,NaN

INPUT,0.418184608221054,0.0450184904038906,0.788551092147827,-2.72856211662292,2.99226140975952,-1.41719913482666,K,18
OUTPUT,NaN,NaN,NaN,NaN,NaN,NaN

INPUT,0.420224964618683,0.0452339798212051,0.791886568069458,-2.74199819564819,2.98967719078064,-1.40359401702881,K,19
OUTPUT,NaN,NaN,NaN,NaN,NaN,NaN

INPUT,0.420905083417892,0.0453058108687401,0.792998433113098,-2.74647808074951,2.98882174491882,-1.39905905723572,K,20
OUTPUT,NaN,NaN,NaN,NaN,NaN,NaN

INPUT,0.38189560174942,0.041764535009861,0.705133259296417,-2.5260899066925,2.99304747581482,-1.86745464801788,K,4
OUTPUT,NaN,NaN,NaN,NaN,NaN,NaN

INPUT,0.396321833133698,0.0436666905879974,0.721631288528442,-2.60739374160767,2.95892119407654,-1.78060436248779,K,5
OUTPUT,NaN,NaN,NaN,NaN,NaN,NaN

INPUT,0.410748094320297,0.0455688424408436,0.738129436969757,-2.68981575965881,2.92608141899109,-1.69435560703278,K,6
OUTPUT,NaN,NaN,NaN,NaN,NaN,NaN

INPUT,0.42196848988533,0.0470482967793941,0.750961244106293,-2.75447607040405,2.90158176422119,-1.62742638587952,K,7
OUTPUT,NaN,NaN,NaN,NaN,NaN,NaN

INPUT,0.429983049631119,0.0481050461530685,0.760126829147339,-2.8009078502655,2.88470721244812,-1.57963335514069,K,8
OUTPUT,NaN,NaN,NaN,NaN,NaN,NaN

INPUT,0.434791803359985,0.0487390980124474,0.765626192092896,-2.82885599136353,2.87485098838806,-1.55095016956329,K,9
OUTPUT,NaN,NaN,NaN,NaN,NaN,NaN

INPUT,0.367457121610641,0.0430227853357792,0.715647339820862,-2.30266427993774,3.07584834098816,-1.80233609676361,K,4
OUTPUT,NaN,NaN,NaN,NaN,NaN,NaN

INPUT,0.376591175794601,0.0448005869984627,0.731066346168518,-2.35340785980225,3.06319308280945,-1.74440908432007,K,5
OUTPUT,NaN,NaN,NaN,NaN,NaN,NaN

INPUT,0.385725229978561,0.0465783923864365,0.746485352516174,-2.40516972541809,3.05076813697815,-1.68744671344757,K,6
OUTPUT,NaN,NaN,NaN,NaN,NaN,NaN

INPUT,0.392829477787018,0.0479611270129681,0.758477926254272,-2.44569039344788,3.04133367538452,-1.64377725124359,K,7
OUTPUT,NaN,NaN,NaN,NaN,NaN,NaN

INPUT,0.397903949022293,0.0489487983286381,0.767044067382813,-2.47461867332458,3.03474640846252,-1.61294949054718,K,8
OUTPUT,NaN,NaN,NaN,NaN,NaN,NaN

INPUT,0.400948643684387,0.0495413988828659,0.77218371629715,-2.49193143844604,3.03086233139038,-1.59461057186127,K,9
OUTPUT,NaN,NaN,NaN,NaN,NaN,NaN

INPUT,0.366788893938065,0.0356035344302654,0.716331422328949,-2.60873484611511,3.09457159042358,-1.90442585945129,K,4
OUTPUT,NaN,NaN,NaN,NaN,NaN,NaN

INPUT,0.375823974609375,0.0358260832726955,0.731920838356018,-2.67879796028137,3.08584380149841,-1.82337534427643,K,5
OUTPUT,NaN,NaN,NaN,NaN,NaN,NaN

INPUT,0.384859085083008,0.0360486321151257,0.747510194778442,-2.75034666061401,3.07743263244629,-1.74377393722534,K,6
OUTPUT,NaN,NaN,NaN,NaN,NaN,NaN

INPUT,0.391886353492737,0.0362217240035534,0.759635269641876,-2.80666136741638,3.07114100456238,-1.68250060081482,K,7
OUTPUT,NaN,NaN,NaN,NaN,NaN,NaN

INPUT,0.396905869245529,0.036345362663269,0.76829606294632,-2.84714555740356,3.06679439544678,-1.63897728919983,K,8
OUTPUT,NaN,NaN,NaN,NaN,NaN,NaN

INPUT,0.39991757273674,0.0364195443689823,0.773492515087128,-2.87152028083801,3.06424903869629,-1.6129412651062,K,9
OUTPUT,NaN,NaN,NaN,NaN,NaN,NaN

INPUT,0.371410220861435,0.0406940951943398,0.731103897094727,-2.41845679283142,3.10372233390808,-1.7679260969162,K,5
OUTPUT,NaN,NaN,NaN,NaN,NaN,NaN

INPUT,0.379803508520126,0.0417562276124954,0.746707558631897,-2.46943378448486,3.09797644615173,-1.70399725437164,K,6
OUTPUT,NaN,NaN,NaN,NaN,NaN,NaN

INPUT,0.386331588029861,0.0425823293626308,0.758843719959259,-2.51014828681946,3.09360480308533,-1.65533089637756,K,7
OUTPUT,NaN,NaN,NaN,NaN,NaN,NaN

INPUT,0.390994518995285,0.0431724041700363,0.767512440681458,-2.53964638710022,3.09053993225098,-1.62097954750061,K,8
OUTPUT,NaN,NaN,NaN,NaN,NaN,NaN

INPUT,0.393792301416397,0.0435264483094215,0.772713661193848,-2.5574803352356,3.08872580528259,-1.60050177574158,K,9
OUTPUT,NaN,NaN,NaN,NaN,NaN,NaN

INPUT,0.367654383182526,0.0344427824020386,0.731289744377136,-2.18018698692322,3.10441899299622,-1.57039988040924,K,5
OUTPUT,NaN,NaN,NaN,NaN,NaN,NaN

INPUT,0.375443339347839,0.0343822091817856,0.74701315164566,-2.22513628005981,3.09871292114258,-1.50688362121582,K,6
OUTPUT,NaN,NaN,NaN,NaN,NaN,NaN

INPUT,0.381501436233521,0.0343350991606712,0.759242475032806,-2.26145911216736,3.09437990188599,-1.45924305915833,K,7
OUTPUT,NaN,NaN,NaN,NaN,NaN,NaN

INPUT,0.385828644037247,0.0343014486134052,0.767977714538574,-2.28782224655151,3.09135460853577,-1.42602431774139,K,8
OUTPUT,NaN,NaN,NaN,NaN,NaN,NaN

INPUT,0.388424962759018,0.0342812575399876,0.773218810558319,-2.30373787879944,3.08957099914551,-1.40639698505402,K,9
OUTPUT,NaN,NaN,NaN,NaN,NaN,NaN

INPUT,0.377237737178802,0.039765402674675,0.716442167758942,-2.4501576423645,3.049485206604,-1.70815980434418,K,4
OUTPUT,NaN,NaN,NaN,NaN,NaN,NaN

INPUT,0.388053178787231,0.0409218780696392,0.731474637985229,-2.52778029441833,3.03237152099609,-1.62573897838593,K,5
OUTPUT,NaN,NaN,NaN,NaN,NaN,NaN

INPUT,0.398868590593338,0.0420783534646034,0.746507048606873,-2.60611629486084,3.01595544815063,-1.54388463497162,K,6
OUTPUT,NaN,NaN,NaN,NaN,NaN,NaN

INPUT,0.407280594110489,0.0429778322577477,0.758198916912079,-2.66738295555115,3.00373816490173,-1.48044812679291,K,7
OUTPUT,NaN,NaN,NaN,NaN,NaN,NaN

INPUT,0.413289189338684,0.0436203181743622,0.766550302505493,-2.71128511428833,2.99533581733704,-1.43521392345428,K,8
OUTPUT,NaN,NaN,NaN,NaN,NaN,NaN

INPUT,0.416894316673279,0.044005811214447,0.771561145782471,-2.73767447471619,2.99043250083923,-1.40809547901154,K,9
OUTPUT,NaN,NaN,NaN,NaN,NaN,NaN

INPUT,0.360224962234497,0.0205117091536522,0.736009836196899,1.02619218826294,3.04611468315125,1.40994441509247,K,5
OUTPUT,NaN,NaN,NaN,NaN,NaN,NaN

INPUT,0.365886747837067,0.0184759758412838,0.749714493751526,0.992691576480865,3.03214025497437,1.43450856208801,K,6
OUTPUT,NaN,NaN,NaN,NaN,NaN,NaN

INPUT,0.370290368795395,0.0168926287442446,0.760373711585999,0.967372477054596,3.02134895324707,1.45431518554688,K,7
OUTPUT,NaN,NaN,NaN,NaN,NaN,NaN

INPUT,0.373435825109482,0.0157616678625345,0.767987430095673,0.949598073959351,3.01369285583496,1.46872615814209,K,8
OUTPUT,NaN,NaN,NaN,NaN,NaN,NaN

INPUT,0.375323086977005,0.0150830894708633,0.772555649280548,0.939041376113892,3.00912284851074,1.47745406627655,K,9
OUTPUT,NaN,NaN,NaN,NaN,NaN,NaN

INPUT,0.362666368484497,0.0370253771543503,0.726182341575623,-2.18705606460571,3.1276524066925,-1.85959672927856,K,4
OUTPUT,NaN,NaN,NaN,NaN,NaN,NaN

INPUT,0.368991851806641,0.0374465398490429,0.739476442337036,-2.19607925415039,3.12588214874268,-1.80930304527283,K,5
OUTPUT,NaN,NaN,NaN,NaN,NaN,NaN

INPUT,0.375317394733429,0.0378677062690258,0.752770483493805,-2.20927500724792,3.12412023544312,-1.76318073272705,K,6
OUTPUT,NaN,NaN,NaN,NaN,NaN,NaN

INPUT,0.380237221717834,0.0381952784955502,0.763110280036926,-2.2216432094574,3.12275958061218,-1.72947883605957,K,7
OUTPUT,NaN,NaN,NaN,NaN,NaN,NaN

INPUT,0.383751392364502,0.038429256528616,0.7704958319664,-2.23135304450989,3.12179470062256,-1.7063467502594,K,8
OUTPUT,NaN,NaN,NaN,NaN,NaN,NaN

INPUT,0.385859906673431,0.0385696440935135,0.774927198886871,-2.23747277259827,3.12121891975403,-1.69279587268829,K,9
OUTPUT,NaN,NaN,NaN,NaN,NaN,NaN

INPUT,0.359778732061386,0.0338499695062637,0.723942160606384,-2.33777379989624,3.13347125053406,-1.87585830688477,K,4
OUTPUT,NaN,NaN,NaN,NaN,NaN,NaN

INPUT,0.365891754627228,0.0337038338184357,0.737342059612274,-2.34728837013245,3.13261413574219,-1.80173063278198,K,5
OUTPUT,NaN,NaN,NaN,NaN,NaN,NaN

INPUT,0.372004806995392,0.0335576981306076,0.750742018222809,-2.36241269111633,3.13176512718201,-1.73321223258972,K,6
OUTPUT,NaN,NaN,NaN,NaN,NaN,NaN

INPUT,0.376759380102158,0.0334440395236015,0.761164128780365,-2.37710499763489,3.13111448287964,-1.6830358505249,K,7
OUTPUT,NaN,NaN,NaN,NaN,NaN,NaN

INPUT,0.380155503749847,0.0333628542721272,0.768608570098877,-2.3888373374939,3.13065624237061,-1.64861631393433,K,8
OUTPUT,NaN,NaN,NaN,NaN,NaN,NaN

INPUT,0.382193177938461,0.0333141423761845,0.773075222969055,-2.3962938785553,3.13038444519043,-1.62847793102264,K,9
OUTPUT,NaN,NaN,NaN,NaN,NaN,NaN

INPUT,0.350730270147324,0.0156263597309589,0.741366982460022,0.997132897377014,3.01876211166382,1.59670066833496,K,13
OUTPUT,NaN,NaN,NaN,NaN,NaN,NaN

INPUT,0.353762924671173,0.0138258403167129,0.752332925796509,0.967978298664093,3.00740694999695,1.62479245662689,K,14
OUTPUT,NaN,NaN,NaN,NaN,NaN,NaN

INPUT,0.356795579195023,0.0120253209024668,0.76329892873764,0.938884377479553,2.99616146087646,1.65298843383789,K,15
OUTPUT,NaN,NaN,NaN,NaN,NaN,NaN

INPUT,0.359524965286255,0.010404852218926,0.773168325424194,0.912735044956207,2.98614192008972,1.67843997478485,K,16
OUTPUT,NaN,NaN,NaN,NaN,NaN,NaN

INPUT,0.361647814512253,0.00914448779076338,0.780844509601593,0.89241236448288,2.97842001914978,1.69827890396118,K,17
OUTPUT,NaN,NaN,NaN,NaN,NaN,NaN

INPUT,0.363164126873016,0.00824422668665648,0.786327540874481,0.877901911735535,2.97294402122498,1.71247065067291,K,18
OUTPUT,NaN,NaN,NaN,NaN,NaN,NaN

INPUT,0.364073932170868,0.00770407263189554,0.789617300033569,0.869197309017181,2.96967530250549,1.72099375724792,K,19
OUTPUT,NaN,NaN,NaN,NaN,NaN,NaN

INPUT,0.364377200603485,0.00752401910722256,0.790713906288147,0.866296052932739,2.96858835220337,1.72383618354797,K,20
OUTPUT,NaN,NaN,NaN,NaN,NaN,NaN

INPUT,0.364357262849808,0.0388454310595989,0.722116947174072,-2.38764452934265,3.09443807601929,-1.7810046672821,K,11
OUTPUT,NaN,NaN,NaN,NaN,NaN,NaN

INPUT,0.369706511497498,0.0393531024456024,0.73339831829071,-2.42205595970154,3.089186668396,-1.74404036998749,K,12
OUTPUT,NaN,NaN,NaN,NaN,NaN,NaN

INPUT,0.375055760145187,0.0398607701063156,0.744679689407349,-2.45670366287231,3.08400225639343,-1.70730233192444,K,13
OUTPUT,NaN,NaN,NaN,NaN,NaN,NaN

INPUT,0.380405008792877,0.0403684414923191,0.755961060523987,-2.49152803421021,3.07889103889465,-1.67073082923889,K,14
OUTPUT,NaN,NaN,NaN,NaN,NaN,NaN

INPUT,0.385754257440567,0.0408761091530323,0.767242431640625,-2.52648878097534,3.07385945320129,-1.63428425788879,K,15
OUTPUT,NaN,NaN,NaN,NaN,NaN,NaN

INPUT,0.39056858420372,0.0413330160081387,0.777395725250244,-2.55804657936096,3.06940484046936,-1.60156500339508,K,16
OUTPUT,NaN,NaN,NaN,NaN,NaN,NaN

INPUT,0.394313037395477,0.0416883826255798,0.785292685031891,-2.58264183998108,3.06599116325378,-1.57616007328033,K,17
OUTPUT,NaN,NaN,NaN,NaN,NaN,NaN

INPUT,0.396987676620483,0.0419422164559364,0.79093337059021,-2.60023355484009,3.06358170509338,-1.55803346633911,K,18
OUTPUT,NaN,NaN,NaN,NaN,NaN,NaN

INPUT,0.398592442274094,0.0420945174992085,0.794317781925201,-2.61079716682434,3.06214785575867,-1.54716444015503,K,19
OUTPUT,NaN,NaN,NaN,NaN,NaN,NaN

INPUT,0.39912736415863,0.0421452857553959,0.795445919036865,-2.61431980133057,3.06167197227478,-1.54354238510132,K,20
OUTPUT,NaN,NaN,NaN,NaN,NaN,NaN

INPUT,0.357031106948853,0.029901534318924,0.733661353588104,0.811017513275146,3.11184024810791,1.53094923496246,K,12
OUTPUT,NaN,NaN,NaN,NaN,NaN,NaN

INPUT,0.361046493053436,0.0294142868369818,0.744969666004181,0.7710902094841,3.10879063606262,1.56679546833038,K,13
OUTPUT,NaN,NaN,NaN,NaN,NaN,NaN

INPUT,0.365061849355698,0.0289270374923944,0.756277978420258,0.731505930423737,3.10578799247742,1.60298848152161,K,14
OUTPUT,NaN,NaN,NaN,NaN,NaN,NaN

INPUT,0.369077235460281,0.0284397900104523,0.767586290836334,0.692180037498474,3.10283660888672,1.63944399356842,K,15
OUTPUT,NaN,NaN,NaN,NaN,NaN,NaN

INPUT,0.372691094875336,0.0280012674629688,0.777763783931732,0.656958401203156,3.10022759437561,1.67242932319641,K,16
OUTPUT,NaN,NaN,NaN,NaN,NaN,NaN

INPUT,0.375501871109009,0.0276601929217577,0.785679578781128,0.629654943943024,3.09823155403137,1.69817817211151,K,17
OUTPUT,NaN,NaN,NaN,NaN,NaN,NaN

INPUT,0.377509564161301,0.0274165701121092,0.791333734989166,0.610193908214569,3.09682440757751,1.71661305427551,K,18
OUTPUT,NaN,NaN,NaN,NaN,NaN,NaN

INPUT,0.378714174032211,0.027270395308733,0.794726252555847,0.59853208065033,3.09598779678345,1.72768938541412,K,19
OUTPUT,NaN,NaN,NaN,NaN,NaN,NaN

INPUT,0.379115700721741,0.0272216703742743,0.795857071876526,0.594647169113159,3.09571027755737,1.73138391971588,K,20
OUTPUT,NaN,NaN,NaN,NaN,NaN,NaN

INPUT,0.373626410961151,0.039149347692728,0.732012271881104,-2.44774413108826,3.08509206771851,-1.72977578639984,K,5
OUTPUT,NaN,NaN,NaN,NaN,NaN,NaN

INPUT,0.382310003042221,0.0399386510252953,0.74767142534256,-2.50687527656555,3.07642030715942,-1.66192781925201,K,6
OUTPUT,NaN,NaN,NaN,NaN,NaN,NaN

INPUT,0.38906392455101,0.0405525527894497,0.759850680828094,-2.55359721183777,3.0698549747467,-1.60986411571503,K,7
OUTPUT,NaN,NaN,NaN,NaN,NaN,NaN

INPUT,0.393888145685196,0.0409910529851913,0.768550157546997,-2.58725547790527,3.0652711391449,-1.57294702529907,K,8
OUTPUT,NaN,NaN,NaN,NaN,NaN,NaN

INPUT,0.396782666444778,0.0412541553378105,0.773769855499268,-2.60754323005676,3.06256604194641,-1.55088400840759,K,9
OUTPUT,NaN,NaN,NaN,NaN,NaN,NaN

INPUT,0.363406658172607,0.0297582969069481,0.737863063812256,0.782186806201935,3.10881042480469,1.58086979389191,K,5
OUTPUT,NaN,NaN,NaN,NaN,NaN,NaN

INPUT,0.369335472583771,0.0290301162749529,0.751548528671265,0.713181495666504,3.10396814346313,1.6335541009903,K,6
OUTPUT,NaN,NaN,NaN,NaN,NaN,NaN

INPUT,0.373946756124496,0.0284637529402971,0.762192726135254,0.660814344882965,3.10029602050781,1.67584156990051,K,7
OUTPUT,NaN,NaN,NaN,NaN,NaN,NaN

INPUT,0.377240538597107,0.0280592069029808,0.769795715808868,0.623918473720551,3.09772849082947,1.70656061172485,K,8
OUTPUT,NaN,NaN,NaN,NaN,NaN,NaN

INPUT,0.379216820001602,0.0278164800256491,0.774357557296753,0.601946532726288,3.09621167182922,1.72515952587128,K,9
OUTPUT,NaN,NaN,NaN,NaN,NaN,NaN

INPUT,0.355363786220551,0.0163513533771038,0.739640831947327,0.986576855182648,3.01095223426819,1.61741054058075,K,5
OUTPUT,NaN,NaN,NaN,NaN,NaN,NaN

INPUT,0.359411329030991,0.014117875136435,0.750934660434723,0.942686498165131,2.99542164802551,1.65536546707153,K,6
OUTPUT,NaN,NaN,NaN,NaN,NaN,NaN

INPUT,0.36255943775177,0.0123807266354561,0.759718716144562,0.909013032913208,2.98354268074036,1.68523216247559,K,7
OUTPUT,NaN,NaN,NaN,NaN,NaN,NaN

INPUT,0.364808082580566,0.0111399060115218,0.765993058681488,0.885200619697571,2.97518658638,1.70666456222534,K,8
OUTPUT,NaN,NaN,NaN,NaN,NaN,NaN

INPUT,0.36615726351738,0.0103954132646322,0.769757688045502,0.871009945869446,2.97023034095764,1.71954238414764,K,9
OUTPUT,NaN,NaN,NaN,NaN,NaN,NaN

INPUT,0.353519022464752,0.0278201922774315,0.733227550983429,0.726887404918671,3.10538649559021,1.26646614074707,K,12
OUTPUT,NaN,NaN,NaN,NaN,NaN,NaN

INPUT,0.357164442539215,0.0271137617528439,0.74449098110199,0.697130084037781,3.10159587860107,1.29349970817566,K,13
OUTPUT,NaN,NaN,NaN,NaN,NaN,NaN

INPUT,0.360809832811356,0.0264073312282562,0.755754292011261,0.667605578899384,3.09783744812012,1.32077026367188,K,14
OUTPUT,NaN,NaN,NaN,NaN,NaN,NaN

INPUT,0.364455252885818,0.0257009007036686,0.767017722129822,0.638256371021271,3.09411406517029,1.34822082519531,K,15
OUTPUT,NaN,NaN,NaN,NaN,NaN,NaN

INPUT,0.367736101150513,0.0250651128590107,0.777154743671417,0.611958265304565,3.09079575538635,1.373046875,K,16
OUTPUT,NaN,NaN,NaN,NaN,NaN,NaN

INPUT,0.370287895202637,0.0245706122368574,0.785039126873016,0.591565728187561,3.08823776245117,1.39242041110992,K,17
OUTPUT,NaN,NaN,NaN,NaN,NaN,NaN

INPUT,0.372110575437546,0.0242173969745636,0.790670812129974,0.577027678489685,3.08642339706421,1.40628838539124,K,18
OUTPUT,NaN,NaN,NaN,NaN,NaN,NaN

INPUT,0.373204201459885,0.0240054670721292,0.794049799442291,0.568314850330353,3.08534002304077,1.41461980342865,K,19
OUTPUT,NaN,NaN,NaN,NaN,NaN,NaN

INPUT,0.373568743467331,0.0239348243921995,0.795176148414612,0.565412104129791,3.08497977256775,1.41739869117737,K,20
OUTPUT,NaN,NaN,NaN,NaN,NaN,NaN

INPUT,0.364249259233475,0.0394630655646324,0.722270965576172,-2.43962812423706,3.10263466835022,-1.79256868362427,K,11
OUTPUT,NaN,NaN,NaN,NaN,NaN,NaN

INPUT,0.36958572268486,0.0400433577597141,0.733570516109467,-2.47620749473572,3.09833836555481,-1.75302541255951,K,12
OUTPUT,NaN,NaN,NaN,NaN,NaN,NaN

INPUT,0.374922186136246,0.0406236536800861,0.744870066642761,-2.51305675506592,3.09410429000854,-1.71374475955963,K,13
OUTPUT,NaN,NaN,NaN,NaN,NaN,NaN

INPUT,0.380258649587631,0.0412039458751678,0.756169617176056,-2.5501070022583,3.08993911743164,-1.67465806007385,K,14
OUTPUT,NaN,NaN,NaN,NaN,NaN,NaN

INPUT,0.385595113039017,0.0417842380702496,0.767469167709351,-2.58731245994568,3.08584880828857,-1.63571798801422,K,15
OUTPUT,NaN,NaN,NaN,NaN,NaN,NaN

INPUT,0.390397936105728,0.0423065014183521,0.777638792991638,-2.62090229988098,3.08223628997803,-1.60076951980591,K,16
OUTPUT,NaN,NaN,NaN,NaN,NaN,NaN

INPUT,0.394133448600769,0.0427127070724964,0.785548448562622,-2.64708423614502,3.07947444915771,-1.57363903522491,K,17
OUTPUT,NaN,NaN,NaN,NaN,NaN,NaN

INPUT,0.396801680326462,0.0430028513073921,0.791198253631592,-2.66581177711487,3.07752847671509,-1.554283618927,K,18
OUTPUT,NaN,NaN,NaN,NaN,NaN,NaN

INPUT,0.398402631282806,0.0431769415736198,0.794588088989258,-2.67705798149109,3.07637214660645,-1.54267883300781,K,19
OUTPUT,NaN,NaN,NaN,NaN,NaN,NaN

INPUT,0.39893627166748,0.043234970420599,0.79571807384491,-2.68080830574036,3.07598853111267,-1.53881168365479,K,20
OUTPUT,NaN,NaN,NaN,NaN,NaN,NaN

INPUT,0.34012171626091,0.027869924902916,0.741513609886169,0.534376263618469,3.00326323509216,1.71510767936707,K,13
OUTPUT,NaN,NaN,NaN,NaN,NaN,NaN

INPUT,0.342144310474396,0.0272355861961842,0.752492725849152,0.477565199136734,2.99180793762207,1.77112555503845,K,14
OUTPUT,NaN,NaN,NaN,NaN,NaN,NaN

INPUT,0.344166904687881,0.0266012474894524,0.763471841812134,0.420761913061142,2.98082780838013,1.82724618911743,K,15
OUTPUT,NaN,NaN,NaN,NaN,NaN,NaN

INPUT,0.345987260341644,0.0260303430259228,0.773353099822998,0.369633942842484,2.97138118743896,1.87783324718475,K,16
OUTPUT,NaN,NaN,NaN,NaN,NaN,NaN

INPUT,0.347403079271317,0.0255863070487976,0.781038463115692,0.329859673976898,2.96433568000793,1.91722571849823,K,17
OUTPUT,NaN,NaN,NaN,NaN,NaN,NaN

INPUT,0.348414391279221,0.0252691376954317,0.786527991294861,0.301443547010422,2.95947194099426,1.94538712501526,K,18
OUTPUT,NaN,NaN,NaN,NaN,NaN,NaN

INPUT,0.349021166563034,0.0250788368284702,0.789821743965149,0.284391045570374,2.956622838974,1.96229302883148,K,19
OUTPUT,NaN,NaN,NaN,NaN,NaN,NaN

INPUT,0.349223434925079,0.025015402585268,0.790919661521912,0.278706341981888,2.95568490028381,1.96792984008789,K,20
OUTPUT,NaN,NaN,NaN,NaN,NaN,NaN

INPUT,0.366231977939606,0.0373721346259117,0.72165185213089,-2.32683372497559,3.08943223953247,-1.75093293190002,K,11
OUTPUT,NaN,NaN,NaN,NaN,NaN,NaN

INPUT,0.371801882982254,0.0377063006162643,0.732878625392914,-2.35948181152344,3.08358812332153,-1.71581590175629,K,12
OUTPUT,NaN,NaN,NaN,NaN,NaN,NaN

INPUT,0.377371817827225,0.038040466606617,0.744105458259583,-2.39236068725586,3.07781076431274,-1.68091809749603,K,13
OUTPUT,NaN,NaN,NaN,NaN,NaN,NaN

INPUT,0.382941722869873,0.0383746325969696,0.755332171916962,-2.42541217803955,3.07210636138916,-1.64618098735809,K,14
OUTPUT,NaN,NaN,NaN,NaN,NaN,NaN

INPUT,0.388511627912521,0.0387087985873222,0.76655900478363,-2.45859789848328,3.06648182868958,-1.61156404018402,K,15
OUTPUT,NaN,NaN,NaN,NaN,NaN,NaN

INPUT,0.393524557352066,0.0390095487236977,0.776663064956665,-2.48855590820313,3.06149315834045,-1.58048820495605,K,16
OUTPUT,NaN,NaN,NaN,NaN,NaN,NaN

INPUT,0.397423505783081,0.0392434634268284,0.784521818161011,-2.51190662384033,3.05766439437866,-1.55635941028595,K,17
OUTPUT,NaN,NaN,NaN,NaN,NaN,NaN

INPUT,0.400208473205566,0.0394105464220047,0.790135204792023,-2.52860879898071,3.05495834350586,-1.53914320468903,K,18
OUTPUT,NaN,NaN,NaN,NaN,NaN,NaN

INPUT,0.4018794298172,0.0395107977092266,0.793503224849701,-2.53863883018494,3.05334663391113,-1.52882015705109,K,19
OUTPUT,NaN,NaN,NaN,NaN,NaN,NaN

INPUT,0.402436435222626,0.0395442135632038,0.79462593793869,-2.54198336601257,3.05281138420105,-1.52538013458252,K,20
OUTPUT,NaN,NaN,NaN,NaN,NaN,NaN

INPUT,0.373596161603928,0.0400151610374451,0.732166647911072,-2.50499558448792,3.09492707252502,-1.73900985717773,K,5
OUTPUT,NaN,NaN,NaN,NaN,NaN,NaN

INPUT,0.382295817136765,0.0409644097089767,0.747860670089722,-2.56727743148804,3.08788442611694,-1.66595041751862,K,6
OUTPUT,NaN,NaN,NaN,NaN,NaN,NaN

INPUT,0.389062225818634,0.0417027175426483,0.760067105293274,-2.6166033744812,3.08257436752319,-1.60999405384064,K,7
OUTPUT,NaN,NaN,NaN,NaN,NaN,NaN

INPUT,0.393895357847214,0.0422300808131695,0.768786013126373,-2.65218067169189,3.07888031005859,-1.57035946846008,K,8
OUTPUT,NaN,NaN,NaN,NaN,NaN,NaN

INPUT,0.396795243024826,0.0425464957952499,0.774017333984375,-2.67363882064819,3.07670617103577,-1.5466867685318,K,9
OUTPUT,NaN,NaN,NaN,NaN,NaN,NaN

INPUT,0.375824749469757,0.0372873395681381,0.731525361537933,-2.38324069976807,3.07902312278748,-1.70180475711823,K,5
OUTPUT,NaN,NaN,NaN,NaN,NaN,NaN

INPUT,0.384877949953079,0.037739560008049,0.747069954872131,-2.43962502479553,3.06934642791748,-1.63756680488586,K,6
OUTPUT,NaN,NaN,NaN,NaN,NaN,NaN

INPUT,0.391919314861298,0.0380912870168686,0.759160161018372,-2.48414635658264,3.06199908256531,-1.58824217319489,K,7
OUTPUT,NaN,NaN,NaN,NaN,NaN,NaN

INPUT,0.396948844194412,0.0383425205945969,0.767795979976654,-2.5162079334259,3.05685710906982,-1.55325448513031,K,8
OUTPUT,NaN,NaN,NaN,NaN,NaN,NaN

INPUT,0.399966567754745,0.0384932607412338,0.772977530956268,-2.53553009033203,3.0538170337677,-1.53234016895294,K,9
OUTPUT,NaN,NaN,NaN,NaN,NaN,NaN

INPUT,0.359434217214584,0.0274955406785011,0.737057685852051,0.706716299057007,3.10164165496826,1.30548298358917,K,5
OUTPUT,NaN,NaN,NaN,NaN,NaN,NaN

INPUT,0.364866644144058,0.0264319498091936,0.750791847705841,0.654382050037384,3.09552836418152,1.34472405910492,K,6
OUTPUT,NaN,NaN,NaN,NaN,NaN,NaN

INPUT,0.369091838598251,0.0256047137081623,0.761474013328552,0.614891946315765,3.09085488319397,1.3762218952179,K,7
OUTPUT,NaN,NaN,NaN,NaN,NaN,NaN

INPUT,0.372109860181808,0.0250138286501169,0.76910412311554,0.587234199047089,3.08757042884827,1.39903438091278,K,8
OUTPUT,NaN,NaN,NaN,NaN,NaN,NaN

INPUT,0.373920649290085,0.0246593002229929,0.773682177066803,0.570842981338501,3.08562421798706,1.4128006696701,K,9
OUTPUT,NaN,NaN,NaN,NaN,NaN,NaN

INPUT,0.347407042980194,0.0274173226207495,0.750559091567993,0.418116271495819,2.98171401023865,1.81907880306244,K,6
OUTPUT,NaN,NaN,NaN,NaN,NaN,NaN

INPUT,0.349756628274918,0.0268114320933819,0.759617626667023,0.357341170310974,2.96988749504089,1.88433766365051,K,7
OUTPUT,NaN,NaN,NaN,NaN,NaN,NaN

INPUT,0.351434946060181,0.0263786520808935,0.766088008880615,0.31371608376503,2.96185255050659,1.93081319332123,K,8
OUTPUT,NaN,NaN,NaN,NaN,NaN,NaN

INPUT,0.352441906929016,0.0261189844459295,0.769970238208771,0.287467330694199,2.95720458030701,1.95865535736084,K,9
OUTPUT,NaN,NaN,NaN,NaN,NaN,NaN

INPUT,0.362943381071091,0.0330391228199005,0.733475267887115,-2.70730042457581,3.13760256767273,-1.89632022380829,K,12
OUTPUT,NaN,NaN,NaN,NaN,NaN,NaN

INPUT,0.367599338293076,0.0328782722353935,0.744753658771515,-2.74484968185425,3.13728475570679,-1.84851026535034,K,13
OUTPUT,NaN,NaN,NaN,NaN,NaN,NaN

INPUT,0.372255325317383,0.0327174253761768,0.756032049655914,-2.78309631347656,3.13697504997253,-1.80139744281769,K,14
OUTPUT,NaN,NaN,NaN,NaN,NaN,NaN

INPUT,0.376911282539368,0.0325565785169601,0.767310440540314,-2.82189393043518,3.13667345046997,-1.75483560562134,K,15
OUTPUT,NaN,NaN,NaN,NaN,NaN,NaN

INPUT,0.381101667881012,0.0324118137359619,0.777461051940918,-2.8571925163269,3.13640975952148,-1.71331071853638,K,16
OUTPUT,NaN,NaN,NaN,NaN,NaN,NaN

INPUT,0.384360820055008,0.0322992205619812,0.785355925559998,-2.88485550880432,3.13620972633362,-1.6812219619751,K,17
OUTPUT,NaN,NaN,NaN,NaN,NaN,NaN

INPUT,0.386688828468323,0.0322187952697277,0.790995121002197,-2.90471196174622,3.13606977462769,-1.65839874744415,K,18
OUTPUT,NaN,NaN,NaN,NaN,NaN,NaN

INPUT,0.388085603713989,0.0321705415844917,0.794378638267517,-2.91666102409363,3.13598704338074,-1.644739985466,K,19
OUTPUT,NaN,NaN,NaN,NaN,NaN,NaN

INPUT,0.388551205396652,0.032154455780983,0.795506477355957,-2.920649766922,3.13595962524414,-1.6401926279068,K,20
OUTPUT,NaN,NaN,NaN,NaN,NaN,NaN

INPUT,0.35995164513588,0.0417284145951271,0.721595287322998,-2.18904542922974,3.10173678398132,-1.6722184419632,K,11
OUTPUT,NaN,NaN,NaN,NaN,NaN,NaN

INPUT,0.364782959222794,0.0425753556191921,0.732814431190491,-2.21770119667053,3.09725284576416,-1.64007711410522,K,12
OUTPUT,NaN,NaN,NaN,NaN,NaN,NaN

INPUT,0.36961430311203,0.0434222966432571,0.744033634662628,-2.24667882919312,3.0928099155426,-1.60825145244598,K,13
OUTPUT,NaN,NaN,NaN,NaN,NaN,NaN

INPUT,0.374445617198944,0.0442692339420319,0.755252778530121,-2.27589654922485,3.08841180801392,-1.57665944099426,K,14
OUTPUT,NaN,NaN,NaN,NaN,NaN,NaN

INPUT,0.379276931285858,0.0451161749660969,0.766471922397614,-2.30529808998108,3.08406281471252,-1.54524421691895,K,15
OUTPUT,NaN,NaN,NaN,NaN,NaN,NaN

INPUT,0.383625119924545,0.0458784215152264,0.776569187641144,-2.33188414573669,3.08019399642944,-1.51708853244781,K,16
OUTPUT,NaN,NaN,NaN,NaN,NaN,NaN

INPUT,0.387007057666779,0.0464712791144848,0.78442257642746,-2.3526291847229,3.07721662521362,-1.49525237083435,K,17
OUTPUT,NaN,NaN,NaN,NaN,NaN,NaN

INPUT,0.389422714710236,0.0468947514891624,0.790032207965851,-2.36747813224792,3.07510781288147,-1.47968363761902,K,18
OUTPUT,NaN,NaN,NaN,NaN,NaN,NaN

INPUT,0.390872120857239,0.0471488311886787,0.793397903442383,-2.37639856338501,3.07384967803955,-1.47035264968872,K,19
OUTPUT,NaN,NaN,NaN,NaN,NaN,NaN

INPUT,0.391355246305466,0.0472335256636143,0.79451984167099,-2.3793740272522,3.07343149185181,-1.46724390983582,K,20
OUTPUT,NaN,NaN,NaN,NaN,NaN,NaN

INPUT,0.365842998027802,0.0421274974942207,0.721546232700348,-2.08151292800903,3.07803463935852,-1.64698362350464,K,11
OUTPUT,NaN,NaN,NaN,NaN,NaN,NaN

INPUT,0.371367394924164,0.0430213026702404,0.732759654521942,-2.10591888427734,3.07077217102051,-1.62025249004364,K,12
OUTPUT,NaN,NaN,NaN,NaN,NaN,NaN

INPUT,0.376891821622849,0.0439151078462601,0.743973076343536,-2.1305468082428,3.06355619430542,-1.59373044967651,K,13
OUTPUT,NaN,NaN,NaN,NaN,NaN,NaN

INPUT,0.382416218519211,0.0448089092969894,0.755186498165131,-2.1553418636322,3.05639100074768,-1.56736099720001,K,14
OUTPUT,NaN,NaN,NaN,NaN,NaN,NaN

INPUT,0.387940615415573,0.0457027181982994,0.766399919986725,-2.18026638031006,3.04928159713745,-1.54110538959503,K,15
OUTPUT,NaN,NaN,NaN,NaN,NaN,NaN

INPUT,0.392912596464157,0.0465071424841881,0.77649199962616,-2.20278716087341,3.04293441772461,-1.51754987239838,K,16
OUTPUT,NaN,NaN,NaN,NaN,NaN,NaN

INPUT,0.396779656410217,0.0471328049898148,0.784341394901276,-2.22035193443298,3.03803372383118,-1.49926745891571,K,17
OUTPUT,NaN,NaN,NaN,NaN,NaN,NaN

INPUT,0.399541884660721,0.0475797057151794,0.789948105812073,-2.23292112350464,3.03455352783203,-1.48622608184814,K,18
OUTPUT,NaN,NaN,NaN,NaN,NaN,NaN

INPUT,0.401199191808701,0.0478478483855724,0.793312132358551,-2.24047088623047,3.03247380256653,-1.4784072637558,K,19
OUTPUT,NaN,NaN,NaN,NaN,NaN,NaN

INPUT,0.401751637458801,0.0479372292757034,0.79443347454071,-2.24298882484436,3.03178191184998,-1.47580194473267,K,20
OUTPUT,NaN,NaN,NaN,NaN,NaN,NaN

INPUT,0.362282484769821,0.0320850759744644,0.733297288417816,0.981364071369171,3.13347172737122,1.56339383125305,K,12
OUTPUT,NaN,NaN,NaN,NaN,NaN,NaN

INPUT,0.366849780082703,0.0318274237215519,0.744569182395935,0.941818058490753,3.13257336616516,1.58509385585785,K,13
OUTPUT,NaN,NaN,NaN,NaN,NaN,NaN

INPUT,0.371417075395584,0.0315697677433491,0.755841076374054,0.903882503509521,3.1316831111908,1.60840463638306,K,14
OUTPUT,NaN,NaN,NaN,NaN,NaN,NaN

INPUT,0.375984370708466,0.0313121154904366,0.767112970352173,0.867147505283356,3.13080143928528,1.63291621208191,K,15
OUTPUT,NaN,NaN,NaN,NaN,NaN,NaN

INPUT,0.380094945430756,0.0310802273452282,0.777257680892944,0.834877669811249,3.1300163269043,1.65576863288879,K,16
OUTPUT,NaN,NaN,NaN,NaN,NaN,NaN

INPUT,0.38329204916954,0.0308998692780733,0.785148024559021,0.810196459293365,3.1294116973877,1.6739604473114,K,17
OUTPUT,NaN,NaN,NaN,NaN,NaN,NaN

INPUT,0.385575711727142,0.0307710431516171,0.790784001350403,0.792756795883179,3.12898302078247,1.68714451789856,K,18
OUTPUT,NaN,NaN,NaN,NaN,NaN,NaN

INPUT,0.386945903301239,0.0306937471032143,0.794165551662445,0.782360911369324,3.12872743606567,1.69512283802032,K,19
OUTPUT,NaN,NaN,NaN,NaN,NaN,NaN

INPUT,0.38740262389183,0.030667981132865,0.795292735099792,0.778906226158142,3.12864232063293,1.69779288768768,K,20
OUTPUT,NaN,NaN,NaN,NaN,NaN,NaN

INPUT,0.359069555997849,0.0349706672132015,0.733145117759705,0.429703414440155,3.12641429901123,1.44279932975769,K,12
OUTPUT,NaN,NaN,NaN,NaN,NaN,NaN

INPUT,0.363299310207367,0.0350169390439987,0.744399905204773,0.373340725898743,3.12488412857056,1.49306190013885,K,13
OUTPUT,NaN,NaN,NaN,NaN,NaN,NaN

INPUT,0.367529034614563,0.0350632146000862,0.755654692649841,0.317482739686966,3.12340116500854,1.543830037117,K,14
OUTPUT,NaN,NaN,NaN,NaN,NaN,NaN

INPUT,0.371758759021759,0.0351094864308834,0.76690948009491,0.262001842260361,3.1219699382782,1.59497690200806,K,15
OUTPUT,NaN,NaN,NaN,NaN,NaN,NaN

INPUT,0.375565528869629,0.0351511351764202,0.777038812637329,0.212318003177643,3.12072944641113,1.6412593126297,K,16
OUTPUT,NaN,NaN,NaN,NaN,NaN,NaN

INPUT,0.378526329994202,0.0351835265755653,0.784917116165161,0.173806309700012,3.11979746818542,1.67738890647888,K,17
OUTPUT,NaN,NaN,NaN,NaN,NaN,NaN

INPUT,0.380641222000122,0.0352066606283188,0.790544509887695,0.146357581019402,3.11915016174316,1.70325565338135,K,18
OUTPUT,NaN,NaN,NaN,NaN,NaN,NaN

INPUT,0.381910115480423,0.0352205447852612,0.793920993804932,0.129909500479698,3.11876964569092,1.71879720687866,K,19
OUTPUT,NaN,NaN,NaN,NaN,NaN,NaN

INPUT,0.382333099842072,0.0352251715958118,0.795046448707581,0.1244300827384,3.11864399909973,1.72398102283478,K,20
OUTPUT,NaN,NaN,NaN,NaN,NaN,NaN

INPUT,0.362372040748596,0.0376661606132984,0.721829950809479,-2.42239189147949,3.0973334312439,-1.70892143249512,K,11
OUTPUT,NaN,NaN,NaN,NaN,NaN,NaN

INPUT,0.367487698793411,0.0380350723862648,0.733077704906464,-2.46294975280762,3.09248328208923,-1.66553425788879,K,12
OUTPUT,NaN,NaN,NaN,NaN,NaN,NaN

INPUT,0.372603386640549,0.0384039841592312,0.744325399398804,-2.50376486778259,3.08771967887878,-1.62239444255829,K,13
OUTPUT,NaN,NaN,NaN,NaN,NaN,NaN

INPUT,0.377719044685364,0.0387728996574879,0.755573153495789,-2.54477262496948,3.08305072784424,-1.57943665981293,K,14
OUTPUT,NaN,NaN,NaN,NaN,NaN,NaN

INPUT,0.382834702730179,0.0391418114304543,0.766820907592773,-2.58592867851257,3.07848477363586,-1.53661584854126,K,15
OUTPUT,NaN,NaN,NaN,NaN,NaN,NaN

INPUT,0.387438833713531,0.039473831653595,0.776943922042847,-2.62307000160217,3.07447028160095,-1.4981677532196,K,16
OUTPUT,NaN,NaN,NaN,NaN,NaN,NaN

INPUT,0.39101979136467,0.0397320725023746,0.784817337989807,-2.65201234817505,3.07141399383545,-1.46831130981445,K,17
OUTPUT,NaN,NaN,NaN,NaN,NaN,NaN

INPUT,0.393577635288239,0.0399165265262127,0.7904412150383,-2.67271065711975,3.06926774978638,-1.44700682163239,K,18
OUTPUT,NaN,NaN,NaN,NaN,NaN,NaN

INPUT,0.395112335681915,0.0400272011756897,0.793815493583679,-2.68513894081116,3.06799507141113,-1.43423175811768,K,19
OUTPUT,NaN,NaN,NaN,NaN,NaN,NaN

INPUT,0.3956238925457,0.0400640927255154,0.794940292835236,-2.6892831325531,3.06757354736328,-1.42997467517853,K,20
OUTPUT,NaN,NaN,NaN,NaN,NaN,NaN

INPUT,0.360771626234055,0.0296611580997705,0.733924806118011,0.650703310966492,3.12987923622131,1.52694833278656,K,12
OUTPUT,NaN,NaN,NaN,NaN,NaN,NaN

INPUT,0.365180492401123,0.0291484799236059,0.745261669158936,0.599670231342316,3.12865495681763,1.56813275814056,K,13
OUTPUT,NaN,NaN,NaN,NaN,NaN,NaN

INPUT,0.369589328765869,0.0286358017474413,0.75659841299057,0.549480259418488,3.12745833396912,1.61016094684601,K,14
OUTPUT,NaN,NaN,NaN,NaN,NaN,NaN

INPUT,0.373998194932938,0.0281231235712767,0.767935276031494,0.499920248985291,3.12629127502441,1.65282011032104,K,15
OUTPUT,NaN,NaN,NaN,NaN,NaN,NaN

INPUT,0.377966165542603,0.0276617109775543,0.778138399124146,0.45573228597641,3.12526845932007,1.69163000583649,K,16
OUTPUT,NaN,NaN,NaN,NaN,NaN,NaN

INPUT,0.381052374839783,0.0273028369992971,0.786074161529541,0.421583443880081,3.12449240684509,1.72203552722931,K,17
OUTPUT,NaN,NaN,NaN,NaN,NaN,NaN

INPUT,0.383256793022156,0.0270464979112148,0.791742563247681,0.397291243076324,3.12394881248474,1.74385368824005,K,18
OUTPUT,NaN,NaN,NaN,NaN,NaN,NaN

INPUT,0.384579449892044,0.0268926937133074,0.795143604278564,0.382751524448395,3.12362718582153,1.75698041915894,K,19
OUTPUT,NaN,NaN,NaN,NaN,NaN,NaN

INPUT,0.385020345449448,0.0268414262682199,0.796277284622192,0.377910494804382,3.12352061271667,1.76136147975922,K,20
OUTPUT,NaN,NaN,NaN,NaN,NaN,NaN

INPUT,0.35501828789711,0.033783096820116,0.732113122940063,0.170136913657188,3.11424398422241,1.21402204036713,K,12
OUTPUT,NaN,NaN,NaN,NaN,NaN,NaN

INPUT,0.358821392059326,0.0337043963372707,0.743259191513062,0.114313781261444,3.11157083511353,1.2680755853653,K,13
OUTPUT,NaN,NaN,NaN,NaN,NaN,NaN

INPUT,0.362624496221542,0.0336256995797157,0.754405319690704,0.0586311817169189,3.1089882850647,1.32227396965027,K,14
OUTPUT,NaN,NaN,NaN,NaN,NaN,NaN

INPUT,0.366427630186081,0.0335469990968704,0.765551388263702,0.00305316690355539,3.10650396347046,1.37658190727234,K,15
OUTPUT,NaN,NaN,NaN,NaN,NaN,NaN

INPUT,0.369850426912308,0.0334761701524258,0.775582849979401,-0.0468977354466915,3.10435843467712,1.42553186416626,K,16
OUTPUT,NaN,NaN,NaN,NaN,NaN,NaN

INPUT,0.372512608766556,0.0334210805594921,0.783385157585144,-0.0857124328613281,3.1027524471283,1.46364307403564,K,17
OUTPUT,NaN,NaN,NaN,NaN,NaN,NaN

INPUT,0.374414175748825,0.0333817303180695,0.788958191871643,-0.113420791924,3.10164022445679,1.49088299274445,K,18
OUTPUT,NaN,NaN,NaN,NaN,NaN,NaN

INPUT,0.375555098056793,0.0333581231534481,0.792302012443542,-0.130039945244789,3.10098743438721,1.50723338127136,K,19
OUTPUT,NaN,NaN,NaN,NaN,NaN,NaN

INPUT,0.375935405492783,0.0333502516150475,0.793416619300842,-0.135578811168671,3.10077214241028,1.51268446445465,K,20
OUTPUT,NaN,NaN,NaN,NaN,NaN,NaN

INPUT,0.362264931201935,0.0358040407299995,0.733588039875031,-2.50716090202332,3.13661289215088,-1.81218755245209,K,12
OUTPUT,NaN,NaN,NaN,NaN,NaN,NaN

INPUT,0.366831392049789,0.0359380766749382,0.744888603687286,-2.53420495986938,3.13620018959045,-1.76609790325165,K,13
OUTPUT,NaN,NaN,NaN,NaN,NaN,NaN

INPUT,0.371397852897644,0.0360721088945866,0.756189167499542,-2.56259322166443,3.13579440116882,-1.7213522195816,K,14
OUTPUT,NaN,NaN,NaN,NaN,NaN,NaN

INPUT,0.375964343547821,0.0362061448395252,0.767489731311798,-2.59204292297363,3.13539600372314,-1.67766797542572,K,15
OUTPUT,NaN,NaN,NaN,NaN,NaN,NaN

INPUT,0.380074173212051,0.03632677718997,0.777660191059113,-2.61928129196167,3.13504433631897,-1.63908553123474,K,16
OUTPUT,NaN,NaN,NaN,NaN,NaN,NaN

INPUT,0.383270680904388,0.0364206023514271,0.785570621490479,-2.6408679485321,3.13477563858032,-1.60947823524475,K,17
OUTPUT,NaN,NaN,NaN,NaN,NaN,NaN

INPUT,0.385553926229477,0.0364876203238964,0.791220843791962,-2.65647411346436,3.13458633422852,-1.58851730823517,K,18
OUTPUT,NaN,NaN,NaN,NaN,NaN,NaN

INPUT,0.386923849582672,0.036527831107378,0.794611036777496,-2.66590595245361,3.13447380065918,-1.57600879669189,K,19
OUTPUT,NaN,NaN,NaN,NaN,NaN,NaN

INPUT,0.387380510568619,0.0365412347018719,0.795741081237793,-2.66906046867371,3.13443636894226,-1.57185006141663,K,20
OUTPUT,NaN,NaN,NaN,NaN,NaN,NaN

INPUT,0.363484531641006,0.0331614315509796,0.725368022918701,-2.74830460548401,3.13674187660217,-1.98650312423706,K,4
OUTPUT,NaN,NaN,NaN,NaN,NaN,NaN

INPUT,0.37009072303772,0.0328883454203606,0.738640069961548,-2.79122090339661,3.13650465011597,-1.89212822914124,K,5
OUTPUT,NaN,NaN,NaN,NaN,NaN,NaN

INPUT,0.376696944236755,0.0326152555644512,0.75191205739975,-2.83633708953857,3.13628840446472,-1.79995334148407,K,6
OUTPUT,NaN,NaN,NaN,NaN,NaN,NaN

INPUT,0.381835103034973,0.0324028544127941,0.762234747409821,-2.87266111373901,3.13613557815552,-1.72949516773224,K,7
OUTPUT,NaN,NaN,NaN,NaN,NaN,NaN

INPUT,0.385505199432373,0.0322511419653893,0.769608080387115,-2.89916038513184,3.13603496551514,-1.67972159385681,K,8
OUTPUT,NaN,NaN,NaN,NaN,NaN,NaN

INPUT,0.387707263231277,0.032160110771656,0.774032056331635,-2.91525483131409,3.13597798347473,-1.65005230903625,K,9
OUTPUT,NaN,NaN,NaN,NaN,NaN,NaN

INPUT,0.368465304374695,0.0424994379281998,0.731099247932434,-2.24376058578491,3.09362149238586,-1.63213980197906,K,5
OUTPUT,NaN,NaN,NaN,NaN,NaN,NaN

INPUT,0.376350969076157,0.0438650920987129,0.746747434139252,-2.29165577888489,3.08615708351135,-1.57115530967712,K,6
OUTPUT,NaN,NaN,NaN,NaN,NaN,NaN

INPUT,0.382484287023544,0.0449272617697716,0.758918166160583,-2.32982110977173,3.08049011230469,-1.52503430843353,K,7
OUTPUT,NaN,NaN,NaN,NaN,NaN,NaN

INPUT,0.386865228414536,0.0456859581172466,0.767611563205719,-2.35732126235962,3.07653403282166,-1.4927237033844,K,8
OUTPUT,NaN,NaN,NaN,NaN,NaN,NaN

INPUT,0.38949379324913,0.0461411736905575,0.772827625274658,-2.37385964393616,3.07420182228088,-1.47358322143555,K,9
OUTPUT,NaN,NaN,NaN,NaN,NaN,NaN

INPUT,0.375405669212341,0.0424946323037148,0.731397569179535,-2.12480926513672,3.06498861312866,-1.61115872859955,K,5
OUTPUT,NaN,NaN,NaN,NaN,NaN,NaN

INPUT,0.384398877620697,0.0438365675508976,0.746933877468109,-2.16678977012634,3.05280804634094,-1.5614767074585,K,6
OUTPUT,NaN,NaN,NaN,NaN,NaN,NaN

INPUT,0.391393601894379,0.0448802970349789,0.759017646312714,-2.19999718666077,3.04349374771118,-1.52360701560974,K,7
OUTPUT,NaN,NaN,NaN,NaN,NaN,NaN

INPUT,0.396389842033386,0.0456258170306683,0.767648935317993,-2.22386312484741,3.03694677352905,-1.49692833423615,K,8
OUTPUT,NaN,NaN,NaN,NaN,NaN,NaN

INPUT,0.399387568235397,0.0460731275379658,0.772827684879303,-2.23820662498474,3.03306674957275,-1.48106551170349,K,9
OUTPUT,NaN,NaN,NaN,NaN,NaN,NaN

INPUT,0.371230363845825,0.037847988307476,0.731534600257874,-2.49466753005981,3.08872437477112,-1.65008127689362,K,5
OUTPUT,NaN,NaN,NaN,NaN,NaN,NaN

INPUT,0.379533141851425,0.03841308131814,0.7471804022789,-2.56368041038513,3.08080077171326,-1.56982588768005,K,6
OUTPUT,NaN,NaN,NaN,NaN,NaN,NaN

INPUT,0.385990828275681,0.0388525985181332,0.759349286556244,-2.61827540397644,3.07486867904663,-1.50829946994781,K,7
OUTPUT,NaN,NaN,NaN,NaN,NaN,NaN

INPUT,0.390603482723236,0.0391665399074554,0.768041372299194,-2.65762877464294,3.07076740264893,-1.46469509601593,K,8
OUTPUT,NaN,NaN,NaN,NaN,NaN,NaN

INPUT,0.393371075391769,0.0393549017608166,0.773256599903107,-2.68135666847229,3.06836462020874,-1.43864262104034,K,9
OUTPUT,NaN,NaN,NaN,NaN,NaN,NaN

INPUT,0.362699687480927,0.0323743335902691,0.724712908267975,1.11067652702332,3.13438630104065,1.65719139575958,K,4
OUTPUT,NaN,NaN,NaN,NaN,NaN,NaN

INPUT,0.369287490844727,0.03197081387043,0.73810213804245,1.00374984741211,3.13284921646118,1.64922749996185,K,5
OUTPUT,NaN,NaN,NaN,NaN,NaN,NaN

INPUT,0.375875294208527,0.0315672941505909,0.751491367816925,0.914007067680359,3.13131332397461,1.65844833850861,K,6
OUTPUT,NaN,NaN,NaN,NaN,NaN,NaN

INPUT,0.380999147891998,0.0312534458935261,0.761905193328857,0.85188227891922,3.13013195991516,1.67298650741577,K,7
OUTPUT,NaN,NaN,NaN,NaN,NaN,NaN

INPUT,0.384659051895142,0.0310292690992355,0.769343674182892,0.810519754886627,3.12929964065552,1.68608164787292,K,8
OUTPUT,NaN,NaN,NaN,NaN,NaN,NaN

INPUT,0.386854976415634,0.0308947637677193,0.773806750774384,0.786697387695313,3.1288058757782,1.69477534294128,K,9
OUTPUT,NaN,NaN,NaN,NaN,NaN,NaN

INPUT,0.359420597553253,0.0350331515073776,0.723951101303101,0.471823215484619,3.12817454338074,1.4237447977066,K,4
OUTPUT,NaN,NaN,NaN,NaN,NaN,NaN

INPUT,0.365606218576431,0.035099059343338,0.737477719783783,0.377079367637634,3.12547302246094,1.50042676925659,K,5
OUTPUT,NaN,NaN,NaN,NaN,NaN,NaN

INPUT,0.371791839599609,0.0351649634540081,0.751004338264465,0.284885942935944,3.12288880348206,1.57966315746307,K,6
OUTPUT,NaN,NaN,NaN,NaN,NaN,NaN

INPUT,0.376602858304977,0.0352162234485149,0.761525094509125,0.214276477694511,3.12097239494324,1.64239048957825,K,7
OUTPUT,NaN,NaN,NaN,NaN,NaN,NaN

INPUT,0.380039304494858,0.0352528356015682,0.769039869308472,0.164253920316696,3.11965918540955,1.68761014938354,K,8
OUTPUT,NaN,NaN,NaN,NaN,NaN,NaN

INPUT,0.38210117816925,0.0352748036384583,0.773548781871796,0.134371638298035,3.11889481544495,1.71487390995026,K,9
OUTPUT,NaN,NaN,NaN,NaN,NaN,NaN

INPUT,0.361232846975327,0.0300836656242609,0.725119650363922,0.72717010974884,3.13125538825989,1.55058288574219,K,4
OUTPUT,NaN,NaN,NaN,NaN,NaN,NaN

INPUT,0.367618441581726,0.0292607266455889,0.738662242889404,0.626205563545227,3.12911057472229,1.59786081314087,K,5
OUTPUT,NaN,NaN,NaN,NaN,NaN,NaN

INPUT,0.374004065990448,0.0284377858042717,0.752204835414886,0.533032655715942,3.12702775001526,1.65293252468109,K,6
OUTPUT,NaN,NaN,NaN,NaN,NaN,NaN

INPUT,0.37897065281868,0.0277977231889963,0.762737929821014,0.463913559913635,3.12545967102051,1.6991161108017,K,7
OUTPUT,NaN,NaN,NaN,NaN,NaN,NaN

INPUT,0.382518231868744,0.0273405332118273,0.770261585712433,0.41580405831337,3.12437105178833,1.73336660861969,K,8
OUTPUT,NaN,NaN,NaN,NaN,NaN,NaN

INPUT,0.384646773338318,0.0270662195980549,0.774775803089142,0.387339740991592,3.1237313747406,1.75431871414185,K,9
OUTPUT,NaN,NaN,NaN,NaN,NaN,NaN

INPUT,0.361003696918488,0.033687949180603,0.735819101333618,0.0996735021471977,3.11224746704102,1.25711834430695,K,5
OUTPUT,NaN,NaN,NaN,NaN,NaN,NaN

INPUT,0.366670221090317,0.0335266627371311,0.749360203742981,0.0157975200563669,3.10787558555603,1.34992563724518,K,6
OUTPUT,NaN,NaN,NaN,NaN,NaN,NaN

INPUT,0.371077537536621,0.033401221036911,0.759892165660858,-0.050156194716692,3.10465502738953,1.42140090465546,K,7
OUTPUT,NaN,NaN,NaN,NaN,NaN,NaN

INPUT,0.374225616455078,0.0333116166293621,0.767415046691895,-0.0975406616926193,3.1024603843689,1.47218501567841,K,8
OUTPUT,NaN,NaN,NaN,NaN,NaN,NaN

INPUT,0.37611448764801,0.0332578532397747,0.771928787231445,-0.126059532165527,3.10118842124939,1.5025691986084,K,9
OUTPUT,NaN,NaN,NaN,NaN,NaN,NaN

INPUT,0.362832337617874,0.0357342511415482,0.725429594516754,-2.5669310092926,3.13581252098083,-1.91412580013275,K,4
OUTPUT,NaN,NaN,NaN,NaN,NaN,NaN

INPUT,0.3692966401577,0.0359306186437607,0.738747477531433,-2.58865547180176,3.13542699813843,-1.81821393966675,K,5
OUTPUT,NaN,NaN,NaN,NaN,NaN,NaN

INPUT,0.375760972499847,0.0361269898712635,0.752065360546112,-2.6146776676178,3.13505530357361,-1.72659945487976,K,6
OUTPUT,NaN,NaN,NaN,NaN,NaN,NaN

INPUT,0.380788773298264,0.0362797230482101,0.762423694133759,-2.63734483718872,3.13477754592896,-1.65777146816254,K,7
OUTPUT,NaN,NaN,NaN,NaN,NaN,NaN

INPUT,0.384380042552948,0.0363888181746006,0.769822537899017,-2.65463900566101,3.13458561897278,-1.60971176624298,K,8
OUTPUT,NaN,NaN,NaN,NaN,NaN,NaN

INPUT,0.386534810066223,0.0364542752504349,0.774261832237244,-2.66540908813477,3.13447332382202,-1.58126950263977,K,9
OUTPUT,NaN,NaN,NaN,NaN,NaN,NaN

INPUT,0.363301903009415,0.0354564860463142,0.72125631570816,-2.50506711006165,3.10057330131531,-1.88367557525635,K,11
OUTPUT,NaN,NaN,NaN,NaN,NaN,NaN

INPUT,0.36852553486824,0.0355647802352905,0.732439696788788,-2.54017949104309,3.09604120254517,-1.84568130970001,K,12
OUTPUT,NaN,NaN,NaN,NaN,NaN,NaN

INPUT,0.373749166727066,0.0356730781495571,0.743623077869415,-2.57555460929871,3.0915699005127,-1.80794250965118,K,13
OUTPUT,NaN,NaN,NaN,NaN,NaN,NaN

INPUT,0.378972798585892,0.0357813723385334,0.754806458950043,-2.61112666130066,3.08716535568237,-1.77039241790771,K,14
OUTPUT,NaN,NaN,NaN,NaN,NaN,NaN

INPUT,0.384196430444717,0.0358896702528,0.76598984003067,-2.64685010910034,3.08283352851868,-1.73298501968384,K,15
OUTPUT,NaN,NaN,NaN,NaN,NaN,NaN

INPUT,0.388897687196732,0.0359871350228786,0.776054859161377,-2.67910385131836,3.07900166511536,-1.69941318035126,K,16
OUTPUT,NaN,NaN,NaN,NaN,NaN,NaN

INPUT,0.392554253339767,0.0360629446804523,0.783883273601532,-2.70424580574036,3.07606816291809,-1.67335200309753,K,17
OUTPUT,NaN,NaN,NaN,NaN,NaN,NaN

INPUT,0.39516606926918,0.0361170917749405,0.789474964141846,-2.72222995758057,3.07399892807007,-1.65475952625275,K,18
OUTPUT,NaN,NaN,NaN,NaN,NaN,NaN

INPUT,0.39673313498497,0.0361495800316334,0.792829930782318,-2.73302984237671,3.07276797294617,-1.64361226558685,K,19
OUTPUT,NaN,NaN,NaN,NaN,NaN,NaN

INPUT,0.397255510091782,0.036160409450531,0.793948292732239,-2.73663139343262,3.07235956192017,-1.63989770412445,K,20
OUTPUT,NaN,NaN,NaN,NaN,NaN,NaN

INPUT,0.35941880941391,0.0326004922389984,0.732736468315125,-2.36817669868469,3.13944005966187,-1.79267632961273,K,12
OUTPUT,NaN,NaN,NaN,NaN,NaN,NaN

INPUT,0.363685339689255,0.0323971696197987,0.743948340415955,-2.37181353569031,3.13930416107178,-1.73575508594513,K,13
OUTPUT,NaN,NaN,NaN,NaN,NaN,NaN

INPUT,0.367951840162277,0.0321938507258892,0.755160272121429,-2.37843060493469,3.13916897773743,-1.68181419372559,K,14
OUTPUT,NaN,NaN,NaN,NaN,NaN,NaN

INPUT,0.372218370437622,0.0319905318319798,0.76637214422226,-2.387540102005,3.13903474807739,-1.63036572933197,K,15
OUTPUT,NaN,NaN,NaN,NaN,NaN,NaN

INPUT,0.376058250665665,0.031807541847229,0.776462852954865,-2.39754486083984,3.13891506195068,-1.58586835861206,K,16
OUTPUT,NaN,NaN,NaN,NaN,NaN,NaN

INPUT,0.379044830799103,0.0316652208566666,0.784311175346375,-2.40635228157043,3.13882279396057,-1.55228531360626,K,17
OUTPUT,NaN,NaN,NaN,NaN,NaN,NaN

INPUT,0.381178110837936,0.0315635576844215,0.78991711139679,-2.41313481330872,3.1387574672699,-1.52878880500793,K,18
OUTPUT,NaN,NaN,NaN,NaN,NaN,NaN

INPUT,0.382458060979843,0.0315025635063648,0.793280720710754,-2.41738629341125,3.1387186050415,-1.51487278938293,K,19
OUTPUT,NaN,NaN,NaN,NaN,NaN,NaN

INPUT,0.382884711027145,0.0314822308719158,0.794401884078979,-2.41883254051208,3.13870549201965,-1.51026320457458,K,20
OUTPUT,NaN,NaN,NaN,NaN,NaN,NaN

INPUT,0.367613852024078,0.0359952226281166,0.721821904182434,-2.63726091384888,3.0842170715332,-1.74319803714752,K,11
OUTPUT,NaN,NaN,NaN,NaN,NaN,NaN

INPUT,0.373345673084259,0.036167174577713,0.733070194721222,-2.68888473510742,3.07811141014099,-1.68959474563599,K,12
OUTPUT,NaN,NaN,NaN,NaN,NaN,NaN

INPUT,0.37907749414444,0.0363391265273094,0.744318544864655,-2.74069023132324,3.072181224823,-1.63615310192108,K,13
OUTPUT,NaN,NaN,NaN,NaN,NaN,NaN

INPUT,0.38480931520462,0.0365110784769058,0.755566895008087,-2.7926332950592,3.06644320487976,-1.58282780647278,K,14
OUTPUT,NaN,NaN,NaN,NaN,NaN,NaN

INPUT,0.390541136264801,0.0366830341517925,0.76681524515152,-2.84468412399292,3.0609130859375,-1.5295877456665,K,15
OUTPUT,NaN,NaN,NaN,NaN,NaN,NaN

INPUT,0.395699769258499,0.0368377901613712,0.776938736438751,-2.89160418510437,3.05612635612488,-1.48172640800476,K,16
OUTPUT,NaN,NaN,NaN,NaN,NaN,NaN

INPUT,0.399712055921555,0.0369581580162048,0.784812569618225,-2.92813849449158,3.05253553390503,-1.4445286989212,K,17
OUTPUT,NaN,NaN,NaN,NaN,NaN,NaN

INPUT,0.402577966451645,0.037044133991003,0.790436744689941,-2.95425367355347,3.050044298172,-1.41797113418579,K,18
OUTPUT,NaN,NaN,NaN,NaN,NaN,NaN

INPUT,0.40429750084877,0.0370957180857658,0.793811202049255,-2.96992993354797,3.04857993125916,-1.40204060077667,K,19
OUTPUT,NaN,NaN,NaN,NaN,NaN,NaN

INPUT,0.404870688915253,0.0371129140257835,0.794936060905457,-2.97515630722046,3.0480968952179,-1.39673125743866,K,20
OUTPUT,NaN,NaN,NaN,NaN,NaN,NaN

INPUT,0.372343122959137,0.035301111638546,0.730839014053345,-2.56654930114746,3.09253668785095,-1.83094120025635,K,5
OUTPUT,NaN,NaN,NaN,NaN,NaN,NaN

INPUT,0.380853801965714,0.0354142263531685,0.746375620365143,-2.62689781188965,3.08505439758301,-1.76130902767181,K,6
OUTPUT,NaN,NaN,NaN,NaN,NaN,NaN

INPUT,0.387473195791245,0.035502202808857,0.758459627628326,-2.67460632324219,3.07939767837524,-1.70790314674377,K,7
OUTPUT,NaN,NaN,NaN,NaN,NaN,NaN

INPUT,0.392201364040375,0.0355650410056114,0.76709109544754,-2.708984375,3.07545328140259,-1.67004561424255,K,8
OUTPUT,NaN,NaN,NaN,NaN,NaN,NaN

INPUT,0.395038247108459,0.0356027446687222,0.77226996421814,-2.72970867156982,3.07312774658203,-1.6474244594574,K,9
OUTPUT,NaN,NaN,NaN,NaN,NaN,NaN

INPUT,0.368122428655624,0.0357547700405121,0.716380178928375,-2.63971638679504,3.08419728279114,-1.76823616027832,K,4
OUTPUT,NaN,NaN,NaN,NaN,NaN,NaN

INPUT,0.377362489700317,0.0360323935747147,0.731903374195099,-2.72652983665466,3.07375049591064,-1.66801035404205,K,5
OUTPUT,NaN,NaN,NaN,NaN,NaN,NaN

INPUT,0.386602520942688,0.0363100208342075,0.747426569461823,-2.81512761116028,3.06389427185059,-1.56950390338898,K,6
OUTPUT,NaN,NaN,NaN,NaN,NaN,NaN

INPUT,0.393789231777191,0.0365259498357773,0.75950014591217,-2.88483285903931,3.05669236183167,-1.4936363697052,K,7
OUTPUT,NaN,NaN,NaN,NaN,NaN,NaN

INPUT,0.398922592401505,0.0366801880300045,0.768124163150787,-2.93493032455444,3.0518205165863,-1.43972682952881,K,8
OUTPUT,NaN,NaN,NaN,NaN,NaN,NaN

INPUT,0.40200263261795,0.0367727316915989,0.773298561573029,-2.96508884429932,3.0490128993988,-1.40747046470642,K,9
OUTPUT,NaN,NaN,NaN,NaN,NaN,NaN

INPUT,0.359665006399155,0.0327396877110004,0.723726451396942,-2.53263235092163,3.13862061500549,-1.9925035238266,K,4
OUTPUT,NaN,NaN,NaN,NaN,NaN,NaN

INPUT,0.365799933671951,0.0323967188596725,0.737140536308289,-2.50432443618774,3.13865852355957,-1.86628484725952,K,5
OUTPUT,NaN,NaN,NaN,NaN,NaN,NaN

INPUT,0.371934860944748,0.0320537537336349,0.75055468082428,-2.47427797317505,3.13868570327759,-1.73832762241364,K,6
OUTPUT,NaN,NaN,NaN,NaN,NaN,NaN

INPUT,0.376706480979919,0.0317870043218136,0.760987877845764,-2.45016121864319,3.13869905471802,-1.63835740089417,K,7
OUTPUT,NaN,NaN,NaN,NaN,NaN,NaN

INPUT,0.380114763975143,0.0315964668989182,0.768440127372742,-2.43275737762451,3.13870406150818,-1.56706511974335,K,8
OUTPUT,NaN,NaN,NaN,NaN,NaN,NaN

INPUT,0.382159739732742,0.031482145190239,0.772911489009857,-2.4223096370697,3.13870549201965,-1.52443766593933,K,9
OUTPUT,NaN,NaN,NaN,NaN,NaN,NaN

INPUT,0.363469183444977,0.0360350757837296,0.721570014953613,-2.32240796089172,3.10111045837402,-1.64220869541168,K,11
OUTPUT,NaN,NaN,NaN,NaN,NaN,NaN

INPUT,0.36871337890625,0.0362117812037468,0.732788503170013,-2.36061120033264,3.09665608406067,-1.60038650035858,K,12
OUTPUT,NaN,NaN,NaN,NaN,NaN,NaN

INPUT,0.373957544565201,0.036388486623764,0.744006931781769,-2.39914274215698,3.09227323532104,-1.55888450145721,K,13
OUTPUT,NaN,NaN,NaN,NaN,NaN,NaN

INPUT,0.379201710224152,0.0365651920437813,0.755225419998169,-2.43791913986206,3.08796954154968,-1.51761877536774,K,14
OUTPUT,NaN,NaN,NaN,NaN,NaN,NaN

INPUT,0.384445905685425,0.0367418974637985,0.766443848609924,-2.47688317298889,3.08375144004822,-1.47653198242188,K,15
OUTPUT,NaN,NaN,NaN,NaN,NaN,NaN

INPUT,0.389165669679642,0.0369009338319302,0.776540458202362,-2.51207828521729,3.08003401756287,-1.43967258930206,K,16
OUTPUT,NaN,NaN,NaN,NaN,NaN,NaN

INPUT,0.392836570739746,0.03702462464571,0.78439337015152,-2.53952074050903,3.07719779014587,-1.41106724739075,K,17
OUTPUT,NaN,NaN,NaN,NaN,NaN,NaN

INPUT,0.395458668470383,0.0371129773557186,0.790002584457397,-2.55915427207947,3.07520270347595,-1.39066350460052,K,18
OUTPUT,NaN,NaN,NaN,NaN,NaN,NaN

INPUT,0.397031903266907,0.037165991961956,0.79336816072464,-2.57094573974609,3.07401823997498,-1.37843143939972,K,19
OUTPUT,NaN,NaN,NaN,NaN,NaN,NaN

INPUT,0.397556334733963,0.0371836610138416,0.794489979743958,-2.57487821578979,3.0736255645752,-1.37435567378998,K,20
OUTPUT,NaN,NaN,NaN,NaN,NaN,NaN

INPUT,0.350711494684219,0.00969803892076015,0.743356823921204,1.09160125255585,3.02067875862122,1.49989020824432,K,13
OUTPUT,NaN,NaN,NaN,NaN,NaN,NaN

INPUT,0.35374242067337,0.00733292242512107,0.754512369632721,1.07156264781952,3.00927758216858,1.51885497570038,K,14
OUTPUT,NaN,NaN,NaN,NaN,NaN,NaN

INPUT,0.356773316860199,0.00496780406683683,0.765667915344238,1.05165982246399,2.99796414375305,1.53785645961761,K,15
OUTPUT,NaN,NaN,NaN,NaN,NaN,NaN

INPUT,0.359501123428345,0.00283919530920684,0.775707960128784,1.03385961055756,2.9878671169281,1.55496108531952,K,16
OUTPUT,NaN,NaN,NaN,NaN,NaN,NaN

INPUT,0.361622780561447,0.00118361413478851,0.783516883850098,1.02008831501007,2.98007583618164,1.56825304031372,K,17
OUTPUT,NaN,NaN,NaN,NaN,NaN,NaN

INPUT,0.363138228654861,1.05392609839328E-06,0.789094626903534,1.01029145717621,2.97454643249512,1.57773554325104,K,18
OUTPUT,NaN,NaN,NaN,NaN,NaN,NaN

INPUT,0.36404749751091,-0.000708480889443308,0.792441308498383,1.00442957878113,2.97124361991882,1.58341908454895,K,19
OUTPUT,NaN,NaN,NaN,NaN,NaN,NaN

INPUT,0.364350587129593,-0.000944992527365685,0.793556869029999,1.00247836112976,2.9701452255249,1.58531248569489,K,20
OUTPUT,NaN,NaN,NaN,NaN,NaN,NaN

INPUT,0.367151468992233,0.0353991203010082,0.720628440380096,-2.3784921169281,3.07954263687134,-1.67337763309479,K,11
OUTPUT,NaN,NaN,NaN,NaN,NaN,NaN

INPUT,0.372825294733047,0.0355002693831921,0.731742262840271,-2.41857051849365,3.07270693778992,-1.63045942783356,K,12
OUTPUT,NaN,NaN,NaN,NaN,NaN,NaN

INPUT,0.378499120473862,0.0356014184653759,0.74285614490509,-2.45891308784485,3.06598997116089,-1.58778584003448,K,13
OUTPUT,NaN,NaN,NaN,NaN,NaN,NaN

INPUT,0.384172976016998,0.0357025675475597,0.753969967365265,-2.49945473670959,3.05940294265747,-1.54529058933258,K,14
OUTPUT,NaN,NaN,NaN,NaN,NaN,NaN

INPUT,0.389846801757813,0.0358037166297436,0.765083849430084,-2.5401508808136,3.05295729637146,-1.50292766094208,K,15
OUTPUT,NaN,NaN,NaN,NaN,NaN,NaN

INPUT,0.39495325088501,0.0358947515487671,0.775086283683777,-2.5768837928772,3.04728651046753,-1.46488726139069,K,16
OUTPUT,NaN,NaN,NaN,NaN,NaN,NaN

INPUT,0.398924946784973,0.0359655544161797,0.78286600112915,-2.6055121421814,3.04296636581421,-1.4353449344635,K,17
OUTPUT,NaN,NaN,NaN,NaN,NaN,NaN

INPUT,0.40176185965538,0.0360161289572716,0.788422882556915,-2.62598824501038,3.03993153572083,-1.41426312923431,K,18
OUTPUT,NaN,NaN,NaN,NaN,NaN,NaN

INPUT,0.403464019298553,0.0360464751720428,0.791757047176361,-2.6382839679718,3.03813147544861,-1.40162098407745,K,19
OUTPUT,NaN,NaN,NaN,NaN,NaN,NaN

INPUT,0.40403139591217,0.0360565893352032,0.792868435382843,-2.64238405227661,3.0375349521637,-1.39740788936615,K,20
OUTPUT,NaN,NaN,NaN,NaN,NaN,NaN

INPUT,0.354104667901993,0.0275580864399672,0.733770728111267,0.957036197185516,3.11159658432007,1.54286587238312,K,12
OUTPUT,NaN,NaN,NaN,NaN,NaN,NaN

INPUT,0.357811868190765,0.0268239248543978,0.745091497898102,0.923916518688202,3.10847330093384,1.57140231132507,K,13
OUTPUT,NaN,NaN,NaN,NaN,NaN,NaN

INPUT,0.361519068479538,0.0260897651314735,0.756412267684937,0.891188502311707,3.10538125038147,1.60033357143402,K,14
OUTPUT,NaN,NaN,NaN,NaN,NaN,NaN

INPUT,0.365226298570633,0.025355601683259,0.767733097076416,0.858756005764008,3.10232329368591,1.62956380844116,K,15
OUTPUT,NaN,NaN,NaN,NaN,NaN,NaN

INPUT,0.368562787771225,0.0246948562562466,0.777921795845032,0.829763412475586,3.09960317611694,1.65607082843781,K,16
OUTPUT,NaN,NaN,NaN,NaN,NaN,NaN

INPUT,0.371157824993134,0.024180943146348,0.785846352577209,0.807318031787872,3.09750962257385,1.67679405212402,K,17
OUTPUT,NaN,NaN,NaN,NaN,NaN,NaN

INPUT,0.373011440038681,0.0238138623535633,0.791506767272949,0.791333317756653,3.09602665901184,1.69164514541626,K,18
OUTPUT,NaN,NaN,NaN,NaN,NaN,NaN

INPUT,0.374123603105545,0.0235936138778925,0.794902980327606,0.781759560108185,3.09514212608337,1.70057344436646,K,19
OUTPUT,NaN,NaN,NaN,NaN,NaN,NaN

INPUT,0.374494314193726,0.0235201977193356,0.796035051345825,0.778570950031281,3.09484815597534,1.70355224609375,K,20
OUTPUT,NaN,NaN,NaN,NaN,NaN,NaN

INPUT,0.372612476348877,0.0358781814575195,0.731216728687286,-2.3923192024231,3.09309649467468,-1.58715844154358,K,5
OUTPUT,NaN,NaN,NaN,NaN,NaN,NaN

INPUT,0.381179720163345,0.0360856354236603,0.746811747550964,-2.45679903030396,3.08582949638367,-1.50933361053467,K,6
OUTPUT,NaN,NaN,NaN,NaN,NaN,NaN

INPUT,0.387843132019043,0.0362469889223576,0.758941173553467,-2.50803685188293,3.08036947250366,-1.44987082481384,K,7
OUTPUT,NaN,NaN,NaN,NaN,NaN,NaN

INPUT,0.39260271191597,0.0363622419536114,0.767605006694794,-2.54505801200867,3.07658243179321,-1.40780889987946,K,8
OUTPUT,NaN,NaN,NaN,NaN,NaN,NaN

INPUT,0.395458459854126,0.0364313907921314,0.772803366184235,-2.56740784645081,3.07435870170593,-1.38270437717438,K,9
OUTPUT,NaN,NaN,NaN,NaN,NaN,NaN

INPUT,0.37671172618866,0.0349369049072266,0.730336248874664,-2.44717884063721,3.06753826141357,-1.61276018619537,K,5
OUTPUT,NaN,NaN,NaN,NaN,NaN,NaN

INPUT,0.3858902156353,0.0349819660186768,0.745686769485474,-2.51659631729126,3.05631136894226,-1.5344398021698,K,6
OUTPUT,NaN,NaN,NaN,NaN,NaN,NaN

INPUT,0.393029034137726,0.0350170135498047,0.757626116275787,-2.57133603096008,3.04789686203003,-1.47422456741333,K,7
OUTPUT,NaN,NaN,NaN,NaN,NaN,NaN

INPUT,0.39812821149826,0.0350420475006104,0.766154170036316,-2.61072850227356,3.04207348823547,-1.43147933483124,K,8
OUTPUT,NaN,NaN,NaN,NaN,NaN,NaN

INPUT,0.401187688112259,0.0350570678710938,0.771271049976349,-2.63445949554443,3.03865933418274,-1.40591657161713,K,9
OUTPUT,NaN,NaN,NaN,NaN,NaN,NaN

INPUT,0.360030233860016,0.0272373966872692,0.737819910049438,0.937866508960724,3.10831093788147,1.58793437480927,K,5
OUTPUT,NaN,NaN,NaN,NaN,NaN,NaN

INPUT,0.365476846694946,0.0261354725807905,0.751585245132446,0.878423392772675,3.10335373878479,1.62799859046936,K,6
OUTPUT,NaN,NaN,NaN,NaN,NaN,NaN

INPUT,0.369713068008423,0.0252784211188555,0.762291610240936,0.83393394947052,3.0995762348175,1.66059529781342,K,7
OUTPUT,NaN,NaN,NaN,NaN,NaN,NaN

INPUT,0.37273895740509,0.0246662404388189,0.769939005374908,0.802938461303711,3.09693002700806,1.68435728549957,K,8
OUTPUT,NaN,NaN,NaN,NaN,NaN,NaN

INPUT,0.374554485082626,0.024298932403326,0.774527430534363,0.784628212451935,3.09536552429199,1.69874179363251,K,9
OUTPUT,NaN,NaN,NaN,NaN,NaN,NaN

INPUT,0.35555112361908,0.0103423623368144,0.742371320724487,1.09100675582886,3.01204442977905,1.5209721326828,K,5
OUTPUT,NaN,NaN,NaN,NaN,NaN,NaN

INPUT,0.359380066394806,0.00731420377269387,0.753703653812408,1.05829918384552,2.99683618545532,1.54334223270416,K,6
OUTPUT,NaN,NaN,NaN,NaN,NaN,NaN

INPUT,0.362358123064041,0.00495897186920047,0.762517690658569,1.03356313705444,2.9850959777832,1.56142866611481,K,7
OUTPUT,NaN,NaN,NaN,NaN,NaN,NaN

INPUT,0.364485323429108,0.00327666173689067,0.768813490867615,1.01620328426361,2.97676825523376,1.57462382316589,K,8
OUTPUT,NaN,NaN,NaN,NaN,NaN,NaN

INPUT,0.365761637687683,0.00226727593690157,0.772590935230255,1.00589680671692,2.97179746627808,1.58263051509857,K,9
OUTPUT,NaN,NaN,NaN,NaN,NaN,NaN

INPUT,0.364151865243912,0.034525852650404,0.721400916576385,-2.56619095802307,3.09682178497314,-1.87250459194183,K,11
OUTPUT,NaN,NaN,NaN,NaN,NaN,NaN

INPUT,0.369476974010468,0.0345252677798271,0.732597887516022,-2.60592699050903,3.09190845489502,-1.83062314987183,K,12
OUTPUT,NaN,NaN,NaN,NaN,NaN,NaN

INPUT,0.374802112579346,0.0345246866345406,0.743794858455658,-2.64585971832275,3.08707785606384,-1.78892850875854,K,13
OUTPUT,NaN,NaN,NaN,NaN,NaN,NaN

INPUT,0.380127221345901,0.0345241017639637,0.754991769790649,-2.68594002723694,3.08233785629272,-1.74737083911896,K,14
OUTPUT,NaN,NaN,NaN,NaN,NaN,NaN

INPUT,0.38545235991478,0.0345235206186771,0.766188740730286,-2.72613453865051,3.07769656181335,-1.70591592788696,K,15
OUTPUT,NaN,NaN,NaN,NaN,NaN,NaN

INPUT,0.390244960784912,0.0345229953527451,0.776266038417816,-2.76238751411438,3.07361006736755,-1.66867411136627,K,16
OUTPUT,NaN,NaN,NaN,NaN,NaN,NaN

INPUT,0.39397257566452,0.0345225855708122,0.78410392999649,-2.79062652587891,3.07049465179443,-1.63974356651306,K,17
OUTPUT,NaN,NaN,NaN,NaN,NaN,NaN

INPUT,0.396635115146637,0.0345222949981689,0.789702415466309,-2.81081700325012,3.06830501556396,-1.6190949678421,K,18
OUTPUT,NaN,NaN,NaN,NaN,NaN,NaN

INPUT,0.398232668638229,0.0345221199095249,0.793061494827271,-2.8229386806488,3.06700563430786,-1.60671150684357,K,19
OUTPUT,NaN,NaN,NaN,NaN,NaN,NaN

INPUT,0.398765176534653,0.0345220603048801,0.794181168079376,-2.82698035240173,3.066575050354,-1.60258448123932,K,20
OUTPUT,NaN,NaN,NaN,NaN,NaN,NaN

INPUT,0.358419865369797,0.0309568047523499,0.732810020446777,0.80699610710144,3.10613298416138,1.60214591026306,K,12
OUTPUT,NaN,NaN,NaN,NaN,NaN,NaN

INPUT,0.362581163644791,0.0305805969983339,0.744029521942139,0.763286530971527,3.10255575180054,1.64213514328003,K,13
OUTPUT,NaN,NaN,NaN,NaN,NaN,NaN

INPUT,0.366742461919785,0.0302043911069632,0.755248963832855,0.719883918762207,3.09904646873474,1.6824369430542,K,14
OUTPUT,NaN,NaN,NaN,NaN,NaN,NaN

INPUT,0.370903760194778,0.0298281833529472,0.766468465328217,0.676712274551392,3.0956118106842,1.72297596931458,K,15
OUTPUT,NaN,NaN,NaN,NaN,NaN,NaN

INPUT,0.374648898839951,0.0294895973056555,0.776566028594971,0.63801097869873,3.09258913993835,1.75961995124817,K,16
OUTPUT,NaN,NaN,NaN,NaN,NaN,NaN

INPUT,0.377561807632446,0.0292262528091669,0.784419655799866,0.607991099357605,3.09028625488281,1.78820562362671,K,17
OUTPUT,NaN,NaN,NaN,NaN,NaN,NaN

INPUT,0.379642456769943,0.0290381498634815,0.790029406547546,0.586585164070129,3.08866786956787,1.80866301059723,K,18
OUTPUT,NaN,NaN,NaN,NaN,NaN,NaN

INPUT,0.380890846252441,0.0289252866059542,0.793395280838013,0.573754847049713,3.08770799636841,1.8209513425827,K,19
OUTPUT,NaN,NaN,NaN,NaN,NaN,NaN

INPUT,0.381306976079941,0.0288876667618752,0.79451721906662,0.569480061531067,3.08738994598389,1.82504963874817,K,20
OUTPUT,NaN,NaN,NaN,NaN,NaN,NaN

INPUT,0.36395201086998,0.0341785848140717,0.733273208141327,-2.58218145370483,3.12816572189331,-1.72747361660004,K,12
OUTPUT,NaN,NaN,NaN,NaN,NaN,NaN

INPUT,0.368695795536041,0.0341413877904415,0.744541525840759,-2.623370885849,3.12694334983826,-1.67871201038361,K,13
OUTPUT,NaN,NaN,NaN,NaN,NaN,NaN

INPUT,0.37343955039978,0.0341041944921017,0.755809903144836,-2.66513776779175,3.12575030326843,-1.6305273771286,K,14
OUTPUT,NaN,NaN,NaN,NaN,NaN,NaN

INPUT,0.378183335065842,0.0340669974684715,0.767078280448914,-2.7073495388031,3.12458920478821,-1.5827864408493,K,15
OUTPUT,NaN,NaN,NaN,NaN,NaN,NaN

INPUT,0.382452756166458,0.0340335220098495,0.777219772338867,-2.74564099311829,3.12357354164124,-1.54011964797974,K,16
OUTPUT,NaN,NaN,NaN,NaN,NaN,NaN

INPUT,0.38577339053154,0.0340074859559536,0.785107612609863,-2.77558469772339,3.12280368804932,-1.50709569454193,K,17
OUTPUT,NaN,NaN,NaN,NaN,NaN,NaN

INPUT,0.388145297765732,0.0339888893067837,0.790741801261902,-2.79704785346985,3.12226533889771,-1.48358142375946,K,18
OUTPUT,NaN,NaN,NaN,NaN,NaN,NaN

INPUT,0.389568448066711,0.0339777283370495,0.794122338294983,-2.80995273590088,3.12194681167603,-1.4694995880127,K,19
OUTPUT,NaN,NaN,NaN,NaN,NaN,NaN

INPUT,0.390042811632156,0.0339740104973316,0.795249164104462,-2.81425833702087,3.12184143066406,-1.46480977535248,K,20
OUTPUT,NaN,NaN,NaN,NaN,NaN,NaN

INPUT,0.363170206546783,0.0375079177320004,0.733102679252625,-2.0174458026886,3.1254346370697,-1.72162938117981,K,12
OUTPUT,NaN,NaN,NaN,NaN,NaN,NaN

INPUT,0.367831468582153,0.0378212705254555,0.74435293674469,-2.02877259254456,3.12381362915039,-1.70177149772644,K,13
OUTPUT,NaN,NaN,NaN,NaN,NaN,NaN

INPUT,0.372492700815201,0.0381346270442009,0.755603194236755,-2.04079389572144,3.12219882011414,-1.68265318870544,K,14
OUTPUT,NaN,NaN,NaN,NaN,NaN,NaN

INPUT,0.377153962850571,0.038447979837656,0.766853451728821,-2.05333518981934,3.12059164047241,-1.66411519050598,K,15
OUTPUT,NaN,NaN,NaN,NaN,NaN,NaN

INPUT,0.381349086761475,0.0387299992144108,0.776978731155396,-2.06496214866638,3.11915278434753,-1.64783442020416,K,16
OUTPUT,NaN,NaN,NaN,NaN,NaN,NaN

INPUT,0.384611964225769,0.0389493443071842,0.784853935241699,-2.07418060302734,3.11803913116455,-1.63539564609528,K,17
OUTPUT,NaN,NaN,NaN,NaN,NaN,NaN

INPUT,0.386942595243454,0.0391060225665569,0.790479063987732,-2.08084273338318,3.1172468662262,-1.62661743164063,K,18
OUTPUT,NaN,NaN,NaN,NaN,NaN,NaN

INPUT,0.388340950012207,0.0392000265419483,0.793854117393494,-2.08486700057983,3.11677265167236,-1.62138998508453,K,19
OUTPUT,NaN,NaN,NaN,NaN,NaN,NaN

INPUT,0.388807088136673,0.039231363683939,0.794979155063629,-2.08621263504028,3.116614818573,-1.61965382099152,K,20
OUTPUT,NaN,NaN,NaN,NaN,NaN,NaN

INPUT,0.360833495855331,0.0359965190291405,0.721707463264465,-2.40818476676941,3.11222219467163,-1.62310802936554,K,11
OUTPUT,NaN,NaN,NaN,NaN,NaN,NaN

INPUT,0.365768134593964,0.0361689142882824,0.732940673828125,-2.45208525657654,3.10906863212585,-1.57465517520905,K,12
OUTPUT,NaN,NaN,NaN,NaN,NaN,NaN

INPUT,0.370702773332596,0.0363413095474243,0.744173884391785,-2.49638700485229,3.1059844493866,-1.52659869194031,K,13
OUTPUT,NaN,NaN,NaN,NaN,NaN,NaN

INPUT,0.375637412071228,0.0365137048065662,0.755407094955444,-2.54098725318909,3.10297608375549,-1.47883594036102,K,14
OUTPUT,NaN,NaN,NaN,NaN,NaN,NaN

INPUT,0.38057205080986,0.0366861000657082,0.766640305519104,-2.58581614494324,3.1000497341156,-1.43129634857178,K,15
OUTPUT,NaN,NaN,NaN,NaN,NaN,NaN

INPUT,0.385013222694397,0.0368412546813488,0.776750266551971,-2.62631607055664,3.09749174118042,-1.38865995407104,K,16
OUTPUT,NaN,NaN,NaN,NaN,NaN,NaN

INPUT,0.388467490673065,0.0369619317352772,0.784613490104675,-2.65789842605591,3.09555459022522,-1.35557782649994,K,17
OUTPUT,NaN,NaN,NaN,NaN,NaN,NaN

INPUT,0.39093479514122,0.037048127502203,0.790230095386505,-2.68049550056458,3.09420013427734,-1.33198392391205,K,18
OUTPUT,NaN,NaN,NaN,NaN,NaN,NaN

INPUT,0.392415195703506,0.0370998457074165,0.793600082397461,-2.69406747817993,3.09339952468872,-1.31784057617188,K,19
OUTPUT,NaN,NaN,NaN,NaN,NaN,NaN

INPUT,0.392908662557602,0.0371170863509178,0.794723391532898,-2.6985936164856,3.09313464164734,-1.31312823295593,K,20
OUTPUT,NaN,NaN,NaN,NaN,NaN,NaN

INPUT,0.356807351112366,0.0334593430161476,0.73431658744812,0.474616378545761,3.12122678756714,1.29987931251526,K,12
OUTPUT,NaN,NaN,NaN,NaN,NaN,NaN

INPUT,0.360798984766006,0.0333464294672012,0.745694696903229,0.429150760173798,3.11913108825684,1.34126949310303,K,13
OUTPUT,NaN,NaN,NaN,NaN,NaN,NaN

INPUT,0.364790618419647,0.0332335159182549,0.757072806358337,0.384029000997543,3.11707782745361,1.38300561904907,K,14
OUTPUT,NaN,NaN,NaN,NaN,NaN,NaN

INPUT,0.368782252073288,0.0331206023693085,0.768450915813446,0.339165419340134,3.11507081985474,1.42500185966492,K,15
OUTPUT,NaN,NaN,NaN,NaN,NaN,NaN

INPUT,0.372374713420868,0.0330189801752567,0.778691232204437,0.298959136009216,3.11330699920654,1.46297144889832,K,16
OUTPUT,NaN,NaN,NaN,NaN,NaN,NaN

INPUT,0.375168859958649,0.0329399406909943,0.786655902862549,0.267777860164642,3.1119647026062,1.49259507656097,K,17
OUTPUT,NaN,NaN,NaN,NaN,NaN,NaN

INPUT,0.377164661884308,0.0328834839165211,0.792344987392426,0.245546832680702,3.11102271080017,1.51379680633545,K,18
OUTPUT,NaN,NaN,NaN,NaN,NaN,NaN

INPUT,0.378362149000168,0.0328496098518372,0.795758426189423,0.232222884893417,3.11046457290649,1.52653276920319,K,19
OUTPUT,NaN,NaN,NaN,NaN,NaN,NaN

INPUT,0.378761321306229,0.0328383184969425,0.79689621925354,0.227783873677254,3.11027956008911,1.53078043460846,K,20
OUTPUT,NaN,NaN,NaN,NaN,NaN,NaN

INPUT,0.361173778772354,0.037009485065937,0.722920835018158,-2.21488332748413,3.1335461139679,-1.74094080924988,K,11
OUTPUT,NaN,NaN,NaN,NaN,NaN,NaN

INPUT,0.366148501634598,0.0373009815812111,0.734296858310699,-2.23416876792908,3.13270616531372,-1.70449113845825,K,12
OUTPUT,NaN,NaN,NaN,NaN,NaN,NaN

INPUT,0.371123254299164,0.0375924743711948,0.745672881603241,-2.25493192672729,3.13187265396118,-1.66951906681061,K,13
OUTPUT,NaN,NaN,NaN,NaN,NaN,NaN

INPUT,0.376097947359085,0.0378839708864689,0.757048845291138,-2.2768132686615,3.13104629516602,-1.63566505908966,K,14
OUTPUT,NaN,NaN,NaN,NaN,NaN,NaN

INPUT,0.381072700023651,0.0381754636764526,0.768424868583679,-2.29956126213074,3.13022780418396,-1.60267734527588,K,15
OUTPUT,NaN,NaN,NaN,NaN,NaN,NaN

INPUT,0.385549932718277,0.0384378097951412,0.778663277626038,-2.32062411308289,3.12949848175049,-1.57357788085938,K,16
OUTPUT,NaN,NaN,NaN,NaN,NaN,NaN

INPUT,0.389032244682312,0.0386418551206589,0.78662645816803,-2.33732533454895,3.12893629074097,-1.55126368999481,K,17
OUTPUT,NaN,NaN,NaN,NaN,NaN,NaN

INPUT,0.391519606113434,0.0387876033782959,0.792314469814301,-2.34940242767334,3.12853741645813,-1.53547251224518,K,18
OUTPUT,NaN,NaN,NaN,NaN,NaN,NaN

INPUT,0.393012046813965,0.038875050842762,0.795727252960205,-2.35670185089111,3.12829947471619,-1.52605104446411,K,19
OUTPUT,NaN,NaN,NaN,NaN,NaN,NaN

INPUT,0.39350950717926,0.0389042012393475,0.796864867210388,-2.35914349555969,3.12822031974792,-1.52291893959045,K,20
OUTPUT,NaN,NaN,NaN,NaN,NaN,NaN

INPUT,0.357122719287872,0.0293896049261093,0.733406722545624,0.784891843795776,3.12336230278015,1.3809962272644,K,12
OUTPUT,NaN,NaN,NaN,NaN,NaN,NaN

INPUT,0.361146926879883,0.0288481209427118,0.744690179824829,0.750256955623627,3.12142491340637,1.40909326076508,K,13
OUTPUT,NaN,NaN,NaN,NaN,NaN,NaN

INPUT,0.365171164274216,0.0283066369593143,0.75597357749939,0.716192126274109,3.11950707435608,1.43776142597198,K,14
OUTPUT,NaN,NaN,NaN,NaN,NaN,NaN

INPUT,0.369195371866226,0.0277651511132717,0.767257034778595,0.682555794715881,3.11761069297791,1.46685945987701,K,15
OUTPUT,NaN,NaN,NaN,NaN,NaN,NaN

INPUT,0.372817158699036,0.0272778160870075,0.777412116527557,0.652567446231842,3.11592411994934,1.49333322048187,K,16
OUTPUT,NaN,NaN,NaN,NaN,NaN,NaN

INPUT,0.375634104013443,0.0268987771123648,0.785310506820679,0.629393994808197,3.11462640762329,1.51407551765442,K,17
OUTPUT,NaN,NaN,NaN,NaN,NaN,NaN

INPUT,0.377646207809448,0.0266280341893435,0.790952205657959,0.612910211086273,3.11370730400085,1.52896070480347,K,18
OUTPUT,NaN,NaN,NaN,NaN,NaN,NaN

INPUT,0.378853470087051,0.0264655891805887,0.794337213039398,0.603044629096985,3.1131591796875,1.53791654109955,K,19
OUTPUT,NaN,NaN,NaN,NaN,NaN,NaN

INPUT,0.379255890846252,0.0264114402234554,0.795465588569641,0.599759936332703,3.11297702789307,1.54090583324432,K,20
OUTPUT,NaN,NaN,NaN,NaN,NaN,NaN

INPUT,0.351137012243271,0.0292641259729862,0.733866155147552,0.9717977643013,3.09988307952881,1.61236369609833,K,12
OUTPUT,NaN,NaN,NaN,NaN,NaN,NaN

INPUT,0.354531615972519,0.0287097208201885,0.745196878910065,0.936381578445435,3.09559988975525,1.64437687397003,K,13
OUTPUT,NaN,NaN,NaN,NaN,NaN,NaN

INPUT,0.357926189899445,0.0281553138047457,0.756527543067932,0.901250600814819,3.09136867523193,1.67668163776398,K,14
OUTPUT,NaN,NaN,NaN,NaN,NaN,NaN

INPUT,0.36132076382637,0.027600908651948,0.767858266830444,0.86633425951004,3.0871946811676,1.70920825004578,K,15
OUTPUT,NaN,NaN,NaN,NaN,NaN,NaN

INPUT,0.3643758893013,0.027101943269372,0.778055906295776,0.835052132606506,3.08349061012268,1.73863124847412,K,16
OUTPUT,NaN,NaN,NaN,NaN,NaN,NaN

INPUT,0.366752088069916,0.0267138592898846,0.785987377166748,0.810796916484833,3.08064651489258,1.76159572601318,K,17
OUTPUT,NaN,NaN,NaN,NaN,NaN,NaN

INPUT,0.36844938993454,0.0264366567134857,0.791652739048004,0.793506026268005,3.07863569259644,1.77803552150726,K,18
OUTPUT,NaN,NaN,NaN,NaN,NaN,NaN

INPUT,0.36946776509285,0.0262703336775303,0.7950519323349,0.783143818378448,3.07743787765503,1.78791272640228,K,19
OUTPUT,NaN,NaN,NaN,NaN,NaN,NaN

INPUT,0.369807213544846,0.0262148939073086,0.79618501663208,0.779691636562347,3.07703995704651,1.79120719432831,K,20
OUTPUT,NaN,NaN,NaN,NaN,NaN,NaN

INPUT,0.373310834169388,0.0342402309179306,0.731079816818237,-2.63506865501404,3.08820867538452,-1.8138347864151,K,5
OUTPUT,NaN,NaN,NaN,NaN,NaN,NaN

INPUT,0.381961286067963,0.0341747030615807,0.746616542339325,-2.7033486366272,3.08012461662292,-1.73700845241547,K,6
OUTPUT,NaN,NaN,NaN,NaN,NaN,NaN

INPUT,0.388689398765564,0.0341237410902977,0.758700668811798,-2.75716280937195,3.07405757904053,-1.67793798446655,K,7
OUTPUT,NaN,NaN,NaN,NaN,NaN,NaN

INPUT,0.393495172262192,0.0340873375535011,0.767332196235657,-2.7958767414093,3.06985425949097,-1.63600611686707,K,8
OUTPUT,NaN,NaN,NaN,NaN,NaN,NaN

INPUT,0.396378666162491,0.0340654961764812,0.772511065006256,-2.81919431686401,3.06738781929016,-1.61093068122864,K,9
OUTPUT,NaN,NaN,NaN,NaN,NaN,NaN

INPUT,0.369565069675446,0.0360247418284416,0.731229066848755,-2.49156022071838,3.10644626617432,-1.56197917461395,K,5
OUTPUT,NaN,NaN,NaN,NaN,NaN,NaN

INPUT,0.377653688192368,0.03626848757267,0.746895492076874,-2.56446719169617,3.1014084815979,-1.47078227996826,K,6
OUTPUT,NaN,NaN,NaN,NaN,NaN,NaN

INPUT,0.383944809436798,0.0364580675959587,0.759080469608307,-2.62259602546692,3.09767365455627,-1.40126383304596,K,7
OUTPUT,NaN,NaN,NaN,NaN,NaN,NaN

INPUT,0.38843846321106,0.0365934856235981,0.767784059047699,-2.66466951370239,3.09511375427246,-1.35215449333191,K,8
OUTPUT,NaN,NaN,NaN,NaN,NaN,NaN

INPUT,0.391134679317474,0.0366747342050076,0.773006200790405,-2.69009280204773,3.09362363815308,-1.32286536693573,K,9
OUTPUT,NaN,NaN,NaN,NaN,NaN,NaN

INPUT,0.370338886976242,0.0373749956488609,0.732674717903137,-2.29023885726929,3.1315906047821,-1.72894084453583,K,5
OUTPUT,NaN,NaN,NaN,NaN,NaN,NaN

INPUT,0.378612041473389,0.0378576330840588,0.748583853244781,-2.31041288375854,3.13035202026367,-1.64959597587585,K,6
OUTPUT,NaN,NaN,NaN,NaN,NaN,NaN

INPUT,0.385046690702438,0.0382330156862736,0.760957598686218,-2.33014750480652,3.12940573692322,-1.59224081039429,K,7
OUTPUT,NaN,NaN,NaN,NaN,NaN,NaN

INPUT,0.389642894268036,0.0385011471807957,0.769795954227448,-2.34583759307861,3.12874245643616,-1.55317366123199,K,8
OUTPUT,NaN,NaN,NaN,NaN,NaN,NaN

INPUT,0.392400622367859,0.038662027567625,0.775098979473114,-2.35576152801514,3.12835001945496,-1.53040421009064,K,9
OUTPUT,NaN,NaN,NaN,NaN,NaN,NaN

INPUT,0.36498886346817,0.030974056571722,0.736871480941772,0.770302176475525,3.1025071144104,1.65245866775513,K,5
OUTPUT,NaN,NaN,NaN,NaN,NaN,NaN

INPUT,0.371191889047623,0.0304332785308361,0.750434517860413,0.696904122829437,3.09688091278076,1.71347439289093,K,6
OUTPUT,NaN,NaN,NaN,NaN,NaN,NaN

INPUT,0.376016467809677,0.0300126746296883,0.760983526706696,0.640780210494995,3.09264230728149,1.76190590858459,K,7
OUTPUT,NaN,NaN,NaN,NaN,NaN,NaN

INPUT,0.379462599754333,0.0297122430056334,0.768518567085266,0.601068377494812,3.08969569206238,1.79688274860382,K,8
OUTPUT,NaN,NaN,NaN,NaN,NaN,NaN

INPUT,0.381530255079269,0.0295319836586714,0.773039579391479,0.577363550662994,3.08796191215515,1.81799411773682,K,9
OUTPUT,NaN,NaN,NaN,NaN,NaN,NaN

INPUT,0.364808112382889,0.0341603867709637,0.725946366786957,-2.58750534057617,3.12761044502258,-1.78485679626465,K,4
OUTPUT,NaN,NaN,NaN,NaN,NaN,NaN

INPUT,0.371388882398605,0.0340774357318878,0.738998174667358,-2.64408946037292,3.12596702575684,-1.69670259952545,K,5
OUTPUT,NaN,NaN,NaN,NaN,NaN,NaN

INPUT,0.377969652414322,0.033994484692812,0.752049922943115,-2.70362138748169,3.12440204620361,-1.61149370670319,K,6
OUTPUT,NaN,NaN,NaN,NaN,NaN,NaN

INPUT,0.383088022470474,0.0339299626648426,0.762201309204102,-2.75140285491943,3.12324500083923,-1.54669809341431,K,7
OUTPUT,NaN,NaN,NaN,NaN,NaN,NaN

INPUT,0.386744022369385,0.0338838808238506,0.769452273845673,-2.78615021705627,3.12245321273804,-1.50103259086609,K,8
OUTPUT,NaN,NaN,NaN,NaN,NaN,NaN

INPUT,0.388937592506409,0.0338562279939651,0.773802876472473,-2.8072075843811,3.12199258804321,-1.47384178638458,K,9
OUTPUT,NaN,NaN,NaN,NaN,NaN,NaN

INPUT,0.363741606473923,0.0371417477726936,0.725165128707886,-2.04793477058411,3.12500309944153,-1.77087187767029,K,4
OUTPUT,NaN,NaN,NaN,NaN,NaN,NaN

INPUT,0.370311409235001,0.0375798381865025,0.738352835178375,-2.05316591262817,3.1227695941925,-1.72589182853699,K,5
OUTPUT,NaN,NaN,NaN,NaN,NaN,NaN

INPUT,0.376881211996078,0.0380179286003113,0.751540541648865,-2.06260943412781,3.12054204940796,-1.68512332439423,K,6
OUTPUT,NaN,NaN,NaN,NaN,NaN,NaN

INPUT,0.38199108839035,0.0383586622774601,0.761797666549683,-2.07205867767334,3.11881756782532,-1.65555834770203,K,7
OUTPUT,NaN,NaN,NaN,NaN,NaN,NaN

INPUT,0.385640978813171,0.0386020466685295,0.769124150276184,-2.07968068122864,3.11759161949158,-1.63535225391388,K,8
OUTPUT,NaN,NaN,NaN,NaN,NaN,NaN

INPUT,0.387830913066864,0.0387480743229389,0.773520052433014,-2.08454656600952,3.11685872077942,-1.62354242801666,K,9
OUTPUT,NaN,NaN,NaN,NaN,NaN,NaN

INPUT,0.357317894697189,0.0336538106203079,0.724974751472473,0.512265920639038,3.12321877479553,1.28784811496735,K,4
OUTPUT,NaN,NaN,NaN,NaN,NaN,NaN

INPUT,0.363155543804169,0.0334753766655922,0.738721251487732,0.434539198875427,3.11963224411011,1.34972310066223,K,5
OUTPUT,NaN,NaN,NaN,NaN,NaN,NaN

INPUT,0.36899322271347,0.0332969389855862,0.752467811107635,0.359011262655258,3.11615204811096,1.41380226612091,K,6
OUTPUT,NaN,NaN,NaN,NaN,NaN,NaN

INPUT,0.373533636331558,0.033158153295517,0.763159513473511,0.301232427358627,3.11352944374084,1.46461069583893,K,7
OUTPUT,NaN,NaN,NaN,NaN,NaN,NaN

INPUT,0.376776784658432,0.0330590195953846,0.770796477794647,0.260330408811569,3.11170601844788,1.50127363204956,K,8
OUTPUT,NaN,NaN,NaN,NaN,NaN,NaN

INPUT,0.378722697496414,0.0329995416104794,0.7753786444664,0.235907450318336,3.1106333732605,1.52339053153992,K,9
OUTPUT,NaN,NaN,NaN,NaN,NaN,NaN

INPUT,0.363380670547485,0.0290677677839994,0.737622141838074,0.771151483058929,3.12166357040405,1.43236243724823,K,5
OUTPUT,NaN,NaN,NaN,NaN,NaN,NaN

INPUT,0.369265794754028,0.0282277669757605,0.751248717308044,0.706359803676605,3.11846733093262,1.46892094612122,K,6
OUTPUT,NaN,NaN,NaN,NaN,NaN,NaN

INPUT,0.373843133449554,0.027574434876442,0.761847198009491,0.658585727214813,3.1160295009613,1.49964499473572,K,7
OUTPUT,NaN,NaN,NaN,NaN,NaN,NaN

INPUT,0.377112656831741,0.0271077677607536,0.769417524337769,0.625577807426453,3.11432123184204,1.52238428592682,K,8
OUTPUT,NaN,NaN,NaN,NaN,NaN,NaN

INPUT,0.379074364900589,0.0268277674913406,0.773959696292877,0.606167912483215,3.11331105232239,1.53625309467316,K,9
OUTPUT,NaN,NaN,NaN,NaN,NaN,NaN

INPUT,0.356766521930695,0.0292750708758831,0.737732112407684,0.944205284118652,3.09522652626038,1.65515220165253,K,5
OUTPUT,NaN,NaN,NaN,NaN,NaN,NaN

INPUT,0.361791461706161,0.028499947860837,0.751590192317963,0.883464455604553,3.08849453926086,1.70331513881683,K,6
OUTPUT,NaN,NaN,NaN,NaN,NaN,NaN

INPUT,0.365699738264084,0.0278970766812563,0.762368619441986,0.837434351444244,3.0833899974823,1.74158799648285,K,7
OUTPUT,NaN,NaN,NaN,NaN,NaN,NaN

INPUT,0.368491381406784,0.0274664517492056,0.770067572593689,0.805157363414764,3.07982993125916,1.76913249492645,K,8
OUTPUT,NaN,NaN,NaN,NaN,NaN,NaN

INPUT,0.37016636133194,0.0272080786526203,0.774686932563782,0.786028325557709,3.07773232460022,1.78568840026855,K,9
OUTPUT,NaN,NaN,NaN,NaN,NaN,NaN

INPUT,0.36151909828186,0.0347670689225197,0.721605241298676,-2.40429472923279,3.12063360214233,-1.8286509513855,K,11
OUTPUT,NaN,NaN,NaN,NaN,NaN,NaN

INPUT,0.366534680128098,0.0347947105765343,0.732826471328735,-2.43539023399353,3.11834478378296,-1.79204154014587,K,12
OUTPUT,NaN,NaN,NaN,NaN,NaN,NaN

INPUT,0.371550291776657,0.0348223559558392,0.744047701358795,-2.46697854995728,3.11608242988586,-1.75592315196991,K,13
OUTPUT,NaN,NaN,NaN,NaN,NaN,NaN

INPUT,0.376565903425217,0.0348499976098537,0.75526887178421,-2.49893474578857,3.113849401474,-1.72017073631287,K,14
OUTPUT,NaN,NaN,NaN,NaN,NaN,NaN

INPUT,0.381581515073776,0.0348776429891586,0.76649010181427,-2.53117299079895,3.11164784431458,-1.68469834327698,K,15
OUTPUT,NaN,NaN,NaN,NaN,NaN,NaN

INPUT,0.386095583438873,0.0349025204777718,0.776589214801788,-2.560378074646,3.10969567298889,-1.65296161174774,K,16
OUTPUT,NaN,NaN,NaN,NaN,NaN,NaN

INPUT,0.389606505632401,0.0349218733608723,0.784444093704224,-2.58319520950317,3.1081976890564,-1.62837862968445,K,17
OUTPUT,NaN,NaN,NaN,NaN,NaN,NaN

INPUT,0.39211431145668,0.0349356941878796,0.790054678916931,-2.59954047203064,3.10713911056519,-1.61086583137512,K,18
OUTPUT,NaN,NaN,NaN,NaN,NaN,NaN

INPUT,0.39361897110939,0.0349439866840839,0.793421030044556,-2.60936450958252,3.10650873184204,-1.60037481784821,K,19
OUTPUT,NaN,NaN,NaN,NaN,NaN,NaN

INPUT,0.394120544195175,0.0349467508494854,0.794543147087097,-2.61264181137085,3.10629940032959,-1.59688031673431,K,20
OUTPUT,NaN,NaN,NaN,NaN,NaN,NaN

INPUT,0.372675865888596,0.0421950928866863,0.722229778766632,-2.48871421813965,3.07565259933472,-1.93122959136963,K,11
OUTPUT,NaN,NaN,NaN,NaN,NaN,NaN

INPUT,0.379003763198853,0.0430967584252357,0.73352438211441,-2.52078151702881,3.06823515892029,-1.89767944812775,K,12
OUTPUT,NaN,NaN,NaN,NaN,NaN,NaN

INPUT,0.385331660509109,0.0439984202384949,0.744819045066833,-2.55299353599548,3.06089639663696,-1.86425578594208,K,13
OUTPUT,NaN,NaN,NaN,NaN,NaN,NaN

INPUT,0.391659587621689,0.0449000857770443,0.756113648414612,-2.58531546592712,3.05364465713501,-1.83092284202576,K,14
OUTPUT,NaN,NaN,NaN,NaN,NaN,NaN

INPUT,0.397987484931946,0.0458017513155937,0.767408311367035,-2.61772418022156,3.04648733139038,-1.79765617847443,K,15
OUTPUT,NaN,NaN,NaN,NaN,NaN,NaN

INPUT,0.403682589530945,0.0466132462024689,0.777573466300964,-2.64695310592651,3.04013323783875,-1.76775813102722,K,16
OUTPUT,NaN,NaN,NaN,NaN,NaN,NaN

INPUT,0.40811213850975,0.0472444109618664,0.785479724407196,-2.66972064971924,3.0352520942688,-1.74452483654022,K,17
OUTPUT,NaN,NaN,NaN,NaN,NaN,NaN

INPUT,0.41127610206604,0.0476952455937862,0.791127026081085,-2.68599939346313,3.03179979324341,-1.72793877124786,K,18
OUTPUT,NaN,NaN,NaN,NaN,NaN,NaN

INPUT,0.413174450397491,0.0479657426476479,0.794515430927277,-2.69577264785767,3.02974247932434,-1.7179901599884,K,19
OUTPUT,NaN,NaN,NaN,NaN,NaN,NaN

INPUT,0.413807243108749,0.0480559095740318,0.795644879341125,-2.69903135299683,3.02905917167664,-1.71467435359955,K,20
OUTPUT,NaN,NaN,NaN,NaN,NaN,NaN

INPUT,0.376879274845123,0.0339448042213917,0.719701647758484,-2.84303212165833,3.01764917373657,-1.98716485500336,K,11
OUTPUT,NaN,NaN,NaN,NaN,NaN,NaN

INPUT,0.383702129125595,0.0338759049773216,0.730698049068451,-2.89328646659851,3.00424194335938,-1.93645536899567,K,12
OUTPUT,NaN,NaN,NaN,NaN,NaN,NaN

INPUT,0.390524953603745,0.0338070020079613,0.741694450378418,-2.94362664222717,2.99118399620056,-1.88573968410492,K,13
OUTPUT,NaN,NaN,NaN,NaN,NaN,NaN

INPUT,0.397347778081894,0.0337381027638912,0.752690851688385,-2.99404525756836,2.97850871086121,-1.83500504493713,K,14
OUTPUT,NaN,NaN,NaN,NaN,NaN,NaN

INPUT,0.404170602560043,0.0336691997945309,0.763687252998352,-3.04453802108765,2.9662492275238,-1.78424096107483,K,15
OUTPUT,NaN,NaN,NaN,NaN,NaN,NaN

INPUT,0.410311162471771,0.0336071886122227,0.773584067821503,-3.09004235267639,2.9555971622467,-1.73852264881134,K,16
OUTPUT,NaN,NaN,NaN,NaN,NaN,NaN

INPUT,0.415087133646011,0.0335589572787285,0.781281530857086,-3.12547302246094,2.94757747650146,-1.70294117927551,K,17
OUTPUT,NaN,NaN,NaN,NaN,NaN,NaN

INPUT,0.418498575687408,0.0335245057940483,0.786779701709747,3.13238406181335,2.94199752807617,-1.67751276493073,K,18
OUTPUT,NaN,NaN,NaN,NaN,NaN,NaN

INPUT,0.420545399188995,0.0335038378834724,0.790078639984131,3.11717939376831,2.9387104511261,-1.66225039958954,K,19
OUTPUT,NaN,NaN,NaN,NaN,NaN,NaN

INPUT,0.421227693557739,0.0334969460964203,0.791178286075592,3.11210966110229,2.93762516975403,-1.65716183185577,K,20
OUTPUT,NaN,NaN,NaN,NaN,NaN,NaN

INPUT,0.370502114295959,0.0346178226172924,0.731085896492004,-2.46723437309265,3.11626243591309,-1.7856217622757,K,5
OUTPUT,NaN,NaN,NaN,NaN,NaN,NaN

INPUT,0.378785401582718,0.034608032554388,0.746735036373138,-2.51785159111023,3.11258101463318,-1.71595096588135,K,6
OUTPUT,NaN,NaN,NaN,NaN,NaN,NaN

INPUT,0.385227978229523,0.034600418061018,0.758906543254852,-2.55872941017151,3.10978841781616,-1.6632673740387,K,7
OUTPUT,NaN,NaN,NaN,NaN,NaN,NaN

INPUT,0.389829814434052,0.0345949791371822,0.767600476741791,-2.58852124214172,3.10783529281616,-1.62622702121735,K,8
OUTPUT,NaN,NaN,NaN,NaN,NaN,NaN

INPUT,0.392590910196304,0.0345917157828808,0.772816836833954,-2.60659003257751,3.10668110847473,-1.6041955947876,K,9
OUTPUT,NaN,NaN,NaN,NaN,NaN,NaN

INPUT,0.373358011245728,0.0414893068373203,0.717444539070129,-2.48282814025879,3.07528114318848,-1.94016122817993,K,4
OUTPUT,NaN,NaN,NaN,NaN,NaN,NaN

INPUT,0.383527934551239,0.0429729223251343,0.732883989810944,-2.53947973251343,3.06263732910156,-1.87998116016388,K,5
OUTPUT,NaN,NaN,NaN,NaN,NaN,NaN

INPUT,0.39369785785675,0.0444565415382385,0.748323440551758,-2.59664344787598,3.05026268959045,-1.82025527954102,K,6
OUTPUT,NaN,NaN,NaN,NaN,NaN,NaN

INPUT,0.401607781648636,0.0456104651093483,0.760331928730011,-2.6413414478302,3.040851354599,-1.77399456501007,K,7
OUTPUT,NaN,NaN,NaN,NaN,NaN,NaN

INPUT,0.407257735729218,0.0464346967637539,0.768909394741058,-2.67336487770081,3.034255027771,-1.74102127552032,K,8
OUTPUT,NaN,NaN,NaN,NaN,NaN,NaN

INPUT,0.410647720098495,0.046929232776165,0.774055898189545,-2.6926109790802,3.03035116195679,-1.72125887870789,K,9
OUTPUT,NaN,NaN,NaN,NaN,NaN,NaN

INPUT,0.377248018980026,0.0337457656860352,0.715913772583008,-2.83759927749634,3.0189516544342,-2.00407409667969,K,4
OUTPUT,NaN,NaN,NaN,NaN,NaN,NaN

INPUT,0.387817800045013,0.0337115153670311,0.730652332305908,-2.92490482330322,2.99564552307129,-1.91171145439148,K,5
OUTPUT,NaN,NaN,NaN,NaN,NaN,NaN

INPUT,0.398387581110001,0.0336772613227367,0.745390951633453,-3.01304197311401,2.97351360321045,-1.81988215446472,K,6
OUTPUT,NaN,NaN,NaN,NaN,NaN,NaN

INPUT,0.406608551740646,0.0336506217718124,0.756854295730591,-3.08200311660767,2.95722794532776,-1.74864566326141,K,7
OUTPUT,NaN,NaN,NaN,NaN,NaN,NaN

INPUT,0.412480652332306,0.0336315892636776,0.765042364597321,-3.13143682479858,2.94614291191101,-1.69781291484833,K,8
OUTPUT,NaN,NaN,NaN,NaN,NaN,NaN

INPUT,0.416003912687302,0.0336201749742031,0.769955217838287,3.12202644348145,2.9397246837616,-1.66732382774353,K,9
OUTPUT,NaN,NaN,NaN,NaN,NaN,NaN

INPUT,0.361928135156631,0.0327810533344746,0.735095500946045,0.812829315662384,3.13710379600525,1.44366538524628,K,12
OUTPUT,NaN,NaN,NaN,NaN,NaN,NaN

INPUT,0.366458833217621,0.0325967147946358,0.74655556678772,0.766465365886688,3.1365692615509,1.46368443965912,K,13
OUTPUT,NaN,NaN,NaN,NaN,NaN,NaN

INPUT,0.37098953127861,0.0324123799800873,0.758015632629395,0.722625970840454,3.13603949546814,1.48622822761536,K,14
OUTPUT,NaN,NaN,NaN,NaN,NaN,NaN

INPUT,0.3755202293396,0.0322280451655388,0.769475698471069,0.680632889270782,3.13551545143127,1.51061844825745,K,15
OUTPUT,NaN,NaN,NaN,NaN,NaN,NaN

INPUT,0.379597872495651,0.0320621430873871,0.779789745807648,0.644037902355194,3.13504910469055,1.53376853466034,K,16
OUTPUT,NaN,NaN,NaN,NaN,NaN,NaN

INPUT,0.382769346237183,0.031933106482029,0.787811815738678,0.616200029850006,3.134690284729,1.55239903926849,K,17
OUTPUT,NaN,NaN,NaN,NaN,NaN,NaN

INPUT,0.385034710168839,0.0318409390747547,0.793541848659515,0.596597254276276,3.13443613052368,1.56598806381226,K,18
OUTPUT,NaN,NaN,NaN,NaN,NaN,NaN

INPUT,0.386393904685974,0.031785637140274,0.79697984457016,0.58493584394455,3.13428449630737,1.57424163818359,K,19
OUTPUT,NaN,NaN,NaN,NaN,NaN,NaN

INPUT,0.386846989393234,0.0317672044038773,0.798125863075256,0.581064164638519,3.13423418998718,1.57700836658478,K,20
OUTPUT,NaN,NaN,NaN,NaN,NaN,NaN

INPUT,0.350796520709991,0.0224503371864557,0.733070075511932,0.864236056804657,3.08105659484863,1.57321631908417,K,12
OUTPUT,NaN,NaN,NaN,NaN,NaN,NaN

INPUT,0.354153633117676,0.0211780872195959,0.744320571422577,0.825618505477905,3.07491707801819,1.60926127433777,K,13
OUTPUT,NaN,NaN,NaN,NaN,NaN,NaN

INPUT,0.357510775327682,0.0199058409780264,0.755571067333221,0.78720897436142,3.06887030601501,1.64552927017212,K,14
OUTPUT,NaN,NaN,NaN,NaN,NaN,NaN

INPUT,0.360867917537689,0.0186335928738117,0.766821563243866,0.748954355716705,3.06292462348938,1.68196856975555,K,15
OUTPUT,NaN,NaN,NaN,NaN,NaN,NaN

INPUT,0.363889336585999,0.017488569021225,0.776947021484375,0.714626729488373,3.05766725540161,1.71488046646118,K,16
OUTPUT,NaN,NaN,NaN,NaN,NaN,NaN

INPUT,0.366239339113235,0.0165979955345392,0.784822344779968,0.687980532646179,3.05364322662354,1.74054157733917,K,17
OUTPUT,NaN,NaN,NaN,NaN,NaN,NaN

INPUT,0.367917895317078,0.0159618705511093,0.790447592735291,0.668971240520477,3.05080533027649,1.75890028476715,K,18
OUTPUT,NaN,NaN,NaN,NaN,NaN,NaN

INPUT,0.368925034999847,0.0155801977962255,0.793822765350342,0.657574057579041,3.04911804199219,1.76992630958557,K,19
OUTPUT,NaN,NaN,NaN,NaN,NaN,NaN

INPUT,0.369260758161545,0.0154529716819525,0.794947803020477,0.653776288032532,3.04855799674988,1.77360332012177,K,20
OUTPUT,NaN,NaN,NaN,NaN,NaN,NaN

INPUT,0.370261400938034,0.0414055362343788,0.722215890884399,-2.31341052055359,3.06761789321899,-1.68132328987122,K,11
OUTPUT,NaN,NaN,NaN,NaN,NaN,NaN

INPUT,0.376305669546127,0.0422140322625637,0.733509063720703,-2.34969806671143,3.0593478679657,-1.6431919336319,K,12
OUTPUT,NaN,NaN,NaN,NaN,NaN,NaN

INPUT,0.382349908351898,0.0430225282907486,0.744802176952362,-2.38616585731506,3.05119156837463,-1.6052154302597,K,13
OUTPUT,NaN,NaN,NaN,NaN,NaN,NaN

INPUT,0.388394176959991,0.0438310205936432,0.756095290184021,-2.42277097702026,3.04316020011902,-1.56734931468964,K,14
OUTPUT,NaN,NaN,NaN,NaN,NaN,NaN

INPUT,0.394438445568085,0.0446395166218281,0.767388463020325,-2.45948529243469,3.03526496887207,-1.52956283092499,K,15
OUTPUT,NaN,NaN,NaN,NaN,NaN,NaN

INPUT,0.399878263473511,0.0453671626746655,0.777552247047424,-2.49260473251343,3.02828502655029,-1.49560511112213,K,16
OUTPUT,NaN,NaN,NaN,NaN,NaN,NaN

INPUT,0.404109269380569,0.0459331087768078,0.785457491874695,-2.51840710639954,3.02294373512268,-1.46921825408936,K,17
OUTPUT,NaN,NaN,NaN,NaN,NaN,NaN

INPUT,0.407131403684616,0.0463373586535454,0.791104018688202,-2.53685784339905,3.01917767524719,-1.45038104057312,K,18
OUTPUT,NaN,NaN,NaN,NaN,NaN,NaN

INPUT,0.408944666385651,0.0465799048542976,0.794491946697235,-2.547935962677,3.01693844795227,-1.43908214569092,K,19
OUTPUT,NaN,NaN,NaN,NaN,NaN,NaN

INPUT,0.409549087285995,0.0466607548296452,0.795621275901794,-2.55162978172302,3.01619529724121,-1.4353164434433,K,20
OUTPUT,NaN,NaN,NaN,NaN,NaN,NaN

INPUT,0.363794773817062,0.0419471897184849,0.721982717514038,-2.49085259437561,3.08837151527405,-1.94878756999969,K,11
OUTPUT,NaN,NaN,NaN,NaN,NaN,NaN

INPUT,0.369077205657959,0.0428194031119347,0.733249843120575,-2.52176666259766,3.08239817619324,-1.91591727733612,K,12
OUTPUT,NaN,NaN,NaN,NaN,NaN,NaN

INPUT,0.374359667301178,0.0436916127800941,0.744517028331757,-2.55286478996277,3.07648468017578,-1.8832198381424,K,13
OUTPUT,NaN,NaN,NaN,NaN,NaN,NaN

INPUT,0.379642099142075,0.0445638261735439,0.755784153938293,-2.58410143852234,3.07063770294189,-1.85064899921417,K,14
OUTPUT,NaN,NaN,NaN,NaN,NaN,NaN

INPUT,0.384924560785294,0.0454360358417034,0.76705127954483,-2.61544585227966,3.06486248970032,-1.81817245483398,K,15
OUTPUT,NaN,NaN,NaN,NaN,NaN,NaN

INPUT,0.389678776264191,0.046221025288105,0.777191698551178,-2.64372944831848,3.05973172187805,-1.78900539875031,K,16
OUTPUT,NaN,NaN,NaN,NaN,NaN,NaN

INPUT,0.393376469612122,0.0468315742909908,0.785078704357147,-2.66576838493347,3.0557873249054,-1.76635205745697,K,17
OUTPUT,NaN,NaN,NaN,NaN,NaN,NaN

INPUT,0.396017700433731,0.0472676791250706,0.790712296962738,-2.68152952194214,3.05299592018127,-1.75018548965454,K,18
OUTPUT,NaN,NaN,NaN,NaN,NaN,NaN

INPUT,0.397602438926697,0.0475293435156345,0.794092416763306,-2.69099307060242,3.05133199691772,-1.74049055576324,K,19
OUTPUT,NaN,NaN,NaN,NaN,NaN,NaN

INPUT,0.398130685091019,0.0476165637373924,0.795219123363495,-2.69414854049683,3.05077910423279,-1.73725974559784,K,20
OUTPUT,NaN,NaN,NaN,NaN,NaN,NaN

INPUT,0.370825082063675,0.0405164547264576,0.717151999473572,-2.31072044372559,3.06694459915161,-1.69569218158722,K,4
OUTPUT,NaN,NaN,NaN,NaN,NaN,NaN

INPUT,0.380525350570679,0.0417745262384415,0.732670724391937,-2.37332820892334,3.05292224884033,-1.62572765350342,K,5
OUTPUT,NaN,NaN,NaN,NaN,NaN,NaN

INPUT,0.390225619077682,0.043032594025135,0.748189449310303,-2.43697071075439,3.03928804397583,-1.55671632289886,K,6
OUTPUT,NaN,NaN,NaN,NaN,NaN,NaN

INPUT,0.397770255804062,0.0440110936760902,0.760259568691254,-2.48694443702698,3.02899098396301,-1.50345253944397,K,7
OUTPUT,NaN,NaN,NaN,NaN,NaN,NaN

INPUT,0.403159290552139,0.0447100214660168,0.76888108253479,-2.52282905578613,3.021817445755,-1.46555995941162,K,8
OUTPUT,NaN,NaN,NaN,NaN,NaN,NaN

INPUT,0.406392723321915,0.0451293773949146,0.774053990840912,-2.54442262649536,3.01759099960327,-1.44287216663361,K,9
OUTPUT,NaN,NaN,NaN,NaN,NaN,NaN

INPUT,0.372845947742462,0.0428227335214615,0.731887638568878,-2.54268050193787,3.07791304588318,-1.90118312835693,K,5
OUTPUT,NaN,NaN,NaN,NaN,NaN,NaN

INPUT,0.381359785795212,0.0442660041153431,0.747516632080078,-2.59705638885498,3.06785488128662,-1.84122502803802,K,6
OUTPUT,NaN,NaN,NaN,NaN,NaN,NaN

INPUT,0.387981653213501,0.0453885458409786,0.759672522544861,-2.63960361480713,3.06023740768433,-1.79529666900635,K,7
OUTPUT,NaN,NaN,NaN,NaN,NaN,NaN

INPUT,0.39271154999733,0.0461903624236584,0.768355309963226,-2.66995668411255,3.05493187904358,-1.76290321350098,K,8
OUTPUT,NaN,NaN,NaN,NaN,NaN,NaN

INPUT,0.395549476146698,0.0466714538633823,0.77356493473053,-2.68811082839966,3.05180931091309,-1.74364686012268,K,9
OUTPUT,NaN,NaN,NaN,NaN,NaN,NaN

INPUT,0.362899750471115,0.032983623445034,0.727331638336182,1.05175256729126,3.13806867599487,1.64384925365448,K,4
OUTPUT,NaN,NaN,NaN,NaN,NaN,NaN

INPUT,0.369271278381348,0.0326830148696899,0.740777313709259,0.882193863391876,3.13706874847412,1.58169484138489,K,5
OUTPUT,NaN,NaN,NaN,NaN,NaN,NaN

INPUT,0.375642836093903,0.0323824062943459,0.754222989082336,0.755019068717957,3.13604307174683,1.56192445755005,K,6
OUTPUT,NaN,NaN,NaN,NaN,NaN,NaN

INPUT,0.380598485469818,0.0321485958993435,0.764680743217468,0.672927439212799,3.13524556159973,1.56297492980957,K,7
OUTPUT,NaN,NaN,NaN,NaN,NaN,NaN

INPUT,0.384138226509094,0.0319815911352634,0.772150576114655,0.620339095592499,3.13468098640442,1.56938886642456,K,8
OUTPUT,NaN,NaN,NaN,NaN,NaN,NaN

INPUT,0.386262059211731,0.0318813882768154,0.77663242816925,0.590676307678223,3.13434529304504,1.57492566108704,K,9
OUTPUT,NaN,NaN,NaN,NaN,NaN,NaN

INPUT,0.3565613925457,0.0218560546636581,0.736656963825226,0.828487396240234,3.07443642616272,1.61550450325012,K,5
OUTPUT,NaN,NaN,NaN,NaN,NaN,NaN

INPUT,0.361664116382599,0.0199577528983355,0.750472784042358,0.764961183071136,3.06486868858337,1.67175042629242,K,6
OUTPUT,NaN,NaN,NaN,NaN,NaN,NaN

INPUT,0.365632921457291,0.01848129555583,0.7612184882164,0.716103374958038,3.05761504173279,1.71607851982117,K,7
OUTPUT,NaN,NaN,NaN,NaN,NaN,NaN

INPUT,0.368467777967453,0.0174266826361418,0.768893957138062,0.681419849395752,3.05254411697388,1.74797356128693,K,8
OUTPUT,NaN,NaN,NaN,NaN,NaN,NaN

INPUT,0.370168685913086,0.0167939141392708,0.773499190807343,0.660679459571838,3.04954838752747,1.76718723773956,K,9
OUTPUT,NaN,NaN,NaN,NaN,NaN,NaN

INPUT,0.361546725034714,0.0395973920822144,0.721078932285309,-2.36005878448486,3.10950660705566,-1.81897485256195,K,11
OUTPUT,NaN,NaN,NaN,NaN,NaN,NaN

INPUT,0.366565525531769,0.0401933677494526,0.732237994670868,-2.39003562927246,3.10593485832214,-1.78530585765839,K,12
OUTPUT,NaN,NaN,NaN,NaN,NaN,NaN

INPUT,0.371584355831146,0.0407893434166908,0.743397116661072,-2.42034935951233,3.10239911079407,-1.75196981430054,K,13
OUTPUT,NaN,NaN,NaN,NaN,NaN,NaN

INPUT,0.376603186130524,0.0413853153586388,0.754556179046631,-2.45091414451599,3.09890294075012,-1.71888041496277,K,14
OUTPUT,NaN,NaN,NaN,NaN,NaN,NaN

INPUT,0.381622016429901,0.041981291025877,0.765715301036835,-2.48167133331299,3.09544992446899,-1.68597865104675,K,15
OUTPUT,NaN,NaN,NaN,NaN,NaN,NaN

INPUT,0.38613897562027,0.0425176694989204,0.775758445262909,-2.50948309898376,3.09238219261169,-1.65649282932281,K,16
OUTPUT,NaN,NaN,NaN,NaN,NaN,NaN

INPUT,0.389652162790298,0.042934849858284,0.783569812774658,-2.53118419647217,3.0900239944458,-1.63362646102905,K,17
OUTPUT,NaN,NaN,NaN,NaN,NaN,NaN

INPUT,0.392161548137665,0.0432328395545483,0.789149403572083,-2.54671716690063,3.08835506439209,-1.61732387542725,K,18
OUTPUT,NaN,NaN,NaN,NaN,NaN,NaN

INPUT,0.393667221069336,0.0434116311371326,0.792497098445892,-2.55604863166809,3.0873601436615,-1.60755324363708,K,19
OUTPUT,NaN,NaN,NaN,NaN,NaN,NaN

INPUT,0.394169092178345,0.0434712283313274,0.793613016605377,-2.55916094779968,3.08702945709229,-1.60429811477661,K,20
OUTPUT,NaN,NaN,NaN,NaN,NaN,NaN

INPUT,0.375504404306412,0.0458438582718372,0.721051931381226,-2.39988327026367,3.04271674156189,-1.88400340080261,K,11
OUTPUT,NaN,NaN,NaN,NaN,NaN,NaN

INPUT,0.382164627313614,0.0471744872629642,0.73220956325531,-2.42967510223389,3.03149151802063,-1.85301053524017,K,12
OUTPUT,NaN,NaN,NaN,NaN,NaN,NaN

INPUT,0.388824850320816,0.0485051199793816,0.743367195129395,-2.45959615707397,3.02036786079407,-1.82210958003998,K,13
OUTPUT,NaN,NaN,NaN,NaN,NaN,NaN

INPUT,0.395485043525696,0.0498357489705086,0.754524767398834,-2.4896194934845,3.0093560218811,-1.79127013683319,K,14
OUTPUT,NaN,NaN,NaN,NaN,NaN,NaN

INPUT,0.402145266532898,0.0511663816869259,0.765682399272919,-2.5197274684906,2.99846649169922,-1.76047098636627,K,15
OUTPUT,NaN,NaN,NaN,NaN,NaN,NaN

INPUT,0.40813946723938,0.0523639470338821,0.775724291801453,-2.5468864440918,2.98877859115601,-1.73277342319489,K,16
OUTPUT,NaN,NaN,NaN,NaN,NaN,NaN

INPUT,0.412801623344421,0.0532953888177872,0.783534646034241,-2.56804656982422,2.98132252693176,-1.71123933792114,K,17
OUTPUT,NaN,NaN,NaN,NaN,NaN,NaN

INPUT,0.416131734848022,0.0539607033133507,0.789113402366638,-2.58317875862122,2.9760410785675,-1.69586026668549,K,18
OUTPUT,NaN,NaN,NaN,NaN,NaN,NaN

INPUT,0.418129801750183,0.054359894245863,0.792460680007935,-2.59226489067078,2.97289061546326,-1.68663334846497,K,19
OUTPUT,NaN,NaN,NaN,NaN,NaN,NaN

INPUT,0.418795824050903,0.0544929578900337,0.79357647895813,-2.59529495239258,2.97184348106384,-1.68355774879456,K,20
OUTPUT,NaN,NaN,NaN,NaN,NaN,NaN

INPUT,0.360512673854828,0.0352543108165264,0.722237765789032,-2.65491485595703,3.10669589042664,-1.85772514343262,K,11
OUTPUT,NaN,NaN,NaN,NaN,NaN,NaN

INPUT,0.365409702062607,0.035339318215847,0.733533442020416,-2.70049333572388,3.10295557975769,-1.80951845645905,K,12
OUTPUT,NaN,NaN,NaN,NaN,NaN,NaN

INPUT,0.370306700468063,0.0354243293404579,0.744829177856445,-2.7463047504425,3.09929990768433,-1.76153802871704,K,13
OUTPUT,NaN,NaN,NaN,NaN,NaN,NaN

INPUT,0.375203728675842,0.0355093367397785,0.75612485408783,-2.79229068756104,3.09573721885681,-1.71372485160828,K,14
OUTPUT,NaN,NaN,NaN,NaN,NaN,NaN

INPUT,0.380100727081299,0.0355943478643894,0.767420589923859,-2.83841037750244,3.09227538108826,-1.66603791713715,K,15
OUTPUT,NaN,NaN,NaN,NaN,NaN,NaN

INPUT,0.384508043527603,0.0356708578765392,0.777586698532104,-2.88000893592834,3.08925223350525,-1.62320375442505,K,16
OUTPUT,NaN,NaN,NaN,NaN,NaN,NaN

INPUT,0.387935966253281,0.0357303619384766,0.785493731498718,-2.91241216659546,3.08696508407593,-1.58993256092072,K,17
OUTPUT,NaN,NaN,NaN,NaN,NaN,NaN

INPUT,0.390384465456009,0.035772867500782,0.79114156961441,-2.93557977676392,3.08536720275879,-1.56618762016296,K,18
OUTPUT,NaN,NaN,NaN,NaN,NaN,NaN

INPUT,0.39185357093811,0.0357983708381653,0.794530272483826,-2.94948863983154,3.08442330360413,-1.55194783210754,K,19
OUTPUT,NaN,NaN,NaN,NaN,NaN,NaN

INPUT,0.392343282699585,0.0358068719506264,0.795659840106964,-2.95412635803223,3.08411121368408,-1.5472024679184,K,20
OUTPUT,NaN,NaN,NaN,NaN,NaN,NaN

INPUT,0.370343834161758,0.0397188253700733,0.722043871879578,-2.49269676208496,3.06993675231934,-1.85637938976288,K,11
OUTPUT,NaN,NaN,NaN,NaN,NaN,NaN

INPUT,0.376397430896759,0.0403292328119278,0.733316719532013,-2.52941823005676,3.06194519996643,-1.81818997859955,K,12
OUTPUT,NaN,NaN,NaN,NaN,NaN,NaN

INPUT,0.38245102763176,0.0409396402537823,0.744589626789093,-2.56628489494324,3.05406522750854,-1.78012204170227,K,13
OUTPUT,NaN,NaN,NaN,NaN,NaN,NaN

INPUT,0.38850462436676,0.0415500476956367,0.755862414836884,-2.60326242446899,3.0463080406189,-1.74213969707489,K,14
OUTPUT,NaN,NaN,NaN,NaN,NaN,NaN

INPUT,0.394558221101761,0.0421604551374912,0.767135262489319,-2.64032912254333,3.03868436813354,-1.70421850681305,K,15
OUTPUT,NaN,NaN,NaN,NaN,NaN,NaN

INPUT,0.4000064432621,0.0427098199725151,0.777280867099762,-2.67375183105469,3.03194642066956,-1.67012739181519,K,16
OUTPUT,NaN,NaN,NaN,NaN,NaN,NaN

INPUT,0.404243975877762,0.0431371070444584,0.785171866416931,-2.69978260993958,3.0267915725708,-1.64363038539886,K,17
OUTPUT,NaN,NaN,NaN,NaN,NaN,NaN

INPUT,0.407270759344101,0.0434423089027405,0.790808260440826,-2.71839308738708,3.02315759658813,-1.62471163272858,K,18
OUTPUT,NaN,NaN,NaN,NaN,NaN,NaN

INPUT,0.40908682346344,0.0436254292726517,0.794190108776093,-2.72956585884094,3.0209972858429,-1.61336290836334,K,19
OUTPUT,NaN,NaN,NaN,NaN,NaN,NaN

INPUT,0.409692198038101,0.0436864718794823,0.795317411422729,-2.7332911491394,3.02028036117554,-1.6095803976059,K,20
OUTPUT,NaN,NaN,NaN,NaN,NaN,NaN

INPUT,0.368418276309967,0.0456678047776222,0.721589386463165,-2.08102965354919,3.06563854217529,-1.70821070671082,K,11
OUTPUT,NaN,NaN,NaN,NaN,NaN,NaN

INPUT,0.374245464801788,0.0469779036939144,0.732808709144592,-2.10199284553528,3.05690431594849,-1.68528711795807,K,12
OUTPUT,NaN,NaN,NaN,NaN,NaN,NaN

INPUT,0.38007265329361,0.0482880026102066,0.744028091430664,-2.1231472492218,3.04821085929871,-1.66253805160522,K,13
OUTPUT,NaN,NaN,NaN,NaN,NaN,NaN

INPUT,0.385899841785431,0.0495981015264988,0.755247414112091,-2.14444589614868,3.03956246376038,-1.63991570472717,K,14
OUTPUT,NaN,NaN,NaN,NaN,NaN,NaN

INPUT,0.391727030277252,0.050908200442791,0.766466736793518,-2.1658570766449,3.03096294403076,-1.61738669872284,K,15
OUTPUT,NaN,NaN,NaN,NaN,NaN,NaN

INPUT,0.396971493959427,0.0520872920751572,0.776564180850983,-2.18520545959473,3.02326893806458,-1.59717094898224,K,16
OUTPUT,NaN,NaN,NaN,NaN,NaN,NaN

INPUT,0.401050537824631,0.0530043616890907,0.784417748451233,-2.20029735565186,3.01731634140015,-1.58147835731506,K,17
OUTPUT,NaN,NaN,NaN,NaN,NaN,NaN

INPUT,0.403964132070541,0.0536594092845917,0.790027379989624,-2.21109771728516,3.01308250427246,-1.5702828168869,K,18
OUTPUT,NaN,NaN,NaN,NaN,NaN,NaN

INPUT,0.405712276697159,0.0540524385869503,0.793393194675446,-2.21758556365967,3.01054954528809,-1.56357026100159,K,19
OUTPUT,NaN,NaN,NaN,NaN,NaN,NaN

INPUT,0.406295001506805,0.0541834495961666,0.794515132904053,-2.21974921226501,3.00970649719238,-1.56133341789246,K,20
OUTPUT,NaN,NaN,NaN,NaN,NaN,NaN

INPUT,0.373801201581955,0.0491973422467709,0.719418406486511,-2.28624224662781,3.02135610580444,-1.67754733562469,K,11
OUTPUT,NaN,NaN,NaN,NaN,NaN,NaN

INPUT,0.380261361598969,0.050922803580761,0.730382442474365,-2.32156491279602,3.00781726837158,-1.64108121395111,K,12
OUTPUT,NaN,NaN,NaN,NaN,NaN,NaN

INPUT,0.386721521615982,0.0526482649147511,0.741346418857574,-2.35702419281006,2.99445009231567,-1.60468697547913,K,13
OUTPUT,NaN,NaN,NaN,NaN,NaN,NaN

INPUT,0.393181681632996,0.0543737262487411,0.752310395240784,-2.39259576797485,2.98127245903015,-1.56833481788635,K,14
OUTPUT,NaN,NaN,NaN,NaN,NaN,NaN

INPUT,0.399641841650009,0.0560991875827312,0.763274431228638,-2.42826414108276,2.96830153465271,-1.53200376033783,K,15
OUTPUT,NaN,NaN,NaN,NaN,NaN,NaN

INPUT,0.405456006526947,0.0576521009206772,0.773141980171204,-2.46043944358826,2.95681834220886,-1.49931085109711,K,16
OUTPUT,NaN,NaN,NaN,NaN,NaN,NaN

INPUT,0.409978121519089,0.0588599257171154,0.780816793441772,-2.48550915718079,2.94802021980286,-1.4738804101944,K,17
OUTPUT,NaN,NaN,NaN,NaN,NaN,NaN

INPUT,0.413208186626434,0.0597226545214653,0.786298811435699,-2.50343871116638,2.94181036949158,-1.4557124376297,K,18
OUTPUT,NaN,NaN,NaN,NaN,NaN,NaN

INPUT,0.415146231651306,0.0602402910590172,0.78958797454834,-2.51420545578003,2.93811559677124,-1.44480979442596,K,19
OUTPUT,NaN,NaN,NaN,NaN,NaN,NaN

INPUT,0.415792256593704,0.0604128390550613,0.790684401988983,-2.51779580116272,2.93688917160034,-1.44117510318756,K,20
OUTPUT,NaN,NaN,NaN,NaN,NaN,NaN

INPUT,0.365150839090347,0.0365123674273491,0.722029268741608,-2.54238438606262,3.09574675559998,-1.71907496452332,K,11
OUTPUT,NaN,NaN,NaN,NaN,NaN,NaN

INPUT,0.370593518018723,0.0367454774677753,0.733300447463989,-2.58956336975098,3.090815782547,-1.66937923431396,K,12
OUTPUT,NaN,NaN,NaN,NaN,NaN,NaN

INPUT,0.37603622674942,0.0369785875082016,0.744571685791016,-2.63696885108948,3.08600378036499,-1.61989784240723,K,13
OUTPUT,NaN,NaN,NaN,NaN,NaN,NaN

INPUT,0.381478905677795,0.0372116975486279,0.755842924118042,-2.6845440864563,3.08132219314575,-1.57057356834412,K,14
OUTPUT,NaN,NaN,NaN,NaN,NaN,NaN

INPUT,0.386921614408493,0.0374448075890541,0.767114162445068,-2.73225069046021,3.07678174972534,-1.52136707305908,K,15
OUTPUT,NaN,NaN,NaN,NaN,NaN,NaN

INPUT,0.391820043325424,0.0376546047627926,0.777258217334747,-2.77527570724487,3.07282519340515,-1.47715854644775,K,16
OUTPUT,NaN,NaN,NaN,NaN,NaN,NaN

INPUT,0.395629942417145,0.0378177836537361,0.785148084163666,-2.80878829956055,3.06983780860901,-1.44281446933746,K,17
OUTPUT,NaN,NaN,NaN,NaN,NaN,NaN

INPUT,0.398351281881332,0.0379343368113041,0.790783703327179,-2.83274817466736,3.06775426864624,-1.41830122470856,K,18
OUTPUT,NaN,NaN,NaN,NaN,NaN,NaN

INPUT,0.399984091520309,0.0380042679607868,0.794165074825287,-2.84713244438171,3.06652474403381,-1.40359973907471,K,19
OUTPUT,NaN,NaN,NaN,NaN,NaN,NaN

INPUT,0.400528371334076,0.0380275808274746,0.79529219865799,-2.85192847251892,3.06611847877502,-1.39870011806488,K,20
OUTPUT,NaN,NaN,NaN,NaN,NaN,NaN

INPUT,0.371019840240479,0.0491289310157299,0.720163583755493,-2.29147744178772,3.03490042686462,-1.87704598903656,K,11
OUTPUT,NaN,NaN,NaN,NaN,NaN,NaN

INPUT,0.377152383327484,0.0508460104465485,0.731216788291931,-2.31529378890991,3.0226583480835,-1.85201990604401,K,12
OUTPUT,NaN,NaN,NaN,NaN,NaN,NaN

INPUT,0.38328492641449,0.052563089877367,0.742270052433014,-2.33924007415771,3.01048684120178,-1.82708859443665,K,13
OUTPUT,NaN,NaN,NaN,NaN,NaN,NaN

INPUT,0.389417469501495,0.0542801655828953,0.753323256969452,-2.36328935623169,2.99839353561401,-1.80222105979919,K,14
OUTPUT,NaN,NaN,NaN,NaN,NaN,NaN

INPUT,0.395550012588501,0.0559972450137138,0.764376521110535,-2.38742327690125,2.98638558387756,-1.77739596366882,K,15
OUTPUT,NaN,NaN,NaN,NaN,NaN,NaN

INPUT,0.401069313287735,0.0575426146388054,0.774324417114258,-2.40920567512512,2.97565746307373,-1.75507628917694,K,16
OUTPUT,NaN,NaN,NaN,NaN,NaN,NaN

INPUT,0.405362099409103,0.0587445721030235,0.782061696052551,-2.4261839389801,2.96736860275269,-1.73772597312927,K,17
OUTPUT,NaN,NaN,NaN,NaN,NaN,NaN

INPUT,0.408428370952606,0.0596031099557877,0.78758829832077,-2.43832921981812,2.9614794254303,-1.72533571720123,K,18
OUTPUT,NaN,NaN,NaN,NaN,NaN,NaN

INPUT,0.410268127918243,0.0601182319223881,0.79090428352356,-2.44562315940857,2.95795845985413,-1.71790218353271,K,19
OUTPUT,NaN,NaN,NaN,NaN,NaN,NaN

INPUT,0.410881400108337,0.0602899417281151,0.792009592056274,-2.44805550575256,2.956787109375,-1.7154244184494,K,20
OUTPUT,NaN,NaN,NaN,NaN,NaN,NaN

INPUT,0.359807074069977,0.0400392301380634,0.722199618816376,-2.25237798690796,3.10837197303772,-1.80178678035736,K,11
OUTPUT,NaN,NaN,NaN,NaN,NaN,NaN

INPUT,0.364620268344879,0.0406870655715466,0.733492195606232,-2.27680706977844,3.10463452339172,-1.77321708202362,K,12
OUTPUT,NaN,NaN,NaN,NaN,NaN,NaN

INPUT,0.369433462619781,0.04133490473032,0.744784832000732,-2.30161714553833,3.10092258453369,-1.7450248003006,K,13
OUTPUT,NaN,NaN,NaN,NaN,NaN,NaN

INPUT,0.374246627092361,0.0419827438890934,0.756077468395233,-2.32671117782593,3.09723925590515,-1.71711242198944,K,14
OUTPUT,NaN,NaN,NaN,NaN,NaN,NaN

INPUT,0.379059791564941,0.0426305793225765,0.767370045185089,-2.35202264785767,3.09358692169189,-1.689413189888,K,15
OUTPUT,NaN,NaN,NaN,NaN,NaN,NaN

INPUT,0.38339164853096,0.0432136356830597,0.777533411979675,-2.37494993209839,3.09032869338989,-1.66462671756744,K,16
OUTPUT,NaN,NaN,NaN,NaN,NaN,NaN

INPUT,0.386760890483856,0.0436671227216721,0.785438239574432,-2.39286088943481,3.08781433105469,-1.64542460441589,K,17
OUTPUT,NaN,NaN,NaN,NaN,NaN,NaN

INPUT,0.389167487621307,0.0439910404384136,0.791084587574005,-2.40569114685059,3.08602976799011,-1.6317435503006,K,18
OUTPUT,NaN,NaN,NaN,NaN,NaN,NaN

INPUT,0.390611439943314,0.0441853925585747,0.794472336769104,-2.41340231895447,3.08496356010437,-1.62354755401611,K,19
OUTPUT,NaN,NaN,NaN,NaN,NaN,NaN

INPUT,0.391092747449875,0.0442501753568649,0.795601606369019,-2.41597461700439,3.08460903167725,-1.62081754207611,K,20
OUTPUT,NaN,NaN,NaN,NaN,NaN,NaN

INPUT,0.370389997959137,0.040179155766964,0.730492353439331,-2.41644215583801,3.10299468040466,-1.77590978145599,K,5
OUTPUT,NaN,NaN,NaN,NaN,NaN,NaN

INPUT,0.378622561693192,0.0411483198404312,0.746026515960693,-2.46698141098022,3.09707546234131,-1.71248435974121,K,6
OUTPUT,NaN,NaN,NaN,NaN,NaN,NaN

INPUT,0.385025650262833,0.0419021099805832,0.758108615875244,-2.50714230537415,3.09259343147278,-1.66446840763092,K,7
OUTPUT,NaN,NaN,NaN,NaN,NaN,NaN

INPUT,0.389599293470383,0.0424405336380005,0.766738712787628,-2.53602766990662,3.08947229385376,-1.63082480430603,K,8
OUTPUT,NaN,NaN,NaN,NaN,NaN,NaN

INPUT,0.392343491315842,0.0427635870873928,0.771916747093201,-2.55337905883789,3.08763551712036,-1.61089730262756,K,9
OUTPUT,NaN,NaN,NaN,NaN,NaN,NaN

INPUT,0.37609326839447,0.0445832572877407,0.716823518276215,-2.38810157775879,3.04212403297424,-1.88782048225403,K,4
OUTPUT,NaN,NaN,NaN,NaN,NaN,NaN

INPUT,0.386632680892944,0.0467417687177658,0.731922447681427,-2.44330072402954,3.02289295196533,-1.83374309539795,K,5
OUTPUT,NaN,NaN,NaN,NaN,NaN,NaN

INPUT,0.397172123193741,0.0489002801477909,0.747021377086639,-2.49840641021729,3.00401592254639,-1.7794486284256,K,6
OUTPUT,NaN,NaN,NaN,NaN,NaN,NaN

INPUT,0.405369460582733,0.0505791194736958,0.758764982223511,-2.5410304069519,2.9896867275238,-1.73731553554535,K,7
OUTPUT,NaN,NaN,NaN,NaN,NaN,NaN

INPUT,0.411224693059921,0.0517782941460609,0.767153263092041,-2.57126760482788,2.97968554496765,-1.70737445354462,K,8
OUTPUT,NaN,NaN,NaN,NaN,NaN,NaN

INPUT,0.414737820625305,0.0524977967143059,0.772186279296875,-2.5893030166626,2.97379016876221,-1.6894987821579,K,9
OUTPUT,NaN,NaN,NaN,NaN,NaN,NaN

INPUT,0.369097471237183,0.0352555103600025,0.731927692890167,-2.73642349243164,3.10006666183472,-1.79242825508118,K,5
OUTPUT,NaN,NaN,NaN,NaN,NaN,NaN

INPUT,0.377059578895569,0.0353769101202488,0.747683167457581,-2.81370759010315,3.09402132034302,-1.70307886600494,K,6
OUTPUT,NaN,NaN,NaN,NaN,NaN,NaN

INPUT,0.383252322673798,0.0354713350534439,0.759937405586243,-2.87477207183838,3.08954453468323,-1.63452386856079,K,7
OUTPUT,NaN,NaN,NaN,NaN,NaN,NaN

INPUT,0.387675702571869,0.0355387777090073,0.768690466880798,-2.9187593460083,3.08647918701172,-1.58591651916504,K,8
OUTPUT,NaN,NaN,NaN,NaN,NaN,NaN

INPUT,0.390329748392105,0.0355792455375195,0.773942291736603,-2.94527125358582,3.08469605445862,-1.55686819553375,K,9
OUTPUT,NaN,NaN,NaN,NaN,NaN,NaN

INPUT,0.37087270617485,0.0390691496431828,0.71700918674469,-2.48793053627014,3.06966638565063,-1.86844038963318,K,4
OUTPUT,NaN,NaN,NaN,NaN,NaN,NaN

INPUT,0.380560457706451,0.0400370061397552,0.732482612133026,-2.55205130577087,3.05601763725281,-1.79920506477356,K,5
OUTPUT,NaN,NaN,NaN,NaN,NaN,NaN

INPUT,0.39024817943573,0.0410048589110374,0.747956037521362,-2.61690640449524,3.04274868965149,-1.7306272983551,K,6
OUTPUT,NaN,NaN,NaN,NaN,NaN,NaN

INPUT,0.397783100605011,0.0417576357722282,0.759990990161896,-2.66768789291382,3.03272891044617,-1.67756855487823,K,7
OUTPUT,NaN,NaN,NaN,NaN,NaN,NaN

INPUT,0.403165191411972,0.0422953329980373,0.768587350845337,-2.70409655570984,3.02574968338013,-1.63977158069611,K,8
OUTPUT,NaN,NaN,NaN,NaN,NaN,NaN

INPUT,0.406394422054291,0.0426179505884647,0.773745119571686,-2.72598743438721,3.02163791656494,-1.6171247959137,K,9
OUTPUT,NaN,NaN,NaN,NaN,NaN,NaN

INPUT,0.369010239839554,0.044401504099369,0.716213226318359,-2.08001303672791,3.06475830078125,-1.71841871738434,K,4
OUTPUT,NaN,NaN,NaN,NaN,NaN,NaN

INPUT,0.378458976745605,0.0464361682534218,0.73169207572937,-2.11603808403015,3.04993343353271,-1.67574751377106,K,5
OUTPUT,NaN,NaN,NaN,NaN,NaN,NaN

INPUT,0.387907713651657,0.0484708361327648,0.747170925140381,-2.15301156044006,3.03524971008301,-1.63397121429443,K,6
OUTPUT,NaN,NaN,NaN,NaN,NaN,NaN

INPUT,0.395256757736206,0.0500533506274223,0.759209990501404,-2.18212461471558,3.02397108078003,-1.60195374488831,K,7
OUTPUT,NaN,NaN,NaN,NaN,NaN,NaN

INPUT,0.400506049394608,0.0511837229132652,0.767809331417084,-2.20301485061646,3.01601004600525,-1.57931268215179,K,8
OUTPUT,NaN,NaN,NaN,NaN,NaN,NaN

INPUT,0.403655648231506,0.0518619455397129,0.772968947887421,-2.21556520462036,3.01127672195435,-1.56581711769104,K,9
OUTPUT,NaN,NaN,NaN,NaN,NaN,NaN

INPUT,0.374032735824585,0.0475230738520622,0.714815497398376,-2.27843308448792,3.02040553092957,-1.68750858306885,K,4
OUTPUT,NaN,NaN,NaN,NaN,NaN,NaN

INPUT,0.384213209152222,0.0503064543008804,0.729714870452881,-2.34123873710632,2.9974000453949,-1.6220611333847,K,5
OUTPUT,NaN,NaN,NaN,NaN,NaN,NaN

INPUT,0.394393742084503,0.0530898422002792,0.744614243507385,-2.40450930595398,2.97498607635498,-1.55686771869659,K,6
OUTPUT,NaN,NaN,NaN,NaN,NaN,NaN

INPUT,0.402311891317368,0.0552546940743923,0.756202578544617,-2.45396089553833,2.95802187919617,-1.50624072551727,K,7
OUTPUT,NaN,NaN,NaN,NaN,NaN,NaN

INPUT,0.40796771645546,0.0568010173738003,0.764479994773865,-2.48939180374146,2.94618225097656,-1.47009325027466,K,8
OUTPUT,NaN,NaN,NaN,NaN,NaN,NaN

INPUT,0.411361217498779,0.0577288120985031,0.769446492195129,-2.51068997383118,2.93919706344604,-1.44840502738953,K,9
OUTPUT,NaN,NaN,NaN,NaN,NaN,NaN

INPUT,0.374550402164459,0.0365979075431824,0.731941819190979,-2.62543630599976,3.0870954990387,-1.65069675445557,K,5
OUTPUT,NaN,NaN,NaN,NaN,NaN,NaN

INPUT,0.383382201194763,0.0369575209915638,0.747568488121033,-2.70595335960388,3.07912063598633,-1.5589953660965,K,6
OUTPUT,NaN,NaN,NaN,NaN,NaN,NaN

INPUT,0.390251338481903,0.0372372232377529,0.759722530841827,-2.76947212219238,3.07323408126831,-1.48853778839111,K,7
OUTPUT,NaN,NaN,NaN,NaN,NaN,NaN

INPUT,0.395157903432846,0.0374370068311691,0.768403947353363,-2.81518888473511,3.0692150592804,-1.43854117393494,K,8
OUTPUT,NaN,NaN,NaN,NaN,NaN,NaN

INPUT,0.398101836442947,0.037556879222393,0.773612856864929,-2.8427312374115,3.06688261032104,-1.40864884853363,K,9
OUTPUT,NaN,NaN,NaN,NaN,NaN,NaN

INPUT,0.37134525179863,0.0475581884384155,0.715261876583099,-2.2818078994751,3.03427338600159,-1.88033294677734,K,4
OUTPUT,NaN,NaN,NaN,NaN,NaN,NaN

INPUT,0.381062626838684,0.0503064692020416,0.730373442173004,-2.32595205307007,3.0133204460144,-1.83670330047607,K,5
OUTPUT,NaN,NaN,NaN,NaN,NaN,NaN

INPUT,0.390779972076416,0.053054753690958,0.745485007762909,-2.37008285522461,2.99261379241943,-1.79294288158417,K,6
OUTPUT,NaN,NaN,NaN,NaN,NaN,NaN

INPUT,0.398337930440903,0.055192306637764,0.757238507270813,-2.40430688858032,2.97675800323486,-1.75894272327423,K,7
OUTPUT,NaN,NaN,NaN,NaN,NaN,NaN

INPUT,0.403736442327499,0.0567191280424595,0.765633821487427,-2.42865538597107,2.96559929847717,-1.73472893238068,K,8
OUTPUT,NaN,NaN,NaN,NaN,NaN,NaN

INPUT,0.406975567340851,0.0576352216303349,0.770671010017395,-2.44321298599243,2.95898008346558,-1.72024405002594,K,9
OUTPUT,NaN,NaN,NaN,NaN,NaN,NaN

INPUT,0.368373900651932,0.0406142696738243,0.731829524040222,-2.29976916313171,3.10152506828308,-1.7664874792099,K,5
OUTPUT,NaN,NaN,NaN,NaN,NaN,NaN

INPUT,0.37624591588974,0.0416510812938213,0.747599124908447,-2.34055852890015,3.09531140327454,-1.71254062652588,K,6
OUTPUT,NaN,NaN,NaN,NaN,NaN,NaN

INPUT,0.382368624210358,0.0424574911594391,0.759864389896393,-2.37326502799988,3.0905659198761,-1.67182660102844,K,7
OUTPUT,NaN,NaN,NaN,NaN,NaN,NaN

INPUT,0.38674196600914,0.0430334992706776,0.768625319004059,-2.39693355560303,3.08723449707031,-1.64331257343292,K,8
OUTPUT,NaN,NaN,NaN,NaN,NaN,NaN

INPUT,0.389365971088409,0.0433791056275368,0.773881852626801,-2.41120839118958,3.08526206016541,-1.62641561031342,K,9
OUTPUT,NaN,NaN,NaN,NaN,NaN,NaN

INPUT,0.348907798528671,0.0344480872154236,0.732146501541138,0.407246291637421,3.07742023468018,1.49544262886047,K,12
OUTPUT,NaN,NaN,NaN,NaN,NaN,NaN

INPUT,0.352067887783051,0.0344392918050289,0.743296146392822,0.349189639091492,3.07136034965515,1.55200099945068,K,13
OUTPUT,NaN,NaN,NaN,NaN,NaN,NaN

INPUT,0.355227947235107,0.0344304963946342,0.754445731639862,0.291238188743591,3.06553101539612,1.6086882352829,K,14
OUTPUT,NaN,NaN,NaN,NaN,NaN,NaN

INPUT,0.358388036489487,0.0344217009842396,0.765595376491547,0.233362674713135,3.05995106697083,1.66547632217407,K,15
OUTPUT,NaN,NaN,NaN,NaN,NaN,NaN

INPUT,0.361232101917267,0.0344137847423553,0.775630056858063,0.181322246789932,3.05515789985657,1.71665501594543,K,16
OUTPUT,NaN,NaN,NaN,NaN,NaN,NaN

INPUT,0.363444179296494,0.0344076305627823,0.783434748649597,0.140870288014412,3.05158829689026,1.75649905204773,K,17
OUTPUT,NaN,NaN,NaN,NaN,NaN,NaN

INPUT,0.365024209022522,0.0344032309949398,0.789009571075439,0.111986294388771,3.04912686347961,1.78497707843781,K,18
OUTPUT,NaN,NaN,NaN,NaN,NaN,NaN

INPUT,0.365972250699997,0.0344005934894085,0.792354464530945,0.0946594178676605,3.04768633842468,1.80207049846649,K,19
OUTPUT,NaN,NaN,NaN,NaN,NaN,NaN

INPUT,0.366288244724274,0.0343997143208981,0.793469429016113,0.0888843089342117,3.04721236228943,1.80776929855347,K,20
OUTPUT,NaN,NaN,NaN,NaN,NaN,NaN

INPUT,0.378160119056702,0.0502152293920517,0.718820095062256,-2.28884124755859,3.00262236595154,-1.71505296230316,K,11
OUTPUT,NaN,NaN,NaN,NaN,NaN,NaN

INPUT,0.385133683681488,0.052060566842556,0.729712784290314,-2.32224440574646,2.98689317703247,-1.68072175979614,K,12
OUTPUT,NaN,NaN,NaN,NaN,NaN,NaN

INPUT,0.392107278108597,0.0539059042930603,0.740605473518372,-2.35577392578125,2.9713408946991,-1.64643454551697,K,13
OUTPUT,NaN,NaN,NaN,NaN,NaN,NaN

INPUT,0.399080842733383,0.0557512380182743,0.751498222351074,-2.38941097259521,2.95598363876343,-1.61216557025909,K,14
OUTPUT,NaN,NaN,NaN,NaN,NaN,NaN

INPUT,0.406054437160492,0.0575965791940689,0.762390911579132,-2.42314410209656,2.9408392906189,-1.57789611816406,K,15
OUTPUT,NaN,NaN,NaN,NaN,NaN,NaN

INPUT,0.412330657243729,0.0592573806643486,0.77219432592392,-2.45357990264893,2.92740631103516,-1.54704189300537,K,16
OUTPUT,NaN,NaN,NaN,NaN,NaN,NaN

INPUT,0.417212158441544,0.0605491176247597,0.779819250106812,-2.47729969024658,2.91709613800049,-1.52303099632263,K,17
OUTPUT,NaN,NaN,NaN,NaN,NaN,NaN

INPUT,0.420698940753937,0.0614717863500118,0.785265624523163,-2.4942672252655,2.90980887413025,-1.50587141513824,K,18
OUTPUT,NaN,NaN,NaN,NaN,NaN,NaN

INPUT,0.422791033983231,0.0620253868401051,0.788533389568329,-2.5044572353363,2.90546870231628,-1.49557161331177,K,19
OUTPUT,NaN,NaN,NaN,NaN,NaN,NaN

INPUT,0.42348837852478,0.0622099190950394,0.789622664451599,-2.50785565376282,2.90402722358704,-1.49213755130768,K,20
OUTPUT,NaN,NaN,NaN,NaN,NaN,NaN

INPUT,0.369183123111725,0.045254472643137,0.719921231269836,-2.44842576980591,3.04455852508545,-2.00480532646179,K,11
OUTPUT,NaN,NaN,NaN,NaN,NaN,NaN

INPUT,0.375100791454315,0.0465160124003887,0.730943381786346,-2.47409391403198,3.0334644317627,-1.97821080684662,K,12
OUTPUT,NaN,NaN,NaN,NaN,NaN,NaN

INPUT,0.381018459796906,0.0477775484323502,0.741965532302856,-2.49986362457275,3.02244424819946,-1.95168626308441,K,13
OUTPUT,NaN,NaN,NaN,NaN,NaN,NaN

INPUT,0.386936128139496,0.0490390881896019,0.752987623214722,-2.52571415901184,3.01150512695313,-1.92520844936371,K,14
OUTPUT,NaN,NaN,NaN,NaN,NaN,NaN

INPUT,0.392853766679764,0.0503006279468536,0.764009773731232,-2.55163145065308,3.00065517425537,-1.89876043796539,K,15
OUTPUT,NaN,NaN,NaN,NaN,NaN,NaN

INPUT,0.398179680109024,0.051436010748148,0.773929715156555,-2.57500672340393,2.99097204208374,-1.87497270107269,K,16
OUTPUT,NaN,NaN,NaN,NaN,NaN,NaN

INPUT,0.402322053909302,0.0523190870881081,0.781645178794861,-2.59321665763855,2.98349833488464,-1.85647666454315,K,17
OUTPUT,NaN,NaN,NaN,NaN,NaN,NaN

INPUT,0.405280888080597,0.0529498569667339,0.787156283855438,-2.60623812675476,2.97819232940674,-1.84326660633087,K,18
OUTPUT,NaN,NaN,NaN,NaN,NaN,NaN

INPUT,0.40705618262291,0.0533283203840256,0.790462911128998,-2.61405682563782,2.97502207756042,-1.83534061908722,K,19
OUTPUT,NaN,NaN,NaN,NaN,NaN,NaN

INPUT,0.40764793753624,0.0534544736146927,0.791565120220184,-2.61666393280029,2.97396755218506,-1.83269870281219,K,20
OUTPUT,NaN,NaN,NaN,NaN,NaN,NaN

INPUT,0.37850284576416,0.0482100173830986,0.714960873126984,-2.27607822418213,3.00104141235352,-1.72004055976868,K,4
OUTPUT,NaN,NaN,NaN,NaN,NaN,NaN

INPUT,0.389406800270081,0.0511781014502048,0.729578852653503,-2.33745265007019,2.97442984580994,-1.66013419628143,K,5
OUTPUT,NaN,NaN,NaN,NaN,NaN,NaN

INPUT,0.400310754776001,0.0541461855173111,0.744196891784668,-2.39876127243042,2.94843125343323,-1.5998946428299,K,6
OUTPUT,NaN,NaN,NaN,NaN,NaN,NaN

INPUT,0.408791601657867,0.0564546920359135,0.755566418170929,-2.44646048545837,2.92869639396667,-1.55284917354584,K,7
OUTPUT,NaN,NaN,NaN,NaN,NaN,NaN

INPUT,0.414849370718002,0.0581036284565926,0.763687491416931,-2.48055696487427,2.91488838195801,-1.51915061473846,K,8
OUTPUT,NaN,NaN,NaN,NaN,NaN,NaN

INPUT,0.418484002351761,0.0590929910540581,0.768560171127319,-2.5010290145874,2.90672659873962,-1.49889528751373,K,9
OUTPUT,NaN,NaN,NaN,NaN,NaN,NaN

INPUT,0.369395077228546,0.0441203862428665,0.714772462844849,-2.43905568122864,3.04454231262207,-2.00855827331543,K,4
OUTPUT,NaN,NaN,NaN,NaN,NaN,NaN

INPUT,0.378756493330002,0.046148519963026,0.729880034923553,-2.48627185821533,3.02540445327759,-1.96201539039612,K,5
OUTPUT,NaN,NaN,NaN,NaN,NaN,NaN

INPUT,0.388117909431458,0.0481766536831856,0.744987607002258,-2.53344511985779,3.00652194023132,-1.91532599925995,K,6
OUTPUT,NaN,NaN,NaN,NaN,NaN,NaN

INPUT,0.39539897441864,0.049754086881876,0.756737887859344,-2.56999707221985,2.99209237098694,-1.87906575202942,K,7
OUTPUT,NaN,NaN,NaN,NaN,NaN,NaN

INPUT,0.400599777698517,0.0508808270096779,0.765130996704102,-2.59597873687744,2.98195767402649,-1.85325932502747,K,8
OUTPUT,NaN,NaN,NaN,NaN,NaN,NaN

INPUT,0.40372022986412,0.0515568740665913,0.770166873931885,-2.61150193214417,2.97595477104187,-1.83783066272736,K,9
OUTPUT,NaN,NaN,NaN,NaN,NaN,NaN

INPUT,0.354540109634399,0.0346037410199642,0.73542058467865,0.337869942188263,3.07184481620789,1.54488503932953,K,5
OUTPUT,NaN,NaN,NaN,NaN,NaN,NaN

INPUT,0.35944527387619,0.0345905236899853,0.749150216579437,0.248771637678146,3.06236362457275,1.64000010490417,K,6
OUTPUT,NaN,NaN,NaN,NaN,NaN,NaN

INPUT,0.363260418176651,0.0345802418887615,0.759828805923462,0.179005771875381,3.05544900894165,1.71355748176575,K,7
OUTPUT,NaN,NaN,NaN,NaN,NaN,NaN

INPUT,0.365985542535782,0.0345728993415833,0.767456352710724,0.128988295793533,3.05077838897705,1.7659387588501,K,8
OUTPUT,NaN,NaN,NaN,NaN,NaN,NaN

INPUT,0.367620587348938,0.0345684923231602,0.772032916545868,0.0989171341061592,3.04808926582336,1.79731714725494,K,9
OUTPUT,NaN,NaN,NaN,NaN,NaN,NaN

INPUT,0.366304367780685,0.0396926179528236,0.721247434616089,-2.23791313171387,3.09585618972778,-1.57502734661102,K,11
OUTPUT,NaN,NaN,NaN,NaN,NaN,NaN

INPUT,0.371882647275925,0.0402998402714729,0.732426762580872,-2.27526688575745,3.09079122543335,-1.53438687324524,K,12
OUTPUT,NaN,NaN,NaN,NaN,NaN,NaN

INPUT,0.377460926771164,0.0409070625901222,0.74360603094101,-2.31292128562927,3.08580350875854,-1.49403750896454,K,13
OUTPUT,NaN,NaN,NaN,NaN,NaN,NaN

INPUT,0.383039206266403,0.0415142849087715,0.754785299301147,-2.35080099105835,3.08090019226074,-1.45390224456787,K,14
OUTPUT,NaN,NaN,NaN,NaN,NaN,NaN

INPUT,0.388617485761642,0.0421215072274208,0.76596462726593,-2.38885354995728,3.07608938217163,-1.41392850875854,K,15
OUTPUT,NaN,NaN,NaN,NaN,NaN,NaN

INPUT,0.393637925386429,0.0426680073142052,0.776025950908661,-2.42321825027466,3.07184457778931,-1.37805902957916,K,16
OUTPUT,NaN,NaN,NaN,NaN,NaN,NaN

INPUT,0.397542744874954,0.0430930629372597,0.783851444721222,-2.45000982284546,3.06860208511353,-1.35021710395813,K,17
OUTPUT,NaN,NaN,NaN,NaN,NaN,NaN

INPUT,0.400331884622574,0.0433966740965843,0.789441108703613,-2.46917605400085,3.06631922721863,-1.3303554058075,K,18
OUTPUT,NaN,NaN,NaN,NaN,NaN,NaN

INPUT,0.402005344629288,0.0435788407921791,0.79279488325119,-2.48068642616272,3.0649631023407,-1.31844758987427,K,19
OUTPUT,NaN,NaN,NaN,NaN,NaN,NaN

INPUT,0.402563184499741,0.043639563024044,0.793912827968597,-2.48452496528625,3.06451344490051,-1.31447970867157,K,20
OUTPUT,NaN,NaN,NaN,NaN,NaN,NaN

INPUT,0.362320840358734,0.0359637625515461,0.722980797290802,-2.43621778488159,3.11037731170654,-1.78325641155243,K,11
OUTPUT,NaN,NaN,NaN,NaN,NaN,NaN

INPUT,0.367429852485657,0.0361319854855537,0.734365165233612,-2.47263622283936,3.10695910453796,-1.74286425113678,K,12
OUTPUT,NaN,NaN,NaN,NaN,NaN,NaN

INPUT,0.372538864612579,0.0363002084195614,0.745749533176422,-2.50941157341003,3.10359168052673,-1.70282447338104,K,13
OUTPUT,NaN,NaN,NaN,NaN,NaN,NaN

INPUT,0.377647876739502,0.036468431353569,0.757133841514587,-2.54645323753357,3.10028028488159,-1.66304624080658,K,14
OUTPUT,NaN,NaN,NaN,NaN,NaN,NaN

INPUT,0.382756888866425,0.0366366542875767,0.768518209457397,-2.58369898796082,3.09702968597412,-1.62346684932709,K,15
OUTPUT,NaN,NaN,NaN,NaN,NaN,NaN

INPUT,0.387355029582977,0.0367880538105965,0.778764128684998,-2.61735796928406,3.09416007995605,-1.58797836303711,K,16
OUTPUT,NaN,NaN,NaN,NaN,NaN,NaN

INPUT,0.390931338071823,0.0369058102369308,0.786733150482178,-2.64361119270325,3.09196734428406,-1.56044721603394,K,17
OUTPUT,NaN,NaN,NaN,NaN,NaN,NaN

INPUT,0.393485844135284,0.0369899198412895,0.792425334453583,-2.66239762306213,3.09042286872864,-1.54081439971924,K,18
OUTPUT,NaN,NaN,NaN,NaN,NaN,NaN

INPUT,0.395018547773361,0.0370403863489628,0.795840620994568,-2.67368197441101,3.08950519561768,-1.52904653549194,K,19
OUTPUT,NaN,NaN,NaN,NaN,NaN,NaN

INPUT,0.395529448986053,0.0370572097599506,0.796979069709778,-2.67744541168213,3.08920073509216,-1.52512562274933,K,20
OUTPUT,NaN,NaN,NaN,NaN,NaN,NaN

INPUT,0.362990111112595,0.0359994992613792,0.722318530082703,-2.37847661972046,3.11018681526184,-1.64544188976288,K,11
OUTPUT,NaN,NaN,NaN,NaN,NaN,NaN

INPUT,0.368178963661194,0.0361723750829697,0.733622789382935,-2.41954278945923,3.10677742958069,-1.60027682781219,K,12
OUTPUT,NaN,NaN,NaN,NaN,NaN,NaN

INPUT,0.373367816209793,0.0363452471792698,0.744927048683167,-2.46097421646118,3.10343241691589,-1.55547189712524,K,13
OUTPUT,NaN,NaN,NaN,NaN,NaN,NaN

INPUT,0.378556668758392,0.0365181230008602,0.756231307983398,-2.50267791748047,3.10015821456909,-1.51093375682831,K,14
OUTPUT,NaN,NaN,NaN,NaN,NaN,NaN

INPUT,0.383745521306992,0.0366909950971603,0.767535626888275,-2.54458975791931,3.09696125984192,-1.46659815311432,K,15
OUTPUT,NaN,NaN,NaN,NaN,NaN,NaN

INPUT,0.388415515422821,0.0368465818464756,0.777709424495697,-2.5824511051178,3.09415435791016,-1.42683148384094,K,16
OUTPUT,NaN,NaN,NaN,NaN,NaN,NaN

INPUT,0.392047703266144,0.0369675941765308,0.785622417926788,-2.61197447776794,3.0920205116272,-1.39597380161285,K,17
OUTPUT,NaN,NaN,NaN,NaN,NaN,NaN

INPUT,0.394642114639282,0.037054032087326,0.791274547576904,-2.63309717178345,3.09052395820618,-1.37396550178528,K,18
OUTPUT,NaN,NaN,NaN,NaN,NaN,NaN

INPUT,0.396198779344559,0.0371058918535709,0.79466587305069,-2.64578342437744,3.0896372795105,-1.36077237129211,K,19
OUTPUT,NaN,NaN,NaN,NaN,NaN,NaN

INPUT,0.396717667579651,0.0371231809258461,0.795796275138855,-2.6500141620636,3.08934354782104,-1.35637652873993,K,20
OUTPUT,NaN,NaN,NaN,NaN,NaN,NaN

INPUT,0.353020846843719,0.0252635255455971,0.73382443189621,0.866537928581238,3.08101320266724,1.50237047672272,K,12
OUTPUT,NaN,NaN,NaN,NaN,NaN,NaN

INPUT,0.356613874435425,0.0242879521101713,0.745150923728943,0.831994712352753,3.07481122016907,1.534783244133,K,13
OUTPUT,NaN,NaN,NaN,NaN,NaN,NaN

INPUT,0.36020690202713,0.0233123805373907,0.756477355957031,0.797624826431274,3.06868410110474,1.56738293170929,K,14
OUTPUT,NaN,NaN,NaN,NaN,NaN,NaN

INPUT,0.363799929618835,0.022336807101965,0.76780378818512,0.763383805751801,3.06263828277588,1.60012638568878,K,15
OUTPUT,NaN,NaN,NaN,NaN,NaN,NaN

INPUT,0.367033660411835,0.0214587915688753,0.777997612953186,0.73265129327774,3.0572726726532,1.62969350814819,K,16
OUTPUT,NaN,NaN,NaN,NaN,NaN,NaN

INPUT,0.369548767805099,0.0207758899778128,0.785926103591919,0.708792090415955,3.05315208435059,1.65274333953857,K,17
OUTPUT,NaN,NaN,NaN,NaN,NaN,NaN

INPUT,0.371345281600952,0.0202881041914225,0.791589379310608,0.691769480705261,3.05023860931396,1.66923236846924,K,18
OUTPUT,NaN,NaN,NaN,NaN,NaN,NaN

INPUT,0.372423201799393,0.0199954323470592,0.794987261295319,0.681562781333923,3.04850244522095,1.67913484573364,K,19
OUTPUT,NaN,NaN,NaN,NaN,NaN,NaN

INPUT,0.372782498598099,0.0198978744447231,0.796119928359985,0.67816162109375,3.04792594909668,1.68243706226349,K,20
OUTPUT,NaN,NaN,NaN,NaN,NaN,NaN

INPUT,0.375998079776764,0.0400715917348862,0.730972409248352,-2.30628752708435,3.08674263954163,-1.52176117897034,K,5
OUTPUT,NaN,NaN,NaN,NaN,NaN,NaN

INPUT,0.385122537612915,0.0410174243152142,0.746452391147614,-2.36924767494202,3.07846307754517,-1.44596683979034,K,6
OUTPUT,NaN,NaN,NaN,NaN,NaN,NaN

INPUT,0.392219334840775,0.0417530685663223,0.758492290973663,-2.41927170753479,3.07222986221313,-1.38804626464844,K,7
OUTPUT,NaN,NaN,NaN,NaN,NaN,NaN

INPUT,0.397288471460342,0.0422785319387913,0.767092227935791,-2.45541381835938,3.06789946556091,-1.3470710515976,K,8
OUTPUT,NaN,NaN,NaN,NaN,NaN,NaN

INPUT,0.400329977273941,0.0425938107073307,0.772252202033997,-2.47723245620728,3.06535339355469,-1.32261335849762,K,9
OUTPUT,NaN,NaN,NaN,NaN,NaN,NaN

INPUT,0.371394902467728,0.0359535440802574,0.73291677236557,-2.50347542762756,3.10412430763245,-1.73040950298309,K,5
OUTPUT,NaN,NaN,NaN,NaN,NaN,NaN

INPUT,0.379746198654175,0.0361820720136166,0.748789072036743,-2.56483459472656,3.09856915473938,-1.65525162220001,K,6
OUTPUT,NaN,NaN,NaN,NaN,NaN,NaN

INPUT,0.386241614818573,0.0363598205149174,0.761134207248688,-2.61366939544678,3.09438490867615,-1.59789574146271,K,7
OUTPUT,NaN,NaN,NaN,NaN,NaN,NaN

INPUT,0.390881240367889,0.036486778408289,0.769952178001404,-2.64898467063904,3.09147620201111,-1.55735421180725,K,8
OUTPUT,NaN,NaN,NaN,NaN,NaN,NaN

INPUT,0.393664985895157,0.0365629568696022,0.775242924690247,-2.67031455039978,3.08976531028748,-1.53316736221313,K,9
OUTPUT,NaN,NaN,NaN,NaN,NaN,NaN

INPUT,0.372174352407455,0.0359806939959526,0.732099890708923,-2.45568442344666,3.10394716262817,-1.58780026435852,K,5
OUTPUT,NaN,NaN,NaN,NaN,NaN,NaN

INPUT,0.380678445100784,0.0362145006656647,0.747840464115143,-2.5241711139679,3.09845948219299,-1.50303173065186,K,6
OUTPUT,NaN,NaN,NaN,NaN,NaN,NaN

INPUT,0.387292742729187,0.0363963507115841,0.760083079338074,-2.57872748374939,3.09436321258545,-1.4383772611618,K,7
OUTPUT,NaN,NaN,NaN,NaN,NaN,NaN

INPUT,0.392017245292664,0.0365262441337109,0.768827795982361,-2.61819744110107,3.09153866767883,-1.3926899433136,K,8
OUTPUT,NaN,NaN,NaN,NaN,NaN,NaN

INPUT,0.394851922988892,0.0366041772067547,0.774074673652649,-2.6420419216156,3.08988690376282,-1.36543715000153,K,9
OUTPUT,NaN,NaN,NaN,NaN,NaN,NaN

INPUT,0.359115570783615,0.0250040572136641,0.737671136856079,0.836570084095001,3.07427740097046,1.5425181388855,K,5
OUTPUT,NaN,NaN,NaN,NaN,NaN,NaN

INPUT,0.364560067653656,0.0235883053392172,0.751544296741486,0.778453826904297,3.06452560424805,1.59246623516083,K,6
OUTPUT,NaN,NaN,NaN,NaN,NaN,NaN

INPUT,0.368794679641724,0.0224871672689915,0.762334525585175,0.734097301959991,3.05712962150574,1.63178217411041,K,7
OUTPUT,NaN,NaN,NaN,NaN,NaN,NaN

INPUT,0.371819406747818,0.0217006374150515,0.770041823387146,0.702865958213806,3.05197024345398,1.65993750095367,K,8
OUTPUT,NaN,NaN,NaN,NaN,NaN,NaN

INPUT,0.373634219169617,0.0212287213653326,0.774666249752045,0.684313714504242,3.0489296913147,1.67681682109833,K,9
OUTPUT,NaN,NaN,NaN,NaN,NaN,NaN

INPUT,0.361356258392334,0.032026581466198,0.733560085296631,1.04316806793213,3.11735486984253,1.54631924629211,K,12
OUTPUT,NaN,NaN,NaN,NaN,NaN,NaN

INPUT,0.365826666355133,0.0317630246281624,0.744858264923096,1.01382124423981,3.11479902267456,1.5699200630188,K,13
OUTPUT,NaN,NaN,NaN,NaN,NaN,NaN

INPUT,0.370297074317932,0.0314994677901268,0.756156444549561,0.984972417354584,3.11226177215576,1.59402060508728,K,14
OUTPUT,NaN,NaN,NaN,NaN,NaN,NaN

INPUT,0.374767482280731,0.0312359128147364,0.76745468378067,0.956499338150024,3.10974478721619,1.61849892139435,K,15
OUTPUT,NaN,NaN,NaN,NaN,NaN,NaN

INPUT,0.378790855407715,0.0309987105429173,0.777623057365417,0.931123733520508,3.10749840736389,1.64078140258789,K,16
OUTPUT,NaN,NaN,NaN,NaN,NaN,NaN

INPUT,0.381920158863068,0.0308142211288214,0.78553181886673,0.91152012348175,3.10576462745667,1.65824639797211,K,17
OUTPUT,NaN,NaN,NaN,NaN,NaN,NaN

INPUT,0.384155362844467,0.0306824427098036,0.791180908679962,0.897578299045563,3.10453367233276,1.67078280448914,K,18
OUTPUT,NaN,NaN,NaN,NaN,NaN,NaN

INPUT,0.385496497154236,0.030603377148509,0.79457038640976,0.889234900474548,3.10379815101624,1.67832684516907,K,19
OUTPUT,NaN,NaN,NaN,NaN,NaN,NaN

INPUT,0.385943531990051,0.0305770207196474,0.795700192451477,0.886457204818726,3.10355353355408,1.68084490299225,K,20
OUTPUT,NaN,NaN,NaN,NaN,NaN,NaN

INPUT,0.371354073286057,0.0445437356829643,0.720567584037781,-2.22745037078857,3.05568265914917,-1.66049325466156,K,11
OUTPUT,NaN,NaN,NaN,NaN,NaN,NaN

INPUT,0.37752702832222,0.0457218177616596,0.731665849685669,-2.26003670692444,3.04597973823547,-1.62630724906921,K,12
OUTPUT,NaN,NaN,NaN,NaN,NaN,NaN

INPUT,0.383700013160706,0.0468999035656452,0.742764055728912,-2.29278469085693,3.03638315200806,-1.59225249290466,K,13
OUTPUT,NaN,NaN,NaN,NaN,NaN,NaN

INPUT,0.389872968196869,0.0480779893696308,0.753862261772156,-2.32565832138062,3.02690362930298,-1.55828952789307,K,14
OUTPUT,NaN,NaN,NaN,NaN,NaN,NaN

INPUT,0.396045953035355,0.0492560751736164,0.764960527420044,-2.35863256454468,3.01755213737488,-1.52439105510712,K,15
OUTPUT,NaN,NaN,NaN,NaN,NaN,NaN

INPUT,0.401601612567902,0.0503163486719131,0.774948954582214,-2.38838124275208,3.00925350189209,-1.49392139911652,K,16
OUTPUT,NaN,NaN,NaN,NaN,NaN,NaN

INPUT,0.405922710895538,0.0511410087347031,0.782717704772949,-2.41156005859375,3.00288152694702,-1.4702410697937,K,17
OUTPUT,NaN,NaN,NaN,NaN,NaN,NaN

INPUT,0.40900918841362,0.0517300516366959,0.788266837596893,-2.42813611030579,2.99837636947632,-1.45333385467529,K,18
OUTPUT,NaN,NaN,NaN,NaN,NaN,NaN

INPUT,0.410861074924469,0.0520834773778915,0.791596293449402,-2.43808937072754,2.99569249153137,-1.44319176673889,K,19
OUTPUT,NaN,NaN,NaN,NaN,NaN,NaN

INPUT,0.411478370428085,0.0522012859582901,0.79270613193512,-2.44140815734863,2.99480104446411,-1.43981146812439,K,20
OUTPUT,NaN,NaN,NaN,NaN,NaN,NaN

INPUT,0.370894700288773,0.04326531291008,0.721087694168091,-2.31703782081604,3.05087041854858,-1.80236089229584,K,11
OUTPUT,NaN,NaN,NaN,NaN,NaN,NaN

INPUT,0.377013206481934,0.0442927516996861,0.73224812746048,-2.34666275978088,3.04056906700134,-1.77136182785034,K,12
OUTPUT,NaN,NaN,NaN,NaN,NaN,NaN

INPUT,0.383131712675095,0.0453201867640018,0.743408501148224,-2.37643003463745,3.03036046028137,-1.74047362804413,K,13
OUTPUT,NaN,NaN,NaN,NaN,NaN,NaN

INPUT,0.389250189065933,0.0463476255536079,0.754568874835968,-2.4063081741333,3.02025413513184,-1.7096620798111,K,14
OUTPUT,NaN,NaN,NaN,NaN,NaN,NaN

INPUT,0.395368695259094,0.0473750606179237,0.765729248523712,-2.43627595901489,3.01025915145874,-1.67890346050262,K,15
OUTPUT,NaN,NaN,NaN,NaN,NaN,NaN

INPUT,0.400875359773636,0.0482997559010983,0.775773644447327,-2.46331214904785,3.00136661529541,-1.65125143527985,K,16
OUTPUT,NaN,NaN,NaN,NaN,NaN,NaN

INPUT,0.405158281326294,0.0490189604461193,0.783585906028748,-2.48437738418579,2.99452209472656,-1.62975835800171,K,17
OUTPUT,NaN,NaN,NaN,NaN,NaN,NaN

INPUT,0.408217549324036,0.0495326779782772,0.78916609287262,-2.4994421005249,2.98967361450195,-1.61441111564636,K,18
OUTPUT,NaN,NaN,NaN,NaN,NaN,NaN

INPUT,0.410053104162216,0.0498409084975719,0.792514204978943,-2.50848793983459,2.98678135871887,-1.60520458221436,K,19
OUTPUT,NaN,NaN,NaN,NaN,NaN,NaN

INPUT,0.410664945840836,0.0499436520040035,0.793630242347717,-2.51150441169739,2.98582005500793,-1.60213589668274,K,20
OUTPUT,NaN,NaN,NaN,NaN,NaN,NaN

INPUT,0.36138641834259,0.033768318593502,0.733626544475555,0.779727458953857,3.13912796974182,1.71499073505402,K,12
OUTPUT,NaN,NaN,NaN,NaN,NaN,NaN

INPUT,0.365860283374786,0.0336881279945374,0.744931221008301,0.703961789608002,3.13881778717041,1.73765218257904,K,13
OUTPUT,NaN,NaN,NaN,NaN,NaN,NaN

INPUT,0.37033411860466,0.0336079373955727,0.756235897541046,0.633499264717102,3.13851284980774,1.76561665534973,K,14
OUTPUT,NaN,NaN,NaN,NaN,NaN,NaN

INPUT,0.374807953834534,0.033527746796608,0.767540574073792,0.566832959651947,3.1382143497467,1.79737746715546,K,15
OUTPUT,NaN,NaN,NaN,NaN,NaN,NaN

INPUT,0.378834426403046,0.0334555767476559,0.777714788913727,0.509253263473511,3.13795185089111,1.82838237285614,K,16
OUTPUT,NaN,NaN,NaN,NaN,NaN,NaN

INPUT,0.381966114044189,0.0333994403481483,0.785628020763397,0.465711683034897,3.13775205612183,1.85373997688293,K,17
OUTPUT,NaN,NaN,NaN,NaN,NaN,NaN

INPUT,0.384203046560287,0.033359345048666,0.791280388832092,0.435164242982864,3.13761210441589,1.87240612506866,K,18
OUTPUT,NaN,NaN,NaN,NaN,NaN,NaN

INPUT,0.385545194149017,0.0333352908492088,0.794671773910522,0.417031139135361,3.13752913475037,1.88380110263824,K,19
OUTPUT,NaN,NaN,NaN,NaN,NaN,NaN

INPUT,0.385992586612701,0.0333272702991962,0.795802235603333,0.411017000675201,3.13750171661377,1.88762974739075,K,20
OUTPUT,NaN,NaN,NaN,NaN,NaN,NaN

INPUT,0.363337129354477,0.0406993329524994,0.721744179725647,-2.21439862251282,3.0970573425293,-1.91164827346802,K,11
OUTPUT,NaN,NaN,NaN,NaN,NaN,NaN

INPUT,0.368566751480103,0.0414252169430256,0.732980906963348,-2.23095989227295,3.09193181991577,-1.89243829250336,K,12
OUTPUT,NaN,NaN,NaN,NaN,NaN,NaN

INPUT,0.373796403408051,0.0421510972082615,0.744217574596405,-2.2477490901947,3.0868284702301,-1.87349820137024,K,13
OUTPUT,NaN,NaN,NaN,NaN,NaN,NaN

INPUT,0.379026025533676,0.0428769811987877,0.755454301834106,-2.26469039916992,3.08175277709961,-1.8547750711441,K,14
OUTPUT,NaN,NaN,NaN,NaN,NaN,NaN

INPUT,0.384255677461624,0.0436028614640236,0.766690969467163,-2.28172898292542,3.07670903205872,-1.83623647689819,K,15
OUTPUT,NaN,NaN,NaN,NaN,NaN,NaN

INPUT,0.388962358236313,0.044256154447794,0.776803970336914,-2.29711174964905,3.07220101356506,-1.81969273090363,K,16
OUTPUT,NaN,NaN,NaN,NaN,NaN,NaN

INPUT,0.392623096704483,0.0447642728686333,0.784669697284698,-2.30909132957458,3.06871724128723,-1.80691182613373,K,17
OUTPUT,NaN,NaN,NaN,NaN,NaN,NaN

INPUT,0.395237922668457,0.0451272130012512,0.790288031101227,-2.31765007972717,3.066241979599,-1.79782724380493,K,18
OUTPUT,NaN,NaN,NaN,NaN,NaN,NaN

INPUT,0.396806806325912,0.0453449785709381,0.793659031391144,-2.3227846622467,3.06476235389709,-1.79239404201508,K,19
OUTPUT,NaN,NaN,NaN,NaN,NaN,NaN

INPUT,0.397329777479172,0.0454175658524036,0.794782698154449,-2.32449579238892,3.06427001953125,-1.79058587551117,K,20
OUTPUT,NaN,NaN,NaN,NaN,NaN,NaN

INPUT,0.356694579124451,0.0287267565727234,0.73292201757431,0.844127357006073,3.10568404197693,1.41451179981232,K,12
OUTPUT,NaN,NaN,NaN,NaN,NaN,NaN

INPUT,0.360674679279327,0.0281158927828074,0.744152426719666,0.812521994113922,3.1019458770752,1.44294023513794,K,13
OUTPUT,NaN,NaN,NaN,NaN,NaN,NaN

INPUT,0.364654779434204,0.0275050289928913,0.755382776260376,0.781187176704407,3.09824323654175,1.47164344787598,K,14
OUTPUT,NaN,NaN,NaN,NaN,NaN,NaN

INPUT,0.368634909391403,0.0268941652029753,0.766613185405731,0.750056028366089,3.09457969665527,1.50055503845215,K,15
OUTPUT,NaN,NaN,NaN,NaN,NaN,NaN

INPUT,0.372216999530792,0.0263443887233734,0.776720583438873,0.722173273563385,3.09131836891174,1.52671539783478,K,16
OUTPUT,NaN,NaN,NaN,NaN,NaN,NaN

INPUT,0.375003069639206,0.0259167831391096,0.7845818400383,0.700558364391327,3.08880710601807,1.54713702201843,K,17
OUTPUT,NaN,NaN,NaN,NaN,NaN,NaN

INPUT,0.376993119716644,0.0256113521754742,0.790197014808655,0.685151875019073,3.08702754974365,1.56175816059113,K,18
OUTPUT,NaN,NaN,NaN,NaN,NaN,NaN

INPUT,0.378187149763107,0.0254280921071768,0.793566167354584,0.675919532775879,3.08596563339233,1.57054328918457,K,19
OUTPUT,NaN,NaN,NaN,NaN,NaN,NaN

INPUT,0.378585159778595,0.0253670066595078,0.794689178466797,0.672843992710114,3.08561277389526,1.57347357273102,K,20
OUTPUT,NaN,NaN,NaN,NaN,NaN,NaN

INPUT,0.356380820274353,0.0279982257634401,0.732064664363861,0.78191602230072,3.10050225257874,1.40439093112946,K,12
OUTPUT,NaN,NaN,NaN,NaN,NaN,NaN

INPUT,0.360327571630478,0.0273103769868612,0.743205845355988,0.747743487358093,3.09625768661499,1.43574285507202,K,13
OUTPUT,NaN,NaN,NaN,NaN,NaN,NaN

INPUT,0.364274322986603,0.0266225300729275,0.754347026348114,0.713808119297028,3.0920615196228,1.46733808517456,K,14
OUTPUT,NaN,NaN,NaN,NaN,NaN,NaN

INPUT,0.36822110414505,0.0259346794337034,0.765488266944885,0.680051207542419,3.08791875839233,1.49911856651306,K,15
OUTPUT,NaN,NaN,NaN,NaN,NaN,NaN

INPUT,0.371773183345795,0.0253156162798405,0.775515377521515,0.649788022041321,3.08423924446106,1.52784538269043,K,16
OUTPUT,NaN,NaN,NaN,NaN,NaN,NaN

INPUT,0.374535918235779,0.0248341225087643,0.783314168453217,0.626312494277954,3.08141160011292,1.55025506019592,K,17
OUTPUT,NaN,NaN,NaN,NaN,NaN,NaN

INPUT,0.376509308815002,0.0244901962578297,0.788884818553925,0.60957258939743,3.07941126823425,1.56629276275635,K,18
OUTPUT,NaN,NaN,NaN,NaN,NaN,NaN

INPUT,0.377693325281143,0.0242838431149721,0.792227149009705,0.599538683891296,3.07821893692017,1.57592642307281,K,19
OUTPUT,NaN,NaN,NaN,NaN,NaN,NaN

INPUT,0.378087997436523,0.0242150574922562,0.793341279029846,0.596195697784424,3.07782292366028,1.57913935184479,K,20
OUTPUT,NaN,NaN,NaN,NaN,NaN,NaN

INPUT,0.368367582559586,0.0446719154715538,0.720786809921265,-2.17778038978577,3.05916261672974,-1.57493150234222,K,11
OUTPUT,NaN,NaN,NaN,NaN,NaN,NaN

INPUT,0.374189168214798,0.0458651483058929,0.731910765171051,-2.21238470077515,3.04989099502563,-1.53854334354401,K,12
OUTPUT,NaN,NaN,NaN,NaN,NaN,NaN

INPUT,0.380010724067688,0.0470583774149418,0.743034780025482,-2.24716687202454,3.0407350063324,-1.50230312347412,K,13
OUTPUT,NaN,NaN,NaN,NaN,NaN,NaN

INPUT,0.385832279920578,0.0482516102492809,0.754158735275269,-2.28208589553833,3.03170585632324,-1.4661670923233,K,14
OUTPUT,NaN,NaN,NaN,NaN,NaN,NaN

INPUT,0.391653835773468,0.0494448393583298,0.765282690525055,-2.31711411476135,3.02281522750854,-1.43010544776917,K,15
OUTPUT,NaN,NaN,NaN,NaN,NaN,NaN

INPUT,0.396893233060837,0.0505187474191189,0.775294303894043,-2.34871697425842,3.01494145393372,-1.39769530296326,K,16
OUTPUT,NaN,NaN,NaN,NaN,NaN,NaN

INPUT,0.400968343019485,0.0513540096580982,0.783081114292145,-2.37334060668945,3.00890636444092,-1.37250947952271,K,17
OUTPUT,NaN,NaN,NaN,NaN,NaN,NaN

INPUT,0.403879106044769,0.0519506260752678,0.788643062114716,-2.39095020294189,3.00464558601379,-1.3545286655426,K,18
OUTPUT,NaN,NaN,NaN,NaN,NaN,NaN

INPUT,0.405625581741333,0.0523085929453373,0.791980266571045,-2.40152382850647,3.00211000442505,-1.34374296665192,K,19
OUTPUT,NaN,NaN,NaN,NaN,NaN,NaN

INPUT,0.406207740306854,0.0524279177188873,0.793092668056488,-2.40504956245422,3.00126814842224,-1.34014821052551,K,20
OUTPUT,NaN,NaN,NaN,NaN,NaN,NaN

INPUT,0.363183706998825,0.0365296341478825,0.722330451011658,-2.54935598373413,3.10037279129028,-1.80079686641693,K,11
OUTPUT,NaN,NaN,NaN,NaN,NaN,NaN

INPUT,0.368395000696182,0.0367647930979729,0.733637034893036,-2.59210133552551,3.09589409828186,-1.75547170639038,K,12
OUTPUT,NaN,NaN,NaN,NaN,NaN,NaN

INPUT,0.373606294393539,0.0369999520480633,0.744943678379059,-2.6350793838501,3.09150409698486,-1.71037042140961,K,13
OUTPUT,NaN,NaN,NaN,NaN,NaN,NaN

INPUT,0.378817558288574,0.0372351109981537,0.756250262260437,-2.67823171615601,3.08721113204956,-1.66543400287628,K,14
OUTPUT,NaN,NaN,NaN,NaN,NaN,NaN

INPUT,0.384028822183609,0.0374702699482441,0.767556846141815,-2.72151803970337,3.08302330970764,-1.62062156200409,K,15
OUTPUT,NaN,NaN,NaN,NaN,NaN,NaN

INPUT,0.388718992471695,0.0376819148659706,0.777732789516449,-2.76056718826294,3.07935118675232,-1.58037233352661,K,16
OUTPUT,NaN,NaN,NaN,NaN,NaN,NaN

INPUT,0.392366886138916,0.0378465242683887,0.785647392272949,-2.79098796844482,3.07656264305115,-1.54911077022552,K,17
OUTPUT,NaN,NaN,NaN,NaN,NaN,NaN

INPUT,0.394972503185272,0.0379641056060791,0.791300714015961,-2.81274032592773,3.07460832595825,-1.52680051326752,K,18
OUTPUT,NaN,NaN,NaN,NaN,NaN,NaN

INPUT,0.396535903215408,0.0380346514284611,0.794692695140839,-2.82579970359802,3.07345128059387,-1.51342141628265,K,19
OUTPUT,NaN,NaN,NaN,NaN,NaN,NaN

INPUT,0.39705702662468,0.0380581691861153,0.795823335647583,-2.83015418052673,3.07306814193726,-1.50896275043488,K,20
OUTPUT,NaN,NaN,NaN,NaN,NaN,NaN

INPUT,0.361795008182526,0.0325192175805569,0.724709272384644,1.09711277484894,3.11868166923523,1.57018411159515,K,4
OUTPUT,NaN,NaN,NaN,NaN,NaN,NaN

INPUT,0.368314534425735,0.032161109149456,0.738210678100586,1.03568828105927,3.11459922790527,1.59406101703644,K,5
OUTPUT,NaN,NaN,NaN,NaN,NaN,NaN

INPUT,0.374834060668945,0.0318030007183552,0.751712083816528,0.979175448417664,3.11055874824524,1.62285423278809,K,6
OUTPUT,NaN,NaN,NaN,NaN,NaN,NaN

INPUT,0.379904836416245,0.0315244719386101,0.762213230133057,0.937597513198853,3.10746097564697,1.64743053913116,K,7
OUTPUT,NaN,NaN,NaN,NaN,NaN,NaN

INPUT,0.383526802062988,0.0313255228102207,0.769713997840881,0.908898890018463,3.10527849197388,1.66579258441925,K,8
OUTPUT,NaN,NaN,NaN,NaN,NaN,NaN

INPUT,0.385699957609177,0.031206151470542,0.774214506149292,0.892027258872986,3.10398292541504,1.67705595493317,K,9
OUTPUT,NaN,NaN,NaN,NaN,NaN,NaN

INPUT,0.371767073869705,0.043340902775526,0.715460777282715,-2.22444725036621,3.0548882484436,-1.67332661151886,K,4
OUTPUT,NaN,NaN,NaN,NaN,NaN,NaN

INPUT,0.381686747074127,0.0451873429119587,0.730670928955078,-2.28085327148438,3.03842902183533,-1.61063838005066,K,5
OUTPUT,NaN,NaN,NaN,NaN,NaN,NaN

INPUT,0.391606390476227,0.0470337830483913,0.745881021022797,-2.33816599845886,3.02233457565308,-1.54875683784485,K,6
OUTPUT,NaN,NaN,NaN,NaN,NaN,NaN

INPUT,0.399321675300598,0.0484699010848999,0.757711112499237,-2.38316345214844,3.0101056098938,-1.50097000598907,K,7
OUTPUT,NaN,NaN,NaN,NaN,NaN,NaN

INPUT,0.404832571744919,0.0494957007467747,0.766161143779755,-2.41547465324402,3.00154209136963,-1.46696174144745,K,8
OUTPUT,NaN,NaN,NaN,NaN,NaN,NaN

INPUT,0.408139139413834,0.0501111820340157,0.771231174468994,-2.43491816520691,2.99647688865662,-1.44659495353699,K,9
OUTPUT,NaN,NaN,NaN,NaN,NaN,NaN

INPUT,0.371303021907806,0.0421086065471172,0.716099083423615,-2.30967783927917,3.05033111572266,-1.8103199005127,K,4
OUTPUT,NaN,NaN,NaN,NaN,NaN,NaN

INPUT,0.381058752536774,0.043698638677597,0.731392025947571,-2.36291885375977,3.03268337249756,-1.75464510917664,K,5
OUTPUT,NaN,NaN,NaN,NaN,NaN,NaN

INPUT,0.390814453363419,0.0452886708080769,0.746684968471527,-2.41654849052429,3.01535797119141,-1.6992552280426,K,6
OUTPUT,NaN,NaN,NaN,NaN,NaN,NaN

INPUT,0.398402214050293,0.0465253628790379,0.75857949256897,-2.45824193954468,3.00220417976379,-1.65649700164795,K,7
OUTPUT,NaN,NaN,NaN,NaN,NaN,NaN

INPUT,0.403822034597397,0.04740871489048,0.767075598239899,-2.48789954185486,2.9930214881897,-1.62619721889496,K,8
OUTPUT,NaN,NaN,NaN,NaN,NaN,NaN

INPUT,0.407073944807053,0.0479387231171131,0.772173225879669,-2.505615234375,2.98760771751404,-1.60813498497009,K,9
OUTPUT,NaN,NaN,NaN,NaN,NaN,NaN

INPUT,0.372523069381714,0.0411729365587234,0.731456875801086,-2.24346780776978,3.08790230751038,-1.885901927948,K,5
OUTPUT,NaN,NaN,NaN,NaN,NaN,NaN

INPUT,0.381072878837585,0.0422954671084881,0.74707567691803,-2.27207088470459,3.07931780815125,-1.85089075565338,K,6
OUTPUT,NaN,NaN,NaN,NaN,NaN,NaN

INPUT,0.387722730636597,0.0431685447692871,0.759223639965057,-2.29483485221863,3.07269477844238,-1.82424890995026,K,7
OUTPUT,NaN,NaN,NaN,NaN,NaN,NaN

INPUT,0.392472624778748,0.0437921732664108,0.767900764942169,-2.31127262115479,3.06800055503845,-1.8054723739624,K,8
OUTPUT,NaN,NaN,NaN,NaN,NaN,NaN

INPUT,0.395322561264038,0.0441663488745689,0.77310699224472,-2.32118511199951,3.06520056724548,-1.7942967414856,K,9
OUTPUT,NaN,NaN,NaN,NaN,NaN,NaN

INPUT,0.368767499923706,0.043490681797266,0.715394020080566,-2.17798733711243,3.05839729309082,-1.5917534828186,K,4
OUTPUT,NaN,NaN,NaN,NaN,NaN,NaN

INPUT,0.378129631280899,0.0453590303659439,0.730719208717346,-2.2366201877594,3.0426766872406,-1.52382504940033,K,5
OUTPUT,NaN,NaN,NaN,NaN,NaN,NaN

INPUT,0.387491762638092,0.0472273826599121,0.746044456958771,-2.29656410217285,3.02734994888306,-1.45711016654968,K,6
OUTPUT,NaN,NaN,NaN,NaN,NaN,NaN

INPUT,0.3947733938694,0.0486805438995361,0.757964015007019,-2.34378695487976,3.01574158668518,-1.40574586391449,K,7
OUTPUT,NaN,NaN,NaN,NaN,NaN,NaN

INPUT,0.399974584579468,0.049718514084816,0.766478061676025,-2.37775635719299,3.00763487815857,-1.36925268173218,K,8
OUTPUT,NaN,NaN,NaN,NaN,NaN,NaN

INPUT,0.403095304965973,0.0503412969410419,0.7715864777565,-2.39821743965149,3.00284957885742,-1.34741771221161,K,9
OUTPUT,NaN,NaN,NaN,NaN,NaN,NaN

INPUT,0.372249454259872,0.036636047065258,0.732200264930725,-2.62481832504272,3.09245824813843,-1.73856258392334,K,5
OUTPUT,NaN,NaN,NaN,NaN,NaN,NaN

INPUT,0.380710899829865,0.0369969457387924,0.747921466827393,-2.69775295257568,3.08516192436218,-1.65494859218597,K,6
OUTPUT,NaN,NaN,NaN,NaN,NaN,NaN

INPUT,0.38729202747345,0.0372776426374912,0.76014906167984,-2.75534391403198,3.07972264289856,-1.59075820446014,K,7
OUTPUT,NaN,NaN,NaN,NaN,NaN,NaN

INPUT,0.391992837190628,0.0374781414866447,0.768883049488068,-2.7968156337738,3.07597637176514,-1.54523098468781,K,8
OUTPUT,NaN,NaN,NaN,NaN,NaN,NaN

INPUT,0.394813299179077,0.037598442286253,0.77412348985672,-2.82180762290955,3.07378768920898,-1.51801836490631,K,9
OUTPUT,NaN,NaN,NaN,NaN,NaN,NaN

INPUT,0.3618523478508,0.0338801629841328,0.725075304508209,1.20797765254974,3.13992810249329,2.08665299415588,K,4
OUTPUT,NaN,NaN,NaN,NaN,NaN,NaN

INPUT,0.36826229095459,0.0337424650788307,0.738503038883209,0.894496738910675,3.13933396339417,1.93144953250885,K,5
OUTPUT,NaN,NaN,NaN,NaN,NaN,NaN

INPUT,0.374672204256058,0.0336047634482384,0.751930832862854,0.682151436805725,3.13868236541748,1.87738180160522,K,6
OUTPUT,NaN,NaN,NaN,NaN,NaN,NaN

INPUT,0.379657685756683,0.0334976613521576,0.762374639511108,0.552451550960541,3.13816475868225,1.87078654766083,K,7
OUTPUT,NaN,NaN,NaN,NaN,NaN,NaN

INPUT,0.383218735456467,0.0334211587905884,0.769834458827972,0.471190392971039,3.13779520988464,1.8774573802948,K,8
OUTPUT,NaN,NaN,NaN,NaN,NaN,NaN

INPUT,0.38535538315773,0.033375259488821,0.774310410022736,0.425718009471893,3.13757491111755,1.88474452495575,K,9
OUTPUT,NaN,NaN,NaN,NaN,NaN,NaN

INPUT,0.363003790378571,0.0285604316741228,0.736890912055969,0.823461472988129,3.10182547569275,1.45645189285278,K,5
OUTPUT,NaN,NaN,NaN,NaN,NaN,NaN

INPUT,0.368928134441376,0.027661856263876,0.750509560108185,0.767579555511475,3.09586215019226,1.49741339683533,K,6
OUTPUT,NaN,NaN,NaN,NaN,NaN,NaN

INPUT,0.373535931110382,0.0269629638642073,0.761101841926575,0.725486695766449,3.09131383895874,1.53036141395569,K,7
OUTPUT,NaN,NaN,NaN,NaN,NaN,NaN

INPUT,0.376827239990234,0.0264637544751167,0.768667757511139,0.696046948432922,3.08812403678894,1.55424320697784,K,8
OUTPUT,NaN,NaN,NaN,NaN,NaN,NaN

INPUT,0.37880203127861,0.0261642299592495,0.773207306861877,0.678616404533386,3.08623695373535,1.56865859031677,K,9
OUTPUT,NaN,NaN,NaN,NaN,NaN,NaN

INPUT,0.362655401229858,0.0277633368968964,0.735786318778992,0.755158305168152,3.09616756439209,1.44592726230621,K,5
OUTPUT,NaN,NaN,NaN,NaN,NaN,NaN

INPUT,0.368590831756592,0.0267435889691114,0.74932074546814,0.696531414985657,3.08939051628113,1.49312448501587,K,6
OUTPUT,NaN,NaN,NaN,NaN,NaN,NaN

INPUT,0.373207241296768,0.0259504523128271,0.759847521781921,0.652055621147156,3.08424210548401,1.53058981895447,K,7
OUTPUT,NaN,NaN,NaN,NaN,NaN,NaN

INPUT,0.376504689455032,0.0253839250653982,0.767366647720337,0.620840847492218,3.08064556121826,1.557541847229,K,8
OUTPUT,NaN,NaN,NaN,NaN,NaN,NaN

INPUT,0.378483146429062,0.0250440090894699,0.771878123283386,0.602329730987549,3.07852387428284,1.57374000549316,K,9
OUTPUT,NaN,NaN,NaN,NaN,NaN,NaN

INPUT,0.353781580924988,0.0309515781700611,0.732049465179443,0.943333268165588,3.0979106426239,1.60613977909088,K,12
OUTPUT,NaN,NaN,NaN,NaN,NaN,NaN

INPUT,0.3574538230896,0.0305746365338564,0.743189990520477,0.90676474571228,3.09343862533569,1.63934552669525,K,13
OUTPUT,NaN,NaN,NaN,NaN,NaN,NaN

INPUT,0.361126095056534,0.0301976967602968,0.754330515861511,0.870476603507996,3.08902478218079,1.6728390455246,K,14
OUTPUT,NaN,NaN,NaN,NaN,NaN,NaN

INPUT,0.364798337221146,0.0298207551240921,0.765471041202545,0.834399521350861,3.08467507362366,1.70655190944672,K,15
OUTPUT,NaN,NaN,NaN,NaN,NaN,NaN

INPUT,0.368103384971619,0.0294815078377724,0.775497555732727,0.802070081233978,3.08081912994385,1.73704051971436,K,16
OUTPUT,NaN,NaN,NaN,NaN,NaN,NaN

INPUT,0.370673954486847,0.0292176492512226,0.783295929431915,0.77699887752533,3.07786130905151,1.76083290576935,K,17
OUTPUT,NaN,NaN,NaN,NaN,NaN,NaN

INPUT,0.372510105371475,0.0290291775017977,0.78886616230011,0.759124457836151,3.07577180862427,1.77786386013031,K,18
OUTPUT,NaN,NaN,NaN,NaN,NaN,NaN

INPUT,0.373611778020859,0.0289160963147879,0.792208313941956,0.748411893844604,3.07452774047852,1.78809559345245,K,19
OUTPUT,NaN,NaN,NaN,NaN,NaN,NaN

INPUT,0.37397900223732,0.0288784019649029,0.793322384357452,0.744842886924744,3.07411456108093,1.79150819778442,K,20
OUTPUT,NaN,NaN,NaN,NaN,NaN,NaN

INPUT,0.364723950624466,0.0384544357657433,0.721919119358063,-2.31112837791443,3.09356260299683,-1.96705007553101,K,11
OUTPUT,NaN,NaN,NaN,NaN,NaN,NaN

INPUT,0.370117038488388,0.0389160923659801,0.733176290988922,-2.33039021492004,3.08803987503052,-1.94559669494629,K,12
OUTPUT,NaN,NaN,NaN,NaN,NaN,NaN

INPUT,0.37551012635231,0.039377748966217,0.744433403015137,-2.34982657432556,3.08254837989807,-1.92438054084778,K,13
OUTPUT,NaN,NaN,NaN,NaN,NaN,NaN

INPUT,0.380903214216232,0.0398394055664539,0.755690515041351,-2.36936783790588,3.07709527015686,-1.90336525440216,K,14
OUTPUT,NaN,NaN,NaN,NaN,NaN,NaN

INPUT,0.386296302080154,0.0403010621666908,0.766947686672211,-2.38896131515503,3.07168650627136,-1.88253080844879,K,15
OUTPUT,NaN,NaN,NaN,NaN,NaN,NaN

INPUT,0.391150087118149,0.0407165549695492,0.777079105377197,-2.40660524368286,3.06686210632324,-1.86392664909363,K,16
OUTPUT,NaN,NaN,NaN,NaN,NaN,NaN

INPUT,0.394925266504288,0.0410397127270699,0.784959077835083,-2.42031764984131,3.0631411075592,-1.84955108165741,K,17
OUTPUT,NaN,NaN,NaN,NaN,NaN,NaN

INPUT,0.397621810436249,0.0412705428898335,0.790587663650513,-2.43010020256042,3.06050133705139,-1.83933353424072,K,18
OUTPUT,NaN,NaN,NaN,NaN,NaN,NaN

INPUT,0.399239748716354,0.0414090417325497,0.793964803218842,-2.43596339225769,3.05892491340637,-1.83322334289551,K,19
OUTPUT,NaN,NaN,NaN,NaN,NaN,NaN

INPUT,0.399779051542282,0.0414552055299282,0.79509049654007,-2.43791651725769,3.05840063095093,-1.83119010925293,K,20
OUTPUT,NaN,NaN,NaN,NaN,NaN,NaN

INPUT,0.361972630023956,0.0398347117006779,0.720629990100861,-2.41817164421082,3.10567378997803,-1.96520292758942,K,11
OUTPUT,NaN,NaN,NaN,NaN,NaN,NaN

INPUT,0.367041826248169,0.0404588505625725,0.731735527515411,-2.44347500801086,3.10163164138794,-1.93722701072693,K,12
OUTPUT,NaN,NaN,NaN,NaN,NaN,NaN

INPUT,0.372110992670059,0.0410829856991768,0.742841064929962,-2.46902513504028,3.09761786460876,-1.90949392318726,K,13
OUTPUT,NaN,NaN,NaN,NaN,NaN,NaN

INPUT,0.377180188894272,0.0417071245610714,0.753946602344513,-2.49475955963135,3.09363532066345,-1.88194036483765,K,14
OUTPUT,NaN,NaN,NaN,NaN,NaN,NaN

INPUT,0.382249355316162,0.0423312596976757,0.765052139759064,-2.52063536643982,3.08968663215637,-1.85452318191528,K,15
OUTPUT,NaN,NaN,NaN,NaN,NaN,NaN

INPUT,0.38681161403656,0.0428929850459099,0.775047123432159,-2.5440194606781,3.08616423606873,-1.82993876934052,K,16
OUTPUT,NaN,NaN,NaN,NaN,NaN,NaN

INPUT,0.390360057353973,0.0433298796415329,0.782820999622345,-2.56225895881653,3.08344650268555,-1.81086611747742,K,17
OUTPUT,NaN,NaN,NaN,NaN,NaN,NaN

INPUT,0.39289465546608,0.0436419509351254,0.78837376832962,-2.57531094551086,3.08151745796204,-1.79726481437683,K,18
OUTPUT,NaN,NaN,NaN,NaN,NaN,NaN

INPUT,0.394415408372879,0.0438291914761066,0.791705429553986,-2.58315086364746,3.08036541938782,-1.78911209106445,K,19
OUTPUT,NaN,NaN,NaN,NaN,NaN,NaN

INPUT,0.394922316074371,0.0438916049897671,0.792815983295441,-2.58576536178589,3.07998204231262,-1.78639566898346,K,20
OUTPUT,NaN,NaN,NaN,NaN,NaN,NaN

INPUT,0.374109864234924,0.0385406278073788,0.731769025325775,-2.34259343147278,3.08381032943726,-1.93627369403839,K,5
OUTPUT,NaN,NaN,NaN,NaN,NaN,NaN

INPUT,0.382894575595856,0.0392027646303177,0.747389674186707,-2.37657380104065,3.07455563545227,-1.897913813591,K,6
OUTPUT,NaN,NaN,NaN,NaN,NaN,NaN

INPUT,0.389727145433426,0.0397177636623383,0.759539008140564,-2.40332770347595,3.06743288040161,-1.86851108074188,K,7
OUTPUT,NaN,NaN,NaN,NaN,NaN,NaN

INPUT,0.394607573747635,0.0400856174528599,0.768217146396637,-2.42252945899963,3.06239581108093,-1.84771239757538,K,8
OUTPUT,NaN,NaN,NaN,NaN,NaN,NaN

INPUT,0.397535800933838,0.0403063297271729,0.773424029350281,-2.43406867980957,3.05939626693726,-1.83531105518341,K,9
OUTPUT,NaN,NaN,NaN,NaN,NaN,NaN

INPUT,0.370824992656708,0.0404303930699825,0.729969620704651,-2.4635169506073,3.0984001159668,-1.92737662792206,K,5
OUTPUT,NaN,NaN,NaN,NaN,NaN,NaN

INPUT,0.379123449325562,0.0414425171911716,0.745407998561859,-2.5069420337677,3.09163331985474,-1.87557244300842,K,6
OUTPUT,NaN,NaN,NaN,NaN,NaN,NaN

INPUT,0.385577797889709,0.0422297231853008,0.757415592670441,-2.54129838943481,3.08646631240845,-1.83612787723541,K,7
OUTPUT,NaN,NaN,NaN,NaN,NaN,NaN

INPUT,0.390188068151474,0.0427920110523701,0.765992403030396,-2.56598615646362,3.08283972740173,-1.80836474895477,K,8
OUTPUT,NaN,NaN,NaN,NaN,NaN,NaN

INPUT,0.39295420050621,0.0431293845176697,0.771138548851013,-2.58082056045532,3.08069276809692,-1.791867852211,K,9
OUTPUT,NaN,NaN,NaN,NaN,NaN,NaN

INPUT,0.359688311815262,0.0311489719897509,0.735665082931519,0.91299968957901,3.09310436248779,1.64860570430756,K,5
OUTPUT,NaN,NaN,NaN,NaN,NaN,NaN

INPUT,0.365189880132675,0.0306606478989124,0.749238073825836,0.851039588451385,3.08606052398682,1.69940185546875,K,6
OUTPUT,NaN,NaN,NaN,NaN,NaN,NaN

INPUT,0.369468867778778,0.0302808415144682,0.759794890880585,0.803969979286194,3.08072972297668,1.73958814144135,K,7
OUTPUT,NaN,NaN,NaN,NaN,NaN,NaN

INPUT,0.372525304555893,0.030009550973773,0.767335414886475,0.770926713943481,3.07701849937439,1.7684326171875,K,8
OUTPUT,NaN,NaN,NaN,NaN,NaN,NaN

INPUT,0.374359160661697,0.0298467762768269,0.771859765052795,0.751334130764008,3.0748348236084,1.78574252128601,K,9
OUTPUT,NaN,NaN,NaN,NaN,NaN,NaN

INPUT,0.361477583646774,0.0393059998750687,0.722302377223969,-2.49497532844543,3.10101366043091,-1.71016478538513,K,11
OUTPUT,NaN,NaN,NaN,NaN,NaN,NaN

INPUT,0.366488367319107,0.0398676283657551,0.733605682849884,-2.53966116905212,3.09662842750549,-1.66251444816589,K,12
OUTPUT,NaN,NaN,NaN,NaN,NaN,NaN

INPUT,0.37149915099144,0.0404292605817318,0.7449089884758,-2.58461260795593,3.09233903884888,-1.61512053012848,K,13
OUTPUT,NaN,NaN,NaN,NaN,NaN,NaN

INPUT,0.376509934663773,0.0409908890724182,0.756212294101715,-2.62976241111755,3.08815455436707,-1.567915558815,K,14
OUTPUT,NaN,NaN,NaN,NaN,NaN,NaN

INPUT,0.381520718336105,0.0415525212883949,0.767515599727631,-2.67506456375122,3.08408403396606,-1.52085280418396,K,15
OUTPUT,NaN,NaN,NaN,NaN,NaN,NaN

INPUT,0.386030435562134,0.0420579873025417,0.77768862247467,-2.71594023704529,3.08052492141724,-1.47859084606171,K,16
OUTPUT,NaN,NaN,NaN,NaN,NaN,NaN

INPUT,0.389537960290909,0.0424511320888996,0.785600960254669,-2.74778842926025,3.07782936096191,-1.4457700252533,K,17
OUTPUT,NaN,NaN,NaN,NaN,NaN,NaN

INPUT,0.392043352127075,0.0427319444715977,0.791252613067627,-2.77056264877319,3.07594442367554,-1.42234921455383,K,18
OUTPUT,NaN,NaN,NaN,NaN,NaN,NaN

INPUT,0.393546611070633,0.0429004356265068,0.794643580913544,-2.78423690795898,3.0748302936554,-1.4083046913147,K,19
OUTPUT,NaN,NaN,NaN,NaN,NaN,NaN

INPUT,0.394047677516937,0.0429565981030464,0.795773923397064,-2.78879618644714,3.0744616985321,-1.40362441539764,K,20
OUTPUT,NaN,NaN,NaN,NaN,NaN,NaN

INPUT,0.36218073964119,0.0359256938099861,0.732423186302185,-2.54195618629456,3.12420678138733,-1.55858623981476,K,12
OUTPUT,NaN,NaN,NaN,NaN,NaN,NaN

INPUT,0.366737931966782,0.0360723957419395,0.743602097034454,-2.59027409553528,3.12263488769531,-1.50340676307678,K,13
OUTPUT,NaN,NaN,NaN,NaN,NaN,NaN

INPUT,0.371295124292374,0.0362191013991833,0.754781007766724,-2.63911080360413,3.12111377716064,-1.44874477386475,K,14
OUTPUT,NaN,NaN,NaN,NaN,NaN,NaN

INPUT,0.375852316617966,0.036365807056427,0.765959918498993,-2.68834471702576,3.11964726448059,-1.39447844028473,K,15
OUTPUT,NaN,NaN,NaN,NaN,NaN,NaN

INPUT,0.379953801631927,0.0364978387951851,0.7760209441185,-2.73292279243469,3.11837720870972,-1.34590482711792,K,16
OUTPUT,NaN,NaN,NaN,NaN,NaN,NaN

INPUT,0.383143812417984,0.0366005301475525,0.783846139907837,-2.767737865448,3.11742424964905,-1.30826759338379,K,17
OUTPUT,NaN,NaN,NaN,NaN,NaN,NaN

INPUT,0.38542240858078,0.0366738848388195,0.789435625076294,-2.79267144203186,3.11676287651062,-1.28144896030426,K,18
OUTPUT,NaN,NaN,NaN,NaN,NaN,NaN

INPUT,0.386789590120316,0.0367178954184055,0.792789280414581,-2.80765509605408,3.11637377738953,-1.26538121700287,K,19
OUTPUT,NaN,NaN,NaN,NaN,NaN,NaN

INPUT,0.387245297431946,0.0367325656116009,0.793907165527344,-2.81265354156494,3.11624550819397,-1.26002895832062,K,20
OUTPUT,NaN,NaN,NaN,NaN,NaN,NaN

INPUT,0.357944428920746,0.0311285592615604,0.732844769954681,0.970406413078308,3.1223886013031,1.4393527507782,K,12
OUTPUT,NaN,NaN,NaN,NaN,NaN,NaN

INPUT,0.362055718898773,0.0307702850550413,0.744067966938019,0.942357540130615,3.12033581733704,1.46064925193787,K,13
OUTPUT,NaN,NaN,NaN,NaN,NaN,NaN

INPUT,0.366167038679123,0.0304120108485222,0.755291223526001,0.914901196956635,3.11829590797424,1.48253929615021,K,14
OUTPUT,NaN,NaN,NaN,NaN,NaN,NaN

INPUT,0.370278358459473,0.0300537366420031,0.766514420509338,0.887891113758087,3.11627006530762,1.50487685203552,K,15
OUTPUT,NaN,NaN,NaN,NaN,NaN,NaN

INPUT,0.373978525400162,0.0297312904149294,0.7766153216362,0.863878726959229,3.11445999145508,1.52527832984924,K,16
OUTPUT,NaN,NaN,NaN,NaN,NaN,NaN

INPUT,0.376856446266174,0.0294804982841015,0.784471571445465,0.845359861850739,3.11306118965149,1.54130446910858,K,17
OUTPUT,NaN,NaN,NaN,NaN,NaN,NaN

INPUT,0.37891212105751,0.0293013621121645,0.790083169937134,0.832204043865204,3.11206722259521,1.55282402038574,K,18
OUTPUT,NaN,NaN,NaN,NaN,NaN,NaN

INPUT,0.380145519971848,0.0291938800364733,0.793450117111206,0.824336349964142,3.11147284507751,1.55976176261902,K,19
OUTPUT,NaN,NaN,NaN,NaN,NaN,NaN

INPUT,0.380556643009186,0.0291580520570278,0.794572472572327,0.821717917919159,3.11127519607544,1.56207835674286,K,20
OUTPUT,NaN,NaN,NaN,NaN,NaN,NaN

INPUT,0.357359230518341,0.0283892918378115,0.732724726200104,0.842008948326111,3.13066911697388,1.48070967197418,K,12
OUTPUT,NaN,NaN,NaN,NaN,NaN,NaN

INPUT,0.361408174037933,0.0277425609529018,0.743936538696289,0.802388966083527,3.1294846534729,1.50830245018005,K,13
OUTPUT,NaN,NaN,NaN,NaN,NaN,NaN

INPUT,0.365457117557526,0.0270958300679922,0.75514829158783,0.763835549354553,3.12831354141235,1.53696203231812,K,14
OUTPUT,NaN,NaN,NaN,NaN,NaN,NaN

INPUT,0.369506061077118,0.0264490991830826,0.766360104084015,0.726079344749451,3.12715721130371,1.56641948223114,K,15
OUTPUT,NaN,NaN,NaN,NaN,NaN,NaN

INPUT,0.373150140047073,0.0258670412003994,0.77645069360733,0.69262570142746,3.12613034248352,1.59345865249634,K,16
OUTPUT,NaN,NaN,NaN,NaN,NaN,NaN

INPUT,0.375984400510788,0.0254143290221691,0.784298956394196,0.66688472032547,3.12534117698669,1.61476790904999,K,17
OUTPUT,NaN,NaN,NaN,NaN,NaN,NaN

INPUT,0.378008872270584,0.0250909626483917,0.789904832839966,0.648624956607819,3.12478303909302,1.63011562824249,K,18
OUTPUT,NaN,NaN,NaN,NaN,NaN,NaN

INPUT,0.379223555326462,0.0248969439417124,0.793268382549286,0.637714445590973,3.12445044517517,1.63936972618103,K,19
OUTPUT,NaN,NaN,NaN,NaN,NaN,NaN

INPUT,0.379628449678421,0.0248322710394859,0.794389545917511,0.634084701538086,3.12433981895447,1.64246141910553,K,20
OUTPUT,NaN,NaN,NaN,NaN,NaN,NaN

INPUT,0.370215237140656,0.0398936942219734,0.732088327407837,-2.57526206970215,3.09323477745056,-1.64607846736908,K,5
OUTPUT,NaN,NaN,NaN,NaN,NaN,NaN

INPUT,0.37834170460701,0.040829461067915,0.747831344604492,-2.65097713470459,3.08613562583923,-1.55766606330872,K,6
OUTPUT,NaN,NaN,NaN,NaN,NaN,NaN

INPUT,0.384662270545959,0.0415572747588158,0.760075926780701,-2.71088099479675,3.0808687210083,-1.48989367485046,K,7
OUTPUT,NaN,NaN,NaN,NaN,NaN,NaN

INPUT,0.389176964759827,0.0420771464705467,0.768822014331818,-2.75406241416931,3.07725620269775,-1.44186580181122,K,8
OUTPUT,NaN,NaN,NaN,NaN,NaN,NaN

INPUT,0.391885757446289,0.0423890687525272,0.774069726467133,-2.7800989151001,3.07515215873718,-1.41317129135132,K,9
OUTPUT,NaN,NaN,NaN,NaN,NaN,NaN

INPUT,0.362484842538834,0.0357749760150909,0.724095463752747,-2.54212594032288,3.12395763397217,-1.61866676807404,K,4
OUTPUT,NaN,NaN,NaN,NaN,NaN,NaN

INPUT,0.368912100791931,0.0359851121902466,0.737282633781433,-2.61029672622681,3.12171745300293,-1.52029895782471,K,5
OUTPUT,NaN,NaN,NaN,NaN,NaN,NaN

INPUT,0.375339359045029,0.0361952483654022,0.750469744205475,-2.68145513534546,3.11961126327515,-1.42491483688354,K,6
OUTPUT,NaN,NaN,NaN,NaN,NaN,NaN

INPUT,0.380338340997696,0.0363586843013763,0.760726392269135,-2.73825693130493,3.11807584762573,-1.35218131542206,K,7
OUTPUT,NaN,NaN,NaN,NaN,NaN,NaN

INPUT,0.383909046649933,0.0364754274487495,0.768052637577057,-2.77942490577698,3.11703824996948,-1.30082261562347,K,8
OUTPUT,NaN,NaN,NaN,NaN,NaN,NaN

INPUT,0.386051446199417,0.0365454703569412,0.772448301315308,-2.80432415008545,3.11644053459167,-1.27020502090454,K,9
OUTPUT,NaN,NaN,NaN,NaN,NaN,NaN

INPUT,0.364261627197266,0.0310654640197754,0.737004458904266,0.967054724693298,3.12038326263428,1.48736047744751,K,5
OUTPUT,NaN,NaN,NaN,NaN,NaN,NaN

INPUT,0.370276480913162,0.0305386260151863,0.750532269477844,0.911516606807709,3.11706113815308,1.51131892204285,K,6
OUTPUT,NaN,NaN,NaN,NaN,NaN,NaN

INPUT,0.374954670667648,0.030128862708807,0.761053860187531,0.871088027954102,3.11450695991516,1.53256249427795,K,7
OUTPUT,NaN,NaN,NaN,NaN,NaN,NaN

INPUT,0.378296226263046,0.0298361741006374,0.76856929063797,0.843342363834381,3.11270356178284,1.54871225357056,K,8
OUTPUT,NaN,NaN,NaN,NaN,NaN,NaN

INPUT,0.380301177501678,0.0296605620533228,0.773078560829163,0.827079892158508,3.11163091659546,1.55870449542999,K,9
OUTPUT,NaN,NaN,NaN,NaN,NaN,NaN

INPUT,0.363521337509155,0.0278844125568867,0.736834466457367,0.838164329528809,3.12980675697327,1.54648780822754,K,5
OUTPUT,NaN,NaN,NaN,NaN,NaN,NaN

INPUT,0.369419991970062,0.0268592312932014,0.750355362892151,0.75924015045166,3.12779355049133,1.57629227638245,K,6
OUTPUT,NaN,NaN,NaN,NaN,NaN,NaN

INPUT,0.374007791280746,0.0260618682950735,0.760871648788452,0.702548325061798,3.12625861167908,1.60375833511353,K,7
OUTPUT,NaN,NaN,NaN,NaN,NaN,NaN

INPUT,0.377284795045853,0.0254923235625029,0.768383264541626,0.663970708847046,3.12518405914307,1.62489473819733,K,8
OUTPUT,NaN,NaN,NaN,NaN,NaN,NaN

INPUT,0.379251003265381,0.0251505952328444,0.772890210151672,0.641480445861816,3.12454962730408,1.63802373409271,K,9
OUTPUT,NaN,NaN,NaN,NaN,NaN,NaN

INPUT,0.363336741924286,0.0375572182238102,0.732635140419006,-2.47399663925171,3.11211776733398,-1.97230231761932,K,12
OUTPUT,NaN,NaN,NaN,NaN,NaN,NaN

INPUT,0.368015468120575,0.0378758646547794,0.743836045265198,-2.49895143508911,3.10918188095093,-1.94446039199829,K,13
OUTPUT,NaN,NaN,NaN,NaN,NaN,NaN

INPUT,0.372694194316864,0.0381945110857487,0.755036890506744,-2.52414631843567,3.10626864433289,-1.91685616970062,K,14
OUTPUT,NaN,NaN,NaN,NaN,NaN,NaN

INPUT,0.377372920513153,0.0385131575167179,0.766237795352936,-2.54952573776245,3.10337972640991,-1.88943338394165,K,15
OUTPUT,NaN,NaN,NaN,NaN,NaN,NaN

INPUT,0.381583780050278,0.0387999415397644,0.776318550109863,-2.57249140739441,3.1008026599884,-1.86487483978271,K,16
OUTPUT,NaN,NaN,NaN,NaN,NaN,NaN

INPUT,0.384858906269073,0.0390229932963848,0.784159183502197,-2.59042048454285,3.09881401062012,-1.84583914279938,K,17
OUTPUT,NaN,NaN,NaN,NaN,NaN,NaN

INPUT,0.387198269367218,0.0391823202371597,0.789759635925293,-2.60325789451599,3.09740233421326,-1.8322719335556,K,18
OUTPUT,NaN,NaN,NaN,NaN,NaN,NaN

INPUT,0.388601899147034,0.0392779111862183,0.79311990737915,-2.61097145080566,3.09655928611755,-1.82414257526398,K,19
OUTPUT,NaN,NaN,NaN,NaN,NaN,NaN

INPUT,0.389069765806198,0.0393097773194313,0.79423999786377,-2.61354446411133,3.09627866744995,-1.82143437862396,K,20
OUTPUT,NaN,NaN,NaN,NaN,NaN,NaN

INPUT,0.360443830490112,0.0357017181813717,0.722438395023346,-2.37998485565186,3.12961077690125,-1.84243369102478,K,11
OUTPUT,NaN,NaN,NaN,NaN,NaN,NaN

INPUT,0.365333199501038,0.0358395837247372,0.7337566614151,-2.4069607257843,3.12833499908447,-1.80619120597839,K,12
OUTPUT,NaN,NaN,NaN,NaN,NaN,NaN

INPUT,0.370222538709641,0.0359774492681026,0.745074987411499,-2.43474721908569,3.12707233428955,-1.77075839042664,K,13
OUTPUT,NaN,NaN,NaN,NaN,NaN,NaN

INPUT,0.375111877918243,0.0361153148114681,0.756393253803253,-2.46314263343811,3.12582397460938,-1.73593425750732,K,14
OUTPUT,NaN,NaN,NaN,NaN,NaN,NaN

INPUT,0.380001246929169,0.0362531840801239,0.767711579799652,-2.4920072555542,3.12459111213684,-1.70157885551453,K,15
OUTPUT,NaN,NaN,NaN,NaN,NaN,NaN

INPUT,0.384401649236679,0.0363772623240948,0.777898073196411,-2.51830387115479,3.12349605560303,-1.67097651958466,K,16
OUTPUT,NaN,NaN,NaN,NaN,NaN,NaN

INPUT,0.387824207544327,0.0364737696945667,0.78582090139389,-2.53892779350281,3.12265419960022,-1.64734554290771,K,17
OUTPUT,NaN,NaN,NaN,NaN,NaN,NaN

INPUT,0.390268862247467,0.0365427024662495,0.791480004787445,-2.55373859405518,3.12205862998962,-1.63054525852203,K,18
OUTPUT,NaN,NaN,NaN,NaN,NaN,NaN

INPUT,0.391735672950745,0.036584060639143,0.794875502586365,-2.56265330314636,3.12170362472534,-1.62049353122711,K,19
OUTPUT,NaN,NaN,NaN,NaN,NaN,NaN

INPUT,0.392224609851837,0.0365978479385376,0.796007335186005,-2.56562948226929,3.12158560752869,-1.61714744567871,K,20
OUTPUT,NaN,NaN,NaN,NaN,NaN,NaN

INPUT,0.357214719057083,0.0295436810702085,0.733551442623138,1.17991423606873,3.11124444007874,1.58012175559998,K,12
OUTPUT,NaN,NaN,NaN,NaN,NaN,NaN

INPUT,0.361249476671219,0.0290188118815422,0.744848191738129,1.15638375282288,3.10802721977234,1.59886789321899,K,13
OUTPUT,NaN,NaN,NaN,NaN,NaN,NaN

INPUT,0.365284264087677,0.0284939426928759,0.756144881248474,1.13333165645599,3.10483360290527,1.61798048019409,K,14
OUTPUT,NaN,NaN,NaN,NaN,NaN,NaN

INPUT,0.369319021701813,0.0279690753668547,0.76744157075882,1.11067354679108,3.10166764259338,1.63733863830566,K,15
OUTPUT,NaN,NaN,NaN,NaN,NaN,NaN

INPUT,0.372950285673141,0.0274966936558485,0.777608633041382,1.09057295322418,3.0988450050354,1.65489590167999,K,16
OUTPUT,NaN,NaN,NaN,NaN,NaN,NaN

INPUT,0.375774621963501,0.0271292850375175,0.785516321659088,1.07511281967163,3.09666895866394,1.6686053276062,K,17
OUTPUT,NaN,NaN,NaN,NaN,NaN,NaN

INPUT,0.377792000770569,0.026866851374507,0.791164696216583,1.06415748596191,3.09512591362,1.67841398715973,K,18
OUTPUT,NaN,NaN,NaN,NaN,NaN,NaN

INPUT,0.379002422094345,0.0267093908041716,0.794553697109222,1.0576183795929,3.09420490264893,1.68430256843567,K,19
OUTPUT,NaN,NaN,NaN,NaN,NaN,NaN

INPUT,0.379405915737152,0.0266569033265114,0.79568338394165,1.05544424057007,3.09389853477478,1.68626570701599,K,20
OUTPUT,NaN,NaN,NaN,NaN,NaN,NaN

INPUT,0.362119287252426,0.0318500399589539,0.733539760112762,-2.26296877861023,3.13820362091064,-1.65382194519043,K,12
OUTPUT,NaN,NaN,NaN,NaN,NaN,NaN

INPUT,0.366669923067093,0.03156778216362,0.744836032390594,-2.27583241462708,3.13793516159058,-1.60258603096008,K,13
OUTPUT,NaN,NaN,NaN,NaN,NaN,NaN

INPUT,0.371220499277115,0.0312855280935764,0.756132364273071,-2.29130887985229,3.13766956329346,-1.55396282672882,K,14
OUTPUT,NaN,NaN,NaN,NaN,NaN,NaN

INPUT,0.375771105289459,0.0310032702982426,0.767428636550903,-2.30887794494629,3.13740682601929,-1.50743222236633,K,15
OUTPUT,NaN,NaN,NaN,NaN,NaN,NaN

INPUT,0.379866659641266,0.0307492390275002,0.777595341205597,-2.32615280151367,3.13717341423035,-1.46701741218567,K,16
OUTPUT,NaN,NaN,NaN,NaN,NaN,NaN

INPUT,0.383052080869675,0.0305516608059406,0.785502731800079,-2.34039664268494,3.13699388504028,-1.4363911151886,K,17
OUTPUT,NaN,NaN,NaN,NaN,NaN,NaN

INPUT,0.385327398777008,0.0304105319082737,0.79115092754364,-2.35094952583313,3.1368670463562,-1.41489434242249,K,18
OUTPUT,NaN,NaN,NaN,NaN,NaN,NaN

INPUT,0.386692583560944,0.0303258560597897,0.79453980922699,-2.35741996765137,3.13679146766663,-1.40213465690613,K,19
OUTPUT,NaN,NaN,NaN,NaN,NaN,NaN

INPUT,0.387147635221481,0.0302976295351982,0.795669436454773,-2.35959839820862,3.13676619529724,-1.39790320396423,K,20
OUTPUT,NaN,NaN,NaN,NaN,NaN,NaN

INPUT,0.369525551795959,0.0350334718823433,0.721343994140625,-2.77952480316162,3.07882356643677,-1.83643329143524,K,11
OUTPUT,NaN,NaN,NaN,NaN,NaN,NaN

INPUT,0.37548303604126,0.0350925922393799,0.732534527778625,-2.83436965942383,3.07220363616943,-1.78026700019836,K,12
OUTPUT,NaN,NaN,NaN,NaN,NaN,NaN

INPUT,0.381440550088882,0.0351517088711262,0.743725061416626,-2.8893404006958,3.06579756736755,-1.72420179843903,K,13
OUTPUT,NaN,NaN,NaN,NaN,NaN,NaN

INPUT,0.387398034334183,0.0352108292281628,0.754915595054626,-2.94440841674805,3.05962491035461,-1.66820728778839,K,14
OUTPUT,NaN,NaN,NaN,NaN,NaN,NaN

INPUT,0.393355518579483,0.0352699458599091,0.766106128692627,-2.99955415725708,3.05370450019836,-1.61226272583008,K,15
OUTPUT,NaN,NaN,NaN,NaN,NaN,NaN

INPUT,0.398717284202576,0.035323154181242,0.776177644729614,-3.04923963546753,3.04860734939575,-1.56194305419922,K,16
OUTPUT,NaN,NaN,NaN,NaN,NaN,NaN

INPUT,0.402887523174286,0.0353645347058773,0.784011006355286,-3.08791470527649,3.04480266571045,-1.52282023429871,K,17
OUTPUT,NaN,NaN,NaN,NaN,NaN,NaN

INPUT,0.405866265296936,0.0353940948843956,0.789606332778931,-3.11555433273315,3.04217433929443,-1.49488127231598,K,18
OUTPUT,NaN,NaN,NaN,NaN,NaN,NaN

INPUT,0.407653510570526,0.0354118309915066,0.792963445186615,-3.13214349746704,3.04063391685486,-1.47811996936798,K,19
OUTPUT,NaN,NaN,NaN,NaN,NaN,NaN

INPUT,0.408249258995056,0.0354177430272102,0.794082522392273,-3.13767409324646,3.04012656211853,-1.47253310680389,K,20
OUTPUT,NaN,NaN,NaN,NaN,NaN,NaN

INPUT,0.35888946056366,0.0350236184895039,0.73445338010788,0.633929371833801,3.13101100921631,1.4083639383316,K,12
OUTPUT,NaN,NaN,NaN,NaN,NaN,NaN

INPUT,0.363099634647369,0.0350752435624599,0.745847165584564,0.587925493717194,3.12987208366394,1.44386065006256,K,13
OUTPUT,NaN,NaN,NaN,NaN,NaN,NaN

INPUT,0.367309808731079,0.0351268723607063,0.757240891456604,0.54284542798996,3.12875247001648,1.48028159141541,K,14
OUTPUT,NaN,NaN,NaN,NaN,NaN,NaN

INPUT,0.371519953012466,0.0351784974336624,0.768634617328644,0.498453974723816,3.12765383720398,1.51739192008972,K,15
OUTPUT,NaN,NaN,NaN,NaN,NaN,NaN

INPUT,0.375309109687805,0.0352249629795551,0.778889000415802,0.45895579457283,3.12668466567993,1.55124580860138,K,16
OUTPUT,NaN,NaN,NaN,NaN,NaN,NaN

INPUT,0.378256231546402,0.0352610982954502,0.786864638328552,0.428474307060242,3.1259446144104,1.57781636714935,K,17
OUTPUT,NaN,NaN,NaN,NaN,NaN,NaN

INPUT,0.380361318588257,0.0352869145572186,0.792561531066895,0.406810581684113,3.12542390823364,1.59690415859222,K,18
OUTPUT,NaN,NaN,NaN,NaN,NaN,NaN

INPUT,0.38162437081337,0.0353024005889893,0.795979619026184,0.393851280212402,3.12511444091797,1.60839581489563,K,19
OUTPUT,NaN,NaN,NaN,NaN,NaN,NaN

INPUT,0.382045388221741,0.0353075638413429,0.79711902141571,0.389537513256073,3.12501192092896,1.61223244667053,K,20
OUTPUT,NaN,NaN,NaN,NaN,NaN,NaN

INPUT,0.3502376973629,0.0208482071757317,0.742734551429749,0.869433104991913,3.03981637954712,1.64812278747559,K,13
OUTPUT,NaN,NaN,NaN,NaN,NaN,NaN

INPUT,0.353222966194153,0.0195448696613312,0.753831744194031,0.831631600856781,3.03062438964844,1.68460869789124,K,14
OUTPUT,NaN,NaN,NaN,NaN,NaN,NaN

INPUT,0.356208235025406,0.0182415302842855,0.764928936958313,0.793911159038544,3.02158498764038,1.72121334075928,K,15
OUTPUT,NaN,NaN,NaN,NaN,NaN,NaN

INPUT,0.358895003795624,0.0170685239136219,0.774916350841522,0.76001238822937,3.01359057426453,1.75424122810364,K,16
OUTPUT,NaN,NaN,NaN,NaN,NaN,NaN

INPUT,0.360984712839127,0.0161561872810125,0.78268438577652,0.733670473098755,3.00747132301331,1.77997696399689,K,17
OUTPUT,NaN,NaN,NaN,NaN,NaN,NaN

INPUT,0.362477332353592,0.0155045166611671,0.788232982158661,0.714864671230316,3.00315546989441,1.79838240146637,K,18
OUTPUT,NaN,NaN,NaN,NaN,NaN,NaN

INPUT,0.363372921943665,0.015113515779376,0.791562139987946,0.703584372997284,3.00058889389038,1.80943405628204,K,19
OUTPUT,NaN,NaN,NaN,NaN,NaN,NaN

INPUT,0.363671451807022,0.0149831809103489,0.792671859264374,0.699824750423431,2.99973726272583,1.81311941146851,K,20
OUTPUT,NaN,NaN,NaN,NaN,NaN,NaN

INPUT,0.363676875829697,0.0322635434567928,0.733638226985931,-2.50592470169067,3.12997221946716,-1.69988405704498,K,12
OUTPUT,NaN,NaN,NaN,NaN,NaN,NaN

INPUT,0.368391811847687,0.0320249982178211,0.744944095611572,-2.54388046264648,3.12891125679016,-1.65301334857941,K,13
OUTPUT,NaN,NaN,NaN,NaN,NaN,NaN

INPUT,0.373106747865677,0.0317864492535591,0.756249964237213,-2.58251857757568,3.12787294387817,-1.60682415962219,K,14
OUTPUT,NaN,NaN,NaN,NaN,NaN,NaN

INPUT,0.377821713685989,0.0315479040145874,0.767555773258209,-2.62168264389038,3.12685918807983,-1.56116056442261,K,15
OUTPUT,NaN,NaN,NaN,NaN,NaN,NaN

INPUT,0.382065147161484,0.031333215534687,0.77773106098175,-2.65728712081909,3.12596917152405,-1.52041947841644,K,16
OUTPUT,NaN,NaN,NaN,NaN,NaN,NaN

INPUT,0.385365605354309,0.0311662312597036,0.785645127296448,-2.68517136573792,3.12529253959656,-1.4889235496521,K,17
OUTPUT,NaN,NaN,NaN,NaN,NaN,NaN

INPUT,0.387723088264465,0.0310469586402178,0.791298091411591,-2.70517706871033,3.12481808662415,-1.46651482582092,K,18
OUTPUT,NaN,NaN,NaN,NaN,NaN,NaN

INPUT,0.38913756608963,0.0309753958135843,0.794689834117889,-2.71721243858337,3.12453699111938,-1.45310139656067,K,19
OUTPUT,NaN,NaN,NaN,NaN,NaN,NaN

INPUT,0.389609068632126,0.0309515409171581,0.795820415019989,-2.72122931480408,3.12444376945496,-1.44863533973694,K,20
OUTPUT,NaN,NaN,NaN,NaN,NaN,NaN

INPUT,0.369719564914703,0.0329054705798626,0.720632910728455,-2.72971200942993,3.05777192115784,-1.94339883327484,K,11
OUTPUT,NaN,NaN,NaN,NaN,NaN,NaN

INPUT,0.375699877738953,0.0327140800654888,0.73173987865448,-2.775559425354,3.04862642288208,-1.89663708209991,K,12
OUTPUT,NaN,NaN,NaN,NaN,NaN,NaN

INPUT,0.381680190563202,0.032522689551115,0.742846846580505,-2.82150745391846,3.03968024253845,-1.84993708133698,K,13
OUTPUT,NaN,NaN,NaN,NaN,NaN,NaN

INPUT,0.387660473585129,0.0323313027620316,0.753953814506531,-2.86753630638123,3.0309522151947,-1.80327618122101,K,14
OUTPUT,NaN,NaN,NaN,NaN,NaN,NaN

INPUT,0.393640786409378,0.0321399122476578,0.765060782432556,-2.91363286972046,3.02246141433716,-1.75663888454437,K,15
OUTPUT,NaN,NaN,NaN,NaN,NaN,NaN

INPUT,0.399023085832596,0.0319676622748375,0.775057017803192,-2.95517039299011,3.01503777503967,-1.7146760225296,K,16
OUTPUT,NaN,NaN,NaN,NaN,NaN,NaN

INPUT,0.403209298849106,0.0318336896598339,0.782831907272339,-2.98750686645508,3.0094153881073,-1.68204116821289,K,17
OUTPUT,NaN,NaN,NaN,NaN,NaN,NaN

INPUT,0.40619945526123,0.031737994402647,0.788385391235352,-3.0106189250946,3.00548410415649,-1.65873074531555,K,18
OUTPUT,NaN,NaN,NaN,NaN,NaN,NaN

INPUT,0.407993525266647,0.0316805802285671,0.79171746969223,-3.02449202537537,3.00316023826599,-1.64474427700043,K,19
OUTPUT,NaN,NaN,NaN,NaN,NaN,NaN

INPUT,0.408591568470001,0.0316614396870136,0.79282820224762,-3.02911710739136,3.00239157676697,-1.6400820016861,K,20
OUTPUT,NaN,NaN,NaN,NaN,NaN,NaN

INPUT,0.364077538251877,0.0371460728347301,0.725342690944672,-2.45970368385315,3.11211228370667,-1.98943603038788,K,4
OUTPUT,NaN,NaN,NaN,NaN,NaN,NaN

INPUT,0.370485961437225,0.0375979878008366,0.738291501998901,-2.49989151954651,3.10781717300415,-1.94418394565582,K,5
OUTPUT,NaN,NaN,NaN,NaN,NaN,NaN

INPUT,0.376894414424896,0.038049902766943,0.751240372657776,-2.5406506061554,3.10358357429504,-1.89949703216553,K,6
OUTPUT,NaN,NaN,NaN,NaN,NaN,NaN

INPUT,0.381878763437271,0.0384013913571835,0.761311709880829,-2.57253479957581,3.10034775733948,-1.8651180267334,K,7
OUTPUT,NaN,NaN,NaN,NaN,NaN,NaN

INPUT,0.385438978672028,0.038652453571558,0.76850551366806,-2.59532880783081,3.09807348251343,-1.84077405929565,K,8
OUTPUT,NaN,NaN,NaN,NaN,NaN,NaN

INPUT,0.387575149536133,0.0388030931353569,0.77282178401947,-2.60899353027344,3.09672522544861,-1.82625758647919,K,9
OUTPUT,NaN,NaN,NaN,NaN,NaN,NaN

INPUT,0.369370758533478,0.0358096286654472,0.732051908969879,-2.44715094566345,3.12690758705139,-1.81054770946503,K,5
OUTPUT,NaN,NaN,NaN,NaN,NaN,NaN

INPUT,0.377477318048477,0.0360149368643761,0.747877299785614,-2.48732256889343,3.12493276596069,-1.73764610290527,K,6
OUTPUT,NaN,NaN,NaN,NaN,NaN,NaN

INPUT,0.38378244638443,0.0361746214330196,0.760185956954956,-2.52082180976868,3.12343859672546,-1.68365871906281,K,7
OUTPUT,NaN,NaN,NaN,NaN,NaN,NaN

INPUT,0.388286113739014,0.0362886823713779,0.76897782087326,-2.54553651809692,3.122398853302,-1.64633095264435,K,8
OUTPUT,NaN,NaN,NaN,NaN,NaN,NaN

INPUT,0.390988290309906,0.0363571159541607,0.774252951145172,-2.56058502197266,3.12178730964661,-1.62438869476318,K,9
OUTPUT,NaN,NaN,NaN,NaN,NaN,NaN

INPUT,0.37000447511673,0.0349380932748318,0.716075360774994,-2.78252530097961,3.07913637161255,-1.86307287216187,K,4
OUTPUT,NaN,NaN,NaN,NaN,NaN,NaN

INPUT,0.379591852426529,0.0350629575550556,0.731457412242889,-2.87458753585815,3.06773161888123,-1.75786244869232,K,5
OUTPUT,NaN,NaN,NaN,NaN,NaN,NaN

INPUT,0.389179229736328,0.0351878218352795,0.74683952331543,-2.96840715408325,3.05704212188721,-1.65432906150818,K,6
OUTPUT,NaN,NaN,NaN,NaN,NaN,NaN

INPUT,0.396636068820953,0.0352849401533604,0.758803308010101,-3.04215979576111,3.0492901802063,-1.57452595233917,K,7
OUTPUT,NaN,NaN,NaN,NaN,NaN,NaN

INPUT,0.401962399482727,0.035354308784008,0.767348945140839,-3.09514284133911,3.04408264160156,-1.51779365539551,K,8
OUTPUT,NaN,NaN,NaN,NaN,NaN,NaN

INPUT,0.405158191919327,0.0353959314525127,0.772476315498352,-3.12703037261963,3.04109764099121,-1.48383903503418,K,9
OUTPUT,NaN,NaN,NaN,NaN,NaN,NaN

INPUT,0.369976758956909,0.0326971784234047,0.715474784374237,-2.72684907913208,3.05828738212585,-1.96075868606567,K,4
OUTPUT,NaN,NaN,NaN,NaN,NaN,NaN

INPUT,0.379468411207199,0.0323405638337135,0.730707764625549,-2.8057324886322,3.04247570037842,-1.87493026256561,K,5
OUTPUT,NaN,NaN,NaN,NaN,NaN,NaN

INPUT,0.388960063457489,0.0319839529693127,0.745940744876862,-2.8856189250946,3.02733469009399,-1.7899786233902,K,6
OUTPUT,NaN,NaN,NaN,NaN,NaN,NaN

INPUT,0.396342426538467,0.0317065864801407,0.75778865814209,-2.94821381568909,3.01608824729919,-1.72427046298981,K,7
OUTPUT,NaN,NaN,NaN,NaN,NaN,NaN

INPUT,0.401615560054779,0.0315084680914879,0.766251444816589,-2.99310922622681,3.00836777687073,-1.67746675014496,K,8
OUTPUT,NaN,NaN,NaN,NaN,NaN,NaN

INPUT,0.404779464006424,0.031389594078064,0.77132910490036,-3.02010822296143,3.00386834144592,-1.64942407608032,K,9
OUTPUT,NaN,NaN,NaN,NaN,NaN,NaN

INPUT,0.363505125045776,0.0295445881783962,0.737811267375946,1.17419648170471,3.10762977600098,1.61773812770844,K,5
OUTPUT,NaN,NaN,NaN,NaN,NaN,NaN

INPUT,0.369398564100266,0.0288037061691284,0.751453399658203,1.12929320335388,3.10263633728027,1.64042246341705,K,6
OUTPUT,NaN,NaN,NaN,NaN,NaN,NaN

INPUT,0.37398236989975,0.0282274633646011,0.762063980102539,1.0962131023407,3.09878754615784,1.65981578826904,K,7
OUTPUT,NaN,NaN,NaN,NaN,NaN,NaN

INPUT,0.377256512641907,0.0278158616274595,0.769642949104309,1.07334816455841,3.09606218338013,1.67433714866638,K,8
OUTPUT,NaN,NaN,NaN,NaN,NaN,NaN

INPUT,0.379221022129059,0.0275689009577036,0.774190306663513,1.05989015102386,3.09443807601929,1.683260679245,K,9
OUTPUT,NaN,NaN,NaN,NaN,NaN,NaN

INPUT,0.36259514093399,0.032021414488554,0.725178956985474,-2.40613341331482,3.13742613792419,-1.83455240726471,K,4
OUTPUT,NaN,NaN,NaN,NaN,NaN,NaN

INPUT,0.369076192378998,0.0315471105277538,0.738544166088104,-2.38664579391479,3.1372606754303,-1.71134519577026,K,5
OUTPUT,NaN,NaN,NaN,NaN,NaN,NaN

INPUT,0.375557273626328,0.031072810292244,0.751909375190735,-2.37254667282104,3.13708639144897,-1.59352660179138,K,6
OUTPUT,NaN,NaN,NaN,NaN,NaN,NaN

INPUT,0.380598098039627,0.0307039096951485,0.762304484844208,-2.36508417129517,3.13694715499878,-1.50574910640717,K,7
OUTPUT,NaN,NaN,NaN,NaN,NaN,NaN

INPUT,0.384198665618896,0.0304404087364674,0.769729614257813,-2.36149549484253,3.13684678077698,-1.44513952732086,K,8
OUTPUT,NaN,NaN,NaN,NaN,NaN,NaN

INPUT,0.386359035968781,0.0302823074162006,0.774184703826904,-2.35999464988708,3.13678646087646,-1.40960836410522,K,9
OUTPUT,NaN,NaN,NaN,NaN,NaN,NaN

INPUT,0.359436959028244,0.0351095087826252,0.725572526454926,0.711081802845001,3.13238382339478,1.43884217739105,K,4
OUTPUT,NaN,NaN,NaN,NaN,NaN,NaN

INPUT,0.365502744913101,0.0351952686905861,0.739217936992645,0.616362810134888,3.13036584854126,1.475133061409,K,5
OUTPUT,NaN,NaN,NaN,NaN,NaN,NaN

INPUT,0.371568530797958,0.0352810323238373,0.752863347530365,0.530482470989227,3.12838959693909,1.52026414871216,K,6
OUTPUT,NaN,NaN,NaN,NaN,NaN,NaN

INPUT,0.37628635764122,0.0353477336466312,0.763476371765137,0.467431247234344,3.12688827514648,1.5591117143631,K,7
OUTPUT,NaN,NaN,NaN,NaN,NaN,NaN

INPUT,0.379656225442886,0.0353953763842583,0.771057188510895,0.42379292845726,3.12583780288696,1.58825886249542,K,8
OUTPUT,NaN,NaN,NaN,NaN,NaN,NaN

INPUT,0.38167816400528,0.0354239642620087,0.775605618953705,0.398052841424942,3.12521719932556,1.60619056224823,K,9
OUTPUT,NaN,NaN,NaN,NaN,NaN,NaN

INPUT,0.364571928977966,0.0323575586080551,0.72629052400589,-2.52155780792236,3.12933015823364,-1.76461780071259,K,4
OUTPUT,NaN,NaN,NaN,NaN,NaN,NaN

INPUT,0.371116518974304,0.0319483280181885,0.739402174949646,-2.5702657699585,3.12794852256775,-1.67683100700378,K,5
OUTPUT,NaN,NaN,NaN,NaN,NaN,NaN

INPUT,0.377661138772964,0.0315391011536121,0.752513766288757,-2.6225049495697,3.12662625312805,-1.59257388114929,K,6
OUTPUT,NaN,NaN,NaN,NaN,NaN,NaN

INPUT,0.382751375436783,0.0312208104878664,0.762711703777313,-2.66493225097656,3.125643491745,-1.52883672714233,K,7
OUTPUT,NaN,NaN,NaN,NaN,NaN,NaN

INPUT,0.386387258768082,0.0309934616088867,0.769995987415314,-2.69599556922913,3.12496781349182,-1.48406755924225,K,8
OUTPUT,NaN,NaN,NaN,NaN,NaN,NaN

INPUT,0.388568788766861,0.0308570507913828,0.774366497993469,-2.71489143371582,3.12457346916199,-1.45746397972107,K,9
OUTPUT,NaN,NaN,NaN,NaN,NaN,NaN

INPUT,0.354969918727875,0.0213710740208626,0.741349697113037,0.854773819446564,3.0337975025177,1.67290616035461,K,5
OUTPUT,NaN,NaN,NaN,NaN,NaN,NaN

INPUT,0.358881145715714,0.0197270698845387,0.752698004245758,0.798186004161835,3.02114796638489,1.72318744659424,K,6
OUTPUT,NaN,NaN,NaN,NaN,NaN,NaN

INPUT,0.361923217773438,0.0184483993798494,0.761524438858032,0.754770159721375,3.01158905029297,1.76255357265472,K,7
OUTPUT,NaN,NaN,NaN,NaN,NaN,NaN

INPUT,0.364096134901047,0.0175350625067949,0.767829060554504,0.724114716053009,3.00493907928467,1.79067528247833,K,8
OUTPUT,NaN,NaN,NaN,NaN,NaN,NaN

INPUT,0.365399867296219,0.0169870611280203,0.77161180973053,0.705876708030701,3.00102734565735,1.80751490592957,K,9
OUTPUT,NaN,NaN,NaN,NaN,NaN,NaN

INPUT,0.361908972263336,0.036763422191143,0.721070885658264,-2.53194427490234,3.09808945655823,-1.75709271430969,K,11
OUTPUT,NaN,NaN,NaN,NaN,NaN,NaN

INPUT,0.366969645023346,0.0370258986949921,0.732230544090271,-2.57616400718689,3.09337902069092,-1.71014368534088,K,12
OUTPUT,NaN,NaN,NaN,NaN,NaN,NaN

INPUT,0.372030287981033,0.0372883751988411,0.743390202522278,-2.62062954902649,3.08876848220825,-1.66343021392822,K,13
OUTPUT,NaN,NaN,NaN,NaN,NaN,NaN

INPUT,0.377090930938721,0.0375508517026901,0.75454980134964,-2.66527915000916,3.08426761627197,-1.61688995361328,K,14
OUTPUT,NaN,NaN,NaN,NaN,NaN,NaN

INPUT,0.382151573896408,0.0378133282065392,0.765709459781647,-2.71007061004639,3.07988572120667,-1.57047986984253,K,15
OUTPUT,NaN,NaN,NaN,NaN,NaN,NaN

INPUT,0.386706173419952,0.0380495563149452,0.775753140449524,-2.75047922134399,3.07605147361755,-1.52879691123962,K,16
OUTPUT,NaN,NaN,NaN,NaN,NaN,NaN

INPUT,0.390248626470566,0.0382332913577557,0.783564865589142,-2.78196048736572,3.07314515113831,-1.49642193317413,K,17
OUTPUT,NaN,NaN,NaN,NaN,NaN,NaN

INPUT,0.392778933048248,0.0383645296096802,0.789144694805145,-2.80447125434875,3.07111191749573,-1.47331738471985,K,18
OUTPUT,NaN,NaN,NaN,NaN,NaN,NaN

INPUT,0.394297122955322,0.0384432710707188,0.792492568492889,-2.81798672676086,3.06990933418274,-1.45946204662323,K,19
OUTPUT,NaN,NaN,NaN,NaN,NaN,NaN

INPUT,0.394803196191788,0.0384695194661617,0.793608546257019,-2.82249307632446,3.06951141357422,-1.45484471321106,K,20
OUTPUT,NaN,NaN,NaN,NaN,NaN,NaN

INPUT,0.36117759346962,0.039987076073885,0.722128450870514,-2.11724996566772,3.10818290710449,-1.59033286571503,K,11
OUTPUT,NaN,NaN,NaN,NaN,NaN,NaN

INPUT,0.366153031587601,0.0406288914382458,0.733411371707916,-2.14589309692383,3.10443639755249,-1.55699622631073,K,12
OUTPUT,NaN,NaN,NaN,NaN,NaN,NaN

INPUT,0.371128439903259,0.0412707068026066,0.744694232940674,-2.17496657371521,3.10072541236877,-1.52408576011658,K,13
OUTPUT,NaN,NaN,NaN,NaN,NaN,NaN

INPUT,0.37610387802124,0.0419125184416771,0.755977153778076,-2.2043604850769,3.09705352783203,-1.49149084091187,K,14
OUTPUT,NaN,NaN,NaN,NaN,NaN,NaN

INPUT,0.381079286336899,0.0425543338060379,0.767260015010834,-2.23399949073792,3.09342432022095,-1.45913600921631,K,15
OUTPUT,NaN,NaN,NaN,NaN,NaN,NaN

INPUT,0.385557174682617,0.0431319661438465,0.777414619922638,-2.26083970069885,3.09019756317139,-1.43017745018005,K,16
OUTPUT,NaN,NaN,NaN,NaN,NaN,NaN

INPUT,0.38903996348381,0.043581236153841,0.785312652587891,-2.28180432319641,3.08771538734436,-1.40773963928223,K,17
OUTPUT,NaN,NaN,NaN,NaN,NaN,NaN

INPUT,0.391527682542801,0.0439021438360214,0.790954113006592,-2.29681992530823,3.08595776557922,-1.39175176620483,K,18
OUTPUT,NaN,NaN,NaN,NaN,NaN,NaN

INPUT,0.393020302057266,0.0440946854650974,0.794338941574097,-2.30584406852722,3.08490943908691,-1.38217318058014,K,19
OUTPUT,NaN,NaN,NaN,NaN,NaN,NaN

INPUT,0.393517851829529,0.0441588684916496,0.795467257499695,-2.30885457992554,3.08456110954285,-1.37898254394531,K,20
OUTPUT,NaN,NaN,NaN,NaN,NaN,NaN

INPUT,0.363053739070892,0.0353275984525681,0.722456097602844,-2.47438430786133,3.11892485618591,-1.73574590682983,K,11
OUTPUT,NaN,NaN,NaN,NaN,NaN,NaN

INPUT,0.368249833583832,0.0354213304817677,0.733777403831482,-2.51521372795105,3.11649870872498,-1.68969225883484,K,12
OUTPUT,NaN,NaN,NaN,NaN,NaN,NaN

INPUT,0.373445957899094,0.0355150662362576,0.74509871006012,-2.5565013885498,3.1141197681427,-1.64409422874451,K,13
OUTPUT,NaN,NaN,NaN,NaN,NaN,NaN

INPUT,0.378642052412033,0.0356087982654572,0.756419956684113,-2.59813070297241,3.11179256439209,-1.59883522987366,K,14
OUTPUT,NaN,NaN,NaN,NaN,NaN,NaN

INPUT,0.383838176727295,0.0357025302946568,0.767741203308105,-2.64002156257629,3.10952138900757,-1.55383479595184,K,15
OUTPUT,NaN,NaN,NaN,NaN,NaN,NaN

INPUT,0.388514667749405,0.0357868932187557,0.777930378913879,-2.67790007591248,3.1075291633606,-1.51350808143616,K,16
OUTPUT,NaN,NaN,NaN,NaN,NaN,NaN

INPUT,0.392151951789856,0.0358525067567825,0.785855233669281,-2.70745539665222,3.1060152053833,-1.48223567008972,K,17
OUTPUT,NaN,NaN,NaN,NaN,NaN,NaN

INPUT,0.394749999046326,0.0358993709087372,0.7915158867836,-2.7286102771759,3.10495400428772,-1.45994091033936,K,18
OUTPUT,NaN,NaN,NaN,NaN,NaN,NaN

INPUT,0.396308839321136,0.0359274931252003,0.794912278652191,-2.74131870269775,3.10432553291321,-1.44657933712006,K,19
OUTPUT,NaN,NaN,NaN,NaN,NaN,NaN

INPUT,0.396828442811966,0.0359368659555912,0.796044409275055,-2.74555730819702,3.10411739349365,-1.44212782382965,K,20
OUTPUT,NaN,NaN,NaN,NaN,NaN,NaN

INPUT,0.370617717504501,0.0368925593793392,0.730561137199402,-2.61044263839722,3.08981990814209,-1.69305574893951,K,5
OUTPUT,NaN,NaN,NaN,NaN,NaN,NaN

INPUT,0.378832131624222,0.0372975952923298,0.746076881885529,-2.6857213973999,3.08215236663818,-1.60627281665802,K,6
OUTPUT,NaN,NaN,NaN,NaN,NaN,NaN

INPUT,0.385221123695374,0.0376126207411289,0.758144676685333,-2.74520015716553,3.07645487785339,-1.53967881202698,K,7
OUTPUT,NaN,NaN,NaN,NaN,NaN,NaN

INPUT,0.389784693717957,0.0378376394510269,0.766764581203461,-2.78804469108582,3.0725417137146,-1.49245750904083,K,8
OUTPUT,NaN,NaN,NaN,NaN,NaN,NaN

INPUT,0.392522811889648,0.0379726514220238,0.771936535835266,-2.81386804580688,3.07026052474976,-1.464235663414,K,9
OUTPUT,NaN,NaN,NaN,NaN,NaN,NaN

INPUT,0.37005603313446,0.0405005551874638,0.731778740882874,-2.17549800872803,3.10129570960999,-1.55186665058136,K,5
OUTPUT,NaN,NaN,NaN,NaN,NaN,NaN

INPUT,0.378226161003113,0.0415139421820641,0.747518360614777,-2.22217583656311,3.09510207176208,-1.48755443096161,K,6
OUTPUT,NaN,NaN,NaN,NaN,NaN,NaN

INPUT,0.384580671787262,0.0423021279275417,0.75976026058197,-2.25975275039673,3.09040451049805,-1.43923211097717,K,7
OUTPUT,NaN,NaN,NaN,NaN,NaN,NaN

INPUT,0.389119625091553,0.0428651198744774,0.768504440784454,-2.28696775436401,3.08712840080261,-1.40550982952118,K,8
OUTPUT,NaN,NaN,NaN,NaN,NaN,NaN

INPUT,0.391843020915985,0.043202918022871,0.773750960826874,-2.30337738990784,3.08519816398621,-1.38557744026184,K,9
OUTPUT,NaN,NaN,NaN,NaN,NaN,NaN

INPUT,0.372358590364456,0.0353134050965309,0.732239365577698,-2.55342817306519,3.11433982849121,-1.67876160144806,K,5
OUTPUT,NaN,NaN,NaN,NaN,NaN,NaN

INPUT,0.380918860435486,0.0354337878525257,0.748014211654663,-2.62088465690613,3.11049199104309,-1.59187161922455,K,6
OUTPUT,NaN,NaN,NaN,NaN,NaN,NaN

INPUT,0.387576848268509,0.0355274192988873,0.760283529758453,-2.67484569549561,3.10762453079224,-1.52577912807465,K,7
OUTPUT,NaN,NaN,NaN,NaN,NaN,NaN

INPUT,0.392332553863525,0.0355942994356155,0.769047379493713,-2.71397352218628,3.10564994812012,-1.47915089130402,K,8
OUTPUT,NaN,NaN,NaN,NaN,NaN,NaN

INPUT,0.395185977220535,0.0356344245374203,0.774305701255798,-2.7376401424408,3.10449647903442,-1.45136260986328,K,9
OUTPUT,NaN,NaN,NaN,NaN,NaN,NaN

INPUT,0.372937589883804,0.043047521263361,0.721250891685486,-2.35609722137451,3.05466794967651,-1.8432697057724,K,11
OUTPUT,NaN,NaN,NaN,NaN,NaN,NaN

INPUT,0.379296451807022,0.0440493784844875,0.732430517673492,-2.38561606407166,3.04480266571045,-1.8123904466629,K,12
OUTPUT,NaN,NaN,NaN,NaN,NaN,NaN

INPUT,0.38565531373024,0.0450512319803238,0.743610143661499,-2.41527414321899,3.03502535820007,-1.78162217140198,K,13
OUTPUT,NaN,NaN,NaN,NaN,NaN,NaN

INPUT,0.392014145851135,0.04605308547616,0.754789769649506,-2.4450409412384,3.02534532546997,-1.75093102455139,K,14
OUTPUT,NaN,NaN,NaN,NaN,NaN,NaN

INPUT,0.398372977972031,0.0470549389719963,0.765969395637512,-2.47489547729492,3.01577115058899,-1.7202935218811,K,15
OUTPUT,NaN,NaN,NaN,NaN,NaN,NaN

INPUT,0.404095947742462,0.0479566119611263,0.776031076908112,-2.50182723999023,3.00725245475769,-1.69275164604187,K,16
OUTPUT,NaN,NaN,NaN,NaN,NaN,NaN

INPUT,0.408547133207321,0.0486579090356827,0.783856809139252,-2.52281022071838,3.00069522857666,-1.67134487628937,K,17
OUTPUT,NaN,NaN,NaN,NaN,NaN,NaN

INPUT,0.41172656416893,0.049158837646246,0.789446651935577,-2.5378155708313,2.99604988098145,-1.65606009960175,K,18
OUTPUT,NaN,NaN,NaN,NaN,NaN,NaN

INPUT,0.413634210824966,0.0494593940675259,0.792800545692444,-2.54682564735413,2.99327850341797,-1.64689087867737,K,19
OUTPUT,NaN,NaN,NaN,NaN,NaN,NaN

INPUT,0.414270102977753,0.0495595782995224,0.793918490409851,-2.54982995986938,2.9923574924469,-1.64383471012115,K,20
OUTPUT,NaN,NaN,NaN,NaN,NaN,NaN

INPUT,0.359790951013565,0.0328792557120323,0.732938945293427,-2.69274711608887,3.13894510269165,-1.97436845302582,K,12
OUTPUT,NaN,NaN,NaN,NaN,NaN,NaN

INPUT,0.364096522331238,0.0327053293585777,0.744171977043152,-2.71722531318665,3.13877725601196,-1.92324912548065,K,13
OUTPUT,NaN,NaN,NaN,NaN,NaN,NaN

INPUT,0.368402063846588,0.0325314067304134,0.755404949188232,-2.74318933486938,3.13861274719238,-1.87361526489258,K,14
OUTPUT,NaN,NaN,NaN,NaN,NaN,NaN

INPUT,0.372707664966583,0.0323574803769588,0.766637980937958,-2.77037739753723,3.13845229148865,-1.82520580291748,K,15
OUTPUT,NaN,NaN,NaN,NaN,NaN,NaN

INPUT,0.376582652330399,0.0322009511291981,0.776747703552246,-2.79572367668152,3.1383113861084,-1.78251385688782,K,16
OUTPUT,NaN,NaN,NaN,NaN,NaN,NaN

INPUT,0.379596561193466,0.032079204916954,0.78461080789566,-2.81593060493469,3.13820433616638,-1.74980247020721,K,17
OUTPUT,NaN,NaN,NaN,NaN,NaN,NaN

INPUT,0.381749361753464,0.0319922417402267,0.790227353572845,-2.83059883117676,3.13812923431396,-1.72667181491852,K,18
OUTPUT,NaN,NaN,NaN,NaN,NaN,NaN

INPUT,0.383041024208069,0.0319400653243065,0.793597221374512,-2.83948659896851,3.13808465003967,-1.71287989616394,K,19
OUTPUT,NaN,NaN,NaN,NaN,NaN,NaN

INPUT,0.383471578359604,0.031922671943903,0.794720530509949,-2.84246277809143,3.13806986808777,-1.70829641819,K,20
OUTPUT,NaN,NaN,NaN,NaN,NaN,NaN

INPUT,0.363100379705429,0.0351042449474335,0.721332490444183,-2.50048613548279,3.10201573371887,-1.93573343753815,K,11
OUTPUT,NaN,NaN,NaN,NaN,NaN,NaN

INPUT,0.368301272392273,0.0351714491844177,0.732523202896118,-2.53237342834473,3.0976128578186,-1.90118253231049,K,12
OUTPUT,NaN,NaN,NaN,NaN,NaN,NaN

INPUT,0.373502135276794,0.035238653421402,0.743713974952698,-2.56450533866882,3.09325838088989,-1.86686992645264,K,13
OUTPUT,NaN,NaN,NaN,NaN,NaN,NaN

INPUT,0.378702998161316,0.0353058576583862,0.754904687404633,-2.59682011604309,3.08895707130432,-1.8327329158783,K,14
OUTPUT,NaN,NaN,NaN,NaN,NaN,NaN

INPUT,0.383903861045837,0.0353730618953705,0.766095399856567,-2.62927532196045,3.08471393585205,-1.79872918128967,K,15
OUTPUT,NaN,NaN,NaN,NaN,NaN,NaN

INPUT,0.388584643602371,0.0354335457086563,0.776167094707489,-2.65858030319214,3.0809485912323,-1.76821422576904,K,16
OUTPUT,NaN,NaN,NaN,NaN,NaN,NaN

INPUT,0.39222526550293,0.0354805886745453,0.784000635147095,-2.68142485618591,3.07805728912354,-1.74452745914459,K,17
OUTPUT,NaN,NaN,NaN,NaN,NaN,NaN

INPUT,0.39482569694519,0.0355141907930374,0.78959596157074,-2.69776606559753,3.07601308822632,-1.72762954235077,K,18
OUTPUT,NaN,NaN,NaN,NaN,NaN,NaN

INPUT,0.396385967731476,0.0355343520641327,0.792953193187714,-2.70757961273193,3.07479524612427,-1.71749842166901,K,19
OUTPUT,NaN,NaN,NaN,NaN,NaN,NaN

INPUT,0.396906048059464,0.0355410724878311,0.794072270393372,-2.71085214614868,3.07439064979553,-1.71412253379822,K,20
OUTPUT,NaN,NaN,NaN,NaN,NaN,NaN

INPUT,0.362266302108765,0.0348751023411751,0.722990155220032,-2.66093611717224,3.12098860740662,-1.90168452262878,K,11
OUTPUT,NaN,NaN,NaN,NaN,NaN,NaN

INPUT,0.367369115352631,0.034915205091238,0.734375834465027,-2.70330166816711,3.11881399154663,-1.85474181175232,K,12
OUTPUT,NaN,NaN,NaN,NaN,NaN,NaN

INPUT,0.372471928596497,0.0349553115665913,0.745761513710022,-2.74606370925903,3.1166844367981,-1.8081933259964,K,13
OUTPUT,NaN,NaN,NaN,NaN,NaN,NaN

INPUT,0.377574741840363,0.0349954143166542,0.757147133350372,-2.78912210464478,3.11460447311401,-1.76193916797638,K,14
OUTPUT,NaN,NaN,NaN,NaN,NaN,NaN

INPUT,0.382677555084229,0.0350355170667171,0.768532812595367,-2.83240795135498,3.11257839202881,-1.71590971946716,K,15
OUTPUT,NaN,NaN,NaN,NaN,NaN,NaN

INPUT,0.387270092964172,0.0350716114044189,0.778779923915863,-2.87151861190796,3.11080431938171,-1.67463445663452,K,16
OUTPUT,NaN,NaN,NaN,NaN,NaN,NaN

INPUT,0.39084205031395,0.0350996851921082,0.786749839782715,-2.90202021598816,3.10945844650269,-1.64261245727539,K,17
OUTPUT,NaN,NaN,NaN,NaN,NaN,NaN

INPUT,0.393393456935883,0.0351197384297848,0.792442679405212,-2.9238452911377,3.10851645469666,-1.61977660655975,K,18
OUTPUT,NaN,NaN,NaN,NaN,NaN,NaN

INPUT,0.394924312829971,0.0351317673921585,0.795858383178711,-2.93695378303528,3.10795903205872,-1.60608851909637,K,19
OUTPUT,NaN,NaN,NaN,NaN,NaN,NaN

INPUT,0.395434588193893,0.03513577952981,0.79699695110321,-2.94132542610168,3.10777449607849,-1.60152769088745,K,20
OUTPUT,NaN,NaN,NaN,NaN,NaN,NaN

INPUT,0.373440206050873,0.0419663637876511,0.716492712497711,-2.34768223762512,3.05413484573364,-1.85001921653748,K,4
OUTPUT,NaN,NaN,NaN,NaN,NaN,NaN

INPUT,0.383594810962677,0.0435372479259968,0.731752455234528,-2.40114855766296,3.03723907470703,-1.79500782489777,K,5
OUTPUT,NaN,NaN,NaN,NaN,NaN,NaN

INPUT,0.393749445676804,0.0451081320643425,0.747012257575989,-2.45487570762634,3.02064990997314,-1.74016284942627,K,6
OUTPUT,NaN,NaN,NaN,NaN,NaN,NaN

INPUT,0.401647478342056,0.0463299266993999,0.758880913257599,-2.49658894538879,3.00805234909058,-1.69777345657349,K,7
OUTPUT,NaN,NaN,NaN,NaN,NaN,NaN

INPUT,0.407288938760757,0.0472026392817497,0.767358601093292,-2.52623987197876,2.99925661087036,-1.66771483421326,K,8
OUTPUT,NaN,NaN,NaN,NaN,NaN,NaN

INPUT,0.410673826932907,0.0477262698113918,0.772445201873779,-2.54394507408142,2.99407029151917,-1.6497894525528,K,9
OUTPUT,NaN,NaN,NaN,NaN,NaN,NaN

INPUT,0.372126787900925,0.034879993647337,0.730914115905762,-2.55607151985168,3.09418129920959,-1.88754284381866,K,5
OUTPUT,NaN,NaN,NaN,NaN,NaN,NaN

INPUT,0.38060799241066,0.0349161028862,0.746467292308807,-2.61100006103516,3.08688187599182,-1.82434022426605,K,6
OUTPUT,NaN,NaN,NaN,NaN,NaN,NaN

INPUT,0.387204498052597,0.0349441915750504,0.758564233779907,-2.65441536903381,3.08133482933044,-1.77585983276367,K,7
OUTPUT,NaN,NaN,NaN,NaN,NaN,NaN

INPUT,0.391916275024414,0.0349642522633076,0.767204880714417,-2.68569684028625,3.07744956016541,-1.74149227142334,K,8
OUTPUT,NaN,NaN,NaN,NaN,NaN,NaN

INPUT,0.394743353128433,0.0349762886762619,0.77238929271698,-2.70455360412598,3.07515120506287,-1.72095572948456,K,9
OUTPUT,NaN,NaN,NaN,NaN,NaN,NaN

INPUT,0.371450126171112,0.0348690673708916,0.732879042625427,-2.74031662940979,3.11685180664063,-1.84114491939545,K,5
OUTPUT,NaN,NaN,NaN,NaN,NaN,NaN

INPUT,0.379845947027206,0.0349166542291641,0.748765647411346,-2.81122446060181,3.11342310905457,-1.7534339427948,K,6
OUTPUT,NaN,NaN,NaN,NaN,NaN,NaN

INPUT,0.386376053094864,0.0349536687135696,0.761121869087219,-2.86764645576477,3.11087656021118,-1.68648087978363,K,7
OUTPUT,NaN,NaN,NaN,NaN,NaN,NaN

INPUT,0.39104038476944,0.0349801070988178,0.769947707653046,-2.90844583511353,3.10912823677063,-1.6391521692276,K,8
OUTPUT,NaN,NaN,NaN,NaN,NaN,NaN

INPUT,0.393839001655579,0.0349959693849087,0.77524322271347,-2.93308758735657,3.10810923576355,-1.61091601848602,K,9
OUTPUT,NaN,NaN,NaN,NaN,NaN,NaN

INPUT,0.360074996948242,0.0330096073448658,0.724034130573273,-2.75103402137756,3.13807964324951,-2.07617020606995,K,4
OUTPUT,NaN,NaN,NaN,NaN,NaN,NaN

INPUT,0.366250395774841,0.0327163934707642,0.737451195716858,-2.77509021759033,3.13806557655334,-1.97864651679993,K,5
OUTPUT,NaN,NaN,NaN,NaN,NaN,NaN

INPUT,0.372425764799118,0.0324231795966625,0.750868201255798,-2.7993540763855,3.13805961608887,-1.88133013248444,K,6
OUTPUT,NaN,NaN,NaN,NaN,NaN,NaN

INPUT,0.377228856086731,0.0321951247751713,0.761303663253784,-2.81825804710388,3.13806080818176,-1.80567193031311,K,7
OUTPUT,NaN,NaN,NaN,NaN,NaN,NaN

INPUT,0.380659639835358,0.0320322290062904,0.768757522106171,-2.83172869682312,3.13806486129761,-1.75159788131714,K,8
OUTPUT,NaN,NaN,NaN,NaN,NaN,NaN

INPUT,0.382718086242676,0.0319344885647297,0.773229897022247,-2.83978366851807,3.13806843757629,-1.71912622451782,K,9
OUTPUT,NaN,NaN,NaN,NaN,NaN,NaN

INPUT,0.36426168680191,0.0354395508766174,0.722088694572449,-2.56543040275574,3.0875391960144,-1.8260931968689,K,11
OUTPUT,NaN,NaN,NaN,NaN,NaN,NaN

INPUT,0.369599729776382,0.0355465263128281,0.73336660861969,-2.60800075531006,3.08162665367126,-1.78165817260742,K,12
OUTPUT,NaN,NaN,NaN,NaN,NaN,NaN

INPUT,0.374937802553177,0.0356534980237484,0.744644463062286,-2.65074467658997,3.0758273601532,-1.73738169670105,K,13
OUTPUT,NaN,NaN,NaN,NaN,NaN,NaN

INPUT,0.380275845527649,0.035760473459959,0.755922377109528,-2.69361996650696,3.07015252113342,-1.69321990013123,K,14
OUTPUT,NaN,NaN,NaN,NaN,NaN,NaN

INPUT,0.385613918304443,0.0358674451708794,0.767200291156769,-2.73659753799438,3.06461262702942,-1.64914309978485,K,15
OUTPUT,NaN,NaN,NaN,NaN,NaN,NaN

INPUT,0.390418171882629,0.0359637215733528,0.77735036611557,-2.77534818649292,3.05975127220154,-1.6095290184021,K,16
OUTPUT,NaN,NaN,NaN,NaN,NaN,NaN

INPUT,0.394154816865921,0.0360386036336422,0.785244941711426,-2.80552625656128,3.0560564994812,-1.57874619960785,K,17
OUTPUT,NaN,NaN,NaN,NaN,NaN,NaN

INPUT,0.396823853254318,0.0360920913517475,0.790883839130402,-2.8271005153656,3.05346584320068,-1.55677092075348,K,18
OUTPUT,NaN,NaN,NaN,NaN,NaN,NaN

INPUT,0.398425251245499,0.0361241810023785,0.794267237186432,-2.8400514125824,3.05193114280701,-1.54359018802643,K,19
OUTPUT,NaN,NaN,NaN,NaN,NaN,NaN

INPUT,0.398959070444107,0.0361348800361156,0.795395016670227,-2.84436964988708,3.05142307281494,-1.53919720649719,K,20
OUTPUT,NaN,NaN,NaN,NaN,NaN,NaN

INPUT,0.376478612422943,0.0451049730181694,0.70839786529541,-2.45381689071655,3.02230954170227,-1.93506133556366,K,10
OUTPUT,NaN,NaN,NaN,NaN,NaN,NaN

INPUT,0.38415738940239,0.046514805406332,0.719354271888733,-2.48801016807556,3.0069522857666,-1.8999183177948,K,11
OUTPUT,NaN,NaN,NaN,NaN,NaN,NaN

INPUT,0.391836166381836,0.0479246415197849,0.7303107380867,-2.52233600616455,2.99175620079041,-1.86483633518219,K,12
OUTPUT,NaN,NaN,NaN,NaN,NaN,NaN

INPUT,0.399514943361282,0.0493344739079475,0.741267204284668,-2.55677056312561,2.97674036026001,-1.82978427410126,K,13
OUTPUT,NaN,NaN,NaN,NaN,NaN,NaN

INPUT,0.407193720340729,0.0507443025708199,0.752223670482635,-2.59129905700684,2.96192264556885,-1.79474055767059,K,14
OUTPUT,NaN,NaN,NaN,NaN,NaN,NaN

INPUT,0.414872497320175,0.0521541349589825,0.763180136680603,-2.62591242790222,2.94732141494751,-1.75968945026398,K,15
OUTPUT,NaN,NaN,NaN,NaN,NaN,NaN

INPUT,0.421783417463303,0.0534229874610901,0.773040950298309,-2.65713262557983,2.93438029289246,-1.72812759876251,K,16
OUTPUT,NaN,NaN,NaN,NaN,NaN,NaN

INPUT,0.427158564329147,0.0544098690152168,0.780710458755493,-2.68145775794983,2.92445468902588,-1.70356464385986,K,17
OUTPUT,NaN,NaN,NaN,NaN,NaN,NaN

INPUT,0.430997937917709,0.0551147870719433,0.786188721656799,-2.69885540008545,2.91744351387024,-1.68601012229919,K,18
OUTPUT,NaN,NaN,NaN,NaN,NaN,NaN

INPUT,0.433301568031311,0.0555377341806889,0.789475619792938,-2.7093026638031,2.91326928138733,-1.67547297477722,K,19
OUTPUT,NaN,NaN,NaN,NaN,NaN,NaN

INPUT,0.434069454669952,0.0556787177920341,0.790571272373199,-2.71278667449951,2.91188335418701,-1.67195987701416,K,20
OUTPUT,NaN,NaN,NaN,NaN,NaN,NaN

INPUT,0.353425770998001,0.0306746512651443,0.734417796134949,0.925444543361664,3.12248587608337,1.60948896408081,K,12
OUTPUT,NaN,NaN,NaN,NaN,NaN,NaN

INPUT,0.357060700654984,0.0302685350179672,0.745808064937592,0.885554492473602,3.1204936504364,1.64158773422241,K,13
OUTPUT,NaN,NaN,NaN,NaN,NaN,NaN

INPUT,0.360695660114288,0.0298624187707901,0.757198333740234,0.84633195400238,3.11852884292603,1.67435550689697,K,14
OUTPUT,NaN,NaN,NaN,NaN,NaN,NaN

INPUT,0.364330589771271,0.029456302523613,0.768588602542877,0.807612121105194,3.11659336090088,1.70762765407562,K,15
OUTPUT,NaN,NaN,NaN,NaN,NaN,NaN

INPUT,0.367602050304413,0.0290907993912697,0.778839886188507,0.773098289966583,3.11487913131714,1.73790800571442,K,16
OUTPUT,NaN,NaN,NaN,NaN,NaN,NaN

INPUT,0.370146512985229,0.0288065169006586,0.786813080310822,0.746431529521942,3.11356496810913,1.7616378068924,K,17
OUTPUT,NaN,NaN,NaN,NaN,NaN,NaN

INPUT,0.371963977813721,0.0286034606397152,0.792508184909821,0.72746467590332,3.11263704299927,1.77866911888123,K,18
OUTPUT,NaN,NaN,NaN,NaN,NaN,NaN

INPUT,0.373054444789886,0.028481625020504,0.795925259590149,0.71611362695694,3.11208486557007,1.78891706466675,K,19
OUTPUT,NaN,NaN,NaN,NaN,NaN,NaN

INPUT,0.373417943716049,0.0284410137683153,0.797064304351807,0.712334454059601,3.11190152168274,1.79233753681183,K,20
OUTPUT,NaN,NaN,NaN,NaN,NaN,NaN

INPUT,0.361496478319168,0.0293157789856195,0.733479022979736,1.00565969944,3.13429665565491,1.50087261199951,K,12
OUTPUT,NaN,NaN,NaN,NaN,NaN,NaN

INPUT,0.365981578826904,0.0287667717784643,0.744768917560577,0.970373749732971,3.13347601890564,1.517693400383,K,13
OUTPUT,NaN,NaN,NaN,NaN,NaN,NaN

INPUT,0.370466619729996,0.0282177664339542,0.756058812141418,0.936779141426086,3.13266015052795,1.53620588779449,K,14
OUTPUT,NaN,NaN,NaN,NaN,NaN,NaN

INPUT,0.374951720237732,0.0276687610894442,0.767348766326904,0.904443085193634,3.13185000419617,1.55597698688507,K,15
OUTPUT,NaN,NaN,NaN,NaN,NaN,NaN

INPUT,0.378988265991211,0.0271746553480625,0.777509689331055,0.876168966293335,3.13112616539001,1.57459962368011,K,16
OUTPUT,NaN,NaN,NaN,NaN,NaN,NaN

INPUT,0.382127821445465,0.026790352538228,0.785412609577179,0.854614615440369,3.13056707382202,1.58952057361603,K,17
OUTPUT,NaN,NaN,NaN,NaN,NaN,NaN

INPUT,0.384370356798172,0.0265158489346504,0.791057586669922,0.839416861534119,3.13016986846924,1.60037672519684,K,18
OUTPUT,NaN,NaN,NaN,NaN,NaN,NaN

INPUT,0.385715872049332,0.02635114826262,0.794444561004639,0.830369114875793,3.12993240356445,1.60696125030518,K,19
OUTPUT,NaN,NaN,NaN,NaN,NaN,NaN

INPUT,0.386164397001266,0.0262962467968464,0.795573532581329,0.827364265918732,3.12985348701477,1.60916721820831,K,20
OUTPUT,NaN,NaN,NaN,NaN,NaN,NaN

INPUT,0.372396945953369,0.0412343740463257,0.720714032649994,-2.41943955421448,3.07016634941101,-1.80533194541931,K,11
OUTPUT,NaN,NaN,NaN,NaN,NaN,NaN

INPUT,0.378692507743835,0.0420230478048325,0.731829524040222,-2.45481085777283,3.062171459198,-1.76840782165527,K,12
OUTPUT,NaN,NaN,NaN,NaN,NaN,NaN

INPUT,0.384988069534302,0.0428117252886295,0.74294501543045,-2.4903347492218,3.05428028106689,-1.73161351680756,K,13
OUTPUT,NaN,NaN,NaN,NaN,NaN,NaN

INPUT,0.391283601522446,0.043600395321846,0.754060447216034,-2.52597546577454,3.0465030670166,-1.69491147994995,K,14
OUTPUT,NaN,NaN,NaN,NaN,NaN,NaN

INPUT,0.397579163312912,0.0443890728056431,0.765175938606262,-2.56170916557312,3.03885006904602,-1.65827572345734,K,15
OUTPUT,NaN,NaN,NaN,NaN,NaN,NaN

INPUT,0.403245151042938,0.0450988784432411,0.775179862976074,-2.59393501281738,3.0320770740509,-1.62534487247467,K,16
OUTPUT,NaN,NaN,NaN,NaN,NaN,NaN

INPUT,0.407652050256729,0.045650951564312,0.782960712909698,-2.61903643608093,3.02688884735107,-1.59975242614746,K,17
OUTPUT,NaN,NaN,NaN,NaN,NaN,NaN

INPUT,0.410799831151962,0.0460452884435654,0.788518488407135,-2.63698363304138,3.02322793006897,-1.58148038387299,K,18
OUTPUT,NaN,NaN,NaN,NaN,NaN,NaN

INPUT,0.412688493728638,0.0462818890810013,0.791853070259094,-2.64775848388672,3.0210497379303,-1.57052028179169,K,19
OUTPUT,NaN,NaN,NaN,NaN,NaN,NaN

INPUT,0.413318037986755,0.04636075720191,0.79296463727951,-2.6513512134552,3.02032685279846,-1.5668671131134,K,20
OUTPUT,NaN,NaN,NaN,NaN,NaN,NaN

INPUT,0.344095349311829,0.0278150457888842,0.741555333137512,0.606757998466492,3.01941132545471,1.538933634758,K,13
OUTPUT,NaN,NaN,NaN,NaN,NaN,NaN

INPUT,0.346495926380157,0.0271754488348961,0.752539217472076,0.561826586723328,3.0086772441864,1.58301019668579,K,14
OUTPUT,NaN,NaN,NaN,NaN,NaN,NaN

INPUT,0.348896473646164,0.0265358500182629,0.763523161411285,0.51692670583725,2.99820566177368,1.62718152999878,K,15
OUTPUT,NaN,NaN,NaN,NaN,NaN,NaN

INPUT,0.35105699300766,0.0259602107107639,0.773408651351929,0.476530849933624,2.98902297019958,1.66700577735901,K,16
OUTPUT,NaN,NaN,NaN,NaN,NaN,NaN

INPUT,0.352737367153168,0.0255124922841787,0.781097412109375,0.445115178823471,2.98204946517944,1.69802188873291,K,17
OUTPUT,NaN,NaN,NaN,NaN,NaN,NaN

INPUT,0.353937655687332,0.0251926928758621,0.786589324474335,0.422675162553787,2.9771625995636,1.72019708156586,K,18
OUTPUT,NaN,NaN,NaN,NaN,NaN,NaN

INPUT,0.354657828807831,0.0250008124858141,0.789884507656097,0.409210592508316,2.97426962852478,1.73351001739502,K,19
OUTPUT,NaN,NaN,NaN,NaN,NaN,NaN

INPUT,0.354897886514664,0.0249368529766798,0.790982902050018,0.404722213745117,2.97331190109253,1.73794901371002,K,20
OUTPUT,NaN,NaN,NaN,NaN,NaN,NaN

INPUT,0.376007467508316,0.0400537811219692,0.72048157453537,-2.60148906707764,3.03195071220398,-1.81865251064301,K,11
OUTPUT,NaN,NaN,NaN,NaN,NaN,NaN

INPUT,0.38272562623024,0.0407029390335083,0.731574237346649,-2.64709258079529,3.0199499130249,-1.77196598052979,K,12
OUTPUT,NaN,NaN,NaN,NaN,NaN,NaN

INPUT,0.389443814754486,0.0413520932197571,0.742666900157928,-2.69282603263855,3.00820755958557,-1.72534227371216,K,13
OUTPUT,NaN,NaN,NaN,NaN,NaN,NaN

INPUT,0.39616197347641,0.0420012511312962,0.753759562969208,-2.73866629600525,2.99674916267395,-1.67875421047211,K,14
OUTPUT,NaN,NaN,NaN,NaN,NaN,NaN

INPUT,0.402880132198334,0.0426504053175449,0.764852166175842,-2.78459858894348,2.98559880256653,-1.63218212127686,K,15
OUTPUT,NaN,NaN,NaN,NaN,NaN,NaN

INPUT,0.408926486968994,0.0432346500456333,0.774835586547852,-2.826007604599,2.97584748268127,-1.59026968479156,K,16
OUTPUT,NaN,NaN,NaN,NaN,NaN,NaN

INPUT,0.413629204034805,0.0436890572309494,0.782600462436676,-2.85825705528259,2.96846032142639,-1.5576673746109,K,17
OUTPUT,NaN,NaN,NaN,NaN,NaN,NaN

INPUT,0.416988283395767,0.0440136343240738,0.788146793842316,-2.88131380081177,2.96329426765442,-1.53437626361847,K,18
OUTPUT,NaN,NaN,NaN,NaN,NaN,NaN

INPUT,0.419003754854202,0.0442083813250065,0.791474580764771,-2.89515590667725,2.96024012565613,-1.52039980888367,K,19
OUTPUT,NaN,NaN,NaN,NaN,NaN,NaN

INPUT,0.419675558805466,0.0442732982337475,0.792583823204041,-2.89977145195007,2.9592297077179,-1.51574063301086,K,20
OUTPUT,NaN,NaN,NaN,NaN,NaN,NaN

INPUT,0.374852627515793,0.0532613433897495,0.718410968780518,-2.17900347709656,2.99673128128052,-1.66615378856659,K,11
OUTPUT,NaN,NaN,NaN,NaN,NaN,NaN

INPUT,0.381436675786972,0.0554648078978062,0.729256451129913,-2.2087779045105,2.9802143573761,-1.63536870479584,K,12
OUTPUT,NaN,NaN,NaN,NaN,NaN,NaN

INPUT,0.388020753860474,0.0576682761311531,0.740101993083954,-2.23868584632874,2.96384525299072,-1.60463666915894,K,13
OUTPUT,NaN,NaN,NaN,NaN,NaN,NaN

INPUT,0.394604802131653,0.0598717369139194,0.75094747543335,-2.26870679855347,2.94763851165771,-1.57392966747284,K,14
OUTPUT,NaN,NaN,NaN,NaN,NaN,NaN

INPUT,0.401188880205154,0.0620752014219761,0.761792957782745,-2.29882788658142,2.93161010742188,-1.54322755336761,K,15
OUTPUT,NaN,NaN,NaN,NaN,NaN,NaN

INPUT,0.407114535570145,0.0640583261847496,0.771553933620453,-2.32601594924927,2.91734886169434,-1.51558709144592,K,16
OUTPUT,NaN,NaN,NaN,NaN,NaN,NaN

INPUT,0.411723375320435,0.0656007453799248,0.779145777225494,-2.34721088409424,2.9063720703125,-1.49407768249512,K,17
OUTPUT,NaN,NaN,NaN,NaN,NaN,NaN

INPUT,0.415015399456024,0.0667024776339531,0.784568548202515,-2.36237573623657,2.89859628677368,-1.47870564460754,K,18
OUTPUT,NaN,NaN,NaN,NaN,NaN,NaN

INPUT,0.416990637779236,0.0673635229468346,0.787822186946869,-2.37148451805115,2.89395761489868,-1.46947860717773,K,19
OUTPUT,NaN,NaN,NaN,NaN,NaN,NaN

INPUT,0.417649030685425,0.067583866417408,0.788906753063202,-2.37452244758606,2.89241600036621,-1.4664021730423,K,20
OUTPUT,NaN,NaN,NaN,NaN,NaN,NaN

INPUT,0.363556146621704,0.0434961169958115,0.720495879650116,-2.13993716239929,3.06620979309082,-1.7224497795105,K,11
OUTPUT,NaN,NaN,NaN,NaN,NaN,NaN

INPUT,0.368811637163162,0.0445508547127247,0.731585681438446,-2.1635959148407,3.05757451057434,-1.69696199893951,K,12
OUTPUT,NaN,NaN,NaN,NaN,NaN,NaN

INPUT,0.374067157506943,0.0456055924296379,0.742675423622131,-2.18743371963501,3.04899001121521,-1.67163527011871,K,13
OUTPUT,NaN,NaN,NaN,NaN,NaN,NaN

INPUT,0.379322648048401,0.0466603301465511,0.753765225410461,-2.21140694618225,3.04046154022217,-1.64642477035522,K,14
OUTPUT,NaN,NaN,NaN,NaN,NaN,NaN

INPUT,0.384578138589859,0.0477150678634644,0.764854967594147,-2.23548674583435,3.0319938659668,-1.62129950523376,K,15
OUTPUT,NaN,NaN,NaN,NaN,NaN,NaN

INPUT,0.389308094978333,0.0486643351614475,0.774835765361786,-2.25723266601563,3.02442955970764,-1.59874141216278,K,16
OUTPUT,NaN,NaN,NaN,NaN,NaN,NaN

INPUT,0.392986953258514,0.0494026504456997,0.782598614692688,-2.2741870880127,3.01858568191528,-1.58122384548187,K,17
OUTPUT,NaN,NaN,NaN,NaN,NaN,NaN

INPUT,0.395614713430405,0.0499300174415112,0.788143515586853,-2.28631711006165,3.01443362236023,-1.56872320175171,K,18
OUTPUT,NaN,NaN,NaN,NaN,NaN,NaN

INPUT,0.397191345691681,0.0502464398741722,0.791470408439636,-2.29360222816467,3.01195168495178,-1.56122708320618,K,19
OUTPUT,NaN,NaN,NaN,NaN,NaN,NaN

INPUT,0.397716909646988,0.0503519140183926,0.792579412460327,-2.29603171348572,3.01112580299377,-1.55872893333435,K,20
OUTPUT,NaN,NaN,NaN,NaN,NaN,NaN

INPUT,0.37335729598999,0.0352663770318031,0.732021927833557,-2.63829183578491,3.07728028297424,-1.76308357715607,K,5
OUTPUT,NaN,NaN,NaN,NaN,NaN,NaN

INPUT,0.381954044103622,0.0353891588747501,0.747665524482727,-2.71173048019409,3.06756615638733,-1.68178427219391,K,6
OUTPUT,NaN,NaN,NaN,NaN,NaN,NaN

INPUT,0.388640373945236,0.0354846604168415,0.759832739830017,-2.76950478553772,3.0603129863739,-1.61916959285736,K,7
OUTPUT,NaN,NaN,NaN,NaN,NaN,NaN

INPUT,0.393416315317154,0.0355528704822063,0.768523633480072,-2.81102776527405,3.05531072616577,-1.57467925548553,K,8
OUTPUT,NaN,NaN,NaN,NaN,NaN,NaN

INPUT,0.396281898021698,0.0355938002467155,0.773738145828247,-2.83602499961853,3.0523853302002,-1.54805958271027,K,9
OUTPUT,NaN,NaN,NaN,NaN,NaN,NaN

INPUT,0.378365129232407,0.0443590320646763,0.706877708435059,-2.46241092681885,3.01724314689636,-1.93316459655762,K,4
OUTPUT,NaN,NaN,NaN,NaN,NaN,NaN

INPUT,0.39201408624649,0.0468542128801346,0.72387683391571,-2.52772784233093,2.98827910423279,-1.86351263523102,K,5
OUTPUT,NaN,NaN,NaN,NaN,NaN,NaN

INPUT,0.405663073062897,0.0493493974208832,0.740875959396362,-2.59387516975403,2.96001148223877,-1.79439437389374,K,6
OUTPUT,NaN,NaN,NaN,NaN,NaN,NaN

INPUT,0.416278928518295,0.0512900948524475,0.754097461700439,-2.64572262763977,2.93859076499939,-1.74080014228821,K,7
OUTPUT,NaN,NaN,NaN,NaN,NaN,NaN

INPUT,0.423861682415009,0.0526763089001179,0.763541400432587,-2.68292927742004,2.9236307144165,-1.70255315303802,K,8
OUTPUT,NaN,NaN,NaN,NaN,NaN,NaN

INPUT,0.428411334753036,0.053508035838604,0.769207775592804,-2.70531511306763,2.91480112075806,-1.67960834503174,K,9
OUTPUT,NaN,NaN,NaN,NaN,NaN,NaN

INPUT,0.372860372066498,0.0404685772955418,0.715667128562927,-2.41542863845825,3.06977295875549,-1.8176943063736,K,4
OUTPUT,NaN,NaN,NaN,NaN,NaN,NaN

INPUT,0.383004784584045,0.0417267344892025,0.730872988700867,-2.47697162628174,3.05614852905273,-1.75050175189972,K,5
OUTPUT,NaN,NaN,NaN,NaN,NaN,NaN

INPUT,0.393149167299271,0.0429848916828632,0.746078848838806,-2.53932070732117,3.04287695884705,-1.68404138088226,K,6
OUTPUT,NaN,NaN,NaN,NaN,NaN,NaN

INPUT,0.401039242744446,0.0439634621143341,0.757905662059784,-2.58818507194519,3.03283452987671,-1.63266372680664,K,7
OUTPUT,NaN,NaN,NaN,NaN,NaN,NaN

INPUT,0.406675010919571,0.0446624383330345,0.766353368759155,-2.62323641777039,3.02582693099976,-1.5960807800293,K,8
OUTPUT,NaN,NaN,NaN,NaN,NaN,NaN

INPUT,0.410056471824646,0.0450818240642548,0.77142196893692,-2.64431691169739,3.02169275283813,-1.57416665554047,K,9
OUTPUT,NaN,NaN,NaN,NaN,NaN,NaN

INPUT,0.37644350528717,0.0392698906362057,0.716422617435455,-2.59240126609802,3.03200387954712,-1.8307147026062,K,4
OUTPUT,NaN,NaN,NaN,NaN,NaN,NaN

INPUT,0.386955112218857,0.0403644032776356,0.731376647949219,-2.67318177223206,3.01141095161438,-1.74707353115082,K,5
OUTPUT,NaN,NaN,NaN,NaN,NaN,NaN

INPUT,0.397466719150543,0.0414589159190655,0.746330618858337,-2.75445413589478,2.99169588088989,-1.66370844841003,K,6
OUTPUT,NaN,NaN,NaN,NaN,NaN,NaN

INPUT,0.405642420053482,0.0423102043569088,0.757961511611938,-2.81791710853577,2.977055311203,-1.598956823349,K,7
OUTPUT,NaN,NaN,NaN,NaN,NaN,NaN

INPUT,0.411482214927673,0.0429182685911655,0.766269266605377,-2.86335897445679,2.96700668334961,-1.55272436141968,K,8
OUTPUT,NaN,NaN,NaN,NaN,NaN,NaN

INPUT,0.414986073970795,0.0432831048965454,0.771253943443298,-2.89066362380981,2.96115159988403,-1.52498662471771,K,9
OUTPUT,NaN,NaN,NaN,NaN,NaN,NaN

INPUT,0.37501049041748,0.0509600080549717,0.713942348957062,-2.16956496238708,2.9953761100769,-1.67384684085846,K,4
OUTPUT,NaN,NaN,NaN,NaN,NaN,NaN

INPUT,0.385357230901718,0.0544543415307999,0.728655219078064,-2.22375559806824,2.96719622612,-1.61870539188385,K,5
OUTPUT,NaN,NaN,NaN,NaN,NaN,NaN

INPUT,0.395703971385956,0.0579486787319183,0.743368148803711,-2.27821087837219,2.93953585624695,-1.56356155872345,K,6
OUTPUT,NaN,NaN,NaN,NaN,NaN,NaN

INPUT,0.40375143289566,0.0606664940714836,0.754811525344849,-2.32050633430481,2.91854429244995,-1.5208488702774,K,7
OUTPUT,NaN,NaN,NaN,NaN,NaN,NaN

INPUT,0.409499615430832,0.0626077950000763,0.762985408306122,-2.35058426856995,2.90389728546143,-1.49051940441132,K,8
OUTPUT,NaN,NaN,NaN,NaN,NaN,NaN

INPUT,0.412948548793793,0.0637725740671158,0.767889678478241,-2.36855006217957,2.89526557922363,-1.47241771221161,K,9
OUTPUT,NaN,NaN,NaN,NaN,NaN,NaN

INPUT,0.372438132762909,0.0439727306365967,0.730038046836853,-2.17987632751465,3.05089783668518,-1.6865199804306,K,5
OUTPUT,NaN,NaN,NaN,NaN,NaN,NaN

INPUT,0.380917191505432,0.0455682650208473,0.745414137840271,-2.22133851051331,3.0363302230835,-1.63983273506165,K,6
OUTPUT,NaN,NaN,NaN,NaN,NaN,NaN

INPUT,0.387511998414993,0.046809233725071,0.757373332977295,-2.25395154953003,3.02517557144165,-1.60406303405762,K,7
OUTPUT,NaN,NaN,NaN,NaN,NaN,NaN

INPUT,0.392222553491592,0.0476956404745579,0.765915632247925,-2.27732634544373,3.01732540130615,-1.57878613471985,K,8
OUTPUT,NaN,NaN,NaN,NaN,NaN,NaN

INPUT,0.395048916339874,0.0482274852693081,0.771040976047516,-2.29135656356812,3.01266860961914,-1.56372928619385,K,9
OUTPUT,NaN,NaN,NaN,NaN,NaN,NaN

INPUT,0.359225869178772,0.0305298268795013,0.738640904426575,0.906343340873718,3.1205894947052,1.66509890556335,K,5
OUTPUT,NaN,NaN,NaN,NaN,NaN,NaN

INPUT,0.364496767520905,0.0299175567924976,0.752476513385773,0.833723187446594,3.11739087104797,1.70812380313873,K,6
OUTPUT,NaN,NaN,NaN,NaN,NaN,NaN

INPUT,0.368596374988556,0.0294413492083549,0.763237535953522,0.779671728610992,3.11495542526245,1.74402153491974,K,7
OUTPUT,NaN,NaN,NaN,NaN,NaN,NaN

INPUT,0.371524661779404,0.029101200401783,0.770923972129822,0.742009460926056,3.11324739456177,1.77061057090759,K,8
OUTPUT,NaN,NaN,NaN,NaN,NaN,NaN

INPUT,0.37328165769577,0.0288971103727818,0.775535881519318,0.719719171524048,3.1122362613678,1.78687167167664,K,9
OUTPUT,NaN,NaN,NaN,NaN,NaN,NaN

INPUT,0.361896574497223,0.0297670178115368,0.724782407283783,1.14705657958984,3.13515877723694,1.61220800876617,K,4
OUTPUT,NaN,NaN,NaN,NaN,NaN,NaN

INPUT,0.368362486362457,0.0288940332829952,0.738227486610413,1.04085886478424,3.13375377655029,1.59007179737091,K,5
OUTPUT,NaN,NaN,NaN,NaN,NaN,NaN

INPUT,0.374828368425369,0.0280210487544537,0.751672565937042,0.954225778579712,3.13233995437622,1.58750081062317,K,6
OUTPUT,NaN,NaN,NaN,NaN,NaN,NaN

INPUT,0.379857391119003,0.0273420624434948,0.762129843235016,0.89542829990387,3.13124513626099,1.59389543533325,K,7
OUTPUT,NaN,NaN,NaN,NaN,NaN,NaN

INPUT,0.383449584245682,0.0268570706248283,0.769599318504333,0.856732368469238,3.13046908378601,1.60157990455627,K,8
OUTPUT,NaN,NaN,NaN,NaN,NaN,NaN

INPUT,0.385604858398438,0.0265660751610994,0.77408105134964,0.834586799144745,3.13000702857971,1.60716485977173,K,9
OUTPUT,NaN,NaN,NaN,NaN,NaN,NaN

INPUT,0.348457515239716,0.0283175744116306,0.739216804504395,0.58000373840332,3.01388120651245,1.55856168270111,K,5
OUTPUT,NaN,NaN,NaN,NaN,NaN,NaN

INPUT,0.351884543895721,0.0275753568857908,0.750754356384277,0.517098784446716,2.9987473487854,1.62321531772614,K,6
OUTPUT,NaN,NaN,NaN,NaN,NaN,NaN

INPUT,0.354550004005432,0.0269980784505606,0.759727954864502,0.468009650707245,2.98737406730652,1.67343151569366,K,7
OUTPUT,NaN,NaN,NaN,NaN,NaN,NaN

INPUT,0.356453895568848,0.0265857372432947,0.766137659549713,0.432872176170349,2.9794807434082,1.70927882194519,K,8
OUTPUT,NaN,NaN,NaN,NaN,NaN,NaN

INPUT,0.35759624838829,0.0263383314013481,0.769983530044556,0.411762744188309,2.97484159469604,1.73078191280365,K,9
OUTPUT,NaN,NaN,NaN,NaN,NaN,NaN

INPUT,0.35853585600853,0.0309195071458817,0.732846319675446,0.714530050754547,3.1199061870575,1.59032225608826,K,12
OUTPUT,NaN,NaN,NaN,NaN,NaN,NaN

INPUT,0.36270946264267,0.0305392369627953,0.744069635868073,0.665553689002991,3.11771535873413,1.63352191448212,K,13
OUTPUT,NaN,NaN,NaN,NaN,NaN,NaN

INPUT,0.366883039474487,0.0301589667797089,0.755292892456055,0.617057085037231,3.11557507514954,1.67720353603363,K,14
OUTPUT,NaN,NaN,NaN,NaN,NaN,NaN

INPUT,0.371056646108627,0.0297786965966225,0.766516149044037,0.568921029567719,3.11348986625671,1.72124862670898,K,15
OUTPUT,NaN,NaN,NaN,NaN,NaN,NaN

INPUT,0.37481290102005,0.0294364541769028,0.776617109775543,0.525838017463684,3.11166405677795,1.76113057136536,K,16
OUTPUT,NaN,NaN,NaN,NaN,NaN,NaN

INPUT,0.377734422683716,0.0291702635586262,0.784473419189453,0.49245548248291,3.11027956008911,1.79227828979492,K,17
OUTPUT,NaN,NaN,NaN,NaN,NaN,NaN

INPUT,0.379821211099625,0.028980128467083,0.790085077285767,0.468668699264526,3.10931038856506,1.81458520889282,K,18
OUTPUT,NaN,NaN,NaN,NaN,NaN,NaN

INPUT,0.381073296070099,0.0288660489022732,0.793452024459839,0.454417288303375,3.10873699188232,1.82799017429352,K,19
OUTPUT,NaN,NaN,NaN,NaN,NaN,NaN

INPUT,0.381490647792816,0.0288280211389065,0.794574379920959,0.449669986963272,3.10854721069336,1.83246183395386,K,20
OUTPUT,NaN,NaN,NaN,NaN,NaN,NaN

INPUT,0.363464564085007,0.0320675224065781,0.732927441596985,-2.41473197937012,3.13597178459167,-1.66381788253784,K,12
OUTPUT,NaN,NaN,NaN,NaN,NaN,NaN

INPUT,0.368156909942627,0.0318082012236118,0.744159281253815,-2.44366073608398,3.13549447059631,-1.61372411251068,K,13
OUTPUT,NaN,NaN,NaN,NaN,NaN,NaN

INPUT,0.372849255800247,0.0315488800406456,0.755391180515289,-2.47411298751831,3.13502645492554,-1.56515395641327,K,14
OUTPUT,NaN,NaN,NaN,NaN,NaN,NaN

INPUT,0.377541571855545,0.0312895588576794,0.766623079776764,-2.50576066970825,3.13456797599792,-1.51777863502502,K,15
OUTPUT,NaN,NaN,NaN,NaN,NaN,NaN

INPUT,0.381764680147171,0.0310561675578356,0.776731789112091,-2.53506445884705,3.13416433334351,-1.47596168518066,K,16
OUTPUT,NaN,NaN,NaN,NaN,NaN,NaN

INPUT,0.385049313306808,0.0308746416121721,0.784594058990479,-2.55830311775208,3.13385677337646,-1.44388437271118,K,17
OUTPUT,NaN,NaN,NaN,NaN,NaN,NaN

INPUT,0.38739550113678,0.030744981020689,0.790210008621216,-2.57511019706726,3.13364052772522,-1.42117977142334,K,18
OUTPUT,NaN,NaN,NaN,NaN,NaN,NaN

INPUT,0.38880318403244,0.0306671839207411,0.793579578399658,-2.58526968955994,3.13351249694824,-1.40763223171234,K,19
OUTPUT,NaN,NaN,NaN,NaN,NaN,NaN

INPUT,0.389272421598434,0.0306412521749735,0.794702768325806,-2.58866786956787,3.13346982002258,-1.40312838554382,K,20
OUTPUT,NaN,NaN,NaN,NaN,NaN,NaN

INPUT,0.371829092502594,0.0432469211518764,0.719979107379913,-2.37303400039673,3.04166769981384,-1.70120406150818,K,11
OUTPUT,NaN,NaN,NaN,NaN,NaN,NaN

INPUT,0.378057569265366,0.0442721992731094,0.731009066104889,-2.41196727752686,3.03052973747253,-1.66096913814545,K,12
OUTPUT,NaN,NaN,NaN,NaN,NaN,NaN

INPUT,0.384286046028137,0.0452974736690521,0.742039084434509,-2.45104289054871,3.01956534385681,-1.62082767486572,K,13
OUTPUT,NaN,NaN,NaN,NaN,NaN,NaN

INPUT,0.390514492988586,0.0463227480649948,0.753069043159485,-2.49023175239563,3.00879216194153,-1.58074700832367,K,14
OUTPUT,NaN,NaN,NaN,NaN,NaN,NaN

INPUT,0.39674299955368,0.0473480261862278,0.764099061489105,-2.52951502799988,2.9982271194458,-1.54070448875427,K,15
OUTPUT,NaN,NaN,NaN,NaN,NaN,NaN

INPUT,0.402348607778549,0.0482707731425762,0.774026095867157,-2.56493997573853,2.98891019821167,-1.50468516349792,K,16
OUTPUT,NaN,NaN,NaN,NaN,NaN,NaN

INPUT,0.406708538532257,0.0489884689450264,0.781747102737427,-2.59253358840942,2.98179745674133,-1.4766765832901,K,17
OUTPUT,NaN,NaN,NaN,NaN,NaN,NaN

INPUT,0.409822791814804,0.0495011061429977,0.787262082099915,-2.61226391792297,2.97679209709167,-1.45667159557343,K,18
OUTPUT,NaN,NaN,NaN,NaN,NaN,NaN

INPUT,0.411691337823868,0.0498086884617805,0.790571093559265,-2.62410974502563,2.97381973266602,-1.44466865062714,K,19
OUTPUT,NaN,NaN,NaN,NaN,NaN,NaN

INPUT,0.412314176559448,0.0499112159013748,0.791674077510834,-2.62805986404419,2.97283411026001,-1.44066762924194,K,20
OUTPUT,NaN,NaN,NaN,NaN,NaN,NaN

INPUT,0.372066497802734,0.0421214550733566,0.715036690235138,-2.36735677719116,3.0411970615387,-1.71406400203705,K,4
OUTPUT,NaN,NaN,NaN,NaN,NaN,NaN

INPUT,0.381945788860321,0.0437466278672218,0.730104088783264,-2.4355297088623,3.02220129966736,-1.64109122753143,K,5
OUTPUT,NaN,NaN,NaN,NaN,NaN,NaN

INPUT,0.39182510972023,0.0453718043863773,0.74517160654068,-2.5044322013855,3.00379872322083,-1.5686901807785,K,6
OUTPUT,NaN,NaN,NaN,NaN,NaN,NaN

INPUT,0.399509012699127,0.0466358289122581,0.756890714168549,-2.55837178230286,2.98995518684387,-1.51260650157928,K,7
OUTPUT,NaN,NaN,NaN,NaN,NaN,NaN

INPUT,0.404997497797012,0.0475387014448643,0.76526153087616,-2.5970458984375,2.98034453392029,-1.47262299060822,K,8
OUTPUT,NaN,NaN,NaN,NaN,NaN,NaN

INPUT,0.408290594816208,0.048080425709486,0.770283997058868,-2.62030053138733,2.97469639778137,-1.44865429401398,K,9
OUTPUT,NaN,NaN,NaN,NaN,NaN,NaN

INPUT,0.365005135536194,0.0307505149394274,0.737000644207001,0.676998257637024,3.11798310279846,1.64830553531647,K,5
OUTPUT,NaN,NaN,NaN,NaN,NaN,NaN

INPUT,0.37115415930748,0.0301618166267872,0.750531136989594,0.593415200710297,3.11445116996765,1.712850689888,K,6
OUTPUT,NaN,NaN,NaN,NaN,NaN,NaN

INPUT,0.375936716794968,0.0297039411962032,0.761054813861847,0.529937267303467,3.11180472373962,1.76458811759949,K,7
OUTPUT,NaN,NaN,NaN,NaN,NaN,NaN

INPUT,0.37935283780098,0.0293768886476755,0.768571734428406,0.485187262296677,3.1099739074707,1.8021377325058,K,8
OUTPUT,NaN,NaN,NaN,NaN,NaN,NaN

INPUT,0.381402522325516,0.0291806552559137,0.77308189868927,0.458528131246567,3.10890054702759,1.82485961914063,K,9
OUTPUT,NaN,NaN,NaN,NaN,NaN,NaN

INPUT,0.363889247179031,0.0322142988443375,0.724707424640656,-2.48048162460327,3.13523316383362,-1.7751647233963,K,4
OUTPUT,NaN,NaN,NaN,NaN,NaN,NaN

INPUT,0.370571732521057,0.0317753180861473,0.737941682338715,-2.50238823890686,3.13473916053772,-1.6699538230896,K,5
OUTPUT,NaN,NaN,NaN,NaN,NaN,NaN

INPUT,0.37725418806076,0.0313363410532475,0.751175940036774,-2.52981185913086,3.1342625617981,-1.57025969028473,K,6
OUTPUT,NaN,NaN,NaN,NaN,NaN,NaN

INPUT,0.382451683282852,0.0309949144721031,0.761469185352325,-2.55418229103088,3.1339066028595,-1.49576091766357,K,7
OUTPUT,NaN,NaN,NaN,NaN,NaN,NaN

INPUT,0.38616418838501,0.0307510364800692,0.768821537494659,-2.57294607162476,3.13366079330444,-1.4439035654068,K,8
OUTPUT,NaN,NaN,NaN,NaN,NaN,NaN

INPUT,0.388391673564911,0.0306047108024359,0.773232996463776,-2.58468198776245,3.13351702690125,-1.41326665878296,K,9
OUTPUT,NaN,NaN,NaN,NaN,NaN,NaN

INPUT,0.35977840423584,0.0318919159471989,0.73345160484314,0.838873028755188,3.11540031433105,1.40867006778717,K,12
OUTPUT,NaN,NaN,NaN,NaN,NaN,NaN

INPUT,0.364083051681519,0.0316142253577709,0.744737803936005,0.806722223758698,3.11265158653259,1.43648409843445,K,13
OUTPUT,NaN,NaN,NaN,NaN,NaN,NaN

INPUT,0.368387699127197,0.0313365310430527,0.75602400302887,0.774944961071014,3.10992908477783,1.46467399597168,K,14
OUTPUT,NaN,NaN,NaN,NaN,NaN,NaN

INPUT,0.372692346572876,0.0310588385909796,0.767310202121735,0.743449091911316,3.10723471641541,1.49314796924591,K,15
OUTPUT,NaN,NaN,NaN,NaN,NaN,NaN

INPUT,0.376566529273987,0.0308089144527912,0.777467787265778,0.715290069580078,3.10483598709106,1.51896405220032,K,16
OUTPUT,NaN,NaN,NaN,NaN,NaN,NaN

INPUT,0.379579782485962,0.0306145306676626,0.785368144512177,0.693488001823425,3.10298871994019,1.53914415836334,K,17
OUTPUT,NaN,NaN,NaN,NaN,NaN,NaN

INPUT,0.381732106208801,0.0304756835103035,0.791011273860931,0.677960336208344,3.10167980194092,1.5536048412323,K,18
OUTPUT,NaN,NaN,NaN,NaN,NaN,NaN

INPUT,0.383023500442505,0.0303923767060041,0.794397115707397,0.668660044670105,3.1008985042572,1.56229782104492,K,19
OUTPUT,NaN,NaN,NaN,NaN,NaN,NaN

INPUT,0.383453965187073,0.0303646065294743,0.795525729656219,0.665562450885773,3.10063886642456,1.5651980638504,K,20
OUTPUT,NaN,NaN,NaN,NaN,NaN,NaN

INPUT,0.363513708114624,0.0372679084539413,0.721222460269928,-2.5915322303772,3.11823058128357,-1.71356129646301,K,11
OUTPUT,NaN,NaN,NaN,NaN,NaN,NaN

INPUT,0.368763715028763,0.0375898741185665,0.732398629188538,-2.64079308509827,3.11579322814941,-1.65954458713531,K,12
OUTPUT,NaN,NaN,NaN,NaN,NaN,NaN

INPUT,0.374013721942902,0.037911843508482,0.743574738502502,-2.69046115875244,3.11342453956604,-1.6059318780899,K,13
OUTPUT,NaN,NaN,NaN,NaN,NaN,NaN

INPUT,0.37926372885704,0.0382338128983974,0.754750907421112,-2.74043273925781,3.1111307144165,-1.55261957645416,K,14
OUTPUT,NaN,NaN,NaN,NaN,NaN,NaN

INPUT,0.384513735771179,0.0385557822883129,0.765927016735077,-2.79063630104065,3.10891819000244,-1.4995356798172,K,15
OUTPUT,NaN,NaN,NaN,NaN,NaN,NaN

INPUT,0.389238744974136,0.0388455539941788,0.775985598564148,-2.83597588539124,3.10700130462646,-1.45191323757172,K,16
OUTPUT,NaN,NaN,NaN,NaN,NaN,NaN

INPUT,0.39291375875473,0.0390709303319454,0.783808887004852,-2.87132358551025,3.10556173324585,-1.41495513916016,K,17
OUTPUT,NaN,NaN,NaN,NaN,NaN,NaN

INPUT,0.395538777112961,0.0392319150269032,0.789396941661835,-2.89661026000977,3.10456204414368,-1.38859379291534,K,18
OUTPUT,NaN,NaN,NaN,NaN,NaN,NaN

INPUT,0.397113770246506,0.0393285043537617,0.79274982213974,-2.91179609298706,3.10397410392761,-1.3727902173996,K,19
OUTPUT,NaN,NaN,NaN,NaN,NaN,NaN

INPUT,0.397638767957687,0.0393607020378113,0.793867409229279,-2.91686034202576,3.10378003120422,-1.36752450466156,K,20
OUTPUT,NaN,NaN,NaN,NaN,NaN,NaN

INPUT,0.364026039838791,0.045678373426199,0.722076058387756,-1.98804414272308,3.09514355659485,-1.59854984283447,K,11
OUTPUT,NaN,NaN,NaN,NaN,NaN,NaN

INPUT,0.369336575269699,0.0469897128641605,0.733352661132813,-2.009202003479,3.08983087539673,-1.57388925552368,K,12
OUTPUT,NaN,NaN,NaN,NaN,NaN,NaN

INPUT,0.374647110700607,0.0483010523021221,0.744629263877869,-2.03068852424622,3.08454537391663,-1.54955077171326,K,13
OUTPUT,NaN,NaN,NaN,NaN,NaN,NaN

INPUT,0.379957646131516,0.0496123880147934,0.755905866622925,-2.05241942405701,3.07928991317749,-1.52545011043549,K,14
OUTPUT,NaN,NaN,NaN,NaN,NaN,NaN

INPUT,0.385268181562424,0.050923727452755,0.767182469367981,-2.07433795928955,3.07406687736511,-1.50152957439423,K,15
OUTPUT,NaN,NaN,NaN,NaN,NaN,NaN

INPUT,0.390047669410706,0.0521039292216301,0.777331411838531,-2.0941915512085,3.06939625740051,-1.48012089729309,K,16
OUTPUT,NaN,NaN,NaN,NaN,NaN,NaN

INPUT,0.393765032291412,0.0530218668282032,0.785225033760071,-2.10970163345337,3.06578469276428,-1.46353352069855,K,17
OUTPUT,NaN,NaN,NaN,NaN,NaN,NaN

INPUT,0.396420300006866,0.053677536547184,0.790863335132599,-2.1208119392395,3.06321692466736,-1.45171427726746,K,18
OUTPUT,NaN,NaN,NaN,NaN,NaN,NaN

INPUT,0.398013472557068,0.0540709383785725,0.794246315956116,-2.12748956680298,3.06168127059937,-1.44463312625885,K,19
OUTPUT,NaN,NaN,NaN,NaN,NaN,NaN

INPUT,0.398544520139694,0.0542020723223686,0.795373976230621,-2.1297173500061,3.06117010116577,-1.44227433204651,K,20
OUTPUT,NaN,NaN,NaN,NaN,NaN,NaN

INPUT,0.370612055063248,0.0377708524465561,0.721023917198181,-2.61747527122498,3.0682475566864,-1.8167644739151,K,11
OUTPUT,NaN,NaN,NaN,NaN,NaN,NaN

INPUT,0.376697272062302,0.0381518863141537,0.732176899909973,-2.66393399238586,3.06027293205261,-1.76894795894623,K,12
OUTPUT,NaN,NaN,NaN,NaN,NaN,NaN

INPUT,0.382782518863678,0.0385329201817513,0.74332982301712,-2.7105278968811,3.0524787902832,-1.72123646736145,K,13
OUTPUT,NaN,NaN,NaN,NaN,NaN,NaN

INPUT,0.388867765665054,0.0389139540493488,0.754482805728912,-2.75722670555115,3.04488229751587,-1.6735976934433,K,14
OUTPUT,NaN,NaN,NaN,NaN,NaN,NaN

INPUT,0.394953012466431,0.0392949879169464,0.765635788440704,-2.80401039123535,3.03750085830688,-1.62600922584534,K,15
OUTPUT,NaN,NaN,NaN,NaN,NaN,NaN

INPUT,0.400429725646973,0.039637915790081,0.775673449039459,-2.84617614746094,3.03105473518372,-1.58320963382721,K,16
OUTPUT,NaN,NaN,NaN,NaN,NaN,NaN

INPUT,0.404689401388168,0.0399046391248703,0.783480525016785,-2.87900614738464,3.02617835998535,-1.54993498325348,K,17
OUTPUT,NaN,NaN,NaN,NaN,NaN,NaN

INPUT,0.407732039690018,0.0400951579213142,0.789057016372681,-2.90247273445129,3.02277183532715,-1.52617275714874,K,18
OUTPUT,NaN,NaN,NaN,NaN,NaN,NaN

INPUT,0.409557580947876,0.0402094684541225,0.792402863502502,-2.91655898094177,3.02075958251953,-1.51191711425781,K,19
OUTPUT,NaN,NaN,NaN,NaN,NaN,NaN

INPUT,0.41016611456871,0.0402475707232952,0.79351818561554,-2.92125535011292,3.02009415626526,-1.50716555118561,K,20
OUTPUT,NaN,NaN,NaN,NaN,NaN,NaN

INPUT,0.372839093208313,0.0376734510064125,0.730719685554504,-2.6846559047699,3.11368989944458,-1.6449066400528,K,5
OUTPUT,NaN,NaN,NaN,NaN,NaN,NaN

INPUT,0.381501644849777,0.0382202081382275,0.746258020401001,-2.76658940315247,3.1098804473877,-1.54339838027954,K,6
OUTPUT,NaN,NaN,NaN,NaN,NaN,NaN

INPUT,0.388239175081253,0.0386454612016678,0.75834333896637,-2.8317699432373,3.10709857940674,-1.46589505672455,K,7
OUTPUT,NaN,NaN,NaN,NaN,NaN,NaN

INPUT,0.39305168390274,0.0389492139220238,0.7669757604599,-2.87889242172241,3.10521745681763,-1.41109597682953,K,8
OUTPUT,NaN,NaN,NaN,NaN,NaN,NaN

INPUT,0.395939201116562,0.0391314625740051,0.772155225276947,-2.90734815597534,3.10413360595703,-1.37839734554291,K,9
OUTPUT,NaN,NaN,NaN,NaN,NaN,NaN

INPUT,0.373476028442383,0.0469188690185547,0.731903076171875,-2.03059029579163,3.08547735214233,-1.57001030445099,K,5
OUTPUT,NaN,NaN,NaN,NaN,NaN,NaN

INPUT,0.382193982601166,0.0490504242479801,0.747575879096985,-2.06516242027283,3.07659554481506,-1.52262389659882,K,6
OUTPUT,NaN,NaN,NaN,NaN,NaN,NaN

INPUT,0.388974606990814,0.0507082976400852,0.759765803813934,-2.09307050704956,3.06977963447571,-1.48694801330566,K,7
OUTPUT,NaN,NaN,NaN,NaN,NaN,NaN

INPUT,0.393817901611328,0.0518924966454506,0.768472909927368,-2.11335182189941,3.06497287750244,-1.46197700500488,K,8
OUTPUT,NaN,NaN,NaN,NaN,NaN,NaN

INPUT,0.396723866462708,0.0526030138134956,0.773697197437286,-2.12561655044556,3.06211709976196,-1.44717812538147,K,9
OUTPUT,NaN,NaN,NaN,NaN,NaN,NaN

INPUT,0.371015518903732,0.0373490825295448,0.715906620025635,-2.61559844017029,3.06834554672241,-1.83551549911499,K,4
OUTPUT,NaN,NaN,NaN,NaN,NaN,NaN

INPUT,0.380752801895142,0.0379760935902596,0.73119580745697,-2.69517755508423,3.05465149879456,-1.74741196632385,K,5
OUTPUT,NaN,NaN,NaN,NaN,NaN,NaN

INPUT,0.390490055084229,0.038603100925684,0.746484935283661,-2.77594590187073,3.04156637191772,-1.66039991378784,K,6
OUTPUT,NaN,NaN,NaN,NaN,NaN,NaN

INPUT,0.398063480854034,0.0390907749533653,0.758376479148865,-2.83930516242981,3.03187012672424,-1.59319019317627,K,7
OUTPUT,NaN,NaN,NaN,NaN,NaN,NaN

INPUT,0.403473049402237,0.0394391156733036,0.766870439052582,-2.88477516174316,3.02522730827332,-1.54535496234894,K,8
OUTPUT,NaN,NaN,NaN,NaN,NaN,NaN

INPUT,0.406718820333481,0.0396481193602085,0.771966814994812,-2.91212749481201,3.02136182785034,-1.51670706272125,K,9
OUTPUT,NaN,NaN,NaN,NaN,NaN,NaN

INPUT,0.360183626413345,0.032349593937397,0.724287271499634,0.886317908763885,3.1171727180481,1.42175698280334,K,4
OUTPUT,NaN,NaN,NaN,NaN,NaN,NaN

INPUT,0.366513907909393,0.0319579988718033,0.737854838371277,0.823312222957611,3.11268258094788,1.45551693439484,K,5
OUTPUT,NaN,NaN,NaN,NaN,NaN,NaN

INPUT,0.372844189405441,0.0315664075314999,0.75142240524292,0.764214813709259,3.10825538635254,1.4931914806366,K,6
OUTPUT,NaN,NaN,NaN,NaN,NaN,NaN

INPUT,0.377767771482468,0.0312618352472782,0.761974930763245,0.720188021659851,3.10487651824951,1.52414691448212,K,7
OUTPUT,NaN,NaN,NaN,NaN,NaN,NaN

INPUT,0.381284594535828,0.0310442857444286,0.769512474536896,0.689587593078613,3.1025059223175,1.54682505130768,K,8
OUTPUT,NaN,NaN,NaN,NaN,NaN,NaN

INPUT,0.383394688367844,0.0309137534350157,0.774034976959229,0.671532392501831,3.10110306739807,1.56058943271637,K,9
OUTPUT,NaN,NaN,NaN,NaN,NaN,NaN

INPUT,0.363736212253571,0.0326572321355343,0.732305526733398,1.43879377841949,3.14110708236694,1.98172521591187,K,12
OUTPUT,NaN,NaN,NaN,NaN,NaN,NaN

INPUT,0.368457198143005,0.0324598997831345,0.74347186088562,1.238037109375,3.1410186290741,1.83809816837311,K,13
OUTPUT,NaN,NaN,NaN,NaN,NaN,NaN

INPUT,0.373178154230118,0.0322625711560249,0.754638135433197,1.08578062057495,3.14091825485229,1.74297118186951,K,14
OUTPUT,NaN,NaN,NaN,NaN,NaN,NaN

INPUT,0.37789911031723,0.0320652350783348,0.765804469585419,0.966494202613831,3.1408109664917,1.68081426620483,K,15
OUTPUT,NaN,NaN,NaN,NaN,NaN,NaN

INPUT,0.382147997617722,0.0318876393139362,0.775854170322418,0.878404438495636,3.1407105922699,1.6441410779953,K,16
OUTPUT,NaN,NaN,NaN,NaN,NaN,NaN

INPUT,0.385452687740326,0.0317495055496693,0.783670544624329,0.818978488445282,3.14063096046448,1.62470591068268,K,17
OUTPUT,NaN,NaN,NaN,NaN,NaN,NaN

INPUT,0.387813150882721,0.0316508375108242,0.789253711700439,0.780319094657898,3.14057374000549,1.61461138725281,K,18
OUTPUT,NaN,NaN,NaN,NaN,NaN,NaN

INPUT,0.389229446649551,0.0315916389226913,0.792603611946106,0.758400976657867,3.14053893089294,1.60983204841614,K,19
OUTPUT,NaN,NaN,NaN,NaN,NaN,NaN

INPUT,0.389701545238495,0.0315719060599804,0.793720245361328,0.751287639141083,3.14052748680115,1.60843169689178,K,20
OUTPUT,NaN,NaN,NaN,NaN,NaN,NaN

INPUT,0.359626561403275,0.0358527787029743,0.734236180782318,0.4712153673172,3.1391441822052,1.45461571216583,K,12
OUTPUT,NaN,NaN,NaN,NaN,NaN,NaN

INPUT,0.363931775093079,0.0359889380633831,0.745595991611481,0.406977832317352,3.13883447647095,1.49388349056244,K,13
OUTPUT,NaN,NaN,NaN,NaN,NaN,NaN

INPUT,0.368236988782883,0.0361250974237919,0.756955742835999,0.345238536596298,3.13853168487549,1.53564977645874,K,14
OUTPUT,NaN,NaN,NaN,NaN,NaN,NaN

INPUT,0.372542202472687,0.0362612567842007,0.768315553665161,0.28527757525444,3.13823676109314,1.57919430732727,K,15
OUTPUT,NaN,NaN,NaN,NaN,NaN,NaN

INPUT,0.376416891813278,0.0363838002085686,0.77853935956955,0.232441812753677,3.13797903060913,1.619513630867,K,16
OUTPUT,NaN,NaN,NaN,NaN,NaN,NaN

INPUT,0.379430532455444,0.0364791117608547,0.786491215229034,0.19192573428154,3.13778376579285,1.65145146846771,K,17
OUTPUT,NaN,NaN,NaN,NaN,NaN,NaN

INPUT,0.381583124399185,0.0365471914410591,0.792171120643616,0.163242816925049,3.1376473903656,1.67452156543732,K,18
OUTPUT,NaN,NaN,NaN,NaN,NaN,NaN

INPUT,0.382874697446823,0.0365880392491817,0.795579016208649,0.146123871207237,3.13756680488586,1.68845415115356,K,19
OUTPUT,NaN,NaN,NaN,NaN,NaN,NaN

INPUT,0.383305221796036,0.0366016551852226,0.796715021133423,0.14043153822422,3.137540102005,1.69311249256134,K,20
OUTPUT,NaN,NaN,NaN,NaN,NaN,NaN

INPUT,0.360299289226532,0.0378235690295696,0.722103655338287,-2.28652453422546,3.11648440361023,-1.54709100723267,K,11
OUTPUT,NaN,NaN,NaN,NaN,NaN,NaN

INPUT,0.365170419216156,0.0382106602191925,0.73338520526886,-2.32684254646301,3.11377549171448,-1.50042963027954,K,12
OUTPUT,NaN,NaN,NaN,NaN,NaN,NaN

INPUT,0.37004154920578,0.0385977476835251,0.744666695594788,-2.36772084236145,3.11111879348755,-1.45432496070862,K,13
OUTPUT,NaN,NaN,NaN,NaN,NaN,NaN

INPUT,0.374912679195404,0.0389848351478577,0.755948185920715,-2.40901613235474,3.10851979255676,-1.40863382816315,K,14
OUTPUT,NaN,NaN,NaN,NaN,NaN,NaN

INPUT,0.379783809185028,0.0393719226121902,0.767229676246643,-2.45063018798828,3.10598301887512,-1.36325776576996,K,15
OUTPUT,NaN,NaN,NaN,NaN,NaN,NaN

INPUT,0.384167820215225,0.0397203043103218,0.777383029460907,-2.48829746246338,3.10375738143921,-1.3226306438446,K,16
OUTPUT,NaN,NaN,NaN,NaN,NaN,NaN

INPUT,0.387577623128891,0.0399912670254707,0.785280108451843,-2.51770925521851,3.10206604003906,-1.29114460945129,K,17
OUTPUT,NaN,NaN,NaN,NaN,NaN,NaN

INPUT,0.390013188123703,0.040184810757637,0.790920853614807,-2.53877067565918,3.10088038444519,-1.26870632171631,K,18
OUTPUT,NaN,NaN,NaN,NaN,NaN,NaN

INPUT,0.391474515199661,0.0403009355068207,0.794305324554443,-2.55142641067505,3.10017824172974,-1.25526189804077,K,19
OUTPUT,NaN,NaN,NaN,NaN,NaN,NaN

INPUT,0.391961634159088,0.040339644998312,0.795433461666107,-2.5556480884552,3.09994554519653,-1.25078332424164,K,20
OUTPUT,NaN,NaN,NaN,NaN,NaN,NaN

INPUT,0.341423779726028,0.00988959148526192,0.751696169376373,0.721818208694458,2.97153401374817,1.41893005371094,K,14
OUTPUT,NaN,NaN,NaN,NaN,NaN,NaN

INPUT,0.343383401632309,0.00774683803319931,0.762606680393219,0.691077351570129,2.95736169815063,1.44911921024323,K,15
OUTPUT,NaN,NaN,NaN,NaN,NaN,NaN

INPUT,0.345147043466568,0.00581835769116879,0.772426187992096,0.663410425186157,2.94475150108337,1.47635698318481,K,16
OUTPUT,NaN,NaN,NaN,NaN,NaN,NaN

INPUT,0.346518754959106,0.00431843101978302,0.780063509941101,0.641886293888092,2.93504524230957,1.49758327007294,K,17
OUTPUT,NaN,NaN,NaN,NaN,NaN,NaN

INPUT,0.347498565912247,0.00324705336242914,0.785518825054169,0.626507103443146,2.92816948890686,1.51276624202728,K,18
OUTPUT,NaN,NaN,NaN,NaN,NaN,NaN

INPUT,0.348086446523666,0.00260422774590552,0.788791954517365,0.617277204990387,2.92406749725342,1.52188432216644,K,19
OUTPUT,NaN,NaN,NaN,NaN,NaN,NaN

INPUT,0.348282396793365,0.00238995254039764,0.789883017539978,0.614200055599213,2.92270421981812,1.5249251127243,K,20
OUTPUT,NaN,NaN,NaN,NaN,NaN,NaN

INPUT,0.356490552425385,0.0367164276540279,0.733680725097656,0.934515535831451,3.13378667831421,1.43860483169556,K,12
OUTPUT,NaN,NaN,NaN,NaN,NaN,NaN

INPUT,0.360449105501175,0.0369465760886669,0.744991064071655,0.900243878364563,3.13291072845459,1.45737409591675,K,13
OUTPUT,NaN,NaN,NaN,NaN,NaN,NaN

INPUT,0.364407658576965,0.0371767207980156,0.75630134344101,0.867389142513275,3.13204050064087,1.47756040096283,K,14
OUTPUT,NaN,NaN,NaN,NaN,NaN,NaN

INPUT,0.368366211652756,0.0374068692326546,0.767611682415009,0.835588872432709,3.13117671012878,1.49880135059357,K,15
OUTPUT,NaN,NaN,NaN,NaN,NaN,NaN

INPUT,0.371928930282593,0.0376140028238297,0.77779096364975,0.807662904262543,3.13040518760681,1.51861274242401,K,16
OUTPUT,NaN,NaN,NaN,NaN,NaN,NaN

INPUT,0.374699920415878,0.0377751030027866,0.78570818901062,0.786308586597443,3.12980961799622,1.53438770771027,K,17
OUTPUT,NaN,NaN,NaN,NaN,NaN,NaN

INPUT,0.376679182052612,0.0378901772201061,0.79136335849762,0.771221876144409,3.12938642501831,1.54582190513611,K,18
OUTPUT,NaN,NaN,NaN,NaN,NaN,NaN

INPUT,0.377866744995117,0.0379592217504978,0.794756412506104,0.762229204177856,3.12913370132446,1.55274176597595,K,19
OUTPUT,NaN,NaN,NaN,NaN,NaN,NaN

INPUT,0.378262609243393,0.0379822365939617,0.795887470245361,0.759240925312042,3.12904953956604,1.55505764484406,K,20
OUTPUT,NaN,NaN,NaN,NaN,NaN,NaN

INPUT,0.361473739147186,0.0360833518207073,0.73310399055481,0.579495668411255,3.1284773349762,1.37343060970306,K,12
OUTPUT,NaN,NaN,NaN,NaN,NaN,NaN

INPUT,0.365954697132111,0.0362464301288128,0.744357287883759,0.533444046974182,3.12708520889282,1.41093397140503,K,13
OUTPUT,NaN,NaN,NaN,NaN,NaN,NaN

INPUT,0.370435625314713,0.036409504711628,0.755610525608063,0.488134860992432,3.12571835517883,1.44918048381805,K,14
OUTPUT,NaN,NaN,NaN,NaN,NaN,NaN

INPUT,0.374916583299637,0.0365725792944431,0.766863822937012,0.443380326032639,3.12437891960144,1.48798274993896,K,15
OUTPUT,NaN,NaN,NaN,NaN,NaN,NaN

INPUT,0.37894943356514,0.0367193482816219,0.776991724967957,0.403467565774918,3.12319898605347,1.52327179908752,K,16
OUTPUT,NaN,NaN,NaN,NaN,NaN,NaN

INPUT,0.382086098194122,0.0368335023522377,0.784869015216827,0.37261775135994,3.12229919433594,1.55091309547424,K,17
OUTPUT,NaN,NaN,NaN,NaN,NaN,NaN

INPUT,0.384326577186584,0.0369150415062904,0.790495693683624,0.350670129060745,3.121666431427,1.57074475288391,K,18
OUTPUT,NaN,NaN,NaN,NaN,NaN,NaN

INPUT,0.385670840740204,0.0369639620184898,0.793871641159058,0.337532937526703,3.12129092216492,1.58267545700073,K,19
OUTPUT,NaN,NaN,NaN,NaN,NaN,NaN

INPUT,0.386118948459625,0.0369802713394165,0.794996976852417,0.333158761262894,3.12116646766663,1.58665728569031,K,20
OUTPUT,NaN,NaN,NaN,NaN,NaN,NaN

INPUT,0.358244389295578,0.0340413078665733,0.733358085155487,-2.24432277679443,3.13848853111267,-1.8276344537735,K,12
OUTPUT,NaN,NaN,NaN,NaN,NaN,NaN

INPUT,0.362387657165527,0.033989779651165,0.744634449481964,-2.24805164337158,3.13824582099915,-1.78752291202545,K,13
OUTPUT,NaN,NaN,NaN,NaN,NaN,NaN

INPUT,0.366530925035477,0.0339382477104664,0.755910754203796,-2.25423789024353,3.13800382614136,-1.7498687505722,K,14
OUTPUT,NaN,NaN,NaN,NaN,NaN,NaN

INPUT,0.370674192905426,0.0338867157697678,0.767187118530273,-2.26240921020508,3.13776254653931,-1.71419954299927,K,15
OUTPUT,NaN,NaN,NaN,NaN,NaN,NaN

INPUT,0.374403119087219,0.0338403359055519,0.777335822582245,-2.27116131782532,3.13754677772522,-1.68349504470825,K,16
OUTPUT,NaN,NaN,NaN,NaN,NaN,NaN

INPUT,0.377303421497345,0.0338042676448822,0.78522926568985,-2.2787446975708,3.13737940788269,-1.6603901386261,K,17
OUTPUT,NaN,NaN,NaN,NaN,NaN,NaN

INPUT,0.379375040531158,0.0337784998118877,0.790867447853088,-2.28452754020691,3.13726043701172,-1.64425265789032,K,18
OUTPUT,NaN,NaN,NaN,NaN,NaN,NaN

INPUT,0.380618005990982,0.0337630398571491,0.794250309467316,-2.28813123703003,3.13718938827515,-1.63470435142517,K,19
OUTPUT,NaN,NaN,NaN,NaN,NaN,NaN

INPUT,0.381032347679138,0.0337578877806664,0.795377969741821,-2.28935384750366,3.13716554641724,-1.63154268264771,K,20
OUTPUT,NaN,NaN,NaN,NaN,NaN,NaN

INPUT,0.364024430513382,0.0365038514137268,0.722022831439972,-2.52288675308228,3.11510753631592,-1.89268708229065,K,11
OUTPUT,NaN,NaN,NaN,NaN,NaN,NaN

INPUT,0.369335174560547,0.0367360860109329,0.733292162418365,-2.55817580223083,3.1122133731842,-1.85384953022003,K,12
OUTPUT,NaN,NaN,NaN,NaN,NaN,NaN

INPUT,0.374645948410034,0.036968320608139,0.744561433792114,-2.59378266334534,3.10935974121094,-1.81532680988312,K,13
OUTPUT,NaN,NaN,NaN,NaN,NaN,NaN

INPUT,0.379956692457199,0.0372005552053452,0.755830705165863,-2.62962698936462,3.1065502166748,-1.7770379781723,K,14
OUTPUT,NaN,NaN,NaN,NaN,NaN,NaN

INPUT,0.385267466306686,0.0374327898025513,0.767100036144257,-2.66565299034119,3.10378885269165,-1.73892736434937,K,15
OUTPUT,NaN,NaN,NaN,NaN,NaN,NaN

INPUT,0.390047132968903,0.0376418009400368,0.777242362499237,-2.69819951057434,3.10134792327881,-1.70474743843079,K,16
OUTPUT,NaN,NaN,NaN,NaN,NaN,NaN

INPUT,0.393764674663544,0.0378043651580811,0.78513091802597,-2.72357940673828,3.09948015213013,-1.67822694778442,K,17
OUTPUT,NaN,NaN,NaN,NaN,NaN,NaN

INPUT,0.396420031785965,0.0379204824566841,0.790765523910522,-2.74173831939697,3.09816336631775,-1.65931284427643,K,18
OUTPUT,NaN,NaN,NaN,NaN,NaN,NaN

INPUT,0.398013263940811,0.0379901528358459,0.794146299362183,-2.75264477729797,3.09738039970398,-1.64797496795654,K,19
OUTPUT,NaN,NaN,NaN,NaN,NaN,NaN

INPUT,0.39854434132576,0.0380133762955666,0.795273244380951,-2.75628185272217,3.09712052345276,-1.64419734477997,K,20
OUTPUT,NaN,NaN,NaN,NaN,NaN,NaN

INPUT,0.365787088871002,0.0395945608615875,0.721396028995514,-2.33089923858643,3.08972954750061,-1.75764048099518,K,11
OUTPUT,NaN,NaN,NaN,NaN,NaN,NaN

INPUT,0.371304869651794,0.0401902236044407,0.732592582702637,-2.36339950561523,3.08391761779785,-1.72268712520599,K,12
OUTPUT,NaN,NaN,NaN,NaN,NaN,NaN

INPUT,0.376822650432587,0.0407858826220036,0.74378913640976,-2.39612865447998,3.07817101478577,-1.68795168399811,K,13
OUTPUT,NaN,NaN,NaN,NaN,NaN,NaN

INPUT,0.382340431213379,0.0413815416395664,0.754985630512238,-2.42902970314026,3.07249665260315,-1.65337586402893,K,14
OUTPUT,NaN,NaN,NaN,NaN,NaN,NaN

INPUT,0.387858211994171,0.0419772006571293,0.76618218421936,-2.46206378936768,3.06690073013306,-1.61891973018646,K,15
OUTPUT,NaN,NaN,NaN,NaN,NaN,NaN

INPUT,0.392824232578278,0.04251329600811,0.776259064674377,-2.49188494682312,3.06193709373474,-1.58798801898956,K,16
OUTPUT,NaN,NaN,NaN,NaN,NaN,NaN

INPUT,0.396686673164368,0.042930256575346,0.784096658229828,-2.51512885093689,3.05812668800354,-1.56397128105164,K,17
OUTPUT,NaN,NaN,NaN,NaN,NaN,NaN

INPUT,0.399445593357086,0.0432280898094177,0.789694905281067,-2.53175473213196,3.05543351173401,-1.546835064888,K,18
OUTPUT,NaN,NaN,NaN,NaN,NaN,NaN

INPUT,0.401100903749466,0.0434067845344543,0.793053865432739,-2.54173874855042,3.05382943153381,-1.53655982017517,K,19
OUTPUT,NaN,NaN,NaN,NaN,NaN,NaN

INPUT,0.401652693748474,0.0434663519263268,0.794173538684845,-2.54506802558899,3.05329656600952,-1.5331357717514,K,20
OUTPUT,NaN,NaN,NaN,NaN,NaN,NaN

INPUT,0.364017307758331,0.0328235067427158,0.723821461200714,2.88417720794678,3.14059019088745,-2.88933038711548,K,4
OUTPUT,NaN,NaN,NaN,NaN,NaN,NaN

INPUT,0.370820194482803,0.0324960500001907,0.73702996969223,2.44259285926819,3.14090967178345,3.04456758499146,K,5
OUTPUT,NaN,NaN,NaN,NaN,NaN,NaN

INPUT,0.377623081207275,0.0321685932576656,0.750238478183746,1.67540216445923,3.14100766181946,2.36967396736145,K,6
OUTPUT,NaN,NaN,NaN,NaN,NaN,NaN

INPUT,0.382914215326309,0.0319139026105404,0.760511755943298,1.13970899581909,3.1408634185791,1.90551650524139,K,7
OUTPUT,NaN,NaN,NaN,NaN,NaN,NaN

INPUT,0.386693596839905,0.0317319817841053,0.767849802970886,0.891980051994324,3.14068841934204,1.70863926410675,K,8
OUTPUT,NaN,NaN,NaN,NaN,NaN,NaN

INPUT,0.388961225748062,0.0316228307783604,0.772252678871155,0.782827138900757,3.14056897163391,1.62986838817596,K,9
OUTPUT,NaN,NaN,NaN,NaN,NaN,NaN

INPUT,0.360152691602707,0.0358284562826157,0.725575685501099,0.756027638912201,3.14021444320679,1.67989337444305,K,4
OUTPUT,NaN,NaN,NaN,NaN,NaN,NaN

INPUT,0.36630254983902,0.0360361263155937,0.739112615585327,0.517298638820648,3.13950610160828,1.60761535167694,K,5
OUTPUT,NaN,NaN,NaN,NaN,NaN,NaN

INPUT,0.372452408075333,0.0362438000738621,0.752649545669556,0.35791426897049,3.13878726959229,1.61468195915222,K,6
OUTPUT,NaN,NaN,NaN,NaN,NaN,NaN

INPUT,0.377235621213913,0.0364053249359131,0.76317822933197,0.256388604640961,3.13823461532593,1.64261817932129,K,7
OUTPUT,NaN,NaN,NaN,NaN,NaN,NaN

INPUT,0.380652219057083,0.0365207009017467,0.770698726177216,0.190469831228256,3.13784599304199,1.66917240619659,K,8
OUTPUT,NaN,NaN,NaN,NaN,NaN,NaN

INPUT,0.382702171802521,0.0365899242460728,0.775211036205292,0.152752965688705,3.13761615753174,1.68693947792053,K,9
OUTPUT,NaN,NaN,NaN,NaN,NaN,NaN

INPUT,0.369023323059082,0.0381647422909737,0.731687009334564,-2.36798548698425,3.111412525177,-1.49245262145996,K,5
OUTPUT,NaN,NaN,NaN,NaN,NaN,NaN

INPUT,0.377031326293945,0.0387819372117519,0.747442007064819,-2.4334454536438,3.10709881782532,-1.40336322784424,K,6
OUTPUT,NaN,NaN,NaN,NaN,NaN,NaN

INPUT,0.383259803056717,0.0392619781196117,0.759695827960968,-2.4861946105957,3.10388207435608,-1.3358998298645,K,7
OUTPUT,NaN,NaN,NaN,NaN,NaN,NaN

INPUT,0.387708723545074,0.0396048650145531,0.7684485912323,-2.5245885848999,3.10166621208191,-1.28842294216156,K,8
OUTPUT,NaN,NaN,NaN,NaN,NaN,NaN

INPUT,0.390378057956696,0.0398105941712856,0.773700296878815,-2.5478572845459,3.10037136077881,-1.26016759872437,K,9
OUTPUT,NaN,NaN,NaN,NaN,NaN,NaN

INPUT,0.373455107212067,0.0366760715842247,0.731762588024139,-2.58822083473206,3.10975885391235,-1.84201979637146,K,5
OUTPUT,NaN,NaN,NaN,NaN,NaN,NaN

INPUT,0.382190614938736,0.037037193775177,0.747433543205261,-2.64752125740051,3.10506463050842,-1.7696121931076,K,6
OUTPUT,NaN,NaN,NaN,NaN,NaN,NaN

INPUT,0.388984888792038,0.0373180694878101,0.759622037410736,-2.69469428062439,3.10152149200439,-1.71433806419373,K,7
OUTPUT,NaN,NaN,NaN,NaN,NaN,NaN

INPUT,0.393837958574295,0.0375186912715435,0.768328130245209,-2.72879981994629,3.09905385971069,-1.67526245117188,K,8
OUTPUT,NaN,NaN,NaN,NaN,NaN,NaN

INPUT,0.396749794483185,0.0376390665769577,0.773551762104034,-2.74939656257629,3.09760046005249,-1.65194892883301,K,9
OUTPUT,NaN,NaN,NaN,NaN,NaN,NaN

INPUT,0.375283062458038,0.0399217829108238,0.731187582015991,-2.38728904724121,3.07939291000366,-1.70896148681641,K,5
OUTPUT,NaN,NaN,NaN,NaN,NaN,NaN

INPUT,0.38425087928772,0.0408411547541618,0.746690571308136,-2.44331049919128,3.06976127624512,-1.64492237567902,K,6
OUTPUT,NaN,NaN,NaN,NaN,NaN,NaN

INPUT,0.391225844621658,0.0415562242269516,0.758748471736908,-2.48756337165833,3.0624463558197,-1.59576714038849,K,7
OUTPUT,NaN,NaN,NaN,NaN,NaN,NaN

INPUT,0.396207958459854,0.0420669876039028,0.767361223697662,-2.51943874359131,3.05732583999634,-1.56090605258942,K,8
OUTPUT,NaN,NaN,NaN,NaN,NaN,NaN

INPUT,0.39919725060463,0.0423734448850155,0.772528886795044,-2.53865098953247,3.05429816246033,-1.54006946086884,K,9
OUTPUT,NaN,NaN,NaN,NaN,NaN,NaN

INPUT,0.356902182102203,0.0367076732218266,0.724427998065948,1.05350255966187,3.13477301597595,1.52697992324829,K,4
OUTPUT,NaN,NaN,NaN,NaN,NaN,NaN

INPUT,0.362604588270187,0.0370907671749592,0.738050043582916,0.957517981529236,3.13324761390686,1.51657569408417,K,5
OUTPUT,NaN,NaN,NaN,NaN,NaN,NaN

INPUT,0.368306994438171,0.0374738611280918,0.751672089099884,0.877986073493958,3.13172149658203,1.52262461185455,K,6
OUTPUT,NaN,NaN,NaN,NaN,NaN,NaN

INPUT,0.372742176055908,0.037771824747324,0.762266993522644,0.823287546634674,3.13054323196411,1.53428936004639,K,7
OUTPUT,NaN,NaN,NaN,NaN,NaN,NaN

INPUT,0.375910192728043,0.0379846543073654,0.769834816455841,0.786968886852264,3.12970995903015,1.54517734050751,K,8
OUTPUT,NaN,NaN,NaN,NaN,NaN,NaN

INPUT,0.37781098484993,0.0381123535335064,0.77437549829483,0.766072928905487,3.12921404838562,1.55250239372253,K,9
OUTPUT,NaN,NaN,NaN,NaN,NaN,NaN

INPUT,0.361856997013092,0.0361102744936943,0.724268555641174,0.63967901468277,3.13002157211304,1.38577961921692,K,4
OUTPUT,NaN,NaN,NaN,NaN,NaN,NaN

INPUT,0.368381470441818,0.0363759286701679,0.737697780132294,0.551938533782959,3.12758564949036,1.43234694004059,K,5
OUTPUT,NaN,NaN,NaN,NaN,NaN,NaN

INPUT,0.374905943870544,0.0366415828466415,0.751127004623413,0.470244616270065,3.12520885467529,1.48496317863464,K,6
OUTPUT,NaN,NaN,NaN,NaN,NaN,NaN

INPUT,0.379980504512787,0.0368482060730457,0.761571943759918,0.409299075603485,3.12340879440308,1.52848279476166,K,7
OUTPUT,NaN,NaN,NaN,NaN,NaN,NaN

INPUT,0.38360521197319,0.0369957908987999,0.769032657146454,0.366743266582489,3.12215256690979,1.56054592132568,K,8
OUTPUT,NaN,NaN,NaN,NaN,NaN,NaN

INPUT,0.385780036449432,0.0370843447744846,0.77350902557373,0.341520726680756,3.12141132354736,1.5800952911377,K,9
OUTPUT,NaN,NaN,NaN,NaN,NaN,NaN

INPUT,0.358578830957413,0.034077450633049,0.724339127540588,-2.38805842399597,3.13774633407593,-1.99680507183075,K,4
OUTPUT,NaN,NaN,NaN,NaN,NaN,NaN

INPUT,0.364506959915161,0.0339752212166786,0.737849473953247,-2.35542631149292,3.13760757446289,-1.89346885681152,K,5
OUTPUT,NaN,NaN,NaN,NaN,NaN,NaN

INPUT,0.370435118675232,0.0338729880750179,0.751359820365906,-2.32756304740906,3.13745665550232,-1.7949013710022,K,6
OUTPUT,NaN,NaN,NaN,NaN,NaN,NaN

INPUT,0.375045895576477,0.0337934717535973,0.761867880821228,-2.30911636352539,3.13733220100403,-1.72157561779022,K,7
OUTPUT,NaN,NaN,NaN,NaN,NaN,NaN

INPUT,0.378339320421219,0.0337366759777069,0.769373655319214,-2.29760384559631,3.13724040985107,-1.67097449302673,K,8
OUTPUT,NaN,NaN,NaN,NaN,NaN,NaN

INPUT,0.380315363407135,0.0337025970220566,0.773877084255219,-2.29133820533752,3.13718438148499,-1.6413140296936,K,9
OUTPUT,NaN,NaN,NaN,NaN,NaN,NaN

INPUT,0.345471739768982,0.011470777913928,0.744871020317078,0.728175520896912,2.96977114677429,1.42715191841125,K,5
OUTPUT,NaN,NaN,NaN,NaN,NaN,NaN

INPUT,0.347761273384094,0.00910269934684038,0.754047155380249,0.686595439910889,2.95252251625061,1.46194839477539,K,6
OUTPUT,NaN,NaN,NaN,NaN,NaN,NaN

INPUT,0.349542021751404,0.0072608613409102,0.761184096336365,0.654688477516174,2.93932700157166,1.48938190937042,K,7
OUTPUT,NaN,NaN,NaN,NaN,NaN,NaN

INPUT,0.350813984870911,0.00594526203349233,0.766281962394714,0.632120788097382,2.93004083633423,1.50910258293152,K,8
OUTPUT,NaN,NaN,NaN,NaN,NaN,NaN

INPUT,0.351577162742615,0.00515590282157063,0.769340693950653,0.618669033050537,2.92453026771545,1.52096676826477,K,9
OUTPUT,NaN,NaN,NaN,NaN,NaN,NaN

INPUT,0.335831850767136,0.0191367492079735,0.751700043678284,0.531117081642151,2.97017431259155,1.36048996448517,K,14
OUTPUT,NaN,NaN,NaN,NaN,NaN,NaN

INPUT,0.337304830551147,0.0177978407591581,0.762612044811249,0.494620382785797,2.95616960525513,1.39649200439453,K,15
OUTPUT,NaN,NaN,NaN,NaN,NaN,NaN

INPUT,0.338630527257919,0.016592824831605,0.772432923316956,0.461762994527817,2.943772315979,1.42896342277527,K,16
OUTPUT,NaN,NaN,NaN,NaN,NaN,NaN

INPUT,0.339661598205566,0.0156555883586407,0.780071377754211,0.436195582151413,2.93427419662476,1.45426225662231,K,17
OUTPUT,NaN,NaN,NaN,NaN,NaN,NaN

INPUT,0.340398102998734,0.0149861332029104,0.785527408123016,0.417925149202347,2.92757129669189,1.47235524654388,K,18
OUTPUT,NaN,NaN,NaN,NaN,NaN,NaN

INPUT,0.340839982032776,0.0145844621583819,0.788800954818726,0.406959265470505,2.92358303070068,1.48321986198425,K,19
OUTPUT,NaN,NaN,NaN,NaN,NaN,NaN

INPUT,0.340987294912338,0.0144505705684423,0.789892196655273,0.403303265571594,2.92225933074951,1.48684298992157,K,20
OUTPUT,NaN,NaN,NaN,NaN,NaN,NaN

INPUT,0.351491123437881,0.0276644341647625,0.732361972332001,0.677968144416809,3.09773278236389,1.44906330108643,K,12
OUTPUT,NaN,NaN,NaN,NaN,NaN,NaN

INPUT,0.354923039674759,0.0269415732473135,0.7435342669487,0.636114597320557,3.09329962730408,1.48838651180267,K,13
OUTPUT,NaN,NaN,NaN,NaN,NaN,NaN

INPUT,0.358354955911636,0.0262187123298645,0.754706561565399,0.59446781873703,3.0889458656311,1.52792513370514,K,14
OUTPUT,NaN,NaN,NaN,NaN,NaN,NaN

INPUT,0.361786872148514,0.0254958514124155,0.765878856182098,0.552976071834564,3.08467864990234,1.56762802600861,K,15
OUTPUT,NaN,NaN,NaN,NaN,NaN,NaN

INPUT,0.364875614643097,0.024845277890563,0.775933980941772,0.515735864639282,3.08091807365417,1.60347127914429,K,16
OUTPUT,NaN,NaN,NaN,NaN,NaN,NaN

INPUT,0.367277950048447,0.0243392754346132,0.783754587173462,0.486824929714203,3.07804894447327,1.63140892982483,K,17
OUTPUT,NaN,NaN,NaN,NaN,NaN,NaN

INPUT,0.368993937969208,0.0239778440445662,0.789340734481812,0.466198712587357,3.07603073120117,1.65139162540436,K,18
OUTPUT,NaN,NaN,NaN,NaN,NaN,NaN

INPUT,0.370023488998413,0.0237609874457121,0.792692422866821,0.453831642866135,3.07483291625977,1.66339123249054,K,19
OUTPUT,NaN,NaN,NaN,NaN,NaN,NaN

INPUT,0.37036669254303,0.0236887000501156,0.793809652328491,0.449710577726364,3.07443571090698,1.6673926115036,K,20
OUTPUT,NaN,NaN,NaN,NaN,NaN,NaN

INPUT,0.361765146255493,0.0360741727054119,0.733044683933258,-2.27994108200073,3.13718008995056,-1.86458396911621,K,12
OUTPUT,NaN,NaN,NaN,NaN,NaN,NaN

INPUT,0.366278946399689,0.0362366959452629,0.74428802728653,-2.28971385955811,3.13680410385132,-1.83065664768219,K,13
OUTPUT,NaN,NaN,NaN,NaN,NaN,NaN

INPUT,0.370792746543884,0.0363992191851139,0.755531370639801,-2.30124139785767,3.13643002510071,-1.79848384857178,K,14
OUTPUT,NaN,NaN,NaN,NaN,NaN,NaN

INPUT,0.37530654668808,0.0365617424249649,0.766774713993073,-2.31416082382202,3.13605785369873,-1.76770317554474,K,15
OUTPUT,NaN,NaN,NaN,NaN,NaN,NaN

INPUT,0.379368960857391,0.0367080122232437,0.776893675327301,-2.32675433158875,3.13572478294373,-1.74096632003784,K,16
OUTPUT,NaN,NaN,NaN,NaN,NaN,NaN

INPUT,0.382528632879257,0.0368217788636684,0.784763991832733,-2.3370795249939,3.1354672908783,-1.72070121765137,K,17
OUTPUT,NaN,NaN,NaN,NaN,NaN,NaN

INPUT,0.384785532951355,0.0369030386209488,0.790385663509369,-2.34470272064209,3.13528394699097,-1.70647418498993,K,18
OUTPUT,NaN,NaN,NaN,NaN,NaN,NaN

INPUT,0.386139661073685,0.0369517952203751,0.793758690357208,-2.34936690330505,3.13517427444458,-1.69802844524384,K,19
OUTPUT,NaN,NaN,NaN,NaN,NaN,NaN

INPUT,0.386591047048569,0.0369680486619473,0.794883012771606,-2.35093593597412,3.13513779640198,-1.69522738456726,K,20
OUTPUT,NaN,NaN,NaN,NaN,NaN,NaN

INPUT,0.357189834117889,0.0273139085620642,0.73587441444397,0.638552844524384,3.09336733818054,1.49404263496399,K,5
OUTPUT,NaN,NaN,NaN,NaN,NaN,NaN

INPUT,0.362368613481522,0.026218868792057,0.749547362327576,0.569964349269867,3.08633708953857,1.55582082271576,K,6
OUTPUT,NaN,NaN,NaN,NaN,NaN,NaN

INPUT,0.366396576166153,0.0253671705722809,0.760181844234467,0.517148017883301,3.08102941513062,1.60441780090332,K,7
OUTPUT,NaN,NaN,NaN,NaN,NaN,NaN

INPUT,0.369273692369461,0.0247588157653809,0.767777860164642,0.479627937078476,3.07733273506165,1.63934564590454,K,8
OUTPUT,NaN,NaN,NaN,NaN,NaN,NaN

INPUT,0.370999962091446,0.0243938025087118,0.772335529327393,0.457182586193085,3.07515478134155,1.6603729724884,K,9
OUTPUT,NaN,NaN,NaN,NaN,NaN,NaN

INPUT,0.362155228853226,0.0359745882451534,0.724548518657684,-2.37937378883362,3.1364414691925,-1.98941004276276,K,4
OUTPUT,NaN,NaN,NaN,NaN,NaN,NaN

INPUT,0.368599474430084,0.0362132713198662,0.73787248134613,-2.36438322067261,3.13610124588013,-1.90393209457397,K,5
OUTPUT,NaN,NaN,NaN,NaN,NaN,NaN

INPUT,0.375043749809265,0.0364519581198692,0.751196444034576,-2.35530042648315,3.13575553894043,-1.82436144351959,K,6
OUTPUT,NaN,NaN,NaN,NaN,NaN,NaN

INPUT,0.380055963993073,0.0366376005113125,0.76155948638916,-2.35172390937805,3.13548517227173,-1.76607322692871,K,7
OUTPUT,NaN,NaN,NaN,NaN,NaN,NaN

INPUT,0.383636116981506,0.0367702059447765,0.768961668014526,-2.3507981300354,3.13529205322266,-1.72617745399475,K,8
OUTPUT,NaN,NaN,NaN,NaN,NaN,NaN

INPUT,0.385784208774567,0.0368497669696808,0.773402988910675,-2.35083222389221,3.13517642021179,-1.70288729667664,K,9
OUTPUT,NaN,NaN,NaN,NaN,NaN,NaN

INPUT,0.3395976126194,0.0201750285923481,0.744034051895142,0.530243933200836,2.97003126144409,1.36041581630707,K,5
OUTPUT,NaN,NaN,NaN,NaN,NaN,NaN

INPUT,0.341538786888123,0.0187290366739035,0.753515422344208,0.484378814697266,2.95239448547363,1.40606510639191,K,6
OUTPUT,NaN,NaN,NaN,NaN,NaN,NaN

INPUT,0.343048572540283,0.0176043771207333,0.760889887809753,0.448792994022369,2.93899488449097,1.44150936603546,K,7
OUTPUT,NaN,NaN,NaN,NaN,NaN,NaN

INPUT,0.344126999378204,0.0168010480701923,0.766157329082489,0.423474311828613,2.92962384223938,1.46673810482025,K,8
OUTPUT,NaN,NaN,NaN,NaN,NaN,NaN

INPUT,0.344774067401886,0.0163190513849258,0.769317805767059,0.408338040113449,2.92408895492554,1.48182415962219,K,9
OUTPUT,NaN,NaN,NaN,NaN,NaN,NaN

INPUT,0.3752800822258,0.047470360994339,0.718792915344238,-2.24148678779602,3.0174925327301,-1.73051607608795,K,11
OUTPUT,NaN,NaN,NaN,NaN,NaN,NaN

INPUT,0.381914347410202,0.0489926747977734,0.729683220386505,-2.2710747718811,3.00335669517517,-1.69983303546906,K,12
OUTPUT,NaN,NaN,NaN,NaN,NaN,NaN

INPUT,0.388548582792282,0.0505149886012077,0.740573585033417,-2.30079317092896,2.98934602737427,-1.66922187805176,K,13
OUTPUT,NaN,NaN,NaN,NaN,NaN,NaN

INPUT,0.395182818174362,0.0520373024046421,0.751463949680328,-2.33061861991882,2.97547364234924,-1.63865339756012,K,14
OUTPUT,NaN,NaN,NaN,NaN,NaN,NaN

INPUT,0.401817053556442,0.0535596162080765,0.76235431432724,-2.36053562164307,2.96175193786621,-1.60810697078705,K,15
OUTPUT,NaN,NaN,NaN,NaN,NaN,NaN

INPUT,0.407787889242172,0.0549296997487545,0.772155582904816,-2.38753080368042,2.94954228401184,-1.58062183856964,K,16
OUTPUT,NaN,NaN,NaN,NaN,NaN,NaN

INPUT,0.412431865930557,0.0559953190386295,0.779778838157654,-2.40856909751892,2.94014310836792,-1.55924272537231,K,17
OUTPUT,NaN,NaN,NaN,NaN,NaN,NaN

INPUT,0.415748983621597,0.0567564778029919,0.78522402048111,-2.42361831665039,2.93348455429077,-1.54396915435791,K,18
OUTPUT,NaN,NaN,NaN,NaN,NaN,NaN

INPUT,0.417739242315292,0.0572131685912609,0.788491129875183,-2.43265628814697,2.92951202392578,-1.53480339050293,K,19
OUTPUT,NaN,NaN,NaN,NaN,NaN,NaN

INPUT,0.418402671813965,0.0573654025793076,0.789580166339874,-2.4356701374054,2.92819166183472,-1.53174769878387,K,20
OUTPUT,NaN,NaN,NaN,NaN,NaN,NaN

INPUT,0.34051451086998,0.0217486210167408,0.741985976696014,0.524026334285736,3.01107835769653,1.3339809179306,K,13
OUTPUT,NaN,NaN,NaN,NaN,NaN,NaN

INPUT,0.342574298381805,0.0205311607569456,0.753010809421539,0.48502716422081,2.999351978302,1.37234961986542,K,14
OUTPUT,NaN,NaN,NaN,NaN,NaN,NaN

INPUT,0.344634115695953,0.0193137004971504,0.764035701751709,0.446043610572815,2.98783802986145,1.41079783439636,K,15
OUTPUT,NaN,NaN,NaN,NaN,NaN,NaN

INPUT,0.346487909555435,0.0182179864495993,0.773958086967468,0.410961121320724,2.9776713848114,1.44546222686768,K,16
OUTPUT,NaN,NaN,NaN,NaN,NaN,NaN

INPUT,0.347929775714874,0.0173657648265362,0.781675457954407,0.383671909570694,2.96990060806274,1.47246015071869,K,17
OUTPUT,NaN,NaN,NaN,NaN,NaN,NaN

INPUT,0.348959684371948,0.0167570356279612,0.787187874317169,0.364176362752914,2.96442699432373,1.4917631149292,K,18
OUTPUT,NaN,NaN,NaN,NaN,NaN,NaN

INPUT,0.349577605724335,0.0163917988538742,0.790495336055756,0.352477222681046,2.96117448806763,1.50335216522217,K,19
OUTPUT,NaN,NaN,NaN,NaN,NaN,NaN

INPUT,0.349783599376678,0.0162700526416302,0.791597843170166,0.348577231168747,2.96009564399719,1.50721633434296,K,20
OUTPUT,NaN,NaN,NaN,NaN,NaN,NaN

INPUT,0.360830456018448,0.0418140888214111,0.721558034420013,-2.11885595321655,3.09337973594666,-1.64548873901367,K,11
OUTPUT,NaN,NaN,NaN,NaN,NaN,NaN

INPUT,0.365764975547791,0.0426709689199924,0.732773840427399,-2.14512062072754,3.08791184425354,-1.61606228351593,K,12
OUTPUT,NaN,NaN,NaN,NaN,NaN,NaN

INPUT,0.370699495077133,0.0435278452932835,0.743989586830139,-2.17168068885803,3.08248543739319,-1.58692312240601,K,13
OUTPUT,NaN,NaN,NaN,NaN,NaN,NaN

INPUT,0.375633984804153,0.0443847253918648,0.755205392837524,-2.19846129417419,3.07710480690002,-1.55799555778503,K,14
OUTPUT,NaN,NaN,NaN,NaN,NaN,NaN

INPUT,0.380568534135818,0.0452416017651558,0.76642119884491,-2.2254114151001,3.07177400588989,-1.52922773361206,K,15
OUTPUT,NaN,NaN,NaN,NaN,NaN,NaN

INPUT,0.385009586811066,0.0460127927362919,0.776515424251556,-2.24978137016296,3.0670223236084,-1.50344288349152,K,16
OUTPUT,NaN,NaN,NaN,NaN,NaN,NaN

INPUT,0.388463765382767,0.0466126091778278,0.784366488456726,-2.26879811286926,3.0633590221405,-1.4834440946579,K,17
OUTPUT,NaN,NaN,NaN,NaN,NaN,NaN

INPUT,0.390931010246277,0.0470410473644733,0.789974391460419,-2.28241014480591,3.06076049804688,-1.4691846370697,K,18
OUTPUT,NaN,NaN,NaN,NaN,NaN,NaN

INPUT,0.392411381006241,0.0472981110215187,0.793339133262634,-2.29058790206909,3.0592086315155,-1.46063816547394,K,19
OUTPUT,NaN,NaN,NaN,NaN,NaN,NaN

INPUT,0.392904818058014,0.0473838001489639,0.794460713863373,-2.29331564903259,3.05869269371033,-1.45779061317444,K,20
OUTPUT,NaN,NaN,NaN,NaN,NaN,NaN

INPUT,0.367655485868454,0.041829589754343,0.721850454807281,-2.25627183914185,3.08017063140869,-1.6971138715744,K,11
OUTPUT,NaN,NaN,NaN,NaN,NaN,NaN

INPUT,0.37339323759079,0.0426883138716221,0.733099579811096,-2.28809857368469,3.07325291633606,-1.66313350200653,K,12
OUTPUT,NaN,NaN,NaN,NaN,NaN,NaN

INPUT,0.379130989313126,0.0435470342636108,0.744348764419556,-2.32013010978699,3.06640911102295,-1.62934219837189,K,13
OUTPUT,NaN,NaN,NaN,NaN,NaN,NaN

INPUT,0.384868770837784,0.0444057583808899,0.75559788942337,-2.35231614112854,3.05964636802673,-1.59568870067596,K,14
OUTPUT,NaN,NaN,NaN,NaN,NaN,NaN

INPUT,0.39060652256012,0.0452644824981689,0.766847014427185,-2.38462233543396,3.05297255516052,-1.56213712692261,K,15
OUTPUT,NaN,NaN,NaN,NaN,NaN,NaN

INPUT,0.395770490169525,0.0460373349487782,0.776971280574799,-2.41378092765808,3.04704785346985,-1.53200721740723,K,16
OUTPUT,NaN,NaN,NaN,NaN,NaN,NaN

INPUT,0.399786949157715,0.0466384403407574,0.78484570980072,-2.43650531768799,3.04249691963196,-1.50860702991486,K,17
OUTPUT,NaN,NaN,NaN,NaN,NaN,NaN

INPUT,0.402655810117722,0.0470678061246872,0.790470242500305,-2.45275831222534,3.03927850723267,-1.49190783500671,K,18
OUTPUT,NaN,NaN,NaN,NaN,NaN,NaN

INPUT,0.40437713265419,0.0473254211246967,0.793844997882843,-2.46251821517944,3.03736042976379,-1.48189342021942,K,19
OUTPUT,NaN,NaN,NaN,NaN,NaN,NaN

INPUT,0.40495091676712,0.0474112927913666,0.794969916343689,-2.46577286720276,3.03672337532043,-1.47855615615845,K,20
OUTPUT,NaN,NaN,NaN,NaN,NaN,NaN

INPUT,0.375485390424728,0.045688234269619,0.71421617269516,-2.23180961608887,3.0165274143219,-1.73717355728149,K,4
OUTPUT,NaN,NaN,NaN,NaN,NaN,NaN

INPUT,0.385992586612701,0.0480518788099289,0.728991389274597,-2.28580808639526,2.99236392974854,-1.68257617950439,K,5
OUTPUT,NaN,NaN,NaN,NaN,NaN,NaN

INPUT,0.396499782800674,0.0504155233502388,0.743766665458679,-2.33998656272888,2.9686393737793,-1.62796437740326,K,6
OUTPUT,NaN,NaN,NaN,NaN,NaN,NaN

INPUT,0.404672056436539,0.0522539094090462,0.755258560180664,-2.38202452659607,2.95062661170959,-1.58566403388977,K,7
OUTPUT,NaN,NaN,NaN,NaN,NaN,NaN

INPUT,0.410509377717972,0.0535670444369316,0.763467073440552,-2.41190123558044,2.93805241584778,-1.55562913417816,K,8
OUTPUT,NaN,NaN,NaN,NaN,NaN,NaN

INPUT,0.414011776447296,0.0543549284338951,0.768392145633698,-2.42974066734314,2.93063950538635,-1.53770422935486,K,9
OUTPUT,NaN,NaN,NaN,NaN,NaN,NaN

INPUT,0.369472086429596,0.0424209758639336,0.731115400791168,-2.16821098327637,3.08354020118713,-1.60823440551758,K,5
OUTPUT,NaN,NaN,NaN,NaN,NaN,NaN

INPUT,0.377513617277145,0.043760359287262,0.746744453907013,-2.21239948272705,3.0743944644928,-1.55269956588745,K,6
OUTPUT,NaN,NaN,NaN,NaN,NaN,NaN

INPUT,0.383768141269684,0.0448021031916142,0.758900344371796,-2.24759149551392,3.06742262840271,-1.510626912117,K,7
OUTPUT,NaN,NaN,NaN,NaN,NaN,NaN

INPUT,0.388235658407211,0.0455462075769901,0.767583131790161,-2.27295899391174,3.06253695487976,-1.48110461235046,K,8
OUTPUT,NaN,NaN,NaN,NaN,NaN,NaN

INPUT,0.390916168689728,0.0459926687180996,0.772792816162109,-2.2882239818573,3.05964827537537,-1.46359407901764,K,9
OUTPUT,NaN,NaN,NaN,NaN,NaN,NaN

INPUT,0.368217170238495,0.0410153791308403,0.716387927532196,-2.25684094429016,3.07954263687134,-1.7126293182373,K,4
OUTPUT,NaN,NaN,NaN,NaN,NaN,NaN

INPUT,0.377508461475372,0.0423617586493492,0.731923997402191,-2.31067085266113,3.06782555580139,-1.6492680311203,K,5
OUTPUT,NaN,NaN,NaN,NaN,NaN,NaN

INPUT,0.386799722909927,0.0437081381678581,0.747460067272186,-2.36582159996033,3.05636048316956,-1.58717727661133,K,6
OUTPUT,NaN,NaN,NaN,NaN,NaN,NaN

INPUT,0.394026279449463,0.0447553247213364,0.759543716907501,-2.40931487083435,3.04764294624329,-1.53944408893585,K,7
OUTPUT,NaN,NaN,NaN,NaN,NaN,NaN

INPUT,0.399188101291656,0.0455033145844936,0.768174886703491,-2.44061684608459,3.04153442382813,-1.50556182861328,K,8
OUTPUT,NaN,NaN,NaN,NaN,NaN,NaN

INPUT,0.402285188436508,0.0459521077573299,0.773353576660156,-2.45947504043579,3.03791952133179,-1.4853001832962,K,9
OUTPUT,NaN,NaN,NaN,NaN,NaN,NaN

INPUT,0.344765514135361,0.0218868255615234,0.739487409591675,0.50137722492218,3.00518083572388,1.3517279624939,K,5
OUTPUT,NaN,NaN,NaN,NaN,NaN,NaN

INPUT,0.347793489694595,0.0203086864203215,0.751165390014648,0.446136623620987,2.98840570449829,1.40812695026398,K,6
OUTPUT,NaN,NaN,NaN,NaN,NaN,NaN

INPUT,0.350148558616638,0.0190812442451715,0.760248303413391,0.403267174959183,2.975750207901,1.45173394680023,K,7
OUTPUT,NaN,NaN,NaN,NaN,NaN,NaN

INPUT,0.351830780506134,0.0182045008987188,0.766736090183258,0.372805058956146,2.96696066856384,1.48265528678894,K,8
OUTPUT,NaN,NaN,NaN,NaN,NaN,NaN

INPUT,0.352840095758438,0.0176784545183182,0.770628809928894,0.354620575904846,2.96179747581482,1.50109243392944,K,9
OUTPUT,NaN,NaN,NaN,NaN,NaN,NaN

INPUT,0.363903909921646,0.0428203269839287,0.722207546234131,-2.14546203613281,3.088214635849,-1.73908984661102,K,11
OUTPUT,NaN,NaN,NaN,NaN,NaN,NaN

INPUT,0.369199901819229,0.0437956117093563,0.73349928855896,-2.16805577278137,3.08211994171143,-1.7138729095459,K,12
OUTPUT,NaN,NaN,NaN,NaN,NaN,NaN

INPUT,0.374495923519135,0.0447708927094936,0.744791090488434,-2.19089722633362,3.07605910301208,-1.68889474868774,K,13
OUTPUT,NaN,NaN,NaN,NaN,NaN,NaN

INPUT,0.379791915416718,0.0457461774349213,0.756082892417908,-2.21392345428467,3.07003569602966,-1.66409230232239,K,14
OUTPUT,NaN,NaN,NaN,NaN,NaN,NaN

INPUT,0.385087907314301,0.0467214584350586,0.767374634742737,-2.2370924949646,3.06405305862427,-1.63942217826843,K,15
OUTPUT,NaN,NaN,NaN,NaN,NaN,NaN

INPUT,0.389854311943054,0.0475992113351822,0.777537286281586,-2.25804162025452,3.05870652198792,-1.61730659008026,K,16
OUTPUT,NaN,NaN,NaN,NaN,NaN,NaN

INPUT,0.393561512231827,0.0482819117605686,0.785441517829895,-2.2743878364563,3.05457448959351,-1.60015165805817,K,17
OUTPUT,NaN,NaN,NaN,NaN,NaN,NaN

INPUT,0.396209508180618,0.0487695522606373,0.79108738899231,-2.28608846664429,3.05163788795471,-1.58791899681091,K,18
OUTPUT,NaN,NaN,NaN,NaN,NaN,NaN

INPUT,0.397798329591751,0.0490621365606785,0.794474959373474,-2.29311752319336,3.04988217353821,-1.58058679103851,K,19
OUTPUT,NaN,NaN,NaN,NaN,NaN,NaN

INPUT,0.39832791686058,0.0491596646606922,0.795604109764099,-2.29546213150024,3.04929780960083,-1.57814395427704,K,20
OUTPUT,NaN,NaN,NaN,NaN,NaN,NaN

INPUT,0.362459599971771,0.0322312563657761,0.733811497688293,-3.01151752471924,3.14121961593628,-2.36048603057861,K,12
OUTPUT,NaN,NaN,NaN,NaN,NaN,NaN

INPUT,0.367045968770981,0.0319892279803753,0.745136260986328,-3.04122591018677,3.14128494262695,-2.32168650627136,K,13
OUTPUT,NaN,NaN,NaN,NaN,NaN,NaN

INPUT,0.371632307767868,0.0317471995949745,0.756460964679718,-3.06847214698792,3.14135074615479,-2.28042459487915,K,14
OUTPUT,NaN,NaN,NaN,NaN,NaN,NaN

INPUT,0.376218676567078,0.0315051674842834,0.767785727977753,-3.09047389030457,3.1414167881012,-2.23391842842102,K,15
OUTPUT,NaN,NaN,NaN,NaN,NaN,NaN

INPUT,0.380346417427063,0.0312873423099518,0.777978003025055,-3.09839248657227,3.14147615432739,-2.18017935752869,K,16
OUTPUT,NaN,NaN,NaN,NaN,NaN,NaN

INPUT,0.383556872606277,0.0311179235577583,0.785905301570892,-3.07769274711609,3.14152240753174,-2.11152410507202,K,17
OUTPUT,NaN,NaN,NaN,NaN,NaN,NaN

INPUT,0.385850071907043,0.0309969075024128,0.79156768321991,-2.99532532691956,3.14155530929565,-1.99490249156952,K,18
OUTPUT,NaN,NaN,NaN,NaN,NaN,NaN

INPUT,0.387225985527039,0.0309242997318506,0.794965088367462,-2.77632570266724,3.1415741443634,-1.75535035133362,K,19
OUTPUT,NaN,NaN,NaN,NaN,NaN,NaN

INPUT,0.387684613466263,0.0309000965207815,0.796097576618195,-2.55515694618225,3.1415798664093,-1.52733099460602,K,20
OUTPUT,NaN,NaN,NaN,NaN,NaN,NaN

INPUT,0.37164905667305,0.0389670431613922,0.72060626745224,-2.46438026428223,3.0559413433075,-1.85415160655975,K,11
OUTPUT,NaN,NaN,NaN,NaN,NaN,NaN

INPUT,0.377856284379959,0.0394888706505299,0.731709957122803,-2.49968433380127,3.04633569717407,-1.81758558750153,K,12
OUTPUT,NaN,NaN,NaN,NaN,NaN,NaN

INPUT,0.384063541889191,0.0400106944143772,0.74281370639801,-2.5351197719574,3.03685283660889,-1.78111815452576,K,13
OUTPUT,NaN,NaN,NaN,NaN,NaN,NaN

INPUT,0.390270739793777,0.0405325181782246,0.753917396068573,-2.57065796852112,3.02750515937805,-1.74471807479858,K,14
OUTPUT,NaN,NaN,NaN,NaN,NaN,NaN

INPUT,0.396477997303009,0.0410543456673622,0.765021145343781,-2.6062798500061,3.0183048248291,-1.7083637714386,K,15
OUTPUT,NaN,NaN,NaN,NaN,NaN,NaN

INPUT,0.402064502239227,0.041523989289999,0.775014519691467,-2.63840055465698,3.01016020774841,-1.67567086219788,K,16
OUTPUT,NaN,NaN,NaN,NaN,NaN,NaN

INPUT,0.406409561634064,0.0418892651796341,0.782787084579468,-2.66341829299927,3.00392031669617,-1.65025448799133,K,17
OUTPUT,NaN,NaN,NaN,NaN,NaN,NaN

INPUT,0.409513175487518,0.0421501770615578,0.788338959217072,-2.68130540847778,2.99951648712158,-1.6321040391922,K,18
OUTPUT,NaN,NaN,NaN,NaN,NaN,NaN

INPUT,0.411375343799591,0.04230672493577,0.791670083999634,-2.6920440196991,2.99689626693726,-1.62121486663818,K,19
OUTPUT,NaN,NaN,NaN,NaN,NaN,NaN

INPUT,0.411996066570282,0.0423589088022709,0.792780458927155,-2.69562458992004,2.99602651596069,-1.61758530139923,K,20
OUTPUT,NaN,NaN,NaN,NaN,NaN,NaN

INPUT,0.35800239443779,0.0347864851355553,0.722521901130676,-2.40222835540771,3.12474656105042,-1.79432737827301,K,11
OUTPUT,NaN,NaN,NaN,NaN,NaN,NaN

INPUT,0.36260050535202,0.0348153822124004,0.733857393264771,-2.43337893486023,3.12294578552246,-1.75397598743439,K,12
OUTPUT,NaN,NaN,NaN,NaN,NaN,NaN

INPUT,0.367198616266251,0.0348442792892456,0.745192885398865,-2.46533584594727,3.12116837501526,-1.71443009376526,K,13
OUTPUT,NaN,NaN,NaN,NaN,NaN,NaN

INPUT,0.371796727180481,0.0348731763660908,0.756528437137604,-2.4978973865509,3.11941695213318,-1.67548751831055,K,14
OUTPUT,NaN,NaN,NaN,NaN,NaN,NaN

INPUT,0.376394838094711,0.0349020734429359,0.767863929271698,-2.53092336654663,3.11769342422485,-1.63700795173645,K,15
OUTPUT,NaN,NaN,NaN,NaN,NaN,NaN

INPUT,0.380533158779144,0.0349280796945095,0.778065919876099,-2.56096076965332,3.11616849899292,-1.60268914699554,K,16
OUTPUT,NaN,NaN,NaN,NaN,NaN,NaN

INPUT,0.383751839399338,0.0349483080208302,0.786000788211823,-2.58449244499207,3.11500024795532,-1.57616484165192,K,17
OUTPUT,NaN,NaN,NaN,NaN,NaN,NaN

INPUT,0.386050879955292,0.0349627546966076,0.79166853427887,-2.60137844085693,3.11417603492737,-1.55729639530182,K,18
OUTPUT,NaN,NaN,NaN,NaN,NaN,NaN

INPUT,0.387430310249329,0.0349714234471321,0.79506915807724,-2.61153817176819,3.11368560791016,-1.54600310325623,K,19
OUTPUT,NaN,NaN,NaN,NaN,NaN,NaN

INPUT,0.387890130281448,0.0349743142724037,0.796202719211578,-2.61492896080017,3.11352276802063,-1.5422431230545,K,20
OUTPUT,NaN,NaN,NaN,NaN,NaN,NaN

INPUT,0.352718889713287,0.0293839164078236,0.732266128063202,0.702273011207581,3.09197115898132,1.30958425998688,K,12
OUTPUT,NaN,NaN,NaN,NaN,NaN,NaN

INPUT,0.356279820203781,0.0288422219455242,0.743428409099579,0.669290482997894,3.08684802055359,1.34053802490234,K,13
OUTPUT,NaN,NaN,NaN,NaN,NaN,NaN

INPUT,0.359840780496597,0.0283005256205797,0.754590690135956,0.636476457118988,3.08178091049194,1.37166893482208,K,14
OUTPUT,NaN,NaN,NaN,NaN,NaN,NaN

INPUT,0.363401710987091,0.0277588311582804,0.765752911567688,0.603788256645203,3.07677483558655,1.40293550491333,K,15
OUTPUT,NaN,NaN,NaN,NaN,NaN,NaN

INPUT,0.366606563329697,0.027271306142211,0.775798976421356,0.574451804161072,3.07232570648193,1.4311671257019,K,16
OUTPUT,NaN,NaN,NaN,NaN,NaN,NaN

INPUT,0.369099229574203,0.0268921181559563,0.783612549304962,0.551678061485291,3.06890487670898,1.45317447185516,K,17
OUTPUT,NaN,NaN,NaN,NaN,NaN,NaN

INPUT,0.370879709720612,0.0266212709248066,0.789193689823151,0.535430669784546,3.06648349761963,1.46891701221466,K,18
OUTPUT,NaN,NaN,NaN,NaN,NaN,NaN

INPUT,0.371947973966599,0.0264587625861168,0.792542397975922,0.52568906545639,3.06503987312317,1.4783707857132,K,19
OUTPUT,NaN,NaN,NaN,NaN,NaN,NaN

INPUT,0.372304081916809,0.0264045931398869,0.79365861415863,0.522442996501923,3.06456017494202,1.48152351379395,K,20
OUTPUT,NaN,NaN,NaN,NaN,NaN,NaN

INPUT,0.375695288181305,0.041630458086729,0.720044255256653,-2.45965218544006,3.03746676445007,-1.81994533538818,K,11
OUTPUT,NaN,NaN,NaN,NaN,NaN,NaN

INPUT,0.382378429174423,0.0424657166004181,0.73108184337616,-2.49681496620178,3.02581167221069,-1.78171408176422,K,12
OUTPUT,NaN,NaN,NaN,NaN,NaN,NaN

INPUT,0.389061570167542,0.0433009713888168,0.742119431495667,-2.53410029411316,3.01432108879089,-1.74355459213257,K,13
OUTPUT,NaN,NaN,NaN,NaN,NaN,NaN

INPUT,0.39574471116066,0.0441362299025059,0.753156960010529,-2.57148480415344,3.00301098823547,-1.70543956756592,K,14
OUTPUT,NaN,NaN,NaN,NaN,NaN,NaN

INPUT,0.402427852153778,0.0449714846909046,0.764194548130035,-2.60895323753357,2.99189782142639,-1.66734993457794,K,15
OUTPUT,NaN,NaN,NaN,NaN,NaN,NaN

INPUT,0.408442676067352,0.0457232147455215,0.774128377437592,-2.64273810386658,2.98207783699036,-1.63307917118073,K,16
OUTPUT,NaN,NaN,NaN,NaN,NaN,NaN

INPUT,0.413120865821838,0.0463078953325748,0.781854629516602,-2.66905283927917,2.97456669807434,-1.60642552375793,K,17
OUTPUT,NaN,NaN,NaN,NaN,NaN,NaN

INPUT,0.416462451219559,0.0467255227267742,0.787373423576355,-2.68786835670471,2.96927261352539,-1.58738589286804,K,18
OUTPUT,NaN,NaN,NaN,NaN,NaN,NaN

INPUT,0.418467372655869,0.04697610065341,0.790684700012207,-2.69916486740112,2.96612548828125,-1.57596135139465,K,19
OUTPUT,NaN,NaN,NaN,NaN,NaN,NaN

INPUT,0.419135689735413,0.0470596253871918,0.791788458824158,-2.70293164253235,2.96508145332336,-1.57215285301208,K,20
OUTPUT,NaN,NaN,NaN,NaN,NaN,NaN

INPUT,0.356987774372101,0.0364794321358204,0.732519924640656,0.702052414417267,3.12993836402893,1.56606733798981,K,12
OUTPUT,NaN,NaN,NaN,NaN,NaN,NaN

INPUT,0.360998123884201,0.036684587597847,0.743708908557892,0.65136730670929,3.12872052192688,1.6063117980957,K,13
OUTPUT,NaN,NaN,NaN,NaN,NaN,NaN

INPUT,0.365008503198624,0.0368897393345833,0.754897832870483,0.601576268672943,3.12752890586853,1.64745104312897,K,14
OUTPUT,NaN,NaN,NaN,NaN,NaN,NaN

INPUT,0.369018882513046,0.0370948947966099,0.76608681678772,0.552453696727753,3.12636590003967,1.68925952911377,K,15
OUTPUT,NaN,NaN,NaN,NaN,NaN,NaN

INPUT,0.372628211975098,0.0372795313596725,0.776156842708588,0.508685052394867,3.12534618377686,1.72732949256897,K,16
OUTPUT,NaN,NaN,NaN,NaN,NaN,NaN

INPUT,0.375435471534729,0.0374231413006783,0.783989131450653,0.474875956773758,3.12457156181335,1.75717318058014,K,17
OUTPUT,NaN,NaN,NaN,NaN,NaN,NaN

INPUT,0.37744066119194,0.0375257171690464,0.789583563804626,0.450832605361938,3.12402868270874,1.7785964012146,K,18
OUTPUT,NaN,NaN,NaN,NaN,NaN,NaN

INPUT,0.378643751144409,0.0375872626900673,0.792940258979797,0.436444401741028,3.12370729446411,1.79148817062378,K,19
OUTPUT,NaN,NaN,NaN,NaN,NaN,NaN

INPUT,0.37904480099678,0.0376077778637409,0.794059157371521,0.431654334068298,3.12360095977783,1.79579138755798,K,20
OUTPUT,NaN,NaN,NaN,NaN,NaN,NaN

INPUT,0.365436196327209,0.0345104448497295,0.721817314624786,-2.56302189826965,3.0995717048645,-1.7152863740921,K,11
OUTPUT,NaN,NaN,NaN,NaN,NaN,NaN

INPUT,0.370912611484528,0.0345079302787781,0.733063519001007,-2.6115345954895,3.0950813293457,-1.66405546665192,K,12
OUTPUT,NaN,NaN,NaN,NaN,NaN,NaN

INPUT,0.376389026641846,0.0345054194331169,0.744309782981873,-2.66028904914856,3.09070634841919,-1.61305606365204,K,13
OUTPUT,NaN,NaN,NaN,NaN,NaN,NaN

INPUT,0.381865411996841,0.0345029048621655,0.755556046962738,-2.70922446250916,3.0864577293396,-1.56222689151764,K,14
OUTPUT,NaN,NaN,NaN,NaN,NaN,NaN

INPUT,0.38734182715416,0.0345003940165043,0.766802310943604,-2.75829935073853,3.08234643936157,-1.51152539253235,K,15
OUTPUT,NaN,NaN,NaN,NaN,NaN,NaN

INPUT,0.392270594835281,0.0344981327652931,0.776923954486847,-2.80256104469299,3.0787718296051,-1.46597850322723,K,16
OUTPUT,NaN,NaN,NaN,NaN,NaN,NaN

INPUT,0.396104067564011,0.0344963744282722,0.784796297550201,-2.83703827857971,3.07607865333557,-1.43059742450714,K,17
OUTPUT,NaN,NaN,NaN,NaN,NaN,NaN

INPUT,0.39884227514267,0.0344951190054417,0.790419459342957,-2.86168837547302,3.07420372962952,-1.40534520149231,K,18
OUTPUT,NaN,NaN,NaN,NaN,NaN,NaN

INPUT,0.400485187768936,0.0344943627715111,0.793793320655823,-2.87648725509644,3.07309889793396,-1.39020097255707,K,19
OUTPUT,NaN,NaN,NaN,NaN,NaN,NaN

INPUT,0.401032835245132,0.0344941131770611,0.794917941093445,-2.88142132759094,3.07273387908936,-1.38515400886536,K,20
OUTPUT,NaN,NaN,NaN,NaN,NaN,NaN

INPUT,0.364783823490143,0.0400961153209209,0.720930159091949,-2.31954169273376,3.07947111129761,-1.74265539646149,K,11
OUTPUT,NaN,NaN,NaN,NaN,NaN,NaN

INPUT,0.370183557271957,0.0407507047057152,0.732072114944458,-2.35243892669678,3.07249402999878,-1.70765626430511,K,12
OUTPUT,NaN,NaN,NaN,NaN,NaN,NaN

INPUT,0.375583291053772,0.0414052940905094,0.743214011192322,-2.38553595542908,3.06559658050537,-1.67284107208252,K,13
OUTPUT,NaN,NaN,NaN,NaN,NaN,NaN

INPUT,0.380982995033264,0.0420598797500134,0.754355907440186,-2.41878390312195,3.05878663063049,-1.63815891742706,K,14
OUTPUT,NaN,NaN,NaN,NaN,NaN,NaN

INPUT,0.386382728815079,0.0427144728600979,0.765497863292694,-2.45214986801147,3.05207204818726,-1.60357558727264,K,15
OUTPUT,NaN,NaN,NaN,NaN,NaN,NaN

INPUT,0.391242504119873,0.0433036014437675,0.775525569915771,-2.48226046562195,3.04611682891846,-1.57251453399658,K,16
OUTPUT,NaN,NaN,NaN,NaN,NaN,NaN

INPUT,0.395022302865982,0.0437618158757687,0.783324956893921,-2.50572443008423,3.04154658317566,-1.54838883876801,K,17
OUTPUT,NaN,NaN,NaN,NaN,NaN,NaN

INPUT,0.397722154855728,0.0440891087055206,0.788895905017853,-2.52250576019287,3.03831648826599,-1.53117072582245,K,18
OUTPUT,NaN,NaN,NaN,NaN,NaN,NaN

INPUT,0.399342089891434,0.044285487383604,0.792238473892212,-2.53258228302002,3.03639268875122,-1.52084493637085,K,19
OUTPUT,NaN,NaN,NaN,NaN,NaN,NaN

INPUT,0.399882048368454,0.0443509444594383,0.793352663516998,-2.5359423160553,3.03575372695923,-1.51740372180939,K,20
OUTPUT,NaN,NaN,NaN,NaN,NaN,NaN

INPUT,0.373165428638458,0.0435198955237865,0.732114434242249,-2.18582940101624,3.07723903656006,-1.70532047748566,K,5
OUTPUT,NaN,NaN,NaN,NaN,NaN,NaN

INPUT,0.381784051656723,0.0450533777475357,0.74780136346817,-2.22468495368958,3.06701445579529,-1.65860140323639,K,6
OUTPUT,NaN,NaN,NaN,NaN,NaN,NaN

INPUT,0.38848739862442,0.0462460815906525,0.760002315044403,-2.25549221038818,3.05917882919312,-1.62303149700165,K,7
OUTPUT,NaN,NaN,NaN,NaN,NaN,NaN

INPUT,0.393275529146194,0.0470980182290077,0.768717288970947,-2.27766895294189,3.05365967750549,-1.59798121452332,K,8
OUTPUT,NaN,NaN,NaN,NaN,NaN,NaN

INPUT,0.396148413419724,0.0476091764867306,0.773946225643158,-2.29101133346558,3.05038356781006,-1.58308660984039,K,9
OUTPUT,NaN,NaN,NaN,NaN,NaN,NaN

INPUT,0.363031983375549,0.0324170999228954,0.725590467453003,-2.96852898597717,3.14014387130737,-2.35765314102173,K,4
OUTPUT,NaN,NaN,NaN,NaN,NaN,NaN

INPUT,0.369557619094849,0.0320155024528503,0.738960027694702,-3.02213501930237,3.14052295684814,-2.30033540725708,K,5
OUTPUT,NaN,NaN,NaN,NaN,NaN,NaN

INPUT,0.37608328461647,0.0316139049828053,0.752329528331757,-3.07368493080139,3.14090538024902,-2.24096179008484,K,6
OUTPUT,NaN,NaN,NaN,NaN,NaN,NaN

INPUT,0.381158769130707,0.0313015505671501,0.762728035449982,-3.10829830169678,3.14120268821716,-2.18973612785339,K,7
OUTPUT,NaN,NaN,NaN,NaN,NaN,NaN

INPUT,0.384784132242203,0.0310784429311752,0.770155608654022,-3.11605978012085,3.14141416549683,-2.13660788536072,K,8
OUTPUT,NaN,NaN,NaN,NaN,NaN,NaN

INPUT,0.386959344148636,0.0309445764869452,0.774612069129944,-3.03406310081482,3.14153981208801,-2.0182991027832,K,9
OUTPUT,NaN,NaN,NaN,NaN,NaN,NaN

INPUT,0.371982455253601,0.038181621581316,0.715605854988098,-2.45766830444336,3.05569791793823,-1.86397612094879,K,4
OUTPUT,NaN,NaN,NaN,NaN,NaN,NaN

INPUT,0.381881475448608,0.0389561429619789,0.730796337127686,-2.52009177207947,3.03926682472229,-1.79834854602814,K,5
OUTPUT,NaN,NaN,NaN,NaN,NaN,NaN

INPUT,0.391780495643616,0.0397306643426418,0.745986759662628,-2.58300757408142,3.02325439453125,-1.73310661315918,K,6
OUTPUT,NaN,NaN,NaN,NaN,NaN,NaN

INPUT,0.399479746818542,0.0403330735862255,0.757801532745361,-2.63217759132385,3.01113224029541,-1.68251645565033,K,7
OUTPUT,NaN,NaN,NaN,NaN,NaN,NaN

INPUT,0.404979199171066,0.0407633632421494,0.766240656375885,-2.66739773750305,3.00267004966736,-1.6464319229126,K,8
OUTPUT,NaN,NaN,NaN,NaN,NaN,NaN

INPUT,0.40827888250351,0.0410215370357037,0.771304130554199,-2.68856406211853,2.99767661094666,-1.62479567527771,K,9
OUTPUT,NaN,NaN,NaN,NaN,NaN,NaN

INPUT,0.36636409163475,0.0346849337220192,0.732090353965759,-2.46996593475342,3.12118029594421,-1.75008404254913,K,5
OUTPUT,NaN,NaN,NaN,NaN,NaN,NaN

INPUT,0.373938769102097,0.0346875376999378,0.747973680496216,-2.51974582672119,3.11834049224854,-1.67285811901093,K,6
OUTPUT,NaN,NaN,NaN,NaN,NaN,NaN

INPUT,0.379830181598663,0.0346895605325699,0.760327339172363,-2.56055808067322,3.1161937713623,-1.61488556861877,K,7
OUTPUT,NaN,NaN,NaN,NaN,NaN,NaN

INPUT,0.384038329124451,0.034691009670496,0.769151389598846,-2.59053993225098,3.11469674110413,-1.57430505752563,K,8
OUTPUT,NaN,NaN,NaN,NaN,NaN,NaN

INPUT,0.386563241481781,0.0346918739378452,0.774445772171021,-2.60880136489868,3.11381435394287,-1.55022823810577,K,9
OUTPUT,NaN,NaN,NaN,NaN,NaN,NaN

INPUT,0.376053094863892,0.0405790768563747,0.715656161308289,-2.44987750053406,3.03705072402954,-1.828000664711,K,4
OUTPUT,NaN,NaN,NaN,NaN,NaN,NaN

INPUT,0.386615693569183,0.0418996810913086,0.730597019195557,-2.51658058166504,3.01714777946472,-1.76023852825165,K,5
OUTPUT,NaN,NaN,NaN,NaN,NaN,NaN

INPUT,0.397178322076797,0.0432202816009521,0.74553781747818,-2.58351016044617,2.99780631065369,-1.69253873825073,K,6
OUTPUT,NaN,NaN,NaN,NaN,NaN,NaN

INPUT,0.405393689870834,0.0442474149167538,0.75715845823288,-2.63569378852844,2.9832079410553,-1.63988411426544,K,7
OUTPUT,NaN,NaN,NaN,NaN,NaN,NaN

INPUT,0.411261796951294,0.0449810810387135,0.765458881855011,-2.67302894592285,2.97304368019104,-1.6022617816925,K,8
OUTPUT,NaN,NaN,NaN,NaN,NaN,NaN

INPUT,0.414782673120499,0.0454212836921215,0.770439147949219,-2.69545316696167,2.96705746650696,-1.57968127727509,K,9
OUTPUT,NaN,NaN,NaN,NaN,NaN,NaN

INPUT,0.374927461147308,0.0342808179557323,0.731654524803162,-2.64902544021606,3.09166526794434,-1.64530324935913,K,5
OUTPUT,NaN,NaN,NaN,NaN,NaN,NaN

INPUT,0.383846670389175,0.0342301689088345,0.747246444225311,-2.73159599304199,3.08444023132324,-1.55058932304382,K,6
OUTPUT,NaN,NaN,NaN,NaN,NaN,NaN

INPUT,0.390783846378326,0.0341907702386379,0.759373426437378,-2.79677534103394,3.07912707328796,-1.47785663604736,K,7
OUTPUT,NaN,NaN,NaN,NaN,NaN,NaN

INPUT,0.395738959312439,0.0341626331210136,0.768035590648651,-2.84370255470276,3.07551145553589,-1.42626142501831,K,8
OUTPUT,NaN,NaN,NaN,NaN,NaN,NaN

INPUT,0.398712038993835,0.034145750105381,0.773232936859131,-2.87197828292847,3.07341861724854,-1.39541828632355,K,9
OUTPUT,NaN,NaN,NaN,NaN,NaN,NaN

INPUT,0.373925507068634,0.0403811633586884,0.730603575706482,-2.37559843063354,3.06716966629028,-1.69310688972473,K,5
OUTPUT,NaN,NaN,NaN,NaN,NaN,NaN

INPUT,0.382644534111023,0.0413772687315941,0.746033489704132,-2.4326446056366,3.05557179450989,-1.62923049926758,K,6
OUTPUT,NaN,NaN,NaN,NaN,NaN,NaN

INPUT,0.389425992965698,0.0421520136296749,0.758034586906433,-2.47760510444641,3.04676580429077,-1.58009910583496,K,7
OUTPUT,NaN,NaN,NaN,NaN,NaN,NaN

INPUT,0.394269913434982,0.0427054055035114,0.76660680770874,-2.50995182991028,3.040602684021,-1.5452139377594,K,8
OUTPUT,NaN,NaN,NaN,NaN,NaN,NaN

INPUT,0.39717623591423,0.0430374406278133,0.771750092506409,-2.5294361114502,3.03695893287659,-1.52434909343719,K,9
OUTPUT,NaN,NaN,NaN,NaN,NaN,NaN

INPUT,0.358626693487167,0.0293231401592493,0.73580127954483,0.673764765262604,3.08679676055908,1.34776616096497,K,5
OUTPUT,NaN,NaN,NaN,NaN,NaN,NaN

INPUT,0.364030718803406,0.028548950329423,0.749451279640198,0.618256449699402,3.07859206199646,1.39547455310822,K,6
OUTPUT,NaN,NaN,NaN,NaN,NaN,NaN

INPUT,0.368233859539032,0.0279468037188053,0.760067939758301,0.57589328289032,3.07235217094421,1.43305647373199,K,7
OUTPUT,NaN,NaN,NaN,NaN,NaN,NaN

INPUT,0.371236085891724,0.0275166984647512,0.767651259899139,0.546055257320404,3.06798815727234,1.4599883556366,K,8
OUTPUT,NaN,NaN,NaN,NaN,NaN,NaN

INPUT,0.373037427663803,0.0272586345672607,0.772201299667358,0.52832418680191,3.06541156768799,1.47614300251007,K,9
OUTPUT,NaN,NaN,NaN,NaN,NaN,NaN

INPUT,0.363123118877411,0.0368193238973618,0.73658812046051,0.674883723258972,3.12915086746216,1.63298273086548,K,5
OUTPUT,NaN,NaN,NaN,NaN,NaN,NaN

INPUT,0.368972569704056,0.0371573604643345,0.750078856945038,0.583742499351501,3.12708449363708,1.68801331520081,K,6
OUTPUT,NaN,NaN,NaN,NaN,NaN,NaN

INPUT,0.373522162437439,0.0374202765524387,0.760571658611298,0.51601779460907,3.12552785873413,1.73397922515869,K,7
OUTPUT,NaN,NaN,NaN,NaN,NaN,NaN

INPUT,0.376771867275238,0.0376080758869648,0.76806652545929,0.468836575746536,3.12444639205933,1.76800644397736,K,8
OUTPUT,NaN,NaN,NaN,NaN,NaN,NaN

INPUT,0.378721684217453,0.0377207547426224,0.772563397884369,0.440908044576645,3.12381052970886,1.78880345821381,K,9
OUTPUT,NaN,NaN,NaN,NaN,NaN,NaN

INPUT,0.360972315073013,0.0362921915948391,0.732811868190765,-2.74035930633545,3.13641500473022,-1.80398571491241,K,12
OUTPUT,NaN,NaN,NaN,NaN,NaN,NaN

INPUT,0.365398585796356,0.0364768207073212,0.74403715133667,-2.77894330024719,3.13602709770203,-1.74402225017548,K,13
OUTPUT,NaN,NaN,NaN,NaN,NaN,NaN

INPUT,0.369824856519699,0.0366614460945129,0.755262494087219,-2.8189001083374,3.13565230369568,-1.68543148040771,K,14
OUTPUT,NaN,NaN,NaN,NaN,NaN,NaN

INPUT,0.374251157045364,0.036846075206995,0.766487836837769,-2.85994505882263,3.13529133796692,-1.62792861461639,K,15
OUTPUT,NaN,NaN,NaN,NaN,NaN,NaN

INPUT,0.378234803676605,0.0370122380554676,0.776590645313263,-2.89763903617859,3.1349790096283,-1.57692933082581,K,16
OUTPUT,NaN,NaN,NaN,NaN,NaN,NaN

INPUT,0.381333202123642,0.0371414795517921,0.784448325634003,-2.92736887931824,3.1347451210022,-1.53767549991608,K,17
OUTPUT,NaN,NaN,NaN,NaN,NaN,NaN

INPUT,0.383546352386475,0.037233792245388,0.790060997009277,-2.94879627227783,3.13458275794983,-1.50982880592346,K,18
OUTPUT,NaN,NaN,NaN,NaN,NaN,NaN

INPUT,0.384874224662781,0.0372891798615456,0.793428599834442,-2.9617223739624,3.13448739051819,-1.49319064617157,K,19
OUTPUT,NaN,NaN,NaN,NaN,NaN,NaN

INPUT,0.385316848754883,0.0373076424002647,0.794551134109497,-2.96604204177856,3.13445591926575,-1.48765563964844,K,20
OUTPUT,NaN,NaN,NaN,NaN,NaN,NaN

INPUT,0.360514581203461,0.0372506342828274,0.721852898597717,-2.45360946655273,3.10357666015625,-1.92388236522675,K,11
OUTPUT,NaN,NaN,NaN,NaN,NaN,NaN

INPUT,0.365411132574081,0.037570308893919,0.733104526996613,-2.48333930969238,3.09933137893677,-1.8912969827652,K,12
OUTPUT,NaN,NaN,NaN,NaN,NaN,NaN

INPUT,0.370307683944702,0.0378899835050106,0.744356095790863,-2.51333165168762,3.09512710571289,-1.85896837711334,K,13
OUTPUT,NaN,NaN,NaN,NaN,NaN,NaN

INPUT,0.375204265117645,0.0382096581161022,0.755607664585114,-2.54351997375488,3.09096813201904,-1.82682967185974,K,14
OUTPUT,NaN,NaN,NaN,NaN,NaN,NaN

INPUT,0.380100816488266,0.0385293327271938,0.766859292984009,-2.57385873794556,3.08685803413391,-1.79483509063721,K,15
OUTPUT,NaN,NaN,NaN,NaN,NaN,NaN

INPUT,0.384507715702057,0.0388170443475246,0.776985704898834,-2.6012659072876,3.08320426940918,-1.76613581180573,K,16
OUTPUT,NaN,NaN,NaN,NaN,NaN,NaN

INPUT,0.387935310602188,0.0390408150851727,0.784861862659454,-2.6226372718811,3.08039402961731,-1.74386525154114,K,17
OUTPUT,NaN,NaN,NaN,NaN,NaN,NaN

INPUT,0.39038360118866,0.0392006523907185,0.79048764705658,-2.63792824745178,3.07840442657471,-1.72798109054565,K,18
OUTPUT,NaN,NaN,NaN,NaN,NaN,NaN

INPUT,0.391852557659149,0.0392965562641621,0.793863117694855,-2.64711213111877,3.0772180557251,-1.71845889091492,K,19
OUTPUT,NaN,NaN,NaN,NaN,NaN,NaN

INPUT,0.392342209815979,0.0393285229802132,0.79498827457428,-2.65017485618591,3.07682371139526,-1.71528601646423,K,20
OUTPUT,NaN,NaN,NaN,NaN,NaN,NaN

INPUT,0.370413035154343,0.045478418469429,0.72057181596756,-2.40086269378662,3.05449247360229,-1.98241198062897,K,11
OUTPUT,NaN,NaN,NaN,NaN,NaN,NaN

INPUT,0.376474738121033,0.0467664189636707,0.731671452522278,-2.42492413520813,3.04452276229858,-1.95719540119171,K,12
OUTPUT,NaN,NaN,NaN,NaN,NaN,NaN

INPUT,0.382536470890045,0.0480544194579124,0.742771148681641,-2.44910478591919,3.03461194038391,-1.9320741891861,K,13
OUTPUT,NaN,NaN,NaN,NaN,NaN,NaN

INPUT,0.388598173856735,0.0493424162268639,0.753870725631714,-2.47337794303894,3.02476596832275,-1.90701937675476,K,14
OUTPUT,NaN,NaN,NaN,NaN,NaN,NaN

INPUT,0.394659876823425,0.0506304204463959,0.764970362186432,-2.49772572517395,3.01499104499817,-1.88201081752777,K,15
OUTPUT,NaN,NaN,NaN,NaN,NaN,NaN

INPUT,0.40011540055275,0.0517896190285683,0.774960041046143,-2.51969218254089,3.00625896453857,-1.85953080654144,K,16
OUTPUT,NaN,NaN,NaN,NaN,NaN,NaN

INPUT,0.404358625411987,0.0526912212371826,0.782729804515839,-2.53680801391602,2.99951338768005,-1.84205901622772,K,17
OUTPUT,NaN,NaN,NaN,NaN,NaN,NaN

INPUT,0.407389461994171,0.0533352196216583,0.78827965259552,-2.54904866218567,2.99472093582153,-1.82958400249481,K,18
OUTPUT,NaN,NaN,NaN,NaN,NaN,NaN

INPUT,0.409207969903946,0.0537216179072857,0.791609525680542,-2.55639886856079,2.99185609817505,-1.82210075855255,K,19
OUTPUT,NaN,NaN,NaN,NaN,NaN,NaN

INPUT,0.409814149141312,0.053850419819355,0.792719483375549,-2.55884957313538,2.9909029006958,-1.81960642337799,K,20
OUTPUT,NaN,NaN,NaN,NaN,NaN,NaN

INPUT,0.369075536727905,0.0373926684260368,0.731453835964203,-2.50626373291016,3.09597492218018,-1.87921965122223,K,5
OUTPUT,NaN,NaN,NaN,NaN,NaN,NaN

INPUT,0.377040684223175,0.0378696769475937,0.747141301631927,-2.55757689476013,3.0888843536377,-1.81895732879639,K,6
OUTPUT,NaN,NaN,NaN,NaN,NaN,NaN

INPUT,0.383235782384872,0.0382406823337078,0.759342730045319,-2.59803247451782,3.08350849151611,-1.77306187152863,K,7
OUTPUT,NaN,NaN,NaN,NaN,NaN,NaN

INPUT,0.38766086101532,0.0385056883096695,0.768058001995087,-2.62701487541199,3.07976007461548,-1.74078965187073,K,8
OUTPUT,NaN,NaN,NaN,NaN,NaN,NaN

INPUT,0.390315920114517,0.0386646911501884,0.773287117481232,-2.64438986778259,3.077552318573,-1.721635222435,K,9
OUTPUT,NaN,NaN,NaN,NaN,NaN,NaN

INPUT,0.370790183544159,0.0443634651601315,0.715509951114655,-2.39193081855774,3.05422043800354,-1.98582017421722,K,4
OUTPUT,NaN,NaN,NaN,NaN,NaN,NaN

INPUT,0.380456477403641,0.0464373528957367,0.730713605880737,-2.43624424934387,3.03709578514099,-1.94177794456482,K,5
OUTPUT,NaN,NaN,NaN,NaN,NaN,NaN

INPUT,0.390122771263123,0.0485112406313419,0.745917320251465,-2.48055911064148,3.020174741745,-1.89765822887421,K,6
OUTPUT,NaN,NaN,NaN,NaN,NaN,NaN

INPUT,0.397640973329544,0.0501242615282536,0.757742404937744,-2.5149257183075,3.00721907615662,-1.86340916156769,K,7
OUTPUT,NaN,NaN,NaN,NaN,NaN,NaN

INPUT,0.40301114320755,0.0512764230370522,0.76618891954422,-2.53937315940857,2.99810218811035,-1.8390326499939,K,8
OUTPUT,NaN,NaN,NaN,NaN,NaN,NaN

INPUT,0.406233251094818,0.0519677177071571,0.771256804466248,-2.5539882183075,2.99269437789917,-1.82445585727692,K,9
OUTPUT,NaN,NaN,NaN,NaN,NaN,NaN

INPUT,0.361296355724335,0.0362097658216953,0.724146902561188,-2.76500034332275,3.1356475353241,-1.8854033946991,K,4
OUTPUT,NaN,NaN,NaN,NaN,NaN,NaN

INPUT,0.367617517709732,0.0364937819540501,0.737489342689514,-2.81444072723389,3.13528180122375,-1.7763409614563,K,5
OUTPUT,NaN,NaN,NaN,NaN,NaN,NaN

INPUT,0.373938679695129,0.0367777980864048,0.750831723213196,-2.86700963973999,3.13495063781738,-1.6704066991806,K,6
OUTPUT,NaN,NaN,NaN,NaN,NaN,NaN

INPUT,0.378855139017105,0.0369986966252327,0.761209189891815,-2.9095892906189,3.1347188949585,-1.58970606327057,K,7
OUTPUT,NaN,NaN,NaN,NaN,NaN,NaN

INPUT,0.382366895675659,0.0371564850211143,0.768621683120728,-2.94074153900146,3.13456773757935,-1.53280103206635,K,8
OUTPUT,NaN,NaN,NaN,NaN,NaN,NaN

INPUT,0.384473949670792,0.0372511558234692,0.773069143295288,-2.95968770980835,3.13448309898376,-1.4989128112793,K,9
OUTPUT,NaN,NaN,NaN,NaN,NaN,NaN

INPUT,0.374584347009659,0.041357547044754,0.719593465328217,-2.4535083770752,3.04281687736511,-1.77149283885956,K,11
OUTPUT,NaN,NaN,NaN,NaN,NaN,NaN

INPUT,0.3811374604702,0.0421607755124569,0.730576932430267,-2.49312925338745,3.03182673454285,-1.7307493686676,K,12
OUTPUT,NaN,NaN,NaN,NaN,NaN,NaN

INPUT,0.387690544128418,0.0429640002548695,0.741560459136963,-2.53287577629089,3.02101373672485,-1.69008302688599,K,13
OUTPUT,NaN,NaN,NaN,NaN,NaN,NaN

INPUT,0.394243627786636,0.0437672287225723,0.752543926239014,-2.57272291183472,3.01039528846741,-1.64946591854095,K,14
OUTPUT,NaN,NaN,NaN,NaN,NaN,NaN

INPUT,0.400796711444855,0.0445704534649849,0.763527452945709,-2.61265540122986,2.9999885559082,-1.60887801647186,K,15
OUTPUT,NaN,NaN,NaN,NaN,NaN,NaN

INPUT,0.406694501638412,0.0452933609485626,0.773412585258484,-2.64865779876709,2.99081778526306,-1.57236206531525,K,16
OUTPUT,NaN,NaN,NaN,NaN,NaN,NaN

INPUT,0.411281645298004,0.0458556190133095,0.781101047992706,-2.67669701576233,2.98382067680359,-1.54396402835846,K,17
OUTPUT,NaN,NaN,NaN,NaN,NaN,NaN

INPUT,0.414558202028275,0.0462572313845158,0.786592781543732,-2.69674396514893,2.97889924049377,-1.52367973327637,K,18
OUTPUT,NaN,NaN,NaN,NaN,NaN,NaN

INPUT,0.416524142026901,0.0464982017874718,0.789887845516205,-2.70877933502197,2.97597789764404,-1.51150858402252,K,19
OUTPUT,NaN,NaN,NaN,NaN,NaN,NaN

INPUT,0.417179435491562,0.0465785227715969,0.790986180305481,-2.71279239654541,2.97500944137573,-1.50745141506195,K,20
OUTPUT,NaN,NaN,NaN,NaN,NaN,NaN

INPUT,0.361211538314819,0.0349020548164845,0.722353100776672,-2.29118466377258,3.11971688270569,-1.7670179605484,K,11
OUTPUT,NaN,NaN,NaN,NaN,NaN,NaN

INPUT,0.366188675165176,0.0349451936781406,0.733665466308594,-2.31863307952881,3.11730885505676,-1.73281610012054,K,12
OUTPUT,NaN,NaN,NaN,NaN,NaN,NaN

INPUT,0.371165812015533,0.0349883362650871,0.74497777223587,-2.34668946266174,3.11492371559143,-1.69922041893005,K,13
OUTPUT,NaN,NaN,NaN,NaN,NaN,NaN

INPUT,0.376142978668213,0.0350314751267433,0.756290137767792,-2.37519955635071,3.1125636100769,-1.66607642173767,K,14
OUTPUT,NaN,NaN,NaN,NaN,NaN,NaN

INPUT,0.38112011551857,0.0350746177136898,0.767602503299713,-2.404057264328,3.11023092269897,-1.63327789306641,K,15
OUTPUT,NaN,NaN,NaN,NaN,NaN,NaN

INPUT,0.385599553585052,0.0351134426891804,0.777783632278442,-2.43026399612427,3.10815691947937,-1.60399210453033,K,16
OUTPUT,NaN,NaN,NaN,NaN,NaN,NaN

INPUT,0.389083534479141,0.03514364361763,0.785702288150787,-2.45077300071716,3.10656142234802,-1.58133888244629,K,17
OUTPUT,NaN,NaN,NaN,NaN,NaN,NaN

INPUT,0.391572117805481,0.0351652130484581,0.791358470916748,-2.46548008918762,3.10543155670166,-1.56521534919739,K,18
OUTPUT,NaN,NaN,NaN,NaN,NaN,NaN

INPUT,0.393065243959427,0.035178154706955,0.794752180576324,-2.47432541847229,3.10475778579712,-1.55556190013885,K,19
OUTPUT,NaN,NaN,NaN,NaN,NaN,NaN

INPUT,0.393562972545624,0.0351824685931206,0.795883417129517,-2.47727727890015,3.10453391075134,-1.55234730243683,K,20
OUTPUT,NaN,NaN,NaN,NaN,NaN,NaN

INPUT,0.360029339790344,0.0385076403617859,0.722414493560791,-2.32805967330933,3.11697292327881,-1.69555485248566,K,11
OUTPUT,NaN,NaN,NaN,NaN,NaN,NaN

INPUT,0.364869594573975,0.0389754846692085,0.733730912208557,-2.36255025863647,3.11428046226501,-1.65564846992493,K,12
OUTPUT,NaN,NaN,NaN,NaN,NaN,NaN

INPUT,0.369709849357605,0.0394433289766312,0.745047390460968,-2.39752531051636,3.11162567138672,-1.61622393131256,K,13
OUTPUT,NaN,NaN,NaN,NaN,NaN,NaN

INPUT,0.374550074338913,0.0399111732840538,0.756363749504089,-2.43286156654358,3.10901212692261,-1.5771576166153,K,14
OUTPUT,NaN,NaN,NaN,NaN,NaN,NaN

INPUT,0.379390329122543,0.0403790175914764,0.7676802277565,-2.46847438812256,3.10644340515137,-1.53836464881897,K,15
OUTPUT,NaN,NaN,NaN,NaN,NaN,NaN

INPUT,0.383746564388275,0.040800079703331,0.777864992618561,-2.50071215629578,3.10417318344116,-1.50363457202911,K,16
OUTPUT,NaN,NaN,NaN,NaN,NaN,NaN

INPUT,0.387134730815887,0.0411275699734688,0.785786509513855,-2.52588629722595,3.10243630409241,-1.47672045230865,K,17
OUTPUT,NaN,NaN,NaN,NaN,NaN,NaN

INPUT,0.389554858207703,0.0413614958524704,0.791444718837738,-2.54391360282898,3.10121178627014,-1.45754110813141,K,18
OUTPUT,NaN,NaN,NaN,NaN,NaN,NaN

INPUT,0.391006946563721,0.041501846164465,0.79483962059021,-2.5547468662262,3.10048365592957,-1.44604957103729,K,19
OUTPUT,NaN,NaN,NaN,NaN,NaN,NaN

INPUT,0.391490966081619,0.0415486320853233,0.795971274375916,-2.55836057662964,3.10024213790894,-1.44222164154053,K,20
OUTPUT,NaN,NaN,NaN,NaN,NaN,NaN

INPUT,0.357673943042755,0.0349457152187824,0.723184823989868,-2.67993569374084,3.11673760414124,-1.97717022895813,K,11
OUTPUT,NaN,NaN,NaN,NaN,NaN,NaN

INPUT,0.362237304449081,0.0349946618080139,0.734591066837311,-2.71980619430542,3.11406254768372,-1.93437731266022,K,12
OUTPUT,NaN,NaN,NaN,NaN,NaN,NaN

INPUT,0.366800665855408,0.0350436046719551,0.745997250080109,-2.75993490219116,3.11143469810486,-1.89183974266052,K,13
OUTPUT,NaN,NaN,NaN,NaN,NaN,NaN

INPUT,0.371364027261734,0.0350925475358963,0.757403433322906,-2.80025696754456,3.10885810852051,-1.84949219226837,K,14
OUTPUT,NaN,NaN,NaN,NaN,NaN,NaN

INPUT,0.37592738866806,0.0351414903998375,0.768809616565704,-2.84072709083557,3.10633754730225,-1.80728900432587,K,15
OUTPUT,NaN,NaN,NaN,NaN,NaN,NaN

INPUT,0.380034416913986,0.0351855419576168,0.77907520532608,-2.87725043296814,3.1041202545166,-1.76940333843231,K,16
OUTPUT,NaN,NaN,NaN,NaN,NaN,NaN

INPUT,0.383228778839111,0.0352198034524918,0.787059545516968,-2.90571141242981,3.10243153572083,-1.73998844623566,K,17
OUTPUT,NaN,NaN,NaN,NaN,NaN,NaN

INPUT,0.385510474443436,0.0352442748844624,0.792762637138367,-2.92606520652771,3.10124516487122,-1.71900153160095,K,18
OUTPUT,NaN,NaN,NaN,NaN,NaN,NaN

INPUT,0.386879473924637,0.0352589562535286,0.796184539794922,-2.93828654289246,3.10054159164429,-1.70641791820526,K,19
OUTPUT,NaN,NaN,NaN,NaN,NaN,NaN

INPUT,0.387335807085037,0.0352638512849808,0.797325134277344,-2.94236183166504,3.10030841827393,-1.70222461223602,K,20
OUTPUT,NaN,NaN,NaN,NaN,NaN,NaN

INPUT,0.374848246574402,0.0403907336294651,0.71490341424942,-2.44630575180054,3.04251885414124,-1.78294575214386,K,4
OUTPUT,NaN,NaN,NaN,NaN,NaN,NaN

INPUT,0.385255217552185,0.0416636914014816,0.729822158813477,-2.5162193775177,3.02373385429382,-1.70962476730347,K,5
OUTPUT,NaN,NaN,NaN,NaN,NaN,NaN

INPUT,0.395662158727646,0.0429366454482079,0.744740843772888,-2.58667349815369,3.00555205345154,-1.63668835163116,K,6
OUTPUT,NaN,NaN,NaN,NaN,NaN,NaN

INPUT,0.403756469488144,0.0439267233014107,0.756344318389893,-2.64173579216003,2.99188804626465,-1.58010518550873,K,7
OUTPUT,NaN,NaN,NaN,NaN,NaN,NaN

INPUT,0.409538090229034,0.0446339212357998,0.764632523059845,-2.68117880821228,2.9824104309082,-1.53973305225372,K,8
OUTPUT,NaN,NaN,NaN,NaN,NaN,NaN

INPUT,0.413007080554962,0.0450582429766655,0.769605398178101,-2.70488429069519,2.97684407234192,-1.51552081108093,K,9
OUTPUT,NaN,NaN,NaN,NaN,NaN,NaN

INPUT,0.370174527168274,0.0347189754247665,0.732016324996948,-2.34938311576843,3.11512112617493,-1.72878932952881,K,5
OUTPUT,NaN,NaN,NaN,NaN,NaN,NaN

INPUT,0.378384351730347,0.0347213670611382,0.747813403606415,-2.39376854896545,3.11120223999023,-1.66287732124329,K,6
OUTPUT,NaN,NaN,NaN,NaN,NaN,NaN

INPUT,0.38476973772049,0.0347232297062874,0.760100066661835,-2.42983961105347,3.10823035240173,-1.61358499526978,K,7
OUTPUT,NaN,NaN,NaN,NaN,NaN,NaN

INPUT,0.389330744743347,0.0347245596349239,0.768876194953918,-2.45609664916992,3.1061577796936,-1.57928276062012,K,8
OUTPUT,NaN,NaN,NaN,NaN,NaN,NaN

INPUT,0.39206737279892,0.0347253605723381,0.774141907691956,-2.4719717502594,3.1049370765686,-1.55903995037079,K,9
OUTPUT,NaN,NaN,NaN,NaN,NaN,NaN

INPUT,0.368719279766083,0.0389790199697018,0.73206901550293,-2.39730763435364,3.11191725730896,-1.64841032028198,K,5
OUTPUT,NaN,NaN,NaN,NaN,NaN,NaN

INPUT,0.376668661832809,0.0397401638329029,0.747879981994629,-2.45348191261292,3.10758018493652,-1.57238626480103,K,6
OUTPUT,NaN,NaN,NaN,NaN,NaN,NaN

INPUT,0.382851511240005,0.0403321646153927,0.760177373886108,-2.49874997138977,3.10430669784546,-1.51482701301575,K,7
OUTPUT,NaN,NaN,NaN,NaN,NaN,NaN

INPUT,0.387267827987671,0.0407550223171711,0.768961250782013,-2.53170156478882,3.10202765464783,-1.4743264913559,K,8
OUTPUT,NaN,NaN,NaN,NaN,NaN,NaN

INPUT,0.389917612075806,0.0410087369382381,0.774231553077698,-2.551673412323,3.10068535804749,-1.45022571086884,K,9
OUTPUT,NaN,NaN,NaN,NaN,NaN,NaN

INPUT,0.365864396095276,0.0349340736865997,0.732947945594788,-2.75268936157227,3.11180424690247,-1.92044460773468,K,5
OUTPUT,NaN,NaN,NaN,NaN,NaN,NaN

INPUT,0.373302817344666,0.0349939800798893,0.748929917812347,-2.81984567642212,3.10749816894531,-1.84076917171478,K,6
OUTPUT,NaN,NaN,NaN,NaN,NaN,NaN

INPUT,0.379088252782822,0.0350405760109425,0.761360287666321,-2.8730628490448,3.1042742729187,-1.77977669239044,K,7
OUTPUT,NaN,NaN,NaN,NaN,NaN,NaN

INPUT,0.383220702409744,0.0350738577544689,0.770239114761353,-2.91145944595337,3.10204482078552,-1.73659086227417,K,8
OUTPUT,NaN,NaN,NaN,NaN,NaN,NaN

INPUT,0.385700196027756,0.0350938253104687,0.775566458702087,-2.93462228775024,3.10073852539063,-1.71080243587494,K,9
OUTPUT,NaN,NaN,NaN,NaN,NaN,NaN

INPUT,0.363051146268845,0.0332705229520798,0.732950866222382,0.762565672397614,3.13241314888,1.40584087371826,K,12
OUTPUT,NaN,NaN,NaN,NaN,NaN,NaN

INPUT,0.367699980735779,0.033137883991003,0.744185090065002,0.722622811794281,3.13140296936035,1.43359065055847,K,13
OUTPUT,NaN,NaN,NaN,NaN,NaN,NaN

INPUT,0.372348815202713,0.0330052450299263,0.755419254302979,0.683774411678314,3.1304042339325,1.46243512630463,K,14
OUTPUT,NaN,NaN,NaN,NaN,NaN,NaN

INPUT,0.376997649669647,0.0328726060688496,0.766653478145599,0.645741283893585,3.12941813468933,1.49209535121918,K,15
OUTPUT,NaN,NaN,NaN,NaN,NaN,NaN

INPUT,0.381181597709656,0.0327532328665257,0.776764273643494,0.612048745155334,3.12854218482971,1.51932716369629,K,16
OUTPUT,NaN,NaN,NaN,NaN,NaN,NaN

INPUT,0.384435802698135,0.0326603837311268,0.784628212451935,0.586126685142517,3.12786936759949,1.5407909154892,K,17
OUTPUT,NaN,NaN,NaN,NaN,NaN,NaN

INPUT,0.386760205030441,0.0325940661132336,0.790245354175568,0.56773966550827,3.12739324569702,1.55625116825104,K,18
OUTPUT,NaN,NaN,NaN,NaN,NaN,NaN

INPUT,0.388154864311218,0.0325542762875557,0.793615579605103,0.556753516197205,3.12710952758789,1.56557321548462,K,19
OUTPUT,NaN,NaN,NaN,NaN,NaN,NaN

INPUT,0.388619750738144,0.0325410105288029,0.794739007949829,0.553098559379578,3.12701535224915,1.56868779659271,K,20
OUTPUT,NaN,NaN,NaN,NaN,NaN,NaN

INPUT,0.37110161781311,0.0474448278546333,0.721121549606323,-2.06226444244385,3.05087113380432,-1.58305597305298,K,11
OUTPUT,NaN,NaN,NaN,NaN,NaN,NaN

INPUT,0.377244353294373,0.0489641465246677,0.732285678386688,-2.08961725234985,3.04051327705383,-1.55396485328674,K,12
OUTPUT,NaN,NaN,NaN,NaN,NaN,NaN

INPUT,0.383387088775635,0.0504834614694118,0.743449747562408,-2.11714577674866,3.03023600578308,-1.52502000331879,K,13
OUTPUT,NaN,NaN,NaN,NaN,NaN,NaN

INPUT,0.389529824256897,0.052002776414156,0.754613876342773,-2.14480948448181,3.02004718780518,-1.49617826938629,K,14
OUTPUT,NaN,NaN,NaN,NaN,NaN,NaN

INPUT,0.395672529935837,0.0535220950841904,0.765777945518494,-2.1725811958313,3.00995516777039,-1.46740961074829,K,15
OUTPUT,NaN,NaN,NaN,NaN,NaN,NaN

INPUT,0.401201009750366,0.0548894815146923,0.775825679302216,-2.19765257835388,3.0009617805481,-1.44156265258789,K,16
OUTPUT,NaN,NaN,NaN,NaN,NaN,NaN

INPUT,0.405500918626785,0.055952999740839,0.783640563488007,-2.21719598770142,2.99402952194214,-1.42148101329803,K,17
OUTPUT,NaN,NaN,NaN,NaN,NaN,NaN

INPUT,0.408572286367416,0.0567126609385014,0.789222598075867,-2.23117685317993,2.98911309242249,-1.4071456193924,K,18
OUTPUT,NaN,NaN,NaN,NaN,NaN,NaN

INPUT,0.410415083169937,0.0571684539318085,0.792571842670441,-2.23957324028015,2.98617792129517,-1.39854717254639,K,19
OUTPUT,NaN,NaN,NaN,NaN,NaN,NaN

INPUT,0.411029368638992,0.0573203861713409,0.793688237667084,-2.24237322807312,2.98520183563232,-1.39568150043488,K,20
OUTPUT,NaN,NaN,NaN,NaN,NaN,NaN

INPUT,0.361706703901291,0.0348676890134811,0.73387748003006,-2.51544237136841,3.13481020927429,-1.79641973972321,K,12
OUTPUT,NaN,NaN,NaN,NaN,NaN,NaN

INPUT,0.366214334964752,0.0349032022058964,0.745208501815796,-2.54627227783203,3.1342191696167,-1.75158417224884,K,13
OUTPUT,NaN,NaN,NaN,NaN,NaN,NaN

INPUT,0.370721966028214,0.0349387116730213,0.756539463996887,-2.57813405990601,3.13363838195801,-1.70778036117554,K,14
OUTPUT,NaN,NaN,NaN,NaN,NaN,NaN

INPUT,0.375229597091675,0.0349742211401463,0.767870485782623,-2.61080169677734,3.13306879997253,-1.66478216648102,K,15
OUTPUT,NaN,NaN,NaN,NaN,NaN,NaN

INPUT,0.379286468029022,0.0350061804056168,0.778068423271179,-2.64075469970703,3.13256621360779,-1.62663567066193,K,16
OUTPUT,NaN,NaN,NaN,NaN,NaN,NaN

INPUT,0.382441788911819,0.0350310392677784,0.786000072956085,-2.66435122489929,3.13218259811401,-1.5972660779953,K,17
OUTPUT,NaN,NaN,NaN,NaN,NaN,NaN

INPUT,0.384695619344711,0.0350487940013409,0.791665613651276,-2.68134522438049,3.13191246986389,-1.57642686367035,K,18
OUTPUT,NaN,NaN,NaN,NaN,NaN,NaN

INPUT,0.386047899723053,0.0350594483315945,0.795064926147461,-2.69159197807312,3.13175201416016,-1.56397366523743,K,19
OUTPUT,NaN,NaN,NaN,NaN,NaN,NaN

INPUT,0.386498659849167,0.0350629985332489,0.796198010444641,-2.69501543045044,3.13169884681702,-1.55983066558838,K,20
OUTPUT,NaN,NaN,NaN,NaN,NaN,NaN

INPUT,0.368608504533768,0.0463040210306644,0.720690131187439,-2.18171644210815,3.06580305099487,-1.57883274555206,K,11
OUTPUT,NaN,NaN,NaN,NaN,NaN,NaN

INPUT,0.374457955360413,0.0476890355348587,0.731803715229034,-2.21619987487793,3.05728650093079,-1.54233336448669,K,12
OUTPUT,NaN,NaN,NaN,NaN,NaN,NaN

INPUT,0.380307406187057,0.0490740463137627,0.742917358875275,-2.25087976455688,3.04887580871582,-1.50600504875183,K,13
OUTPUT,NaN,NaN,NaN,NaN,NaN,NaN

INPUT,0.386156857013702,0.0504590570926666,0.75403094291687,-2.28570961952209,3.04058194160461,-1.46979939937592,K,14
OUTPUT,NaN,NaN,NaN,NaN,NaN,NaN

INPUT,0.392006278038025,0.0518440678715706,0.76514458656311,-2.32065796852112,3.03241515159607,-1.43368244171143,K,15
OUTPUT,NaN,NaN,NaN,NaN,NaN,NaN

INPUT,0.397270798683167,0.053090576082468,0.775146782398224,-2.3521945476532,3.02518224716187,-1.40123331546783,K,16
OUTPUT,NaN,NaN,NaN,NaN,NaN,NaN

INPUT,0.401365399360657,0.054060086607933,0.782926321029663,-2.37676906585693,3.01963877677917,-1.37602305412292,K,17
OUTPUT,NaN,NaN,NaN,NaN,NaN,NaN

INPUT,0.404290109872818,0.054752591997385,0.788483142852783,-2.39434456825256,3.01572489738464,-1.35802757740021,K,18
OUTPUT,NaN,NaN,NaN,NaN,NaN,NaN

INPUT,0.406044960021973,0.055168092250824,0.791817188262939,-2.40489792823792,3.01339554786682,-1.34723424911499,K,19
OUTPUT,NaN,NaN,NaN,NaN,NaN,NaN

INPUT,0.406629890203476,0.0553065948188305,0.792928576469421,-2.40841722488403,3.01262235641479,-1.34363722801208,K,20
OUTPUT,NaN,NaN,NaN,NaN,NaN,NaN

INPUT,0.353234231472015,0.033903393894434,0.731984257698059,0.482558459043503,3.10707974433899,1.25501143932343,K,12
OUTPUT,NaN,NaN,NaN,NaN,NaN,NaN

INPUT,0.356849014759064,0.0338371694087982,0.743117928504944,0.440677255392075,3.10356068611145,1.29443895816803,K,13
OUTPUT,NaN,NaN,NaN,NaN,NaN,NaN

INPUT,0.360463827848434,0.0337709449231625,0.754251599311829,0.398999512195587,3.10010433197021,1.33407533168793,K,14
OUTPUT,NaN,NaN,NaN,NaN,NaN,NaN

INPUT,0.364078611135483,0.0337047167122364,0.765385270118713,0.357474625110626,3.09671640396118,1.37387025356293,K,15
OUTPUT,NaN,NaN,NaN,NaN,NaN,NaN

INPUT,0.367331922054291,0.0336451157927513,0.775405585765839,0.32020315527916,3.09373068809509,1.40979194641113,K,16
OUTPUT,NaN,NaN,NaN,NaN,NaN,NaN

INPUT,0.369862288236618,0.0335987582802773,0.783199191093445,0.291267544031143,3.0914523601532,1.43778789043427,K,17
OUTPUT,NaN,NaN,NaN,NaN,NaN,NaN

INPUT,0.371669679880142,0.0335656441748142,0.788766026496887,0.270623356103897,3.08984994888306,1.45781099796295,K,18
OUTPUT,NaN,NaN,NaN,NaN,NaN,NaN

INPUT,0.372754126787186,0.0335457772016525,0.792106151580811,0.258245497941971,3.08889865875244,1.46983444690704,K,19
OUTPUT,NaN,NaN,NaN,NaN,NaN,NaN

INPUT,0.373115599155426,0.0335391536355019,0.79321950674057,0.254120886325836,3.08858323097229,1.47384369373322,K,20
OUTPUT,NaN,NaN,NaN,NaN,NaN,NaN

INPUT,0.361859202384949,0.03498674929142,0.722370326519012,-2.65919613838196,3.11719036102295,-1.95210373401642,K,11
OUTPUT,NaN,NaN,NaN,NaN,NaN,NaN

INPUT,0.366915166378021,0.0350404195487499,0.733680605888367,-2.69920945167542,3.11456656455994,-1.90894448757172,K,12
OUTPUT,NaN,NaN,NaN,NaN,NaN,NaN

INPUT,0.371971160173416,0.0350940935313702,0.744990885257721,-2.7395007610321,3.11198949813843,-1.86606025695801,K,13
OUTPUT,NaN,NaN,NaN,NaN,NaN,NaN

INPUT,0.377027124166489,0.0351477675139904,0.75630110502243,-2.77999925613403,3.10946369171143,-1.82338035106659,K,14
OUTPUT,NaN,NaN,NaN,NaN,NaN,NaN

INPUT,0.382083088159561,0.0352014414966106,0.767611384391785,-2.82065725326538,3.10699319839478,-1.78085625171661,K,15
OUTPUT,NaN,NaN,NaN,NaN,NaN,NaN

INPUT,0.386633455753326,0.0352497473359108,0.777790606021881,-2.85735678672791,3.104820728302,-1.74268889427185,K,16
OUTPUT,NaN,NaN,NaN,NaN,NaN,NaN

INPUT,0.3901726603508,0.0352873168885708,0.785707831382751,-2.88595867156982,3.1031665802002,-1.71305906772614,K,17
OUTPUT,NaN,NaN,NaN,NaN,NaN,NaN

INPUT,0.392700642347336,0.0353141538798809,0.791362941265106,-2.90641498565674,3.10200500488281,-1.69192051887512,K,18
OUTPUT,NaN,NaN,NaN,NaN,NaN,NaN

INPUT,0.394217431545258,0.0353302545845509,0.794756054878235,-2.91869854927063,3.10131621360779,-1.67924642562866,K,19
OUTPUT,NaN,NaN,NaN,NaN,NaN,NaN

INPUT,0.394723027944565,0.0353356227278709,0.795887053012848,-2.92279458045959,3.10108780860901,-1.67502319812775,K,20
OUTPUT,NaN,NaN,NaN,NaN,NaN,NaN

INPUT,0.362076669931412,0.0376041270792484,0.722353994846344,-2.29727458953857,3.10109877586365,-1.77087354660034,K,11
OUTPUT,NaN,NaN,NaN,NaN,NaN,NaN

INPUT,0.367157101631165,0.0379654318094254,0.733664810657501,-2.32653641700745,3.09655857086182,-1.73820912837982,K,12
OUTPUT,NaN,NaN,NaN,NaN,NaN,NaN

INPUT,0.372237503528595,0.0383267402648926,0.744975686073303,-2.35611152648926,3.09206128120422,-1.70585191249847,K,13
OUTPUT,NaN,NaN,NaN,NaN,NaN,NaN

INPUT,0.377317935228348,0.0386880449950695,0.75628650188446,-2.38592076301575,3.08761167526245,-1.67372179031372,K,14
OUTPUT,NaN,NaN,NaN,NaN,NaN,NaN

INPUT,0.382398366928101,0.0390493497252464,0.767597317695618,-2.4159095287323,3.08321356773376,-1.64176368713379,K,15
OUTPUT,NaN,NaN,NaN,NaN,NaN,NaN

INPUT,0.386970728635788,0.0393745265901089,0.777777075767517,-2.44302082061768,3.07930302619934,-1.61311626434326,K,16
OUTPUT,NaN,NaN,NaN,NaN,NaN,NaN

INPUT,0.390527039766312,0.0396274402737617,0.785694658756256,-2.46417307853699,3.07629466056824,-1.59089577198029,K,17
OUTPUT,NaN,NaN,NaN,NaN,NaN,NaN

INPUT,0.393067240715027,0.0398080907762051,0.791350066661835,-2.47931218147278,3.07416462898254,-1.57505190372467,K,18
OUTPUT,NaN,NaN,NaN,NaN,NaN,NaN

INPUT,0.394591361284256,0.0399164818227291,0.794743359088898,-2.48840665817261,3.07289433479309,-1.56555533409119,K,19
OUTPUT,NaN,NaN,NaN,NaN,NaN,NaN

INPUT,0.395099401473999,0.0399526134133339,0.795874416828156,-2.49143981933594,3.0724720954895,-1.56239151954651,K,20
OUTPUT,NaN,NaN,NaN,NaN,NaN,NaN

