INPUT,0.349349588155746,0.0344976224005222,0.732713043689728,0.266979873180389,3.09386157989502,1.27688872814178,K,12
OUTPUT,NaN,NaN,NaN,NaN,NaN,NaN

INPUT,0.352555453777313,0.0344938449561596,0.743923664093018,0.213080272078514,3.08923697471619,1.32932126522064,K,13
OUTPUT,NaN,NaN,NaN,NaN,NaN,NaN

INPUT,0.35576131939888,0.034490067511797,0.755134284496307,0.159291937947273,3.08475995063782,1.38187754154205,K,14
OUTPUT,NaN,NaN,NaN,NaN,NaN,NaN

INPUT,0.358967214822769,0.0344862900674343,0.766344904899597,0.105585493147373,3.08044362068176,1.4345291852951,K,15
OUTPUT,NaN,NaN,NaN,NaN,NaN,NaN

INPUT,0.361852496862411,0.0344828926026821,0.776434481143951,0.0573026798665524,3.07670640945435,1.4819803237915,K,16
OUTPUT,NaN,NaN,NaN,NaN,NaN,NaN

INPUT,0.364096611738205,0.0344802476465702,0.78428190946579,0.0197766683995724,3.07390189170837,1.51892197132111,K,17
OUTPUT,NaN,NaN,NaN,NaN,NaN,NaN

INPUT,0.36569955945015,0.0344783626496792,0.789887249469757,-0.00701554911211133,3.07195568084717,1.54532492160797,K,18
OUTPUT,NaN,NaN,NaN,NaN,NaN,NaN

INPUT,0.366661310195923,0.0344772264361382,0.793250441551208,-0.0230866894125938,3.07081174850464,1.56117284297943,K,19
OUTPUT,NaN,NaN,NaN,NaN,NaN,NaN

INPUT,0.366981893777847,0.034476850181818,0.794371485710144,-0.0284431241452694,3.07043433189392,1.5664564371109,K,20
OUTPUT,NaN,NaN,NaN,NaN,NaN,NaN

INPUT,0.353918731212616,0.0356518477201462,0.736462354660034,0.19530987739563,3.08240938186646,1.2719954252243,K,5
OUTPUT,NaN,NaN,NaN,NaN,NaN,NaN

INPUT,0.35867828130722,0.0357898809015751,0.750301122665405,0.116923466324806,3.07394933700562,1.35795843601227,K,6
OUTPUT,NaN,NaN,NaN,NaN,NaN,NaN

INPUT,0.362380146980286,0.0358972437679768,0.76106458902359,0.0553546994924545,3.06768155097961,1.42424845695496,K,7
OUTPUT,NaN,NaN,NaN,NaN,NaN,NaN

INPUT,0.365024358034134,0.0359739325940609,0.768752753734589,0.0111409714445472,3.06338739395142,1.47138011455536,K,8
OUTPUT,NaN,NaN,NaN,NaN,NaN,NaN

INPUT,0.36661085486412,0.0360199436545372,0.773365676403046,-0.0154643543064594,3.06088876724243,1.49958920478821,K,9
OUTPUT,NaN,NaN,NaN,NaN,NaN,NaN

INPUT,0.357312738895416,0.0377819389104843,0.735873699188232,-0.102119453251362,3.10521793365479,1.17118191719055,K,5
OUTPUT,NaN,NaN,NaN,NaN,NaN,NaN

INPUT,0.362471580505371,0.03823147341609,0.749513149261475,-0.189912125468254,3.1000394821167,1.27784562110901,K,6
OUTPUT,NaN,NaN,NaN,NaN,NaN,NaN

INPUT,0.366484016180038,0.0385811142623425,0.760121643543243,-0.259646207094193,3.09627866744995,1.35936903953552,K,7
OUTPUT,NaN,NaN,NaN,NaN,NaN,NaN

INPUT,0.369350045919418,0.0388308577239513,0.767699182033539,-0.310012012720108,3.0937488079071,1.41705226898193,K,8
OUTPUT,NaN,NaN,NaN,NaN,NaN,NaN

INPUT,0.371069639921188,0.0389807038009167,0.772245645523071,-0.340409606695175,3.09229731559753,1.45148706436157,K,9
OUTPUT,NaN,NaN,NaN,NaN,NaN,NaN

INPUT,0.354868412017822,0.0345292687416077,0.736171245574951,0.201006308197975,3.08984279632568,1.32096409797668,K,5
OUTPUT,NaN,NaN,NaN,NaN,NaN,NaN

INPUT,0.359740972518921,0.0344958417117596,0.74994158744812,0.1190365254879,3.08246088027954,1.40994071960449,K,6
OUTPUT,NaN,NaN,NaN,NaN,NaN,NaN

INPUT,0.363530725240707,0.0344698429107666,0.760651826858521,0.0547296404838562,3.07701468467712,1.4786171913147,K,7
OUTPUT,NaN,NaN,NaN,NaN,NaN,NaN

INPUT,0.366237699985504,0.0344512686133385,0.768302023410797,0.00858033820986748,3.07329750061035,1.52746987342834,K,8
OUTPUT,NaN,NaN,NaN,NaN,NaN,NaN

INPUT,0.367861896753311,0.0344401262700558,0.772892117500305,-0.0191795378923416,3.0711407661438,1.55671691894531,K,9
OUTPUT,NaN,NaN,NaN,NaN,NaN,NaN

INPUT,0.358084619045258,0.0340515971183777,0.732192635536194,0.231124967336655,3.13283205032349,1.26672279834747,K,12
OUTPUT,NaN,NaN,NaN,NaN,NaN,NaN

INPUT,0.362210482358932,0.0340010970830917,0.743347227573395,0.173257440328598,3.1319055557251,1.31784617900848,K,13
OUTPUT,NaN,NaN,NaN,NaN,NaN,NaN

INPUT,0.366336345672607,0.0339506007730961,0.754501760005951,0.115970902144909,3.1310076713562,1.36955082416534,K,14
OUTPUT,NaN,NaN,NaN,NaN,NaN,NaN

INPUT,0.370462238788605,0.0339001044631004,0.765656352043152,0.0591141171753407,3.13014125823975,1.42168569564819,K,15
OUTPUT,NaN,NaN,NaN,NaN,NaN,NaN

INPUT,0.374175518751144,0.0338546559214592,0.775695443153381,0.0082242377102375,3.12939023971558,1.46888875961304,K,16
OUTPUT,NaN,NaN,NaN,NaN,NaN,NaN

INPUT,0.377063632011414,0.0338193103671074,0.783503651618958,-0.0312094930559397,3.128826379776,1.50574994087219,K,17
OUTPUT,NaN,NaN,NaN,NaN,NaN,NaN

INPUT,0.379126578569412,0.0337940603494644,0.789080917835236,-0.0593099594116211,3.12843489646912,1.53214609622955,K,18
OUTPUT,NaN,NaN,NaN,NaN,NaN,NaN

INPUT,0.380364328622818,0.0337789133191109,0.79242730140686,-0.0761464610695839,3.12820482254028,1.54800736904144,K,19
OUTPUT,NaN,NaN,NaN,NaN,NaN,NaN

INPUT,0.380776911973953,0.0337738618254662,0.793542742729187,-0.0817550346255302,3.12812876701355,1.55329835414886,K,20
OUTPUT,NaN,NaN,NaN,NaN,NaN,NaN

INPUT,0.359041333198547,0.0347554497420788,0.73234486579895,0.218853265047073,3.13773059844971,1.23766148090363,K,12
OUTPUT,NaN,NaN,NaN,NaN,NaN,NaN

INPUT,0.363268166780472,0.0347789414227009,0.74351555109024,0.158064886927605,3.13726282119751,1.28409552574158,K,13
OUTPUT,NaN,NaN,NaN,NaN,NaN,NaN

INPUT,0.367495000362396,0.0348024368286133,0.754686295986176,0.0986615046858788,3.13680720329285,1.33191442489624,K,14
OUTPUT,NaN,NaN,NaN,NaN,NaN,NaN

INPUT,0.371721833944321,0.0348259322345257,0.765856981277466,0.040252760052681,3.13636517524719,1.38072824478149,K,15
OUTPUT,NaN,NaN,NaN,NaN,NaN,NaN

INPUT,0.37552598118782,0.0348470769822598,0.775910615921021,-0.0116793140769005,3.13598012924194,1.42529654502869,K,16
OUTPUT,NaN,NaN,NaN,NaN,NaN,NaN

INPUT,0.378484785556793,0.0348635241389275,0.783730149269104,-0.051743533462286,3.1356897354126,1.46028816699982,K,17
OUTPUT,NaN,NaN,NaN,NaN,NaN,NaN

INPUT,0.380598187446594,0.0348752699792385,0.789315521717072,-0.0802149027585983,3.13548707962036,1.48542821407318,K,18
OUTPUT,NaN,NaN,NaN,NaN,NaN,NaN

INPUT,0.381866246461868,0.0348823182284832,0.792666733264923,-0.097245916724205,3.13536763191223,1.50056409835815,K,19
OUTPUT,NaN,NaN,NaN,NaN,NaN,NaN

INPUT,0.382288932800293,0.0348846688866615,0.793783783912659,-0.102915063500404,3.13532829284668,1.50561738014221,K,20
OUTPUT,NaN,NaN,NaN,NaN,NaN,NaN

INPUT,0.359535902738571,0.0346826687455177,0.732854068279266,0.0559154599905014,3.13221883773804,1.13760840892792,K,12
OUTPUT,NaN,NaN,NaN,NaN,NaN,NaN

INPUT,0.363814651966095,0.0346985198557377,0.744078278541565,-0.00266543892212212,3.13123965263367,1.19287085533142,K,13
OUTPUT,NaN,NaN,NaN,NaN,NaN,NaN

INPUT,0.368093371391296,0.0347143709659576,0.755302548408508,-0.0609640516340733,3.13029408454895,1.24841630458832,K,14
OUTPUT,NaN,NaN,NaN,NaN,NaN,NaN

INPUT,0.37237212061882,0.0347302220761776,0.766526758670807,-0.119053810834885,3.12938523292542,1.30417096614838,K,15
OUTPUT,NaN,NaN,NaN,NaN,NaN,NaN

INPUT,0.376222997903824,0.0347444899380207,0.776628613471985,-0.171198099851608,3.12860083580017,1.35448741912842,K,16
OUTPUT,NaN,NaN,NaN,NaN,NaN,NaN

INPUT,0.379218101501465,0.0347555838525295,0.784485578536987,-0.211683124303818,3.128014087677,1.39369428157806,K,17
OUTPUT,NaN,NaN,NaN,NaN,NaN,NaN

INPUT,0.381357491016388,0.0347635112702847,0.790097653865814,-0.240568861365318,3.12760829925537,1.42173159122467,K,18
OUTPUT,NaN,NaN,NaN,NaN,NaN,NaN

INPUT,0.382641106843948,0.0347682647407055,0.793464958667755,-0.257888823747635,3.12737011909485,1.43856561183929,K,19
OUTPUT,NaN,NaN,NaN,NaN,NaN,NaN

INPUT,0.383068978786469,0.0347698517143726,0.794587373733521,-0.263660371303558,3.12729167938232,1.44417858123779,K,20
OUTPUT,NaN,NaN,NaN,NaN,NaN,NaN

INPUT,0.34718644618988,0.0349142774939537,0.743363499641418,0.233541548252106,3.06452393531799,1.27144718170166,K,13
OUTPUT,NaN,NaN,NaN,NaN,NaN,NaN

INPUT,0.349880933761597,0.0349505394697189,0.75452071428299,0.183678850531578,3.05785655975342,1.32052397727966,K,14
OUTPUT,NaN,NaN,NaN,NaN,NaN,NaN

INPUT,0.352575421333313,0.0349868014454842,0.765677988529205,0.133859395980835,3.05139398574829,1.36967170238495,K,15
OUTPUT,NaN,NaN,NaN,NaN,NaN,NaN

INPUT,0.355000466108322,0.0350194349884987,0.775719523429871,0.0890480205416679,3.04576587677002,1.41395485401154,K,16
OUTPUT,NaN,NaN,NaN,NaN,NaN,NaN

INPUT,0.356886595487595,0.0350448191165924,0.783529579639435,0.0542069189250469,3.04151916503906,1.44842565059662,K,17
OUTPUT,NaN,NaN,NaN,NaN,NaN,NaN

INPUT,0.358233839273453,0.035062950104475,0.789108216762543,0.0293250307440758,3.03855895996094,1.47306132316589,K,18
OUTPUT,NaN,NaN,NaN,NaN,NaN,NaN

INPUT,0.359042197465897,0.0350738316774368,0.79245537519455,0.014397487975657,3.03681302070618,1.48784780502319,K,19
OUTPUT,NaN,NaN,NaN,NaN,NaN,NaN

INPUT,0.359311640262604,0.0350774563848972,0.7935711145401,0.00942189618945122,3.03623604774475,1.49277746677399,K,20
OUTPUT,NaN,NaN,NaN,NaN,NaN,NaN

INPUT,0.351918429136276,0.0349273607134819,0.732268631458282,0.258510649204254,3.11016583442688,1.22619783878326,K,12
OUTPUT,NaN,NaN,NaN,NaN,NaN,NaN

INPUT,0.35539522767067,0.0349690280854702,0.743431150913239,0.206659317016602,3.10706067085266,1.27620661258698,K,13
OUTPUT,NaN,NaN,NaN,NaN,NaN,NaN

INPUT,0.358872026205063,0.0350106954574585,0.754593670368195,0.154955744743347,3.10404491424561,1.32636833190918,K,14
OUTPUT,NaN,NaN,NaN,NaN,NaN,NaN

INPUT,0.362348824739456,0.0350523628294468,0.765756249427795,0.103362157940865,3.1011266708374,1.37664592266083,K,15
OUTPUT,NaN,NaN,NaN,NaN,NaN,NaN

INPUT,0.365477949380875,0.0350898653268814,0.775802552700043,0.0570005439221859,3.09858989715576,1.42197322845459,K,16
OUTPUT,NaN,NaN,NaN,NaN,NaN,NaN

INPUT,0.367911696434021,0.0351190306246281,0.783616304397583,0.0209795422852039,3.09667873382568,1.45726931095123,K,17
OUTPUT,NaN,NaN,NaN,NaN,NaN,NaN

INPUT,0.369650095701218,0.0351398661732674,0.789197564125061,-0.00473251892253757,3.09534859657288,1.48249995708466,K,18
OUTPUT,NaN,NaN,NaN,NaN,NaN,NaN

INPUT,0.370693147182465,0.0351523645222187,0.792546331882477,-0.0201536100357771,3.09456491470337,1.49764513969421,K,19
OUTPUT,NaN,NaN,NaN,NaN,NaN,NaN

INPUT,0.371040821075439,0.0351565331220627,0.79366260766983,-0.0252930652350187,3.09430599212646,1.50269460678101,K,20
OUTPUT,NaN,NaN,NaN,NaN,NaN,NaN

INPUT,0.354965716600418,0.0347215011715889,0.732263505458832,0.224564731121063,3.12294960021973,1.05034875869751,K,12
OUTPUT,NaN,NaN,NaN,NaN,NaN,NaN

INPUT,0.358763426542282,0.0347414314746857,0.74342554807663,0.180089101195335,3.12101483345032,1.09278297424316,K,13
OUTPUT,NaN,NaN,NaN,NaN,NaN,NaN

INPUT,0.362561106681824,0.0347613617777824,0.754587590694427,0.135786667466164,3.11911916732788,1.13539183139801,K,14
OUTPUT,NaN,NaN,NaN,NaN,NaN,NaN

INPUT,0.366358816623688,0.0347812920808792,0.765749633312225,0.091613657772541,3.11726570129395,1.17813217639923,K,15
OUTPUT,NaN,NaN,NaN,NaN,NaN,NaN

INPUT,0.369776755571365,0.034799225628376,0.775795519351959,0.0519435405731201,3.11563682556152,1.21668589115143,K,16
OUTPUT,NaN,NaN,NaN,NaN,NaN,NaN

INPUT,0.372435122728348,0.0348131768405437,0.783608973026276,0.0211343318223953,3.11439728736877,1.24671828746796,K,17
OUTPUT,NaN,NaN,NaN,NaN,NaN,NaN

INPUT,0.37433397769928,0.0348231419920921,0.789189994335175,-0.000851814344059676,3.11352729797363,1.26819121837616,K,18
OUTPUT,NaN,NaN,NaN,NaN,NaN,NaN

INPUT,0.375473290681839,0.0348291210830212,0.792538583278656,-0.0140360966324806,3.11301159858704,1.28108251094818,K,19
OUTPUT,NaN,NaN,NaN,NaN,NaN,NaN

INPUT,0.375853061676025,0.0348311141133308,0.793654799461365,-0.0184297617524862,3.11284065246582,1.28538072109222,K,20
OUTPUT,NaN,NaN,NaN,NaN,NaN,NaN

INPUT,0.361078202724457,0.03605742380023,0.721381962299347,-2.70811676979065,3.11596441268921,-1.87848651409149,K,11
OUTPUT,NaN,NaN,NaN,NaN,NaN,NaN

INPUT,0.366040885448456,0.0362367890775204,0.73257839679718,-2.75512075424194,3.11326718330383,-1.82789778709412,K,12
OUTPUT,NaN,NaN,NaN,NaN,NaN,NaN

INPUT,0.371003538370132,0.0364161506295204,0.743774831295013,-2.80243492126465,3.11063718795776,-1.77761542797089,K,13
OUTPUT,NaN,NaN,NaN,NaN,NaN,NaN

INPUT,0.375966221094131,0.0365955159068108,0.754971265792847,-2.84998059272766,3.10808110237122,-1.72756087779999,K,14
OUTPUT,NaN,NaN,NaN,NaN,NaN,NaN

INPUT,0.38092890381813,0.0367748774588108,0.76616770029068,-2.8977038860321,3.10560441017151,-1.67767953872681,K,15
OUTPUT,NaN,NaN,NaN,NaN,NaN,NaN

INPUT,0.38539531826973,0.0369363054633141,0.776244461536407,-2.94077467918396,3.10344862937927,-1.6329026222229,K,16
OUTPUT,NaN,NaN,NaN,NaN,NaN,NaN

INPUT,0.388869166374207,0.0370618589222431,0.784081995487213,-2.97433805465698,3.10182237625122,-1.5981377363205,K,17
OUTPUT,NaN,NaN,NaN,NaN,NaN,NaN

INPUT,0.391350507736206,0.0371515415608883,0.789680182933807,-2.99834179878235,3.10068917274475,-1.57333397865295,K,18
OUTPUT,NaN,NaN,NaN,NaN,NaN,NaN

INPUT,0.392839312553406,0.0372053496539593,0.79303914308548,-3.0127546787262,3.10002088546753,-1.55846190452576,K,19
OUTPUT,NaN,NaN,NaN,NaN,NaN,NaN

INPUT,0.393335580825806,0.0372232869267464,0.794158756732941,-3.01756048202515,3.09980010986328,-1.55350601673126,K,20
OUTPUT,NaN,NaN,NaN,NaN,NaN,NaN

INPUT,0.357712864875793,0.0345368906855583,0.73304557800293,0.299008727073669,3.12855792045593,1.20861625671387,K,12
OUTPUT,NaN,NaN,NaN,NaN,NaN,NaN

INPUT,0.361797958612442,0.0345371253788471,0.744293212890625,0.248282834887505,3.12718725204468,1.253622174263,K,13
OUTPUT,NaN,NaN,NaN,NaN,NaN,NaN

INPUT,0.365883022546768,0.0345373600721359,0.755540788173676,0.198048532009125,3.12584948539734,1.29912054538727,K,14
OUTPUT,NaN,NaN,NaN,NaN,NaN,NaN

INPUT,0.369968116283417,0.0345375947654247,0.766788423061371,0.148180440068245,3.12454771995544,1.34498620033264,K,15
OUTPUT,NaN,NaN,NaN,NaN,NaN,NaN

INPUT,0.373644679784775,0.0345378033816814,0.77691125869751,0.103540204465389,3.12340927124023,1.38650727272034,K,16
OUTPUT,NaN,NaN,NaN,NaN,NaN,NaN

INPUT,0.376504242420197,0.0345379672944546,0.784784615039825,0.0689470395445824,3.1225471496582,1.41892910003662,K,17
OUTPUT,NaN,NaN,NaN,NaN,NaN,NaN

INPUT,0.37854677438736,0.0345380865037441,0.790408432483673,0.0442952364683151,3.12194442749023,1.4421454668045,K,18
OUTPUT,NaN,NaN,NaN,NaN,NaN,NaN

INPUT,0.379772305488586,0.0345381572842598,0.793782651424408,0.0295246224850416,3.12158799171448,1.4560958147049,K,19
OUTPUT,NaN,NaN,NaN,NaN,NaN,NaN

INPUT,0.380180805921555,0.0345381796360016,0.794907450675964,0.0246043615043163,3.1214702129364,1.4607492685318,K,20
OUTPUT,NaN,NaN,NaN,NaN,NaN,NaN

INPUT,0.369870960712433,0.0362793207168579,0.73083233833313,-2.79427099227905,3.11103844642639,-1.81174457073212,K,5
OUTPUT,NaN,NaN,NaN,NaN,NaN,NaN

INPUT,0.378019720315933,0.0365819334983826,0.74643611907959,-2.87333035469055,3.10675454139709,-1.71746516227722,K,6
OUTPUT,NaN,NaN,NaN,NaN,NaN,NaN

INPUT,0.384357631206512,0.0368172973394394,0.758572399616241,-2.93598175048828,3.10360074043274,-1.64528870582581,K,7
OUTPUT,NaN,NaN,NaN,NaN,NaN,NaN

INPUT,0.388884723186493,0.0369854159653187,0.767241239547729,-2.98118329048157,3.10145235061646,-1.59417998790741,K,8
OUTPUT,NaN,NaN,NaN,NaN,NaN,NaN

INPUT,0.391600966453552,0.0370862856507301,0.77244246006012,-3.00845003128052,3.10020756721497,-1.56365859508514,K,9
OUTPUT,NaN,NaN,NaN,NaN,NaN,NaN

INPUT,0.364316761493683,0.0340250693261623,0.736249327659607,0.166388377547264,3.1325855255127,1.31458139419556,K,5
OUTPUT,NaN,NaN,NaN,NaN,NaN,NaN

INPUT,0.370339035987854,0.0339267179369926,0.749675571918488,0.0765980407595634,3.13090538978577,1.40005958080292,K,6
OUTPUT,NaN,NaN,NaN,NaN,NaN,NaN

INPUT,0.375023007392883,0.033850222826004,0.760118246078491,0.00717177568003535,3.1296546459198,1.46695411205292,K,7
OUTPUT,NaN,NaN,NaN,NaN,NaN,NaN

INPUT,0.378368735313416,0.0337955839931965,0.767577290534973,-0.0422698631882668,3.12879490852356,1.51488494873047,K,8
OUTPUT,NaN,NaN,NaN,NaN,NaN,NaN

INPUT,0.380376130342484,0.0337627977132797,0.772052764892578,-0.0718887522816658,3.12829351425171,1.54368996620178,K,9
OUTPUT,NaN,NaN,NaN,NaN,NaN,NaN

INPUT,0.359257459640503,0.0347827859222889,0.723166525363922,0.261147320270538,3.1389639377594,1.21826994419098,K,4
OUTPUT,NaN,NaN,NaN,NaN,NaN,NaN

INPUT,0.36538702249527,0.0348063483834267,0.736565351486206,0.15714006125927,3.13795876502991,1.28669404983521,K,5
OUTPUT,NaN,NaN,NaN,NaN,NaN,NaN

INPUT,0.371516585350037,0.0348299108445644,0.749964118003845,0.0607855096459389,3.1369800567627,1.36277151107788,K,6
OUTPUT,NaN,NaN,NaN,NaN,NaN,NaN

INPUT,0.376284003257751,0.0348482355475426,0.760385394096375,-0.0116291362792253,3.1362419128418,1.42447066307068,K,7
OUTPUT,NaN,NaN,NaN,NaN,NaN,NaN

INPUT,0.379689306020737,0.0348613262176514,0.767829120159149,-0.0625385567545891,3.13572907447815,1.46935701370239,K,8
OUTPUT,NaN,NaN,NaN,NaN,NaN,NaN

INPUT,0.381732493638992,0.0348691791296005,0.772295415401459,-0.0928459390997887,3.13542771339417,1.49652719497681,K,9
OUTPUT,NaN,NaN,NaN,NaN,NaN,NaN

INPUT,0.359825223684311,0.0346937030553818,0.723734557628632,0.0526937134563923,3.13380980491638,1.06886839866638,K,4
OUTPUT,NaN,NaN,NaN,NaN,NaN,NaN

INPUT,0.366051077842712,0.0346941277384758,0.737196147441864,-0.0270464718341827,3.13196134567261,1.17221343517303,K,5
OUTPUT,NaN,NaN,NaN,NaN,NaN,NaN

INPUT,0.372276932001114,0.0346945561468601,0.750657737255096,-0.110532358288765,3.13019251823425,1.27181434631348,K,6
OUTPUT,NaN,NaN,NaN,NaN,NaN,NaN

INPUT,0.377119243144989,0.0346948876976967,0.761127829551697,-0.176982283592224,3.12888169288635,1.34776663780212,K,7
OUTPUT,NaN,NaN,NaN,NaN,NaN,NaN

INPUT,0.38057804107666,0.0346951223909855,0.76860648393631,-0.224996313452721,3.12798452377319,1.40146911144257,K,8
OUTPUT,NaN,NaN,NaN,NaN,NaN,NaN

INPUT,0.382653325796127,0.0346952639520168,0.773093700408936,-0.25397577881813,3.12746262550354,1.43351972103119,K,9
OUTPUT,NaN,NaN,NaN,NaN,NaN,NaN

INPUT,0.357557147741318,0.0350060388445854,0.73583459854126,0.196112707257271,3.10767555236816,1.26915407180786,K,5
OUTPUT,NaN,NaN,NaN,NaN,NaN,NaN

INPUT,0.362751513719559,0.0350516065955162,0.749460697174072,0.116899840533733,3.10262322425842,1.35370779037476,K,6
OUTPUT,NaN,NaN,NaN,NaN,NaN,NaN

INPUT,0.366791546344757,0.0350870527327061,0.76005882024765,0.0548572540283203,3.09887218475342,1.41904973983765,K,7
OUTPUT,NaN,NaN,NaN,NaN,NaN,NaN

INPUT,0.369677305221558,0.0351123698055744,0.767628908157349,0.0103737749159336,3.09629821777344,1.46556150913239,K,8
OUTPUT,NaN,NaN,NaN,NaN,NaN,NaN

INPUT,0.371408760547638,0.0351275615394115,0.772170960903168,-0.0163703635334969,3.09479832649231,1.49341702461243,K,9
OUTPUT,NaN,NaN,NaN,NaN,NaN,NaN

INPUT,0.360872507095337,0.0347764603793621,0.736064016819,0.171686679124832,3.12164378166199,1.08732688426971,K,5
OUTPUT,NaN,NaN,NaN,NaN,NaN,NaN

INPUT,0.366472452878952,0.034792322665453,0.749599695205688,0.103596970438957,3.11837029457092,1.15897381305695,K,6
OUTPUT,NaN,NaN,NaN,NaN,NaN,NaN

INPUT,0.370827972888947,0.0348046571016312,0.760127365589142,0.0503278076648712,3.11590194702148,1.21439218521118,K,7
OUTPUT,NaN,NaN,NaN,NaN,NaN,NaN

INPUT,0.37393906712532,0.0348134711384773,0.767647206783295,0.0121602267026901,3.11418485641479,1.25386071205139,K,8
OUTPUT,NaN,NaN,NaN,NaN,NaN,NaN

INPUT,0.375805705785751,0.0348187573254108,0.772159099578857,-0.0107780871912837,3.11317420005798,1.27750492095947,K,9
OUTPUT,NaN,NaN,NaN,NaN,NaN,NaN

INPUT,0.351616621017456,0.0350197702646255,0.741843700408936,0.198614567518234,3.06194877624512,1.28700244426727,K,5
OUTPUT,NaN,NaN,NaN,NaN,NaN,NaN

INPUT,0.355143964290619,0.0350476689636707,0.753305494785309,0.131087973713875,3.05228161811829,1.36161029338837,K,6
OUTPUT,NaN,NaN,NaN,NaN,NaN,NaN

INPUT,0.357887446880341,0.0350693687796593,0.762220203876495,0.0780662149190903,3.04507112503052,1.41917872428894,K,7
OUTPUT,NaN,NaN,NaN,NaN,NaN,NaN

INPUT,0.359847068786621,0.0350848697125912,0.76858788728714,0.0399875193834305,3.04009985923767,1.460116147995,K,8
OUTPUT,NaN,NaN,NaN,NaN,NaN,NaN

INPUT,0.361022859811783,0.0350941717624664,0.772408485412598,0.0170711651444435,3.03719234466553,1.48461878299713,K,9
OUTPUT,NaN,NaN,NaN,NaN,NaN,NaN

INPUT,0.364011168479919,0.034584503620863,0.73725950717926,0.245862126350403,3.12783241271973,1.25442504882813,K,5
OUTPUT,NaN,NaN,NaN,NaN,NaN,NaN

INPUT,0.369977056980133,0.0345713905990124,0.750814259052277,0.165524646639824,3.12545418739319,1.32801461219788,K,6
OUTPUT,NaN,NaN,NaN,NaN,NaN,NaN

INPUT,0.37461718916893,0.0345611944794655,0.761356770992279,0.103647857904434,3.12366962432861,1.38586056232452,K,7
OUTPUT,NaN,NaN,NaN,NaN,NaN,NaN

INPUT,0.377931594848633,0.0345539078116417,0.768887221813202,0.0596761479973793,3.12243366241455,1.42740631103516,K,8
OUTPUT,NaN,NaN,NaN,NaN,NaN,NaN

INPUT,0.379920244216919,0.0345495380461216,0.773405432701111,0.0333644673228264,3.12170886993408,1.45240581035614,K,9
OUTPUT,NaN,NaN,NaN,NaN,NaN,NaN

INPUT,0.354115217924118,0.0348403938114643,0.732588768005371,0.219094291329384,3.11763858795166,1.24279463291168,K,12
OUTPUT,NaN,NaN,NaN,NaN,NaN,NaN

INPUT,0.357822626829147,0.0348727107048035,0.743786334991455,0.163920730352402,3.11527109146118,1.29537069797516,K,13
OUTPUT,NaN,NaN,NaN,NaN,NaN,NaN

INPUT,0.361530065536499,0.0349050313234329,0.754983901977539,0.108957044780254,3.11297988891602,1.34815979003906,K,14
OUTPUT,NaN,NaN,NaN,NaN,NaN,NaN

INPUT,0.365237504243851,0.0349373482167721,0.766181528568268,0.0541502833366394,3.1107714176178,1.4011093378067,K,15
OUTPUT,NaN,NaN,NaN,NaN,NaN,NaN

INPUT,0.368574172258377,0.0349664352834225,0.776259303092957,0.00492769479751587,3.10886025428772,1.4488707780838,K,16
OUTPUT,NaN,NaN,NaN,NaN,NaN,NaN

INPUT,0.37116938829422,0.034989058971405,0.784097611904144,-0.0333019122481346,3.10742688179016,1.48607504367828,K,17
OUTPUT,NaN,NaN,NaN,NaN,NaN,NaN

INPUT,0.373023092746735,0.0350052192807198,0.789696395397186,-0.0605841614305973,3.10643243789673,1.51267528533936,K,18
OUTPUT,NaN,NaN,NaN,NaN,NaN,NaN

INPUT,0.374135315418243,0.0350149124860764,0.793055713176727,-0.0769446641206741,3.10584807395935,1.52864456176758,K,19
OUTPUT,NaN,NaN,NaN,NaN,NaN,NaN

INPUT,0.374506056308746,0.0350181460380554,0.794175446033478,-0.0823967605829239,3.10565543174744,1.53396916389465,K,20
OUTPUT,NaN,NaN,NaN,NaN,NaN,NaN

INPUT,0.362836539745331,0.0364894159138203,0.732430636882782,-2.96576428413391,3.11460852622986,-1.96238398551941,K,12
OUTPUT,NaN,NaN,NaN,NaN,NaN,NaN

INPUT,0.36746209859848,0.0366952419281006,0.743611752986908,-3.01758646965027,3.11215758323669,-1.90859282016754,K,13
OUTPUT,NaN,NaN,NaN,NaN,NaN,NaN

INPUT,0.37208765745163,0.0369010679423809,0.754792869091034,-3.0695595741272,3.10978865623474,-1.85494923591614,K,14
OUTPUT,NaN,NaN,NaN,NaN,NaN,NaN

INPUT,0.376713216304779,0.0371068939566612,0.76597398519516,-3.12164855003357,3.10750818252563,-1.80141746997833,K,15
OUTPUT,NaN,NaN,NaN,NaN,NaN,NaN

INPUT,0.380876213312149,0.0372921377420425,0.776037037372589,3.11457848548889,3.10553693771362,-1.75331366062164,K,16
OUTPUT,NaN,NaN,NaN,NaN,NaN,NaN

INPUT,0.384114116430283,0.0374362170696259,0.783863842487335,3.07801342010498,3.10405969619751,-1.71593928337097,K,17
OUTPUT,NaN,NaN,NaN,NaN,NaN,NaN

INPUT,0.386426895856857,0.0375391319394112,0.789454400539398,3.05187606811523,3.10303592681885,-1.68926155567169,K,18
OUTPUT,NaN,NaN,NaN,NaN,NaN,NaN

INPUT,0.387814551591873,0.0376008786261082,0.792808711528778,3.03618669509888,3.10243439674377,-1.67326128482819,K,19
OUTPUT,NaN,NaN,NaN,NaN,NaN,NaN

INPUT,0.388277113437653,0.0376214608550072,0.79392683506012,3.03095579147339,3.10223603248596,-1.667928814888,K,20
OUTPUT,NaN,NaN,NaN,NaN,NaN,NaN

INPUT,0.348784506320953,0.0378658957779408,0.732650220394135,0.11225438117981,3.09408640861511,1.26970148086548,K,12
OUTPUT,NaN,NaN,NaN,NaN,NaN,NaN

INPUT,0.351930737495422,0.0382167249917984,0.743854165077209,0.0507415011525154,3.08963918685913,1.33005702495575,K,13
OUTPUT,NaN,NaN,NaN,NaN,NaN,NaN

INPUT,0.355076998472214,0.0385675579309464,0.755058109760284,-0.0106884818524122,3.08538484573364,1.39050900936127,K,14
OUTPUT,NaN,NaN,NaN,NaN,NaN,NaN

INPUT,0.358223229646683,0.038918387144804,0.766262054443359,-0.0720582157373428,3.08133912086487,1.45103538036346,K,15
OUTPUT,NaN,NaN,NaN,NaN,NaN,NaN

INPUT,0.361054837703705,0.039234135299921,0.776345610618591,-0.127252712845802,3.07788872718811,1.50555992126465,K,16
OUTPUT,NaN,NaN,NaN,NaN,NaN,NaN

INPUT,0.363257199525833,0.0394797176122665,0.784188389778137,-0.170162186026573,3.07533693313599,1.54799544811249,K,17
OUTPUT,NaN,NaN,NaN,NaN,NaN,NaN

INPUT,0.364830315113068,0.0396551340818405,0.789790391921997,-0.200803264975548,3.0735878944397,1.57831931114197,K,18
OUTPUT,NaN,NaN,NaN,NaN,NaN,NaN

INPUT,0.365774184465408,0.0397603809833527,0.793151557445526,-0.219184949994087,3.07256865501404,1.59651839733124,K,19
OUTPUT,NaN,NaN,NaN,NaN,NaN,NaN

INPUT,0.366088807582855,0.0397954657673836,0.794271945953369,-0.225311756134033,3.07223391532898,1.60258543491364,K,20
OUTPUT,NaN,NaN,NaN,NaN,NaN,NaN

INPUT,0.360322594642639,0.0324790738523006,0.72152853012085,-3.06475615501404,3.10050487518311,-2.02520513534546,K,11
OUTPUT,NaN,NaN,NaN,NaN,NaN,NaN

INPUT,0.365196615457535,0.0322373248636723,0.732742428779602,-3.12542033195496,3.09631705284119,-1.96355307102203,K,12
OUTPUT,NaN,NaN,NaN,NaN,NaN,NaN

INPUT,0.37007063627243,0.0319955758750439,0.743956327438354,3.097012758255,3.09229826927185,-1.90197730064392,K,13
OUTPUT,NaN,NaN,NaN,NaN,NaN,NaN

INPUT,0.374944657087326,0.0317538231611252,0.755170166492462,3.03619384765625,3.08846402168274,-1.84045660495758,K,14
OUTPUT,NaN,NaN,NaN,NaN,NaN,NaN

INPUT,0.379818677902222,0.0315120741724968,0.766384065151215,2.97532272338867,3.08482837677002,-1.77897596359253,K,15
OUTPUT,NaN,NaN,NaN,NaN,NaN,NaN

INPUT,0.384205311536789,0.0312945023179054,0.776476562023163,2.92050290107727,3.08173727989197,-1.72366893291473,K,16
OUTPUT,NaN,NaN,NaN,NaN,NaN,NaN

INPUT,0.387617111206055,0.0311252754181623,0.784326255321503,2.877845287323,3.07945823669434,-1.6806652545929,K,17
OUTPUT,NaN,NaN,NaN,NaN,NaN,NaN

INPUT,0.390054136514664,0.0310044009238482,0.789933204650879,2.84736633300781,3.07789969444275,-1.64995408058167,K,18
OUTPUT,NaN,NaN,NaN,NaN,NaN,NaN

INPUT,0.391516357660294,0.0309318769723177,0.793297350406647,2.82907557487488,3.076993227005,-1.6315290927887,K,19
OUTPUT,NaN,NaN,NaN,NaN,NaN,NaN

INPUT,0.392003744840622,0.0309077017009258,0.794418752193451,2.82297801971436,3.07669568061829,-1.62538778781891,K,20
OUTPUT,NaN,NaN,NaN,NaN,NaN,NaN

INPUT,0.355672359466553,0.0338316895067692,0.732911348342896,0.413012474775314,3.13280153274536,1.24600315093994,K,12
OUTPUT,NaN,NaN,NaN,NaN,NaN,NaN

INPUT,0.359543681144714,0.0337579101324081,0.744142711162567,0.364755511283875,3.13183879852295,1.28541016578674,K,13
OUTPUT,NaN,NaN,NaN,NaN,NaN,NaN

INPUT,0.363414973020554,0.0336841270327568,0.755374073982239,0.317287027835846,3.13089466094971,1.32560610771179,K,14
OUTPUT,NaN,NaN,NaN,NaN,NaN,NaN

INPUT,0.367286264896393,0.0336103476583958,0.766605377197266,0.270402818918228,3.12997102737427,1.36638677120209,K,15
OUTPUT,NaN,NaN,NaN,NaN,NaN,NaN

INPUT,0.370770424604416,0.0335439443588257,0.776713609695435,0.228590115904808,3.12915873527527,1.40347301959991,K,16
OUTPUT,NaN,NaN,NaN,NaN,NaN,NaN

INPUT,0.373480349779129,0.0334922969341278,0.784575521945953,0.196270361542702,3.1285400390625,1.43251919746399,K,17
OUTPUT,NaN,NaN,NaN,NaN,NaN,NaN

INPUT,0.375415980815887,0.0334554053843021,0.790191233158112,0.173275947570801,3.12810564041138,1.4533576965332,K,18
OUTPUT,NaN,NaN,NaN,NaN,NaN,NaN

INPUT,0.376577377319336,0.033433273434639,0.79356062412262,0.15951181948185,3.12784814834595,1.46589350700378,K,19
OUTPUT,NaN,NaN,NaN,NaN,NaN,NaN

INPUT,0.376964509487152,0.0334258936345577,0.794683754444122,0.154928788542747,3.12776279449463,1.47007715702057,K,20
OUTPUT,NaN,NaN,NaN,NaN,NaN,NaN

INPUT,0.368802011013031,0.0323255136609077,0.731064200401306,3.10878324508667,3.09348464012146,-1.94304740428925,K,5
OUTPUT,NaN,NaN,NaN,NaN,NaN,NaN

INPUT,0.376711189746857,0.0319613702595234,0.746686995029449,3.00706386566162,3.08685278892517,-1.82755243778229,K,6
OUTPUT,NaN,NaN,NaN,NaN,NaN,NaN

INPUT,0.382862776517868,0.0316781438887119,0.758838057518005,2.92691707611084,3.08213520050049,-1.73872935771942,K,7
OUTPUT,NaN,NaN,NaN,NaN,NaN,NaN

INPUT,0.387256801128387,0.0314758382737637,0.767517387866974,2.86927628517151,3.07902264595032,-1.67566335201263,K,8
OUTPUT,NaN,NaN,NaN,NaN,NaN,NaN

INPUT,0.389893174171448,0.0313544571399689,0.772724986076355,2.83456635475159,3.07726359367371,-1.63794362545013,K,9
OUTPUT,NaN,NaN,NaN,NaN,NaN,NaN

INPUT,0.359977304935455,0.0348866507411003,0.736377894878387,0.15181240439415,3.11593008041382,1.28689110279083,K,5
OUTPUT,NaN,NaN,NaN,NaN,NaN,NaN

INPUT,0.365465462207794,0.0349126979708672,0.749989688396454,0.0680245459079742,3.11202788352966,1.37635791301727,K,6
OUTPUT,NaN,NaN,NaN,NaN,NaN,NaN

INPUT,0.369734048843384,0.0349329560995102,0.760576605796814,0.00239179795607924,3.10914468765259,1.44548559188843,K,7
OUTPUT,NaN,NaN,NaN,NaN,NaN,NaN

INPUT,0.372783005237579,0.0349474251270294,0.768138647079468,-0.0446660779416561,3.10717439651489,1.49468863010406,K,8
OUTPUT,NaN,NaN,NaN,NaN,NaN,NaN

INPUT,0.374612420797348,0.0349561087787151,0.772675931453705,-0.0729578211903572,3.10603022575378,1.5241551399231,K,9
OUTPUT,NaN,NaN,NaN,NaN,NaN,NaN

INPUT,0.363369107246399,0.0364170558750629,0.724720537662506,-2.95243406295776,3.1150267124176,-2.01001000404358,K,4
OUTPUT,NaN,NaN,NaN,NaN,NaN,NaN

INPUT,0.369755387306213,0.0367588698863983,0.737749814987183,-3.02998900413513,3.11131882667542,-1.91766977310181,K,5
OUTPUT,NaN,NaN,NaN,NaN,NaN,NaN

INPUT,0.376141637563705,0.0371006801724434,0.750779151916504,-3.10912489891052,3.10782790184021,-1.8269008398056,K,6
OUTPUT,NaN,NaN,NaN,NaN,NaN,NaN

INPUT,0.381108731031418,0.0373665355145931,0.760913074016571,3.11175656318665,3.10527920722961,-1.75705015659332,K,7
OUTPUT,NaN,NaN,NaN,NaN,NaN,NaN

INPUT,0.384656667709351,0.0375564284622669,0.768151581287384,3.06694984436035,3.10355496406555,-1.7074568271637,K,8
OUTPUT,NaN,NaN,NaN,NaN,NaN,NaN

INPUT,0.386785417795181,0.0376703664660454,0.772494673728943,3.03996562957764,3.10256052017212,-1.67779982089996,K,9
OUTPUT,NaN,NaN,NaN,NaN,NaN,NaN

INPUT,0.354195684194565,0.038108117878437,0.736083030700684,0.0307876467704773,3.09041142463684,1.31417119503021,K,5
OUTPUT,NaN,NaN,NaN,NaN,NaN,NaN

INPUT,0.358963578939438,0.0386040844023228,0.749848306179047,-0.0602053441107273,3.08335828781128,1.41916882991791,K,6
OUTPUT,NaN,NaN,NaN,NaN,NaN,NaN

INPUT,0.362671941518784,0.0389898382127285,0.760554671287537,-0.132033169269562,3.07825398445129,1.49980449676514,K,7
OUTPUT,NaN,NaN,NaN,NaN,NaN,NaN

INPUT,0.365320771932602,0.0392653755843639,0.768202066421509,-0.183746516704559,3.07483077049255,1.55700826644897,K,8
OUTPUT,NaN,NaN,NaN,NaN,NaN,NaN

INPUT,0.366910070180893,0.0394306965172291,0.772790551185608,-0.21490590274334,3.07287096977234,1.59120488166809,K,9
OUTPUT,NaN,NaN,NaN,NaN,NaN,NaN

INPUT,0.36161407828331,0.0338175445795059,0.736977815628052,0.376376211643219,3.13244915008545,1.29999232292175,K,5
OUTPUT,NaN,NaN,NaN,NaN,NaN,NaN

INPUT,0.367238610982895,0.0336919166147709,0.750552654266357,0.294084101915359,3.13071298599243,1.35865068435669,K,6
OUTPUT,NaN,NaN,NaN,NaN,NaN,NaN

INPUT,0.371613264083862,0.0335942022502422,0.761110842227936,0.232375755906105,3.12939882278442,1.40657126903534,K,7
OUTPUT,NaN,NaN,NaN,NaN,NaN,NaN

INPUT,0.37473800778389,0.0335244089365005,0.768652439117432,0.189134955406189,3.12848210334778,1.44163739681244,K,8
OUTPUT,NaN,NaN,NaN,NaN,NaN,NaN

INPUT,0.376612842082977,0.0334825329482555,0.7731773853302,0.163451850414276,3.12794137001038,1.46293866634369,K,9
OUTPUT,NaN,NaN,NaN,NaN,NaN,NaN

INPUT,0.352990537881851,0.0357476323843002,0.732691884040833,0.197899699211121,3.10551309585571,1.25925529003143,K,12
OUTPUT,NaN,NaN,NaN,NaN,NaN,NaN

INPUT,0.356579422950745,0.0358755327761173,0.743900299072266,0.141179412603378,3.1020302772522,1.31426405906677,K,13
OUTPUT,NaN,NaN,NaN,NaN,NaN,NaN

INPUT,0.360168308019638,0.0360034294426441,0.755108654499054,0.0845918953418732,3.09867072105408,1.36941277980804,K,14
OUTPUT,NaN,NaN,NaN,NaN,NaN,NaN

INPUT,0.363757193088531,0.0361313298344612,0.766317069530487,0.0281028561294079,3.09544515609741,1.42466819286346,K,15
OUTPUT,NaN,NaN,NaN,NaN,NaN,NaN

INPUT,0.366987198591232,0.0362464413046837,0.776404678821564,-0.0226724985986948,3.09266471862793,1.47446966171265,K,16
OUTPUT,NaN,NaN,NaN,NaN,NaN,NaN

INPUT,0.369499415159225,0.0363359712064266,0.784250557422638,-0.0621307380497456,3.0905876159668,1.51324236392975,K,17
OUTPUT,NaN,NaN,NaN,NaN,NaN,NaN

INPUT,0.371293872594833,0.03639991953969,0.789854764938354,-0.0903001949191093,3.08915138244629,1.54095482826233,K,18
OUTPUT,NaN,NaN,NaN,NaN,NaN,NaN

INPUT,0.372370541095734,0.0364382900297642,0.793217241764069,-0.107196398079395,3.0883092880249,1.55758857727051,K,19
OUTPUT,NaN,NaN,NaN,NaN,NaN,NaN

INPUT,0.372729420661926,0.0364510789513588,0.79433810710907,-0.112827703356743,3.08803176879883,1.56313419342041,K,20
OUTPUT,NaN,NaN,NaN,NaN,NaN,NaN

INPUT,0.362222343683243,0.0339639969170094,0.720776796340942,-3.00038290023804,3.09206938743591,-2.16461396217346,K,11
OUTPUT,NaN,NaN,NaN,NaN,NaN,NaN

INPUT,0.367319762706757,0.033897016197443,0.731902003288269,-3.0492479801178,3.08676934242249,-2.11512970924377,K,12
OUTPUT,NaN,NaN,NaN,NaN,NaN,NaN

INPUT,0.372417151927948,0.0338300354778767,0.743027210235596,-3.09817409515381,3.08160185813904,-2.06569218635559,K,13
OUTPUT,NaN,NaN,NaN,NaN,NaN,NaN

INPUT,0.377514570951462,0.0337630547583103,0.754152357578278,3.13603782653809,3.07657933235168,-2.01628756523132,K,14
OUTPUT,NaN,NaN,NaN,NaN,NaN,NaN

INPUT,0.382611960172653,0.033696074038744,0.765277564525604,3.0870258808136,3.07171392440796,-1.9669052362442,K,15
OUTPUT,NaN,NaN,NaN,NaN,NaN,NaN

INPUT,0.387199610471725,0.0336357913911343,0.775290250778198,3.04288744926453,3.06747937202454,-1.92247474193573,K,16
OUTPUT,NaN,NaN,NaN,NaN,NaN,NaN

INPUT,0.390767812728882,0.0335889048874378,0.783077895641327,3.00854206085205,3.06428575515747,-1.88792383670807,K,17
OUTPUT,NaN,NaN,NaN,NaN,NaN,NaN

INPUT,0.393316507339478,0.0335554145276546,0.78864049911499,2.98400211334229,3.06206035614014,-1.8632470369339,K,18
OUTPUT,NaN,NaN,NaN,NaN,NaN,NaN

INPUT,0.394845724105835,0.0335353203117847,0.791978061199188,2.96927523612976,3.06074810028076,-1.84844172000885,K,19
OUTPUT,NaN,NaN,NaN,NaN,NaN,NaN

INPUT,0.395355463027954,0.0335286222398281,0.793090581893921,2.96436595916748,3.06031465530396,-1.84350669384003,K,20
OUTPUT,NaN,NaN,NaN,NaN,NaN,NaN

INPUT,0.356820493936539,0.0353245362639427,0.733743011951447,0.103592865169048,3.13613963127136,1.11809039115906,K,12
OUTPUT,NaN,NaN,NaN,NaN,NaN,NaN

INPUT,0.360812664031982,0.0354078859090805,0.745061933994293,0.0468095354735851,3.13551497459412,1.16807651519775,K,13
OUTPUT,NaN,NaN,NaN,NaN,NaN,NaN

INPUT,0.364804804325104,0.0354912355542183,0.75638073682785,-0.00934742949903011,3.13490772247314,1.21868872642517,K,14
OUTPUT,NaN,NaN,NaN,NaN,NaN,NaN

INPUT,0.368796974420547,0.0355745851993561,0.767699599266052,-0.0650491267442703,3.1343195438385,1.26975703239441,K,15
OUTPUT,NaN,NaN,NaN,NaN,NaN,NaN

INPUT,0.372389912605286,0.0356496013700962,0.777886629104614,-0.114886291325092,3.13380789756775,1.31601285934448,K,16
OUTPUT,NaN,NaN,NaN,NaN,NaN,NaN

INPUT,0.375184416770935,0.0357079468667507,0.785809814929962,-0.153495773673058,3.13342213630676,1.35214257240295,K,17
OUTPUT,NaN,NaN,NaN,NaN,NaN,NaN

INPUT,0.377180486917496,0.0357496216893196,0.791469216346741,-0.181005388498306,3.13315367698669,1.37801802158356,K,18
OUTPUT,NaN,NaN,NaN,NaN,NaN,NaN

INPUT,0.378378123044968,0.0357746295630932,0.794864892959595,-0.197486817836761,3.13299536705017,1.39356768131256,K,19
OUTPUT,NaN,NaN,NaN,NaN,NaN,NaN

INPUT,0.378777354955673,0.0357829630374908,0.795996785163879,-0.2029769718647,3.13294315338135,1.39875459671021,K,20
OUTPUT,NaN,NaN,NaN,NaN,NaN,NaN

INPUT,0.370892524719238,0.034007765352726,0.730255603790283,-3.08704972267151,3.08322811126709,-2.09712886810303,K,5
OUTPUT,NaN,NaN,NaN,NaN,NaN,NaN

INPUT,0.379123777151108,0.0339383333921432,0.745699942111969,3.1135938167572,3.07451128959656,-2.00497436523438,K,6
OUTPUT,NaN,NaN,NaN,NaN,NaN,NaN

INPUT,0.38552588224411,0.0338843278586864,0.757712244987488,3.04860901832581,3.06808090209961,-1.93404996395111,K,7
OUTPUT,NaN,NaN,NaN,NaN,NaN,NaN

INPUT,0.390098810195923,0.0338457524776459,0.766292452812195,3.00188803672791,3.0636932849884,-1.88367402553558,K,8
OUTPUT,NaN,NaN,NaN,NaN,NaN,NaN

INPUT,0.392842561006546,0.0338226072490215,0.77144056558609,2.97375726699829,3.06114816665649,-1.85353863239288,K,9
OUTPUT,NaN,NaN,NaN,NaN,NaN,NaN

INPUT,0.358840882778168,0.0358640626072884,0.736372351646423,0.126610279083252,3.10270643234253,1.30348241329193,K,5
OUTPUT,NaN,NaN,NaN,NaN,NaN,NaN

INPUT,0.364223778247833,0.0360319875180721,0.750050365924835,0.0412030629813671,3.09709548950195,1.39772808551788,K,6
OUTPUT,NaN,NaN,NaN,NaN,NaN,NaN

INPUT,0.368410438299179,0.0361625999212265,0.760688781738281,-0.0259184781461954,3.09297657012939,1.47035133838654,K,7
OUTPUT,NaN,NaN,NaN,NaN,NaN,NaN

INPUT,0.37140092253685,0.0362558923661709,0.768287718296051,-0.0741303190588951,3.09017848968506,1.52196562290192,K,8
OUTPUT,NaN,NaN,NaN,NaN,NaN,NaN

INPUT,0.373195201158524,0.0363118685781956,0.77284699678421,-0.103143833577633,3.08856058120728,1.55285120010376,K,9
OUTPUT,NaN,NaN,NaN,NaN,NaN,NaN

INPUT,0.357223749160767,0.0353087075054646,0.724517703056335,0.101883612573147,3.13749313354492,1.05494916439056,K,4
OUTPUT,NaN,NaN,NaN,NaN,NaN,NaN

INPUT,0.36297395825386,0.0354250147938728,0.738144755363464,0.024476557970047,3.13622665405273,1.14924693107605,K,5
OUTPUT,NaN,NaN,NaN,NaN,NaN,NaN

INPUT,0.368724167346954,0.0355413220822811,0.751771748065948,-0.0561250597238541,3.1349995136261,1.24035084247589,K,6
OUTPUT,NaN,NaN,NaN,NaN,NaN,NaN

INPUT,0.373196572065353,0.0356317833065987,0.762370526790619,-0.11998189240694,3.13407826423645,1.31004309654236,K,7
OUTPUT,NaN,NaN,NaN,NaN,NaN,NaN

INPUT,0.376391142606735,0.0356963984668255,0.769941091537476,-0.165991902351379,3.13344025611877,1.35942542552948,K,8
OUTPUT,NaN,NaN,NaN,NaN,NaN,NaN

INPUT,0.3783078789711,0.0357351675629616,0.774483382701874,-0.193717896938324,3.13306617736816,1.38893520832062,K,9
OUTPUT,NaN,NaN,NaN,NaN,NaN,NaN

INPUT,0.359908550977707,0.0355036519467831,0.7215656042099,-2.93995141983032,3.12207722663879,-2.03075623512268,K,11
OUTPUT,NaN,NaN,NaN,NaN,NaN,NaN

INPUT,0.364733964204788,0.0356176421046257,0.732783854007721,-2.99205493927002,3.12009119987488,-1.97591030597687,K,12
OUTPUT,NaN,NaN,NaN,NaN,NaN,NaN

INPUT,0.36955937743187,0.0357316322624683,0.744002044200897,-3.04438853263855,3.11816620826721,-1.92129194736481,K,13
OUTPUT,NaN,NaN,NaN,NaN,NaN,NaN

INPUT,0.374384790658951,0.035845622420311,0.755220293998718,-3.09689402580261,3.11630845069885,-1.86684346199036,K,14
OUTPUT,NaN,NaN,NaN,NaN,NaN,NaN

INPUT,0.379210203886032,0.0359596125781536,0.766438484191895,3.13365364074707,3.11452293395996,-1.81252419948578,K,15
OUTPUT,NaN,NaN,NaN,NaN,NaN,NaN

INPUT,0.383553087711334,0.036062203347683,0.776534914970398,3.08619070053101,3.11298179626465,-1.76372396945953,K,16
OUTPUT,NaN,NaN,NaN,NaN,NaN,NaN

INPUT,0.386930882930756,0.0361419953405857,0.784387648105621,3.04922747612,3.11182904243469,-1.72581446170807,K,17
OUTPUT,NaN,NaN,NaN,NaN,NaN,NaN

INPUT,0.389343589544296,0.0361989885568619,0.789996802806854,3.02280330657959,3.11103081703186,-1.69875741004944,K,18
OUTPUT,NaN,NaN,NaN,NaN,NaN,NaN

INPUT,0.390791237354279,0.0362331867218018,0.793362259864807,3.0069408416748,3.1105625629425,-1.68253076076508,K,19
OUTPUT,NaN,NaN,NaN,NaN,NaN,NaN

INPUT,0.391273766756058,0.0362445861101151,0.794484078884125,3.00165200233459,3.11040806770325,-1.67712295055389,K,20
OUTPUT,NaN,NaN,NaN,NaN,NaN,NaN

INPUT,0.361182630062103,0.0355700068175793,0.732617795467377,1.77090013027191,3.14143657684326,2.89268827438354,K,12
OUTPUT,NaN,NaN,NaN,NaN,NaN,NaN

INPUT,0.365634620189667,0.035679318010807,0.743817031383514,1.07030355930328,3.14142251014709,2.31015348434448,K,13
OUTPUT,NaN,NaN,NaN,NaN,NaN,NaN

INPUT,0.37008661031723,0.0357886292040348,0.755016326904297,0.601239740848541,3.14135837554932,1.95915138721466,K,14
OUTPUT,NaN,NaN,NaN,NaN,NaN,NaN

INPUT,0.374538600444794,0.0358979403972626,0.766215562820435,0.327773481607437,3.14127373695374,1.80374705791473,K,15
OUTPUT,NaN,NaN,NaN,NaN,NaN,NaN

INPUT,0.378545373678207,0.0359963178634644,0.776294887065887,0.162647157907486,3.14119124412537,1.74487638473511,K,16
OUTPUT,NaN,NaN,NaN,NaN,NaN,NaN

INPUT,0.381661772727966,0.0360728353261948,0.784134387969971,0.0619577243924141,3.14112520217896,1.72683036327362,K,17
OUTPUT,NaN,NaN,NaN,NaN,NaN,NaN

INPUT,0.383887767791748,0.0361274927854538,0.78973400592804,-0.00063023081747815,3.14107799530029,1.72327327728271,K,18
OUTPUT,NaN,NaN,NaN,NaN,NaN,NaN

INPUT,0.385223358869553,0.0361602865159512,0.793093800544739,-0.035414632409811,3.14104962348938,1.72390735149384,K,19
OUTPUT,NaN,NaN,NaN,NaN,NaN,NaN

INPUT,0.385668575763702,0.0361712165176868,0.794213712215424,-0.0466191694140434,3.14104008674622,1.7245090007782,K,20
OUTPUT,NaN,NaN,NaN,NaN,NaN,NaN

INPUT,0.359782248735428,0.0353002138435841,0.732892155647278,-2.88125705718994,3.13300204277039,-1.85440409183502,K,12
OUTPUT,NaN,NaN,NaN,NaN,NaN,NaN

INPUT,0.364086836576462,0.0353811085224152,0.744120359420776,-2.93151569366455,3.13229203224182,-1.79659235477448,K,13
OUTPUT,NaN,NaN,NaN,NaN,NaN,NaN

INPUT,0.368391424417496,0.0354620032012463,0.75534850358963,-2.98230123519897,3.13160920143127,-1.73930752277374,K,14
OUTPUT,NaN,NaN,NaN,NaN,NaN,NaN

INPUT,0.37269601225853,0.0355429016053677,0.766576707363129,-3.03349542617798,3.13095545768738,-1.68243074417114,K,15
OUTPUT,NaN,NaN,NaN,NaN,NaN,NaN

INPUT,0.376570135354996,0.0356157049536705,0.776682019233704,-3.07984781265259,3.13039350509644,-1.63151884078979,K,16
OUTPUT,NaN,NaN,NaN,NaN,NaN,NaN

INPUT,0.379583328962326,0.0356723330914974,0.78454178571701,-3.11604905128479,3.12997460365295,-1.59207010269165,K,17
OUTPUT,NaN,NaN,NaN,NaN,NaN,NaN

INPUT,0.381735622882843,0.0357127822935581,0.790155827999115,3.1412091255188,3.1296854019165,-1.56396114826202,K,18
OUTPUT,NaN,NaN,NaN,NaN,NaN,NaN

INPUT,0.383026987314224,0.0357370488345623,0.793524265289307,3.12562823295593,3.12951612472534,-1.54712069034576,K,19
OUTPUT,NaN,NaN,NaN,NaN,NaN,NaN

INPUT,0.383457452058792,0.0357451401650906,0.794647097587585,3.12043070793152,3.12946033477783,-1.54151105880737,K,20
OUTPUT,NaN,NaN,NaN,NaN,NaN,NaN

INPUT,0.362863928079605,0.035250686109066,0.732368588447571,-2.91699409484863,3.12382674217224,-1.92585682868958,K,12
OUTPUT,NaN,NaN,NaN,NaN,NaN,NaN

INPUT,0.367491066455841,0.0353260077536106,0.743545114994049,-2.96717882156372,3.12224960327148,-1.87172448635101,K,13
OUTPUT,NaN,NaN,NaN,NaN,NaN,NaN

INPUT,0.372118204832077,0.0354013293981552,0.754721701145172,-3.01765751838684,3.12072515487671,-1.81788492202759,K,14
OUTPUT,NaN,NaN,NaN,NaN,NaN,NaN

INPUT,0.376745343208313,0.0354766473174095,0.765898287296295,-3.06836223602295,3.11925745010376,-1.76426959037781,K,15
OUTPUT,NaN,NaN,NaN,NaN,NaN,NaN

INPUT,0.380909770727158,0.0355444364249706,0.775957226753235,-3.11414885520935,3.1179883480072,-1.71616685390472,K,16
OUTPUT,NaN,NaN,NaN,NaN,NaN,NaN

INPUT,0.384148746728897,0.0355971604585648,0.783780813217163,3.13334274291992,3.11703681945801,-1.67883443832397,K,17
OUTPUT,NaN,NaN,NaN,NaN,NaN,NaN

INPUT,0.386462330818176,0.0356348231434822,0.789369106292725,3.1078097820282,3.11637735366821,-1.65220558643341,K,18
OUTPUT,NaN,NaN,NaN,NaN,NaN,NaN

INPUT,0.38785046339035,0.0356574170291424,0.792722105979919,3.09247636795044,3.11598968505859,-1.63624143600464,K,19
OUTPUT,NaN,NaN,NaN,NaN,NaN,NaN

INPUT,0.388313174247742,0.0356649495661259,0.793839752674103,3.08736324310303,3.1158618927002,-1.63092219829559,K,20
OUTPUT,NaN,NaN,NaN,NaN,NaN,NaN

INPUT,0.365176558494568,0.0326093845069408,0.720958590507507,-2.96224331855774,3.08198094367981,-1.94976568222046,K,11
OUTPUT,NaN,NaN,NaN,NaN,NaN,NaN

INPUT,0.370621532201767,0.0323830470442772,0.732105195522308,-3.02133584022522,3.07580637931824,-1.88968563079834,K,12
OUTPUT,NaN,NaN,NaN,NaN,NaN,NaN

INPUT,0.376066476106644,0.0321567095816135,0.743251800537109,-3.08052349090576,3.06986522674561,-1.82967710494995,K,13
OUTPUT,NaN,NaN,NaN,NaN,NaN,NaN

INPUT,0.381511449813843,0.0319303721189499,0.75439840555191,-3.1397852897644,3.06417846679688,-1.76971781253815,K,14
OUTPUT,NaN,NaN,NaN,NaN,NaN,NaN

INPUT,0.386956393718719,0.0317040346562862,0.765545010566711,3.08407878875732,3.05876660346985,-1.70979249477386,K,15
OUTPUT,NaN,NaN,NaN,NaN,NaN,NaN

INPUT,0.391856878995895,0.031500332057476,0.775576949119568,3.03064751625061,3.0541467666626,-1.65587961673737,K,16
OUTPUT,NaN,NaN,NaN,NaN,NaN,NaN

INPUT,0.395668357610703,0.0313418954610825,0.783379554748535,2.98906588554382,3.05072689056396,-1.61395668983459,K,17
OUTPUT,NaN,NaN,NaN,NaN,NaN,NaN

INPUT,0.398390829563141,0.0312287267297506,0.788952887058258,2.95935344696045,3.04838061332703,-1.58401536941528,K,18
OUTPUT,NaN,NaN,NaN,NaN,NaN,NaN

INPUT,0.400024324655533,0.0311608258634806,0.792296826839447,2.94152188301086,3.04701256752014,-1.56605172157288,K,19
OUTPUT,NaN,NaN,NaN,NaN,NaN,NaN

INPUT,0.400568813085556,0.0311381928622723,0.793411493301392,2.93557715415955,3.04656314849854,-1.56006395816803,K,20
OUTPUT,NaN,NaN,NaN,NaN,NaN,NaN

INPUT,0.354563504457474,0.0332081727683544,0.732789576053619,0.261191099882126,3.12745308876038,1.22149157524109,K,12
OUTPUT,NaN,NaN,NaN,NaN,NaN,NaN

INPUT,0.358318269252777,0.0330686718225479,0.744008243083954,0.208411440253258,3.12599444389343,1.26977980136871,K,13
OUTPUT,NaN,NaN,NaN,NaN,NaN,NaN

INPUT,0.362073004245758,0.0329291746020317,0.755226969718933,0.156011119484901,3.12457537651062,1.31844830513,K,14
OUTPUT,NaN,NaN,NaN,NaN,NaN,NaN

INPUT,0.365827769041061,0.0327896773815155,0.766445636749268,0.103893622756004,3.1231997013092,1.36740100383759,K,15
OUTPUT,NaN,NaN,NaN,NaN,NaN,NaN

INPUT,0.36920702457428,0.0326641276478767,0.776542484760284,0.0571742877364159,3.12200164794922,1.41164588928223,K,16
OUTPUT,NaN,NaN,NaN,NaN,NaN,NaN

INPUT,0.371835350990295,0.0325664803385735,0.784395515918732,0.0209351945668459,3.12109780311584,1.44615745544434,K,17
OUTPUT,NaN,NaN,NaN,NaN,NaN,NaN

INPUT,0.373712748289108,0.0324967317283154,0.790004909038544,-0.00490536680445075,3.12046766281128,1.47085356712341,K,18
OUTPUT,NaN,NaN,NaN,NaN,NaN,NaN

INPUT,0.374839156866074,0.0324548818171024,0.793370485305786,-0.0203936994075775,3.12009620666504,1.48568725585938,K,19
OUTPUT,NaN,NaN,NaN,NaN,NaN,NaN

INPUT,0.375214636325836,0.0324409306049347,0.794492363929749,-0.0255539882928133,3.1199734210968,1.49063444137573,K,20
OUTPUT,NaN,NaN,NaN,NaN,NaN,NaN

INPUT,0.359087586402893,0.0339562073349953,0.721580564975739,-2.8673734664917,3.12019920349121,-1.85650169849396,K,11
OUTPUT,NaN,NaN,NaN,NaN,NaN,NaN

INPUT,0.363817065954208,0.0338884480297565,0.732798993587494,-2.92512583732605,3.11805176734924,-1.79534125328064,K,12
OUTPUT,NaN,NaN,NaN,NaN,NaN,NaN

INPUT,0.368546545505524,0.0338206887245178,0.744017362594604,-2.9831600189209,3.1159873008728,-1.73445963859558,K,13
OUTPUT,NaN,NaN,NaN,NaN,NaN,NaN

INPUT,0.373276025056839,0.0337529331445694,0.755235731601715,-3.04140424728394,3.11401343345642,-1.67378497123718,K,14
OUTPUT,NaN,NaN,NaN,NaN,NaN,NaN

INPUT,0.378005504608154,0.0336851738393307,0.76645416021347,-3.09980893135071,3.11213707923889,-1.6132675409317,K,15
OUTPUT,NaN,NaN,NaN,NaN,NaN,NaN

INPUT,0.382262051105499,0.0336241908371449,0.776550710201263,3.13070440292358,3.11053705215454,-1.55890679359436,K,16
OUTPUT,NaN,NaN,NaN,NaN,NaN,NaN

INPUT,0.385572671890259,0.0335767604410648,0.784403562545776,3.08968019485474,3.10935378074646,-1.51668202877045,K,17
OUTPUT,NaN,NaN,NaN,NaN,NaN,NaN

INPUT,0.387937426567078,0.0335428789258003,0.790012776851654,3.0603506565094,3.10854268074036,-1.48654663562775,K,18
OUTPUT,NaN,NaN,NaN,NaN,NaN,NaN

INPUT,0.389356285333633,0.0335225537419319,0.793378293514252,3.04274344444275,3.108069896698,-1.46847462654114,K,19
OUTPUT,NaN,NaN,NaN,NaN,NaN,NaN

INPUT,0.389829218387604,0.033515777438879,0.794500112533569,3.03687310218811,3.107914686203,-1.46245193481445,K,20
OUTPUT,NaN,NaN,NaN,NaN,NaN,NaN

INPUT,0.355585128068924,0.0355052314698696,0.733350694179535,0.205090448260307,3.12517237663269,1.24477136135101,K,12
OUTPUT,NaN,NaN,NaN,NaN,NaN,NaN

INPUT,0.359447419643402,0.0356074757874012,0.744628548622131,0.148499041795731,3.12352085113525,1.29760563373566,K,13
OUTPUT,NaN,NaN,NaN,NaN,NaN,NaN

INPUT,0.363309741020203,0.0357097238302231,0.755906462669373,0.0922172218561172,3.12192344665527,1.35075092315674,K,14
OUTPUT,NaN,NaN,NaN,NaN,NaN,NaN

INPUT,0.367172032594681,0.035811971873045,0.767184376716614,0.0361664034426212,3.12038469314575,1.4041291475296,K,15
OUTPUT,NaN,NaN,NaN,NaN,NaN,NaN

INPUT,0.370648115873337,0.0359039939939976,0.777334451675415,-0.014127105474472,3.11905407905579,1.45232319831848,K,16
OUTPUT,NaN,NaN,NaN,NaN,NaN,NaN

INPUT,0.373351722955704,0.0359755679965019,0.785228967666626,-0.0531640835106373,3.1180567741394,1.48988842964172,K,17
OUTPUT,NaN,NaN,NaN,NaN,NaN,NaN

INPUT,0.375282883644104,0.0360266901552677,0.790867924690247,-0.0810113623738289,3.11736536026001,1.51675772666931,K,18
OUTPUT,NaN,NaN,NaN,NaN,NaN,NaN

INPUT,0.376441568136215,0.0360573641955853,0.794251322746277,-0.0977068245410919,3.1169593334198,1.53289258480072,K,19
OUTPUT,NaN,NaN,NaN,NaN,NaN,NaN

INPUT,0.37682780623436,0.0360675901174545,0.795379102230072,-0.103269949555397,3.11682534217834,1.53827273845673,K,20
OUTPUT,NaN,NaN,NaN,NaN,NaN,NaN

INPUT,0.368568599224091,0.0357407294213772,0.730987846851349,-3.03432703018188,3.11833763122559,-1.95742988586426,K,5
OUTPUT,NaN,NaN,NaN,NaN,NaN,NaN

INPUT,0.376520156860352,0.0359534323215485,0.746649980545044,-3.12214708328247,3.11526727676392,-1.85535144805908,K,6
OUTPUT,NaN,NaN,NaN,NaN,NaN,NaN

INPUT,0.382704704999924,0.0361188650131226,0.758831679821014,3.0917055606842,3.11304092407227,-1.77698075771332,K,7
OUTPUT,NaN,NaN,NaN,NaN,NaN,NaN

INPUT,0.387122243642807,0.0362370349466801,0.767532885074615,3.04178237915039,3.11154508590698,-1.72139859199524,K,8
OUTPUT,NaN,NaN,NaN,NaN,NaN,NaN

INPUT,0.389772742986679,0.0363079346716404,0.772753596305847,3.01169896125793,3.11068725585938,-1.6881777048111,K,9
OUTPUT,NaN,NaN,NaN,NaN,NaN,NaN

INPUT,0.374364227056503,0.032442182302475,0.730687260627747,-3.06748628616333,3.07185173034668,-1.86830043792725,K,5
OUTPUT,NaN,NaN,NaN,NaN,NaN,NaN

INPUT,0.383129149675369,0.0321124978363514,0.74610048532486,3.11594271659851,3.06193375587463,-1.75631856918335,K,6
OUTPUT,NaN,NaN,NaN,NaN,NaN,NaN

INPUT,0.389946281909943,0.0318560786545277,0.758088529109955,3.03739762306213,3.05482935905457,-1.67012369632721,K,7
OUTPUT,NaN,NaN,NaN,NaN,NaN,NaN

INPUT,0.394815683364868,0.0316729210317135,0.766651451587677,2.98092722892761,3.05011105537415,-1.60889256000519,K,8
OUTPUT,NaN,NaN,NaN,NaN,NaN,NaN

INPUT,0.397737324237823,0.0315630249679089,0.771789193153381,2.94692754745483,3.04743075370789,-1.57225954532623,K,9
OUTPUT,NaN,NaN,NaN,NaN,NaN,NaN

INPUT,0.367556512355804,0.0338981002569199,0.730974972248077,-2.97359728813171,3.11621308326721,-1.77630698680878,K,5
OUTPUT,NaN,NaN,NaN,NaN,NaN,NaN

INPUT,0.375333577394485,0.033785805106163,0.746648132801056,-3.07036399841309,3.11293578147888,-1.66191673278809,K,6
OUTPUT,NaN,NaN,NaN,NaN,NaN,NaN

INPUT,0.381382405757904,0.0336984656751156,0.758838295936584,3.13631892204285,3.11060452461243,-1.57417976856232,K,7
OUTPUT,NaN,NaN,NaN,NaN,NaN,NaN

INPUT,0.38570299744606,0.0336360782384872,0.767545640468597,3.08119702339172,3.10906577110291,-1.51198410987854,K,8
OUTPUT,NaN,NaN,NaN,NaN,NaN,NaN

INPUT,0.388295352458954,0.0335986465215683,0.77276998758316,3.04797077178955,3.10819554328918,-1.47481834888458,K,9
OUTPUT,NaN,NaN,NaN,NaN,NaN,NaN

INPUT,0.361465573310852,0.0355509258806705,0.723836719989777,3.13621592521667,3.14052557945251,-2.09314155578613,K,4
OUTPUT,NaN,NaN,NaN,NaN,NaN,NaN

INPUT,0.367875158786774,0.0357149839401245,0.737171828746796,2.96982288360596,3.14094042778015,-2.06966090202332,K,5
OUTPUT,NaN,NaN,NaN,NaN,NaN,NaN

INPUT,0.374284774065018,0.0358790419995785,0.750506937503815,2.5606701374054,3.14134621620178,-2.28893995285034,K,6
OUTPUT,NaN,NaN,NaN,NaN,NaN,NaN

INPUT,0.379270017147064,0.0360066443681717,0.760878622531891,0.630742073059082,3.14142918586731,2.21199655532837,K,7
OUTPUT,NaN,NaN,NaN,NaN,NaN,NaN

INPUT,0.382830888032913,0.0360977873206139,0.768287003040314,0.103887833654881,3.14122247695923,1.7906277179718,K,8
OUTPUT,NaN,NaN,NaN,NaN,NaN,NaN

INPUT,0.384967416524887,0.0361524745821953,0.772732079029083,-0.0163137894123793,3.14108610153198,1.73371720314026,K,9
OUTPUT,NaN,NaN,NaN,NaN,NaN,NaN

INPUT,0.360080778598785,0.0352864488959312,0.724114775657654,-2.87849378585815,3.1324462890625,-1.91391229629517,K,4
OUTPUT,NaN,NaN,NaN,NaN,NaN,NaN

INPUT,0.366204500198364,0.035409227013588,0.737491369247437,-2.9510805606842,3.13154768943787,-1.81267786026001,K,5
OUTPUT,NaN,NaN,NaN,NaN,NaN,NaN

INPUT,0.372328221797943,0.0355320051312447,0.750867962837219,-3.02593851089478,3.13072323799133,-1.71371364593506,K,6
OUTPUT,NaN,NaN,NaN,NaN,NaN,NaN

INPUT,0.377091139554977,0.0356274954974651,0.761271953582764,-3.08531188964844,3.13013744354248,-1.63789165019989,K,7
OUTPUT,NaN,NaN,NaN,NaN,NaN,NaN

INPUT,0.380493193864822,0.03569570556283,0.768703401088715,-3.12820219993591,3.1297504901886,-1.58421337604523,K,8
OUTPUT,NaN,NaN,NaN,NaN,NaN,NaN

INPUT,0.382534444332123,0.0357366316020489,0.773162245750427,3.12908720970154,3.12953114509583,-1.55216836929321,K,9
OUTPUT,NaN,NaN,NaN,NaN,NaN,NaN

INPUT,0.363232493400574,0.035238791257143,0.724233508110046,-2.90584421157837,3.12373685836792,-1.9748854637146,K,4
OUTPUT,NaN,NaN,NaN,NaN,NaN,NaN

INPUT,0.369735479354858,0.0353589802980423,0.737366318702698,-2.98047780990601,3.12144494056702,-1.88171648979187,K,5
OUTPUT,NaN,NaN,NaN,NaN,NaN,NaN

INPUT,0.376238495111465,0.0354791730642319,0.750499188899994,-3.05696034431458,3.11929321289063,-1.79039239883423,K,6
OUTPUT,NaN,NaN,NaN,NaN,NaN,NaN

INPUT,0.381296396255493,0.0355726517736912,0.760713577270508,-3.11734485626221,3.11772656440735,-1.72025835514069,K,7
OUTPUT,NaN,NaN,NaN,NaN,NaN,NaN

INPUT,0.384909152984619,0.0356394238770008,0.768009603023529,3.12234234809875,3.11666917800903,-1.67052710056305,K,8
OUTPUT,NaN,NaN,NaN,NaN,NaN,NaN

INPUT,0.387076824903488,0.0356794856488705,0.772387206554413,3.09612154960632,3.11606049537659,-1.6408097743988,K,9
OUTPUT,NaN,NaN,NaN,NaN,NaN,NaN

INPUT,0.360392034053802,0.0330990701913834,0.736709356307983,0.201795607805252,3.12664198875427,1.26655185222626,K,5
OUTPUT,NaN,NaN,NaN,NaN,NaN,NaN

INPUT,0.365883767604828,0.0328581631183624,0.750312924385071,0.119805745780468,3.1241352558136,1.3470743894577,K,6
OUTPUT,NaN,NaN,NaN,NaN,NaN,NaN

INPUT,0.3701551258564,0.0326707921922207,0.76089346408844,0.0561637133359909,3.12226438522339,1.40983319282532,K,7
OUTPUT,NaN,NaN,NaN,NaN,NaN,NaN

INPUT,0.373206079006195,0.0325369536876678,0.768450975418091,0.0107526062056422,3.12097501754761,1.45471000671387,K,8
OUTPUT,NaN,NaN,NaN,NaN,NaN,NaN

INPUT,0.375036656856537,0.0324566513299942,0.772985517978668,-0.0164790488779545,3.12022113800049,1.48165154457092,K,9
OUTPUT,NaN,NaN,NaN,NaN,NaN,NaN

INPUT,0.361628741025925,0.0356242209672928,0.737461447715759,0.136662021279335,3.1242048740387,1.28941547870636,K,5
OUTPUT,NaN,NaN,NaN,NaN,NaN,NaN

INPUT,0.367277771234512,0.0357654504477978,0.751114010810852,0.0506702549755573,3.12140464782715,1.37938344478607,K,6
OUTPUT,NaN,NaN,NaN,NaN,NaN,NaN

INPUT,0.371671438217163,0.0358752980828285,0.761732697486877,-0.0165516138076782,3.11933374404907,1.4490225315094,K,7
OUTPUT,NaN,NaN,NaN,NaN,NaN,NaN

INPUT,0.374809801578522,0.0359537601470947,0.769317448139191,-0.0646951049566269,3.11791753768921,1.49863874912262,K,8
OUTPUT,NaN,NaN,NaN,NaN,NaN,NaN

INPUT,0.376692801713943,0.0360008403658867,0.773868322372437,-0.0936217829585075,3.11709499359131,1.52836859226227,K,9
OUTPUT,NaN,NaN,NaN,NaN,NaN,NaN

INPUT,0.351606607437134,0.0378559157252312,0.733012437820435,0.0686819031834602,3.10314083099365,1.11237168312073,K,12
OUTPUT,NaN,NaN,NaN,NaN,NaN,NaN

INPUT,0.355050057172775,0.0382056124508381,0.744254648685455,0.0132942274212837,3.09941720962524,1.16685688495636,K,13
OUTPUT,NaN,NaN,NaN,NaN,NaN,NaN

INPUT,0.358493506908417,0.038555309176445,0.755496740341187,-0.0420254468917847,3.09582090377808,1.22141849994659,K,14
OUTPUT,NaN,NaN,NaN,NaN,NaN,NaN

INPUT,0.361936986446381,0.0389050059020519,0.766738951206207,-0.0972954779863358,3.09236264228821,1.27603900432587,K,15
OUTPUT,NaN,NaN,NaN,NaN,NaN,NaN

INPUT,0.365036100149155,0.0392197333276272,0.776856899261475,-0.147006273269653,3.08937692642212,1.32523727416992,K,16
OUTPUT,NaN,NaN,NaN,NaN,NaN,NaN

INPUT,0.367446511983871,0.0394645184278488,0.78472638130188,-0.18565371632576,3.08714270591736,1.36352443695068,K,17
OUTPUT,NaN,NaN,NaN,NaN,NaN,NaN

INPUT,0.369168251752853,0.0396393686532974,0.790347456932068,-0.213251739740372,3.08559584617615,1.39088225364685,K,18
OUTPUT,NaN,NaN,NaN,NaN,NaN,NaN

INPUT,0.370201289653778,0.0397442765533924,0.793720126152039,-0.229808136820793,3.08468794822693,1.4073007106781,K,19
OUTPUT,NaN,NaN,NaN,NaN,NaN,NaN

INPUT,0.370545625686646,0.0397792458534241,0.794844329357147,-0.235326483845711,3.08438873291016,1.41277408599854,K,20
OUTPUT,NaN,NaN,NaN,NaN,NaN,NaN

INPUT,0.349613845348358,0.0363781712949276,0.732114493846893,0.0861652866005898,3.09950804710388,1.20682990550995,K,12
OUTPUT,NaN,NaN,NaN,NaN,NaN,NaN

INPUT,0.352848172187805,0.0365725196897984,0.743260860443115,0.0266873687505722,3.0955216884613,1.26533555984497,K,13
OUTPUT,NaN,NaN,NaN,NaN,NaN,NaN

INPUT,0.35608246922493,0.0367668718099594,0.754407227039337,-0.0327195823192596,3.09169554710388,1.32392227649689,K,14
OUTPUT,NaN,NaN,NaN,NaN,NaN,NaN

INPUT,0.359316766262054,0.0369612239301205,0.765553593635559,-0.09207484126091,3.08804297447205,1.38257193565369,K,15
OUTPUT,NaN,NaN,NaN,NaN,NaN,NaN

INPUT,0.362227648496628,0.0371361412107944,0.775585293769836,-0.14546149969101,3.08491468429565,1.43539941310883,K,16
OUTPUT,NaN,NaN,NaN,NaN,NaN,NaN

INPUT,0.364491641521454,0.037272185087204,0.783387780189514,-0.186967492103577,3.08259153366089,1.47651064395905,K,17
OUTPUT,NaN,NaN,NaN,NaN,NaN,NaN

INPUT,0.366108804941177,0.0373693630099297,0.788960933685303,-0.216607257723808,3.08099341392517,1.50588667392731,K,18
OUTPUT,NaN,NaN,NaN,NaN,NaN,NaN

INPUT,0.367079079151154,0.0374276675283909,0.792304873466492,-0.234388515353203,3.08005976676941,1.52351605892181,K,19
OUTPUT,NaN,NaN,NaN,NaN,NaN,NaN

INPUT,0.367402523756027,0.037447102367878,0.793419480323792,-0.240315243601799,3.07975292205811,1.52939319610596,K,20
OUTPUT,NaN,NaN,NaN,NaN,NaN,NaN

INPUT,0.359567999839783,0.0368775501847267,0.733069002628326,-2.77271175384521,3.13079333305359,-1.88361430168152,K,12
OUTPUT,NaN,NaN,NaN,NaN,NaN,NaN

INPUT,0.363849282264709,0.0371243618428707,0.74431711435318,-2.81590938568115,3.12984609603882,-1.83324110507965,K,13
OUTPUT,NaN,NaN,NaN,NaN,NaN,NaN

INPUT,0.368130564689636,0.037371177226305,0.755565166473389,-2.85963678359985,3.12892436981201,-1.78339719772339,K,14
OUTPUT,NaN,NaN,NaN,NaN,NaN,NaN

INPUT,0.372411847114563,0.037617988884449,0.766813218593597,-2.90377378463745,3.12803030014038,-1.73396217823029,K,15
OUTPUT,NaN,NaN,NaN,NaN,NaN,NaN

INPUT,0.376265019178391,0.0378401204943657,0.776936531066895,-2.94377541542053,3.1272509098053,-1.6897486448288,K,16
OUTPUT,NaN,NaN,NaN,NaN,NaN,NaN

INPUT,0.379261910915375,0.0380128920078278,0.784810185432434,-2.97503781318665,3.12666201591492,-1.65550994873047,K,17
OUTPUT,NaN,NaN,NaN,NaN,NaN,NaN

INPUT,0.381402581930161,0.0381362996995449,0.790434241294861,-2.99743723869324,3.12625122070313,-1.6311229467392,K,18
OUTPUT,NaN,NaN,NaN,NaN,NaN,NaN

INPUT,0.382686942815781,0.0382103435695171,0.79380863904953,-3.01090216636658,3.12600874900818,-1.61651563644409,K,19
OUTPUT,NaN,NaN,NaN,NaN,NaN,NaN

INPUT,0.383115082979202,0.0382350236177444,0.794933438301086,-3.01539421081543,3.1259286403656,-1.61165046691895,K,20
OUTPUT,NaN,NaN,NaN,NaN,NaN,NaN

INPUT,0.354965537786484,0.0355254486203194,0.732427179813385,0.369691878557205,3.11738562583923,1.28067409992218,K,12
OUTPUT,NaN,NaN,NaN,NaN,NaN,NaN

INPUT,0.35876327753067,0.0356299132108688,0.743606448173523,0.32024422287941,3.11494708061218,1.3271096944809,K,13
OUTPUT,NaN,NaN,NaN,NaN,NaN,NaN

INPUT,0.362561017274857,0.035734374076128,0.754785656929016,0.271044909954071,3.11256957054138,1.37379658222198,K,14
OUTPUT,NaN,NaN,NaN,NaN,NaN,NaN

INPUT,0.366358757019043,0.0358388386666775,0.765964984893799,0.222031831741333,3.11025857925415,1.42067325115204,K,15
OUTPUT,NaN,NaN,NaN,NaN,NaN,NaN

INPUT,0.369776725769043,0.0359328538179398,0.77602630853653,0.178043320775032,3.10824036598206,1.46298825740814,K,16
OUTPUT,NaN,NaN,NaN,NaN,NaN,NaN

INPUT,0.372435122728348,0.0360059812664986,0.783851802349091,0.143895193934441,3.10671305656433,1.4959671497345,K,17
OUTPUT,NaN,NaN,NaN,NaN,NaN,NaN

INPUT,0.374334007501602,0.036058209836483,0.789441406726837,0.119533203542233,3.10564637184143,1.5195540189743,K,18
OUTPUT,NaN,NaN,NaN,NaN,NaN,NaN

INPUT,0.375473320484161,0.036089550703764,0.792795181274414,0.104926489293575,3.10501599311829,1.53371703624725,K,19
OUTPUT,NaN,NaN,NaN,NaN,NaN,NaN

INPUT,0.375853091478348,0.0360999964177608,0.793913125991821,0.100059345364571,3.10480761528015,1.53843986988068,K,20
OUTPUT,NaN,NaN,NaN,NaN,NaN,NaN

INPUT,0.363532930612564,0.0331489257514477,0.721622705459595,-3.06217312812805,3.08160519599915,-2.07336020469666,K,11
OUTPUT,NaN,NaN,NaN,NaN,NaN,NaN

INPUT,0.368784666061401,0.0329860337078571,0.732847511768341,-3.12007904052734,3.07536005973816,-2.01487874984741,K,12
OUTPUT,NaN,NaN,NaN,NaN,NaN,NaN

INPUT,0.374036401510239,0.0328231379389763,0.744072258472443,3.10513949394226,3.06933879852295,-1.95643413066864,K,13
OUTPUT,NaN,NaN,NaN,NaN,NaN,NaN

INPUT,0.379288136959076,0.0326602458953857,0.755297005176544,3.04712438583374,3.06356239318848,-1.89801347255707,K,14
OUTPUT,NaN,NaN,NaN,NaN,NaN,NaN

INPUT,0.384539872407913,0.0324973538517952,0.766521811485291,2.98906922340393,3.05804991722107,-1.83960711956024,K,15
OUTPUT,NaN,NaN,NaN,NaN,NaN,NaN

INPUT,0.389266431331635,0.0323507487773895,0.776624083518982,2.93678998947144,3.05333018302917,-1.78704881668091,K,16
OUTPUT,NaN,NaN,NaN,NaN,NaN,NaN

INPUT,0.392942637205124,0.0322367250919342,0.784481465816498,2.89611124992371,3.04982614517212,-1.74617218971252,K,17
OUTPUT,NaN,NaN,NaN,NaN,NaN,NaN

INPUT,0.395568519830704,0.0321552790701389,0.790093839168549,2.86704659461975,3.04741621017456,-1.71697521209717,K,18
OUTPUT,NaN,NaN,NaN,NaN,NaN,NaN

INPUT,0.397144019603729,0.0321064107120037,0.793461263179779,2.849604845047,3.04600834846497,-1.69945704936981,K,19
OUTPUT,NaN,NaN,NaN,NaN,NaN,NaN

INPUT,0.397669196128845,0.0320901200175285,0.794583737850189,2.84379029273987,3.04554557800293,-1.69361758232117,K,20
OUTPUT,NaN,NaN,NaN,NaN,NaN,NaN

INPUT,0.357311427593231,0.0381135605275631,0.736687362194061,-0.0061549749225378,3.10013723373413,1.15104556083679,K,5
OUTPUT,NaN,NaN,NaN,NaN,NaN,NaN

INPUT,0.362476021051407,0.0386172272264957,0.750435650348663,-0.0873814523220062,3.09413003921509,1.24652135372162,K,6
OUTPUT,NaN,NaN,NaN,NaN,NaN,NaN

INPUT,0.366492956876755,0.0390089713037014,0.761128783226013,-0.15167710185051,3.0897102355957,1.31967735290527,K,7
OUTPUT,NaN,NaN,NaN,NaN,NaN,NaN

INPUT,0.36936217546463,0.0392887853085995,0.768766701221466,-0.198034390807152,3.08670115470886,1.37150907516479,K,8
OUTPUT,NaN,NaN,NaN,NaN,NaN,NaN

INPUT,0.371083706617355,0.0394566766917706,0.773349463939667,-0.2259880900383,3.08495879173279,1.40247285366058,K,9
OUTPUT,NaN,NaN,NaN,NaN,NaN,NaN

INPUT,0.35504087805748,0.0364640578627586,0.735497832298279,0.00674415100365877,3.09626626968384,1.24930763244629,K,5
OUTPUT,NaN,NaN,NaN,NaN,NaN,NaN

INPUT,0.359923243522644,0.0367120504379272,0.749163389205933,-0.0809455662965775,3.08989763259888,1.35136330127716,K,6
OUTPUT,NaN,NaN,NaN,NaN,NaN,NaN

INPUT,0.363720655441284,0.0369049310684204,0.759792149066925,-0.150247544050217,3.08526134490967,1.42966163158417,K,7
OUTPUT,NaN,NaN,NaN,NaN,NaN,NaN

INPUT,0.366433084011078,0.0370427072048187,0.767384111881256,-0.200172886252403,3.08213543891907,1.48517668247223,K,8
OUTPUT,NaN,NaN,NaN,NaN,NaN,NaN

INPUT,0.368060529232025,0.0371253676712513,0.771939337253571,-0.230264589190483,3.08033847808838,1.51835358142853,K,9
OUTPUT,NaN,NaN,NaN,NaN,NaN,NaN

INPUT,0.359904497861862,0.0367436744272709,0.724360704421997,-2.77236580848694,3.13033366203308,-1.93723273277283,K,4
OUTPUT,NaN,NaN,NaN,NaN,NaN,NaN

INPUT,0.365966200828552,0.0371280089020729,0.737748265266418,-2.83379030227661,3.129065990448,-1.84814441204071,K,5
OUTPUT,NaN,NaN,NaN,NaN,NaN,NaN

INPUT,0.372027933597565,0.0375123396515846,0.75113582611084,-2.89770102500916,3.12786722183228,-1.76154088973999,K,6
OUTPUT,NaN,NaN,NaN,NaN,NaN,NaN

INPUT,0.376742601394653,0.0378112643957138,0.761548340320587,-2.94866323471069,3.12698721885681,-1.69543564319611,K,7
OUTPUT,NaN,NaN,NaN,NaN,NaN,NaN

INPUT,0.380110204219818,0.0380247794091702,0.768985867500305,-2.98558950424194,3.12638878822327,-1.64874196052551,K,8
OUTPUT,NaN,NaN,NaN,NaN,NaN,NaN

INPUT,0.382130771875381,0.0381528921425343,0.773448407649994,-3.00792288780212,3.12604212760925,-1.62090313434601,K,9
OUTPUT,NaN,NaN,NaN,NaN,NaN,NaN

INPUT,0.360947966575623,0.0357227176427841,0.736234664916992,0.316351711750031,3.11550760269165,1.32654249668121,K,5
OUTPUT,NaN,NaN,NaN,NaN,NaN,NaN

INPUT,0.36657726764679,0.0358849875628948,0.749803781509399,0.238308429718018,3.11149144172668,1.40263950824738,K,6
OUTPUT,NaN,NaN,NaN,NaN,NaN,NaN

INPUT,0.370955646038055,0.0360112003982067,0.760357558727264,0.177765235304832,3.10849022865295,1.46198916435242,K,7
OUTPUT,NaN,NaN,NaN,NaN,NaN,NaN

INPUT,0.374083042144775,0.0361013486981392,0.767895936965942,0.134579703211784,3.10641860961914,1.50444495677948,K,8
OUTPUT,NaN,NaN,NaN,NaN,NaN,NaN

INPUT,0.375959455966949,0.0361554399132729,0.772418975830078,0.108687289059162,3.10520648956299,1.52993881702423,K,9
OUTPUT,NaN,NaN,NaN,NaN,NaN,NaN

INPUT,0.372431099414825,0.0331884026527405,0.73145580291748,3.11674523353577,3.07142639160156,-1.99515044689178,K,5
OUTPUT,NaN,NaN,NaN,NaN,NaN,NaN

INPUT,0.380856722593307,0.0329956226050854,0.747015058994293,3.01960206031799,3.0613272190094,-1.8855494260788,K,6
OUTPUT,NaN,NaN,NaN,NaN,NaN,NaN

INPUT,0.387410014867783,0.0328456796705723,0.759116649627686,2.94306039810181,3.05405735969543,-1.80123484134674,K,7
OUTPUT,NaN,NaN,NaN,NaN,NaN,NaN

INPUT,0.392090916633606,0.0327385775744915,0.767760694026947,2.88801002502441,3.04920744895935,-1.74135756492615,K,8
OUTPUT,NaN,NaN,NaN,NaN,NaN,NaN

INPUT,0.3948994576931,0.032674316316843,0.772947132587433,2.85485863685608,3.04644227027893,-1.70554077625275,K,9
OUTPUT,NaN,NaN,NaN,NaN,NaN,NaN

INPUT,0.360867649316788,0.0354312881827354,0.732727706432343,-2.78863644599915,3.12172365188599,-1.91046249866486,K,12
OUTPUT,NaN,NaN,NaN,NaN,NaN,NaN

INPUT,0.365285933017731,0.0355257950723171,0.743939876556396,-2.83300352096558,3.11989259719849,-1.86240351200104,K,13
OUTPUT,NaN,NaN,NaN,NaN,NaN,NaN

INPUT,0.369704157114029,0.0356203056871891,0.75515204668045,-2.87765550613403,3.11810803413391,-1.81462788581848,K,14
OUTPUT,NaN,NaN,NaN,NaN,NaN,NaN

INPUT,0.374122440814972,0.0357148125767708,0.766364216804504,-2.92252659797668,3.11637330055237,-1.7670693397522,K,15
OUTPUT,NaN,NaN,NaN,NaN,NaN,NaN

INPUT,0.378098875284195,0.0357998721301556,0.776455163955688,-2.96305823326111,3.11485815048218,-1.72441267967224,K,16
OUTPUT,NaN,NaN,NaN,NaN,NaN,NaN

INPUT,0.3811916410923,0.0358660258352757,0.784303665161133,-2.99466228485107,3.1137113571167,-1.69131338596344,K,17
OUTPUT,NaN,NaN,NaN,NaN,NaN,NaN

INPUT,0.383400768041611,0.0359132811427116,0.789909780025482,-3.01727318763733,3.11291003227234,-1.66770708560944,K,18
OUTPUT,NaN,NaN,NaN,NaN,NaN,NaN

INPUT,0.384726256132126,0.0359416343271732,0.793273389339447,-3.03085279464722,3.11243653297424,-1.65355622768402,K,19
OUTPUT,NaN,NaN,NaN,NaN,NaN,NaN

INPUT,0.385168075561523,0.0359510853886604,0.794394612312317,-3.03538131713867,3.11227989196777,-1.64884126186371,K,20
OUTPUT,NaN,NaN,NaN,NaN,NaN,NaN

INPUT,0.352638393640518,0.0350499302148819,0.732648968696594,0.0321941860020161,3.11806535720825,1.14269816875458,K,12
OUTPUT,NaN,NaN,NaN,NaN,NaN,NaN

INPUT,0.356191217899323,0.0351043865084648,0.743851602077484,-0.0268747713416815,3.11578369140625,1.20051610469818,K,13
OUTPUT,NaN,NaN,NaN,NaN,NaN,NaN

INPUT,0.359744042158127,0.0351588390767574,0.755054175853729,-0.0858453810214996,3.11359000205994,1.25843560695648,K,14
OUTPUT,NaN,NaN,NaN,NaN,NaN,NaN

INPUT,0.363296896219254,0.03521329164505,0.766256749629974,-0.14474281668663,3.11149215698242,1.31643199920654,K,15
OUTPUT,NaN,NaN,NaN,NaN,NaN,NaN

INPUT,0.366494446992874,0.0352622978389263,0.776339113712311,-0.197702631354332,3.10969161987305,1.36867964267731,K,16
OUTPUT,NaN,NaN,NaN,NaN,NaN,NaN

INPUT,0.368981420993805,0.0353004187345505,0.78418093919754,-0.238868400454521,3.10835194587708,1.40934383869171,K,17
OUTPUT,NaN,NaN,NaN,NaN,NaN,NaN

INPUT,0.370757848024368,0.0353276431560516,0.789782226085663,-0.268261313438416,3.10742902755737,1.43840217590332,K,18
OUTPUT,NaN,NaN,NaN,NaN,NaN,NaN

INPUT,0.371823698282242,0.0353439785540104,0.793142974376678,-0.285893023014069,3.10688924789429,1.45584142208099,K,19
OUTPUT,NaN,NaN,NaN,NaN,NaN,NaN

INPUT,0.372178971767426,0.0353494249284267,0.794263243675232,-0.291769653558731,3.10671162605286,1.46165537834167,K,20
OUTPUT,NaN,NaN,NaN,NaN,NaN,NaN

INPUT,0.358407437801361,0.033757708966732,0.732458055019379,-2.9812433719635,3.13828778266907,-1.94549369812012,K,12
OUTPUT,NaN,NaN,NaN,NaN,NaN,NaN

INPUT,0.362567216157913,0.0336762964725494,0.74364048242569,-3.02855944633484,3.13807988166809,-1.88380444049835,K,13
OUTPUT,NaN,NaN,NaN,NaN,NaN,NaN

INPUT,0.366726964712143,0.0335948802530766,0.754822909832001,-3.07666039466858,3.13788247108459,-1.82290005683899,K,14
OUTPUT,NaN,NaN,NaN,NaN,NaN,NaN

INPUT,0.370886743068695,0.033513467758894,0.766005396842957,-3.12539219856262,3.13769578933716,-1.76262676715851,K,15
OUTPUT,NaN,NaN,NaN,NaN,NaN,NaN

INPUT,0.37463054060936,0.0334401950240135,0.776069581508636,3.11349296569824,3.13753771781921,-1.70882189273834,K,16
OUTPUT,NaN,NaN,NaN,NaN,NaN,NaN

INPUT,0.37754237651825,0.0333832055330276,0.783897340297699,3.07879495620728,3.13742136955261,-1.66721642017365,K,17
OUTPUT,NaN,NaN,NaN,NaN,NaN,NaN

INPUT,0.379622280597687,0.0333424992859364,0.789488554000854,3.0538969039917,3.13734173774719,-1.63761162757874,K,18
OUTPUT,NaN,NaN,NaN,NaN,NaN,NaN

INPUT,0.380870193243027,0.0333180725574493,0.792843282222748,3.03891730308533,3.13729572296143,-1.61988985538483,K,19
OUTPUT,NaN,NaN,NaN,NaN,NaN,NaN

INPUT,0.381286174058914,0.0333099327981472,0.793961524963379,3.03391742706299,3.13728046417236,-1.61398899555206,K,20
OUTPUT,NaN,NaN,NaN,NaN,NaN,NaN

INPUT,0.361189007759094,0.0353604666888714,0.72432017326355,-2.77819871902466,3.1217200756073,-1.95344257354736,K,4
OUTPUT,NaN,NaN,NaN,NaN,NaN,NaN

INPUT,0.367382109165192,0.0355003550648689,0.737577438354492,-2.84429311752319,3.11903810501099,-1.87083566188812,K,5
OUTPUT,NaN,NaN,NaN,NaN,NaN,NaN

INPUT,0.373575210571289,0.0356402471661568,0.750834763050079,-2.91211247444153,3.11647939682007,-1.78994941711426,K,6
OUTPUT,NaN,NaN,NaN,NaN,NaN,NaN

INPUT,0.378392100334167,0.0357490517199039,0.761145949363708,-2.96569895744324,3.11458396911621,-1.72787272930145,K,7
OUTPUT,NaN,NaN,NaN,NaN,NaN,NaN

INPUT,0.381832718849182,0.0358267687261105,0.768511116504669,-3.00431704521179,3.11328482627869,-1.68387269973755,K,8
OUTPUT,NaN,NaN,NaN,NaN,NaN,NaN

INPUT,0.383897066116333,0.0358734019100666,0.772930204868317,-3.02760243415833,3.1125283241272,-1.65758633613586,K,9
OUTPUT,NaN,NaN,NaN,NaN,NaN,NaN

INPUT,0.358279466629028,0.0350346080958843,0.73637330532074,-0.0495370216667652,3.11650443077087,1.1816817522049,K,5
OUTPUT,NaN,NaN,NaN,NaN,NaN,NaN

INPUT,0.363523751497269,0.0350757166743279,0.750018119812012,-0.135233715176582,3.11274671554565,1.28397059440613,K,6
OUTPUT,NaN,NaN,NaN,NaN,NaN,NaN

INPUT,0.367602646350861,0.0351076871156693,0.760630667209625,-0.203215807676315,3.10999751091003,1.36220586299896,K,7
OUTPUT,NaN,NaN,NaN,NaN,NaN,NaN

INPUT,0.370516151189804,0.0351305268704891,0.76821106672287,-0.252279758453369,3.10813570022583,1.41758704185486,K,8
OUTPUT,NaN,NaN,NaN,NaN,NaN,NaN

INPUT,0.372264266014099,0.0351442284882069,0.772759318351746,-0.281879365444183,3.10706210136414,1.45065581798553,K,9
OUTPUT,NaN,NaN,NaN,NaN,NaN,NaN

INPUT,0.358617931604385,0.0338470190763474,0.723314702510834,-2.97301864624023,3.13746762275696,-2.00002408027649,K,4
OUTPUT,NaN,NaN,NaN,NaN,NaN,NaN

INPUT,0.364595651626587,0.0337073020637035,0.736721277236938,-3.04557323455811,3.13737392425537,-1.89726805686951,K,5
OUTPUT,NaN,NaN,NaN,NaN,NaN,NaN

INPUT,0.370573371648788,0.0335675850510597,0.750127851963043,-3.11867713928223,3.13731169700623,-1.79506134986877,K,6
OUTPUT,NaN,NaN,NaN,NaN,NaN,NaN

INPUT,0.375222712755203,0.0334589183330536,0.760555148124695,3.1074230670929,3.1372857093811,-1.71579384803772,K,7
OUTPUT,NaN,NaN,NaN,NaN,NaN,NaN

INPUT,0.378543674945831,0.0333812981843948,0.768003225326538,3.06659007072449,3.13727879524231,-1.65923202037811,K,8
OUTPUT,NaN,NaN,NaN,NaN,NaN,NaN

INPUT,0.38053622841835,0.0333347246050835,0.772472083568573,3.04208493232727,3.13727951049805,-1.62530028820038,K,9
OUTPUT,NaN,NaN,NaN,NaN,NaN,NaN

INPUT,0.362119674682617,0.0353958494961262,0.721410393714905,-2.83572030067444,3.10019731521606,-2.02457785606384,K,11
OUTPUT,NaN,NaN,NaN,NaN,NaN,NaN

INPUT,0.367205828428268,0.035497460514307,0.732608795166016,-2.88274335861206,3.09575891494751,-1.9761643409729,K,12
OUTPUT,NaN,NaN,NaN,NaN,NaN,NaN

INPUT,0.37229198217392,0.0355990715324879,0.743807196617126,-2.92989277839661,3.0914249420166,-1.92786777019501,K,13
OUTPUT,NaN,NaN,NaN,NaN,NaN,NaN

INPUT,0.377378106117249,0.0357006825506687,0.755005598068237,-2.97713732719421,3.08720517158508,-1.87965619564056,K,14
OUTPUT,NaN,NaN,NaN,NaN,NaN,NaN

INPUT,0.3824642598629,0.0358022935688496,0.766203939914703,-3.02445602416992,3.08310914039612,-1.83150792121887,K,15
OUTPUT,NaN,NaN,NaN,NaN,NaN,NaN

INPUT,0.387041807174683,0.0358937457203865,0.776282489299774,-3.06709384918213,3.07953643798828,-1.78821575641632,K,16
OUTPUT,NaN,NaN,NaN,NaN,NaN,NaN

INPUT,0.390602111816406,0.035964872688055,0.78412139415741,-3.10028433799744,3.07683634757996,-1.75456547737122,K,17
OUTPUT,NaN,NaN,NaN,NaN,NaN,NaN

INPUT,0.393145173788071,0.0360156819224358,0.789720594882965,-3.12400507926941,3.07495188713074,-1.73053908348083,K,18
OUTPUT,NaN,NaN,NaN,NaN,NaN,NaN

INPUT,0.394671022891998,0.0360461622476578,0.79308009147644,-3.13824224472046,3.07383942604065,-1.71612656116486,K,19
OUTPUT,NaN,NaN,NaN,NaN,NaN,NaN

INPUT,0.395179629325867,0.036056324839592,0.79419994354248,3.14019656181335,3.0734715461731,-1.71132302284241,K,20
OUTPUT,NaN,NaN,NaN,NaN,NaN,NaN

INPUT,0.362403213977814,0.035065907984972,0.73283851146698,-2.99573302268982,3.11083149909973,-1.89561343193054,K,12
OUTPUT,NaN,NaN,NaN,NaN,NaN,NaN

INPUT,0.366983741521835,0.0351221337914467,0.74406099319458,-3.05281615257263,3.10808348655701,-1.83689534664154,K,13
OUTPUT,NaN,NaN,NaN,NaN,NaN,NaN

INPUT,0.371564269065857,0.0351783558726311,0.755283534526825,-3.11002373695374,3.10544800758362,-1.77829658985138,K,14
OUTPUT,NaN,NaN,NaN,NaN,NaN,NaN

INPUT,0.376144766807556,0.0352345779538155,0.766506016254425,3.11585879325867,3.10293340682983,-1.71978759765625,K,15
OUTPUT,NaN,NaN,NaN,NaN,NaN,NaN

INPUT,0.380267232656479,0.0352851785719395,0.776606321334839,3.06422185897827,3.10078096389771,-1.66718924045563,K,16
OUTPUT,NaN,NaN,NaN,NaN,NaN,NaN

INPUT,0.383473604917526,0.0353245362639427,0.784462094306946,3.02402520179749,3.09918308258057,-1.62631070613861,K,17
OUTPUT,NaN,NaN,NaN,NaN,NaN,NaN

INPUT,0.385763853788376,0.0353526473045349,0.790073335170746,2.9952974319458,3.09808421134949,-1.59712612628937,K,18
OUTPUT,NaN,NaN,NaN,NaN,NaN,NaN

INPUT,0.38713800907135,0.0353695154190063,0.793440103530884,2.97805500030518,3.09744238853455,-1.57962048053741,K,19
OUTPUT,NaN,NaN,NaN,NaN,NaN,NaN

INPUT,0.387596070766449,0.0353751368820667,0.794562339782715,2.97230672836304,3.09723138809204,-1.57378602027893,K,20
OUTPUT,NaN,NaN,NaN,NaN,NaN,NaN

INPUT,0.360841065645218,0.0346432998776436,0.721394121646881,-2.95123553276062,3.11704969406128,-2.04297733306885,K,11
OUTPUT,NaN,NaN,NaN,NaN,NaN,NaN

INPUT,0.365776628255844,0.0346564315259457,0.732590556144714,-3.00376176834106,3.11451530456543,-1.98866093158722,K,12
OUTPUT,NaN,NaN,NaN,NaN,NaN,NaN

INPUT,0.37071219086647,0.0346695631742477,0.743786990642548,-3.05644083023071,3.11205816268921,-1.93449401855469,K,13
OUTPUT,NaN,NaN,NaN,NaN,NaN,NaN

INPUT,0.375647783279419,0.0346826948225498,0.754983425140381,-3.10923457145691,3.10968542098999,-1.88043797016144,K,14
OUTPUT,NaN,NaN,NaN,NaN,NaN,NaN

INPUT,0.380583345890045,0.0346958264708519,0.766179859638214,3.12106895446777,3.10740351676941,-1.82646560668945,K,15
OUTPUT,NaN,NaN,NaN,NaN,NaN,NaN

INPUT,0.385025352239609,0.0347076468169689,0.776256680488586,3.07341623306274,3.10543298721313,-1.77794659137726,K,16
OUTPUT,NaN,NaN,NaN,NaN,NaN,NaN

INPUT,0.38848027586937,0.0347168371081352,0.784094214439392,3.03632068634033,3.10395789146423,-1.74023914337158,K,17
OUTPUT,NaN,NaN,NaN,NaN,NaN,NaN

INPUT,0.390948057174683,0.0347234047949314,0.789692401885986,3.00980949401855,3.10293650627136,-1.71331870555878,K,18
OUTPUT,NaN,NaN,NaN,NaN,NaN,NaN

INPUT,0.39242872595787,0.0347273424267769,0.793051362037659,2.99389743804932,3.10233664512634,-1.69717133045197,K,19
OUTPUT,NaN,NaN,NaN,NaN,NaN,NaN

INPUT,0.392922282218933,0.0347286574542522,0.79417097568512,2.98859262466431,3.10213899612427,-1.6917896270752,K,20
OUTPUT,NaN,NaN,NaN,NaN,NaN,NaN

INPUT,0.349466890096664,0.0352363735437393,0.732342660427094,0.312373906373978,3.09142875671387,1.25864815711975,K,12
OUTPUT,NaN,NaN,NaN,NaN,NaN,NaN

INPUT,0.352685749530792,0.0353105291724205,0.743512988090515,0.261900275945663,3.08651280403137,1.30780947208405,K,13
OUTPUT,NaN,NaN,NaN,NaN,NaN,NaN

INPUT,0.35590460896492,0.0353846848011017,0.754683315753937,0.211526274681091,3.0817334651947,1.35708355903625,K,14
OUTPUT,NaN,NaN,NaN,NaN,NaN,NaN

INPUT,0.359123438596725,0.0354588404297829,0.765853643417358,0.161225587129593,3.07710242271423,1.40644478797913,K,15
OUTPUT,NaN,NaN,NaN,NaN,NaN,NaN

INPUT,0.362020403146744,0.0355255827307701,0.775906980037689,0.116002090275288,3.07307124137878,1.45092964172363,K,16
OUTPUT,NaN,NaN,NaN,NaN,NaN,NaN

INPUT,0.364273607730865,0.0355774909257889,0.783726215362549,0.080852322280407,3.0700306892395,1.4855614900589,K,17
OUTPUT,NaN,NaN,NaN,NaN,NaN,NaN

INPUT,0.365883022546768,0.0356145724654198,0.789311349391937,0.0557560324668884,3.06791186332703,1.51031374931335,K,18
OUTPUT,NaN,NaN,NaN,NaN,NaN,NaN

INPUT,0.366848677396774,0.0356368161737919,0.792662441730499,0.0407019704580307,3.06666231155396,1.52517068386078,K,19
OUTPUT,NaN,NaN,NaN,NaN,NaN,NaN

INPUT,0.367170572280884,0.0356442332267761,0.793779492378235,0.0356845185160637,3.06624960899353,1.53012382984161,K,20
OUTPUT,NaN,NaN,NaN,NaN,NaN,NaN

INPUT,0.34924840927124,0.0369621552526951,0.743295431137085,0.173374056816101,3.06535387039185,1.27605891227722,K,13
OUTPUT,NaN,NaN,NaN,NaN,NaN,NaN

INPUT,0.352140098810196,0.0371934287250042,0.754445135593414,0.120478123426437,3.0588583946228,1.32827591896057,K,14
OUTPUT,NaN,NaN,NaN,NaN,NaN,NaN

INPUT,0.355031758546829,0.0374247059226036,0.765594899654388,0.06761684268713,3.05259132385254,1.38055539131165,K,15
OUTPUT,NaN,NaN,NaN,NaN,NaN,NaN

INPUT,0.357634276151657,0.0376328527927399,0.775629699230194,0.0200618151575327,3.04716038703918,1.42765164375305,K,16
OUTPUT,NaN,NaN,NaN,NaN,NaN,NaN

INPUT,0.359658449888229,0.0377947464585304,0.783434510231018,-0.0169165022671223,3.04308176040649,1.46430742740631,K,17
OUTPUT,NaN,NaN,NaN,NaN,NaN,NaN

INPUT,0.361104279756546,0.037910383194685,0.789009392261505,-0.0433262027800083,3.04024982452393,1.4905024766922,K,18
OUTPUT,NaN,NaN,NaN,NaN,NaN,NaN

INPUT,0.361971765756607,0.0379797667264938,0.792354345321655,-0.0591709613800049,3.03858399391174,1.50622403621674,K,19
OUTPUT,NaN,NaN,NaN,NaN,NaN,NaN

INPUT,0.362260937690735,0.0380028933286667,0.793469309806824,-0.0644523650407791,3.03803443908691,1.51146531105042,K,20
OUTPUT,NaN,NaN,NaN,NaN,NaN,NaN

INPUT,0.358636647462845,0.0359701253473759,0.721487879753113,-2.87417507171631,3.11733555793762,-1.93302857875824,K,11
OUTPUT,NaN,NaN,NaN,NaN,NaN,NaN

INPUT,0.363312304019928,0.0361390598118305,0.732696890830994,-2.92807626724243,3.11485171318054,-1.87621688842773,K,12
OUTPUT,NaN,NaN,NaN,NaN,NaN,NaN

INPUT,0.367987960577011,0.0363079905509949,0.743905901908875,-2.98222327232361,3.11244940757751,-1.8196474313736,K,13
OUTPUT,NaN,NaN,NaN,NaN,NaN,NaN

INPUT,0.372663587331772,0.0364769250154495,0.755114912986755,-3.03655385971069,3.11013650894165,-1.7632577419281,K,14
OUTPUT,NaN,NaN,NaN,NaN,NaN,NaN

INPUT,0.377339243888855,0.0366458557546139,0.766323864459991,-3.09102487564087,3.10791993141174,-1.70700430870056,K,15
OUTPUT,NaN,NaN,NaN,NaN,NaN,NaN

INPUT,0.381547331809998,0.036797896027565,0.776412010192871,-3.14014339447021,3.10601305961609,-1.65646767616272,K,16
OUTPUT,NaN,NaN,NaN,NaN,NaN,NaN

INPUT,0.384820282459259,0.0369161479175091,0.784258306026459,3.10478806495667,3.10459065437317,-1.61720955371857,K,17
OUTPUT,NaN,NaN,NaN,NaN,NaN,NaN

INPUT,0.387158125638962,0.0370006151497364,0.789862811565399,3.0774405002594,3.10360860824585,-1.5891900062561,K,18
OUTPUT,NaN,NaN,NaN,NaN,NaN,NaN

INPUT,0.388560801744461,0.0370512939989567,0.793225467205048,3.0610237121582,3.10303330421448,-1.57238638401031,K,19
OUTPUT,NaN,NaN,NaN,NaN,NaN,NaN

INPUT,0.389028370380402,0.0370681881904602,0.794346392154694,3.05555009841919,3.10284376144409,-1.56678640842438,K,20
OUTPUT,NaN,NaN,NaN,NaN,NaN,NaN

INPUT,0.351579219102859,0.0337003618478775,0.732356905937195,0.273283094167709,3.10458588600159,1.21908271312714,K,12
OUTPUT,NaN,NaN,NaN,NaN,NaN,NaN

INPUT,0.355020463466644,0.0336127541959286,0.743528783321381,0.222706407308578,3.10093140602112,1.26806938648224,K,13
OUTPUT,NaN,NaN,NaN,NaN,NaN,NaN

INPUT,0.358461707830429,0.0335251502692699,0.754700660705566,0.172255769371986,3.09737753868103,1.31718933582306,K,14
OUTPUT,NaN,NaN,NaN,NaN,NaN,NaN

INPUT,0.361902952194214,0.0334375463426113,0.765872478485107,0.121899008750916,3.09393334388733,1.36641085147858,K,15
OUTPUT,NaN,NaN,NaN,NaN,NaN,NaN

INPUT,0.365000069141388,0.0333587005734444,0.775927186012268,0.0766391679644585,3.09093427658081,1.41077864170074,K,16
OUTPUT,NaN,NaN,NaN,NaN,NaN,NaN

INPUT,0.367408931255341,0.0332973785698414,0.783747494220734,0.0414693616330624,3.08867168426514,1.44532370567322,K,17
OUTPUT,NaN,NaN,NaN,NaN,NaN,NaN

INPUT,0.369129538536072,0.0332535766065121,0.789333403110504,0.0163624975830317,3.08709478378296,1.47001564502716,K,18
OUTPUT,NaN,NaN,NaN,NaN,NaN,NaN

INPUT,0.370161920785904,0.0332272946834564,0.792684972286224,0.00130359036847949,3.08616471290588,1.48483693599701,K,19
OUTPUT,NaN,NaN,NaN,NaN,NaN,NaN

INPUT,0.370506048202515,0.0332185328006744,0.79380214214325,-0.00371529418043792,3.08585739135742,1.48977828025818,K,20
OUTPUT,NaN,NaN,NaN,NaN,NaN,NaN

INPUT,0.361629873514175,0.0349954180419445,0.732872307300568,-3.06008124351501,3.1305718421936,-1.96977114677429,K,12
OUTPUT,NaN,NaN,NaN,NaN,NaN,NaN

INPUT,0.366128414869308,0.0350440181791782,0.744099736213684,-3.11551904678345,3.12965750694275,-1.91045701503754,K,13
OUTPUT,NaN,NaN,NaN,NaN,NaN,NaN

INPUT,0.370626986026764,0.0350926220417023,0.755327105522156,3.11195755004883,3.12878227233887,-1.85141348838806,K,14
OUTPUT,NaN,NaN,NaN,NaN,NaN,NaN

INPUT,0.375125527381897,0.0351412259042263,0.766554594039917,3.05603957176208,3.12794923782349,-1.79257822036743,K,15
OUTPUT,NaN,NaN,NaN,NaN,NaN,NaN

INPUT,0.37917423248291,0.0351849682629108,0.776659250259399,3.00557208061218,3.12723779678345,-1.73976755142212,K,16
OUTPUT,NaN,NaN,NaN,NaN,NaN,NaN

INPUT,0.382323205471039,0.0352189913392067,0.784518480300903,2.96624374389648,3.12671065330505,-1.69876801967621,K,17
OUTPUT,NaN,NaN,NaN,NaN,NaN,NaN

INPUT,0.384572476148605,0.0352432914078236,0.790132164955139,2.93811726570129,3.12634873390198,-1.66951727867126,K,18
OUTPUT,NaN,NaN,NaN,NaN,NaN,NaN

INPUT,0.38592204451561,0.0352578721940517,0.793500423431396,2.92122864723206,3.12613773345947,-1.65197932720184,K,19
OUTPUT,NaN,NaN,NaN,NaN,NaN,NaN

INPUT,0.386371910572052,0.0352627336978912,0.794623136520386,2.91559743881226,3.12606835365295,-1.64613521099091,K,20
OUTPUT,NaN,NaN,NaN,NaN,NaN,NaN

INPUT,0.370899498462677,0.0355416163802147,0.731001734733582,-2.91852855682373,3.09258079528809,-1.95791387557983,K,5
OUTPUT,NaN,NaN,NaN,NaN,NaN,NaN

INPUT,0.37915027141571,0.0357275977730751,0.746569812297821,-2.9984405040741,3.08533191680908,-1.86827778816223,K,6
OUTPUT,NaN,NaN,NaN,NaN,NaN,NaN

INPUT,0.385567516088486,0.0358722470700741,0.758678257465363,-3.06137824058533,3.07996988296509,-1.79932165145874,K,7
OUTPUT,NaN,NaN,NaN,NaN,NaN,NaN

INPUT,0.390151262283325,0.0359755679965019,0.767327189445496,-3.10663676261902,3.07630205154419,-1.75035715103149,K,8
OUTPUT,NaN,NaN,NaN,NaN,NaN,NaN

INPUT,0.392901510000229,0.0360375605523586,0.772516548633575,-3.13388967514038,3.07417035102844,-1.72107136249542,K,9
OUTPUT,NaN,NaN,NaN,NaN,NaN,NaN

INPUT,0.369611382484436,0.0347383171319962,0.730830311775208,-3.04569983482361,3.11246991157532,-1.9699250459671,K,5
OUTPUT,NaN,NaN,NaN,NaN,NaN,NaN

INPUT,0.37772262096405,0.0347781218588352,0.746438562870026,-3.1342248916626,3.10847926139832,-1.86873042583466,K,6
OUTPUT,NaN,NaN,NaN,NaN,NaN,NaN

INPUT,0.384031385183334,0.0348090790212154,0.758578300476074,3.07916331291199,3.10557889938354,-1.79095983505249,K,7
OUTPUT,NaN,NaN,NaN,NaN,NaN,NaN

INPUT,0.388537615537643,0.0348311923444271,0.767249524593353,3.02894306182861,3.10362601280212,-1.73576986789703,K,8
OUTPUT,NaN,NaN,NaN,NaN,NaN,NaN

INPUT,0.391241371631622,0.0348444618284702,0.772452294826508,2.99869322776794,3.10250425338745,-1.70277178287506,K,9
OUTPUT,NaN,NaN,NaN,NaN,NaN,NaN

INPUT,0.366968363523483,0.0362746343016624,0.730865597724915,-2.97237038612366,3.11281871795654,-1.85766744613647,K,5
OUTPUT,NaN,NaN,NaN,NaN,NaN,NaN

INPUT,0.374632090330124,0.0365842841565609,0.746524095535278,-3.06298089027405,3.10894083976746,-1.75167608261108,K,6
OUTPUT,NaN,NaN,NaN,NaN,NaN,NaN

INPUT,0.380592733621597,0.0368251204490662,0.7587029337883,-3.13458347320557,3.10613965988159,-1.67035782337189,K,7
OUTPUT,NaN,NaN,NaN,NaN,NaN,NaN

INPUT,0.384850353002548,0.0369971469044685,0.767402112483978,3.09702181816101,3.10426449775696,-1.61270427703857,K,8
OUTPUT,NaN,NaN,NaN,NaN,NaN,NaN

INPUT,0.387404948472977,0.037100363522768,0.77262157201767,3.06593346595764,3.10319209098816,-1.5782505273819,K,9
OUTPUT,NaN,NaN,NaN,NaN,NaN,NaN

INPUT,0.363162189722061,0.0351009629666805,0.72548896074295,-2.98196244239807,3.11143231391907,-1.9486790895462,K,4
OUTPUT,NaN,NaN,NaN,NaN,NaN,NaN

INPUT,0.369398564100266,0.0352130942046642,0.738484144210815,-3.06709575653076,3.10723423957825,-1.84752821922302,K,5
OUTPUT,NaN,NaN,NaN,NaN,NaN,NaN

INPUT,0.37563493847847,0.0353252254426479,0.751479387283325,3.12925434112549,3.10333228111267,-1.74806606769562,K,6
OUTPUT,NaN,NaN,NaN,NaN,NaN,NaN

INPUT,0.380485445261002,0.0354124344885349,0.761586785316467,3.06091141700745,3.10052418708801,-1.67150211334229,K,7
OUTPUT,NaN,NaN,NaN,NaN,NaN,NaN

INPUT,0.383950084447861,0.0354747287929058,0.768806397914886,3.01177334785461,3.09864902496338,-1.61712992191315,K,8
OUTPUT,NaN,NaN,NaN,NaN,NaN,NaN

INPUT,0.38602888584137,0.0355121083557606,0.773138105869293,2.98218512535095,3.09757876396179,-1.58461034297943,K,9
OUTPUT,NaN,NaN,NaN,NaN,NaN,NaN

INPUT,0.355021893978119,0.035400815308094,0.735728740692139,0.251835882663727,3.08705472946167,1.3012980222702,K,5
OUTPUT,NaN,NaN,NaN,NaN,NaN,NaN

INPUT,0.35993704199791,0.0355077795684338,0.749447464942932,0.174531847238541,3.07919883728027,1.38415122032166,K,6
OUTPUT,NaN,NaN,NaN,NaN,NaN,NaN

INPUT,0.363759934902191,0.0355909764766693,0.760117530822754,0.113961093127728,3.07336235046387,1.44817352294922,K,7
OUTPUT,NaN,NaN,NaN,NaN,NaN,NaN

INPUT,0.366490542888641,0.0356504023075104,0.767739057540894,0.0705212503671646,3.06935381889343,1.49374353885651,K,8
OUTPUT,NaN,NaN,NaN,NaN,NaN,NaN

INPUT,0.368128925561905,0.0356860607862473,0.772311985492706,0.0444001108407974,3.06701683998108,1.52103435993195,K,9
OUTPUT,NaN,NaN,NaN,NaN,NaN,NaN

INPUT,0.357244044542313,0.0336606577038765,0.73589038848877,0.21280063688755,3.10151982307434,1.26162147521973,K,5
OUTPUT,NaN,NaN,NaN,NaN,NaN,NaN

INPUT,0.362419456243515,0.033500000834465,0.749549865722656,0.135327041149139,3.09561157226563,1.34421098232269,K,6
OUTPUT,NaN,NaN,NaN,NaN,NaN,NaN

INPUT,0.366444766521454,0.033375047147274,0.760173857212067,0.0746564418077469,3.09121775627136,1.40804851055145,K,7
OUTPUT,NaN,NaN,NaN,NaN,NaN,NaN

INPUT,0.369320005178452,0.0332857966423035,0.767762422561646,0.031159708276391,3.08819770812988,1.45349407196045,K,8
OUTPUT,NaN,NaN,NaN,NaN,NaN,NaN

INPUT,0.371045142412186,0.0332322455942631,0.772315561771393,0.00500926561653614,3.0864360332489,1.48071253299713,K,9
OUTPUT,NaN,NaN,NaN,NaN,NaN,NaN

INPUT,0.353897839784622,0.0370804369449615,0.742026507854462,0.134056821465492,3.06299686431885,1.29023814201355,K,5
OUTPUT,NaN,NaN,NaN,NaN,NaN,NaN

INPUT,0.35765129327774,0.0373645834624767,0.753384470939636,0.0633720457553864,3.05355429649353,1.37060356140137,K,6
OUTPUT,NaN,NaN,NaN,NaN,NaN,NaN

INPUT,0.360570669174194,0.037585586309433,0.762218415737152,0.00772420549765229,3.04655265808105,1.43248128890991,K,7
OUTPUT,NaN,NaN,NaN,NaN,NaN,NaN

INPUT,0.362655907869339,0.0377434454858303,0.768528401851654,-0.0322983339428902,3.04175043106079,1.4764289855957,K,8
OUTPUT,NaN,NaN,NaN,NaN,NaN,NaN

INPUT,0.363907068967819,0.0378381609916687,0.772314369678497,-0.0564036555588245,3.03895258903503,1.50271534919739,K,9
OUTPUT,NaN,NaN,NaN,NaN,NaN,NaN

INPUT,0.362006276845932,0.0350307002663612,0.724461078643799,-3.04622745513916,3.13015389442444,-2.02200174331665,K,4
OUTPUT,NaN,NaN,NaN,NaN,NaN,NaN

INPUT,0.368375897407532,0.0351105332374573,0.73773992061615,-3.12950444221497,3.12891602516174,-1.92072033882141,K,5
OUTPUT,NaN,NaN,NaN,NaN,NaN,NaN

INPUT,0.374745547771454,0.0351903699338436,0.751018702983856,3.06885886192322,3.12778496742249,-1.82098293304443,K,6
OUTPUT,NaN,NaN,NaN,NaN,NaN,NaN

INPUT,0.37969970703125,0.0352524667978287,0.761346697807312,3.002121925354,3.12698554992676,-1.74417269229889,K,7
OUTPUT,NaN,NaN,NaN,NaN,NaN,NaN

INPUT,0.38323837518692,0.0352968201041222,0.768723845481873,2.95413875579834,3.126460313797,-1.68962144851685,K,8
OUTPUT,NaN,NaN,NaN,NaN,NaN,NaN

INPUT,0.385361582040787,0.0353234335780144,0.773150086402893,2.92524433135986,3.12616395950317,-1.65699505805969,K,9
OUTPUT,NaN,NaN,NaN,NaN,NaN,NaN

INPUT,0.354589283466339,0.036048948764801,0.731909573078156,0.059878695756197,3.12400841712952,1.17015707492828,K,12
OUTPUT,NaN,NaN,NaN,NaN,NaN,NaN

INPUT,0.358346581459045,0.0362085290253162,0.743035614490509,0.000319034705171362,3.12227249145508,1.22745537757874,K,13
OUTPUT,NaN,NaN,NaN,NaN,NaN,NaN

INPUT,0.362103879451752,0.0363681130111217,0.754161715507507,-0.0590579621493816,3.12060236930847,1.28493809700012,K,14
OUTPUT,NaN,NaN,NaN,NaN,NaN,NaN

INPUT,0.365861177444458,0.036527693271637,0.765287756919861,-0.118299096822739,3.11900401115417,1.3425589799881,K,15
OUTPUT,NaN,NaN,NaN,NaN,NaN,NaN

INPUT,0.369242757558823,0.0366713181138039,0.775301277637482,-0.171526730060577,3.11763095855713,1.39450895786285,K,16
OUTPUT,NaN,NaN,NaN,NaN,NaN,NaN

INPUT,0.371872842311859,0.0367830246686935,0.783089518547058,-0.212878927588463,3.11660885810852,1.43496263027191,K,17
OUTPUT,NaN,NaN,NaN,NaN,NaN,NaN

INPUT,0.373751491308212,0.0368628166615963,0.788652539253235,-0.242395028471947,3.1159040927887,1.46388006210327,K,18
OUTPUT,NaN,NaN,NaN,NaN,NaN,NaN

INPUT,0.374878704547882,0.0369106903672218,0.791990399360657,-0.260097056627274,3.11549186706543,1.48123812675476,K,19
OUTPUT,NaN,NaN,NaN,NaN,NaN,NaN

INPUT,0.375254422426224,0.0369266495108604,0.793102979660034,-0.265996605157852,3.11535620689392,1.48702538013458,K,20
OUTPUT,NaN,NaN,NaN,NaN,NaN,NaN

INPUT,0.36584210395813,0.03438526019454,0.720868766307831,-2.8501935005188,3.06823301315308,-1.88987517356873,K,11
OUTPUT,NaN,NaN,NaN,NaN,NaN,NaN

INPUT,0.371365308761597,0.0343678593635559,0.732004761695862,-2.90620589256287,3.06051301956177,-1.83281564712524,K,12
OUTPUT,NaN,NaN,NaN,NaN,NaN,NaN

INPUT,0.376888483762741,0.0343504585325718,0.743140757083893,-2.96232533454895,3.05305218696594,-1.77582859992981,K,13
OUTPUT,NaN,NaN,NaN,NaN,NaN,NaN

INPUT,0.382411658763885,0.0343330577015877,0.754276692867279,-3.01852941513062,3.04587388038635,-1.71888947486877,K,14
OUTPUT,NaN,NaN,NaN,NaN,NaN,NaN

INPUT,0.38793483376503,0.0343156568706036,0.765412747859955,-3.07480263710022,3.03900146484375,-1.6619815826416,K,15
OUTPUT,NaN,NaN,NaN,NaN,NaN,NaN

INPUT,0.392905712127686,0.0342999957501888,0.775435149669647,-3.12549901008606,3.03309631347656,-1.61078143119812,K,16
OUTPUT,NaN,NaN,NaN,NaN,NaN,NaN

INPUT,0.396771937608719,0.0342878140509129,0.783230304718018,3.11822700500488,3.0286967754364,-1.57096588611603,K,17
OUTPUT,NaN,NaN,NaN,NaN,NaN,NaN

INPUT,0.39953351020813,0.0342791117727757,0.788798332214355,3.09002757072449,3.02566242218018,-1.5425283908844,K,18
OUTPUT,NaN,NaN,NaN,NaN,NaN,NaN

INPUT,0.401190459728241,0.0342738926410675,0.792139112949371,3.0731029510498,3.02388596534729,-1.52546644210815,K,19
OUTPUT,NaN,NaN,NaN,NaN,NaN,NaN

INPUT,0.401742786169052,0.0342721529304981,0.79325270652771,3.06746029853821,3.02330136299133,-1.51977932453156,K,20
OUTPUT,NaN,NaN,NaN,NaN,NaN,NaN

INPUT,0.358917504549026,0.0349116586148739,0.721955001354218,-2.91411828994751,3.12184262275696,-1.94331610202789,K,11
OUTPUT,NaN,NaN,NaN,NaN,NaN,NaN

INPUT,0.363626778125763,0.0349564105272293,0.733217418193817,-2.96973395347595,3.11985206604004,-1.88473510742188,K,12
OUTPUT,NaN,NaN,NaN,NaN,NaN,NaN

INPUT,0.368336021900177,0.035001166164875,0.744479894638062,-3.02559566497803,3.11793231964111,-1.82639801502228,K,13
OUTPUT,NaN,NaN,NaN,NaN,NaN,NaN

INPUT,0.373045295476913,0.0350459218025208,0.755742311477661,-3.08164143562317,3.11608958244324,-1.76824235916138,K,14
OUTPUT,NaN,NaN,NaN,NaN,NaN,NaN

INPUT,0.377754539251328,0.0350906774401665,0.767004787921906,-3.13782787322998,3.11433005332947,-1.7102245092392,K,15
OUTPUT,NaN,NaN,NaN,NaN,NaN,NaN

INPUT,0.381992876529694,0.0351309552788734,0.777140974998474,3.09469509124756,3.11282229423523,-1.65810096263885,K,16
OUTPUT,NaN,NaN,NaN,NaN,NaN,NaN

INPUT,0.385289341211319,0.0351622849702835,0.785024702548981,3.05524039268494,3.11170172691345,-1.61760950088501,K,17
OUTPUT,NaN,NaN,NaN,NaN,NaN,NaN

INPUT,0.387643992900848,0.0351846627891064,0.790655910968781,3.02703523635864,3.11093068122864,-1.58870947360992,K,18
OUTPUT,NaN,NaN,NaN,NaN,NaN,NaN

INPUT,0.389056742191315,0.035198088735342,0.794034659862518,3.01010394096375,3.11047983169556,-1.57137739658356,K,19
OUTPUT,NaN,NaN,NaN,NaN,NaN,NaN

INPUT,0.389527678489685,0.0352025628089905,0.795160889625549,3.00445866584778,3.11033153533936,-1.56560134887695,K,20
OUTPUT,NaN,NaN,NaN,NaN,NaN,NaN

INPUT,0.355760663747787,0.0360613875091076,0.73271518945694,0.0519872196018696,3.12121558189392,1.13437056541443,K,12
OUTPUT,NaN,NaN,NaN,NaN,NaN,NaN

INPUT,0.359641402959824,0.0362222380936146,0.743926107883453,-0.00583942327648401,3.11920785903931,1.19046783447266,K,13
OUTPUT,NaN,NaN,NaN,NaN,NaN,NaN

INPUT,0.363522171974182,0.0363830886781216,0.755136966705322,-0.0635270625352859,3.11727261543274,1.246706366539,K,14
OUTPUT,NaN,NaN,NaN,NaN,NaN,NaN

INPUT,0.367402911186218,0.0365439392626286,0.766347825527191,-0.121111214160919,3.11541652679443,1.30305123329163,K,15
OUTPUT,NaN,NaN,NaN,NaN,NaN,NaN

INPUT,0.370895564556122,0.0366887040436268,0.776437640190125,-0.172868832945824,3.11381816864014,1.35383224487305,K,16
OUTPUT,NaN,NaN,NaN,NaN,NaN,NaN

INPUT,0.373612076044083,0.0368013009428978,0.784285247325897,-0.213088914752007,3.11262536048889,1.39336562156677,K,17
OUTPUT,NaN,NaN,NaN,NaN,NaN,NaN

INPUT,0.375552475452423,0.0368817262351513,0.789890706539154,-0.241801500320435,3.1118016242981,1.42162084579468,K,18
OUTPUT,NaN,NaN,NaN,NaN,NaN,NaN

INPUT,0.376716673374176,0.0369299799203873,0.79325395822525,-0.259023129940033,3.11131882667542,1.43858003616333,K,19
OUTPUT,NaN,NaN,NaN,NaN,NaN,NaN

INPUT,0.377104759216309,0.036946065723896,0.794375061988831,-0.264762848615646,3.11115980148315,1.44423401355743,K,20
OUTPUT,NaN,NaN,NaN,NaN,NaN,NaN

INPUT,0.354443907737732,0.0371879935264587,0.732962727546692,0.255804389715195,3.1167151927948,1.23560297489166,K,12
OUTPUT,NaN,NaN,NaN,NaN,NaN,NaN

INPUT,0.35818675160408,0.0374674685299397,0.744198501110077,0.203048780560493,3.1142418384552,1.28597581386566,K,13
OUTPUT,NaN,NaN,NaN,NaN,NaN,NaN

INPUT,0.361929625272751,0.0377469435334206,0.755434155464172,0.150486797094345,3.11184120178223,1.336545586586,K,14
OUTPUT,NaN,NaN,NaN,NaN,NaN,NaN

INPUT,0.365672469139099,0.0380264185369015,0.766669929027557,0.098069541156292,3.10951972007751,1.38726377487183,K,15
OUTPUT,NaN,NaN,NaN,NaN,NaN,NaN

INPUT,0.36904102563858,0.0382779464125633,0.776782095432281,0.0509895570576191,3.10750293731689,1.43300902843475,K,16
OUTPUT,NaN,NaN,NaN,NaN,NaN,NaN

INPUT,0.37166103720665,0.0384735800325871,0.784647047519684,0.0144222723320127,3.10598492622375,1.46864128112793,K,17
OUTPUT,NaN,NaN,NaN,NaN,NaN,NaN

INPUT,0.373532444238663,0.0386133193969727,0.790264904499054,-0.0116743855178356,3.10492897033691,1.49411690235138,K,18
OUTPUT,NaN,NaN,NaN,NaN,NaN,NaN

INPUT,0.374655306339264,0.0386971607804298,0.793635666370392,-0.0273242723196745,3.10430693626404,1.50941073894501,K,19
OUTPUT,NaN,NaN,NaN,NaN,NaN,NaN

INPUT,0.375029593706131,0.0387251079082489,0.794759213924408,-0.0325395986437798,3.10410165786743,1.51451003551483,K,20
OUTPUT,NaN,NaN,NaN,NaN,NaN,NaN

INPUT,0.366158425807953,0.0343716666102409,0.715346872806549,-2.854248046875,3.06892657279968,-1.91793918609619,K,4
OUTPUT,NaN,NaN,NaN,NaN,NaN,NaN

INPUT,0.374954760074615,0.034391600638628,0.730711877346039,-2.94788384437561,3.05554556846619,-1.81065511703491,K,5
OUTPUT,NaN,NaN,NaN,NaN,NaN,NaN

INPUT,0.383751064538956,0.0344115346670151,0.746076881885529,-3.04336762428284,3.04302859306335,-1.70510721206665,K,6
OUTPUT,NaN,NaN,NaN,NaN,NaN,NaN

INPUT,0.390592634677887,0.034427035599947,0.758027493953705,-3.11845588684082,3.03397274017334,-1.62375545501709,K,7
OUTPUT,NaN,NaN,NaN,NaN,NaN,NaN

INPUT,0.395479500293732,0.0344381108880043,0.766563594341278,3.11077618598938,3.02790307998657,-1.56592082977295,K,8
OUTPUT,NaN,NaN,NaN,NaN,NaN,NaN

INPUT,0.398411601781845,0.0344447530806065,0.771685302257538,3.07830095291138,3.0244300365448,-1.53130543231964,K,9
OUTPUT,NaN,NaN,NaN,NaN,NaN,NaN

INPUT,0.367392867803574,0.0350392758846283,0.731433689594269,-3.01577138900757,3.11809849739075,-1.86591696739197,K,5
OUTPUT,NaN,NaN,NaN,NaN,NaN,NaN

INPUT,0.375138461589813,0.0351288244128227,0.74717903137207,-3.10914349555969,3.11505484580994,-1.75651836395264,K,6
OUTPUT,NaN,NaN,NaN,NaN,NaN,NaN

INPUT,0.381162822246552,0.0351984724402428,0.759425342082977,3.10028600692749,3.11287331581116,-1.67255854606628,K,7
OUTPUT,NaN,NaN,NaN,NaN,NaN,NaN

INPUT,0.385465919971466,0.0352482236921787,0.768172740936279,3.04716467857361,3.11142325401306,-1.61302268505096,K,8
OUTPUT,NaN,NaN,NaN,NaN,NaN,NaN

INPUT,0.388047784566879,0.03527807071805,0.773421227931976,3.01515078544617,3.11059856414795,-1.57744121551514,K,9
OUTPUT,NaN,NaN,NaN,NaN,NaN,NaN

INPUT,0.360391885042191,0.0361741855740547,0.735625624656677,-0.0221255924552679,3.12298083305359,1.20884382724762,K,5
OUTPUT,NaN,NaN,NaN,NaN,NaN,NaN

INPUT,0.365924626588821,0.0363954193890095,0.749119937419891,-0.108492150902748,3.12006235122681,1.3104110956192,K,6
OUTPUT,NaN,NaN,NaN,NaN,NaN,NaN

INPUT,0.37022790312767,0.0365674905478954,0.759615480899811,-0.176928669214249,3.11792182922363,1.38814914226532,K,7
OUTPUT,NaN,NaN,NaN,NaN,NaN,NaN

INPUT,0.373301655054092,0.0366904027760029,0.76711231470108,-0.226286947727203,3.11646914482117,1.44320356845856,K,8
OUTPUT,NaN,NaN,NaN,NaN,NaN,NaN

INPUT,0.375145882368088,0.0367641448974609,0.7716104388237,-0.256052583456039,3.11563014984131,1.47608637809753,K,9
OUTPUT,NaN,NaN,NaN,NaN,NaN,NaN

INPUT,0.361811518669128,0.0361779145896435,0.736659407615662,-0.0276028774678707,3.11992478370667,1.17244243621826,K,5
OUTPUT,NaN,NaN,NaN,NaN,NaN,NaN

INPUT,0.367528527975082,0.0363971181213856,0.750240385532379,-0.111555732786655,3.11657762527466,1.27170562744141,K,6
OUTPUT,NaN,NaN,NaN,NaN,NaN,NaN

INPUT,0.371975094079971,0.0365676134824753,0.76080334186554,-0.178110674023628,3.11411738395691,1.34765696525574,K,7
OUTPUT,NaN,NaN,NaN,NaN,NaN,NaN

INPUT,0.375151216983795,0.036689393222332,0.768348336219788,-0.226126089692116,3.11244416236877,1.40143465995789,K,8
OUTPUT,NaN,NaN,NaN,NaN,NaN,NaN

INPUT,0.377056866884232,0.036762461066246,0.772875308990479,-0.255087047815323,3.11147618293762,1.43355071544647,K,9
OUTPUT,NaN,NaN,NaN,NaN,NaN,NaN

INPUT,0.360398769378662,0.0375086031854153,0.736859083175659,0.192954480648041,3.11488223075867,1.27938592433929,K,5
OUTPUT,NaN,NaN,NaN,NaN,NaN,NaN

INPUT,0.36593559384346,0.0379377640783787,0.750508248806,0.112174957990646,3.11080718040466,1.36441993713379,K,6
OUTPUT,NaN,NaN,NaN,NaN,NaN,NaN

INPUT,0.370242029428482,0.0382715575397015,0.761124193668365,0.0489962287247181,3.1077823638916,1.43021404743195,K,7
OUTPUT,NaN,NaN,NaN,NaN,NaN,NaN

INPUT,0.373318046331406,0.0385099798440933,0.768707036972046,0.00373414112254977,3.1057071685791,1.47707939147949,K,8
OUTPUT,NaN,NaN,NaN,NaN,NaN,NaN

INPUT,0.375163644552231,0.0386530347168446,0.773256719112396,-0.0234663840383291,3.10449838638306,1.50515699386597,K,9
OUTPUT,NaN,NaN,NaN,NaN,NaN,NaN

INPUT,0.360258311033249,0.0351976826786995,0.733162224292755,-2.90094971656799,3.13662672042847,-1.96949648857117,K,12
OUTPUT,NaN,NaN,NaN,NaN,NaN,NaN

INPUT,0.364613026380539,0.0352677963674068,0.744418859481812,-2.94470191001892,3.13625049591064,-1.91522181034088,K,13
OUTPUT,NaN,NaN,NaN,NaN,NaN,NaN

INPUT,0.368967741727829,0.0353379063308239,0.755675435066223,-2.98913645744324,3.13588690757751,-1.86162936687469,K,14
OUTPUT,NaN,NaN,NaN,NaN,NaN,NaN

INPUT,0.373322486877441,0.0354080237448215,0.76693207025528,-3.03411054611206,3.13553690910339,-1.80857622623444,K,15
OUTPUT,NaN,NaN,NaN,NaN,NaN,NaN

INPUT,0.377241730690002,0.0354711227118969,0.777063071727753,-3.07496023178101,3.13523435592651,-1.76120138168335,K,16
OUTPUT,NaN,NaN,NaN,NaN,NaN,NaN

INPUT,0.380290061235428,0.0355202034115791,0.78494268655777,-3.10693597793579,3.13500738143921,-1.72455787658691,K,17
OUTPUT,NaN,NaN,NaN,NaN,NaN,NaN

INPUT,0.382467418909073,0.035555262118578,0.790570974349976,-3.12987041473389,3.134850025177,-1.69847893714905,K,18
OUTPUT,NaN,NaN,NaN,NaN,NaN,NaN

INPUT,0.38377383351326,0.0355762951076031,0.793947994709015,3.13951945304871,3.13475751876831,-1.682865858078,K,19
OUTPUT,NaN,NaN,NaN,NaN,NaN,NaN

INPUT,0.384209305047989,0.0355833061039448,0.795073628425598,3.13491582870483,3.13472700119019,-1.67766690254211,K,20
OUTPUT,NaN,NaN,NaN,NaN,NaN,NaN

INPUT,0.362567007541656,0.0353759564459324,0.73264741897583,-3.0176887512207,3.12238025665283,-1.96932637691498,K,12
OUTPUT,NaN,NaN,NaN,NaN,NaN,NaN

INPUT,0.36716416478157,0.0354645885527134,0.743851125240326,-3.07164859771729,3.12068510055542,-1.91294479370117,K,13
OUTPUT,NaN,NaN,NaN,NaN,NaN,NaN

INPUT,0.371761322021484,0.0355532169342041,0.755054831504822,-3.12578797340393,3.11905360221863,-1.85674107074738,K,14
OUTPUT,NaN,NaN,NaN,NaN,NaN,NaN

INPUT,0.376358449459076,0.0356418453156948,0.766258537769318,3.10312008857727,3.11749076843262,-1.80067312717438,K,15
OUTPUT,NaN,NaN,NaN,NaN,NaN,NaN

INPUT,0.38049590587616,0.0357216149568558,0.776341915130615,3.0541775226593,3.11614680290222,-1.75030303001404,K,16
OUTPUT,NaN,NaN,NaN,NaN,NaN,NaN

INPUT,0.383713901042938,0.0357836559414864,0.784184515476227,3.01606154441833,3.11514472961426,-1.7111748456955,K,17
OUTPUT,NaN,NaN,NaN,NaN,NaN,NaN

INPUT,0.386012464761734,0.0358279682695866,0.789786338806152,2.9888129234314,3.11445283889771,-1.68324840068817,K,18
OUTPUT,NaN,NaN,NaN,NaN,NaN,NaN

INPUT,0.387391626834869,0.035854559391737,0.793147444725037,2.97245573997498,3.11404776573181,-1.6665004491806,K,19
OUTPUT,NaN,NaN,NaN,NaN,NaN,NaN

INPUT,0.3878513276577,0.035863421857357,0.79426783323288,2.96700191497803,3.11391425132751,-1.66091907024384,K,20
OUTPUT,NaN,NaN,NaN,NaN,NaN,NaN

INPUT,0.363675206899643,0.0339474268257618,0.732345759868622,-3.05581998825073,3.11771059036255,-2.00725746154785,K,12
OUTPUT,NaN,NaN,NaN,NaN,NaN,NaN

INPUT,0.368389576673508,0.0338859483599663,0.743516325950623,-3.11030888557434,3.11557364463806,-1.95138096809387,K,13
OUTPUT,NaN,NaN,NaN,NaN,NaN,NaN

INPUT,0.37310391664505,0.0338244698941708,0.754686832427979,3.11828207969666,3.11351585388184,-1.89560675621033,K,14
OUTPUT,NaN,NaN,NaN,NaN,NaN,NaN

INPUT,0.377818286418915,0.0337629914283752,0.765857398509979,3.06360721588135,3.11154365539551,-1.83991003036499,K,15
OUTPUT,NaN,NaN,NaN,NaN,NaN,NaN

INPUT,0.382061213254929,0.0337076596915722,0.775910913944244,3.01434540748596,3.10984659194946,-1.78983473777771,K,16
OUTPUT,NaN,NaN,NaN,NaN,NaN,NaN

INPUT,0.38536125421524,0.0336646251380444,0.783730268478394,2.97600150108337,3.10858058929443,-1.75091481208801,K,17
OUTPUT,NaN,NaN,NaN,NaN,NaN,NaN

INPUT,0.387718439102173,0.0336338840425014,0.789315581321716,2.94859957695007,3.10770630836487,-1.72312724590302,K,18
OUTPUT,NaN,NaN,NaN,NaN,NaN,NaN

INPUT,0.389132738113403,0.0336154401302338,0.792666733264923,2.93215346336365,3.10719418525696,-1.70645916461945,K,19
OUTPUT,NaN,NaN,NaN,NaN,NaN,NaN

INPUT,0.389604181051254,0.0336092934012413,0.793783783912659,2.92667055130005,3.10702538490295,-1.70090389251709,K,20
OUTPUT,NaN,NaN,NaN,NaN,NaN,NaN

INPUT,0.360613822937012,0.0351945795118809,0.724454939365387,-2.90220189094543,3.13586044311523,-2.02719783782959,K,4
OUTPUT,NaN,NaN,NaN,NaN,NaN,NaN

INPUT,0.366823315620422,0.0352977216243744,0.73785412311554,-2.96537160873413,3.13550806045532,-1.93270933628082,K,5
OUTPUT,NaN,NaN,NaN,NaN,NaN,NaN

INPUT,0.373032867908478,0.0354008637368679,0.751253366470337,-3.03017640113831,3.13519215583801,-1.83985579013824,K,6
OUTPUT,NaN,NaN,NaN,NaN,NaN,NaN

INPUT,0.377862483263016,0.0354810804128647,0.76167494058609,-3.08145785331726,3.13497304916382,-1.76851391792297,K,7
OUTPUT,NaN,NaN,NaN,NaN,NaN,NaN

INPUT,0.381312221288681,0.0355383828282356,0.769118905067444,-3.11846780776978,3.13483142852783,-1.71793580055237,K,8
OUTPUT,NaN,NaN,NaN,NaN,NaN,NaN

INPUT,0.383382052183151,0.0355727635324001,0.773585319519043,-3.14080429077148,3.13475227355957,-1.68771934509277,K,9
OUTPUT,NaN,NaN,NaN,NaN,NaN,NaN

INPUT,0.363018244504929,0.0353890359401703,0.724619328975677,-3.00536370277405,3.1224045753479,-2.02059602737427,K,4
OUTPUT,NaN,NaN,NaN,NaN,NaN,NaN

INPUT,0.369447410106659,0.0355400592088699,0.737763583660126,-3.08570456504822,3.11990666389465,-1.92345905303955,K,5
OUTPUT,NaN,NaN,NaN,NaN,NaN,NaN

INPUT,0.375876605510712,0.0356910824775696,0.750907897949219,3.11544966697693,3.11757826805115,-1.8280074596405,K,6
OUTPUT,NaN,NaN,NaN,NaN,NaN,NaN

INPUT,0.380877077579498,0.0358085446059704,0.761131227016449,3.05083394050598,3.11589646339417,-1.75457799434662,K,7
OUTPUT,NaN,NaN,NaN,NaN,NaN,NaN

INPUT,0.384448826313019,0.0358924455940723,0.768433570861816,3.00435042381287,3.11476922035217,-1.70245599746704,K,8
OUTPUT,NaN,NaN,NaN,NaN,NaN,NaN

INPUT,0.386591881513596,0.0359427891671658,0.772814989089966,2.97635126113892,3.11412405967712,-1.67129123210907,K,9
OUTPUT,NaN,NaN,NaN,NaN,NaN,NaN

INPUT,0.364214688539505,0.0340664274990559,0.724679708480835,-3.04325318336487,3.11799454689026,-2.05829548835754,K,4
OUTPUT,NaN,NaN,NaN,NaN,NaN,NaN

INPUT,0.370756685733795,0.0339844413101673,0.737681031227112,-3.12434887886047,3.11477994918823,-1.96187555789948,K,5
OUTPUT,NaN,NaN,NaN,NaN,NaN,NaN

INPUT,0.377298682928085,0.0339024551212788,0.750682294368744,3.07613921165466,3.11177539825439,-1.86704993247986,K,6
OUTPUT,NaN,NaN,NaN,NaN,NaN,NaN

INPUT,0.382386893033981,0.0338386930525303,0.760794401168823,3.01105499267578,3.10959911346436,-1.7940559387207,K,7
OUTPUT,NaN,NaN,NaN,NaN,NaN,NaN

INPUT,0.386021345853806,0.033793143928051,0.76801735162735,2.96425843238831,3.10813689231873,-1.74222207069397,K,8
OUTPUT,NaN,NaN,NaN,NaN,NaN,NaN

INPUT,0.388202011585236,0.0337658151984215,0.772351145744324,2.93607902526855,3.10729837417603,-1.71122217178345,K,9
OUTPUT,NaN,NaN,NaN,NaN,NaN,NaN

INPUT,0.359111666679382,0.0354833975434303,0.732570588588715,-3.00862622261047,3.13598608970642,-1.98046112060547,K,12
OUTPUT,NaN,NaN,NaN,NaN,NaN,NaN

INPUT,0.363345891237259,0.03558349609375,0.743764996528625,-3.05901646614075,3.13556170463562,-1.92264378070831,K,13
OUTPUT,NaN,NaN,NaN,NaN,NaN,NaN

INPUT,0.367580085992813,0.0356835946440697,0.754959404468536,-3.10988616943359,3.13515520095825,-1.86530578136444,K,14
OUTPUT,NaN,NaN,NaN,NaN,NaN,NaN

INPUT,0.371814280748367,0.0357836931943893,0.766153752803802,3.12205290794373,3.13476729393005,-1.80834400653839,K,15
OUTPUT,NaN,NaN,NaN,NaN,NaN,NaN

INPUT,0.37562507390976,0.035873781889677,0.776228725910187,3.07567262649536,3.13443517684937,-1.75733697414398,K,16
OUTPUT,NaN,NaN,NaN,NaN,NaN,NaN

INPUT,0.378589004278183,0.0359438508749008,0.784064769744873,3.03945875167847,3.13418865203857,-1.71780514717102,K,17
OUTPUT,NaN,NaN,NaN,NaN,NaN,NaN

INPUT,0.380706131458282,0.0359939001500607,0.789662003517151,3.01352667808533,3.13401889801025,-1.68963313102722,K,18
OUTPUT,NaN,NaN,NaN,NaN,NaN,NaN

INPUT,0.381976366043091,0.0360239297151566,0.793020308017731,2.99794387817383,3.13391971588135,-1.67275333404541,K,19
OUTPUT,NaN,NaN,NaN,NaN,NaN,NaN

INPUT,0.382399797439575,0.0360339395701885,0.794139742851257,2.99274587631226,3.13388705253601,-1.66713058948517,K,20
OUTPUT,NaN,NaN,NaN,NaN,NaN,NaN

INPUT,0.357586562633514,0.0374926589429379,0.732813775539398,0.0326241180300713,3.13413953781128,1.13172733783722,K,12
OUTPUT,NaN,NaN,NaN,NaN,NaN,NaN

INPUT,0.361660093069077,0.0378042794764042,0.744033753871918,-0.0271130818873644,3.13334202766418,1.18766582012177,K,13
OUTPUT,NaN,NaN,NaN,NaN,NaN,NaN

INPUT,0.365733593702316,0.0381159000098705,0.755253791809082,-0.0865203067660332,3.13257193565369,1.24393451213837,K,14
OUTPUT,NaN,NaN,NaN,NaN,NaN,NaN

INPUT,0.369807124137878,0.0384275205433369,0.766473829746246,-0.145685002207756,3.13183188438416,1.30044615268707,K,15
OUTPUT,NaN,NaN,NaN,NaN,NaN,NaN

INPUT,0.373473286628723,0.0387079790234566,0.776571810245514,-0.19877527654171,3.13119387626648,1.35146486759186,K,16
OUTPUT,NaN,NaN,NaN,NaN,NaN,NaN

INPUT,0.376324743032455,0.038926113396883,0.784425854682922,-0.239985436201096,3.13071703910828,1.39122879505157,K,17
OUTPUT,NaN,NaN,NaN,NaN,NaN,NaN

INPUT,0.378361493349075,0.0390819236636162,0.790035843849182,-0.269384175539017,3.1303870677948,1.41966867446899,K,18
OUTPUT,NaN,NaN,NaN,NaN,NaN,NaN

INPUT,0.379583567380905,0.0391754098236561,0.793401837348938,-0.287010222673416,3.13019371032715,1.4367458820343,K,19
OUTPUT,NaN,NaN,NaN,NaN,NaN,NaN

INPUT,0.3799909055233,0.0392065718770027,0.79452383518219,-0.292883545160294,3.13013005256653,1.44244027137756,K,20
OUTPUT,NaN,NaN,NaN,NaN,NaN,NaN

INPUT,0.348015397787094,0.0364479050040245,0.743271946907043,0.193045169115067,3.0713107585907,1.1626238822937,K,13
OUTPUT,NaN,NaN,NaN,NaN,NaN,NaN

INPUT,0.35078951716423,0.0366303361952305,0.754419386386871,0.146540626883507,3.06513357162476,1.20852708816528,K,14
OUTPUT,NaN,NaN,NaN,NaN,NaN,NaN

INPUT,0.353563636541367,0.0368127636611462,0.765566766262054,0.100069738924503,3.05911946296692,1.25448548793793,K,15
OUTPUT,NaN,NaN,NaN,NaN,NaN,NaN

INPUT,0.356060355901718,0.0369769521057606,0.775599420070648,0.0582658275961876,3.05385684967041,1.29588723182678,K,16
OUTPUT,NaN,NaN,NaN,NaN,NaN,NaN

INPUT,0.358002245426178,0.0371046513319016,0.783402621746063,0.0257609058171511,3.04986810684204,1.32811081409454,K,17
OUTPUT,NaN,NaN,NaN,NaN,NaN,NaN

INPUT,0.359389305114746,0.0371958687901497,0.788976311683655,0.00254684220999479,3.04707765579224,1.35113859176636,K,18
OUTPUT,NaN,NaN,NaN,NaN,NaN,NaN

INPUT,0.360221534967422,0.0372505970299244,0.792320549488068,-0.0113804936408997,3.0454273223877,1.36495923995972,K,19
OUTPUT,NaN,NaN,NaN,NaN,NaN,NaN

INPUT,0.36049896478653,0.037268839776516,0.793435275554657,-0.0160228125751019,3.04488134384155,1.36956679821014,K,20
OUTPUT,NaN,NaN,NaN,NaN,NaN,NaN

INPUT,0.362336754798889,0.0331545174121857,0.732176840305328,-3.09659194946289,3.11710810661316,-1.98620855808258,K,12
OUTPUT,NaN,NaN,NaN,NaN,NaN,NaN

INPUT,0.36690953373909,0.0330094546079636,0.743330955505371,3.1289050579071,3.11495447158813,-1.92702221870422,K,13
OUTPUT,NaN,NaN,NaN,NaN,NaN,NaN

INPUT,0.371482312679291,0.0328643918037415,0.754485070705414,3.07110476493835,3.11289143562317,-1.86794447898865,K,14
OUTPUT,NaN,NaN,NaN,NaN,NaN,NaN

INPUT,0.376055091619492,0.0327193289995193,0.765639185905457,3.01321935653687,3.11092662811279,-1.80894887447357,K,15
OUTPUT,NaN,NaN,NaN,NaN,NaN,NaN

INPUT,0.380170583724976,0.0325887724757195,0.775677919387817,2.96106433868408,3.10924768447876,-1.75590753555298,K,16
OUTPUT,NaN,NaN,NaN,NaN,NaN,NaN

INPUT,0.383371531963348,0.032487228512764,0.783485770225525,2.92046856880188,3.10800337791443,-1.71468222141266,K,17
OUTPUT,NaN,NaN,NaN,NaN,NaN,NaN

INPUT,0.385657906532288,0.0324146971106529,0.789062857627869,2.89145755767822,3.10714888572693,-1.68524861335754,K,18
OUTPUT,NaN,NaN,NaN,NaN,NaN,NaN

INPUT,0.387029737234116,0.0323711782693863,0.792409062385559,2.87404584884644,3.10665011405945,-1.66759312152863,K,19
OUTPUT,NaN,NaN,NaN,NaN,NaN,NaN

INPUT,0.387487024068832,0.0323566719889641,0.793524503707886,2.86824083328247,3.10648632049561,-1.66170871257782,K,20
OUTPUT,NaN,NaN,NaN,NaN,NaN,NaN

INPUT,0.352374494075775,0.0366190262138844,0.732431471347809,0.138303190469742,3.10710000991821,1.17751717567444,K,12
OUTPUT,NaN,NaN,NaN,NaN,NaN,NaN

INPUT,0.355897516012192,0.0368383601307869,0.743614852428436,0.0827670618891716,3.1037392616272,1.23137736320496,K,13
OUTPUT,NaN,NaN,NaN,NaN,NaN,NaN

INPUT,0.359420508146286,0.0370576977729797,0.754798233509064,0.0273620784282684,3.10049152374268,1.28537571430206,K,14
OUTPUT,NaN,NaN,NaN,NaN,NaN,NaN

INPUT,0.362943530082703,0.0372770316898823,0.765981554985046,-0.0279451869428158,3.09736680984497,1.33947908878326,K,15
OUTPUT,NaN,NaN,NaN,NaN,NaN,NaN

INPUT,0.366114258766174,0.0374744310975075,0.776046633720398,-0.0776577815413475,3.09466767311096,1.38824236392975,K,16
OUTPUT,NaN,NaN,NaN,NaN,NaN,NaN

INPUT,0.368580371141434,0.0376279652118683,0.783874988555908,-0.116289548575878,3.09264636039734,1.42620706558228,K,17
OUTPUT,NaN,NaN,NaN,NaN,NaN,NaN

INPUT,0.370341897010803,0.0377376340329647,0.789466679096222,-0.143868714570999,3.09124636650085,1.45334196090698,K,18
OUTPUT,NaN,NaN,NaN,NaN,NaN,NaN

INPUT,0.37139880657196,0.0378034338355064,0.792821645736694,-0.160410895943642,3.09042429924011,1.46962904930115,K,19
OUTPUT,NaN,NaN,NaN,NaN,NaN,NaN

INPUT,0.371751099824905,0.0378253683447838,0.793940007686615,-0.165924116969109,3.09015345573425,1.47505915164948,K,20
OUTPUT,NaN,NaN,NaN,NaN,NaN,NaN

INPUT,0.349052637815475,0.0355030372738838,0.732848405838013,0.295000374317169,3.10129070281982,1.19557285308838,K,12
OUTPUT,NaN,NaN,NaN,NaN,NaN,NaN

INPUT,0.35222789645195,0.0356052406132221,0.744071960449219,0.246873438358307,3.09728503227234,1.24225187301636,K,13
OUTPUT,NaN,NaN,NaN,NaN,NaN,NaN

INPUT,0.355403125286102,0.0357074439525604,0.75529557466507,0.198861226439476,3.09337878227234,1.28905355930328,K,14
OUTPUT,NaN,NaN,NaN,NaN,NaN,NaN

INPUT,0.358578383922577,0.0358096472918987,0.76651918888092,0.150934264063835,3.08958077430725,1.33594965934753,K,15
OUTPUT,NaN,NaN,NaN,NaN,NaN,NaN

INPUT,0.361436128616333,0.0359016284346581,0.776620388031006,0.107855595648289,3.08626246452332,1.37821960449219,K,16
OUTPUT,NaN,NaN,NaN,NaN,NaN,NaN

INPUT,0.36365881562233,0.03597317263484,0.784476935863495,0.0743789672851563,3.08375072479248,1.41113042831421,K,17
OUTPUT,NaN,NaN,NaN,NaN,NaN,NaN

INPUT,0.365246415138245,0.036024272441864,0.790088713169098,0.0504801236093044,3.08199548721313,1.43465423583984,K,18
OUTPUT,NaN,NaN,NaN,NaN,NaN,NaN

INPUT,0.366199016571045,0.0360549353063107,0.79345577955246,0.0361454263329506,3.08095836639404,1.44877409934998,K,19
OUTPUT,NaN,NaN,NaN,NaN,NaN,NaN

INPUT,0.366516530513763,0.0360651537775993,0.79457813501358,0.0313678868114948,3.08061528205872,1.45348179340363,K,20
OUTPUT,NaN,NaN,NaN,NaN,NaN,NaN

INPUT,0.360522329807281,0.0346163734793663,0.721420764923096,-3.00201416015625,3.09745144844055,-2.10379791259766,K,11
OUTPUT,NaN,NaN,NaN,NaN,NaN,NaN

INPUT,0.365419745445251,0.0346261411905289,0.732621729373932,-3.0544376373291,3.09279704093933,-2.05053281784058,K,12
OUTPUT,NaN,NaN,NaN,NaN,NaN,NaN

INPUT,0.370317161083221,0.0346359089016914,0.743822693824768,-3.10693955421448,3.08827900886536,-1.9973338842392,K,13
OUTPUT,NaN,NaN,NaN,NaN,NaN,NaN

INPUT,0.375214546918869,0.034645676612854,0.755023658275604,3.12368392944336,3.08390974998474,-1.94418263435364,K,14
OUTPUT,NaN,NaN,NaN,NaN,NaN,NaN

INPUT,0.380111932754517,0.0346554405987263,0.76622462272644,3.07107472419739,3.07970142364502,-1.89106571674347,K,15
OUTPUT,NaN,NaN,NaN,NaN,NaN,NaN

INPUT,0.38451960682869,0.0346642322838306,0.776305496692657,3.02369332313538,3.0760612487793,-1.84328174591064,K,16
OUTPUT,NaN,NaN,NaN,NaN,NaN,NaN

INPUT,0.387947767972946,0.0346710681915283,0.784146130084991,2.98682284355164,3.0733323097229,-1.80612730979919,K,17
OUTPUT,NaN,NaN,NaN,NaN,NaN,NaN

INPUT,0.390396475791931,0.0346759520471096,0.789746642112732,2.96047782897949,3.07143998146057,-1.77959299087524,K,18
OUTPUT,NaN,NaN,NaN,NaN,NaN,NaN

INPUT,0.391865700483322,0.0346788838505745,0.793106913566589,2.94466781616211,3.07032799720764,-1.76367390155792,K,19
OUTPUT,NaN,NaN,NaN,NaN,NaN,NaN

INPUT,0.392355442047119,0.0346798598766327,0.794227004051208,2.93939709663391,3.06996130943298,-1.75836789608002,K,20
OUTPUT,NaN,NaN,NaN,NaN,NaN,NaN

INPUT,0.362577319145203,0.0350079648196697,0.721079170703888,-2.81211018562317,3.10685729980469,-1.9791693687439,K,11
OUTPUT,NaN,NaN,NaN,NaN,NaN,NaN

INPUT,0.367717206478119,0.0350640043616295,0.732238471508026,-2.86018419265747,3.10316467285156,-1.92925119400024,K,12
OUTPUT,NaN,NaN,NaN,NaN,NaN,NaN

INPUT,0.372857123613358,0.035120040178299,0.74339771270752,-2.90842151641846,3.09956407546997,-1.87948989868164,K,13
OUTPUT,NaN,NaN,NaN,NaN,NaN,NaN

INPUT,0.377996981143951,0.0351760759949684,0.754557013511658,-2.9567813873291,3.09606432914734,-1.82984364032745,K,14
OUTPUT,NaN,NaN,NaN,NaN,NaN,NaN

INPUT,0.38313689827919,0.0352321118116379,0.765716314315796,-3.00523567199707,3.09267377853394,-1.78028404712677,K,15
OUTPUT,NaN,NaN,NaN,NaN,NaN,NaN

INPUT,0.387762784957886,0.0352825447916985,0.775759696960449,-3.04890871047974,3.08972263336182,-1.73573791980743,K,16
OUTPUT,NaN,NaN,NaN,NaN,NaN,NaN

INPUT,0.391360729932785,0.0353217720985413,0.783571183681488,-3.08291149139404,3.08749651908875,-1.70112097263336,K,17
OUTPUT,NaN,NaN,NaN,NaN,NaN,NaN

INPUT,0.393930673599243,0.035349790006876,0.789150834083557,-3.10721516609192,3.08594536781311,-1.67640817165375,K,18
OUTPUT,NaN,NaN,NaN,NaN,NaN,NaN

INPUT,0.39547261595726,0.035366602241993,0.792498648166656,-3.12180328369141,3.08503079414368,-1.66158556938171,K,19
OUTPUT,NaN,NaN,NaN,NaN,NaN,NaN

INPUT,0.395986616611481,0.0353722050786018,0.793614566326141,-3.12666702270508,3.08472847938538,-1.65664529800415,K,20
OUTPUT,NaN,NaN,NaN,NaN,NaN,NaN

INPUT,0.368962049484253,0.0347831398248672,0.730963230133057,-3.0956563949585,3.08962845802307,-2.03176045417786,K,5
OUTPUT,NaN,NaN,NaN,NaN,NaN,NaN

INPUT,0.376878887414932,0.0348494425415993,0.74655669927597,3.09919857978821,3.08206963539124,-1.93237853050232,K,6
OUTPUT,NaN,NaN,NaN,NaN,NaN,NaN

INPUT,0.383036404848099,0.0349010117352009,0.758684873580933,3.02962112426758,3.07654809951782,-1.85592949390411,K,7
OUTPUT,NaN,NaN,NaN,NaN,NaN,NaN

INPUT,0.387434631586075,0.0349378474056721,0.767347872257233,2.97958588600159,3.07281446456909,-1.80164456367493,K,8
OUTPUT,NaN,NaN,NaN,NaN,NaN,NaN

INPUT,0.39007356762886,0.0349599458277225,0.772545695304871,2.94945621490479,3.07066321372986,-1.76917588710785,K,9
OUTPUT,NaN,NaN,NaN,NaN,NaN,NaN

INPUT,0.359351396560669,0.0354710295796394,0.723586797714233,-2.99542856216431,3.1352915763855,-2.02956318855286,K,4
OUTPUT,NaN,NaN,NaN,NaN,NaN,NaN

INPUT,0.36541211605072,0.035626083612442,0.736968636512756,-3.07207822799683,3.13484740257263,-1.93218410015106,K,5
OUTPUT,NaN,NaN,NaN,NaN,NaN,NaN

INPUT,0.371472805738449,0.0357811376452446,0.750350415706635,3.13324069976807,3.13445353507996,-1.83602142333984,K,6
OUTPUT,NaN,NaN,NaN,NaN,NaN,NaN

INPUT,0.376186698675156,0.035901740193367,0.760758519172668,3.07204389572144,3.13418412208557,-1.76186203956604,K,7
OUTPUT,NaN,NaN,NaN,NaN,NaN,NaN

INPUT,0.379553735256195,0.0359878800809383,0.768192887306213,3.02806401252747,3.13401198387146,-1.70915901660919,K,8
OUTPUT,NaN,NaN,NaN,NaN,NaN,NaN

INPUT,0.381573975086212,0.0360395647585392,0.772653460502625,3.0015857219696,3.13391733169556,-1.67762756347656,K,9
OUTPUT,NaN,NaN,NaN,NaN,NaN,NaN

INPUT,0.363794684410095,0.0378100425004959,0.737027168273926,-0.0577193088829517,3.13405561447144,1.16083920001984,K,5
OUTPUT,NaN,NaN,NaN,NaN,NaN,NaN

INPUT,0.369704335927963,0.0382889658212662,0.750526487827301,-0.140013739466667,3.13257074356079,1.26457917690277,K,6
OUTPUT,NaN,NaN,NaN,NaN,NaN,NaN

INPUT,0.374300748109818,0.0386614613234997,0.761025905609131,-0.206148311495781,3.13146877288818,1.34313881397247,K,7
OUTPUT,NaN,NaN,NaN,NaN,NaN,NaN

INPUT,0.377583891153336,0.0389275290071964,0.76852548122406,-0.254143685102463,3.13071346282959,1.39849710464478,K,8
OUTPUT,NaN,NaN,NaN,NaN,NaN,NaN

INPUT,0.379553765058517,0.0390871725976467,0.773025274276733,-0.283173501491547,3.13027405738831,1.43147957324982,K,9
OUTPUT,NaN,NaN,NaN,NaN,NaN,NaN

INPUT,0.362646788358688,0.0333394221961498,0.723989903926849,-3.08448338508606,3.11750316619873,-2.04141354560852,K,4
OUTPUT,NaN,NaN,NaN,NaN,NaN,NaN

INPUT,0.369043231010437,0.033129446208477,0.737105250358582,3.11324238777161,3.11423182487488,-1.93889927864075,K,5
OUTPUT,NaN,NaN,NaN,NaN,NaN,NaN

INPUT,0.375439673662186,0.0329194702208042,0.750220596790314,3.02601051330566,3.1112003326416,-1.83814930915833,K,6
OUTPUT,NaN,NaN,NaN,NaN,NaN,NaN

INPUT,0.380414664745331,0.0327561534941196,0.760421454906464,2.95732307434082,3.10902571678162,-1.76062309741974,K,7
OUTPUT,NaN,NaN,NaN,NaN,NaN,NaN

INPUT,0.383968234062195,0.0326394997537136,0.767707765102386,2.90792393684387,3.10757803916931,-1.70558059215546,K,8
OUTPUT,NaN,NaN,NaN,NaN,NaN,NaN

INPUT,0.386100381612778,0.0325695089995861,0.772079527378082,2.87817406654358,3.10675358772278,-1.67266464233398,K,9
OUTPUT,NaN,NaN,NaN,NaN,NaN,NaN

INPUT,0.358108073472977,0.0367975905537605,0.736043930053711,0.0660842284560204,3.10443139076233,1.21836090087891,K,5
OUTPUT,NaN,NaN,NaN,NaN,NaN,NaN

INPUT,0.363384664058685,0.0371064469218254,0.74969607591629,-0.0164616648107767,3.09899020195007,1.31173169612885,K,6
OUTPUT,NaN,NaN,NaN,NaN,NaN,NaN

INPUT,0.367488712072372,0.0373466685414314,0.760314404964447,-0.081522174179554,3.09498310089111,1.38350868225098,K,7
OUTPUT,NaN,NaN,NaN,NaN,NaN,NaN

INPUT,0.370420157909393,0.0375182554125786,0.767898917198181,-0.128324553370476,3.0922532081604,1.434455037117,K,8
OUTPUT,NaN,NaN,NaN,NaN,NaN,NaN

INPUT,0.372179001569748,0.0376212075352669,0.772449612617493,-0.156512439250946,3.09067106246948,1.46491956710815,K,9
OUTPUT,NaN,NaN,NaN,NaN,NaN,NaN

INPUT,0.354461967945099,0.0356818772852421,0.736359477043152,0.237795442342758,3.09784579277039,1.2365106344223,K,5
OUTPUT,NaN,NaN,NaN,NaN,NaN,NaN

INPUT,0.359240174293518,0.0358336195349693,0.750131547451019,0.163914114236832,3.09137582778931,1.31503093242645,K,6
OUTPUT,NaN,NaN,NaN,NaN,NaN,NaN

INPUT,0.362956523895264,0.0359516367316246,0.760843217372894,0.106072746217251,3.08654284477234,1.37574076652527,K,7
OUTPUT,NaN,NaN,NaN,NaN,NaN,NaN

INPUT,0.36561107635498,0.0360359400510788,0.768494367599487,0.064609669148922,3.08320808410645,1.41896665096283,K,8
OUTPUT,NaN,NaN,NaN,NaN,NaN,NaN

INPUT,0.367203831672668,0.036086518317461,0.773085057735443,0.0396836586296558,3.08125710487366,1.44485795497894,K,9
OUTPUT,NaN,NaN,NaN,NaN,NaN,NaN

INPUT,0.352504014968872,0.0365947224199772,0.741934239864349,0.159772664308548,3.06900215148926,1.17644155025482,K,5
OUTPUT,NaN,NaN,NaN,NaN,NaN,NaN

INPUT,0.356077343225479,0.0368262641131878,0.753308296203613,0.0971033200621605,3.05999135971069,1.24654054641724,K,6
OUTPUT,NaN,NaN,NaN,NaN,NaN,NaN

INPUT,0.358856588602066,0.0370063558220863,0.762154757976532,0.047829307615757,3.05322861671448,1.30056357383728,K,7
OUTPUT,NaN,NaN,NaN,NaN,NaN,NaN

INPUT,0.360841780900955,0.0371349900960922,0.768473625183105,0.0124160703271627,3.04854083061218,1.33895242214203,K,8
OUTPUT,NaN,NaN,NaN,NaN,NaN,NaN

INPUT,0.362032890319824,0.0372121706604958,0.772264957427979,-0.00890478491783142,3.04578852653503,1.36192047595978,K,9
OUTPUT,NaN,NaN,NaN,NaN,NaN,NaN

INPUT,0.371529877185822,0.0350790172815323,0.730561554431915,-2.89758706092834,3.10040616989136,-1.91114103794098,K,5
OUTPUT,NaN,NaN,NaN,NaN,NaN,NaN

INPUT,0.379925161600113,0.0351784564554691,0.746072292327881,-2.97905659675598,3.09443616867065,-1.81854474544525,K,6
OUTPUT,NaN,NaN,NaN,NaN,NaN,NaN

INPUT,0.386454790830612,0.0352558009326458,0.75813615322113,-3.0432984828949,3.09003639221191,-1.74738574028015,K,7
OUTPUT,NaN,NaN,NaN,NaN,NaN,NaN

INPUT,0.391118854284286,0.0353110432624817,0.766753256320953,-3.089524269104,3.08703684806824,-1.69688737392426,K,8
OUTPUT,NaN,NaN,NaN,NaN,NaN,NaN

INPUT,0.393917262554169,0.0353441908955574,0.77192348241806,-3.11736917495728,3.08529782295227,-1.66669416427612,K,9
OUTPUT,NaN,NaN,NaN,NaN,NaN,NaN

INPUT,0.352321296930313,0.0366630703210831,0.73274827003479,0.225626423954964,3.11201596260071,1.26240050792694,K,12
OUTPUT,NaN,NaN,NaN,NaN,NaN,NaN

INPUT,0.355840027332306,0.0368871912360191,0.743962526321411,0.169966965913773,3.109126329422,1.31587362289429,K,13
OUTPUT,NaN,NaN,NaN,NaN,NaN,NaN

INPUT,0.359358787536621,0.0371113121509552,0.755176782608032,0.114481285214424,3.1063334941864,1.36952531337738,K,14
OUTPUT,NaN,NaN,NaN,NaN,NaN,NaN

INPUT,0.362877517938614,0.0373354330658913,0.766391098499298,0.0591253079473972,3.10364532470703,1.42331194877625,K,15
OUTPUT,NaN,NaN,NaN,NaN,NaN,NaN

INPUT,0.366044402122498,0.0375371426343918,0.776483952999115,0.00939030013978481,3.10132265090942,1.47181022167206,K,16
OUTPUT,NaN,NaN,NaN,NaN,NaN,NaN

INPUT,0.368507504463196,0.0376940257847309,0.784333944320679,-0.0292474664747715,3.09958267211914,1.50957906246185,K,17
OUTPUT,NaN,NaN,NaN,NaN,NaN,NaN

INPUT,0.370266884565353,0.0378060862421989,0.789941072463989,-0.0568256564438343,3.09837746620178,1.5365788936615,K,18
OUTPUT,NaN,NaN,NaN,NaN,NaN,NaN

INPUT,0.371322512626648,0.0378733240067959,0.793305397033691,-0.0733653381466866,3.09766960144043,1.55278646945953,K,19
OUTPUT,NaN,NaN,NaN,NaN,NaN,NaN

INPUT,0.371674388647079,0.0378957353532314,0.794426798820496,-0.0788774266839027,3.09743618965149,1.55819022655487,K,20
OUTPUT,NaN,NaN,NaN,NaN,NaN,NaN

INPUT,0.366342097520828,0.0327125452458858,0.721243739128113,-3.01085734367371,3.06787514686584,-1.9771625995636,K,11
OUTPUT,NaN,NaN,NaN,NaN,NaN,NaN

INPUT,0.371925324201584,0.0324986316263676,0.732421576976776,-3.07143378257751,3.06024360656738,-1.91602647304535,K,12
OUTPUT,NaN,NaN,NaN,NaN,NaN,NaN

INPUT,0.377508521080017,0.032284714281559,0.743599414825439,-3.13207578659058,3.05291271209717,-1.85491907596588,K,13
OUTPUT,NaN,NaN,NaN,NaN,NaN,NaN

INPUT,0.383091688156128,0.0320708006620407,0.754777252674103,3.09041333198547,3.04591035842896,-1.79382717609406,K,14
OUTPUT,NaN,NaN,NaN,NaN,NaN,NaN

INPUT,0.388674885034561,0.0318568870425224,0.765955090522766,3.02967095375061,3.03926205635071,-1.73274171352386,K,15
OUTPUT,NaN,NaN,NaN,NaN,NaN,NaN

INPUT,0.393699795007706,0.0316643640398979,0.776015162467957,2.97496795654297,3.03360199928284,-1.6777651309967,K,16
OUTPUT,NaN,NaN,NaN,NaN,NaN,NaN

INPUT,0.397608011960983,0.0315146222710609,0.783839583396912,2.9324004650116,3.02942299842834,-1.63500344753265,K,17
OUTPUT,NaN,NaN,NaN,NaN,NaN,NaN

INPUT,0.400399625301361,0.0314076654613018,0.789428532123566,2.90198493003845,3.02656245231628,-1.60445785522461,K,18
OUTPUT,NaN,NaN,NaN,NaN,NaN,NaN

INPUT,0.402074575424194,0.0313434898853302,0.792781889438629,2.88373184204102,3.02489686012268,-1.58612966537476,K,19
OUTPUT,NaN,NaN,NaN,NaN,NaN,NaN

INPUT,0.402632892131805,0.0313220992684364,0.793899655342102,2.87764692306519,3.02435040473938,-1.5800199508667,K,20
OUTPUT,NaN,NaN,NaN,NaN,NaN,NaN

INPUT,0.353444963693619,0.0341031141579151,0.733397841453552,0.191959723830223,3.11452269554138,1.17298662662506,K,12
OUTPUT,NaN,NaN,NaN,NaN,NaN,NaN

INPUT,0.357082575559616,0.0340579338371754,0.74467933177948,0.139458179473877,3.11183929443359,1.22374486923218,K,13
OUTPUT,NaN,NaN,NaN,NaN,NaN,NaN

INPUT,0.360720157623291,0.0340127535164356,0.755960762500763,0.0870971828699112,3.10923528671265,1.27464759349823,K,14
OUTPUT,NaN,NaN,NaN,NaN,NaN,NaN

INPUT,0.364357769489288,0.0339675731956959,0.767242252826691,0.0348410122096539,3.10671734809875,1.3256596326828,K,15
OUTPUT,NaN,NaN,NaN,NaN,NaN,NaN

INPUT,0.367631614208221,0.0339269079267979,0.77739554643631,-0.012120459228754,3.10453057289124,1.37164330482483,K,16
OUTPUT,NaN,NaN,NaN,NaN,NaN,NaN

INPUT,0.370177924633026,0.0338952802121639,0.785292625427246,-0.0486097782850266,3.1028847694397,1.40744733810425,K,17
OUTPUT,NaN,NaN,NaN,NaN,NaN,NaN

INPUT,0.371996730566025,0.0338726900517941,0.790933310985565,-0.0746570229530334,3.10174012184143,1.43303942680359,K,18
OUTPUT,NaN,NaN,NaN,NaN,NaN,NaN

INPUT,0.373088002204895,0.0338591374456882,0.794317781925201,-0.0902795046567917,3.10106587409973,1.44840085506439,K,19
OUTPUT,NaN,NaN,NaN,NaN,NaN,NaN

INPUT,0.373451769351959,0.0338546186685562,0.795445919036865,-0.0954861491918564,3.10084342956543,1.45352244377136,K,20
OUTPUT,NaN,NaN,NaN,NaN,NaN,NaN

INPUT,0.361974895000458,0.0343459025025368,0.721424877643585,-2.86589097976685,3.10390400886536,-2.01236462593079,K,11
OUTPUT,NaN,NaN,NaN,NaN,NaN,NaN

INPUT,0.367043316364288,0.0343237668275833,0.732626438140869,-2.91527056694031,3.09990978240967,-1.96132457256317,K,12
OUTPUT,NaN,NaN,NaN,NaN,NaN,NaN

INPUT,0.372111737728119,0.0343016311526299,0.743828058242798,-2.96479773521423,3.09602069854736,-1.91042387485504,K,13
OUTPUT,NaN,NaN,NaN,NaN,NaN,NaN

INPUT,0.377180159091949,0.0342794992029667,0.755029618740082,-3.01443600654602,3.09224629402161,-1.85962557792664,K,14
OUTPUT,NaN,NaN,NaN,NaN,NaN,NaN

INPUT,0.38224858045578,0.0342573635280132,0.76623123884201,-3.06416010856628,3.08859634399414,-1.80890381336212,K,15
OUTPUT,NaN,NaN,NaN,NaN,NaN,NaN

INPUT,0.386810153722763,0.0342374406754971,0.776312649250031,-3.10897040367126,3.08542537689209,-1.76330459117889,K,16
OUTPUT,NaN,NaN,NaN,NaN,NaN,NaN

INPUT,0.390358060598373,0.0342219471931458,0.784153819084167,3.13933062553406,3.08303809165955,-1.72786498069763,K,17
OUTPUT,NaN,NaN,NaN,NaN,NaN,NaN

INPUT,0.392892271280289,0.034210879355669,0.789754569530487,3.11439871788025,3.08137702941895,-1.70256268978119,K,18
OUTPUT,NaN,NaN,NaN,NaN,NaN,NaN

INPUT,0.394412785768509,0.0342042371630669,0.793115079402924,3.09943413734436,3.08039832115173,-1.68738555908203,K,19
OUTPUT,NaN,NaN,NaN,NaN,NaN,NaN

INPUT,0.394919633865356,0.0342020243406296,0.794235229492188,3.09444499015808,3.08007526397705,-1.68232715129852,K,20
OUTPUT,NaN,NaN,NaN,NaN,NaN,NaN

INPUT,0.35816103219986,0.0333036817610264,0.733058154582977,-2.9614315032959,3.13496112823486,-1.84949266910553,K,12
OUTPUT,NaN,NaN,NaN,NaN,NaN,NaN

INPUT,0.362294405698776,0.0331742987036705,0.744305074214935,-3.0150830745697,3.13445448875427,-1.78611755371094,K,13
OUTPUT,NaN,NaN,NaN,NaN,NaN,NaN

INPUT,0.366427809000015,0.0330449193716049,0.755551934242249,-3.06936573982239,3.13397216796875,-1.72337341308594,K,14
OUTPUT,NaN,NaN,NaN,NaN,NaN,NaN

INPUT,0.370561212301254,0.032915536314249,0.766798794269562,-3.12414002418518,3.13351583480835,-1.66112077236176,K,15
OUTPUT,NaN,NaN,NaN,NaN,NaN,NaN

INPUT,0.374281257390976,0.0327990911900997,0.776921033859253,3.10941314697266,3.13312864303589,-1.60542833805084,K,16
OUTPUT,NaN,NaN,NaN,NaN,NaN,NaN

INPUT,0.377174645662308,0.0327085219323635,0.784793853759766,3.07062983512878,3.13284373283386,-1.56229257583618,K,17
OUTPUT,NaN,NaN,NaN,NaN,NaN,NaN

INPUT,0.379241347312927,0.0326438285410404,0.790417313575745,3.04284429550171,3.13264894485474,-1.53156447410583,K,18
OUTPUT,NaN,NaN,NaN,NaN,NaN,NaN

INPUT,0.380481362342834,0.0326050147414207,0.793791353702545,3.02614307403564,3.13253593444824,-1.51315748691559,K,19
OUTPUT,NaN,NaN,NaN,NaN,NaN,NaN

INPUT,0.380894690752029,0.0325920768082142,0.794916033744812,3.02057099342346,3.1324987411499,-1.50702655315399,K,20
OUTPUT,NaN,NaN,NaN,NaN,NaN,NaN

INPUT,0.366736978292465,0.0329425819218159,0.715806305408478,-3.01928544044495,3.06885576248169,-2.01105141639709,K,4
OUTPUT,NaN,NaN,NaN,NaN,NaN,NaN

INPUT,0.375641018152237,0.0326751917600632,0.731220245361328,-3.11908316612244,3.05556964874268,-1.89467799663544,K,5
OUTPUT,NaN,NaN,NaN,NaN,NaN,NaN

INPUT,0.384545058012009,0.0324078053236008,0.746634244918823,3.06209015846252,3.04328274726868,-1.78039968013763,K,6
OUTPUT,NaN,NaN,NaN,NaN,NaN,NaN

INPUT,0.391470402479172,0.0321998372673988,0.758622884750366,2.98176980018616,3.03451061248779,-1.69240844249725,K,7
OUTPUT,NaN,NaN,NaN,NaN,NaN,NaN

INPUT,0.396417081356049,0.0320512913167477,0.767186224460602,2.92402315139771,3.02870392799377,-1.6298862695694,K,8
OUTPUT,NaN,NaN,NaN,NaN,NaN,NaN

INPUT,0.399385094642639,0.0319621600210667,0.772324204444885,2.88925409317017,3.02541375160217,-1.59247541427612,K,9
OUTPUT,NaN,NaN,NaN,NaN,NaN,NaN

INPUT,0.370781004428864,0.0343358516693115,0.730990409851074,-2.95346713066101,3.09701156616211,-1.94261229038239,K,5
OUTPUT,NaN,NaN,NaN,NaN,NaN,NaN

INPUT,0.379028737545013,0.0343085378408432,0.746572136878967,-3.03718113899231,3.09054374694824,-1.84795093536377,K,6
OUTPUT,NaN,NaN,NaN,NaN,NaN,NaN

INPUT,0.385443657636642,0.0342872925102711,0.758691310882568,-3.10315585136414,3.08579015731812,-1.77516973018646,K,7
OUTPUT,NaN,NaN,NaN,NaN,NaN,NaN

INPUT,0.390025764703751,0.0342721156775951,0.767347812652588,3.13257098197937,3.08255767822266,-1.72350573539734,K,8
OUTPUT,NaN,NaN,NaN,NaN,NaN,NaN

INPUT,0.392774999141693,0.0342630110681057,0.772541761398315,3.10398840904236,3.08068704605103,-1.69261038303375,K,9
OUTPUT,NaN,NaN,NaN,NaN,NaN,NaN

INPUT,0.358018457889557,0.0369031727313995,0.736450850963593,0.157014414668083,3.10978507995605,1.3066189289093,K,5
OUTPUT,NaN,NaN,NaN,NaN,NaN,NaN

INPUT,0.36325141787529,0.0372354499995708,0.750129222869873,0.0727204754948616,3.10508227348328,1.3977986574173,K,6
OUTPUT,NaN,NaN,NaN,NaN,NaN,NaN

INPUT,0.367321521043777,0.0374938920140266,0.760767996311188,0.00660741701722145,3.10161662101746,1.4681750535965,K,7
OUTPUT,NaN,NaN,NaN,NaN,NaN,NaN

INPUT,0.370228707790375,0.0376784913241863,0.768367111682892,-0.0408280119299889,3.09925413131714,1.51823770999908,K,8
OUTPUT,NaN,NaN,NaN,NaN,NaN,NaN

INPUT,0.371973037719727,0.0377892516553402,0.772926568984985,-0.0693575516343117,3.0978844165802,1.54820942878723,K,9
OUTPUT,NaN,NaN,NaN,NaN,NaN,NaN

INPUT,0.359302222728729,0.0340604372322559,0.737299621105194,0.126942977309227,3.11249899864197,1.21471548080444,K,5
OUTPUT,NaN,NaN,NaN,NaN,NaN,NaN

INPUT,0.364688038825989,0.0339583791792393,0.751038253307343,0.047539334744215,3.1080915927887,1.30134618282318,K,6
OUTPUT,NaN,NaN,NaN,NaN,NaN,NaN

INPUT,0.368876993656158,0.0338789969682693,0.761723875999451,-0.0148087562993169,3.10482120513916,1.36814391613007,K,7
OUTPUT,NaN,NaN,NaN,NaN,NaN,NaN

INPUT,0.371869117021561,0.0338222980499268,0.769356429576874,-0.0595696084201336,3.10257840156555,1.41563487052917,K,8
OUTPUT,NaN,NaN,NaN,NaN,NaN,NaN

INPUT,0.373664379119873,0.0337882786989212,0.773935973644257,-0.0864989310503006,3.10127210617065,1.44405829906464,K,9
OUTPUT,NaN,NaN,NaN,NaN,NaN,NaN

INPUT,0.358447879552841,0.0334222987294197,0.724031746387482,-2.95508241653442,3.13431549072266,-1.91054677963257,K,4
OUTPUT,NaN,NaN,NaN,NaN,NaN,NaN

INPUT,0.364341914653778,0.0332083478569984,0.737501323223114,-3.03419923782349,3.13373637199402,-1.80144453048706,K,5
OUTPUT,NaN,NaN,NaN,NaN,NaN,NaN

INPUT,0.370235919952393,0.0329943932592869,0.750970959663391,-3.11527013778687,3.13322520256042,-1.69429576396942,K,6
OUTPUT,NaN,NaN,NaN,NaN,NaN,NaN

INPUT,0.37482014298439,0.0328279845416546,0.761447310447693,3.1038658618927,3.13287782669067,-1.61195182800293,K,7
OUTPUT,NaN,NaN,NaN,NaN,NaN,NaN

INPUT,0.378094583749771,0.0327091254293919,0.768930375576019,3.05770397186279,3.13265752792358,-1.55354714393616,K,8
OUTPUT,NaN,NaN,NaN,NaN,NaN,NaN

INPUT,0.380059272050858,0.0326378047466278,0.77342027425766,3.029869556427,3.13253712654114,-1.5186413526535,K,9
OUTPUT,NaN,NaN,NaN,NaN,NaN,NaN

INPUT,0.351185858249664,0.0359332896769047,0.743555068969727,0.191603064537048,3.06728792190552,1.38202977180481,K,13
OUTPUT,NaN,NaN,NaN,NaN,NaN,NaN

INPUT,0.354261755943298,0.0360667891800404,0.754729390144348,0.13445083796978,3.0610978603363,1.43834817409515,K,14
OUTPUT,NaN,NaN,NaN,NaN,NaN,NaN

INPUT,0.357337683439255,0.0362002924084663,0.765903770923615,0.0773431733250618,3.05516672134399,1.49473905563354,K,15
OUTPUT,NaN,NaN,NaN,NaN,NaN,NaN

INPUT,0.360106021165848,0.0363204441964626,0.775960743427277,0.0259728524833918,3.05006575584412,1.54554176330566,K,16
OUTPUT,NaN,NaN,NaN,NaN,NaN,NaN

INPUT,0.362259149551392,0.0364138931035995,0.783782780170441,-0.0139691941440105,3.04626250267029,1.58508360385895,K,17
OUTPUT,NaN,NaN,NaN,NaN,NaN,NaN

INPUT,0.363797128200531,0.0364806428551674,0.789369940757751,-0.0424941927194595,3.04363775253296,1.61334156990051,K,18
OUTPUT,NaN,NaN,NaN,NaN,NaN,NaN

INPUT,0.364719897508621,0.0365206934511662,0.792722284793854,-0.0596076175570488,3.04210042953491,1.63030123710632,K,19
OUTPUT,NaN,NaN,NaN,NaN,NaN,NaN

INPUT,0.365027487277985,0.0365340448915958,0.793839693069458,-0.0653118416666985,3.04159450531006,1.63595533370972,K,20
OUTPUT,NaN,NaN,NaN,NaN,NaN,NaN

INPUT,0.360750555992126,0.0364724732935429,0.732449948787689,-2.78027176856995,3.12756514549255,-1.88716161251068,K,12
OUTPUT,NaN,NaN,NaN,NaN,NaN,NaN

INPUT,0.365157127380371,0.0366767384111881,0.743631601333618,-2.82476663589478,3.12630224227905,-1.83766233921051,K,13
OUTPUT,NaN,NaN,NaN,NaN,NaN,NaN

INPUT,0.369563698768616,0.0368810035288334,0.754813253879547,-2.8696391582489,3.12507319450378,-1.78854012489319,K,14
OUTPUT,NaN,NaN,NaN,NaN,NaN,NaN

INPUT,0.37397027015686,0.0370852686464787,0.765994906425476,-2.91480278968811,3.12388062477112,-1.73970782756805,K,15
OUTPUT,NaN,NaN,NaN,NaN,NaN,NaN

INPUT,0.377936214208603,0.0372691079974174,0.776058435440063,-2.95564675331116,3.12284064292908,-1.6959547996521,K,16
OUTPUT,NaN,NaN,NaN,NaN,NaN,NaN

INPUT,0.381020814180374,0.037412092089653,0.783885598182678,-2.98752045631409,3.12205457687378,-1.66203010082245,K,17
OUTPUT,NaN,NaN,NaN,NaN,NaN,NaN

INPUT,0.383224099874496,0.0375142246484756,0.78947639465332,-3.01033592224121,3.12150621414185,-1.63784646987915,K,18
OUTPUT,NaN,NaN,NaN,NaN,NaN,NaN

INPUT,0.38454607129097,0.0375755056738853,0.792830884456635,-3.02404284477234,3.12118244171143,-1.6233537197113,K,19
OUTPUT,NaN,NaN,NaN,NaN,NaN,NaN

INPUT,0.384986728429794,0.0375959314405918,0.793949067592621,-3.02861452102661,3.12107539176941,-1.61852562427521,K,20
OUTPUT,NaN,NaN,NaN,NaN,NaN,NaN

INPUT,0.363038808107376,0.0367074310779572,0.732793271541595,-2.90349745750427,3.12116622924805,-2.02365803718567,K,12
OUTPUT,NaN,NaN,NaN,NaN,NaN,NaN

INPUT,0.367686301469803,0.0369364283978939,0.744011044502258,-2.94867777824402,3.11928153038025,-1.9762374162674,K,13
OUTPUT,NaN,NaN,NaN,NaN,NaN,NaN

INPUT,0.372333765029907,0.0371654257178307,0.755228698253632,-2.99403142929077,3.11744427680969,-1.92898869514465,K,14
OUTPUT,NaN,NaN,NaN,NaN,NaN,NaN

INPUT,0.376981258392334,0.0373944230377674,0.766446471214294,-3.03951859474182,3.11565899848938,-1.88187098503113,K,15
OUTPUT,NaN,NaN,NaN,NaN,NaN,NaN

INPUT,0.381163984537125,0.0376005209982395,0.77654242515564,-3.08054709434509,3.11409974098206,-1.83955347537994,K,16
OUTPUT,NaN,NaN,NaN,NaN,NaN,NaN

INPUT,0.384417235851288,0.0377608202397823,0.784394800662994,-3.1125066280365,3.1129195690155,-1.80668699741364,K,17
OUTPUT,NaN,NaN,NaN,NaN,NaN,NaN

INPUT,0.386740982532501,0.0378753207623959,0.790003657341003,-3.13535737991333,3.11209511756897,-1.7832328081131,K,18
OUTPUT,NaN,NaN,NaN,NaN,NaN,NaN

INPUT,0.388135224580765,0.0379440188407898,0.793368995189667,3.13410949707031,3.11160802841187,-1.76916790008545,K,19
OUTPUT,NaN,NaN,NaN,NaN,NaN,NaN

INPUT,0.388599961996078,0.0379669182002544,0.79449075460434,3.12953567504883,3.11144685745239,-1.76448082923889,K,20
OUTPUT,NaN,NaN,NaN,NaN,NaN,NaN

INPUT,0.361006379127502,0.036354910582304,0.72383451461792,-2.77500581741333,3.12727928161621,-1.93614172935486,K,4
OUTPUT,NaN,NaN,NaN,NaN,NaN,NaN

INPUT,0.367246210575104,0.0366711691021919,0.737101197242737,-2.83966851234436,3.12550354003906,-1.84960079193115,K,5
OUTPUT,NaN,NaN,NaN,NaN,NaN,NaN

INPUT,0.373486012220383,0.0369874313473701,0.750367939472198,-2.9064621925354,3.12381792068481,-1.76518893241882,K,6
OUTPUT,NaN,NaN,NaN,NaN,NaN,NaN

INPUT,0.378339201211929,0.0372334122657776,0.76068651676178,-2.95946645736694,3.12257599830627,-1.70058715343475,K,7
OUTPUT,NaN,NaN,NaN,NaN,NaN,NaN

INPUT,0.381805777549744,0.0374091155827045,0.768056929111481,-2.99776148796082,3.12172842025757,-1.65487718582153,K,8
OUTPUT,NaN,NaN,NaN,NaN,NaN,NaN

INPUT,0.383885711431503,0.0375145338475704,0.772479176521301,-3.02088475227356,3.12123656272888,-1.62759697437286,K,9
OUTPUT,NaN,NaN,NaN,NaN,NaN,NaN

INPUT,0.352321118116379,0.0358782261610031,0.731660544872284,0.226791337132454,3.07464504241943,1.31199014186859,K,4
OUTPUT,NaN,NaN,NaN,NaN,NaN,NaN

INPUT,0.356211960315704,0.0360173285007477,0.742852091789246,0.150891080498695,3.06514549255371,1.39908444881439,K,5
OUTPUT,NaN,NaN,NaN,NaN,NaN,NaN

INPUT,0.36010280251503,0.0361564345657825,0.754043579101563,0.0737510025501251,3.0561511516571,1.4849967956543,K,6
OUTPUT,NaN,NaN,NaN,NaN,NaN,NaN

INPUT,0.363129049539566,0.0362646281719208,0.762748062610626,0.0131556959822774,3.04954361915588,1.55126166343689,K,7
OUTPUT,NaN,NaN,NaN,NaN,NaN,NaN

INPUT,0.365290611982346,0.0363419093191624,0.768965601921082,-0.0303703192621469,3.04504871368408,1.59837305545807,K,8
OUTPUT,NaN,NaN,NaN,NaN,NaN,NaN

INPUT,0.366587579250336,0.0363882780075073,0.772696137428284,-0.0565673522651196,3.04244589805603,1.62656784057617,K,9
OUTPUT,NaN,NaN,NaN,NaN,NaN,NaN

INPUT,0.363652169704437,0.0365957841277122,0.725117325782776,-2.89097833633423,3.12116980552673,-2.06460404396057,K,4
OUTPUT,NaN,NaN,NaN,NaN,NaN,NaN

INPUT,0.370096445083618,0.0369606539607048,0.738189160823822,-2.95893812179565,3.11840653419495,-1.9835958480835,K,5
OUTPUT,NaN,NaN,NaN,NaN,NaN,NaN

INPUT,0.376540690660477,0.0373255275189877,0.751260995864868,-3.02826476097107,3.11577105522156,-1.90394914150238,K,6
OUTPUT,NaN,NaN,NaN,NaN,NaN,NaN

INPUT,0.381552904844284,0.0376093164086342,0.761427998542786,-3.08284878730774,3.11381912231445,-1.84266185760498,K,7
OUTPUT,NaN,NaN,NaN,NaN,NaN,NaN

INPUT,0.385133057832718,0.0378120206296444,0.76869010925293,-3.1221079826355,3.11248135566711,-1.79915404319763,K,8
OUTPUT,NaN,NaN,NaN,NaN,NaN,NaN

INPUT,0.387281149625778,0.0379336439073086,0.773047387599945,3.13743114471436,3.11170244216919,-1.77313899993896,K,9
OUTPUT,NaN,NaN,NaN,NaN,NaN,NaN

INPUT,0.354693859815598,0.0343377441167831,0.73248702287674,0.137487664818764,3.12087154388428,1.16298639774323,K,12
OUTPUT,NaN,NaN,NaN,NaN,NaN,NaN

INPUT,0.358462810516357,0.0343173407018185,0.743672549724579,0.0825362056493759,3.11881184577942,1.21596992015839,K,13
OUTPUT,NaN,NaN,NaN,NaN,NaN,NaN

INPUT,0.362231761217117,0.0342969410121441,0.754858076572418,0.0277443639934063,3.11681842803955,1.26911568641663,K,14
OUTPUT,NaN,NaN,NaN,NaN,NaN,NaN

INPUT,0.3660007417202,0.0342765413224697,0.766043603420258,-0.0269280280917883,3.11489725112915,1.32238364219666,K,15
OUTPUT,NaN,NaN,NaN,NaN,NaN,NaN

INPUT,0.369392812252045,0.0342581793665886,0.776110529899597,-0.0760545954108238,3.11323428153992,1.37040543556213,K,16
OUTPUT,NaN,NaN,NaN,NaN,NaN,NaN

INPUT,0.372031062841415,0.0342439003288746,0.783940434455872,-0.114222653210163,3.11198711395264,1.40779888629913,K,17
OUTPUT,NaN,NaN,NaN,NaN,NaN,NaN

INPUT,0.373915553092957,0.0342337004840374,0.789533138275146,-0.141466826200485,3.11112189292908,1.43452799320221,K,18
OUTPUT,NaN,NaN,NaN,NaN,NaN,NaN

INPUT,0.375046223402023,0.034227579832077,0.792888820171356,-0.157806634902954,3.11061334609985,1.45057249069214,K,19
OUTPUT,NaN,NaN,NaN,NaN,NaN,NaN

INPUT,0.37542313337326,0.0342255383729935,0.794007360935211,-0.163252294063568,3.11044573783875,1.45592164993286,K,20
OUTPUT,NaN,NaN,NaN,NaN,NaN,NaN

INPUT,0.3581802546978,0.0348943583667278,0.732329666614532,-2.92080569267273,3.12983393669128,-1.93829214572906,K,12
OUTPUT,NaN,NaN,NaN,NaN,NaN,NaN

INPUT,0.362315684556961,0.0349322482943535,0.743500351905823,-2.96991515159607,3.12882113456726,-1.88399648666382,K,13
OUTPUT,NaN,NaN,NaN,NaN,NaN,NaN

INPUT,0.3664510846138,0.0349701382219791,0.754671037197113,-3.01940059661865,3.12784242630005,-1.83007609844208,K,14
OUTPUT,NaN,NaN,NaN,NaN,NaN,NaN

INPUT,0.370586514472961,0.0350080318748951,0.765841722488403,-3.06917643547058,3.12690019607544,-1.77644526958466,K,15
OUTPUT,NaN,NaN,NaN,NaN,NaN,NaN

INPUT,0.374308377504349,0.0350421331822872,0.775895357131958,-3.11417126655579,3.12608575820923,-1.72837364673615,K,16
OUTPUT,NaN,NaN,NaN,NaN,NaN,NaN

INPUT,0.377203166484833,0.0350686572492123,0.783714771270752,3.1339123249054,3.12547540664673,-1.69108998775482,K,17
OUTPUT,NaN,NaN,NaN,NaN,NaN,NaN

INPUT,0.379270881414413,0.0350876003503799,0.789300143718719,3.1087908744812,3.1250524520874,-1.6645073890686,K,18
OUTPUT,NaN,NaN,NaN,NaN,NaN,NaN

INPUT,0.380511522293091,0.0350989699363708,0.792651355266571,3.09370040893555,3.1248037815094,-1.64857530593872,K,19
OUTPUT,NaN,NaN,NaN,NaN,NaN,NaN

INPUT,0.380925059318542,0.0351027585566044,0.793768405914307,3.08866763114929,3.12472176551819,-1.6432671546936,K,20
OUTPUT,NaN,NaN,NaN,NaN,NaN,NaN

INPUT,0.350184202194214,0.0356421321630478,0.73244434595108,0.202067643404007,3.09160947799683,1.10665988922119,K,12
OUTPUT,NaN,NaN,NaN,NaN,NaN,NaN

INPUT,0.353476613759995,0.0357586927711964,0.743628978729248,0.153884068131447,3.08665561676025,1.15372264385223,K,13
OUTPUT,NaN,NaN,NaN,NaN,NaN,NaN

INPUT,0.356769025325775,0.0358752496540546,0.754813671112061,0.105785988271236,3.08182644844055,1.20088338851929,K,14
OUTPUT,NaN,NaN,NaN,NaN,NaN,NaN

INPUT,0.360061466693878,0.0359918065369129,0.765998363494873,0.0577501766383648,3.0771324634552,1.24812030792236,K,15
OUTPUT,NaN,NaN,NaN,NaN,NaN,NaN

INPUT,0.363024652004242,0.0360967107117176,0.776064574718475,0.0145580070093274,3.07303285598755,1.29068553447723,K,16
OUTPUT,NaN,NaN,NaN,NaN,NaN,NaN

INPUT,0.365329325199127,0.0361782982945442,0.783893823623657,-0.0190155059099197,3.06993079185486,1.32382047176361,K,17
OUTPUT,NaN,NaN,NaN,NaN,NaN,NaN

INPUT,0.366975545883179,0.0362365804612637,0.789486169815063,-0.0429876372218132,3.06776356697083,1.34750175476074,K,18
OUTPUT,NaN,NaN,NaN,NaN,NaN,NaN

INPUT,0.367963254451752,0.036271546036005,0.792841553688049,-0.0573679059743881,3.06648349761963,1.36171531677246,K,19
OUTPUT,NaN,NaN,NaN,NaN,NaN,NaN

INPUT,0.368292510509491,0.0362832024693489,0.79396003484726,-0.0621608048677444,3.06606006622314,1.36645400524139,K,20
OUTPUT,NaN,NaN,NaN,NaN,NaN,NaN

INPUT,0.364004284143448,0.0342668257653713,0.721899449825287,-2.87484836578369,3.09495067596436,-1.95460605621338,K,11
OUTPUT,NaN,NaN,NaN,NaN,NaN,NaN

INPUT,0.369312107563019,0.0342355892062187,0.733155310153961,-2.92833709716797,3.09004020690918,-1.89980959892273,K,12
OUTPUT,NaN,NaN,NaN,NaN,NaN,NaN

INPUT,0.37461993098259,0.0342043526470661,0.744411170482635,-2.98194479942322,3.085280418396,-1.84511864185333,K,13
OUTPUT,NaN,NaN,NaN,NaN,NaN,NaN

INPUT,0.379927754402161,0.0341731160879135,0.75566703081131,-3.03564286231995,3.08068585395813,-1.79050374031067,K,14
OUTPUT,NaN,NaN,NaN,NaN,NaN,NaN

INPUT,0.385235577821732,0.0341418795287609,0.766922891139984,-3.08941149711609,3.07626986503601,-1.73594450950623,K,15
OUTPUT,NaN,NaN,NaN,NaN,NaN,NaN

INPUT,0.390012621879578,0.0341137647628784,0.77705317735672,-3.13785219192505,3.07245874404907,-1.68687701225281,K,16
OUTPUT,NaN,NaN,NaN,NaN,NaN,NaN

INPUT,0.393728107213974,0.0340919010341167,0.784932255744934,3.10763025283813,3.0696074962616,-1.64873158931732,K,17
OUTPUT,NaN,NaN,NaN,NaN,NaN,NaN

INPUT,0.396382033824921,0.0340762808918953,0.790560185909271,3.08068704605103,3.06763410568237,-1.62149274349213,K,18
OUTPUT,NaN,NaN,NaN,NaN,NaN,NaN

INPUT,0.397974371910095,0.0340669117867947,0.793936967849731,3.06451630592346,3.0664758682251,-1.60515236854553,K,19
OUTPUT,NaN,NaN,NaN,NaN,NaN,NaN

INPUT,0.39850515127182,0.0340637862682343,0.79506254196167,3.0591254234314,3.06609416007996,-1.59970581531525,K,20
OUTPUT,NaN,NaN,NaN,NaN,NaN,NaN

INPUT,0.36314982175827,0.03619135171175,0.732386350631714,-2.9761369228363,3.10898089408875,-1.93730747699738,K,12
OUTPUT,NaN,NaN,NaN,NaN,NaN,NaN

INPUT,0.367808282375336,0.0363658964633942,0.743562519550323,-3.02999329566956,3.10601997375488,-1.88181221485138,K,13
OUTPUT,NaN,NaN,NaN,NaN,NaN,NaN

INPUT,0.372466742992401,0.0365404412150383,0.754738748073578,-3.08397650718689,3.10316562652588,-1.82643806934357,K,14
OUTPUT,NaN,NaN,NaN,NaN,NaN,NaN

INPUT,0.377125233411789,0.0367149859666824,0.765914916992188,-3.13805723190308,3.10042572021484,-1.77115559577942,K,15
OUTPUT,NaN,NaN,NaN,NaN,NaN,NaN

INPUT,0.381317853927612,0.036872074007988,0.775973498821259,3.09638977050781,3.09806513786316,-1.72146201133728,K,16
OUTPUT,NaN,NaN,NaN,NaN,NaN,NaN

INPUT,0.384578794240952,0.0369942560791969,0.783796846866608,3.05844664573669,3.09630131721497,-1.68284356594086,K,17
OUTPUT,NaN,NaN,NaN,NaN,NaN,NaN

INPUT,0.386908024549484,0.0370815247297287,0.789384961128235,3.03132796287537,3.09508228302002,-1.6552734375,K,18
OUTPUT,NaN,NaN,NaN,NaN,NaN,NaN

INPUT,0.388305574655533,0.0371338911354542,0.792737782001495,3.01505088806152,3.09436726570129,-1.63873660564423,K,19
OUTPUT,NaN,NaN,NaN,NaN,NaN,NaN

INPUT,0.388771414756775,0.0371513441205025,0.793855428695679,3.00962424278259,3.09413170814514,-1.63322496414185,K,20
OUTPUT,NaN,NaN,NaN,NaN,NaN,NaN

INPUT,0.362774968147278,0.0327910482883453,0.733276844024658,-2.86670255661011,3.11710596084595,-1.91730439662933,K,12
OUTPUT,NaN,NaN,NaN,NaN,NaN,NaN

INPUT,0.36739382147789,0.0326077304780483,0.744546890258789,-2.91532897949219,3.11486124992371,-1.86600375175476,K,13
OUTPUT,NaN,NaN,NaN,NaN,NaN,NaN

INPUT,0.372012674808502,0.0324244126677513,0.75581681728363,-2.96416139602661,3.11268305778503,-1.81490612030029,K,14
OUTPUT,NaN,NaN,NaN,NaN,NaN,NaN

INPUT,0.376631557941437,0.0322410948574543,0.767086803913116,-3.01315188407898,3.11057686805725,-1.76396346092224,K,15
OUTPUT,NaN,NaN,NaN,NaN,NaN,NaN

INPUT,0.380788534879684,0.032076109200716,0.777229845523834,-3.05734992027283,3.1087474822998,-1.71821892261505,K,16
OUTPUT,NaN,NaN,NaN,NaN,NaN,NaN

INPUT,0.384021729230881,0.0319477878510952,0.785118818283081,-3.09178328514099,3.10737013816833,-1.68269503116608,K,17
OUTPUT,NaN,NaN,NaN,NaN,NaN,NaN

INPUT,0.386331170797348,0.0318561308085918,0.790753781795502,-3.11640477180481,3.10641193389893,-1.65734624862671,K,18
OUTPUT,NaN,NaN,NaN,NaN,NaN,NaN

INPUT,0.387716829776764,0.0318011343479156,0.794134795665741,-3.13118720054626,3.10584759712219,-1.64214599132538,K,19
OUTPUT,NaN,NaN,NaN,NaN,NaN,NaN

INPUT,0.388178706169128,0.0317828021943569,0.795261800289154,-3.13611602783203,3.10566115379333,-1.63708066940308,K,20
OUTPUT,NaN,NaN,NaN,NaN,NaN,NaN

INPUT,0.350949436426163,0.035169705748558,0.732912421226501,0.462301641702652,3.11235785484314,1.2530916929245,K,12
OUTPUT,NaN,NaN,NaN,NaN,NaN,NaN

INPUT,0.354324400424957,0.0352367796003819,0.744142830371857,0.419352144002914,3.10937285423279,1.29337620735168,K,13
OUTPUT,NaN,NaN,NaN,NaN,NaN,NaN

INPUT,0.357699394226074,0.0353038534522057,0.755373179912567,0.376624912023544,3.10644340515137,1.33388686180115,K,14
OUTPUT,NaN,NaN,NaN,NaN,NaN,NaN

INPUT,0.361074358224869,0.0353709273040295,0.766603529453278,0.334064394235611,3.1035749912262,1.37456881999969,K,15
OUTPUT,NaN,NaN,NaN,NaN,NaN,NaN

INPUT,0.364111840724945,0.035431295633316,0.776710867881775,0.2958704829216,3.10104942321777,1.41129684448242,K,16
OUTPUT,NaN,NaN,NaN,NaN,NaN,NaN

INPUT,0.366474330425262,0.0354782454669476,0.784572124481201,0.266222506761551,3.09912443161011,1.43992412090302,K,17
OUTPUT,NaN,NaN,NaN,NaN,NaN,NaN

INPUT,0.368161827325821,0.0355117842555046,0.790187299251556,0.245071992278099,3.09777116775513,1.46039998531342,K,18
OUTPUT,NaN,NaN,NaN,NaN,NaN,NaN

INPUT,0.369174301624298,0.0355319045484066,0.793556392192841,0.232391059398651,3.09696841239929,1.47269570827484,K,19
OUTPUT,NaN,NaN,NaN,NaN,NaN,NaN

INPUT,0.369511812925339,0.0355386137962341,0.794679462909698,0.228165611624718,3.09670233726501,1.47679579257965,K,20
OUTPUT,NaN,NaN,NaN,NaN,NaN,NaN

INPUT,0.354666590690613,0.0333840623497963,0.733440160751343,0.100592158734798,3.1328182220459,1.22405481338501,K,12
OUTPUT,NaN,NaN,NaN,NaN,NaN,NaN

INPUT,0.35843288898468,0.0332632102072239,0.744725942611694,0.0390014424920082,3.13190484046936,1.28070437908173,K,13
OUTPUT,NaN,NaN,NaN,NaN,NaN,NaN

INPUT,0.36219921708107,0.0331423543393612,0.756011724472046,-0.0221702866256237,3.13102507591248,1.3377730846405,K,14
OUTPUT,NaN,NaN,NaN,NaN,NaN,NaN

INPUT,0.365965515375137,0.0330215021967888,0.767297506332397,-0.0830326154828072,3.13018250465393,1.39515209197998,K,15
OUTPUT,NaN,NaN,NaN,NaN,NaN,NaN

INPUT,0.369355201721191,0.0329127311706543,0.777454733848572,-0.13760669529438,3.12945795059204,1.44699549674988,K,16
OUTPUT,NaN,NaN,NaN,NaN,NaN,NaN

INPUT,0.371991604566574,0.0328281335532665,0.785354793071747,-0.179947704076767,3.12891817092896,1.48742413520813,K,17
OUTPUT,NaN,NaN,NaN,NaN,NaN,NaN

INPUT,0.373874753713608,0.0327677093446255,0.790997684001923,-0.210143461823463,3.1285457611084,1.5163494348526,K,18
OUTPUT,NaN,NaN,NaN,NaN,NaN,NaN

INPUT,0.375004649162292,0.0327314510941505,0.794383406639099,-0.228244096040726,3.1283278465271,1.53372156620026,K,19
OUTPUT,NaN,NaN,NaN,NaN,NaN,NaN

INPUT,0.375381290912628,0.0327193662524223,0.795512020587921,-0.234275043010712,3.12825608253479,1.53951489925385,K,20
OUTPUT,NaN,NaN,NaN,NaN,NaN,NaN

INPUT,0.373142331838608,0.0342666171491146,0.731740653514862,-2.96942687034607,3.08664965629578,-1.87957739830017,K,5
OUTPUT,NaN,NaN,NaN,NaN,NaN,NaN

INPUT,0.38173171877861,0.0342383347451687,0.747357070446014,-3.06010556221008,3.07871866226196,-1.77787566184998,K,6
OUTPUT,NaN,NaN,NaN,NaN,NaN,NaN

INPUT,0.388412356376648,0.034216333180666,0.759503126144409,-3.13150262832642,3.07294726371765,-1.69961178302765,K,7
OUTPUT,NaN,NaN,NaN,NaN,NaN,NaN

INPUT,0.393184244632721,0.0342006199061871,0.768178939819336,3.10035037994385,3.06905746459961,-1.6440258026123,K,8
OUTPUT,NaN,NaN,NaN,NaN,NaN,NaN

INPUT,0.396047353744507,0.0341911949217319,0.773384392261505,3.06944346427917,3.06682229042053,-1.61077475547791,K,9
OUTPUT,NaN,NaN,NaN,NaN,NaN,NaN

INPUT,0.360587477684021,0.0343023575842381,0.736303091049194,0.0666546374559402,3.11949610710144,1.2036749124527,K,5
OUTPUT,NaN,NaN,NaN,NaN,NaN,NaN

INPUT,0.366149544715881,0.0342382602393627,0.749880075454712,-0.0151824066415429,3.11606192588806,1.29540646076202,K,6
OUTPUT,NaN,NaN,NaN,NaN,NaN,NaN

INPUT,0.370475620031357,0.0341884084045887,0.760439991950989,-0.0796534940600395,3.11352205276489,1.36593842506409,K,7
OUTPUT,NaN,NaN,NaN,NaN,NaN,NaN

INPUT,0.373565644025803,0.0341527983546257,0.76798278093338,-0.126015439629555,3.11178541183472,1.4160099029541,K,8
OUTPUT,NaN,NaN,NaN,NaN,NaN,NaN

INPUT,0.375419676303864,0.034131433814764,0.772508502006531,-0.153932094573975,3.11077642440796,1.44595456123352,K,9
OUTPUT,NaN,NaN,NaN,NaN,NaN,NaN

INPUT,0.358364045619965,0.0349063538014889,0.723270356655121,-2.91199827194214,3.12949299812317,-1.98907029628754,K,4
OUTPUT,NaN,NaN,NaN,NaN,NaN,NaN

INPUT,0.364246904850006,0.0349630676209927,0.736638188362122,-2.98452854156494,3.12809467315674,-1.89528203010559,K,5
OUTPUT,NaN,NaN,NaN,NaN,NaN,NaN

INPUT,0.370129764080048,0.0350197814404964,0.750006079673767,-3.05900144577026,3.12678837776184,-1.8034348487854,K,6
OUTPUT,NaN,NaN,NaN,NaN,NaN,NaN

INPUT,0.374705284833908,0.0350638926029205,0.760403275489807,-3.1178891658783,3.12584209442139,-1.73296141624451,K,7
OUTPUT,NaN,NaN,NaN,NaN,NaN,NaN

INPUT,0.377973556518555,0.0350954011082649,0.767829895019531,3.12283515930176,3.12520575523376,-1.68302118778229,K,8
OUTPUT,NaN,NaN,NaN,NaN,NaN,NaN

INPUT,0.37993448972702,0.0351143032312393,0.772285878658295,3.09722447395325,3.12484073638916,-1.65319061279297,K,9
OUTPUT,NaN,NaN,NaN,NaN,NaN,NaN

INPUT,0.355832517147064,0.0357633456587791,0.735881090164185,0.141452342271805,3.08726143836975,1.14460408687592,K,5
OUTPUT,NaN,NaN,NaN,NaN,NaN,NaN

INPUT,0.360860407352448,0.0359167419373989,0.749610006809235,0.0688916966319084,3.07929491996765,1.22517669200897,K,6
OUTPUT,NaN,NaN,NaN,NaN,NaN,NaN

INPUT,0.364770948886871,0.0360360518097878,0.760288059711456,0.0118088806048036,3.07334804534912,1.28722286224365,K,7
OUTPUT,NaN,NaN,NaN,NaN,NaN,NaN

INPUT,0.36756420135498,0.0361212715506554,0.767915308475494,-0.0292175859212875,3.06924700737,1.33130300045013,K,8
OUTPUT,NaN,NaN,NaN,NaN,NaN,NaN

INPUT,0.369240164756775,0.0361724048852921,0.772491574287415,-0.0539157576858997,3.06684875488281,1.35767471790314,K,9
OUTPUT,NaN,NaN,NaN,NaN,NaN,NaN

INPUT,0.363995134830475,0.03614491969347,0.725326716899872,-2.96166849136353,3.10963821411133,-1.98599779605865,K,4
OUTPUT,NaN,NaN,NaN,NaN,NaN,NaN

INPUT,0.370304584503174,0.0364443771541119,0.738178491592407,-3.04246735572815,3.10511708259583,-1.89087581634521,K,5
OUTPUT,NaN,NaN,NaN,NaN,NaN,NaN

INPUT,0.37661400437355,0.0367438346147537,0.751030325889587,-3.12481451034546,3.10087633132935,-1.797287940979,K,6
OUTPUT,NaN,NaN,NaN,NaN,NaN,NaN

INPUT,0.381521344184875,0.0369767434895039,0.76102614402771,3.09358906745911,3.09779334068298,-1.72522127628326,K,7
OUTPUT,NaN,NaN,NaN,NaN,NaN,NaN

INPUT,0.385026603937149,0.0371431075036526,0.768166065216064,3.04702186584473,3.09571552276611,-1.67403411865234,K,8
OUTPUT,NaN,NaN,NaN,NaN,NaN,NaN

INPUT,0.387129753828049,0.0372429266571999,0.772450029850006,3.01898455619812,3.09452104568481,-1.6434166431427,K,9
OUTPUT,NaN,NaN,NaN,NaN,NaN,NaN

INPUT,0.363710165023804,0.0328956730663776,0.726149201393127,-2.85171484947205,3.11720418930054,-1.96011960506439,K,4
OUTPUT,NaN,NaN,NaN,NaN,NaN,NaN

INPUT,0.369996964931488,0.0326000489294529,0.739153027534485,-2.92537927627563,3.11388492584229,-1.87300133705139,K,5
OUTPUT,NaN,NaN,NaN,NaN,NaN,NaN

INPUT,0.37628373503685,0.0323044247925282,0.752156794071198,-3.00045609474182,3.11074352264404,-1.78728818893433,K,6
OUTPUT,NaN,NaN,NaN,NaN,NaN,NaN

INPUT,0.381173461675644,0.0320744924247265,0.762270867824554,-3.05953001976013,3.10843634605408,-1.72129821777344,K,7
OUTPUT,NaN,NaN,NaN,NaN,NaN,NaN

INPUT,0.384666115045547,0.0319102555513382,0.769495248794556,-3.10200214385986,3.10686707496643,-1.67443597316742,K,8
OUTPUT,NaN,NaN,NaN,NaN,NaN,NaN

INPUT,0.386761695146561,0.0318117141723633,0.773829817771912,-3.12757730484009,3.10595846176147,-1.64640927314758,K,9
OUTPUT,NaN,NaN,NaN,NaN,NaN,NaN

INPUT,0.35647577047348,0.0354025289416313,0.736585974693298,0.419061273336411,3.10982298851013,1.29609096050262,K,5
OUTPUT,NaN,NaN,NaN,NaN,NaN,NaN

INPUT,0.361483484506607,0.0355245992541313,0.750306904315948,0.349920034408569,3.10494923591614,1.36071527004242,K,6
OUTPUT,NaN,NaN,NaN,NaN,NaN,NaN

INPUT,0.365378350019455,0.0356195457279682,0.760978698730469,0.296511739492416,3.1012704372406,1.41135489940643,K,7
OUTPUT,NaN,NaN,NaN,NaN,NaN,NaN

INPUT,0.368160426616669,0.0356873646378517,0.768601417541504,0.258504241704941,3.09870910644531,1.44767189025879,K,8
OUTPUT,NaN,NaN,NaN,NaN,NaN,NaN

INPUT,0.369829654693604,0.0357280559837818,0.773175060749054,0.235745266079903,3.09720039367676,1.46950948238373,K,9
OUTPUT,NaN,NaN,NaN,NaN,NaN,NaN

INPUT,0.360493957996368,0.0332609936594963,0.737557530403137,0.0183347966521978,3.13261389732361,1.26391267776489,K,5
OUTPUT,NaN,NaN,NaN,NaN,NaN,NaN

INPUT,0.365946799516678,0.0330437198281288,0.751221776008606,-0.0715004950761795,3.13095664978027,1.36423242092133,K,6
OUTPUT,NaN,NaN,NaN,NaN,NaN,NaN

INPUT,0.370187878608704,0.0328747257590294,0.761849522590637,-0.142361283302307,3.12973308563232,1.44127070903778,K,7
OUTPUT,NaN,NaN,NaN,NaN,NaN,NaN

INPUT,0.373217225074768,0.0327540151774883,0.769440770149231,-0.19333353638649,3.12889838218689,1.49594151973724,K,8
OUTPUT,NaN,NaN,NaN,NaN,NaN,NaN

INPUT,0.375034838914871,0.0326815918087959,0.773995518684387,-0.224027678370476,3.12841439247131,1.52863359451294,K,9
OUTPUT,NaN,NaN,NaN,NaN,NaN,NaN

INPUT,0.358975112438202,0.0355096235871315,0.733010232448578,0.256822407245636,3.13876724243164,1.20078063011169,K,12
OUTPUT,NaN,NaN,NaN,NaN,NaN,NaN

INPUT,0.363194137811661,0.0356124080717564,0.744252145290375,0.196635007858276,3.1383900642395,1.23993706703186,K,13
OUTPUT,NaN,NaN,NaN,NaN,NaN,NaN

INPUT,0.367413133382797,0.0357151925563812,0.755494058132172,0.138644739985466,3.13802075386047,1.28129065036774,K,14
OUTPUT,NaN,NaN,NaN,NaN,NaN,NaN

INPUT,0.371632128953934,0.0358179770410061,0.766735970973969,0.0821987167000771,3.13766002655029,1.32418882846832,K,15
OUTPUT,NaN,NaN,NaN,NaN,NaN,NaN

INPUT,0.37542924284935,0.0359104834496975,0.776853740215302,0.0323687046766281,3.13734364509583,1.36376845836639,K,16
OUTPUT,NaN,NaN,NaN,NaN,NaN,NaN

INPUT,0.378382533788681,0.035982433706522,0.784723103046417,-0.00589392054826021,3.13710308074951,1.39504671096802,K,17
OUTPUT,NaN,NaN,NaN,NaN,NaN,NaN

INPUT,0.380492061376572,0.0360338278114796,0.790344059467316,-0.0330058038234711,3.13693475723267,1.4176070690155,K,18
OUTPUT,NaN,NaN,NaN,NaN,NaN,NaN

INPUT,0.381757736206055,0.0360646620392799,0.793716609477997,-0.0491959266364574,3.13683485984802,1.43121993541718,K,19
OUTPUT,NaN,NaN,NaN,NaN,NaN,NaN

INPUT,0.382179647684097,0.0360749401152134,0.794840812683105,-0.0545807592570782,3.13680195808411,1.43576967716217,K,20
OUTPUT,NaN,NaN,NaN,NaN,NaN,NaN

INPUT,0.359113574028015,0.0350180938839912,0.732225716114044,-2.82431077957153,3.13023328781128,-1.90136575698853,K,12
OUTPUT,NaN,NaN,NaN,NaN,NaN,NaN

INPUT,0.36334815621376,0.0350693687796593,0.743382930755615,-2.87018942832947,3.129234790802,-1.8501113653183,K,13
OUTPUT,NaN,NaN,NaN,NaN,NaN,NaN

INPUT,0.367582738399506,0.0351206436753273,0.754540145397186,-2.91646528244019,3.1282651424408,-1.79925358295441,K,14
OUTPUT,NaN,NaN,NaN,NaN,NaN,NaN

INPUT,0.371817350387573,0.0351719185709953,0.765697360038757,-2.96304774284363,3.12732696533203,-1.74870193004608,K,15
OUTPUT,NaN,NaN,NaN,NaN,NaN,NaN

INPUT,0.375628471374512,0.0352180637419224,0.775738894939423,-3.00517988204956,3.12651133537292,-1.70341277122498,K,16
OUTPUT,NaN,NaN,NaN,NaN,NaN,NaN

INPUT,0.378592699766159,0.0352539569139481,0.783548951148987,-3.03806114196777,3.125896692276,-1.66829931735992,K,17
OUTPUT,NaN,NaN,NaN,NaN,NaN,NaN

INPUT,0.38070997595787,0.0352795943617821,0.78912752866745,-3.06159949302673,3.12546896934509,-1.64326965808868,K,18
OUTPUT,NaN,NaN,NaN,NaN,NaN,NaN

INPUT,0.381980359554291,0.0352949760854244,0.792474687099457,-3.07574105262756,3.1252167224884,-1.62827050685883,K,19
OUTPUT,NaN,NaN,NaN,NaN,NaN,NaN

INPUT,0.382403820753098,0.0353001020848751,0.793590426445007,-3.08045768737793,3.12513327598572,-1.62327361106873,K,20
OUTPUT,NaN,NaN,NaN,NaN,NaN,NaN

INPUT,0.360240429639816,0.0368630960583687,0.732523441314697,-3.0330171585083,3.13509702682495,-1.92070817947388,K,12
OUTPUT,NaN,NaN,NaN,NaN,NaN,NaN

INPUT,0.364592671394348,0.0371082834899426,0.743714213371277,-3.08762264251709,3.134605884552,-1.85824775695801,K,13
OUTPUT,NaN,NaN,NaN,NaN,NaN,NaN

INPUT,0.368944883346558,0.0373534671962261,0.754904925823212,3.14045238494873,3.13413834571838,-1.79629242420197,K,14
OUTPUT,NaN,NaN,NaN,NaN,NaN,NaN

INPUT,0.373297095298767,0.0375986546278,0.766095697879791,3.08494734764099,3.13369655609131,-1.73473107814789,K,15
OUTPUT,NaN,NaN,NaN,NaN,NaN,NaN

INPUT,0.377214103937149,0.0378193221986294,0.776167333126068,3.03472399711609,3.13332176208496,-1.67959463596344,K,16
OUTPUT,NaN,NaN,NaN,NaN,NaN,NaN

INPUT,0.380260646343231,0.0379909500479698,0.784000873565674,2.99551630020142,3.13304591178894,-1.63685572147369,K,17
OUTPUT,NaN,NaN,NaN,NaN,NaN,NaN

INPUT,0.382436782121658,0.0381135419011116,0.789596259593964,2.96744394302368,3.13285779953003,-1.60639452934265,K,18
OUTPUT,NaN,NaN,NaN,NaN,NaN,NaN

INPUT,0.383742421865463,0.0381870977580547,0.792953491210938,2.95057654380798,3.1327486038208,-1.58814215660095,K,19
OUTPUT,NaN,NaN,NaN,NaN,NaN,NaN

INPUT,0.384177654981613,0.0382116176187992,0.794072568416595,2.94495034217834,3.13271260261536,-1.58206176757813,K,20
OUTPUT,NaN,NaN,NaN,NaN,NaN,NaN

INPUT,0.365269869565964,0.034438218921423,0.721415162086487,-2.89481163024902,3.08477640151978,-1.95814681053162,K,11
OUTPUT,NaN,NaN,NaN,NaN,NaN,NaN

INPUT,0.370726734399796,0.0344271101057529,0.732614159584045,-2.94941163063049,3.07879114151001,-1.90250647068024,K,12
OUTPUT,NaN,NaN,NaN,NaN,NaN,NaN

INPUT,0.376183569431305,0.0344160012900829,0.743813097476959,-3.00411128997803,3.0729968547821,-1.84694528579712,K,13
OUTPUT,NaN,NaN,NaN,NaN,NaN,NaN

INPUT,0.381640404462814,0.0344048961997032,0.755012035369873,-3.05888748168945,3.06741070747375,-1.79143941402435,K,14
OUTPUT,NaN,NaN,NaN,NaN,NaN,NaN

INPUT,0.387097239494324,0.0343937873840332,0.766210973262787,-3.11372518539429,3.06204986572266,-1.73597252368927,K,15
OUTPUT,NaN,NaN,NaN,NaN,NaN,NaN

INPUT,0.392008394002914,0.0343837924301624,0.776290059089661,3.12006282806396,3.0574312210083,-1.68607592582703,K,16
OUTPUT,NaN,NaN,NaN,NaN,NaN,NaN

INPUT,0.395828187465668,0.0343760140240192,0.784129321575165,3.081618309021,3.05398178100586,-1.64727878570557,K,17
OUTPUT,NaN,NaN,NaN,NaN,NaN,NaN

INPUT,0.398556619882584,0.0343704633414745,0.789728760719299,3.05414652824402,3.05159735679626,-1.61957132816315,K,18
OUTPUT,NaN,NaN,NaN,NaN,NaN,NaN

INPUT,0.40019366145134,0.0343671292066574,0.793088436126709,3.03765892982483,3.05019950866699,-1.60294830799103,K,19
OUTPUT,NaN,NaN,NaN,NaN,NaN,NaN

INPUT,0.400739341974258,0.0343660190701485,0.794208347797394,3.03216242790222,3.04973912239075,-1.59740746021271,K,20
OUTPUT,NaN,NaN,NaN,NaN,NaN,NaN

INPUT,0.35412922501564,0.0370832830667496,0.732409000396729,0.0537984557449818,3.11883521080017,1.3345468044281,K,12
OUTPUT,NaN,NaN,NaN,NaN,NaN,NaN

INPUT,0.357838720083237,0.0373518690466881,0.743586301803589,-0.0147109990939498,3.11672425270081,1.40084528923035,K,13
OUTPUT,NaN,NaN,NaN,NaN,NaN,NaN

INPUT,0.361548215150833,0.0376204587519169,0.75476348400116,-0.0830528736114502,3.11472606658936,1.46731448173523,K,14
OUTPUT,NaN,NaN,NaN,NaN,NaN,NaN

INPUT,0.36525771021843,0.0378890447318554,0.765940725803375,-0.151270613074303,3.11284995079041,1.53391170501709,K,15
OUTPUT,NaN,NaN,NaN,NaN,NaN,NaN

INPUT,0.368596285581589,0.0381307750940323,0.776000261306763,-0.212585017085075,3.11127281188965,1.59393358230591,K,16
OUTPUT,NaN,NaN,NaN,NaN,NaN,NaN

INPUT,0.371192932128906,0.0383187830448151,0.783824324607849,-0.260231494903564,3.11012315750122,1.64066183567047,K,17
OUTPUT,NaN,NaN,NaN,NaN,NaN,NaN

INPUT,0.373047679662704,0.0384530797600746,0.789412975311279,-0.294245541095734,3.10934448242188,1.67405915260315,K,18
OUTPUT,NaN,NaN,NaN,NaN,NaN,NaN

INPUT,0.374160528182983,0.03853365406394,0.792766153812408,-0.314647287130356,3.10889482498169,1.69410455226898,K,19
OUTPUT,NaN,NaN,NaN,NaN,NaN,NaN

INPUT,0.374531477689743,0.038560513406992,0.793883860111237,-0.321446865797043,3.10874795913696,1.70078754425049,K,20
OUTPUT,NaN,NaN,NaN,NaN,NaN,NaN

INPUT,0.374516040086746,0.0344991534948349,0.731260180473328,-2.99105858802795,3.07483053207397,-1.88175809383392,K,5
OUTPUT,NaN,NaN,NaN,NaN,NaN,NaN

INPUT,0.383299976587296,0.0345233492553234,0.746751844882965,-3.08367490768433,3.06512784957886,-1.77848315238953,K,6
OUTPUT,NaN,NaN,NaN,NaN,NaN,NaN

INPUT,0.390131890773773,0.0345421694219112,0.75880092382431,3.12662315368652,3.05808210372925,-1.6989631652832,K,7
OUTPUT,NaN,NaN,NaN,NaN,NaN,NaN

INPUT,0.395011872053146,0.0345556139945984,0.767407476902008,3.07423210144043,3.05334305763245,-1.64246499538422,K,8
OUTPUT,NaN,NaN,NaN,NaN,NaN,NaN

INPUT,0.397939831018448,0.0345636792480946,0.772571325302124,3.0426914691925,3.05062413215637,-1.60866153240204,K,9
OUTPUT,NaN,NaN,NaN,NaN,NaN,NaN

INPUT,0.35928663611412,0.0354933738708496,0.723958611488342,0.337880373001099,3.13994765281677,1.22469341754913,K,4
OUTPUT,NaN,NaN,NaN,NaN,NaN,NaN

INPUT,0.365371882915497,0.0356459319591522,0.737427473068237,0.21142053604126,3.13909101486206,1.25799322128296,K,5
OUTPUT,NaN,NaN,NaN,NaN,NaN,NaN

INPUT,0.371457129716873,0.0357984937727451,0.750896394252777,0.108639642596245,3.1382474899292,1.3149721622467,K,6
OUTPUT,NaN,NaN,NaN,NaN,NaN,NaN

INPUT,0.376190066337585,0.0359171517193317,0.761372208595276,0.0353314392268658,3.1376051902771,1.36592173576355,K,7
OUTPUT,NaN,NaN,NaN,NaN,NaN,NaN

INPUT,0.379570752382278,0.0360019095242023,0.768854916095734,-0.0150682888925076,3.13715553283691,1.40427756309509,K,8
OUTPUT,NaN,NaN,NaN,NaN,NaN,NaN

INPUT,0.381599187850952,0.0360527634620667,0.77334451675415,-0.0447591356933117,3.13688993453979,1.42784011363983,K,9
OUTPUT,NaN,NaN,NaN,NaN,NaN,NaN

INPUT,0.35928663611412,0.0350050255656242,0.723258018493652,-2.82009124755859,3.12984991073608,-1.95314884185791,K,4
OUTPUT,NaN,NaN,NaN,NaN,NaN,NaN

INPUT,0.365318924188614,0.0350778102874756,0.736582040786743,-2.88650226593018,3.12848567962646,-1.86332142353058,K,5
OUTPUT,NaN,NaN,NaN,NaN,NaN,NaN

INPUT,0.371351212263107,0.0351505950093269,0.749906003475189,-2.95507001876831,3.12720012664795,-1.77564895153046,K,6
OUTPUT,NaN,NaN,NaN,NaN,NaN,NaN

INPUT,0.37604296207428,0.0352072045207024,0.760269105434418,-3.00947690010071,3.12625956535339,-1.70853507518768,K,7
OUTPUT,NaN,NaN,NaN,NaN,NaN,NaN

INPUT,0.379394233226776,0.0352476388216019,0.767671346664429,-3.04878640174866,3.12562203407288,-1.66104340553284,K,8
OUTPUT,NaN,NaN,NaN,NaN,NaN,NaN

INPUT,0.381404995918274,0.0352719016373158,0.772112667560577,-3.07252287864685,3.12525367736816,-1.63269901275635,K,9
OUTPUT,NaN,NaN,NaN,NaN,NaN,NaN

INPUT,0.360504329204559,0.0367716737091541,0.723717868328094,-3.01919388771057,3.13443970680237,-1.97429120540619,K,4
OUTPUT,NaN,NaN,NaN,NaN,NaN,NaN

INPUT,0.366724699735641,0.0371620208024979,0.737047255039215,-3.10195207595825,3.13388538360596,-1.86877226829529,K,5
OUTPUT,NaN,NaN,NaN,NaN,NaN,NaN

INPUT,0.372945070266724,0.0375523641705513,0.750376641750336,3.09702849388123,3.13339853286743,-1.76469945907593,K,6
OUTPUT,NaN,NaN,NaN,NaN,NaN,NaN

INPUT,0.377783119678497,0.0378559678792953,0.760743975639343,3.03080034255981,3.13306927680969,-1.68448972702026,K,7
OUTPUT,NaN,NaN,NaN,NaN,NaN,NaN

INPUT,0.381238877773285,0.0380728282034397,0.768149197101593,2.98318910598755,3.13286161422729,-1.6275018453598,K,8
OUTPUT,NaN,NaN,NaN,NaN,NaN,NaN

INPUT,0.383312344551086,0.0382029414176941,0.772592306137085,2.95452117919922,3.13274836540222,-1.59341049194336,K,9
OUTPUT,NaN,NaN,NaN,NaN,NaN,NaN

INPUT,0.359944403171539,0.0372860133647919,0.736176252365112,-0.0396265722811222,3.11749815940857,1.38033413887024,K,5
OUTPUT,NaN,NaN,NaN,NaN,NaN,NaN

INPUT,0.365420073270798,0.0376701317727566,0.749754905700684,-0.139628201723099,3.11405348777771,1.49714231491089,K,6
OUTPUT,NaN,NaN,NaN,NaN,NaN,NaN

INPUT,0.369678944349289,0.0379688926041126,0.760316073894501,-0.218692719936371,3.11159467697144,1.58671450614929,K,7
OUTPUT,NaN,NaN,NaN,NaN,NaN,NaN

INPUT,0.372720986604691,0.0381822921335697,0.767859756946564,-0.275652140378952,3.10996770858765,1.65021347999573,K,8
OUTPUT,NaN,NaN,NaN,NaN,NaN,NaN

INPUT,0.374546200037003,0.0383103303611279,0.772385954856873,-0.309981465339661,3.10904574394226,1.68816065788269,K,9
OUTPUT,NaN,NaN,NaN,NaN,NaN,NaN

INPUT,0.352076023817062,0.0360615514218807,0.733152031898499,0.183392122387886,3.11311745643616,1.12888014316559,K,12
OUTPUT,NaN,NaN,NaN,NaN,NaN,NaN

INPUT,0.355568617582321,0.0362224876880646,0.744408965110779,0.132798880338669,3.11027503013611,1.17780709266663,K,13
OUTPUT,NaN,NaN,NaN,NaN,NaN,NaN

INPUT,0.359061181545258,0.0363834202289581,0.755665898323059,0.0823404863476753,3.10751032829285,1.22687304019928,K,14
OUTPUT,NaN,NaN,NaN,NaN,NaN,NaN

INPUT,0.362553745508194,0.036544356495142,0.766922831535339,0.0319827608764172,3.10483002662659,1.27604448795319,K,15
OUTPUT,NaN,NaN,NaN,NaN,NaN,NaN

INPUT,0.365697056055069,0.0366891957819462,0.777054131031036,-0.0132727166637778,3.10249519348145,1.32036948204041,K,16
OUTPUT,NaN,NaN,NaN,NaN,NaN,NaN

INPUT,0.368141859769821,0.036801852285862,0.784933984279633,-0.0484365783631802,3.10073328018188,1.35488176345825,K,17
OUTPUT,NaN,NaN,NaN,NaN,NaN,NaN

INPUT,0.369888156652451,0.0368823185563087,0.790562450885773,-0.0735378861427307,3.09950494766235,1.37955093383789,K,18
OUTPUT,NaN,NaN,NaN,NaN,NaN,NaN

INPUT,0.370935916900635,0.0369305983185768,0.793939530849457,-0.088593102991581,3.09878039360046,1.39435851573944,K,19
OUTPUT,NaN,NaN,NaN,NaN,NaN,NaN

INPUT,0.371285170316696,0.0369466915726662,0.795065224170685,-0.0936105698347092,3.09854102134705,1.39929533004761,K,20
OUTPUT,NaN,NaN,NaN,NaN,NaN,NaN

INPUT,0.343973904848099,0.0362726226449013,0.743941247463226,0.244232550263405,3.052818775177,1.22538256645203,K,13
OUTPUT,NaN,NaN,NaN,NaN,NaN,NaN

INPUT,0.346362978219986,0.0364384539425373,0.755152404308319,0.197160482406616,3.0450611114502,1.27187216281891,K,14
OUTPUT,NaN,NaN,NaN,NaN,NaN,NaN

INPUT,0.348752081394196,0.0366042852401733,0.766363501548767,0.150113984942436,3.03751468658447,1.31842184066772,K,15
OUTPUT,NaN,NaN,NaN,NaN,NaN,NaN

INPUT,0.350902259349823,0.0367535352706909,0.776453495025635,0.107785061001778,3.030916929245,1.3603607416153,K,16
OUTPUT,NaN,NaN,NaN,NaN,NaN,NaN

INPUT,0.352574646472931,0.036869615316391,0.784301280975342,0.074867270886898,3.02592015266418,1.39300537109375,K,17
OUTPUT,NaN,NaN,NaN,NaN,NaN,NaN

INPUT,0.353769183158875,0.0369525328278542,0.789906859397888,0.0513558350503445,3.02242684364319,1.41633570194244,K,18
OUTPUT,NaN,NaN,NaN,NaN,NaN,NaN

INPUT,0.354485899209976,0.0370022803544998,0.793270170688629,0.0372490845620632,3.02036213874817,1.43033850193024,K,19
OUTPUT,NaN,NaN,NaN,NaN,NaN,NaN

INPUT,0.354724824428558,0.0370188653469086,0.794391274452209,0.0325468555092812,3.01967906951904,1.43500697612762,K,20
OUTPUT,NaN,NaN,NaN,NaN,NaN,NaN

INPUT,0.348247081041336,0.0360034145414829,0.743684947490692,0.125785037875175,3.08146071434021,1.25393855571747,K,13
OUTPUT,NaN,NaN,NaN,NaN,NaN,NaN

INPUT,0.351043164730072,0.0361436121165752,0.754871606826782,0.0716651305556297,3.07634925842285,1.3073148727417,K,14
OUTPUT,NaN,NaN,NaN,NaN,NaN,NaN

INPUT,0.353839248418808,0.0362838134169579,0.766058325767517,0.0175894778221846,3.07142615318298,1.36075341701508,K,15
OUTPUT,NaN,NaN,NaN,NaN,NaN,NaN

INPUT,0.356355726718903,0.0364099927246571,0.776126325130463,-0.0310509018599987,3.06716823577881,1.40889108181,K,16
OUTPUT,NaN,NaN,NaN,NaN,NaN,NaN

INPUT,0.358312994241714,0.0365081317722797,0.783957004547119,-0.0688689053058624,3.0639762878418,1.44635546207428,K,17
OUTPUT,NaN,NaN,NaN,NaN,NaN,NaN

INPUT,0.359711050987244,0.0365782305598259,0.789550364017487,-0.0958758145570755,3.06176328659058,1.47312688827515,K,18
OUTPUT,NaN,NaN,NaN,NaN,NaN,NaN

INPUT,0.360549867153168,0.0366202928125858,0.792906403541565,-0.112078189849854,3.06046319007874,1.48919403553009,K,19
OUTPUT,NaN,NaN,NaN,NaN,NaN,NaN

INPUT,0.360829472541809,0.0366343110799789,0.794025063514709,-0.117478653788567,3.06003451347351,1.49455046653748,K,20
OUTPUT,NaN,NaN,NaN,NaN,NaN,NaN

INPUT,0.357753843069077,0.0362276509404182,0.736930072307587,0.119820855557919,3.11092829704285,1.16819453239441,K,5
OUTPUT,NaN,NaN,NaN,NaN,NaN,NaN

INPUT,0.36293363571167,0.0364575423300266,0.750665426254272,0.0437142215669155,3.10626173019409,1.25210785865784,K,6
OUTPUT,NaN,NaN,NaN,NaN,NaN,NaN

INPUT,0.366962373256683,0.0366363450884819,0.76134842634201,-0.0161202121526003,3.10278677940369,1.31674230098724,K,7
OUTPUT,NaN,NaN,NaN,NaN,NaN,NaN

INPUT,0.369840025901794,0.0367640592157841,0.76897919178009,-0.0591051839292049,3.10039567947388,1.36266851425171,K,8
OUTPUT,NaN,NaN,NaN,NaN,NaN,NaN

INPUT,0.371566623449326,0.0368406884372234,0.773557662963867,-0.084975503385067,3.09899973869324,1.39014708995819,K,9
OUTPUT,NaN,NaN,NaN,NaN,NaN,NaN

INPUT,0.348255038261414,0.036475196480751,0.742162942886353,0.210812583565712,3.0496678352356,1.23977470397949,K,5
OUTPUT,NaN,NaN,NaN,NaN,NaN,NaN

INPUT,0.351459324359894,0.0366994105279446,0.753818571567535,0.147244662046432,3.03844809532166,1.31059753894806,K,6
OUTPUT,NaN,NaN,NaN,NaN,NaN,NaN

INPUT,0.353951513767242,0.0368737988173962,0.762884080410004,0.0972815379500389,3.03003978729248,1.3652126789093,K,7
OUTPUT,NaN,NaN,NaN,NaN,NaN,NaN

INPUT,0.355731666088104,0.0369983613491058,0.769359409809113,0.0613778904080391,3.02421879768372,1.40403735637665,K,8
OUTPUT,NaN,NaN,NaN,NaN,NaN,NaN

INPUT,0.356799751520157,0.0370731018483639,0.773244619369507,0.0397629030048847,3.02080392837524,1.42727136611938,K,9
OUTPUT,NaN,NaN,NaN,NaN,NaN,NaN

INPUT,0.349346160888672,0.0358891375362873,0.731476068496704,0.155025914311409,3.08770203590393,1.18330311775208,K,4
OUTPUT,NaN,NaN,NaN,NaN,NaN,NaN

INPUT,0.352814197540283,0.0360358357429504,0.742756605148315,0.0846517607569695,3.07983303070068,1.26739871501923,K,5
OUTPUT,NaN,NaN,NaN,NaN,NaN,NaN

INPUT,0.356282204389572,0.0361825376749039,0.754037141799927,0.0127369910478592,3.07232999801636,1.34999060630798,K,6
OUTPUT,NaN,NaN,NaN,NaN,NaN,NaN

INPUT,0.358979552984238,0.0362966358661652,0.762810945510864,-0.0439331755042076,3.06677651405334,1.41351902484894,K,7
OUTPUT,NaN,NaN,NaN,NaN,NaN,NaN

INPUT,0.36090624332428,0.0363781377673149,0.769077897071838,-0.0847100391983986,3.06297326087952,1.45861315727234,K,8
OUTPUT,NaN,NaN,NaN,NaN,NaN,NaN

INPUT,0.362062245607376,0.0364270396530628,0.772838115692139,-0.109275355935097,3.0607602596283,1.48557651042938,K,9
OUTPUT,NaN,NaN,NaN,NaN,NaN,NaN

INPUT,0.360464215278625,0.0337174311280251,0.732996642589569,-2.99627208709717,3.13199925422668,-1.8889342546463,K,12
OUTPUT,NaN,NaN,NaN,NaN,NaN,NaN

INPUT,0.364840090274811,0.0336314663290977,0.744237184524536,-3.05155348777771,3.13121938705444,-1.82767176628113,K,13
OUTPUT,NaN,NaN,NaN,NaN,NaN,NaN

INPUT,0.369215935468674,0.0335455052554607,0.755477607250214,-3.10724520683289,3.13047456741333,-1.76681923866272,K,14
OUTPUT,NaN,NaN,NaN,NaN,NaN,NaN

INPUT,0.373591810464859,0.0334595441818237,0.766718149185181,3.1199312210083,3.12976741790771,-1.70628345012665,K,15
OUTPUT,NaN,NaN,NaN,NaN,NaN,NaN

INPUT,0.377530097961426,0.0333821773529053,0.776834547519684,3.06930875778198,3.1291651725769,-1.652015209198,K,16
OUTPUT,NaN,NaN,NaN,NaN,NaN,NaN

INPUT,0.380593210458755,0.0333220064640045,0.784702897071838,3.02982044219971,3.1287202835083,-1.60992169380188,K,17
OUTPUT,NaN,NaN,NaN,NaN,NaN,NaN

INPUT,0.382781147956848,0.0332790240645409,0.790323138237,3.00156164169312,3.12841558456421,-1.57990765571594,K,18
OUTPUT,NaN,NaN,NaN,NaN,NaN,NaN

INPUT,0.384093910455704,0.0332532376050949,0.793695271015167,2.98458743095398,3.12823820114136,-1.5619181394577,K,19
OUTPUT,NaN,NaN,NaN,NaN,NaN,NaN

INPUT,0.384531497955322,0.0332446396350861,0.794819355010986,2.97892642021179,3.12817978858948,-1.55592465400696,K,20
OUTPUT,NaN,NaN,NaN,NaN,NaN,NaN

INPUT,0.356173604726791,0.0342242829501629,0.732629716396332,0.141133368015289,3.13650989532471,1.12143051624298,K,12
OUTPUT,NaN,NaN,NaN,NaN,NaN,NaN

INPUT,0.360098302364349,0.0341919362545013,0.743830263614655,0.0859646573662758,3.13592123985291,1.16943049430847,K,13
OUTPUT,NaN,NaN,NaN,NaN,NaN,NaN

INPUT,0.36402302980423,0.0341595932841301,0.755030751228333,0.0314631164073944,3.13534760475159,1.218097448349,K,14
OUTPUT,NaN,NaN,NaN,NaN,NaN,NaN

INPUT,0.367947727441788,0.0341272503137589,0.766231298446655,-0.0225537084043026,3.13479065895081,1.26724970340729,K,15
OUTPUT,NaN,NaN,NaN,NaN,NaN,NaN

INPUT,0.371479988098145,0.0340981408953667,0.776311755180359,-0.0708558186888695,3.13430452346802,1.31179988384247,K,16
OUTPUT,NaN,NaN,NaN,NaN,NaN,NaN

INPUT,0.374227285385132,0.0340754985809326,0.784152150154114,-0.108261786401272,3.1339373588562,1.34661245346069,K,17
OUTPUT,NaN,NaN,NaN,NaN,NaN,NaN

INPUT,0.37618961930275,0.034059327095747,0.789752423763275,-0.134907454252243,3.13368129730225,1.37155151367188,K,18
OUTPUT,NaN,NaN,NaN,NaN,NaN,NaN

INPUT,0.377367049455643,0.0340496227145195,0.793112516403198,-0.150868982076645,3.1335301399231,1.3865407705307,K,19
OUTPUT,NaN,NaN,NaN,NaN,NaN,NaN

INPUT,0.377759516239166,0.0340463891625404,0.794232606887817,-0.156185463070869,3.13348007202148,1.3915411233902,K,20
OUTPUT,NaN,NaN,NaN,NaN,NaN,NaN

INPUT,0.353762239217758,0.0351264178752899,0.732939839363098,0.131292834877968,3.12873816490173,1.15612924098969,K,12
OUTPUT,NaN,NaN,NaN,NaN,NaN,NaN

INPUT,0.357432454824448,0.0351889282464981,0.744174301624298,0.0756313651800156,3.12741661071777,1.20832824707031,K,13
OUTPUT,NaN,NaN,NaN,NaN,NaN,NaN

INPUT,0.361102700233459,0.0352514311671257,0.755408704280853,0.0202608741819859,3.12613606452942,1.26081907749176,K,14
OUTPUT,NaN,NaN,NaN,NaN,NaN,NaN

INPUT,0.364772915840149,0.0353139378130436,0.766643166542053,-0.0348931550979614,3.12490057945251,1.31352758407593,K,15
OUTPUT,NaN,NaN,NaN,NaN,NaN,NaN

INPUT,0.368076115846634,0.035370197147131,0.776754200458527,-0.0843895152211189,3.12382984161377,1.36110842227936,K,16
OUTPUT,NaN,NaN,NaN,NaN,NaN,NaN

INPUT,0.370645254850388,0.0354139506816864,0.784618318080902,-0.122811764478683,3.12302613258362,1.39819121360779,K,17
OUTPUT,NaN,NaN,NaN,NaN,NaN,NaN

INPUT,0.372480362653732,0.0354452021420002,0.79023551940918,-0.150222539901733,3.12246799468994,1.42471301555634,K,18
OUTPUT,NaN,NaN,NaN,NaN,NaN,NaN

INPUT,0.373581439256668,0.0354639552533627,0.793605864048004,-0.166656881570816,3.12213969230652,1.44063830375671,K,19
OUTPUT,NaN,NaN,NaN,NaN,NaN,NaN

INPUT,0.373948454856873,0.0354702062904835,0.794729292392731,-0.172133058309555,3.12203145027161,1.44594871997833,K,20
OUTPUT,NaN,NaN,NaN,NaN,NaN,NaN

INPUT,0.359649449586868,0.0351404435932636,0.72141170501709,-2.82164549827576,3.11615061759949,-1.97783958911896,K,11
OUTPUT,NaN,NaN,NaN,NaN,NaN,NaN

INPUT,0.364445090293884,0.0352118834853172,0.732610404491425,-2.86999797821045,3.11348223686218,-1.92693138122559,K,12
OUTPUT,NaN,NaN,NaN,NaN,NaN,NaN

INPUT,0.369240760803223,0.0352833233773708,0.743809163570404,-2.91857147216797,3.1108832359314,-1.87624073028564,K,13
OUTPUT,NaN,NaN,NaN,NaN,NaN,NaN

INPUT,0.374036371707916,0.0353547669947147,0.755007803440094,-2.96730995178223,3.10835981369019,-1.82571125030518,K,14
OUTPUT,NaN,NaN,NaN,NaN,NaN,NaN

INPUT,0.378832012414932,0.0354262068867683,0.766206502914429,-3.01617527008057,3.10591793060303,-1.77530431747437,K,15
OUTPUT,NaN,NaN,NaN,NaN,NaN,NaN

INPUT,0.383148103952408,0.0354905016720295,0.776285350322723,-3.06023955345154,3.10379552841187,-1.73001992702484,K,16
OUTPUT,NaN,NaN,NaN,NaN,NaN,NaN

INPUT,0.386505037546158,0.035540509968996,0.784124433994293,-3.09455752372742,3.10219645500183,-1.6948424577713,K,17
OUTPUT,NaN,NaN,NaN,NaN,NaN,NaN

INPUT,0.388902872800827,0.035576231777668,0.789723813533783,-3.11909174919128,3.10108327865601,-1.66973543167114,K,18
OUTPUT,NaN,NaN,NaN,NaN,NaN,NaN

INPUT,0.390341579914093,0.0355976633727551,0.793083429336548,-3.13382005691528,3.1004273891449,-1.65467822551727,K,19
OUTPUT,NaN,NaN,NaN,NaN,NaN,NaN

INPUT,0.390821129083633,0.0356048084795475,0.794203281402588,-3.13873052597046,3.10021066665649,-1.64966034889221,K,20
OUTPUT,NaN,NaN,NaN,NaN,NaN,NaN

INPUT,0.360291302204132,0.034988347440958,0.732892036437988,-2.77548289299011,3.12932729721069,-1.89152455329895,K,12
OUTPUT,NaN,NaN,NaN,NaN,NaN,NaN

INPUT,0.364649534225464,0.0350363738834858,0.744120299816132,-2.81912016868591,3.12823367118835,-1.84213197231293,K,13
OUTPUT,NaN,NaN,NaN,NaN,NaN,NaN

INPUT,0.369007796049118,0.0350844040513039,0.755348563194275,-2.86318826675415,3.12716865539551,-1.79316985607147,K,14
OUTPUT,NaN,NaN,NaN,NaN,NaN,NaN

INPUT,0.37336602807045,0.0351324304938316,0.766576826572418,-2.90758919715881,3.12613487243652,-1.74453949928284,K,15
OUTPUT,NaN,NaN,NaN,NaN,NaN,NaN

INPUT,0.377288460731506,0.035175658762455,0.776682257652283,-2.94777536392212,3.12523293495178,-1.70099687576294,K,16
OUTPUT,NaN,NaN,NaN,NaN,NaN,NaN

INPUT,0.380339205265045,0.0352092795073986,0.78454202413559,-2.97915267944336,3.12455105781555,-1.66725146770477,K,17
OUTPUT,NaN,NaN,NaN,NaN,NaN,NaN

INPUT,0.382518351078033,0.0352332927286625,0.790156126022339,-3.00162100791931,3.12407517433167,-1.6432032585144,K,18
OUTPUT,NaN,NaN,NaN,NaN,NaN,NaN

INPUT,0.383825808763504,0.0352477021515369,0.793524622917175,-3.01512217521667,3.1237940788269,-1.6287944316864,K,19
OUTPUT,NaN,NaN,NaN,NaN,NaN,NaN

INPUT,0.384261637926102,0.0352525040507317,0.794647455215454,-3.01962566375732,3.12370109558105,-1.62399458885193,K,20
OUTPUT,NaN,NaN,NaN,NaN,NaN,NaN

INPUT,0.361367642879486,0.0372261293232441,0.721721947193146,-2.62806868553162,3.09980821609497,-1.91989016532898,K,11
OUTPUT,NaN,NaN,NaN,NaN,NaN,NaN

INPUT,0.366365224123001,0.0375430397689342,0.732957065105438,-2.66867089271545,3.09524345397949,-1.87717294692993,K,12
OUTPUT,NaN,NaN,NaN,NaN,NaN,NaN

INPUT,0.371362805366516,0.0378599502146244,0.744192242622375,-2.70946598052979,3.09075880050659,-1.83463943004608,K,13
OUTPUT,NaN,NaN,NaN,NaN,NaN,NaN

INPUT,0.376360416412354,0.0381768606603146,0.755427360534668,-2.75040531158447,3.08636236190796,-1.79224097728729,K,14
OUTPUT,NaN,NaN,NaN,NaN,NaN,NaN

INPUT,0.381357997655869,0.0384937673807144,0.76666247844696,-2.79145646095276,3.08206176757813,-1.74994421005249,K,15
OUTPUT,NaN,NaN,NaN,NaN,NaN,NaN

INPUT,0.385855823755264,0.0387789867818356,0.776774108409882,-2.82847833633423,3.07827949523926,-1.71194410324097,K,16
OUTPUT,NaN,NaN,NaN,NaN,NaN,NaN

INPUT,0.389354139566422,0.0390008240938187,0.784638702869415,-2.8573145866394,3.07539892196655,-1.68242347240448,K,17
OUTPUT,NaN,NaN,NaN,NaN,NaN,NaN

INPUT,0.39185294508934,0.0391592793166637,0.790256261825562,-2.8779308795929,3.0733757019043,-1.66135334968567,K,18
OUTPUT,NaN,NaN,NaN,NaN,NaN,NaN

INPUT,0.393352210521698,0.0392543524503708,0.793626844882965,-2.89030790328979,3.07217597961426,-1.64871692657471,K,19
OUTPUT,NaN,NaN,NaN,NaN,NaN,NaN

INPUT,0.393851965665817,0.0392860434949398,0.794750332832336,-2.89443445205688,3.07177829742432,-1.64450550079346,K,20
OUTPUT,NaN,NaN,NaN,NaN,NaN,NaN

INPUT,0.355282664299011,0.0368844419717789,0.732421457767487,0.0738788098096848,3.12944436073303,1.15872013568878,K,12
OUTPUT,NaN,NaN,NaN,NaN,NaN,NaN

INPUT,0.359112918376923,0.0371320098638535,0.743601441383362,0.0151622304692864,3.12820410728455,1.21417999267578,K,13
OUTPUT,NaN,NaN,NaN,NaN,NaN,NaN

INPUT,0.362943202257156,0.037379577755928,0.754781365394592,-0.0432827509939671,3.12700748443604,1.26991236209869,K,14
OUTPUT,NaN,NaN,NaN,NaN,NaN,NaN

INPUT,0.366773456335068,0.0376271456480026,0.765961349010468,-0.101526118814945,3.12585830688477,1.32584726810455,K,15
OUTPUT,NaN,NaN,NaN,NaN,NaN,NaN

INPUT,0.370220690965652,0.0378499589860439,0.776023328304291,-0.153812766075134,3.1248676776886,1.37632215023041,K,16
OUTPUT,NaN,NaN,NaN,NaN,NaN,NaN

INPUT,0.372901856899261,0.0380232557654381,0.78384929895401,-0.194410726428032,3.12412762641907,1.41565036773682,K,17
OUTPUT,NaN,NaN,NaN,NaN,NaN,NaN

INPUT,0.374816983938217,0.0381470434367657,0.78943932056427,-0.223377868533134,3.12361598014832,1.44377362728119,K,18
OUTPUT,NaN,NaN,NaN,NaN,NaN,NaN

INPUT,0.37596607208252,0.0382213108241558,0.792793273925781,-0.240747019648552,3.12331581115723,1.46065878868103,K,19
OUTPUT,NaN,NaN,NaN,NaN,NaN,NaN

INPUT,0.376349091529846,0.0382460691034794,0.793911278247833,-0.246534943580627,3.12321710586548,1.46628892421722,K,20
OUTPUT,NaN,NaN,NaN,NaN,NaN,NaN

INPUT,0.366733461618423,0.0338238291442394,0.720466434955597,-2.95825028419495,3.07035899162292,-2.11584687232971,K,11
OUTPUT,NaN,NaN,NaN,NaN,NaN,NaN

INPUT,0.372361689805984,0.0337402336299419,0.731555163860321,-3.00755262374878,3.06269121170044,-2.06596875190735,K,12
OUTPUT,NaN,NaN,NaN,NaN,NaN,NaN

INPUT,0.377989917993546,0.0336566343903542,0.74264395236969,-3.05692052841187,3.05521726608276,-2.01612639427185,K,13
OUTPUT,NaN,NaN,NaN,NaN,NaN,NaN

INPUT,0.383618116378784,0.0335730388760567,0.753732740879059,-3.10634112358093,3.04795551300049,-1.96630561351776,K,14
OUTPUT,NaN,NaN,NaN,NaN,NaN,NaN

INPUT,0.389246344566345,0.0334894433617592,0.764821469783783,3.12737846374512,3.0409243106842,-1.91649663448334,K,15
OUTPUT,NaN,NaN,NaN,NaN,NaN,NaN

INPUT,0.394311726093292,0.0334142073988914,0.77480137348175,3.08282542228699,3.0348072052002,-1.87167274951935,K,16
OUTPUT,NaN,NaN,NaN,NaN,NaN,NaN

INPUT,0.398251473903656,0.0333556868135929,0.782563507556915,3.04815316200256,3.03019618988037,-1.83680999279022,K,17
OUTPUT,NaN,NaN,NaN,NaN,NaN,NaN

INPUT,0.401065587997437,0.0333138890564442,0.788107931613922,3.02337694168091,3.02698445320129,-1.81190705299377,K,18
OUTPUT,NaN,NaN,NaN,NaN,NaN,NaN

INPUT,0.402754068374634,0.0332888104021549,0.791434526443481,3.00850749015808,3.02509117126465,-1.79696500301361,K,19
OUTPUT,NaN,NaN,NaN,NaN,NaN,NaN

INPUT,0.403316885232925,0.0332804508507252,0.792543411254883,3.00355052947998,3.02446579933167,-1.79198408126831,K,20
OUTPUT,NaN,NaN,NaN,NaN,NaN,NaN

INPUT,0.368155658245087,0.035254143178463,0.730809450149536,-2.90914940834045,3.1113109588623,-1.90977776050568,K,5
OUTPUT,NaN,NaN,NaN,NaN,NaN,NaN

INPUT,0.376017361879349,0.0353795327246189,0.74643737077713,-2.99064373970032,3.1070704460144,-1.8149915933609,K,6
OUTPUT,NaN,NaN,NaN,NaN,NaN,NaN

INPUT,0.382132023572922,0.035477053374052,0.758592426776886,-3.05504012107849,3.10395526885986,-1.74227273464203,K,7
OUTPUT,NaN,NaN,NaN,NaN,NaN,NaN

INPUT,0.386499643325806,0.035546712577343,0.767274677753448,-3.1014301776886,3.10183715820313,-1.69071853160858,K,8
OUTPUT,NaN,NaN,NaN,NaN,NaN,NaN

INPUT,0.389120191335678,0.0355885066092014,0.772483944892883,-3.12939143180847,3.10061144828796,-1.65991115570068,K,9
OUTPUT,NaN,NaN,NaN,NaN,NaN,NaN

INPUT,0.370009243488312,0.0375081039965153,0.731359720230103,-2.69916319847107,3.09182190895081,-1.86066961288452,K,5
OUTPUT,NaN,NaN,NaN,NaN,NaN,NaN

INPUT,0.378105640411377,0.0380252860486507,0.746997892856598,-2.76859545707703,3.08431911468506,-1.78201329708099,K,6
OUTPUT,NaN,NaN,NaN,NaN,NaN,NaN

INPUT,0.384402811527252,0.0384275391697884,0.759160876274109,-2.82335638999939,3.078697681427,-1.72157275676727,K,7
OUTPUT,NaN,NaN,NaN,NaN,NaN,NaN

INPUT,0.388900816440582,0.0387148633599281,0.76784873008728,-2.8627655506134,3.0748085975647,-1.67868316173553,K,8
OUTPUT,NaN,NaN,NaN,NaN,NaN,NaN

INPUT,0.391599625349045,0.0388872548937798,0.773061394691467,-2.88650679588318,3.07252907752991,-1.65304005146027,K,9
OUTPUT,NaN,NaN,NaN,NaN,NaN,NaN

INPUT,0.360794603824615,0.0338182635605335,0.724350988864899,-2.98575925827026,3.13150262832642,-1.94555711746216,K,4
OUTPUT,NaN,NaN,NaN,NaN,NaN,NaN

INPUT,0.367007821798325,0.0336779206991196,0.73771071434021,-3.06789422035217,3.13048267364502,-1.84024667739868,K,5
OUTPUT,NaN,NaN,NaN,NaN,NaN,NaN

INPUT,0.373221039772034,0.0335375778377056,0.751070499420166,3.13128399848938,3.129558801651,-1.7368072271347,K,6
OUTPUT,NaN,NaN,NaN,NaN,NaN,NaN

INPUT,0.378053575754166,0.0334284268319607,0.761461436748505,3.06501269340515,3.12891244888306,-1.65728616714478,K,7
OUTPUT,NaN,NaN,NaN,NaN,NaN,NaN

INPUT,0.381505370140076,0.0333504565060139,0.768883526325226,3.01729226112366,3.12849140167236,-1.60086894035339,K,8
OUTPUT,NaN,NaN,NaN,NaN,NaN,NaN

INPUT,0.383576422929764,0.0333036780357361,0.77333676815033,2.98853230476379,3.12825560569763,-1.56714642047882,K,9
OUTPUT,NaN,NaN,NaN,NaN,NaN,NaN

INPUT,0.362124681472778,0.0342098847031593,0.736690998077393,0.0687967836856842,3.13661003112793,1.1556556224823,K,5
OUTPUT,NaN,NaN,NaN,NaN,NaN,NaN

INPUT,0.367810934782028,0.0341419391334057,0.750206172466278,-0.0115496721118689,3.13544392585754,1.24122107028961,K,6
OUTPUT,NaN,NaN,NaN,NaN,NaN,NaN

INPUT,0.37223356962204,0.034089095890522,0.760717988014221,-0.0746313259005547,3.13456559181213,1.30718231201172,K,7
OUTPUT,NaN,NaN,NaN,NaN,NaN,NaN

INPUT,0.375392585992813,0.0340513475239277,0.768226444721222,-0.119889996945858,3.13395619392395,1.3540974855423,K,8
OUTPUT,NaN,NaN,NaN,NaN,NaN,NaN

INPUT,0.377287983894348,0.034028697758913,0.77273154258728,-0.147105291485786,3.13359808921814,1.38218665122986,K,9
OUTPUT,NaN,NaN,NaN,NaN,NaN,NaN

INPUT,0.359475135803223,0.0351903736591339,0.73686408996582,0.0587520338594913,3.12810468673706,1.19501161575317,K,5
OUTPUT,NaN,NaN,NaN,NaN,NaN,NaN

INPUT,0.364824265241623,0.0352669917047024,0.750496923923492,-0.0234635397791862,3.12580943107605,1.28624939918518,K,6
OUTPUT,NaN,NaN,NaN,NaN,NaN,NaN

INPUT,0.36898472905159,0.0353265814483166,0.761100292205811,-0.0882110595703125,3.12410497665405,1.35641181468964,K,7
OUTPUT,NaN,NaN,NaN,NaN,NaN,NaN

INPUT,0.371956467628479,0.0353691466152668,0.768674075603485,-0.134757146239281,3.12293577194214,1.40623140335083,K,8
OUTPUT,NaN,NaN,NaN,NaN,NaN,NaN

INPUT,0.373739510774612,0.0353946872055531,0.773218393325806,-0.162778809666634,3.12225484848022,1.43602955341339,K,9
OUTPUT,NaN,NaN,NaN,NaN,NaN,NaN

INPUT,0.360599458217621,0.034965492784977,0.724255442619324,-2.77243733406067,3.12894320487976,-1.9421546459198,K,4
OUTPUT,NaN,NaN,NaN,NaN,NaN,NaN

INPUT,0.366768956184387,0.0350299440324306,0.737595319747925,-2.83523988723755,3.12744116783142,-1.85530841350555,K,5
OUTPUT,NaN,NaN,NaN,NaN,NaN,NaN

INPUT,0.372938454151154,0.0350943952798843,0.750935196876526,-2.90030217170715,3.12601661682129,-1.77072012424469,K,6
OUTPUT,NaN,NaN,NaN,NaN,NaN,NaN

INPUT,0.377736985683441,0.0351445190608501,0.761310696601868,-2.95203399658203,3.12496757507324,-1.70605623722076,K,7
OUTPUT,NaN,NaN,NaN,NaN,NaN,NaN

INPUT,0.381164491176605,0.035180326551199,0.768721759319305,-2.98945450782776,3.12425208091736,-1.66033613681793,K,8
OUTPUT,NaN,NaN,NaN,NaN,NaN,NaN

INPUT,0.383220970630646,0.0352018103003502,0.773168385028839,-3.01206493377686,3.12383699417114,-1.63306212425232,K,9
OUTPUT,NaN,NaN,NaN,NaN,NaN,NaN

INPUT,0.361166536808014,0.037124689668417,0.736336231231689,-0.00756688043475151,3.12890720367432,1.19519734382629,K,5
OUTPUT,NaN,NaN,NaN,NaN,NaN,NaN

INPUT,0.366760551929474,0.0374961011111736,0.749864459037781,-0.0921529084444046,3.12674403190613,1.29423022270203,K,6
OUTPUT,NaN,NaN,NaN,NaN,NaN,NaN

INPUT,0.371111452579498,0.0377849750220776,0.760386407375336,-0.159225210547447,3.12514686584473,1.3699746131897,K,7
OUTPUT,NaN,NaN,NaN,NaN,NaN,NaN

INPUT,0.374219238758087,0.0379913151264191,0.767902076244354,-0.207608163356781,3.1240565776825,1.4236044883728,K,8
OUTPUT,NaN,NaN,NaN,NaN,NaN,NaN

INPUT,0.37608391046524,0.0381151176989079,0.772411525249481,-0.236787065863609,3.12342429161072,1.45563411712646,K,9
OUTPUT,NaN,NaN,NaN,NaN,NaN,NaN

INPUT,0.367038995027542,0.0339158363640308,0.714956104755402,-2.96246767044067,3.07115364074707,-2.14094018936157,K,4
OUTPUT,NaN,NaN,NaN,NaN,NaN,NaN

INPUT,0.376029193401337,0.0338327772915363,0.730236053466797,-3.04457807540894,3.05781531333923,-2.04686379432678,K,5
OUTPUT,NaN,NaN,NaN,NaN,NaN,NaN

INPUT,0.385019391775131,0.0337497182190418,0.745516061782837,-3.12835001945496,3.0451238155365,-1.95435297489166,K,6
OUTPUT,NaN,NaN,NaN,NaN,NaN,NaN

INPUT,0.392011731863022,0.0336851142346859,0.757400512695313,3.08893704414368,3.03576421737671,-1.88307058811188,K,7
OUTPUT,NaN,NaN,NaN,NaN,NaN,NaN

INPUT,0.397006303071976,0.0336389690637589,0.765889406204224,3.04157757759094,3.02938032150269,-1.83240306377411,K,8
OUTPUT,NaN,NaN,NaN,NaN,NaN,NaN

INPUT,0.400003015995026,0.0336112827062607,0.77098274230957,3.01306772232056,3.02567791938782,-1.80208039283752,K,9
OUTPUT,NaN,NaN,NaN,NaN,NaN,NaN

INPUT,0.363199949264526,0.036382682621479,0.732446312904358,-2.84025740623474,3.11861300468445,-1.87600588798523,K,12
OUTPUT,NaN,NaN,NaN,NaN,NaN,NaN

INPUT,0.367864280939102,0.0365775600075722,0.743627607822418,-2.88956809043884,3.11651492118835,-1.82382786273956,K,13
OUTPUT,NaN,NaN,NaN,NaN,NaN,NaN

INPUT,0.372528582811356,0.036772433668375,0.754808843135834,-2.93909859657288,3.11448121070862,-1.77186703681946,K,14
OUTPUT,NaN,NaN,NaN,NaN,NaN,NaN

INPUT,0.377192914485931,0.0369673110544682,0.765990138053894,-2.98879742622375,3.11251711845398,-1.72007191181183,K,15
OUTPUT,NaN,NaN,NaN,NaN,NaN,NaN

INPUT,0.381390780210495,0.03714270144701,0.776053249835968,-3.03364038467407,3.11081337928772,-1.67356729507446,K,16
OUTPUT,NaN,NaN,NaN,NaN,NaN,NaN

INPUT,0.384655803442001,0.0372791141271591,0.783880174160004,-3.06857872009277,3.10953259468079,-1.63745641708374,K,17
OUTPUT,NaN,NaN,NaN,NaN,NaN,NaN

INPUT,0.38698798418045,0.0373765528202057,0.789470791816711,-3.09356284141541,3.10864233970642,-1.6116898059845,K,18
OUTPUT,NaN,NaN,NaN,NaN,NaN,NaN

INPUT,0.388387262821198,0.0374350175261497,0.792825162410736,-3.10856342315674,3.10811829566956,-1.59623980522156,K,19
OUTPUT,NaN,NaN,NaN,NaN,NaN,NaN

INPUT,0.388853698968887,0.037454504519701,0.793943285942078,-3.11356496810913,3.10794520378113,-1.59109127521515,K,20
OUTPUT,NaN,NaN,NaN,NaN,NaN,NaN

INPUT,0.352050215005875,0.0365786328911781,0.732484817504883,0.146252661943436,3.11382603645325,1.21356987953186,K,12
OUTPUT,NaN,NaN,NaN,NaN,NaN,NaN

INPUT,0.355540901422501,0.0367941223084927,0.743670046329498,0.0892422944307327,3.1111273765564,1.26890397071838,K,13
OUTPUT,NaN,NaN,NaN,NaN,NaN,NaN

INPUT,0.359031587839127,0.0370096080005169,0.754855334758759,0.0323639251291752,3.10852479934692,1.32437479496002,K,14
OUTPUT,NaN,NaN,NaN,NaN,NaN,NaN

INPUT,0.362522274255753,0.0372250974178314,0.766040563583374,-0.0244159661233425,3.1060266494751,1.37994885444641,K,15
OUTPUT,NaN,NaN,NaN,NaN,NaN,NaN

INPUT,0.365663915872574,0.0374190360307693,0.776107311248779,-0.0754530727863312,3.10387396812439,1.43003439903259,K,16
OUTPUT,NaN,NaN,NaN,NaN,NaN,NaN

INPUT,0.368107408285141,0.0375698804855347,0.783936977386475,-0.115114621818066,3.10226583480835,1.46902668476105,K,17
OUTPUT,NaN,NaN,NaN,NaN,NaN,NaN

INPUT,0.369852751493454,0.0376776233315468,0.789529621601105,-0.14342899620533,3.10115432739258,1.49689495563507,K,18
OUTPUT,NaN,NaN,NaN,NaN,NaN,NaN

INPUT,0.370899945497513,0.0377422720193863,0.792885184288025,-0.160412177443504,3.10050272941589,1.51362192630768,K,19
OUTPUT,NaN,NaN,NaN,NaN,NaN,NaN

INPUT,0.37124902009964,0.0377638190984726,0.79400372505188,-0.166072383522987,3.1002881526947,1.51919853687286,K,20
OUTPUT,NaN,NaN,NaN,NaN,NaN,NaN

INPUT,0.361955255270004,0.0329593420028687,0.733159959316254,-3.00507616996765,3.12346887588501,-1.94552993774414,K,12
OUTPUT,NaN,NaN,NaN,NaN,NaN,NaN

INPUT,0.366488605737686,0.0327938422560692,0.744416296482086,-3.05960702896118,3.12187623977661,-1.88854384422302,K,13
OUTPUT,NaN,NaN,NaN,NaN,NaN,NaN

INPUT,0.371021926403046,0.03262834623456,0.755672693252563,-3.11431884765625,3.12034487724304,-1.83173751831055,K,14
OUTPUT,NaN,NaN,NaN,NaN,NaN,NaN

INPUT,0.375555276870728,0.0324628464877605,0.766929030418396,3.11401510238647,3.1188793182373,-1.77506828308105,K,15
OUTPUT,NaN,NaN,NaN,NaN,NaN,NaN

INPUT,0.379635274410248,0.0323138982057571,0.777059733867645,3.06455540657043,3.11762070655823,-1.72415816783905,K,16
OUTPUT,NaN,NaN,NaN,NaN,NaN,NaN

INPUT,0.38280862569809,0.0321980491280556,0.784939229488373,3.02603650093079,3.1166832447052,-1.68461048603058,K,17
OUTPUT,NaN,NaN,NaN,NaN,NaN,NaN

INPUT,0.385075300931931,0.0321152992546558,0.790567398071289,2.99850034713745,3.11603665351868,-1.6563845872879,K,18
OUTPUT,NaN,NaN,NaN,NaN,NaN,NaN

INPUT,0.386435300111771,0.0320656523108482,0.793944299221039,2.9819700717926,3.11565852165222,-1.63945722579956,K,19
OUTPUT,NaN,NaN,NaN,NaN,NaN,NaN

INPUT,0.38688862323761,0.0320491008460522,0.795069932937622,2.97645878791809,3.11553382873535,-1.63381600379944,K,20
OUTPUT,NaN,NaN,NaN,NaN,NaN,NaN

INPUT,0.353493958711624,0.0355385988950729,0.733002722263336,0.121289767324924,3.11739373207092,1.20298051834106,K,12
OUTPUT,NaN,NaN,NaN,NaN,NaN,NaN

INPUT,0.357136845588684,0.035644393414259,0.74424284696579,0.0634317472577095,3.11503481864929,1.25897717475891,K,13
OUTPUT,NaN,NaN,NaN,NaN,NaN,NaN

INPUT,0.360779762268066,0.0357501842081547,0.755482912063599,0.00572155974805355,3.11276173591614,1.31512498855591,K,14
OUTPUT,NaN,NaN,NaN,NaN,NaN,NaN

INPUT,0.364422649145126,0.0358559787273407,0.766723036766052,-0.0518783554434776,3.11058211326599,1.37138688564301,K,15
OUTPUT,NaN,NaN,NaN,NaN,NaN,NaN

INPUT,0.367701262235641,0.0359511971473694,0.776839137077332,-0.103645741939545,3.10870623588562,1.42209839820862,K,16
OUTPUT,NaN,NaN,NaN,NaN,NaN,NaN

INPUT,0.370251268148422,0.0360252521932125,0.784707188606262,-0.143871113657951,3.10730648040771,1.46158087253571,K,17
OUTPUT,NaN,NaN,NaN,NaN,NaN,NaN

INPUT,0.372072726488113,0.0360781475901604,0.790327250957489,-0.172586351633072,3.10633993148804,1.48980104923248,K,18
OUTPUT,NaN,NaN,NaN,NaN,NaN,NaN

INPUT,0.37316557765007,0.0361098870635033,0.793699264526367,-0.189809173345566,3.10577368736267,1.50673961639404,K,19
OUTPUT,NaN,NaN,NaN,NaN,NaN,NaN

INPUT,0.373529881238937,0.0361204668879509,0.794823288917542,-0.195549324154854,3.10558724403381,1.51238691806793,K,20
OUTPUT,NaN,NaN,NaN,NaN,NaN,NaN

INPUT,0.350836396217346,0.0378333441913128,0.732582926750183,0.15857520699501,3.10802602767944,1.18119502067566,K,12
OUTPUT,NaN,NaN,NaN,NaN,NaN,NaN

INPUT,0.354198813438416,0.0381806753575802,0.743779718875885,0.104011029005051,3.10474872589111,1.23427832126617,K,13
OUTPUT,NaN,NaN,NaN,NaN,NaN,NaN

INPUT,0.357561260461807,0.0385280065238476,0.754976511001587,0.0495631024241447,3.10157823562622,1.28748404979706,K,14
OUTPUT,NaN,NaN,NaN,NaN,NaN,NaN

INPUT,0.360923677682877,0.038875337690115,0.766173243522644,-0.00479857251048088,3.09852385520935,1.34078288078308,K,15
OUTPUT,NaN,NaN,NaN,NaN,NaN,NaN

INPUT,0.363949865102768,0.0391879342496395,0.77625036239624,-0.0536674372851849,3.09588098526001,1.3888144493103,K,16
OUTPUT,NaN,NaN,NaN,NaN,NaN,NaN

INPUT,0.366303563117981,0.0394310690462589,0.784088134765625,-0.0916470065712929,3.09389925003052,1.42620575428009,K,17
OUTPUT,NaN,NaN,NaN,NaN,NaN,NaN

INPUT,0.367984771728516,0.0396047346293926,0.789686501026154,-0.118762008845806,3.09252524375916,1.45292925834656,K,18
OUTPUT,NaN,NaN,NaN,NaN,NaN,NaN

INPUT,0.368993520736694,0.0397089309990406,0.793045520782471,-0.135026410222054,3.09171772003174,1.4689689874649,K,19
OUTPUT,NaN,NaN,NaN,NaN,NaN,NaN

INPUT,0.369329750537872,0.0397436656057835,0.794165194034576,-0.140446990728378,3.09145140647888,1.47431635856628,K,20
OUTPUT,NaN,NaN,NaN,NaN,NaN,NaN

INPUT,0.363707721233368,0.0362681746482849,0.72467565536499,-2.82743763923645,3.11872911453247,-1.92184960842133,K,4
OUTPUT,NaN,NaN,NaN,NaN,NaN,NaN

INPUT,0.370185971260071,0.0365772135555744,0.737720131874084,-2.90131378173828,3.11561989784241,-1.83244156837463,K,5
OUTPUT,NaN,NaN,NaN,NaN,NaN,NaN

INPUT,0.376664251089096,0.0368862524628639,0.750764548778534,-2.97681760787964,3.1126823425293,-1.74465489387512,K,6
OUTPUT,NaN,NaN,NaN,NaN,NaN,NaN

INPUT,0.381702899932861,0.037126611918211,0.760910212993622,-3.03632593154907,3.11052918434143,-1.67715489864349,K,7
OUTPUT,NaN,NaN,NaN,NaN,NaN,NaN

INPUT,0.385301917791367,0.0372982993721962,0.768157124519348,-3.07914972305298,3.1090669631958,-1.62925565242767,K,8
OUTPUT,NaN,NaN,NaN,NaN,NaN,NaN

INPUT,0.387461334466934,0.0374013148248196,0.772505223751068,-3.10494923591614,3.10822153091431,-1.60062074661255,K,9
OUTPUT,NaN,NaN,NaN,NaN,NaN,NaN

INPUT,0.357666969299316,0.0367690101265907,0.736127018928528,0.0724994540214539,3.1118221282959,1.25590980052948,K,5
OUTPUT,NaN,NaN,NaN,NaN,NaN,NaN

INPUT,0.362849712371826,0.0370779931545258,0.749768793582916,-0.0124035105109215,3.10741496086121,1.35166490077972,K,6
OUTPUT,NaN,NaN,NaN,NaN,NaN,NaN

INPUT,0.366880744695663,0.0373183153569698,0.760379016399384,-0.079304076731205,3.10417771339417,1.42528510093689,K,7
OUTPUT,NaN,NaN,NaN,NaN,NaN,NaN

INPUT,0.369760066270828,0.0374899730086327,0.767957806587219,-0.127421274781227,3.10197710990906,1.47754490375519,K,8
OUTPUT,NaN,NaN,NaN,NaN,NaN,NaN

INPUT,0.371487647294998,0.0375929661095142,0.772505044937134,-0.156397894024849,3.10070419311523,1.50879657268524,K,9
OUTPUT,NaN,NaN,NaN,NaN,NaN,NaN

INPUT,0.362458199262619,0.0331142619252205,0.725103795528412,-2.99258184432983,3.12342000007629,-1.99732029438019,K,4
OUTPUT,NaN,NaN,NaN,NaN,NaN,NaN

INPUT,0.36878901720047,0.0328549817204475,0.738331913948059,-3.07381510734558,3.12109088897705,-1.89918184280396,K,5
OUTPUT,NaN,NaN,NaN,NaN,NaN,NaN

INPUT,0.375119805335999,0.0325957052409649,0.751560091972351,3.12645864486694,3.11892557144165,-1.8027172088623,K,6
OUTPUT,NaN,NaN,NaN,NaN,NaN,NaN

INPUT,0.380043774843216,0.0323940441012383,0.761848628520966,3.06116223335266,3.11736583709717,-1.72849595546722,K,7
OUTPUT,NaN,NaN,NaN,NaN,NaN,NaN

INPUT,0.3835608959198,0.0322499983012676,0.769197583198547,3.01419425010681,3.11632299423218,-1.67580699920654,K,8
OUTPUT,NaN,NaN,NaN,NaN,NaN,NaN

INPUT,0.38567116856575,0.0321635715663433,0.773606956005096,2.98590469360352,3.11572742462158,-1.64430165290833,K,9
OUTPUT,NaN,NaN,NaN,NaN,NaN,NaN

INPUT,0.359293162822723,0.0356131345033646,0.736846923828125,0.0456937588751316,3.11574172973633,1.24501466751099,K,5
OUTPUT,NaN,NaN,NaN,NaN,NaN,NaN

INPUT,0.364672631025314,0.0357454121112823,0.750523090362549,-0.0401036739349365,3.11185836791992,1.34230971336365,K,6
OUTPUT,NaN,NaN,NaN,NaN,NaN,NaN

INPUT,0.368856638669968,0.0358482971787453,0.76116007566452,-0.107760407030582,3.10900807380676,1.41706502437592,K,7
OUTPUT,NaN,NaN,NaN,NaN,NaN,NaN

INPUT,0.371845245361328,0.035921785980463,0.768757939338684,-0.156439289450645,3.10707211494446,1.47011291980743,K,8
OUTPUT,NaN,NaN,NaN,NaN,NaN,NaN

INPUT,0.373638391494751,0.0359658785164356,0.77331668138504,-0.185759395360947,3.10595297813416,1.50183069705963,K,9
OUTPUT,NaN,NaN,NaN,NaN,NaN,NaN

INPUT,0.35637229681015,0.0381591208279133,0.73616224527359,0.088151179254055,3.10543012619019,1.22203946113586,K,5
OUTPUT,NaN,NaN,NaN,NaN,NaN,NaN

INPUT,0.361394286155701,0.0386790409684181,0.749852359294891,0.00679751066491008,3.10011386871338,1.31378412246704,K,6
OUTPUT,NaN,NaN,NaN,NaN,NaN,NaN

INPUT,0.365300297737122,0.0390834249556065,0.760500192642212,-0.0573045499622822,3.09619092941284,1.38432681560516,K,7
OUTPUT,NaN,NaN,NaN,NaN,NaN,NaN

INPUT,0.368090271949768,0.039372269064188,0.768105804920197,-0.103410288691521,3.09351372718811,1.43440306186676,K,8
OUTPUT,NaN,NaN,NaN,NaN,NaN,NaN

INPUT,0.369764298200607,0.039545577019453,0.772669196128845,-0.131176501512527,3.09196019172668,1.46434915065765,K,9
OUTPUT,NaN,NaN,NaN,NaN,NaN,NaN

INPUT,0.364470213651657,0.0342434346675873,0.721304059028625,-2.80654716491699,3.10316586494446,-2.01576232910156,K,11
OUTPUT,NaN,NaN,NaN,NaN,NaN,NaN

INPUT,0.369832009077072,0.034209355711937,0.732491374015808,-2.85218405723572,3.09904265403748,-1.96836233139038,K,12
OUTPUT,NaN,NaN,NaN,NaN,NaN,NaN

INPUT,0.37519383430481,0.0341752767562866,0.743678748607635,-2.89797925949097,3.09501147270203,-1.92111253738403,K,13
OUTPUT,NaN,NaN,NaN,NaN,NaN,NaN

INPUT,0.380555659532547,0.034141194075346,0.754866123199463,-2.94389343261719,3.09108090400696,-1.87397313117981,K,14
OUTPUT,NaN,NaN,NaN,NaN,NaN,NaN

INPUT,0.385917454957962,0.0341071151196957,0.766053438186646,-2.98989963531494,3.0872597694397,-1.82691645622253,K,15
OUTPUT,NaN,NaN,NaN,NaN,NaN,NaN

INPUT,0.390743106603622,0.0340764448046684,0.776122093200684,-3.03136777877808,3.08392119407654,-1.7846200466156,K,16
OUTPUT,NaN,NaN,NaN,NaN,NaN,NaN

INPUT,0.394496381282806,0.0340525880455971,0.783953249454498,-3.06365489959717,3.08139395713806,-1.75175142288208,K,17
OUTPUT,NaN,NaN,NaN,NaN,NaN,NaN

INPUT,0.397177278995514,0.0340355485677719,0.78954690694809,-3.08673310279846,3.07962775230408,-1.72828686237335,K,18
OUTPUT,NaN,NaN,NaN,NaN,NaN,NaN

INPUT,0.398785829544067,0.0340253263711929,0.792903125286102,-3.10058546066284,3.07858395576477,-1.71421253681183,K,19
OUTPUT,NaN,NaN,NaN,NaN,NaN,NaN

INPUT,0.399322003126144,0.0340219177305698,0.794021844863892,-3.1052041053772,3.07823872566223,-1.70952188968658,K,20
OUTPUT,NaN,NaN,NaN,NaN,NaN,NaN

INPUT,0.350439876317978,0.0351386889815331,0.732243955135345,0.42881765961647,3.10126733779907,1.23095953464508,K,12
OUTPUT,NaN,NaN,NaN,NaN,NaN,NaN

INPUT,0.353758990764618,0.0352023579180241,0.743407428264618,0.385485976934433,3.09718346595764,1.27207028865814,K,13
OUTPUT,NaN,NaN,NaN,NaN,NaN,NaN

INPUT,0.35707813501358,0.0352660268545151,0.754570841789246,0.342335969209671,3.09317874908447,1.31337034702301,K,14
OUTPUT,NaN,NaN,NaN,NaN,NaN,NaN

INPUT,0.36039724946022,0.0353296920657158,0.765734255313873,0.299321979284286,3.08926033973694,1.35481452941895,K,15
OUTPUT,NaN,NaN,NaN,NaN,NaN,NaN

INPUT,0.363384485244751,0.0353869944810867,0.775781393051147,0.260698884725571,3.08581328392029,1.39221131801605,K,16
OUTPUT,NaN,NaN,NaN,NaN,NaN,NaN

INPUT,0.365707874298096,0.0354315601289272,0.78359580039978,0.230705633759499,3.08318758010864,1.42134952545166,K,17
OUTPUT,NaN,NaN,NaN,NaN,NaN,NaN

INPUT,0.367367416620255,0.0354633964598179,0.789177477359772,0.209303319454193,3.08134341239929,1.4421865940094,K,18
OUTPUT,NaN,NaN,NaN,NaN,NaN,NaN

INPUT,0.368363171815872,0.0354824960231781,0.792526543140411,0.196469500660896,3.08024954795837,1.45469748973846,K,19
OUTPUT,NaN,NaN,NaN,NaN,NaN,NaN

INPUT,0.368695080280304,0.0354888625442982,0.79364287853241,0.192192658782005,3.07988715171814,1.458869099617,K,20
OUTPUT,NaN,NaN,NaN,NaN,NaN,NaN

INPUT,0.350308775901794,0.0341719910502434,0.732065558433533,0.258292615413666,3.09382963180542,1.19443929195404,K,12
OUTPUT,NaN,NaN,NaN,NaN,NaN,NaN

INPUT,0.353615283966064,0.0341340787708759,0.743207991123199,0.2083810120821,3.08912944793701,1.24309182167053,K,13
OUTPUT,NaN,NaN,NaN,NaN,NaN,NaN

INPUT,0.356921821832657,0.0340961627662182,0.754350423812866,0.158565819263458,3.08455634117126,1.29185259342194,K,14
OUTPUT,NaN,NaN,NaN,NaN,NaN,NaN

INPUT,0.360228329896927,0.0340582504868507,0.765492856502533,0.108821287751198,3.08012175559998,1.34069693088531,K,15
OUTPUT,NaN,NaN,NaN,NaN,NaN,NaN

INPUT,0.363204181194305,0.0340241268277168,0.775521039962769,0.0640970915555954,3.07625818252563,1.38471400737762,K,16
OUTPUT,NaN,NaN,NaN,NaN,NaN,NaN

INPUT,0.365518748760223,0.0339975878596306,0.783320724964142,0.0293351393193007,3.07334136962891,1.41898047924042,K,17
OUTPUT,NaN,NaN,NaN,NaN,NaN,NaN

INPUT,0.367172002792358,0.0339786298573017,0.788891971111298,0.00451548490673304,3.07130765914917,1.44347095489502,K,18
OUTPUT,NaN,NaN,NaN,NaN,NaN,NaN

INPUT,0.36816394329071,0.0339672565460205,0.792234659194946,-0.0103726610541344,3.07010769844055,1.45817065238953,K,19
OUTPUT,NaN,NaN,NaN,NaN,NaN,NaN

INPUT,0.368494600057602,0.0339634642004967,0.793348908424377,-0.0153348129242659,3.06971120834351,1.46307134628296,K,20
OUTPUT,NaN,NaN,NaN,NaN,NaN,NaN

INPUT,0.373766303062439,0.034154511988163,0.730953633785248,-2.88671517372131,3.09601616859436,-1.95023322105408,K,5
OUTPUT,NaN,NaN,NaN,NaN,NaN,NaN

INPUT,0.382510811090469,0.0340901911258698,0.746472656726837,-2.9644763469696,3.08928966522217,-1.86270773410797,K,6
OUTPUT,NaN,NaN,NaN,NaN,NaN,NaN

INPUT,0.389312118291855,0.034040167927742,0.758542954921722,-3.02574181556702,3.08430194854736,-1.7953976392746,K,7
OUTPUT,NaN,NaN,NaN,NaN,NaN,NaN

INPUT,0.394170165061951,0.0340044349431992,0.767164647579193,-3.06980657577515,3.08088254928589,-1.74761176109314,K,8
OUTPUT,NaN,NaN,NaN,NaN,NaN,NaN

INPUT,0.397085011005402,0.0339829958975315,0.772337675094604,-3.09634375572205,3.07889175415039,-1.71903395652771,K,9
OUTPUT,NaN,NaN,NaN,NaN,NaN,NaN

INPUT,0.355997204780579,0.0353899300098419,0.73570728302002,0.381784856319427,3.09760713577271,1.2714729309082,K,5
OUTPUT,NaN,NaN,NaN,NaN,NaN,NaN

INPUT,0.361004292964935,0.0355103574693203,0.749377846717834,0.313452303409576,3.09101438522339,1.33883607387543,K,6
OUTPUT,NaN,NaN,NaN,NaN,NaN,NaN

INPUT,0.364898651838303,0.0356040187180042,0.760010421276093,0.260375499725342,3.08604598045349,1.39131557941437,K,7
OUTPUT,NaN,NaN,NaN,NaN,NaN,NaN

INPUT,0.367680341005325,0.0356709212064743,0.767605125904083,0.222489550709724,3.08259105682373,1.42883563041687,K,8
OUTPUT,NaN,NaN,NaN,NaN,NaN,NaN

INPUT,0.369349360466003,0.0357110612094402,0.772161960601807,0.199766010046005,3.08055806159973,1.45135951042175,K,9
OUTPUT,NaN,NaN,NaN,NaN,NaN,NaN

INPUT,0.355924785137177,0.0341765284538269,0.735438823699951,0.197295501828194,3.08970904350281,1.23546707630157,K,5
OUTPUT,NaN,NaN,NaN,NaN,NaN,NaN

INPUT,0.360966950654984,0.0340918935835361,0.749105036258698,0.121352106332779,3.08216857910156,1.31797695159912,K,6
OUTPUT,NaN,NaN,NaN,NaN,NaN,NaN

INPUT,0.364888668060303,0.0340260714292526,0.759734332561493,0.0617576986551285,3.0765585899353,1.38164758682251,K,7
OUTPUT,NaN,NaN,NaN,NaN,NaN,NaN

INPUT,0.367689877748489,0.0339790508151054,0.767326653003693,0.0189839731901884,3.0727014541626,1.42693388462067,K,8
OUTPUT,NaN,NaN,NaN,NaN,NaN,NaN

INPUT,0.369370579719543,0.0339508391916752,0.771882057189941,-0.0067475731484592,3.0704505443573,1.45404374599457,K,9
OUTPUT,NaN,NaN,NaN,NaN,NaN,NaN

INPUT,0.353338003158569,0.0367521978914738,0.732916116714478,0.247898444533348,3.11452960968018,1.28855860233307,K,12
OUTPUT,NaN,NaN,NaN,NaN,NaN,NaN

INPUT,0.356964290142059,0.0369858928024769,0.744146823883057,0.191962391138077,3.11188364028931,1.34216022491455,K,13
OUTPUT,NaN,NaN,NaN,NaN,NaN,NaN

INPUT,0.360590547323227,0.03721958771348,0.755377531051636,0.136212602257729,3.10932660102844,1.39595222473145,K,14
OUTPUT,NaN,NaN,NaN,NaN,NaN,NaN

INPUT,0.364216804504395,0.0374532826244831,0.766608238220215,0.0806019008159637,3.10686612129211,1.44988799095154,K,15
OUTPUT,NaN,NaN,NaN,NaN,NaN,NaN

INPUT,0.367480456829071,0.037663608789444,0.776715874671936,0.030643941834569,3.10474061965942,1.49852573871613,K,16
OUTPUT,NaN,NaN,NaN,NaN,NaN,NaN

INPUT,0.370018839836121,0.0378271974623203,0.784577369689941,-0.00816387496888638,3.10314917564392,1.53640592098236,K,17
OUTPUT,NaN,NaN,NaN,NaN,NaN,NaN

INPUT,0.371831983327866,0.0379440449178219,0.790192723274231,-0.0358620397746563,3.10204672813416,1.56348645687103,K,18
OUTPUT,NaN,NaN,NaN,NaN,NaN,NaN

INPUT,0.372919857501984,0.0380141548812389,0.793561935424805,-0.0524730831384659,3.10139966011047,1.57974314689636,K,19
OUTPUT,NaN,NaN,NaN,NaN,NaN,NaN

INPUT,0.373282492160797,0.0380375236272812,0.794685006141663,-0.0580088756978512,3.10118627548218,1.58516335487366,K,20
OUTPUT,NaN,NaN,NaN,NaN,NaN,NaN

INPUT,0.353275030851364,0.0354009605944157,0.733134984970093,0.158136829733849,3.11980175971985,1.18441438674927,K,12
OUTPUT,NaN,NaN,NaN,NaN,NaN,NaN

INPUT,0.356925070285797,0.0354900360107422,0.74436354637146,0.105142772197723,3.11770153045654,1.23944938182831,K,13
OUTPUT,NaN,NaN,NaN,NaN,NaN,NaN

INPUT,0.36057510972023,0.0355791077017784,0.755592048168182,0.0519848763942719,3.11567091941833,1.29432308673859,K,14
OUTPUT,NaN,NaN,NaN,NaN,NaN,NaN

INPUT,0.364225149154663,0.0356681831181049,0.76682060956955,-0.00129710289184004,3.1137158870697,1.3490754365921,K,15
OUTPUT,NaN,NaN,NaN,NaN,NaN,NaN

INPUT,0.367510199546814,0.0357483513653278,0.776926279067993,-0.0493337959051132,3.11202549934387,1.39827251434326,K,16
OUTPUT,NaN,NaN,NaN,NaN,NaN,NaN

INPUT,0.370065212249756,0.0358107052743435,0.784786283969879,-0.0867395401000977,3.11075901985168,1.43649435043335,K,17
OUTPUT,NaN,NaN,NaN,NaN,NaN,NaN

INPUT,0.371890246868134,0.0358552448451519,0.790400564670563,-0.113478064537048,3.10988140106201,1.46377635002136,K,18
OUTPUT,NaN,NaN,NaN,NaN,NaN,NaN

INPUT,0.372985243797302,0.0358819663524628,0.793769121170044,-0.129528343677521,3.10936570167542,1.48013877868652,K,19
OUTPUT,NaN,NaN,NaN,NaN,NaN,NaN

INPUT,0.373350262641907,0.0358908735215664,0.794891953468323,-0.134879648685455,3.10919570922852,1.48559188842773,K,20
OUTPUT,NaN,NaN,NaN,NaN,NaN,NaN

INPUT,0.360266894102097,0.0352866277098656,0.721723735332489,-2.78184223175049,3.1054151058197,-2.01463770866394,K,11
OUTPUT,NaN,NaN,NaN,NaN,NaN,NaN

INPUT,0.365134388208389,0.0353751219809055,0.73296058177948,-2.82598853111267,3.10152411460876,-1.96852457523346,K,12
OUTPUT,NaN,NaN,NaN,NaN,NaN,NaN

INPUT,0.37000185251236,0.0354636162519455,0.744197428226471,-2.87031102180481,3.09771466255188,-1.92258059978485,K,13
OUTPUT,NaN,NaN,NaN,NaN,NaN,NaN

INPUT,0.374869346618652,0.0355521142482758,0.755434274673462,-2.91476559638977,3.09399461746216,-1.87676107883453,K,14
OUTPUT,NaN,NaN,NaN,NaN,NaN,NaN

INPUT,0.379736840724945,0.0356406085193157,0.766671121120453,-2.95932173728943,3.09037137031555,-1.83103549480438,K,15
OUTPUT,NaN,NaN,NaN,NaN,NaN,NaN

INPUT,0.38411757349968,0.0357202552258968,0.776784241199493,-2.99949169158936,3.08719944953918,-1.78994452953339,K,16
OUTPUT,NaN,NaN,NaN,NaN,NaN,NaN

INPUT,0.38752481341362,0.0357821993529797,0.784650027751923,-3.03077244758606,3.08479404449463,-1.75801765918732,K,17
OUTPUT,NaN,NaN,NaN,NaN,NaN,NaN

INPUT,0.389958560466766,0.0358264483511448,0.79026848077774,-3.05313324928284,3.08311057090759,-1.73522758483887,K,18
OUTPUT,NaN,NaN,NaN,NaN,NaN,NaN

INPUT,0.391418784856796,0.0358529947698116,0.793639540672302,-3.06655597686768,3.08211469650269,-1.7215588092804,K,19
OUTPUT,NaN,NaN,NaN,NaN,NaN,NaN

INPUT,0.391905546188354,0.0358618460595608,0.794763207435608,-3.07103133201599,3.08178520202637,-1.71700346469879,K,20
OUTPUT,NaN,NaN,NaN,NaN,NaN,NaN

INPUT,0.352614164352417,0.0332648567855358,0.732877612113953,0.418864339590073,3.11117792129517,1.21739435195923,K,12
OUTPUT,NaN,NaN,NaN,NaN,NaN,NaN

INPUT,0.356163650751114,0.033131267875433,0.744105637073517,0.375563859939575,3.10807490348816,1.25814497470856,K,13
OUTPUT,NaN,NaN,NaN,NaN,NaN,NaN

INPUT,0.359713137149811,0.0329976789653301,0.755333662033081,0.332475662231445,3.10503101348877,1.29911184310913,K,14
OUTPUT,NaN,NaN,NaN,NaN,NaN,NaN

INPUT,0.363262623548508,0.0328640900552273,0.766561686992645,0.289546817541122,3.10205173492432,1.34024262428284,K,15
OUTPUT,NaN,NaN,NaN,NaN,NaN,NaN

INPUT,0.366457164287567,0.032743863761425,0.776666939258575,0.251016020774841,3.09942984580994,1.37736988067627,K,16
OUTPUT,NaN,NaN,NaN,NaN,NaN,NaN

INPUT,0.368941783905029,0.032650351524353,0.784526526927948,0.2211032807827,3.09743213653564,1.40630519390106,K,17
OUTPUT,NaN,NaN,NaN,NaN,NaN,NaN

INPUT,0.370716542005539,0.0325835570693016,0.790140569210052,0.19976232945919,3.09602832794189,1.42699992656708,K,18
OUTPUT,NaN,NaN,NaN,NaN,NaN,NaN

INPUT,0.371781378984451,0.0325434803962708,0.793508946895599,0.186966806650162,3.09519577026367,1.43942654132843,K,19
OUTPUT,NaN,NaN,NaN,NaN,NaN,NaN

INPUT,0.372136324644089,0.0325301215052605,0.794631779193878,0.182702973484993,3.09491991996765,1.44357025623322,K,20
OUTPUT,NaN,NaN,NaN,NaN,NaN,NaN

INPUT,0.361594259738922,0.0342321544885635,0.733080387115479,-2.94118571281433,3.13519787788391,-1.88955819606781,K,12
OUTPUT,NaN,NaN,NaN,NaN,NaN,NaN

INPUT,0.366089731454849,0.0342005752027035,0.744328379631042,-2.99209475517273,3.13470053672791,-1.82978975772858,K,13
OUTPUT,NaN,NaN,NaN,NaN,NaN,NaN

INPUT,0.370585173368454,0.0341689959168434,0.755576372146606,-3.04358959197998,3.13422417640686,-1.77060675621033,K,14
OUTPUT,NaN,NaN,NaN,NaN,NaN,NaN

INPUT,0.375080645084381,0.0341374166309834,0.76682436466217,-3.09554147720337,3.13377046585083,-1.7118809223175,K,15
OUTPUT,NaN,NaN,NaN,NaN,NaN,NaN

INPUT,0.379126578569412,0.0341089926660061,0.776947617530823,3.14057469367981,3.13338232040405,-1.65933978557587,K,16
OUTPUT,NaN,NaN,NaN,NaN,NaN,NaN

INPUT,0.382273405790329,0.034086886793375,0.784821212291718,3.1037962436676,3.1330943107605,-1.61864328384399,K,17
OUTPUT,NaN,NaN,NaN,NaN,NaN,NaN

INPUT,0.384521126747131,0.0340710990130901,0.7904452085495,3.07744789123535,3.13289642333984,-1.58965253829956,K,18
OUTPUT,NaN,NaN,NaN,NaN,NaN,NaN

INPUT,0.385869771242142,0.0340616255998611,0.793819606304169,3.06161093711853,3.13278102874756,-1.57228624820709,K,19
OUTPUT,NaN,NaN,NaN,NaN,NaN,NaN

INPUT,0.386319309473038,0.034058466553688,0.794944405555725,3.05632734298706,3.1327428817749,-1.56650173664093,K,20
OUTPUT,NaN,NaN,NaN,NaN,NaN,NaN

INPUT,0.362348347902298,0.035875141620636,0.732742488384247,-2.92185616493225,3.12991094589233,-2.05714011192322,K,12
OUTPUT,NaN,NaN,NaN,NaN,NaN,NaN

INPUT,0.366923063993454,0.0360165722668171,0.74395489692688,-2.96559906005859,3.12887406349182,-2.00987887382507,K,13
OUTPUT,NaN,NaN,NaN,NaN,NaN,NaN

INPUT,0.37149778008461,0.0361580029129982,0.755167305469513,-3.00960445404053,3.12786364555359,-1.96287977695465,K,14
OUTPUT,NaN,NaN,NaN,NaN,NaN,NaN

INPUT,0.376072496175766,0.0362994335591793,0.766379773616791,-3.0538125038147,3.12688159942627,-1.9160829782486,K,15
OUTPUT,NaN,NaN,NaN,NaN,NaN,NaN

INPUT,0.380189746618271,0.0364267192780972,0.776470959186554,-3.09373807907104,3.12602376937866,-1.87410342693329,K,16
OUTPUT,NaN,NaN,NaN,NaN,NaN,NaN

INPUT,0.383392035961151,0.0365257225930691,0.784319639205933,-3.12486553192139,3.12537455558777,-1.8415265083313,K,17
OUTPUT,NaN,NaN,NaN,NaN,NaN,NaN

INPUT,0.385679394006729,0.0365964360535145,0.789925873279572,3.13605141639709,3.12492084503174,-1.81829142570496,K,18
OUTPUT,NaN,NaN,NaN,NaN,NaN,NaN

INPUT,0.387051820755005,0.0366388633847237,0.793289601802826,3.12267827987671,3.12465262413025,-1.80436265468597,K,19
OUTPUT,NaN,NaN,NaN,NaN,NaN,NaN

INPUT,0.387509286403656,0.0366530083119869,0.794410824775696,3.11821866035461,3.12456393241882,-1.79972159862518,K,20
OUTPUT,NaN,NaN,NaN,NaN,NaN,NaN

INPUT,0.349349170923233,0.0393000617623329,0.743316411972046,-0.096977636218071,3.0741560459137,1.1678558588028,K,13
OUTPUT,NaN,NaN,NaN,NaN,NaN,NaN

INPUT,0.352250337600708,0.0397541560232639,0.754468023777008,-0.157383859157562,3.06864023208618,1.22799217700958,K,14
OUTPUT,NaN,NaN,NaN,NaN,NaN,NaN

INPUT,0.355151474475861,0.0402082502841949,0.76561975479126,-0.217783331871033,3.06338953971863,1.28815865516663,K,15
OUTPUT,NaN,NaN,NaN,NaN,NaN,NaN

INPUT,0.357762515544891,0.0406169332563877,0.775656282901764,-0.272140949964523,3.05890583992004,1.34233117103577,K,16
OUTPUT,NaN,NaN,NaN,NaN,NaN,NaN

INPUT,0.359793335199356,0.0409347973763943,0.783462405204773,-0.31441929936409,3.05558609962463,1.38447880744934,K,17
OUTPUT,NaN,NaN,NaN,NaN,NaN,NaN

INPUT,0.361243903636932,0.0411618426442146,0.789038240909576,-0.344618678092957,3.0533082485199,1.41459047794342,K,18
OUTPUT,NaN,NaN,NaN,NaN,NaN,NaN

INPUT,0.362114250659943,0.0412980727851391,0.792383790016174,-0.362738728523254,3.05197978019714,1.43266022205353,K,19
OUTPUT,NaN,NaN,NaN,NaN,NaN,NaN

INPUT,0.362404376268387,0.041343480348587,0.793498933315277,-0.368778914213181,3.05154347419739,1.43868386745453,K,20
OUTPUT,NaN,NaN,NaN,NaN,NaN,NaN

INPUT,0.352807909250259,0.0350405760109425,0.732911586761475,0.315102517604828,3.10738110542297,1.31641936302185,K,12
OUTPUT,NaN,NaN,NaN,NaN,NaN,NaN

INPUT,0.356377840042114,0.0350939147174358,0.744143187999725,0.261250168085098,3.10403203964233,1.3679723739624,K,13
OUTPUT,NaN,NaN,NaN,NaN,NaN,NaN

INPUT,0.359947800636292,0.0351472534239292,0.755374789237976,0.207580357789993,3.10078740119934,1.41971445083618,K,14
OUTPUT,NaN,NaN,NaN,NaN,NaN,NaN

INPUT,0.363517731428146,0.0352005921304226,0.766606390476227,0.154046937823296,3.09765577316284,1.47159969806671,K,15
OUTPUT,NaN,NaN,NaN,NaN,NaN,NaN

INPUT,0.366730690002441,0.0352485962212086,0.77671480178833,0.105956621468067,3.09494161605835,1.51839256286621,K,16
OUTPUT,NaN,NaN,NaN,NaN,NaN,NaN

INPUT,0.369229644536972,0.0352859348058701,0.784576952457428,0.0686002671718597,3.09290266036987,1.5548380613327,K,17
OUTPUT,NaN,NaN,NaN,NaN,NaN,NaN

INPUT,0.371014624834061,0.0353126041591167,0.790192723274231,0.0419383980333805,3.09148669242859,1.58089411258698,K,18
OUTPUT,NaN,NaN,NaN,NaN,NaN,NaN

INPUT,0.372085601091385,0.0353286042809486,0.793562233448029,0.0259489342570305,3.09065389633179,1.59653615951538,K,19
OUTPUT,NaN,NaN,NaN,NaN,NaN,NaN

INPUT,0.372442603111267,0.035333938896656,0.794685363769531,0.0206202678382397,3.09037899971008,1.60175144672394,K,20
OUTPUT,NaN,NaN,NaN,NaN,NaN,NaN

INPUT,0.368751406669617,0.0353693477809429,0.73128604888916,-2.85982942581177,3.09861636161804,-1.95127069950104,K,5
OUTPUT,NaN,NaN,NaN,NaN,NaN,NaN

INPUT,0.376657634973526,0.0355163067579269,0.746950745582581,-2.93493270874023,3.09226751327515,-1.86602699756622,K,6
OUTPUT,NaN,NaN,NaN,NaN,NaN,NaN

INPUT,0.382806897163391,0.0356306061148643,0.759134352207184,-2.99416089057922,3.08754563331604,-1.80052447319031,K,7
OUTPUT,NaN,NaN,NaN,NaN,NaN,NaN

INPUT,0.387199223041534,0.0357122495770454,0.767836928367615,-3.03678250312805,3.08430027961731,-1.75404298305511,K,8
OUTPUT,NaN,NaN,NaN,NaN,NaN,NaN

INPUT,0.389834642410278,0.0357612371444702,0.773058474063873,-3.0624577999115,3.08240699768066,-1.72625255584717,K,9
OUTPUT,NaN,NaN,NaN,NaN,NaN,NaN

INPUT,0.359156221151352,0.0370147712528706,0.736722528934479,0.180255979299545,3.11253666877747,1.33416724205017,K,5
OUTPUT,NaN,NaN,NaN,NaN,NaN,NaN

INPUT,0.364532023668289,0.0373660996556282,0.750394940376282,0.0949927866458893,3.10821342468262,1.42502701282501,K,6
OUTPUT,NaN,NaN,NaN,NaN,NaN,NaN

INPUT,0.368713229894638,0.037639357149601,0.761029005050659,0.0282267276197672,3.10502791404724,1.49525368213654,K,7
OUTPUT,NaN,NaN,NaN,NaN,NaN,NaN

INPUT,0.371699780225754,0.0378345400094986,0.768624722957611,-0.019636232405901,3.10285687446594,1.54524767398834,K,8
OUTPUT,NaN,NaN,NaN,NaN,NaN,NaN

INPUT,0.373491734266281,0.037951648235321,0.773182213306427,-0.0484095923602581,3.10159826278687,1.57519018650055,K,9
OUTPUT,NaN,NaN,NaN,NaN,NaN,NaN

INPUT,0.359059572219849,0.0354868359863758,0.736984610557556,0.0908669531345367,3.11838865280151,1.22877550125122,K,5
OUTPUT,NaN,NaN,NaN,NaN,NaN,NaN

INPUT,0.364435315132141,0.0356009304523468,0.750635027885437,0.0108529925346375,3.11489534378052,1.32247722148895,K,6
OUTPUT,NaN,NaN,NaN,NaN,NaN,NaN

INPUT,0.368616461753845,0.0356896668672562,0.761252045631409,-0.0524848140776157,3.11231541633606,1.39425694942474,K,7
OUTPUT,NaN,NaN,NaN,NaN,NaN,NaN

INPUT,0.371602982282639,0.0357530526816845,0.768835604190826,-0.0981482490897179,3.1105535030365,1.44510889053345,K,8
OUTPUT,NaN,NaN,NaN,NaN,NaN,NaN

INPUT,0.373394906520844,0.0357910841703415,0.773385763168335,-0.125681847333908,3.10953068733215,1.47548592090607,K,9
OUTPUT,NaN,NaN,NaN,NaN,NaN,NaN

INPUT,0.358372271060944,0.0332741998136044,0.736610174179077,0.374000936746597,3.1085479259491,1.25960183143616,K,5
OUTPUT,NaN,NaN,NaN,NaN,NaN,NaN

INPUT,0.363657653331757,0.0330673642456532,0.750305771827698,0.304834842681885,3.10348224639893,1.32552015781403,K,6
OUTPUT,NaN,NaN,NaN,NaN,NaN,NaN

INPUT,0.367768526077271,0.0329064950346947,0.760957896709442,0.251301974058151,3.09966135025024,1.3770614862442,K,7
OUTPUT,NaN,NaN,NaN,NaN,NaN,NaN

INPUT,0.370704859495163,0.0327915847301483,0.768566608428955,0.213164821267128,3.09700226783752,1.41398251056671,K,8
OUTPUT,NaN,NaN,NaN,NaN,NaN,NaN

INPUT,0.372466653585434,0.0327226407825947,0.773131847381592,0.190314874053001,3.09543657302856,1.43616950511932,K,9
OUTPUT,NaN,NaN,NaN,NaN,NaN,NaN

INPUT,0.361982196569443,0.0342937000095844,0.724601626396179,-2.93736004829407,3.13449430465698,-1.94948530197144,K,4
OUTPUT,NaN,NaN,NaN,NaN,NaN,NaN

INPUT,0.368377685546875,0.0342354215681553,0.737927854061127,-3.01179695129395,3.13394522666931,-1.84591293334961,K,5
OUTPUT,NaN,NaN,NaN,NaN,NaN,NaN

INPUT,0.37477320432663,0.0341771431267262,0.751254081726074,-3.08809423446655,3.13345527648926,-1.74420046806335,K,6
OUTPUT,NaN,NaN,NaN,NaN,NaN,NaN

INPUT,0.379747480154037,0.0341318175196648,0.761618971824646,3.13478851318359,3.13311791419983,-1.66605091094971,K,7
OUTPUT,NaN,NaN,NaN,NaN,NaN,NaN

INPUT,0.383300513029099,0.0340994410216808,0.769022405147552,3.09131097793579,3.13290119171143,-1.61063373088837,K,8
OUTPUT,NaN,NaN,NaN,NaN,NaN,NaN

INPUT,0.385432362556458,0.0340800136327744,0.773464500904083,3.06508851051331,3.13278126716614,-1.57751941680908,K,9
OUTPUT,NaN,NaN,NaN,NaN,NaN,NaN

INPUT,0.362742364406586,0.0358267836272717,0.724474310874939,-2.91236186027527,3.12949705123901,-2.10009551048279,K,4
OUTPUT,NaN,NaN,NaN,NaN,NaN,NaN

INPUT,0.369208216667175,0.0360475964844227,0.737693548202515,-2.97748374938965,3.12808585166931,-2.01884245872498,K,5
OUTPUT,NaN,NaN,NaN,NaN,NaN,NaN

INPUT,0.375674039125443,0.0362684093415737,0.75091278553009,-3.04410076141357,3.12674617767334,-1.9390834569931,K,6
OUTPUT,NaN,NaN,NaN,NaN,NaN,NaN

INPUT,0.380703002214432,0.0364401564002037,0.761194467544556,-3.09666419029236,3.12575840950012,-1.87779772281647,K,7
OUTPUT,NaN,NaN,NaN,NaN,NaN,NaN

INPUT,0.384295135736465,0.0365628302097321,0.768538475036621,-3.1345226764679,3.12508416175842,-1.83433496952057,K,8
OUTPUT,NaN,NaN,NaN,NaN,NaN,NaN

INPUT,0.386450409889221,0.0366364344954491,0.772944927215576,3.12584161758423,3.12469244003296,-1.80836296081543,K,9
OUTPUT,NaN,NaN,NaN,NaN,NaN,NaN

INPUT,0.35863533616066,0.0351619347929955,0.736640691757202,0.252141356468201,3.10461926460266,1.36252343654633,K,5
OUTPUT,NaN,NaN,NaN,NaN,NaN,NaN

INPUT,0.363974452018738,0.0352314561605453,0.7503462433815,0.169105008244514,3.09921407699585,1.44893991947174,K,6
OUTPUT,NaN,NaN,NaN,NaN,NaN,NaN

INPUT,0.368127107620239,0.0352855287492275,0.761006116867065,0.104248754680157,3.09521842002869,1.5158931016922,K,7
OUTPUT,NaN,NaN,NaN,NaN,NaN,NaN

INPUT,0.371093273162842,0.035324152559042,0.768620252609253,0.0578168109059334,3.09248638153076,1.56361818313599,K,8
OUTPUT,NaN,NaN,NaN,NaN,NaN,NaN

INPUT,0.372872978448868,0.0353473238646984,0.773188769817352,0.029923215508461,3.09089922904968,1.59222161769867,K,9
OUTPUT,NaN,NaN,NaN,NaN,NaN,NaN

INPUT,0.350316077470779,0.0386756286025047,0.731071591377258,-0.0814323350787163,3.08107542991638,1.07086908817291,K,4
OUTPUT,NaN,NaN,NaN,NaN,NaN,NaN

INPUT,0.353959977626801,0.039210207760334,0.742323815822601,-0.154000163078308,3.07250118255615,1.17165553569794,K,5
OUTPUT,NaN,NaN,NaN,NaN,NaN,NaN

INPUT,0.357603907585144,0.039744783192873,0.753576040267944,-0.229634955525398,3.06443476676941,1.26942491531372,K,6
OUTPUT,NaN,NaN,NaN,NaN,NaN,NaN

INPUT,0.360438078641891,0.0401605665683746,0.76232773065567,-0.289921700954437,3.05855298042297,1.34404385089874,K,7
OUTPUT,NaN,NaN,NaN,NaN,NaN,NaN

INPUT,0.362462490797043,0.0404575541615486,0.768578946590424,-0.333571195602417,3.05457901954651,1.39677512645721,K,8
OUTPUT,NaN,NaN,NaN,NaN,NaN,NaN

INPUT,0.363677114248276,0.0406357496976852,0.772329688072205,-0.359955281019211,3.05229020118713,1.42822742462158,K,9
OUTPUT,NaN,NaN,NaN,NaN,NaN,NaN

INPUT,0.360089033842087,0.0337173640727997,0.733195185661316,-2.93848633766174,3.12801694869995,-1.99057519435883,K,12
OUTPUT,NaN,NaN,NaN,NaN,NaN,NaN

INPUT,0.364425987005234,0.0336316339671612,0.744455277919769,-2.98666048049927,3.12681698799133,-1.93898689746857,K,13
OUTPUT,NaN,NaN,NaN,NaN,NaN,NaN

INPUT,0.368762969970703,0.0335459038615227,0.755715370178223,-3.03508806228638,3.1256537437439,-1.88765144348145,K,14
OUTPUT,NaN,NaN,NaN,NaN,NaN,NaN

INPUT,0.37309992313385,0.0334601700305939,0.766975462436676,-3.08371090888977,3.12453007698059,-1.83651006221771,K,15
OUTPUT,NaN,NaN,NaN,NaN,NaN,NaN

INPUT,0.377003192901611,0.0333830118179321,0.777109563350677,-3.12760376930237,3.12355494499207,-1.79061436653137,K,16
OUTPUT,NaN,NaN,NaN,NaN,NaN,NaN

INPUT,0.380039066076279,0.0333230011165142,0.78499162197113,3.12137150764465,3.12282180786133,-1.75498819351196,K,17
OUTPUT,NaN,NaN,NaN,NaN,NaN,NaN

INPUT,0.382207542657852,0.0332801342010498,0.790621697902679,3.09690308570862,3.12231183052063,-1.72957336902618,K,18
OUTPUT,NaN,NaN,NaN,NaN,NaN,NaN

INPUT,0.383508652448654,0.0332544147968292,0.79399973154068,3.08221030235291,3.12201166152954,-1.71433615684509,K,19
OUTPUT,NaN,NaN,NaN,NaN,NaN,NaN

INPUT,0.38394233584404,0.0332458429038525,0.795125722885132,3.07731103897095,3.12191247940063,-1.70925891399384,K,20
OUTPUT,NaN,NaN,NaN,NaN,NaN,NaN

INPUT,0.358540683984756,0.0379442870616913,0.73231703042984,-3.08078289031982,3.13889789581299,-2.01787924766541,K,12
OUTPUT,NaN,NaN,NaN,NaN,NaN,NaN

INPUT,0.36271396279335,0.0383033379912376,0.743485987186432,-3.129967212677,3.13875555992126,-1.9551990032196,K,13
OUTPUT,NaN,NaN,NaN,NaN,NaN,NaN

INPUT,0.366887271404266,0.038662388920784,0.754654884338379,3.10340762138367,3.13862204551697,-1.8931450843811,K,14
OUTPUT,NaN,NaN,NaN,NaN,NaN,NaN

INPUT,0.37106055021286,0.0390214361250401,0.765823781490326,3.05308723449707,3.13849782943726,-1.8316011428833,K,15
OUTPUT,NaN,NaN,NaN,NaN,NaN,NaN

INPUT,0.374816507101059,0.0393445827066898,0.775875866413116,3.00743913650513,3.13839411735535,-1.77657091617584,K,16
OUTPUT,NaN,NaN,NaN,NaN,NaN,NaN

INPUT,0.377737820148468,0.0395959168672562,0.783694088459015,2.97173666954041,3.13831901550293,-1.73396825790405,K,17
OUTPUT,NaN,NaN,NaN,NaN,NaN,NaN

INPUT,0.379824459552765,0.0397754423320293,0.789278566837311,2.94614195823669,3.13826847076416,-1.70363080501556,K,18
OUTPUT,NaN,NaN,NaN,NaN,NaN,NaN

INPUT,0.381076455116272,0.0398831591010094,0.792629241943359,2.93075132369995,3.13823938369751,-1.68546199798584,K,19
OUTPUT,NaN,NaN,NaN,NaN,NaN,NaN

INPUT,0.381493777036667,0.0399190634489059,0.793746113777161,2.9256157875061,3.13822984695435,-1.67941105365753,K,20
OUTPUT,NaN,NaN,NaN,NaN,NaN,NaN

INPUT,0.351824194192886,0.0341614298522472,0.732714235782623,0.334548085927963,3.11069345474243,1.23913848400116,K,12
OUTPUT,NaN,NaN,NaN,NaN,NaN,NaN

INPUT,0.355291157960892,0.0341223888099194,0.743923723697662,0.285872459411621,3.10760235786438,1.28567957878113,K,13
OUTPUT,NaN,NaN,NaN,NaN,NaN,NaN

INPUT,0.358758091926575,0.0340833514928818,0.755133211612701,0.237370252609253,3.10458827018738,1.33239924907684,K,14
OUTPUT,NaN,NaN,NaN,NaN,NaN,NaN

INPUT,0.36222505569458,0.0340443104505539,0.76634269952774,0.188998237252235,3.10165810585022,1.37925410270691,K,15
OUTPUT,NaN,NaN,NaN,NaN,NaN,NaN

INPUT,0.365345329046249,0.0340091735124588,0.776431262493134,0.145549118518829,3.09909820556641,1.42151391506195,K,16
OUTPUT,NaN,NaN,NaN,NaN,NaN,NaN

INPUT,0.367772191762924,0.0339818485081196,0.78427791595459,0.111800566315651,3.09716081619263,1.45443093776703,K,17
OUTPUT,NaN,NaN,NaN,NaN,NaN,NaN

INPUT,0.369505643844604,0.0339623279869556,0.789882659912109,0.0877150073647499,3.09580683708191,1.47796547412872,K,18
OUTPUT,NaN,NaN,NaN,NaN,NaN,NaN

INPUT,0.370545744895935,0.0339506156742573,0.793245553970337,0.0732709020376205,3.0950071811676,1.49209415912628,K,19
OUTPUT,NaN,NaN,NaN,NaN,NaN,NaN

INPUT,0.370892435312271,0.0339467115700245,0.794366478919983,0.0684572979807854,3.0947425365448,1.49680495262146,K,20
OUTPUT,NaN,NaN,NaN,NaN,NaN,NaN

INPUT,0.357467919588089,0.0353231616318226,0.732844650745392,0.143267288804054,3.13344931602478,1.12571287155151,K,12
OUTPUT,NaN,NaN,NaN,NaN,NaN,NaN

INPUT,0.361528337001801,0.0354062467813492,0.744069218635559,0.088929295539856,3.13256478309631,1.1747715473175,K,13
OUTPUT,NaN,NaN,NaN,NaN,NaN,NaN

INPUT,0.36558872461319,0.0354893356561661,0.755293726921082,0.0350570268929005,3.13170456886292,1.22429621219635,K,14
OUTPUT,NaN,NaN,NaN,NaN,NaN,NaN

INPUT,0.369649112224579,0.0355724208056927,0.766518294811249,-0.0184721760451794,3.13087034225464,1.27416455745697,K,15
OUTPUT,NaN,NaN,NaN,NaN,NaN,NaN

INPUT,0.373303472995758,0.0356471985578537,0.776620388031006,-0.0664241835474968,3.13014435768127,1.31927084922791,K,16
OUTPUT,NaN,NaN,NaN,NaN,NaN,NaN

INPUT,0.376145750284195,0.0357053577899933,0.784477531909943,-0.103602923452854,3.1295964717865,1.35447084903717,K,17
OUTPUT,NaN,NaN,NaN,NaN,NaN,NaN

INPUT,0.37817594408989,0.0357469022274017,0.790089786052704,-0.130106151103973,3.12921476364136,1.37966680526733,K,18
OUTPUT,NaN,NaN,NaN,NaN,NaN,NaN

INPUT,0.379394084215164,0.0357718281447887,0.79345715045929,-0.145989403128624,3.12898969650269,1.39480340480804,K,19
OUTPUT,NaN,NaN,NaN,NaN,NaN,NaN

INPUT,0.379800111055374,0.0357801355421543,0.7945796251297,-0.15128082036972,3.12891530990601,1.39985179901123,K,20
OUTPUT,NaN,NaN,NaN,NaN,NaN,NaN

INPUT,0.358273476362228,0.034845944494009,0.732802331447601,0.345403015613556,3.13705778121948,1.32244157791138,K,12
OUTPUT,NaN,NaN,NaN,NaN,NaN,NaN

INPUT,0.362418591976166,0.0348789505660534,0.744022250175476,0.285295099020004,3.13652420043945,1.36515974998474,K,13
OUTPUT,NaN,NaN,NaN,NaN,NaN,NaN

INPUT,0.366563737392426,0.0349119566380978,0.755242049694061,0.226827576756477,3.1360034942627,1.40951824188232,K,14
OUTPUT,NaN,NaN,NaN,NaN,NaN,NaN

INPUT,0.370708882808685,0.0349449627101421,0.766461968421936,0.169548273086548,3.13549733161926,1.45506536960602,K,15
OUTPUT,NaN,NaN,NaN,NaN,NaN,NaN

INPUT,0.374439507722855,0.0349746681749821,0.776559829711914,0.118762157857418,3.13505530357361,1.49682307243347,K,16
OUTPUT,NaN,NaN,NaN,NaN,NaN,NaN

INPUT,0.377341091632843,0.0349977724254131,0.784413754940033,0.0796579867601395,3.13472104072571,1.52969741821289,K,17
OUTPUT,NaN,NaN,NaN,NaN,NaN,NaN

INPUT,0.379413664340973,0.0350142754614353,0.790023684501648,0.0519038140773773,3.13448786735535,1.55335664749146,K,18
OUTPUT,NaN,NaN,NaN,NaN,NaN,NaN

INPUT,0.380657196044922,0.0350241772830486,0.793389618396759,0.0353143140673637,3.13435006141663,1.56761503219604,K,19
OUTPUT,NaN,NaN,NaN,NaN,NaN,NaN

INPUT,0.381071716547012,0.0350274778902531,0.794511616230011,0.0297942068427801,3.13430452346802,1.57237756252289,K,20
OUTPUT,NaN,NaN,NaN,NaN,NaN,NaN

INPUT,0.360447645187378,0.0338037572801113,0.724621415138245,-2.92785549163818,3.12773776054382,-2.0374493598938,K,4
OUTPUT,NaN,NaN,NaN,NaN,NaN,NaN

INPUT,0.366562843322754,0.0336627662181854,0.737991213798523,-2.9995596408844,3.12604975700378,-1.9486893415451,K,5
OUTPUT,NaN,NaN,NaN,NaN,NaN,NaN

INPUT,0.372678071260452,0.0335217751562595,0.751361072063446,-3.07289624214172,3.12446069717407,-1.86155939102173,K,6
OUTPUT,NaN,NaN,NaN,NaN,NaN,NaN

INPUT,0.377434343099594,0.033412117511034,0.76175981760025,-3.13074064254761,3.12330007553101,-1.79459524154663,K,7
OUTPUT,NaN,NaN,NaN,NaN,NaN,NaN

INPUT,0.380831688642502,0.0333337895572186,0.769187450408936,3.11079525947571,3.12251424789429,-1.74709486961365,K,8
OUTPUT,NaN,NaN,NaN,NaN,NaN,NaN

INPUT,0.382870107889175,0.0332867912948132,0.773644089698792,3.0856945514679,3.12206053733826,-1.71870529651642,K,9
OUTPUT,NaN,NaN,NaN,NaN,NaN,NaN

INPUT,0.358763933181763,0.037780374288559,0.723204851150513,-3.04735970497131,3.13804244995117,-2.04884219169617,K,4
OUTPUT,NaN,NaN,NaN,NaN,NaN,NaN

INPUT,0.364763259887695,0.0383503139019012,0.736583471298218,-3.12973213195801,3.13805294036865,-1.95130944252014,K,5
OUTPUT,NaN,NaN,NaN,NaN,NaN,NaN

INPUT,0.37076261639595,0.0389202497899532,0.749962091445923,3.07118773460388,3.13809180259705,-1.85367000102997,K,6
OUTPUT,NaN,NaN,NaN,NaN,NaN,NaN

INPUT,0.375428766012192,0.0393635369837284,0.760367631912231,3.00736021995544,3.1381413936615,-1.77757155895233,K,7
OUTPUT,NaN,NaN,NaN,NaN,NaN,NaN

INPUT,0.37876170873642,0.0396801717579365,0.767800211906433,2.96189379692078,3.13818717002869,-1.72309100627899,K,8
OUTPUT,NaN,NaN,NaN,NaN,NaN,NaN

INPUT,0.380761504173279,0.0398701503872871,0.772259771823883,2.9346764087677,3.13821864128113,-1.69033980369568,K,9
OUTPUT,NaN,NaN,NaN,NaN,NaN,NaN

INPUT,0.357472956180573,0.0342078022658825,0.736368775367737,0.279411673545837,3.10815739631653,1.28254628181458,K,5
OUTPUT,NaN,NaN,NaN,NaN,NaN,NaN

INPUT,0.362640380859375,0.0341368764638901,0.750055849552155,0.203608885407448,3.10312151908875,1.35980713367462,K,6
OUTPUT,NaN,NaN,NaN,NaN,NaN,NaN

INPUT,0.366659462451935,0.0340817086398602,0.760701358318329,0.144528329372406,3.09935879707336,1.41978585720062,K,7
OUTPUT,NaN,NaN,NaN,NaN,NaN,NaN

INPUT,0.369530260562897,0.0340423062443733,0.76830530166626,0.102279648184776,3.09676194190979,1.46258521080017,K,8
OUTPUT,NaN,NaN,NaN,NaN,NaN,NaN

INPUT,0.371252715587616,0.034018661826849,0.772867619991302,0.0769146978855133,3.09524250030518,1.48825144767761,K,9
OUTPUT,NaN,NaN,NaN,NaN,NaN,NaN

INPUT,0.363662749528885,0.035422820597887,0.73703521490097,0.0733123794198036,3.13326025009155,1.1625634431839,K,5
OUTPUT,NaN,NaN,NaN,NaN,NaN,NaN

INPUT,0.369562417268753,0.0355376973748207,0.750551819801331,-0.00689453538507223,3.13163256645203,1.24863278865814,K,6
OUTPUT,NaN,NaN,NaN,NaN,NaN,NaN

INPUT,0.374151080846786,0.0356270484626293,0.76106470823288,-0.0698580518364906,3.13041353225708,1.3149961233139,K,7
OUTPUT,NaN,NaN,NaN,NaN,NaN,NaN

INPUT,0.37742868065834,0.0356908701360226,0.768573880195618,-0.115039981901646,3.12957096099854,1.36219072341919,K,8
OUTPUT,NaN,NaN,NaN,NaN,NaN,NaN

INPUT,0.379395216703415,0.0357291623950005,0.773079395294189,-0.142213612794876,3.12907767295837,1.3904435634613,K,9
OUTPUT,NaN,NaN,NaN,NaN,NaN,NaN

INPUT,0.358552753925323,0.0348765179514885,0.723601937294006,0.424664407968521,3.13829565048218,1.34257507324219,K,4
OUTPUT,NaN,NaN,NaN,NaN,NaN,NaN

INPUT,0.364552199840546,0.034917626529932,0.737078189849854,0.305259019136429,3.13719511032104,1.3885235786438,K,5
OUTPUT,NaN,NaN,NaN,NaN,NaN,NaN

INPUT,0.370551705360413,0.0349587351083755,0.750554382801056,0.20045405626297,3.13612103462219,1.44907307624817,K,6
OUTPUT,NaN,NaN,NaN,NaN,NaN,NaN

INPUT,0.375217944383621,0.0349907130002975,0.761035919189453,0.124098598957062,3.13530993461609,1.5013267993927,K,7
OUTPUT,NaN,NaN,NaN,NaN,NaN,NaN

INPUT,0.378550976514816,0.0350135490298271,0.7685227394104,0.0712857246398926,3.13474583625793,1.5403778553009,K,8
OUTPUT,NaN,NaN,NaN,NaN,NaN,NaN

INPUT,0.380550801753998,0.0350272543728352,0.773014783859253,0.0401124656200409,3.13441395759583,1.5643230676651,K,9
OUTPUT,NaN,NaN,NaN,NaN,NaN,NaN

INPUT,0.351158201694489,0.0352790802717209,0.732828319072723,0.216094419360161,3.10199093818665,1.17888283729553,K,12
OUTPUT,NaN,NaN,NaN,NaN,NaN,NaN

INPUT,0.354555249214172,0.0353576317429543,0.744049847126007,0.164781153202057,3.09809899330139,1.22892570495605,K,13
OUTPUT,NaN,NaN,NaN,NaN,NaN,NaN

INPUT,0.357952326536179,0.0354361869394779,0.755271375179291,0.113566912710667,3.09431862831116,1.27907562255859,K,14
OUTPUT,NaN,NaN,NaN,NaN,NaN,NaN

INPUT,0.361349374055862,0.0355147421360016,0.766492903232574,0.0624256692826748,3.09065937995911,1.32930779457092,K,15
OUTPUT,NaN,NaN,NaN,NaN,NaN,NaN

INPUT,0.364406734704971,0.0355854406952858,0.776592254638672,0.0164464730769396,3.08747792243958,1.37457239627838,K,16
OUTPUT,NaN,NaN,NaN,NaN,NaN,NaN

INPUT,0.366784662008286,0.0356404297053814,0.784447371959686,-0.019290478900075,3.08508086204529,1.4098082780838,K,17
OUTPUT,NaN,NaN,NaN,NaN,NaN,NaN

INPUT,0.368483185768127,0.0356797054409981,0.790058135986328,-0.044805821031332,3.08341193199158,1.43499064445496,K,18
OUTPUT,NaN,NaN,NaN,NaN,NaN,NaN

INPUT,0.369502305984497,0.0357032716274261,0.793424546718597,-0.0601110458374023,3.08242845535278,1.45010507106781,K,19
OUTPUT,NaN,NaN,NaN,NaN,NaN,NaN

INPUT,0.369842022657394,0.0357111282646656,0.794546723365784,-0.0652122795581818,3.08210372924805,1.45514416694641,K,20
OUTPUT,NaN,NaN,NaN,NaN,NaN,NaN

INPUT,0.352520048618317,0.0368935354053974,0.732289493083954,0.270917117595673,3.10549879074097,1.31507384777069,K,12
OUTPUT,NaN,NaN,NaN,NaN,NaN,NaN

INPUT,0.356059521436691,0.0371420830488205,0.743455529212952,0.214937567710876,3.10200333595276,1.36901223659515,K,13
OUTPUT,NaN,NaN,NaN,NaN,NaN,NaN

INPUT,0.359598994255066,0.0373906306922436,0.754621505737305,0.159117698669434,3.09862732887268,1.42311751842499,K,14
OUTPUT,NaN,NaN,NaN,NaN,NaN,NaN

INPUT,0.363138467073441,0.0376391783356667,0.765787482261658,0.103416681289673,3.09538125991821,1.47734951972961,K,15
OUTPUT,NaN,NaN,NaN,NaN,NaN,NaN

INPUT,0.366324007511139,0.0378628708422184,0.775836884975433,0.0533638335764408,3.09257864952087,1.52624344825745,K,16
OUTPUT,NaN,NaN,NaN,NaN,NaN,NaN

INPUT,0.36880162358284,0.0380368568003178,0.783653080463409,0.0144746173173189,3.0904815196991,1.56431746482849,K,17
OUTPUT,NaN,NaN,NaN,NaN,NaN,NaN

INPUT,0.370571374893188,0.0381611287593842,0.789236068725586,-0.0132849207147956,3.08902955055237,1.59153378009796,K,18
OUTPUT,NaN,NaN,NaN,NaN,NaN,NaN

INPUT,0.37163320183754,0.0382356941699982,0.792585849761963,-0.0299341566860676,3.08817744255066,1.60787129402161,K,19
OUTPUT,NaN,NaN,NaN,NaN,NaN,NaN

INPUT,0.371987164020538,0.0382605493068695,0.793702483177185,-0.0354829840362072,3.08789658546448,1.61331832408905,K,20
OUTPUT,NaN,NaN,NaN,NaN,NaN,NaN

INPUT,0.349570512771606,0.0336295291781425,0.732409656047821,0.343911290168762,3.10374665260315,1.3408534526825,K,12
OUTPUT,NaN,NaN,NaN,NaN,NaN,NaN

INPUT,0.352799564599991,0.0335344672203064,0.743588089942932,0.290358036756516,3.10005140304565,1.39224994182587,K,13
OUTPUT,NaN,NaN,NaN,NaN,NaN,NaN

INPUT,0.356028646230698,0.0334394015371799,0.754766523838043,0.23697492480278,3.09647059440613,1.44382393360138,K,14
OUTPUT,NaN,NaN,NaN,NaN,NaN,NaN

INPUT,0.359257698059082,0.0333443395793438,0.765944957733154,0.183718547224998,3.09301376342773,1.49553322792053,K,15
OUTPUT,NaN,NaN,NaN,NaN,NaN,NaN

INPUT,0.362163871526718,0.033258780837059,0.776005566120148,0.135871052742004,3.09001684188843,1.54216241836548,K,16
OUTPUT,NaN,NaN,NaN,NaN,NaN,NaN

INPUT,0.364424198865891,0.0331922397017479,0.783830463886261,0.0987001210451126,3.08776497840881,1.57847821712494,K,17
OUTPUT,NaN,NaN,NaN,NaN,NaN,NaN

INPUT,0.366038739681244,0.0331447049975395,0.789419710636139,0.0721691027283669,3.08620071411133,1.60444033145905,K,18
OUTPUT,NaN,NaN,NaN,NaN,NaN,NaN

INPUT,0.367007464170456,0.0331161879003048,0.792773246765137,0.0562574304640293,3.08528065681458,1.62002551555634,K,19
OUTPUT,NaN,NaN,NaN,NaN,NaN,NaN

INPUT,0.367330372333527,0.0331066809594631,0.793891072273254,0.050954632461071,3.0849769115448,1.62522196769714,K,20
OUTPUT,NaN,NaN,NaN,NaN,NaN,NaN

INPUT,0.356824040412903,0.0353686809539795,0.736427545547485,0.152364328503609,3.09872841835022,1.21999323368073,K,5
OUTPUT,NaN,NaN,NaN,NaN,NaN,NaN

INPUT,0.361937671899796,0.0354640670120716,0.75016313791275,0.0747417807579041,3.09244513511658,1.30533051490784,K,6
OUTPUT,NaN,NaN,NaN,NaN,NaN,NaN

INPUT,0.365914940834045,0.0355382561683655,0.760846436023712,0.0137511733919382,3.08778095245361,1.37110328674316,K,7
OUTPUT,NaN,NaN,NaN,NaN,NaN,NaN

INPUT,0.368755847215652,0.0355912484228611,0.768477380275726,-0.0300534516572952,3.08458042144775,1.41785335540771,K,8
OUTPUT,NaN,NaN,NaN,NaN,NaN,NaN

INPUT,0.370460391044617,0.0356230437755585,0.773055911064148,-0.0564138665795326,3.0827157497406,1.44582951068878,K,9
OUTPUT,NaN,NaN,NaN,NaN,NaN,NaN

INPUT,0.358294367790222,0.0371810607612133,0.735872626304626,0.202885150909424,3.10263395309448,1.36073839664459,K,5
OUTPUT,NaN,NaN,NaN,NaN,NaN,NaN

INPUT,0.363609969615936,0.0375559665262699,0.749501705169678,0.117632158100605,3.09701013565063,1.45220744609833,K,6
OUTPUT,NaN,NaN,NaN,NaN,NaN,NaN

INPUT,0.367744296789169,0.037847563624382,0.760102152824402,0.0508336648344994,3.09287405014038,1.52287411689758,K,7
OUTPUT,NaN,NaN,NaN,NaN,NaN,NaN

INPUT,0.370697408914566,0.038055844604969,0.767673909664154,0.00293058296665549,3.09005928039551,1.57316875457764,K,8
OUTPUT,NaN,NaN,NaN,NaN,NaN,NaN

INPUT,0.372469276189804,0.0381808131933212,0.77221691608429,-0.0258727930486202,3.08842968940735,1.60328733921051,K,9
OUTPUT,NaN,NaN,NaN,NaN,NaN,NaN

INPUT,0.354984045028687,0.0336191281676292,0.735864877700806,0.281581789255142,3.10060501098633,1.38715445995331,K,5
OUTPUT,NaN,NaN,NaN,NaN,NaN,NaN

INPUT,0.359835624694824,0.0334553979337215,0.749565839767456,0.198855981230736,3.09467315673828,1.47313821315765,K,6
OUTPUT,NaN,NaN,NaN,NaN,NaN,NaN

INPUT,0.363609045743942,0.0333280526101589,0.760222136974335,0.134251475334167,3.09028816223145,1.53976798057556,K,7
OUTPUT,NaN,NaN,NaN,NaN,NaN,NaN

INPUT,0.366304367780685,0.0332370921969414,0.767833769321442,0.0880030393600464,3.08728981018066,1.58726704120636,K,8
OUTPUT,NaN,NaN,NaN,NaN,NaN,NaN

INPUT,0.367921561002731,0.0331825129687786,0.772400736808777,0.0602203905582428,3.08554792404175,1.61573648452759,K,9
OUTPUT,NaN,NaN,NaN,NaN,NaN,NaN

INPUT,0.350214302539825,0.0383922308683395,0.731875598430634,0.0727948397397995,3.09785771369934,1.13306391239166,K,12
OUTPUT,NaN,NaN,NaN,NaN,NaN,NaN

INPUT,0.353511124849319,0.0387984327971935,0.74299818277359,0.0165540631860495,3.09365391731262,1.18845081329346,K,13
OUTPUT,NaN,NaN,NaN,NaN,NaN,NaN

INPUT,0.356807976961136,0.0392046347260475,0.754120647907257,-0.0396244004368782,3.08959913253784,1.24391102790833,K,14
OUTPUT,NaN,NaN,NaN,NaN,NaN,NaN

INPUT,0.36010479927063,0.0396108403801918,0.765243172645569,-0.0957575738430023,3.08570623397827,1.29942798614502,K,15
OUTPUT,NaN,NaN,NaN,NaN,NaN,NaN

INPUT,0.363071948289871,0.0399764217436314,0.775253474712372,-0.146248638629913,3.08235120773315,1.34943222999573,K,16
OUTPUT,NaN,NaN,NaN,NaN,NaN,NaN

INPUT,0.365379750728607,0.0402607657015324,0.783039212226868,-0.185504987835884,3.07984471321106,1.38834583759308,K,17
OUTPUT,NaN,NaN,NaN,NaN,NaN,NaN

INPUT,0.367028176784515,0.0404638648033142,0.788600504398346,-0.213538721203804,3.07811188697815,1.41615128517151,K,18
OUTPUT,NaN,NaN,NaN,NaN,NaN,NaN

INPUT,0.368017226457596,0.0405857264995575,0.791937232017517,-0.230356886982918,3.07709574699402,1.43283808231354,K,19
OUTPUT,NaN,NaN,NaN,NaN,NaN,NaN

INPUT,0.368346899747849,0.0406263470649719,0.793049514293671,-0.235962584614754,3.07676100730896,1.43840086460114,K,20
OUTPUT,NaN,NaN,NaN,NaN,NaN,NaN

INPUT,0.357801377773285,0.0365272425115108,0.732892751693726,0.304389774799347,3.13275766372681,1.28297460079193,K,12
OUTPUT,NaN,NaN,NaN,NaN,NaN,NaN

INPUT,0.361896842718124,0.0367370881140232,0.744122385978699,0.24872724711895,3.13181161880493,1.33030259609222,K,13
OUTPUT,NaN,NaN,NaN,NaN,NaN,NaN

INPUT,0.365992337465286,0.0369469337165356,0.755351960659027,0.193791434168816,3.1308913230896,1.37835741043091,K,14
OUTPUT,NaN,NaN,NaN,NaN,NaN,NaN

INPUT,0.370087802410126,0.0371567793190479,0.766581594944,0.139393001794815,3.12999939918518,1.42695045471191,K,15
OUTPUT,NaN,NaN,NaN,NaN,NaN,NaN

INPUT,0.373773753643036,0.0373456403613091,0.776688277721405,0.0907863974571228,3.12922263145447,1.47103667259216,K,16
OUTPUT,NaN,NaN,NaN,NaN,NaN,NaN

INPUT,0.37664058804512,0.0374925322830677,0.784548997879028,0.0531657673418522,3.12863683700562,1.50551068782806,K,17
OUTPUT,NaN,NaN,NaN,NaN,NaN,NaN

INPUT,0.378688305616379,0.0375974550843239,0.790163815021515,0.026377322152257,3.12822866439819,1.53021860122681,K,18
OUTPUT,NaN,NaN,NaN,NaN,NaN,NaN

INPUT,0.379916965961456,0.0376604087650776,0.793532729148865,0.0103340307250619,3.1279878616333,1.54507291316986,K,19
OUTPUT,NaN,NaN,NaN,NaN,NaN,NaN

INPUT,0.380326509475708,0.0376813933253288,0.794655680656433,0.00499081891030073,3.12790846824646,1.55002903938293,K,20
OUTPUT,NaN,NaN,NaN,NaN,NaN,NaN

INPUT,0.348782986402512,0.0350590944290161,0.731987357139587,0.2604601085186,3.08796215057373,1.23413693904877,K,12
OUTPUT,NaN,NaN,NaN,NaN,NaN,NaN

INPUT,0.351929903030396,0.0351145528256893,0.74312037229538,0.208642646670341,3.08274126052856,1.28484725952148,K,13
OUTPUT,NaN,NaN,NaN,NaN,NaN,NaN

INPUT,0.355076819658279,0.0351700149476528,0.754253387451172,0.156906619668007,3.07767486572266,1.33565425872803,K,14
OUTPUT,NaN,NaN,NaN,NaN,NaN,NaN

INPUT,0.358223736286163,0.035225473344326,0.765386343002319,0.105229504406452,3.07277631759644,1.38653671741486,K,15
OUTPUT,NaN,NaN,NaN,NaN,NaN,NaN

INPUT,0.361055940389633,0.0352753885090351,0.775406062602997,0.0587577447295189,3.06852197647095,1.43238294124603,K,16
OUTPUT,NaN,NaN,NaN,NaN,NaN,NaN

INPUT,0.36325877904892,0.0353142097592354,0.783199191093445,0.0226319078356028,3.06532001495361,1.46806979179382,K,17
OUTPUT,NaN,NaN,NaN,NaN,NaN,NaN

INPUT,0.364832252264023,0.0353419408202171,0.788765668869019,-0.00316405389457941,3.06309294700623,1.4935736656189,K,18
OUTPUT,NaN,NaN,NaN,NaN,NaN,NaN

INPUT,0.36577633023262,0.0353585779666901,0.792105555534363,-0.0186388529837132,3.06178116798401,1.50888097286224,K,19
OUTPUT,NaN,NaN,NaN,NaN,NaN,NaN

INPUT,0.366091012954712,0.0353641249239445,0.793218851089478,-0.023796770721674,3.06134819984436,1.51398432254791,K,20
OUTPUT,NaN,NaN,NaN,NaN,NaN,NaN

INPUT,0.35553514957428,0.0371354632079601,0.732777833938599,-0.000730897532775998,3.12087559700012,1.18190824985504,K,12
OUTPUT,NaN,NaN,NaN,NaN,NaN,NaN

INPUT,0.359392046928406,0.0374093875288963,0.743995308876038,-0.0638152658939362,3.11888480186462,1.24330198764801,K,13
OUTPUT,NaN,NaN,NaN,NaN,NaN,NaN

INPUT,0.363248974084854,0.0376833155751228,0.755212724208832,-0.126767322421074,3.11698222160339,1.30483078956604,K,14
OUTPUT,NaN,NaN,NaN,NaN,NaN,NaN

INPUT,0.367105901241302,0.037957239896059,0.766430199146271,-0.189620897173882,3.11517477035522,1.36646091938019,K,15
OUTPUT,NaN,NaN,NaN,NaN,NaN,NaN

INPUT,0.370577126741409,0.0382037758827209,0.776525974273682,-0.246124520897865,3.11363530158997,1.42199516296387,K,16
OUTPUT,NaN,NaN,NaN,NaN,NaN,NaN

INPUT,0.373276978731155,0.0383955240249634,0.784378170967102,-0.290037900209427,3.11249852180481,1.46522390842438,K,17
OUTPUT,NaN,NaN,NaN,NaN,NaN,NaN

INPUT,0.375205427408218,0.0385324843227863,0.789986908435822,-0.321389406919479,3.11172008514404,1.49611759185791,K,18
OUTPUT,NaN,NaN,NaN,NaN,NaN,NaN

INPUT,0.376362502574921,0.0386146642267704,0.793352127075195,-0.340194940567017,3.11126685142517,1.51465952396393,K,19
OUTPUT,NaN,NaN,NaN,NaN,NaN,NaN

INPUT,0.376748204231262,0.038642056286335,0.794473886489868,-0.34646263718605,3.11111807823181,1.52084112167358,K,20
OUTPUT,NaN,NaN,NaN,NaN,NaN,NaN

INPUT,0.357915997505188,0.0367187149822712,0.732177078723907,0.240753307938576,3.12987947463989,1.32575857639313,K,12
OUTPUT,NaN,NaN,NaN,NaN,NaN,NaN

INPUT,0.362024188041687,0.0369488969445229,0.743330001831055,0.180837497115135,3.12868881225586,1.38003599643707,K,13
OUTPUT,NaN,NaN,NaN,NaN,NaN,NaN

INPUT,0.366132348775864,0.0371790826320648,0.754482924938202,0.121390655636787,3.12753987312317,1.43478322029114,K,14
OUTPUT,NaN,NaN,NaN,NaN,NaN,NaN

INPUT,0.370240539312363,0.0374092645943165,0.765635848045349,0.0622924342751503,3.12643671035767,1.48988008499146,K,15
OUTPUT,NaN,NaN,NaN,NaN,NaN,NaN

INPUT,0.373937904834747,0.0376164317131042,0.775673508644104,0.00933328829705715,3.12548589706421,1.53969717025757,K,16
OUTPUT,NaN,NaN,NaN,NaN,NaN,NaN

INPUT,0.376813620328903,0.0377775579690933,0.783480525016785,-0.0317370928823948,3.12477564811707,1.57856440544128,K,17
OUTPUT,NaN,NaN,NaN,NaN,NaN,NaN

INPUT,0.378867715597153,0.0378926508128643,0.789057016372681,-0.0610187351703644,3.1242847442627,1.60638129711151,K,18
OUTPUT,NaN,NaN,NaN,NaN,NaN,NaN

INPUT,0.380100160837173,0.0379617065191269,0.792402923107147,-0.0785682573914528,3.12399697303772,1.62309110164642,K,19
OUTPUT,NaN,NaN,NaN,NaN,NaN,NaN

INPUT,0.380510985851288,0.0379847250878811,0.79351818561554,-0.0844151005148888,3.12390208244324,1.62866401672363,K,20
OUTPUT,NaN,NaN,NaN,NaN,NaN,NaN

INPUT,0.345095723867416,0.0349544398486614,0.74260026216507,0.180416896939278,3.05831575393677,1.17382955551147,K,13
OUTPUT,NaN,NaN,NaN,NaN,NaN,NaN

INPUT,0.347591668367386,0.0349947214126587,0.753683626651764,0.132807239890099,3.05104994773865,1.22093439102173,K,14
OUTPUT,NaN,NaN,NaN,NaN,NaN,NaN

INPUT,0.350087612867355,0.0350349992513657,0.764767050743103,0.0852191895246506,3.04398727416992,1.26809167861938,K,15
OUTPUT,NaN,NaN,NaN,NaN,NaN,NaN

INPUT,0.352333962917328,0.0350712537765503,0.774742186069489,0.0424008555710316,3.03781723976135,1.31057178974152,K,16
OUTPUT,NaN,NaN,NaN,NaN,NaN,NaN

INPUT,0.354081153869629,0.0350994504988194,0.782500565052032,0.00910157989710569,3.03314805030823,1.34363400936127,K,17
OUTPUT,NaN,NaN,NaN,NaN,NaN,NaN

INPUT,0.355329126119614,0.0351195894181728,0.78804224729538,-0.0146826859563589,3.0298855304718,1.36726117134094,K,18
OUTPUT,NaN,NaN,NaN,NaN,NaN,NaN

INPUT,0.356077909469604,0.035131674259901,0.791367292404175,-0.0289531592279673,3.02795815467834,1.38144159317017,K,19
OUTPUT,NaN,NaN,NaN,NaN,NaN,NaN

INPUT,0.356327503919601,0.0351357012987137,0.792475640773773,-0.0337099805474281,3.02732062339783,1.38616907596588,K,20
OUTPUT,NaN,NaN,NaN,NaN,NaN,NaN

INPUT,0.355255752801895,0.0359150469303131,0.733099818229675,0.388556450605392,3.1334912776947,1.32462191581726,K,12
OUTPUT,NaN,NaN,NaN,NaN,NaN,NaN

INPUT,0.359082967042923,0.0360605791211128,0.744351208209991,0.334078401327133,3.13261127471924,1.36865794658661,K,13
OUTPUT,NaN,NaN,NaN,NaN,NaN,NaN

INPUT,0.362910211086273,0.0362061150372028,0.755602598190308,0.280522435903549,3.13175320625305,1.41361629962921,K,14
OUTPUT,NaN,NaN,NaN,NaN,NaN,NaN

INPUT,0.366737455129623,0.0363516472280025,0.766854047775269,0.227647811174393,3.1309187412262,1.45925652980804,K,15
OUTPUT,NaN,NaN,NaN,NaN,NaN,NaN

INPUT,0.370181977748871,0.0364826284348965,0.77698028087616,0.180506810545921,3.1301896572113,1.50077927112579,K,16
OUTPUT,NaN,NaN,NaN,NaN,NaN,NaN

INPUT,0.37286102771759,0.0365845039486885,0.784856259822845,0.144075080752373,3.12963795661926,1.53330850601196,K,17
OUTPUT,NaN,NaN,NaN,NaN,NaN,NaN

INPUT,0.374774664640427,0.0366572700440884,0.790481984615326,0.118158221244812,3.12925267219543,1.55664944648743,K,18
OUTPUT,NaN,NaN,NaN,NaN,NaN,NaN

INPUT,0.375922828912735,0.0367009304463863,0.793857395648956,0.102645725011826,3.12902498245239,1.57069170475006,K,19
OUTPUT,NaN,NaN,NaN,NaN,NaN,NaN

INPUT,0.376305550336838,0.0367154851555824,0.794982552528381,0.0974807217717171,3.1289496421814,1.57537841796875,K,20
OUTPUT,NaN,NaN,NaN,NaN,NaN,NaN

INPUT,0.362399637699127,0.0316441841423512,0.720957338809967,3.12440276145935,3.10251235961914,-2.06840825080872,K,11
OUTPUT,NaN,NaN,NaN,NaN,NaN,NaN

INPUT,0.36751788854599,0.0313042774796486,0.732103884220123,3.06057190895081,3.09858703613281,-2.00394582748413,K,12
OUTPUT,NaN,NaN,NaN,NaN,NaN,NaN

INPUT,0.372636139392853,0.0309643745422363,0.74325042963028,2.99668383598328,3.09483861923218,-1.93953013420105,K,13
OUTPUT,NaN,NaN,NaN,NaN,NaN,NaN

INPUT,0.377754420042038,0.0306244716048241,0.754396975040436,2.93275189399719,3.0912823677063,-1.87514710426331,K,14
OUTPUT,NaN,NaN,NaN,NaN,NaN,NaN

INPUT,0.382872670888901,0.0302845668047667,0.765543520450592,2.86878538131714,3.08793306350708,-1.8107875585556,K,15
OUTPUT,NaN,NaN,NaN,NaN,NaN,NaN

INPUT,0.387479096651077,0.0299786534160376,0.775575399398804,2.81119155883789,3.08510732650757,-1.75287854671478,K,16
OUTPUT,NaN,NaN,NaN,NaN,NaN,NaN

INPUT,0.391061902046204,0.0297407209873199,0.783377945423126,2.76638293266296,3.08303904533386,-1.70784533023834,K,17
OUTPUT,NaN,NaN,NaN,NaN,NaN,NaN

INPUT,0.393621027469635,0.0295707695186138,0.788951218128204,2.73437070846558,3.08163380622864,-1.67568182945251,K,18
OUTPUT,NaN,NaN,NaN,NaN,NaN,NaN

INPUT,0.395156502723694,0.029468797147274,0.792295157909393,2.71516108512878,3.08082008361816,-1.65638470649719,K,19
OUTPUT,NaN,NaN,NaN,NaN,NaN,NaN

INPUT,0.39566832780838,0.0294348075985909,0.793409824371338,2.7087574005127,3.08055377006531,-1.64995241165161,K,20
OUTPUT,NaN,NaN,NaN,NaN,NaN,NaN

INPUT,0.371333956718445,0.0314047820866108,0.730417132377625,3.00823163986206,3.09595036506653,-1.98332941532135,K,5
OUTPUT,NaN,NaN,NaN,NaN,NaN,NaN

INPUT,0.379695624113083,0.0308798141777515,0.74590790271759,2.90162992477417,3.08979654312134,-1.86213481426239,K,6
OUTPUT,NaN,NaN,NaN,NaN,NaN,NaN

INPUT,0.386199146509171,0.0304715074598789,0.757956266403198,2.81765007972717,3.08546853065491,-1.7689163684845,K,7
OUTPUT,NaN,NaN,NaN,NaN,NaN,NaN

INPUT,0.390844523906708,0.0301798582077026,0.766562283039093,2.75725960731506,3.08264422416687,-1.70272374153137,K,8
OUTPUT,NaN,NaN,NaN,NaN,NaN,NaN

INPUT,0.393631726503372,0.0300048682838678,0.771725833415985,2.72089695930481,3.08106207847595,-1.66313183307648,K,9
OUTPUT,NaN,NaN,NaN,NaN,NaN,NaN

INPUT,0.355736404657364,0.0386890433728695,0.735240936279297,-0.00311986380256712,3.09437870979309,1.17247903347015,K,5
OUTPUT,NaN,NaN,NaN,NaN,NaN,NaN

INPUT,0.360729724168777,0.0392774231731892,0.748867154121399,-0.0856640934944153,3.08764028549194,1.26946175098419,K,6
OUTPUT,NaN,NaN,NaN,NaN,NaN,NaN

INPUT,0.36461341381073,0.0397350527346134,0.759465336799622,-0.150987163186073,3.08269548416138,1.34379243850708,K,7
OUTPUT,NaN,NaN,NaN,NaN,NaN,NaN

INPUT,0.367387473583221,0.0400619320571423,0.76703542470932,-0.198080345988274,3.07933688163757,1.3964638710022,K,8
OUTPUT,NaN,NaN,NaN,NaN,NaN,NaN

INPUT,0.369051933288574,0.0402580574154854,0.771577537059784,-0.226476565003395,3.07739543914795,1.42793154716492,K,9
OUTPUT,NaN,NaN,NaN,NaN,NaN,NaN

INPUT,0.364065796136856,0.0367821902036667,0.737125873565674,0.249217435717583,3.13247871398926,1.3342227935791,K,5
OUTPUT,NaN,NaN,NaN,NaN,NaN,NaN

INPUT,0.370018184185028,0.0371063984930515,0.750637233257294,0.159896969795227,3.13076519966125,1.41051292419434,K,6
OUTPUT,NaN,NaN,NaN,NaN,NaN,NaN

INPUT,0.374647796154022,0.0373585559427738,0.761146128177643,0.0916770845651627,3.12948298454285,1.47110211849213,K,7
OUTPUT,NaN,NaN,NaN,NaN,NaN,NaN

INPUT,0.377954691648483,0.0375386700034142,0.768652498722076,0.0434020422399044,3.12859725952148,1.51483428478241,K,8
OUTPUT,NaN,NaN,NaN,NaN,NaN,NaN

INPUT,0.379938811063766,0.0376467369496822,0.77315628528595,0.0145782455801964,3.12807893753052,1.54121494293213,K,9
OUTPUT,NaN,NaN,NaN,NaN,NaN,NaN

INPUT,0.3542720079422,0.0351527705788612,0.735263228416443,0.196480914950371,3.08333206176758,1.27629637718201,K,5
OUTPUT,NaN,NaN,NaN,NaN,NaN,NaN

INPUT,0.359103828668594,0.0352151282131672,0.74895042181015,0.11787223815918,3.07500433921814,1.36251521110535,K,6
OUTPUT,NaN,NaN,NaN,NaN,NaN,NaN

INPUT,0.362861901521683,0.0352636240422726,0.759595990180969,0.0561284460127354,3.06883645057678,1.42900133132935,K,7
OUTPUT,NaN,NaN,NaN,NaN,NaN,NaN

INPUT,0.365546256303787,0.035298265516758,0.767199993133545,0.0117891635745764,3.06461215019226,1.47627186775208,K,8
OUTPUT,NaN,NaN,NaN,NaN,NaN,NaN

INPUT,0.367156863212585,0.0353190489113331,0.771762371063232,-0.0148916635662317,3.0621542930603,1.50456392765045,K,9
OUTPUT,NaN,NaN,NaN,NaN,NaN,NaN

INPUT,0.36155378818512,0.0373407825827599,0.736726641654968,-0.0903510749340057,3.11963224411011,1.22081613540649,K,5
OUTPUT,NaN,NaN,NaN,NaN,NaN,NaN

INPUT,0.367230117321014,0.0377347432076931,0.750319004058838,-0.180807188153267,3.11633682250977,1.33056199550629,K,6
OUTPUT,NaN,NaN,NaN,NaN,NaN,NaN

INPUT,0.37164506316185,0.0380411595106125,0.76089084148407,-0.252703696489334,3.11394572257996,1.41438364982605,K,7
OUTPUT,NaN,NaN,NaN,NaN,NaN,NaN

INPUT,0.374798566102982,0.0382600240409374,0.768442153930664,-0.304640084505081,3.11233878135681,1.47367763519287,K,8
OUTPUT,NaN,NaN,NaN,NaN,NaN,NaN

INPUT,0.376690685749054,0.0383913479745388,0.772972941398621,-0.33598667383194,3.11141777038574,1.50907027721405,K,9
OUTPUT,NaN,NaN,NaN,NaN,NaN,NaN

INPUT,0.364161431789398,0.0369782447814941,0.736210584640503,0.171806305646896,3.12937140464783,1.37479209899902,K,5
OUTPUT,NaN,NaN,NaN,NaN,NaN,NaN

INPUT,0.370174169540405,0.0373298414051533,0.749642431735992,0.0794625133275986,3.12729167938232,1.46607959270477,K,6
OUTPUT,NaN,NaN,NaN,NaN,NaN,NaN

INPUT,0.374850749969482,0.0376033037900925,0.760089457035065,0.0077323536388576,3.12575626373291,1.53717541694641,K,7
OUTPUT,NaN,NaN,NaN,NaN,NaN,NaN

INPUT,0.37819117307663,0.0377986319363117,0.767551600933075,-0.0434694029390812,3.12470865249634,1.5879932641983,K,8
OUTPUT,NaN,NaN,NaN,NaN,NaN,NaN

INPUT,0.380195438861847,0.0379158295691013,0.772028863430023,-0.0741798356175423,3.12410092353821,1.61849510669708,K,9
OUTPUT,NaN,NaN,NaN,NaN,NaN,NaN

INPUT,0.361151576042175,0.0361158922314644,0.737201929092407,0.343722492456436,3.13324475288391,1.38160002231598,K,5
OUTPUT,NaN,NaN,NaN,NaN,NaN,NaN

INPUT,0.366697579622269,0.0363406054675579,0.750803530216217,0.252437680959702,3.13164162635803,1.44872140884399,K,6
OUTPUT,NaN,NaN,NaN,NaN,NaN,NaN

INPUT,0.371011167764664,0.0365153811872005,0.761382520198822,0.183800458908081,3.13043665885925,1.50328969955444,K,7
OUTPUT,NaN,NaN,NaN,NaN,NaN,NaN

INPUT,0.374092310667038,0.0366402231156826,0.768938958644867,0.135627314448357,3.12960147857666,1.54312109947205,K,8
OUTPUT,NaN,NaN,NaN,NaN,NaN,NaN

INPUT,0.375940978527069,0.0367151275277138,0.773472845554352,0.106988593935966,3.12911105155945,1.56728518009186,K,9
OUTPUT,NaN,NaN,NaN,NaN,NaN,NaN

INPUT,0.349298417568207,0.0349965430796146,0.74066698551178,0.144845172762871,3.05547475814819,1.18652319908142,K,5
OUTPUT,NaN,NaN,NaN,NaN,NaN,NaN

INPUT,0.352649390697479,0.0350189693272114,0.752165079116821,0.0813103243708611,3.04493236541748,1.25907957553864,K,6
OUTPUT,NaN,NaN,NaN,NaN,NaN,NaN

INPUT,0.35525569319725,0.0350364148616791,0.761108040809631,0.0312536023557186,3.03703832626343,1.31491816043854,K,7
OUTPUT,NaN,NaN,NaN,NaN,NaN,NaN

INPUT,0.357117354869843,0.0350488722324371,0.767495810985565,-0.00476437481120229,3.03157711029053,1.35456609725952,K,8
OUTPUT,NaN,NaN,NaN,NaN,NaN,NaN

INPUT,0.358234345912933,0.0350563488900661,0.771328508853912,-0.0264635439962149,3.02837514877319,1.37827694416046,K,9
OUTPUT,NaN,NaN,NaN,NaN,NaN,NaN

INPUT,0.358830213546753,0.0357470810413361,0.732500851154327,-2.99167847633362,3.13833451271057,-1.99389469623566,K,12
OUTPUT,NaN,NaN,NaN,NaN,NaN,NaN

INPUT,0.363034605979919,0.0358750037848949,0.743687868118286,-3.03773379325867,3.13812899589539,-1.93494093418121,K,13
OUTPUT,NaN,NaN,NaN,NaN,NaN,NaN

INPUT,0.367238968610764,0.0360029228031635,0.754874885082245,-3.08449625968933,3.13793301582336,-1.87669456005096,K,14
OUTPUT,NaN,NaN,NaN,NaN,NaN,NaN

INPUT,0.37144336104393,0.0361308418214321,0.766061902046204,-3.13182926177979,3.13774704933167,-1.81901836395264,K,15
OUTPUT,NaN,NaN,NaN,NaN,NaN,NaN

INPUT,0.375227302312851,0.0362459719181061,0.776130259037018,3.1083562374115,3.13758873939514,-1.76750981807709,K,16
OUTPUT,NaN,NaN,NaN,NaN,NaN,NaN

INPUT,0.378170371055603,0.0363355167210102,0.783961176872253,3.07469129562378,3.1374716758728,-1.72766828536987,K,17
OUTPUT,NaN,NaN,NaN,NaN,NaN,NaN

INPUT,0.380272567272186,0.0363994762301445,0.78955465555191,3.050541639328,3.13739132881165,-1.6993134021759,K,18
OUTPUT,NaN,NaN,NaN,NaN,NaN,NaN

INPUT,0.381533861160278,0.036437850445509,0.792910754680634,3.03601408004761,3.13734459877014,-1.68233823776245,K,19
OUTPUT,NaN,NaN,NaN,NaN,NaN,NaN

INPUT,0.381954312324524,0.0364506430923939,0.794029474258423,3.031165599823,3.1373291015625,-1.67668581008911,K,20
OUTPUT,NaN,NaN,NaN,NaN,NaN,NaN

INPUT,0.354975134134293,0.0360931903123856,0.733040988445282,0.190584868192673,3.13051867485046,1.11268854141235,K,12
OUTPUT,NaN,NaN,NaN,NaN,NaN,NaN

INPUT,0.358773678541183,0.0362576134502888,0.744284808635712,0.14023844897747,3.12934684753418,1.15938687324524,K,13
OUTPUT,NaN,NaN,NaN,NaN,NaN,NaN

INPUT,0.362572222948074,0.0364220328629017,0.755528628826141,0.0902071744203568,3.12820386886597,1.20640087127686,K,14
OUTPUT,NaN,NaN,NaN,NaN,NaN,NaN

INPUT,0.366370767354965,0.0365864522755146,0.766772449016571,0.0404099076986313,3.1270923614502,1.25364971160889,K,15
OUTPUT,NaN,NaN,NaN,NaN,NaN,NaN

INPUT,0.369789451360703,0.0367344319820404,0.776891887187958,-0.00425361515954137,3.12612128257751,1.29632842540741,K,16
OUTPUT,NaN,NaN,NaN,NaN,NaN,NaN

INPUT,0.372448444366455,0.0368495248258114,0.784762561321259,-0.0389109328389168,3.12538599967957,1.32960426807404,K,17
OUTPUT,NaN,NaN,NaN,NaN,NaN,NaN

INPUT,0.374347716569901,0.0369317345321178,0.790384471416473,-0.0636295676231384,3.12487244606018,1.35340988636017,K,18
OUTPUT,NaN,NaN,NaN,NaN,NaN,NaN

INPUT,0.375487267971039,0.0369810611009598,0.793757617473602,-0.0784474611282349,3.12456893920898,1.36770617961884,K,19
OUTPUT,NaN,NaN,NaN,NaN,NaN,NaN

INPUT,0.375867128372192,0.0369975045323372,0.794881999492645,-0.0833848565816879,3.12446856498718,1.37247383594513,K,20
OUTPUT,NaN,NaN,NaN,NaN,NaN,NaN

INPUT,0.360478848218918,0.0344328097999096,0.732194662094116,-2.85736775398254,3.12687087059021,-1.97299599647522,K,12
OUTPUT,NaN,NaN,NaN,NaN,NaN,NaN

INPUT,0.364856123924255,0.0344222374260426,0.743350744247437,-2.90183734893799,3.12554478645325,-1.92439043521881,K,13
OUTPUT,NaN,NaN,NaN,NaN,NaN,NaN

INPUT,0.369233429431915,0.0344116687774658,0.754506766796112,-2.94661951065063,3.12425351142883,-1.87609672546387,K,14
OUTPUT,NaN,NaN,NaN,NaN,NaN,NaN

INPUT,0.373610705137253,0.0344011001288891,0.765662848949432,-2.99164247512817,3.12299966812134,-1.82804250717163,K,15
OUTPUT,NaN,NaN,NaN,NaN,NaN,NaN

INPUT,0.377550274133682,0.0343915894627571,0.775703310966492,-3.03232622146606,3.12190556526184,-1.78495597839355,K,16
OUTPUT,NaN,NaN,NaN,NaN,NaN,NaN

INPUT,0.380614370107651,0.0343841873109341,0.783512532711029,-3.06405687332153,3.12107849121094,-1.75153136253357,K,17
OUTPUT,NaN,NaN,NaN,NaN,NaN,NaN

INPUT,0.382803022861481,0.0343789048492908,0.789090573787689,-3.08676195144653,3.12050080299377,-1.72769677639008,K,18
OUTPUT,NaN,NaN,NaN,NaN,NaN,NaN

INPUT,0.38411620259285,0.0343757346272469,0.792437374591827,-3.10039973258972,3.12015962600708,-1.71341037750244,K,19
OUTPUT,NaN,NaN,NaN,NaN,NaN,NaN

INPUT,0.38455393910408,0.0343746766448021,0.793552994728088,-3.10494780540466,3.12004685401917,-1.70865058898926,K,20
OUTPUT,NaN,NaN,NaN,NaN,NaN,NaN

INPUT,0.354718685150146,0.0354234278202057,0.732701003551483,0.293916136026382,3.12641310691833,1.17642164230347,K,12
OUTPUT,NaN,NaN,NaN,NaN,NaN,NaN

INPUT,0.358489751815796,0.0355170071125031,0.743910670280457,0.245383471250534,3.12483143806458,1.22076869010925,K,13
OUTPUT,NaN,NaN,NaN,NaN,NaN,NaN

INPUT,0.362260818481445,0.0356105864048004,0.75512033700943,0.197207763791084,3.12328600883484,1.26547372341156,K,14
OUTPUT,NaN,NaN,NaN,NaN,NaN,NaN

INPUT,0.366031885147095,0.0357041656970978,0.766330003738403,0.149298682808876,3.12177991867065,1.31044685840607,K,15
OUTPUT,NaN,NaN,NaN,NaN,NaN,NaN

INPUT,0.369425863027573,0.0357883870601654,0.776418745517731,0.106356404721737,3.12046074867249,1.35109961032867,K,16
OUTPUT,NaN,NaN,NaN,NaN,NaN,NaN

INPUT,0.372065603733063,0.0358538925647736,0.784265518188477,0.0730498880147934,3.119460105896,1.38281214237213,K,17
OUTPUT,NaN,NaN,NaN,NaN,NaN,NaN

INPUT,0.37395116686821,0.0359006822109222,0.789870321750641,0.0493014678359032,3.1187596321106,1.40550649166107,K,18
OUTPUT,NaN,NaN,NaN,NaN,NaN,NaN

INPUT,0.375082463026047,0.0359287559986115,0.793233215808868,0.035067480057478,3.11834526062012,1.41913843154907,K,19
OUTPUT,NaN,NaN,NaN,NaN,NaN,NaN

INPUT,0.375459581613541,0.0359381139278412,0.794354200363159,0.0303252283483744,3.11820816993713,1.42368471622467,K,20
OUTPUT,NaN,NaN,NaN,NaN,NaN,NaN

INPUT,0.368229925632477,0.0306373182684183,0.720845520496368,-3.07885932922363,3.08600044250488,-2.09008717536926,K,11
OUTPUT,NaN,NaN,NaN,NaN,NaN,NaN

INPUT,0.374034732580185,0.0301792174577713,0.73197728395462,-3.13681864738464,3.08021664619446,-2.03167581558228,K,12
OUTPUT,NaN,NaN,NaN,NaN,NaN,NaN

INPUT,0.379839569330215,0.0297211166471243,0.743109107017517,3.08835911750793,3.07464051246643,-1.97329270839691,K,13
OUTPUT,NaN,NaN,NaN,NaN,NaN,NaN

INPUT,0.385644376277924,0.0292630158364773,0.754240870475769,3.03031253814697,3.06929111480713,-1.9149272441864,K,14
OUTPUT,NaN,NaN,NaN,NaN,NaN,NaN

INPUT,0.391449183225632,0.0288049150258303,0.765372693538666,2.97223329544067,3.06418609619141,-1.85657238960266,K,15
OUTPUT,NaN,NaN,NaN,NaN,NaN,NaN

INPUT,0.396673500537872,0.0283926241099834,0.775391280651093,2.91993808746338,3.05981540679932,-1.8040577173233,K,16
OUTPUT,NaN,NaN,NaN,NaN,NaN,NaN

INPUT,0.400736898183823,0.028071952983737,0.783183574676514,2.87925028800964,3.05657052993774,-1.7632143497467,K,17
OUTPUT,NaN,NaN,NaN,NaN,NaN,NaN

INPUT,0.403639286756516,0.0278429035097361,0.78874945640564,2.85018062591553,3.05433869361877,-1.73404061794281,K,18
OUTPUT,NaN,NaN,NaN,NaN,NaN,NaN

INPUT,0.405380725860596,0.0277054719626904,0.792088985443115,2.83273601531982,3.05303502082825,-1.71653628349304,K,19
OUTPUT,NaN,NaN,NaN,NaN,NaN,NaN

INPUT,0.405961215496063,0.0276596620678902,0.79320216178894,2.82692098617554,3.05260634422302,-1.71070146560669,K,20
OUTPUT,NaN,NaN,NaN,NaN,NaN,NaN

INPUT,0.359061419963837,0.0357148535549641,0.72343647480011,-2.97972798347473,3.13750672340393,-2.04239082336426,K,4
OUTPUT,NaN,NaN,NaN,NaN,NaN,NaN

INPUT,0.365098863840103,0.0359121076762676,0.736828804016113,-3.05134201049805,3.13741898536682,-1.94512355327606,K,5
OUTPUT,NaN,NaN,NaN,NaN,NaN,NaN

INPUT,0.37113630771637,0.0361093617975712,0.750221073627472,-3.12339973449707,3.13736033439636,-1.84829962253571,K,6
OUTPUT,NaN,NaN,NaN,NaN,NaN,NaN

INPUT,0.375832110643387,0.036262784153223,0.76063734292984,3.10355567932129,3.13733506202698,-1.7731773853302,K,7
OUTPUT,NaN,NaN,NaN,NaN,NaN,NaN

INPUT,0.379186242818832,0.0363723710179329,0.768077552318573,3.06334280967712,3.13732814788818,-1.71956717967987,K,8
OUTPUT,NaN,NaN,NaN,NaN,NaN,NaN

INPUT,0.381198734045029,0.0364381223917007,0.772541642189026,3.03920960426331,3.13732838630676,-1.68740653991699,K,9
OUTPUT,NaN,NaN,NaN,NaN,NaN,NaN

INPUT,0.360856831073761,0.0362828820943832,0.73708313703537,0.129222571849823,3.13002038002014,1.15159928798676,K,5
OUTPUT,NaN,NaN,NaN,NaN,NaN,NaN

INPUT,0.366383403539658,0.0365298762917519,0.750691771507263,0.0530767068266869,3.12794518470764,1.23150503635406,K,6
OUTPUT,NaN,NaN,NaN,NaN,NaN,NaN

INPUT,0.370681822299957,0.0367219857871532,0.761276304721832,-0.0064974189735949,3.12638783454895,1.29330563545227,K,7
OUTPUT,NaN,NaN,NaN,NaN,NaN,NaN

INPUT,0.373752146959305,0.0368592031300068,0.768836677074432,-0.0491793304681778,3.12530946731567,1.33732104301453,K,8
OUTPUT,NaN,NaN,NaN,NaN,NaN,NaN

INPUT,0.375594317913055,0.0369415357708931,0.773372888565063,-0.0748290345072746,3.12467694282532,1.36369001865387,K,9
OUTPUT,NaN,NaN,NaN,NaN,NaN,NaN

INPUT,0.360664665699005,0.0344540625810623,0.723458409309387,-2.84856510162354,3.12665891647339,-2.01788187026978,K,4
OUTPUT,NaN,NaN,NaN,NaN,NaN,NaN

INPUT,0.366874307394028,0.0344288684427738,0.736719965934753,-2.91435408592224,3.12477111816406,-1.93395280838013,K,5
OUTPUT,NaN,NaN,NaN,NaN,NaN,NaN

INPUT,0.373083978891373,0.0344036743044853,0.749981582164764,-2.98193836212158,3.12297606468201,-1.8518168926239,K,6
OUTPUT,NaN,NaN,NaN,NaN,NaN,NaN

INPUT,0.377913683652878,0.0343840830028057,0.760296106338501,-3.03538846969604,3.12165117263794,-1.7888160943985,K,7
OUTPUT,NaN,NaN,NaN,NaN,NaN,NaN

INPUT,0.38136351108551,0.0343700870871544,0.767663657665253,-3.07393169403076,3.12074565887451,-1.74417912960052,K,8
OUTPUT,NaN,NaN,NaN,NaN,NaN,NaN

INPUT,0.383433401584625,0.0343616865575314,0.772084176540375,-3.09718012809753,3.12021946907043,-1.71751892566681,K,9
OUTPUT,NaN,NaN,NaN,NaN,NaN,NaN

INPUT,0.360583961009979,0.0355680882930756,0.736616253852844,0.240900844335556,3.12545871734619,1.21942973136902,K,5
OUTPUT,NaN,NaN,NaN,NaN,NaN,NaN

INPUT,0.36610746383667,0.0357064008712769,0.750203907489777,0.164812117815018,3.12275195121765,1.29267656803131,K,6
OUTPUT,NaN,NaN,NaN,NaN,NaN,NaN

INPUT,0.370403498411179,0.0358139798045158,0.760772049427032,0.105881355702877,3.12071847915649,1.34989833831787,K,7
OUTPUT,NaN,NaN,NaN,NaN,NaN,NaN

INPUT,0.37347212433815,0.0358908176422119,0.768320739269257,0.0638813525438309,3.11930847167969,1.39086592197418,K,8
OUTPUT,NaN,NaN,NaN,NaN,NaN,NaN

INPUT,0.375313282012939,0.035936925560236,0.772849977016449,0.0387110561132431,3.11848092079163,1.41547667980194,K,9
OUTPUT,NaN,NaN,NaN,NaN,NaN,NaN

INPUT,0.368718385696411,0.0309430323541164,0.715329051017761,-3.08791589736938,3.08655881881714,-2.12331748008728,K,4
OUTPUT,NaN,NaN,NaN,NaN,NaN,NaN

INPUT,0.378129422664642,0.0302195213735104,0.730669379234314,3.10015726089478,3.07653093338013,-2.01179671287537,K,5
OUTPUT,NaN,NaN,NaN,NaN,NaN,NaN

INPUT,0.387540429830551,0.0294960103929043,0.746009647846222,3.00287747383118,3.06719326972961,-1.90237820148468,K,6
OUTPUT,NaN,NaN,NaN,NaN,NaN,NaN

INPUT,0.394860118627548,0.0289332792162895,0.757941007614136,2.92626047134399,3.06047296524048,-1.81818270683289,K,7
OUTPUT,NaN,NaN,NaN,NaN,NaN,NaN

INPUT,0.400088459253311,0.0285313278436661,0.766463398933411,2.87116837501526,3.05599045753479,-1.75838303565979,K,8
OUTPUT,NaN,NaN,NaN,NaN,NaN,NaN

INPUT,0.40322545170784,0.0282901581376791,0.771576821804047,2.83799576759338,3.05343508720398,-1.72261023521423,K,9
OUTPUT,NaN,NaN,NaN,NaN,NaN,NaN

INPUT,0.348585933446884,0.0369330123066902,0.732656717300415,0.178795397281647,3.0904107093811,1.2027747631073,K,12
OUTPUT,NaN,NaN,NaN,NaN,NaN,NaN

INPUT,0.351711302995682,0.0371856391429901,0.743861436843872,0.12435444444418,3.08547163009644,1.25615441799164,K,13
OUTPUT,NaN,NaN,NaN,NaN,NaN,NaN

INPUT,0.354836702346802,0.0374382622539997,0.755066096782684,0.0699907392263412,3.08069562911987,1.30962610244751,K,14
OUTPUT,NaN,NaN,NaN,NaN,NaN,NaN

INPUT,0.357962071895599,0.0376908890902996,0.766270816326141,0.0156832560896873,3.07609629631042,1.3631694316864,K,15
OUTPUT,NaN,NaN,NaN,NaN,NaN,NaN

INPUT,0.360774904489517,0.0379182547330856,0.776355028152466,-0.0331580303609371,3.07211947441101,1.41140735149384,K,16
OUTPUT,NaN,NaN,NaN,NaN,NaN,NaN

INPUT,0.362962663173676,0.0380950942635536,0.784198343753815,-0.0711276531219482,3.06913900375366,1.44895315170288,K,17
OUTPUT,NaN,NaN,NaN,NaN,NaN,NaN

INPUT,0.364525347948074,0.0382214039564133,0.789800703525543,-0.0982409864664078,3.06707286834717,1.47578394412994,K,18
OUTPUT,NaN,NaN,NaN,NaN,NaN,NaN

INPUT,0.365462958812714,0.0382971949875355,0.793162047863007,-0.114506371319294,3.06585907936096,1.49188709259033,K,19
OUTPUT,NaN,NaN,NaN,NaN,NaN,NaN

INPUT,0.365775495767593,0.0383224561810493,0.794282555580139,-0.119927741587162,3.06545901298523,1.49725556373596,K,20
OUTPUT,NaN,NaN,NaN,NaN,NaN,NaN

INPUT,0.358029425144196,0.035620491951704,0.73316890001297,0.276769518852234,3.1365053653717,1.24587655067444,K,12
OUTPUT,NaN,NaN,NaN,NaN,NaN,NaN

INPUT,0.36214891076088,0.0357349663972855,0.744427502155304,0.21925713121891,3.13591480255127,1.29035580158234,K,13
OUTPUT,NaN,NaN,NaN,NaN,NaN,NaN

INPUT,0.366268366575241,0.0358494408428669,0.755686044692993,0.162960112094879,3.13533878326416,1.3360503911972,K,14
OUTPUT,NaN,NaN,NaN,NaN,NaN,NaN

INPUT,0.370387881994247,0.035963911563158,0.766944587230682,0.107546843588352,3.13477897644043,1.3826287984848,K,15
OUTPUT,NaN,NaN,NaN,NaN,NaN,NaN

INPUT,0.374095410108566,0.0360669381916523,0.777077317237854,0.0582454167306423,3.13428997993469,1.42512023448944,K,16
OUTPUT,NaN,NaN,NaN,NaN,NaN,NaN

INPUT,0.376979053020477,0.0361470691859722,0.784958302974701,0.0201958809047937,3.13392019271851,1.45846521854401,K,17
OUTPUT,NaN,NaN,NaN,NaN,NaN,NaN

INPUT,0.379038780927658,0.0362043082714081,0.790587604045868,-0.00684957206249237,3.13366222381592,1.48241591453552,K,18
OUTPUT,NaN,NaN,NaN,NaN,NaN,NaN

INPUT,0.380274623632431,0.0362386479973793,0.79396516084671,-0.0230296496301889,3.13350963592529,1.49683344364166,K,19
OUTPUT,NaN,NaN,NaN,NaN,NaN,NaN

INPUT,0.380686581134796,0.0362500958144665,0.795091032981873,-0.0284157264977694,3.1334593296051,1.50164651870728,K,20
OUTPUT,NaN,NaN,NaN,NaN,NaN,NaN

INPUT,0.362690210342407,0.034068550914526,0.721212863922119,-2.88886904716492,3.09469985961914,-1.98794889450073,K,11
OUTPUT,NaN,NaN,NaN,NaN,NaN,NaN

INPUT,0.367842614650726,0.034013919532299,0.732389211654663,-2.94122338294983,3.08974671363831,-1.93429100513458,K,12
OUTPUT,NaN,NaN,NaN,NaN,NaN,NaN

INPUT,0.372995018959045,0.0339592918753624,0.743565559387207,-2.99369668960571,3.0849392414093,-1.88073885440826,K,13
OUTPUT,NaN,NaN,NaN,NaN,NaN,NaN

INPUT,0.378147423267365,0.0339046604931355,0.754741847515106,-3.0462601184845,3.08029103279114,-1.82726287841797,K,14
OUTPUT,NaN,NaN,NaN,NaN,NaN,NaN

INPUT,0.383299857378006,0.0338500291109085,0.76591819524765,-3.09889435768127,3.07581496238708,-1.77384257316589,K,15
OUTPUT,NaN,NaN,NaN,NaN,NaN,NaN

INPUT,0.387937009334564,0.0338008627295494,0.775976896286011,3.13687133789063,3.07194399833679,-1.72580015659332,K,16
OUTPUT,NaN,NaN,NaN,NaN,NaN,NaN

INPUT,0.391543716192245,0.0337626226246357,0.783800303936005,3.09996223449707,3.06904244422913,-1.68845212459564,K,17
OUTPUT,NaN,NaN,NaN,NaN,NaN,NaN

INPUT,0.394119918346405,0.0337353087961674,0.789388477802277,3.07358622550964,3.06703090667725,-1.66178286075592,K,18
OUTPUT,NaN,NaN,NaN,NaN,NaN,NaN

INPUT,0.395665615797043,0.0337189175188541,0.792741358280182,3.05775570869446,3.06584906578064,-1.6457839012146,K,19
OUTPUT,NaN,NaN,NaN,NaN,NaN,NaN

INPUT,0.396180868148804,0.0337134562432766,0.793859004974365,3.05247831344604,3.06545925140381,-1.6404515504837,K,20
OUTPUT,NaN,NaN,NaN,NaN,NaN,NaN

INPUT,0.354041755199432,0.0371467396616936,0.736064910888672,0.108928151428699,3.08614659309387,1.24442100524902,K,5
OUTPUT,NaN,NaN,NaN,NaN,NaN,NaN

INPUT,0.358809590339661,0.0375044755637646,0.749844133853912,0.0274752248078585,3.07826471328735,1.33633899688721,K,6
OUTPUT,NaN,NaN,NaN,NaN,NaN,NaN

INPUT,0.362517923116684,0.0377827174961567,0.760561287403107,-0.0366955623030663,3.07245922088623,1.40704107284546,K,7
OUTPUT,NaN,NaN,NaN,NaN,NaN,NaN

INPUT,0.36516672372818,0.0379814617335796,0.7682164311409,-0.082850456237793,3.06850266456604,1.45724010467529,K,8
OUTPUT,NaN,NaN,NaN,NaN,NaN,NaN

INPUT,0.366755992174149,0.0381007082760334,0.772809505462646,-0.110646955668926,3.06620955467224,1.48726236820221,K,9
OUTPUT,NaN,NaN,NaN,NaN,NaN,NaN

INPUT,0.358362406492233,0.0356002375483513,0.72399914264679,0.327032029628754,3.13780570030212,1.23748850822449,K,4
OUTPUT,NaN,NaN,NaN,NaN,NaN,NaN

INPUT,0.364314794540405,0.0357710346579552,0.73752361536026,0.225038751959801,3.13660335540771,1.29950773715973,K,5
OUTPUT,NaN,NaN,NaN,NaN,NaN,NaN

INPUT,0.370267182588577,0.0359418317675591,0.75104808807373,0.130743473768234,3.13543343544006,1.36922550201416,K,6
OUTPUT,NaN,NaN,NaN,NaN,NaN,NaN

INPUT,0.374896794557571,0.0360746756196022,0.761567175388336,0.0601851530373096,3.13455128669739,1.42623317241669,K,7
OUTPUT,NaN,NaN,NaN,NaN,NaN,NaN

INPUT,0.378203690052032,0.0361695624887943,0.769080758094788,0.0107302004471421,3.13393831253052,1.46789717674255,K,8
OUTPUT,NaN,NaN,NaN,NaN,NaN,NaN

INPUT,0.380187809467316,0.0362264961004257,0.773588955402374,-0.0186594892293215,3.1335780620575,1.49317908287048,K,9
OUTPUT,NaN,NaN,NaN,NaN,NaN,NaN

INPUT,0.371511399745941,0.0340404137969017,0.730809092521667,-2.98151612281799,3.086345911026,-1.91453313827515,K,5
OUTPUT,NaN,NaN,NaN,NaN,NaN,NaN

INPUT,0.379846960306168,0.033971443772316,0.746327936649323,-3.07024049758911,3.07831430435181,-1.81492078304291,K,6
OUTPUT,NaN,NaN,NaN,NaN,NaN,NaN

INPUT,0.386330157518387,0.0339178033173084,0.758398115634918,-3.14011311531067,3.07245063781738,-1.73827731609344,K,7
OUTPUT,NaN,NaN,NaN,NaN,NaN,NaN

INPUT,0.390961021184921,0.0338794887065887,0.767019689083099,3.09283065795898,3.06848692893982,-1.68384730815887,K,8
OUTPUT,NaN,NaN,NaN,NaN,NaN,NaN

INPUT,0.393739551305771,0.0338564999401569,0.772192656993866,3.06257820129395,3.06620383262634,-1.65128946304321,K,9
OUTPUT,NaN,NaN,NaN,NaN,NaN,NaN

INPUT,0.360686212778091,0.034116342663765,0.733170747756958,-2.82942080497742,3.12090682983398,-1.85631692409515,K,12
OUTPUT,NaN,NaN,NaN,NaN,NaN,NaN

INPUT,0.365085303783417,0.0340725295245647,0.744429469108582,-2.87882351875305,3.1190345287323,-1.80330002307892,K,13
OUTPUT,NaN,NaN,NaN,NaN,NaN,NaN

INPUT,0.36948436498642,0.0340287126600742,0.755688190460205,-2.92850041389465,3.11722135543823,-1.75055539608002,K,14
OUTPUT,NaN,NaN,NaN,NaN,NaN,NaN

INPUT,0.373883455991745,0.033984899520874,0.766946911811829,-2.9783878326416,3.11547183990479,-1.69801867008209,K,15
OUTPUT,NaN,NaN,NaN,NaN,NaN,NaN

INPUT,0.377842634916306,0.0339454635977745,0.77707976102829,-3.02342820167542,3.11395597457886,-1.65087568759918,K,16
OUTPUT,NaN,NaN,NaN,NaN,NaN,NaN

INPUT,0.380921989679337,0.0339147932827473,0.784960865974426,-3.05853533744812,3.11281704902649,-1.61428332328796,K,17
OUTPUT,NaN,NaN,NaN,NaN,NaN,NaN

INPUT,0.38312155008316,0.0338928885757923,0.790590226650238,-3.08364701271057,3.11202621459961,-1.58818018436432,K,18
OUTPUT,NaN,NaN,NaN,NaN,NaN,NaN

INPUT,0.384441256523132,0.033879742026329,0.793967843055725,-3.09872651100159,3.11156105995178,-1.57253062725067,K,19
OUTPUT,NaN,NaN,NaN,NaN,NaN,NaN

INPUT,0.384881168603897,0.033875361084938,0.795093715190887,-3.10375499725342,3.11140751838684,-1.56731605529785,K,20
OUTPUT,NaN,NaN,NaN,NaN,NaN,NaN

INPUT,0.356386512517929,0.0342625677585602,0.732648313045502,0.46026748418808,3.12269306182861,1.23803842067719,K,12
OUTPUT,NaN,NaN,NaN,NaN,NaN,NaN

INPUT,0.360333114862442,0.0342339724302292,0.743852555751801,0.417091071605682,3.12072062492371,1.27671849727631,K,13
OUTPUT,NaN,NaN,NaN,NaN,NaN,NaN

INPUT,0.364279717206955,0.0342053733766079,0.755056858062744,0.374299257993698,3.11878299713135,1.31578457355499,K,14
OUTPUT,NaN,NaN,NaN,NaN,NaN,NaN

INPUT,0.368226319551468,0.0341767743229866,0.766261100769043,0.33179584145546,3.11688351631165,1.35514104366302,K,15
OUTPUT,NaN,NaN,NaN,NaN,NaN,NaN

INPUT,0.371778249740601,0.0341510362923145,0.776344954967499,0.293733686208725,3.11520910263062,1.39075434207916,K,16
OUTPUT,NaN,NaN,NaN,NaN,NaN,NaN

INPUT,0.374540865421295,0.0341310165822506,0.784187912940979,0.264230877161026,3.11393141746521,1.41855561733246,K,17
OUTPUT,NaN,NaN,NaN,NaN,NaN,NaN

INPUT,0.376514166593552,0.0341167189180851,0.789790093898773,0.243203312158585,3.11303281784058,1.43846035003662,K,18
OUTPUT,NaN,NaN,NaN,NaN,NaN,NaN

INPUT,0.377698123455048,0.0341081395745277,0.793151319026947,0.230603188276291,3.11249923706055,1.45041990280151,K,19
OUTPUT,NaN,NaN,NaN,NaN,NaN,NaN

INPUT,0.378092795610428,0.0341052785515785,0.794271767139435,0.226405769586563,3.11232233047485,1.45440900325775,K,20
OUTPUT,NaN,NaN,NaN,NaN,NaN,NaN

INPUT,0.355602920055389,0.0374406948685646,0.732822418212891,0.105745531618595,3.11375713348389,1.1414053440094,K,12
OUTPUT,NaN,NaN,NaN,NaN,NaN,NaN

INPUT,0.359466850757599,0.0377468019723892,0.744044482707977,0.0505099147558212,3.11102747917175,1.19518232345581,K,13
OUTPUT,NaN,NaN,NaN,NaN,NaN,NaN

INPUT,0.363330811262131,0.0380529090762138,0.755266547203064,-0.00460983440279961,3.10838866233826,1.24907946586609,K,14
OUTPUT,NaN,NaN,NaN,NaN,NaN,NaN

INPUT,0.36719474196434,0.0383590124547482,0.766488611698151,-0.0596434958279133,3.10584831237793,1.303067445755,K,15
OUTPUT,NaN,NaN,NaN,NaN,NaN,NaN

INPUT,0.370672285556793,0.0386345088481903,0.776588439941406,-0.109117016196251,3.10365271568298,1.35171759128571,K,16
OUTPUT,NaN,NaN,NaN,NaN,NaN,NaN

INPUT,0.373377054929733,0.0388487838208675,0.784443914890289,-0.147566914558411,3.10200786590576,1.38958895206451,K,17
OUTPUT,NaN,NaN,NaN,NaN,NaN,NaN

INPUT,0.375309020280838,0.0390018373727798,0.79005491733551,-0.17501774430275,3.10086798667908,1.41665470600128,K,18
OUTPUT,NaN,NaN,NaN,NaN,NaN,NaN

INPUT,0.37646821141243,0.0390936695039272,0.793421566486359,-0.191483482718468,3.10019874572754,1.43289947509766,K,19
OUTPUT,NaN,NaN,NaN,NaN,NaN,NaN

INPUT,0.376854598522186,0.0391242802143097,0.794543743133545,-0.196971341967583,3.09997797012329,1.43831527233124,K,20
OUTPUT,NaN,NaN,NaN,NaN,NaN,NaN

INPUT,0.356157094240189,0.0348270870745182,0.732371151447296,0.354314565658569,3.12669491767883,1.2281197309494,K,12
OUTPUT,NaN,NaN,NaN,NaN,NaN,NaN

INPUT,0.36007958650589,0.0348579287528992,0.743545889854431,0.305881708860397,3.12514114379883,1.27165067195892,K,13
OUTPUT,NaN,NaN,NaN,NaN,NaN,NaN

INPUT,0.364002078771591,0.0348887704312801,0.754720628261566,0.257867455482483,3.12362217903137,1.31560111045837,K,14
OUTPUT,NaN,NaN,NaN,NaN,NaN,NaN

INPUT,0.36792454123497,0.0349196083843708,0.765895366668701,0.210166126489639,3.12214112281799,1.3598655462265,K,15
OUTPUT,NaN,NaN,NaN,NaN,NaN,NaN

INPUT,0.371454775333405,0.0349473655223846,0.775952637195587,0.167441114783287,3.12084317207336,1.39991128444672,K,16
OUTPUT,NaN,NaN,NaN,NaN,NaN,NaN

INPUT,0.374200522899628,0.0349689535796642,0.78377491235733,0.134319558739662,3.11985802650452,1.43116772174835,K,17
OUTPUT,NaN,NaN,NaN,NaN,NaN,NaN

INPUT,0.376161754131317,0.0349843762814999,0.78936231136322,0.11071091145277,3.1191680431366,1.45354354381561,K,18
OUTPUT,NaN,NaN,NaN,NaN,NaN,NaN

INPUT,0.377338498830795,0.0349936261773109,0.792714715003967,0.0965633988380432,3.11875987052917,1.46698689460754,K,19
OUTPUT,NaN,NaN,NaN,NaN,NaN,NaN

INPUT,0.377730756998062,0.0349967107176781,0.793832182884216,0.0918502509593964,3.11862468719482,1.47147083282471,K,20
OUTPUT,NaN,NaN,NaN,NaN,NaN,NaN

INPUT,0.358481019735336,0.0347818322479725,0.732918977737427,-3.02344250679016,3.13160133361816,-1.92999184131622,K,12
OUTPUT,NaN,NaN,NaN,NaN,NaN,NaN

INPUT,0.362648218870163,0.0348078981041908,0.744151413440704,-3.07841897010803,3.13078284263611,-1.86988639831543,K,13
OUTPUT,NaN,NaN,NaN,NaN,NaN,NaN

INPUT,0.366815388202667,0.0348339676856995,0.755383849143982,-3.13375020027161,3.13000011444092,-1.8101350069046,K,14
OUTPUT,NaN,NaN,NaN,NaN,NaN,NaN

INPUT,0.370982587337494,0.0348600335419178,0.766616344451904,3.09383010864258,3.12925577163696,-1.75065684318542,K,15
OUTPUT,NaN,NaN,NaN,NaN,NaN,NaN

INPUT,0.374733060598373,0.0348834954202175,0.77672553062439,3.04360032081604,3.12862038612366,-1.69731140136719,K,16
OUTPUT,NaN,NaN,NaN,NaN,NaN,NaN

INPUT,0.377650082111359,0.0349017418920994,0.784588277339935,3.00443291664124,3.12815046310425,-1.65591990947723,K,17
OUTPUT,NaN,NaN,NaN,NaN,NaN,NaN

INPUT,0.379733681678772,0.0349147766828537,0.790204465389252,2.97641062736511,3.12782788276672,-1.62639999389648,K,18
OUTPUT,NaN,NaN,NaN,NaN,NaN,NaN

INPUT,0.380983829498291,0.0349225960671902,0.793574213981628,2.95958065986633,3.12763977050781,-1.60870468616486,K,19
OUTPUT,NaN,NaN,NaN,NaN,NaN,NaN

INPUT,0.381400555372238,0.0349252037703991,0.794697463512421,2.95396828651428,3.12757802009583,-1.60280859470367,K,20
OUTPUT,NaN,NaN,NaN,NaN,NaN,NaN

INPUT,0.347429007291794,0.0339025594294071,0.742979884147644,0.300880134105682,3.05860662460327,1.1865576505661,K,13
OUTPUT,NaN,NaN,NaN,NaN,NaN,NaN

INPUT,0.350145488977432,0.0338423661887646,0.754102408885956,0.258260697126389,3.05120325088501,1.22838008403778,K,14
OUTPUT,NaN,NaN,NaN,NaN,NaN,NaN

INPUT,0.352861940860748,0.033782172948122,0.765224933624268,0.215686917304993,3.04396080970764,1.27027630805969,K,15
OUTPUT,NaN,NaN,NaN,NaN,NaN,NaN

INPUT,0.3553067445755,0.0337279997766018,0.775235176086426,0.177397891879082,3.03759074211121,1.30803537368774,K,16
OUTPUT,NaN,NaN,NaN,NaN,NaN,NaN

INPUT,0.357208281755447,0.0336858630180359,0.783020973205566,0.147630155086517,3.03273987770081,1.33743345737457,K,17
OUTPUT,NaN,NaN,NaN,NaN,NaN,NaN

INPUT,0.358566492795944,0.0336557663977146,0.7885822057724,0.126372322440147,3.02933263778687,1.3584463596344,K,18
OUTPUT,NaN,NaN,NaN,NaN,NaN,NaN

INPUT,0.359381437301636,0.033637709915638,0.791918992996216,0.113619327545166,3.02731251716614,1.3710595369339,K,19
OUTPUT,NaN,NaN,NaN,NaN,NaN,NaN

INPUT,0.3596530854702,0.0336316898465157,0.793031215667725,0.109368458390236,3.02664303779602,1.37526488304138,K,20
OUTPUT,NaN,NaN,NaN,NaN,NaN,NaN

INPUT,0.360628575086594,0.0349907912313938,0.73289030790329,-2.98521447181702,3.13153409957886,-1.99390041828156,K,12
OUTPUT,NaN,NaN,NaN,NaN,NaN,NaN

INPUT,0.365021705627441,0.0350388996303082,0.744119822978973,-3.034987449646,3.13068628311157,-1.93934297561646,K,13
OUTPUT,NaN,NaN,NaN,NaN,NaN,NaN

INPUT,0.369414806365967,0.0350870080292225,0.755349338054657,-3.08510088920593,3.1298680305481,-1.88512527942657,K,14
OUTPUT,NaN,NaN,NaN,NaN,NaN,NaN

INPUT,0.373807907104492,0.0351351164281368,0.766578793525696,-3.1354775428772,3.12908172607422,-1.83117055892944,K,15
OUTPUT,NaN,NaN,NaN,NaN,NaN,NaN

INPUT,0.377761721611023,0.0351784154772758,0.776685357093811,3.10218977928162,3.12840294837952,-1.78278982639313,K,16
OUTPUT,NaN,NaN,NaN,NaN,NaN,NaN

INPUT,0.380836874246597,0.0352120921015739,0.78454601764679,3.06669020652771,3.12789511680603,-1.7452564239502,K,17
OUTPUT,NaN,NaN,NaN,NaN,NaN,NaN

INPUT,0.383033454418182,0.0352361463010311,0.790160775184631,3.04128932952881,3.12754344940186,-1.71849119663239,K,18
OUTPUT,NaN,NaN,NaN,NaN,NaN,NaN

INPUT,0.384351372718811,0.0352505818009377,0.793529629707336,3.02603268623352,3.12733721733093,-1.70244812965393,K,19
OUTPUT,NaN,NaN,NaN,NaN,NaN,NaN

INPUT,0.384790688753128,0.035255391150713,0.794652581214905,3.02094459533691,3.12726902961731,-1.69710290431976,K,20
OUTPUT,NaN,NaN,NaN,NaN,NaN,NaN

INPUT,0.354786038398743,0.0353511013090611,0.733206152915955,0.217367246747017,3.13207745552063,1.14907884597778,K,12
OUTPUT,NaN,NaN,NaN,NaN,NaN,NaN

INPUT,0.35856494307518,0.0354371853172779,0.744467377662659,0.165879487991333,3.13105845451355,1.19564747810364,K,13
OUTPUT,NaN,NaN,NaN,NaN,NaN,NaN

INPUT,0.362343847751617,0.0355232693254948,0.755728602409363,0.114821076393127,3.13006448745728,1.24264585971832,K,14
OUTPUT,NaN,NaN,NaN,NaN,NaN,NaN

INPUT,0.366122782230377,0.0356093496084213,0.766989827156067,0.0640806257724762,3.12909841537476,1.28996276855469,K,15
OUTPUT,NaN,NaN,NaN,NaN,NaN,NaN

INPUT,0.369523793458939,0.0356868281960487,0.77712494134903,0.018623061478138,3.12825441360474,1.33275747299194,K,16
OUTPUT,NaN,NaN,NaN,NaN,NaN,NaN

INPUT,0.37216904759407,0.0357470847666264,0.785007834434509,-0.0166231971234083,3.1276159286499,1.36615204811096,K,17
OUTPUT,NaN,NaN,NaN,NaN,NaN,NaN

INPUT,0.374058485031128,0.0357901267707348,0.790638446807861,-0.0417496375739574,3.1271698474884,1.39005494117737,K,18
OUTPUT,NaN,NaN,NaN,NaN,NaN,NaN

INPUT,0.375192165374756,0.0358159504830837,0.79401683807373,-0.0568077489733696,3.12690615653992,1.40441453456879,K,19
OUTPUT,NaN,NaN,NaN,NaN,NaN,NaN

INPUT,0.375570058822632,0.0358245596289635,0.795142948627472,-0.0618243850767612,3.12681913375854,1.40920388698578,K,20
OUTPUT,NaN,NaN,NaN,NaN,NaN,NaN

INPUT,0.361098140478134,0.0341408178210258,0.72487860918045,-2.81793332099915,3.12094378471375,-1.90400111675262,K,4
OUTPUT,NaN,NaN,NaN,NaN,NaN,NaN

INPUT,0.367233991622925,0.0340645052492619,0.738173246383667,-2.89150786399841,3.11818623542786,-1.81280171871185,K,5
OUTPUT,NaN,NaN,NaN,NaN,NaN,NaN

INPUT,0.373369842767715,0.0339881926774979,0.751467943191528,-2.96690034866333,3.11558628082275,-1.72341525554657,K,6
OUTPUT,NaN,NaN,NaN,NaN,NaN,NaN

INPUT,0.378142148256302,0.0339288413524628,0.761808216571808,-3.02641654014587,3.11368417739868,-1.65476644039154,K,7
OUTPUT,NaN,NaN,NaN,NaN,NaN,NaN

INPUT,0.381550967693329,0.033886443823576,0.76919412612915,-3.06928491592407,3.11239504814148,-1.60608601570129,K,8
OUTPUT,NaN,NaN,NaN,NaN,NaN,NaN

INPUT,0.383596241474152,0.0338610075414181,0.773625671863556,-3.09512424468994,3.11165070533752,-1.57699537277222,K,9
OUTPUT,NaN,NaN,NaN,NaN,NaN,NaN

INPUT,0.362521678209305,0.0343536734580994,0.73662805557251,0.421588718891144,3.12123441696167,1.2840940952301,K,5
OUTPUT,NaN,NaN,NaN,NaN,NaN,NaN

INPUT,0.368332624435425,0.0343115516006947,0.750182867050171,0.350237041711807,3.11793231964111,1.34431707859039,K,6
OUTPUT,NaN,NaN,NaN,NaN,NaN,NaN

INPUT,0.372852236032486,0.03427879139781,0.760725498199463,0.295698314905167,3.11543369293213,1.39211750030518,K,7
OUTPUT,NaN,NaN,NaN,NaN,NaN,NaN

INPUT,0.376080542802811,0.034255389124155,0.768255949020386,0.257106453180313,3.11369037628174,1.42662715911865,K,8
OUTPUT,NaN,NaN,NaN,NaN,NaN,NaN

INPUT,0.378017514944077,0.0342413485050201,0.772774219512939,0.234068050980568,3.11266207695007,1.44745051860809,K,9
OUTPUT,NaN,NaN,NaN,NaN,NaN,NaN

INPUT,0.361728191375732,0.0377088896930218,0.736734569072723,0.0325777940452099,3.11173343658447,1.18086886405945,K,5
OUTPUT,NaN,NaN,NaN,NaN,NaN,NaN

INPUT,0.36746746301651,0.0381598100066185,0.750352084636688,-0.0489363968372345,3.10726046562195,1.27466130256653,K,6
OUTPUT,NaN,NaN,NaN,NaN,NaN,NaN

INPUT,0.371931314468384,0.0385105274617672,0.760943531990051,-0.113325081765652,3.10396146774292,1.34663116931915,K,7
OUTPUT,NaN,NaN,NaN,NaN,NaN,NaN

INPUT,0.375119775533676,0.0387610383331776,0.768508791923523,-0.15969529747963,3.1017107963562,1.39766502380371,K,8
OUTPUT,NaN,NaN,NaN,NaN,NaN,NaN

INPUT,0.377032876014709,0.0389113463461399,0.773047983646393,-0.187638938426971,3.10040545463562,1.42816579341888,K,9
OUTPUT,NaN,NaN,NaN,NaN,NaN,NaN

INPUT,0.362196832895279,0.0349243506789207,0.736299753189087,0.305511593818665,3.12574410438538,1.27441120147705,K,5
OUTPUT,NaN,NaN,NaN,NaN,NaN,NaN

INPUT,0.367953717708588,0.0349655672907829,0.749813318252563,0.227851554751396,3.12308812141418,1.34460759162903,K,6
OUTPUT,NaN,NaN,NaN,NaN,NaN,NaN

INPUT,0.37243127822876,0.0349976234138012,0.760323882102966,0.168106019496918,3.12109160423279,1.39986371994019,K,7
OUTPUT,NaN,NaN,NaN,NaN,NaN,NaN

INPUT,0.375629514455795,0.0350205227732658,0.767831444740295,0.125677302479744,3.11970639228821,1.43958044052124,K,8
OUTPUT,NaN,NaN,NaN,NaN,NaN,NaN

INPUT,0.377548485994339,0.0350342616438866,0.772335946559906,0.100298337638378,3.11889290809631,1.4634895324707,K,9
OUTPUT,NaN,NaN,NaN,NaN,NaN,NaN

INPUT,0.358760803937912,0.0348202548921108,0.723980128765106,-3.01082754135132,3.13115906715393,-1.98365449905396,K,4
OUTPUT,NaN,NaN,NaN,NaN,NaN,NaN

INPUT,0.364680767059326,0.0348618738353252,0.737405836582184,-3.0931282043457,3.13006854057312,-1.8808650970459,K,5
OUTPUT,NaN,NaN,NaN,NaN,NaN,NaN

INPUT,0.370600759983063,0.0349034927785397,0.750831544399261,3.10605049133301,3.12907576560974,-1.77978014945984,K,6
OUTPUT,NaN,NaN,NaN,NaN,NaN,NaN

INPUT,0.375205188989639,0.0349358655512333,0.761273741722107,3.03986477851868,3.12837648391724,-1.70200550556183,K,7
OUTPUT,NaN,NaN,NaN,NaN,NaN,NaN

INPUT,0.378494083881378,0.0349589884281158,0.768732488155365,2.99224019050598,3.12791872024536,-1.64680051803589,K,8
OUTPUT,NaN,NaN,NaN,NaN,NaN,NaN

INPUT,0.380467414855957,0.0349728614091873,0.773207724094391,2.96354913711548,3.12766098976135,-1.61379361152649,K,9
OUTPUT,NaN,NaN,NaN,NaN,NaN,NaN

INPUT,0.360954523086548,0.0350096896290779,0.724274158477783,-2.97403001785278,3.13106489181519,-2.04281210899353,K,4
OUTPUT,NaN,NaN,NaN,NaN,NaN,NaN

INPUT,0.367188811302185,0.0350838527083397,0.737610161304474,-3.04842877388,3.12994146347046,-1.94940996170044,K,5
OUTPUT,NaN,NaN,NaN,NaN,NaN,NaN

INPUT,0.373423129320145,0.0351580195128918,0.750946164131165,-3.12444949150085,3.12889885902405,-1.85762858390808,K,6
OUTPUT,NaN,NaN,NaN,NaN,NaN,NaN

INPUT,0.378272026777267,0.0352157019078732,0.761318624019623,3.09879374504089,3.12814903259277,-1.78705739974976,K,7
OUTPUT,NaN,NaN,NaN,NaN,NaN,NaN

INPUT,0.381735503673553,0.0352569073438644,0.768727540969849,3.05563855171204,3.12764811515808,-1.73698842525482,K,8
OUTPUT,NaN,NaN,NaN,NaN,NaN,NaN

INPUT,0.383813619613647,0.035281628370285,0.773172855377197,3.02963089942932,3.12736201286316,-1.70706140995026,K,9
OUTPUT,NaN,NaN,NaN,NaN,NaN,NaN

INPUT,0.360634624958038,0.0354656539857388,0.737282991409302,0.157731115818024,3.13173127174377,1.19075906276703,K,5
OUTPUT,NaN,NaN,NaN,NaN,NaN,NaN

INPUT,0.366117537021637,0.0355882868170738,0.750913381576538,0.0786374807357788,3.12989568710327,1.26934409141541,K,6
OUTPUT,NaN,NaN,NaN,NaN,NaN,NaN

INPUT,0.370382040739059,0.0356836728751659,0.761514782905579,0.0171682592481375,3.12851786613464,1.33051490783691,K,7
OUTPUT,NaN,NaN,NaN,NaN,NaN,NaN

INPUT,0.373428106307983,0.0357518009841442,0.769087195396423,-0.0267209503799677,3.1275634765625,1.37422633171082,K,8
OUTPUT,NaN,NaN,NaN,NaN,NaN,NaN

INPUT,0.375255733728409,0.0357926785945892,0.773630619049072,-0.0530491657555103,3.12700343132019,1.40045881271362,K,9
OUTPUT,NaN,NaN,NaN,NaN,NaN,NaN

INPUT,0.351890355348587,0.0340904891490936,0.741323351860046,0.27353635430336,3.05548524856567,1.20250511169434,K,5
OUTPUT,NaN,NaN,NaN,NaN,NaN,NaN

INPUT,0.35550582408905,0.0340154580771923,0.752785682678223,0.214760929346085,3.04477763175964,1.26496767997742,K,6
OUTPUT,NaN,NaN,NaN,NaN,NaN,NaN

INPUT,0.358317852020264,0.0339571014046669,0.761700868606567,0.168768987059593,3.03669285774231,1.3133145570755,K,7
OUTPUT,NaN,NaN,NaN,NaN,NaN,NaN

INPUT,0.360326439142227,0.0339154191315174,0.768068850040436,0.135801434516907,3.03105974197388,1.34775578975677,K,8
OUTPUT,NaN,NaN,NaN,NaN,NaN,NaN

INPUT,0.361531615257263,0.0338904112577438,0.771889626979828,0.115981310606003,3.02773952484131,1.36839079856873,K,9
OUTPUT,NaN,NaN,NaN,NaN,NaN,NaN

INPUT,0.362303793430328,0.0322593450546265,0.732376098632813,-2.9827446937561,3.11654376983643,-2.00448060035706,K,12
OUTPUT,NaN,NaN,NaN,NaN,NaN,NaN

INPUT,0.366873770952225,0.0320201776921749,0.743549942970276,-3.0334210395813,3.11425852775574,-1.95219123363495,K,13
OUTPUT,NaN,NaN,NaN,NaN,NaN,NaN

INPUT,0.371443778276443,0.0317810103297234,0.754723787307739,-3.08422207832336,3.11204600334167,-1.90002310276031,K,14
OUTPUT,NaN,NaN,NaN,NaN,NaN,NaN

INPUT,0.37601375579834,0.0315418429672718,0.765897572040558,-3.13511848449707,3.10991144180298,-1.84794700145721,K,15
OUTPUT,NaN,NaN,NaN,NaN,NaN,NaN

INPUT,0.380126744508743,0.0313265919685364,0.775954067707062,3.10219573974609,3.10806202888489,-1.80114018917084,K,16
OUTPUT,NaN,NaN,NaN,NaN,NaN,NaN

INPUT,0.383325755596161,0.0311591774225235,0.783775746822357,3.06648325920105,3.10667324066162,-1.76476752758026,K,17
OUTPUT,NaN,NaN,NaN,NaN,NaN,NaN

INPUT,0.38561075925827,0.0310395937412977,0.789362668991089,3.04095864295959,3.10570883750916,-1.73880183696747,K,18
OUTPUT,NaN,NaN,NaN,NaN,NaN,NaN

INPUT,0.386981755495071,0.0309678427875042,0.792714774608612,3.02563810348511,3.10514163970947,-1.72322797775269,K,19
OUTPUT,NaN,NaN,NaN,NaN,NaN,NaN

INPUT,0.387438744306564,0.0309439264237881,0.793832182884216,3.02053046226501,3.10495448112488,-1.71803748607635,K,20
OUTPUT,NaN,NaN,NaN,NaN,NaN,NaN

INPUT,0.353712856769562,0.0338456593453884,0.733152687549591,0.193368718028069,3.12123489379883,1.12281227111816,K,12
OUTPUT,NaN,NaN,NaN,NaN,NaN,NaN

INPUT,0.357409179210663,0.0337705835700035,0.744383215904236,0.145528465509415,3.11922955513,1.1728081703186,K,13
OUTPUT,NaN,NaN,NaN,NaN,NaN,NaN

INPUT,0.361105501651764,0.0336955115199089,0.755613744258881,0.0975117981433868,3.11727738380432,1.22262966632843,K,14
OUTPUT,NaN,NaN,NaN,NaN,NaN,NaN

INPUT,0.364801824092865,0.033620435744524,0.766844213008881,0.049361526966095,3.11538338661194,1.27231979370117,K,15
OUTPUT,NaN,NaN,NaN,NaN,NaN,NaN

INPUT,0.368128508329391,0.0335528664290905,0.776951670646667,0.00593716790899634,3.11373257637024,1.31695377826691,K,16
OUTPUT,NaN,NaN,NaN,NaN,NaN,NaN

INPUT,0.370715945959091,0.0335003137588501,0.784813046455383,-0.0278848893940449,3.11248540878296,1.35162317752838,K,17
OUTPUT,NaN,NaN,NaN,NaN,NaN,NaN

INPUT,0.372564107179642,0.0334627777338028,0.790428280830383,-0.0520651340484619,3.1116156578064,1.37636590003967,K,18
OUTPUT,NaN,NaN,NaN,NaN,NaN,NaN

INPUT,0.373672991991043,0.0334402546286583,0.793797433376312,-0.066581055521965,3.11110234260559,1.39120411872864,K,19
OUTPUT,NaN,NaN,NaN,NaN,NaN,NaN

INPUT,0.374042630195618,0.0334327481687069,0.79492050409317,-0.0714209452271461,3.11093258857727,1.39614903926849,K,20
OUTPUT,NaN,NaN,NaN,NaN,NaN,NaN

INPUT,0.362472623586655,0.034726195037365,0.733033061027527,-2.92642259597778,3.12493276596069,-2.03639101982117,K,12
OUTPUT,NaN,NaN,NaN,NaN,NaN,NaN

INPUT,0.367059856653214,0.0347464680671692,0.744277536869049,-2.97179245948792,3.12342262268066,-1.98808872699738,K,13
OUTPUT,NaN,NaN,NaN,NaN,NaN,NaN

INPUT,0.371647089719772,0.0347667373716831,0.755522012710571,-3.01738524436951,3.12195253372192,-1.94000852108002,K,14
OUTPUT,NaN,NaN,NaN,NaN,NaN,NaN

INPUT,0.376234322786331,0.0347870104014874,0.766766488552094,-3.06314992904663,3.12052536010742,-1.89209842681885,K,15
OUTPUT,NaN,NaN,NaN,NaN,NaN,NaN

INPUT,0.380362808704376,0.0348052531480789,0.776886522769928,-3.10445427894592,3.11928033828735,-1.84909439086914,K,16
OUTPUT,NaN,NaN,NaN,NaN,NaN,NaN

INPUT,0.383573889732361,0.0348194465041161,0.784757673740387,-3.13664221763611,3.11833930015564,-1.81570839881897,K,17
OUTPUT,NaN,NaN,NaN,NaN,NaN,NaN

INPUT,0.385867476463318,0.0348295792937279,0.79037994146347,3.12352299690247,3.11768221855164,-1.79188978672028,K,18
OUTPUT,NaN,NaN,NaN,NaN,NaN,NaN

INPUT,0.387243658304214,0.0348356626927853,0.793753266334534,3.10970044136047,3.11729431152344,-1.77760863304138,K,19
OUTPUT,NaN,NaN,NaN,NaN,NaN,NaN

INPUT,0.387702375650406,0.0348376892507076,0.794877707958221,3.10509133338928,3.11716604232788,-1.7728499174118,K,20
OUTPUT,NaN,NaN,NaN,NaN,NaN,NaN

INPUT,0.362324118614197,0.0358721204102039,0.720916330814362,-2.70013880729675,3.10585141181946,-1.79794538021088,K,11
OUTPUT,NaN,NaN,NaN,NaN,NaN,NaN

INPUT,0.367434203624725,0.036029826849699,0.732056498527527,-2.75190091133118,3.10209345817566,-1.74356484413147,K,12
OUTPUT,NaN,NaN,NaN,NaN,NaN,NaN

INPUT,0.372544318437576,0.0361875332891941,0.743196666240692,-2.80389165878296,3.0984468460083,-1.6894052028656,K,13
OUTPUT,NaN,NaN,NaN,NaN,NaN,NaN

INPUT,0.377654433250427,0.0363452360033989,0.754336833953857,-2.8560528755188,3.09492158889771,-1.63540816307068,K,14
OUTPUT,NaN,NaN,NaN,NaN,NaN,NaN

INPUT,0.382764518260956,0.036502942442894,0.765477001667023,-2.90834522247314,3.09152793884277,-1.58153355121613,K,15
OUTPUT,NaN,NaN,NaN,NaN,NaN,NaN

INPUT,0.387363612651825,0.0366448797285557,0.775503158569336,-2.95549726486206,3.08859372138977,-1.53312766551971,K,16
OUTPUT,NaN,NaN,NaN,NaN,NaN,NaN

INPUT,0.390940696001053,0.0367552749812603,0.783301293849945,-2.99221873283386,3.08639478683472,-1.49552130699158,K,17
OUTPUT,NaN,NaN,NaN,NaN,NaN,NaN

INPUT,0.393495738506317,0.0368341244757175,0.78887140750885,-3.01847052574158,3.08487057685852,-1.46867907047272,K,18
OUTPUT,NaN,NaN,NaN,NaN,NaN,NaN

INPUT,0.39502876996994,0.0368814393877983,0.792213439941406,-3.03422951698303,3.08397531509399,-1.45258057117462,K,19
OUTPUT,NaN,NaN,NaN,NaN,NaN,NaN

INPUT,0.395539790391922,0.0368972085416317,0.793327450752258,-3.03948378562927,3.08367991447449,-1.4472154378891,K,20
OUTPUT,NaN,NaN,NaN,NaN,NaN,NaN

INPUT,0.350156217813492,0.0352331772446632,0.733128309249878,0.290182113647461,3.09199643135071,1.16926395893097,K,12
OUTPUT,NaN,NaN,NaN,NaN,NaN,NaN

INPUT,0.353447020053864,0.0353068299591541,0.744382679462433,0.243283599615097,3.08706593513489,1.214923620224,K,13
OUTPUT,NaN,NaN,NaN,NaN,NaN,NaN

INPUT,0.356737792491913,0.0353804863989353,0.755637109279633,0.196480572223663,3.08225226402283,1.26069104671478,K,14
OUTPUT,NaN,NaN,NaN,NaN,NaN,NaN

INPUT,0.360028564929962,0.0354541391134262,0.766891539096832,0.149747788906097,3.07756543159485,1.30654191970825,K,15
OUTPUT,NaN,NaN,NaN,NaN,NaN,NaN

INPUT,0.362990289926529,0.0355204306542873,0.777020514011383,0.107733525335789,3.07346439361572,1.34786474704742,K,16
OUTPUT,NaN,NaN,NaN,NaN,NaN,NaN

INPUT,0.365293830633163,0.0355719886720181,0.784898579120636,0.0750791132450104,3.07035613059998,1.3800356388092,K,17
OUTPUT,NaN,NaN,NaN,NaN,NaN,NaN

INPUT,0.366939216852188,0.0356088131666183,0.790525794029236,0.0517647750675678,3.06818127632141,1.40302956104279,K,18
OUTPUT,NaN,NaN,NaN,NaN,NaN,NaN

INPUT,0.367926448583603,0.0356309115886688,0.793902099132538,0.0377797037363052,3.06689548492432,1.41683125495911,K,19
OUTPUT,NaN,NaN,NaN,NaN,NaN,NaN

INPUT,0.368255525827408,0.0356382764875889,0.795027554035187,0.0331185236573219,3.06646990776062,1.42143261432648,K,20
OUTPUT,NaN,NaN,NaN,NaN,NaN,NaN

INPUT,0.371209740638733,0.0360377728939056,0.730348706245422,-2.79324674606323,3.09925866127014,-1.7248467206955,K,5
OUTPUT,NaN,NaN,NaN,NaN,NaN,NaN

INPUT,0.379554003477097,0.0363046899437904,0.745833098888397,-2.88069295883179,3.09325885772705,-1.62372386455536,K,6
OUTPUT,NaN,NaN,NaN,NaN,NaN,NaN

INPUT,0.386043965816498,0.0365122929215431,0.757876574993134,-2.94975972175598,3.08888506889343,-1.54610788822174,K,7
OUTPUT,NaN,NaN,NaN,NaN,NaN,NaN

INPUT,0.390679657459259,0.0366605818271637,0.766479015350342,-2.99949908256531,3.08593273162842,-1.49106347560883,K,8
OUTPUT,NaN,NaN,NaN,NaN,NaN,NaN

INPUT,0.39346107840538,0.0367495566606522,0.771640479564667,-3.02947306632996,3.08423376083374,-1.45816349983215,K,9
OUTPUT,NaN,NaN,NaN,NaN,NaN,NaN

INPUT,0.362642347812653,0.0324468612670898,0.724256992340088,-2.96918249130249,3.11690974235535,-2.05032539367676,K,4
OUTPUT,NaN,NaN,NaN,NaN,NaN,NaN

INPUT,0.369013607501984,0.0320724472403526,0.737383365631104,-3.04520535469055,3.11346030235291,-1.96071708202362,K,5
OUTPUT,NaN,NaN,NaN,NaN,NaN,NaN

INPUT,0.375384837388992,0.0316980294883251,0.750509798526764,-3.12268352508545,3.11020278930664,-1.87255597114563,K,6
OUTPUT,NaN,NaN,NaN,NaN,NaN,NaN

INPUT,0.380340248346329,0.0314068160951138,0.760719239711761,3.09954571723938,3.10781621932983,-1.80467617511749,K,7
OUTPUT,NaN,NaN,NaN,NaN,NaN,NaN

INPUT,0.383879840373993,0.0311988051980734,0.768011689186096,3.05572485923767,3.106196641922,-1.75646805763245,K,8
OUTPUT,NaN,NaN,NaN,NaN,NaN,NaN

INPUT,0.386003583669662,0.0310740005224943,0.772387206554413,3.02933931350708,3.10526037216187,-1.7276349067688,K,9
OUTPUT,NaN,NaN,NaN,NaN,NaN,NaN

INPUT,0.359545260667801,0.0337865576148033,0.737033545970917,0.134940043091774,3.11988687515259,1.16550886631012,K,5
OUTPUT,NaN,NaN,NaN,NaN,NaN,NaN

INPUT,0.364984482526779,0.0336434356868267,0.750676214694977,0.0616641826927662,3.11652135848999,1.24954771995544,K,6
OUTPUT,NaN,NaN,NaN,NaN,NaN,NaN

INPUT,0.369214951992035,0.0335321202874184,0.761287212371826,0.00377924367785454,3.11400961875916,1.31402289867401,K,7
OUTPUT,NaN,NaN,NaN,NaN,NaN,NaN

INPUT,0.372236758470535,0.033452607691288,0.76886647939682,-0.037908460944891,3.11227774620056,1.3597377538681,K,8
OUTPUT,NaN,NaN,NaN,NaN,NaN,NaN

INPUT,0.374049812555313,0.0334049016237259,0.773414015769958,-0.0630307868123055,3.1112654209137,1.38705825805664,K,9
OUTPUT,NaN,NaN,NaN,NaN,NaN,NaN

INPUT,0.362994492053986,0.0347454249858856,0.725059032440186,-2.91481709480286,3.12476348876953,-2.0788197517395,K,4
OUTPUT,NaN,NaN,NaN,NaN,NaN,NaN

INPUT,0.369405597448349,0.0347745642066002,0.738247931003571,-2.98280000686646,3.12259411811829,-1.99612402915955,K,5
OUTPUT,NaN,NaN,NaN,NaN,NaN,NaN

INPUT,0.375816702842712,0.0348037071526051,0.751436829566956,-3.05226254463196,3.12053179740906,-1.91490483283997,K,6
OUTPUT,NaN,NaN,NaN,NaN,NaN,NaN

INPUT,0.380803108215332,0.0348263718187809,0.7616947889328,-3.10701417922974,3.11900949478149,-1.85245764255524,K,7
OUTPUT,NaN,NaN,NaN,NaN,NaN,NaN

INPUT,0.38436484336853,0.034842561930418,0.769021987915039,3.13676452636719,3.11796879768372,-1.80814909934998,K,8
OUTPUT,NaN,NaN,NaN,NaN,NaN,NaN

INPUT,0.386501878499985,0.0348522774875164,0.773418247699738,3.11302089691162,3.11736416816711,-1.78166341781616,K,9
OUTPUT,NaN,NaN,NaN,NaN,NaN,NaN

INPUT,0.35583770275116,0.0353936702013016,0.736696720123291,0.234028995037079,3.08760261535645,1.20897912979126,K,5
OUTPUT,NaN,NaN,NaN,NaN,NaN,NaN

INPUT,0.360848218202591,0.0354996211826801,0.75051611661911,0.162176191806793,3.0796811580658,1.28590524196625,K,6
OUTPUT,NaN,NaN,NaN,NaN,NaN,NaN

INPUT,0.364745259284973,0.0355820283293724,0.761264562606812,0.105876490473747,3.07375407218933,1.34534657001495,K,7
OUTPUT,NaN,NaN,NaN,NaN,NaN,NaN

INPUT,0.367528855800629,0.0356408916413784,0.76894199848175,0.0654993280768394,3.06965851783752,1.38765585422516,K,8
OUTPUT,NaN,NaN,NaN,NaN,NaN,NaN

INPUT,0.36919903755188,0.0356762073934078,0.773548483848572,0.0412196293473244,3.0672595500946,1.41299366950989,K,9
OUTPUT,NaN,NaN,NaN,NaN,NaN,NaN

INPUT,0.359518736600876,0.0346297547221184,0.732923150062561,-3.00188183784485,3.12916326522827,-1.97810351848602,K,12
OUTPUT,NaN,NaN,NaN,NaN,NaN,NaN

INPUT,0.363794833421707,0.0346399880945683,0.744155883789063,-3.05386972427368,3.12809801101685,-1.9223427772522,K,13
OUTPUT,NaN,NaN,NaN,NaN,NaN,NaN

INPUT,0.368070900440216,0.0346502214670181,0.755388557910919,-3.10612964630127,3.12707185745239,-1.8668532371521,K,14
OUTPUT,NaN,NaN,NaN,NaN,NaN,NaN

INPUT,0.372346997261047,0.034660454839468,0.766621291637421,3.12458610534668,3.12608790397644,-1.81157255172729,K,15
OUTPUT,NaN,NaN,NaN,NaN,NaN,NaN

INPUT,0.37619549036026,0.0346696674823761,0.77673077583313,3.07722163200378,3.12524056434631,-1.76196146011353,K,16
OUTPUT,NaN,NaN,NaN,NaN,NaN,NaN

INPUT,0.379188746213913,0.03467683121562,0.78459370136261,3.04030609130859,3.12460803985596,-1.72345054149628,K,17
OUTPUT,NaN,NaN,NaN,NaN,NaN,NaN

INPUT,0.381326764822006,0.0346819460391998,0.790210068225861,3.01390314102173,3.12417101860046,-1.69597780704498,K,18
OUTPUT,NaN,NaN,NaN,NaN,NaN,NaN

INPUT,0.382609605789185,0.0346850156784058,0.793579876422882,2.99804854393005,3.12391471862793,-1.67950654029846,K,19
OUTPUT,NaN,NaN,NaN,NaN,NaN,NaN

INPUT,0.383037209510803,0.0346860401332378,0.794703125953674,2.99276185035706,3.12383031845093,-1.67401802539825,K,20
OUTPUT,NaN,NaN,NaN,NaN,NaN,NaN

INPUT,0.362590581178665,0.034750934690237,0.721032917499542,-2.97116732597351,3.09477972984314,-1.9565749168396,K,11
OUTPUT,NaN,NaN,NaN,NaN,NaN,NaN

INPUT,0.367731928825378,0.0347767733037472,0.732186913490295,-3.03031444549561,3.08995509147644,-1.89633250236511,K,12
OUTPUT,NaN,NaN,NaN,NaN,NaN,NaN

INPUT,0.372873246669769,0.0348026119172573,0.743340849876404,-3.08956098556519,3.08531403541565,-1.8361748456955,K,13
OUTPUT,NaN,NaN,NaN,NaN,NaN,NaN

INPUT,0.37801456451416,0.0348284505307674,0.754494845867157,3.13430213928223,3.08087372779846,-1.77607786655426,K,14
OUTPUT,NaN,NaN,NaN,NaN,NaN,NaN

INPUT,0.383155912160873,0.0348542891442776,0.765648782253265,3.0749204158783,3.07664942741394,-1.716024518013,K,15
OUTPUT,NaN,NaN,NaN,NaN,NaN,NaN

INPUT,0.387783110141754,0.0348775461316109,0.775687336921692,3.02143549919128,3.07304501533508,-1.66200423240662,K,16
OUTPUT,NaN,NaN,NaN,NaN,NaN,NaN

INPUT,0.391382038593292,0.0348956324160099,0.783495128154755,2.97981333732605,3.07037806510925,-1.62000238895416,K,17
OUTPUT,NaN,NaN,NaN,NaN,NaN,NaN

INPUT,0.393952697515488,0.034908551722765,0.789072096347809,2.95007276535034,3.06854891777039,-1.5900069475174,K,18
OUTPUT,NaN,NaN,NaN,NaN,NaN,NaN

INPUT,0.395495116710663,0.0349163003265858,0.792418301105499,2.93222427368164,3.06748247146606,-1.57201170921326,K,19
OUTPUT,NaN,NaN,NaN,NaN,NaN,NaN

INPUT,0.396009236574173,0.0349188856780529,0.793533682823181,2.926274061203,3.06713223457336,-1.56601357460022,K,20
OUTPUT,NaN,NaN,NaN,NaN,NaN,NaN

INPUT,0.357047230005264,0.0349442400038242,0.733018636703491,0.306798964738846,3.13684558868408,1.19666433334351,K,12
OUTPUT,NaN,NaN,NaN,NaN,NaN,NaN

INPUT,0.36106413602829,0.0349875725805759,0.74426007270813,0.253826141357422,3.13628435134888,1.2373411655426,K,13
OUTPUT,NaN,NaN,NaN,NaN,NaN,NaN

INPUT,0.365081042051315,0.0350309051573277,0.755501568317413,0.202019438147545,3.13573455810547,1.27918434143066,K,14
OUTPUT,NaN,NaN,NaN,NaN,NaN,NaN

INPUT,0.369097948074341,0.0350742377340794,0.766743004322052,0.151059240102768,3.13519763946533,1.32187414169312,K,15
OUTPUT,NaN,NaN,NaN,NaN,NaN,NaN

INPUT,0.372713178396225,0.035113237798214,0.776860296726227,0.105741441249847,3.13472604751587,1.36084151268005,K,16
OUTPUT,NaN,NaN,NaN,NaN,NaN,NaN

INPUT,0.375524997711182,0.0351435728371143,0.784729361534119,0.0707777440547943,3.13436770439148,1.39143300056458,K,17
OUTPUT,NaN,NaN,NaN,NaN,NaN,NaN

INPUT,0.377533465623856,0.0351652391254902,0.790350079536438,0.0459307432174683,3.13411641120911,1.41341125965118,K,18
OUTPUT,NaN,NaN,NaN,NaN,NaN,NaN

INPUT,0.378738522529602,0.0351782403886318,0.79372251033783,0.0310676880180836,3.13396763801575,1.42664325237274,K,19
OUTPUT,NaN,NaN,NaN,NaN,NaN,NaN

INPUT,0.379140228033066,0.0351825729012489,0.794846653938293,0.026120325550437,3.13391828536987,1.43106091022491,K,20
OUTPUT,NaN,NaN,NaN,NaN,NaN,NaN

INPUT,0.371418297290802,0.0349518544971943,0.730578660964966,-3.07741641998291,3.08673501014709,-1.87570214271545,K,5
OUTPUT,NaN,NaN,NaN,NaN,NaN,NaN

INPUT,0.379747778177261,0.0350544266402721,0.746062457561493,3.10628843307495,3.07903718948364,-1.76311993598938,K,6
OUTPUT,NaN,NaN,NaN,NaN,NaN,NaN

INPUT,0.386226266622543,0.0351342000067234,0.758105337619781,3.02791261672974,3.07352995872498,-1.67652451992035,K,7
OUTPUT,NaN,NaN,NaN,NaN,NaN,NaN

INPUT,0.390853762626648,0.035191185772419,0.766707420349121,2.9715473651886,3.0698766708374,-1.61503493785858,K,8
OUTPUT,NaN,NaN,NaN,NaN,NaN,NaN

INPUT,0.393630236387253,0.0352253764867783,0.771868646144867,2.93760585784912,3.06780314445496,-1.57825636863708,K,9
OUTPUT,NaN,NaN,NaN,NaN,NaN,NaN

INPUT,0.35981759428978,0.0346749685704708,0.724175631999969,-2.9898042678833,3.12884879112244,-2.02809524536133,K,4
OUTPUT,NaN,NaN,NaN,NaN,NaN,NaN

INPUT,0.365870952606201,0.0346918404102325,0.737551391124725,-3.06747364997864,3.12736487388611,-1.93246507644653,K,5
OUTPUT,NaN,NaN,NaN,NaN,NaN,NaN

INPUT,0.371924340724945,0.0347087159752846,0.750927209854126,3.13639450073242,3.1259868144989,-1.83848083019257,K,6
OUTPUT,NaN,NaN,NaN,NaN,NaN,NaN

INPUT,0.376632511615753,0.0347218401730061,0.761330544948578,3.07389092445374,3.12499475479126,-1.76619350910187,K,7
OUTPUT,NaN,NaN,NaN,NaN,NaN,NaN

INPUT,0.37999552488327,0.034731213003397,0.768761575222015,3.02891111373901,3.12433195114136,-1.71489310264587,K,8
OUTPUT,NaN,NaN,NaN,NaN,NaN,NaN

INPUT,0.382013291120529,0.0347368381917477,0.773220181465149,3.00181174278259,3.12395334243774,-1.68422424793243,K,9
OUTPUT,NaN,NaN,NaN,NaN,NaN,NaN

INPUT,0.36316305398941,0.0350252538919449,0.737250566482544,0.265442073345184,3.13695669174194,1.25206351280212,K,5
OUTPUT,NaN,NaN,NaN,NaN,NaN,NaN

INPUT,0.368970066308975,0.0350833311676979,0.750785350799561,0.17558616399765,3.13583302497864,1.31280219554901,K,6
OUTPUT,NaN,NaN,NaN,NaN,NaN,NaN

INPUT,0.373486638069153,0.0351285040378571,0.761312425136566,0.109079107642174,3.13498067855835,1.36342430114746,K,7
OUTPUT,NaN,NaN,NaN,NaN,NaN,NaN

INPUT,0.376712769269943,0.035160768777132,0.768831789493561,0.0627120137214661,3.13438558578491,1.40072131156921,K,8
OUTPUT,NaN,NaN,NaN,NaN,NaN,NaN

INPUT,0.378648430109024,0.0351801291108131,0.7733433842659,0.0352320596575737,3.1340343952179,1.42343997955322,K,9
OUTPUT,NaN,NaN,NaN,NaN,NaN,NaN

INPUT,0.351786941289902,0.0353870019316673,0.732748925685883,0.319990009069443,3.11389064788818,1.19853174686432,K,12
OUTPUT,NaN,NaN,NaN,NaN,NaN,NaN

INPUT,0.355249971151352,0.0354770049452782,0.743962049484253,0.272659480571747,3.11109519004822,1.24367213249207,K,13
OUTPUT,NaN,NaN,NaN,NaN,NaN,NaN

INPUT,0.358712941408157,0.0355670042335987,0.755175232887268,0.225509136915207,3.10836482048035,1.28899645805359,K,14
OUTPUT,NaN,NaN,NaN,NaN,NaN,NaN

INPUT,0.362175941467285,0.0356570072472095,0.766388356685638,0.178493708372116,3.10570526123047,1.33445990085602,K,15
OUTPUT,NaN,NaN,NaN,NaN,NaN,NaN

INPUT,0.36529266834259,0.0357380099594593,0.776480197906494,0.136269107460976,3.10337734222412,1.3754700422287,K,16
OUTPUT,NaN,NaN,NaN,NaN,NaN,NaN

INPUT,0.367716759443283,0.0358010120689869,0.784329354763031,0.103474959731102,3.10161209106445,1.40741634368896,K,17
OUTPUT,NaN,NaN,NaN,NaN,NaN,NaN

INPUT,0.369448244571686,0.0358460135757923,0.789935946464539,0.0800716131925583,3.10037684440613,1.4302579164505,K,18
OUTPUT,NaN,NaN,NaN,NaN,NaN,NaN

INPUT,0.370487153530121,0.0358730144798756,0.793299853801727,0.0660373792052269,3.09964609146118,1.4439709186554,K,19
OUTPUT,NaN,NaN,NaN,NaN,NaN,NaN

INPUT,0.370833456516266,0.0358820147812366,0.794421195983887,0.0613604784011841,3.09940433502197,1.44854331016541,K,20
OUTPUT,NaN,NaN,NaN,NaN,NaN,NaN

INPUT,0.362728834152222,0.0337337180972099,0.732329487800598,-3.02601504325867,3.11835169792175,-1.96196115016937,K,12
OUTPUT,NaN,NaN,NaN,NaN,NaN,NaN

INPUT,0.367343097925186,0.0336495339870453,0.74349981546402,-3.08100461959839,3.11628723144531,-1.90495479106903,K,13
OUTPUT,NaN,NaN,NaN,NaN,NaN,NaN

INPUT,0.371957331895828,0.0335653461515903,0.754670202732086,-3.13614535331726,3.11430215835571,-1.8480966091156,K,14
OUTPUT,NaN,NaN,NaN,NaN,NaN,NaN

INPUT,0.376571595668793,0.0334811620414257,0.765840530395508,3.09178304672241,3.11240267753601,-1.7913510799408,K,15
OUTPUT,NaN,NaN,NaN,NaN,NaN,NaN

INPUT,0.380724459886551,0.0334053970873356,0.775893867015839,3.04197406768799,3.11077117919922,-1.74035549163818,K,16
OUTPUT,NaN,NaN,NaN,NaN,NaN,NaN

INPUT,0.383954435586929,0.0333464667201042,0.783713102340698,3.00319194793701,3.10955619812012,-1.70073235034943,K,17
OUTPUT,NaN,NaN,NaN,NaN,NaN,NaN

INPUT,0.38626155257225,0.0333043746650219,0.789298295974731,2.97547149658203,3.10871839523315,-1.67244851589203,K,18
OUTPUT,NaN,NaN,NaN,NaN,NaN,NaN

INPUT,0.387645840644836,0.0332791209220886,0.792649388313293,2.95883202552795,3.10822796821594,-1.65548455715179,K,19
OUTPUT,NaN,NaN,NaN,NaN,NaN,NaN

INPUT,0.388107270002365,0.0332707017660141,0.793766438961029,2.95328450202942,3.10806655883789,-1.64983093738556,K,20
OUTPUT,NaN,NaN,NaN,NaN,NaN,NaN

INPUT,0.353481233119965,0.035796545445919,0.732393503189087,0.11750789731741,3.11224293708801,1.22764003276825,K,12
OUTPUT,NaN,NaN,NaN,NaN,NaN,NaN

INPUT,0.357122033834457,0.0359295010566711,0.743570566177368,0.0581990629434586,3.10941982269287,1.28518640995026,K,13
OUTPUT,NaN,NaN,NaN,NaN,NaN,NaN

INPUT,0.36076283454895,0.0360624529421329,0.754747629165649,-0.000972464215010405,3.10670685768127,1.3428750038147,K,14
OUTPUT,NaN,NaN,NaN,NaN,NaN,NaN

INPUT,0.364403635263443,0.0361954085528851,0.765924692153931,-0.0600417070090771,3.10411262512207,1.40067136287689,K,15
OUTPUT,NaN,NaN,NaN,NaN,NaN,NaN

INPUT,0.367680370807648,0.036315068602562,0.775984048843384,-0.113136976957321,3.10188722610474,1.4527599811554,K,16
OUTPUT,NaN,NaN,NaN,NaN,NaN,NaN

INPUT,0.370228916406631,0.0364081338047981,0.783807992935181,-0.154398322105408,3.10023164749146,1.49331164360046,K,17
OUTPUT,NaN,NaN,NaN,NaN,NaN,NaN

INPUT,0.372049331665039,0.0364746116101742,0.789396524429321,-0.183854639530182,3.09909152984619,1.52229452133179,K,18
OUTPUT,NaN,NaN,NaN,NaN,NaN,NaN

INPUT,0.373141556978226,0.0365144982933998,0.792749643325806,-0.201522991061211,3.09842467308044,1.53969037532806,K,19
OUTPUT,NaN,NaN,NaN,NaN,NaN,NaN

INPUT,0.373505651950836,0.036527793854475,0.793867349624634,-0.207411572337151,3.09820532798767,1.54549014568329,K,20
OUTPUT,NaN,NaN,NaN,NaN,NaN,NaN

INPUT,0.358357280492783,0.0354031175374985,0.732175767421722,-2.97832202911377,3.14044594764709,-2.0456428527832,K,12
OUTPUT,NaN,NaN,NaN,NaN,NaN,NaN

INPUT,0.362511396408081,0.0354946404695511,0.74332994222641,-3.00717973709106,3.14044380187988,-1.97634422779083,K,13
OUTPUT,NaN,NaN,NaN,NaN,NaN,NaN

INPUT,0.366665542125702,0.0355861596763134,0.754484057426453,-3.03607606887817,3.14044380187988,-1.90708410739899,K,14
OUTPUT,NaN,NaN,NaN,NaN,NaN,NaN

INPUT,0.370819658041,0.0356776788830757,0.765638172626495,-3.06493043899536,3.14044618606567,-1.83778190612793,K,15
OUTPUT,NaN,NaN,NaN,NaN,NaN,NaN

INPUT,0.374558359384537,0.0357600450515747,0.775676906108856,-3.09079575538635,3.14045023918152,-1.77530634403229,K,16
OUTPUT,NaN,NaN,NaN,NaN,NaN,NaN

INPUT,0.377466261386871,0.0358241125941277,0.783484816551208,-3.11080527305603,3.14045453071594,-1.72660624980927,K,17
OUTPUT,NaN,NaN,NaN,NaN,NaN,NaN

INPUT,0.379543304443359,0.0358698703348637,0.789061903953552,-3.12502193450928,3.14045858383179,-1.69174468517303,K,18
OUTPUT,NaN,NaN,NaN,NaN,NaN,NaN

INPUT,0.380789548158646,0.0358973257243633,0.792408108711243,-3.13351631164551,3.14046096801758,-1.67079222202301,K,19
OUTPUT,NaN,NaN,NaN,NaN,NaN,NaN

INPUT,0.381204962730408,0.0359064787626266,0.793523550033569,-3.13634133338928,3.14046192169189,-1.66380167007446,K,20
OUTPUT,NaN,NaN,NaN,NaN,NaN,NaN

INPUT,0.350794643163681,0.0355749726295471,0.732223391532898,0.18772979080677,3.11426520347595,1.15427112579346,K,12
OUTPUT,NaN,NaN,NaN,NaN,NaN,NaN

INPUT,0.354153156280518,0.0356847830116749,0.743381202220917,0.136046394705772,3.11154937744141,1.20432281494141,K,13
OUTPUT,NaN,NaN,NaN,NaN,NaN,NaN

INPUT,0.357511639595032,0.0357945933938026,0.754539012908936,0.0844947993755341,3.10891127586365,1.25451004505157,K,14
OUTPUT,NaN,NaN,NaN,NaN,NaN,NaN

INPUT,0.360870152711868,0.0359044037759304,0.76569676399231,0.0330414474010468,3.10635757446289,1.30480003356934,K,15
OUTPUT,NaN,NaN,NaN,NaN,NaN,NaN

INPUT,0.363892793655396,0.0360032320022583,0.775738775730133,-0.0132017266005278,3.10413718223572,1.3501296043396,K,16
OUTPUT,NaN,NaN,NaN,NaN,NaN,NaN

INPUT,0.366243749856949,0.0360800996422768,0.783549249172211,-0.0491347052156925,3.10246396064758,1.38542258739471,K,17
OUTPUT,NaN,NaN,NaN,NaN,NaN,NaN

INPUT,0.367922991514206,0.0361350029706955,0.789128124713898,-0.0747856795787811,3.10129928588867,1.41064858436584,K,18
OUTPUT,NaN,NaN,NaN,NaN,NaN,NaN

INPUT,0.368930548429489,0.0361679457128048,0.792475461959839,-0.0901707261800766,3.10061287879944,1.42579007148743,K,19
OUTPUT,NaN,NaN,NaN,NaN,NaN,NaN

INPUT,0.369266390800476,0.0361789278686047,0.793591260910034,-0.0952982828021049,3.10038614273071,1.43083822727203,K,20
OUTPUT,NaN,NaN,NaN,NaN,NaN,NaN

INPUT,0.358657479286194,0.0367669612169266,0.722252130508423,-2.89793562889099,3.11993813514709,-1.98311460018158,K,11
OUTPUT,NaN,NaN,NaN,NaN,NaN,NaN

INPUT,0.363334178924561,0.0370295979082584,0.733553290367126,-2.95008254051208,3.11772871017456,-1.92764842510223,K,12
OUTPUT,NaN,NaN,NaN,NaN,NaN,NaN

INPUT,0.368010878562927,0.0372922345995903,0.744854509830475,-3.00250887870789,3.11558818817139,-1.87245845794678,K,13
OUTPUT,NaN,NaN,NaN,NaN,NaN,NaN

INPUT,0.372687548398972,0.0375548712909222,0.756155610084534,-3.05514335632324,3.11352300643921,-1.8174741268158,K,14
OUTPUT,NaN,NaN,NaN,NaN,NaN,NaN

INPUT,0.377364218235016,0.037817507982254,0.767456829547882,-3.10793781280518,3.11153888702393,-1.76264631748199,K,15
OUTPUT,NaN,NaN,NaN,NaN,NaN,NaN

INPUT,0.381573259830475,0.0380538813769817,0.777627885341644,3.12762498855591,3.10982751846313,-1.71340656280518,K,16
OUTPUT,NaN,NaN,NaN,NaN,NaN,NaN

INPUT,0.384846925735474,0.0382377281785011,0.785538673400879,3.09052729606628,3.10854768753052,-1.67516469955444,K,17
OUTPUT,NaN,NaN,NaN,NaN,NaN,NaN

INPUT,0.387185275554657,0.0383690483868122,0.791189253330231,3.0640025138855,3.10766220092773,-1.64787471294403,K,18
OUTPUT,NaN,NaN,NaN,NaN,NaN,NaN

INPUT,0.388588279485703,0.0384478382766247,0.7945796251297,3.04807829856873,3.10714244842529,-1.63151001930237,K,19
OUTPUT,NaN,NaN,NaN,NaN,NaN,NaN

INPUT,0.38905593752861,0.0384741015732288,0.795709729194641,3.04276847839355,3.1069712638855,-1.62605655193329,K,20
OUTPUT,NaN,NaN,NaN,NaN,NaN,NaN

INPUT,0.355455130338669,0.0363633632659912,0.732931315898895,0.175765588879585,3.13867282867432,1.24381506443024,K,12
OUTPUT,NaN,NaN,NaN,NaN,NaN,NaN

INPUT,0.359304249286652,0.0365561693906784,0.744163632392883,0.110832646489143,3.13829684257507,1.29128766059875,K,13
OUTPUT,NaN,NaN,NaN,NaN,NaN,NaN

INPUT,0.363153338432312,0.0367489755153656,0.755395889282227,0.0476686246693134,3.13793087005615,1.34052908420563,K,14
OUTPUT,NaN,NaN,NaN,NaN,NaN,NaN

INPUT,0.367002457380295,0.0369417816400528,0.766628205776215,-0.0142469434067607,3.13757658004761,1.39101910591125,K,15
OUTPUT,NaN,NaN,NaN,NaN,NaN,NaN

INPUT,0.370466679334641,0.0371153056621552,0.77673727273941,-0.0691835209727287,3.13726830482483,1.43724763393402,K,16
OUTPUT,NaN,NaN,NaN,NaN,NaN,NaN

INPUT,0.373161047697067,0.0372502729296684,0.784599900245667,-0.111510805785656,3.13703608512878,1.4736043214798,K,17
OUTPUT,NaN,NaN,NaN,NaN,NaN,NaN

INPUT,0.37508562207222,0.037346675992012,0.790216028690338,-0.141566872596741,3.13687443733215,1.49975121021271,K,18
OUTPUT,NaN,NaN,NaN,NaN,NaN,NaN

INPUT,0.376240372657776,0.0374045148491859,0.79358571767807,-0.159537985920906,3.13677930831909,1.5155017375946,K,19
OUTPUT,NaN,NaN,NaN,NaN,NaN,NaN

INPUT,0.376625269651413,0.0374237969517708,0.794708967208862,-0.16551873087883,3.13674783706665,1.52076160907745,K,20
OUTPUT,NaN,NaN,NaN,NaN,NaN,NaN

INPUT,0.360063046216965,0.034360196441412,0.732516169548035,-2.90740418434143,3.12937474250793,-2.10015106201172,K,12
OUTPUT,NaN,NaN,NaN,NaN,NaN,NaN

INPUT,0.364396631717682,0.0343419201672077,0.743706285953522,-2.94806718826294,3.12827801704407,-2.05585789680481,K,13
OUTPUT,NaN,NaN,NaN,NaN,NaN,NaN

INPUT,0.368730217218399,0.0343236401677132,0.754896402359009,-2.98900437355042,3.12720537185669,-2.01183843612671,K,14
OUTPUT,NaN,NaN,NaN,NaN,NaN,NaN

INPUT,0.373063772916794,0.0343053638935089,0.766086459159851,-3.03015351295471,3.12615871429443,-1.96802997589111,K,15
OUTPUT,NaN,NaN,NaN,NaN,NaN,NaN

INPUT,0.376964002847672,0.0342889167368412,0.776157557964325,-3.06733179092407,3.12524032592773,-1.92874598503113,K,16
OUTPUT,NaN,NaN,NaN,NaN,NaN,NaN

INPUT,0.379997491836548,0.0342761240899563,0.783990621566772,-3.09632587432861,3.1245424747467,-1.89826905727386,K,17
OUTPUT,NaN,NaN,NaN,NaN,NaN,NaN

INPUT,0.382164299488068,0.0342669822275639,0.789585709571838,-3.11707186698914,3.12405323982239,-1.8765355348587,K,18
OUTPUT,NaN,NaN,NaN,NaN,NaN,NaN

INPUT,0.383464366197586,0.0342615023255348,0.792942702770233,-3.12953233718872,3.12376356124878,-1.86350834369659,K,19
OUTPUT,NaN,NaN,NaN,NaN,NaN,NaN

INPUT,0.383897721767426,0.0342596732079983,0.794061720371246,-3.13368797302246,3.1236674785614,-1.85916793346405,K,20
OUTPUT,NaN,NaN,NaN,NaN,NaN,NaN

INPUT,0.36706417798996,0.0372211560606956,0.731818914413452,-2.99289989471436,3.11584043502808,-1.90935873985291,K,5
OUTPUT,NaN,NaN,NaN,NaN,NaN,NaN

INPUT,0.374733209609985,0.0376968048512936,0.747623920440674,-3.08072447776794,3.11240530014038,-1.8060964345932,K,6
OUTPUT,NaN,NaN,NaN,NaN,NaN,NaN

INPUT,0.380697995424271,0.0380667559802532,0.759916722774506,3.13302993774414,3.10991525650024,-1.72689831256866,K,7
OUTPUT,NaN,NaN,NaN,NaN,NaN,NaN

INPUT,0.384958565235138,0.0383310057222843,0.768697261810303,3.08300042152405,3.10824227333069,-1.6707603931427,K,8
OUTPUT,NaN,NaN,NaN,NaN,NaN,NaN

INPUT,0.387514919042587,0.0384895540773869,0.77396559715271,3.05284214019775,3.10728335380554,-1.63721704483032,K,9
OUTPUT,NaN,NaN,NaN,NaN,NaN,NaN

INPUT,0.357398927211761,0.0355560109019279,0.736432015895844,0.266322821378708,3.1116669178009,1.2405481338501,K,5
OUTPUT,NaN,NaN,NaN,NaN,NaN,NaN

INPUT,0.362538456916809,0.0356919951736927,0.750114500522614,0.192667052149773,3.1070773601532,1.31554651260376,K,6
OUTPUT,NaN,NaN,NaN,NaN,NaN,NaN

INPUT,0.366535842418671,0.0357977598905563,0.760756492614746,0.135265037417412,3.10363817214966,1.3737725019455,K,7
OUTPUT,NaN,NaN,NaN,NaN,NaN,NaN

INPUT,0.369391143321991,0.0358733050525188,0.768357872962952,0.0942189246416092,3.10125875473022,1.41532230377197,K,8
OUTPUT,NaN,NaN,NaN,NaN,NaN,NaN

INPUT,0.371104300022125,0.0359186306595802,0.772918701171875,0.0695766508579254,3.0998637676239,1.44023942947388,K,9
OUTPUT,NaN,NaN,NaN,NaN,NaN,NaN

INPUT,0.363108813762665,0.0338532254099846,0.724285542964935,-3.0133113861084,3.11862277984619,-2.01381993293762,K,4
OUTPUT,NaN,NaN,NaN,NaN,NaN,NaN

INPUT,0.369551718235016,0.0337322503328323,0.737386345863342,-3.09517097473145,3.11551761627197,-1.9155365228653,K,5
OUTPUT,NaN,NaN,NaN,NaN,NaN,NaN

INPUT,0.375994652509689,0.0336112715303898,0.750487267971039,3.10445022583008,3.11262226104736,-1.81895017623901,K,6
OUTPUT,NaN,NaN,NaN,NaN,NaN,NaN

INPUT,0.381005823612213,0.0335171781480312,0.760676801204681,3.03864312171936,3.11053085327148,-1.7446357011795,K,7
OUTPUT,NaN,NaN,NaN,NaN,NaN,NaN

INPUT,0.384585201740265,0.0334499664604664,0.76795506477356,2.99131059646606,3.10912942886353,-1.69187843799591,K,8
OUTPUT,NaN,NaN,NaN,NaN,NaN,NaN

INPUT,0.386732846498489,0.0334096401929855,0.772321999073029,2.96280312538147,3.10832738876343,-1.66033101081848,K,9
OUTPUT,NaN,NaN,NaN,NaN,NaN,NaN

INPUT,0.359293222427368,0.0358798466622829,0.736076235771179,0.0397015661001205,3.11013722419739,1.27056777477264,K,5
OUTPUT,NaN,NaN,NaN,NaN,NaN,NaN

INPUT,0.364715307950974,0.0360487997531891,0.749687850475311,-0.0481725335121155,3.10555124282837,1.37061309814453,K,6
OUTPUT,NaN,NaN,NaN,NaN,NaN,NaN

INPUT,0.368932455778122,0.036180205643177,0.760274589061737,-0.117475442588329,3.10220146179199,1.44747996330261,K,7
OUTPUT,NaN,NaN,NaN,NaN,NaN,NaN

INPUT,0.371944725513458,0.0362740680575371,0.767836630344391,-0.1673434227705,3.09993624687195,1.50202465057373,K,8
OUTPUT,NaN,NaN,NaN,NaN,NaN,NaN

INPUT,0.37375208735466,0.0363303869962692,0.772373795509338,-0.197381660342216,3.09863114356995,1.53463637828827,K,9
OUTPUT,NaN,NaN,NaN,NaN,NaN,NaN

INPUT,0.35854583978653,0.0353893525898457,0.722970366477966,-2.96681070327759,3.1395046710968,-2.09061694145203,K,4
OUTPUT,NaN,NaN,NaN,NaN,NaN,NaN

INPUT,0.364537835121155,0.0355262085795403,0.7363520860672,-3.02466201782227,3.13974547386169,-1.99061191082001,K,5
OUTPUT,NaN,NaN,NaN,NaN,NaN,NaN

INPUT,0.370529860258102,0.0356630608439445,0.749733865261078,-3.07601356506348,3.13999676704407,-1.88410711288452,K,6
OUTPUT,NaN,NaN,NaN,NaN,NaN,NaN

INPUT,0.375190317630768,0.0357695035636425,0.760141849517822,-3.10898303985596,3.14019799232483,-1.79429972171783,K,7
OUTPUT,NaN,NaN,NaN,NaN,NaN,NaN

INPUT,0.378519237041473,0.0358455367386341,0.767576158046722,-3.12687754631042,3.14034414291382,-1.72449600696564,K,8
OUTPUT,NaN,NaN,NaN,NaN,NaN,NaN

INPUT,0.380516558885574,0.0358911529183388,0.772036731243134,-3.13446378707886,3.14043235778809,-1.67946362495422,K,9
OUTPUT,NaN,NaN,NaN,NaN,NaN,NaN

INPUT,0.356232315301895,0.0356881767511368,0.735751986503601,0.122753538191319,3.11219930648804,1.19446265697479,K,5
OUTPUT,NaN,NaN,NaN,NaN,NaN,NaN

INPUT,0.361219853162766,0.0358366221189499,0.749380230903625,0.0450067520141602,3.10773921012878,1.28029894828796,K,6
OUTPUT,NaN,NaN,NaN,NaN,NaN,NaN

INPUT,0.365099012851715,0.0359520837664604,0.759980022907257,-0.0161238927394152,3.10442495346069,1.34640777111053,K,7
OUTPUT,NaN,NaN,NaN,NaN,NaN,NaN

INPUT,0.367869883775711,0.0360345542430878,0.767551243305206,-0.0600424408912659,3.10214877128601,1.39337921142578,K,8
OUTPUT,NaN,NaN,NaN,NaN,NaN,NaN

INPUT,0.369532376527786,0.0360840335488319,0.772094011306763,-0.0864753350615501,3.10082173347473,1.42148232460022,K,9
OUTPUT,NaN,NaN,NaN,NaN,NaN,NaN

INPUT,0.360293954610825,0.034397054463625,0.723746716976166,-2.89757943153381,3.12903714179993,-2.13928985595703,K,4
OUTPUT,NaN,NaN,NaN,NaN,NaN,NaN

INPUT,0.366447120904922,0.0343599393963814,0.737066268920898,-2.95840644836426,3.12751984596252,-2.06346988677979,K,5
OUTPUT,NaN,NaN,NaN,NaN,NaN,NaN

INPUT,0.37260028719902,0.0343228243291378,0.750385761260986,-3.02066826820374,3.12606739997864,-1.98908281326294,K,6
OUTPUT,NaN,NaN,NaN,NaN,NaN,NaN

INPUT,0.377386093139648,0.0342939533293247,0.760745406150818,-3.06981229782104,3.12498736381531,-1.93194377422333,K,7
OUTPUT,NaN,NaN,NaN,NaN,NaN,NaN

INPUT,0.380804508924484,0.0342733338475227,0.768145143985748,-3.10521507263184,3.12424421310425,-1.8914293050766,K,8
OUTPUT,NaN,NaN,NaN,NaN,NaN,NaN

INPUT,0.38285556435585,0.0342609621584415,0.772585034370422,-3.12655830383301,3.12381029129028,-1.86722183227539,K,9
OUTPUT,NaN,NaN,NaN,NaN,NaN,NaN

INPUT,0.352942705154419,0.0345080904662609,0.732373297214508,0.432095646858215,3.11433863639832,1.37729966640472,K,12
OUTPUT,NaN,NaN,NaN,NaN,NaN,NaN

INPUT,0.3565274477005,0.0345055423676968,0.743546843528748,0.380759805440903,3.11162686347961,1.42545247077942,K,13
OUTPUT,NaN,NaN,NaN,NaN,NaN,NaN

INPUT,0.36011216044426,0.0345029905438423,0.754720389842987,0.329683035612106,3.10898900032043,1.47386813163757,K,14
OUTPUT,NaN,NaN,NaN,NaN,NaN,NaN

INPUT,0.363696902990341,0.0345004424452782,0.765893936157227,0.27880072593689,3.10643196105957,1.5224826335907,K,15
OUTPUT,NaN,NaN,NaN,NaN,NaN,NaN

INPUT,0.366923153400421,0.0344981513917446,0.775950133800507,0.233135223388672,3.1042046546936,1.56636798381805,K,16
OUTPUT,NaN,NaN,NaN,NaN,NaN,NaN

INPUT,0.369432479143143,0.0344963669776917,0.783771574497223,0.197685644030571,3.10252380371094,1.60057151317596,K,17
OUTPUT,NaN,NaN,NaN,NaN,NaN,NaN

INPUT,0.371224850416183,0.0344950929284096,0.789358377456665,0.172395199537277,3.10135197639465,1.62503480911255,K,18
OUTPUT,NaN,NaN,NaN,NaN,NaN,NaN

INPUT,0.372300267219543,0.0344943255186081,0.792710423469543,0.157231986522675,3.10066103935242,1.63972425460815,K,19
OUTPUT,NaN,NaN,NaN,NaN,NaN,NaN

INPUT,0.372658729553223,0.0344940721988678,0.793827772140503,0.152179330587387,3.10043263435364,1.6446225643158,K,20
OUTPUT,NaN,NaN,NaN,NaN,NaN,NaN

INPUT,0.351154386997223,0.0362167172133923,0.732278645038605,0.219980210065842,3.1098108291626,1.19778943061829,K,12
OUTPUT,NaN,NaN,NaN,NaN,NaN,NaN

INPUT,0.354550182819366,0.0363938622176647,0.743443608283997,0.167604610323906,3.10667300224304,1.24834108352661,K,13
OUTPUT,NaN,NaN,NaN,NaN,NaN,NaN

INPUT,0.357946008443832,0.0365710034966469,0.754608571529388,0.115374870598316,3.10362768173218,1.29904389381409,K,14
OUTPUT,NaN,NaN,NaN,NaN,NaN,NaN

INPUT,0.361341834068298,0.0367481485009193,0.76577353477478,0.0632539093494415,3.10068273544312,1.3498615026474,K,15
OUTPUT,NaN,NaN,NaN,NaN,NaN,NaN

INPUT,0.364398062229156,0.0369075797498226,0.775822043418884,0.0164166372269392,3.09812498092651,1.39567422866821,K,16
OUTPUT,NaN,NaN,NaN,NaN,NaN,NaN

INPUT,0.366775125265121,0.0370315797626972,0.783637523651123,-0.0199746750295162,3.09619951248169,1.43134725093842,K,17
OUTPUT,NaN,NaN,NaN,NaN,NaN,NaN

INPUT,0.368473023176193,0.0371201522648335,0.789219975471497,-0.0459516942501068,3.09486031532288,1.45684683322906,K,18
OUTPUT,NaN,NaN,NaN,NaN,NaN,NaN

INPUT,0.369491785764694,0.0371732972562313,0.79256945848465,-0.0615317486226559,3.09407138824463,1.47215342521667,K,19
OUTPUT,NaN,NaN,NaN,NaN,NaN,NaN

INPUT,0.36983135342598,0.0371910110116005,0.793685972690582,-0.0667241886258125,3.09381103515625,1.47725665569305,K,20
OUTPUT,NaN,NaN,NaN,NaN,NaN,NaN

INPUT,0.369419723749161,0.0344498865306377,0.720585346221924,-2.78078627586365,3.06762290000916,-1.95242130756378,K,11
OUTPUT,NaN,NaN,NaN,NaN,NaN,NaN

INPUT,0.375364601612091,0.0344402492046356,0.73168671131134,-2.82907700538635,3.05962586402893,-1.90317857265472,K,12
OUTPUT,NaN,NaN,NaN,NaN,NaN,NaN

INPUT,0.381309509277344,0.0344306118786335,0.742788016796112,-2.87746739387512,3.05182337760925,-1.85400402545929,K,13
OUTPUT,NaN,NaN,NaN,NaN,NaN,NaN

INPUT,0.387254387140274,0.0344209782779217,0.753889381885529,-2.925936460495,3.04423451423645,-1.80487442016602,K,14
OUTPUT,NaN,NaN,NaN,NaN,NaN,NaN

INPUT,0.393199265003204,0.0344113409519196,0.7649906873703,-2.97447037696838,3.03687691688538,-1.75577402114868,K,15
OUTPUT,NaN,NaN,NaN,NaN,NaN,NaN

INPUT,0.398549675941467,0.0344026684761047,0.774981915950775,-3.01819849014282,3.03046774864197,-1.71159958839417,K,16
OUTPUT,NaN,NaN,NaN,NaN,NaN,NaN

INPUT,0.402711093425751,0.0343959219753742,0.782752871513367,-3.05223655700684,3.02563047409058,-1.67724788188934,K,17
OUTPUT,NaN,NaN,NaN,NaN,NaN,NaN

INPUT,0.405683547258377,0.0343911051750183,0.78830349445343,-3.07656288146973,3.02225756645203,-1.65271270275116,K,18
OUTPUT,NaN,NaN,NaN,NaN,NaN,NaN

INPUT,0.407467007637024,0.0343882143497467,0.791633903980255,-3.09116363525391,3.02026796340942,-1.63799214363098,K,19
OUTPUT,NaN,NaN,NaN,NaN,NaN,NaN

INPUT,0.408061504364014,0.0343872494995594,0.792744040489197,-3.096031665802,3.01961040496826,-1.63308525085449,K,20
OUTPUT,NaN,NaN,NaN,NaN,NaN,NaN

INPUT,0.358097016811371,0.0368553660809994,0.733135163784027,-2.87936425209045,3.12995171546936,-1.9753565788269,K,12
OUTPUT,NaN,NaN,NaN,NaN,NaN,NaN

INPUT,0.362224459648132,0.0370998717844486,0.744388937950134,-2.92464542388916,3.12892603874207,-1.92549729347229,K,13
OUTPUT,NaN,NaN,NaN,NaN,NaN,NaN

INPUT,0.366351872682571,0.0373443812131882,0.755642652511597,-2.97026562690735,3.12792921066284,-1.87597668170929,K,14
OUTPUT,NaN,NaN,NaN,NaN,NaN,NaN

INPUT,0.370479315519333,0.0375888869166374,0.766896426677704,-3.01614761352539,3.12696290016174,-1.82671725749969,K,15
OUTPUT,NaN,NaN,NaN,NaN,NaN,NaN

INPUT,0.374193996191025,0.0378089398145676,0.777024805545807,-3.05761933326721,3.12612175941467,-1.78256106376648,K,16
OUTPUT,NaN,NaN,NaN,NaN,NaN,NaN

INPUT,0.377083212137222,0.0379800945520401,0.784902453422546,-3.08997106552124,3.12548685073853,-1.74831259250641,K,17
OUTPUT,NaN,NaN,NaN,NaN,NaN,NaN

INPUT,0.379146933555603,0.0381023474037647,0.790529310703278,-3.11312341690063,3.12504434585571,-1.72389340400696,K,18
OUTPUT,NaN,NaN,NaN,NaN,NaN,NaN

INPUT,0.380385160446167,0.0381757020950317,0.793905436992645,-3.12703061103821,3.1247832775116,-1.70925772190094,K,19
OUTPUT,NaN,NaN,NaN,NaN,NaN,NaN

INPUT,0.380797892808914,0.0382001511752605,0.795030832290649,-3.13166904449463,3.12469696998596,-1.70438170433044,K,20
OUTPUT,NaN,NaN,NaN,NaN,NaN,NaN

INPUT,0.359931409358978,0.0335272587835789,0.721599519252777,-2.86101627349854,3.10919737815857,-1.98235952854156,K,11
OUTPUT,NaN,NaN,NaN,NaN,NaN,NaN

INPUT,0.364759147167206,0.0334089882671833,0.732821583747864,-2.91168689727783,3.10579681396484,-1.92966115474701,K,12
OUTPUT,NaN,NaN,NaN,NaN,NaN,NaN

INPUT,0.369586914777756,0.0332907140254974,0.74404364824295,-2.9625346660614,3.10249185562134,-1.87713372707367,K,13
OUTPUT,NaN,NaN,NaN,NaN,NaN,NaN

INPUT,0.374414622783661,0.0331724435091019,0.755265712738037,-3.01351451873779,3.09929132461548,-1.8247321844101,K,14
OUTPUT,NaN,NaN,NaN,NaN,NaN,NaN

INPUT,0.379242390394211,0.0330541729927063,0.766487777233124,-3.06459641456604,3.09620356559753,-1.772425532341,K,15
OUTPUT,NaN,NaN,NaN,NaN,NaN,NaN

INPUT,0.38358736038208,0.032947726547718,0.776587665081024,-3.11063933372498,3.09352803230286,-1.7254124879837,K,16
OUTPUT,NaN,NaN,NaN,NaN,NaN,NaN

INPUT,0.38696676492691,0.0328649394214153,0.784443080425262,3.13669776916504,3.09151864051819,-1.68888032436371,K,17
OUTPUT,NaN,NaN,NaN,NaN,NaN,NaN

INPUT,0.389380633831024,0.0328058004379272,0.790054142475128,3.11107444763184,3.09012341499329,-1.6628006696701,K,18
OUTPUT,NaN,NaN,NaN,NaN,NaN,NaN

INPUT,0.390828967094421,0.0327703207731247,0.793420791625977,3.09569430351257,3.08930277824402,-1.64715826511383,K,19
OUTPUT,NaN,NaN,NaN,NaN,NaN,NaN

INPUT,0.39131173491478,0.0327584929764271,0.794542968273163,3.09056663513184,3.08903193473816,-1.6419450044632,K,20
OUTPUT,NaN,NaN,NaN,NaN,NaN,NaN

INPUT,0.36974224448204,0.0343125648796558,0.715318858623505,-2.78077840805054,3.06813192367554,-1.97338247299194,K,4
OUTPUT,NaN,NaN,NaN,NaN,NaN,NaN

INPUT,0.379242062568665,0.0343029946088791,0.73055899143219,-2.86275935173035,3.05429863929749,-1.88198447227478,K,5
OUTPUT,NaN,NaN,NaN,NaN,NaN,NaN

INPUT,0.388741880655289,0.0342934243381023,0.745799124240875,-2.94605660438538,3.04111886024475,-1.7918004989624,K,6
OUTPUT,NaN,NaN,NaN,NaN,NaN,NaN

INPUT,0.396130621433258,0.034285981208086,0.757652521133423,-3.0114369392395,3.03138446807861,-1.72217452526093,K,7
OUTPUT,NaN,NaN,NaN,NaN,NaN,NaN

INPUT,0.401408314704895,0.0342806652188301,0.766119241714478,-3.05837082862854,3.02473521232605,-1.67263209819794,K,8
OUTPUT,NaN,NaN,NaN,NaN,NaN,NaN

INPUT,0.404574900865555,0.0342774726450443,0.771199285984039,-3.08660793304443,3.02087497711182,-1.64296555519104,K,9
OUTPUT,NaN,NaN,NaN,NaN,NaN,NaN

INPUT,0.36840295791626,0.0333710871636868,0.731090247631073,-2.95161318778992,3.10323524475098,-1.91097545623779,K,5
OUTPUT,NaN,NaN,NaN,NaN,NaN,NaN

INPUT,0.376272350549698,0.0331698469817638,0.746743202209473,-3.03730058670044,3.09778547286987,-1.81306886672974,K,6
OUTPUT,NaN,NaN,NaN,NaN,NaN,NaN

INPUT,0.382392972707748,0.0330133251845837,0.758917689323425,-3.10488939285278,3.09379839897156,-1.73784804344177,K,7
OUTPUT,NaN,NaN,NaN,NaN,NaN,NaN

INPUT,0.386764854192734,0.0329015254974365,0.767613708972931,3.12965393066406,3.09109807014465,-1.68447482585907,K,8
OUTPUT,NaN,NaN,NaN,NaN,NaN,NaN

INPUT,0.389387995004654,0.0328344441950321,0.772831380367279,3.10035157203674,3.08954048156738,-1.65256476402283,K,9
OUTPUT,NaN,NaN,NaN,NaN,NaN,NaN

INPUT,0.358676195144653,0.0346272364258766,0.736039876937866,0.377708077430725,3.11213421821594,1.42589175701141,K,5
OUTPUT,NaN,NaN,NaN,NaN,NaN,NaN

INPUT,0.364002764225006,0.034624207764864,0.74964964389801,0.296249002218246,3.10772299766541,1.50435554981232,K,6
OUTPUT,NaN,NaN,NaN,NaN,NaN,NaN

INPUT,0.368145644664764,0.0346218571066856,0.760234951972961,0.233128696680069,3.10444045066833,1.56562781333923,K,7
OUTPUT,NaN,NaN,NaN,NaN,NaN,NaN

INPUT,0.371104836463928,0.0346201732754707,0.767795920372009,0.188133090734482,3.10218286514282,1.60948848724365,K,8
OUTPUT,NaN,NaN,NaN,NaN,NaN,NaN

INPUT,0.372880339622498,0.0346191637217999,0.772332549095154,0.161164522171021,3.10086536407471,1.63583564758301,K,9
OUTPUT,NaN,NaN,NaN,NaN,NaN,NaN

INPUT,0.356697678565979,0.0364108607172966,0.735815405845642,0.155112773180008,3.10731196403503,1.23935413360596,K,5
OUTPUT,NaN,NaN,NaN,NaN,NaN,NaN

INPUT,0.361768931150436,0.0366687886416912,0.749457061290741,0.0759018808603287,3.10220456123352,1.32563495635986,K,6
OUTPUT,NaN,NaN,NaN,NaN,NaN,NaN

INPUT,0.365713238716125,0.0368693955242634,0.760067224502563,0.0137225305661559,3.09841680526733,1.39218235015869,K,7
OUTPUT,NaN,NaN,NaN,NaN,NaN,NaN

INPUT,0.368530601263046,0.0370126850903034,0.76764589548111,-0.030911585316062,3.0958194732666,1.43950223922729,K,8
OUTPUT,NaN,NaN,NaN,NaN,NaN,NaN

INPUT,0.370221018791199,0.0370986610651016,0.772193074226379,-0.0577631294727325,3.09430718421936,1.46782565116882,K,9
OUTPUT,NaN,NaN,NaN,NaN,NaN,NaN

INPUT,0.358412772417068,0.0367388240993023,0.724241375923157,-2.87210297584534,3.12957811355591,-2.02292943000793,K,4
OUTPUT,NaN,NaN,NaN,NaN,NaN,NaN

INPUT,0.364248812198639,0.0371247604489326,0.737686395645142,-2.93866205215454,3.12817215919495,-1.93646049499512,K,5
OUTPUT,NaN,NaN,NaN,NaN,NaN,NaN

INPUT,0.370084851980209,0.0375106930732727,0.751131474971771,-3.00706791877747,3.12684321403503,-1.85183668136597,K,6
OUTPUT,NaN,NaN,NaN,NaN,NaN,NaN

INPUT,0.374623984098434,0.0378108657896519,0.7615886926651,-3.061194896698,3.12586855888367,-1.78693962097168,K,7
OUTPUT,NaN,NaN,NaN,NaN,NaN,NaN

INPUT,0.377866238355637,0.0380252711474895,0.769058167934418,-3.10024046897888,3.12520599365234,-1.74096751213074,K,8
OUTPUT,NaN,NaN,NaN,NaN,NaN,NaN

INPUT,0.379811584949493,0.0381539165973663,0.773539841175079,-3.12379717826843,3.12482237815857,-1.71351361274719,K,9
OUTPUT,NaN,NaN,NaN,NaN,NaN,NaN

INPUT,0.348806470632553,0.0346805155277252,0.73337596654892,0.28786027431488,3.11551904678345,1.2529354095459,K,12
OUTPUT,NaN,NaN,NaN,NaN,NaN,NaN

INPUT,0.351955711841583,0.03469617664814,0.744655132293701,0.235862374305725,3.11292505264282,1.30251681804657,K,13
OUTPUT,NaN,NaN,NaN,NaN,NaN,NaN

INPUT,0.355104953050613,0.0347118340432644,0.755934178829193,0.184060752391815,3.1104052066803,1.35229790210724,K,14
OUTPUT,NaN,NaN,NaN,NaN,NaN,NaN

INPUT,0.358254194259644,0.0347274914383888,0.767213344573975,0.132406026124954,3.10796546936035,1.40223014354706,K,15
OUTPUT,NaN,NaN,NaN,NaN,NaN,NaN

INPUT,0.361088514328003,0.0347415842115879,0.777364552021027,0.0860139355063438,3.10584378242493,1.44726967811584,K,16
OUTPUT,NaN,NaN,NaN,NaN,NaN,NaN

INPUT,0.363292992115021,0.034752544015646,0.785259902477264,0.0499822944402695,3.10424518585205,1.48235392570496,K,17
OUTPUT,NaN,NaN,NaN,NaN,NaN,NaN

INPUT,0.364867627620697,0.0347603745758533,0.790899455547333,0.0242686178535223,3.10313200950623,1.50743865966797,K,18
OUTPUT,NaN,NaN,NaN,NaN,NaN,NaN

INPUT,0.365812391042709,0.0347650721669197,0.794283211231232,0.00884881429374218,3.10247588157654,1.52249801158905,K,19
OUTPUT,NaN,NaN,NaN,NaN,NaN,NaN

INPUT,0.36612731218338,0.0347666367888451,0.795411109924316,0.00371010857634246,3.10225915908813,1.52751934528351,K,20
OUTPUT,NaN,NaN,NaN,NaN,NaN,NaN

INPUT,0.358481675386429,0.0351160392165184,0.732880115509033,-3.07569456100464,3.13232922554016,-1.99577879905701,K,12
OUTPUT,NaN,NaN,NaN,NaN,NaN,NaN

INPUT,0.362649619579315,0.0351774208247662,0.744107067584991,-3.13070917129517,3.13157200813293,-1.93713700771332,K,13
OUTPUT,NaN,NaN,NaN,NaN,NaN,NaN

INPUT,0.366817504167557,0.0352387987077236,0.75533401966095,3.09721112251282,3.13084721565247,-1.87874507904053,K,14
OUTPUT,NaN,NaN,NaN,NaN,NaN,NaN

INPUT,0.370985448360443,0.0353001803159714,0.766560971736908,3.041752576828,3.13015699386597,-1.8205463886261,K,15
OUTPUT,NaN,NaN,NaN,NaN,NaN,NaN

INPUT,0.374736577272415,0.0353554226458073,0.776665270328522,2.99170827865601,3.12956738471985,-1.76829850673676,K,16
OUTPUT,NaN,NaN,NaN,NaN,NaN,NaN

INPUT,0.377654105424881,0.0353983901441097,0.784524142742157,2.95271444320679,3.12913036346436,-1.72773170471191,K,17
OUTPUT,NaN,NaN,NaN,NaN,NaN,NaN

INPUT,0.379738062620163,0.0354290790855885,0.790137588977814,2.92482948303223,3.12883019447327,-1.69878780841827,K,18
OUTPUT,NaN,NaN,NaN,NaN,NaN,NaN

INPUT,0.380988448858261,0.0354474931955338,0.793505668640137,2.90808653831482,3.12865519523621,-1.6814329624176,K,19
OUTPUT,NaN,NaN,NaN,NaN,NaN,NaN

INPUT,0.381405234336853,0.0354536324739456,0.794628381729126,2.90250396728516,3.12859749794006,-1.67564976215363,K,20
OUTPUT,NaN,NaN,NaN,NaN,NaN,NaN

INPUT,0.363026529550552,0.0340679064393044,0.733314156532288,-2.79455733299255,3.12195754051208,-1.87826812267303,K,12
OUTPUT,NaN,NaN,NaN,NaN,NaN,NaN

INPUT,0.367672115564346,0.0340188555419445,0.744588255882263,-2.84081196784973,3.12016367912292,-1.82808470726013,K,13
OUTPUT,NaN,NaN,NaN,NaN,NaN,NaN

INPUT,0.37231770157814,0.033969808369875,0.755862355232239,-2.88736724853516,3.1184196472168,-1.77820026874542,K,14
OUTPUT,NaN,NaN,NaN,NaN,NaN,NaN

INPUT,0.376963287591934,0.0339207611978054,0.767136454582214,-2.93415355682373,3.11672925949097,-1.72854483127594,K,15
OUTPUT,NaN,NaN,NaN,NaN,NaN,NaN

INPUT,0.381144315004349,0.0338766165077686,0.777283132076263,-2.97641706466675,3.11525726318359,-1.68400883674622,K,16
OUTPUT,NaN,NaN,NaN,NaN,NaN,NaN

INPUT,0.384396225214005,0.033842284232378,0.785175025463104,-3.00937247276306,3.11414647102356,-1.64945232868195,K,17
OUTPUT,NaN,NaN,NaN,NaN,NaN,NaN

INPUT,0.386719018220901,0.0338177606463432,0.790812075138092,-3.03295040130615,3.11337208747864,-1.62480700016022,K,18
OUTPUT,NaN,NaN,NaN,NaN,NaN,NaN

INPUT,0.38811269402504,0.0338030457496643,0.794194281101227,-3.04711079597473,3.11291527748108,-1.61003339290619,K,19
OUTPUT,NaN,NaN,NaN,NaN,NaN,NaN

INPUT,0.388577252626419,0.0337981395423412,0.795321702957153,-3.051833152771,3.11276435852051,-1.60511088371277,K,20
OUTPUT,NaN,NaN,NaN,NaN,NaN,NaN

INPUT,0.354033231735229,0.0347446724772453,0.737048506736755,0.227186247706413,3.11353659629822,1.2973176240921,K,5
OUTPUT,NaN,NaN,NaN,NaN,NaN,NaN

INPUT,0.358670234680176,0.0347536280751228,0.750864624977112,0.147013798356056,3.1092791557312,1.38045942783356,K,6
OUTPUT,NaN,NaN,NaN,NaN,NaN,NaN

INPUT,0.362276792526245,0.034760594367981,0.761610507965088,0.0844125971198082,3.10611510276794,1.44488775730133,K,7
OUTPUT,NaN,NaN,NaN,NaN,NaN,NaN

INPUT,0.364852875471115,0.0347655713558197,0.769286096096039,0.0396028831601143,3.10394215583801,1.49081790447235,K,8
OUTPUT,NaN,NaN,NaN,NaN,NaN,NaN

INPUT,0.366398543119431,0.0347685590386391,0.773891508579254,0.0126867955550551,3.10267519950867,1.51834714412689,K,9
OUTPUT,NaN,NaN,NaN,NaN,NaN,NaN

INPUT,0.3587586581707,0.0351398698985577,0.723927021026611,-3.05940675735474,3.13185811042786,-2.04492688179016,K,4
OUTPUT,NaN,NaN,NaN,NaN,NaN,NaN

INPUT,0.364686489105225,0.0352392196655273,0.737348437309265,3.1402223110199,3.13086533546448,-1.94569110870361,K,5
OUTPUT,NaN,NaN,NaN,NaN,NaN,NaN

INPUT,0.370614320039749,0.0353385657072067,0.750769793987274,3.05538725852966,3.1299614906311,-1.84773349761963,K,6
OUTPUT,NaN,NaN,NaN,NaN,NaN,NaN

INPUT,0.375224888324738,0.0354158356785774,0.761208653450012,2.98876571655273,3.1293249130249,-1.77218222618103,K,7
OUTPUT,NaN,NaN,NaN,NaN,NaN,NaN

INPUT,0.378518134355545,0.0354710258543491,0.768665015697479,2.94091510772705,3.12890768051147,-1.71848058700562,K,8
OUTPUT,NaN,NaN,NaN,NaN,NaN,NaN

INPUT,0.380494058132172,0.0355041436851025,0.773138821125031,2.91211652755737,3.12867307662964,-1.68634760379791,K,9
OUTPUT,NaN,NaN,NaN,NaN,NaN,NaN

INPUT,0.356989234685898,0.0335897579789162,0.732873916625977,-3.10297656059265,3.13578224182129,-1.96896433830261,K,12
OUTPUT,NaN,NaN,NaN,NaN,NaN,NaN

INPUT,0.360998570919037,0.0334891937673092,0.744105637073517,3.12545728683472,3.13537335395813,-1.9043607711792,K,13
OUTPUT,NaN,NaN,NaN,NaN,NaN,NaN

INPUT,0.365007936954498,0.0333886258304119,0.755337417125702,3.07011198997498,3.13498640060425,-1.84035038948059,K,14
OUTPUT,NaN,NaN,NaN,NaN,NaN,NaN

INPUT,0.369017273187637,0.0332880616188049,0.766569137573242,3.01430034637451,3.13462281227112,-1.77680647373199,K,15
OUTPUT,NaN,NaN,NaN,NaN,NaN,NaN

INPUT,0.372625708580017,0.0331975519657135,0.77667772769928,2.96374988555908,3.13431668281555,-1.71993672847748,K,16
OUTPUT,NaN,NaN,NaN,NaN,NaN,NaN

INPUT,0.375432252883911,0.0331271588802338,0.784539937973022,2.92425966262817,3.13409328460693,-1.67587780952454,K,17
OUTPUT,NaN,NaN,NaN,NaN,NaN,NaN

INPUT,0.377436906099319,0.0330768749117851,0.790155827999115,2.89597272872925,3.13394141197205,-1.644486784935,K,18
OUTPUT,NaN,NaN,NaN,NaN,NaN,NaN

INPUT,0.378639727830887,0.0330467075109482,0.793525338172913,2.87897157669067,3.13385367393494,-1.6256810426712,K,19
OUTPUT,NaN,NaN,NaN,NaN,NaN,NaN

INPUT,0.379040658473969,0.0330366492271423,0.79464852809906,2.87330007553101,3.13382482528687,-1.61941695213318,K,20
OUTPUT,NaN,NaN,NaN,NaN,NaN,NaN

INPUT,0.363864988088608,0.0340826958417892,0.72596687078476,-2.78315210342407,3.12178730964661,-1.92264187335968,K,4
OUTPUT,NaN,NaN,NaN,NaN,NaN,NaN

INPUT,0.37025448679924,0.0339936912059784,0.739033579826355,-2.8523006439209,3.11920142173767,-1.83662295341492,K,5
OUTPUT,NaN,NaN,NaN,NaN,NaN,NaN

INPUT,0.376643985509872,0.0339046902954578,0.752100348472595,-2.92316222190857,3.11674880981445,-1.752312541008,K,6
OUTPUT,NaN,NaN,NaN,NaN,NaN,NaN

INPUT,0.381613582372665,0.0338354669511318,0.762263357639313,-2.97911214828491,3.11494326591492,-1.68757021427155,K,7
OUTPUT,NaN,NaN,NaN,NaN,NaN,NaN

INPUT,0.385163307189941,0.03378601744771,0.769522607326508,-3.01941871643066,3.11371207237244,-1.64166593551636,K,8
OUTPUT,NaN,NaN,NaN,NaN,NaN,NaN

INPUT,0.387293130159378,0.0337563529610634,0.773878216743469,-3.04371666908264,3.11299824714661,-1.61423683166504,K,9
OUTPUT,NaN,NaN,NaN,NaN,NaN,NaN

INPUT,0.359633028507233,0.0346065685153008,0.721437454223633,-2.88729119300842,3.10877394676208,-2.01669979095459,K,11
OUTPUT,NaN,NaN,NaN,NaN,NaN,NaN

INPUT,0.364425778388977,0.034615233540535,0.732640445232391,-2.93759942054749,3.10532283782959,-1.96458733081818,K,12
OUTPUT,NaN,NaN,NaN,NaN,NaN,NaN

INPUT,0.369218528270721,0.0346238985657692,0.743843495845795,-2.98806548118591,3.10196685791016,-1.91262674331665,K,13
OUTPUT,NaN,NaN,NaN,NaN,NaN,NaN

INPUT,0.374011248350143,0.0346325635910034,0.755046486854553,-3.03865027427673,3.09871459007263,-1.86077797412872,K,14
OUTPUT,NaN,NaN,NaN,NaN,NaN,NaN

INPUT,0.378803998231888,0.0346412248909473,0.766249477863312,-3.08932614326477,3.09557485580444,-1.80901348590851,K,15
OUTPUT,NaN,NaN,NaN,NaN,NaN,NaN

INPUT,0.383117467164993,0.0346490256488323,0.776332199573517,-3.13499641418457,3.0928521156311,-1.76248109340668,K,16
OUTPUT,NaN,NaN,NaN,NaN,NaN,NaN

INPUT,0.386472374200821,0.0346550904214382,0.784174263477325,3.11263394355774,3.0908055305481,-1.72631871700287,K,17
OUTPUT,NaN,NaN,NaN,NaN,NaN,NaN

INPUT,0.388868749141693,0.0346594229340553,0.789775788784027,3.0872220993042,3.08938360214233,-1.70050168037415,K,18
OUTPUT,NaN,NaN,NaN,NaN,NaN,NaN

INPUT,0.390306562185287,0.0346620194613934,0.793136656284332,3.07196927070618,3.08854699134827,-1.68501615524292,K,19
OUTPUT,NaN,NaN,NaN,NaN,NaN,NaN

INPUT,0.390785843133926,0.0346628874540329,0.794256985187531,3.06688404083252,3.08827066421509,-1.67985498905182,K,20
OUTPUT,NaN,NaN,NaN,NaN,NaN,NaN

INPUT,0.358556538820267,0.0362120382487774,0.732685208320618,-2.95356678962708,3.1269543170929,-1.97206223011017,K,12
OUTPUT,NaN,NaN,NaN,NaN,NaN,NaN

INPUT,0.362732201814651,0.0363888591527939,0.743891656398773,-3.00362253189087,3.12566232681274,-1.91881847381592,K,13
OUTPUT,NaN,NaN,NaN,NaN,NaN,NaN

INPUT,0.366907835006714,0.0365656800568104,0.755097985267639,-3.05391478538513,3.12441301345825,-1.86581015586853,K,14
OUTPUT,NaN,NaN,NaN,NaN,NaN,NaN

INPUT,0.371083498001099,0.0367425009608269,0.766304433345795,-3.10438847541809,3.12320923805237,-1.8129825592041,K,15
OUTPUT,NaN,NaN,NaN,NaN,NaN,NaN

INPUT,0.374841600656509,0.0369016416370869,0.776390194892883,3.13324737548828,3.12216782569885,-1.76555955410004,K,16
OUTPUT,NaN,NaN,NaN,NaN,NaN,NaN

INPUT,0.37776455283165,0.0370254144072533,0.784234642982483,3.09775424003601,3.12138652801514,-1.72874021530151,K,17
OUTPUT,NaN,NaN,NaN,NaN,NaN,NaN

INPUT,0.379852384328842,0.0371138267219067,0.789837837219238,3.07237148284912,3.12084484100342,-1.70247066020966,K,18
OUTPUT,NaN,NaN,NaN,NaN,NaN,NaN

INPUT,0.381105095148087,0.0371668711304665,0.793199777603149,3.05713105201721,3.12052631378174,-1.68671989440918,K,19
OUTPUT,NaN,NaN,NaN,NaN,NaN,NaN

INPUT,0.381522655487061,0.0371845550835133,0.794320404529572,3.05204916000366,3.12042117118835,-1.68147122859955,K,20
OUTPUT,NaN,NaN,NaN,NaN,NaN,NaN

INPUT,0.34779965877533,0.0376013591885567,0.732175469398499,0.118380941450596,3.08646702766418,1.36317265033722,K,12
OUTPUT,NaN,NaN,NaN,NaN,NaN,NaN

INPUT,0.350842356681824,0.0379242636263371,0.743329465389252,0.0522414073348045,3.08144760131836,1.42811822891235,K,13
OUTPUT,NaN,NaN,NaN,NaN,NaN,NaN

INPUT,0.35388508439064,0.0382471717894077,0.754483461380005,-0.0138178672641516,3.0766863822937,1.49316334724426,K,14
OUTPUT,NaN,NaN,NaN,NaN,NaN,NaN

INPUT,0.356927812099457,0.0385700762271881,0.765637457370758,-0.079819455742836,3.07220363616943,1.55828595161438,K,15
OUTPUT,NaN,NaN,NaN,NaN,NaN,NaN

INPUT,0.359666258096695,0.0388606935739517,0.775676071643829,-0.139184832572937,3.06842350959778,1.61694943904877,K,16
OUTPUT,NaN,NaN,NaN,NaN,NaN,NaN

INPUT,0.361796170473099,0.0390867255628109,0.783483862876892,-0.185339823365211,3.06565880775452,1.66260528564453,K,17
OUTPUT,NaN,NaN,NaN,NaN,NaN,NaN

INPUT,0.363317519426346,0.0392481796443462,0.789060890674591,-0.218299940228462,3.06378149986267,1.69523012638092,K,18
OUTPUT,NaN,NaN,NaN,NaN,NaN,NaN

INPUT,0.364230334758759,0.0393450520932674,0.792407095432281,-0.238073348999023,3.06269502639771,1.71481001377106,K,19
OUTPUT,NaN,NaN,NaN,NaN,NaN,NaN

INPUT,0.364534616470337,0.0393773429095745,0.793522477149963,-0.24466410279274,3.06233978271484,1.72133731842041,K,20
OUTPUT,NaN,NaN,NaN,NaN,NaN,NaN

INPUT,0.357003003358841,0.0371579565107822,0.732717990875244,0.211367189884186,3.12751865386963,1.2786500453949,K,12
OUTPUT,NaN,NaN,NaN,NaN,NaN,NaN

INPUT,0.361015021800995,0.0374344438314438,0.743927836418152,0.153122693300247,3.12610149383545,1.33273422718048,K,13
OUTPUT,NaN,NaN,NaN,NaN,NaN,NaN

INPUT,0.365027040243149,0.0377109348773956,0.755137622356415,0.0952214300632477,3.12473320960999,1.38716268539429,K,14
OUTPUT,NaN,NaN,NaN,NaN,NaN,NaN

INPUT,0.369039058685303,0.0379874221980572,0.766347408294678,0.0375757627189159,3.12341785430908,1.44184827804565,K,15
OUTPUT,NaN,NaN,NaN,NaN,NaN,NaN

INPUT,0.372649878263474,0.0382362641394138,0.776436269283295,-0.0141370268538594,3.12228298187256,1.49123477935791,K,16
OUTPUT,NaN,NaN,NaN,NaN,NaN,NaN

INPUT,0.375458270311356,0.0384298041462898,0.784283101558685,-0.0542693957686424,3.12143421173096,1.52973556518555,K,17
OUTPUT,NaN,NaN,NaN,NaN,NaN,NaN

INPUT,0.377464294433594,0.0385680496692657,0.789888024330139,-0.0828955247998238,3.12084698677063,1.55727684497833,K,18
OUTPUT,NaN,NaN,NaN,NaN,NaN,NaN

INPUT,0.378667891025543,0.0386509969830513,0.793250977993011,-0.100056849420071,3.12050247192383,1.57381594181061,K,19
OUTPUT,NaN,NaN,NaN,NaN,NaN,NaN

INPUT,0.379069089889526,0.0386786460876465,0.794371962547302,-0.105775065720081,3.12038898468018,1.57933115959167,K,20
OUTPUT,NaN,NaN,NaN,NaN,NaN,NaN

INPUT,0.352327048778534,0.0359039902687073,0.73257303237915,0.306058347225189,3.10644388198853,1.29348850250244,K,12
OUTPUT,NaN,NaN,NaN,NaN,NaN,NaN

INPUT,0.355846256017685,0.0360482931137085,0.743768870830536,0.253023654222488,3.10299563407898,1.34439826011658,K,13
OUTPUT,NaN,NaN,NaN,NaN,NaN,NaN

INPUT,0.359365463256836,0.036192599684,0.754964649677277,0.200157701969147,3.0996515750885,1.39548325538635,K,14
OUTPUT,NaN,NaN,NaN,NaN,NaN,NaN

INPUT,0.362884640693665,0.0363369025290012,0.766160488128662,0.147417634725571,3.0964207649231,1.44670152664185,K,15
OUTPUT,NaN,NaN,NaN,NaN,NaN,NaN

INPUT,0.366051942110062,0.0364667773246765,0.776236772537231,0.100034564733505,3.09361696243286,1.49288713932037,K,16
OUTPUT,NaN,NaN,NaN,NaN,NaN,NaN

INPUT,0.368515372276306,0.0365677922964096,0.784073829650879,0.0632245317101479,3.09150862693787,1.52885711193085,K,17
OUTPUT,NaN,NaN,NaN,NaN,NaN,NaN

INPUT,0.37027496099472,0.0366399437189102,0.789671778678894,0.0369511768221855,3.09004306793213,1.55457174777985,K,18
OUTPUT,NaN,NaN,NaN,NaN,NaN,NaN

INPUT,0.371330738067627,0.0366832353174686,0.793030560016632,0.0211942102760077,3.08918023109436,1.57000839710236,K,19
OUTPUT,NaN,NaN,NaN,NaN,NaN,NaN

INPUT,0.371682643890381,0.0366976670920849,0.794150114059448,0.015942957252264,3.08889555931091,1.575155377388,K,20
OUTPUT,NaN,NaN,NaN,NaN,NaN,NaN

INPUT,0.362902849912643,0.0353671908378601,0.721723079681396,-2.83793878555298,3.10994935035706,-1.97982442378998,K,11
OUTPUT,NaN,NaN,NaN,NaN,NaN,NaN

INPUT,0.368081033229828,0.0354654565453529,0.732958316802979,-2.88742828369141,3.10661244392395,-1.92836368083954,K,12
OUTPUT,NaN,NaN,NaN,NaN,NaN,NaN

INPUT,0.373259246349335,0.0355637222528458,0.744193553924561,-2.93709063529968,3.10336446762085,-1.87706971168518,K,13
OUTPUT,NaN,NaN,NaN,NaN,NaN,NaN

INPUT,0.378437459468842,0.0356619879603386,0.755428791046143,-2.98688220977783,3.1002140045166,-1.82589900493622,K,14
OUTPUT,NaN,NaN,NaN,NaN,NaN,NaN

INPUT,0.383615672588348,0.0357602499425411,0.766664028167725,-3.03677320480347,3.09716868400574,-1.77482104301453,K,15
OUTPUT,NaN,NaN,NaN,NaN,NaN,NaN

INPUT,0.388276040554047,0.0358486920595169,0.776775717735291,-3.08174252510071,3.0945246219635,-1.7289125919342,K,16
OUTPUT,NaN,NaN,NaN,NaN,NaN,NaN

INPUT,0.391900777816772,0.0359174758195877,0.784640431404114,-3.11675477027893,3.0925350189209,-1.69323861598969,K,17
OUTPUT,NaN,NaN,NaN,NaN,NaN,NaN

INPUT,0.394489884376526,0.0359666086733341,0.790258049964905,3.14140462875366,3.09115123748779,-1.66777193546295,K,18
OUTPUT,NaN,NaN,NaN,NaN,NaN,NaN

INPUT,0.396043360233307,0.0359960868954659,0.793628573417664,3.12638306617737,3.09033632278442,-1.65249717235565,K,19
OUTPUT,NaN,NaN,NaN,NaN,NaN,NaN

INPUT,0.396561175584793,0.0360059142112732,0.79475212097168,3.12137508392334,3.09006714820862,-1.64740633964539,K,20
OUTPUT,NaN,NaN,NaN,NaN,NaN,NaN

INPUT,0.350649386644363,0.0347328744828701,0.732630670070648,0.181471526622772,3.10292840003967,1.23052859306335,K,12
OUTPUT,NaN,NaN,NaN,NaN,NaN,NaN

INPUT,0.35399267077446,0.0347540751099586,0.74383133649826,0.125586867332458,3.09919619560242,1.28508126735687,K,13
OUTPUT,NaN,NaN,NaN,NaN,NaN,NaN

INPUT,0.357335895299911,0.0347752794623375,0.755031943321228,0.0698039308190346,3.09559345245361,1.33974421024323,K,14
OUTPUT,NaN,NaN,NaN,NaN,NaN,NaN

INPUT,0.360679149627686,0.034796480089426,0.766232550144196,0.0140966083854437,3.09213089942932,1.39449179172516,K,15
OUTPUT,NaN,NaN,NaN,NaN,NaN,NaN

INPUT,0.363688081502914,0.0348155647516251,0.776313126087189,-0.0359908863902092,3.0891432762146,1.44382154941559,K,16
OUTPUT,NaN,NaN,NaN,NaN,NaN,NaN

INPUT,0.366028368473053,0.0348304063081741,0.784153580665588,-0.0749223455786705,3.08690857887268,1.4822199344635,K,17
OUTPUT,NaN,NaN,NaN,NaN,NaN,NaN

INPUT,0.367700010538101,0.0348410047590733,0.789753913879395,-0.102719187736511,3.08536219596863,1.50966143608093,K,18
OUTPUT,NaN,NaN,NaN,NaN,NaN,NaN

INPUT,0.368702977895737,0.034847367554903,0.793114066123962,-0.119393274188042,3.08445501327515,1.52613151073456,K,19
OUTPUT,NaN,NaN,NaN,NaN,NaN,NaN

INPUT,0.369037300348282,0.0348494872450829,0.794234156608582,-0.124950781464577,3.08415603637695,1.53162240982056,K,20
OUTPUT,NaN,NaN,NaN,NaN,NaN,NaN

INPUT,0.357252329587936,0.0337021015584469,0.723665595054626,-3.08064317703247,3.13510847091675,-2.0153431892395,K,4
OUTPUT,NaN,NaN,NaN,NaN,NaN,NaN

INPUT,0.36298018693924,0.0335368514060974,0.73716127872467,3.11668300628662,3.13467860221863,-1.90924632549286,K,5
OUTPUT,NaN,NaN,NaN,NaN,NaN,NaN

INPUT,0.36870801448822,0.0333716049790382,0.75065690279007,3.02971601486206,3.13431143760681,-1.80425715446472,K,6
OUTPUT,NaN,NaN,NaN,NaN,NaN,NaN

INPUT,0.373163014650345,0.033243078738451,0.761153519153595,2.96151328086853,3.13407182693481,-1.72316038608551,K,7
OUTPUT,NaN,NaN,NaN,NaN,NaN,NaN

INPUT,0.376345157623291,0.033151276409626,0.768651068210602,2.91256737709045,3.1339259147644,-1.66546380519867,K,8
OUTPUT,NaN,NaN,NaN,NaN,NaN,NaN

INPUT,0.378254443407059,0.0330961942672729,0.773149609565735,2.8831250667572,3.13384890556335,-1.63092041015625,K,9
OUTPUT,NaN,NaN,NaN,NaN,NaN,NaN

INPUT,0.368033587932587,0.0346623510122299,0.73088139295578,-2.97720408439636,3.10274505615234,-1.94609975814819,K,5
OUTPUT,NaN,NaN,NaN,NaN,NaN,NaN

INPUT,0.375841736793518,0.0346911884844303,0.746506869792938,-3.06223225593567,3.09719920158386,-1.84922420978546,K,6
OUTPUT,NaN,NaN,NaN,NaN,NaN,NaN

INPUT,0.381914734840393,0.0347136147320271,0.758659958839417,-3.1292839050293,3.09313631057739,-1.77478039264679,K,7
OUTPUT,NaN,NaN,NaN,NaN,NaN,NaN

INPUT,0.386252582073212,0.0347296334803104,0.767340779304504,3.10565257072449,3.09038114547729,-1.72195291519165,K,8
OUTPUT,NaN,NaN,NaN,NaN,NaN,NaN

INPUT,0.388855308294296,0.0347392447292805,0.772549271583557,3.07658886909485,3.08879041671753,-1.69036734104156,K,9
OUTPUT,NaN,NaN,NaN,NaN,NaN,NaN

INPUT,0.37200254201889,0.0355283096432686,0.731374263763428,-2.9263641834259,3.10406708717346,-1.91007208824158,K,5
OUTPUT,NaN,NaN,NaN,NaN,NaN,NaN

INPUT,0.380472898483276,0.0357077457010746,0.746999800205231,-3.01007509231567,3.098712682724,-1.8144805431366,K,6
OUTPUT,NaN,NaN,NaN,NaN,NaN,NaN

INPUT,0.387060970067978,0.0358473025262356,0.759153008460999,-3.07610440254211,3.09478330612183,-1.74103879928589,K,7
OUTPUT,NaN,NaN,NaN,NaN,NaN,NaN

INPUT,0.391766726970673,0.0359469912946224,0.767833888530731,-3.12362432479858,3.09211444854736,-1.68892896175385,K,8
OUTPUT,NaN,NaN,NaN,NaN,NaN,NaN

INPUT,0.39459016919136,0.0360068008303642,0.773042440414429,3.13093423843384,3.09057140350342,-1.65777456760406,K,9
OUTPUT,NaN,NaN,NaN,NaN,NaN,NaN

INPUT,0.358805000782013,0.0361496210098267,0.723805248737335,-2.94260215759277,3.12677478790283,-2.02062630653381,K,4
OUTPUT,NaN,NaN,NaN,NaN,NaN,NaN

INPUT,0.364706873893738,0.0364335961639881,0.737178087234497,-3.0170361995697,3.124924659729,-1.92891097068787,K,5
OUTPUT,NaN,NaN,NaN,NaN,NaN,NaN

INPUT,0.370608747005463,0.0367175713181496,0.750550925731659,-3.09315538406372,3.12318873405457,-1.83887803554535,K,6
OUTPUT,NaN,NaN,NaN,NaN,NaN,NaN

INPUT,0.37519907951355,0.0369384400546551,0.760952055454254,3.13000226020813,3.12192511558533,-1.76967489719391,K,7
OUTPUT,NaN,NaN,NaN,NaN,NaN,NaN

INPUT,0.378477901220322,0.0370962023735046,0.768381416797638,3.08678793907166,3.12107229232788,-1.72058033943176,K,8
OUTPUT,NaN,NaN,NaN,NaN,NaN,NaN

INPUT,0.380445182323456,0.0371908619999886,0.77283900976181,3.06074666976929,3.12058138847351,-1.69123589992523,K,9
OUTPUT,NaN,NaN,NaN,NaN,NaN,NaN

INPUT,0.353135704994202,0.0377790853381157,0.735446810722351,0.0307906400412321,3.08228778839111,1.41104805469513,K,5
OUTPUT,NaN,NaN,NaN,NaN,NaN,NaN

INPUT,0.357792347669601,0.0382163785398006,0.749176621437073,-0.0671290904283524,3.07442808151245,1.52394926548004,K,6
OUTPUT,NaN,NaN,NaN,NaN,NaN,NaN

INPUT,0.361414194107056,0.0385564975440502,0.759855389595032,-0.144381105899811,3.06882405281067,1.61070549488068,K,7
OUTPUT,NaN,NaN,NaN,NaN,NaN,NaN

INPUT,0.364001244306564,0.0387994423508644,0.767483055591583,-0.199982523918152,3.06511735916138,1.67227268218994,K,8
OUTPUT,NaN,NaN,NaN,NaN,NaN,NaN

INPUT,0.365553468465805,0.0389452055096626,0.772059679031372,-0.233478829264641,3.06301808357239,1.70908522605896,K,9
OUTPUT,NaN,NaN,NaN,NaN,NaN,NaN

INPUT,0.363184094429016,0.0374578461050987,0.736802160739899,0.141381248831749,3.12679076194763,1.32472372055054,K,5
OUTPUT,NaN,NaN,NaN,NaN,NaN,NaN

INPUT,0.3690544962883,0.0378812178969383,0.750328958034515,0.0527305155992508,3.12435698509216,1.41670477390289,K,6
OUTPUT,NaN,NaN,NaN,NaN,NaN,NaN

INPUT,0.373620361089706,0.038210503757,0.76084977388382,-0.0165086463093758,3.12256002426147,1.48795938491821,K,7
OUTPUT,NaN,NaN,NaN,NaN,NaN,NaN

INPUT,0.376881688833237,0.0384457111358643,0.768364608287811,-0.0660729929804802,3.12133359909058,1.53874909877777,K,8
OUTPUT,NaN,NaN,NaN,NaN,NaN,NaN

INPUT,0.378838509321213,0.0385868325829506,0.772873520851135,-0.0958457887172699,3.12062191963196,1.56918942928314,K,9
OUTPUT,NaN,NaN,NaN,NaN,NaN,NaN

INPUT,0.358083844184875,0.0361152291297913,0.736206889152527,0.243428468704224,3.10358500480652,1.33841300010681,K,5
OUTPUT,NaN,NaN,NaN,NaN,NaN,NaN

INPUT,0.363358616828918,0.0363309532403946,0.749876439571381,0.161907106637955,3.09801816940308,1.42399609088898,K,6
OUTPUT,NaN,NaN,NaN,NaN,NaN,NaN

INPUT,0.367461204528809,0.036498736590147,0.760508298873901,0.0981747210025787,3.09389662742615,1.49024701118469,K,7
OUTPUT,NaN,NaN,NaN,NaN,NaN,NaN

INPUT,0.370391637086868,0.0366185829043388,0.768102467060089,0.0525243915617466,3.09107494354248,1.53744959831238,K,8
OUTPUT,NaN,NaN,NaN,NaN,NaN,NaN

INPUT,0.372149884700775,0.03669049218297,0.772659003734589,0.0250929594039917,3.08943367004395,1.5657331943512,K,9
OUTPUT,NaN,NaN,NaN,NaN,NaN,NaN

INPUT,0.356214255094528,0.0347267799079418,0.73616886138916,0.110593751072884,3.09987211227417,1.27383172512054,K,5
OUTPUT,NaN,NaN,NaN,NaN,NaN,NaN

INPUT,0.361240655183792,0.0347194448113441,0.749884247779846,0.0266664884984493,3.09387063980103,1.3674830198288,K,6
OUTPUT,NaN,NaN,NaN,NaN,NaN,NaN

INPUT,0.365150064229965,0.0347137376666069,0.760551750659943,-0.0393723398447037,3.08945989608765,1.43957769870758,K,7
OUTPUT,NaN,NaN,NaN,NaN,NaN,NaN

INPUT,0.36794251203537,0.0347096621990204,0.768171370029449,-0.0868375524878502,3.08645987510681,1.49078893661499,K,8
OUTPUT,NaN,NaN,NaN,NaN,NaN,NaN

INPUT,0.369617968797684,0.0347072184085846,0.772743165493011,-0.115412011742592,3.08472371101379,1.52142417430878,K,9
OUTPUT,NaN,NaN,NaN,NaN,NaN,NaN

INPUT,0.363570630550385,0.0332877077162266,0.721747875213623,-3.01916933059692,3.10489058494568,-2.05080795288086,K,11
OUTPUT,NaN,NaN,NaN,NaN,NaN,NaN

INPUT,0.36882671713829,0.033141165971756,0.732987344264984,-3.07556867599487,3.10109853744507,-1.9932758808136,K,12
OUTPUT,NaN,NaN,NaN,NaN,NaN,NaN

INPUT,0.374082773923874,0.0329946205019951,0.744226813316345,-3.13206768035889,3.09743785858154,-1.93583536148071,K,13
OUTPUT,NaN,NaN,NaN,NaN,NaN,NaN

INPUT,0.37933886051178,0.0328480787575245,0.755466282367706,3.09454321861267,3.09392046928406,-1.87846112251282,K,14
OUTPUT,NaN,NaN,NaN,NaN,NaN,NaN

INPUT,0.384594917297363,0.0327015370130539,0.766705751419067,3.0379102230072,3.09055781364441,-1.82113599777222,K,15
OUTPUT,NaN,NaN,NaN,NaN,NaN,NaN

INPUT,0.389325380325317,0.0325696468353271,0.776821315288544,2.98690032958984,3.0876727104187,-1.76957547664642,K,16
OUTPUT,NaN,NaN,NaN,NaN,NaN,NaN

INPUT,0.39300462603569,0.0324670672416687,0.784688949584961,2.94720411300659,3.08552622795105,-1.72948920726776,K,17
OUTPUT,NaN,NaN,NaN,NaN,NaN,NaN

INPUT,0.395632654428482,0.0323937945067883,0.790308654308319,2.91883945465088,3.08404731750488,-1.70086359977722,K,18
OUTPUT,NaN,NaN,NaN,NaN,NaN,NaN

INPUT,0.397209495306015,0.0323498323559761,0.793680489063263,2.90181708335876,3.08318257331848,-1.68369078636169,K,19
OUTPUT,NaN,NaN,NaN,NaN,NaN,NaN

INPUT,0.397735089063644,0.032335177063942,0.794804453849792,2.89614224433899,3.08289790153503,-1.67796683311462,K,20
OUTPUT,NaN,NaN,NaN,NaN,NaN,NaN

INPUT,0.3472660779953,0.0364368483424187,0.742587387561798,0.0631382241845131,3.07406854629517,1.10783910751343,K,13
OUTPUT,NaN,NaN,NaN,NaN,NaN,NaN

INPUT,0.349968135356903,0.0366181768476963,0.753670752048492,0.0131319956853986,3.0682201385498,1.15739452838898,K,14
OUTPUT,NaN,NaN,NaN,NaN,NaN,NaN

INPUT,0.352670162916183,0.0367995016276836,0.764754056930542,-0.0368521735072136,3.06255316734314,1.20699334144592,K,15
OUTPUT,NaN,NaN,NaN,NaN,NaN,NaN

INPUT,0.355102002620697,0.0369626916944981,0.774729013442993,-0.0818251743912697,3.05762004852295,1.25166356563568,K,16
OUTPUT,NaN,NaN,NaN,NaN,NaN,NaN

INPUT,0.356993407011032,0.0370896197855473,0.782487392425537,-0.116798982024193,3.05389904975891,1.2864248752594,K,17
OUTPUT,NaN,NaN,NaN,NaN,NaN,NaN

INPUT,0.358344435691833,0.0371802821755409,0.78802901506424,-0.14177830517292,3.05130624771118,1.31126320362091,K,18
OUTPUT,NaN,NaN,NaN,NaN,NaN,NaN

INPUT,0.359155029058456,0.0372346825897694,0.79135400056839,-0.156765446066856,3.0497772693634,1.32616949081421,K,19
OUTPUT,NaN,NaN,NaN,NaN,NaN,NaN

INPUT,0.359425246715546,0.037252813577652,0.792462348937988,-0.161761105060577,3.04927206039429,1.33113873004913,K,20
OUTPUT,NaN,NaN,NaN,NaN,NaN,NaN

INPUT,0.360033273696899,0.0347967632114887,0.733141005039215,0.236191734671593,3.13883471488953,1.19490790367126,K,12
OUTPUT,NaN,NaN,NaN,NaN,NaN,NaN

INPUT,0.364364773035049,0.0348247550427914,0.744394540786743,0.177085712552071,3.1384711265564,1.23669815063477,K,13
OUTPUT,NaN,NaN,NaN,NaN,NaN,NaN

INPUT,0.368696212768555,0.0348527505993843,0.755648016929626,0.119771271944046,3.1381151676178,1.28027975559235,K,14
OUTPUT,NaN,NaN,NaN,NaN,NaN,NaN

INPUT,0.373027712106705,0.034880742430687,0.766901552677155,0.0637188628315926,3.13776803016663,1.32512366771698,K,15
OUTPUT,NaN,NaN,NaN,NaN,NaN,NaN

INPUT,0.37692603468895,0.0349059328436852,0.777029752731323,0.0140671469271183,3.13746380805969,1.36627864837646,K,16
OUTPUT,NaN,NaN,NaN,NaN,NaN,NaN

INPUT,0.379958063364029,0.0349255278706551,0.784907221794128,-0.0241457019001245,3.13723278045654,1.39869320392609,K,17
OUTPUT,NaN,NaN,NaN,NaN,NaN,NaN

INPUT,0.382123798131943,0.0349395237863064,0.79053395986557,-0.0512610599398613,3.13707137107849,1.42202615737915,K,18
OUTPUT,NaN,NaN,NaN,NaN,NaN,NaN

INPUT,0.383423238992691,0.0349479243159294,0.793910026550293,-0.067467138171196,3.13697576522827,1.43608891963959,K,19
OUTPUT,NaN,NaN,NaN,NaN,NaN,NaN

INPUT,0.383856385946274,0.0349507220089436,0.795035362243652,-0.0728593468666077,3.13694405555725,1.44078636169434,K,20
OUTPUT,NaN,NaN,NaN,NaN,NaN,NaN

INPUT,0.354234844446182,0.0347637198865414,0.731938123703003,0.314765632152557,3.12044906616211,1.18883395195007,K,12
OUTPUT,NaN,NaN,NaN,NaN,NaN,NaN

INPUT,0.357955425977707,0.0347881987690926,0.7430659532547,0.267372578382492,3.11828970909119,1.2334349155426,K,13
OUTPUT,NaN,NaN,NaN,NaN,NaN,NaN

INPUT,0.361676007509232,0.0348126776516438,0.754193723201752,0.220213115215302,3.11617946624756,1.27827155590057,K,14
OUTPUT,NaN,NaN,NaN,NaN,NaN,NaN

INPUT,0.365396589040756,0.0348371565341949,0.765321493148804,0.173228517174721,3.11412310600281,1.3232855796814,K,15
OUTPUT,NaN,NaN,NaN,NaN,NaN,NaN

INPUT,0.368745148181915,0.0348591879010201,0.775336563587189,0.131058067083359,3.1123218536377,1.36391615867615,K,16
OUTPUT,NaN,NaN,NaN,NaN,NaN,NaN

INPUT,0.371349543333054,0.0348763205111027,0.783125996589661,0.0983199924230576,3.11095547676086,1.39558029174805,K,17
OUTPUT,NaN,NaN,NaN,NaN,NaN,NaN

INPUT,0.373209834098816,0.0348885618150234,0.788689911365509,0.0749633312225342,3.10999894142151,1.41822612285614,K,18
OUTPUT,NaN,NaN,NaN,NaN,NaN,NaN

INPUT,0.374326020479202,0.0348959043622017,0.792028248310089,0.0609593167901039,3.10943293571472,1.43182373046875,K,19
OUTPUT,NaN,NaN,NaN,NaN,NaN,NaN

INPUT,0.37469807267189,0.0348983518779278,0.793141007423401,0.0562928318977356,3.10924553871155,1.4363579750061,K,20
OUTPUT,NaN,NaN,NaN,NaN,NaN,NaN

INPUT,0.361855655908585,0.0342946462333202,0.733262717723846,-2.97803330421448,3.12287521362305,-1.92219114303589,K,12
OUTPUT,NaN,NaN,NaN,NaN,NaN,NaN

INPUT,0.366378635168076,0.0342695973813534,0.744529962539673,-3.03227114677429,3.12122488021851,-1.86530148983002,K,13
OUTPUT,NaN,NaN,NaN,NaN,NaN,NaN

INPUT,0.370901644229889,0.0342445485293865,0.755797147750854,-3.08670568466187,3.11963725090027,-1.80860638618469,K,14
OUTPUT,NaN,NaN,NaN,NaN,NaN,NaN

INPUT,0.37542462348938,0.03421950340271,0.767064392566681,-3.14129042625427,3.11811757087708,-1.75205993652344,K,15
OUTPUT,NaN,NaN,NaN,NaN,NaN,NaN

INPUT,0.379495322704315,0.0341969579458237,0.777204871177673,3.09266686439514,3.11681151390076,-1.7012677192688,K,16
OUTPUT,NaN,NaN,NaN,NaN,NaN,NaN

INPUT,0.382661402225494,0.0341794230043888,0.785091936588287,3.05432438850403,3.11583828926086,-1.66181600093842,K,17
OUTPUT,NaN,NaN,NaN,NaN,NaN,NaN

INPUT,0.38492289185524,0.0341669023036957,0.790725529193878,3.02691197395325,3.11516690254211,-1.63366043567657,K,18
OUTPUT,NaN,NaN,NaN,NaN,NaN,NaN

INPUT,0.386279791593552,0.0341593846678734,0.794105708599091,3.01045560836792,3.11477398872375,-1.61677587032318,K,19
OUTPUT,NaN,NaN,NaN,NaN,NaN,NaN

INPUT,0.38673210144043,0.0341568812727928,0.79523241519928,3.00496864318848,3.1146445274353,-1.61114919185638,K,20
OUTPUT,NaN,NaN,NaN,NaN,NaN,NaN

INPUT,0.372766971588135,0.033217690885067,0.73146378993988,-3.12036037445068,3.09841871261597,-1.97337317466736,K,5
OUTPUT,NaN,NaN,NaN,NaN,NaN,NaN

INPUT,0.381345808506012,0.0330026149749756,0.747078835964203,3.06789803504944,3.09237194061279,-1.8659735918045,K,6
OUTPUT,NaN,NaN,NaN,NaN,NaN,NaN

INPUT,0.388018220663071,0.0328353382647038,0.759223878383636,2.99311685562134,3.08801293373108,-1.78337013721466,K,7
OUTPUT,NaN,NaN,NaN,NaN,NaN,NaN

INPUT,0.392784208059311,0.0327158495783806,0.767898917198181,2.93933796882629,3.0851001739502,-1.72472035884857,K,8
OUTPUT,NaN,NaN,NaN,NaN,NaN,NaN

INPUT,0.395643830299377,0.032644160091877,0.773103892803192,2.90695405006409,3.08343768119812,-1.68964290618896,K,9
OUTPUT,NaN,NaN,NaN,NaN,NaN,NaN

INPUT,0.360048532485962,0.0348531454801559,0.735613465309143,0.262162864208221,3.11888098716736,1.23138093948364,K,5
OUTPUT,NaN,NaN,NaN,NaN,NaN,NaN

INPUT,0.365554839372635,0.0348825193941593,0.749127149581909,0.188014656305313,3.11528015136719,1.30513155460358,K,6
OUTPUT,NaN,NaN,NaN,NaN,NaN,NaN

INPUT,0.369837552309036,0.0349053665995598,0.759637773036957,0.130375131964684,3.11257767677307,1.36252892017365,K,7
OUTPUT,NaN,NaN,NaN,NaN,NaN,NaN

INPUT,0.372896641492844,0.0349216870963573,0.767145395278931,0.0892152711749077,3.11070585250854,1.40354120731354,K,8
OUTPUT,NaN,NaN,NaN,NaN,NaN,NaN

INPUT,0.374732077121735,0.034931480884552,0.771649956703186,0.0645231604576111,3.10960745811462,1.42815327644348,K,9
OUTPUT,NaN,NaN,NaN,NaN,NaN,NaN

INPUT,0.362410843372345,0.034361407160759,0.725289285182953,-2.96587800979614,3.12283945083618,-1.97411572933197,K,4
OUTPUT,NaN,NaN,NaN,NaN,NaN,NaN

INPUT,0.368707478046417,0.0343266949057579,0.738511443138123,-3.04657196998596,3.12042260169983,-1.8760586977005,K,5
OUTPUT,NaN,NaN,NaN,NaN,NaN,NaN

INPUT,0.375004172325134,0.0342919826507568,0.751733601093292,-3.12899827957153,3.11817336082458,-1.77972936630249,K,6
OUTPUT,NaN,NaN,NaN,NaN,NaN,NaN

INPUT,0.379901558160782,0.0342649891972542,0.762017428874969,3.08924293518066,3.11655163764954,-1.70563840866089,K,7
OUTPUT,NaN,NaN,NaN,NaN,NaN,NaN

INPUT,0.383399695158005,0.034245703369379,0.769363105297089,3.04251623153687,3.11546659469604,-1.65305280685425,K,8
OUTPUT,NaN,NaN,NaN,NaN,NaN,NaN

INPUT,0.385498583316803,0.034234132617712,0.773770451545715,3.01436805725098,3.11484622955322,-1.62161254882813,K,9
OUTPUT,NaN,NaN,NaN,NaN,NaN,NaN

INPUT,0.351536929607391,0.0364174209535122,0.741003274917603,0.0219140481203794,3.07203364372253,1.11711394786835,K,5
OUTPUT,NaN,NaN,NaN,NaN,NaN,NaN

INPUT,0.355031818151474,0.0366112589836121,0.752359211444855,-0.0431582368910313,3.0634765625,1.19517159461975,K,6
OUTPUT,NaN,NaN,NaN,NaN,NaN,NaN

INPUT,0.357750087976456,0.0367620214819908,0.761191546916962,-0.0946771055459976,3.05709362030029,1.25500810146332,K,7
OUTPUT,NaN,NaN,NaN,NaN,NaN,NaN

INPUT,0.359691679477692,0.0368697084486485,0.767500400543213,-0.131844833493233,3.05269241333008,1.29739797115326,K,8
OUTPUT,NaN,NaN,NaN,NaN,NaN,NaN

INPUT,0.360856652259827,0.0369343236088753,0.771285712718964,-0.154268175363541,3.05011868476868,1.32271635532379,K,9
OUTPUT,NaN,NaN,NaN,NaN,NaN,NaN

INPUT,0.352852910757065,0.0342122837901115,0.732985496520996,0.326930075883865,3.12200355529785,1.15636944770813,K,12
OUTPUT,NaN,NaN,NaN,NaN,NaN,NaN

INPUT,0.356427311897278,0.0341785103082657,0.744224846363068,0.281676113605499,3.11997628211975,1.19841110706329,K,13
OUTPUT,NaN,NaN,NaN,NaN,NaN,NaN

INPUT,0.360001742839813,0.0341447368264198,0.755464196205139,0.236694261431694,3.11799025535583,1.24072682857513,K,14
OUTPUT,NaN,NaN,NaN,NaN,NaN,NaN

INPUT,0.363576143980026,0.034110963344574,0.766703546047211,0.191916272044182,3.11604905128479,1.28324830532074,K,15
OUTPUT,NaN,NaN,NaN,NaN,NaN,NaN

INPUT,0.366793125867844,0.0340805687010288,0.776818990707397,0.151751145720482,3.1143434047699,1.32165443897247,K,16
OUTPUT,NaN,NaN,NaN,NaN,NaN,NaN

INPUT,0.369295209646225,0.0340569242835045,0.784686505794525,0.12058275192976,3.11304569244385,1.35159850120544,K,17
OUTPUT,NaN,NaN,NaN,NaN,NaN,NaN

INPUT,0.371082425117493,0.0340400375425816,0.790306210517883,0.0983521267771721,3.11213493347168,1.37302017211914,K,18
OUTPUT,NaN,NaN,NaN,NaN,NaN,NaN

INPUT,0.372154742479324,0.03402990847826,0.793677985668182,0.0850253403186798,3.11159539222717,1.38588500022888,K,19
OUTPUT,NaN,NaN,NaN,NaN,NaN,NaN

INPUT,0.372512191534042,0.0340265296399593,0.794801950454712,0.0805848389863968,3.11141657829285,1.39017522335052,K,20
OUTPUT,NaN,NaN,NaN,NaN,NaN,NaN

INPUT,0.36080926656723,0.0346781387925148,0.721801519393921,-2.89579606056213,3.11184597015381,-1.99374425411224,K,11
OUTPUT,NaN,NaN,NaN,NaN,NaN,NaN

INPUT,0.365741074085236,0.0346953682601452,0.733045876026154,-2.94793629646301,3.10874438285828,-1.93976652622223,K,12
OUTPUT,NaN,NaN,NaN,NaN,NaN,NaN

INPUT,0.370672881603241,0.0347126014530659,0.744290292263031,-3.00023579597473,3.10573506355286,-1.88594269752502,K,13
OUTPUT,NaN,NaN,NaN,NaN,NaN,NaN

INPUT,0.375604659318924,0.034729827195406,0.755534648895264,-3.05265426635742,3.1028265953064,-1.83223235607147,K,14
OUTPUT,NaN,NaN,NaN,NaN,NaN,NaN

INPUT,0.380536466836929,0.0347470566630363,0.766779005527496,-3.10516452789307,3.10002732276917,-1.77860772609711,K,15
OUTPUT,NaN,NaN,NaN,NaN,NaN,NaN

INPUT,0.384975105524063,0.0347625650465488,0.776898920536041,3.13069939613342,3.09760761260986,-1.7304025888443,K,16
OUTPUT,NaN,NaN,NaN,NaN,NaN,NaN

INPUT,0.388427376747131,0.034774623811245,0.784770011901855,3.0938606262207,3.09579491615295,-1.6929395198822,K,17
OUTPUT,NaN,NaN,NaN,NaN,NaN,NaN

INPUT,0.390893280506134,0.0347832404077053,0.790392160415649,3.06753158569336,3.09453845024109,-1.66619384288788,K,18
OUTPUT,NaN,NaN,NaN,NaN,NaN,NaN

INPUT,0.392372816801071,0.0347884111106396,0.793765485286713,3.05172872543335,3.09380054473877,-1.65015137195587,K,19
OUTPUT,NaN,NaN,NaN,NaN,NaN,NaN

INPUT,0.392865985631943,0.0347901321947575,0.7948899269104,3.04646039009094,3.09355711936951,-1.64480459690094,K,20
OUTPUT,NaN,NaN,NaN,NaN,NaN,NaN

INPUT,0.360457837581635,0.0351256094872952,0.732555031776428,-3.03477454185486,3.13641810417175,-1.90798604488373,K,12
OUTPUT,NaN,NaN,NaN,NaN,NaN,NaN

INPUT,0.36483359336853,0.0351881124079227,0.743747770786285,-3.08958721160889,3.13604640960693,-1.8442097902298,K,13
OUTPUT,NaN,NaN,NaN,NaN,NaN,NaN

INPUT,0.369209319353104,0.0352506153285503,0.754940509796143,3.13823556900024,3.13569402694702,-1.78098356723785,K,14
OUTPUT,NaN,NaN,NaN,NaN,NaN,NaN

INPUT,0.373585075139999,0.0353131182491779,0.766133189201355,3.08244132995605,3.13536238670349,-1.71818888187408,K,15
OUTPUT,NaN,NaN,NaN,NaN,NaN,NaN

INPUT,0.377523273229599,0.035369373857975,0.77620667219162,3.03193068504333,3.13508248329163,-1.66196918487549,K,16
OUTPUT,NaN,NaN,NaN,NaN,NaN,NaN

INPUT,0.380586296319962,0.0354131273925304,0.784041583538055,2.99248480796814,3.13487768173218,-1.61840283870697,K,17
OUTPUT,NaN,NaN,NaN,NaN,NaN,NaN

INPUT,0.382774174213409,0.0354443788528442,0.789637923240662,2.96423530578613,3.13473844528198,-1.58735752105713,K,18
OUTPUT,NaN,NaN,NaN,NaN,NaN,NaN

INPUT,0.38408687710762,0.0354631282389164,0.792995750904083,2.94725942611694,3.13465762138367,-1.56875681877136,K,19
OUTPUT,NaN,NaN,NaN,NaN,NaN,NaN

INPUT,0.384524464607239,0.0354693792760372,0.794115006923676,2.94159626960754,3.13463115692139,-1.56256079673767,K,20
OUTPUT,NaN,NaN,NaN,NaN,NaN,NaN

INPUT,0.369514942169189,0.03475646302104,0.731369256973267,-2.98938226699829,3.10636687278748,-1.92100322246552,K,5
OUTPUT,NaN,NaN,NaN,NaN,NaN,NaN

INPUT,0.377577155828476,0.0348014235496521,0.747045040130615,-3.07733750343323,3.1014301776886,-1.82049965858459,K,6
OUTPUT,NaN,NaN,NaN,NaN,NaN,NaN

INPUT,0.383847773075104,0.0348363928496838,0.759237289428711,3.13648271560669,3.09783411026001,-1.74327325820923,K,7
OUTPUT,NaN,NaN,NaN,NaN,NaN,NaN

INPUT,0.38832676410675,0.0348613709211349,0.767946004867554,3.08656787872314,3.09540772438049,-1.6884731054306,K,8
OUTPUT,NaN,NaN,NaN,NaN,NaN,NaN

INPUT,0.391014188528061,0.0348763577640057,0.773171246051788,3.05650043487549,3.09401202201843,-1.65570890903473,K,9
OUTPUT,NaN,NaN,NaN,NaN,NaN,NaN

INPUT,0.358526408672333,0.0342478342354298,0.736819803714752,0.278412669897079,3.12056469917297,1.19815170764923,K,5
OUTPUT,NaN,NaN,NaN,NaN,NaN,NaN

INPUT,0.363777816295624,0.0341856516897678,0.750496625900269,0.206944480538368,3.11716079711914,1.26702487468719,K,6
OUTPUT,NaN,NaN,NaN,NaN,NaN,NaN

INPUT,0.36786225438118,0.0341372862458229,0.761134207248688,0.151579082012177,3.11459565162659,1.32081758975983,K,7
OUTPUT,NaN,NaN,NaN,NaN,NaN,NaN

INPUT,0.370779693126678,0.0341027416288853,0.76873242855072,0.112115867435932,3.11281204223633,1.35932683944702,K,8
OUTPUT,NaN,NaN,NaN,NaN,NaN,NaN

INPUT,0.372530162334442,0.0340820141136646,0.773291409015656,0.0884646475315094,3.1117627620697,1.38246011734009,K,9
OUTPUT,NaN,NaN,NaN,NaN,NaN,NaN

INPUT,0.363090842962265,0.0348646938800812,0.733223497867584,-2.90519690513611,3.12342762947083,-1.86131942272186,K,12
OUTPUT,NaN,NaN,NaN,NaN,NaN,NaN

INPUT,0.367743670940399,0.0348998084664345,0.744486331939697,-2.95846271514893,3.12182116508484,-1.80471801757813,K,13
OUTPUT,NaN,NaN,NaN,NaN,NaN,NaN

INPUT,0.372396498918533,0.0349349230527878,0.75574916601181,-3.01197600364685,3.12027430534363,-1.74836254119873,K,14
OUTPUT,NaN,NaN,NaN,NaN,NaN,NaN

INPUT,0.377049297094345,0.0349700376391411,0.767012000083923,-3.06567907333374,3.1187915802002,-1.69219481945038,K,15
OUTPUT,NaN,NaN,NaN,NaN,NaN,NaN

INPUT,0.381236851215363,0.0350016430020332,0.777148604393005,-3.11413931846619,3.11751580238342,-1.64177012443542,K,16
OUTPUT,NaN,NaN,NaN,NaN,NaN,NaN

INPUT,0.384493827819824,0.0350262224674225,0.785032570362091,3.13128614425659,3.11656427383423,-1.60261821746826,K,17
OUTPUT,NaN,NaN,NaN,NaN,NaN,NaN

INPUT,0.38682022690773,0.0350437797605991,0.790663957595825,3.10428333282471,3.11590695381165,-1.57468354701996,K,18
OUTPUT,NaN,NaN,NaN,NaN,NaN,NaN

INPUT,0.388216078281403,0.0350543148815632,0.794042825698853,3.08807039260864,3.1155219078064,-1.55793368816376,K,19
OUTPUT,NaN,NaN,NaN,NaN,NaN,NaN

INPUT,0.388681352138519,0.0350578278303146,0.795169115066528,3.08266448974609,3.11539506912231,-1.5523521900177,K,20
OUTPUT,NaN,NaN,NaN,NaN,NaN,NaN

INPUT,0.360715001821518,0.0351390168070793,0.723740220069885,-3.02044987678528,3.13568449020386,-1.96194517612457,K,4
OUTPUT,NaN,NaN,NaN,NaN,NaN,NaN

INPUT,0.366981387138367,0.0352337881922722,0.737074851989746,-3.1040780544281,3.13532543182373,-1.85484683513641,K,5
OUTPUT,NaN,NaN,NaN,NaN,NaN,NaN

INPUT,0.373247772455215,0.0353285558521748,0.750409483909607,3.09429669380188,3.13502240180969,-1.74893069267273,K,6
OUTPUT,NaN,NaN,NaN,NaN,NaN,NaN

INPUT,0.378121614456177,0.0354022681713104,0.760780870914459,3.02773308753967,3.13482761383057,-1.66715097427368,K,7
OUTPUT,NaN,NaN,NaN,NaN,NaN,NaN

INPUT,0.381602942943573,0.0354549176990986,0.768189013004303,2.9799439907074,3.13471078872681,-1.60898053646088,K,8
OUTPUT,NaN,NaN,NaN,NaN,NaN,NaN

INPUT,0.383691728115082,0.0354865081608295,0.772633850574493,2.95119190216064,3.13464999198914,-1.5741571187973,K,9
OUTPUT,NaN,NaN,NaN,NaN,NaN,NaN

INPUT,0.348912328481674,0.0305729676038027,0.743557691574097,0.479099810123444,3.05981612205505,1.36358392238617,K,13
OUTPUT,NaN,NaN,NaN,NaN,NaN,NaN

INPUT,0.351771861314774,0.0301958844065666,0.754732310771942,0.436437755823135,3.0525324344635,1.40524554252625,K,14
OUTPUT,NaN,NaN,NaN,NaN,NaN,NaN

INPUT,0.354631364345551,0.0298187993466854,0.765906929969788,0.393836915493011,3.04540681838989,1.44699585437775,K,15
OUTPUT,NaN,NaN,NaN,NaN,NaN,NaN

INPUT,0.35720494389534,0.0294794235378504,0.775964081287384,0.355533987283707,3.03913950920105,1.48463308811188,K,16
OUTPUT,NaN,NaN,NaN,NaN,NaN,NaN

INPUT,0.35920661687851,0.0292154643684626,0.783786296844482,0.325761169195175,3.03436660766602,1.51394152641296,K,17
OUTPUT,NaN,NaN,NaN,NaN,NaN,NaN

INPUT,0.360636383295059,0.029026921838522,0.789373576641083,0.30450239777565,3.03101420402527,1.53489303588867,K,18
OUTPUT,NaN,NaN,NaN,NaN,NaN,NaN

INPUT,0.361494243144989,0.0289137978106737,0.79272598028183,0.291749686002731,3.02902626991272,1.54746997356415,K,19
OUTPUT,NaN,NaN,NaN,NaN,NaN,NaN

INPUT,0.361780196428299,0.0288760885596275,0.793843448162079,0.287499129772186,3.02836751937866,1.55166327953339,K,20
OUTPUT,NaN,NaN,NaN,NaN,NaN,NaN

INPUT,0.359975516796112,0.0356852971017361,0.721193969249725,-2.84490323066711,3.11292743682861,-2.08753156661987,K,11
OUTPUT,NaN,NaN,NaN,NaN,NaN,NaN

INPUT,0.364809215068817,0.035821046680212,0.732366859912872,-2.88858532905579,3.10986089706421,-2.04212045669556,K,12
OUTPUT,NaN,NaN,NaN,NaN,NaN,NaN

INPUT,0.369642943143845,0.035956796258688,0.743539750576019,-2.93242049217224,3.10685706138611,-1.99685871601105,K,13
OUTPUT,NaN,NaN,NaN,NaN,NaN,NaN

INPUT,0.37447664141655,0.0360925458371639,0.754712641239166,-2.97637057304382,3.10392212867737,-1.95170700550079,K,14
OUTPUT,NaN,NaN,NaN,NaN,NaN,NaN

INPUT,0.379310369491577,0.0362282954156399,0.765885531902313,-3.02040886878967,3.10106205940247,-1.90663874149323,K,15
OUTPUT,NaN,NaN,NaN,NaN,NaN,NaN

INPUT,0.383660703897476,0.0363504737615585,0.775941133499146,-3.06010317802429,3.09855651855469,-1.86613285541534,K,16
OUTPUT,NaN,NaN,NaN,NaN,NaN,NaN

INPUT,0.387044310569763,0.0364454984664917,0.783762156963348,-3.09100890159607,3.09665536880493,-1.83465778827667,K,17
OUTPUT,NaN,NaN,NaN,NaN,NaN,NaN

INPUT,0.389461159706116,0.0365133732557297,0.789348602294922,-3.11309957504272,3.09532403945923,-1.81218886375427,K,18
OUTPUT,NaN,NaN,NaN,NaN,NaN,NaN

INPUT,0.390911281108856,0.0365540981292725,0.792700469493866,-3.12635922431946,3.09453630447388,-1.79871237277985,K,19
OUTPUT,NaN,NaN,NaN,NaN,NaN,NaN

INPUT,0.391394644975662,0.0365676730871201,0.793817758560181,-3.13077998161316,3.09427547454834,-1.79422092437744,K,20
OUTPUT,NaN,NaN,NaN,NaN,NaN,NaN

INPUT,0.350562304258347,0.0354660227894783,0.732732653617859,0.286117553710938,3.10741138458252,1.1792494058609,K,12
OUTPUT,NaN,NaN,NaN,NaN,NaN,NaN

INPUT,0.353895604610443,0.0355642437934875,0.743945300579071,0.238212957978249,3.10399007797241,1.22535955905914,K,13
OUTPUT,NaN,NaN,NaN,NaN,NaN,NaN

INPUT,0.35722890496254,0.0356624610722065,0.755157887935638,0.190453618764877,3.10065197944641,1.27162110805511,K,14
OUTPUT,NaN,NaN,NaN,NaN,NaN,NaN

INPUT,0.360562205314636,0.0357606783509254,0.766370534896851,0.142802625894547,3.09740400314331,1.31799721717834,K,15
OUTPUT,NaN,NaN,NaN,NaN,NaN,NaN

INPUT,0.363562166690826,0.0358490757644176,0.776461899280548,0.0999880880117416,3.09456443786621,1.35981285572052,K,16
OUTPUT,NaN,NaN,NaN,NaN,NaN,NaN

INPUT,0.365895479917526,0.0359178297221661,0.784310758113861,0.0667254030704498,3.09241366386414,1.39237749576569,K,17
OUTPUT,NaN,NaN,NaN,NaN,NaN,NaN

INPUT,0.367562115192413,0.0359669402241707,0.789917051792145,0.0429832562804222,3.09090971946716,1.41565692424774,K,18
OUTPUT,NaN,NaN,NaN,NaN,NaN,NaN

INPUT,0.36856210231781,0.0359964035451412,0.793280839920044,0.0287440158426762,3.09002089500427,1.42963135242462,K,19
OUTPUT,NaN,NaN,NaN,NaN,NaN,NaN

INPUT,0.368895441293716,0.0360062271356583,0.794402122497559,0.0239984430372715,3.08972692489624,1.43429052829742,K,20
OUTPUT,NaN,NaN,NaN,NaN,NaN,NaN

INPUT,0.35276660323143,0.0370405316352844,0.733279407024384,0.236522749066353,3.11496806144714,1.23001742362976,K,12
OUTPUT,NaN,NaN,NaN,NaN,NaN,NaN

INPUT,0.356332182884216,0.0373043827712536,0.744549870491028,0.183043926954269,3.1123309135437,1.28111124038696,K,13
OUTPUT,NaN,NaN,NaN,NaN,NaN,NaN

INPUT,0.359897792339325,0.0375682301819324,0.755820274353027,0.129757836461067,3.10977387428284,1.33240163326263,K,14
OUTPUT,NaN,NaN,NaN,NaN,NaN,NaN

INPUT,0.363463401794434,0.0378320813179016,0.767090737819672,0.0766158998012543,3.10730361938477,1.3838404417038,K,15
OUTPUT,NaN,NaN,NaN,NaN,NaN,NaN

INPUT,0.366672426462173,0.0380695462226868,0.777234137058258,0.0288832485675812,3.10516047477722,1.43023431301117,K,16
OUTPUT,NaN,NaN,NaN,NaN,NaN,NaN

INPUT,0.369168341159821,0.0382542386651039,0.785123467445374,-0.0081921573728323,3.10354900360107,1.46637082099915,K,17
OUTPUT,NaN,NaN,NaN,NaN,NaN,NaN

INPUT,0.370951145887375,0.0383861623704433,0.790758669376373,-0.0346519015729427,3.10242891311646,1.49220669269562,K,18
OUTPUT,NaN,NaN,NaN,NaN,NaN,NaN

INPUT,0.372020840644836,0.0384653173387051,0.794139802455902,-0.0505196265876293,3.10176968574524,1.50771677494049,K,19
OUTPUT,NaN,NaN,NaN,NaN,NaN,NaN

INPUT,0.372377395629883,0.0384917035698891,0.79526686668396,-0.0558075606822968,3.1015522480011,1.51288819313049,K,20
OUTPUT,NaN,NaN,NaN,NaN,NaN,NaN

INPUT,0.362659424543381,0.0347109921276569,0.732765734195709,-2.98024821281433,3.12647366523743,-1.99074113368988,K,12
OUTPUT,NaN,NaN,NaN,NaN,NaN,NaN

INPUT,0.367266267538071,0.0347297228872776,0.743981838226318,-3.03074216842651,3.12514305114746,-1.93709242343903,K,13
OUTPUT,NaN,NaN,NaN,NaN,NaN,NaN

INPUT,0.371873110532761,0.0347484536468983,0.755198001861572,-3.08146929740906,3.12385725975037,-1.88367605209351,K,14
OUTPUT,NaN,NaN,NaN,NaN,NaN,NaN

INPUT,0.376479923725128,0.0347671844065189,0.766414165496826,-3.13237595558167,3.12261939048767,-1.83043789863586,K,15
OUTPUT,NaN,NaN,NaN,NaN,NaN,NaN

INPUT,0.380626082420349,0.0347840413451195,0.776508748531342,3.10487198829651,3.12154912948608,-1.78264367580414,K,16
OUTPUT,NaN,NaN,NaN,NaN,NaN,NaN

INPUT,0.383850872516632,0.0347971543669701,0.78436005115509,3.06907796859741,3.12074708938599,-1.7455347776413,K,17
OUTPUT,NaN,NaN,NaN,NaN,NaN,NaN

INPUT,0.386154294013977,0.0348065197467804,0.789968132972717,3.04348087310791,3.12019085884094,-1.7190580368042,K,18
OUTPUT,NaN,NaN,NaN,NaN,NaN,NaN

INPUT,0.387536346912384,0.0348121374845505,0.793332934379578,3.02811193466187,3.11986422538757,-1.70318269729614,K,19
OUTPUT,NaN,NaN,NaN,NaN,NaN,NaN

INPUT,0.387997031211853,0.0348140113055706,0.794454574584961,3.02298712730408,3.11975646018982,-1.69789254665375,K,20
OUTPUT,NaN,NaN,NaN,NaN,NaN,NaN

INPUT,0.34719529747963,0.0374846011400223,0.732826769351959,0.220805212855339,3.08813405036926,1.17000198364258,K,12
OUTPUT,NaN,NaN,NaN,NaN,NaN,NaN

INPUT,0.350175142288208,0.0377953462302685,0.744048178195953,0.170364692807198,3.0829017162323,1.21951067447662,K,13
OUTPUT,NaN,NaN,NaN,NaN,NaN,NaN

INPUT,0.353154987096786,0.0381060913205147,0.755269527435303,0.11999199539423,3.07781577110291,1.2691023349762,K,14
OUTPUT,NaN,NaN,NaN,NaN,NaN,NaN

INPUT,0.356134831905365,0.0384168364107609,0.766490876674652,0.0696682333946228,3.07288908958435,1.31875896453857,K,15
OUTPUT,NaN,NaN,NaN,NaN,NaN,NaN

INPUT,0.358816713094711,0.0386965051293373,0.77659010887146,0.0244075749069452,3.06860136985779,1.36349475383759,K,16
OUTPUT,NaN,NaN,NaN,NaN,NaN,NaN

INPUT,0.360902607440948,0.0389140285551548,0.784445106983185,-0.0107799302786589,3.06536817550659,1.39831411838531,K,17
OUTPUT,NaN,NaN,NaN,NaN,NaN,NaN

INPUT,0.362392514944077,0.0390693992376328,0.790055811405182,-0.0359072461724281,3.06311559677124,1.42319703102112,K,18
OUTPUT,NaN,NaN,NaN,NaN,NaN,NaN

INPUT,0.363286465406418,0.0391626209020615,0.793422222137451,-0.0509812980890274,3.06178760528564,1.43813097476959,K,19
OUTPUT,NaN,NaN,NaN,NaN,NaN,NaN

INPUT,0.363584458827972,0.0391936972737312,0.794544339179993,-0.0560056008398533,3.0613489151001,1.44310963153839,K,20
OUTPUT,NaN,NaN,NaN,NaN,NaN,NaN

INPUT,0.358179092407227,0.0352848470211029,0.733090400695801,0.301704704761505,3.14067673683167,1.31256306171417,K,12
OUTPUT,NaN,NaN,NaN,NaN,NaN,NaN

INPUT,0.362314283847809,0.0353639423847198,0.744340777397156,0.210620850324631,3.14048647880554,1.32786524295807,K,13
OUTPUT,NaN,NaN,NaN,NaN,NaN,NaN

INPUT,0.366449475288391,0.0354430414736271,0.755591034889221,0.130621522665024,3.14029812812805,1.35425186157227,K,14
OUTPUT,NaN,NaN,NaN,NaN,NaN,NaN

INPUT,0.370584666728973,0.0355221405625343,0.766841351985931,0.0573910735547543,3.14011287689209,1.38740742206573,K,15
OUTPUT,NaN,NaN,NaN,NaN,NaN,NaN

INPUT,0.374306321144104,0.0355933308601379,0.776966691017151,-0.00468812976032495,3.13994932174683,1.42107570171356,K,16
OUTPUT,NaN,NaN,NaN,NaN,NaN,NaN

INPUT,0.377200961112976,0.0356486961245537,0.784841895103455,-0.0511706173419952,3.13982439041138,1.44906342029572,K,17
OUTPUT,NaN,NaN,NaN,NaN,NaN,NaN

INPUT,0.379268556833267,0.0356882475316525,0.790467023849487,-0.0836162865161896,3.13973665237427,1.46981072425842,K,18
OUTPUT,NaN,NaN,NaN,NaN,NaN,NaN

INPUT,0.380509108304977,0.0357119776308537,0.793842136859894,-0.102826625108719,3.13968443870544,1.48251628875732,K,19
OUTPUT,NaN,NaN,NaN,NaN,NaN,NaN

INPUT,0.380922615528107,0.0357198864221573,0.794967174530029,-0.109191000461578,3.13966727256775,1.48679029941559,K,20
OUTPUT,NaN,NaN,NaN,NaN,NaN,NaN

INPUT,0.36387625336647,0.0348763950169086,0.725767076015472,-2.893963098526,3.12326049804688,-1.91350090503693,K,4
OUTPUT,NaN,NaN,NaN,NaN,NaN,NaN

INPUT,0.370303869247437,0.0349325872957706,0.738845884799957,-2.9730076789856,3.12094283103943,-1.81580519676208,K,5
OUTPUT,NaN,NaN,NaN,NaN,NaN,NaN

INPUT,0.376731514930725,0.0349887795746326,0.751924753189087,-3.05388402938843,3.1187846660614,-1.71993744373322,K,6
OUTPUT,NaN,NaN,NaN,NaN,NaN,NaN

INPUT,0.381730765104294,0.0350324884057045,0.762097179889679,-3.11767601966858,3.11722779273987,-1.64625871181488,K,7
OUTPUT,NaN,NaN,NaN,NaN,NaN,NaN

INPUT,0.385301649570465,0.0350637063384056,0.769363164901733,3.11958312988281,3.11618518829346,-1.59399020671844,K,8
OUTPUT,NaN,NaN,NaN,NaN,NaN,NaN

INPUT,0.387444198131561,0.0350824370980263,0.773722767829895,3.0919075012207,3.11558890342712,-1.56274843215942,K,9
OUTPUT,NaN,NaN,NaN,NaN,NaN,NaN

INPUT,0.36848658323288,0.035892941057682,0.73056823015213,-2.9226975440979,3.10745787620544,-2.02570724487305,K,5
OUTPUT,NaN,NaN,NaN,NaN,NaN,NaN

INPUT,0.376392960548401,0.0361321642994881,0.746146142482758,-2.99668002128601,3.10248875617981,-1.94145846366882,K,6
OUTPUT,NaN,NaN,NaN,NaN,NaN,NaN

INPUT,0.382542341947556,0.0363182239234447,0.758262276649475,-3.05503416061401,3.09879064559937,-1.87673354148865,K,7
OUTPUT,NaN,NaN,NaN,NaN,NaN,NaN

INPUT,0.386934787034988,0.0364511236548424,0.766916692256927,-3.0970311164856,3.09624743461609,-1.83081102371216,K,8
OUTPUT,NaN,NaN,NaN,NaN,NaN,NaN

INPUT,0.389570236206055,0.036530863493681,0.77210932970047,-3.1223316192627,3.0947630405426,-1.8033572435379,K,9
OUTPUT,NaN,NaN,NaN,NaN,NaN,NaN

INPUT,0.356087327003479,0.0356306061148643,0.736318826675415,0.229523286223412,3.10456776618958,1.2199455499649,K,5
OUTPUT,NaN,NaN,NaN,NaN,NaN,NaN

INPUT,0.361071407794952,0.0357747860252857,0.750038504600525,0.155900403857231,3.09900212287903,1.29745984077454,K,6
OUTPUT,NaN,NaN,NaN,NaN,NaN,NaN

INPUT,0.364947915077209,0.0358869284391403,0.760709345340729,0.0983176901936531,3.09483957290649,1.35744059085846,K,7
OUTPUT,NaN,NaN,NaN,NaN,NaN,NaN

INPUT,0.36771684885025,0.0359670296311378,0.768331408500671,0.0570625551044941,3.09196424484253,1.40016603469849,K,8
OUTPUT,NaN,NaN,NaN,NaN,NaN,NaN

INPUT,0.369378209114075,0.0360150896012783,0.772904634475708,0.0322689414024353,3.09028100967407,1.42576360702515,K,9
OUTPUT,NaN,NaN,NaN,NaN,NaN,NaN

INPUT,0.358528524637222,0.0373341217637062,0.737139105796814,0.171605676412582,3.11298012733459,1.27322137355804,K,5
OUTPUT,NaN,NaN,NaN,NaN,NaN,NaN

INPUT,0.363801896572113,0.0377347767353058,0.750870883464813,0.0902388319373131,3.1086528301239,1.35999298095703,K,6
OUTPUT,NaN,NaN,NaN,NaN,NaN,NaN

INPUT,0.367903381586075,0.0380463972687721,0.761551141738892,0.0265123825520277,3.10544633865356,1.42704856395721,K,7
OUTPUT,NaN,NaN,NaN,NaN,NaN,NaN

INPUT,0.370833039283752,0.0382689796388149,0.769179940223694,-0.0191760938614607,3.10324954986572,1.47478067874908,K,8
OUTPUT,NaN,NaN,NaN,NaN,NaN,NaN

INPUT,0.372590810060501,0.0384025312960148,0.77375715970993,-0.0466436147689819,3.10197138786316,1.50336718559265,K,9
OUTPUT,NaN,NaN,NaN,NaN,NaN,NaN

INPUT,0.363101631402969,0.0347492881119251,0.724661827087402,-2.96850681304932,3.12625074386597,-2.03902626037598,K,4
OUTPUT,NaN,NaN,NaN,NaN,NaN,NaN

INPUT,0.369576811790466,0.0347800999879837,0.73784351348877,-3.04384231567383,3.12435483932495,-1.94685304164886,K,5
OUTPUT,NaN,NaN,NaN,NaN,NaN,NaN

INPUT,0.376051992177963,0.0348109118640423,0.751025259494781,-3.12080502510071,3.12257885932922,-1.85630440711975,K,6
OUTPUT,NaN,NaN,NaN,NaN,NaN,NaN

INPUT,0.381088227033615,0.034834872931242,0.761277675628662,3.10172343254089,3.12128877639771,-1.7866724729538,K,7
OUTPUT,NaN,NaN,NaN,NaN,NaN,NaN

INPUT,0.384685546159744,0.0348519906401634,0.768600821495056,3.05807089805603,3.12041926383972,-1.73726081848145,K,8
OUTPUT,NaN,NaN,NaN,NaN,NaN,NaN

INPUT,0.386843949556351,0.0348622612655163,0.772994756698608,3.03177046775818,3.11991930007935,-1.70772242546082,K,9
OUTPUT,NaN,NaN,NaN,NaN,NaN,NaN

INPUT,0.352525383234024,0.0378093644976616,0.736206114292145,0.157266646623611,3.08351969718933,1.20990133285522,K,5
OUTPUT,NaN,NaN,NaN,NaN,NaN,NaN

INPUT,0.35708287358284,0.038275420665741,0.750031054019928,0.0812845379114151,3.07514619827271,1.29461288452148,K,6
OUTPUT,NaN,NaN,NaN,NaN,NaN,NaN

INPUT,0.360627621412277,0.0386379063129425,0.760783731937408,0.0214919429272413,3.0689263343811,1.35983431339264,K,7
OUTPUT,NaN,NaN,NaN,NaN,NaN,NaN

INPUT,0.363159567117691,0.0388968251645565,0.768464267253876,-0.0214891918003559,3.06465578079224,1.406165599823,K,8
OUTPUT,NaN,NaN,NaN,NaN,NaN,NaN

INPUT,0.364678710699081,0.0390521734952927,0.773072600364685,-0.0473666228353977,3.06216621398926,1.43388259410858,K,9
OUTPUT,NaN,NaN,NaN,NaN,NaN,NaN

INPUT,0.358492285013199,0.0352804996073246,0.723981201648712,2.62738609313965,3.14137053489685,-2.70615983009338,K,4
OUTPUT,NaN,NaN,NaN,NaN,NaN,NaN

INPUT,0.364439845085144,0.0353956967592239,0.737477481365204,0.398853749036789,3.14118266105652,1.51958358287811,K,5
OUTPUT,NaN,NaN,NaN,NaN,NaN,NaN

INPUT,0.370387434959412,0.0355108939111233,0.750973761081696,0.116717174649239,3.14063692092896,1.4085373878479,K,6
OUTPUT,NaN,NaN,NaN,NaN,NaN,NaN

INPUT,0.375013321638107,0.0356004945933819,0.761470913887024,0.00510456832125783,3.14020943641663,1.42999517917633,K,7
OUTPUT,NaN,NaN,NaN,NaN,NaN,NaN

INPUT,0.378317505121231,0.0356644913554192,0.768968820571899,-0.0606775917112827,3.13990688323975,1.45926344394684,K,8
OUTPUT,NaN,NaN,NaN,NaN,NaN,NaN

INPUT,0.380300045013428,0.0357028916478157,0.773467600345612,-0.0973151996731758,3.13972687721252,1.47965598106384,K,9
OUTPUT,NaN,NaN,NaN,NaN,NaN,NaN

INPUT,0.353591352701187,0.0308481454849243,0.74226588010788,0.457889944314957,3.05633807182312,1.38595199584961,K,5
OUTPUT,NaN,NaN,NaN,NaN,NaN,NaN

INPUT,0.357319444417953,0.0303688701242208,0.753679931163788,0.396417140960693,3.04594969749451,1.44542253017426,K,6
OUTPUT,NaN,NaN,NaN,NaN,NaN,NaN

INPUT,0.360219031572342,0.0299961026757956,0.762557446956635,0.348721593618393,3.03810930252075,1.49183452129364,K,7
OUTPUT,NaN,NaN,NaN,NaN,NaN,NaN

INPUT,0.36229020357132,0.029729837551713,0.768898606300354,0.314697653055191,3.03264832496643,1.52505338191986,K,8
OUTPUT,NaN,NaN,NaN,NaN,NaN,NaN

INPUT,0.363532900810242,0.0295700803399086,0.772703289985657,0.294297277927399,3.02943015098572,1.54500806331635,K,9
OUTPUT,NaN,NaN,NaN,NaN,NaN,NaN

INPUT,0.355763167142868,0.0342093966901302,0.732315182685852,0.150782465934753,3.12787914276123,1.19645285606384,K,12
OUTPUT,NaN,NaN,NaN,NaN,NaN,NaN

INPUT,0.359643936157227,0.0341738946735859,0.743488252162933,0.0931520983576775,3.12646842002869,1.24888217449188,K,13
OUTPUT,NaN,NaN,NaN,NaN,NaN,NaN

INPUT,0.363524705171585,0.0341383889317513,0.75466126203537,0.0359587855637074,3.12510323524475,1.3017498254776,K,14
OUTPUT,NaN,NaN,NaN,NaN,NaN,NaN

INPUT,0.367405503988266,0.0341028869152069,0.765834271907806,-0.0209096129983664,3.12378811836243,1.35494363307953,K,15
OUTPUT,NaN,NaN,NaN,NaN,NaN,NaN

INPUT,0.370898187160492,0.034070935100317,0.775889992713928,-0.0718776062130928,3.12265038490295,1.4030327796936,K,16
OUTPUT,NaN,NaN,NaN,NaN,NaN,NaN

INPUT,0.373614758253098,0.034046083688736,0.783711135387421,-0.111407332122326,3.12179732322693,1.44054818153381,K,17
OUTPUT,NaN,NaN,NaN,NaN,NaN,NaN

INPUT,0.375555127859116,0.0340283326804638,0.789297640323639,-0.139592200517654,3.12120604515076,1.46739602088928,K,18
OUTPUT,NaN,NaN,NaN,NaN,NaN,NaN

INPUT,0.376719355583191,0.0340176820755005,0.792649567127228,-0.156484976410866,3.12085866928101,1.483522772789,K,19
OUTPUT,NaN,NaN,NaN,NaN,NaN,NaN

INPUT,0.377107441425323,0.0340141318738461,0.793766856193542,-0.162113189697266,3.12074398994446,1.48890125751495,K,20
OUTPUT,NaN,NaN,NaN,NaN,NaN,NaN

INPUT,0.349049180746078,0.0371035486459732,0.732101619243622,0.208223506808281,3.09650540351868,1.22268867492676,K,12
OUTPUT,NaN,NaN,NaN,NaN,NaN,NaN

INPUT,0.352224200963974,0.0373741239309311,0.743246734142303,0.154220387339592,3.0921368598938,1.27549242973328,K,13
OUTPUT,NaN,NaN,NaN,NaN,NaN,NaN

INPUT,0.35539922118187,0.0376447029411793,0.75439178943634,0.100307554006577,3.08790922164917,1.3283976316452,K,14
OUTPUT,NaN,NaN,NaN,NaN,NaN,NaN

INPUT,0.358574241399765,0.0379152782261372,0.765536904335022,0.0464611984789371,3.08383440971375,1.38138127326965,K,15
OUTPUT,NaN,NaN,NaN,NaN,NaN,NaN

INPUT,0.361431747674942,0.0381587967276573,0.775567471981049,-0.00195762608200312,3.08030796051025,1.42911982536316,K,16
OUTPUT,NaN,NaN,NaN,NaN,NaN,NaN

INPUT,0.363654255867004,0.0383481979370117,0.78336900472641,-0.0395948551595211,3.07766246795654,1.4662789106369,K,17
OUTPUT,NaN,NaN,NaN,NaN,NaN,NaN

INPUT,0.365241765975952,0.0384834855794907,0.788941562175751,-0.0664687231183052,3.07582712173462,1.49283468723297,K,18
OUTPUT,NaN,NaN,NaN,NaN,NaN,NaN

INPUT,0.366194248199463,0.0385646596550941,0.792285084724426,-0.0825897082686424,3.07474851608276,1.50877296924591,K,19
OUTPUT,NaN,NaN,NaN,NaN,NaN,NaN

INPUT,0.366511762142181,0.0385917164385319,0.793399572372437,-0.0879627838730812,3.07439279556274,1.51408648490906,K,20
OUTPUT,NaN,NaN,NaN,NaN,NaN,NaN

INPUT,0.350711733102798,0.0348807238042355,0.732445001602173,0.275258779525757,3.09963941574097,1.20302379131317,K,12
OUTPUT,NaN,NaN,NaN,NaN,NaN,NaN

INPUT,0.354059755802155,0.034917090088129,0.743629515171051,0.225557282567024,3.09548544883728,1.25099539756775,K,13
OUTPUT,NaN,NaN,NaN,NaN,NaN,NaN

INPUT,0.357407808303833,0.0349534600973129,0.754813969135284,0.17599268257618,3.09144139289856,1.29911279678345,K,14
OUTPUT,NaN,NaN,NaN,NaN,NaN,NaN

INPUT,0.360755831003189,0.0349898263812065,0.765998482704163,0.126529604196548,3.08751678466797,1.34734201431274,K,15
OUTPUT,NaN,NaN,NaN,NaN,NaN,NaN

INPUT,0.363769084215164,0.0350225605070591,0.776064515113831,0.0820795521140099,3.08409452438354,1.39082336425781,K,16
OUTPUT,NaN,NaN,NaN,NaN,NaN,NaN

INPUT,0.36611270904541,0.0350480191409588,0.783893704414368,0.0475418195128441,3.08150935173035,1.42468285560608,K,17
OUTPUT,NaN,NaN,NaN,NaN,NaN,NaN

INPUT,0.367786705493927,0.0350662022829056,0.789485931396484,0.0228876229375601,3.07970547676086,1.44888699054718,K,18
OUTPUT,NaN,NaN,NaN,NaN,NaN,NaN

INPUT,0.368791133165359,0.0350771136581898,0.792841255664825,0.0081005897372961,3.07864093780518,1.46341609954834,K,19
OUTPUT,NaN,NaN,NaN,NaN,NaN,NaN

INPUT,0.369125932455063,0.0350807495415211,0.793959736824036,0.00317243114113808,3.07828903198242,1.46826028823853,K,20
OUTPUT,NaN,NaN,NaN,NaN,NaN,NaN

INPUT,0.362743020057678,0.0358436927199364,0.721307218074799,-2.7597017288208,3.09735369682312,-1.92576348781586,K,11
OUTPUT,NaN,NaN,NaN,NaN,NaN,NaN

INPUT,0.367901802062988,0.0359978526830673,0.732494831085205,-2.80784034729004,3.09262323379517,-1.8757780790329,K,12
OUTPUT,NaN,NaN,NaN,NaN,NaN,NaN

INPUT,0.373060584068298,0.0361520126461983,0.743682444095612,-2.85614585876465,3.08801031112671,-1.82594788074493,K,13
OUTPUT,NaN,NaN,NaN,NaN,NaN,NaN

INPUT,0.378219366073608,0.0363061726093292,0.754869997501373,-2.90457630157471,3.08352637290955,-1.77623116970062,K,14
OUTPUT,NaN,NaN,NaN,NaN,NaN,NaN

INPUT,0.383378148078918,0.0364603325724602,0.76605761051178,-2.95310425758362,3.07918214797974,-1.72659921646118,K,15
OUTPUT,NaN,NaN,NaN,NaN,NaN,NaN

INPUT,0.388021051883698,0.0365990772843361,0.776126444339752,-2.99684596061707,3.07540059089661,-1.68198561668396,K,16
OUTPUT,NaN,NaN,NaN,NaN,NaN,NaN

INPUT,0.391632199287415,0.0367069877684116,0.783957779407501,-3.03090357780457,3.07254815101624,-1.64731502532959,K,17
OUTPUT,NaN,NaN,NaN,NaN,NaN,NaN

INPUT,0.39421159029007,0.0367840677499771,0.789551556110382,-3.05524754524231,3.07056045532227,-1.62256324291229,K,18
OUTPUT,NaN,NaN,NaN,NaN,NaN,NaN

INPUT,0.395759224891663,0.0368303172290325,0.79290783405304,-3.06985974311829,3.0693883895874,-1.60771667957306,K,19
OUTPUT,NaN,NaN,NaN,NaN,NaN,NaN

INPUT,0.396275103092194,0.0368457324802876,0.794026613235474,-3.07473158836365,3.06900095939636,-1.6027684211731,K,20
OUTPUT,NaN,NaN,NaN,NaN,NaN,NaN

INPUT,0.357575565576553,0.0367883928120136,0.733454942703247,0.120399601757526,3.12973570823669,1.20997560024261,K,12
OUTPUT,NaN,NaN,NaN,NaN,NaN,NaN

INPUT,0.36164790391922,0.0370258949697018,0.744742393493652,0.0611985400319099,3.12852907180786,1.26544892787933,K,13
OUTPUT,NaN,NaN,NaN,NaN,NaN,NaN

INPUT,0.365720242261887,0.0372633971273899,0.756029903888702,0.0023077258374542,3.12736511230469,1.32123339176178,K,14
OUTPUT,NaN,NaN,NaN,NaN,NaN,NaN

INPUT,0.369792580604553,0.037500899285078,0.767317354679108,-0.0563527680933475,3.1262481212616,1.37724936008453,K,15
OUTPUT,NaN,NaN,NaN,NaN,NaN,NaN

INPUT,0.373457700014114,0.0377146527171135,0.777476072311401,-0.108995988965034,3.12528562545776,1.42781543731689,K,16
OUTPUT,NaN,NaN,NaN,NaN,NaN,NaN

INPUT,0.37630832195282,0.0378809049725533,0.785377323627472,-0.149861454963684,3.12456703186035,1.4672247171402,K,17
OUTPUT,NaN,NaN,NaN,NaN,NaN,NaN

INPUT,0.378344506025314,0.037999652326107,0.791021049022675,-0.179014980792999,3.12407040596008,1.49541044235229,K,18
OUTPUT,NaN,NaN,NaN,NaN,NaN,NaN

INPUT,0.379566192626953,0.0380709059536457,0.794407308101654,-0.19649463891983,3.123779296875,1.51233458518982,K,19
OUTPUT,NaN,NaN,NaN,NaN,NaN,NaN

INPUT,0.379973441362381,0.0380946546792984,0.795536041259766,-0.202319070696831,3.1236834526062,1.51797807216644,K,20
OUTPUT,NaN,NaN,NaN,NaN,NaN,NaN

INPUT,0.361719787120819,0.0341742783784866,0.736212134361267,0.0774731114506721,3.12715601921082,1.23684251308441,K,5
OUTPUT,NaN,NaN,NaN,NaN,NaN,NaN

INPUT,0.367407470941544,0.0340923964977264,0.749733448028564,-0.00822181068360806,3.12472629547119,1.32813668251038,K,6
OUTPUT,NaN,NaN,NaN,NaN,NaN,NaN

INPUT,0.371831238269806,0.0340287126600742,0.760249972343445,-0.0753671005368233,3.12292671203613,1.39865183830261,K,7
OUTPUT,NaN,NaN,NaN,NaN,NaN,NaN

INPUT,0.374991059303284,0.03398322686553,0.767761766910553,-0.123511783778667,3.12169504165649,1.44883751869202,K,8
OUTPUT,NaN,NaN,NaN,NaN,NaN,NaN

INPUT,0.376886963844299,0.0339559316635132,0.772268891334534,-0.152456536889076,3.12097883224487,1.47889173030853,K,9
OUTPUT,NaN,NaN,NaN,NaN,NaN,NaN

INPUT,0.371607184410095,0.0360077098011971,0.730916619300842,-2.84437990188599,3.08923125267029,-1.85683953762054,K,5
OUTPUT,NaN,NaN,NaN,NaN,NaN,NaN

INPUT,0.379966616630554,0.0362745113670826,0.746455192565918,-2.92635440826416,3.08153128623962,-1.76445698738098,K,6
OUTPUT,NaN,NaN,NaN,NaN,NaN,NaN

INPUT,0.386468380689621,0.0364820212125778,0.758540749549866,-2.99094772338867,3.07585382461548,-1.69341230392456,K,7
OUTPUT,NaN,NaN,NaN,NaN,NaN,NaN

INPUT,0.391112476587296,0.036630243062973,0.767173230648041,-3.03740859031677,3.07198190689087,-1.64297389984131,K,8
OUTPUT,NaN,NaN,NaN,NaN,NaN,NaN

INPUT,0.393898963928223,0.0367191731929779,0.772352755069733,-3.06538939476013,3.06973624229431,-1.61280906200409,K,9
OUTPUT,NaN,NaN,NaN,NaN,NaN,NaN

INPUT,0.354468792676926,0.0373689532279968,0.735451102256775,0.139897137880325,3.0927894115448,1.26483464241028,K,5
OUTPUT,NaN,NaN,NaN,NaN,NaN,NaN

INPUT,0.359285861253738,0.0377666763961315,0.749128818511963,0.0587068758904934,3.08579087257385,1.35537540912628,K,6
OUTPUT,NaN,NaN,NaN,NaN,NaN,NaN

INPUT,0.36303249001503,0.0380760133266449,0.75976699590683,-0.00517602218315005,3.08062839508057,1.42508339881897,K,7
OUTPUT,NaN,NaN,NaN,NaN,NaN,NaN

INPUT,0.365708649158478,0.0382969714701176,0.767365753650665,-0.051092442125082,3.07710576057434,1.47460150718689,K,8
OUTPUT,NaN,NaN,NaN,NaN,NaN,NaN

INPUT,0.367314338684082,0.0384295433759689,0.77192497253418,-0.0787348672747612,3.07506203651428,1.50422477722168,K,9
OUTPUT,NaN,NaN,NaN,NaN,NaN,NaN

INPUT,0.356330633163452,0.0349742919206619,0.735940992832184,0.215391471982002,3.09606218338013,1.24425089359283,K,5
OUTPUT,NaN,NaN,NaN,NaN,NaN,NaN

INPUT,0.361392438411713,0.0350140631198883,0.749642193317413,0.139472708106041,3.08936905860901,1.32535016536713,K,6
OUTPUT,NaN,NaN,NaN,NaN,NaN,NaN

INPUT,0.365329384803772,0.0350449942052364,0.760298609733582,0.080005094408989,3.08438348770142,1.38802599906921,K,7
OUTPUT,NaN,NaN,NaN,NaN,NaN,NaN

INPUT,0.36814147233963,0.0350670851767063,0.767910420894623,0.0373641140758991,3.08095169067383,1.4326411485672,K,8
OUTPUT,NaN,NaN,NaN,NaN,NaN,NaN

INPUT,0.369828730821609,0.0350803434848785,0.772477447986603,0.0117262983694673,3.0789475440979,1.4593608379364,K,9
OUTPUT,NaN,NaN,NaN,NaN,NaN,NaN

INPUT,0.357960134744644,0.0366742387413979,0.724196135997772,0.128211975097656,3.13147187232971,1.15182042121887,K,4
OUTPUT,NaN,NaN,NaN,NaN,NaN,NaN

INPUT,0.363880038261414,0.0370311811566353,0.737786948680878,0.0429773181676865,3.12925052642822,1.25099968910217,K,5
OUTPUT,NaN,NaN,NaN,NaN,NaN,NaN

INPUT,0.369799971580505,0.0373881235718727,0.751377820968628,-0.0443507507443428,3.1271333694458,1.34808826446533,K,6
OUTPUT,NaN,NaN,NaN,NaN,NaN,NaN

INPUT,0.37440437078476,0.037665743380785,0.761948466300964,-0.113143533468246,3.12557077407837,1.42273211479187,K,7
OUTPUT,NaN,NaN,NaN,NaN,NaN,NaN

INPUT,0.377693235874176,0.0378640443086624,0.769498884677887,-0.162602618336678,3.12450432777405,1.47572898864746,K,8
OUTPUT,NaN,NaN,NaN,NaN,NaN,NaN

INPUT,0.379666537046432,0.037983026355505,0.774029195308685,-0.192378968000412,3.12388586997986,1.50742673873901,K,9
OUTPUT,NaN,NaN,NaN,NaN,NaN,NaN

INPUT,0.352201640605927,0.0365398079156876,0.732891142368317,0.190444454550743,3.0913941860199,1.21448540687561,K,12
OUTPUT,NaN,NaN,NaN,NaN,NaN,NaN

INPUT,0.355707675218582,0.0367510206997395,0.744120538234711,0.135965257883072,3.08654808998108,1.2678314447403,K,13
OUTPUT,NaN,NaN,NaN,NaN,NaN,NaN

INPUT,0.359213709831238,0.0369622297585011,0.75534999370575,0.0815695971250534,3.08186197280884,1.32127499580383,K,14
OUTPUT,NaN,NaN,NaN,NaN,NaN,NaN

INPUT,0.362719744443893,0.0371734425425529,0.766579389572144,0.0272345189005136,3.07734942436218,1.37479388713837,K,15
OUTPUT,NaN,NaN,NaN,NaN,NaN,NaN

INPUT,0.365875154733658,0.0373635329306126,0.776685893535614,-0.0216282121837139,3.07344722747803,1.42301297187805,K,16
OUTPUT,NaN,NaN,NaN,NaN,NaN,NaN

INPUT,0.368329375982285,0.0375113785266876,0.784546494483948,-0.0596129707992077,3.07052278518677,1.46054494380951,K,17
OUTPUT,NaN,NaN,NaN,NaN,NaN,NaN

INPUT,0.370082408189774,0.0376169830560684,0.79016125202179,-0.086736336350441,3.06849551200867,1.48736679553986,K,18
OUTPUT,NaN,NaN,NaN,NaN,NaN,NaN

INPUT,0.371134221553802,0.037680346518755,0.79353004693985,-0.103007428348064,3.06730461120605,1.50346481800079,K,19
OUTPUT,NaN,NaN,NaN,NaN,NaN,NaN

INPUT,0.371484816074371,0.0377014689147472,0.794652998447418,-0.108430668711662,3.06691193580627,1.50883162021637,K,20
OUTPUT,NaN,NaN,NaN,NaN,NaN,NaN

INPUT,0.350853592157364,0.0347597599029541,0.732377409934998,0.210581764578819,3.1001877784729,1.14209365844727,K,12
OUTPUT,NaN,NaN,NaN,NaN,NaN,NaN

INPUT,0.354218453168869,0.0347836837172508,0.743551433086395,0.160993963479996,3.09609746932983,1.1905711889267,K,13
OUTPUT,NaN,NaN,NaN,NaN,NaN,NaN

INPUT,0.357583343982697,0.0348076075315475,0.754725515842438,0.111492119729519,3.092116355896,1.2391437292099,K,14
OUTPUT,NaN,NaN,NaN,NaN,NaN,NaN

INPUT,0.360948204994202,0.0348315313458443,0.765899538993835,0.0620538182556629,3.08825421333313,1.2877893447876,K,15
OUTPUT,NaN,NaN,NaN,NaN,NaN,NaN

INPUT,0.363976627588272,0.0348530635237694,0.775956213474274,0.017600703984499,3.08488750457764,1.33162009716034,K,16
OUTPUT,NaN,NaN,NaN,NaN,NaN,NaN

INPUT,0.366332024335861,0.034869808703661,0.783778011798859,-0.0169528312981129,3.0823450088501,1.36573767662048,K,17
OUTPUT,NaN,NaN,NaN,NaN,NaN,NaN

INPUT,0.368014454841614,0.0348817706108093,0.78936505317688,-0.041624404489994,3.08057141304016,1.39011991024017,K,18
OUTPUT,NaN,NaN,NaN,NaN,NaN,NaN

INPUT,0.36902391910553,0.0348889492452145,0.792717278003693,-0.056424081325531,3.07952499389648,1.40475368499756,K,19
OUTPUT,NaN,NaN,NaN,NaN,NaN,NaN

INPUT,0.369360417127609,0.0348913408815861,0.793834686279297,-0.0613567903637886,3.07917904853821,1.40963244438171,K,20
OUTPUT,NaN,NaN,NaN,NaN,NaN,NaN

INPUT,0.362453639507294,0.0349940843880177,0.721196532249451,-2.89372038841248,3.10164737701416,-2.07235860824585,K,11
OUTPUT,NaN,NaN,NaN,NaN,NaN,NaN

INPUT,0.367578983306885,0.035048495978117,0.732369601726532,-2.94146323204041,3.09737753868103,-2.02346467971802,K,12
OUTPUT,NaN,NaN,NaN,NaN,NaN,NaN

INPUT,0.372704297304153,0.0351029112935066,0.743542671203613,-2.98931097984314,3.09321069717407,-1.97466683387756,K,13
OUTPUT,NaN,NaN,NaN,NaN,NaN,NaN

INPUT,0.377829611301422,0.035157322883606,0.754715740680695,-3.03723788261414,3.08915686607361,-1.9259387254715,K,14
OUTPUT,NaN,NaN,NaN,NaN,NaN,NaN

INPUT,0.382954955101013,0.0352117381989956,0.765888810157776,-3.0852267742157,3.0852255821228,-1.87726199626923,K,15
OUTPUT,NaN,NaN,NaN,NaN,NaN,NaN

INPUT,0.387567728757858,0.0352607108652592,0.775944590568542,-3.12845921516418,3.08179950714111,-1.83348655700684,K,16
OUTPUT,NaN,NaN,NaN,NaN,NaN,NaN

INPUT,0.391155451536179,0.0352987982332706,0.783765733242035,3.12107753753662,3.07921266555786,-1.79945647716522,K,17
OUTPUT,NaN,NaN,NaN,NaN,NaN,NaN

INPUT,0.393718123435974,0.0353260040283203,0.789352297782898,3.09703183174133,3.07740831375122,-1.7751567363739,K,18
OUTPUT,NaN,NaN,NaN,NaN,NaN,NaN

INPUT,0.395255714654922,0.0353423282504082,0.792704224586487,3.08260059356689,3.07634377479553,-1.76057970523834,K,19
OUTPUT,NaN,NaN,NaN,NaN,NaN,NaN

INPUT,0.395768254995346,0.0353477708995342,0.793821513652802,3.0777895450592,3.07599186897278,-1.75572109222412,K,20
OUTPUT,NaN,NaN,NaN,NaN,NaN,NaN

INPUT,0.358126044273376,0.0367243401706219,0.736500263214111,0.121188536286354,3.08721709251404,1.25675857067108,K,5
OUTPUT,NaN,NaN,NaN,NaN,NaN,NaN

INPUT,0.363469243049622,0.0370179712772369,0.750255346298218,0.039402361959219,3.07948112487793,1.34834539890289,K,6
OUTPUT,NaN,NaN,NaN,NaN,NaN,NaN

INPUT,0.367625087499619,0.0372463501989841,0.760953724384308,-0.0249762814491987,3.0737829208374,1.41884005069733,K,7
OUTPUT,NaN,NaN,NaN,NaN,NaN,NaN

INPUT,0.370593518018723,0.0374094769358635,0.768595397472382,-0.0712598636746407,3.069899559021,1.46890997886658,K,8
OUTPUT,NaN,NaN,NaN,NaN,NaN,NaN

INPUT,0.372374594211578,0.0375073552131653,0.773180425167084,-0.0991271436214447,3.0676486492157,1.49886119365692,K,9
OUTPUT,NaN,NaN,NaN,NaN,NaN,NaN

INPUT,0.356477946043015,0.0347932577133179,0.735862910747528,0.148824021220207,3.09671425819397,1.18178248405457,K,5
OUTPUT,NaN,NaN,NaN,NaN,NaN,NaN

INPUT,0.361563891172409,0.0348010323941708,0.749546766281128,0.0738726183772087,3.09010887145996,1.26449859142303,K,6
OUTPUT,NaN,NaN,NaN,NaN,NaN,NaN

INPUT,0.365519613027573,0.0348070748150349,0.760189771652222,0.0149523187428713,3.08518981933594,1.32822644710541,K,7
OUTPUT,NaN,NaN,NaN,NaN,NaN,NaN

INPUT,0.368345111608505,0.0348113961517811,0.767791926860809,-0.0273766592144966,3.08180499076843,1.3735134601593,K,8
OUTPUT,NaN,NaN,NaN,NaN,NaN,NaN

INPUT,0.370040416717529,0.0348139852285385,0.772353172302246,-0.0528529100120068,3.07982850074768,1.40061092376709,K,9
OUTPUT,NaN,NaN,NaN,NaN,NaN,NaN

INPUT,0.364100724458694,0.0338681302964687,0.721460342407227,-2.82655692100525,3.09620261192322,-1.95121049880981,K,11
OUTPUT,NaN,NaN,NaN,NaN,NaN,NaN

INPUT,0.36941984295845,0.033790111541748,0.732664406299591,-2.87733840942383,3.09138178825378,-1.8989931344986,K,12
OUTPUT,NaN,NaN,NaN,NaN,NaN,NaN

INPUT,0.374738991260529,0.0337120890617371,0.743868470191956,-2.9282500743866,3.08669376373291,-1.84689426422119,K,13
OUTPUT,NaN,NaN,NaN,NaN,NaN,NaN

INPUT,0.380058079957962,0.0336340665817261,0.75507253408432,-2.97926068305969,3.08215165138245,-1.7948807477951,K,14
OUTPUT,NaN,NaN,NaN,NaN,NaN,NaN

INPUT,0.38537722826004,0.0335560441017151,0.766276597976685,-3.03034806251526,3.07776689529419,-1.74293065071106,K,15
OUTPUT,NaN,NaN,NaN,NaN,NaN,NaN

INPUT,0.390164434909821,0.0334858261048794,0.776360213756561,-3.07637977600098,3.07396507263184,-1.69621634483337,K,16
OUTPUT,NaN,NaN,NaN,NaN,NaN,NaN

INPUT,0.39388781785965,0.0334312096238136,0.784203052520752,-3.11221146583557,3.07110810279846,-1.6599041223526,K,17
OUTPUT,NaN,NaN,NaN,NaN,NaN,NaN

INPUT,0.396547377109528,0.0333921983838081,0.789805114269257,-3.13781905174255,3.06912326812744,-1.63397598266602,K,18
OUTPUT,NaN,NaN,NaN,NaN,NaN,NaN

INPUT,0.398143112659454,0.0333687923848629,0.79316633939743,3.12999677658081,3.067955493927,-1.61842250823975,K,19
OUTPUT,NaN,NaN,NaN,NaN,NaN,NaN

INPUT,0.39867502450943,0.0333609916269779,0.794286727905273,3.12487292289734,3.06756997108459,-1.61323833465576,K,20
OUTPUT,NaN,NaN,NaN,NaN,NaN,NaN

INPUT,0.371315240859985,0.0351165309548378,0.730737686157227,-2.97806072235107,3.09433364868164,-2.00529026985168,K,5
OUTPUT,NaN,NaN,NaN,NaN,NaN,NaN

INPUT,0.37964728474617,0.0352298729121685,0.746263325214386,-3.05900812149048,3.08736538887024,-1.91458034515381,K,6
OUTPUT,NaN,NaN,NaN,NaN,NaN,NaN

INPUT,0.386127769947052,0.035318024456501,0.758338868618011,-3.12275075912476,3.08221840858459,-1.84479033946991,K,7
OUTPUT,NaN,NaN,NaN,NaN,NaN,NaN

INPUT,0.390756696462631,0.0353809930384159,0.766964197158813,3.11460113525391,3.07870244979858,-1.79523098468781,K,8
OUTPUT,NaN,NaN,NaN,NaN,NaN,NaN

INPUT,0.393534064292908,0.0354187749326229,0.772139430046082,3.08700323104858,3.07666087150574,-1.76558840274811,K,9
OUTPUT,NaN,NaN,NaN,NaN,NaN,NaN

INPUT,0.348421961069107,0.0353296622633934,0.744062781333923,0.146115303039551,3.07588028907776,1.15272390842438,K,13
OUTPUT,NaN,NaN,NaN,NaN,NaN,NaN

INPUT,0.351233005523682,0.0354053005576134,0.75528883934021,0.0977664068341255,3.0701322555542,1.20030224323273,K,14
OUTPUT,NaN,NaN,NaN,NaN,NaN,NaN

INPUT,0.354044049978256,0.0354809425771236,0.766514897346497,0.0494643077254295,3.06454849243164,1.24794721603394,K,15
OUTPUT,NaN,NaN,NaN,NaN,NaN,NaN

INPUT,0.35657399892807,0.0355490185320377,0.776618301868439,0.00602138321846724,3.05967402458191,1.2908741235733,K,16
OUTPUT,NaN,NaN,NaN,NaN,NaN,NaN

INPUT,0.35854172706604,0.0356019660830498,0.784476578235626,-0.0277532618492842,3.055988073349,1.32428741455078,K,17
OUTPUT,NaN,NaN,NaN,NaN,NaN,NaN

INPUT,0.359947264194489,0.0356397852301598,0.790089547634125,-0.0518721267580986,3.05341386795044,1.34816646575928,K,18
OUTPUT,NaN,NaN,NaN,NaN,NaN,NaN

INPUT,0.360790580511093,0.035662479698658,0.793457388877869,-0.0663415119051933,3.05189371109009,1.36249852180481,K,19
OUTPUT,NaN,NaN,NaN,NaN,NaN,NaN

INPUT,0.361071676015854,0.0356700420379639,0.794579982757568,-0.0711642801761627,3.05139112472534,1.36727654933929,K,20
OUTPUT,NaN,NaN,NaN,NaN,NaN,NaN

INPUT,0.350678592920303,0.0349463373422623,0.732663512229919,0.219286784529686,3.10941457748413,1.12554693222046,K,12
OUTPUT,NaN,NaN,NaN,NaN,NaN,NaN

INPUT,0.354025065898895,0.0349899604916573,0.743867635726929,0.17089356482029,3.10619735717773,1.17254745960236,K,13
OUTPUT,NaN,NaN,NaN,NaN,NaN,NaN

INPUT,0.357371509075165,0.0350335836410522,0.755071759223938,0.122612580657005,3.1030604839325,1.21966552734375,K,14
OUTPUT,NaN,NaN,NaN,NaN,NaN,NaN

INPUT,0.360717982053757,0.0350772067904472,0.766275882720947,0.0744152218103409,3.10001134872437,1.26687300205231,K,15
OUTPUT,NaN,NaN,NaN,NaN,NaN,NaN

INPUT,0.363729774951935,0.0351164638996124,0.776359617710114,0.031092369928956,3.09734773635864,1.30941963195801,K,16
OUTPUT,NaN,NaN,NaN,NaN,NaN,NaN

INPUT,0.366072297096252,0.0351470001041889,0.784202456474304,-0.00257423985749483,3.09533214569092,1.34254395961761,K,17
OUTPUT,NaN,NaN,NaN,NaN,NaN,NaN

INPUT,0.36774554848671,0.0351688116788864,0.789804518222809,-0.0266088284552097,3.09392404556274,1.36621880531311,K,18
OUTPUT,NaN,NaN,NaN,NaN,NaN,NaN

INPUT,0.368749469518661,0.0351818986237049,0.793165743350983,-0.0410250797867775,3.09309196472168,1.38042902946472,K,19
OUTPUT,NaN,NaN,NaN,NaN,NaN,NaN

INPUT,0.369084119796753,0.0351862609386444,0.79428619146347,-0.0458298251032829,3.0928168296814,1.38516664505005,K,20
OUTPUT,NaN,NaN,NaN,NaN,NaN,NaN

INPUT,0.358787804841995,0.035423818975687,0.721884489059448,-2.74239206314087,3.11970281600952,-1.91228795051575,K,11
OUTPUT,NaN,NaN,NaN,NaN,NaN,NaN

INPUT,0.363481044769287,0.0355286486446857,0.733140051364899,-2.78927040100098,3.11741709709167,-1.86152112483978,K,12
OUTPUT,NaN,NaN,NaN,NaN,NaN,NaN

INPUT,0.368174314498901,0.0356334783136845,0.744395613670349,-2.83648252487183,3.11518883705139,-1.8110853433609,K,13
OUTPUT,NaN,NaN,NaN,NaN,NaN,NaN

INPUT,0.372867554426193,0.0357383079826832,0.755651235580444,-2.88394379615784,3.11302375793457,-1.76089596748352,K,14
OUTPUT,NaN,NaN,NaN,NaN,NaN,NaN

INPUT,0.377560824155807,0.0358431376516819,0.766906797885895,-2.93159627914429,3.11092638969421,-1.71089482307434,K,15
OUTPUT,NaN,NaN,NaN,NaN,NaN,NaN

INPUT,0.381784737110138,0.0359374843537807,0.777036786079407,-2.97461223602295,3.10910129547119,-1.66601979732513,K,16
OUTPUT,NaN,NaN,NaN,NaN,NaN,NaN

INPUT,0.385070025920868,0.0360108651220798,0.784915745258331,-3.00813817977905,3.10772490501404,-1.6311844587326,K,17
OUTPUT,NaN,NaN,NaN,NaN,NaN,NaN

INPUT,0.387416630983353,0.0360632799565792,0.790543496608734,-3.03211712837219,3.10676598548889,-1.60633301734924,K,18
OUTPUT,NaN,NaN,NaN,NaN,NaN,NaN

INPUT,0.388824611902237,0.0360947288572788,0.793920159339905,-3.04651594161987,3.10620045661926,-1.59143316745758,K,19
OUTPUT,NaN,NaN,NaN,NaN,NaN,NaN

INPUT,0.389293938875198,0.0361052118241787,0.795045733451843,-3.05131721496582,3.10601353645325,-1.58646821975708,K,20
OUTPUT,NaN,NaN,NaN,NaN,NaN,NaN

INPUT,0.360316216945648,0.0353929400444031,0.732710123062134,-2.85691714286804,3.11831498146057,-1.88665688037872,K,12
OUTPUT,NaN,NaN,NaN,NaN,NaN,NaN

INPUT,0.364676356315613,0.0354834496974945,0.743920564651489,-2.9064724445343,3.11619544029236,-1.83408939838409,K,13
OUTPUT,NaN,NaN,NaN,NaN,NaN,NaN

INPUT,0.369036495685577,0.0355739593505859,0.7551309466362,-2.95625758171082,3.11414241790771,-1.78174960613251,K,14
OUTPUT,NaN,NaN,NaN,NaN,NaN,NaN

INPUT,0.373396635055542,0.0356644690036774,0.766341388225555,-3.00621962547302,3.11216068267822,-1.7295835018158,K,15
OUTPUT,NaN,NaN,NaN,NaN,NaN,NaN

INPUT,0.377320766448975,0.0357459299266338,0.776430785655975,-3.05130410194397,3.11044239997864,-1.68275034427643,K,16
OUTPUT,NaN,NaN,NaN,NaN,NaN,NaN

INPUT,0.380372881889343,0.0358092859387398,0.784278035163879,-3.08643388748169,3.1091513633728,-1.64638686180115,K,17
OUTPUT,NaN,NaN,NaN,NaN,NaN,NaN

INPUT,0.382552951574326,0.0358545444905758,0.789883255958557,-3.11155581474304,3.10825443267822,-1.62044143676758,K,18
OUTPUT,NaN,NaN,NaN,NaN,NaN,NaN

INPUT,0.383861005306244,0.035881694406271,0.793246388435364,-3.12663960456848,3.10772681236267,-1.60488426685333,K,19
OUTPUT,NaN,NaN,NaN,NaN,NaN,NaN

INPUT,0.384297013282776,0.0358907468616962,0.794367432594299,-3.13166904449463,3.10755252838135,-1.59970009326935,K,20
OUTPUT,NaN,NaN,NaN,NaN,NaN,NaN

INPUT,0.362010151147842,0.0350308045744896,0.732873916625977,-2.95868420600891,3.11839032173157,-1.81852972507477,K,12
OUTPUT,NaN,NaN,NaN,NaN,NaN,NaN

INPUT,0.366549342870712,0.0350833162665367,0.744100153446198,-3.0173602104187,3.11636400222778,-1.75719857215881,K,13
OUTPUT,NaN,NaN,NaN,NaN,NaN,NaN

INPUT,0.37108850479126,0.0351358316838741,0.755326449871063,-3.0762312412262,3.11442828178406,-1.69605982303619,K,14
OUTPUT,NaN,NaN,NaN,NaN,NaN,NaN

INPUT,0.375627666711807,0.0351883433759212,0.766552746295929,-3.13525128364563,3.11259055137634,-1.63506674766541,K,15
OUTPUT,NaN,NaN,NaN,NaN,NaN,NaN

INPUT,0.37971293926239,0.0352356061339378,0.77665638923645,3.09471559524536,3.11102557182312,-1.58027040958405,K,16
OUTPUT,NaN,NaN,NaN,NaN,NaN,NaN

INPUT,0.382890373468399,0.0352723635733128,0.784514784812927,3.05327033996582,3.10986971855164,-1.53770279884338,K,17
OUTPUT,NaN,NaN,NaN,NaN,NaN,NaN

INPUT,0.385159939527512,0.0352986194193363,0.79012793302536,3.02364230155945,3.10907816886902,-1.50732088088989,K,18
OUTPUT,NaN,NaN,NaN,NaN,NaN,NaN

INPUT,0.386521697044373,0.0353143736720085,0.793495774269104,3.00585651397705,3.10861730575562,-1.48910009860992,K,19
OUTPUT,NaN,NaN,NaN,NaN,NaN,NaN

INPUT,0.38697561621666,0.0353196263313293,0.794618427753448,2.99992656707764,3.10846590995789,-1.48302781581879,K,20
OUTPUT,NaN,NaN,NaN,NaN,NaN,NaN

INPUT,0.3489770591259,0.0363946408033371,0.743089854717255,0.165121525526047,3.07780742645264,1.21588361263275,K,13
OUTPUT,NaN,NaN,NaN,NaN,NaN,NaN

INPUT,0.35184183716774,0.0365720354020596,0.754221081733704,0.114668384194374,3.07228684425354,1.26556038856506,K,14
OUTPUT,NaN,NaN,NaN,NaN,NaN,NaN

INPUT,0.354706645011902,0.0367494262754917,0.765352308750153,0.0642623081803322,3.06693983078003,1.31530320644379,K,15
OUTPUT,NaN,NaN,NaN,NaN,NaN,NaN

INPUT,0.357284963130951,0.0369090810418129,0.775370419025421,0.0189260765910149,3.06228709220886,1.36011779308319,K,16
OUTPUT,NaN,NaN,NaN,NaN,NaN,NaN

INPUT,0.359290331602097,0.0370332561433315,0.783162295818329,-0.0163211598992348,3.05877900123596,1.3949990272522,K,17
OUTPUT,NaN,NaN,NaN,NaN,NaN,NaN

INPUT,0.360722720623016,0.0371219553053379,0.788727939128876,-0.0414917133748531,3.05633544921875,1.41992652416229,K,18
OUTPUT,NaN,NaN,NaN,NaN,NaN,NaN

INPUT,0.361582159996033,0.0371751710772514,0.792067289352417,-0.0565920919179916,3.05489468574524,1.43488740921021,K,19
OUTPUT,NaN,NaN,NaN,NaN,NaN,NaN

INPUT,0.361868649721146,0.0371929109096527,0.793180406093597,-0.0616251565515995,3.05441880226135,1.43987512588501,K,20
OUTPUT,NaN,NaN,NaN,NaN,NaN,NaN

INPUT,0.358587741851807,0.0367565639317036,0.733007848262787,0.096277229487896,3.13336682319641,1.18077385425568,K,12
OUTPUT,NaN,NaN,NaN,NaN,NaN,NaN

INPUT,0.362766534090042,0.0369907841086388,0.744248270988464,0.0368622690439224,3.13249611854553,1.23549664020538,K,13
OUTPUT,NaN,NaN,NaN,NaN,NaN,NaN

INPUT,0.3669453561306,0.037225004285574,0.755488574504852,-0.0221487507224083,3.13165521621704,1.29062402248383,K,14
OUTPUT,NaN,NaN,NaN,NaN,NaN,NaN

INPUT,0.371124148368835,0.0374592244625092,0.76672899723053,-0.0808619409799576,3.13084650039673,1.34604966640472,K,15
OUTPUT,NaN,NaN,NaN,NaN,NaN,NaN

INPUT,0.374885052442551,0.0376700200140476,0.776845335960388,-0.133509501814842,3.13014841079712,1.39612758159637,K,16
OUTPUT,NaN,NaN,NaN,NaN,NaN,NaN

INPUT,0.377810209989548,0.0378339737653732,0.784713566303253,-0.174355953931808,3.12962651252747,1.43517887592316,K,17
OUTPUT,NaN,NaN,NaN,NaN,NaN,NaN

INPUT,0.379899621009827,0.037951085716486,0.79033374786377,-0.203486189246178,3.12926506996155,1.4631187915802,K,18
OUTPUT,NaN,NaN,NaN,NaN,NaN,NaN

INPUT,0.381153255701065,0.0380213521420956,0.793705880641937,-0.220948100090027,3.12905311584473,1.47989892959595,K,19
OUTPUT,NaN,NaN,NaN,NaN,NaN,NaN

INPUT,0.381571143865585,0.038044773042202,0.794829905033112,-0.226766124367714,3.12898325920105,1.48549485206604,K,20
OUTPUT,NaN,NaN,NaN,NaN,NaN,NaN

INPUT,0.373240232467651,0.033740296959877,0.731174528598785,-2.91589140892029,3.08799314498901,-1.87926292419434,K,5
OUTPUT,NaN,NaN,NaN,NaN,NaN,NaN

INPUT,0.381864368915558,0.0336126498878002,0.746714651584625,-3.00222420692444,3.08017110824585,-1.78259348869324,K,6
OUTPUT,NaN,NaN,NaN,NaN,NaN,NaN

INPUT,0.388572007417679,0.0335133671760559,0.758801341056824,-3.0701961517334,3.07443833351135,-1.70820105075836,K,7
OUTPUT,NaN,NaN,NaN,NaN,NaN,NaN

INPUT,0.393363207578659,0.0334424525499344,0.767434775829315,-3.119065284729,3.07054948806763,-1.65536522865295,K,8
OUTPUT,NaN,NaN,NaN,NaN,NaN,NaN

INPUT,0.396237909793854,0.0333999022841454,0.772614777088165,3.1346960067749,3.06830358505249,-1.62375950813293,K,9
OUTPUT,NaN,NaN,NaN,NaN,NaN,NaN

INPUT,0.367190539836884,0.0355572067201138,0.731351733207703,-2.82907032966614,3.1154351234436,-1.84594166278839,K,5
OUTPUT,NaN,NaN,NaN,NaN,NaN,NaN

INPUT,0.374892711639404,0.0357313975691795,0.747086107730865,-2.90769553184509,3.11184024810791,-1.75115561485291,K,6
OUTPUT,NaN,NaN,NaN,NaN,NaN,NaN

INPUT,0.380883276462555,0.0358668826520443,0.759324014186859,-2.97005939483643,3.10919618606567,-1.67863798141479,K,7
OUTPUT,NaN,NaN,NaN,NaN,NaN,NaN

INPUT,0.385162234306335,0.0359636545181274,0.768065333366394,-3.01507687568665,3.10739660263062,-1.62730777263641,K,8
OUTPUT,NaN,NaN,NaN,NaN,NaN,NaN

INPUT,0.387729614973068,0.0360217206180096,0.773310124874115,-3.04224038124084,3.10635447502136,-1.59666132926941,K,9
OUTPUT,NaN,NaN,NaN,NaN,NaN,NaN

INPUT,0.356187283992767,0.035013273358345,0.736246347427368,0.159829080104828,3.10681533813477,1.16475141048431,K,5
OUTPUT,NaN,NaN,NaN,NaN,NaN,NaN

INPUT,0.36118084192276,0.035059466958046,0.749949276447296,0.0864003896713257,3.10156011581421,1.24469518661499,K,6
OUTPUT,NaN,NaN,NaN,NaN,NaN,NaN

INPUT,0.365064710378647,0.0350953936576843,0.760607063770294,0.0287554711103439,3.09763383865356,1.30635070800781,K,7
OUTPUT,NaN,NaN,NaN,NaN,NaN,NaN

INPUT,0.367838889360428,0.0351210571825504,0.768219828605652,-0.012625802308321,3.0949239730835,1.35019028186798,K,8
OUTPUT,NaN,NaN,NaN,NaN,NaN,NaN

INPUT,0.369503408670425,0.035136453807354,0.77278745174408,-0.0375215299427509,3.09333848953247,1.37642955780029,K,9
OUTPUT,NaN,NaN,NaN,NaN,NaN,NaN

INPUT,0.360622465610504,0.0353441052138805,0.724273264408112,-2.84448194503784,3.11853432655334,-1.93321526050568,K,4
OUTPUT,NaN,NaN,NaN,NaN,NaN,NaN

INPUT,0.36670908331871,0.0354870185256004,0.737536549568176,-2.91855096817017,3.11536693572998,-1.8429901599884,K,5
OUTPUT,NaN,NaN,NaN,NaN,NaN,NaN

INPUT,0.372795701026917,0.03562992811203,0.750799834728241,-2.99432635307312,3.11237502098083,-1.75446462631226,K,6
OUTPUT,NaN,NaN,NaN,NaN,NaN,NaN

INPUT,0.37752977013588,0.0357410795986652,0.761115729808807,-3.05408143997192,3.11018252372742,-1.68642556667328,K,7
OUTPUT,NaN,NaN,NaN,NaN,NaN,NaN

INPUT,0.380911231040955,0.0358204767107964,0.768484234809875,-3.09709525108337,3.10869431495667,-1.6381551027298,K,8
OUTPUT,NaN,NaN,NaN,NaN,NaN,NaN

INPUT,0.382940083742142,0.0358681157231331,0.772905290126801,-3.12301349639893,3.10783386230469,-1.60930156707764,K,9
OUTPUT,NaN,NaN,NaN,NaN,NaN,NaN

INPUT,0.362514108419418,0.0350517891347408,0.724927008152008,-2.94611215591431,3.11860418319702,-1.8751962184906,K,4
OUTPUT,NaN,NaN,NaN,NaN,NaN,NaN

INPUT,0.368815630674362,0.0351474434137344,0.738083481788635,-3.03317284584045,3.11556506156921,-1.76921308040619,K,5
OUTPUT,NaN,NaN,NaN,NaN,NaN,NaN

INPUT,0.375117152929306,0.035243097692728,0.751240015029907,-3.12215304374695,3.11276650428772,-1.66514205932617,K,6
OUTPUT,NaN,NaN,NaN,NaN,NaN,NaN

INPUT,0.380018323659897,0.0353174991905689,0.761472880840302,3.09091353416443,3.11077332496643,-1.58510494232178,K,7
OUTPUT,NaN,NaN,NaN,NaN,NaN,NaN

INPUT,0.383519172668457,0.0353706404566765,0.768782079219818,3.04046392440796,3.10945463180542,-1.52829766273499,K,8
OUTPUT,NaN,NaN,NaN,NaN,NaN,NaN

INPUT,0.385619670152664,0.035402525216341,0.773167550563812,3.01007437705994,3.10870742797852,-1.49433207511902,K,9
OUTPUT,NaN,NaN,NaN,NaN,NaN,NaN

INPUT,0.358908623456955,0.0366467349231243,0.723843395709991,0.0981561690568924,3.13488721847534,1.11697590351105,K,4
OUTPUT,NaN,NaN,NaN,NaN,NaN,NaN

INPUT,0.364972561597824,0.037001796066761,0.737340211868286,0.0152273187413812,3.13321590423584,1.21760308742523,K,5
OUTPUT,NaN,NaN,NaN,NaN,NaN,NaN

INPUT,0.371036499738693,0.0373568572103977,0.750837087631226,-0.0706044360995293,3.13161468505859,1.31532871723175,K,6
OUTPUT,NaN,NaN,NaN,NaN,NaN,NaN

INPUT,0.375752925872803,0.0376330129802227,0.761334657669067,-0.138516440987587,3.13042664527893,1.39018452167511,K,7
OUTPUT,NaN,NaN,NaN,NaN,NaN,NaN

INPUT,0.379121780395508,0.0378302708268166,0.768832862377167,-0.187438994646072,3.1296124458313,1.443239569664,K,8
OUTPUT,NaN,NaN,NaN,NaN,NaN,NaN

INPUT,0.381143093109131,0.0379486232995987,0.773331820964813,-0.216920420527458,3.12913870811462,1.47494494915009,K,9
OUTPUT,NaN,NaN,NaN,NaN,NaN,NaN

INPUT,0.349596977233887,0.0353049151599407,0.731869757175446,0.174250096082687,3.08261823654175,1.09184145927429,K,4
OUTPUT,NaN,NaN,NaN,NaN,NaN,NaN

INPUT,0.353110074996948,0.0353676564991474,0.743196964263916,0.110691003501415,3.07387495040894,1.16609609127045,K,5
OUTPUT,NaN,NaN,NaN,NaN,NaN,NaN

INPUT,0.35662317276001,0.0354303978383541,0.754524111747742,0.0459066070616245,3.06545162200928,1.23916554450989,K,6
OUTPUT,NaN,NaN,NaN,NaN,NaN,NaN

INPUT,0.359355598688126,0.035479199141264,0.763334155082703,-0.00507061369717121,3.05914711952209,1.29543769359589,K,7
OUTPUT,NaN,NaN,NaN,NaN,NaN,NaN

INPUT,0.361307322978973,0.0355140566825867,0.769626975059509,-0.041723195463419,3.05478763580322,1.33540868759155,K,8
OUTPUT,NaN,NaN,NaN,NaN,NaN,NaN

INPUT,0.362478345632553,0.0355349704623222,0.773402750492096,-0.0637949928641319,3.05223250389099,1.35931777954102,K,9
OUTPUT,NaN,NaN,NaN,NaN,NaN,NaN

INPUT,0.353532403707504,0.0364953204989433,0.741950631141663,0.128123804926872,3.07589650154114,1.22981953620911,K,5
OUTPUT,NaN,NaN,NaN,NaN,NaN,NaN

INPUT,0.357159107923508,0.0367078445851803,0.753220677375793,0.0605215206742287,3.06781721115112,1.30610930919647,K,6
OUTPUT,NaN,NaN,NaN,NaN,NaN,NaN

INPUT,0.359979897737503,0.0368731431663036,0.761986315250397,0.00733175314962864,3.06179404258728,1.36486423015594,K,7
OUTPUT,NaN,NaN,NaN,NaN,NaN,NaN

INPUT,0.361994743347168,0.0369912162423134,0.768247425556183,-0.0309093184769154,3.0576434135437,1.40659976005554,K,8
OUTPUT,NaN,NaN,NaN,NaN,NaN,NaN

INPUT,0.363203644752502,0.0370620563626289,0.772004127502441,-0.0539368726313114,3.05521678924561,1.43156480789185,K,9
OUTPUT,NaN,NaN,NaN,NaN,NaN,NaN

INPUT,0.350725531578064,0.0373010598123074,0.732476055622101,0.130329459905624,3.09609794616699,1.06739163398743,K,12
OUTPUT,NaN,NaN,NaN,NaN,NaN,NaN

INPUT,0.354076445102692,0.0375924222171307,0.743661284446716,0.0806238874793053,3.09161424636841,1.11634278297424,K,13
OUTPUT,NaN,NaN,NaN,NaN,NaN,NaN

INPUT,0.357427328824997,0.0378837883472443,0.754846513271332,0.0309742223471403,3.08725214004517,1.1653608083725,K,14
OUTPUT,NaN,NaN,NaN,NaN,NaN,NaN

INPUT,0.360778212547302,0.0381751507520676,0.766031801700592,-0.0186349861323833,3.08302235603333,1.21443092823029,K,15
OUTPUT,NaN,NaN,NaN,NaN,NaN,NaN

INPUT,0.36379399895668,0.0384373776614666,0.776098489761353,-0.0632574707269669,3.07933688163757,1.25862991809845,K,16
OUTPUT,NaN,NaN,NaN,NaN,NaN,NaN

INPUT,0.366139650344849,0.0386413298547268,0.783928155899048,-0.0979510396718979,3.07655501365662,1.29302680492401,K,17
OUTPUT,NaN,NaN,NaN,NaN,NaN,NaN

INPUT,0.36781507730484,0.0387870110571384,0.789520800113678,-0.122726492583752,3.07461524009705,1.3176052570343,K,18
OUTPUT,NaN,NaN,NaN,NaN,NaN,NaN

INPUT,0.368820339441299,0.0388744212687016,0.792876362800598,-0.137589886784554,3.07347083091736,1.33235585689545,K,19
OUTPUT,NaN,NaN,NaN,NaN,NaN,NaN

INPUT,0.369155436754227,0.0389035567641258,0.793994903564453,-0.142544060945511,3.0730926990509,1.33727312088013,K,20
OUTPUT,NaN,NaN,NaN,NaN,NaN,NaN

INPUT,0.35167407989502,0.035033144056797,0.73237556219101,0.190591186285019,3.11132144927979,1.21506798267365,K,12
OUTPUT,NaN,NaN,NaN,NaN,NaN,NaN

INPUT,0.355124443769455,0.0350858457386494,0.743550598621368,0.135743647813797,3.10835742950439,1.26805853843689,K,13
OUTPUT,NaN,NaN,NaN,NaN,NaN,NaN

INPUT,0.358574837446213,0.0351385436952114,0.754725635051727,0.0810435935854912,3.10548996925354,1.32120180130005,K,14
OUTPUT,NaN,NaN,NaN,NaN,NaN,NaN

INPUT,0.362025201320648,0.0351912416517735,0.765900671482086,0.0264534950256348,3.10272717475891,1.37446045875549,K,15
OUTPUT,NaN,NaN,NaN,NaN,NaN,NaN

INPUT,0.365130543708801,0.0352386720478535,0.775958180427551,-0.0226053074002266,3.100337266922,1.42247045040131,K,16
OUTPUT,NaN,NaN,NaN,NaN,NaN,NaN

INPUT,0.367545813322067,0.0352755598723888,0.783780753612518,-0.0607241652905941,3.09854507446289,1.45985281467438,K,17
OUTPUT,NaN,NaN,NaN,NaN,NaN,NaN

INPUT,0.369271010160446,0.0353019088506699,0.789368271827698,-0.0879347175359726,3.09730267524719,1.48657333850861,K,18
OUTPUT,NaN,NaN,NaN,NaN,NaN,NaN

INPUT,0.370306104421616,0.0353177189826965,0.79272073507309,-0.104255057871342,3.0965723991394,1.50261247158051,K,19
OUTPUT,NaN,NaN,NaN,NaN,NaN,NaN

INPUT,0.37065115571022,0.0353229902684689,0.793838262557983,-0.109694212675095,3.09633159637451,1.50795984268188,K,20
OUTPUT,NaN,NaN,NaN,NaN,NaN,NaN

INPUT,0.357498973608017,0.0344099476933479,0.732940673828125,0.240935832262039,3.13308262825012,1.24733376502991,K,12
OUTPUT,NaN,NaN,NaN,NaN,NaN,NaN

INPUT,0.361562579870224,0.0343970060348511,0.74417519569397,0.184235960245132,3.13217067718506,1.29655158519745,K,13
OUTPUT,NaN,NaN,NaN,NaN,NaN,NaN

INPUT,0.365626156330109,0.0343840643763542,0.755409717559814,0.128188475966454,3.13128519058228,1.34642207622528,K,14
OUTPUT,NaN,NaN,NaN,NaN,NaN,NaN

INPUT,0.369689732789993,0.0343711227178574,0.766644239425659,0.0726224333047867,3.13042855262756,1.39677488803864,K,15
OUTPUT,NaN,NaN,NaN,NaN,NaN,NaN

INPUT,0.373346984386444,0.0343594737350941,0.776755332946777,0.0229282081127167,3.12968420982361,1.44240772724152,K,16
OUTPUT,NaN,NaN,NaN,NaN,NaN,NaN

INPUT,0.37619149684906,0.0343504138290882,0.784619510173798,-0.0155579810962081,3.12912368774414,1.47806513309479,K,17
OUTPUT,NaN,NaN,NaN,NaN,NaN,NaN

INPUT,0.378223270177841,0.0343439429998398,0.79023677110672,-0.0429736748337746,3.12873387336731,1.50360941886902,K,18
OUTPUT,NaN,NaN,NaN,NaN,NaN,NaN

INPUT,0.379442363977432,0.0343400575220585,0.793607175350189,-0.0593966171145439,3.12850427627563,1.51896250247955,K,19
OUTPUT,NaN,NaN,NaN,NaN,NaN,NaN

INPUT,0.379848718643188,0.0343387648463249,0.794730603694916,-0.064866691827774,3.12842845916748,1.5240843296051,K,20
OUTPUT,NaN,NaN,NaN,NaN,NaN,NaN

INPUT,0.361236125230789,0.0356905534863472,0.73283725976944,-2.72087931632996,3.13528990745544,-1.85098123550415,K,12
OUTPUT,NaN,NaN,NaN,NaN,NaN,NaN

INPUT,0.365693986415863,0.0358124412596226,0.74405974149704,-2.76033806800842,3.13477182388306,-1.79889178276062,K,13
OUTPUT,NaN,NaN,NaN,NaN,NaN,NaN

INPUT,0.370151817798615,0.0359343327581882,0.755282163619995,-2.80067777633667,3.13426804542542,-1.74768340587616,K,14
OUTPUT,NaN,NaN,NaN,NaN,NaN,NaN

INPUT,0.374609678983688,0.0360562205314636,0.766504645347595,-2.84170794487,3.13377928733826,-1.69716513156891,K,15
OUTPUT,NaN,NaN,NaN,NaN,NaN,NaN

INPUT,0.378621757030487,0.0361659228801727,0.776604831218719,-2.87910890579224,3.1333532333374,-1.65217256546021,K,16
OUTPUT,NaN,NaN,NaN,NaN,NaN,NaN

INPUT,0.381742238998413,0.0362512432038784,0.784460604190826,-2.90845632553101,3.13303160667419,-1.61743581295013,K,17
OUTPUT,NaN,NaN,NaN,NaN,NaN,NaN

INPUT,0.383971184492111,0.0363121889531612,0.790071785449982,-2.92953848838806,3.13280701637268,-1.59274315834045,K,18
OUTPUT,NaN,NaN,NaN,NaN,NaN,NaN

INPUT,0.385308533906937,0.0363487564027309,0.79343855381012,-2.94223093986511,3.1326744556427,-1.57797122001648,K,19
OUTPUT,NaN,NaN,NaN,NaN,NaN,NaN

INPUT,0.385754317045212,0.0363609455525875,0.794560790061951,-2.94646835327148,3.13263058662415,-1.57305383682251,K,20
OUTPUT,NaN,NaN,NaN,NaN,NaN,NaN

INPUT,0.362136483192444,0.0333004780113697,0.733260631561279,-3.07251262664795,3.13342452049255,-1.99965822696686,K,12
OUTPUT,NaN,NaN,NaN,NaN,NaN,NaN

INPUT,0.366688817739487,0.0331709161400795,0.744527697563171,-3.12693953514099,3.13276791572571,-1.94117271900177,K,13
OUTPUT,NaN,NaN,NaN,NaN,NaN,NaN

INPUT,0.371241122484207,0.0330413579940796,0.755794644355774,3.10154318809509,3.13213920593262,-1.8829630613327,K,14
OUTPUT,NaN,NaN,NaN,NaN,NaN,NaN

INPUT,0.375793427228928,0.0329117961227894,0.767061650753021,3.046626329422,3.13154077529907,-1.8249671459198,K,15
OUTPUT,NaN,NaN,NaN,NaN,NaN,NaN

INPUT,0.379890501499176,0.0327951908111572,0.777202010154724,2.99705529212952,3.1310293674469,-1.77291631698608,K,16
OUTPUT,NaN,NaN,NaN,NaN,NaN,NaN

INPUT,0.383077144622803,0.0327044986188412,0.785088896751404,2.95842170715332,3.13065052032471,-1.73251032829285,K,17
OUTPUT,NaN,NaN,NaN,NaN,NaN,NaN

INPUT,0.385353296995163,0.0326397158205509,0.790722370147705,2.93079018592834,3.13039040565491,-1.70368504524231,K,18
OUTPUT,NaN,NaN,NaN,NaN,NaN,NaN

INPUT,0.386718988418579,0.0326008498668671,0.794102489948273,2.91419839859009,3.13023853302002,-1.68640279769897,K,19
OUTPUT,NaN,NaN,NaN,NaN,NaN,NaN

INPUT,0.387174218893051,0.032587893307209,0.795229196548462,2.90866565704346,3.13018846511841,-1.68064403533936,K,20
OUTPUT,NaN,NaN,NaN,NaN,NaN,NaN

INPUT,0.356385499238968,0.0375416204333305,0.735965371131897,0.0652767419815063,3.09227275848389,1.10433900356293,K,5
OUTPUT,NaN,NaN,NaN,NaN,NaN,NaN

INPUT,0.361470490694046,0.037961907684803,0.749672889709473,-0.00853089429438114,3.08504295349121,1.18917465209961,K,6
OUTPUT,NaN,NaN,NaN,NaN,NaN,NaN

INPUT,0.365425497293472,0.0382887981832027,0.760334312915802,-0.0668191835284233,3.07966232299805,1.25429713726044,K,7
OUTPUT,NaN,NaN,NaN,NaN,NaN,NaN

INPUT,0.368250489234924,0.0385222919285297,0.76794958114624,-0.108796924352646,3.07596182823181,1.3004823923111,K,8
OUTPUT,NaN,NaN,NaN,NaN,NaN,NaN

INPUT,0.369945496320724,0.0386623851954937,0.772518754005432,-0.134094893932343,3.07380223274231,1.32808721065521,K,9
OUTPUT,NaN,NaN,NaN,NaN,NaN,NaN

INPUT,0.357265174388885,0.0350794568657875,0.735957860946655,0.12170448154211,3.10902094841003,1.25765824317932,K,5
OUTPUT,NaN,NaN,NaN,NaN,NaN,NaN

INPUT,0.362407922744751,0.0351314656436443,0.749602198600769,0.0391579195857048,3.1041955947876,1.34851026535034,K,6
OUTPUT,NaN,NaN,NaN,NaN,NaN,NaN

INPUT,0.366407871246338,0.0351719185709953,0.760214447975159,-0.0257100164890289,3.10063457489014,1.41851806640625,K,7
OUTPUT,NaN,NaN,NaN,NaN,NaN,NaN

INPUT,0.369264960289001,0.0352008119225502,0.767794609069824,-0.0723001286387444,3.0982038974762,1.46827375888824,K,8
OUTPUT,NaN,NaN,NaN,NaN,NaN,NaN

INPUT,0.370979189872742,0.0352181494235992,0.772342681884766,-0.100336663424969,3.09679341316223,1.49804723262787,K,9
OUTPUT,NaN,NaN,NaN,NaN,NaN,NaN

INPUT,0.363708078861237,0.0344248339533806,0.737148761749268,0.179079219698906,3.13285326957703,1.29490303993225,K,5
OUTPUT,NaN,NaN,NaN,NaN,NaN,NaN

INPUT,0.369613319635391,0.0343877039849758,0.750678837299347,0.0905260890722275,3.13119077682495,1.37667441368103,K,6
OUTPUT,NaN,NaN,NaN,NaN,NaN,NaN

INPUT,0.374206244945526,0.0343588292598724,0.761202275753021,0.0223078969866037,3.12994909286499,1.44093179702759,K,7
OUTPUT,NaN,NaN,NaN,NaN,NaN,NaN

INPUT,0.377486914396286,0.0343382023274899,0.768718957901001,-0.0261826571077108,3.12909317016602,1.48706710338593,K,8
OUTPUT,NaN,NaN,NaN,NaN,NaN,NaN

INPUT,0.379455327987671,0.0343258231878281,0.773229002952576,-0.0552035868167877,3.12859296798706,1.51482224464417,K,9
OUTPUT,NaN,NaN,NaN,NaN,NaN,NaN

INPUT,0.361565381288528,0.0356382951140404,0.724238455295563,-2.7391152381897,3.13458633422852,-1.92197799682617,K,4
OUTPUT,NaN,NaN,NaN,NaN,NaN,NaN

INPUT,0.36792179942131,0.0358203873038292,0.73755931854248,-2.79033350944519,3.13401341438293,-1.82594680786133,K,5
OUTPUT,NaN,NaN,NaN,NaN,NaN,NaN

INPUT,0.374278217554092,0.0360024757683277,0.750880122184753,-2.84461212158203,3.13347816467285,-1.73297560214996,K,6
OUTPUT,NaN,NaN,NaN,NaN,NaN,NaN

INPUT,0.379222065210342,0.0361441001296043,0.761240780353546,-2.88845801353455,3.13309025764465,-1.66229391098022,K,7
OUTPUT,NaN,NaN,NaN,NaN,NaN,NaN

INPUT,0.382753401994705,0.0362452641129494,0.768641233444214,-2.92048406600952,3.13282942771912,-1.61251413822174,K,8
OUTPUT,NaN,NaN,NaN,NaN,NaN,NaN

INPUT,0.384872227907181,0.0363059602677822,0.773081481456757,-2.93994426727295,3.13267946243286,-1.58289086818695,K,9
OUTPUT,NaN,NaN,NaN,NaN,NaN,NaN

INPUT,0.362605601549149,0.033436119556427,0.724990606307983,-3.05658960342407,3.13282108306885,-2.04875564575195,K,4
OUTPUT,NaN,NaN,NaN,NaN,NaN,NaN

INPUT,0.369050323963165,0.0332255251705647,0.738289356231689,-3.13933897018433,3.1320104598999,-1.94990670681,K,5
OUTPUT,NaN,NaN,NaN,NaN,NaN,NaN

INPUT,0.375495046377182,0.0330149307847023,0.751588225364685,3.05989241600037,3.1312780380249,-1.85226154327393,K,6
OUTPUT,NaN,NaN,NaN,NaN,NaN,NaN

INPUT,0.380507588386536,0.0328511334955692,0.761931717395782,2.99398565292358,3.13076663017273,-1.77692425251007,K,7
OUTPUT,NaN,NaN,NaN,NaN,NaN,NaN

INPUT,0.384087979793549,0.0327341370284557,0.769319951534271,2.94665575027466,3.13043427467346,-1.72336530685425,K,8
OUTPUT,NaN,NaN,NaN,NaN,NaN,NaN

INPUT,0.386236220598221,0.0326639376580715,0.773752868175507,2.91817283630371,3.13024830818176,-1.69131481647491,K,9
OUTPUT,NaN,NaN,NaN,NaN,NaN,NaN

INPUT,0.360761284828186,0.0351963825523853,0.73278671503067,-2.86220550537109,3.13460540771484,-1.97525346279144,K,12
OUTPUT,NaN,NaN,NaN,NaN,NaN,NaN

INPUT,0.365168303251266,0.0352662168443203,0.744005143642426,-2.90453290939331,3.13403153419495,-1.92423689365387,K,13
OUTPUT,NaN,NaN,NaN,NaN,NaN,NaN

INPUT,0.369575321674347,0.0353360511362553,0.755223453044891,-2.94746565818787,3.13347411155701,-1.87382578849792,K,14
OUTPUT,NaN,NaN,NaN,NaN,NaN,NaN

INPUT,0.373982340097427,0.0354058854281902,0.766441822052002,-2.99087262153625,3.13293433189392,-1.82388830184937,K,15
OUTPUT,NaN,NaN,NaN,NaN,NaN,NaN

INPUT,0.377948641777039,0.0354687348008156,0.776538372039795,-3.03026366233826,3.13246440887451,-1.77926933765411,K,16
OUTPUT,NaN,NaN,NaN,NaN,NaN,NaN

INPUT,0.381033569574356,0.0355176217854023,0.784391224384308,-3.06107759475708,3.13211011886597,-1.74474227428436,K,17
OUTPUT,NaN,NaN,NaN,NaN,NaN,NaN

INPUT,0.383237063884735,0.0355525389313698,0.790000438690186,-3.08316969871521,3.13186311721802,-1.72016179561615,K,18
OUTPUT,NaN,NaN,NaN,NaN,NaN,NaN

INPUT,0.384559154510498,0.035573486238718,0.793365955352783,-3.09645438194275,3.13171744346619,-1.7054431438446,K,19
OUTPUT,NaN,NaN,NaN,NaN,NaN,NaN

INPUT,0.384999871253967,0.0355804711580276,0.794487774372101,-3.10088729858398,3.13166928291321,-1.70054161548615,K,20
OUTPUT,NaN,NaN,NaN,NaN,NaN,NaN

INPUT,0.349992543458939,0.0381291434168816,0.732524812221527,0.154720187187195,3.09339594841003,1.22736096382141,K,12
OUTPUT,NaN,NaN,NaN,NaN,NaN,NaN

INPUT,0.353266000747681,0.0385076850652695,0.743715584278107,0.0976866036653519,3.08879017829895,1.28326654434204,K,13
OUTPUT,NaN,NaN,NaN,NaN,NaN,NaN

INPUT,0.3565394282341,0.0388862229883671,0.754906296730042,0.0407354906201363,3.08435273170471,1.33926773071289,K,14
OUTPUT,NaN,NaN,NaN,NaN,NaN,NaN

INPUT,0.359812885522842,0.039264764636755,0.766097068786621,-0.0161554925143719,3.08009767532349,1.39534318447113,K,15
OUTPUT,NaN,NaN,NaN,NaN,NaN,NaN

INPUT,0.362758994102478,0.0396054498851299,0.776168763637543,-0.0673191100358963,3.07643532752991,1.44586169719696,K,16
OUTPUT,NaN,NaN,NaN,NaN,NaN,NaN

INPUT,0.365050405263901,0.0398704260587692,0.784002244472504,-0.107093498110771,3.07370281219482,1.48518168926239,K,17
OUTPUT,NaN,NaN,NaN,NaN,NaN,NaN

INPUT,0.366687148809433,0.0400596968829632,0.789597630500793,-0.135495245456696,3.07181549072266,1.51328027248383,K,18
OUTPUT,NaN,NaN,NaN,NaN,NaN,NaN

INPUT,0.36766916513443,0.0401732586324215,0.792954862117767,-0.152533352375031,3.07070994377136,1.53014397621155,K,19
OUTPUT,NaN,NaN,NaN,NaN,NaN,NaN

INPUT,0.367996513843536,0.0402111113071442,0.794073939323425,-0.158212319016457,3.07034587860107,1.53576612472534,K,20
OUTPUT,NaN,NaN,NaN,NaN,NaN,NaN

INPUT,0.357917428016663,0.0355609059333801,0.733097076416016,-3.04563689231873,3.13672399520874,-1.93753969669342,K,12
OUTPUT,NaN,NaN,NaN,NaN,NaN,NaN

INPUT,0.362025916576385,0.0356691963970661,0.744346797466278,-3.09960865974426,3.13637852668762,-1.87488985061646,K,13
OUTPUT,NaN,NaN,NaN,NaN,NaN,NaN

INPUT,0.366134434938431,0.0357774831354618,0.755596518516541,3.12907791137695,3.13605070114136,-1.81276726722717,K,14
OUTPUT,NaN,NaN,NaN,NaN,NaN,NaN

INPUT,0.370242923498154,0.0358857735991478,0.766846239566803,3.07416415214539,3.13574171066284,-1.75105953216553,K,15
OUTPUT,NaN,NaN,NaN,NaN,NaN,NaN

INPUT,0.37394055724144,0.0359832309186459,0.776970982551575,3.02445650100708,3.13548040390015,-1.69580745697021,K,16
OUTPUT,NaN,NaN,NaN,NaN,NaN,NaN

INPUT,0.376816511154175,0.036059033125639,0.784845769405365,2.98564076423645,3.13528871536255,-1.6529883146286,K,17
OUTPUT,NaN,NaN,NaN,NaN,NaN,NaN

INPUT,0.378870755434036,0.0361131802201271,0.790470600128174,2.957843542099,3.13515830039978,-1.62247443199158,K,18
OUTPUT,NaN,NaN,NaN,NaN,NaN,NaN

INPUT,0.380103290081024,0.0361456647515297,0.793845534324646,2.94113945960999,3.13508248329163,-1.60419189929962,K,19
OUTPUT,NaN,NaN,NaN,NaN,NaN,NaN

INPUT,0.380514144897461,0.0361564941704273,0.794970512390137,2.93556761741638,3.1350576877594,-1.59810173511505,K,20
OUTPUT,NaN,NaN,NaN,NaN,NaN,NaN

INPUT,0.36106413602829,0.0351862721145153,0.724104523658752,-2.86229944229126,3.13395142555237,-2.02911996841431,K,4
OUTPUT,NaN,NaN,NaN,NaN,NaN,NaN

INPUT,0.367347568273544,0.0352884829044342,0.737441539764404,-2.92297053337097,3.13328123092651,-1.93965935707092,K,5
OUTPUT,NaN,NaN,NaN,NaN,NaN,NaN

INPUT,0.373631000518799,0.0353906899690628,0.750778555870056,-2.98572754859924,3.13265657424927,-1.85228431224823,K,6
OUTPUT,NaN,NaN,NaN,NaN,NaN,NaN

INPUT,0.378518134355545,0.0354701839387417,0.761151731014252,-3.03563404083252,3.13220429420471,-1.78542101383209,K,7
OUTPUT,NaN,NaN,NaN,NaN,NaN,NaN

INPUT,0.382008939981461,0.0355269685387611,0.768561184406281,-3.07175230979919,3.13190054893494,-1.73813223838806,K,8
OUTPUT,NaN,NaN,NaN,NaN,NaN,NaN

INPUT,0.384103417396545,0.0355610400438309,0.773006856441498,-3.09358501434326,3.13172602653503,-1.70992088317871,K,9
OUTPUT,NaN,NaN,NaN,NaN,NaN,NaN

INPUT,0.355580270290375,0.0384474620223045,0.735982298851013,0.0805654153227806,3.08950233459473,1.26996862888336,K,5
OUTPUT,NaN,NaN,NaN,NaN,NaN,NaN

INPUT,0.360556274652481,0.0390016213059425,0.749713540077209,-0.00435709301382303,3.0821590423584,1.36665904521942,K,6
OUTPUT,NaN,NaN,NaN,NaN,NaN,NaN

INPUT,0.364426493644714,0.0394326336681843,0.760393440723419,-0.0713169127702713,3.07678198814392,1.44097971916199,K,7
OUTPUT,NaN,NaN,NaN,NaN,NaN,NaN

INPUT,0.367190927267075,0.0397405028343201,0.768021881580353,-0.119498215615749,3.07313704490662,1.49372792243958,K,8
OUTPUT,NaN,NaN,NaN,NaN,NaN,NaN

INPUT,0.368849575519562,0.0399252250790596,0.7725989818573,-0.148521140217781,3.07103300094604,1.5252685546875,K,9
OUTPUT,NaN,NaN,NaN,NaN,NaN,NaN

INPUT,0.352831691503525,0.0344691686332226,0.732790589332581,0.194392576813698,3.11572790145874,1.17523336410522,K,12
OUTPUT,NaN,NaN,NaN,NaN,NaN,NaN

INPUT,0.35640487074852,0.0344625450670719,0.74400794506073,0.14186729490757,3.11316013336182,1.22594690322876,K,13
OUTPUT,NaN,NaN,NaN,NaN,NaN,NaN

INPUT,0.359978020191193,0.034455917775631,0.755225241184235,0.0894884094595909,3.11066794395447,1.27681028842926,K,14
OUTPUT,NaN,NaN,NaN,NaN,NaN,NaN

INPUT,0.363551169633865,0.0344492942094803,0.766442596912384,0.0372189693152905,3.10825800895691,1.3277872800827,K,15
OUTPUT,NaN,NaN,NaN,NaN,NaN,NaN

INPUT,0.366767019033432,0.0344433300197124,0.776538252830505,-0.00975145027041435,3.10616493225098,1.37374222278595,K,16
OUTPUT,NaN,NaN,NaN,NaN,NaN,NaN

INPUT,0.369268238544464,0.0344386957585812,0.784390389919281,-0.0462459921836853,3.10458946228027,1.40952503681183,K,17
OUTPUT,NaN,NaN,NaN,NaN,NaN,NaN

INPUT,0.371054828166962,0.0344353802502155,0.789999067783356,-0.0722963958978653,3.10349369049072,1.43510270118713,K,18
OUTPUT,NaN,NaN,NaN,NaN,NaN,NaN

INPUT,0.372126758098602,0.0344333946704865,0.793364226818085,-0.0879205092787743,3.10284852981567,1.45045578479767,K,19
OUTPUT,NaN,NaN,NaN,NaN,NaN,NaN

INPUT,0.372484087944031,0.0344327315688133,0.794485986232758,-0.0931276455521584,3.10263538360596,1.45557475090027,K,20
OUTPUT,NaN,NaN,NaN,NaN,NaN,NaN

INPUT,0.358225703239441,0.0355466566979885,0.72404807806015,-3.0286328792572,3.13598561286926,-1.987677693367,K,4
OUTPUT,NaN,NaN,NaN,NaN,NaN,NaN

INPUT,0.364091694355011,0.0357151627540588,0.73752760887146,-3.11190891265869,3.13566660881042,-1.88339364528656,K,5
OUTPUT,NaN,NaN,NaN,NaN,NaN,NaN

INPUT,0.369957715272903,0.0358836650848389,0.751007199287415,3.08700561523438,3.13539910316467,-1.78010427951813,K,6
OUTPUT,NaN,NaN,NaN,NaN,NaN,NaN

INPUT,0.374520182609558,0.0360147245228291,0.761491298675537,3.02095603942871,3.13522815704346,-1.70027375221252,K,7
OUTPUT,NaN,NaN,NaN,NaN,NaN,NaN

INPUT,0.377779096364975,0.0361083410680294,0.768979966640472,2.97357225418091,3.13512659072876,-1.64345717430115,K,8
OUTPUT,NaN,NaN,NaN,NaN,NaN,NaN

INPUT,0.379734426736832,0.0361645072698593,0.773473143577576,2.94507598876953,3.13507390022278,-1.60943341255188,K,9
OUTPUT,NaN,NaN,NaN,NaN,NaN,NaN

INPUT,0.362223893404007,0.0343196392059326,0.73299241065979,-2.88833165168762,3.12437868118286,-1.93056058883667,K,12
OUTPUT,NaN,NaN,NaN,NaN,NaN,NaN

INPUT,0.366784542798996,0.0342972502112389,0.744232654571533,-2.93690943717957,3.12283563613892,-1.87833595275879,K,13
OUTPUT,NaN,NaN,NaN,NaN,NaN,NaN

INPUT,0.371345221996307,0.0342748649418354,0.755472779273987,-2.98576164245605,3.12134003639221,-1.8263840675354,K,14
OUTPUT,NaN,NaN,NaN,NaN,NaN,NaN

INPUT,0.375905871391296,0.0342524796724319,0.766712963581085,-3.03482484817505,3.11989569664001,-1.77464139461517,K,15
OUTPUT,NaN,NaN,NaN,NaN,NaN,NaN

INPUT,0.380010455846786,0.0342323333024979,0.776829183101654,-3.07912373542786,3.11864280700684,-1.72821402549744,K,16
OUTPUT,NaN,NaN,NaN,NaN,NaN,NaN

INPUT,0.383202940225601,0.0342166610062122,0.784697294235229,-3.11365509033203,3.11770105361938,-1.69217932224274,K,17
OUTPUT,NaN,NaN,NaN,NaN,NaN,NaN

INPUT,0.385483264923096,0.0342054702341557,0.790317356586456,-3.13835525512695,3.11704635620117,-1.66647481918335,K,18
OUTPUT,NaN,NaN,NaN,NaN,NaN,NaN

INPUT,0.386851459741592,0.0341987535357475,0.793689429759979,3.12999749183655,3.11666107177734,-1.65106451511383,K,19
OUTPUT,NaN,NaN,NaN,NaN,NaN,NaN

INPUT,0.387307524681091,0.0341965146362782,0.794813454151154,3.12505125999451,3.1165337562561,-1.64592981338501,K,20
OUTPUT,NaN,NaN,NaN,NaN,NaN,NaN

INPUT,0.359377324581146,0.0337143838405609,0.72180300951004,-2.91518497467041,3.12440347671509,-2.02648210525513,K,11
OUTPUT,NaN,NaN,NaN,NaN,NaN,NaN

INPUT,0.364139944314957,0.0336180776357651,0.733048975467682,-2.96584296226501,3.12265944480896,-1.9726037979126,K,12
OUTPUT,NaN,NaN,NaN,NaN,NaN,NaN

INPUT,0.368902593851089,0.0335217677056789,0.744294941425323,-3.01677012443542,3.1209671497345,-1.91899299621582,K,13
OUTPUT,NaN,NaN,NaN,NaN,NaN,NaN

INPUT,0.3736652135849,0.0334254615008831,0.755540907382965,-3.0678985118866,3.1193311214447,-1.86558187007904,K,14
OUTPUT,NaN,NaN,NaN,NaN,NaN,NaN

INPUT,0.37842783331871,0.033329151570797,0.766786873340607,-3.11918187141418,3.117755651474,-1.81232357025146,K,15
OUTPUT,NaN,NaN,NaN,NaN,NaN,NaN

INPUT,0.382714211940765,0.0332424752414227,0.776908278465271,3.1177442073822,3.11639356613159,-1.76449382305145,K,16
OUTPUT,NaN,NaN,NaN,NaN,NaN,NaN

INPUT,0.386048048734665,0.0331750586628914,0.784780442714691,3.08170866966248,3.1153724193573,-1.72734785079956,K,17
OUTPUT,NaN,NaN,NaN,NaN,NaN,NaN

INPUT,0.388429373502731,0.0331269055604935,0.790403485298157,3.05594348907471,3.11466431617737,-1.70084011554718,K,18
OUTPUT,NaN,NaN,NaN,NaN,NaN,NaN

INPUT,0.389858156442642,0.0330980122089386,0.793777227401733,3.0404748916626,3.11424851417542,-1.6849445104599,K,19
OUTPUT,NaN,NaN,NaN,NaN,NaN,NaN

INPUT,0.39033442735672,0.0330883823335171,0.794901847839355,3.03531742095947,3.11411118507385,-1.67964732646942,K,20
OUTPUT,NaN,NaN,NaN,NaN,NaN,NaN

INPUT,0.360739946365356,0.0348421335220337,0.721514225006104,-2.86362719535828,3.10668039321899,-1.97793996334076,K,11
OUTPUT,NaN,NaN,NaN,NaN,NaN,NaN

INPUT,0.36566373705864,0.0348786152899265,0.732724845409393,-2.91486811637878,3.10300755500793,-1.92498183250427,K,12
OUTPUT,NaN,NaN,NaN,NaN,NaN,NaN

INPUT,0.370587527751923,0.0349150970578194,0.743935465812683,-2.96626043319702,3.09943914413452,-1.87216758728027,K,13
OUTPUT,NaN,NaN,NaN,NaN,NaN,NaN

INPUT,0.375511318445206,0.0349515788257122,0.755146086215973,-3.01776576042175,3.09598541259766,-1.81945896148682,K,14
OUTPUT,NaN,NaN,NaN,NaN,NaN,NaN

INPUT,0.380435109138489,0.034988060593605,0.766356706619263,-3.06935858726501,3.09265518188477,-1.76682960987091,K,15
OUTPUT,NaN,NaN,NaN,NaN,NaN,NaN

INPUT,0.384866505861282,0.0350208915770054,0.776446223258972,-3.11585164070129,3.08977127075195,-1.7195155620575,K,16
OUTPUT,NaN,NaN,NaN,NaN,NaN,NaN

INPUT,0.388313174247742,0.0350464284420013,0.784293651580811,3.13114023208618,3.08760690689087,-1.68274307250977,K,17
OUTPUT,NaN,NaN,NaN,NaN,NaN,NaN

INPUT,0.390775054693222,0.0350646711885929,0.789898991584778,3.10527276992798,3.08610463142395,-1.65648949146271,K,18
OUTPUT,NaN,NaN,NaN,NaN,NaN,NaN

INPUT,0.392252206802368,0.0350756160914898,0.793262183666229,3.08974695205688,3.0852210521698,-1.64074170589447,K,19
OUTPUT,NaN,NaN,NaN,NaN,NaN,NaN

INPUT,0.392744570970535,0.035079263150692,0.794383227825165,3.08457088470459,3.08492970466614,-1.63549315929413,K,20
OUTPUT,NaN,NaN,NaN,NaN,NaN,NaN

INPUT,0.354511260986328,0.0352977402508259,0.73218846321106,0.241524517536163,3.12623572349548,1.24652218818665,K,12
OUTPUT,NaN,NaN,NaN,NaN,NaN,NaN

INPUT,0.358261048793793,0.0353783704340458,0.743342578411102,0.1867386251688,3.12467813491821,1.29750943183899,K,13
OUTPUT,NaN,NaN,NaN,NaN,NaN,NaN

INPUT,0.362010806798935,0.035459004342556,0.7544966340065,0.132268488407135,3.12316799163818,1.34881365299225,K,14
OUTPUT,NaN,NaN,NaN,NaN,NaN,NaN

INPUT,0.3657605946064,0.0355396345257759,0.765650808811188,0.0780338123440742,3.12170910835266,1.40035498142242,K,15
OUTPUT,NaN,NaN,NaN,NaN,NaN,NaN

INPUT,0.36913537979126,0.0356121994554996,0.775689482688904,0.0293781254440546,3.12044358253479,1.44689881801605,K,16
OUTPUT,NaN,NaN,NaN,NaN,NaN,NaN

INPUT,0.371760219335556,0.0356686413288116,0.783497393131256,-0.00838347151875496,3.11949229240417,1.48318219184875,K,17
OUTPUT,NaN,NaN,NaN,NaN,NaN,NaN

INPUT,0.373635083436966,0.0357089564204216,0.789074420928955,-0.03531888499856,3.11883115768433,1.50913667678833,K,18
OUTPUT,NaN,NaN,NaN,NaN,NaN,NaN

INPUT,0.374760031700134,0.0357331484556198,0.79242068529129,-0.0514668002724648,3.11844205856323,1.52472269535065,K,19
OUTPUT,NaN,NaN,NaN,NaN,NaN,NaN

INPUT,0.375135004520416,0.0357412099838257,0.793536067008972,-0.0568474642932415,3.11831378936768,1.52992010116577,K,20
OUTPUT,NaN,NaN,NaN,NaN,NaN,NaN

INPUT,0.36204731464386,0.033240731805563,0.73266613483429,-3.0683159828186,3.11365342140198,-1.87905073165894,K,12
OUTPUT,NaN,NaN,NaN,NaN,NaN,NaN

INPUT,0.36659038066864,0.0331047885119915,0.743870556354523,-3.1300892829895,3.11122941970825,-1.81564116477966,K,13
OUTPUT,NaN,NaN,NaN,NaN,NaN,NaN

INPUT,0.37113344669342,0.0329688414931297,0.755074977874756,3.09120225906372,3.10892415046692,-1.75234770774841,K,14
OUTPUT,NaN,NaN,NaN,NaN,NaN,NaN

INPUT,0.375676512718201,0.0328328981995583,0.766279399394989,3.02921628952026,3.10674691200256,-1.68914198875427,K,15
OUTPUT,NaN,NaN,NaN,NaN,NaN,NaN

INPUT,0.379765272140503,0.0327105484902859,0.776363372802734,2.97336673736572,3.10490369796753,-1.63231492042542,K,16
OUTPUT,NaN,NaN,NaN,NaN,NaN,NaN

INPUT,0.382945418357849,0.0326153859496117,0.784206509590149,2.92989492416382,3.10355043411255,-1.58814668655396,K,17
OUTPUT,NaN,NaN,NaN,NaN,NaN,NaN

INPUT,0.385216951370239,0.0325474143028259,0.789808690547943,2.89882850646973,3.10262823104858,-1.55661177635193,K,18
OUTPUT,NaN,NaN,NaN,NaN,NaN,NaN

INPUT,0.386579871177673,0.0325066298246384,0.793170034885406,2.88018345832825,3.10209321975708,-1.5376957654953,K,19
OUTPUT,NaN,NaN,NaN,NaN,NaN,NaN

INPUT,0.387034177780151,0.0324930362403393,0.794290482997894,2.87396740913391,3.10191798210144,-1.53139114379883,K,20
OUTPUT,NaN,NaN,NaN,NaN,NaN,NaN

INPUT,0.363884925842285,0.0330500230193138,0.721265554428101,-2.97060799598694,3.08861970901489,-2.0123496055603,K,11
OUTPUT,NaN,NaN,NaN,NaN,NaN,NaN

INPUT,0.369176536798477,0.0328752435743809,0.732451140880585,-3.02640438079834,3.08308815956116,-1.95537161827087,K,12
OUTPUT,NaN,NaN,NaN,NaN,NaN,NaN

INPUT,0.374468147754669,0.0327004641294479,0.743636727333069,-3.08231091499329,3.0777428150177,-1.89848530292511,K,13
OUTPUT,NaN,NaN,NaN,NaN,NaN,NaN

INPUT,0.379759788513184,0.032525684684515,0.754822313785553,-3.1383011341095,3.07260012626648,-1.84166395664215,K,14
OUTPUT,NaN,NaN,NaN,NaN,NaN,NaN

INPUT,0.385051399469376,0.0323509052395821,0.766007900238037,3.08882784843445,3.06767678260803,-1.78488945960999,K,15
OUTPUT,NaN,NaN,NaN,NaN,NaN,NaN

INPUT,0.389813840389252,0.0321936048567295,0.776074945926666,3.03833055496216,3.06344628334045,-1.73382151126862,K,16
OUTPUT,NaN,NaN,NaN,NaN,NaN,NaN

INPUT,0.393517971038818,0.0320712588727474,0.783904850482941,2.9990291595459,3.06029462814331,-1.69411647319794,K,17
OUTPUT,NaN,NaN,NaN,NaN,NaN,NaN

INPUT,0.396163791418076,0.0319838710129261,0.789497673511505,2.97094464302063,3.05812072753906,-1.66576194763184,K,18
OUTPUT,NaN,NaN,NaN,NaN,NaN,NaN

INPUT,0.397751271724701,0.0319314375519753,0.792853355407715,2.95408940315247,3.05684804916382,-1.6487512588501,K,19
OUTPUT,NaN,NaN,NaN,NaN,NaN,NaN

INPUT,0.398280441761017,0.0319139584898949,0.79397189617157,2.94847011566162,3.05642914772034,-1.64308142662048,K,20
OUTPUT,NaN,NaN,NaN,NaN,NaN,NaN

INPUT,0.355661302804947,0.0355072915554047,0.732634902000427,0.297275364398956,3.12948060035706,1.1955463886261,K,12
OUTPUT,NaN,NaN,NaN,NaN,NaN,NaN

INPUT,0.359532058238983,0.035610020160675,0.743835985660553,0.24761238694191,3.12820601463318,1.24041998386383,K,13
OUTPUT,NaN,NaN,NaN,NaN,NaN,NaN

INPUT,0.363402813673019,0.0357127487659454,0.755037069320679,0.198361590504646,3.12696099281311,1.28570628166199,K,14
OUTPUT,NaN,NaN,NaN,NaN,NaN,NaN

INPUT,0.367273569107056,0.0358154810965061,0.766238212585449,0.149417549371719,3.12574887275696,1.33130061626434,K,15
OUTPUT,NaN,NaN,NaN,NaN,NaN,NaN

INPUT,0.370757251977921,0.0359079353511333,0.776319205760956,0.10557022690773,3.12468791007996,1.37253832817078,K,16
OUTPUT,NaN,NaN,NaN,NaN,NaN,NaN

INPUT,0.373466789722443,0.0359798446297646,0.784159958362579,0.0715732425451279,3.12388372421265,1.40471911430359,K,17
OUTPUT,NaN,NaN,NaN,NaN,NaN,NaN

INPUT,0.375402182340622,0.03603121265769,0.789760529994965,0.047337893396616,3.12332129478455,1.42775404453278,K,18
OUTPUT,NaN,NaN,NaN,NaN,NaN,NaN

INPUT,0.376563400030136,0.0360620282590389,0.793120861053467,0.0328141562640667,3.1229887008667,1.44159233570099,K,19
OUTPUT,NaN,NaN,NaN,NaN,NaN,NaN

INPUT,0.376950472593307,0.0360723026096821,0.794240951538086,0.0279755648225546,3.12287855148315,1.44620776176453,K,20
OUTPUT,NaN,NaN,NaN,NaN,NaN,NaN

INPUT,0.358553946018219,0.0344673916697502,0.736538171768188,0.129217982292175,3.11381554603577,1.21677827835083,K,5
OUTPUT,NaN,NaN,NaN,NaN,NaN,NaN

INPUT,0.363848000764847,0.0344288349151611,0.750204801559448,0.0498496890068054,3.10958862304688,1.30341124534607,K,6
OUTPUT,NaN,NaN,NaN,NaN,NaN,NaN

INPUT,0.36796560883522,0.0343988463282585,0.760834455490112,-0.0124759003520012,3.10645174980164,1.37020528316498,K,7
OUTPUT,NaN,NaN,NaN,NaN,NaN,NaN

INPUT,0.370906740427017,0.0343774296343327,0.768427073955536,-0.0572222098708153,3.10430002212524,1.41769158840179,K,8
OUTPUT,NaN,NaN,NaN,NaN,NaN,NaN

INPUT,0.37267142534256,0.034364577382803,0.772982597351074,-0.0841431692242622,3.10304665565491,1.44611179828644,K,9
OUTPUT,NaN,NaN,NaN,NaN,NaN,NaN

INPUT,0.36796635389328,0.0336114689707756,0.731246113777161,-3.00740551948547,3.12102699279785,-1.95478737354279,K,5
OUTPUT,NaN,NaN,NaN,NaN,NaN,NaN

INPUT,0.375822126865387,0.0334441438317299,0.746964931488037,-3.09275794029236,3.11835551261902,-1.85452795028687,K,6
OUTPUT,NaN,NaN,NaN,NaN,NaN,NaN

INPUT,0.38193216919899,0.0333140008151531,0.759190618991852,3.12298059463501,3.11641407012939,-1.77760589122772,K,7
OUTPUT,NaN,NaN,NaN,NaN,NaN,NaN

INPUT,0.386296510696411,0.0332210436463356,0.76792323589325,3.07438945770264,3.11510682106018,-1.72307443618774,K,8
OUTPUT,NaN,NaN,NaN,NaN,NaN,NaN

INPUT,0.388915121555328,0.033165268599987,0.773162841796875,3.04510021209717,3.11435580253601,-1.69048929214478,K,9
OUTPUT,NaN,NaN,NaN,NaN,NaN,NaN

INPUT,0.369341641664505,0.0349290370941162,0.731033205986023,-2.95512747764587,3.10029864311218,-1.90616762638092,K,5
OUTPUT,NaN,NaN,NaN,NaN,NaN,NaN

INPUT,0.377359598875046,0.0350063554942608,0.746650815010071,-3.04173374176025,3.09439706802368,-1.80769789218903,K,6
OUTPUT,NaN,NaN,NaN,NaN,NaN,NaN

INPUT,0.383595794439316,0.0350664965808392,0.758797764778137,-3.11001515388489,3.09008264541626,-1.73201465606689,K,7
OUTPUT,NaN,NaN,NaN,NaN,NaN,NaN

INPUT,0.388050228357315,0.0351094491779804,0.767474174499512,3.12404227256775,3.087162733078,-1.67830073833466,K,8
OUTPUT,NaN,NaN,NaN,NaN,NaN,NaN

INPUT,0.390722870826721,0.0351352244615555,0.772680044174194,3.09445142745972,3.08547925949097,-1.64618277549744,K,9
OUTPUT,NaN,NaN,NaN,NaN,NaN,NaN

INPUT,0.372894287109375,0.0329390689730644,0.730974614620209,-3.06996035575867,3.07945322990417,-1.93498575687408,K,5
OUTPUT,NaN,NaN,NaN,NaN,NaN,NaN

INPUT,0.381432265043259,0.032687570899725,0.746479749679565,3.11897468566895,3.07051396369934,-1.82889330387115,K,6
OUTPUT,NaN,NaN,NaN,NaN,NaN,NaN

INPUT,0.38807287812233,0.0324919633567333,0.758539259433746,3.04473567008972,3.06404781341553,-1.74726819992065,K,7
OUTPUT,NaN,NaN,NaN,NaN,NaN,NaN

INPUT,0.392816215753555,0.0323522426187992,0.767153203487396,2.99134945869446,3.05971431732178,-1.68929958343506,K,8
OUTPUT,NaN,NaN,NaN,NaN,NaN,NaN

INPUT,0.395662188529968,0.0322684086859226,0.772321581840515,2.95920276641846,3.0572350025177,-1.6546243429184,K,9
OUTPUT,NaN,NaN,NaN,NaN,NaN,NaN

INPUT,0.362700641155243,0.034355353564024,0.724926054477692,-2.87752723693848,3.12423300743103,-1.9779292345047,K,4
OUTPUT,NaN,NaN,NaN,NaN,NaN,NaN

INPUT,0.369081616401672,0.0343155041337013,0.738133192062378,-2.94977569580078,3.1220064163208,-1.88802194595337,K,5
OUTPUT,NaN,NaN,NaN,NaN,NaN,NaN

INPUT,0.375462561845779,0.0342756509780884,0.751340329647064,-3.02378678321838,3.11990737915039,-1.79987406730652,K,6
OUTPUT,NaN,NaN,NaN,NaN,NaN,NaN

INPUT,0.38042551279068,0.0342446565628052,0.761612594127655,-3.08221077919006,3.11837196350098,-1.73217189311981,K,7
OUTPUT,NaN,NaN,NaN,NaN,NaN,NaN

INPUT,0.383970469236374,0.0342225134372711,0.768949866294861,-3.1242938041687,3.1173312664032,-1.68416345119476,K,8
OUTPUT,NaN,NaN,NaN,NaN,NaN,NaN

INPUT,0.386097460985184,0.0342092327773571,0.773352265357971,3.1335244178772,3.11673021316528,-1.65547502040863,K,9
OUTPUT,NaN,NaN,NaN,NaN,NaN,NaN

INPUT,0.360309243202209,0.0354061387479305,0.735972046852112,0.17720453441143,3.1253342628479,1.29151237010956,K,5
OUTPUT,NaN,NaN,NaN,NaN,NaN,NaN

INPUT,0.365813851356506,0.0355172418057919,0.749497056007385,0.0931365787982941,3.12268114089966,1.37752616405487,K,6
OUTPUT,NaN,NaN,NaN,NaN,NaN,NaN

INPUT,0.370095193386078,0.0356036573648453,0.76001650094986,0.0275818184018135,3.12071132659912,1.44426000118256,K,7
OUTPUT,NaN,NaN,NaN,NaN,NaN,NaN

INPUT,0.373153299093246,0.0356653816998005,0.767530381679535,-0.0193066876381636,3.11935949325562,1.49186503887177,K,8
OUTPUT,NaN,NaN,NaN,NaN,NaN,NaN

INPUT,0.374988168478012,0.0357024148106575,0.772038757801056,-0.0474600046873093,3.11857223510742,1.52040839195251,K,9
OUTPUT,NaN,NaN,NaN,NaN,NaN,NaN

INPUT,0.362523853778839,0.0334213823080063,0.724749743938446,-3.05618381500244,3.11420774459839,-1.9390594959259,K,4
OUTPUT,NaN,NaN,NaN,NaN,NaN,NaN

INPUT,0.368809342384338,0.0332311727106571,0.737867653369904,3.13576149940491,3.11049199104309,-1.82895267009735,K,5
OUTPUT,NaN,NaN,NaN,NaN,NaN,NaN

INPUT,0.37509486079216,0.033040963113308,0.750985562801361,3.04256963729858,3.10708904266357,-1.72078633308411,K,6
OUTPUT,NaN,NaN,NaN,NaN,NaN,NaN

INPUT,0.379983603954315,0.0328930243849754,0.761188328266144,2.9691698551178,3.10468101501465,-1.63756656646729,K,7
OUTPUT,NaN,NaN,NaN,NaN,NaN,NaN

INPUT,0.383475571870804,0.0327873528003693,0.768476068973541,2.9163773059845,3.10309815406799,-1.57848381996155,K,8
OUTPUT,NaN,NaN,NaN,NaN,NaN,NaN

INPUT,0.385570734739304,0.0327239483594894,0.772848725318909,2.88458299636841,3.10220575332642,-1.54315137863159,K,9
OUTPUT,NaN,NaN,NaN,NaN,NaN,NaN

INPUT,0.361621409654617,0.0356576442718506,0.736615657806396,0.244808986783028,3.12884569168091,1.24079585075378,K,5
OUTPUT,NaN,NaN,NaN,NaN,NaN,NaN

INPUT,0.367274552583694,0.0358106903731823,0.7501620054245,0.16622006893158,3.12661790847778,1.31421291828156,K,6
OUTPUT,NaN,NaN,NaN,NaN,NaN,NaN

INPUT,0.371671438217163,0.0359297245740891,0.760698080062866,0.105565160512924,3.12494421005249,1.37178683280945,K,7
OUTPUT,NaN,NaN,NaN,NaN,NaN,NaN

INPUT,0.374812066555023,0.0360147505998611,0.768223822116852,0.0624146535992622,3.12378406524658,1.41308629512787,K,8
OUTPUT,NaN,NaN,NaN,NaN,NaN,NaN

INPUT,0.376696467399597,0.0360657647252083,0.772739291191101,0.0365792997181416,3.12310290336609,1.43792128562927,K,9
OUTPUT,NaN,NaN,NaN,NaN,NaN,NaN

INPUT,0.357980668544769,0.037896029651165,0.732759892940521,0.255173027515411,3.13219833374023,1.16868627071381,K,12
OUTPUT,NaN,NaN,NaN,NaN,NaN,NaN

INPUT,0.362095057964325,0.0382501818239689,0.743974983692169,0.204175621271133,3.13118624687195,1.21382880210876,K,13
OUTPUT,NaN,NaN,NaN,NaN,NaN,NaN

INPUT,0.366209477186203,0.0386043339967728,0.755190014839172,0.153691753745079,3.13019824028015,1.25948524475098,K,14
OUTPUT,NaN,NaN,NaN,NaN,NaN,NaN

INPUT,0.370323866605759,0.0389584824442863,0.76640510559082,0.103588424623013,3.12923645973206,1.30552303791046,K,15
OUTPUT,NaN,NaN,NaN,NaN,NaN,NaN

INPUT,0.374026834964752,0.0392772182822227,0.776498675346375,0.0587449930608273,3.12839508056641,1.34720706939697,K,16
OUTPUT,NaN,NaN,NaN,NaN,NaN,NaN

INPUT,0.376906901597977,0.0395251251757145,0.784349203109741,0.0239979512989521,3.12775754928589,1.37975943088531,K,17
OUTPUT,NaN,NaN,NaN,NaN,NaN,NaN

INPUT,0.378964096307755,0.0397021993994713,0.789956748485565,-0.000762111856602132,3.12731194496155,1.4030704498291,K,18
OUTPUT,NaN,NaN,NaN,NaN,NaN,NaN

INPUT,0.380198419094086,0.0398084446787834,0.793321251869202,-0.0155970267951488,3.12704849243164,1.41707825660706,K,19
OUTPUT,NaN,NaN,NaN,NaN,NaN,NaN

INPUT,0.38060986995697,0.0398438610136509,0.794442772865295,-0.0205386951565742,3.12696123123169,1.42175090312958,K,20
OUTPUT,NaN,NaN,NaN,NaN,NaN,NaN

INPUT,0.362272679805756,0.0336194150149822,0.732704937458038,-2.99237275123596,3.10776495933533,-1.91017484664917,K,12
OUTPUT,NaN,NaN,NaN,NaN,NaN,NaN

INPUT,0.366838812828064,0.0335232019424438,0.743914723396301,-3.04852414131165,3.10472273826599,-1.8524067401886,K,13
OUTPUT,NaN,NaN,NaN,NaN,NaN,NaN

INPUT,0.37140491604805,0.0334269888699055,0.755124390125275,-3.10479950904846,3.10179996490479,-1.79475677013397,K,14
OUTPUT,NaN,NaN,NaN,NaN,NaN,NaN

INPUT,0.375971049070358,0.0333307757973671,0.766334176063538,3.12201476097107,3.09900641441345,-1.73719573020935,K,15
OUTPUT,NaN,NaN,NaN,NaN,NaN,NaN

INPUT,0.380080580711365,0.0332441851496696,0.776422917842865,3.07121610641479,3.09660983085632,-1.68544971942902,K,16
OUTPUT,NaN,NaN,NaN,NaN,NaN,NaN

INPUT,0.383276879787445,0.0331768356263638,0.784269750118256,3.03167152404785,3.09482741355896,-1.64523386955261,K,17
OUTPUT,NaN,NaN,NaN,NaN,NaN,NaN

INPUT,0.385559946298599,0.0331287309527397,0.789874613285065,3.00340938568115,3.09359955787659,-1.61652219295502,K,18
OUTPUT,NaN,NaN,NaN,NaN,NaN,NaN

INPUT,0.386929780244827,0.0330998674035072,0.793237507343292,2.98644638061523,3.09288144111633,-1.59930026531219,K,19
OUTPUT,NaN,NaN,NaN,NaN,NaN,NaN

INPUT,0.387386381626129,0.0330902449786663,0.794358491897583,2.98079109191895,3.09264516830444,-1.59356021881104,K,20
OUTPUT,NaN,NaN,NaN,NaN,NaN,NaN

INPUT,0.366421312093735,0.0349176153540611,0.720519602298737,-2.79179120063782,3.06933188438416,-1.89919781684875,K,11
OUTPUT,NaN,NaN,NaN,NaN,NaN,NaN

INPUT,0.372012823820114,0.0349626652896404,0.731615006923676,-2.84375691413879,3.06162142753601,-1.84607017040253,K,12
OUTPUT,NaN,NaN,NaN,NaN,NaN,NaN

INPUT,0.377604335546494,0.0350077114999294,0.742710411548615,-2.89583992958069,3.05413150787354,-1.79302740097046,K,13
OUTPUT,NaN,NaN,NaN,NaN,NaN,NaN

INPUT,0.383195817470551,0.0350527614355087,0.753805756568909,-2.94801425933838,3.04688286781311,-1.74004244804382,K,14
OUTPUT,NaN,NaN,NaN,NaN,NaN,NaN

INPUT,0.38878732919693,0.035097811371088,0.764901161193848,-3.00026321411133,3.03989577293396,-1.68709635734558,K,15
OUTPUT,NaN,NaN,NaN,NaN,NaN,NaN

INPUT,0.393819689750671,0.0351383574306965,0.774887025356293,-3.04734063148499,3.03384709358215,-1.63946723937988,K,16
OUTPUT,NaN,NaN,NaN,NaN,NaN,NaN

INPUT,0.397733747959137,0.0351698882877827,0.782653748989105,-3.08398699760437,3.0293083190918,-1.60243201255798,K,17
OUTPUT,NaN,NaN,NaN,NaN,NaN,NaN

INPUT,0.400529503822327,0.0351924151182175,0.788201451301575,-3.11017799377441,3.02615928649902,-1.57598185539246,K,18
OUTPUT,NaN,NaN,NaN,NaN,NaN,NaN

INPUT,0.40220695734024,0.0352059304714203,0.791530072689056,-3.1258978843689,3.0243079662323,-1.56011295318604,K,19
OUTPUT,NaN,NaN,NaN,NaN,NaN,NaN

INPUT,0.402766108512878,0.0352104343473911,0.79263961315155,-3.13113903999329,3.02369737625122,-1.5548232793808,K,20
OUTPUT,NaN,NaN,NaN,NaN,NaN,NaN

INPUT,0.350765079259872,0.0351760312914848,0.732518136501312,0.262009292840958,3.10093402862549,1.23335695266724,K,12
OUTPUT,NaN,NaN,NaN,NaN,NaN,NaN

INPUT,0.354120492935181,0.035243883728981,0.743706941604614,0.210154369473457,3.09694957733154,1.28376019001007,K,13
OUTPUT,NaN,NaN,NaN,NaN,NaN,NaN

INPUT,0.357475936412811,0.0353117361664772,0.754895746707916,0.158412531018257,3.09308171272278,1.33428549766541,K,14
OUTPUT,NaN,NaN,NaN,NaN,NaN,NaN

INPUT,0.360831379890442,0.0353795923292637,0.766084551811218,0.106754571199417,3.0893406867981,1.38490414619446,K,15
OUTPUT,NaN,NaN,NaN,NaN,NaN,NaN

INPUT,0.363851249217987,0.0354406572878361,0.776154518127441,0.0603169426321983,3.0860903263092,1.43052387237549,K,16
OUTPUT,NaN,NaN,NaN,NaN,NaN,NaN

INPUT,0.366200059652328,0.0354881547391415,0.783986687660217,0.0242272764444351,3.08364319801331,1.46604001522064,K,17
OUTPUT,NaN,NaN,NaN,NaN,NaN,NaN

INPUT,0.367877781391144,0.0355220809578896,0.789581060409546,-0.00153844081796706,3.08194041252136,1.49142444133759,K,18
OUTPUT,NaN,NaN,NaN,NaN,NaN,NaN

INPUT,0.368884414434433,0.0355424396693707,0.792937695980072,-0.0169932711869478,3.08093738555908,1.50666081905365,K,19
OUTPUT,NaN,NaN,NaN,NaN,NaN,NaN

INPUT,0.369219958782196,0.0355492234230042,0.794056594371796,-0.022144278511405,3.08060622215271,1.5117404460907,K,20
OUTPUT,NaN,NaN,NaN,NaN,NaN,NaN

INPUT,0.353177189826965,0.0356373228132725,0.732032358646393,0.322838395833969,3.11383533477783,1.21299958229065,K,12
OUTPUT,NaN,NaN,NaN,NaN,NaN,NaN

INPUT,0.356786578893661,0.0357536524534225,0.743170022964478,0.274866670370102,3.11104035377502,1.25872230529785,K,13
OUTPUT,NaN,NaN,NaN,NaN,NaN,NaN

INPUT,0.360395938158035,0.0358699820935726,0.754307746887207,0.227079749107361,3.10831236839294,1.30463337898254,K,14
OUTPUT,NaN,NaN,NaN,NaN,NaN,NaN

INPUT,0.364005297422409,0.0359863117337227,0.765445470809937,0.179431080818176,3.10565757751465,1.35068726539612,K,15
OUTPUT,NaN,NaN,NaN,NaN,NaN,NaN

INPUT,0.367253750562668,0.036091011017561,0.775469422340393,0.136638656258583,3.1033353805542,1.39223086833954,K,16
OUTPUT,NaN,NaN,NaN,NaN,NaN,NaN

INPUT,0.369780302047729,0.036172442138195,0.783265769481659,0.103403933346272,3.10157608985901,1.42459332942963,K,17
OUTPUT,NaN,NaN,NaN,NaN,NaN,NaN

INPUT,0.371584981679916,0.0362306050956249,0.788834631443024,0.0796866938471794,3.10034561157227,1.44773256778717,K,18
OUTPUT,NaN,NaN,NaN,NaN,NaN,NaN

INPUT,0.372667789459229,0.0362655036151409,0.792175948619843,0.0654641017317772,3.09961819648743,1.46162450313568,K,19
OUTPUT,NaN,NaN,NaN,NaN,NaN,NaN

INPUT,0.373028725385666,0.036277137696743,0.793289721012115,0.0607245042920113,3.09937763214111,1.46625649929047,K,20
OUTPUT,NaN,NaN,NaN,NaN,NaN,NaN

INPUT,0.364272594451904,0.0382939875125885,0.736976742744446,0.199569717049599,3.13186025619507,1.21242880821228,K,5
OUTPUT,NaN,NaN,NaN,NaN,NaN,NaN

INPUT,0.370259344577789,0.0388497784733772,0.750465333461761,0.11979890614748,3.13003277778625,1.28725171089172,K,6
OUTPUT,NaN,NaN,NaN,NaN,NaN,NaN

INPUT,0.374915689229965,0.0392820611596107,0.760956406593323,0.0582303181290627,3.12865877151489,1.34592342376709,K,7
OUTPUT,NaN,NaN,NaN,NaN,NaN,NaN

INPUT,0.378241658210754,0.0395908355712891,0.768450021743774,0.0144254984334111,3.12770557403564,1.38800537586212,K,8
OUTPUT,NaN,NaN,NaN,NaN,NaN,NaN

INPUT,0.380237251520157,0.0397760979831219,0.772946238517761,-0.0118035776540637,3.12714576721191,1.41330850124359,K,9
OUTPUT,NaN,NaN,NaN,NaN,NaN,NaN

INPUT,0.366708666086197,0.0348082669079304,0.714990794658661,-2.79396080970764,3.06988024711609,-1.92382717132568,K,4
OUTPUT,NaN,NaN,NaN,NaN,NaN,NaN

INPUT,0.375630617141724,0.0349082127213478,0.730287551879883,-2.8814001083374,3.05653929710388,-1.82448506355286,K,5
OUTPUT,NaN,NaN,NaN,NaN,NaN,NaN

INPUT,0.38455256819725,0.0350081622600555,0.74558424949646,-2.97047114372253,3.04393672943115,-1.72667145729065,K,6
OUTPUT,NaN,NaN,NaN,NaN,NaN,NaN

INPUT,0.391491860151291,0.0350858978927135,0.757481694221497,-3.04047894477844,3.03471708297729,-1.65124833583832,K,7
OUTPUT,NaN,NaN,NaN,NaN,NaN,NaN

INPUT,0.396448493003845,0.0351414233446121,0.765979886054993,-3.09076929092407,3.02847361564636,-1.59761691093445,K,8
OUTPUT,NaN,NaN,NaN,NaN,NaN,NaN

INPUT,0.399422496557236,0.0351747386157513,0.771078824996948,-3.12103629112244,3.02487277984619,-1.56551349163055,K,9
OUTPUT,NaN,NaN,NaN,NaN,NaN,NaN

INPUT,0.362929463386536,0.0337381362915039,0.7252317070961,-2.97799611091614,3.10855531692505,-1.9615730047226,K,4
OUTPUT,NaN,NaN,NaN,NaN,NaN,NaN

INPUT,0.369147658348083,0.0336081087589264,0.738242208957672,-3.0619957447052,3.10387682914734,-1.86230957508087,K,5
OUTPUT,NaN,NaN,NaN,NaN,NaN,NaN

INPUT,0.375365883111954,0.0334780812263489,0.751252710819244,3.13554191589355,3.09951281547546,-1.76467823982239,K,6
OUTPUT,NaN,NaN,NaN,NaN,NaN,NaN

INPUT,0.380202263593674,0.0333769507706165,0.761371970176697,3.06814932823181,3.09635996818542,-1.68950939178467,K,7
OUTPUT,NaN,NaN,NaN,NaN,NaN,NaN

INPUT,0.383656799793243,0.0333047136664391,0.768600046634674,3.01970100402832,3.09424734115601,-1.63612222671509,K,8
OUTPUT,NaN,NaN,NaN,NaN,NaN,NaN

INPUT,0.385729551315308,0.0332613699138165,0.772936880588531,2.99052977561951,3.09303832054138,-1.60418951511383,K,9
OUTPUT,NaN,NaN,NaN,NaN,NaN,NaN

INPUT,0.356376647949219,0.0352845676243305,0.736033797264099,0.19895014166832,3.09755253791809,1.27610695362091,K,5
OUTPUT,NaN,NaN,NaN,NaN,NaN,NaN

INPUT,0.361438989639282,0.0353701263666153,0.749735414981842,0.119938068091869,3.091139793396,1.36149370670319,K,6
OUTPUT,NaN,NaN,NaN,NaN,NaN,NaN

INPUT,0.365376323461533,0.035436674952507,0.760392189025879,0.0579749681055546,3.08638548851013,1.42741394042969,K,7
OUTPUT,NaN,NaN,NaN,NaN,NaN,NaN

INPUT,0.368188709020615,0.0354842059314251,0.768004179000854,0.0135172894224524,3.08312606811523,1.4743115901947,K,8
OUTPUT,NaN,NaN,NaN,NaN,NaN,NaN

INPUT,0.369876146316528,0.0355127267539501,0.772571325302124,-0.0132216634228826,3.08122873306274,1.50238978862762,K,9
OUTPUT,NaN,NaN,NaN,NaN,NaN,NaN

INPUT,0.358933687210083,0.0358331874012947,0.735637545585632,0.268293410539627,3.11161065101624,1.25540065765381,K,5
OUTPUT,NaN,NaN,NaN,NaN,NaN,NaN

INPUT,0.364311188459396,0.0360114499926567,0.749198734760284,0.193709403276443,3.10702681541443,1.3314391374588,K,6
OUTPUT,NaN,NaN,NaN,NaN,NaN,NaN

INPUT,0.36849370598793,0.0361500978469849,0.759746372699738,0.135576501488686,3.10359573364258,1.39046478271484,K,7
OUTPUT,NaN,NaN,NaN,NaN,NaN,NaN

INPUT,0.371481209993362,0.0362491309642792,0.767280340194702,0.0940049886703491,3.10122418403625,1.43258261680603,K,8
OUTPUT,NaN,NaN,NaN,NaN,NaN,NaN

INPUT,0.373273700475693,0.0363085530698299,0.771800756454468,0.0690464004874229,3.09983491897583,1.45783948898315,K,9
OUTPUT,NaN,NaN,NaN,NaN,NaN,NaN

INPUT,0.357774525880814,0.034732885658741,0.733531177043915,0.26073494553566,3.13947200775146,1.14789092540741,K,12
OUTPUT,NaN,NaN,NaN,NaN,NaN,NaN

INPUT,0.361867785453796,0.0347540825605392,0.74482661485672,0.20262910425663,3.13916420936584,1.1831488609314,K,13
OUTPUT,NaN,NaN,NaN,NaN,NaN,NaN

INPUT,0.365961045026779,0.0347752831876278,0.756122052669525,0.147077679634094,3.13886117935181,1.22096109390259,K,14
OUTPUT,NaN,NaN,NaN,NaN,NaN,NaN

INPUT,0.370054334402084,0.0347964838147163,0.76741749048233,0.093283399939537,3.13856410980225,1.26053071022034,K,15
OUTPUT,NaN,NaN,NaN,NaN,NaN,NaN

INPUT,0.373738259077072,0.0348155647516251,0.777583420276642,0.0459556095302105,3.13830232620239,1.29723048210144,K,16
OUTPUT,NaN,NaN,NaN,NaN,NaN,NaN

INPUT,0.376603573560715,0.0348304025828838,0.785490214824677,0.00969125330448151,3.13810253143311,1.32632076740265,K,17
OUTPUT,NaN,NaN,NaN,NaN,NaN,NaN

INPUT,0.378650188446045,0.0348410047590733,0.791137933731079,-0.0159720238298178,3.13796210289001,1.34733951091766,K,18
OUTPUT,NaN,NaN,NaN,NaN,NaN,NaN

INPUT,0.379878163337708,0.0348473638296127,0.794526517391205,-0.0312861017882824,3.13787889480591,1.36003470420837,K,19
OUTPUT,NaN,NaN,NaN,NaN,NaN,NaN

INPUT,0.380287498235703,0.0348494835197926,0.795656085014343,-0.0363778322935104,3.13785123825073,1.36427927017212,K,20
OUTPUT,NaN,NaN,NaN,NaN,NaN,NaN

INPUT,0.357580184936523,0.0354360453784466,0.732953310012817,0.291433662176132,3.13851380348206,1.29825222492218,K,12
OUTPUT,NaN,NaN,NaN,NaN,NaN,NaN

INPUT,0.361652255058289,0.0355311520397663,0.744189202785492,0.226768419146538,3.13811850547791,1.33954751491547,K,13
OUTPUT,NaN,NaN,NaN,NaN,NaN,NaN

INPUT,0.365724354982376,0.0356262512505054,0.755425095558167,0.164468094706535,3.13773274421692,1.38320779800415,K,14
OUTPUT,NaN,NaN,NaN,NaN,NaN,NaN

INPUT,0.369796425104141,0.0357213541865349,0.766660988330841,0.103842981159687,3.13735723495483,1.42854368686676,K,15
OUTPUT,NaN,NaN,NaN,NaN,NaN,NaN

INPUT,0.373461306095123,0.0358069501817226,0.776773273944855,0.0503402873873711,3.13702940940857,1.47040569782257,K,16
OUTPUT,NaN,NaN,NaN,NaN,NaN,NaN

INPUT,0.376311749219894,0.0358735211193562,0.784638404846191,0.0092682046815753,3.1367814540863,1.50350630283356,K,17
OUTPUT,NaN,NaN,NaN,NaN,NaN,NaN

INPUT,0.378347784280777,0.0359210707247257,0.790256321430206,-0.0198287405073643,3.13660836219788,1.52738988399506,K,18
OUTPUT,NaN,NaN,NaN,NaN,NaN,NaN

INPUT,0.379569411277771,0.0359496027231216,0.793627083301544,-0.0372021794319153,3.13650608062744,1.54180467128754,K,19
OUTPUT,NaN,NaN,NaN,NaN,NaN,NaN

INPUT,0.379976630210876,0.0359591133892536,0.794750690460205,-0.0429803244769573,3.13647222518921,1.54662263393402,K,20
OUTPUT,NaN,NaN,NaN,NaN,NaN,NaN

INPUT,0.358609557151794,0.0349883437156677,0.732602655887604,0.242663502693176,3.13151526451111,1.16754615306854,K,12
OUTPUT,NaN,NaN,NaN,NaN,NaN,NaN

INPUT,0.362790644168854,0.0350364483892918,0.743800342082977,0.191509947180748,3.13044190406799,1.21372950077057,K,13
OUTPUT,NaN,NaN,NaN,NaN,NaN,NaN

INPUT,0.366971731185913,0.0350845530629158,0.754997968673706,0.140788078308105,3.12939453125,1.26034486293793,K,14
OUTPUT,NaN,NaN,NaN,NaN,NaN,NaN

INPUT,0.371152818202972,0.0351326540112495,0.766195595264435,0.0903868153691292,3.12837624549866,1.30728197097778,K,15
OUTPUT,NaN,NaN,NaN,NaN,NaN,NaN

INPUT,0.374915808439255,0.0351759493350983,0.776273488998413,0.0452361032366753,3.12748646736145,1.34973609447479,K,16
OUTPUT,NaN,NaN,NaN,NaN,NaN,NaN

INPUT,0.377842575311661,0.0352096222341061,0.784111857414246,0.0102296192198992,3.12681293487549,1.38286697864532,K,17
OUTPUT,NaN,NaN,NaN,NaN,NaN,NaN

INPUT,0.37993311882019,0.0352336727082729,0.789710700511932,-0.0147250471636653,3.12634229660034,1.40658223628998,K,18
OUTPUT,NaN,NaN,NaN,NaN,NaN,NaN

INPUT,0.381187468767166,0.0352481044828892,0.793069958686829,-0.0296798571944237,3.12606430053711,1.42082929611206,K,19
OUTPUT,NaN,NaN,NaN,NaN,NaN,NaN

INPUT,0.381605565547943,0.0352529138326645,0.794189751148224,-0.0346620455384254,3.12597227096558,1.42558109760284,K,20
OUTPUT,NaN,NaN,NaN,NaN,NaN,NaN

INPUT,0.358144640922546,0.0347637794911861,0.724426329135895,0.382514297962189,3.14060664176941,1.21596884727478,K,4
OUTPUT,NaN,NaN,NaN,NaN,NaN,NaN

INPUT,0.364025771617889,0.0347857438027859,0.737987160682678,0.229109391570091,3.13986420631409,1.21270573139191,K,5
OUTPUT,NaN,NaN,NaN,NaN,NaN,NaN

INPUT,0.369906932115555,0.0348077081143856,0.751548051834106,0.122736684978008,3.13912725448608,1.25647473335266,K,6
OUTPUT,NaN,NaN,NaN,NaN,NaN,NaN

INPUT,0.37448114156723,0.0348247960209846,0.762095332145691,0.0504574552178383,3.13856244087219,1.30097246170044,K,7
OUTPUT,NaN,NaN,NaN,NaN,NaN,NaN

INPUT,0.377748429775238,0.0348369963467121,0.769629180431366,0.00161269924137741,3.13816499710083,1.33554005622864,K,8
OUTPUT,NaN,NaN,NaN,NaN,NaN,NaN

INPUT,0.379708826541901,0.0348443202674389,0.774149477481842,-0.0269544087350368,3.1379292011261,1.35702013969421,K,9
OUTPUT,NaN,NaN,NaN,NaN,NaN,NaN

INPUT,0.347584843635559,0.0379103906452656,0.743647992610931,0.0389877930283546,3.06059837341309,1.21705865859985,K,13
OUTPUT,NaN,NaN,NaN,NaN,NaN,NaN

INPUT,0.350317358970642,0.0382320918142796,0.754831969738007,-0.0173997841775417,3.05383038520813,1.27298605442047,K,14
OUTPUT,NaN,NaN,NaN,NaN,NaN,NaN

INPUT,0.35304993391037,0.0385537929832935,0.766015946865082,-0.0737712979316711,3.04733896255493,1.32896220684052,K,15
OUTPUT,NaN,NaN,NaN,NaN,NaN,NaN

INPUT,0.355509221553802,0.03884332254529,0.776081502437592,-0.124498620629311,3.04174995422363,1.37937664985657,K,16
OUTPUT,NaN,NaN,NaN,NaN,NaN,NaN

INPUT,0.35742199420929,0.0390685126185417,0.783910274505615,-0.163951173424721,3.03757858276367,1.41860866546631,K,17
OUTPUT,NaN,NaN,NaN,NaN,NaN,NaN

INPUT,0.358788251876831,0.0392293632030487,0.789502263069153,-0.192131698131561,3.03469705581665,1.44664192199707,K,18
OUTPUT,NaN,NaN,NaN,NaN,NaN,NaN

INPUT,0.359608024358749,0.0393258705735207,0.79285740852356,-0.20904016494751,3.03300833702087,1.46346580982208,K,19
OUTPUT,NaN,NaN,NaN,NaN,NaN,NaN

INPUT,0.359881281852722,0.0393580421805382,0.793975830078125,-0.214676320552826,3.03245234489441,1.46907436847687,K,20
OUTPUT,NaN,NaN,NaN,NaN,NaN,NaN

INPUT,0.364975094795227,0.0350701995193958,0.736797571182251,0.186149060726166,3.13111352920532,1.2116117477417,K,5
OUTPUT,NaN,NaN,NaN,NaN,NaN,NaN

INPUT,0.371074467897415,0.0351320803165436,0.750259637832642,0.106327287852764,3.1291925907135,1.28830933570862,K,6
OUTPUT,NaN,NaN,NaN,NaN,NaN,NaN

INPUT,0.375818401575089,0.0351802073419094,0.760730147361755,0.0445379875600338,3.12775039672852,1.34825837612152,K,7
OUTPUT,NaN,NaN,NaN,NaN,NaN,NaN

INPUT,0.379206955432892,0.0352145843207836,0.768209099769592,0.000510366575326771,3.12675142288208,1.39118766784668,K,8
OUTPUT,NaN,NaN,NaN,NaN,NaN,NaN

INPUT,0.38124006986618,0.0352352112531662,0.772696435451508,-0.0258726049214602,3.12616539001465,1.41697907447815,K,9
OUTPUT,NaN,NaN,NaN,NaN,NaN,NaN

INPUT,0.349489599466324,0.0371848605573177,0.743285238742828,0.116776637732983,3.0821385383606,1.17954301834106,K,13
OUTPUT,NaN,NaN,NaN,NaN,NaN,NaN

INPUT,0.352404028177261,0.0374375209212303,0.754433929920197,0.0658303052186966,3.07700276374817,1.22986018657684,K,14
OUTPUT,NaN,NaN,NaN,NaN,NaN,NaN

INPUT,0.355318456888199,0.0376901775598526,0.76558256149292,0.0149211939424276,3.07203245162964,1.28023147583008,K,15
OUTPUT,NaN,NaN,NaN,NaN,NaN,NaN

INPUT,0.357941448688507,0.0379175692796707,0.775616407394409,-0.0308738816529512,3.067711353302,1.32560348510742,K,16
OUTPUT,NaN,NaN,NaN,NaN,NaN,NaN

INPUT,0.359981536865234,0.0380944274365902,0.783420503139496,-0.0664811059832573,3.06445598602295,1.36091375350952,K,17
OUTPUT,NaN,NaN,NaN,NaN,NaN,NaN

INPUT,0.361438751220703,0.0382207557559013,0.78899484872818,-0.0919102728366852,3.06218981742859,1.38614547252655,K,18
OUTPUT,NaN,NaN,NaN,NaN,NaN,NaN

INPUT,0.362313091754913,0.0382965542376041,0.792339384555817,-0.10716600716114,3.06085467338562,1.40128815174103,K,19
OUTPUT,NaN,NaN,NaN,NaN,NaN,NaN

INPUT,0.362604528665543,0.0383218191564083,0.79345428943634,-0.112251102924347,3.06041359901428,1.40633642673492,K,20
OUTPUT,NaN,NaN,NaN,NaN,NaN,NaN

INPUT,0.358775317668915,0.0352985747158527,0.732555031776428,0.21899676322937,3.13360571861267,1.25475299358368,K,12
OUTPUT,NaN,NaN,NaN,NaN,NaN,NaN

INPUT,0.362974047660828,0.0353792272508144,0.743747770786285,0.16091500222683,3.13275146484375,1.30567872524261,K,13
OUTPUT,NaN,NaN,NaN,NaN,NaN,NaN

INPUT,0.367172747850418,0.0354598797857761,0.754940509796143,0.103455387055874,3.13192343711853,1.35722708702087,K,14
OUTPUT,NaN,NaN,NaN,NaN,NaN,NaN

INPUT,0.371371448040009,0.0355405360460281,0.766133248806,0.0464551150798798,3.1311240196228,1.40923523902893,K,15
OUTPUT,NaN,NaN,NaN,NaN,NaN,NaN

INPUT,0.375150293111801,0.0356131233274937,0.776206731796265,-0.00454523740336299,3.13043093681335,1.45634293556213,K,16
OUTPUT,NaN,NaN,NaN,NaN,NaN,NaN

INPUT,0.378089398145676,0.0356695801019669,0.7840416431427,-0.0440551899373531,3.12991046905518,1.49313938617706,K,17
OUTPUT,NaN,NaN,NaN,NaN,NaN,NaN

INPUT,0.380188763141632,0.0357099063694477,0.789637982845306,-0.0722058042883873,3.12954902648926,1.5194935798645,K,18
OUTPUT,NaN,NaN,NaN,NaN,NaN,NaN

INPUT,0.381448358297348,0.0357341021299362,0.792995810508728,-0.0890710651874542,3.1293363571167,1.53533113002777,K,19
OUTPUT,NaN,NaN,NaN,NaN,NaN,NaN

INPUT,0.381868243217468,0.0357421673834324,0.79411506652832,-0.0946888253092766,3.12926626205444,1.54061436653137,K,20
OUTPUT,NaN,NaN,NaN,NaN,NaN,NaN

INPUT,0.34932479262352,0.0357850380241871,0.732438981533051,0.170122593641281,3.09491324424744,1.08646035194397,K,12
OUTPUT,NaN,NaN,NaN,NaN,NaN,NaN

INPUT,0.352528780698776,0.0359168872237206,0.743619501590729,0.121490463614464,3.09030032157898,1.13430440425873,K,13
OUTPUT,NaN,NaN,NaN,NaN,NaN,NaN

INPUT,0.35573273897171,0.0360487326979637,0.754800021648407,0.0729170367121696,3.08580660820007,1.18221831321716,K,14
OUTPUT,NaN,NaN,NaN,NaN,NaN,NaN

INPUT,0.358936697244644,0.0361805818974972,0.765980541706085,0.0243861582130194,3.08144283294678,1.23018670082092,K,15
OUTPUT,NaN,NaN,NaN,NaN,NaN,NaN

INPUT,0.36182028055191,0.0362992472946644,0.776042997837067,-0.0192646346986294,3.07763457298279,1.27339601516724,K,16
OUTPUT,NaN,NaN,NaN,NaN,NaN,NaN

INPUT,0.364063054323196,0.0363915413618088,0.783869385719299,-0.0532017275691032,3.07475566864014,1.3070240020752,K,17
OUTPUT,NaN,NaN,NaN,NaN,NaN,NaN

INPUT,0.365665048360825,0.0364574640989304,0.789459645748138,-0.077436588704586,3.07274580001831,1.33105373382568,K,18
OUTPUT,NaN,NaN,NaN,NaN,NaN,NaN

INPUT,0.366626232862473,0.0364970192313194,0.792813777923584,-0.091975525021553,3.07155919075012,1.34547507762909,K,19
OUTPUT,NaN,NaN,NaN,NaN,NaN,NaN

INPUT,0.366946637630463,0.0365102030336857,0.793931841850281,-0.0968215316534042,3.07116675376892,1.35028290748596,K,20
OUTPUT,NaN,NaN,NaN,NaN,NaN,NaN

INPUT,0.354969590902328,0.0351707264780998,0.732636749744415,0.306054800748825,3.12438201904297,1.17867374420166,K,12
OUTPUT,NaN,NaN,NaN,NaN,NaN,NaN

INPUT,0.358767092227936,0.0352377742528915,0.74383932352066,0.258296996355057,3.12260127067566,1.22275567054749,K,13
OUTPUT,NaN,NaN,NaN,NaN,NaN,NaN

INPUT,0.362564593553543,0.0353048220276833,0.755041897296906,0.210850656032562,3.12086033821106,1.26715064048767,K,14
OUTPUT,NaN,NaN,NaN,NaN,NaN,NaN

INPUT,0.366362065076828,0.035371869802475,0.766244471073151,0.163637205958366,3.11916303634644,1.31178033351898,K,15
OUTPUT,NaN,NaN,NaN,NaN,NaN,NaN

INPUT,0.369779825210571,0.0354322157800198,0.776326835155487,0.121299266815186,3.11767601966858,1.35210251808167,K,16
OUTPUT,NaN,NaN,NaN,NaN,NaN,NaN

INPUT,0.372438073158264,0.0354791507124901,0.784168660640717,0.0884508937597275,3.11654734611511,1.38354647159576,K,17
OUTPUT,NaN,NaN,NaN,NaN,NaN,NaN

INPUT,0.374336808919907,0.0355126745998859,0.789769947528839,0.0650249049067497,3.11575698852539,1.40604400634766,K,18
OUTPUT,NaN,NaN,NaN,NaN,NaN,NaN

INPUT,0.375476062297821,0.0355327874422073,0.793130695819855,0.0509824194014072,3.11528921127319,1.41955578327179,K,19
OUTPUT,NaN,NaN,NaN,NaN,NaN,NaN

INPUT,0.375855803489685,0.0355394929647446,0.794250965118408,0.046303641051054,3.11513447761536,1.42406177520752,K,20
OUTPUT,NaN,NaN,NaN,NaN,NaN,NaN

INPUT,0.365900814533234,0.0335652679204941,0.721411049365997,-2.92606616020203,3.08622479438782,-2.00939798355103,K,11
OUTPUT,NaN,NaN,NaN,NaN,NaN,NaN

INPUT,0.371431767940521,0.0334514752030373,0.732609510421753,-2.97955393791199,3.08037161827087,-1.95500254631042,K,12
OUTPUT,NaN,NaN,NaN,NaN,NaN,NaN

INPUT,0.376962691545486,0.0333376787602901,0.743807971477509,-3.03312921524048,3.07469654083252,-1.90067577362061,K,13
OUTPUT,NaN,NaN,NaN,NaN,NaN,NaN

INPUT,0.382493585348129,0.033223882317543,0.755006432533264,-3.08677244186401,3.06921601295471,-1.8463968038559,K,14
OUTPUT,NaN,NaN,NaN,NaN,NaN,NaN

INPUT,0.388024508953094,0.0331100896000862,0.76620489358902,-3.14047050476074,3.06394624710083,-1.79215145111084,K,15
OUTPUT,NaN,NaN,NaN,NaN,NaN,NaN

INPUT,0.393002361059189,0.0330076739192009,0.776283502578735,3.09434843063354,3.0593957901001,-1.74335074424744,K,16
OUTPUT,NaN,NaN,NaN,NaN,NaN,NaN

INPUT,0.396874010562897,0.0329280160367489,0.784122407436371,3.05670785903931,3.05599021911621,-1.70540404319763,K,17
OUTPUT,NaN,NaN,NaN,NaN,NaN,NaN

INPUT,0.399639457464218,0.0328711196780205,0.789721608161926,3.02981162071228,3.0536322593689,-1.67830324172974,K,18
OUTPUT,NaN,NaN,NaN,NaN,NaN,NaN

INPUT,0.401298731565475,0.0328369811177254,0.793081164360046,3.01366972923279,3.05224800109863,-1.66204392910004,K,19
OUTPUT,NaN,NaN,NaN,NaN,NaN,NaN

INPUT,0.401851832866669,0.0328256003558636,0.794201016426086,3.00828862190247,3.05179166793823,-1.65662431716919,K,20
OUTPUT,NaN,NaN,NaN,NaN,NaN,NaN

INPUT,0.361969649791718,0.034612700343132,0.73314380645752,-2.89031767845154,3.1262321472168,-1.88715124130249,K,12
OUTPUT,NaN,NaN,NaN,NaN,NaN,NaN

INPUT,0.366504728794098,0.0346210524439812,0.744398593902588,-2.94110655784607,3.1248767375946,-1.83235943317413,K,13
OUTPUT,NaN,NaN,NaN,NaN,NaN,NaN

INPUT,0.371039837598801,0.0346294082701206,0.755653381347656,-2.99219179153442,3.12356781959534,-1.77786302566528,K,14
OUTPUT,NaN,NaN,NaN,NaN,NaN,NaN

INPUT,0.375574916601181,0.0346377603709698,0.76690810918808,-3.04350471496582,3.12230920791626,-1.72359299659729,K,15
OUTPUT,NaN,NaN,NaN,NaN,NaN,NaN

INPUT,0.37965652346611,0.0346452817320824,0.777037441730499,-3.08983993530273,3.12122201919556,-1.67490267753601,K,16
OUTPUT,NaN,NaN,NaN,NaN,NaN,NaN

INPUT,0.38283109664917,0.034651130437851,0.784915804862976,-3.12596106529236,3.12040829658508,-1.63711404800415,K,17
OUTPUT,NaN,NaN,NaN,NaN,NaN,NaN

INPUT,0.38509863615036,0.0346553064882755,0.79054319858551,3.13138580322266,3.11984467506409,-1.61015963554382,K,18
OUTPUT,NaN,NaN,NaN,NaN,NaN,NaN

INPUT,0.386459171772003,0.0346578136086464,0.793919622898102,3.11586904525757,3.11951375007629,-1.59400045871735,K,19
OUTPUT,NaN,NaN,NaN,NaN,NaN,NaN

INPUT,0.386912673711777,0.0346586480736732,0.795045077800751,3.11069464683533,3.11940455436707,-1.58861613273621,K,20
OUTPUT,NaN,NaN,NaN,NaN,NaN,NaN

INPUT,0.360366880893707,0.0355006754398346,0.732938230037689,-2.90653014183044,3.13572645187378,-1.82401621341705,K,12
OUTPUT,NaN,NaN,NaN,NaN,NaN,NaN

INPUT,0.364732503890991,0.0356024652719498,0.744172692298889,-2.95724081993103,3.13528561592102,-1.76079773902893,K,13
OUTPUT,NaN,NaN,NaN,NaN,NaN,NaN

INPUT,0.369098126888275,0.0357042588293552,0.755407154560089,-3.0087525844574,3.13486480712891,-1.69838035106659,K,14
OUTPUT,NaN,NaN,NaN,NaN,NaN,NaN

INPUT,0.373463749885559,0.0358060486614704,0.766641616821289,-3.06089186668396,3.13446569442749,-1.63659000396729,K,15
OUTPUT,NaN,NaN,NaN,NaN,NaN,NaN

INPUT,0.377392798662186,0.0358976647257805,0.776752591133118,-3.10824656486511,3.13412594795227,-1.58140802383423,K,16
OUTPUT,NaN,NaN,NaN,NaN,NaN,NaN

INPUT,0.380448758602142,0.0359689183533192,0.784616708755493,3.13787484169006,3.13387537002563,-1.53872084617615,K,17
OUTPUT,NaN,NaN,NaN,NaN,NaN,NaN

INPUT,0.382631570100784,0.0360198132693768,0.790233969688416,3.11129355430603,3.13370370864868,-1.50833749771118,K,18
OUTPUT,NaN,NaN,NaN,NaN,NaN,NaN

INPUT,0.383941233158112,0.0360503531992435,0.79360431432724,3.09530591964722,3.13360381126404,-1.49014616012573,K,19
OUTPUT,NaN,NaN,NaN,NaN,NaN,NaN

INPUT,0.384377807378769,0.0360605306923389,0.794727742671967,3.08997058868408,3.13357090950012,-1.48408830165863,K,20
OUTPUT,NaN,NaN,NaN,NaN,NaN,NaN

INPUT,0.352076470851898,0.0378735587000847,0.74220997095108,-0.00849509332329035,3.05826377868652,1.22647941112518,K,5
OUTPUT,NaN,NaN,NaN,NaN,NaN,NaN

INPUT,0.355652451515198,0.0382409021258354,0.753688514232635,-0.0815097093582153,3.04842233657837,1.31496000289917,K,6
OUTPUT,NaN,NaN,NaN,NaN,NaN,NaN

INPUT,0.358433783054352,0.0385266169905663,0.762616276741028,-0.139343932271004,3.04118061065674,1.38278245925903,K,7
OUTPUT,NaN,NaN,NaN,NaN,NaN,NaN

INPUT,0.360420435667038,0.0387306958436966,0.768993258476257,-0.181078791618347,3.03624749183655,1.43082976341248,K,8
OUTPUT,NaN,NaN,NaN,NaN,NaN,NaN

INPUT,0.361612439155579,0.038853146135807,0.772819399833679,-0.206261083483696,3.03338813781738,1.45952785015106,K,9
OUTPUT,NaN,NaN,NaN,NaN,NaN,NaN

INPUT,0.366377890110016,0.0336482673883438,0.715793550014496,-2.93158173561096,3.08661341667175,-2.03755927085876,K,4
OUTPUT,NaN,NaN,NaN,NaN,NaN,NaN

INPUT,0.375297486782074,0.0334936082363129,0.731275677680969,-3.02038478851318,3.07649850845337,-1.93473732471466,K,5
OUTPUT,NaN,NaN,NaN,NaN,NaN,NaN

INPUT,0.384217083454132,0.0333389453589916,0.746757805347443,-3.11106276512146,3.06697797775269,-1.83372902870178,K,6
OUTPUT,NaN,NaN,NaN,NaN,NaN,NaN

INPUT,0.391154557466507,0.033218652009964,0.758799493312836,3.10076451301575,3.06004118919373,-1.75595283508301,K,7
OUTPUT,NaN,NaN,NaN,NaN,NaN,NaN

INPUT,0.396109879016876,0.03313272818923,0.767400681972504,3.04947400093079,3.05536079406738,-1.70069372653961,K,8
OUTPUT,NaN,NaN,NaN,NaN,NaN,NaN

INPUT,0.399083077907562,0.0330811738967896,0.772561371326447,3.01859617233276,3.05266904830933,-1.66763150691986,K,9
OUTPUT,NaN,NaN,NaN,NaN,NaN,NaN

INPUT,0.359030395746231,0.0352930575609207,0.723329067230225,0.244480535387993,3.1350793838501,1.21754813194275,K,4
OUTPUT,NaN,NaN,NaN,NaN,NaN,NaN

INPUT,0.365140676498413,0.035405769944191,0.736772835254669,0.153553187847137,3.13344383239746,1.30191671848297,K,5
OUTPUT,NaN,NaN,NaN,NaN,NaN,NaN

INPUT,0.371250957250595,0.0355184823274612,0.750216603279114,0.0637074857950211,3.13187098503113,1.38736808300018,K,6
OUTPUT,NaN,NaN,NaN,NaN,NaN,NaN

INPUT,0.376003384590149,0.0356061458587646,0.760672807693481,-0.00574295362457633,3.13069868087769,1.45426082611084,K,7
OUTPUT,NaN,NaN,NaN,NaN,NaN,NaN

INPUT,0.379397988319397,0.0356687642633915,0.768141567707062,-0.0551963672041893,3.12989187240601,1.50219571590424,K,8
OUTPUT,NaN,NaN,NaN,NaN,NaN,NaN

INPUT,0.381434738636017,0.0357063338160515,0.77262282371521,-0.0848209708929062,3.12942099571228,1.53100454807281,K,9
OUTPUT,NaN,NaN,NaN,NaN,NaN,NaN

INPUT,0.354819506406784,0.0358957499265671,0.735850811004639,0.107945181429386,3.09092998504639,1.12407231330872,K,5
OUTPUT,NaN,NaN,NaN,NaN,NaN,NaN

INPUT,0.359689563512802,0.0360679775476456,0.749577820301056,0.0350943990051746,3.08349561691284,1.20634377002716,K,6
OUTPUT,NaN,NaN,NaN,NaN,NaN,NaN

INPUT,0.363477349281311,0.0362019315361977,0.760254383087158,-0.0223242919892073,3.07795214653015,1.26959812641144,K,7
OUTPUT,NaN,NaN,NaN,NaN,NaN,NaN

INPUT,0.366182953119278,0.0362976118922234,0.767880499362946,-0.0636326894164085,3.07413268089294,1.31449770927429,K,8
OUTPUT,NaN,NaN,NaN,NaN,NaN,NaN

INPUT,0.367806285619736,0.0363550186157227,0.772456169128418,-0.0885136127471924,3.0719006061554,1.34134650230408,K,9
OUTPUT,NaN,NaN,NaN,NaN,NaN,NaN

INPUT,0.360887587070465,0.035295557230711,0.73653644323349,0.254049867391586,3.12321543693542,1.22163486480713,K,5
OUTPUT,NaN,NaN,NaN,NaN,NaN,NaN

INPUT,0.36646643280983,0.0353921912610531,0.750116169452667,0.179029434919357,3.12019920349121,1.29427242279053,K,6
OUTPUT,NaN,NaN,NaN,NaN,NaN,NaN

INPUT,0.370805501937866,0.0354673489928246,0.760678172111511,0.120885215699673,3.11793279647827,1.35097670555115,K,7
OUTPUT,NaN,NaN,NaN,NaN,NaN,NaN

INPUT,0.373904854059219,0.0355210341513157,0.768222451210022,0.079430878162384,3.11636114120483,1.39155888557434,K,8
OUTPUT,NaN,NaN,NaN,NaN,NaN,NaN

INPUT,0.375764489173889,0.0355532467365265,0.772749066352844,0.0545828007161617,3.11543846130371,1.41593337059021,K,9
OUTPUT,NaN,NaN,NaN,NaN,NaN,NaN

INPUT,0.362456887960434,0.0346358418464661,0.72502613067627,-2.88076996803284,3.12598896026611,-1.93851149082184,K,4
OUTPUT,NaN,NaN,NaN,NaN,NaN,NaN

INPUT,0.368813097476959,0.0346455089747906,0.738267719745636,-2.95578694343567,3.12406158447266,-1.84369266033173,K,5
OUTPUT,NaN,NaN,NaN,NaN,NaN,NaN

INPUT,0.375169277191162,0.0346551761031151,0.751509368419647,-3.03271532058716,3.12225937843323,-1.75078248977661,K,6
OUTPUT,NaN,NaN,NaN,NaN,NaN,NaN

INPUT,0.3801129758358,0.0346626900136471,0.761808395385742,-3.09348297119141,3.12095260620117,-1.67945194244385,K,7
OUTPUT,NaN,NaN,NaN,NaN,NaN,NaN

INPUT,0.383644193410873,0.0346680618822575,0.769164800643921,-3.1372709274292,3.12007355690002,-1.62888288497925,K,8
OUTPUT,NaN,NaN,NaN,NaN,NaN,NaN

INPUT,0.385762900114059,0.0346712842583656,0.773578703403473,3.11951375007629,3.11956882476807,-1.59866857528687,K,9
OUTPUT,NaN,NaN,NaN,NaN,NaN,NaN

INPUT,0.360690593719482,0.0354809798300266,0.724214255809784,-2.90780973434448,3.13500905036926,-1.8909205198288,K,4
OUTPUT,NaN,NaN,NaN,NaN,NaN,NaN

INPUT,0.366918325424194,0.0356365814805031,0.737585663795471,-2.98079943656921,3.13454627990723,-1.78067135810852,K,5
OUTPUT,NaN,NaN,NaN,NaN,NaN,NaN

INPUT,0.373146057128906,0.0357921831309795,0.750957012176514,-3.05596089363098,3.1341404914856,-1.67259347438812,K,6
OUTPUT,NaN,NaN,NaN,NaN,NaN,NaN

INPUT,0.377989858388901,0.0359132066369057,0.761356949806213,-3.11553955078125,3.13386678695679,-1.58965265750885,K,7
OUTPUT,NaN,NaN,NaN,NaN,NaN,NaN

INPUT,0.381449699401855,0.0359996519982815,0.768785536289215,3.12462139129639,3.1336944103241,-1.53087735176086,K,8
OUTPUT,NaN,NaN,NaN,NaN,NaN,NaN

INPUT,0.383525609970093,0.036051519215107,0.773242652416229,3.09865069389343,3.13360071182251,-1.49576807022095,K,9
OUTPUT,NaN,NaN,NaN,NaN,NaN,NaN

INPUT,0.35060977935791,0.0369709730148315,0.731350660324097,0.143899664282799,3.08837532997131,1.11257612705231,K,4
OUTPUT,NaN,NaN,NaN,NaN,NaN,NaN

INPUT,0.354211449623108,0.0372804626822472,0.742513179779053,0.0778330862522125,3.08049464225769,1.19202446937561,K,5
OUTPUT,NaN,NaN,NaN,NaN,NaN,NaN

INPUT,0.357813149690628,0.0375899523496628,0.753675699234009,0.0102448994293809,3.07293486595154,1.26998591423035,K,6
OUTPUT,NaN,NaN,NaN,NaN,NaN,NaN

INPUT,0.360614448785782,0.0378306619822979,0.762357652187347,-0.0430512614548206,3.06730318069458,1.32992005348206,K,7
OUTPUT,NaN,NaN,NaN,NaN,NaN,NaN

INPUT,0.362615376710892,0.0380026027560234,0.768559038639069,-0.0814147368073463,3.06342482566833,1.37244963645935,K,8
OUTPUT,NaN,NaN,NaN,NaN,NaN,NaN

INPUT,0.363815933465958,0.0381057634949684,0.772279918193817,-0.104530923068523,3.06115865707397,1.3978750705719,K,9
OUTPUT,NaN,NaN,NaN,NaN,NaN,NaN

INPUT,0.35510590672493,0.0344647392630577,0.732802629470825,0.270618736743927,3.11997270584106,1.22875547409058,K,12
OUTPUT,NaN,NaN,NaN,NaN,NaN,NaN

INPUT,0.35891780257225,0.034457590430975,0.744022607803345,0.218698143959045,3.11779761314392,1.27768003940582,K,13
OUTPUT,NaN,NaN,NaN,NaN,NaN,NaN

INPUT,0.362729698419571,0.0344504453241825,0.755242586135864,0.167024374008179,3.11568284034729,1.32685363292694,K,14
OUTPUT,NaN,NaN,NaN,NaN,NaN,NaN

INPUT,0.366541624069214,0.0344432964920998,0.766462564468384,0.115535341203213,3.11363387107849,1.3762149810791,K,15
OUTPUT,NaN,NaN,NaN,NaN,NaN,NaN

INPUT,0.369972318410873,0.0344368629157543,0.776560485363007,0.0693172961473465,3.11185026168823,1.42076468467712,K,16
OUTPUT,NaN,NaN,NaN,NaN,NaN,NaN

INPUT,0.372640669345856,0.0344318598508835,0.78441447019577,0.0334343388676643,3.11050534248352,1.45548033714294,K,17
OUTPUT,NaN,NaN,NaN,NaN,NaN,NaN

INPUT,0.374546617269516,0.034428283572197,0.79002445936203,0.00783294811844826,3.10956811904907,1.48030757904053,K,18
OUTPUT,NaN,NaN,NaN,NaN,NaN,NaN

INPUT,0.375690162181854,0.0344261415302753,0.793390452861786,-0.00751749519258738,3.10901570320129,1.49521458148956,K,19
OUTPUT,NaN,NaN,NaN,NaN,NaN,NaN

INPUT,0.376071363687515,0.034425426274538,0.794512450695038,-0.0126327080652118,3.1088330745697,1.50018525123596,K,20
OUTPUT,NaN,NaN,NaN,NaN,NaN,NaN

INPUT,0.361490666866302,0.0349613949656487,0.732547283172607,-2.81097102165222,3.12285041809082,-2.02198886871338,K,12
OUTPUT,NaN,NaN,NaN,NaN,NaN,NaN

INPUT,0.365975141525269,0.0350065492093563,0.743739187717438,-2.85103034973145,3.12109804153442,-1.97901284694672,K,13
OUTPUT,NaN,NaN,NaN,NaN,NaN,NaN

INPUT,0.370459616184235,0.035051703453064,0.754931151866913,-2.89131808280945,3.11938118934631,-1.93626379966736,K,14
OUTPUT,NaN,NaN,NaN,NaN,NaN,NaN

INPUT,0.374944120645523,0.0350968576967716,0.766123056411743,-2.93178153038025,3.11770248413086,-1.89368879795074,K,15
OUTPUT,NaN,NaN,NaN,NaN,NaN,NaN

INPUT,0.378980159759521,0.0351374968886375,0.776195824146271,-2.96831750869751,3.11622667312622,-1.85548889636993,K,16
OUTPUT,NaN,NaN,NaN,NaN,NaN,NaN

INPUT,0.382119297981262,0.0351691022515297,0.784030139446259,-2.99679827690125,3.11510324478149,-1.82584071159363,K,17
OUTPUT,NaN,NaN,NaN,NaN,NaN,NaN

INPUT,0.384361535310745,0.0351916812360287,0.789626121520996,-3.01717114448547,3.11431455612183,-1.80469238758087,K,18
OUTPUT,NaN,NaN,NaN,NaN,NaN,NaN

INPUT,0.385706901550293,0.0352052263915539,0.792983710765839,-3.02940535545349,3.11384677886963,-1.79201376438141,K,19
OUTPUT,NaN,NaN,NaN,NaN,NaN,NaN

INPUT,0.386155337095261,0.0352097414433956,0.794102907180786,-3.03348541259766,3.11369180679321,-1.78778922557831,K,20
OUTPUT,NaN,NaN,NaN,NaN,NaN,NaN

