INPUT,0.367304444313049,0.0388362109661102,0.721742689609528,-2.42126536369324,3.08290386199951,-1.92339360713959,K,11
OUTPUT,NaN,NaN,NaN,NaN,NaN,NaN

INPUT,0.373000383377075,0.0393427461385727,0.732980132102966,-2.44966745376587,3.07626795768738,-1.89320731163025,K,12
OUTPUT,NaN,NaN,NaN,NaN,NaN,NaN

INPUT,0.378696292638779,0.0398492775857449,0.744217574596405,-2.4782395362854,3.06968784332275,-1.86317873001099,K,13
OUTPUT,NaN,NaN,NaN,NaN,NaN,NaN

INPUT,0.38439217209816,0.0403558053076267,0.755454957485199,-2.50694036483765,3.0631697177887,-1.83326482772827,K,14
OUTPUT,NaN,NaN,NaN,NaN,NaN,NaN

INPUT,0.390088081359863,0.0408623367547989,0.766692399978638,-2.53574109077454,3.05671858787537,-1.80343592166901,K,15
OUTPUT,NaN,NaN,NaN,NaN,NaN,NaN

INPUT,0.395214408636093,0.0413182154297829,0.776806116104126,-2.56173086166382,3.05097484588623,-1.77664542198181,K,16
OUTPUT,NaN,NaN,NaN,NaN,NaN,NaN

INPUT,0.399201542139053,0.0416727885603905,0.784672260284424,-2.58198308944702,3.04655075073242,-1.75583696365356,K,17
OUTPUT,NaN,NaN,NaN,NaN,NaN,NaN

INPUT,0.402049511671066,0.0419260561466217,0.790291011333466,-2.59646701812744,3.04341506958008,-1.74098646640778,K,18
OUTPUT,NaN,NaN,NaN,NaN,NaN,NaN

INPUT,0.40375828742981,0.0420780144631863,0.793662250041962,-2.60516381263733,3.04154372215271,-1.73208057880402,K,19
OUTPUT,NaN,NaN,NaN,NaN,NaN,NaN

INPUT,0.404327869415283,0.0421286672353745,0.794785976409912,-2.60806369781494,3.04092168807983,-1.72911262512207,K,20
OUTPUT,NaN,NaN,NaN,NaN,NaN,NaN

INPUT,0.373913377523422,0.0511069223284721,0.719689905643463,-2.28931903839111,3.01560616493225,-1.65592932701111,K,11
OUTPUT,NaN,NaN,NaN,NaN,NaN,NaN

INPUT,0.380386978387833,0.0530570298433304,0.730685770511627,-2.32612776756287,3.001460313797,-1.61801552772522,K,12
OUTPUT,NaN,NaN,NaN,NaN,NaN,NaN

INPUT,0.386860549449921,0.0550071336328983,0.741681694984436,-2.36307406425476,2.98750925064087,-1.58016550540924,K,13
OUTPUT,NaN,NaN,NaN,NaN,NaN,NaN

INPUT,0.393334090709686,0.0569572374224663,0.7526775598526,-2.40013480186462,2.97377324104309,-1.54234981536865,K,14
OUTPUT,NaN,NaN,NaN,NaN,NaN,NaN

INPUT,0.399807661771774,0.0589073412120342,0.763673484325409,-2.43729472160339,2.96027159690857,-1.50454783439636,K,15
OUTPUT,NaN,NaN,NaN,NaN,NaN,NaN

INPUT,0.405633896589279,0.0606624372303486,0.773569762706757,-2.47081565856934,2.94833636283875,-1.47052502632141,K,16
OUTPUT,NaN,NaN,NaN,NaN,NaN,NaN

INPUT,0.410165399312973,0.0620275102555752,0.781266927719116,-2.49693441390991,2.93920421600342,-1.44405651092529,K,17
OUTPUT,NaN,NaN,NaN,NaN,NaN,NaN

INPUT,0.413402169942856,0.0630025640130043,0.786764860153198,-2.5156147480011,2.93276596069336,-1.42514491081238,K,18
OUTPUT,NaN,NaN,NaN,NaN,NaN,NaN

INPUT,0.41534423828125,0.0635875910520554,0.790063619613647,-2.52683234214783,2.92893815040588,-1.41379523277283,K,19
OUTPUT,NaN,NaN,NaN,NaN,NaN,NaN

INPUT,0.415991604328156,0.0637826025485992,0.791163206100464,-2.53057289123535,2.92766809463501,-1.41001152992249,K,20
OUTPUT,NaN,NaN,NaN,NaN,NaN,NaN

INPUT,0.362385869026184,0.0445744171738625,0.721793532371521,-2.19931030273438,3.06591653823853,-1.67679238319397,K,11
OUTPUT,NaN,NaN,NaN,NaN,NaN,NaN

INPUT,0.367501318454742,0.0457554459571838,0.733040809631348,-2.22896599769592,3.05734324455261,-1.64492905139923,K,12
OUTPUT,NaN,NaN,NaN,NaN,NaN,NaN

INPUT,0.372616797685623,0.0469364747405052,0.744288086891174,-2.25883555412292,3.04884958267212,-1.61325764656067,K,13
OUTPUT,NaN,NaN,NaN,NaN,NaN,NaN

INPUT,0.377732217311859,0.0481174997985363,0.755535304546356,-2.28886771202087,3.04044342041016,-1.58172452449799,K,14
OUTPUT,NaN,NaN,NaN,NaN,NaN,NaN

INPUT,0.38284769654274,0.0492985285818577,0.766782581806183,-2.31902742385864,3.03213286399841,-1.55029308795929,K,15
OUTPUT,NaN,NaN,NaN,NaN,NaN,NaN

INPUT,0.387451589107513,0.0503614507615566,0.776905119419098,-2.3462598323822,3.02474188804626,-1.5220695734024,K,16
OUTPUT,NaN,NaN,NaN,NaN,NaN,NaN

INPUT,0.39103239774704,0.0511881709098816,0.784778237342834,-2.36749005317688,3.01905512809753,-1.50015079975128,K,17
OUTPUT,NaN,NaN,NaN,NaN,NaN,NaN

INPUT,0.393590152263641,0.0517786853015423,0.790401875972748,-2.38267779350281,3.01502776145935,-1.48450887203217,K,18
OUTPUT,NaN,NaN,NaN,NaN,NaN,NaN

INPUT,0.395124763250351,0.0521329939365387,0.793776035308838,-2.3917989730835,3.01262545585632,-1.47512853145599,K,19
OUTPUT,NaN,NaN,NaN,NaN,NaN,NaN

INPUT,0.395636320114136,0.0522510968148708,0.79490077495575,-2.39484071731567,3.01182723045349,-1.47200262546539,K,20
OUTPUT,NaN,NaN,NaN,NaN,NaN,NaN

INPUT,0.362693578004837,0.0376848839223385,0.721954941749573,-2.4445333480835,3.11719822883606,-1.78610289096832,K,11
OUTPUT,NaN,NaN,NaN,NaN,NaN,NaN

INPUT,0.367846488952637,0.0380557775497437,0.733218729496002,-2.48071455955505,3.11455130577087,-1.74483644962311,K,12
OUTPUT,NaN,NaN,NaN,NaN,NaN,NaN

INPUT,0.372999429702759,0.0384266711771488,0.744482517242432,-2.51734781265259,3.11194467544556,-1.70401906967163,K,13
OUTPUT,NaN,NaN,NaN,NaN,NaN,NaN

INPUT,0.378152340650558,0.0387975685298443,0.755746304988861,-2.55431795120239,3.10938215255737,-1.66353595256805,K,14
OUTPUT,NaN,NaN,NaN,NaN,NaN,NaN

INPUT,0.383305281400681,0.0391684621572495,0.767010092735291,-2.59154653549194,3.10686802864075,-1.62330794334412,K,15
OUTPUT,NaN,NaN,NaN,NaN,NaN,NaN

INPUT,0.387942910194397,0.0395022667944431,0.777147531509399,-2.62522649765015,3.10464978218079,-1.58727431297302,K,16
OUTPUT,NaN,NaN,NaN,NaN,NaN,NaN

INPUT,0.391549974679947,0.0397618934512138,0.785032212734222,-2.65151572227478,3.10295534133911,-1.55933964252472,K,17
OUTPUT,NaN,NaN,NaN,NaN,NaN,NaN

INPUT,0.394126445055008,0.0399473421275616,0.790664076805115,-2.67033672332764,3.10176229476929,-1.53942847251892,K,18
OUTPUT,NaN,NaN,NaN,NaN,NaN,NaN

INPUT,0.39567232131958,0.040058609098196,0.794043242931366,-2.68164491653442,3.10105347633362,-1.52749681472778,K,19
OUTPUT,NaN,NaN,NaN,NaN,NaN,NaN

INPUT,0.396187603473663,0.0400956980884075,0.795169591903687,-2.68541669845581,3.10081839561462,-1.52352201938629,K,20
OUTPUT,NaN,NaN,NaN,NaN,NaN,NaN

INPUT,0.361207783222198,0.0378728061914444,0.721080660820007,-2.38491582870483,3.12033009529114,-1.59407782554626,K,11
OUTPUT,NaN,NaN,NaN,NaN,NaN,NaN

INPUT,0.366186797618866,0.0382660105824471,0.73224002122879,-2.42818260192871,3.11807203292847,-1.54432094097137,K,12
OUTPUT,NaN,NaN,NaN,NaN,NaN,NaN

INPUT,0.371165812015533,0.0386592149734497,0.743399441242218,-2.47201347351074,3.11586475372314,-1.49512612819672,K,13
OUTPUT,NaN,NaN,NaN,NaN,NaN,NaN

INPUT,0.376144826412201,0.0390524193644524,0.754558801651001,-2.51626491546631,3.11371302604675,-1.44634926319122,K,14
OUTPUT,NaN,NaN,NaN,NaN,NaN,NaN

INPUT,0.381123840808868,0.039445623755455,0.765718162059784,-2.56083846092224,3.11162137985229,-1.39789140224457,K,15
OUTPUT,NaN,NaN,NaN,NaN,NaN,NaN

INPUT,0.385604947805405,0.0397995077073574,0.775761663913727,-2.60117077827454,3.10979413986206,-1.35449326038361,K,16
OUTPUT,NaN,NaN,NaN,NaN,NaN,NaN

INPUT,0.389090269804001,0.0400747507810593,0.78357321023941,-2.63265657424927,3.10841131210327,-1.32085359096527,K,17
OUTPUT,NaN,NaN,NaN,NaN,NaN,NaN

INPUT,0.391579777002335,0.0402713529765606,0.789152920246124,-2.65519976615906,3.10744500160217,-1.29687774181366,K,18
OUTPUT,NaN,NaN,NaN,NaN,NaN,NaN

INPUT,0.393073469400406,0.0403893142938614,0.792500734329224,-2.66874480247498,3.10687398910522,-1.28251087665558,K,19
OUTPUT,NaN,NaN,NaN,NaN,NaN,NaN

INPUT,0.393571376800537,0.0404286347329617,0.793616652488708,-2.67326283454895,3.10668516159058,-1.27772498130798,K,20
OUTPUT,NaN,NaN,NaN,NaN,NaN,NaN

INPUT,0.367824763059616,0.0382383391261101,0.716250836849213,-2.41765069961548,3.08259463310242,-1.9336245059967,K,4
OUTPUT,NaN,NaN,NaN,NaN,NaN,NaN

INPUT,0.377029240131378,0.0389975383877754,0.731772243976593,-2.46742939949036,3.07122159004211,-1.87845075130463,K,5
OUTPUT,NaN,NaN,NaN,NaN,NaN,NaN

INPUT,0.38623371720314,0.0397567376494408,0.747293651103973,-2.51797485351563,3.06004166603088,-1.8240020275116,K,6
OUTPUT,NaN,NaN,NaN,NaN,NaN,NaN

INPUT,0.393392741680145,0.0403472259640694,0.759365797042847,-2.55745434761047,3.05153846740723,-1.78216004371643,K,7
OUTPUT,NaN,NaN,NaN,NaN,NaN,NaN

INPUT,0.398506343364716,0.0407690033316612,0.767988801002502,-2.58561301231384,3.04559206962585,-1.75257670879364,K,8
OUTPUT,NaN,NaN,NaN,NaN,NaN,NaN

INPUT,0.401574492454529,0.0410220697522163,0.773162603378296,-2.60245943069458,3.04208183288574,-1.73496079444885,K,9
OUTPUT,NaN,NaN,NaN,NaN,NaN,NaN

INPUT,0.374182969331741,0.0493166334927082,0.715250849723816,-2.28098559379578,3.01452207565308,-1.66618072986603,K,4
OUTPUT,NaN,NaN,NaN,NaN,NaN,NaN

INPUT,0.384329378604889,0.0525010637938976,0.730171859264374,-2.34650135040283,2.99051189422607,-1.5981752872467,K,5
OUTPUT,NaN,NaN,NaN,NaN,NaN,NaN

INPUT,0.394475817680359,0.0556854940950871,0.745092868804932,-2.41247415542603,2.9671733379364,-1.53038763999939,K,6
OUTPUT,NaN,NaN,NaN,NaN,NaN,NaN

INPUT,0.402367472648621,0.0581622719764709,0.756698071956635,-2.46402835845947,2.94955325126648,-1.47772169113159,K,7
OUTPUT,NaN,NaN,NaN,NaN,NaN,NaN

INPUT,0.408004403114319,0.0599314011633396,0.764987528324127,-2.50096368789673,2.93728232383728,-1.44010806083679,K,8
OUTPUT,NaN,NaN,NaN,NaN,NaN,NaN

INPUT,0.411386519670486,0.0609928779304028,0.769961178302765,-2.52316570281982,2.93005418777466,-1.4175363779068,K,9
OUTPUT,NaN,NaN,NaN,NaN,NaN,NaN

INPUT,0.371018469333649,0.0453434959053993,0.731662154197693,-2.24964308738708,3.05073118209839,-1.63183963298798,K,5
OUTPUT,NaN,NaN,NaN,NaN,NaN,NaN

INPUT,0.379197150468826,0.047197375446558,0.747288584709167,-2.30160880088806,3.03633832931519,-1.57331097126007,K,6
OUTPUT,NaN,NaN,NaN,NaN,NaN,NaN

INPUT,0.385558307170868,0.0486392788589001,0.759442508220673,-2.34240198135376,3.02541780471802,-1.5285439491272,K,7
OUTPUT,NaN,NaN,NaN,NaN,NaN,NaN

INPUT,0.390101999044418,0.0496692098677158,0.768123865127563,-2.37156438827515,3.01779913902283,-1.49698448181152,K,8
OUTPUT,NaN,NaN,NaN,NaN,NaN,NaN

INPUT,0.392828226089478,0.0502871684730053,0.77333265542984,-2.38902878761292,3.01330947875977,-1.47822511196136,K,9
OUTPUT,NaN,NaN,NaN,NaN,NaN,NaN

INPUT,0.371886610984802,0.0380595624446869,0.731609404087067,-2.51440954208374,3.1122407913208,-1.7347674369812,K,5
OUTPUT,NaN,NaN,NaN,NaN,NaN,NaN

INPUT,0.380371481180191,0.0386632829904556,0.747297048568726,-2.5743772983551,3.10798454284668,-1.6571329832077,K,6
OUTPUT,NaN,NaN,NaN,NaN,NaN,NaN

INPUT,0.386970847845078,0.0391328409314156,0.759498536586761,-2.62241244316101,3.10478162765503,-1.59813761711121,K,7
OUTPUT,NaN,NaN,NaN,NaN,NaN,NaN

INPUT,0.391684651374817,0.039468239992857,0.768213927745819,-2.6572687625885,3.10255742073059,-1.55653965473175,K,8
OUTPUT,NaN,NaN,NaN,NaN,NaN,NaN

INPUT,0.394512951374054,0.0396694801747799,0.773443102836609,-2.67835998535156,3.10124969482422,-1.53175687789917,K,9
OUTPUT,NaN,NaN,NaN,NaN,NaN,NaN

INPUT,0.370104312896729,0.038309495896101,0.73042619228363,-2.47239470481873,3.11603784561157,-1.53589189052582,K,5
OUTPUT,NaN,NaN,NaN,NaN,NaN,NaN

INPUT,0.378328233957291,0.0389589592814445,0.745979189872742,-2.54255199432373,3.11249208450317,-1.4408038854599,K,6
OUTPUT,NaN,NaN,NaN,NaN,NaN,NaN

INPUT,0.384724617004395,0.0394640937447548,0.758075892925262,-2.5990035533905,3.109867811203,-1.36872589588165,K,7
OUTPUT,NaN,NaN,NaN,NaN,NaN,NaN

INPUT,0.38929346203804,0.0398249067366123,0.766716420650482,-2.64006209373474,3.10807180404663,-1.31797432899475,K,8
OUTPUT,NaN,NaN,NaN,NaN,NaN,NaN

INPUT,0.392034769058228,0.0400413945317268,0.771900713443756,-2.66493630409241,3.10702753067017,-1.2877608537674,K,9
OUTPUT,NaN,NaN,NaN,NaN,NaN,NaN

INPUT,0.359714180231094,0.0333356447517872,0.733048021793365,-2.47279262542725,3.14052844047546,-1.92599773406982,K,12
OUTPUT,NaN,NaN,NaN,NaN,NaN,NaN

INPUT,0.364011645317078,0.0332098267972469,0.744292616844177,-2.45541739463806,3.14050912857056,-1.85108661651611,K,13
OUTPUT,NaN,NaN,NaN,NaN,NaN,NaN

INPUT,0.368309140205383,0.0330840088427067,0.755537211894989,-2.4397087097168,3.14048862457275,-1.77784216403961,K,14
OUTPUT,NaN,NaN,NaN,NaN,NaN,NaN

INPUT,0.372606605291367,0.0329581908881664,0.766781806945801,-2.42567491531372,3.14046692848206,-1.7062726020813,K,15
OUTPUT,NaN,NaN,NaN,NaN,NaN,NaN

INPUT,0.376474320888519,0.0328449532389641,0.776901960372925,-2.41446709632874,3.14044642448425,-1.64328265190125,K,16
OUTPUT,NaN,NaN,NaN,NaN,NaN,NaN

INPUT,0.379482567310333,0.0327568836510181,0.784773170948029,-2.40666913986206,3.14042997360229,-1.59520959854126,K,17
OUTPUT,NaN,NaN,NaN,NaN,NaN,NaN

INPUT,0.381631284952164,0.032693974673748,0.790395498275757,-2.4015839099884,3.14041781425476,-1.56135630607605,K,18
OUTPUT,NaN,NaN,NaN,NaN,NaN,NaN

INPUT,0.382920533418655,0.0326562263071537,0.793768882751465,-2.3987238407135,3.14041066169739,-1.54123556613922,K,19
OUTPUT,NaN,NaN,NaN,NaN,NaN,NaN

INPUT,0.383350282907486,0.0326436460018158,0.794893324375153,-2.39780187606812,3.14040803909302,-1.53456020355225,K,20
OUTPUT,NaN,NaN,NaN,NaN,NaN,NaN

INPUT,0.362016260623932,0.0425216928124428,0.720648229122162,-2.16354942321777,3.09115290641785,-1.56185638904572,K,11
OUTPUT,NaN,NaN,NaN,NaN,NaN,NaN

INPUT,0.367089599370956,0.0434614606201649,0.731758415699005,-2.1973123550415,3.08551073074341,-1.52481985092163,K,12
OUTPUT,NaN,NaN,NaN,NaN,NaN,NaN

INPUT,0.372162967920303,0.044401228427887,0.742868602275848,-2.23137831687927,3.07993865013123,-1.48807549476624,K,13
OUTPUT,NaN,NaN,NaN,NaN,NaN,NaN

INPUT,0.377236306667328,0.0453409925103188,0.753978729248047,-2.26567101478577,3.07444357872009,-1.45154559612274,K,14
OUTPUT,NaN,NaN,NaN,NaN,NaN,NaN

INPUT,0.382309645414352,0.0462807603180408,0.76508891582489,-2.30013823509216,3.06903266906738,-1.41517734527588,K,15
OUTPUT,NaN,NaN,NaN,NaN,NaN,NaN

INPUT,0.386875689029694,0.0471265502274036,0.77508807182312,-2.33127760887146,3.06424045562744,-1.38255286216736,K,16
OUTPUT,NaN,NaN,NaN,NaN,NaN,NaN

INPUT,0.390427023172379,0.0477843880653381,0.782865166664124,-2.35556125640869,3.06056714057922,-1.35723447799683,K,17
OUTPUT,NaN,NaN,NaN,NaN,NaN,NaN

INPUT,0.392963707447052,0.048254270106554,0.788420259952545,-2.37293672561646,3.05797362327576,-1.3391752243042,K,18
OUTPUT,NaN,NaN,NaN,NaN,NaN,NaN

INPUT,0.394485712051392,0.0485362000763416,0.79175329208374,-2.38337278366089,3.05643010139465,-1.32834887504578,K,19
OUTPUT,NaN,NaN,NaN,NaN,NaN,NaN

INPUT,0.394993036985397,0.0486301779747009,0.792864322662354,-2.38685321807861,3.05591773986816,-1.32474148273468,K,20
OUTPUT,NaN,NaN,NaN,NaN,NaN,NaN

INPUT,0.361954152584076,0.0407292880117893,0.72178453207016,-2.12006783485413,3.09920907020569,-1.67634642124176,K,11
OUTPUT,NaN,NaN,NaN,NaN,NaN,NaN

INPUT,0.367020785808563,0.0414585135877132,0.73302686214447,-2.14441204071045,3.09439921379089,-1.64849388599396,K,12
OUTPUT,NaN,NaN,NaN,NaN,NaN,NaN

INPUT,0.372087419033051,0.0421877354383469,0.744269132614136,-2.16908264160156,3.08962154388428,-1.62096202373505,K,13
OUTPUT,NaN,NaN,NaN,NaN,NaN,NaN

INPUT,0.377154052257538,0.0429169610142708,0.755511462688446,-2.19399666786194,3.08487915992737,-1.59366691112518,K,14
OUTPUT,NaN,NaN,NaN,NaN,NaN,NaN

INPUT,0.382220685482025,0.0436461828649044,0.766753733158112,-2.21909713745117,3.08017516136169,-1.56655144691467,K,15
OUTPUT,NaN,NaN,NaN,NaN,NaN,NaN

INPUT,0.386780649423599,0.0443024858832359,0.776871860027313,-2.24181389808655,3.07597732543945,-1.54226720333099,K,16
OUTPUT,NaN,NaN,NaN,NaN,NaN,NaN

INPUT,0.390327304601669,0.0448129400610924,0.784741461277008,-2.25955033302307,3.07273721694946,-1.52344310283661,K,17
OUTPUT,NaN,NaN,NaN,NaN,NaN,NaN

INPUT,0.392860621213913,0.0451775528490543,0.790362596511841,-2.27225065231323,3.07043695449829,-1.51002633571625,K,18
OUTPUT,NaN,NaN,NaN,NaN,NaN,NaN

INPUT,0.39438059926033,0.0453963205218315,0.793735325336456,-2.27988243103027,3.06906247138977,-1.50198662281036,K,19
OUTPUT,NaN,NaN,NaN,NaN,NaN,NaN

INPUT,0.394887268543243,0.0454692430794239,0.794859528541565,-2.28242802619934,3.06860518455505,-1.49930822849274,K,20
OUTPUT,NaN,NaN,NaN,NaN,NaN,NaN

INPUT,0.360547751188278,0.046878457069397,0.720515847206116,-2.0232367515564,3.08442568778992,-1.70317077636719,K,11
OUTPUT,NaN,NaN,NaN,NaN,NaN,NaN

INPUT,0.365449160337448,0.0483312346041203,0.731608033180237,-2.04086542129517,3.07780909538269,-1.68294835090637,K,12
OUTPUT,NaN,NaN,NaN,NaN,NaN,NaN

INPUT,0.370350569486618,0.0497840121388435,0.742700278759003,-2.05871486663818,3.0712251663208,-1.6629946231842,K,13
OUTPUT,NaN,NaN,NaN,NaN,NaN,NaN

INPUT,0.375251948833466,0.0512367896735668,0.753792524337769,-2.07670831680298,3.06468057632446,-1.64325964450836,K,14
OUTPUT,NaN,NaN,NaN,NaN,NaN,NaN

INPUT,0.380153357982635,0.0526895672082901,0.764884769916534,-2.09478950500488,3.05818223953247,-1.62371361255646,K,15
OUTPUT,NaN,NaN,NaN,NaN,NaN,NaN

INPUT,0.384564638137817,0.0539970695972443,0.77486777305603,-2.11110138893127,3.05237913131714,-1.60626888275146,K,16
OUTPUT,NaN,NaN,NaN,NaN,NaN,NaN

INPUT,0.387995630502701,0.0550140142440796,0.782632350921631,-2.1237964630127,3.04789805412292,-1.59279215335846,K,17
OUTPUT,NaN,NaN,NaN,NaN,NaN,NaN

INPUT,0.390446335077286,0.0557404011487961,0.788178443908691,-2.13286209106445,3.04471635818481,-1.58321368694305,K,18
OUTPUT,NaN,NaN,NaN,NaN,NaN,NaN

INPUT,0.391916751861572,0.056176234036684,0.791506111621857,-2.13829898834229,3.04281520843506,-1.57748556137085,K,19
OUTPUT,NaN,NaN,NaN,NaN,NaN,NaN

INPUT,0.39240688085556,0.0563215129077435,0.792615354061127,-2.14011073112488,3.0421826839447,-1.57557928562164,K,20
OUTPUT,NaN,NaN,NaN,NaN,NaN,NaN

INPUT,0.370190739631653,0.0450544841587543,0.720048308372498,-2.16889619827271,3.03840231895447,-1.60544490814209,K,11
OUTPUT,NaN,NaN,NaN,NaN,NaN,NaN

INPUT,0.376226246356964,0.0462925583124161,0.731086373329163,-2.20136451721191,3.0267231464386,-1.5715115070343,K,12
OUTPUT,NaN,NaN,NaN,NaN,NaN,NaN

INPUT,0.382261753082275,0.0475306361913681,0.742124438285828,-2.23398971557617,3.01517057418823,-1.53769028186798,K,13
OUTPUT,NaN,NaN,NaN,NaN,NaN,NaN

INPUT,0.388297230005264,0.0487687103450298,0.753162503242493,-2.2667384147644,3.00375699996948,-1.50394451618195,K,14
OUTPUT,NaN,NaN,NaN,NaN,NaN,NaN

INPUT,0.394332706928253,0.0500067882239819,0.764200568199158,-2.29958868026733,2.99249529838562,-1.47024834156036,K,15
OUTPUT,NaN,NaN,NaN,NaN,NaN,NaN

INPUT,0.399764657020569,0.0511210560798645,0.774134874343872,-2.32922863960266,2.98250031471252,-1.43994891643524,K,16
OUTPUT,NaN,NaN,NaN,NaN,NaN,NaN

INPUT,0.403989493846893,0.051987711340189,0.781861543655396,-2.35232543945313,2.97482419013977,-1.41639339923859,K,17
OUTPUT,NaN,NaN,NaN,NaN,NaN,NaN

INPUT,0.407007247209549,0.052606750279665,0.787380576133728,-2.36884450912476,2.96939635276794,-1.39957141876221,K,18
OUTPUT,NaN,NaN,NaN,NaN,NaN,NaN

INPUT,0.408817887306213,0.0529781728982925,0.79069197177887,-2.37876415252686,2.96616244316101,-1.38947892189026,K,19
OUTPUT,NaN,NaN,NaN,NaN,NaN,NaN

INPUT,0.409421443939209,0.0531019791960716,0.791795790195465,-2.38207197189331,2.96508836746216,-1.38611483573914,K,20
OUTPUT,NaN,NaN,NaN,NaN,NaN,NaN

INPUT,0.371074169874191,0.0413081906735897,0.721582770347595,-2.43142604827881,3.07549118995667,-1.85717761516571,K,11
OUTPUT,NaN,NaN,NaN,NaN,NaN,NaN

INPUT,0.37721386551857,0.0421054810285568,0.732801258563995,-2.46439123153687,3.06806612014771,-1.82255077362061,K,12
OUTPUT,NaN,NaN,NaN,NaN,NaN,NaN

INPUT,0.383353531360626,0.0429027713835239,0.744019746780396,-2.49751734733582,3.06072497367859,-1.78806638717651,K,13
OUTPUT,NaN,NaN,NaN,NaN,NaN,NaN

INPUT,0.389493197202682,0.0437000617384911,0.755238234996796,-2.53076553344727,3.05347609519958,-1.75368452072144,K,14
OUTPUT,NaN,NaN,NaN,NaN,NaN,NaN

INPUT,0.395632892847061,0.0444973520934582,0.766456723213196,-2.56411027908325,3.04632782936096,-1.71937727928162,K,15
OUTPUT,NaN,NaN,NaN,NaN,NaN,NaN

INPUT,0.401158601045609,0.0452149137854576,0.776553332805634,-2.59418773651123,3.03998732566833,-1.68854868412018,K,16
OUTPUT,NaN,NaN,NaN,NaN,NaN,NaN

INPUT,0.405456364154816,0.0457730181515217,0.784406304359436,-2.61761879920959,3.03512048721313,-1.66459476947784,K,17
OUTPUT,NaN,NaN,NaN,NaN,NaN,NaN

INPUT,0.408526211977005,0.0461716614663601,0.790015518665314,-2.63437294960022,3.03168058395386,-1.64749526977539,K,18
OUTPUT,NaN,NaN,NaN,NaN,NaN,NaN

INPUT,0.410368114709854,0.0464108511805534,0.793381035327911,-2.64443206787109,3.02963161468506,-1.63723909854889,K,19
OUTPUT,NaN,NaN,NaN,NaN,NaN,NaN

INPUT,0.410982072353363,0.0464905798435211,0.794502913951874,-2.64778614044189,3.0289511680603,-1.63382089138031,K,20
OUTPUT,NaN,NaN,NaN,NaN,NaN,NaN

INPUT,0.359933882951736,0.0313405320048332,0.733994662761688,-2.50181937217712,3.12816619873047,-1.91553401947021,K,12
OUTPUT,NaN,NaN,NaN,NaN,NaN,NaN

INPUT,0.364254593849182,0.0310047511011362,0.745338678359985,-2.5293595790863,3.12689065933228,-1.88137948513031,K,13
OUTPUT,NaN,NaN,NaN,NaN,NaN,NaN

INPUT,0.368575304746628,0.0306689720600843,0.756682693958282,-2.55742573738098,3.12562918663025,-1.84775042533875,K,14
OUTPUT,NaN,NaN,NaN,NaN,NaN,NaN

INPUT,0.372896015644073,0.0303331911563873,0.76802670955658,-2.58589720726013,3.12438273429871,-1.81452620029449,K,15
OUTPUT,NaN,NaN,NaN,NaN,NaN,NaN

INPUT,0.376784652471542,0.0300309881567955,0.778236329555511,-2.61179685592651,3.12327480316162,-1.78489899635315,K,16
OUTPUT,NaN,NaN,NaN,NaN,NaN,NaN

INPUT,0.379809141159058,0.0297959428280592,0.786177158355713,-2.63208937644958,3.12242269515991,-1.76200354099274,K,17
OUTPUT,NaN,NaN,NaN,NaN,NaN,NaN

INPUT,0.381969481706619,0.0296280514448881,0.791849195957184,-2.64665246009827,3.12181949615479,-1.74571800231934,K,18
OUTPUT,NaN,NaN,NaN,NaN,NaN,NaN

INPUT,0.38326570391655,0.0295273177325726,0.79525238275528,-2.65541505813599,3.1214599609375,-1.73597145080566,K,19
OUTPUT,NaN,NaN,NaN,NaN,NaN,NaN

INPUT,0.383697777986526,0.0294937398284674,0.796386778354645,-2.65833973884583,3.12134027481079,-1.73272633552551,K,20
OUTPUT,NaN,NaN,NaN,NaN,NaN,NaN

INPUT,0.370789587497711,0.0432885736227036,0.730042278766632,-2.22612929344177,3.08106541633606,-1.51414656639099,K,5
OUTPUT,NaN,NaN,NaN,NaN,NaN,NaN

INPUT,0.379054039716721,0.0447894595563412,0.745484590530396,-2.2827730178833,3.07175946235657,-1.44478034973145,K,6
OUTPUT,NaN,NaN,NaN,NaN,NaN,NaN

INPUT,0.385481923818588,0.0459568127989769,0.75749534368515,-2.32789397239685,3.06470966339111,-1.39186632633209,K,7
OUTPUT,NaN,NaN,NaN,NaN,NaN,NaN

INPUT,0.390073299407959,0.046790637075901,0.766074419021606,-2.36053824424744,3.05978560447693,-1.35446929931641,K,8
OUTPUT,NaN,NaN,NaN,NaN,NaN,NaN

INPUT,0.392828106880188,0.0472909286618233,0.771221816539764,-2.38025951385498,3.05687856674194,-1.33215916156769,K,9
OUTPUT,NaN,NaN,NaN,NaN,NaN,NaN

INPUT,0.370896816253662,0.0412218198180199,0.731419503688812,-2.16690707206726,3.09048509597778,-1.64196503162384,K,5
OUTPUT,NaN,NaN,NaN,NaN,NaN,NaN

INPUT,0.379190504550934,0.0423532798886299,0.747077107429504,-2.20752453804016,3.08245372772217,-1.58920395374298,K,6
OUTPUT,NaN,NaN,NaN,NaN,NaN,NaN

INPUT,0.385641127824783,0.0432333014905453,0.759255170822144,-2.24003028869629,3.07631587982178,-1.54932832717896,K,7
OUTPUT,NaN,NaN,NaN,NaN,NaN,NaN

INPUT,0.390248715877533,0.0438618920743465,0.767953872680664,-2.26353096961975,3.07200455665588,-1.52137517929077,K,8
OUTPUT,NaN,NaN,NaN,NaN,NaN,NaN

INPUT,0.393013268709183,0.0442390441894531,0.773173034191132,-2.2776985168457,3.06945061683655,-1.50480091571808,K,9
OUTPUT,NaN,NaN,NaN,NaN,NaN,NaN

INPUT,0.369118690490723,0.0481636971235275,0.729836344718933,-2.05627918243408,3.07272577285767,-1.67851805686951,K,5
OUTPUT,NaN,NaN,NaN,NaN,NaN,NaN

INPUT,0.377117246389389,0.0504986494779587,0.74527233839035,-2.08568048477173,3.06161952018738,-1.64053440093994,K,6
OUTPUT,NaN,NaN,NaN,NaN,NaN,NaN

INPUT,0.383338332176208,0.0523147210478783,0.757278084754944,-2.10925388336182,3.05305886268616,-1.61177742481232,K,7
OUTPUT,NaN,NaN,NaN,NaN,NaN,NaN

INPUT,0.387781977653503,0.0536119155585766,0.765853643417358,-2.12633895874023,3.04699635505676,-1.5915699005127,K,8
OUTPUT,NaN,NaN,NaN,NaN,NaN,NaN

INPUT,0.390448153018951,0.0543902292847633,0.770998954772949,-2.13666081428528,3.0433828830719,-1.57956302165985,K,9
OUTPUT,NaN,NaN,NaN,NaN,NaN,NaN

INPUT,0.370464235544205,0.0435793362557888,0.714863657951355,-2.16570162773132,3.03746271133423,-1.61850583553314,K,4
OUTPUT,NaN,NaN,NaN,NaN,NaN,NaN

INPUT,0.380102336406708,0.0454599447548389,0.73001617193222,-2.22194719314575,3.01764512062073,-1.55617702007294,K,5
OUTPUT,NaN,NaN,NaN,NaN,NaN,NaN

INPUT,0.389740437269211,0.0473405532538891,0.745168685913086,-2.27909588813782,2.99826169013977,-1.49460709095001,K,6
OUTPUT,NaN,NaN,NaN,NaN,NaN,NaN

INPUT,0.397236704826355,0.0488032475113869,0.7569540143013,-2.32397079467773,2.98353028297424,-1.44703376293182,K,7
OUTPUT,NaN,NaN,NaN,NaN,NaN,NaN

INPUT,0.402591198682785,0.0498480312526226,0.765372097492218,-2.35619974136353,2.97321176528931,-1.41316330432892,K,8
OUTPUT,NaN,NaN,NaN,NaN,NaN,NaN

INPUT,0.405803918838501,0.050474900752306,0.77042293548584,-2.37559700012207,2.96710801124573,-1.39287352561951,K,9
OUTPUT,NaN,NaN,NaN,NaN,NaN,NaN

INPUT,0.360018879175186,0.0334414914250374,0.724134027957916,-2.68629217147827,3.13960480690002,-2.17302489280701,K,4
OUTPUT,NaN,NaN,NaN,NaN,NaN,NaN

INPUT,0.366190224885941,0.0332260504364967,0.737570285797119,-2.65200018882751,3.13984084129333,-2.0457649230957,K,5
OUTPUT,NaN,NaN,NaN,NaN,NaN,NaN

INPUT,0.372361570596695,0.0330106094479561,0.751006603240967,-2.59323740005493,3.14006590843201,-1.89403402805328,K,6
OUTPUT,NaN,NaN,NaN,NaN,NaN,NaN

INPUT,0.377161502838135,0.0328430458903313,0.761457026004791,-2.52458333969116,3.14022755622864,-1.75332796573639,K,7
OUTPUT,NaN,NaN,NaN,NaN,NaN,NaN

INPUT,0.38059002161026,0.032723356038332,0.768921673297882,-2.4600772857666,3.14033246040344,-1.63760685920715,K,8
OUTPUT,NaN,NaN,NaN,NaN,NaN,NaN

INPUT,0.382647156715393,0.0326515436172485,0.77340042591095,-2.41430735588074,3.14038991928101,-1.56123971939087,K,9
OUTPUT,NaN,NaN,NaN,NaN,NaN,NaN

INPUT,0.371624290943146,0.0405890867114067,0.716489434242249,-2.42731499671936,3.07508826255798,-1.86833143234253,K,4
OUTPUT,NaN,NaN,NaN,NaN,NaN,NaN

INPUT,0.381518542766571,0.041869193315506,0.731879472732544,-2.48482346534729,3.06244158744812,-1.80549252033234,K,5
OUTPUT,NaN,NaN,NaN,NaN,NaN,NaN

INPUT,0.391412794589996,0.0431492999196053,0.747269570827484,-2.54308986663818,3.05008053779602,-1.74335193634033,K,6
OUTPUT,NaN,NaN,NaN,NaN,NaN,NaN

INPUT,0.399108320474625,0.0441449359059334,0.759239614009857,-2.58875560760498,3.04069328308105,-1.69532155990601,K,7
OUTPUT,NaN,NaN,NaN,NaN,NaN,NaN

INPUT,0.404605120420456,0.0448561049997807,0.767789602279663,-2.6215124130249,3.03412199020386,-1.66112589836121,K,8
OUTPUT,NaN,NaN,NaN,NaN,NaN,NaN

INPUT,0.407903224229813,0.0452828072011471,0.772919654846191,-2.64121270179749,3.03023648262024,-1.64064335823059,K,9
OUTPUT,NaN,NaN,NaN,NaN,NaN,NaN

INPUT,0.360415369272232,0.0314699225127697,0.725549578666687,-2.50856280326843,3.1277494430542,-1.95858228206635,K,4
OUTPUT,NaN,NaN,NaN,NaN,NaN,NaN

INPUT,0.366483420133591,0.0308969989418983,0.739007592201233,-2.54528713226318,3.1259913444519,-1.89547097682953,K,5
OUTPUT,NaN,NaN,NaN,NaN,NaN,NaN

INPUT,0.372551470994949,0.030324075371027,0.752465546131134,-2.58466219902039,3.12426996231079,-1.83500897884369,K,6
OUTPUT,NaN,NaN,NaN,NaN,NaN,NaN

INPUT,0.377271085977554,0.0298784673213959,0.76293283700943,-2.6164882183075,3.12296509742737,-1.78950047492981,K,7
OUTPUT,NaN,NaN,NaN,NaN,NaN,NaN

INPUT,0.380642235279083,0.0295601766556501,0.770409524440765,-2.63964438438416,3.1220543384552,-1.75772714614868,K,8
OUTPUT,NaN,NaN,NaN,NaN,NaN,NaN

INPUT,0.382664918899536,0.0293692015111446,0.774895548820496,-2.65365481376648,3.12151765823364,-1.73894226551056,K,9
OUTPUT,NaN,NaN,NaN,NaN,NaN,NaN

INPUT,0.356047511100769,0.0320394150912762,0.733786940574646,0.991012632846832,3.12276291847229,1.49307727813721,K,12
OUTPUT,NaN,NaN,NaN,NaN,NaN,NaN

INPUT,0.359959542751312,0.0317771658301353,0.745108425617218,0.961166977882385,3.12075901031494,1.51606273651123,K,13
OUTPUT,NaN,NaN,NaN,NaN,NaN,NaN

INPUT,0.363871544599533,0.0315149165689945,0.756429970264435,0.931921124458313,3.11876940727234,1.5396488904953,K,14
OUTPUT,NaN,NaN,NaN,NaN,NaN,NaN

INPUT,0.367783576250076,0.0312526673078537,0.767751455307007,0.903126895427704,3.11679553985596,1.56368780136108,K,15
OUTPUT,NaN,NaN,NaN,NaN,NaN,NaN

INPUT,0.371304363012314,0.0310166422277689,0.777940809726715,0.877512335777283,3.1150336265564,1.58562445640564,K,16
OUTPUT,NaN,NaN,NaN,NaN,NaN,NaN

INPUT,0.37404277920723,0.0308330673724413,0.785865902900696,0.857749462127686,3.11367344856262,1.60284662246704,K,17
OUTPUT,NaN,NaN,NaN,NaN,NaN,NaN

INPUT,0.375998795032501,0.0307019427418709,0.791526675224304,0.843705952167511,3.11270785331726,1.61522126197815,K,18
OUTPUT,NaN,NaN,NaN,NaN,NaN,NaN

INPUT,0.377172380685806,0.0306232664734125,0.79492312669754,0.83530604839325,3.11213088035583,1.62267243862152,K,19
OUTPUT,NaN,NaN,NaN,NaN,NaN,NaN

INPUT,0.37756359577179,0.0305970422923565,0.796055257320404,0.832510113716125,3.11193895339966,1.62516021728516,K,20
OUTPUT,NaN,NaN,NaN,NaN,NaN,NaN

INPUT,0.35844013094902,0.0341090820729733,0.722224593162537,-2.68021559715271,3.12308096885681,-1.91416692733765,K,11
OUTPUT,NaN,NaN,NaN,NaN,NaN,NaN

INPUT,0.363092750310898,0.034059077501297,0.733520328998566,-2.72278213500977,3.12114191055298,-1.86662662029266,K,12
OUTPUT,NaN,NaN,NaN,NaN,NaN,NaN

INPUT,0.367745339870453,0.034009076654911,0.74481612443924,-2.76577615737915,3.11924409866333,-1.81951248645782,K,13
OUTPUT,NaN,NaN,NaN,NaN,NaN,NaN

INPUT,0.372397929430008,0.0339590720832348,0.756111860275269,-2.80909061431885,3.11739158630371,-1.7727165222168,K,14
OUTPUT,NaN,NaN,NaN,NaN,NaN,NaN

INPUT,0.377050548791885,0.0339090712368488,0.767407596111298,-2.85265064239502,3.11558818817139,-1.72616422176361,K,15
OUTPUT,NaN,NaN,NaN,NaN,NaN,NaN

INPUT,0.381237894296646,0.0338640660047531,0.777573823928833,-2.89202046394348,3.11401009559631,-1.68443131446838,K,16
OUTPUT,NaN,NaN,NaN,NaN,NaN,NaN

INPUT,0.384494692087173,0.0338290631771088,0.785480856895447,-2.9227306842804,3.11281394958496,-1.65206038951874,K,17
OUTPUT,NaN,NaN,NaN,NaN,NaN,NaN

INPUT,0.386821001768112,0.0338040627539158,0.791128754615784,-2.94470739364624,3.11197686195374,-1.62897861003876,K,18
OUTPUT,NaN,NaN,NaN,NaN,NaN,NaN

INPUT,0.388216763734818,0.0337890610098839,0.794517457485199,-2.95790839195251,3.11148190498352,-1.61514401435852,K,19
OUTPUT,NaN,NaN,NaN,NaN,NaN,NaN

INPUT,0.388682037591934,0.0337840616703033,0.795647025108337,-2.9623110294342,3.11131811141968,-1.61053466796875,K,20
OUTPUT,NaN,NaN,NaN,NaN,NaN,NaN

INPUT,0.362987756729126,0.0368739031255245,0.721428871154785,-2.27505135536194,3.10655617713928,-1.51500391960144,K,11
OUTPUT,NaN,NaN,NaN,NaN,NaN,NaN

INPUT,0.368176162242889,0.0371494628489017,0.732629239559174,-2.31758809089661,3.1027512550354,-1.4681259393692,K,12
OUTPUT,NaN,NaN,NaN,NaN,NaN,NaN

INPUT,0.373364567756653,0.037425022572279,0.743829667568207,-2.36051225662231,3.09902381896973,-1.42162883281708,K,13
OUTPUT,NaN,NaN,NaN,NaN,NaN,NaN

INPUT,0.378552943468094,0.0377005822956562,0.755030035972595,-2.40372467041016,3.09538125991821,-1.37541317939758,K,14
OUTPUT,NaN,NaN,NaN,NaN,NaN,NaN

INPUT,0.383741348981857,0.0379761420190334,0.766230463981628,-2.44715785980225,3.09183096885681,-1.32941067218781,K,15
OUTPUT,NaN,NaN,NaN,NaN,NaN,NaN

INPUT,0.388410925865173,0.0382241457700729,0.776310861110687,-2.48639678955078,3.08872032165527,-1.28815066814423,K,16
OUTPUT,NaN,NaN,NaN,NaN,NaN,NaN

INPUT,0.392042815685272,0.038417037576437,0.784151136875153,-2.51699566841125,3.08635997772217,-1.25613522529602,K,17
OUTPUT,NaN,NaN,NaN,NaN,NaN,NaN

INPUT,0.394637018442154,0.0385548174381256,0.789751291275024,-2.53888916969299,3.08470702171326,-1.23330128192902,K,18
OUTPUT,NaN,NaN,NaN,NaN,NaN,NaN

INPUT,0.396193534135818,0.0386374853551388,0.793111443519592,-2.5520384311676,3.0837287902832,-1.21961331367493,K,19
OUTPUT,NaN,NaN,NaN,NaN,NaN,NaN

INPUT,0.396712362766266,0.0386650413274765,0.794231474399567,-2.55642366409302,3.08340501785278,-1.21505260467529,K,20
OUTPUT,NaN,NaN,NaN,NaN,NaN,NaN

INPUT,0.352263450622559,0.0295467022806406,0.73300975561142,0.556794822216034,3.09713959693909,1.29104137420654,K,12
OUTPUT,NaN,NaN,NaN,NaN,NaN,NaN

INPUT,0.355776578187943,0.0290220994502306,0.744250178337097,0.517163932323456,3.0926148891449,1.32870745658875,K,13
OUTPUT,NaN,NaN,NaN,NaN,NaN,NaN

INPUT,0.359289705753326,0.0284974984824657,0.75549054145813,0.477693736553192,3.08816313743591,1.36654257774353,K,14
OUTPUT,NaN,NaN,NaN,NaN,NaN,NaN

INPUT,0.36280283331871,0.0279728956520557,0.766730904579163,0.438343703746796,3.08379125595093,1.40450716018677,K,15
OUTPUT,NaN,NaN,NaN,NaN,NaN,NaN

INPUT,0.365964651107788,0.0275007542222738,0.776847243309021,0.403007864952087,3.07993006706238,1.43876254558563,K,16
OUTPUT,NaN,NaN,NaN,NaN,NaN,NaN

INPUT,0.368423849344254,0.0271335318684578,0.784715533256531,0.375565826892853,3.07697820663452,1.46545279026031,K,17
OUTPUT,NaN,NaN,NaN,NaN,NaN,NaN

INPUT,0.370180428028107,0.0268712304532528,0.790335714817047,0.355982959270477,3.0748987197876,1.48453891277313,K,18
OUTPUT,NaN,NaN,NaN,NaN,NaN,NaN

INPUT,0.371234357357025,0.0267138499766588,0.793707847595215,0.344239950180054,3.07366275787354,1.49599862098694,K,19
OUTPUT,NaN,NaN,NaN,NaN,NaN,NaN

INPUT,0.371585667133331,0.0266613904386759,0.794831871986389,0.340326607227325,3.07325291633606,1.4998197555542,K,20
OUTPUT,NaN,NaN,NaN,NaN,NaN,NaN

INPUT,0.366833806037903,0.0339814350008965,0.731742262840271,-2.76105642318726,3.1193380355835,-1.85380005836487,K,5
OUTPUT,NaN,NaN,NaN,NaN,NaN,NaN

INPUT,0.374484717845917,0.03387151658535,0.747551262378693,-2.83194994926453,3.11630415916443,-1.76467156410217,K,6
OUTPUT,NaN,NaN,NaN,NaN,NaN,NaN

INPUT,0.380435436964035,0.0337860248982906,0.759847164154053,-2.8884494304657,3.11405420303345,-1.69670569896698,K,7
OUTPUT,NaN,NaN,NaN,NaN,NaN,NaN

INPUT,0.384685933589935,0.0337249599397182,0.768629968166351,-2.92934036254883,3.11251139640808,-1.64869046211243,K,8
OUTPUT,NaN,NaN,NaN,NaN,NaN,NaN

INPUT,0.38723623752594,0.0336883179843426,0.773899614810944,-2.95404887199402,3.11161303520203,-1.6200544834137,K,9
OUTPUT,NaN,NaN,NaN,NaN,NaN,NaN

INPUT,0.372104108333588,0.0369251072406769,0.730985522270203,-2.35598587989807,3.09963989257813,-1.45618617534637,K,5
OUTPUT,NaN,NaN,NaN,NaN,NaN,NaN

INPUT,0.380614042282104,0.0373202115297318,0.746566295623779,-2.4265296459198,3.09351944923401,-1.36778497695923,K,6
OUTPUT,NaN,NaN,NaN,NaN,NaN,NaN

INPUT,0.38723286986351,0.0376275144517422,0.758684635162354,-2.48281121253967,3.08896517753601,-1.30042672157288,K,7
OUTPUT,NaN,NaN,NaN,NaN,NaN,NaN

INPUT,0.391960591077805,0.0378470160067081,0.76734060049057,-2.5235607624054,3.08583307266235,-1.25285351276398,K,8
OUTPUT,NaN,NaN,NaN,NaN,NaN,NaN

INPUT,0.39479723572731,0.03797871991992,0.772534132003784,-2.54818820953369,3.08400535583496,-1.22448348999023,K,9
OUTPUT,NaN,NaN,NaN,NaN,NaN,NaN

INPUT,0.362163573503494,0.0320716872811317,0.738053739070892,0.986261606216431,3.12079286575317,1.54328441619873,K,5
OUTPUT,NaN,NaN,NaN,NaN,NaN,NaN

INPUT,0.367851257324219,0.0316987074911594,0.751737475395203,0.927622973918915,3.11755657196045,1.56981229782104,K,6
OUTPUT,NaN,NaN,NaN,NaN,NaN,NaN

INPUT,0.372274994850159,0.0314086116850376,0.762380301952362,0.884834289550781,3.11507344245911,1.59306883811951,K,7
OUTPUT,NaN,NaN,NaN,NaN,NaN,NaN

INPUT,0.375434815883636,0.0312013980001211,0.769982397556305,0.855435371398926,3.11332297325134,1.61065316200256,K,8
OUTPUT,NaN,NaN,NaN,NaN,NaN,NaN

INPUT,0.377330720424652,0.0310770701617002,0.774543642997742,0.838195323944092,3.11228346824646,1.62150180339813,K,9
OUTPUT,NaN,NaN,NaN,NaN,NaN,NaN

INPUT,0.358129411935806,0.0293261259794235,0.736674785614014,0.518277108669281,3.09282994270325,1.33284163475037,K,5
OUTPUT,NaN,NaN,NaN,NaN,NaN,NaN

INPUT,0.363437116146088,0.0285309348255396,0.750428140163422,0.45378103852272,3.08558440208435,1.39249742031097,K,6
OUTPUT,NaN,NaN,NaN,NaN,NaN,NaN

INPUT,0.367565363645554,0.0279124546796083,0.761125206947327,0.403998285531998,3.08009648323059,1.43929398059845,K,7
OUTPUT,NaN,NaN,NaN,NaN,NaN,NaN

INPUT,0.370514094829559,0.0274706836789846,0.768765985965729,0.368586152791977,3.07626366615295,1.47287702560425,K,8
OUTPUT,NaN,NaN,NaN,NaN,NaN,NaN

INPUT,0.372283309698105,0.0272056199610233,0.773350477218628,0.347386240959167,3.0740008354187,1.49307823181152,K,9
OUTPUT,NaN,NaN,NaN,NaN,NaN,NaN

INPUT,0.350976258516312,0.0309221986681223,0.733038365840912,0.631432712078094,3.10516953468323,1.3881983757019,K,12
OUTPUT,NaN,NaN,NaN,NaN,NaN,NaN

INPUT,0.35435426235199,0.0305424500256777,0.744281113147736,0.590258836746216,3.10146379470825,1.42668271064758,K,13
OUTPUT,NaN,NaN,NaN,NaN,NaN,NaN

INPUT,0.357732266187668,0.0301627013832331,0.755523860454559,0.549307823181152,3.0978217124939,1.46539545059204,K,14
OUTPUT,NaN,NaN,NaN,NaN,NaN,NaN

INPUT,0.361110240221024,0.0297829527407885,0.766766607761383,0.508524179458618,3.09424901008606,1.50428199768066,K,15
OUTPUT,NaN,NaN,NaN,NaN,NaN,NaN

INPUT,0.364150434732437,0.0294411797076464,0.776885092258453,0.471929639577866,3.0910975933075,1.53939640522003,K,16
OUTPUT,NaN,NaN,NaN,NaN,NaN,NaN

INPUT,0.366515040397644,0.029175354167819,0.784754991531372,0.443525701761246,3.08869099617004,1.56676995754242,K,17
OUTPUT,NaN,NaN,NaN,NaN,NaN,NaN

INPUT,0.368204027414322,0.0289854798465967,0.790376365184784,0.423263698816299,3.08699703216553,1.58635115623474,K,18
OUTPUT,NaN,NaN,NaN,NaN,NaN,NaN

INPUT,0.369217425584793,0.0288715567439795,0.793749213218689,0.411116033792496,3.0859911441803,1.59811019897461,K,19
OUTPUT,NaN,NaN,NaN,NaN,NaN,NaN

INPUT,0.369555234909058,0.0288335811346769,0.794873476028442,0.407068252563477,3.08565759658813,1.60203146934509,K,20
OUTPUT,NaN,NaN,NaN,NaN,NaN,NaN

INPUT,0.362295269966125,0.0366135239601135,0.721499562263489,-2.44083094596863,3.11379957199097,-1.79987013339996,K,11
OUTPUT,NaN,NaN,NaN,NaN,NaN,NaN

INPUT,0.367402523756027,0.0368586517870426,0.732707381248474,-2.47655606269836,3.11075758934021,-1.7602014541626,K,12
OUTPUT,NaN,NaN,NaN,NaN,NaN,NaN

INPUT,0.372509777545929,0.037103783339262,0.743915140628815,-2.51263499259949,3.10775923728943,-1.72088301181793,K,13
OUTPUT,NaN,NaN,NaN,NaN,NaN,NaN

INPUT,0.377617031335831,0.0373489111661911,0.7551229596138,-2.5489776134491,3.10480880737305,-1.68182456493378,K,14
OUTPUT,NaN,NaN,NaN,NaN,NaN,NaN

INPUT,0.382724285125732,0.0375940427184105,0.766330778598785,-2.58552241325378,3.10191059112549,-1.64296424388885,K,15
OUTPUT,NaN,NaN,NaN,NaN,NaN,NaN

INPUT,0.387320816516876,0.0378146581351757,0.776417791843414,-2.61854934692383,3.0993504524231,-1.60812258720398,K,16
OUTPUT,NaN,NaN,NaN,NaN,NaN,NaN

INPUT,0.390895903110504,0.0379862487316132,0.784263253211975,-2.64431023597717,3.09739255905151,-1.58109438419342,K,17
OUTPUT,NaN,NaN,NaN,NaN,NaN,NaN

INPUT,0.393449544906616,0.0381088107824326,0.789867162704468,-2.66274452209473,3.09601283073425,-1.56182098388672,K,18
OUTPUT,NaN,NaN,NaN,NaN,NaN,NaN

INPUT,0.39498171210289,0.0381823517382145,0.793229460716248,-2.67381739616394,3.09519267082214,-1.55026865005493,K,19
OUTPUT,NaN,NaN,NaN,NaN,NaN,NaN

INPUT,0.395492434501648,0.0382068641483784,0.794350266456604,-2.67751026153564,3.09492063522339,-1.54641962051392,K,20
OUTPUT,NaN,NaN,NaN,NaN,NaN,NaN

INPUT,0.374735623598099,0.0602684207260609,0.718272745609283,-2.04725170135498,2.98712587356567,-1.63599336147308,K,11
OUTPUT,NaN,NaN,NaN,NaN,NaN,NaN

INPUT,0.381306082010269,0.0632962882518768,0.729101955890656,-2.07103562355042,2.96933197975159,-1.61119091510773,K,12
OUTPUT,NaN,NaN,NaN,NaN,NaN,NaN

INPUT,0.38787654042244,0.0663241446018219,0.739931225776672,-2.09495162963867,2.95163917541504,-1.58644616603851,K,13
OUTPUT,NaN,NaN,NaN,NaN,NaN,NaN

INPUT,0.39444699883461,0.0693520084023476,0.750760436058044,-2.11897873878479,2.93405842781067,-1.56173086166382,K,14
OUTPUT,NaN,NaN,NaN,NaN,NaN,NaN

INPUT,0.401017427444458,0.0723798722028732,0.761589705944061,-2.14310383796692,2.91660022735596,-1.53702437877655,K,15
OUTPUT,NaN,NaN,NaN,NaN,NaN,NaN

INPUT,0.406930863857269,0.0751049518585205,0.771336019039154,-2.16489315032959,2.90100145339966,-1.51478338241577,K,16
OUTPUT,NaN,NaN,NaN,NaN,NaN,NaN

INPUT,0.411530166864395,0.0772244483232498,0.778916478157043,-2.18188810348511,2.88894867897034,-1.49747538566589,K,17
OUTPUT,NaN,NaN,NaN,NaN,NaN,NaN

INPUT,0.41481539607048,0.0787383839488029,0.784331083297729,-2.19405198097229,2.88038444519043,-1.48510539531708,K,18
OUTPUT,NaN,NaN,NaN,NaN,NaN,NaN

INPUT,0.416786521673203,0.0796467438340187,0.787579894065857,-2.20135998725891,2.87526440620422,-1.47768008708954,K,19
OUTPUT,NaN,NaN,NaN,NaN,NaN,NaN

INPUT,0.417443573474884,0.0799495279788971,0.788662791252136,-2.20379781723022,2.87356090545654,-1.47520422935486,K,20
OUTPUT,NaN,NaN,NaN,NaN,NaN,NaN

INPUT,0.359641939401627,0.0320600718259811,0.733323037624359,1.05572950839996,3.12164330482483,1.48990333080292,K,12
OUTPUT,NaN,NaN,NaN,NaN,NaN,NaN

INPUT,0.363931924104691,0.0317999161779881,0.744596600532532,1.029425740242,3.11951279640198,1.50928437709808,K,13
OUTPUT,NaN,NaN,NaN,NaN,NaN,NaN

INPUT,0.368221908807755,0.0315397642552853,0.755870163440704,1.00372922420502,3.11739325523376,1.52927386760712,K,14
OUTPUT,NaN,NaN,NaN,NaN,NaN,NaN

INPUT,0.372511893510818,0.0312796123325825,0.767143666744232,0.978490650653839,3.11528635025024,1.54972231388092,K,15
OUTPUT,NaN,NaN,NaN,NaN,NaN,NaN

INPUT,0.376372873783112,0.0310454741120338,0.777289867401123,0.956080496311188,3.11340165138245,1.56843161582947,K,16
OUTPUT,NaN,NaN,NaN,NaN,NaN,NaN

INPUT,0.379375874996185,0.0308633670210838,0.78518134355545,0.938812136650085,3.11194396018982,1.5831458568573,K,17
OUTPUT,NaN,NaN,NaN,NaN,NaN,NaN

INPUT,0.381520867347717,0.0307332891970873,0.790818154811859,0.926551640033722,3.11090731620789,1.59373044967651,K,18
OUTPUT,NaN,NaN,NaN,NaN,NaN,NaN

INPUT,0.382807850837708,0.0306552443653345,0.79420018196106,0.919221818447113,3.11028742790222,1.60010778903961,K,19
OUTPUT,NaN,NaN,NaN,NaN,NaN,NaN

INPUT,0.383236855268478,0.0306292288005352,0.795327544212341,0.916782677173615,3.11008095741272,1.60223782062531,K,20
OUTPUT,NaN,NaN,NaN,NaN,NaN,NaN

INPUT,0.351656317710876,0.0319516286253929,0.732702434062958,0.741822183132172,3.10503530502319,1.30570864677429,K,12
OUTPUT,NaN,NaN,NaN,NaN,NaN,NaN

INPUT,0.355105698108673,0.0316801145672798,0.743910431861877,0.710746347904205,3.10122036933899,1.33398330211639,K,13
OUTPUT,NaN,NaN,NaN,NaN,NaN,NaN

INPUT,0.35855507850647,0.0314086005091667,0.755118429660797,0.67990905046463,3.09744095802307,1.36250102519989,K,14
OUTPUT,NaN,NaN,NaN,NaN,NaN,NaN

INPUT,0.362004458904266,0.0311370864510536,0.766326427459717,0.649251401424408,3.09370040893555,1.3912034034729,K,15
OUTPUT,NaN,NaN,NaN,NaN,NaN,NaN

INPUT,0.365108907222748,0.0308927241712809,0.77641361951828,0.621778607368469,3.09036993980408,1.41715919971466,K,16
OUTPUT,NaN,NaN,NaN,NaN,NaN,NaN

INPUT,0.367523461580276,0.0307026635855436,0.78425920009613,0.600473999977112,3.08780455589294,1.43741321563721,K,17
OUTPUT,NaN,NaN,NaN,NaN,NaN,NaN

INPUT,0.369248151779175,0.0305669065564871,0.789863228797913,0.585285067558289,3.08598637580872,1.45191085338593,K,18
OUTPUT,NaN,NaN,NaN,NaN,NaN,NaN

INPUT,0.370282977819443,0.0304854530841112,0.793225586414337,0.576182067394257,3.08490133285522,1.46062028408051,K,19
OUTPUT,NaN,NaN,NaN,NaN,NaN,NaN

INPUT,0.370627909898758,0.0304583013057709,0.794346392154694,0.57314932346344,3.08454060554504,1.46352529525757,K,20
OUTPUT,NaN,NaN,NaN,NaN,NaN,NaN

INPUT,0.371337592601776,0.0367574505507946,0.731025397777557,-2.50819396972656,3.10819554328918,-1.74928605556488,K,5
OUTPUT,NaN,NaN,NaN,NaN,NaN,NaN

INPUT,0.379732966423035,0.037128884345293,0.746630191802979,-2.56779170036316,3.10326027870178,-1.67490935325623,K,6
OUTPUT,NaN,NaN,NaN,NaN,NaN,NaN

INPUT,0.386262685060501,0.0374177731573582,0.758767187595367,-2.61533164978027,3.09953808784485,-1.6182382106781,K,7
OUTPUT,NaN,NaN,NaN,NaN,NaN,NaN

INPUT,0.390926748514175,0.0376241244375706,0.767436504364014,-2.64975142478943,3.09694838523865,-1.57821691036224,K,8
OUTPUT,NaN,NaN,NaN,NaN,NaN,NaN

INPUT,0.393725216388702,0.0377479381859303,0.772638142108917,-2.67055368423462,3.09542393684387,-1.55435252189636,K,9
OUTPUT,NaN,NaN,NaN,NaN,NaN,NaN

INPUT,0.375050485134125,0.0574161671102047,0.713798582553864,-2.03985595703125,2.9852409362793,-1.64338278770447,K,4
OUTPUT,NaN,NaN,NaN,NaN,NaN,NaN

INPUT,0.385442763566971,0.0622504577040672,0.728510499000549,-2.08297061920166,2.95503091812134,-1.59864616394043,K,5
OUTPUT,NaN,NaN,NaN,NaN,NaN,NaN

INPUT,0.395835041999817,0.0670847520232201,0.743222415447235,-2.12643337249756,2.92517971992493,-1.55401051044464,K,6
OUTPUT,NaN,NaN,NaN,NaN,NaN,NaN

INPUT,0.40391793847084,0.070844754576683,0.754665017127991,-2.16031527519226,2.90232801437378,-1.51941883563995,K,7
OUTPUT,NaN,NaN,NaN,NaN,NaN,NaN

INPUT,0.409691423177719,0.0735304728150368,0.762838304042816,-2.18449449539185,2.8862521648407,-1.49481177330017,K,8
OUTPUT,NaN,NaN,NaN,NaN,NaN,NaN

INPUT,0.413155525922775,0.0751419067382813,0.767742276191711,-2.19897627830505,2.87671875953674,-1.48009884357452,K,9
OUTPUT,NaN,NaN,NaN,NaN,NaN,NaN

INPUT,0.356571555137634,0.0308391116559505,0.736698865890503,0.593675255775452,3.10166907310486,1.43315935134888,K,5
OUTPUT,NaN,NaN,NaN,NaN,NaN,NaN

INPUT,0.361615300178528,0.0302764866501093,0.750452935695648,0.525785446166992,3.09573316574097,1.49322652816772,K,6
OUTPUT,NaN,NaN,NaN,NaN,NaN,NaN

INPUT,0.365538209676743,0.029838889837265,0.761150598526001,0.473605543375015,3.09124445915222,1.54058039188385,K,7
OUTPUT,NaN,NaN,NaN,NaN,NaN,NaN

INPUT,0.368340313434601,0.0295263212174177,0.768791794776917,0.43657597899437,3.08811378479004,1.57465314865112,K,8
OUTPUT,NaN,NaN,NaN,NaN,NaN,NaN

INPUT,0.37002158164978,0.0293387789279222,0.77337646484375,0.414436519145966,3.08626747131348,1.59517788887024,K,9
OUTPUT,NaN,NaN,NaN,NaN,NaN,NaN

INPUT,0.360009431838989,0.0324983038008213,0.724238276481628,1.11518740653992,3.12286400794983,1.52346289157867,K,4
OUTPUT,NaN,NaN,NaN,NaN,NaN,NaN

INPUT,0.366259336471558,0.0321359261870384,0.737764537334442,1.0557975769043,3.11943674087524,1.53760302066803,K,5
OUTPUT,NaN,NaN,NaN,NaN,NaN,NaN

INPUT,0.372509241104126,0.0317735522985458,0.751290798187256,1.00245463848114,3.11603116989136,1.55779266357422,K,6
OUTPUT,NaN,NaN,NaN,NaN,NaN,NaN

INPUT,0.377370297908783,0.0314917042851448,0.761811196804047,0.963807761669159,3.11340808868408,1.57621276378632,K,7
OUTPUT,NaN,NaN,NaN,NaN,NaN,NaN

INPUT,0.380842477083206,0.0312903858721256,0.769325792789459,0.937359988689423,3.11155271530151,1.59040379524231,K,8
OUTPUT,NaN,NaN,NaN,NaN,NaN,NaN

INPUT,0.382925778627396,0.031169593334198,0.773834526538849,0.921882331371307,3.11044764518738,1.59924399852753,K,9
OUTPUT,NaN,NaN,NaN,NaN,NaN,NaN

INPUT,0.357297539710999,0.0320767611265182,0.736344933509827,0.718964040279388,3.10127305984497,1.34467828273773,K,5
OUTPUT,NaN,NaN,NaN,NaN,NaN,NaN

INPUT,0.362441420555115,0.0317167490720749,0.75003719329834,0.665081799030304,3.09512257575989,1.38655054569244,K,6
OUTPUT,NaN,NaN,NaN,NaN,NaN,NaN

INPUT,0.366442203521729,0.0314367413520813,0.760686695575714,0.624312520027161,3.09042835235596,1.41998493671417,K,7
OUTPUT,NaN,NaN,NaN,NaN,NaN,NaN

INPUT,0.369299918413162,0.0312367342412472,0.768293499946594,0.595721840858459,3.08713483810425,1.44412767887115,K,8
OUTPUT,NaN,NaN,NaN,NaN,NaN,NaN

INPUT,0.371014535427094,0.0311167314648628,0.77285760641098,0.578767836093903,3.08518552780151,1.45867156982422,K,9
OUTPUT,NaN,NaN,NaN,NaN,NaN,NaN

INPUT,0.361250042915344,0.0359821133315563,0.733648180961609,0.82965362071991,3.13535261154175,1.33549356460571,K,12
OUTPUT,NaN,NaN,NaN,NaN,NaN,NaN

INPUT,0.365709125995636,0.0361348837614059,0.744955897331238,0.794179379940033,3.13462948799133,1.35324466228485,K,13
OUTPUT,NaN,NaN,NaN,NaN,NaN,NaN

INPUT,0.370168209075928,0.0362876504659653,0.756263554096222,0.760368525981903,3.13391089439392,1.3726589679718,K,14
OUTPUT,NaN,NaN,NaN,NaN,NaN,NaN

INPUT,0.374627292156219,0.0364404171705246,0.767571270465851,0.727785527706146,3.13319730758667,1.39330148696899,K,15
OUTPUT,NaN,NaN,NaN,NaN,NaN,NaN

INPUT,0.378640472888947,0.0365779101848602,0.777748167514801,0.699264228343964,3.13255977630615,1.4126832485199,K,16
OUTPUT,NaN,NaN,NaN,NaN,NaN,NaN

INPUT,0.381761819124222,0.0366848446428776,0.785663604736328,0.677502334117889,3.13206768035889,1.42817938327789,K,17
OUTPUT,NaN,NaN,NaN,NaN,NaN,NaN

INPUT,0.383991360664368,0.0367612317204475,0.791317403316498,0.662148952484131,3.13171792030334,1.43943881988525,K,18
OUTPUT,NaN,NaN,NaN,NaN,NaN,NaN

INPUT,0.385329097509384,0.0368070602416992,0.794709742069244,0.653004825115204,3.13150906562805,1.44626247882843,K,19
OUTPUT,NaN,NaN,NaN,NaN,NaN,NaN

INPUT,0.385774999856949,0.0368223376572132,0.795840501785278,0.649967432022095,3.13143944740295,1.44854772090912,K,20
OUTPUT,NaN,NaN,NaN,NaN,NaN,NaN

INPUT,0.348910689353943,0.0300712119787931,0.733743488788605,0.653686106204987,3.07968521118164,1.52115869522095,K,12
OUTPUT,NaN,NaN,NaN,NaN,NaN,NaN

INPUT,0.352071106433868,0.0296017434448004,0.745061159133911,0.607072949409485,3.07356524467468,1.56590402126312,K,13
OUTPUT,NaN,NaN,NaN,NaN,NaN,NaN

INPUT,0.355231553316116,0.0291322767734528,0.756378829479218,0.560603022575378,3.06758713722229,1.61081111431122,K,14
OUTPUT,NaN,NaN,NaN,NaN,NaN,NaN

INPUT,0.358391970396042,0.0286628101021051,0.767696559429169,0.51423841714859,3.06176328659058,1.6558438539505,K,15
OUTPUT,NaN,NaN,NaN,NaN,NaN,NaN

INPUT,0.361236363649368,0.0282402876764536,0.77788245677948,0.472578465938568,3.05666399002075,1.69645929336548,K,16
OUTPUT,NaN,NaN,NaN,NaN,NaN,NaN

INPUT,0.363448649644852,0.0279116611927748,0.785804867744446,0.440211176872253,3.05279660224915,1.72809600830078,K,17
OUTPUT,NaN,NaN,NaN,NaN,NaN,NaN

INPUT,0.365028858184814,0.0276769269257784,0.791463673114777,0.417107075452805,3.05008935928345,1.75071573257446,K,18
OUTPUT,NaN,NaN,NaN,NaN,NaN,NaN

INPUT,0.365976989269257,0.0275360867381096,0.794858992099762,0.403249979019165,3.0484881401062,1.76429569721222,K,19
OUTPUT,NaN,NaN,NaN,NaN,NaN,NaN

INPUT,0.366293042898178,0.0274891406297684,0.795990765094757,0.398631751537323,3.04795813560486,1.76882350444794,K,20
OUTPUT,NaN,NaN,NaN,NaN,NaN,NaN

INPUT,0.35984793305397,0.0350531227886677,0.72243869304657,-2.28369617462158,3.1276113986969,-1.62938213348389,K,11
OUTPUT,NaN,NaN,NaN,NaN,NaN,NaN

INPUT,0.364666849374771,0.0351145416498184,0.733757972717285,-2.31706881523132,3.12612128257751,-1.58579790592194,K,12
OUTPUT,NaN,NaN,NaN,NaN,NaN,NaN

INPUT,0.369485765695572,0.0351759605109692,0.745077311992645,-2.35133337974548,3.12465381622314,-1.54310476779938,K,13
OUTPUT,NaN,NaN,NaN,NaN,NaN,NaN

INPUT,0.374304682016373,0.0352373793721199,0.756396591663361,-2.38626575469971,3.123211145401,-1.50107836723328,K,14
OUTPUT,NaN,NaN,NaN,NaN,NaN,NaN

INPUT,0.379123598337173,0.0352987982332706,0.767715871334076,-2.421710729599,3.12179565429688,-1.45956349372864,K,15
OUTPUT,NaN,NaN,NaN,NaN,NaN,NaN

INPUT,0.383460640907288,0.0353540778160095,0.777903258800507,-2.45395731925964,3.12054634094238,-1.42254543304443,K,16
OUTPUT,NaN,NaN,NaN,NaN,NaN,NaN

INPUT,0.386833876371384,0.0353970713913441,0.785826742649078,-2.47922396659851,3.11959195137024,-1.39393889904022,K,17
OUTPUT,NaN,NaN,NaN,NaN,NaN,NaN

INPUT,0.389243364334106,0.0354277789592743,0.791486442089081,-2.49735736846924,3.11892008781433,-1.37359118461609,K,18
OUTPUT,NaN,NaN,NaN,NaN,NaN,NaN

INPUT,0.390689015388489,0.0354462042450905,0.79488217830658,-2.50826811790466,3.11852097511292,-1.36141324043274,K,19
OUTPUT,NaN,NaN,NaN,NaN,NaN,NaN

INPUT,0.391170918941498,0.0354523472487926,0.796014130115509,-2.51190996170044,3.11838841438293,-1.35735869407654,K,20
OUTPUT,NaN,NaN,NaN,NaN,NaN,NaN

INPUT,0.358345955610275,0.0372161008417606,0.722286820411682,-2.16848921775818,3.12126111984253,-1.66625773906708,K,11
OUTPUT,NaN,NaN,NaN,NaN,NaN,NaN

INPUT,0.363015621900558,0.0375280976295471,0.733571410179138,-2.19615626335144,3.11899495124817,-1.6348432302475,K,12
OUTPUT,NaN,NaN,NaN,NaN,NaN,NaN

INPUT,0.367685258388519,0.0378400906920433,0.744855999946594,-2.22416400909424,3.11674857139587,-1.60376822948456,K,13
OUTPUT,NaN,NaN,NaN,NaN,NaN,NaN

INPUT,0.372354924678802,0.0381520837545395,0.75614058971405,-2.25242614746094,3.1145236492157,-1.57294583320618,K,14
OUTPUT,NaN,NaN,NaN,NaN,NaN,NaN

INPUT,0.377024561166763,0.0384640768170357,0.767425239086151,-2.2808825969696,3.11232233047485,-1.54231607913971,K,15
OUTPUT,NaN,NaN,NaN,NaN,NaN,NaN

INPUT,0.381227254867554,0.0387448742985725,0.777581334114075,-2.3066246509552,3.1103630065918,-1.51487874984741,K,16
OUTPUT,NaN,NaN,NaN,NaN,NaN,NaN

INPUT,0.384496003389359,0.0389632694423199,0.785480558872223,-2.32671642303467,3.10885405540466,-1.49360775947571,K,17
OUTPUT,NaN,NaN,NaN,NaN,NaN,NaN

INPUT,0.3868308365345,0.039119265973568,0.791122853755951,-2.34110021591187,3.10778498649597,-1.47844612598419,K,18
OUTPUT,NaN,NaN,NaN,NaN,NaN,NaN

INPUT,0.388231724500656,0.0392128638923168,0.794508278369904,-2.34974193572998,3.1071469783783,-1.46936047077179,K,19
OUTPUT,NaN,NaN,NaN,NaN,NaN,NaN

INPUT,0.388698697090149,0.0392440631985664,0.795636713504791,-2.35262441635132,3.1069347858429,-1.4663337469101,K,20
OUTPUT,NaN,NaN,NaN,NaN,NaN,NaN

INPUT,0.36427429318428,0.0396273955702782,0.721495568752289,-2.44186043739319,3.08756709098816,-1.75099587440491,K,11
OUTPUT,NaN,NaN,NaN,NaN,NaN,NaN

INPUT,0.369613945484161,0.0402270890772343,0.732703864574432,-2.48140835762024,3.08160758018494,-1.7092444896698,K,12
OUTPUT,NaN,NaN,NaN,NaN,NaN,NaN

INPUT,0.374953627586365,0.0408267825841904,0.743912100791931,-2.52116131782532,3.07574677467346,-1.6676834821701,K,13
OUTPUT,NaN,NaN,NaN,NaN,NaN,NaN

INPUT,0.380293279886246,0.0414264760911465,0.75512033700943,-2.56106853485107,3.06999492645264,-1.62626135349274,K,14
OUTPUT,NaN,NaN,NaN,NaN,NaN,NaN

INPUT,0.385632961988449,0.0420261695981026,0.766328573226929,-2.60109567642212,3.06436133384705,-1.58494257926941,K,15
OUTPUT,NaN,NaN,NaN,NaN,NaN,NaN

INPUT,0.390438675880432,0.042565893381834,0.776416003704071,-2.637202501297,3.05939984321594,-1.5478230714798,K,16
OUTPUT,NaN,NaN,NaN,NaN,NaN,NaN

INPUT,0.394176423549652,0.0429856814444065,0.784261763095856,-2.66533064842224,3.05561661720276,-1.51898717880249,K,17
OUTPUT,NaN,NaN,NaN,NaN,NaN,NaN

INPUT,0.396846264600754,0.0432855263352394,0.789865911006927,-2.68544340133667,3.05295705795288,-1.49840569496155,K,18
OUTPUT,NaN,NaN,NaN,NaN,NaN,NaN

INPUT,0.398448169231415,0.0434654355049133,0.793228387832642,-2.69751858711243,3.05137848854065,-1.4860622882843,K,19
OUTPUT,NaN,NaN,NaN,NaN,NaN,NaN

INPUT,0.398982137441635,0.043525405228138,0.794349193572998,-2.70154500007629,3.0508553981781,-1.48194873332977,K,20
OUTPUT,NaN,NaN,NaN,NaN,NaN,NaN

INPUT,0.367568403482437,0.0393853187561035,0.721956312656403,-2.45388984680176,3.08003878593445,-1.69629192352295,K,11
OUTPUT,NaN,NaN,NaN,NaN,NaN,NaN

INPUT,0.373295962810516,0.0399565361440182,0.733217835426331,-2.49751615524292,3.07330250740051,-1.65074801445007,K,12
OUTPUT,NaN,NaN,NaN,NaN,NaN,NaN

INPUT,0.379023492336273,0.0405277572572231,0.744479417800903,-2.54132294654846,3.06670188903809,-1.6053649187088,K,13
OUTPUT,NaN,NaN,NaN,NaN,NaN,NaN

INPUT,0.384751051664352,0.0410989783704281,0.755740940570831,-2.58526706695557,3.06025004386902,-1.56009721755981,K,14
OUTPUT,NaN,NaN,NaN,NaN,NaN,NaN

INPUT,0.390478581190109,0.041670199483633,0.767002463340759,-2.62931895256042,3.053959608078,-1.5149142742157,K,15
OUTPUT,NaN,NaN,NaN,NaN,NaN,NaN

INPUT,0.395633399486542,0.0421842969954014,0.777137875556946,-2.66904044151306,3.0484471321106,-1.47430348396301,K,16
OUTPUT,NaN,NaN,NaN,NaN,NaN,NaN

INPUT,0.399642676115036,0.0425841510295868,0.78502094745636,-2.69997644424438,3.04426288604736,-1.44274485111237,K,17
OUTPUT,NaN,NaN,NaN,NaN,NaN,NaN

INPUT,0.402506440877914,0.0428697615861893,0.790651738643646,-2.72209310531616,3.04133176803589,-1.42021477222443,K,18
OUTPUT,NaN,NaN,NaN,NaN,NaN,NaN

INPUT,0.404224693775177,0.0430411249399185,0.79403018951416,-2.73537039756775,3.03959727287292,-1.40670096874237,K,19
OUTPUT,NaN,NaN,NaN,NaN,NaN,NaN

INPUT,0.404797464609146,0.0430982485413551,0.795156359672546,-2.73979735374451,3.03902292251587,-1.40219688415527,K,20
OUTPUT,NaN,NaN,NaN,NaN,NaN,NaN

INPUT,0.362324416637421,0.0356076881289482,0.722450196743011,-2.35134887695313,3.13600707054138,-1.71929109096527,K,11
OUTPUT,NaN,NaN,NaN,NaN,NaN,NaN

INPUT,0.367434501647949,0.0357343703508377,0.733770668506622,-2.37691211700439,3.1354660987854,-1.67051839828491,K,12
OUTPUT,NaN,NaN,NaN,NaN,NaN,NaN

INPUT,0.372544586658478,0.0358610525727272,0.745091140270233,-2.40434718132019,3.13493299484253,-1.62361705303192,K,13
OUTPUT,NaN,NaN,NaN,NaN,NaN,NaN

INPUT,0.377654671669006,0.0359877310693264,0.756411612033844,-2.43321490287781,3.13440847396851,-1.57814860343933,K,14
OUTPUT,NaN,NaN,NaN,NaN,NaN,NaN

INPUT,0.382764726877213,0.0361144132912159,0.767732083797455,-2.46320343017578,3.13389348983765,-1.53380072116852,K,15
OUTPUT,NaN,NaN,NaN,NaN,NaN,NaN

INPUT,0.387363821268082,0.0362284258008003,0.777920544147491,-2.49096131324768,3.1334388256073,-1.49465560913086,K,16
OUTPUT,NaN,NaN,NaN,NaN,NaN,NaN

INPUT,0.390940874814987,0.0363171026110649,0.78584486246109,-2.51296830177307,3.13309144973755,-1.4646270275116,K,17
OUTPUT,NaN,NaN,NaN,NaN,NaN,NaN

INPUT,0.393495917320251,0.0363804437220097,0.79150515794754,-2.52888154983521,3.13284659385681,-1.4433718919754,K,18
OUTPUT,NaN,NaN,NaN,NaN,NaN,NaN

INPUT,0.395028918981552,0.0364184454083443,0.794901251792908,-2.53849983215332,3.13270115852356,-1.43068909645081,K,19
OUTPUT,NaN,NaN,NaN,NaN,NaN,NaN

INPUT,0.395539939403534,0.0364311151206493,0.796033322811127,-2.54171705245972,3.132652759552,-1.4264725446701,K,20
OUTPUT,NaN,NaN,NaN,NaN,NaN,NaN

INPUT,0.368632972240448,0.0350089073181152,0.732031583786011,-2.36385154724121,3.12457203865051,-1.58899128437042,K,5
OUTPUT,NaN,NaN,NaN,NaN,NaN,NaN

INPUT,0.376611620187759,0.0350701697170734,0.747867226600647,-2.41404128074646,3.12226748466492,-1.50249493122101,K,6
OUTPUT,NaN,NaN,NaN,NaN,NaN,NaN

INPUT,0.38281723856926,0.0351178161799908,0.760183870792389,-2.45578336715698,3.12053322792053,-1.43792355060577,K,7
OUTPUT,NaN,NaN,NaN,NaN,NaN,NaN

INPUT,0.387249827384949,0.0351518504321575,0.768981456756592,-2.48667407035828,3.11932945251465,-1.39287495613098,K,8
OUTPUT,NaN,NaN,NaN,NaN,NaN,NaN

INPUT,0.389909356832504,0.0351722724735737,0.774259984493256,-2.5055615901947,3.11862182617188,-1.3661984205246,K,9
OUTPUT,NaN,NaN,NaN,NaN,NaN,NaN

INPUT,0.366816699504852,0.0374326296150684,0.731781005859375,-2.23155069351196,3.11691570281982,-1.63691079616547,K,5
OUTPUT,NaN,NaN,NaN,NaN,NaN,NaN

INPUT,0.374518424272537,0.0379077047109604,0.747573375701904,-2.27338290214539,3.11323046684265,-1.5731006860733,K,6
OUTPUT,NaN,NaN,NaN,NaN,NaN,NaN

INPUT,0.380508661270142,0.0382772050797939,0.759856343269348,-2.30754137039185,3.11042928695679,-1.52546560764313,K,7
OUTPUT,NaN,NaN,NaN,NaN,NaN,NaN

INPUT,0.384787410497665,0.0385411344468594,0.768629848957062,-2.33247494697571,3.10847163200378,-1.49233973026276,K,8
OUTPUT,NaN,NaN,NaN,NaN,NaN,NaN

INPUT,0.387354671955109,0.0386994928121567,0.773894011974335,-2.34757447242737,3.10731649398804,-1.47279536724091,K,9
OUTPUT,NaN,NaN,NaN,NaN,NaN,NaN

INPUT,0.373384237289429,0.0400795415043831,0.731270134449005,-2.51030373573303,3.07711362838745,-1.69259989261627,K,5
OUTPUT,NaN,NaN,NaN,NaN,NaN,NaN

INPUT,0.382009238004684,0.0410421378910542,0.746808230876923,-2.57832884788513,3.06730508804321,-1.61599063873291,K,6
OUTPUT,NaN,NaN,NaN,NaN,NaN,NaN

INPUT,0.38871756196022,0.0417908206582069,0.758893370628357,-2.63195586204529,3.05994129180908,-1.55708873271942,K,7
OUTPUT,NaN,NaN,NaN,NaN,NaN,NaN

INPUT,0.393509209156036,0.042325597256422,0.767525672912598,-2.67054128646851,3.05483794212341,-1.51527607440948,K,8
OUTPUT,NaN,NaN,NaN,NaN,NaN,NaN

INPUT,0.396384209394455,0.0426464639604092,0.772705018520355,-2.6937837600708,3.05184245109558,-1.49027132987976,K,9
OUTPUT,NaN,NaN,NaN,NaN,NaN,NaN

INPUT,0.368080198764801,0.038837019354105,0.716545820236206,-2.45447182655334,3.07972502708435,-1.71645164489746,K,4
OUTPUT,NaN,NaN,NaN,NaN,NaN,NaN

INPUT,0.377300560474396,0.0397530049085617,0.732088208198547,-2.52835059165955,3.06825590133667,-1.63171398639679,K,5
OUTPUT,NaN,NaN,NaN,NaN,NaN,NaN

INPUT,0.386520981788635,0.0406689941883087,0.747630536556244,-2.60370850563049,3.05724620819092,-1.5483900308609,K,6
OUTPUT,NaN,NaN,NaN,NaN,NaN,NaN

INPUT,0.393692374229431,0.0413814261555672,0.75971907377243,-2.66298675537109,3.04904556274414,-1.48419964313507,K,7
OUTPUT,NaN,NaN,NaN,NaN,NaN,NaN

INPUT,0.398814827203751,0.0418903082609177,0.768353760242462,-2.70558905601501,3.04340147972107,-1.43858194351196,K,8
OUTPUT,NaN,NaN,NaN,NaN,NaN,NaN

INPUT,0.401888281106949,0.0421956367790699,0.773534536361694,-2.73123574256897,3.04010581970215,-1.41128516197205,K,9
OUTPUT,NaN,NaN,NaN,NaN,NaN,NaN

INPUT,0.361731439828873,0.0360013842582703,0.725054740905762,0.976053953170776,3.13638114929199,1.45112192630768,K,4
OUTPUT,NaN,NaN,NaN,NaN,NaN,NaN

INPUT,0.368138700723648,0.0362512245774269,0.738498270511627,0.865150332450867,3.13507175445557,1.42611217498779,K,5
OUTPUT,NaN,NaN,NaN,NaN,NaN,NaN

INPUT,0.374545961618423,0.0365010611712933,0.751941800117493,0.77703845500946,3.13375449180603,1.42389452457428,K,6
OUTPUT,NaN,NaN,NaN,NaN,NaN,NaN

INPUT,0.379529386758804,0.0366953797638416,0.762397944927216,0.717957198619843,3.13273477554321,1.43141782283783,K,7
OUTPUT,NaN,NaN,NaN,NaN,NaN,NaN

INPUT,0.383088976144791,0.036834180355072,0.769866585731506,0.679266035556793,3.13201236724854,1.44010353088379,K,8
OUTPUT,NaN,NaN,NaN,NaN,NaN,NaN

INPUT,0.385224729776382,0.0369174592196941,0.774347722530365,0.657168805599213,3.13158226013184,1.44632816314697,K,9
OUTPUT,NaN,NaN,NaN,NaN,NaN,NaN

INPUT,0.354565620422363,0.0300702676177025,0.737346649169922,0.60482656955719,3.07353854179382,1.56738352775574,K,5
OUTPUT,NaN,NaN,NaN,NaN,NaN,NaN

INPUT,0.359407901763916,0.0294023640453815,0.751290082931519,0.530438244342804,3.06394720077515,1.63969540596008,K,6
OUTPUT,NaN,NaN,NaN,NaN,NaN,NaN

INPUT,0.363174110651016,0.0288828834891319,0.762134909629822,0.472721576690674,3.05677318572998,1.6961156129837,K,7
OUTPUT,NaN,NaN,NaN,NaN,NaN,NaN

INPUT,0.365864276885986,0.0285118259489536,0.769881248474121,0.431547433137894,3.05181670188904,1.73648858070374,K,8
OUTPUT,NaN,NaN,NaN,NaN,NaN,NaN

INPUT,0.367478370666504,0.0282891914248466,0.774529099464417,0.406858950853348,3.04891347885132,1.76073694229126,K,9
OUTPUT,NaN,NaN,NaN,NaN,NaN,NaN

INPUT,0.371717214584351,0.0357698127627373,0.732117533683777,-2.44964361190796,3.13452982902527,-1.70102179050446,K,5
OUTPUT,NaN,NaN,NaN,NaN,NaN,NaN

INPUT,0.380240261554718,0.0359715446829796,0.74792754650116,-2.47766184806824,3.1338312625885,-1.5970561504364,K,6
OUTPUT,NaN,NaN,NaN,NaN,NaN,NaN

INPUT,0.386869311332703,0.0361284464597702,0.760224163532257,-2.50381636619568,3.13330435752869,-1.52055633068085,K,7
OUTPUT,NaN,NaN,NaN,NaN,NaN,NaN

INPUT,0.391604334115982,0.0362405218183994,0.769007444381714,-2.5243501663208,3.13293862342834,-1.46776556968689,K,8
OUTPUT,NaN,NaN,NaN,NaN,NaN,NaN

INPUT,0.394445359706879,0.0363077633082867,0.774277448654175,-2.53730320930481,3.13272356987,-1.43672358989716,K,9
OUTPUT,NaN,NaN,NaN,NaN,NaN,NaN

INPUT,0.362396508455276,0.036608099937439,0.722048759460449,-2.60659313201904,3.08742189407349,-1.99799180030823,K,11
OUTPUT,NaN,NaN,NaN,NaN,NaN,NaN

INPUT,0.367514431476593,0.0368522517383099,0.733323931694031,-2.64157462120056,3.08139395713806,-1.96135580539703,K,12
OUTPUT,NaN,NaN,NaN,NaN,NaN,NaN

INPUT,0.37263235449791,0.0370964035391808,0.744599044322968,-2.67671227455139,3.07544326782227,-1.92486321926117,K,13
OUTPUT,NaN,NaN,NaN,NaN,NaN,NaN

INPUT,0.377750277519226,0.0373405553400517,0.755874156951904,-2.71196818351746,3.06957721710205,-1.88847482204437,K,14
OUTPUT,NaN,NaN,NaN,NaN,NaN,NaN

INPUT,0.382868200540543,0.0375847071409225,0.767149329185486,-2.74731612205505,3.06380343437195,-1.85216355323792,K,15
OUTPUT,NaN,NaN,NaN,NaN,NaN,NaN

INPUT,0.387474328279495,0.0378044433891773,0.777296960353851,-2.77919316291809,3.05869221687317,-1.81953346729279,K,16
OUTPUT,NaN,NaN,NaN,NaN,NaN,NaN

INPUT,0.391056895256042,0.0379753485321999,0.785189509391785,-2.80402135848999,3.05477595329285,-1.79418015480042,K,17
OUTPUT,NaN,NaN,NaN,NaN,NaN,NaN

INPUT,0.39361584186554,0.0380974225699902,0.790827095508575,-2.82177233695984,3.05201196670532,-1.77608215808868,K,18
OUTPUT,NaN,NaN,NaN,NaN,NaN,NaN

INPUT,0.395151227712631,0.0381706692278385,0.794209599494934,-2.83242917060852,3.05036735534668,-1.76522731781006,K,19
OUTPUT,NaN,NaN,NaN,NaN,NaN,NaN

INPUT,0.395663022994995,0.0381950847804546,0.79533714056015,-2.83598232269287,3.04982137680054,-1.76160967350006,K,20
OUTPUT,NaN,NaN,NaN,NaN,NaN,NaN

INPUT,0.363013088703156,0.0366077311336994,0.722364842891693,-2.27743124961853,3.12679815292358,-1.78021264076233,K,11
OUTPUT,NaN,NaN,NaN,NaN,NaN,NaN

INPUT,0.368204265832901,0.0368519574403763,0.733675420284271,-2.30228114128113,3.12519001960754,-1.74658751487732,K,12
OUTPUT,NaN,NaN,NaN,NaN,NaN,NaN

INPUT,0.373395442962646,0.0370961837470531,0.744986057281494,-2.32791233062744,3.12359547615051,-1.71374261379242,K,13
OUTPUT,NaN,NaN,NaN,NaN,NaN,NaN

INPUT,0.378586649894714,0.03734041005373,0.756296634674072,-2.35412859916687,3.12201619148254,-1.6814820766449,K,14
OUTPUT,NaN,NaN,NaN,NaN,NaN,NaN

INPUT,0.38377782702446,0.0375846363604069,0.767607271671295,-2.38079452514648,3.12045359611511,-1.64967036247253,K,15
OUTPUT,NaN,NaN,NaN,NaN,NaN,NaN

INPUT,0.388449877500534,0.0378044433891773,0.777786791324615,-2.4050977230072,3.11906242370605,-1.62134301662445,K,16
OUTPUT,NaN,NaN,NaN,NaN,NaN,NaN

INPUT,0.392083734273911,0.037975400686264,0.785704255104065,-2.42416381835938,3.11799120903015,-1.59947335720062,K,17
OUTPUT,NaN,NaN,NaN,NaN,NaN,NaN

INPUT,0.394679307937622,0.0380975119769573,0.791359543800354,-2.43785762786865,3.11723184585571,-1.58392727375031,K,18
OUTPUT,NaN,NaN,NaN,NaN,NaN,NaN

INPUT,0.396236658096313,0.0381707809865475,0.794752717018127,-2.44610142707825,3.11677885055542,-1.57462668418884,K,19
OUTPUT,NaN,NaN,NaN,NaN,NaN,NaN

INPUT,0.396755784749985,0.0381952039897442,0.795883774757385,-2.44885349273682,3.11662817001343,-1.57153081893921,K,20
OUTPUT,NaN,NaN,NaN,NaN,NaN,NaN

INPUT,0.359165787696838,0.0352164097130299,0.733409702777863,-2.27219796180725,3.13342547416687,-1.66581773757935,K,12
OUTPUT,NaN,NaN,NaN,NaN,NaN,NaN

INPUT,0.363405704498291,0.0352884419262409,0.744692325592041,-2.29631400108337,3.13267302513123,-1.62612438201904,K,13
OUTPUT,NaN,NaN,NaN,NaN,NaN,NaN

INPUT,0.367645621299744,0.035360474139452,0.755974948406219,-2.32163572311401,3.13192939758301,-1.58763682842255,K,14
OUTPUT,NaN,NaN,NaN,NaN,NaN,NaN

INPUT,0.371885538101196,0.035432506352663,0.767257511615753,-2.34789371490479,3.13119506835938,-1.55008494853973,K,15
OUTPUT,NaN,NaN,NaN,NaN,NaN,NaN

INPUT,0.375701457262039,0.0354973338544369,0.777411878108978,-2.37216353416443,3.13054299354553,-1.51692569255829,K,16
OUTPUT,NaN,NaN,NaN,NaN,NaN,NaN

INPUT,0.378669410943985,0.0355477593839169,0.785309672355652,-2.39138507843018,3.13004183769226,-1.49148011207581,K,17
OUTPUT,NaN,NaN,NaN,NaN,NaN,NaN

INPUT,0.380789369344711,0.0355837754905224,0.790951013565063,-2.40527415275574,3.12968754768372,-1.47346425056458,K,18
OUTPUT,NaN,NaN,NaN,NaN,NaN,NaN

INPUT,0.382061332464218,0.0356053821742535,0.794335782527924,-2.4136655330658,3.12947630882263,-1.46271252632141,K,19
OUTPUT,NaN,NaN,NaN,NaN,NaN,NaN

INPUT,0.382485330104828,0.0356125868856907,0.795464038848877,-2.4164719581604,3.1294059753418,-1.45913755893707,K,20
OUTPUT,NaN,NaN,NaN,NaN,NaN,NaN

INPUT,0.361175805330276,0.0339392200112343,0.721610069274902,-2.35790395736694,3.1193585395813,-1.84372317790985,K,11
OUTPUT,NaN,NaN,NaN,NaN,NaN,NaN

INPUT,0.366150200366974,0.0338694341480732,0.732832849025726,-2.38537502288818,3.11690783500671,-1.81071984767914,K,12
OUTPUT,NaN,NaN,NaN,NaN,NaN,NaN

INPUT,0.371124625205994,0.0337996520102024,0.74405562877655,-2.41334438323975,3.11447978019714,-1.77821338176727,K,13
OUTPUT,NaN,NaN,NaN,NaN,NaN,NaN

INPUT,0.376099020242691,0.0337298698723316,0.755278408527374,-2.44168615341187,3.11207628250122,-1.74607717990875,K,14
OUTPUT,NaN,NaN,NaN,NaN,NaN,NaN

INPUT,0.381073445081711,0.0336600877344608,0.766501188278198,-2.47031354904175,3.10969972610474,-1.71422433853149,K,15
OUTPUT,NaN,NaN,NaN,NaN,NaN,NaN

INPUT,0.385550409555435,0.0335972830653191,0.776601672172546,-2.49627065658569,3.10758566856384,-1.68574726581573,K,16
OUTPUT,NaN,NaN,NaN,NaN,NaN,NaN

INPUT,0.389032512903214,0.0335484333336353,0.784457623958588,-2.51656293869019,3.10595870018005,-1.66370069980621,K,17
OUTPUT,NaN,NaN,NaN,NaN,NaN,NaN

INPUT,0.391519725322723,0.0335135422646999,0.790068984031677,-2.53110527992249,3.10480618476868,-1.64800000190735,K,18
OUTPUT,NaN,NaN,NaN,NaN,NaN,NaN

INPUT,0.393012046813965,0.0334926061332226,0.79343581199646,-2.53984785079956,3.10411882400513,-1.638596534729,K,19
OUTPUT,NaN,NaN,NaN,NaN,NaN,NaN

INPUT,0.393509477376938,0.0334856286644936,0.794558107852936,-2.54276466369629,3.10389018058777,-1.63546466827393,K,20
OUTPUT,NaN,NaN,NaN,NaN,NaN,NaN

INPUT,0.371093511581421,0.0366434045135975,0.731894493103027,-2.6652295589447,3.07700538635254,-1.94482982158661,K,5
OUTPUT,NaN,NaN,NaN,NaN,NaN,NaN

INPUT,0.379309296607971,0.0370034836232662,0.747564196586609,-2.72615218162537,3.06694149971008,-1.87836515903473,K,6
OUTPUT,NaN,NaN,NaN,NaN,NaN,NaN

INPUT,0.385699331760406,0.0372835472226143,0.759751677513123,-2.77401518821716,3.05932068824768,-1.82711684703827,K,7
OUTPUT,NaN,NaN,NaN,NaN,NaN,NaN

INPUT,0.390263646841049,0.0374835915863514,0.768457055091858,-2.80839085578918,3.05399966239929,-1.79067981243134,K,8
OUTPUT,NaN,NaN,NaN,NaN,NaN,NaN

INPUT,0.393002212047577,0.0376036167144775,0.77368026971817,-2.82907772064209,3.05085921287537,-1.76887130737305,K,9
OUTPUT,NaN,NaN,NaN,NaN,NaN,NaN

INPUT,0.372441053390503,0.0368202589452267,0.732079684734344,-2.33887767791748,3.1235408782959,-1.75010657310486,K,5
OUTPUT,NaN,NaN,NaN,NaN,NaN,NaN

INPUT,0.381056070327759,0.0372004583477974,0.747851371765137,-2.37603616714478,3.12098908424377,-1.68275701999664,K,6
OUTPUT,NaN,NaN,NaN,NaN,NaN,NaN

INPUT,0.387756615877151,0.037496168166399,0.760118305683136,-2.40713596343994,3.11904907226563,-1.63293516635895,K,7
OUTPUT,NaN,NaN,NaN,NaN,NaN,NaN

INPUT,0.392542749643326,0.0377073884010315,0.768880367279053,-2.43013000488281,3.1176929473877,-1.59848201274872,K,8
OUTPUT,NaN,NaN,NaN,NaN,NaN,NaN

INPUT,0.395414412021637,0.0378341227769852,0.774137556552887,-2.44415020942688,3.11689257621765,-1.57821977138519,K,9
OUTPUT,NaN,NaN,NaN,NaN,NaN,NaN

INPUT,0.359526336193085,0.0351307392120361,0.724608719348907,-2.32237148284912,3.13286018371582,-1.75348496437073,K,4
OUTPUT,NaN,NaN,NaN,NaN,NaN,NaN

INPUT,0.36555540561676,0.0352154970169067,0.738070845603943,-2.34034085273743,3.13191509246826,-1.66818249225616,K,5
OUTPUT,NaN,NaN,NaN,NaN,NaN,NaN

INPUT,0.371584504842758,0.0353002585470676,0.751532912254333,-2.36425924301147,3.13098669052124,-1.58882820606232,K,6
OUTPUT,NaN,NaN,NaN,NaN,NaN,NaN

INPUT,0.376273810863495,0.0353661812841892,0.762003421783447,-2.38587760925293,3.13028216362,-1.53047454357147,K,7
OUTPUT,NaN,NaN,NaN,NaN,NaN,NaN

INPUT,0.37962332367897,0.0354132726788521,0.769482374191284,-2.40254712104797,3.12979102134705,-1.49036347866058,K,8
OUTPUT,NaN,NaN,NaN,NaN,NaN,NaN

INPUT,0.381633013486862,0.0354415252804756,0.773969769477844,-2.41294693946838,3.12950158119202,-1.46687483787537,K,9
OUTPUT,NaN,NaN,NaN,NaN,NaN,NaN

INPUT,0.370079934597015,0.0335999242961407,0.7310791015625,-2.41403198242188,3.11470818519592,-1.805251121521,K,5
OUTPUT,NaN,NaN,NaN,NaN,NaN,NaN

INPUT,0.378290385007858,0.0334057994186878,0.746736645698547,-2.45900416374207,3.11070799827576,-1.74206209182739,K,6
OUTPUT,NaN,NaN,NaN,NaN,NaN,NaN

INPUT,0.384676307439804,0.0332548171281815,0.758914768695831,-2.49527835845947,3.10767149925232,-1.69460999965668,K,7
OUTPUT,NaN,NaN,NaN,NaN,NaN,NaN

INPUT,0.389237701892853,0.033146969974041,0.767613410949707,-2.52158617973328,3.10555219650269,-1.66150426864624,K,8
OUTPUT,NaN,NaN,NaN,NaN,NaN,NaN

INPUT,0.39197450876236,0.0330822616815567,0.772832572460175,-2.53746294975281,3.10430288314819,-1.64193820953369,K,9
OUTPUT,NaN,NaN,NaN,NaN,NaN,NaN

INPUT,0.374840766191483,0.0449183844029903,0.720380961894989,-2.39902138710022,3.02683568000793,-1.90741264820099,K,11
OUTPUT,NaN,NaN,NaN,NaN,NaN,NaN

INPUT,0.38142266869545,0.0461402200162411,0.731459498405457,-2.42750024795532,3.01375865936279,-1.8779296875,K,12
OUTPUT,NaN,NaN,NaN,NaN,NaN,NaN

INPUT,0.38800460100174,0.0473620519042015,0.742538034915924,-2.45609593391418,3.00078892707825,-1.84851515293121,K,13
OUTPUT,NaN,NaN,NaN,NaN,NaN,NaN

INPUT,0.394586473703384,0.0485838800668716,0.753616571426392,-2.48478698730469,2.98793721199036,-1.81914293766022,K,14
OUTPUT,NaN,NaN,NaN,NaN,NaN,NaN

INPUT,0.401168406009674,0.0498057119548321,0.764695107936859,-2.51355862617493,2.97521471977234,-1.78979432582855,K,15
OUTPUT,NaN,NaN,NaN,NaN,NaN,NaN

INPUT,0.407092124223709,0.0509053617715836,0.774665772914886,-2.53951454162598,2.96388363838196,-1.76338970661163,K,16
OUTPUT,NaN,NaN,NaN,NaN,NaN,NaN

INPUT,0.411699444055557,0.0517606437206268,0.782420754432678,-2.559739112854,2.95515418052673,-1.74285316467285,K,17
OUTPUT,NaN,NaN,NaN,NaN,NaN,NaN

INPUT,0.414990395307541,0.0523715615272522,0.78795999288559,-2.5742039680481,2.94896578788757,-1.72818279266357,K,18
OUTPUT,NaN,NaN,NaN,NaN,NaN,NaN

INPUT,0.41696497797966,0.0527381114661694,0.791283547878265,-2.58289003372192,2.94527220726013,-1.71937942504883,K,19
OUTPUT,NaN,NaN,NaN,NaN,NaN,NaN

INPUT,0.417623162269592,0.0528602935373783,0.792391419410706,-2.58578681945801,2.94404411315918,-1.71644484996796,K,20
OUTPUT,NaN,NaN,NaN,NaN,NaN,NaN

INPUT,0.374499797821045,0.0427157357335091,0.720741450786591,-2.44758105278015,3.04580998420715,-1.82258975505829,K,11
OUTPUT,NaN,NaN,NaN,NaN,NaN,NaN

INPUT,0.38104248046875,0.0436785705387592,0.731861054897308,-2.48381233215332,3.03507518768311,-1.78518533706665,K,12
OUTPUT,NaN,NaN,NaN,NaN,NaN,NaN

INPUT,0.387585192918777,0.0446414053440094,0.742980659008026,-2.52017116546631,3.02448487281799,-1.7478666305542,K,13
OUTPUT,NaN,NaN,NaN,NaN,NaN,NaN

INPUT,0.394127875566483,0.0456042364239693,0.754100263118744,-2.55663156509399,3.01405310630798,-1.71060431003571,K,14
OUTPUT,NaN,NaN,NaN,NaN,NaN,NaN

INPUT,0.40067058801651,0.0465670712292194,0.765219867229462,-2.59317684173584,3.00379419326782,-1.67337787151337,K,15
OUTPUT,NaN,NaN,NaN,NaN,NaN,NaN

INPUT,0.406558990478516,0.0474336221814156,0.77522748708725,-2.62612962722778,2.99472045898438,-1.63989210128784,K,16
OUTPUT,NaN,NaN,NaN,NaN,NaN,NaN

INPUT,0.411138892173767,0.0481076054275036,0.783011257648468,-2.65179657936096,2.98777461051941,-1.61385405063629,K,17
OUTPUT,NaN,NaN,NaN,NaN,NaN,NaN

INPUT,0.41441023349762,0.0485890209674835,0.788571059703827,-2.67014813423157,2.98287558555603,-1.59525680541992,K,18
OUTPUT,NaN,NaN,NaN,NaN,NaN,NaN

INPUT,0.416373044252396,0.0488778725266457,0.791906893253326,-2.68116617202759,2.97996187210083,-1.58409869670868,K,19
OUTPUT,NaN,NaN,NaN,NaN,NaN,NaN

INPUT,0.417027324438095,0.0489741563796997,0.793018877506256,-2.68483996391296,2.97899508476257,-1.58037936687469,K,20
OUTPUT,NaN,NaN,NaN,NaN,NaN,NaN

INPUT,0.368975400924683,0.0538927912712097,0.720402956008911,-1.95475351810455,3.04232740402222,-1.54971623420715,K,11
OUTPUT,NaN,NaN,NaN,NaN,NaN,NaN

INPUT,0.374868601560593,0.0561708547174931,0.731481671333313,-1.97780215740204,3.03090381622314,-1.52504622936249,K,12
OUTPUT,NaN,NaN,NaN,NaN,NaN,NaN

INPUT,0.380761831998825,0.0584489144384861,0.74256032705307,-2.00101685523987,3.01954340934753,-1.5005122423172,K,13
OUTPUT,NaN,NaN,NaN,NaN,NaN,NaN

INPUT,0.386655032634735,0.0607269778847694,0.753639042377472,-2.02436017990112,3.00825238227844,-1.47607374191284,K,14
OUTPUT,NaN,NaN,NaN,NaN,NaN,NaN

INPUT,0.392548263072968,0.0630050376057625,0.764717757701874,-2.04780673980713,2.9970371723175,-1.4517023563385,K,15
OUTPUT,NaN,NaN,NaN,NaN,NaN,NaN

INPUT,0.397852152585983,0.0650552958250046,0.774688601493835,-2.06898188591003,2.98701357841492,-1.42980873584747,K,16
OUTPUT,NaN,NaN,NaN,NaN,NaN,NaN

INPUT,0.401977390050888,0.0666499435901642,0.782443702220917,-2.08549356460571,2.97926664352417,-1.41279947757721,K,17
OUTPUT,NaN,NaN,NaN,NaN,NaN,NaN

INPUT,0.404924005270004,0.0677889734506607,0.787983059883118,-2.09730815887451,2.97376084327698,-1.40065741539001,K,18
OUTPUT,NaN,NaN,NaN,NaN,NaN,NaN

INPUT,0.40669196844101,0.0684723854064941,0.791306674480438,-2.10440444946289,2.97046899795532,-1.39337468147278,K,19
OUTPUT,NaN,NaN,NaN,NaN,NaN,NaN

INPUT,0.407281279563904,0.0687001943588257,0.792414546012878,-2.10677123069763,2.96937346458435,-1.39094746112823,K,20
OUTPUT,NaN,NaN,NaN,NaN,NaN,NaN

INPUT,0.36748480796814,0.0460301004350185,0.719508051872253,-2.25414252281189,3.05783033370972,-1.79358291625977,K,11
OUTPUT,NaN,NaN,NaN,NaN,NaN,NaN

INPUT,0.373201966285706,0.0473829954862595,0.730482578277588,-2.2804868221283,3.04827213287354,-1.76569378376007,K,12
OUTPUT,NaN,NaN,NaN,NaN,NaN,NaN

INPUT,0.378919124603271,0.0487358905375004,0.741457045078278,-2.30698609352112,3.03878259658813,-1.73793578147888,K,13
OUTPUT,NaN,NaN,NaN,NaN,NaN,NaN

INPUT,0.384636282920837,0.0500887855887413,0.752431511878967,-2.33360457420349,3.02936840057373,-1.71027040481567,K,14
OUTPUT,NaN,NaN,NaN,NaN,NaN,NaN

INPUT,0.390353441238403,0.0514416806399822,0.763406038284302,-2.36031794548035,3.0200366973877,-1.68267130851746,K,15
OUTPUT,NaN,NaN,NaN,NaN,NaN,NaN

INPUT,0.395498871803284,0.0526592843234539,0.773283064365387,-2.38442730903625,3.01171445846558,-1.65787315368652,K,16
OUTPUT,NaN,NaN,NaN,NaN,NaN,NaN

INPUT,0.399500906467438,0.0536063127219677,0.780965209007263,-2.40321683883667,3.00529479980469,-1.6386057138443,K,17
OUTPUT,NaN,NaN,NaN,NaN,NaN,NaN

INPUT,0.402359485626221,0.054282758384943,0.78645247220993,-2.41665649414063,3.00073933601379,-1.62485122680664,K,18
OUTPUT,NaN,NaN,NaN,NaN,NaN,NaN

INPUT,0.404074609279633,0.0546886287629604,0.789744794368744,-2.42472696304321,2.99801850318909,-1.61660146713257,K,19
OUTPUT,NaN,NaN,NaN,NaN,NaN,NaN

INPUT,0.404646337032318,0.0548239164054394,0.790842235088348,-2.42741823196411,2.9971137046814,-1.61385178565979,K,20
OUTPUT,NaN,NaN,NaN,NaN,NaN,NaN

INPUT,0.358903169631958,0.0320684760808945,0.72300910949707,-2.550133228302,3.12366485595703,-1.76903641223907,K,11
OUTPUT,NaN,NaN,NaN,NaN,NaN,NaN

INPUT,0.363610178232193,0.0317787081003189,0.734396457672119,-2.59287691116333,3.12178587913513,-1.71990442276001,K,12
OUTPUT,NaN,NaN,NaN,NaN,NaN,NaN

INPUT,0.368317186832428,0.0314889438450336,0.745783865451813,-2.63616967201233,3.119948387146,-1.67132008075714,K,13
OUTPUT,NaN,NaN,NaN,NaN,NaN,NaN

INPUT,0.373024165630341,0.0311991777271032,0.757171213626862,-2.67987298965454,3.11815667152405,-1.62314462661743,K,14
OUTPUT,NaN,NaN,NaN,NaN,NaN,NaN

INPUT,0.377731174230576,0.030909413471818,0.768558621406555,-2.72389125823975,3.11641407012939,-1.57528209686279,K,15
OUTPUT,NaN,NaN,NaN,NaN,NaN,NaN

INPUT,0.381967484951019,0.0306486245244741,0.77880722284317,-2.76372027397156,3.11489105224609,-1.53241634368896,K,16
OUTPUT,NaN,NaN,NaN,NaN,NaN,NaN

INPUT,0.385262370109558,0.0304457880556583,0.786778390407562,-2.79481196403503,3.11373782157898,-1.49918913841248,K,17
OUTPUT,NaN,NaN,NaN,NaN,NaN,NaN

INPUT,0.387615889310837,0.0303009059280157,0.792472124099731,-2.81707286834717,3.11293172836304,-1.47550714015961,K,18
OUTPUT,NaN,NaN,NaN,NaN,NaN,NaN

INPUT,0.389027982950211,0.0302139762789011,0.795888304710388,-2.83044838905334,3.11245512962341,-1.46131658554077,K,19
OUTPUT,NaN,NaN,NaN,NaN,NaN,NaN

INPUT,0.389498680830002,0.0301849991083145,0.797027051448822,-2.83490967750549,3.11229753494263,-1.45658922195435,K,20
OUTPUT,NaN,NaN,NaN,NaN,NaN,NaN

INPUT,0.375229567289352,0.0435056611895561,0.716094672679901,-2.38552975654602,3.02626824378967,-1.90923368930817,K,4
OUTPUT,NaN,NaN,NaN,NaN,NaN,NaN

INPUT,0.385568737983704,0.0454336516559124,0.731099724769592,-2.43910360336304,3.00383734703064,-1.85852324962616,K,5
OUTPUT,NaN,NaN,NaN,NaN,NaN,NaN

INPUT,0.395907938480377,0.047361645847559,0.746104776859283,-2.49235939979553,2.98178005218506,-1.80733478069305,K,6
OUTPUT,NaN,NaN,NaN,NaN,NaN,NaN

INPUT,0.403949499130249,0.0488611944019794,0.757775366306305,-2.53347492218018,2.96499943733215,-1.7674685716629,K,7
OUTPUT,NaN,NaN,NaN,NaN,NaN,NaN

INPUT,0.409693509340286,0.0499323010444641,0.766111493110657,-2.56262493133545,2.9532630443573,-1.73907136917114,K,8
OUTPUT,NaN,NaN,NaN,NaN,NaN,NaN

INPUT,0.413139909505844,0.0505749620497227,0.771113216876984,-2.58001065254211,2.94633388519287,-1.72209215164185,K,9
OUTPUT,NaN,NaN,NaN,NaN,NaN,NaN

INPUT,0.374942630529404,0.0416946858167648,0.716240048408508,-2.4388632774353,3.04537105560303,-1.83114218711853,K,4
OUTPUT,NaN,NaN,NaN,NaN,NaN,NaN

INPUT,0.385313510894775,0.0432436279952526,0.731339573860168,-2.5035994052887,3.02705311775208,-1.76459085941315,K,5
OUTPUT,NaN,NaN,NaN,NaN,NaN,NaN

INPUT,0.395684421062469,0.0447925701737404,0.746439039707184,-2.5686514377594,3.00922799110413,-1.69821906089783,K,6
OUTPUT,NaN,NaN,NaN,NaN,NaN,NaN

INPUT,0.403750658035278,0.0459972992539406,0.758183121681213,-2.61940956115723,2.99575424194336,-1.64665412902832,K,7
OUTPUT,NaN,NaN,NaN,NaN,NaN,NaN

INPUT,0.409512281417847,0.0468578226864338,0.766571760177612,-2.65573811531067,2.9863612651825,-1.60983419418335,K,8
OUTPUT,NaN,NaN,NaN,NaN,NaN,NaN

INPUT,0.412969261407852,0.0473741367459297,0.771604895591736,-2.67756128311157,2.98082399368286,-1.58774316310883,K,9
OUTPUT,NaN,NaN,NaN,NaN,NaN,NaN

INPUT,0.369507074356079,0.0519981533288956,0.7150799036026,-1.95613896846771,3.04121613502502,-1.56390953063965,K,4
OUTPUT,NaN,NaN,NaN,NaN,NaN,NaN

INPUT,0.37904280424118,0.0556392557919025,0.730334997177124,-1.99475049972534,3.02180743217468,-1.51674234867096,K,5
OUTPUT,NaN,NaN,NaN,NaN,NaN,NaN

INPUT,0.388578563928604,0.0592803582549095,0.745590090751648,-2.03459858894348,3.0026171207428,-1.47071254253387,K,6
OUTPUT,NaN,NaN,NaN,NaN,NaN,NaN

INPUT,0.395995259284973,0.0621123276650906,0.757455229759216,-2.06605982780457,2.98791193962097,-1.43551349639893,K,7
OUTPUT,NaN,NaN,NaN,NaN,NaN,NaN

INPUT,0.401292890310287,0.0641351640224457,0.76593029499054,-2.08865976333618,2.97755646705627,-1.41066062450409,K,8
OUTPUT,NaN,NaN,NaN,NaN,NaN,NaN

INPUT,0.404471457004547,0.0653488636016846,0.771015286445618,-2.1022424697876,2.97141027450562,-1.39586162567139,K,9
OUTPUT,NaN,NaN,NaN,NaN,NaN,NaN

INPUT,0.376955389976501,0.0469750612974167,0.72908341884613,-2.29659008979797,3.04102683067322,-1.75226175785065,K,5
OUTPUT,NaN,NaN,NaN,NaN,NaN,NaN

INPUT,0.386140823364258,0.0491216629743576,0.744191646575928,-2.34357118606567,3.02488088607788,-1.70187544822693,K,6
OUTPUT,NaN,NaN,NaN,NaN,NaN,NaN

INPUT,0.393285036087036,0.0507912412285805,0.755942463874817,-2.38028812408447,3.01256060600281,-1.66310167312622,K,7
OUTPUT,NaN,NaN,NaN,NaN,NaN,NaN

INPUT,0.398388057947159,0.0519837960600853,0.764335870742798,-2.40650010108948,3.00391888618469,-1.63565063476563,K,8
OUTPUT,NaN,NaN,NaN,NaN,NaN,NaN

INPUT,0.401449859142303,0.0526993274688721,0.769371926784515,-2.42219471931458,2.9988055229187,-1.61928725242615,K,9
OUTPUT,NaN,NaN,NaN,NaN,NaN,NaN

INPUT,0.367436647415161,0.0315295271575451,0.732729613780975,-2.63479924201965,3.11999320983887,-1.70976459980011,K,5
OUTPUT,NaN,NaN,NaN,NaN,NaN,NaN

INPUT,0.375177919864655,0.0309818275272846,0.74867981672287,-2.70489072799683,3.1170756816864,-1.61667811870575,K,6
OUTPUT,NaN,NaN,NaN,NaN,NaN,NaN

INPUT,0.381198912858963,0.0305558405816555,0.761085450649261,-2.76110672950745,3.11491656303406,-1.54597437381744,K,7
OUTPUT,NaN,NaN,NaN,NaN,NaN,NaN

INPUT,0.385499626398087,0.0302515644580126,0.769946694374084,-2.80192923545837,3.11343860626221,-1.49613749980927,K,8
OUTPUT,NaN,NaN,NaN,NaN,NaN,NaN

INPUT,0.388080030679703,0.0300689972937107,0.775263428688049,-2.82664036750793,3.11257934570313,-1.46645224094391,K,9
OUTPUT,NaN,NaN,NaN,NaN,NaN,NaN

INPUT,0.360993355512619,0.0396932102739811,0.733954071998596,-2.30782532691956,3.11679363250732,-1.80220091342926,K,12
OUTPUT,NaN,NaN,NaN,NaN,NaN,NaN

INPUT,0.365425407886505,0.0402366630733013,0.745293974876404,-2.33214807510376,3.11433029174805,-1.77331566810608,K,13
OUTPUT,NaN,NaN,NaN,NaN,NaN,NaN

INPUT,0.369857460260391,0.0407801121473312,0.756633937358856,-2.35684847831726,3.11188626289368,-1.74480640888214,K,14
OUTPUT,NaN,NaN,NaN,NaN,NaN,NaN

INPUT,0.374289512634277,0.0413235649466515,0.767973840236664,-2.38183856010437,3.10946297645569,-1.7165846824646,K,15
OUTPUT,NaN,NaN,NaN,NaN,NaN,NaN

INPUT,0.378278374671936,0.0418126732110977,0.778179824352264,-2.40452480316162,3.10730147361755,-1.69137847423553,K,16
OUTPUT,NaN,NaN,NaN,NaN,NaN,NaN

INPUT,0.381380796432495,0.0421930886805058,0.786117792129517,-2.42227458953857,3.10563373565674,-1.67187750339508,K,17
OUTPUT,NaN,NaN,NaN,NaN,NaN,NaN

INPUT,0.383596837520599,0.0424648150801659,0.79178774356842,-2.43500137329102,3.1044499874115,-1.65799582004547,K,18
OUTPUT,NaN,NaN,NaN,NaN,NaN,NaN

INPUT,0.384926468133926,0.042627852410078,0.795189738273621,-2.44265484809875,3.10374307632446,-1.64968395233154,K,19
OUTPUT,NaN,NaN,NaN,NaN,NaN,NaN

INPUT,0.385369658470154,0.042682196944952,0.796323716640472,-2.44520878791809,3.10350775718689,-1.64691603183746,K,20
OUTPUT,NaN,NaN,NaN,NaN,NaN,NaN

INPUT,0.363685667514801,0.0369079895317554,0.722369611263275,-2.75412702560425,3.08048629760742,-1.91511976718903,K,11
OUTPUT,NaN,NaN,NaN,NaN,NaN,NaN

INPUT,0.368955075740814,0.037187434732914,0.733682155609131,-2.80282735824585,3.07391428947449,-1.86506593227386,K,12
OUTPUT,NaN,NaN,NaN,NaN,NaN,NaN

INPUT,0.374224483966827,0.0374668799340725,0.744994699954987,-2.85165691375732,3.06750726699829,-1.81511962413788,K,13
OUTPUT,NaN,NaN,NaN,NaN,NaN,NaN

INPUT,0.379493892192841,0.037746325135231,0.756307244300842,-2.90058612823486,3.06128072738647,-1.76524972915649,K,14
OUTPUT,NaN,NaN,NaN,NaN,NaN,NaN

INPUT,0.384763300418854,0.0380257703363895,0.767619788646698,-2.94959402084351,3.0552499294281,-1.71543419361115,K,15
OUTPUT,NaN,NaN,NaN,NaN,NaN,NaN

INPUT,0.38950577378273,0.0382772721350193,0.777801096439362,-2.99375677108765,3.05000185966492,-1.67063426971436,K,16
OUTPUT,NaN,NaN,NaN,NaN,NaN,NaN

INPUT,0.39319434762001,0.0384728834033012,0.785719871520996,-3.02813649177551,3.04604458808899,-1.63580656051636,K,17
OUTPUT,NaN,NaN,NaN,NaN,NaN,NaN

INPUT,0.395829051733017,0.0386126078665257,0.791376173496246,-3.05270838737488,3.04328751564026,-1.61093652248383,K,18
OUTPUT,NaN,NaN,NaN,NaN,NaN,NaN

INPUT,0.39740988612175,0.0386964417994022,0.794769942760468,-3.0674569606781,3.04166197776794,-1.59601664543152,K,19
OUTPUT,NaN,NaN,NaN,NaN,NaN,NaN

INPUT,0.397936820983887,0.038724385201931,0.79590117931366,-3.07237410545349,3.04112505912781,-1.59104382991791,K,20
OUTPUT,NaN,NaN,NaN,NaN,NaN,NaN

INPUT,0.35119104385376,0.0282247792929411,0.734209477901459,0.806676983833313,3.09087371826172,1.53108942508698,K,12
OUTPUT,NaN,NaN,NaN,NaN,NaN,NaN

INPUT,0.354591399431229,0.0275609064847231,0.745576322078705,0.767293691635132,3.08573079109192,1.56797659397125,K,13
OUTPUT,NaN,NaN,NaN,NaN,NaN,NaN

INPUT,0.357991755008698,0.0268970355391502,0.756943106651306,0.728113949298859,3.08066892623901,1.60507822036743,K,14
OUTPUT,NaN,NaN,NaN,NaN,NaN,NaN

INPUT,0.361392080783844,0.0262331627309322,0.768309950828552,0.689086437225342,3.07569551467896,1.64234387874603,K,15
OUTPUT,NaN,NaN,NaN,NaN,NaN,NaN

INPUT,0.364452391862869,0.0256356783211231,0.778540134429932,0.65406209230423,3.07130122184753,1.67599380016327,K,16
OUTPUT,NaN,NaN,NaN,NaN,NaN,NaN

INPUT,0.36683264374733,0.0251709669828415,0.786496937274933,0.626873433589935,3.06794023513794,1.70222580432892,K,17
OUTPUT,NaN,NaN,NaN,NaN,NaN,NaN

INPUT,0.368532806634903,0.0248390305787325,0.792180359363556,0.607476890087128,3.06557154655457,1.7209906578064,K,18
OUTPUT,NaN,NaN,NaN,NaN,NaN,NaN

INPUT,0.369552910327911,0.0246398709714413,0.795590341091156,0.595847189426422,3.06416368484497,1.73225963115692,K,19
OUTPUT,NaN,NaN,NaN,NaN,NaN,NaN

INPUT,0.369892954826355,0.0245734825730324,0.796727061271667,0.59197199344635,3.06369662284851,1.73601758480072,K,20
OUTPUT,NaN,NaN,NaN,NaN,NaN,NaN

INPUT,0.365253835916519,0.0403850451111794,0.722473561763763,-2.46418857574463,3.0985107421875,-1.86507678031921,K,11
OUTPUT,NaN,NaN,NaN,NaN,NaN,NaN

INPUT,0.370708644390106,0.0410737618803978,0.733796954154968,-2.4981894493103,3.09372186660767,-1.8285927772522,K,12
OUTPUT,NaN,NaN,NaN,NaN,NaN,NaN

INPUT,0.376163423061371,0.0417624786496162,0.745120406150818,-2.53241896629333,3.08899211883545,-1.79232931137085,K,13
OUTPUT,NaN,NaN,NaN,NaN,NaN,NaN

INPUT,0.381618201732635,0.0424511954188347,0.756443798542023,-2.56681966781616,3.08432793617249,-1.75622832775116,K,14
OUTPUT,NaN,NaN,NaN,NaN,NaN,NaN

INPUT,0.3870729804039,0.0431399084627628,0.767767250537872,-2.60135221481323,3.07973456382751,-1.72024989128113,K,15
OUTPUT,NaN,NaN,NaN,NaN,NaN,NaN

INPUT,0.391982287168503,0.0437597557902336,0.777958273887634,-2.63252139091492,3.07566618919373,-1.68795049190521,K,16
OUTPUT,NaN,NaN,NaN,NaN,NaN,NaN

INPUT,0.395800650119781,0.0442418567836285,0.7858846783638,-2.6568124294281,3.07254767417908,-1.66287159919739,K,17
OUTPUT,NaN,NaN,NaN,NaN,NaN,NaN

INPUT,0.398528039455414,0.0445862151682377,0.791546404361725,-2.67418599128723,3.0703456401825,-1.6449773311615,K,18
OUTPUT,NaN,NaN,NaN,NaN,NaN,NaN

INPUT,0.400164484977722,0.044792827218771,0.794943392276764,-2.6846182346344,3.06903505325317,-1.63424777984619,K,19
OUTPUT,NaN,NaN,NaN,NaN,NaN,NaN

INPUT,0.400709956884384,0.0448617003858089,0.796075761318207,-2.68809676170349,3.06859993934631,-1.63067233562469,K,20
OUTPUT,NaN,NaN,NaN,NaN,NaN,NaN

INPUT,0.36112043261528,0.0355358012020588,0.733578443527222,2.27663898468018,3.14130926132202,2.6254780292511,K,12
OUTPUT,NaN,NaN,NaN,NaN,NaN,NaN

INPUT,0.36556613445282,0.0356414541602135,0.744878888130188,1.92436480522156,3.14130830764771,2.3100106716156,K,13
OUTPUT,NaN,NaN,NaN,NaN,NaN,NaN

INPUT,0.370011806488037,0.0357471071183681,0.756179392337799,1.60694003105164,3.14127802848816,2.02931785583496,K,14
OUTPUT,NaN,NaN,NaN,NaN,NaN,NaN

INPUT,0.374457478523254,0.0358527600765228,0.767479836940765,1.35899972915649,3.14122581481934,1.81801021099091,K,15
OUTPUT,NaN,NaN,NaN,NaN,NaN,NaN

INPUT,0.378458589315414,0.0359478481113911,0.777650237083435,1.19122719764709,3.14116668701172,1.68310236930847,K,16
OUTPUT,NaN,NaN,NaN,NaN,NaN,NaN

INPUT,0.38157057762146,0.0360218025743961,0.785560607910156,1.08845126628876,3.14111566543579,1.60580766201019,K,17
OUTPUT,NaN,NaN,NaN,NaN,NaN,NaN

INPUT,0.383793413639069,0.0360746309161186,0.791210830211639,1.02637994289398,3.14107751846313,1.56188952922821,K,18
OUTPUT,NaN,NaN,NaN,NaN,NaN,NaN

INPUT,0.385127127170563,0.0361063256859779,0.794600963592529,0.992850720882416,3.1410539150238,1.53923165798187,K,19
OUTPUT,NaN,NaN,NaN,NaN,NaN,NaN

INPUT,0.38557168841362,0.0361168906092644,0.795731008052826,0.982223212718964,3.14104604721069,1.53222453594208,K,20
OUTPUT,NaN,NaN,NaN,NaN,NaN,NaN

INPUT,0.353164702653885,0.0310421194881201,0.7329061627388,0.776538491249084,3.10772395133972,1.21184325218201,K,12
OUTPUT,NaN,NaN,NaN,NaN,NaN,NaN

INPUT,0.356773048639297,0.0306749641895294,0.744134962558746,0.752250134944916,3.10413885116577,1.23336493968964,K,13
OUTPUT,NaN,NaN,NaN,NaN,NaN,NaN

INPUT,0.360381424427032,0.0303078088909388,0.755363821983337,0.728201508522034,3.10057330131531,1.25512933731079,K,14
OUTPUT,NaN,NaN,NaN,NaN,NaN,NaN

INPUT,0.363989770412445,0.0299406535923481,0.766592681407928,0.704333186149597,3.09702920913696,1.27707743644714,K,15
OUTPUT,NaN,NaN,NaN,NaN,NaN,NaN

INPUT,0.36723729968071,0.0296102128922939,0.776698589324951,0.682971715927124,3.09385943412781,1.29695403575897,K,16
OUTPUT,NaN,NaN,NaN,NaN,NaN,NaN

INPUT,0.369763135910034,0.029353205114603,0.784558773040771,0.666420876979828,3.09140801429749,1.31247913837433,K,17
OUTPUT,NaN,NaN,NaN,NaN,NaN,NaN

INPUT,0.37156730890274,0.0291696265339851,0.790173232555389,0.654627740383148,3.08966493606567,1.32359874248505,K,18
OUTPUT,NaN,NaN,NaN,NaN,NaN,NaN

INPUT,0.372649818658829,0.0290594808757305,0.793541848659515,0.647562265396118,3.08862209320068,1.33028137683868,K,19
OUTPUT,NaN,NaN,NaN,NaN,NaN,NaN

INPUT,0.373010665178299,0.0290227644145489,0.794664740562439,0.645208775997162,3.08827519416809,1.33251059055328,K,20
OUTPUT,NaN,NaN,NaN,NaN,NaN,NaN

INPUT,0.36434218287468,0.0477687306702137,0.720549583435059,-2.17074704170227,3.05824375152588,-1.62587320804596,K,11
OUTPUT,NaN,NaN,NaN,NaN,NaN,NaN

INPUT,0.369689792394638,0.0493261180818081,0.731646478176117,-2.20193696022034,3.04880619049072,-1.59289753437042,K,12
OUTPUT,NaN,NaN,NaN,NaN,NaN,NaN

INPUT,0.375037372112274,0.0508835017681122,0.74274343252182,-2.23330473899841,3.03946375846863,-1.56007194519043,K,13
OUTPUT,NaN,NaN,NaN,NaN,NaN,NaN

INPUT,0.380384981632233,0.0524408854544163,0.753840327262878,-2.26480937004089,3.03022646903992,-1.52735269069672,K,14
OUTPUT,NaN,NaN,NaN,NaN,NaN,NaN

INPUT,0.385732591152191,0.0539982728660107,0.764937281608582,-2.29642295837402,3.02110362052917,-1.49470937252045,K,15
OUTPUT,NaN,NaN,NaN,NaN,NaN,NaN

INPUT,0.390545457601547,0.0553999170660973,0.774924457073212,-2.32495212554932,3.01299905776978,-1.46537744998932,K,16
OUTPUT,NaN,NaN,NaN,NaN,NaN,NaN

INPUT,0.394288778305054,0.0564900897443295,0.782692313194275,-2.3471851348877,3.00676918029785,-1.44258642196655,K,17
OUTPUT,NaN,NaN,NaN,NaN,NaN,NaN

INPUT,0.396962583065033,0.0572687797248363,0.788240790367126,-2.36308646202087,3.00236105918884,-1.42631673812866,K,18
OUTPUT,NaN,NaN,NaN,NaN,NaN,NaN

INPUT,0.398566842079163,0.0577359944581985,0.791569828987122,-2.37263536453247,2.99973320960999,-1.41655790805817,K,19
OUTPUT,NaN,NaN,NaN,NaN,NaN,NaN

INPUT,0.399101614952087,0.057891733944416,0.79267954826355,-2.37581944465637,2.99886012077332,-1.41330552101135,K,20
OUTPUT,NaN,NaN,NaN,NaN,NaN,NaN

INPUT,0.364164799451828,0.03672144562006,0.716747283935547,-2.75618028640747,3.08073353767395,-1.93824887275696,K,4
OUTPUT,NaN,NaN,NaN,NaN,NaN,NaN

INPUT,0.372574746608734,0.0372149087488651,0.73243236541748,-2.83812165260315,3.06941223144531,-1.844686627388,K,5
OUTPUT,NaN,NaN,NaN,NaN,NaN,NaN

INPUT,0.380984663963318,0.0377083718776703,0.748117446899414,-2.92164516448975,3.05864429473877,-1.75263607501984,K,6
OUTPUT,NaN,NaN,NaN,NaN,NaN,NaN

INPUT,0.387525707483292,0.0380921810865402,0.760316967964172,-2.98731470108032,3.05070567131042,-1.68169593811035,K,7
OUTPUT,NaN,NaN,NaN,NaN,NaN,NaN

INPUT,0.392197906970978,0.038366325199604,0.769030928611755,-3.03449630737305,3.04529190063477,-1.6312700510025,K,8
OUTPUT,NaN,NaN,NaN,NaN,NaN,NaN

INPUT,0.395001232624054,0.0385308153927326,0.774259269237518,-3.06289482116699,3.04215264320374,-1.60109186172485,K,9
OUTPUT,NaN,NaN,NaN,NaN,NaN,NaN

INPUT,0.365904331207275,0.0399320237338543,0.716808021068573,-2.46631836891174,3.09809446334839,-1.88249492645264,K,4
OUTPUT,NaN,NaN,NaN,NaN,NaN,NaN

INPUT,0.374770522117615,0.0410677865147591,0.732510626316071,-2.52330923080444,3.08998155593872,-1.81415939331055,K,5
OUTPUT,NaN,NaN,NaN,NaN,NaN,NaN

INPUT,0.383636713027954,0.0422035530209541,0.748213231563568,-2.58184003829956,3.08207011222839,-1.74733757972717,K,6
OUTPUT,NaN,NaN,NaN,NaN,NaN,NaN

INPUT,0.390532642602921,0.0430869236588478,0.76042640209198,-2.62805724143982,3.07607626914978,-1.69603872299194,K,7
OUTPUT,NaN,NaN,NaN,NaN,NaN,NaN

INPUT,0.395458310842514,0.0437179058790207,0.769150078296661,-2.66134023666382,3.0718891620636,-1.65965557098389,K,8
OUTPUT,NaN,NaN,NaN,NaN,NaN,NaN

INPUT,0.398413687944412,0.0440964959561825,0.774384260177612,-2.68139791488647,3.06941699981689,-1.63790893554688,K,9
OUTPUT,NaN,NaN,NaN,NaN,NaN,NaN

INPUT,0.361810505390167,0.0391479954123497,0.726337194442749,-2.30448126792908,3.11652612686157,-1.83050167560577,K,4
OUTPUT,NaN,NaN,NaN,NaN,NaN,NaN

INPUT,0.367892116308212,0.0399542190134525,0.739572763442993,-2.33992576599121,3.11299252510071,-1.77984380722046,K,5
OUTPUT,NaN,NaN,NaN,NaN,NaN,NaN

INPUT,0.373973727226257,0.0407604426145554,0.752808332443237,-2.37703537940979,3.10951066017151,-1.73084688186646,K,6
OUTPUT,NaN,NaN,NaN,NaN,NaN,NaN

INPUT,0.378703832626343,0.041387502104044,0.763102650642395,-2.4066264629364,3.10685086250305,-1.69366693496704,K,7
OUTPUT,NaN,NaN,NaN,NaN,NaN,NaN

INPUT,0.382082521915436,0.0418354049324989,0.770455777645111,-2.42800903320313,3.10498189926147,-1.66755366325378,K,8
OUTPUT,NaN,NaN,NaN,NaN,NaN,NaN

INPUT,0.384109705686569,0.04210414737463,0.774867594242096,-2.44090294837952,3.10387444496155,-1.65205478668213,K,9
OUTPUT,NaN,NaN,NaN,NaN,NaN,NaN

INPUT,0.356996059417725,0.0281057469546795,0.738077044487,0.771286070346832,3.08548092842102,1.57523536682129,K,5
OUTPUT,NaN,NaN,NaN,NaN,NaN,NaN

INPUT,0.362103879451752,0.0271467696875334,0.75201290845871,0.706017136573792,3.07741904258728,1.63237285614014,K,6
OUTPUT,NaN,NaN,NaN,NaN,NaN,NaN

INPUT,0.366076648235321,0.0264008995145559,0.762851893901825,0.655878365039825,3.07131242752075,1.67746043205261,K,7
OUTPUT,NaN,NaN,NaN,NaN,NaN,NaN

INPUT,0.368914306163788,0.025868134573102,0.77059406042099,0.62030953168869,3.06704711914063,1.70992267131805,K,8
OUTPUT,NaN,NaN,NaN,NaN,NaN,NaN

INPUT,0.370616942644119,0.0255484748631716,0.77523934841156,0.599047601222992,3.06452894210815,1.72948431968689,K,9
OUTPUT,NaN,NaN,NaN,NaN,NaN,NaN

INPUT,0.361584693193436,0.0355217084288597,0.725041508674622,-3.10731649398804,3.14038801193237,-2.78013682365417,K,4
OUTPUT,NaN,NaN,NaN,NaN,NaN,NaN

INPUT,0.36793577671051,0.0356816649436951,0.738459348678589,2.99224376678467,3.14076781272888,-2.90469527244568,K,5
OUTPUT,NaN,NaN,NaN,NaN,NaN,NaN

INPUT,0.37428691983223,0.0358416214585304,0.751877129077911,2.57951807975769,3.14109826087952,3.02483105659485,K,6
OUTPUT,NaN,NaN,NaN,NaN,NaN,NaN

INPUT,0.37922665476799,0.0359660275280476,0.762313187122345,1.85606801509857,3.14122104644775,2.34725594520569,K,7
OUTPUT,NaN,NaN,NaN,NaN,NaN,NaN

INPUT,0.382755041122437,0.0360548943281174,0.769767582416534,1.28514063358307,3.1411612033844,1.80903148651123,K,8
OUTPUT,NaN,NaN,NaN,NaN,NaN,NaN

INPUT,0.384872078895569,0.036108210682869,0.774240136146545,1.04543542861938,3.14107847213745,1.5889139175415,K,9
OUTPUT,NaN,NaN,NaN,NaN,NaN,NaN

INPUT,0.358974695205688,0.0310811530798674,0.736679136753082,0.764393925666809,3.10416722297668,1.24754655361176,K,5
OUTPUT,NaN,NaN,NaN,NaN,NaN,NaN

INPUT,0.364334225654602,0.0305708795785904,0.750364184379578,0.719905436038971,3.09837651252747,1.27676749229431,K,6
OUTPUT,NaN,NaN,NaN,NaN,NaN,NaN

INPUT,0.368502736091614,0.0301740001887083,0.761008083820343,0.686650395393372,3.09392142295837,1.30071985721588,K,7
OUTPUT,NaN,NaN,NaN,NaN,NaN,NaN

INPUT,0.371480226516724,0.0298905149102211,0.768610894680023,0.663463711738586,3.09077215194702,1.31827282905579,K,8
OUTPUT,NaN,NaN,NaN,NaN,NaN,NaN

INPUT,0.373266726732254,0.0297204237431288,0.773172557353973,0.649749398231506,3.08889746665955,1.32893741130829,K,9
OUTPUT,NaN,NaN,NaN,NaN,NaN,NaN

INPUT,0.373267114162445,0.04898377135396,0.730225563049316,-2.22388458251953,3.04155874252319,-1.579718708992,K,5
OUTPUT,NaN,NaN,NaN,NaN,NaN,NaN

INPUT,0.381829261779785,0.0514807775616646,0.745582222938538,-2.27791571617126,3.02583956718445,-1.51923847198486,K,6
OUTPUT,NaN,NaN,NaN,NaN,NaN,NaN

INPUT,0.388488680124283,0.0534228943288326,0.757526278495789,-2.32051777839661,3.01387214660645,-1.47270572185516,K,7
OUTPUT,NaN,NaN,NaN,NaN,NaN,NaN

INPUT,0.393245428800583,0.0548101216554642,0.766057729721069,-2.35117816925049,3.00547742843628,-1.43965709209442,K,8
OUTPUT,NaN,NaN,NaN,NaN,NaN,NaN

INPUT,0.396099478006363,0.0556424558162689,0.771176636219025,-2.3696506023407,3.00050592422485,-1.41988694667816,K,9
OUTPUT,NaN,NaN,NaN,NaN,NaN,NaN

INPUT,0.360582292079926,0.0421010740101337,0.733849167823792,-2.00774240493774,3.10723781585693,-1.73587775230408,K,12
OUTPUT,NaN,NaN,NaN,NaN,NaN,NaN

INPUT,0.364971280097961,0.0428978055715561,0.745178163051605,-2.02005958557129,3.10370993614197,-1.71954035758972,K,13
OUTPUT,NaN,NaN,NaN,NaN,NaN,NaN

INPUT,0.369360238313675,0.0436945371329784,0.756507158279419,-2.03270411491394,3.10019421577454,-1.70356404781342,K,14
OUTPUT,NaN,NaN,NaN,NaN,NaN,NaN

INPUT,0.373749226331711,0.0444912686944008,0.767836093902588,-2.04558825492859,3.09669256210327,-1.68787312507629,K,15
OUTPUT,NaN,NaN,NaN,NaN,NaN,NaN

INPUT,0.377699315547943,0.0452083274722099,0.778032183647156,-2.0573365688324,3.09355497360229,-1.67395234107971,K,16
OUTPUT,NaN,NaN,NaN,NaN,NaN,NaN

INPUT,0.380771577358246,0.0457660406827927,0.785962462425232,-2.06655025482178,3.09112477302551,-1.66323816776276,K,17
OUTPUT,NaN,NaN,NaN,NaN,NaN,NaN

INPUT,0.382966071367264,0.046164408326149,0.791626989841461,-2.07316374778748,3.08939480781555,-1.65564000606537,K,18
OUTPUT,NaN,NaN,NaN,NaN,NaN,NaN

INPUT,0.384282767772675,0.0464034266769886,0.795025646686554,-2.07714247703552,3.08835911750793,-1.65110146999359,K,19
OUTPUT,NaN,NaN,NaN,NaN,NaN,NaN

INPUT,0.384721666574478,0.0464830994606018,0.7961585521698,-2.07847046852112,3.08801436424255,-1.64959192276001,K,20
OUTPUT,NaN,NaN,NaN,NaN,NaN,NaN

INPUT,0.368266135454178,0.0401069074869156,0.721366941928864,-2.54691743850708,3.06595349311829,-1.79532158374786,K,11
OUTPUT,NaN,NaN,NaN,NaN,NaN,NaN

INPUT,0.374075442552567,0.0407628640532494,0.732560157775879,-2.59045624732971,3.05765509605408,-1.75036382675171,K,12
OUTPUT,NaN,NaN,NaN,NaN,NaN,NaN

INPUT,0.379884749650955,0.0414188206195831,0.743753433227539,-2.63413715362549,3.04952073097229,-1.70551753044128,K,13
OUTPUT,NaN,NaN,NaN,NaN,NaN,NaN

INPUT,0.385694026947021,0.0420747771859169,0.754946708679199,-2.67792797088623,3.0415666103363,-1.6607483625412,K,14
OUTPUT,NaN,NaN,NaN,NaN,NaN,NaN

INPUT,0.391503304243088,0.0427307337522507,0.766139984130859,-2.72180724143982,3.03380846977234,-1.61603307723999,K,15
OUTPUT,NaN,NaN,NaN,NaN,NaN,NaN

INPUT,0.396731674671173,0.0433210954070091,0.776213884353638,-2.76136207580566,3.02700591087341,-1.57582139968872,K,16
OUTPUT,NaN,NaN,NaN,NaN,NaN,NaN

INPUT,0.400798171758652,0.0437802635133266,0.784049153327942,-2.79216313362122,3.0218403339386,-1.54456067085266,K,17
OUTPUT,NaN,NaN,NaN,NaN,NaN,NaN

INPUT,0.403702825307846,0.0441082417964935,0.789645791053772,-2.81418132781982,3.01822090148926,-1.5222373008728,K,18
OUTPUT,NaN,NaN,NaN,NaN,NaN,NaN

INPUT,0.405445605516434,0.0443050302565098,0.793003797531128,-2.82739877700806,3.01607823371887,-1.50884521007538,K,19
OUTPUT,NaN,NaN,NaN,NaN,NaN,NaN

INPUT,0.406026542186737,0.0443706251680851,0.794123113155365,-2.83180570602417,3.01536870002747,-1.50438141822815,K,20
OUTPUT,NaN,NaN,NaN,NaN,NaN,NaN

INPUT,0.364039033651352,0.0418707504868507,0.721049964427948,-2.11461758613586,3.08040261268616,-1.52890455722809,K,11
OUTPUT,NaN,NaN,NaN,NaN,NaN,NaN

INPUT,0.3693508207798,0.0427342802286148,0.732205867767334,-2.14777541160583,3.07352185249329,-1.49312901496887,K,12
OUTPUT,NaN,NaN,NaN,NaN,NaN,NaN

INPUT,0.374662578105927,0.0435978062450886,0.74336177110672,-2.18118047714233,3.06672167778015,-1.45758450031281,K,13
OUTPUT,NaN,NaN,NaN,NaN,NaN,NaN

INPUT,0.379974365234375,0.0444613359868526,0.754517614841461,-2.21477127075195,3.06001043319702,-1.42220842838287,K,14
OUTPUT,NaN,NaN,NaN,NaN,NaN,NaN

INPUT,0.385286122560501,0.0453248620033264,0.765673518180847,-2.24850606918335,3.05339622497559,-1.38695764541626,K,15
OUTPUT,NaN,NaN,NaN,NaN,NaN,NaN

INPUT,0.390066713094711,0.0461020395159721,0.775713801383972,-2.27896666526794,3.04753255844116,-1.35531401634216,K,16
OUTPUT,NaN,NaN,NaN,NaN,NaN,NaN

INPUT,0.39378497004509,0.0467065088450909,0.783522963523865,-2.30271220207214,3.04303431510925,-1.33074462413788,K,17
OUTPUT,NaN,NaN,NaN,NaN,NaN,NaN

INPUT,0.396440863609314,0.0471382699906826,0.789100885391235,-2.31969857215881,3.03985643386841,-1.31321406364441,K,18
OUTPUT,NaN,NaN,NaN,NaN,NaN,NaN

INPUT,0.398034393787384,0.0473973304033279,0.792447686195374,-2.32989978790283,3.03796410560608,-1.30270230770111,K,19
OUTPUT,NaN,NaN,NaN,NaN,NaN,NaN

INPUT,0.3985655605793,0.0474836826324463,0.79356324672699,-2.33330178260803,3.03733563423157,-1.29919946193695,K,20
OUTPUT,NaN,NaN,NaN,NaN,NaN,NaN

INPUT,0.366843700408936,0.0389987826347351,0.721743643283844,-2.32436060905457,3.06588435173035,-1.74429404735565,K,11
OUTPUT,NaN,NaN,NaN,NaN,NaN,NaN

INPUT,0.372485637664795,0.0395243912935257,0.732980966567993,-2.35766434669495,3.05736446380615,-1.70930242538452,K,12
OUTPUT,NaN,NaN,NaN,NaN,NaN,NaN

INPUT,0.378127574920654,0.040049996227026,0.744218289852142,-2.39113450050354,3.04894280433655,-1.67445313930511,K,13
OUTPUT,NaN,NaN,NaN,NaN,NaN,NaN

INPUT,0.383769512176514,0.0405756011605263,0.755455613136292,-2.42473196983337,3.04062914848328,-1.63970458507538,K,14
OUTPUT,NaN,NaN,NaN,NaN,NaN,NaN

INPUT,0.389411449432373,0.0411012098193169,0.766692936420441,-2.45843076705933,3.0324330329895,-1.60502886772156,K,15
OUTPUT,NaN,NaN,NaN,NaN,NaN,NaN

INPUT,0.394489198923111,0.0415742546319962,0.776806533336639,-2.48883080482483,3.02516508102417,-1.57386600971222,K,16
OUTPUT,NaN,NaN,NaN,NaN,NaN,NaN

INPUT,0.398438543081284,0.0419421792030334,0.784672677516937,-2.51251554489136,3.01958823204041,-1.54965054988861,K,17
OUTPUT,NaN,NaN,NaN,NaN,NaN,NaN

INPUT,0.401259511709213,0.0422049835324287,0.790291368961334,-2.52945232391357,3.01564717292786,-1.53236317634583,K,18
OUTPUT,NaN,NaN,NaN,NaN,NaN,NaN

INPUT,0.4029521048069,0.0423626638948917,0.793662548065186,-2.53962159156799,3.01330018043518,-1.52199387550354,K,19
OUTPUT,NaN,NaN,NaN,NaN,NaN,NaN

INPUT,0.403516292572021,0.0424152240157127,0.794786274433136,-2.54301261901855,3.0125207901001,-1.51853787899017,K,20
OUTPUT,NaN,NaN,NaN,NaN,NaN,NaN

INPUT,0.368650436401367,0.0395195782184601,0.71610552072525,-2.54457187652588,3.06593298912048,-1.8125456571579,K,4
OUTPUT,NaN,NaN,NaN,NaN,NaN,NaN

INPUT,0.377909362316132,0.0406005010008812,0.731505215167999,-2.61935901641846,3.05170702934265,-1.72987258434296,K,5
OUTPUT,NaN,NaN,NaN,NaN,NaN,NaN

INPUT,0.387168288230896,0.0416814237833023,0.746904969215393,-2.69525718688965,3.03803658485413,-1.6482115983963,K,6
OUTPUT,NaN,NaN,NaN,NaN,NaN,NaN

INPUT,0.394369691610336,0.0425221435725689,0.758882522583008,-2.75479555130005,3.02784299850464,-1.58512926101685,K,7
OUTPUT,NaN,NaN,NaN,NaN,NaN,NaN

INPUT,0.39951354265213,0.0431226566433907,0.767437875270844,-2.79752397537231,3.02082061767578,-1.54022896289825,K,8
OUTPUT,NaN,NaN,NaN,NaN,NaN,NaN

INPUT,0.402599841356277,0.0434829629957676,0.77257114648819,-2.82322764396667,3.01671743392944,-1.51333796977997,K,9
OUTPUT,NaN,NaN,NaN,NaN,NaN,NaN

INPUT,0.373160481452942,0.0423127114772797,0.730672836303711,-2.174720287323,3.06811046600342,-1.48188662528992,K,5
OUTPUT,NaN,NaN,NaN,NaN,NaN,NaN

INPUT,0.381788730621338,0.0436324402689934,0.746152520179749,-2.23076891899109,3.05673933029175,-1.41513180732727,K,6
OUTPUT,NaN,NaN,NaN,NaN,NaN,NaN

INPUT,0.388499617576599,0.044658899307251,0.758192241191864,-2.27527189254761,3.04811263084412,-1.36408078670502,K,7
OUTPUT,NaN,NaN,NaN,NaN,NaN,NaN

INPUT,0.393293112516403,0.0453920848667622,0.766791999340057,-2.30741500854492,3.04207944869995,-1.3279482126236,K,8
OUTPUT,NaN,NaN,NaN,NaN,NaN,NaN

INPUT,0.396169185638428,0.0458319932222366,0.771951913833618,-2.32681727409363,3.03851461410522,-1.30637490749359,K,9
OUTPUT,NaN,NaN,NaN,NaN,NaN,NaN

INPUT,0.361315071582794,0.041184164583683,0.726032495498657,-2.01025867462158,3.1070282459259,-1.75625717639923,K,4
OUTPUT,NaN,NaN,NaN,NaN,NaN,NaN

INPUT,0.367373108863831,0.0423390679061413,0.739308714866638,-2.02652740478516,3.1019606590271,-1.72620046138763,K,5
OUTPUT,NaN,NaN,NaN,NaN,NaN,NaN

INPUT,0.373431146144867,0.0434939712285995,0.752584993839264,-2.04435896873474,3.09691286087036,-1.69770216941833,K,6
OUTPUT,NaN,NaN,NaN,NaN,NaN,NaN

INPUT,0.378142952919006,0.0443922281265259,0.762910962104797,-2.05898094177246,3.09300589561462,-1.67631828784943,K,7
OUTPUT,NaN,NaN,NaN,NaN,NaN,NaN

INPUT,0.381508529186249,0.0450338423252106,0.770286679267883,-2.06972742080688,3.09022808074951,-1.6613757610321,K,8
OUTPUT,NaN,NaN,NaN,NaN,NaN,NaN

INPUT,0.383527874946594,0.0454188100993633,0.774712085723877,-2.07627367973328,3.08856701850891,-1.65252470970154,K,9
OUTPUT,NaN,NaN,NaN,NaN,NaN,NaN

INPUT,0.367264926433563,0.0381706468760967,0.71631133556366,-2.32118797302246,3.06536793708801,-1.7568541765213,K,4
OUTPUT,NaN,NaN,NaN,NaN,NaN,NaN

INPUT,0.376297920942307,0.0389102473855019,0.731834053993225,-2.37889981269836,3.05087065696716,-1.69288206100464,K,5
OUTPUT,NaN,NaN,NaN,NaN,NaN,NaN

INPUT,0.38533091545105,0.0396498516201973,0.747356712818146,-2.43750596046448,3.03670811653137,-1.62972509860992,K,6
OUTPUT,NaN,NaN,NaN,NaN,NaN,NaN

INPUT,0.392356604337692,0.0402250960469246,0.759429931640625,-2.48349976539612,3.02595829963684,-1.5809531211853,K,7
OUTPUT,NaN,NaN,NaN,NaN,NaN,NaN

INPUT,0.397374927997589,0.040635984390974,0.768053650856018,-2.516517162323,3.01843690872192,-1.54624509811401,K,8
OUTPUT,NaN,NaN,NaN,NaN,NaN,NaN

INPUT,0.400385946035385,0.040882520377636,0.77322793006897,-2.5363826751709,3.01399111747742,-1.5254602432251,K,9
OUTPUT,NaN,NaN,NaN,NaN,NaN,NaN

INPUT,0.358024120330811,0.0322840437293053,0.733487665653229,0.759333670139313,3.10695552825928,1.40454280376434,K,12
OUTPUT,NaN,NaN,NaN,NaN,NaN,NaN

INPUT,0.36214417219162,0.0320476070046425,0.744777679443359,0.723819673061371,3.10337615013123,1.43693959712982,K,13
OUTPUT,NaN,NaN,NaN,NaN,NaN,NaN

INPUT,0.366264224052429,0.0318111702799797,0.756067633628845,0.688569009304047,3.09984064102173,1.46960437297821,K,14
OUTPUT,NaN,NaN,NaN,NaN,NaN,NaN

INPUT,0.370384275913239,0.0315747298300266,0.767357587814331,0.653516530990601,3.09635329246521,1.5024721622467,K,15
OUTPUT,NaN,NaN,NaN,NaN,NaN,NaN

INPUT,0.374092310667038,0.0313619375228882,0.777518570423126,0.62210077047348,3.09325885772705,1.53218936920166,K,16
OUTPUT,NaN,NaN,NaN,NaN,NaN,NaN

INPUT,0.376976370811462,0.0311964303255081,0.785421550273895,0.597736001014709,3.09088325500488,1.55537545681,K,17
OUTPUT,NaN,NaN,NaN,NaN,NaN,NaN

INPUT,0.379036396741867,0.0310782119631767,0.791066527366638,0.580364227294922,3.08920407295227,1.57197034358978,K,18
OUTPUT,NaN,NaN,NaN,NaN,NaN,NaN

INPUT,0.380272388458252,0.0310072805732489,0.794453501701355,0.569952607154846,3.08820366859436,1.58193945884705,K,19
OUTPUT,NaN,NaN,NaN,NaN,NaN,NaN

INPUT,0.380684405565262,0.0309836361557245,0.79558253288269,0.566483795642853,3.08787131309509,1.58526432514191,K,20
OUTPUT,NaN,NaN,NaN,NaN,NaN,NaN

INPUT,0.354741334915161,0.0322528220713139,0.73333740234375,0.525349080562592,3.12488555908203,1.50254476070404,K,12
OUTPUT,NaN,NaN,NaN,NaN,NaN,NaN

INPUT,0.358515828847885,0.0320130884647369,0.74461156129837,0.470926403999329,3.12320446968079,1.55096864700317,K,13
OUTPUT,NaN,NaN,NaN,NaN,NaN,NaN

INPUT,0.362290292978287,0.03177335485816,0.755885779857635,0.41699942946434,3.12157201766968,1.59988963603973,K,14
OUTPUT,NaN,NaN,NaN,NaN,NaN,NaN

INPUT,0.366064757108688,0.0315336212515831,0.767159938812256,0.363443672657013,3.11999249458313,1.64918375015259,K,15
OUTPUT,NaN,NaN,NaN,NaN,NaN,NaN

INPUT,0.369461804628372,0.0313178636133671,0.77730667591095,0.315489143133163,3.11861944198608,1.69379556179047,K,16
OUTPUT,NaN,NaN,NaN,NaN,NaN,NaN

INPUT,0.372103929519653,0.0311500485986471,0.785198628902435,0.278320848941803,3.11758518218994,1.72862422466278,K,17
OUTPUT,NaN,NaN,NaN,NaN,NaN,NaN

INPUT,0.373991161584854,0.0310301817953587,0.790835678577423,0.251831024885178,3.11686563491821,1.75356125831604,K,18
OUTPUT,NaN,NaN,NaN,NaN,NaN,NaN

INPUT,0.375123500823975,0.0309582632035017,0.794217944145203,0.235958218574524,3.11644148826599,1.76854467391968,K,19
OUTPUT,NaN,NaN,NaN,NaN,NaN,NaN

INPUT,0.375500947237015,0.0309342890977859,0.795345366001129,0.230670511722565,3.11630153656006,1.77354252338409,K,20
OUTPUT,NaN,NaN,NaN,NaN,NaN,NaN

INPUT,0.354533016681671,0.0336291342973709,0.733335435390472,0.738161325454712,3.10859775543213,1.49993336200714,K,12
OUTPUT,NaN,NaN,NaN,NaN,NaN,NaN

INPUT,0.358285427093506,0.0335344225168228,0.744609355926514,0.696339726448059,3.1052417755127,1.53829288482666,K,13
OUTPUT,NaN,NaN,NaN,NaN,NaN,NaN

INPUT,0.362037867307663,0.033439714461565,0.7558833360672,0.654806315898895,3.10194396972656,1.57694518566132,K,14
OUTPUT,NaN,NaN,NaN,NaN,NaN,NaN

INPUT,0.36579030752182,0.0333450026810169,0.767157316207886,0.613489627838135,3.09871006011963,1.61581969261169,K,15
OUTPUT,NaN,NaN,NaN,NaN,NaN,NaN

INPUT,0.369167506694794,0.0332597643136978,0.777303874492645,0.576448380947113,3.09585809707642,1.65095508098602,K,16
OUTPUT,NaN,NaN,NaN,NaN,NaN,NaN

INPUT,0.371794193983078,0.0331934653222561,0.785195648670197,0.547714710235596,3.09368085861206,1.67836201190948,K,17
OUTPUT,NaN,NaN,NaN,NaN,NaN,NaN

INPUT,0.373670428991318,0.033146109431982,0.79083263874054,0.527225196361542,3.09214878082275,1.69797492027283,K,18
OUTPUT,NaN,NaN,NaN,NaN,NaN,NaN

INPUT,0.374796152114868,0.0331176966428757,0.79421478509903,0.514943957328796,3.0912389755249,1.70975565910339,K,19
OUTPUT,NaN,NaN,NaN,NaN,NaN,NaN

INPUT,0.375171393156052,0.033108226954937,0.795342206954956,0.510852098464966,3.09093737602234,1.7136846780777,K,20
OUTPUT,NaN,NaN,NaN,NaN,NaN,NaN

INPUT,0.372714966535568,0.0463836193084717,0.720950901508331,-2.22553396224976,3.05166125297546,-1.73106455802917,K,11
OUTPUT,NaN,NaN,NaN,NaN,NaN,NaN

INPUT,0.379047900438309,0.0477779246866703,0.732095181941986,-2.25388526916504,3.04142308235168,-1.70117485523224,K,12
OUTPUT,NaN,NaN,NaN,NaN,NaN,NaN

INPUT,0.385380804538727,0.0491722263395786,0.743239521980286,-2.28239345550537,3.03126978874207,-1.67141246795654,K,13
OUTPUT,NaN,NaN,NaN,NaN,NaN,NaN

INPUT,0.391713738441467,0.050566527992487,0.754383862018585,-2.31102323532104,3.02120995521545,-1.64173901081085,K,14
OUTPUT,NaN,NaN,NaN,NaN,NaN,NaN

INPUT,0.398046642541885,0.0519608333706856,0.76552814245224,-2.33975076675415,3.0112521648407,-1.61212801933289,K,15
OUTPUT,NaN,NaN,NaN,NaN,NaN,NaN

INPUT,0.403746277093887,0.0532157048583031,0.775558054447174,-2.36567521095276,3.00238442420959,-1.58551561832428,K,16
OUTPUT,NaN,NaN,NaN,NaN,NaN,NaN

INPUT,0.408179312944412,0.0541917197406292,0.783359050750732,-2.38587832450867,2.99555325508118,-1.56483483314514,K,17
OUTPUT,NaN,NaN,NaN,NaN,NaN,NaN

INPUT,0.411345779895782,0.0548888705670834,0.788931250572205,-2.40032863616943,2.99071097373962,-1.55006957054138,K,18
OUTPUT,NaN,NaN,NaN,NaN,NaN,NaN

INPUT,0.413245648145676,0.0553071610629559,0.792274534702301,-2.40900611877441,2.98782086372375,-1.54121279716492,K,19
OUTPUT,NaN,NaN,NaN,NaN,NaN,NaN

INPUT,0.413878947496414,0.0554465912282467,0.793388962745667,-2.41189980506897,2.98686003684998,-1.53826081752777,K,20
OUTPUT,NaN,NaN,NaN,NaN,NaN,NaN

INPUT,0.370667338371277,0.0440702587366104,0.720206379890442,-2.39305591583252,3.03947973251343,-1.82627844810486,K,11
OUTPUT,NaN,NaN,NaN,NaN,NaN,NaN

INPUT,0.376759022474289,0.0451924465596676,0.731262922286987,-2.42588591575623,3.02794408798218,-1.79231703281403,K,12
OUTPUT,NaN,NaN,NaN,NaN,NaN,NaN

INPUT,0.382850706577301,0.0463146343827248,0.742319464683533,-2.45884156227112,3.01653504371643,-1.75843751430511,K,13
OUTPUT,NaN,NaN,NaN,NaN,NaN,NaN

INPUT,0.388942390680313,0.0474368184804916,0.753376007080078,-2.49189734458923,3.00526523590088,-1.72461104393005,K,14
OUTPUT,NaN,NaN,NaN,NaN,NaN,NaN

INPUT,0.395034074783325,0.0485590063035488,0.764432549476624,-2.52503728866577,2.99414753913879,-1.69081735610962,K,15
OUTPUT,NaN,NaN,NaN,NaN,NaN,NaN

INPUT,0.40051656961441,0.0495689772069454,0.774383425712585,-2.55492568016052,2.98428201675415,-1.66041898727417,K,16
OUTPUT,NaN,NaN,NaN,NaN,NaN,NaN

INPUT,0.404780745506287,0.0503545068204403,0.782123029232025,-2.57820916175842,2.97670674324036,-1.63678073883057,K,17
OUTPUT,NaN,NaN,NaN,NaN,NaN,NaN

INPUT,0.407826602458954,0.0509155988693237,0.787651300430298,-2.5948588848114,2.971351146698,-1.61989676952362,K,18
OUTPUT,NaN,NaN,NaN,NaN,NaN,NaN

INPUT,0.40965411067009,0.051252257078886,0.790968239307404,-2.60485553741455,2.96816039085388,-1.6097663640976,K,19
OUTPUT,NaN,NaN,NaN,NaN,NaN,NaN

INPUT,0.410263270139694,0.0513644739985466,0.792073905467987,-2.60818910598755,2.96710062026978,-1.60638952255249,K,20
OUTPUT,NaN,NaN,NaN,NaN,NaN,NaN

INPUT,0.373222231864929,0.0450398661196232,0.716097235679626,-2.21965193748474,3.05082941055298,-1.74007833003998,K,4
OUTPUT,NaN,NaN,NaN,NaN,NaN,NaN

INPUT,0.383376151323318,0.0472506694495678,0.73132598400116,-2.27014422416687,3.03337240219116,-1.68592703342438,K,5
OUTPUT,NaN,NaN,NaN,NaN,NaN,NaN

INPUT,0.393530070781708,0.0494614727795124,0.746554672718048,-2.32119035720825,3.01621079444885,-1.63223123550415,K,6
OUTPUT,NaN,NaN,NaN,NaN,NaN,NaN

INPUT,0.401427537202835,0.0511809885501862,0.758399188518524,-2.36097168922424,3.00315761566162,-1.59084558486938,K,7
OUTPUT,NaN,NaN,NaN,NaN,NaN,NaN

INPUT,0.407068610191345,0.0524092130362988,0.766859591007233,-2.38931488990784,2.99402952194214,-1.56153440475464,K,8
OUTPUT,NaN,NaN,NaN,NaN,NaN,NaN

INPUT,0.410453259944916,0.0531461462378502,0.771935820579529,-2.40626287460327,2.98864078521729,-1.54406344890594,K,9
OUTPUT,NaN,NaN,NaN,NaN,NaN,NaN

INPUT,0.364588141441345,0.0324357077479362,0.73768949508667,0.733403861522675,3.10338878631592,1.44929707050323,K,5
OUTPUT,NaN,NaN,NaN,NaN,NaN,NaN

INPUT,0.370709031820297,0.032120443880558,0.751341342926025,0.671645104885101,3.09764623641968,1.49729800224304,K,6
OUTPUT,NaN,NaN,NaN,NaN,NaN,NaN

INPUT,0.37546968460083,0.0318752340972424,0.761959493160248,0.624955594539642,3.09329056739807,1.53556394577026,K,7
OUTPUT,NaN,NaN,NaN,NaN,NaN,NaN

INPUT,0.378870189189911,0.0317000895738602,0.769543886184692,0.592259347438812,3.09025239944458,1.56314396858215,K,8
OUTPUT,NaN,NaN,NaN,NaN,NaN,NaN

INPUT,0.380910485982895,0.0315949991345406,0.774094521999359,0.572896063327789,3.08846235275269,1.57973289489746,K,9
OUTPUT,NaN,NaN,NaN,NaN,NaN,NaN

INPUT,0.360660403966904,0.0321200788021088,0.737377405166626,0.477719664573669,3.12370610237122,1.56130957603455,K,5
OUTPUT,NaN,NaN,NaN,NaN,NaN,NaN

INPUT,0.366180241107941,0.0317348204553127,0.75104820728302,0.38732847571373,3.12091159820557,1.63625586032867,K,6
OUTPUT,NaN,NaN,NaN,NaN,NaN,NaN

INPUT,0.370473474264145,0.0314351767301559,0.761681020259857,0.318306475877762,3.11883401870728,1.69583261013031,K,7
OUTPUT,NaN,NaN,NaN,NaN,NaN,NaN

INPUT,0.373540043830872,0.0312211476266384,0.769275844097137,0.269491851329803,3.11740684509277,1.73887622356415,K,8
OUTPUT,NaN,NaN,NaN,NaN,NaN,NaN

INPUT,0.375380009412766,0.0310927275568247,0.77383279800415,0.240358725190163,3.11657476425171,1.76485872268677,K,9
OUTPUT,NaN,NaN,NaN,NaN,NaN,NaN

INPUT,0.360581636428833,0.033874399960041,0.737288773059845,0.703060626983643,3.10534358024597,1.54812550544739,K,5
OUTPUT,NaN,NaN,NaN,NaN,NaN,NaN

INPUT,0.366151958703995,0.0337768197059631,0.750997245311737,0.632799804210663,3.10000014305115,1.6066483259201,K,6
OUTPUT,NaN,NaN,NaN,NaN,NaN,NaN

INPUT,0.370484441518784,0.0337009280920029,0.761659383773804,0.579085171222687,3.09596133232117,1.65310835838318,K,7
OUTPUT,NaN,NaN,NaN,NaN,NaN,NaN

INPUT,0.373579055070877,0.0336467176675797,0.769275188446045,0.541080892086029,3.09314560890198,1.68666291236877,K,8
OUTPUT,NaN,NaN,NaN,NaN,NaN,NaN

INPUT,0.375435829162598,0.0336141884326935,0.773844718933105,0.518396139144897,3.09148573875427,1.70691585540771,K,9
OUTPUT,NaN,NaN,NaN,NaN,NaN,NaN

INPUT,0.370901733636856,0.0428848266601563,0.715232014656067,-2.38514804840088,3.03909277915955,-1.83433711528778,K,4
OUTPUT,NaN,NaN,NaN,NaN,NaN,NaN

INPUT,0.380529522895813,0.0446621030569077,0.730358779430389,-2.44379734992981,3.01937770843506,-1.77381956577301,K,5
OUTPUT,NaN,NaN,NaN,NaN,NaN,NaN

INPUT,0.390157371759415,0.0464393831789494,0.745485544204712,-2.50277495384216,3.0000958442688,-1.71348810195923,K,6
OUTPUT,NaN,NaN,NaN,NaN,NaN,NaN

INPUT,0.397645652294159,0.0478217117488384,0.757250845432281,-2.54881572723389,2.98544263839722,-1.66662275791168,K,7
OUTPUT,NaN,NaN,NaN,NaN,NaN,NaN

INPUT,0.402994453907013,0.0488090887665749,0.765654623508453,-2.58177804946899,2.97517991065979,-1.63315939903259,K,8
OUTPUT,NaN,NaN,NaN,NaN,NaN,NaN

INPUT,0.406203716993332,0.049401517957449,0.770696878433228,-2.6015830039978,2.96910929679871,-1.61308217048645,K,9
OUTPUT,NaN,NaN,NaN,NaN,NaN,NaN

INPUT,0.358599603176117,0.0397953614592552,0.733122885227203,-1.98697090148926,3.11779546737671,-1.68040955066681,K,12
OUTPUT,NaN,NaN,NaN,NaN,NaN,NaN

INPUT,0.362779676914215,0.0403495579957962,0.74437540769577,-2.00013279914856,3.11537384986877,-1.66124653816223,K,13
OUTPUT,NaN,NaN,NaN,NaN,NaN,NaN

INPUT,0.366959720849991,0.0409037545323372,0.755627930164337,-2.01378035545349,3.11296272277832,-1.64261889457703,K,14
OUTPUT,NaN,NaN,NaN,NaN,NaN,NaN

INPUT,0.371139794588089,0.0414579510688782,0.766880452632904,-2.02778482437134,3.11056399345398,-1.62441492080688,K,15
OUTPUT,NaN,NaN,NaN,NaN,NaN,NaN

INPUT,0.374901831150055,0.0419567301869392,0.777007699012756,-2.04061675071716,3.10841727256775,-1.60832941532135,K,16
OUTPUT,NaN,NaN,NaN,NaN,NaN,NaN

INPUT,0.377827882766724,0.0423446670174599,0.784884512424469,-2.05071091651917,3.10675621032715,-1.59598660469055,K,17
OUTPUT,NaN,NaN,NaN,NaN,NaN,NaN

INPUT,0.379917919635773,0.0426217690110207,0.790510773658752,-2.05796980857849,3.1055748462677,-1.58725142478943,K,18
OUTPUT,NaN,NaN,NaN,NaN,NaN,NaN

INPUT,0.381171941757202,0.0427880249917507,0.793886482715607,-2.06234169006348,3.10486817359924,-1.58204054832458,K,19
OUTPUT,NaN,NaN,NaN,NaN,NaN,NaN

INPUT,0.381589949131012,0.0428434461355209,0.795011758804321,-2.06380128860474,3.10463285446167,-1.58030843734741,K,20
OUTPUT,NaN,NaN,NaN,NaN,NaN,NaN

INPUT,0.361667901277542,0.0355070121586323,0.734254837036133,-2.68633937835693,3.13423132896423,-1.66002309322357,K,12
OUTPUT,NaN,NaN,NaN,NaN,NaN,NaN

INPUT,0.366171270608902,0.0356098413467407,0.745625674724579,-2.73389148712158,3.13362646102905,-1.5995626449585,K,13
OUTPUT,NaN,NaN,NaN,NaN,NaN,NaN

INPUT,0.370674639940262,0.0357126668095589,0.75699645280838,-2.78233957290649,3.13304471969604,-1.53999781608582,K,14
OUTPUT,NaN,NaN,NaN,NaN,NaN,NaN

INPUT,0.375178009271622,0.0358154959976673,0.768367350101471,-2.83148288726807,3.13248777389526,-1.48112821578979,K,15
OUTPUT,NaN,NaN,NaN,NaN,NaN,NaN

INPUT,0.379231035709381,0.0359080396592617,0.778601109981537,-2.87618470191956,3.13200902938843,-1.42861795425415,K,16
OUTPUT,NaN,NaN,NaN,NaN,NaN,NaN

INPUT,0.38238337635994,0.0359800197184086,0.786560654640198,-2.91120767593384,3.13165211677551,-1.38803160190582,K,17
OUTPUT,NaN,NaN,NaN,NaN,NaN,NaN

INPUT,0.38463506102562,0.0360314324498177,0.792246103286743,-2.93634152412415,3.13140559196472,-1.35915863513947,K,18
OUTPUT,NaN,NaN,NaN,NaN,NaN,NaN

INPUT,0.385986059904099,0.0360622815787792,0.795657336711884,-2.95146441459656,3.13126134872437,-1.34187710285187,K,19
OUTPUT,NaN,NaN,NaN,NaN,NaN,NaN

INPUT,0.386436402797699,0.036072563380003,0.796794414520264,-2.95651197433472,3.13121390342712,-1.33612334728241,K,20
OUTPUT,NaN,NaN,NaN,NaN,NaN,NaN

INPUT,0.356095463037491,0.0308832265436649,0.734219193458557,0.826296865940094,3.12257266044617,1.42319297790527,K,12
OUTPUT,NaN,NaN,NaN,NaN,NaN,NaN

INPUT,0.360011279582977,0.0304990410804749,0.745588302612305,0.79156905412674,3.12055730819702,1.4512802362442,K,13
OUTPUT,NaN,NaN,NaN,NaN,NaN,NaN

INPUT,0.363927125930786,0.0301148574799299,0.756957471370697,0.757418692111969,3.11856269836426,1.47994613647461,K,14
OUTPUT,NaN,NaN,NaN,NaN,NaN,NaN

INPUT,0.367842942476273,0.029730673879385,0.768326640129089,0.723702728748322,3.11659073829651,1.50904786586761,K,15
OUTPUT,NaN,NaN,NaN,NaN,NaN,NaN

INPUT,0.371367186307907,0.029384907335043,0.778558850288391,0.693646669387817,3.11483669281006,1.53552901744843,K,16
OUTPUT,NaN,NaN,NaN,NaN,NaN,NaN

INPUT,0.374108284711838,0.029115978628397,0.786517262458801,0.670422792434692,3.11348724365234,1.55627954006195,K,17
OUTPUT,NaN,NaN,NaN,NaN,NaN,NaN

INPUT,0.376066207885742,0.0289238858968019,0.792201817035675,0.653904020786285,3.11253142356873,1.57117164134979,K,18
OUTPUT,NaN,NaN,NaN,NaN,NaN,NaN

INPUT,0.37724095582962,0.028808631002903,0.795612573623657,0.64401787519455,3.11196136474609,1.58013212680817,K,19
OUTPUT,NaN,NaN,NaN,NaN,NaN,NaN

INPUT,0.377632528543472,0.0287702120840549,0.796749472618103,0.640726327896118,3.11177206039429,1.58312284946442,K,20
OUTPUT,NaN,NaN,NaN,NaN,NaN,NaN

INPUT,0.378055244684219,0.0390381328761578,0.720769703388214,-2.67656540870667,3.03426861763,-1.93204140663147,K,11
OUTPUT,NaN,NaN,NaN,NaN,NaN,NaN

INPUT,0.385016322135925,0.0395685508847237,0.731891810894012,-2.72008562088013,3.02244305610657,-1.88780009746552,K,12
OUTPUT,NaN,NaN,NaN,NaN,NaN,NaN

INPUT,0.391977399587631,0.0400989726185799,0.743013918399811,-2.76370096206665,3.01084637641907,-1.84359264373779,K,13
OUTPUT,NaN,NaN,NaN,NaN,NaN,NaN

INPUT,0.398938477039337,0.0406293906271458,0.754136025905609,-2.80739688873291,2.9995014667511,-1.79940009117126,K,14
OUTPUT,NaN,NaN,NaN,NaN,NaN,NaN

INPUT,0.405899584293365,0.041159812361002,0.765258133411407,-2.8511643409729,2.98843002319336,-1.75520873069763,K,15
OUTPUT,NaN,NaN,NaN,NaN,NaN,NaN

INPUT,0.412164568901062,0.0416371896862984,0.775268018245697,-2.89061093330383,2.9787175655365,-1.71542918682098,K,16
OUTPUT,NaN,NaN,NaN,NaN,NaN,NaN

INPUT,0.417037308216095,0.0420084819197655,0.783053517341614,-2.92132592201233,2.97133874893188,-1.68448114395142,K,17
OUTPUT,NaN,NaN,NaN,NaN,NaN,NaN

INPUT,0.420517861843109,0.0422736927866936,0.788614571094513,-2.94328260421753,2.96616625785828,-1.66236960887909,K,18
OUTPUT,NaN,NaN,NaN,NaN,NaN,NaN

INPUT,0.42260617017746,0.0424328185617924,0.791951179504395,-2.95646357536316,2.96310353279114,-1.64910018444061,K,19
OUTPUT,NaN,NaN,NaN,NaN,NaN,NaN

INPUT,0.423302292823792,0.0424858592450619,0.793063402175903,-2.96085858345032,2.96208930015564,-1.64467644691467,K,20
OUTPUT,NaN,NaN,NaN,NaN,NaN,NaN

INPUT,0.360890775918961,0.036219134926796,0.722857654094696,-2.27721118927002,3.110023021698,-1.74376964569092,K,11
OUTPUT,NaN,NaN,NaN,NaN,NaN,NaN

INPUT,0.365832179784775,0.0364178195595741,0.734226286411285,-2.30648708343506,3.10650205612183,-1.71030008792877,K,12
OUTPUT,NaN,NaN,NaN,NaN,NaN,NaN

INPUT,0.370773583650589,0.0366165079176426,0.74559485912323,-2.33614587783813,3.1030158996582,-1.67720937728882,K,13
OUTPUT,NaN,NaN,NaN,NaN,NaN,NaN

INPUT,0.375714987516403,0.0368151925504208,0.756963431835175,-2.36608958244324,3.09956741333008,-1.64439976215363,K,14
OUTPUT,NaN,NaN,NaN,NaN,NaN,NaN

INPUT,0.380656391382217,0.0370138809084892,0.768332064151764,-2.39625191688538,3.09616017341614,-1.61180412769318,K,15
OUTPUT,NaN,NaN,NaN,NaN,NaN,NaN

INPUT,0.385103642940521,0.0371926985681057,0.778563797473907,-2.42354559898376,3.09313178062439,-1.58261132240295,K,16
OUTPUT,NaN,NaN,NaN,NaN,NaN,NaN

INPUT,0.388562649488449,0.0373317785561085,0.786521792411804,-2.44485306739807,3.09080290794373,-1.5599821805954,K,17
OUTPUT,NaN,NaN,NaN,NaN,NaN,NaN

INPUT,0.391033351421356,0.0374311208724976,0.792206108570099,-2.46010947227478,3.08915448188782,-1.54385352134705,K,18
OUTPUT,NaN,NaN,NaN,NaN,NaN,NaN

INPUT,0.392515748739243,0.0374907292425632,0.795616686344147,-2.46927618980408,3.08817148208618,-1.5341888666153,K,19
OUTPUT,NaN,NaN,NaN,NaN,NaN,NaN

INPUT,0.393009901046753,0.0375105962157249,0.796753525733948,-2.47233414649963,3.08784484863281,-1.53096926212311,K,20
OUTPUT,NaN,NaN,NaN,NaN,NaN,NaN

INPUT,0.364730596542358,0.041121568530798,0.722328960895538,-2.46648263931274,3.07776427268982,-1.75135457515717,K,11
OUTPUT,NaN,NaN,NaN,NaN,NaN,NaN

INPUT,0.370123147964478,0.0418968051671982,0.733636736869812,-2.50759077072144,3.07073569297791,-1.70828747749329,K,12
OUTPUT,NaN,NaN,NaN,NaN,NaN,NaN

INPUT,0.375515699386597,0.0426720380783081,0.744944453239441,-2.54888463020325,3.06383228302002,-1.66538536548615,K,13
OUTPUT,NaN,NaN,NaN,NaN,NaN,NaN

INPUT,0.380908221006393,0.043447270989418,0.75625216960907,-2.59031963348389,3.05706691741943,-1.62260222434998,K,14
OUTPUT,NaN,NaN,NaN,NaN,NaN,NaN

INPUT,0.386300772428513,0.044222503900528,0.767559945583344,-2.63186550140381,3.05045104026794,-1.57990598678589,K,15
OUTPUT,NaN,NaN,NaN,NaN,NaN,NaN

INPUT,0.391154050827026,0.0449202172458172,0.777736902236938,-2.66933393478394,3.0446343421936,-1.54153490066528,K,16
OUTPUT,NaN,NaN,NaN,NaN,NaN,NaN

INPUT,0.394928842782974,0.0454628802835941,0.785652339458466,-2.69851851463318,3.04020619392395,-1.51171898841858,K,17
OUTPUT,NaN,NaN,NaN,NaN,NaN,NaN

INPUT,0.397625088691711,0.0458504967391491,0.79130619764328,-2.71938514709473,3.03709697723389,-1.49043405056,K,18
OUTPUT,NaN,NaN,NaN,NaN,NaN,NaN

INPUT,0.399242848157883,0.0460830666124821,0.794698536396027,-2.73191237449646,3.03525352478027,-1.47766721248627,K,19
OUTPUT,NaN,NaN,NaN,NaN,NaN,NaN

INPUT,0.399782121181488,0.0461605899035931,0.795829296112061,-2.73608946800232,3.03464269638062,-1.47341227531433,K,20
OUTPUT,NaN,NaN,NaN,NaN,NaN,NaN

INPUT,0.362353205680847,0.0372525490820408,0.722527146339417,-2.30510878562927,3.10106897354126,-1.92566251754761,K,11
OUTPUT,NaN,NaN,NaN,NaN,NaN,NaN

INPUT,0.367466986179352,0.0375727340579033,0.733856678009033,-2.32602214813232,3.09646415710449,-1.90194475650787,K,12
OUTPUT,NaN,NaN,NaN,NaN,NaN,NaN

INPUT,0.372580736875534,0.0378929190337658,0.745186150074005,-2.34719681739807,3.09188175201416,-1.87848389148712,K,13
OUTPUT,NaN,NaN,NaN,NaN,NaN,NaN

INPUT,0.377694487571716,0.0382131077349186,0.756515681743622,-2.36856651306152,3.08732414245605,-1.85521304607391,K,14
OUTPUT,NaN,NaN,NaN,NaN,NaN,NaN

INPUT,0.382808238267899,0.0385332927107811,0.767845213413239,-2.39008593559265,3.08279347419739,-1.83208620548248,K,15
OUTPUT,NaN,NaN,NaN,NaN,NaN,NaN

INPUT,0.38741061091423,0.0388214588165283,0.778041779994965,-2.40955471992493,3.07874083518982,-1.81136834621429,K,16
OUTPUT,NaN,NaN,NaN,NaN,NaN,NaN

INPUT,0.390990257263184,0.0390455909073353,0.785972476005554,-2.42475152015686,3.07560610771179,-1.79530549049377,K,17
OUTPUT,NaN,NaN,NaN,NaN,NaN,NaN

INPUT,0.393547117710114,0.0392056815326214,0.791637241840363,-2.43563199043274,3.07337689399719,-1.78385543823242,K,18
OUTPUT,NaN,NaN,NaN,NaN,NaN,NaN

INPUT,0.395081251859665,0.0393017381429672,0.79503607749939,-2.44216918945313,3.07204341888428,-1.77699363231659,K,19
OUTPUT,NaN,NaN,NaN,NaN,NaN,NaN

INPUT,0.395592629909515,0.0393337570130825,0.79616904258728,-2.44434976577759,3.07159948348999,-1.77470779418945,K,20
OUTPUT,NaN,NaN,NaN,NaN,NaN,NaN

INPUT,0.378764033317566,0.0383831039071083,0.717245757579803,-2.66571807861328,3.03445291519165,-1.94124805927277,K,4
OUTPUT,NaN,NaN,NaN,NaN,NaN,NaN

INPUT,0.389623761177063,0.0392992235720158,0.73210608959198,-2.74361610412598,3.01411938667297,-1.86280941963196,K,5
OUTPUT,NaN,NaN,NaN,NaN,NaN,NaN

INPUT,0.400483459234238,0.0402153432369232,0.746966421604156,-2.82168698310852,2.99456334114075,-1.78434467315674,K,6
OUTPUT,NaN,NaN,NaN,NaN,NaN,NaN

INPUT,0.408929914236069,0.04092787951231,0.758524417877197,-2.88251662254333,2.97996807098389,-1.72327303886414,K,7
OUTPUT,NaN,NaN,NaN,NaN,NaN,NaN

INPUT,0.414963066577911,0.0414368361234665,0.766780138015747,-2.92602181434631,2.96990609169006,-1.67961978912354,K,8
OUTPUT,NaN,NaN,NaN,NaN,NaN,NaN

INPUT,0.41858297586441,0.0417422093451023,0.771733582019806,-2.95214676856995,2.96402359008789,-1.65341413021088,K,9
OUTPUT,NaN,NaN,NaN,NaN,NaN,NaN

INPUT,0.369703710079193,0.0361470989882946,0.732680916786194,-2.33362746238708,3.10354042053223,-1.70219898223877,K,5
OUTPUT,NaN,NaN,NaN,NaN,NaN,NaN

INPUT,0.377790570259094,0.0363979861140251,0.748557448387146,-2.38255429267883,3.09772610664368,-1.63877630233765,K,6
OUTPUT,NaN,NaN,NaN,NaN,NaN,NaN

INPUT,0.384080350399017,0.0365931242704391,0.760905861854553,-2.42160224914551,3.0933198928833,-1.59088456630707,K,7
OUTPUT,NaN,NaN,NaN,NaN,NaN,NaN

INPUT,0.388573080301285,0.0367325060069561,0.769726157188416,-2.44975447654724,3.09024953842163,-1.55737268924713,K,8
OUTPUT,NaN,NaN,NaN,NaN,NaN,NaN

INPUT,0.391268700361252,0.0368161350488663,0.775018334388733,-2.46668815612793,3.0884416103363,-1.53753650188446,K,9
OUTPUT,NaN,NaN,NaN,NaN,NaN,NaN

INPUT,0.365227669477463,0.0405124761164188,0.716776013374329,-2.46638870239258,3.07751417160034,-1.76979768276215,K,4
OUTPUT,NaN,NaN,NaN,NaN,NaN,NaN

INPUT,0.373855143785477,0.0417846329510212,0.732437968254089,-2.53623580932617,3.06552243232727,-1.68989741802216,K,5
OUTPUT,NaN,NaN,NaN,NaN,NaN,NaN

INPUT,0.382482618093491,0.0430567897856236,0.748099982738495,-2.60746717453003,3.05395555496216,-1.61131417751312,K,6
OUTPUT,NaN,NaN,NaN,NaN,NaN,NaN

INPUT,0.389192849397659,0.0440462455153465,0.760281562805176,-2.66349411010742,3.04529476165771,-1.55076777935028,K,7
OUTPUT,NaN,NaN,NaN,NaN,NaN,NaN

INPUT,0.393985897302628,0.0447530001401901,0.768982708454132,-2.70375871658325,3.03930640220642,-1.50773644447327,K,8
OUTPUT,NaN,NaN,NaN,NaN,NaN,NaN

INPUT,0.396861732006073,0.045177049934864,0.774203360080719,-2.72799777984619,3.03579783439636,-1.48198580741882,K,9
OUTPUT,NaN,NaN,NaN,NaN,NaN,NaN

INPUT,0.358938455581665,0.0391862355172634,0.724354565143585,-2.00262689590454,3.11768531799316,-1.71568691730499,K,4
OUTPUT,NaN,NaN,NaN,NaN,NaN,NaN

INPUT,0.364841878414154,0.0399819910526276,0.737767457962036,-2.01538395881653,3.11420321464539,-1.67636072635651,K,5
OUTPUT,NaN,NaN,NaN,NaN,NaN,NaN

INPUT,0.370745271444321,0.0407777465879917,0.751180350780487,-2.03113436698914,3.11073565483093,-1.64002525806427,K,6
OUTPUT,NaN,NaN,NaN,NaN,NaN,NaN

INPUT,0.375336796045303,0.0413966700434685,0.761612594127655,-2.044837474823,3.10805416107178,-1.61326086521149,K,7
OUTPUT,NaN,NaN,NaN,NaN,NaN,NaN

INPUT,0.378616452217102,0.0418387576937675,0.76906418800354,-2.0552134513855,3.10614943504333,-1.59477484226227,K,8
OUTPUT,NaN,NaN,NaN,NaN,NaN,NaN

INPUT,0.380584269762039,0.0421040095388889,0.773535192012787,-2.06163287162781,3.10501146316528,-1.58390009403229,K,9
OUTPUT,NaN,NaN,NaN,NaN,NaN,NaN

INPUT,0.362436383962631,0.035464309155941,0.72636878490448,-2.7084014415741,3.13348722457886,-1.74438524246216,K,4
OUTPUT,NaN,NaN,NaN,NaN,NaN,NaN

INPUT,0.368735313415527,0.0356152057647705,0.73971700668335,-2.76986885070801,3.13279557228088,-1.63210761547089,K,5
OUTPUT,NaN,NaN,NaN,NaN,NaN,NaN

INPUT,0.375034272670746,0.0357661023736,0.753065288066864,-2.83489894866943,3.13216519355774,-1.52339231967926,K,6
OUTPUT,NaN,NaN,NaN,NaN,NaN,NaN

INPUT,0.379933446645737,0.035883467644453,0.763447284698486,-2.88731980323792,3.13172125816345,-1.44067752361298,K,7
OUTPUT,NaN,NaN,NaN,NaN,NaN,NaN

INPUT,0.3834328353405,0.0359672978520393,0.770862936973572,-2.92554235458374,3.13143038749695,-1.38237428665161,K,8
OUTPUT,NaN,NaN,NaN,NaN,NaN,NaN

INPUT,0.38553249835968,0.0360175967216492,0.77531236410141,-2.94873976707458,3.13126659393311,-1.34765613079071,K,9
OUTPUT,NaN,NaN,NaN,NaN,NaN,NaN

INPUT,0.362278819084167,0.0307437088340521,0.738573133945465,0.812860250473022,3.12074327468872,1.47497820854187,K,5
OUTPUT,NaN,NaN,NaN,NaN,NaN,NaN

INPUT,0.367978245019913,0.0301615782082081,0.752319872379303,0.747780084609985,3.11744141578674,1.51137387752533,K,6
OUTPUT,NaN,NaN,NaN,NaN,NaN,NaN

INPUT,0.372411161661148,0.0297088120132685,0.763011753559113,0.699797213077545,3.11492395401001,1.54198575019836,K,7
OUTPUT,NaN,NaN,NaN,NaN,NaN,NaN

INPUT,0.375577509403229,0.0293854065239429,0.770648777484894,0.666649878025055,3.11315989494324,1.56465351581573,K,8
OUTPUT,NaN,NaN,NaN,NaN,NaN,NaN

INPUT,0.377477318048477,0.0291913617402315,0.775231003761292,0.647160172462463,3.11211705207825,1.57848274707794,K,9
OUTPUT,NaN,NaN,NaN,NaN,NaN,NaN

INPUT,0.371356993913651,0.0372301638126373,0.732380867004395,-2.34200358390808,3.09274506568909,-1.89310467243195,K,5
OUTPUT,NaN,NaN,NaN,NaN,NaN,NaN

INPUT,0.379695802927017,0.0376641340553761,0.74816220998764,-2.37827801704407,3.0850236415863,-1.84964299201965,K,6
OUTPUT,NaN,NaN,NaN,NaN,NaN,NaN

INPUT,0.386181533336639,0.0380016639828682,0.760436594486237,-2.40703153610229,3.07909488677979,-1.81653106212616,K,7
OUTPUT,NaN,NaN,NaN,NaN,NaN,NaN

INPUT,0.390814214944839,0.0382427573204041,0.769204080104828,-2.42773389816284,3.07491135597229,-1.7931969165802,K,8
OUTPUT,NaN,NaN,NaN,NaN,NaN,NaN

INPUT,0.393593817949295,0.0383874103426933,0.77446448802948,-2.44019269943237,3.07242441177368,-1.77931547164917,K,9
OUTPUT,NaN,NaN,NaN,NaN,NaN,NaN

INPUT,0.36026930809021,0.0359755605459213,0.721493721008301,-2.37023019790649,3.11418843269348,-1.78838908672333,K,11
OUTPUT,NaN,NaN,NaN,NaN,NaN,NaN

INPUT,0.365137547254562,0.0361456349492073,0.7327019572258,-2.40222454071045,3.11116647720337,-1.75194621086121,K,12
OUTPUT,NaN,NaN,NaN,NaN,NaN,NaN

INPUT,0.370005816221237,0.036315705627203,0.743910133838654,-2.43462038040161,3.10817980766296,-1.71590185165405,K,13
OUTPUT,NaN,NaN,NaN,NaN,NaN,NaN

INPUT,0.374874085187912,0.0364857763051987,0.755118310451508,-2.46731567382813,3.10523247718811,-1.68015336990356,K,14
OUTPUT,NaN,NaN,NaN,NaN,NaN,NaN

INPUT,0.379742354154587,0.0366558507084846,0.766326487064362,-2.50024032592773,3.10232734680176,-1.64463067054749,K,15
OUTPUT,NaN,NaN,NaN,NaN,NaN,NaN

INPUT,0.384123802185059,0.0368089154362679,0.776413857936859,-2.53002738952637,3.0997519493103,-1.61281168460846,K,16
OUTPUT,NaN,NaN,NaN,NaN,NaN,NaN

INPUT,0.387531578540802,0.0369279645383358,0.784259617328644,-2.55327796936035,3.09777617454529,-1.58814442157745,K,17
OUTPUT,NaN,NaN,NaN,NaN,NaN,NaN

INPUT,0.389965713024139,0.0370130017399788,0.789863705635071,-2.56992411613464,3.09638023376465,-1.57056200504303,K,18
OUTPUT,NaN,NaN,NaN,NaN,NaN,NaN

INPUT,0.391426205635071,0.0370640233159065,0.793226182460785,-2.5799252986908,3.0955491065979,-1.56002593040466,K,19
OUTPUT,NaN,NaN,NaN,NaN,NaN,NaN

INPUT,0.391913026571274,0.037081029266119,0.794346988201141,-2.58326148986816,3.0952730178833,-1.55651593208313,K,20
OUTPUT,NaN,NaN,NaN,NaN,NaN,NaN

INPUT,0.365596145391464,0.0392026156187057,0.721679449081421,-2.33273410797119,3.07574439048767,-1.68848764896393,K,11
OUTPUT,NaN,NaN,NaN,NaN,NaN,NaN

INPUT,0.371091604232788,0.0397523194551468,0.732908546924591,-2.36968040466309,3.06840372085571,-1.64960086345673,K,12
OUTPUT,NaN,NaN,NaN,NaN,NaN,NaN

INPUT,0.376587003469467,0.0403020232915878,0.744137585163116,-2.4068124294281,3.06116843223572,-1.610879778862,K,13
OUTPUT,NaN,NaN,NaN,NaN,NaN,NaN

INPUT,0.382082432508469,0.0408517271280289,0.755366623401642,-2.44408559799194,3.05404853820801,-1.57227790355682,K,14
OUTPUT,NaN,NaN,NaN,NaN,NaN,NaN

INPUT,0.38757786154747,0.0414014309644699,0.766595721244812,-2.48146986961365,3.04705452919006,-1.53376340866089,K,15
OUTPUT,NaN,NaN,NaN,NaN,NaN,NaN

INPUT,0.392523765563965,0.0418961644172668,0.776701867580414,-2.51519250869751,3.04087567329407,-1.49915635585785,K,16
OUTPUT,NaN,NaN,NaN,NaN,NaN,NaN

INPUT,0.396370559930801,0.0422809571027756,0.784562230110168,-2.54146409034729,3.03615093231201,-1.47226786613464,K,17
OUTPUT,NaN,NaN,NaN,NaN,NaN,NaN

INPUT,0.399118274450302,0.0425558090209961,0.790176749229431,-2.56024980545044,3.03282117843628,-1.45307409763336,K,18
OUTPUT,NaN,NaN,NaN,NaN,NaN,NaN

INPUT,0.400766879320145,0.0427207201719284,0.793545484542847,-2.571528673172,3.03084230422974,-1.44156217575073,K,19
OUTPUT,NaN,NaN,NaN,NaN,NaN,NaN

INPUT,0.401316434144974,0.0427756905555725,0.79466837644577,-2.57528972625732,3.03018569946289,-1.43772542476654,K,20
OUTPUT,NaN,NaN,NaN,NaN,NaN,NaN

INPUT,0.362505942583084,0.0326975807547569,0.73371285200119,-2.20334482192993,3.13606977462769,-1.83542847633362,K,12
OUTPUT,NaN,NaN,NaN,NaN,NaN,NaN

INPUT,0.367121338844299,0.032500833272934,0.745012223720551,-2.2176685333252,3.13555574417114,-1.81090474128723,K,13
OUTPUT,NaN,NaN,NaN,NaN,NaN,NaN

INPUT,0.371736735105515,0.032304085791111,0.756311595439911,-2.23275637626648,3.13504481315613,-1.78723299503326,K,14
OUTPUT,NaN,NaN,NaN,NaN,NaN,NaN

INPUT,0.37635213136673,0.032107338309288,0.767610967159271,-2.24841618537903,3.13453769683838,-1.76425004005432,K,15
OUTPUT,NaN,NaN,NaN,NaN,NaN,NaN

INPUT,0.380505979061127,0.0319302640855312,0.777780413627625,-2.2628800868988,3.13408517837524,-1.74405813217163,K,16
OUTPUT,NaN,NaN,NaN,NaN,NaN,NaN

INPUT,0.38373675942421,0.0317925401031971,0.785690009593964,-2.27431702613831,3.13373589515686,-1.72863459587097,K,17
OUTPUT,NaN,NaN,NaN,NaN,NaN,NaN

INPUT,0.386044442653656,0.0316941663622856,0.791339695453644,-2.28256702423096,3.13348793983459,-1.71775448322296,K,18
OUTPUT,NaN,NaN,NaN,NaN,NaN,NaN

INPUT,0.387429058551788,0.0316351391375065,0.79472953081131,-2.28754448890686,3.13333988189697,-1.71127796173096,K,19
OUTPUT,NaN,NaN,NaN,NaN,NaN,NaN

INPUT,0.387890607118607,0.0316154658794403,0.795859456062317,-2.28920769691467,3.1332905292511,-1.70912730693817,K,20
OUTPUT,NaN,NaN,NaN,NaN,NaN,NaN

INPUT,0.365720063447952,0.0386646650731564,0.721597909927368,-2.472651720047,3.1049120426178,-1.8572496175766,K,11
OUTPUT,NaN,NaN,NaN,NaN,NaN,NaN

INPUT,0.371229946613312,0.0391508899629116,0.732818245887756,-2.50738716125488,3.10085797309875,-1.81958973407745,K,12
OUTPUT,NaN,NaN,NaN,NaN,NaN,NaN

INPUT,0.376739829778671,0.0396371111273766,0.744038641452789,-2.54238867759705,3.09685707092285,-1.7821900844574,K,13
OUTPUT,NaN,NaN,NaN,NaN,NaN,NaN

INPUT,0.382249712944031,0.0401233322918415,0.755258917808533,-2.57758927345276,3.09291481971741,-1.74498307704926,K,14
OUTPUT,NaN,NaN,NaN,NaN,NaN,NaN

INPUT,0.38775959610939,0.0406095571815968,0.766479313373566,-2.6129424571991,3.089035987854,-1.70792162418365,K,15
OUTPUT,NaN,NaN,NaN,NaN,NaN,NaN

INPUT,0.392718464136124,0.0410471558570862,0.776577591896057,-2.64486360549927,3.08560395240784,-1.67466366291046,K,16
OUTPUT,NaN,NaN,NaN,NaN,NaN,NaN

INPUT,0.396575391292572,0.0413875132799149,0.7844318151474,-2.6697473526001,3.08297562599182,-1.64884793758392,K,17
OUTPUT,NaN,NaN,NaN,NaN,NaN,NaN

INPUT,0.399330347776413,0.0416306219995022,0.790041983127594,-2.68754720687866,3.08112096786499,-1.6304315328598,K,18
OUTPUT,NaN,NaN,NaN,NaN,NaN,NaN

INPUT,0.400983303785324,0.0417764894664288,0.793408095836639,-2.69823622703552,3.08001780509949,-1.61939013004303,K,19
OUTPUT,NaN,NaN,NaN,NaN,NaN,NaN

INPUT,0.401534289121628,0.0418251119554043,0.794530153274536,-2.70180082321167,3.07965159416199,-1.61571097373962,K,20
OUTPUT,NaN,NaN,NaN,NaN,NaN,NaN

INPUT,0.368916511535645,0.0359645783901215,0.730926394462585,-2.43209981918335,3.10859870910645,-1.74323487281799,K,5
OUTPUT,NaN,NaN,NaN,NaN,NaN,NaN

INPUT,0.376912504434586,0.0361898839473724,0.746565520763397,-2.48506307601929,3.10367441177368,-1.67457115650177,K,6
OUTPUT,NaN,NaN,NaN,NaN,NaN,NaN

INPUT,0.383131593465805,0.0363651216030121,0.75872927904129,-2.5275285243988,3.09993886947632,-1.62243032455444,K,7
OUTPUT,NaN,NaN,NaN,NaN,NaN,NaN

INPUT,0.387573808431625,0.0364902913570404,0.767417728900909,-2.55835795402527,3.09732675552368,-1.58567953109741,K,8
OUTPUT,NaN,NaN,NaN,NaN,NaN,NaN

INPUT,0.390239149332047,0.0365653932094574,0.77263081073761,-2.57701754570007,3.09578347206116,-1.5637891292572,K,9
OUTPUT,NaN,NaN,NaN,NaN,NaN,NaN

INPUT,0.366047561168671,0.0385003872215748,0.716076254844666,-2.33276081085205,3.07528376579285,-1.70553815364838,K,4
OUTPUT,NaN,NaN,NaN,NaN,NaN,NaN

INPUT,0.374886751174927,0.0393163003027439,0.731618762016296,-2.39547872543335,3.06280398368835,-1.63326251506805,K,5
OUTPUT,NaN,NaN,NaN,NaN,NaN,NaN

INPUT,0.383725941181183,0.040132213383913,0.747161269187927,-2.45952200889587,3.05068159103394,-1.56224703788757,K,6
OUTPUT,NaN,NaN,NaN,NaN,NaN,NaN

INPUT,0.390600830316544,0.040766816586256,0.759249866008759,-2.50993371009827,3.04153609275818,-1.50756299495697,K,7
OUTPUT,NaN,NaN,NaN,NaN,NaN,NaN

INPUT,0.395511507987976,0.0412201024591923,0.767884612083435,-2.54617857933044,3.03517079353333,-1.46871042251587,K,8
OUTPUT,NaN,NaN,NaN,NaN,NaN,NaN

INPUT,0.398457884788513,0.0414920710027218,0.773065447807312,-2.56800317764282,3.03142285346985,-1.44546449184418,K,9
OUTPUT,NaN,NaN,NaN,NaN,NaN,NaN

INPUT,0.375358939170837,0.0391068831086159,0.731369853019714,-2.53453183174133,3.09762716293335,-1.80599820613861,K,5
OUTPUT,NaN,NaN,NaN,NaN,NaN,NaN

INPUT,0.384378790855408,0.0398956947028637,0.746921360492706,-2.59379005432129,3.09096431732178,-1.73655533790588,K,6
OUTPUT,NaN,NaN,NaN,NaN,NaN,NaN

INPUT,0.391394227743149,0.0405092127621174,0.759016990661621,-2.64071846008301,3.08592486381531,-1.68336856365204,K,7
OUTPUT,NaN,NaN,NaN,NaN,NaN,NaN

INPUT,0.396405249834061,0.040947437286377,0.767656743526459,-2.67456555366516,3.08240962028503,-1.64569640159607,K,8
OUTPUT,NaN,NaN,NaN,NaN,NaN,NaN

INPUT,0.399411886930466,0.041210375726223,0.772840559482574,-2.69498038291931,3.08033657073975,-1.62319600582123,K,9
OUTPUT,NaN,NaN,NaN,NaN,NaN,NaN

INPUT,0.363065719604492,0.0327898524701595,0.725586175918579,-2.29368352890015,3.13537526130676,-1.9488822221756,K,4
OUTPUT,NaN,NaN,NaN,NaN,NaN,NaN

INPUT,0.369608074426651,0.0324458926916122,0.738893985748291,-2.28516507148743,3.13482403755188,-1.87798476219177,K,5
OUTPUT,NaN,NaN,NaN,NaN,NaN,NaN

INPUT,0.376150459051132,0.0321019366383553,0.752201795578003,-2.28264045715332,3.13427042961121,-1.81308102607727,K,6
OUTPUT,NaN,NaN,NaN,NaN,NaN,NaN

INPUT,0.381238967180252,0.0318344160914421,0.762552380561829,-2.28400325775146,3.13384032249451,-1.76600396633148,K,7
OUTPUT,NaN,NaN,NaN,NaN,NaN,NaN

INPUT,0.384873598814011,0.0316433310508728,0.769945621490479,-2.28646230697632,3.13353419303894,-1.73393952846527,K,8
OUTPUT,NaN,NaN,NaN,NaN,NaN,NaN

INPUT,0.38705438375473,0.031528677791357,0.774381518363953,-2.28846073150635,3.13335132598877,-1.71526408195496,K,9
OUTPUT,NaN,NaN,NaN,NaN,NaN,NaN

INPUT,0.357320070266724,0.0312042776495218,0.732158422470093,0.66483199596405,3.11122536659241,1.3155529499054,K,12
OUTPUT,NaN,NaN,NaN,NaN,NaN,NaN

INPUT,0.361364960670471,0.0308538936078548,0.743310749530792,0.628829121589661,3.10806894302368,1.34803867340088,K,13
OUTPUT,NaN,NaN,NaN,NaN,NaN,NaN

INPUT,0.365409880876541,0.0305035095661879,0.754463136196136,0.593125522136688,3.10495162010193,1.38082718849182,K,14
OUTPUT,NaN,NaN,NaN,NaN,NaN,NaN

INPUT,0.369454801082611,0.030153127387166,0.765615522861481,0.557647347450256,3.10187745094299,1.41384494304657,K,15
OUTPUT,NaN,NaN,NaN,NaN,NaN,NaN

INPUT,0.373095214366913,0.0298377815634012,0.775652647018433,0.525866329669952,3.09915018081665,1.44371390342712,K,16
OUTPUT,NaN,NaN,NaN,NaN,NaN,NaN

INPUT,0.375926673412323,0.0295925140380859,0.783459305763245,0.501226902008057,3.09705662727356,1.46702694892883,K,17
OUTPUT,NaN,NaN,NaN,NaN,NaN,NaN

INPUT,0.377949118614197,0.0294173210859299,0.789035499095917,0.483663529157639,3.09557700157166,1.48371660709381,K,18
OUTPUT,NaN,NaN,NaN,NaN,NaN,NaN

INPUT,0.379162609577179,0.0293122064322233,0.792381167411804,0.473138391971588,3.09469556808472,1.49374389648438,K,19
OUTPUT,NaN,NaN,NaN,NaN,NaN,NaN

INPUT,0.379567086696625,0.0292771682143211,0.793496429920197,0.469632029533386,3.09440279006958,1.49708843231201,K,20
OUTPUT,NaN,NaN,NaN,NaN,NaN,NaN

INPUT,0.353989541530609,0.0309248231351376,0.733005821704865,0.915835082530975,3.1054310798645,1.57028031349182,K,12
OUTPUT,NaN,NaN,NaN,NaN,NaN,NaN

INPUT,0.35768386721611,0.0305449143052101,0.744247257709503,0.879397630691528,3.10170984268188,1.60272908210754,K,13
OUTPUT,NaN,NaN,NaN,NaN,NaN,NaN

INPUT,0.361378163099289,0.0301650073379278,0.755488634109497,0.843296229839325,3.09803557395935,1.63551890850067,K,14
OUTPUT,NaN,NaN,NaN,NaN,NaN,NaN

INPUT,0.36507248878479,0.0297850985080004,0.766730070114136,0.807448089122772,3.09441304206848,1.66856777667999,K,15
OUTPUT,NaN,NaN,NaN,NaN,NaN,NaN

INPUT,0.368397384881973,0.0294431801885366,0.776847362518311,0.775353074073792,3.09120035171509,1.69848489761353,K,16
OUTPUT,NaN,NaN,NaN,NaN,NaN,NaN

INPUT,0.370983392000198,0.0291772447526455,0.784716367721558,0.750479519367218,3.0887348651886,1.72184646129608,K,17
OUTPUT,NaN,NaN,NaN,NaN,NaN,NaN

INPUT,0.37283056974411,0.0289872903376818,0.790337085723877,0.732753336429596,3.08699250221252,1.73857569694519,K,18
OUTPUT,NaN,NaN,NaN,NaN,NaN,NaN

INPUT,0.373938858509064,0.0288733169436455,0.793709516525269,0.722132086753845,3.08595490455627,1.74862861633301,K,19
OUTPUT,NaN,NaN,NaN,NaN,NaN,NaN

INPUT,0.374308288097382,0.0288353264331818,0.794833660125732,0.718593955039978,3.08561038970947,1.75198197364807,K,20
OUTPUT,NaN,NaN,NaN,NaN,NaN,NaN

INPUT,0.383408635854721,0.0342960990965366,0.706684470176697,-2.71993279457092,2.97764563560486,-2.00163722038269,K,10
OUTPUT,NaN,NaN,NaN,NaN,NaN,NaN

INPUT,0.392043173313141,0.0342602357268333,0.717392444610596,-2.76801824569702,2.95701742172241,-1.95344889163971,K,11
OUTPUT,NaN,NaN,NaN,NaN,NaN,NaN

INPUT,0.400677710771561,0.0342243723571301,0.728100478649139,-2.81620478630066,2.93681502342224,-1.9051798582077,K,12
OUTPUT,NaN,NaN,NaN,NaN,NaN,NaN

INPUT,0.40931224822998,0.0341885127127171,0.738808453083038,-2.864497423172,2.91708636283875,-1.85681903362274,K,13
OUTPUT,NaN,NaN,NaN,NaN,NaN,NaN

INPUT,0.417946755886078,0.0341526493430138,0.749516487121582,-2.91290187835693,2.89787888526917,-1.80835747718811,K,14
OUTPUT,NaN,NaN,NaN,NaN,NaN,NaN

INPUT,0.426581293344498,0.0341167859733105,0.760224461555481,-2.96142268180847,2.87923860549927,-1.75978779792786,K,15
OUTPUT,NaN,NaN,NaN,NaN,NaN,NaN

INPUT,0.434352368116379,0.0340845100581646,0.76986163854599,-3.00519442558289,2.8629846572876,-1.71597754955292,K,16
OUTPUT,NaN,NaN,NaN,NaN,NaN,NaN

INPUT,0.440396547317505,0.0340594053268433,0.777357280254364,-3.03930854797363,2.85070657730103,-1.68183636665344,K,17
OUTPUT,NaN,NaN,NaN,NaN,NaN,NaN

INPUT,0.444713801145554,0.0340414755046368,0.782711267471313,-3.06371331214905,2.84214067459106,-1.65741360187531,K,18
OUTPUT,NaN,NaN,NaN,NaN,NaN,NaN

INPUT,0.447304159402847,0.0340307168662548,0.785923659801483,-3.07837152481079,2.83708500862122,-1.64274501800537,K,19
OUTPUT,NaN,NaN,NaN,NaN,NaN,NaN

INPUT,0.448167622089386,0.0340271294116974,0.786994457244873,-3.08326005935669,2.83541417121887,-1.63785314559937,K,20
OUTPUT,NaN,NaN,NaN,NaN,NaN,NaN

INPUT,0.363131254911423,0.0418421626091003,0.723067700862885,-2.13437795639038,3.10944509506226,-1.70429921150208,K,11
OUTPUT,NaN,NaN,NaN,NaN,NaN,NaN

INPUT,0.368335664272308,0.0427021123468876,0.734462440013885,-2.15726256370544,3.10581541061401,-1.67659938335419,K,12
OUTPUT,NaN,NaN,NaN,NaN,NaN,NaN

INPUT,0.373540043830872,0.0435620620846748,0.745857179164886,-2.18059110641479,3.10220861434937,-1.64934027194977,K,13
OUTPUT,NaN,NaN,NaN,NaN,NaN,NaN

INPUT,0.378744423389435,0.0444220118224621,0.757251918315887,-2.20425033569336,3.09862685203552,-1.62240815162659,K,14
OUTPUT,NaN,NaN,NaN,NaN,NaN,NaN

INPUT,0.383948802947998,0.0452819615602493,0.768646657466888,-2.22816228866577,3.09507250785828,-1.59572505950928,K,15
OUTPUT,NaN,NaN,NaN,NaN,NaN,NaN

INPUT,0.388632774353027,0.0460559166967869,0.778901934623718,-2.24985384941101,3.09189891815186,-1.57187724113464,K,16
OUTPUT,NaN,NaN,NaN,NaN,NaN,NaN

INPUT,0.392275840044022,0.046657882630825,0.786878228187561,-2.26681661605835,3.08944821357727,-1.55341815948486,K,17
OUTPUT,NaN,NaN,NaN,NaN,NaN,NaN

INPUT,0.394878029823303,0.0470878593623638,0.792575597763062,-2.27897500991821,3.08770775794983,-1.54027390480042,K,18
OUTPUT,NaN,NaN,NaN,NaN,NaN,NaN

INPUT,0.396439343690872,0.0473458431661129,0.79599404335022,-2.28628540039063,3.08666753768921,-1.53240203857422,K,19
OUTPUT,NaN,NaN,NaN,NaN,NaN,NaN

INPUT,0.396959781646729,0.0474318377673626,0.797133505344391,-2.28872442245483,3.08632135391235,-1.52978038787842,K,20
OUTPUT,NaN,NaN,NaN,NaN,NaN,NaN

INPUT,0.34706062078476,0.0218253862112761,0.743332386016846,0.63520735502243,3.03516983985901,1.38682413101196,K,13
OUTPUT,NaN,NaN,NaN,NaN,NaN,NaN

INPUT,0.349744081497192,0.0206154491752386,0.754484713077545,0.598928153514862,3.02550840377808,1.42226099967957,K,14
OUTPUT,NaN,NaN,NaN,NaN,NaN,NaN

INPUT,0.352427572011948,0.019405510276556,0.765637099742889,0.562692999839783,3.01599597930908,1.45778214931488,K,15
OUTPUT,NaN,NaN,NaN,NaN,NaN,NaN

INPUT,0.354842692613602,0.0183165669441223,0.775674223899841,0.530106246471405,3.00757241249084,1.4898122549057,K,16
OUTPUT,NaN,NaN,NaN,NaN,NaN,NaN

INPUT,0.356721103191376,0.0174696110188961,0.783480823040009,0.50477135181427,3.00111675262451,1.51475989818573,K,17
OUTPUT,NaN,NaN,NaN,NaN,NaN,NaN

INPUT,0.358062833547592,0.0168646425008774,0.789057016372681,0.486678630113602,2.99655961990356,1.53259706497192,K,18
OUTPUT,NaN,NaN,NaN,NaN,NaN,NaN

INPUT,0.358867883682251,0.0165016613900661,0.792402684688568,0.475823849439621,2.99384760856628,1.54330587387085,K,19
OUTPUT,NaN,NaN,NaN,NaN,NaN,NaN

INPUT,0.35913622379303,0.0163806676864624,0.79351794719696,0.472205758094788,2.9929473400116,1.54687666893005,K,20
OUTPUT,NaN,NaN,NaN,NaN,NaN,NaN

INPUT,0.385083705186844,0.0337891317903996,0.705805063247681,-2.73261737823486,2.97197389602661,-1.99917042255402,K,4
OUTPUT,NaN,NaN,NaN,NaN,NaN,NaN

INPUT,0.400189369916916,0.0337591022253036,0.722248435020447,-2.82418179512024,2.93301963806152,-1.90338242053986,K,5
OUTPUT,NaN,NaN,NaN,NaN,NaN,NaN

INPUT,0.415295034646988,0.0337290689349174,0.738691866397858,-2.91677141189575,2.89588761329651,-1.80787324905396,K,6
OUTPUT,NaN,NaN,NaN,NaN,NaN,NaN

INPUT,0.427043884992599,0.0337057113647461,0.751481175422668,-2.98934006690979,2.868483543396,-1.73356711864471,K,7
OUTPUT,NaN,NaN,NaN,NaN,NaN,NaN

INPUT,0.435435920953751,0.0336890295147896,0.760616362094879,-3.04143643379211,2.84979367256165,-1.68042421340942,K,8
OUTPUT,NaN,NaN,NaN,NaN,NaN,NaN

INPUT,0.440471142530441,0.0336790196597576,0.766097486019135,-3.07279229164124,2.83895969390869,-1.64850115776062,K,9
OUTPUT,NaN,NaN,NaN,NaN,NaN,NaN

INPUT,0.372486591339111,0.0426989793777466,0.733065366744995,-2.18146061897278,3.10271382331848,-1.67252504825592,K,5
OUTPUT,NaN,NaN,NaN,NaN,NaN,NaN

INPUT,0.381035268306732,0.0441032350063324,0.748940885066986,-2.218745470047,3.09670352935791,-1.61940634250641,K,6
OUTPUT,NaN,NaN,NaN,NaN,NaN,NaN

INPUT,0.387684255838394,0.045195434242487,0.761288523674011,-2.24896621704102,3.09210562705994,-1.57954132556915,K,7
OUTPUT,NaN,NaN,NaN,NaN,NaN,NaN

INPUT,0.392433553934097,0.0459755770862103,0.770108222961426,-2.27096366882324,3.08887267112732,-1.55170452594757,K,8
OUTPUT,NaN,NaN,NaN,NaN,NaN,NaN

INPUT,0.395283102989197,0.046443659812212,0.775400102138519,-2.28427386283875,3.0869562625885,-1.5352338552475,K,9
OUTPUT,NaN,NaN,NaN,NaN,NaN,NaN

INPUT,0.363649308681488,0.0311438478529453,0.736008822917938,0.637057363986969,3.10827374458313,1.35893154144287,K,5
OUTPUT,NaN,NaN,NaN,NaN,NaN,NaN

INPUT,0.36968258023262,0.0306255500763655,0.749512374401093,0.575150072574615,3.10314011573792,1.40777611732483,K,6
OUTPUT,NaN,NaN,NaN,NaN,NaN,NaN

INPUT,0.374375104904175,0.0302224289625883,0.76001513004303,0.528315305709839,3.09924650192261,1.44665539264679,K,7
OUTPUT,NaN,NaN,NaN,NaN,NaN,NaN

INPUT,0.377726942300797,0.029934486374259,0.76751708984375,0.495504111051559,3.09653091430664,1.47465014457703,K,8
OUTPUT,NaN,NaN,NaN,NaN,NaN,NaN

INPUT,0.379738003015518,0.0297617204487324,0.772018313407898,0.476068705320358,3.09493088722229,1.49147868156433,K,9
OUTPUT,NaN,NaN,NaN,NaN,NaN,NaN

INPUT,0.359922230243683,0.0310165155678988,0.73685884475708,0.888507843017578,3.10151815414429,1.61472249031067,K,5
OUTPUT,NaN,NaN,NaN,NaN,NaN,NaN

INPUT,0.365404486656189,0.0304965022951365,0.750541090965271,0.825609385967255,3.09562397003174,1.66315734386444,K,6
OUTPUT,NaN,NaN,NaN,NaN,NaN,NaN

INPUT,0.369668424129486,0.0300920456647873,0.76118278503418,0.778080761432648,3.09115862846375,1.70179057121277,K,7
OUTPUT,NaN,NaN,NaN,NaN,NaN,NaN

INPUT,0.372714102268219,0.0298031494021416,0.768783986568451,0.744811594486237,3.08804702758789,1.72964191436768,K,8
OUTPUT,NaN,NaN,NaN,NaN,NaN,NaN

INPUT,0.374541521072388,0.0296298116445541,0.773344755172729,0.725115239620209,3.08621501922607,1.74639558792114,K,9
OUTPUT,NaN,NaN,NaN,NaN,NaN,NaN

INPUT,0.351633101701736,0.0220751948654652,0.74156641960144,0.619270980358124,3.02986860275269,1.40857422351837,K,5
OUTPUT,NaN,NaN,NaN,NaN,NaN,NaN

INPUT,0.355283856391907,0.0205101780593395,0.753148376941681,0.565748810768127,3.01619529724121,1.45832431316376,K,6
OUTPUT,NaN,NaN,NaN,NaN,NaN,NaN

INPUT,0.358123302459717,0.0192929431796074,0.762156546115875,0.524533092975616,3.00583481788635,1.49713504314423,K,7
OUTPUT,NaN,NaN,NaN,NaN,NaN,NaN

INPUT,0.360151499509811,0.0184234883636236,0.768590986728668,0.495360314846039,2.99861001968384,1.52481007575989,K,8
OUTPUT,NaN,NaN,NaN,NaN,NaN,NaN

INPUT,0.361368417739868,0.0179018173366785,0.772451639175415,0.477978080511093,2.9943528175354,1.54136788845062,K,9
OUTPUT,NaN,NaN,NaN,NaN,NaN,NaN

INPUT,0.374110072851181,0.0343758687376976,0.72077476978302,-2.91310262680054,3.05628323554993,-1.93698215484619,K,11
OUTPUT,NaN,NaN,NaN,NaN,NaN,NaN

INPUT,0.380606651306152,0.0343577489256859,0.731898307800293,-2.97024536132813,3.04731607437134,-1.8791526556015,K,12
OUTPUT,NaN,NaN,NaN,NaN,NaN,NaN

INPUT,0.387103229761124,0.0343396291136742,0.743021786212921,-3.02747082710266,3.03866028785706,-1.82135796546936,K,13
OUTPUT,NaN,NaN,NaN,NaN,NaN,NaN

INPUT,0.393599808216095,0.0343215093016624,0.754145324230194,-3.0847647190094,3.03034424781799,-1.76358151435852,K,14
OUTPUT,NaN,NaN,NaN,NaN,NaN,NaN

INPUT,0.400096386671066,0.0343033894896507,0.765268802642822,3.14106774330139,3.02239584922791,-1.70581197738647,K,15
OUTPUT,NaN,NaN,NaN,NaN,NaN,NaN

INPUT,0.405943334102631,0.0342870801687241,0.775279998779297,3.08940553665161,3.0155782699585,-1.65381860733032,K,16
OUTPUT,NaN,NaN,NaN,NaN,NaN,NaN

INPUT,0.410490930080414,0.0342743992805481,0.78306645154953,3.04919695854187,3.01050853729248,-1.6133759021759,K,17
OUTPUT,NaN,NaN,NaN,NaN,NaN,NaN

INPUT,0.413739234209061,0.0342653393745422,0.788628220558167,3.02046346664429,3.00701689720154,-1.58448553085327,K,18
OUTPUT,NaN,NaN,NaN,NaN,NaN,NaN

INPUT,0.415688186883926,0.0342599004507065,0.791965246200562,3.00321817398071,3.00497508049011,-1.56714999675751,K,19
OUTPUT,NaN,NaN,NaN,NaN,NaN,NaN

INPUT,0.416337847709656,0.0342580899596214,0.79307758808136,2.99746870994568,3.00430345535278,-1.56137120723724,K,20
OUTPUT,NaN,NaN,NaN,NaN,NaN,NaN

INPUT,0.359989672899246,0.0344265513122082,0.722055435180664,-2.33514618873596,3.11157536506653,-1.76802325248718,K,11
OUTPUT,NaN,NaN,NaN,NaN,NaN,NaN

INPUT,0.364825069904327,0.0344141907989979,0.733329772949219,-2.36639165878296,3.10824823379517,-1.73256039619446,K,12
OUTPUT,NaN,NaN,NaN,NaN,NaN,NaN

INPUT,0.369660466909409,0.0344018302857876,0.744604051113129,-2.39801955223083,3.10495805740356,-1.69747650623322,K,13
OUTPUT,NaN,NaN,NaN,NaN,NaN,NaN

INPUT,0.37449586391449,0.0343894697725773,0.755878329277039,-2.42993307113647,3.10170865058899,-1.66267383098602,K,14
OUTPUT,NaN,NaN,NaN,NaN,NaN,NaN

INPUT,0.379331260919571,0.034377109259367,0.767152607440948,-2.46206498146057,3.09850335121155,-1.62808537483215,K,15
OUTPUT,NaN,NaN,NaN,NaN,NaN,NaN

INPUT,0.383683115243912,0.0343659855425358,0.777299463748932,-2.49113130569458,3.09565949440002,-1.59709942340851,K,16
OUTPUT,NaN,NaN,NaN,NaN,NaN,NaN

INPUT,0.387067884206772,0.0343573354184628,0.785191476345062,-2.51381754875183,3.09347605705261,-1.57307589054108,K,17
OUTPUT,NaN,NaN,NaN,NaN,NaN,NaN

INPUT,0.389485567808151,0.0343511551618576,0.79082864522934,-2.53005862236023,3.09193253517151,-1.55595123767853,K,18
OUTPUT,NaN,NaN,NaN,NaN,NaN,NaN

INPUT,0.390936195850372,0.0343474484980106,0.794210910797119,-2.53981637954712,3.09101295471191,-1.54568910598755,K,19
OUTPUT,NaN,NaN,NaN,NaN,NaN,NaN

INPUT,0.391419738531113,0.0343462117016315,0.795338332653046,-2.54307126998901,3.09070754051208,-1.54227030277252,K,20
OUTPUT,NaN,NaN,NaN,NaN,NaN,NaN

INPUT,0.369170427322388,0.0417883507907391,0.721214950084686,-2.24247217178345,3.0672333240509,-1.81765949726105,K,11
OUTPUT,NaN,NaN,NaN,NaN,NaN,NaN

INPUT,0.375085234642029,0.0426418706774712,0.732392072677612,-2.26653981208801,3.05873417854309,-1.79171824455261,K,12
OUTPUT,NaN,NaN,NaN,NaN,NaN,NaN

INPUT,0.381000071763992,0.043495386838913,0.743569195270538,-2.29079008102417,3.05028700828552,-1.76594197750092,K,13
OUTPUT,NaN,NaN,NaN,NaN,NaN,NaN

INPUT,0.386914879083633,0.0443489030003548,0.754746317863464,-2.31517839431763,3.04189658164978,-1.74028491973877,K,14
OUTPUT,NaN,NaN,NaN,NaN,NaN,NaN

INPUT,0.392829716205597,0.0452024191617966,0.76592344045639,-2.33967566490173,3.03356862068176,-1.71471548080444,K,15
OUTPUT,NaN,NaN,NaN,NaN,NaN,NaN

INPUT,0.398153036832809,0.0459705851972103,0.775982856750488,-2.36179852485657,3.02613091468811,-1.69175934791565,K,16
OUTPUT,NaN,NaN,NaN,NaN,NaN,NaN

INPUT,0.402293413877487,0.0465680472552776,0.78380686044693,-2.37904691696167,3.02038621902466,-1.6739330291748,K,17
OUTPUT,NaN,NaN,NaN,NaN,NaN,NaN

INPUT,0.40525084733963,0.0469948090612888,0.789395451545715,-2.39138722419739,3.01630568504333,-1.66121244430542,K,18
OUTPUT,NaN,NaN,NaN,NaN,NaN,NaN

INPUT,0.407025277614594,0.0472508631646633,0.7927485704422,-2.39879870414734,3.01386690139771,-1.65358436107635,K,19
OUTPUT,NaN,NaN,NaN,NaN,NaN,NaN

INPUT,0.407616764307022,0.0473362132906914,0.793866276741028,-2.40127038955688,3.01305532455444,-1.65104234218597,K,20
OUTPUT,NaN,NaN,NaN,NaN,NaN,NaN

INPUT,0.361829489469528,0.0323521643877029,0.733315110206604,-2.35694861412048,3.13587307929993,-1.79728174209595,K,12
OUTPUT,NaN,NaN,NaN,NaN,NaN,NaN

INPUT,0.366350144147873,0.0321228168904781,0.744587004184723,-2.37706279754639,3.13537120819092,-1.75850474834442,K,13
OUTPUT,NaN,NaN,NaN,NaN,NaN,NaN

INPUT,0.370870798826218,0.0318934693932533,0.755858838558197,-2.39856433868408,3.13487434387207,-1.72111511230469,K,14
OUTPUT,NaN,NaN,NaN,NaN,NaN,NaN

INPUT,0.375391453504562,0.0316641218960285,0.767130732536316,-2.42115497589111,3.13438272476196,-1.68481433391571,K,15
OUTPUT,NaN,NaN,NaN,NaN,NaN,NaN

INPUT,0.379460036754608,0.0314577110111713,0.777275383472443,-2.44223570823669,3.13394546508789,-1.65289294719696,K,16
OUTPUT,NaN,NaN,NaN,NaN,NaN,NaN

INPUT,0.382624506950378,0.0312971659004688,0.785165727138519,-2.45904040336609,3.13360905647278,-1.62847352027893,K,17
OUTPUT,NaN,NaN,NaN,NaN,NaN,NaN

INPUT,0.384884834289551,0.0311824921518564,0.790801644325256,-2.47123384475708,3.13337063789368,-1.61122107505798,K,18
OUTPUT,NaN,NaN,NaN,NaN,NaN,NaN

INPUT,0.386241018772125,0.031113687902689,0.794183194637299,-2.47861886024475,3.13322830200195,-1.60093867778778,K,19
OUTPUT,NaN,NaN,NaN,NaN,NaN,NaN

INPUT,0.386693090200424,0.0310907531529665,0.795310378074646,-2.48109149932861,3.13318109512329,-1.59752202033997,K,20
OUTPUT,NaN,NaN,NaN,NaN,NaN,NaN

INPUT,0.367107897996902,0.0448378063738346,0.720014929771423,-2.2102837562561,3.06125521659851,-1.6669442653656,K,11
OUTPUT,NaN,NaN,NaN,NaN,NaN,NaN

INPUT,0.372780859470367,0.0460502989590168,0.731049180030823,-2.24137473106384,3.05216336250305,-1.63405644893646,K,12
OUTPUT,NaN,NaN,NaN,NaN,NaN,NaN

INPUT,0.378453850746155,0.047262791544199,0.742083430290222,-2.27264356613159,3.04316282272339,-1.6013206243515,K,13
OUTPUT,NaN,NaN,NaN,NaN,NaN,NaN

INPUT,0.38412681221962,0.0484752804040909,0.753117620944977,-2.30404901504517,3.03426289558411,-1.56869316101074,K,14
OUTPUT,NaN,NaN,NaN,NaN,NaN,NaN

INPUT,0.389799803495407,0.0496877692639828,0.764151871204376,-2.33556246757507,3.02547264099121,-1.53614330291748,K,15
OUTPUT,NaN,NaN,NaN,NaN,NaN,NaN

INPUT,0.394905477762222,0.0507790111005306,0.774082660675049,-2.36400103569031,3.01766300201416,-1.50689697265625,K,16
OUTPUT,NaN,NaN,NaN,NaN,NaN,NaN

INPUT,0.398876577615738,0.0516277551651001,0.781806647777557,-2.38616275787354,3.01165962219238,-1.48417365550995,K,17
OUTPUT,NaN,NaN,NaN,NaN,NaN,NaN

INPUT,0.401713073253632,0.0522340014576912,0.787323772907257,-2.40201306343079,3.00741124153137,-1.46795272827148,K,18
OUTPUT,NaN,NaN,NaN,NaN,NaN,NaN

INPUT,0.403414964675903,0.0525977462530136,0.790634036064148,-2.4115309715271,3.00487852096558,-1.4582234621048,K,19
OUTPUT,NaN,NaN,NaN,NaN,NaN,NaN

INPUT,0.403982251882553,0.0527189970016479,0.79173743724823,-2.4147047996521,3.00403714179993,-1.45498085021973,K,20
OUTPUT,NaN,NaN,NaN,NaN,NaN,NaN

INPUT,0.359679073095322,0.0346296057105064,0.722453415393829,-2.17309284210205,3.12370824813843,-1.71487677097321,K,11
OUTPUT,NaN,NaN,NaN,NaN,NaN,NaN

INPUT,0.364478260278702,0.0346413478255272,0.733773589134216,-2.19620227813721,3.12172985076904,-1.68409955501556,K,12
OUTPUT,NaN,NaN,NaN,NaN,NaN,NaN

INPUT,0.369277477264404,0.0346530899405479,0.745093762874603,-2.22000455856323,3.11976552009583,-1.65401434898376,K,13
OUTPUT,NaN,NaN,NaN,NaN,NaN,NaN

INPUT,0.374076664447784,0.0346648320555687,0.75641393661499,-2.24432444572449,3.11781692504883,-1.62444543838501,K,14
OUTPUT,NaN,NaN,NaN,NaN,NaN,NaN

INPUT,0.378875881433487,0.0346765741705894,0.767734110355377,-2.26904106140137,3.11588549613953,-1.59527206420898,K,15
OUTPUT,NaN,NaN,NaN,NaN,NaN,NaN

INPUT,0.383195161819458,0.0346871428191662,0.77792227268219,-2.29155397415161,3.11416292190552,-1.56928265094757,K,16
OUTPUT,NaN,NaN,NaN,NaN,NaN,NaN

INPUT,0.386554598808289,0.0346953608095646,0.785846352577209,-2.30920767784119,3.11283421516418,-1.54921162128448,K,17
OUTPUT,NaN,NaN,NaN,NaN,NaN,NaN

INPUT,0.388954192399979,0.034701231867075,0.791506469249725,-2.3218834400177,3.11189150810242,-1.53494095802307,K,18
OUTPUT,NaN,NaN,NaN,NaN,NaN,NaN

INPUT,0.390393972396851,0.0347047559916973,0.794902503490448,-2.32951307296753,3.11132836341858,-1.52640223503113,K,19
OUTPUT,NaN,NaN,NaN,NaN,NaN,NaN

INPUT,0.39087387919426,0.0347059294581413,0.796034514904022,-2.33205986022949,3.11114096641541,-1.52355968952179,K,20
OUTPUT,NaN,NaN,NaN,NaN,NaN,NaN

INPUT,0.355403393507004,0.0299973431974649,0.733682990074158,0.996787428855896,3.11330842971802,1.43950581550598,K,12
OUTPUT,NaN,NaN,NaN,NaN,NaN,NaN

INPUT,0.359247177839279,0.0295201148837805,0.744994342327118,0.971188962459564,3.11031460762024,1.46049499511719,K,13
OUTPUT,NaN,NaN,NaN,NaN,NaN,NaN

INPUT,0.363090962171555,0.0290428902953863,0.756305634975433,0.945991039276123,3.10733771324158,1.4818868637085,K,14
OUTPUT,NaN,NaN,NaN,NaN,NaN,NaN

INPUT,0.36693474650383,0.028565663844347,0.767616987228394,0.921095430850983,3.10437941551208,1.5035834312439,K,15
OUTPUT,NaN,NaN,NaN,NaN,NaN,NaN

INPUT,0.370394170284271,0.028136158362031,0.777797162532806,0.898890614509583,3.10173392295837,1.52331387996674,K,16
OUTPUT,NaN,NaN,NaN,NaN,NaN,NaN

INPUT,0.3730848133564,0.027802100405097,0.785715103149414,0.881727159023285,3.09968852996826,1.53876829147339,K,17
OUTPUT,NaN,NaN,NaN,NaN,NaN,NaN

INPUT,0.37500673532486,0.0275634881108999,0.791370749473572,0.869516372680664,3.09823417663574,1.54985666275024,K,18
OUTPUT,NaN,NaN,NaN,NaN,NaN,NaN

INPUT,0.376159846782684,0.0274203196167946,0.794764161109924,0.862207412719727,3.09736442565918,1.55652749538422,K,19
OUTPUT,NaN,NaN,NaN,NaN,NaN,NaN

INPUT,0.376544237136841,0.0273725967854261,0.795895278453827,0.859773874282837,3.09707498550415,1.55875396728516,K,20
OUTPUT,NaN,NaN,NaN,NaN,NaN,NaN

INPUT,0.374598741531372,0.0344221815466881,0.716183125972748,-2.91633439064026,3.05727291107178,-1.96465516090393,K,4
OUTPUT,NaN,NaN,NaN,NaN,NaN,NaN

INPUT,0.384930312633514,0.0344828069210052,0.731293201446533,-3.01218032836914,3.04168558120728,-1.85619211196899,K,5
OUTPUT,NaN,NaN,NaN,NaN,NaN,NaN

INPUT,0.395261853933334,0.0345434360206127,0.746403336524963,-3.10976314544678,3.0271360874176,-1.74931192398071,K,6
OUTPUT,NaN,NaN,NaN,NaN,NaN,NaN

INPUT,0.403297513723373,0.0345905907452106,0.758155643939972,3.09674620628357,3.01663613319397,-1.66684877872467,K,7
OUTPUT,NaN,NaN,NaN,NaN,NaN,NaN

INPUT,0.409037262201309,0.034624271094799,0.766550183296204,3.04167366027832,3.00961518287659,-1.60818898677826,K,8
OUTPUT,NaN,NaN,NaN,NaN,NaN,NaN

INPUT,0.412481099367142,0.0346444807946682,0.771586894989014,3.00853109359741,3.00560522079468,-1.57306754589081,K,9
OUTPUT,NaN,NaN,NaN,NaN,NaN,NaN

INPUT,0.368577003479004,0.0340833216905594,0.731623351573944,-2.39495944976807,3.10545778274536,-1.72358214855194,K,5
OUTPUT,NaN,NaN,NaN,NaN,NaN,NaN

INPUT,0.376497834920883,0.0339716300368309,0.747370064258575,-2.44690752029419,3.10001492500305,-1.65694975852966,K,6
OUTPUT,NaN,NaN,NaN,NaN,NaN,NaN

INPUT,0.3826584815979,0.0338847562670708,0.759617507457733,-2.48851132392883,3.09588050842285,-1.6063152551651,K,7
OUTPUT,NaN,NaN,NaN,NaN,NaN,NaN

INPUT,0.387058943510056,0.0338227041065693,0.768365681171417,-2.51869678497314,3.09298586845398,-1.57061111927032,K,8
OUTPUT,NaN,NaN,NaN,NaN,NaN,NaN

INPUT,0.389699220657349,0.0337854735553265,0.773614585399628,-2.53696060180664,3.09127402305603,-1.54933881759644,K,9
OUTPUT,NaN,NaN,NaN,NaN,NaN,NaN

INPUT,0.369656145572662,0.0407781787216663,0.71589070558548,-2.2379834651947,3.06661319732666,-1.8255980014801,K,4
OUTPUT,NaN,NaN,NaN,NaN,NaN,NaN

INPUT,0.37920355796814,0.0420563817024231,0.731280863285065,-2.28064656257629,3.05211687088013,-1.77861750125885,K,5
OUTPUT,NaN,NaN,NaN,NaN,NaN,NaN

INPUT,0.388750970363617,0.0433345884084702,0.74667102098465,-2.32393741607666,3.03779983520508,-1.73220694065094,K,6
OUTPUT,NaN,NaN,NaN,NaN,NaN,NaN

INPUT,0.396176725625992,0.0443287454545498,0.758641123771667,-2.35778284072876,3.0268440246582,-1.69647514820099,K,7
OUTPUT,NaN,NaN,NaN,NaN,NaN,NaN

INPUT,0.401480853557587,0.0450388565659523,0.767191231250763,-2.38196110725403,3.01913809776306,-1.67115986347198,K,8
OUTPUT,NaN,NaN,NaN,NaN,NaN,NaN

INPUT,0.404663324356079,0.045464925467968,0.772321283817291,-2.39644718170166,3.01456880569458,-1.65605986118317,K,9
OUTPUT,NaN,NaN,NaN,NaN,NaN,NaN

INPUT,0.376569807529449,0.045602522790432,0.729663133621216,-2.26254034042358,3.04519128799438,-1.62013947963715,K,5
OUTPUT,NaN,NaN,NaN,NaN,NaN,NaN

INPUT,0.385700553655624,0.0475083626806736,0.744877934455872,-2.31672096252441,3.03004264831543,-1.56017076969147,K,6
OUTPUT,NaN,NaN,NaN,NaN,NaN,NaN

INPUT,0.392802238464355,0.0489906817674637,0.756711602210999,-2.35938119888306,3.01850819587708,-1.51398289203644,K,7
OUTPUT,NaN,NaN,NaN,NaN,NaN,NaN

INPUT,0.397874891757965,0.0500494800508022,0.765164256095886,-2.39005994796753,3.01041626930237,-1.48116064071655,K,8
OUTPUT,NaN,NaN,NaN,NaN,NaN,NaN

INPUT,0.400918453931808,0.0506847575306892,0.77023583650589,-2.40853595733643,3.00562381744385,-1.46152007579803,K,9
OUTPUT,NaN,NaN,NaN,NaN,NaN,NaN

INPUT,0.368409335613251,0.0344118289649487,0.73204904794693,-2.23028373718262,3.11984205245972,-1.68777322769165,K,5
OUTPUT,NaN,NaN,NaN,NaN,NaN,NaN

INPUT,0.376345366239548,0.0343590006232262,0.747887134552002,-2.2645857334137,3.11664390563965,-1.62582755088806,K,6
OUTPUT,NaN,NaN,NaN,NaN,NaN,NaN

INPUT,0.38251781463623,0.0343179069459438,0.760205686092377,-2.29336833953857,3.11420273780823,-1.58003330230713,K,7
OUTPUT,NaN,NaN,NaN,NaN,NaN,NaN

INPUT,0.386926710605621,0.0342885591089725,0.769004642963409,-2.31468296051025,3.11248993873596,-1.54835510253906,K,8
OUTPUT,NaN,NaN,NaN,NaN,NaN,NaN

INPUT,0.389572024345398,0.0342709496617317,0.7742840051651,-2.32769322395325,3.1114764213562,-1.52971529960632,K,9
OUTPUT,NaN,NaN,NaN,NaN,NaN,NaN

INPUT,0.362245440483093,0.0324727930128574,0.724876642227173,-2.42430877685547,3.13516616821289,-1.89911198616028,K,4
OUTPUT,NaN,NaN,NaN,NaN,NaN,NaN

INPUT,0.368681699037552,0.0320796370506287,0.73822695016861,-2.43253493309021,3.13462734222412,-1.81212329864502,K,5
OUTPUT,NaN,NaN,NaN,NaN,NaN,NaN

INPUT,0.375117987394333,0.0316864848136902,0.751577258110046,-2.44638967514038,3.13409519195557,-1.73076272010803,K,6
OUTPUT,NaN,NaN,NaN,NaN,NaN,NaN

INPUT,0.380123972892761,0.0313806980848312,0.761960804462433,-2.46022939682007,3.13368916511536,-1.67082142829895,K,7
OUTPUT,NaN,NaN,NaN,NaN,NaN,NaN

INPUT,0.383699655532837,0.031162278726697,0.769377648830414,-2.47144484519958,3.13340473175049,-1.62960517406464,K,8
OUTPUT,NaN,NaN,NaN,NaN,NaN,NaN

INPUT,0.385845094919205,0.0310312286019325,0.773827731609344,-2.47862839698792,3.13323664665222,-1.60547113418579,K,9
OUTPUT,NaN,NaN,NaN,NaN,NaN,NaN

INPUT,0.361477375030518,0.0299497991800308,0.737820446491241,0.988828599452972,3.11013603210449,1.48022818565369,K,5
OUTPUT,NaN,NaN,NaN,NaN,NaN,NaN

INPUT,0.367110550403595,0.0292647872120142,0.751534521579742,0.940118134021759,3.10537552833557,1.50647616386414,K,6
OUTPUT,NaN,NaN,NaN,NaN,NaN,NaN

INPUT,0.3714919090271,0.0287320017814636,0.762201011180878,0.904157638549805,3.10171389579773,1.52868592739105,K,7
OUTPUT,NaN,NaN,NaN,NaN,NaN,NaN

INPUT,0.374621450901031,0.0283514391630888,0.769819974899292,0.879272282123566,3.09912610054016,1.54522085189819,K,8
OUTPUT,NaN,NaN,NaN,NaN,NaN,NaN

INPUT,0.376499176025391,0.0281231012195349,0.774391293525696,0.864616572856903,3.09758615493774,1.55534875392914,K,9
OUTPUT,NaN,NaN,NaN,NaN,NaN,NaN

INPUT,0.362188667058945,0.0416984856128693,0.722674906253815,-2.24309539794922,3.09150886535645,-1.76455795764923,K,11
OUTPUT,NaN,NaN,NaN,NaN,NaN,NaN

INPUT,0.367282956838608,0.0425416603684425,0.734021961688995,-2.26991868019104,3.08583784103394,-1.73507916927338,K,12
OUTPUT,NaN,NaN,NaN,NaN,NaN,NaN

INPUT,0.372377246618271,0.0433848388493061,0.745369017124176,-2.29699087142944,3.08021092414856,-1.70584034919739,K,13
OUTPUT,NaN,NaN,NaN,NaN,NaN,NaN

INPUT,0.377471506595612,0.0442280136048794,0.756716012954712,-2.32424902915955,3.07463264465332,-1.67677783966064,K,14
OUTPUT,NaN,NaN,NaN,NaN,NaN,NaN

INPUT,0.382565796375275,0.0450711883604527,0.768063068389893,-2.35165047645569,3.06910753250122,-1.64784824848175,K,15
OUTPUT,NaN,NaN,NaN,NaN,NaN,NaN

INPUT,0.387150645256042,0.0458300486207008,0.778275370597839,-2.37640953063965,3.06418371200562,-1.62189960479736,K,16
OUTPUT,NaN,NaN,NaN,NaN,NaN,NaN

INPUT,0.390716642141342,0.0464202687144279,0.786218285560608,-2.39571952819824,3.0603883266449,-1.60176360607147,K,17
OUTPUT,NaN,NaN,NaN,NaN,NaN,NaN

INPUT,0.393263787031174,0.0468418598175049,0.791891813278198,-2.40953683853149,3.05769658088684,-1.58740174770355,K,18
OUTPUT,NaN,NaN,NaN,NaN,NaN,NaN

INPUT,0.394792050123215,0.0470948107540607,0.79529595375061,-2.41783618927002,3.0560896396637,-1.57879209518433,K,19
OUTPUT,NaN,NaN,NaN,NaN,NaN,NaN

INPUT,0.39530149102211,0.0471791289746761,0.796430647373199,-2.42060422897339,3.05555510520935,-1.57592332363129,K,20
OUTPUT,NaN,NaN,NaN,NaN,NaN,NaN

INPUT,0.364986062049866,0.040634710341692,0.722100377082825,-2.37677645683289,3.09023284912109,-1.81864368915558,K,11
OUTPUT,NaN,NaN,NaN,NaN,NaN,NaN

INPUT,0.370409667491913,0.041352916508913,0.733379006385803,-2.40851211547852,3.08447003364563,-1.78470730781555,K,12
OUTPUT,NaN,NaN,NaN,NaN,NaN,NaN

INPUT,0.37583327293396,0.0420711189508438,0.744657576084137,-2.44045376777649,3.078768491745,-1.7509663105011,K,13
OUTPUT,NaN,NaN,NaN,NaN,NaN,NaN

INPUT,0.381256878376007,0.0427893213927746,0.755936205387115,-2.47254991531372,3.07313466072083,-1.71736836433411,K,14
OUTPUT,NaN,NaN,NaN,NaN,NaN,NaN

INPUT,0.386680454015732,0.0435075275599957,0.767214775085449,-2.50476622581482,3.06757473945618,-1.68387758731842,K,15
OUTPUT,NaN,NaN,NaN,NaN,NaN,NaN

INPUT,0.391561716794968,0.0441539101302624,0.777365505695343,-2.53384256362915,3.06263875961304,-1.65380644798279,K,16
OUTPUT,NaN,NaN,NaN,NaN,NaN,NaN

INPUT,0.395358234643936,0.044656652957201,0.785260558128357,-2.55650234222412,3.05884695053101,-1.63045465946198,K,17
OUTPUT,NaN,NaN,NaN,NaN,NaN,NaN

INPUT,0.39807003736496,0.0450157560408115,0.790899872779846,-2.57270884513855,3.05616545677185,-1.6137912273407,K,18
OUTPUT,NaN,NaN,NaN,NaN,NaN,NaN

INPUT,0.399697095155716,0.0452312156558037,0.794283449649811,-2.58244037628174,3.05456757545471,-1.60379910469055,K,19
OUTPUT,NaN,NaN,NaN,NaN,NaN,NaN

INPUT,0.40023946762085,0.0453030355274677,0.795411288738251,-2.58568549156189,3.05403661727905,-1.60046923160553,K,20
OUTPUT,NaN,NaN,NaN,NaN,NaN,NaN

INPUT,0.368708223104477,0.0419767610728741,0.721481502056122,-2.27555227279663,3.06443762779236,-1.64192163944244,K,11
OUTPUT,NaN,NaN,NaN,NaN,NaN,NaN

INPUT,0.374569356441498,0.0428527444601059,0.732688248157501,-2.31193947792053,3.05580711364746,-1.60370218753815,K,12
OUTPUT,NaN,NaN,NaN,NaN,NaN,NaN

INPUT,0.380430519580841,0.0437287278473377,0.743894934654236,-2.34850668907166,3.04729580879211,-1.56563544273376,K,13
OUTPUT,NaN,NaN,NaN,NaN,NaN,NaN

INPUT,0.386291652917862,0.0446047112345695,0.75510162115097,-2.38521218299866,3.03891539573669,-1.52767705917358,K,14
OUTPUT,NaN,NaN,NaN,NaN,NaN,NaN

INPUT,0.392152816057205,0.0454806946218014,0.766308307647705,-2.42202734947205,3.03067803382874,-1.48979640007019,K,15
OUTPUT,NaN,NaN,NaN,NaN,NaN,NaN

INPUT,0.39742785692215,0.0462690815329552,0.776394367218018,-2.45523834228516,3.02339625358582,-1.4557523727417,K,16
OUTPUT,NaN,NaN,NaN,NaN,NaN,NaN

INPUT,0.401530653238297,0.0468822680413723,0.784239053726196,-2.48111248016357,3.01782441139221,-1.42929744720459,K,17
OUTPUT,NaN,NaN,NaN,NaN,NaN,NaN

INPUT,0.404461234807968,0.0473202615976334,0.789842367172241,-2.49961495399475,3.01389598846436,-1.41041088104248,K,18
OUTPUT,NaN,NaN,NaN,NaN,NaN,NaN

INPUT,0.406219571828842,0.0475830584764481,0.793204367160797,-2.51072406768799,3.0115602016449,-1.39908218383789,K,19
OUTPUT,NaN,NaN,NaN,NaN,NaN,NaN

INPUT,0.406805694103241,0.0476706549525261,0.794325053691864,-2.51442837715149,3.01078510284424,-1.39530658721924,K,20
OUTPUT,NaN,NaN,NaN,NaN,NaN,NaN

INPUT,0.364298582077026,0.0409435965120792,0.721167385578156,-2.32533311843872,3.09036731719971,-1.63853323459625,K,11
OUTPUT,NaN,NaN,NaN,NaN,NaN,NaN

INPUT,0.369641184806824,0.0416979193687439,0.732337236404419,-2.36438083648682,3.08471035957336,-1.59676373004913,K,12
OUTPUT,NaN,NaN,NaN,NaN,NaN,NaN

INPUT,0.374983787536621,0.0424522422254086,0.743507087230682,-2.40367960929871,3.07914614677429,-1.55523228645325,K,13
OUTPUT,NaN,NaN,NaN,NaN,NaN,NaN

INPUT,0.380326390266418,0.0432065688073635,0.754676878452301,-2.44316625595093,3.0736837387085,-1.51387524604797,K,14
OUTPUT,NaN,NaN,NaN,NaN,NaN,NaN

INPUT,0.385669022798538,0.0439608916640282,0.765846729278564,-2.48279857635498,3.06833219528198,-1.47264862060547,K,15
OUTPUT,NaN,NaN,NaN,NaN,NaN,NaN

INPUT,0.390477359294891,0.0446397848427296,0.775899589061737,-2.51856684684753,3.06361770629883,-1.43563055992126,K,16
OUTPUT,NaN,NaN,NaN,NaN,NaN,NaN

INPUT,0.394217193126678,0.0451678112149239,0.783718466758728,-2.54644083976746,3.0600221157074,-1.40688347816467,K,17
OUTPUT,NaN,NaN,NaN,NaN,NaN,NaN

INPUT,0.396888494491577,0.045544970780611,0.789303421974182,-2.56637573242188,3.05749344825745,-1.38637018203735,K,18
OUTPUT,NaN,NaN,NaN,NaN,NaN,NaN

INPUT,0.398491263389587,0.0457712672650814,0.79265433549881,-2.57834601402283,3.05599284172058,-1.37406933307648,K,19
OUTPUT,NaN,NaN,NaN,NaN,NaN,NaN

INPUT,0.399025529623032,0.045846700668335,0.793771326541901,-2.58233761787415,3.055495262146,-1.36997020244598,K,20
OUTPUT,NaN,NaN,NaN,NaN,NaN,NaN

INPUT,0.371084213256836,0.0423363111913204,0.732622444629669,-2.29050350189209,3.08133435249329,-1.72439920902252,K,5
OUTPUT,NaN,NaN,NaN,NaN,NaN,NaN

INPUT,0.379337698221207,0.0436713024973869,0.748420059680939,-2.33680415153503,3.07184028625488,-1.66987013816833,K,6
OUTPUT,NaN,NaN,NaN,NaN,NaN,NaN

INPUT,0.385757058858871,0.0447096265852451,0.760707020759583,-2.37336754798889,3.06460690498352,-1.62831723690033,K,7
OUTPUT,NaN,NaN,NaN,NaN,NaN,NaN

INPUT,0.390342324972153,0.0454512871801853,0.769483506679535,-2.39960551261902,3.05954027175903,-1.59906649589539,K,8
OUTPUT,NaN,NaN,NaN,NaN,NaN,NaN

INPUT,0.39309349656105,0.0458962805569172,0.774749338626862,-2.41535615921021,3.05654549598694,-1.58168745040894,K,9
OUTPUT,NaN,NaN,NaN,NaN,NaN,NaN

INPUT,0.374349385499954,0.0411911681294441,0.732056021690369,-2.43116497993469,3.0800039768219,-1.77071988582611,K,5
OUTPUT,NaN,NaN,NaN,NaN,NaN,NaN

INPUT,0.38313502073288,0.0423391945660114,0.747691512107849,-2.48610901832581,3.07043313980103,-1.70878219604492,K,6
OUTPUT,NaN,NaN,NaN,NaN,NaN,NaN

INPUT,0.389968305826187,0.0432321019470692,0.759852409362793,-2.52944016456604,3.06315469741821,-1.66117835044861,K,7
OUTPUT,NaN,NaN,NaN,NaN,NaN,NaN

INPUT,0.394849210977554,0.0438698902726173,0.76853883266449,-2.56062459945679,3.05805420875549,-1.62739372253418,K,8
OUTPUT,NaN,NaN,NaN,NaN,NaN,NaN

INPUT,0.397777765989304,0.0442525669932365,0.773750603199005,-2.57941174507141,3.05503559112549,-1.60719263553619,K,9
OUTPUT,NaN,NaN,NaN,NaN,NaN,NaN

INPUT,0.36915597319603,0.0410175547003746,0.716187059879303,-2.2741265296936,3.06379556655884,-1.65765416622162,K,4
OUTPUT,NaN,NaN,NaN,NaN,NaN,NaN

INPUT,0.378562957048416,0.042373426258564,0.731621742248535,-2.33641958236694,3.0491464138031,-1.58702480792999,K,5
OUTPUT,NaN,NaN,NaN,NaN,NaN,NaN

INPUT,0.387969940900803,0.0437293015420437,0.747056484222412,-2.39988541603088,3.03490400314331,-1.51747918128967,K,6
OUTPUT,NaN,NaN,NaN,NaN,NaN,NaN

INPUT,0.395286470651627,0.0447838678956032,0.759061217308044,-2.44978380203247,3.02414846420288,-1.46385633945465,K,7
OUTPUT,NaN,NaN,NaN,NaN,NaN,NaN

INPUT,0.40051257610321,0.0455371290445328,0.767636060714722,-2.48563933372498,3.01665663719177,-1.42572844028473,K,8
OUTPUT,NaN,NaN,NaN,NaN,NaN,NaN

INPUT,0.403648227453232,0.0459890887141228,0.772780954837799,-2.50722312927246,3.01224255561829,-1.4029061794281,K,9
OUTPUT,NaN,NaN,NaN,NaN,NaN,NaN

INPUT,0.373474836349487,0.0415598563849926,0.730824828147888,-2.39480710029602,3.08033013343811,-1.58195900917053,K,5
OUTPUT,NaN,NaN,NaN,NaN,NaN,NaN

INPUT,0.382148295640945,0.042774636298418,0.746312260627747,-2.46129536628723,3.0710563659668,-1.50466203689575,K,6
OUTPUT,NaN,NaN,NaN,NaN,NaN,NaN

INPUT,0.388894289731979,0.0437194630503654,0.758358001708984,-2.51390337944031,3.06409192085266,-1.44540560245514,K,7
OUTPUT,NaN,NaN,NaN,NaN,NaN,NaN

INPUT,0.393712848424911,0.0443943403661251,0.766962110996246,-2.55182909965515,3.05926370620728,-1.40340995788574,K,8
OUTPUT,NaN,NaN,NaN,NaN,NaN,NaN

INPUT,0.396604001522064,0.044799268245697,0.772124588489532,-2.57469773292542,3.05642938613892,-1.37831842899323,K,9
OUTPUT,NaN,NaN,NaN,NaN,NaN,NaN

INPUT,0.361509591341019,0.035444550216198,0.721860647201538,-2.51998567581177,3.10444402694702,-1.76645314693451,K,11
OUTPUT,NaN,NaN,NaN,NaN,NaN,NaN

INPUT,0.366545796394348,0.0355464518070221,0.733099043369293,-2.56342768669128,3.10039806365967,-1.72122442722321,K,12
OUTPUT,NaN,NaN,NaN,NaN,NaN,NaN

INPUT,0.371582001447678,0.0356483533978462,0.744337499141693,-2.60703182220459,3.09643292427063,-1.67615056037903,K,13
OUTPUT,NaN,NaN,NaN,NaN,NaN,NaN

INPUT,0.376618206501007,0.0357502549886703,0.755575895309448,-2.65075731277466,3.09255647659302,-1.6311901807785,K,14
OUTPUT,NaN,NaN,NaN,NaN,NaN,NaN

INPUT,0.381654411554337,0.0358521565794945,0.766814351081848,-2.69457650184631,3.08877658843994,-1.5863151550293,K,15
OUTPUT,NaN,NaN,NaN,NaN,NaN,NaN

INPUT,0.386187016963959,0.0359438695013523,0.776928961277008,-2.73407769203186,3.08546304702759,-1.5459840297699,K,16
OUTPUT,NaN,NaN,NaN,NaN,NaN,NaN

INPUT,0.389712363481522,0.036015197634697,0.784795820713043,-2.76483535766602,3.08294749259949,-1.51464462280273,K,17
OUTPUT,NaN,NaN,NaN,NaN,NaN,NaN

INPUT,0.392230451107025,0.036066148430109,0.790415048599243,-2.78682112693787,3.08118510246277,-1.49227285385132,K,18
OUTPUT,NaN,NaN,NaN,NaN,NaN,NaN

INPUT,0.393741309642792,0.0360967218875885,0.793786585330963,-2.80001831054688,3.08014178276062,-1.47885453701019,K,19
OUTPUT,NaN,NaN,NaN,NaN,NaN,NaN

INPUT,0.394244939088821,0.0361069105565548,0.794910430908203,-2.80441832542419,3.0797963142395,-1.4743824005127,K,20
OUTPUT,NaN,NaN,NaN,NaN,NaN,NaN

INPUT,0.365280330181122,0.0435754097998142,0.721711158752441,-2.15181756019592,3.08600234985352,-1.6073385477066,K,11
OUTPUT,NaN,NaN,NaN,NaN,NaN,NaN

INPUT,0.370737761259079,0.0446392148733139,0.732946217060089,-2.18240714073181,3.07973456382751,-1.57385623455048,K,12
OUTPUT,NaN,NaN,NaN,NaN,NaN,NaN

INPUT,0.376195162534714,0.0457030162215233,0.744181215763092,-2.21326756477356,3.0735297203064,-1.54063284397125,K,13
OUTPUT,NaN,NaN,NaN,NaN,NaN,NaN

INPUT,0.381652593612671,0.046766821295023,0.755416214466095,-2.24433135986328,3.06739497184753,-1.5075991153717,K,14
OUTPUT,NaN,NaN,NaN,NaN,NaN,NaN

INPUT,0.387110024690628,0.0478306263685226,0.766651213169098,-2.27555203437805,3.06133627891541,-1.47470772266388,K,15
OUTPUT,NaN,NaN,NaN,NaN,NaN,NaN

INPUT,0.392021685838699,0.0487880483269691,0.776762723922729,-2.3037576675415,3.05595350265503,-1.44519913196564,K,16
OUTPUT,NaN,NaN,NaN,NaN,NaN,NaN

INPUT,0.395841896533966,0.0495327115058899,0.784627258777618,-2.32575345039368,3.0518159866333,-1.42229723930359,K,17
OUTPUT,NaN,NaN,NaN,NaN,NaN,NaN

INPUT,0.398570597171783,0.0500646121799946,0.79024475812912,-2.34149193763733,3.04888820648193,-1.40596091747284,K,18
OUTPUT,NaN,NaN,NaN,NaN,NaN,NaN

INPUT,0.400207817554474,0.0503837540745735,0.793615281581879,-2.35094499588013,3.04714274406433,-1.39616680145264,K,19
OUTPUT,NaN,NaN,NaN,NaN,NaN,NaN

INPUT,0.400753557682037,0.0504901334643364,0.79473876953125,-2.35409760475159,3.04656291007996,-1.39290332794189,K,20
OUTPUT,NaN,NaN,NaN,NaN,NaN,NaN

INPUT,0.361804217100143,0.0364359691739082,0.721275866031647,-2.43066382408142,3.12094283103943,-1.8787796497345,K,11
OUTPUT,NaN,NaN,NaN,NaN,NaN,NaN

INPUT,0.36685249209404,0.0366598926484585,0.732459723949432,-2.46030950546265,3.11868834495544,-1.84351587295532,K,12
OUTPUT,NaN,NaN,NaN,NaN,NaN,NaN

INPUT,0.371900796890259,0.0368838123977184,0.743643641471863,-2.49045729637146,3.11645770072937,-1.80875241756439,K,13
OUTPUT,NaN,NaN,NaN,NaN,NaN,NaN

INPUT,0.376949042081833,0.0371077358722687,0.754827499389648,-2.52098035812378,3.11425352096558,-1.77436256408691,K,14
OUTPUT,NaN,NaN,NaN,NaN,NaN,NaN

INPUT,0.381997346878052,0.0373316556215286,0.766011357307434,-2.55179142951965,3.11207795143127,-1.74025857448578,K,15
OUTPUT,NaN,NaN,NaN,NaN,NaN,NaN

INPUT,0.386540800333023,0.0375331863760948,0.776076853275299,-2.57971572875977,3.11014652252197,-1.70975756645203,K,16
OUTPUT,NaN,NaN,NaN,NaN,NaN,NaN

INPUT,0.390074580907822,0.0376899316906929,0.783905565738678,-2.60153913497925,3.10866260528564,-1.68613791465759,K,17
OUTPUT,NaN,NaN,NaN,NaN,NaN,NaN

INPUT,0.39259871840477,0.0378018952906132,0.789497494697571,-2.61717510223389,3.10761308670044,-1.66931402683258,K,18
OUTPUT,NaN,NaN,NaN,NaN,NaN,NaN

INPUT,0.394113212823868,0.037869069725275,0.792852699756622,-2.62657427787781,3.10698771476746,-1.65923690795898,K,19
OUTPUT,NaN,NaN,NaN,NaN,NaN,NaN

INPUT,0.394618034362793,0.0378914624452591,0.793971061706543,-2.62971019744873,3.10677981376648,-1.65588045120239,K,20
OUTPUT,NaN,NaN,NaN,NaN,NaN,NaN

INPUT,0.367002367973328,0.0364452712237835,0.721354603767395,-2.53951978683472,3.08296966552734,-1.68353879451752,K,11
OUTPUT,NaN,NaN,NaN,NaN,NaN,NaN

INPUT,0.372662931680679,0.0366704910993576,0.73254656791687,-2.58887076377869,3.07667398452759,-1.63214385509491,K,12
OUTPUT,NaN,NaN,NaN,NaN,NaN,NaN

INPUT,0.378323495388031,0.0368957072496414,0.7437384724617,-2.6384105682373,3.07054281234741,-1.58091735839844,K,13
OUTPUT,NaN,NaN,NaN,NaN,NaN,NaN

INPUT,0.383984059095383,0.0371209271252155,0.754930436611176,-2.6880931854248,3.06459212303162,-1.52981269359589,K,14
OUTPUT,NaN,NaN,NaN,NaN,NaN,NaN

INPUT,0.389644622802734,0.0373461470007896,0.766122400760651,-2.73788809776306,3.05883646011353,-1.47879683971405,K,15
OUTPUT,NaN,NaN,NaN,NaN,NaN,NaN

INPUT,0.394739121198654,0.0375488437712193,0.776195168495178,-2.78278064727783,3.05383563041687,-1.43293988704681,K,16
OUTPUT,NaN,NaN,NaN,NaN,NaN,NaN

INPUT,0.398701518774033,0.0377064980566502,0.784029483795166,-2.81773972511292,3.05007028579712,-1.39730250835419,K,17
OUTPUT,NaN,NaN,NaN,NaN,NaN,NaN

INPUT,0.401531785726547,0.0378191061317921,0.789625465869904,-2.84273052215576,3.04745030403137,-1.37186002731323,K,18
OUTPUT,NaN,NaN,NaN,NaN,NaN,NaN

INPUT,0.403229951858521,0.0378866717219353,0.792983055114746,-2.85773229598999,3.04590678215027,-1.35659885406494,K,19
OUTPUT,NaN,NaN,NaN,NaN,NaN,NaN

INPUT,0.403796017169952,0.0379091948270798,0.794102251529694,-2.86273407936096,3.04539704322815,-1.35151243209839,K,20
OUTPUT,NaN,NaN,NaN,NaN,NaN,NaN

INPUT,0.359542787075043,0.0373368039727211,0.722332239151001,-2.39512348175049,3.10968542098999,-1.87464833259583,K,11
OUTPUT,NaN,NaN,NaN,NaN,NaN,NaN

INPUT,0.364323824644089,0.0376663319766521,0.73364245891571,-2.42369270324707,3.10613679885864,-1.84199500083923,K,12
OUTPUT,NaN,NaN,NaN,NaN,NaN,NaN

INPUT,0.369104862213135,0.0379958637058735,0.74495267868042,-2.45263385772705,3.10262107849121,-1.80970990657806,K,13
OUTPUT,NaN,NaN,NaN,NaN,NaN,NaN

INPUT,0.373885899782181,0.0383253917098045,0.756262838840485,-2.48185253143311,3.09914207458496,-1.77769804000854,K,14
OUTPUT,NaN,NaN,NaN,NaN,NaN,NaN

INPUT,0.378666937351227,0.0386549197137356,0.767572999000549,-2.51128387451172,3.09570240974426,-1.74589467048645,K,15
OUTPUT,NaN,NaN,NaN,NaN,NaN,NaN

INPUT,0.382969856262207,0.0389514975249767,0.777752220630646,-2.5379159450531,3.09264349937439,-1.71741092205048,K,16
OUTPUT,NaN,NaN,NaN,NaN,NaN,NaN

INPUT,0.3863165974617,0.0391821675002575,0.785669326782227,-2.55870723724365,3.09029006958008,-1.69533169269562,K,17
OUTPUT,NaN,NaN,NaN,NaN,NaN,NaN

INPUT,0.388707101345062,0.0393469333648682,0.791324436664581,-2.5735936164856,3.08862328529358,-1.67959487438202,K,18
OUTPUT,NaN,NaN,NaN,NaN,NaN,NaN

INPUT,0.390141427516937,0.0394457913935184,0.794717490673065,-2.58253836631775,3.08762907981873,-1.67016506195068,K,19
OUTPUT,NaN,NaN,NaN,NaN,NaN,NaN

INPUT,0.390619516372681,0.0394787453114986,0.795848488807678,-2.58552193641663,3.08729863166809,-1.66702353954315,K,20
OUTPUT,NaN,NaN,NaN,NaN,NaN,NaN

INPUT,0.37029367685318,0.0353579297661781,0.731477737426758,-2.59794592857361,3.09723854064941,-1.70573472976685,K,5
OUTPUT,NaN,NaN,NaN,NaN,NaN,NaN

INPUT,0.378496497869492,0.0354804620146751,0.747127294540405,-2.6712703704834,3.09067058563232,-1.62146556377411,K,6
OUTPUT,NaN,NaN,NaN,NaN,NaN,NaN

INPUT,0.384876489639282,0.0355757661163807,0.759299099445343,-2.72918200492859,3.08577752113342,-1.55678641796112,K,7
OUTPUT,NaN,NaN,NaN,NaN,NaN,NaN

INPUT,0.389433622360229,0.0356438383460045,0.767993271350861,-2.7708888053894,3.08240962028503,-1.51091873645782,K,8
OUTPUT,NaN,NaN,NaN,NaN,NaN,NaN

INPUT,0.392167925834656,0.0356846824288368,0.773209750652313,-2.79602384567261,3.08044266700745,-1.48350489139557,K,9
OUTPUT,NaN,NaN,NaN,NaN,NaN,NaN

INPUT,0.374750047922134,0.0444219596683979,0.731569766998291,-2.20704388618469,3.07474327087402,-1.56296849250793,K,5
OUTPUT,NaN,NaN,NaN,NaN,NaN,NaN

INPUT,0.383629232645035,0.0461224056780338,0.747143089771271,-2.25898957252502,3.064368724823,-1.50079250335693,K,6
OUTPUT,NaN,NaN,NaN,NaN,NaN,NaN

INPUT,0.390535295009613,0.0474449768662453,0.759255707263947,-2.30026006698608,3.05647039413452,-1.4532710313797,K,7
OUTPUT,NaN,NaN,NaN,NaN,NaN,NaN

INPUT,0.395468175411224,0.0483896695077419,0.767907559871674,-2.33007860183716,3.05093002319336,-1.41964864730835,K,8
OUTPUT,NaN,NaN,NaN,NaN,NaN,NaN

INPUT,0.398427903652191,0.0489564836025238,0.773098647594452,-2.34808039665222,3.04764914512634,-1.399578332901,K,9
OUTPUT,NaN,NaN,NaN,NaN,NaN,NaN

INPUT,0.370834499597549,0.0365998223423958,0.730692505836487,-2.49048137664795,3.11663198471069,-1.83699405193329,K,5
OUTPUT,NaN,NaN,NaN,NaN,NaN,NaN

INPUT,0.379178106784821,0.0369420647621155,0.746277153491974,-2.53892731666565,3.1129994392395,-1.77012228965759,K,6
OUTPUT,NaN,NaN,NaN,NaN,NaN,NaN

INPUT,0.385667562484741,0.0372082516551018,0.758398532867432,-2.57806968688965,3.11023807525635,-1.71956884860992,K,7
OUTPUT,NaN,NaN,NaN,NaN,NaN,NaN

INPUT,0.390302866697311,0.0373983830213547,0.767056703567505,-2.6066038608551,3.10830330848694,-1.68403244018555,K,8
OUTPUT,NaN,NaN,NaN,NaN,NaN,NaN

INPUT,0.393084079027176,0.0375124625861645,0.772251546382904,-2.62391257286072,3.10715866088867,-1.66289758682251,K,9
OUTPUT,NaN,NaN,NaN,NaN,NaN,NaN

INPUT,0.367452055215836,0.0360987335443497,0.715804219245911,-2.54184889793396,3.08282351493835,-1.70766270160675,K,4
OUTPUT,NaN,NaN,NaN,NaN,NaN,NaN

INPUT,0.376583695411682,0.0364380106329918,0.731260538101196,-2.62483549118042,3.07207894325256,-1.61152839660645,K,5
OUTPUT,NaN,NaN,NaN,NaN,NaN,NaN

INPUT,0.385715305805206,0.0367772839963436,0.746716856956482,-2.70958065986633,3.06188893318176,-1.51708769798279,K,6
OUTPUT,NaN,NaN,NaN,NaN,NaN,NaN

INPUT,0.392817676067352,0.0370411649346352,0.758738398551941,-2.77628040313721,3.0543999671936,-1.44437205791473,K,7
OUTPUT,NaN,NaN,NaN,NaN,NaN,NaN

INPUT,0.397890776395798,0.0372296534478664,0.767325222492218,-2.82422876358032,3.04930734634399,-1.39271092414856,K,8
OUTPUT,NaN,NaN,NaN,NaN,NaN,NaN

INPUT,0.400934666395187,0.0373427458107471,0.772477328777313,-2.8530969619751,3.04636073112488,-1.36180233955383,K,9
OUTPUT,NaN,NaN,NaN,NaN,NaN,NaN

INPUT,0.368022799491882,0.0375224351882935,0.731985032558441,-2.44822764396667,3.10320806503296,-1.83209502696991,K,5
OUTPUT,NaN,NaN,NaN,NaN,NaN,NaN

INPUT,0.375825762748718,0.0380204617977142,0.747786462306976,-2.49681854248047,3.09732270240784,-1.77111792564392,K,6
OUTPUT,NaN,NaN,NaN,NaN,NaN,NaN

INPUT,0.381894737482071,0.0384078174829483,0.760076522827148,-2.53544688224792,3.09285712242126,-1.72493755817413,K,7
OUTPUT,NaN,NaN,NaN,NaN,NaN,NaN

INPUT,0.38622972369194,0.0386844985187054,0.768855094909668,-2.56324601173401,3.08974123001099,-1.6925630569458,K,8
OUTPUT,NaN,NaN,NaN,NaN,NaN,NaN

INPUT,0.388830691576004,0.0388505086302757,0.77412223815918,-2.57995319366455,3.08790493011475,-1.67337846755981,K,9
OUTPUT,NaN,NaN,NaN,NaN,NaN,NaN

INPUT,0.359326869249344,0.0340240485966206,0.733533382415771,0.410851389169693,3.13026332855225,1.33856105804443,K,12
OUTPUT,NaN,NaN,NaN,NaN,NaN,NaN

INPUT,0.363584011793137,0.0339706875383854,0.744828164577484,0.358651340007782,3.12907767295837,1.38399577140808,K,13
OUTPUT,NaN,NaN,NaN,NaN,NaN,NaN

INPUT,0.367841184139252,0.0339173227548599,0.756123006343842,0.307030409574509,3.12792181968689,1.43001008033752,K,14
OUTPUT,NaN,NaN,NaN,NaN,NaN,NaN

INPUT,0.372098326683044,0.0338639616966248,0.767417788505554,0.255840867757797,3.12679839134216,1.47645688056946,K,15
OUTPUT,NaN,NaN,NaN,NaN,NaN,NaN

INPUT,0.375929772853851,0.0338159389793873,0.777583122253418,0.210054531693459,3.12581729888916,1.51854383945465,K,16
OUTPUT,NaN,NaN,NaN,NaN,NaN,NaN

INPUT,0.378909766674042,0.0337785854935646,0.785489499568939,0.17459262907505,3.12507510185242,1.55142831802368,K,17
OUTPUT,NaN,NaN,NaN,NaN,NaN,NaN

INPUT,0.381038337945938,0.033751904964447,0.791136920452118,0.149330675601959,3.12455677986145,1.5749853849411,K,18
OUTPUT,NaN,NaN,NaN,NaN,NaN,NaN

INPUT,0.38231548666954,0.0337358936667442,0.794525325298309,0.134197667241096,3.12425065040588,1.58914375305176,K,19
OUTPUT,NaN,NaN,NaN,NaN,NaN,NaN

INPUT,0.382741212844849,0.0337305590510368,0.795654833316803,0.129157140851021,3.12414932250977,1.59386718273163,K,20
OUTPUT,NaN,NaN,NaN,NaN,NaN,NaN

INPUT,0.360329300165176,0.038854006677866,0.721896469593048,-2.42175984382629,3.10821032524109,-1.95563745498657,K,11
OUTPUT,NaN,NaN,NaN,NaN,NaN,NaN

INPUT,0.365204811096191,0.0393625050783157,0.733151972293854,-2.44764685630798,3.10446739196777,-1.9266984462738,K,12
OUTPUT,NaN,NaN,NaN,NaN,NaN,NaN

INPUT,0.370080322027206,0.0398709997534752,0.744407474994659,-2.47381448745728,3.10075235366821,-1.89803612232208,K,13
OUTPUT,NaN,NaN,NaN,NaN,NaN,NaN

INPUT,0.374955832958221,0.0403794981539249,0.755662977695465,-2.50019145011902,3.09706783294678,-1.86957907676697,K,14
OUTPUT,NaN,NaN,NaN,NaN,NaN,NaN

INPUT,0.379831343889236,0.0408879965543747,0.766918480396271,-2.5267288684845,3.09341669082642,-1.84127807617188,K,15
OUTPUT,NaN,NaN,NaN,NaN,NaN,NaN

INPUT,0.384219318628311,0.0413456410169601,0.777048408985138,-2.55072116851807,3.09016156196594,-1.81591165065765,K,16
OUTPUT,NaN,NaN,NaN,NaN,NaN,NaN

INPUT,0.387632191181183,0.0417015887796879,0.784927248954773,-2.56944036483765,3.08765125274658,-1.79623794555664,K,17
OUTPUT,NaN,NaN,NaN,NaN,NaN,NaN

INPUT,0.390069931745529,0.0419558398425579,0.790555000305176,-2.58283829689026,3.08587050437927,-1.78221082687378,K,18
OUTPUT,NaN,NaN,NaN,NaN,NaN,NaN

INPUT,0.391532599925995,0.0421083867549896,0.793931603431702,-2.59088683128357,3.0848069190979,-1.77380347251892,K,19
OUTPUT,NaN,NaN,NaN,NaN,NaN,NaN

INPUT,0.392020136117935,0.0421592369675636,0.79505717754364,-2.59357118606567,3.08445310592651,-1.77100253105164,K,20
OUTPUT,NaN,NaN,NaN,NaN,NaN,NaN

INPUT,0.365104407072067,0.041728176176548,0.721385478973389,-2.19921088218689,3.08133721351624,-1.53773379325867,K,11
OUTPUT,NaN,NaN,NaN,NaN,NaN,NaN

INPUT,0.370542019605637,0.0425750501453876,0.732579946517944,-2.23690032958984,3.07463264465332,-1.4975723028183,K,12
OUTPUT,NaN,NaN,NaN,NaN,NaN,NaN

INPUT,0.375979602336884,0.0434219278395176,0.7437744140625,-2.27482175827026,3.06802940368652,-1.4576256275177,K,13
OUTPUT,NaN,NaN,NaN,NaN,NaN,NaN

INPUT,0.38141718506813,0.0442688018083572,0.754968881607056,-2.31291818618774,3.06153774261475,-1.41783511638641,K,14
OUTPUT,NaN,NaN,NaN,NaN,NaN,NaN

INPUT,0.3868547976017,0.0451156795024872,0.766163349151611,-2.35115075111389,3.05516695976257,-1.37816047668457,K,15
OUTPUT,NaN,NaN,NaN,NaN,NaN,NaN

INPUT,0.391748607158661,0.0458778664469719,0.77623838186264,-2.38565349578857,3.04954504966736,-1.34252882003784,K,16
OUTPUT,NaN,NaN,NaN,NaN,NaN,NaN

INPUT,0.395554929971695,0.046470683068037,0.784074485301971,-2.41254043579102,3.045250415802,-1.31485426425934,K,17
OUTPUT,NaN,NaN,NaN,NaN,NaN,NaN

INPUT,0.39827373623848,0.0468941181898117,0.789671719074249,-2.43176937103271,3.04222631454468,-1.29510390758514,K,18
OUTPUT,NaN,NaN,NaN,NaN,NaN,NaN

INPUT,0.399904996156693,0.0471481829881668,0.793030083179474,-2.44331574440002,3.04042983055115,-1.28325974941254,K,19
OUTPUT,NaN,NaN,NaN,NaN,NaN,NaN

INPUT,0.400448769330978,0.0472328700125217,0.794149518013,-2.44716572761536,3.03983402252197,-1.27931272983551,K,20
OUTPUT,NaN,NaN,NaN,NaN,NaN,NaN

INPUT,0.367367029190063,0.0411028601229191,0.721794247627258,-2.33958911895752,3.0867977142334,-1.85678780078888,K,11
OUTPUT,NaN,NaN,NaN,NaN,NaN,NaN

INPUT,0.373070389032364,0.0418759994208813,0.733037650585175,-2.36692214012146,3.08059430122375,-1.82731151580811,K,12
OUTPUT,NaN,NaN,NaN,NaN,NaN,NaN

INPUT,0.378773778676987,0.0426491349935532,0.744281113147736,-2.39445781707764,3.07444000244141,-1.79802703857422,K,13
OUTPUT,NaN,NaN,NaN,NaN,NaN,NaN

INPUT,0.384477168321609,0.0434222742915154,0.755524575710297,-2.4221453666687,3.06834006309509,-1.76888287067413,K,14
OUTPUT,NaN,NaN,NaN,NaN,NaN,NaN

INPUT,0.39018052816391,0.0441954135894775,0.766767978668213,-2.44995093345642,3.06229901313782,-1.73984396457672,K,15
OUTPUT,NaN,NaN,NaN,NaN,NaN,NaN

INPUT,0.395313560962677,0.0448912382125854,0.776887059211731,-2.47505640983582,3.0569167137146,-1.71377789974213,K,16
OUTPUT,NaN,NaN,NaN,NaN,NaN,NaN

INPUT,0.399305939674377,0.0454324334859848,0.784757494926453,-2.49462676048279,3.05276846885681,-1.69354033470154,K,17
OUTPUT,NaN,NaN,NaN,NaN,NaN,NaN

INPUT,0.402157634496689,0.0458190031349659,0.790379226207733,-2.50862646102905,3.04982709884644,-1.6791011095047,K,18
OUTPUT,NaN,NaN,NaN,NaN,NaN,NaN

INPUT,0.403868645429611,0.0460509434342384,0.793752253055573,-2.51703357696533,3.04807090759277,-1.6704432964325,K,19
OUTPUT,NaN,NaN,NaN,NaN,NaN,NaN

INPUT,0.404438972473145,0.0461282581090927,0.794876575469971,-2.51983737945557,3.04748702049255,-1.66755831241608,K,20
OUTPUT,NaN,NaN,NaN,NaN,NaN,NaN

INPUT,0.358326226472855,0.037622008472681,0.722502708435059,-2.54587769508362,3.10872173309326,-1.78658497333527,K,11
OUTPUT,NaN,NaN,NaN,NaN,NaN,NaN

INPUT,0.362966358661652,0.0379855073988438,0.733829617500305,-2.58888125419617,3.10517644882202,-1.7402651309967,K,12
OUTPUT,NaN,NaN,NaN,NaN,NaN,NaN

INPUT,0.367606461048126,0.0383490063250065,0.745156526565552,-2.63217926025391,3.10170364379883,-1.69423413276672,K,13
OUTPUT,NaN,NaN,NaN,NaN,NaN,NaN

INPUT,0.372246593236923,0.0387125089764595,0.756483435630798,-2.67569732666016,3.09831047058105,-1.64841675758362,K,14
OUTPUT,NaN,NaN,NaN,NaN,NaN,NaN

INPUT,0.376886695623398,0.0390760079026222,0.7678102850914,-2.71938371658325,3.09500336647034,-1.60276138782501,K,15
OUTPUT,NaN,NaN,NaN,NaN,NaN,NaN

INPUT,0.381062805652618,0.0394031554460526,0.77800452709198,-2.75881552696228,3.09210634231567,-1.56177985668182,K,16
OUTPUT,NaN,NaN,NaN,NaN,NaN,NaN

INPUT,0.384310871362686,0.0396576039493084,0.785933375358582,-2.78954601287842,3.08990812301636,-1.52996265888214,K,17
OUTPUT,NaN,NaN,NaN,NaN,NaN,NaN

INPUT,0.386630922555923,0.0398393571376801,0.791596829891205,-2.8115246295929,3.08836889266968,-1.50726222991943,K,18
OUTPUT,NaN,NaN,NaN,NaN,NaN,NaN

INPUT,0.38802295923233,0.0399484038352966,0.79499489068985,-2.82472205162048,3.08745789527893,-1.49365139007568,K,19
OUTPUT,NaN,NaN,NaN,NaN,NaN,NaN

INPUT,0.388486981391907,0.039984755218029,0.796127557754517,-2.82912278175354,3.08715629577637,-1.48911583423615,K,20
OUTPUT,NaN,NaN,NaN,NaN,NaN,NaN

INPUT,0.362073630094528,0.0358048267662525,0.722662270069122,-2.37937593460083,3.1175971031189,-1.78167378902435,K,11
OUTPUT,NaN,NaN,NaN,NaN,NaN,NaN

INPUT,0.367154330015182,0.0359546467661858,0.734007894992828,-2.41198801994324,3.11496782302856,-1.74398422241211,K,12
OUTPUT,NaN,NaN,NaN,NaN,NaN,NaN

INPUT,0.372235000133514,0.0361044704914093,0.745353519916534,-2.44505524635315,3.11237144470215,-1.70674741268158,K,13
OUTPUT,NaN,NaN,NaN,NaN,NaN,NaN

INPUT,0.377315700054169,0.0362542942166328,0.75669914484024,-2.47846221923828,3.10981106758118,-1.66984748840332,K,14
OUTPUT,NaN,NaN,NaN,NaN,NaN,NaN

INPUT,0.382396399974823,0.0364041179418564,0.768044769763947,-2.51212906837463,3.10728979110718,-1.63320469856262,K,15
OUTPUT,NaN,NaN,NaN,NaN,NaN,NaN

INPUT,0.386969029903412,0.0365389585494995,0.778255820274353,-2.54260492324829,3.10505676269531,-1.60039925575256,K,16
OUTPUT,NaN,NaN,NaN,NaN,NaN,NaN

INPUT,0.390525490045547,0.0366438329219818,0.78619772195816,-2.56640267372131,3.10334515571594,-1.57497644424438,K,17
OUTPUT,NaN,NaN,NaN,NaN,NaN,NaN

INPUT,0.393065840005875,0.0367187447845936,0.791870534420013,-2.58344435691833,3.10213661193848,-1.5568596124649,K,18
OUTPUT,NaN,NaN,NaN,NaN,NaN,NaN

INPUT,0.394590049982071,0.0367636904120445,0.795274198055267,-2.59368491172791,3.10141730308533,-1.54600489139557,K,19
OUTPUT,NaN,NaN,NaN,NaN,NaN,NaN

INPUT,0.395098119974136,0.0367786735296249,0.796408772468567,-2.59710097312927,3.10117840766907,-1.54238891601563,K,20
OUTPUT,NaN,NaN,NaN,NaN,NaN,NaN

INPUT,0.350746780633926,0.0289309434592724,0.732520997524261,0.578256905078888,3.07232522964478,1.23319411277771,K,12
OUTPUT,NaN,NaN,NaN,NaN,NaN,NaN

INPUT,0.354099780321121,0.028341356664896,0.743711173534393,0.543113470077515,3.06524348258972,1.26703405380249,K,13
OUTPUT,NaN,NaN,NaN,NaN,NaN,NaN

INPUT,0.357452780008316,0.0277517698705196,0.75490128993988,0.508070766925812,3.05825233459473,1.30099332332611,K,14
OUTPUT,NaN,NaN,NaN,NaN,NaN,NaN

INPUT,0.360805779695511,0.0271621830761433,0.766091465950012,0.47310146689415,3.05136036872864,1.33504593372345,K,15
OUTPUT,NaN,NaN,NaN,NaN,NaN,NaN

INPUT,0.363823503255844,0.0266315545886755,0.776162564754486,0.44167548418045,3.04524898529053,1.365758061409,K,16
OUTPUT,NaN,NaN,NaN,NaN,NaN,NaN

INPUT,0.366170614957809,0.0262188445776701,0.783995687961578,0.417256593704224,3.04055976867676,1.38968098163605,K,17
OUTPUT,NaN,NaN,NaN,NaN,NaN,NaN

INPUT,0.367847114801407,0.0259240511804819,0.789590775966644,0.399824500083923,3.0372462272644,1.40678596496582,K,18
OUTPUT,NaN,NaN,NaN,NaN,NaN,NaN

INPUT,0.368853002786636,0.0257471743971109,0.792947828769684,0.389368802309036,3.03527283668518,1.41705524921417,K,19
OUTPUT,NaN,NaN,NaN,NaN,NaN,NaN

INPUT,0.36918830871582,0.0256882160902023,0.794066846370697,0.385884016752243,3.03461766242981,1.42047929763794,K,20
OUTPUT,NaN,NaN,NaN,NaN,NaN,NaN

INPUT,0.368933856487274,0.0393040180206299,0.731480121612549,-2.46877408027649,3.10142087936401,-1.91702616214752,K,5
OUTPUT,NaN,NaN,NaN,NaN,NaN,NaN

INPUT,0.37689396739006,0.0401176698505878,0.747179627418518,-2.51303601264954,3.09517884254456,-1.86328172683716,K,6
OUTPUT,NaN,NaN,NaN,NaN,NaN,NaN

INPUT,0.383085161447525,0.0407505109906197,0.759390354156494,-2.54811954498291,3.09041833877563,-1.82243013381958,K,7
OUTPUT,NaN,NaN,NaN,NaN,NaN,NaN

INPUT,0.387507438659668,0.0412025414407253,0.768112242221832,-2.57335019111633,3.08708071708679,-1.79371011257172,K,8
OUTPUT,NaN,NaN,NaN,NaN,NaN,NaN

INPUT,0.390160799026489,0.0414737612009048,0.773345410823822,-2.58851552009583,3.08510637283325,-1.77665710449219,K,9
OUTPUT,NaN,NaN,NaN,NaN,NaN,NaN

INPUT,0.374413847923279,0.042252853512764,0.731165289878845,-2.26642084121704,3.06938767433167,-1.48379361629486,K,5
OUTPUT,NaN,NaN,NaN,NaN,NaN,NaN

INPUT,0.383224427700043,0.0435776039958,0.746676862239838,-2.3304808139801,3.05838298797607,-1.40922880172729,K,6
OUTPUT,NaN,NaN,NaN,NaN,NaN,NaN

INPUT,0.39007705450058,0.0446079671382904,0.75874137878418,-2.38118648529053,3.05009603500366,-1.35207259654999,K,7
OUTPUT,NaN,NaN,NaN,NaN,NaN,NaN

INPUT,0.394971817731857,0.0453439392149448,0.767358899116516,-2.41774916648865,3.0443377494812,-1.31156647205353,K,8
OUTPUT,NaN,NaN,NaN,NaN,NaN,NaN

INPUT,0.39790865778923,0.0457855239510536,0.772529423236847,-2.43979907035828,3.04095101356506,-1.2873649597168,K,9
OUTPUT,NaN,NaN,NaN,NaN,NaN,NaN

INPUT,0.367945075035095,0.0404193438589573,0.716277956962585,-2.33811902999878,3.08634829521179,-1.86873400211334,K,4
OUTPUT,NaN,NaN,NaN,NaN,NaN,NaN

INPUT,0.377200841903687,0.0416407696902752,0.73181277513504,-2.38526892662048,3.07576131820679,-1.81414890289307,K,5
OUTPUT,NaN,NaN,NaN,NaN,NaN,NaN

INPUT,0.386456608772278,0.0428621955215931,0.747347593307495,-2.4334602355957,3.06534385681152,-1.76057016849518,K,6
OUTPUT,NaN,NaN,NaN,NaN,NaN,NaN

INPUT,0.393655568361282,0.0438121892511845,0.759430229663849,-2.4712495803833,3.05741024017334,-1.71951699256897,K,7
OUTPUT,NaN,NaN,NaN,NaN,NaN,NaN

INPUT,0.398797661066055,0.0444907583296299,0.768060684204102,-2.49826502799988,3.05185508728027,-1.69053184986115,K,8
OUTPUT,NaN,NaN,NaN,NaN,NaN,NaN

INPUT,0.401882916688919,0.0448979027569294,0.773238956928253,-2.51444959640503,3.04857230186462,-1.67328310012817,K,9
OUTPUT,NaN,NaN,NaN,NaN,NaN,NaN

INPUT,0.366522014141083,0.0379898101091385,0.732161641120911,-2.62436747550964,3.10234904289246,-1.72529339790344,K,5
OUTPUT,NaN,NaN,NaN,NaN,NaN,NaN

INPUT,0.37405663728714,0.0385875627398491,0.748000025749207,-2.69683194160461,3.0966215133667,-1.63903999328613,K,6
OUTPUT,NaN,NaN,NaN,NaN,NaN,NaN

INPUT,0.379916876554489,0.0390524826943874,0.76031881570816,-2.75428581237793,3.09235954284668,-1.57303333282471,K,7
OUTPUT,NaN,NaN,NaN,NaN,NaN,NaN

INPUT,0.384102761745453,0.0393845662474632,0.769117891788483,-2.7957489490509,3.08942866325378,-1.52630209922791,K,8
OUTPUT,NaN,NaN,NaN,NaN,NaN,NaN

INPUT,0.386614292860031,0.0395838171243668,0.774397373199463,-2.82076406478882,3.08771824836731,-1.49839758872986,K,9
OUTPUT,NaN,NaN,NaN,NaN,NaN,NaN

INPUT,0.371187031269073,0.0358046218752861,0.732458531856537,-2.44373750686646,3.11264157295227,-1.73605227470398,K,5
OUTPUT,NaN,NaN,NaN,NaN,NaN,NaN

INPUT,0.379546195268631,0.0360045954585075,0.748286485671997,-2.49732875823975,3.10839772224426,-1.66472172737122,K,6
OUTPUT,NaN,NaN,NaN,NaN,NaN,NaN

INPUT,0.386047750711441,0.0361601337790489,0.760597169399261,-2.54042553901672,3.10518431663513,-1.61065113544464,K,7
OUTPUT,NaN,NaN,NaN,NaN,NaN,NaN

INPUT,0.390691727399826,0.0362712331116199,0.769390463829041,-2.57176303863525,3.10294032096863,-1.57258009910583,K,8
OUTPUT,NaN,NaN,NaN,NaN,NaN,NaN

INPUT,0.393478125333786,0.0363378897309303,0.774666488170624,-2.59074640274048,3.1016161441803,-1.54991686344147,K,9
OUTPUT,NaN,NaN,NaN,NaN,NaN,NaN

INPUT,0.359720528125763,0.0341339819133282,0.724480926990509,0.459038913249969,3.13184189796448,1.33070611953735,K,4
OUTPUT,NaN,NaN,NaN,NaN,NaN,NaN

INPUT,0.365905821323395,0.0340390875935555,0.738027811050415,0.367426604032516,3.12969493865967,1.39607286453247,K,5
OUTPUT,NaN,NaN,NaN,NaN,NaN,NaN

INPUT,0.372091084718704,0.0339441932737827,0.751574635505676,0.279778480529785,3.12761998176575,1.46540570259094,K,6
OUTPUT,NaN,NaN,NaN,NaN,NaN,NaN

INPUT,0.376901865005493,0.0338703840970993,0.762111067771912,0.21327006816864,3.12606430053711,1.52099514007568,K,7
OUTPUT,NaN,NaN,NaN,NaN,NaN,NaN

INPUT,0.380338132381439,0.0338176637887955,0.769637048244476,0.166380792856216,3.12498784065247,1.56131935119629,K,8
OUTPUT,NaN,NaN,NaN,NaN,NaN,NaN

INPUT,0.382399916648865,0.0337860323488712,0.77415269613266,0.138441741466522,3.12435698509216,1.58570897579193,K,9
OUTPUT,NaN,NaN,NaN,NaN,NaN,NaN

INPUT,0.356677651405334,0.0288415383547544,0.735927820205688,0.54283207654953,3.06523370742798,1.26974618434906,K,5
OUTPUT,NaN,NaN,NaN,NaN,NaN,NaN

INPUT,0.361893713474274,0.0279956832528114,0.749699056148529,0.485709369182587,3.05388808250427,1.32411170005798,K,6
OUTPUT,NaN,NaN,NaN,NaN,NaN,NaN

INPUT,0.365950644016266,0.0273377969861031,0.760409951210022,0.441710740327835,3.04529404640198,1.36641824245453,K,7
OUTPUT,NaN,NaN,NaN,NaN,NaN,NaN

INPUT,0.368848443031311,0.0268678795546293,0.768060624599457,0.410579204559326,3.03930616378784,1.39652037620544,K,8
OUTPUT,NaN,NaN,NaN,NaN,NaN,NaN

INPUT,0.370587140321732,0.0265859272330999,0.772651076316833,0.392038941383362,3.03578090667725,1.41450190544128,K,9
OUTPUT,NaN,NaN,NaN,NaN,NaN,NaN

INPUT,0.358431994915009,0.0308403931558132,0.733487248420715,0.698222160339355,3.11798882484436,1.43240034580231,K,12
OUTPUT,NaN,NaN,NaN,NaN,NaN,NaN

INPUT,0.362594604492188,0.030451875180006,0.744778215885162,0.657216429710388,3.11555004119873,1.46866369247437,K,13
OUTPUT,NaN,NaN,NaN,NaN,NaN,NaN

INPUT,0.366757184267044,0.030063359066844,0.756069123744965,0.61661297082901,3.11315011978149,1.50533151626587,K,14
OUTPUT,NaN,NaN,NaN,NaN,NaN,NaN

INPUT,0.370919764041901,0.0296748429536819,0.767360091209412,0.576312065124512,3.11079263687134,1.54230463504791,K,15
OUTPUT,NaN,NaN,NaN,NaN,NaN,NaN

INPUT,0.374666094779968,0.0293251760303974,0.777521908283234,0.540242254734039,3.10871005058289,1.57578372955322,K,16
OUTPUT,NaN,NaN,NaN,NaN,NaN,NaN

INPUT,0.377579897642136,0.0290532149374485,0.78542560338974,0.512294471263885,3.10711741447449,1.60193121433258,K,17
OUTPUT,NaN,NaN,NaN,NaN,NaN,NaN

INPUT,0.379661202430725,0.0288589559495449,0.791071057319641,0.492380261421204,3.10599517822266,1.62065732479095,K,18
OUTPUT,NaN,NaN,NaN,NaN,NaN,NaN

INPUT,0.380909979343414,0.0287424027919769,0.794458329677582,0.480449169874191,3.10532832145691,1.63191068172455,K,19
OUTPUT,NaN,NaN,NaN,NaN,NaN,NaN

INPUT,0.381326228380203,0.0287035498768091,0.795587420463562,0.47647488117218,3.1051070690155,1.63566470146179,K,20
OUTPUT,NaN,NaN,NaN,NaN,NaN,NaN

INPUT,0.368016690015793,0.0392584502696991,0.721010625362396,-2.41607546806335,3.09811782836914,-1.85885798931122,K,11
OUTPUT,NaN,NaN,NaN,NaN,NaN,NaN

INPUT,0.373796671628952,0.039814505726099,0.732162117958069,-2.44755077362061,3.09325838088989,-1.82477784156799,K,12
OUTPUT,NaN,NaN,NaN,NaN,NaN,NaN

INPUT,0.379576653242111,0.0403705574572086,0.743313670158386,-2.47926664352417,3.08845067024231,-1.79093074798584,K,13
OUTPUT,NaN,NaN,NaN,NaN,NaN,NaN

INPUT,0.385356605052948,0.0409266129136086,0.754465222358704,-2.51116251945496,3.08369994163513,-1.75725555419922,K,14
OUTPUT,NaN,NaN,NaN,NaN,NaN,NaN

INPUT,0.391136586666107,0.0414826646447182,0.765616774559021,-2.54319715499878,3.0790114402771,-1.72370994091034,K,15
OUTPUT,NaN,NaN,NaN,NaN,NaN,NaN

INPUT,0.396338582038879,0.0419831164181232,0.775653123855591,-2.57212257385254,3.07484912872314,-1.69360482692719,K,16
OUTPUT,NaN,NaN,NaN,NaN,NaN,NaN

INPUT,0.400384575128555,0.042372353374958,0.783459186553955,-2.59467101097107,3.07165193557739,-1.67023527622223,K,17
OUTPUT,NaN,NaN,NaN,NaN,NaN,NaN

INPUT,0.403274536132813,0.0426503792405128,0.789034962654114,-2.61080098152161,3.06939053535461,-1.65356338024139,K,18
OUTPUT,NaN,NaN,NaN,NaN,NaN,NaN

INPUT,0.405008524656296,0.0428171940147877,0.792380452156067,-2.62048745155334,3.06804299354553,-1.64356744289398,K,19
OUTPUT,NaN,NaN,NaN,NaN,NaN,NaN

INPUT,0.405586540699005,0.0428728014230728,0.79349559545517,-2.62371754646301,3.06759524345398,-1.64023661613464,K,20
OUTPUT,NaN,NaN,NaN,NaN,NaN,NaN

INPUT,0.370527058839798,0.0354008600115776,0.721047818660736,-2.59320592880249,3.06114649772644,-1.86565971374512,K,11
OUTPUT,NaN,NaN,NaN,NaN,NaN,NaN

INPUT,0.376602590084076,0.0355033166706562,0.732202589511871,-2.63547801971436,3.05228114128113,-1.82225549221039,K,12
OUTPUT,NaN,NaN,NaN,NaN,NaN,NaN

INPUT,0.382678121328354,0.0356057733297348,0.743357300758362,-2.67786836624146,3.04357957839966,-1.77893602848053,K,13
OUTPUT,NaN,NaN,NaN,NaN,NaN,NaN

INPUT,0.388753652572632,0.0357082337141037,0.754512071609497,-2.72035193443298,3.03505754470825,-1.73567354679108,K,14
OUTPUT,NaN,NaN,NaN,NaN,NaN,NaN

INPUT,0.394829213619232,0.0358106903731823,0.765666782855988,-2.76291155815125,3.02673125267029,-1.69244873523712,K,15
OUTPUT,NaN,NaN,NaN,NaN,NaN,NaN

INPUT,0.400297194719315,0.0359029024839401,0.775706052780151,-2.80127096176147,3.01941728591919,-1.65356743335724,K,16
OUTPUT,NaN,NaN,NaN,NaN,NaN,NaN

INPUT,0.404550075531006,0.0359746217727661,0.783514380455017,-2.83113837242126,3.01385402679443,-1.62333512306213,K,17
OUTPUT,NaN,NaN,NaN,NaN,NaN,NaN

INPUT,0.407587856054306,0.0360258519649506,0.789091765880585,-2.85248780250549,3.0099503993988,-1.60174357891083,K,18
OUTPUT,NaN,NaN,NaN,NaN,NaN,NaN

INPUT,0.409410506486893,0.0360565893352032,0.792438149452209,-2.86530351638794,3.00763702392578,-1.58878922462463,K,19
OUTPUT,NaN,NaN,NaN,NaN,NaN,NaN

INPUT,0.410018056631088,0.0360668338835239,0.793553650379181,-2.8695764541626,3.00687074661255,-1.58447122573853,K,20
OUTPUT,NaN,NaN,NaN,NaN,NaN,NaN

INPUT,0.368847280740738,0.0421178601682186,0.720764338970184,-2.34980535507202,3.06885576248169,-1.77369332313538,K,11
OUTPUT,NaN,NaN,NaN,NaN,NaN,NaN

INPUT,0.374725043773651,0.0430103354156017,0.731886684894562,-2.38285827636719,3.06067228317261,-1.7389223575592,K,12
OUTPUT,NaN,NaN,NaN,NaN,NaN,NaN

INPUT,0.380602806806564,0.0439028106629848,0.743008971214294,-2.41607904434204,3.05258178710938,-1.70429694652557,K,13
OUTPUT,NaN,NaN,NaN,NaN,NaN,NaN

INPUT,0.386480569839478,0.044795285910368,0.754131317138672,-2.44942855834961,3.04459357261658,-1.66977596282959,K,14
OUTPUT,NaN,NaN,NaN,NaN,NaN,NaN

INPUT,0.392358332872391,0.0456877611577511,0.765253663063049,-2.48287963867188,3.0367169380188,-1.6353303194046,K,15
OUTPUT,NaN,NaN,NaN,NaN,NaN,NaN

INPUT,0.397648304700851,0.0464909859001637,0.775263726711273,-2.51305675506592,3.02973079681396,-1.60437679290771,K,16
OUTPUT,NaN,NaN,NaN,NaN,NaN,NaN

INPUT,0.401762753725052,0.047115720808506,0.783049404621124,-2.53656792640686,3.02436900138855,-1.58032536506653,K,17
OUTPUT,NaN,NaN,NaN,NaN,NaN,NaN

INPUT,0.404701620340347,0.0475619584321976,0.788610577583313,-2.55338072776794,3.02057933807373,-1.56315588951111,K,18
OUTPUT,NaN,NaN,NaN,NaN,NaN,NaN

INPUT,0.406464964151382,0.0478296987712383,0.791947245597839,-2.5634753704071,3.01832222938538,-1.5528576374054,K,19
OUTPUT,NaN,NaN,NaN,NaN,NaN,NaN

INPUT,0.407052725553513,0.0479189455509186,0.793059468269348,-2.56684160232544,3.01757264137268,-1.54942536354065,K,20
OUTPUT,NaN,NaN,NaN,NaN,NaN,NaN

INPUT,0.368580102920532,0.0387977436184883,0.715377867221832,-2.41797375679016,3.09767293930054,-1.87507176399231,K,4
OUTPUT,NaN,NaN,NaN,NaN,NaN,NaN

INPUT,0.378035843372345,0.0396826826035976,0.730776429176331,-2.47076296806335,3.08944416046143,-1.81127417087555,K,5
OUTPUT,NaN,NaN,NaN,NaN,NaN,NaN

INPUT,0.38749161362648,0.040567621588707,0.746175050735474,-2.52505302429199,3.08139109611511,-1.74895250797272,K,6
OUTPUT,NaN,NaN,NaN,NaN,NaN,NaN

INPUT,0.394846081733704,0.0412559062242508,0.758151710033417,-2.56795525550842,3.07526731491089,-1.70113742351532,K,7
OUTPUT,NaN,NaN,NaN,NaN,NaN,NaN

INPUT,0.400099277496338,0.0417475402355194,0.766706526279449,-2.59886360168457,3.07097554206848,-1.66723668575287,K,8
OUTPUT,NaN,NaN,NaN,NaN,NaN,NaN

INPUT,0.403251171112061,0.0420425198972225,0.771839380264282,-2.61749458312988,3.06843590736389,-1.64697766304016,K,9
OUTPUT,NaN,NaN,NaN,NaN,NaN,NaN

INPUT,0.370871156454086,0.0349486619234085,0.715967774391174,-2.5886070728302,3.06122660636902,-1.88010406494141,K,4
OUTPUT,NaN,NaN,NaN,NaN,NaN,NaN

INPUT,0.380548626184464,0.0350536033511162,0.731259107589722,-2.66207194328308,3.04599833488464,-1.80109965801239,K,5
OUTPUT,NaN,NaN,NaN,NaN,NaN,NaN

INPUT,0.390226125717163,0.0351585410535336,0.746550381183624,-2.73634195327759,3.0313241481781,-1.72279119491577,K,6
OUTPUT,NaN,NaN,NaN,NaN,NaN,NaN

INPUT,0.397753030061722,0.0352401584386826,0.758443593978882,-2.7944803237915,3.0203492641449,-1.66217470169067,K,7
OUTPUT,NaN,NaN,NaN,NaN,NaN,NaN

INPUT,0.403129428625107,0.0352984555065632,0.766938745975494,-2.83615875244141,3.01276898384094,-1.61898064613342,K,8
OUTPUT,NaN,NaN,NaN,NaN,NaN,NaN

INPUT,0.406355261802673,0.0353334359824657,0.772035837173462,-2.8612163066864,3.00833106040955,-1.59309530258179,K,9
OUTPUT,NaN,NaN,NaN,NaN,NaN,NaN

INPUT,0.369250148534775,0.0412535555660725,0.715397477149963,-2.3469557762146,3.06841254234314,-1.78635323047638,K,4
OUTPUT,NaN,NaN,NaN,NaN,NaN,NaN

INPUT,0.378707051277161,0.0426619052886963,0.730701625347137,-2.40412592887878,3.05447363853455,-1.72271049022675,K,5
OUTPUT,NaN,NaN,NaN,NaN,NaN,NaN

INPUT,0.388163924217224,0.0440702550113201,0.746005773544312,-2.46221733093262,3.04085159301758,-1.65991628170013,K,6
OUTPUT,NaN,NaN,NaN,NaN,NaN,NaN

INPUT,0.395519286394119,0.0451656393706799,0.757908940315247,-2.50782155990601,3.03050804138184,-1.61144232749939,K,7
OUTPUT,NaN,NaN,NaN,NaN,NaN,NaN

INPUT,0.400773137807846,0.0459480546414852,0.766411244869232,-2.54056429862976,3.023268699646,-1.57695364952087,K,8
OUTPUT,NaN,NaN,NaN,NaN,NaN,NaN

INPUT,0.40392541885376,0.0464175045490265,0.771512627601624,-2.56026577949524,3.01898837089539,-1.55630278587341,K,9
OUTPUT,NaN,NaN,NaN,NaN,NaN,NaN

INPUT,0.364959627389908,0.0306903049349785,0.737781047821045,0.66968035697937,3.11579418182373,1.48401725292206,K,5
OUTPUT,NaN,NaN,NaN,NaN,NaN,NaN

INPUT,0.371084988117218,0.0300955325365067,0.751396179199219,0.598396837711334,3.11184310913086,1.53687429428101,K,6
OUTPUT,NaN,NaN,NaN,NaN,NaN,NaN

INPUT,0.375849157571793,0.0296329315751791,0.761985719203949,0.544470429420471,3.10884714126587,1.5795065164566,K,7
OUTPUT,NaN,NaN,NaN,NaN,NaN,NaN

INPUT,0.379252135753632,0.0293025020509958,0.769549667835236,0.506538808345795,3.10675311088562,1.61054813861847,K,8
OUTPUT,NaN,NaN,NaN,NaN,NaN,NaN

INPUT,0.381293922662735,0.029104245826602,0.774088025093079,0.483969777822495,3.10551595687866,1.62936425209045,K,9
OUTPUT,NaN,NaN,NaN,NaN,NaN,NaN

INPUT,0.359699547290802,0.0340687409043312,0.721915364265442,-2.4394326210022,3.12664461135864,-1.97577428817749,K,11
OUTPUT,NaN,NaN,NaN,NaN,NaN,NaN

INPUT,0.364500969648361,0.0340143218636513,0.733172833919525,-2.46343493461609,3.12502384185791,-1.94524991512299,K,12
OUTPUT,NaN,NaN,NaN,NaN,NaN,NaN

INPUT,0.369302421808243,0.0339599028229713,0.744430363178253,-2.48801684379578,3.12341523170471,-1.91530442237854,K,13
OUTPUT,NaN,NaN,NaN,NaN,NaN,NaN

INPUT,0.374103844165802,0.0339054800570011,0.755687832832336,-2.51303362846375,3.12182021141052,-1.88579320907593,K,14
OUTPUT,NaN,NaN,NaN,NaN,NaN,NaN

INPUT,0.378905296325684,0.0338510610163212,0.76694530248642,-2.53838515281677,3.12023949623108,-1.85661578178406,K,15
OUTPUT,NaN,NaN,NaN,NaN,NaN,NaN

INPUT,0.383226603269577,0.0338020846247673,0.777077078819275,-2.56142783164978,3.11883044242859,-1.83058178424835,K,16
OUTPUT,NaN,NaN,NaN,NaN,NaN,NaN

INPUT,0.386587589979172,0.0337639898061752,0.784957349300385,-2.57947206497192,3.11774396896362,-1.8104544878006,K,17
OUTPUT,NaN,NaN,NaN,NaN,NaN,NaN

INPUT,0.388988316059113,0.0337367802858353,0.790586054325104,-2.59241700172424,3.11697316169739,-1.79613387584686,K,18
OUTPUT,NaN,NaN,NaN,NaN,NaN,NaN

INPUT,0.390428751707077,0.0337204560637474,0.793963313102722,-2.60020399093628,3.11651277542114,-1.78756165504456,K,19
OUTPUT,NaN,NaN,NaN,NaN,NaN,NaN

INPUT,0.390908896923065,0.0337150134146214,0.795089066028595,-2.60280299186707,3.11635971069336,-1.78470742702484,K,20
OUTPUT,NaN,NaN,NaN,NaN,NaN,NaN

INPUT,0.357197850942612,0.0200685393065214,0.733190953731537,1.19458329677582,3.06277918815613,1.53015196323395,K,12
OUTPUT,NaN,NaN,NaN,NaN,NaN,NaN

INPUT,0.36123064160347,0.0185461081564426,0.744450688362122,1.17590975761414,3.05448794364929,1.54692435264587,K,13
OUTPUT,NaN,NaN,NaN,NaN,NaN,NaN

INPUT,0.365263432264328,0.017023678869009,0.755710422992706,1.15743148326874,3.04624056816101,1.56383419036865,K,14
OUTPUT,NaN,NaN,NaN,NaN,NaN,NaN

INPUT,0.369296222925186,0.0155012477189302,0.766970157623291,1.1391190290451,3.03804445266724,1.58083045482635,K,15
OUTPUT,NaN,NaN,NaN,NaN,NaN,NaN

INPUT,0.372925728559494,0.0141310598701239,0.777103900909424,1.12276518344879,3.0307183265686,1.5961686372757,K,16
OUTPUT,NaN,NaN,NaN,NaN,NaN,NaN

INPUT,0.375748664140701,0.0130653586238623,0.784985721111298,1.11012399196625,3.02505660057068,1.60810995101929,K,17
OUTPUT,NaN,NaN,NaN,NaN,NaN,NaN

INPUT,0.37776505947113,0.0123041421175003,0.790615558624268,1.10113513469696,3.02103352546692,1.61664009094238,K,18
OUTPUT,NaN,NaN,NaN,NaN,NaN,NaN

INPUT,0.378974884748459,0.0118474150076509,0.793993473052979,1.09575796127319,3.01862859725952,1.62175703048706,K,19
OUTPUT,NaN,NaN,NaN,NaN,NaN,NaN

INPUT,0.379378169775009,0.0116951707750559,0.79511946439743,1.09396827220917,3.01782846450806,1.62346231937408,K,20
OUTPUT,NaN,NaN,NaN,NaN,NaN,NaN

INPUT,0.366287142038345,0.0417602360248566,0.721552848815918,-2.31710648536682,3.07505440711975,-1.7898850440979,K,11
OUTPUT,NaN,NaN,NaN,NaN,NaN,NaN

INPUT,0.371863633394241,0.0426106974482536,0.732767879962921,-2.34719228744507,3.06753325462341,-1.75791549682617,K,12
OUTPUT,NaN,NaN,NaN,NaN,NaN,NaN

INPUT,0.377440124750137,0.0434611551463604,0.743982911109924,-2.37745976448059,3.06008362770081,-1.72611010074615,K,13
OUTPUT,NaN,NaN,NaN,NaN,NaN,NaN

INPUT,0.383016616106033,0.0443116165697575,0.755197942256927,-2.40786457061768,3.05271220207214,-1.69442367553711,K,14
OUTPUT,NaN,NaN,NaN,NaN,NaN,NaN

INPUT,0.388593107461929,0.0451620779931545,0.766412973403931,-2.43837738037109,3.04542636871338,-1.6628246307373,K,15
OUTPUT,NaN,NaN,NaN,NaN,NaN,NaN

INPUT,0.393611967563629,0.045927494764328,0.77650648355484,-2.46591353416443,3.03894805908203,-1.63444185256958,K,16
OUTPUT,NaN,NaN,NaN,NaN,NaN,NaN

INPUT,0.397515505552292,0.046522818505764,0.784357011318207,-2.48737192153931,3.03396439552307,-1.6123948097229,K,17
OUTPUT,NaN,NaN,NaN,NaN,NaN,NaN

INPUT,0.40030375123024,0.0469480492174625,0.789964497089386,-2.50271892547607,3.03043580055237,-1.59665954113007,K,18
OUTPUT,NaN,NaN,NaN,NaN,NaN,NaN

INPUT,0.401976674795151,0.0472031868994236,0.793329000473022,-2.51193451881409,3.02833127975464,-1.58722281455994,K,19
OUTPUT,NaN,NaN,NaN,NaN,NaN,NaN

INPUT,0.402534335851669,0.0472882315516472,0.794450521469116,-2.51500749588013,3.02763199806213,-1.58407783508301,K,20
OUTPUT,NaN,NaN,NaN,NaN,NaN,NaN

INPUT,0.372577607631683,0.046705886721611,0.720467150211334,-2.35029268264771,3.03215622901917,-1.8569792509079,K,11
OUTPUT,NaN,NaN,NaN,NaN,NaN,NaN

INPUT,0.378894358873367,0.0481382943689823,0.731553614139557,-2.37885713577271,3.01968431472778,-1.82739520072937,K,12
OUTPUT,NaN,NaN,NaN,NaN,NaN,NaN

INPUT,0.385211110115051,0.0495707057416439,0.742640018463135,-2.40753769874573,3.00731539726257,-1.7978835105896,K,13
OUTPUT,NaN,NaN,NaN,NaN,NaN,NaN

INPUT,0.391527861356735,0.0510031171143055,0.753726482391357,-2.43631219863892,2.99505996704102,-1.76841723918915,K,14
OUTPUT,NaN,NaN,NaN,NaN,NaN,NaN

INPUT,0.397844612598419,0.0524355284869671,0.764812886714935,-2.46516609191895,2.98292827606201,-1.73897814750671,K,15
OUTPUT,NaN,NaN,NaN,NaN,NaN,NaN

INPUT,0.403529703617096,0.0537246987223625,0.774790704250336,-2.4911937713623,2.97212433815002,-1.7124947309494,K,16
OUTPUT,NaN,NaN,NaN,NaN,NaN,NaN

INPUT,0.407951444387436,0.0547273866832256,0.782551229000092,-2.51147317886353,2.96380138397217,-1.69189882278442,K,17
OUTPUT,NaN,NaN,NaN,NaN,NaN,NaN

INPUT,0.411109805107117,0.0554435923695564,0.788094401359558,-2.52597618103027,2.95790147781372,-1.67718720436096,K,18
OUTPUT,NaN,NaN,NaN,NaN,NaN,NaN

INPUT,0.413004845380783,0.0558733120560646,0.791420340538025,-2.5346851348877,2.95438003540039,-1.66835951805115,K,19
OUTPUT,NaN,NaN,NaN,NaN,NaN,NaN

INPUT,0.41363650560379,0.0560165531933308,0.792528986930847,-2.53758907318115,2.953209400177,-1.6654167175293,K,20
OUTPUT,NaN,NaN,NaN,NaN,NaN,NaN

INPUT,0.371406137943268,0.0422984026372433,0.720458209514618,-2.51568245887756,3.05838322639465,-1.87549591064453,K,11
OUTPUT,NaN,NaN,NaN,NaN,NaN,NaN

INPUT,0.377584755420685,0.0432121865451336,0.731544554233551,-2.55276799201965,3.04909300804138,-1.83718812465668,K,12
OUTPUT,NaN,NaN,NaN,NaN,NaN,NaN

INPUT,0.383763402700424,0.0441259704530239,0.742630839347839,-2.58998036384583,3.03993391990662,-1.79897522926331,K,13
OUTPUT,NaN,NaN,NaN,NaN,NaN,NaN

INPUT,0.389942020177841,0.0450397543609142,0.753717184066772,-2.62729239463806,3.03091955184937,-1.76082694530487,K,14
OUTPUT,NaN,NaN,NaN,NaN,NaN,NaN

INPUT,0.396120637655258,0.0459535345435143,0.764803528785706,-2.66468548774719,3.02206206321716,-1.7227224111557,K,15
OUTPUT,NaN,NaN,NaN,NaN,NaN,NaN

INPUT,0.401681393384933,0.0467759408056736,0.774781227111816,-2.69839811325073,3.014235496521,-1.68845331668854,K,16
OUTPUT,NaN,NaN,NaN,NaN,NaN,NaN

INPUT,0.406006425619125,0.047415591776371,0.782541632652283,-2.72465300559998,3.00824928283691,-1.66181027889252,K,17
OUTPUT,NaN,NaN,NaN,NaN,NaN,NaN

INPUT,0.409095734357834,0.0478724837303162,0.788084805011749,-2.7434229850769,3.00402998924255,-1.6427835226059,K,18
OUTPUT,NaN,NaN,NaN,NaN,NaN,NaN

INPUT,0.410949319601059,0.0481466166675091,0.791410684585571,-2.75469136238098,3.00152182579041,-1.63136851787567,K,19
OUTPUT,NaN,NaN,NaN,NaN,NaN,NaN

INPUT,0.411567181348801,0.0482379943132401,0.792519330978394,-2.75844860076904,3.00068974494934,-1.62756359577179,K,20
OUTPUT,NaN,NaN,NaN,NaN,NaN,NaN

INPUT,0.368405014276505,0.0338541716337204,0.731375753879547,-2.49325084686279,3.12337136268616,-1.94419538974762,K,5
OUTPUT,NaN,NaN,NaN,NaN,NaN,NaN

INPUT,0.376350492238998,0.0337108671665192,0.747114837169647,-2.53094434738159,3.12079071998596,-1.8845249414444,K,6
OUTPUT,NaN,NaN,NaN,NaN,NaN,NaN

INPUT,0.382530331611633,0.0335994064807892,0.759356319904327,-2.56184768676758,3.11882352828979,-1.83999371528625,K,7
OUTPUT,NaN,NaN,NaN,NaN,NaN,NaN

INPUT,0.386944472789764,0.0335197933018208,0.768100261688232,-2.58447456359863,3.11744475364685,-1.80902552604675,K,8
OUTPUT,NaN,NaN,NaN,NaN,NaN,NaN

INPUT,0.389592975378036,0.0334720239043236,0.773346602916718,-2.59820580482483,3.11662936210632,-1.79075026512146,K,9
OUTPUT,NaN,NaN,NaN,NaN,NaN,NaN

INPUT,0.36676436662674,0.0409344621002674,0.71601128578186,-2.31481647491455,3.07464909553528,-1.80256032943726,K,4
OUTPUT,NaN,NaN,NaN,NaN,NaN,NaN

INPUT,0.375745236873627,0.0422633290290833,0.731514811515808,-2.36697387695313,3.06176805496216,-1.7434093952179,K,5
OUTPUT,NaN,NaN,NaN,NaN,NaN,NaN

INPUT,0.384726107120514,0.0435921996831894,0.747018396854401,-2.42012405395508,3.04913330078125,-1.6851943731308,K,6
OUTPUT,NaN,NaN,NaN,NaN,NaN,NaN

INPUT,0.391711205244064,0.0446257628500462,0.759076714515686,-2.46169877052307,3.03955101966858,-1.64055299758911,K,7
OUTPUT,NaN,NaN,NaN,NaN,NaN,NaN

INPUT,0.396700590848923,0.0453640259802341,0.767689764499664,-2.49136090278625,3.03286838531494,-1.60904061794281,K,8
OUTPUT,NaN,NaN,NaN,NaN,NaN,NaN

INPUT,0.399694204330444,0.0458069816231728,0.77285760641098,-2.50910520553589,3.02893161773682,-1.59029686450958,K,9
OUTPUT,NaN,NaN,NaN,NaN,NaN,NaN

INPUT,0.372918516397476,0.0452595055103302,0.715823113918304,-2.33949589729309,3.03159785270691,-1.86138415336609,K,4
OUTPUT,NaN,NaN,NaN,NaN,NaN,NaN

INPUT,0.382880806922913,0.0475438833236694,0.730927109718323,-2.39219164848328,3.01020979881287,-1.80950367450714,K,5
OUTPUT,NaN,NaN,NaN,NaN,NaN,NaN

INPUT,0.392843097448349,0.0498282574117184,0.746031165122986,-2.44484686851501,2.98918032646179,-1.75743675231934,K,6
OUTPUT,NaN,NaN,NaN,NaN,NaN,NaN

INPUT,0.400591522455215,0.0516049936413765,0.757778763771057,-2.48561716079712,2.97318339347839,-1.71702218055725,K,7
OUTPUT,NaN,NaN,NaN,NaN,NaN,NaN

INPUT,0.406126141548157,0.0528740920126438,0.766169905662537,-2.51456642150879,2.96199631690979,-1.68828701972961,K,8
OUTPUT,NaN,NaN,NaN,NaN,NaN,NaN

INPUT,0.409446895122528,0.0536355525255203,0.771204590797424,-2.53184628486633,2.9553918838501,-1.67112290859222,K,9
OUTPUT,NaN,NaN,NaN,NaN,NaN,NaN

INPUT,0.371751934289932,0.0415137521922588,0.715451002120972,-2.5101945400238,3.05830454826355,-1.88708746433258,K,4
OUTPUT,NaN,NaN,NaN,NaN,NaN,NaN

INPUT,0.381601691246033,0.0430157519876957,0.730609774589539,-2.57518362998962,3.04237627983093,-1.81782042980194,K,5
OUTPUT,NaN,NaN,NaN,NaN,NaN,NaN

INPUT,0.391451448202133,0.0445177517831326,0.74576860666275,-2.64081048965454,3.02689433097839,-1.74908638000488,K,6
OUTPUT,NaN,NaN,NaN,NaN,NaN,NaN

INPUT,0.399112343788147,0.0456859767436981,0.757558763027191,-2.69215321540833,3.0152063369751,-1.69584560394287,K,7
OUTPUT,NaN,NaN,NaN,NaN,NaN,NaN

INPUT,0.404584437608719,0.0465204194188118,0.765980362892151,-2.72894954681396,3.00706696510315,-1.6578928232193,K,8
OUTPUT,NaN,NaN,NaN,NaN,NaN,NaN

INPUT,0.407867699861526,0.0470210872590542,0.77103328704834,-2.75106906890869,3.002272605896,-1.63514351844788,K,9
OUTPUT,NaN,NaN,NaN,NaN,NaN,NaN

INPUT,0.363703191280365,0.019855622202158,0.737189292907715,1.18298470973969,3.05293989181519,1.55613303184509,K,5
OUTPUT,NaN,NaN,NaN,NaN,NaN,NaN

INPUT,0.369754135608673,0.0177075453102589,0.750899195671082,1.15002930164337,3.04020428657532,1.57953357696533,K,6
OUTPUT,NaN,NaN,NaN,NaN,NaN,NaN

INPUT,0.374460399150848,0.0160368178039789,0.761562466621399,1.1251722574234,3.03036594390869,1.59847402572632,K,7
OUTPUT,NaN,NaN,NaN,NaN,NaN,NaN

INPUT,0.377822041511536,0.0148434415459633,0.769179105758667,1.10774338245392,3.02338337898254,1.61228430271149,K,8
OUTPUT,NaN,NaN,NaN,NaN,NaN,NaN

INPUT,0.379839032888412,0.0141274156048894,0.773749113082886,1.09739887714386,3.01921439170837,1.62065839767456,K,9
OUTPUT,NaN,NaN,NaN,NaN,NaN,NaN

INPUT,0.367015659809113,0.0416638590395451,0.722111880779266,-2.38670587539673,3.07140636444092,-1.67935740947723,K,11
OUTPUT,NaN,NaN,NaN,NaN,NaN,NaN

INPUT,0.372677594423294,0.0425029918551445,0.733392715454102,-2.4274160861969,3.06365036964417,-1.63679492473602,K,12
OUTPUT,NaN,NaN,NaN,NaN,NaN,NaN

INPUT,0.378339558839798,0.0433421246707439,0.744673550128937,-2.4683051109314,3.05602931976318,-1.59438610076904,K,13
OUTPUT,NaN,NaN,NaN,NaN,NaN,NaN

INPUT,0.384001523256302,0.0441812574863434,0.755954384803772,-2.5093309879303,3.0485565662384,-1.55208730697632,K,14
OUTPUT,NaN,NaN,NaN,NaN,NaN,NaN

INPUT,0.389663487672806,0.0450203940272331,0.767235219478607,-2.55046486854553,3.0412449836731,-1.50986778736115,K,15
OUTPUT,NaN,NaN,NaN,NaN,NaN,NaN

INPUT,0.394759237766266,0.0457756146788597,0.777387976646423,-2.58756113052368,3.03481292724609,-1.47192001342773,K,16
OUTPUT,NaN,NaN,NaN,NaN,NaN,NaN

INPUT,0.398722618818283,0.0463630072772503,0.785284519195557,-2.61645579338074,3.02991366386414,-1.44242990016937,K,17
OUTPUT,NaN,NaN,NaN,NaN,NaN,NaN

INPUT,0.401553571224213,0.0467825755476952,0.790924966335297,-2.63711547851563,3.0264720916748,-1.42137610912323,K,18
OUTPUT,NaN,NaN,NaN,NaN,NaN,NaN

INPUT,0.403252154588699,0.0470343120396137,0.794309198856354,-2.64951848983765,3.02443099021912,-1.4087473154068,K,19
OUTPUT,NaN,NaN,NaN,NaN,NaN,NaN

INPUT,0.403818368911743,0.0471182279288769,0.795437276363373,-2.65365409851074,3.02375459671021,-1.40453839302063,K,20
OUTPUT,NaN,NaN,NaN,NaN,NaN,NaN

INPUT,0.360915869474411,0.0334040187299252,0.73339980840683,-2.47137689590454,3.13894772529602,-1.89126920700073,K,12
OUTPUT,NaN,NaN,NaN,NaN,NaN,NaN

INPUT,0.365339905023575,0.0332853943109512,0.744681358337402,-2.48361396789551,3.1387677192688,-1.84246361255646,K,13
OUTPUT,NaN,NaN,NaN,NaN,NaN,NaN

INPUT,0.369763910770416,0.0331667736172676,0.75596296787262,-2.4980320930481,3.13858938217163,-1.79583954811096,K,14
OUTPUT,NaN,NaN,NaN,NaN,NaN,NaN

INPUT,0.37418794631958,0.0330481454730034,0.767244577407837,-2.5142457485199,3.13841319084167,-1.75101041793823,K,15
OUTPUT,NaN,NaN,NaN,NaN,NaN,NaN

INPUT,0.378169566392899,0.0329413861036301,0.77739804983139,-2.53012156486511,3.13825678825378,-1.71194803714752,K,16
OUTPUT,NaN,NaN,NaN,NaN,NaN,NaN

INPUT,0.381266385316849,0.0328583493828773,0.785295188426971,-2.54319143295288,3.13813638687134,-1.68228793144226,K,17
OUTPUT,NaN,NaN,NaN,NaN,NaN,NaN

INPUT,0.383478403091431,0.0327990353107452,0.790935933589935,-2.55287003517151,3.13805150985718,-1.66144561767578,K,18
OUTPUT,NaN,NaN,NaN,NaN,NaN,NaN

INPUT,0.384805589914322,0.032763447612524,0.794320464134216,-2.55880403518677,3.13800072669983,-1.64906668663025,K,19
OUTPUT,NaN,NaN,NaN,NaN,NaN,NaN

INPUT,0.385248005390167,0.0327515862882137,0.79544860124588,-2.56080222129822,3.13798379898071,-1.64496052265167,K,20
OUTPUT,NaN,NaN,NaN,NaN,NaN,NaN

INPUT,0.379236489534378,0.0383619256317616,0.71914267539978,-2.67261242866516,3.01963996887207,-1.9672908782959,K,11
OUTPUT,NaN,NaN,NaN,NaN,NaN,NaN

INPUT,0.386336535215378,0.0388124883174896,0.730074226856232,-2.71388411521912,3.00610947608948,-1.92536807060242,K,12
OUTPUT,NaN,NaN,NaN,NaN,NaN,NaN

INPUT,0.393436580896378,0.0392630510032177,0.741005837917328,-2.75525236129761,2.99281311035156,-1.88346576690674,K,13
OUTPUT,NaN,NaN,NaN,NaN,NaN,NaN

INPUT,0.400536626577377,0.0397136174142361,0.751937448978424,-2.7967050075531,2.97977375984192,-1.84156608581543,K,14
OUTPUT,NaN,NaN,NaN,NaN,NaN,NaN

INPUT,0.407636672258377,0.0401641800999641,0.76286906003952,-2.83823394775391,2.96701455116272,-1.79965579509735,K,15
OUTPUT,NaN,NaN,NaN,NaN,NaN,NaN

INPUT,0.414026707410812,0.0405696853995323,0.772707462310791,-2.87567162513733,2.95578932762146,-1.76191937923431,K,16
OUTPUT,NaN,NaN,NaN,NaN,NaN,NaN

INPUT,0.418996751308441,0.040885079652071,0.7803595662117,-2.90482831001282,2.94723844528198,-1.73255372047424,K,17
OUTPUT,NaN,NaN,NaN,NaN,NaN,NaN

INPUT,0.422546774148941,0.0411103628575802,0.785825371742249,-2.92567443847656,2.94123148918152,-1.71156883239746,K,18
OUTPUT,NaN,NaN,NaN,NaN,NaN,NaN

INPUT,0.424676775932312,0.0412455312907696,0.789104878902435,-2.9381902217865,2.937668800354,-1.69897401332855,K,19
OUTPUT,NaN,NaN,NaN,NaN,NaN,NaN

INPUT,0.425386786460876,0.0412905886769295,0.790198028087616,-2.94236350059509,2.93648838996887,-1.69477498531342,K,20
OUTPUT,NaN,NaN,NaN,NaN,NaN,NaN

INPUT,0.38077375292778,0.0452104285359383,0.71900349855423,-2.46473932266235,3.00367093086243,-1.66763961315155,K,11
OUTPUT,NaN,NaN,NaN,NaN,NaN,NaN

INPUT,0.388054728507996,0.0464670024812222,0.729917764663696,-2.51135110855103,2.98856329917908,-1.62015461921692,K,12
OUTPUT,NaN,NaN,NaN,NaN,NaN,NaN

INPUT,0.395335704088211,0.0477235727012157,0.740832030773163,-2.55809426307678,2.97379350662231,-1.57269334793091,K,13
OUTPUT,NaN,NaN,NaN,NaN,NaN,NaN

INPUT,0.402616649866104,0.0489801429212093,0.751746296882629,-2.60495257377625,2.95939445495605,-1.52523183822632,K,14
OUTPUT,NaN,NaN,NaN,NaN,NaN,NaN

INPUT,0.409897655248642,0.0502367168664932,0.762660562992096,-2.65191555023193,2.94539904594421,-1.47775256633759,K,15
OUTPUT,NaN,NaN,NaN,NaN,NaN,NaN

INPUT,0.416450530290604,0.0513676330447197,0.77248340845108,-2.6942663192749,2.93317413330078,-1.43499565124512,K,16
OUTPUT,NaN,NaN,NaN,NaN,NaN,NaN

INPUT,0.421547204256058,0.0522472336888313,0.7801234126091,-2.72725820541382,2.92392420768738,-1.40171885490417,K,17
OUTPUT,NaN,NaN,NaN,NaN,NaN,NaN

INPUT,0.425187706947327,0.0528755187988281,0.785580575466156,-2.75085115432739,2.91746163368225,-1.3779364824295,K,18
OUTPUT,NaN,NaN,NaN,NaN,NaN,NaN

INPUT,0.427371978759766,0.0532524883747101,0.788854837417603,-2.76501750946045,2.91364407539368,-1.36366152763367,K,19
OUTPUT,NaN,NaN,NaN,NaN,NaN,NaN

INPUT,0.428100079298019,0.0533781461417675,0.789946258068085,-2.76974153518677,2.91238141059875,-1.35890221595764,K,20
OUTPUT,NaN,NaN,NaN,NaN,NaN,NaN

INPUT,0.360898911952972,0.0361226163804531,0.733578681945801,-2.17070698738098,3.13316583633423,-1.82331049442291,K,12
OUTPUT,NaN,NaN,NaN,NaN,NaN,NaN

INPUT,0.365321099758148,0.0362901017069817,0.744879126548767,-2.18178558349609,3.13236474990845,-1.79773509502411,K,13
OUTPUT,NaN,NaN,NaN,NaN,NaN,NaN

INPUT,0.369743287563324,0.0364575833082199,0.756179630756378,-2.19399499893188,3.13156771659851,-1.77336454391479,K,14
OUTPUT,NaN,NaN,NaN,NaN,NaN,NaN

INPUT,0.374165445566177,0.0366250686347485,0.767480075359344,-2.20706248283386,3.13077616691589,-1.7499498128891,K,15
OUTPUT,NaN,NaN,NaN,NaN,NaN,NaN

INPUT,0.378145426511765,0.0367758013308048,0.777650475502014,-2.21939015388489,3.13006854057312,-1.72954666614532,K,16
OUTPUT,NaN,NaN,NaN,NaN,NaN,NaN

INPUT,0.381240963935852,0.0368930399417877,0.785560846328735,-2.22927355766296,3.12952208518982,-1.71405208110809,K,17
OUTPUT,NaN,NaN,NaN,NaN,NaN,NaN

INPUT,0.38345205783844,0.0369767844676971,0.791211068630219,-2.23646473884583,3.12913370132446,-1.70316326618195,K,18
OUTPUT,NaN,NaN,NaN,NaN,NaN,NaN

INPUT,0.384778708219528,0.0370270274579525,0.794601202011108,-2.24082565307617,3.128901720047,-1.69669628143311,K,19
OUTPUT,NaN,NaN,NaN,NaN,NaN,NaN

INPUT,0.385220915079117,0.0370437763631344,0.795731246471405,-2.24228620529175,3.12882447242737,-1.69455122947693,K,20
OUTPUT,NaN,NaN,NaN,NaN,NaN,NaN

INPUT,0.374079525470734,0.0551347434520721,0.71889591217041,-2.07514524459839,3.01636600494385,-1.64610993862152,K,11
OUTPUT,NaN,NaN,NaN,NaN,NaN,NaN

INPUT,0.380572736263275,0.0575586296617985,0.729798495769501,-2.09983062744141,3.00197815895081,-1.62018918991089,K,12
OUTPUT,NaN,NaN,NaN,NaN,NaN,NaN

INPUT,0.387065947055817,0.0599825121462345,0.740701079368591,-2.12465620040894,2.98767924308777,-1.594358086586,K,13
OUTPUT,NaN,NaN,NaN,NaN,NaN,NaN

INPUT,0.393559128046036,0.0624063983559608,0.751603603363037,-2.14959478378296,2.97347903251648,-1.56858420372009,K,14
OUTPUT,NaN,NaN,NaN,NaN,NaN,NaN

INPUT,0.400052338838577,0.0648302808403969,0.762506186962128,-2.17462825775146,2.95938611030579,-1.54284465312958,K,15
OUTPUT,NaN,NaN,NaN,NaN,NaN,NaN

INPUT,0.405896216630936,0.0670117810368538,0.772318542003632,-2.19722986221313,2.94680237770081,-1.51969468593597,K,16
OUTPUT,NaN,NaN,NaN,NaN,NaN,NaN

INPUT,0.41044145822525,0.0687084943056107,0.779950320720673,-2.21485090255737,2.93708491325378,-1.50169312953949,K,17
OUTPUT,NaN,NaN,NaN,NaN,NaN,NaN

INPUT,0.413688063621521,0.0699204429984093,0.785401582717896,-2.227459192276,2.93018293380737,-1.48883473873138,K,18
OUTPUT,NaN,NaN,NaN,NaN,NaN,NaN

INPUT,0.415636003017426,0.0706476047635078,0.788672387599945,-2.23503232002258,2.92605829238892,-1.4811190366745,K,19
OUTPUT,NaN,NaN,NaN,NaN,NaN,NaN

INPUT,0.416285336017609,0.0708899945020676,0.789762616157532,-2.23755788803101,2.92468595504761,-1.47854697704315,K,20
OUTPUT,NaN,NaN,NaN,NaN,NaN,NaN

INPUT,0.357105106115341,0.0302582923322916,0.733476161956787,0.529603183269501,3.13161396980286,1.46755385398865,K,12
OUTPUT,NaN,NaN,NaN,NaN,NaN,NaN

INPUT,0.361127346754074,0.029808446764946,0.744766592979431,0.474930375814438,3.13056254386902,1.51159369945526,K,13
OUTPUT,NaN,NaN,NaN,NaN,NaN,NaN

INPUT,0.365149617195129,0.0293586011976004,0.756057024002075,0.421173006296158,3.12953782081604,1.5565493106842,K,14
OUTPUT,NaN,NaN,NaN,NaN,NaN,NaN

INPUT,0.369171857833862,0.0289087556302547,0.767347514629364,0.368096679449081,3.12854218482971,1.6021865606308,K,15
OUTPUT,NaN,NaN,NaN,NaN,NaN,NaN

INPUT,0.372791886329651,0.0285038948059082,0.777508914470673,0.320775866508484,3.12767314910889,1.64370858669281,K,16
OUTPUT,NaN,NaN,NaN,NaN,NaN,NaN

INPUT,0.375607460737228,0.0281890034675598,0.785412192344666,0.284206479787827,3.12701606750488,1.67623960971832,K,17
OUTPUT,NaN,NaN,NaN,NaN,NaN,NaN

INPUT,0.377618581056595,0.0279640797525644,0.791057407855988,0.258192241191864,3.12655735015869,1.69958293437958,K,18
OUTPUT,NaN,NaN,NaN,NaN,NaN,NaN

INPUT,0.378825277090073,0.0278291273862123,0.794444561004639,0.24262173473835,3.12628650665283,1.71362721920013,K,19
OUTPUT,NaN,NaN,NaN,NaN,NaN,NaN

INPUT,0.379227489233017,0.0277841426432133,0.795573592185974,0.23743762075901,3.12619686126709,1.71831452846527,K,20
OUTPUT,NaN,NaN,NaN,NaN,NaN,NaN

INPUT,0.367503046989441,0.040907196700573,0.716744482517242,-2.38591337203979,3.07099413871765,-1.69719409942627,K,4
OUTPUT,NaN,NaN,NaN,NaN,NaN,NaN

INPUT,0.376566171646118,0.042259506881237,0.732317566871643,-2.45533108711243,3.05779528617859,-1.61839044094086,K,5
OUTPUT,NaN,NaN,NaN,NaN,NaN,NaN

INPUT,0.385629266500473,0.0436118133366108,0.747890591621399,-2.52604961395264,3.04505443572998,-1.540806889534,K,6
OUTPUT,NaN,NaN,NaN,NaN,NaN,NaN

INPUT,0.39267835021019,0.0446636080741882,0.760002970695496,-2.5816433429718,3.03550744056702,-1.48099327087402,K,7
OUTPUT,NaN,NaN,NaN,NaN,NaN,NaN

INPUT,0.397713392972946,0.0454148910939693,0.768654644489288,-2.62158608436584,3.02890205383301,-1.43846714496613,K,8
OUTPUT,NaN,NaN,NaN,NaN,NaN,NaN

INPUT,0.400734424591064,0.0458656623959541,0.773845672607422,-2.64562845230103,3.02502965927124,-1.41301381587982,K,9
OUTPUT,NaN,NaN,NaN,NaN,NaN,NaN

INPUT,0.379675805568695,0.0376111194491386,0.715584635734558,-2.66021084785461,3.01997661590576,-1.97427570819855,K,4
OUTPUT,NaN,NaN,NaN,NaN,NaN,NaN

INPUT,0.390718847513199,0.0383716970682144,0.730152130126953,-2.73486757278442,2.99666976928711,-1.90062415599823,K,5
OUTPUT,NaN,NaN,NaN,NaN,NaN,NaN

INPUT,0.401761889457703,0.0391322746872902,0.744719564914703,-2.80950999259949,2.97415804862976,-1.82671201229095,K,6
OUTPUT,NaN,NaN,NaN,NaN,NaN,NaN

INPUT,0.410350948572159,0.0397238321602345,0.756049811840057,-2.86759924888611,2.95727920532227,-1.76907002925873,K,7
OUTPUT,NaN,NaN,NaN,NaN,NaN,NaN

INPUT,0.416485965251923,0.0401463769376278,0.76414281129837,-2.90912246704102,2.94559574127197,-1.72781980037689,K,8
OUTPUT,NaN,NaN,NaN,NaN,NaN,NaN

INPUT,0.420166999101639,0.0403999015688896,0.768998622894287,-2.9340512752533,2.93874478340149,-1.70303988456726,K,9
OUTPUT,NaN,NaN,NaN,NaN,NaN,NaN

INPUT,0.381465822458267,0.0437107495963573,0.716106414794922,-2.44900941848755,3.00226092338562,-1.67500162124634,K,4
OUTPUT,NaN,NaN,NaN,NaN,NaN,NaN

INPUT,0.392689526081085,0.0458327159285545,0.730496644973755,-2.53390789031982,2.97671413421631,-1.59183347225189,K,5
OUTPUT,NaN,NaN,NaN,NaN,NaN,NaN

INPUT,0.403913199901581,0.0479546785354614,0.744886815547943,-2.61875176429749,2.95232796669006,-1.50826418399811,K,6
OUTPUT,NaN,NaN,NaN,NaN,NaN,NaN

INPUT,0.412642747163773,0.049605093896389,0.756079196929932,-2.6847710609436,2.93427586555481,-1.44303452968597,K,7
OUTPUT,NaN,NaN,NaN,NaN,NaN,NaN

INPUT,0.418878138065338,0.0507839620113373,0.764073729515076,-2.73196220397949,2.92192077636719,-1.39632964134216,K,8
OUTPUT,NaN,NaN,NaN,NaN,NaN,NaN

INPUT,0.422619372606277,0.0514912828803062,0.76887047290802,-2.76029419898987,2.9147367477417,-1.36826419830322,K,9
OUTPUT,NaN,NaN,NaN,NaN,NaN,NaN

INPUT,0.37443733215332,0.0529026463627815,0.714151620864868,-2.06955122947693,3.01499176025391,-1.65477454662323,K,4
OUTPUT,NaN,NaN,NaN,NaN,NaN,NaN

INPUT,0.384810119867325,0.056768674403429,0.728996217250824,-2.11357736587524,2.99052619934082,-1.60760056972504,K,5
OUTPUT,NaN,NaN,NaN,NaN,NaN,NaN

INPUT,0.395182937383652,0.0606347024440765,0.74384081363678,-2.158123254776,2.96637368202209,-1.56077861785889,K,6
OUTPUT,NaN,NaN,NaN,NaN,NaN,NaN

INPUT,0.40325066447258,0.0636416152119637,0.755386650562286,-2.1929030418396,2.94790482521057,-1.52462220191956,K,7
OUTPUT,NaN,NaN,NaN,NaN,NaN,NaN

INPUT,0.409013330936432,0.0657894089818001,0.763633668422699,-2.21773386001587,2.93492460250854,-1.49896132946014,K,8
OUTPUT,NaN,NaN,NaN,NaN,NaN,NaN

INPUT,0.412470906972885,0.0670780837535858,0.768581867218018,-2.2326066493988,2.92723274230957,-1.4836403131485,K,9
OUTPUT,NaN,NaN,NaN,NaN,NaN,NaN

INPUT,0.361315310001373,0.0334942005574703,0.72478199005127,-2.58711218833923,3.13809037208557,-2.04267978668213,K,4
OUTPUT,NaN,NaN,NaN,NaN,NaN,NaN

INPUT,0.367634475231171,0.0332871451973915,0.73819375038147,-2.57890200614929,3.13806581497192,-1.93576371669769,K,5
OUTPUT,NaN,NaN,NaN,NaN,NaN,NaN

INPUT,0.373953610658646,0.0330800861120224,0.751605570316315,-2.57153534889221,3.13803839683533,-1.82969105243683,K,6
OUTPUT,NaN,NaN,NaN,NaN,NaN,NaN

INPUT,0.378868490457535,0.0329190418124199,0.762036979198456,-2.56645226478577,3.13801527023315,-1.74814343452454,K,7
OUTPUT,NaN,NaN,NaN,NaN,NaN,NaN

INPUT,0.382379144430161,0.032804012298584,0.769487977027893,-2.56318783760071,3.13799810409546,-1.69056105613708,K,8
OUTPUT,NaN,NaN,NaN,NaN,NaN,NaN

INPUT,0.3844855427742,0.0327349938452244,0.773958563804626,-2.5613796710968,3.1379873752594,-1.65631926059723,K,9
OUTPUT,NaN,NaN,NaN,NaN,NaN,NaN

INPUT,0.36137193441391,0.0359645895659924,0.72513622045517,-2.2274477481842,3.13258910179138,-1.90186667442322,K,4
OUTPUT,NaN,NaN,NaN,NaN,NaN,NaN

INPUT,0.367642819881439,0.0361973382532597,0.738529443740845,-2.22431373596191,3.13158893585205,-1.83984398841858,K,5
OUTPUT,NaN,NaN,NaN,NaN,NaN,NaN

INPUT,0.373913764953613,0.036430086940527,0.75192266702652,-2.2271044254303,3.13058853149414,-1.78374552726746,K,6
OUTPUT,NaN,NaN,NaN,NaN,NaN,NaN

INPUT,0.378791123628616,0.0366111099720001,0.762339651584625,-2.23239207267761,3.12981367111206,-1.74329566955566,K,7
OUTPUT,NaN,NaN,NaN,NaN,NaN,NaN

INPUT,0.382274955511093,0.0367404147982597,0.769780337810516,-2.23750901222229,3.12926292419434,-1.71580684185028,K,8
OUTPUT,NaN,NaN,NaN,NaN,NaN,NaN

INPUT,0.384365260601044,0.0368179976940155,0.774244725704193,-2.24103951454163,3.12893390655518,-1.69980776309967,K,9
OUTPUT,NaN,NaN,NaN,NaN,NaN,NaN

INPUT,0.36330434679985,0.0298799574375153,0.737757802009583,0.494298249483109,3.13111472129822,1.53430759906769,K,5
OUTPUT,NaN,NaN,NaN,NaN,NaN,NaN

INPUT,0.369144409894943,0.0291515365242958,0.751372337341309,0.398439228534698,3.12927484512329,1.59715938568115,K,6
OUTPUT,NaN,NaN,NaN,NaN,NaN,NaN

INPUT,0.373686701059341,0.0285849869251251,0.761961460113525,0.326894968748093,3.12789511680603,1.64905798435211,K,7
OUTPUT,NaN,NaN,NaN,NaN,NaN,NaN

INPUT,0.376931190490723,0.0281803086400032,0.769525110721588,0.276907593011856,3.12694048881531,1.68724477291107,K,8
OUTPUT,NaN,NaN,NaN,NaN,NaN,NaN

INPUT,0.378877878189087,0.0279375016689301,0.774063289165497,0.247266694903374,3.12638092041016,1.71050870418549,K,9
OUTPUT,NaN,NaN,NaN,NaN,NaN,NaN

INPUT,0.370528280735016,0.0445174351334572,0.720964789390564,-2.36609053611755,3.05110621452332,-1.72438669204712,K,11
OUTPUT,NaN,NaN,NaN,NaN,NaN,NaN

INPUT,0.376602947711945,0.0456919558346272,0.732112526893616,-2.40311932563782,3.04099059104919,-1.68582379817963,K,12
OUTPUT,NaN,NaN,NaN,NaN,NaN,NaN

INPUT,0.382677644491196,0.0468664802610874,0.743260264396667,-2.44030666351318,3.03101849555969,-1.647381067276,K,13
OUTPUT,NaN,NaN,NaN,NaN,NaN,NaN

INPUT,0.388752311468124,0.0480410009622574,0.754407942295074,-2.4776177406311,3.02120423316956,-1.60902070999146,K,14
OUTPUT,NaN,NaN,NaN,NaN,NaN,NaN

INPUT,0.394826978445053,0.0492155253887177,0.765555679798126,-2.5150294303894,3.01156187057495,-1.57071661949158,K,15
OUTPUT,NaN,NaN,NaN,NaN,NaN,NaN

INPUT,0.400294184684753,0.0502725951373577,0.775588631629944,-2.54877257347107,3.00304245948792,-1.53627526760101,K,16
OUTPUT,NaN,NaN,NaN,NaN,NaN,NaN

INPUT,0.404546469449997,0.051094762980938,0.783392012119293,-2.57505917549133,2.99652671813965,-1.5095020532608,K,17
OUTPUT,NaN,NaN,NaN,NaN,NaN,NaN

INPUT,0.407583802938461,0.0516820214688778,0.788965880870819,-2.59385561943054,2.99193453788757,-1.49038350582123,K,18
OUTPUT,NaN,NaN,NaN,NaN,NaN,NaN

INPUT,0.409406214952469,0.0520343780517578,0.792310178279877,-2.60514116287231,2.98920488357544,-1.47891390323639,K,19
OUTPUT,NaN,NaN,NaN,NaN,NaN,NaN

INPUT,0.410013675689697,0.052151832729578,0.793424963951111,-2.60890436172485,2.98829936981201,-1.4750908613205,K,20
OUTPUT,NaN,NaN,NaN,NaN,NaN,NaN

INPUT,0.360219687223434,0.0348417423665524,0.721907436847687,-2.3771378993988,3.13357400894165,-1.74682891368866,K,11
OUTPUT,NaN,NaN,NaN,NaN,NaN,NaN

INPUT,0.365082561969757,0.0348784513771534,0.733163297176361,-2.40669322013855,3.13275861740112,-1.70225381851196,K,12
OUTPUT,NaN,NaN,NaN,NaN,NaN,NaN

INPUT,0.36994543671608,0.0349151641130447,0.744419157505035,-2.43751001358032,3.13195490837097,-1.658940076828,K,13
OUTPUT,NaN,NaN,NaN,NaN,NaN,NaN

INPUT,0.374808311462402,0.0349518731236458,0.755675077438354,-2.46928238868713,3.13116431236267,-1.61658155918121,K,14
OUTPUT,NaN,NaN,NaN,NaN,NaN,NaN

INPUT,0.379671186208725,0.0349885821342468,0.766930937767029,-2.50179529190063,3.13038778305054,-1.57496321201324,K,15
OUTPUT,NaN,NaN,NaN,NaN,NaN,NaN

INPUT,0.384047776460648,0.0350216217339039,0.777061223983765,-2.53156065940857,3.12970185279846,-1.53801035881042,K,16
OUTPUT,NaN,NaN,NaN,NaN,NaN,NaN

INPUT,0.38745179772377,0.0350473187863827,0.784940361976624,-2.5549840927124,3.12917733192444,-1.50954151153564,K,17
OUTPUT,NaN,NaN,NaN,NaN,NaN,NaN

INPUT,0.389883249998093,0.0350656732916832,0.790568292140961,-2.57184100151062,3.12880754470825,-1.48933255672455,K,18
OUTPUT,NaN,NaN,NaN,NaN,NaN,NaN

INPUT,0.391342103481293,0.0350766889750957,0.793945074081421,-2.58200073242188,3.1285879611969,-1.47725260257721,K,19
OUTPUT,NaN,NaN,NaN,NaN,NaN,NaN

INPUT,0.391828387975693,0.0350803583860397,0.795070648193359,-2.58539438247681,3.12851500511169,-1.47323310375214,K,20
OUTPUT,NaN,NaN,NaN,NaN,NaN,NaN

INPUT,0.361248403787613,0.0420907214283943,0.732820868492126,-1.98241126537323,3.09717345237732,-1.70263469219208,K,12
OUTPUT,NaN,NaN,NaN,NaN,NaN,NaN

INPUT,0.365707755088806,0.0428865179419518,0.744040668010712,-1.99563324451447,3.09258985519409,-1.68635988235474,K,13
OUTPUT,NaN,NaN,NaN,NaN,NaN,NaN

INPUT,0.370167136192322,0.0436823144555092,0.755260467529297,-2.00909948348999,3.08802318572998,-1.67036557197571,K,14
OUTPUT,NaN,NaN,NaN,NaN,NaN,NaN

INPUT,0.374626487493515,0.0444781109690666,0.766480267047882,-2.0227415561676,3.08347606658936,-1.6545957326889,K,15
OUTPUT,NaN,NaN,NaN,NaN,NaN,NaN

INPUT,0.378639936447144,0.0451943278312683,0.77657812833786,-2.03512763977051,3.07940268516541,-1.6405633687973,K,16
OUTPUT,NaN,NaN,NaN,NaN,NaN,NaN

INPUT,0.381761491298676,0.0457513853907585,0.784431993961334,-2.04481339454651,3.07624864578247,-1.6297413110733,K,17
OUTPUT,NaN,NaN,NaN,NaN,NaN,NaN

INPUT,0.383991152048111,0.0461492836475372,0.790041863918304,-2.05175256729126,3.07400369644165,-1.62205624580383,K,18
OUTPUT,NaN,NaN,NaN,NaN,NaN,NaN

INPUT,0.385328978300095,0.0463880226016045,0.793407797813416,-2.05592274665833,3.07266020774841,-1.6174623966217,K,19
OUTPUT,NaN,NaN,NaN,NaN,NaN,NaN

INPUT,0.385774910449982,0.0464676022529602,0.794529795646667,-2.05731391906738,3.07221293449402,-1.61593389511108,K,20
OUTPUT,NaN,NaN,NaN,NaN,NaN,NaN

INPUT,0.366212278604507,0.0436236672103405,0.721122741699219,-2.21115565299988,3.07345414161682,-1.78284668922424,K,11
OUTPUT,NaN,NaN,NaN,NaN,NaN,NaN

INPUT,0.371780186891556,0.0446935333311558,0.732286274433136,-2.2354199886322,3.06566882133484,-1.75670063495636,K,12
OUTPUT,NaN,NaN,NaN,NaN,NaN,NaN

INPUT,0.377348124980927,0.0457634031772614,0.743449807167053,-2.25986623764038,3.05793166160583,-1.73072171211243,K,13
OUTPUT,NaN,NaN,NaN,NaN,NaN,NaN

INPUT,0.382916063070297,0.0468332692980766,0.75461333990097,-2.28444981575012,3.05024766921997,-1.70486390590668,K,14
OUTPUT,NaN,NaN,NaN,NaN,NaN,NaN

INPUT,0.388483971357346,0.0479031354188919,0.765776872634888,-2.30914092063904,3.04262161254883,-1.67909574508667,K,15
OUTPUT,NaN,NaN,NaN,NaN,NaN,NaN

INPUT,0.393495112657547,0.048866018652916,0.775824069976807,-2.3314368724823,3.03581190109253,-1.6559624671936,K,16
OUTPUT,NaN,NaN,NaN,NaN,NaN,NaN

INPUT,0.39739266037941,0.0496149249374866,0.783638536930084,-2.34881925582886,3.03055286407471,-1.63799965381622,K,17
OUTPUT,NaN,NaN,NaN,NaN,NaN,NaN

INPUT,0.400176644325256,0.0501498579978943,0.789220333099365,-2.36125469207764,3.02681756019592,-1.62518203258514,K,18
OUTPUT,NaN,NaN,NaN,NaN,NaN,NaN

INPUT,0.401847004890442,0.0504708178341389,0.792569398880005,-2.36872291564941,3.02458500862122,-1.61749601364136,K,19
OUTPUT,NaN,NaN,NaN,NaN,NaN,NaN

INPUT,0.402403801679611,0.0505778044462204,0.793685734272003,-2.37121367454529,3.02384233474731,-1.61493480205536,K,20
OUTPUT,NaN,NaN,NaN,NaN,NaN,NaN

INPUT,0.370900928974152,0.0434315055608749,0.715963184833527,-2.36108350753784,3.05060410499573,-1.73695969581604,K,4
OUTPUT,NaN,NaN,NaN,NaN,NaN,NaN

INPUT,0.380557954311371,0.0453292913734913,0.73123574256897,-2.42579102516174,3.0333685874939,-1.66693353652954,K,5
OUTPUT,NaN,NaN,NaN,NaN,NaN,NaN

INPUT,0.390214949846268,0.0472270771861076,0.746508300304413,-2.49128317832947,3.01662278175354,-1.59756779670715,K,6
OUTPUT,NaN,NaN,NaN,NaN,NaN,NaN

INPUT,0.397725939750671,0.048703134059906,0.7583869099617,-2.54259037971497,3.003986120224,-1.54389011859894,K,7
OUTPUT,NaN,NaN,NaN,NaN,NaN,NaN

INPUT,0.403090924024582,0.0497574582695961,0.766871690750122,-2.5793890953064,2.99518942832947,-1.50564503669739,K,8
OUTPUT,NaN,NaN,NaN,NaN,NaN,NaN

INPUT,0.406309932470322,0.0503900535404682,0.771962523460388,-2.60151958465576,2.99000930786133,-1.4827264547348,K,9
OUTPUT,NaN,NaN,NaN,NaN,NaN,NaN

INPUT,0.369125366210938,0.0348414108157158,0.731357336044312,-2.46333646774292,3.13164401054382,-1.71681380271912,K,5
OUTPUT,NaN,NaN,NaN,NaN,NaN,NaN

INPUT,0.377218514680862,0.0348777212202549,0.747094750404358,-2.50330018997192,3.13047862052917,-1.62514817714691,K,6
OUTPUT,NaN,NaN,NaN,NaN,NaN,NaN

INPUT,0.383513152599335,0.0349059626460075,0.759334921836853,-2.53780484199524,3.1296010017395,-1.55727422237396,K,7
OUTPUT,NaN,NaN,NaN,NaN,NaN,NaN

INPUT,0.388009339570999,0.0349261350929737,0.768077909946442,-2.56385564804077,3.12899160385132,-1.51019704341888,K,8
OUTPUT,NaN,NaN,NaN,NaN,NaN,NaN

INPUT,0.390707045793533,0.0349382385611534,0.773323714733124,-2.57995653152466,3.12863326072693,-1.48242104053497,K,9
OUTPUT,NaN,NaN,NaN,NaN,NaN,NaN

INPUT,0.366698801517487,0.0426274836063385,0.715517401695251,-2.20951342582703,3.07288885116577,-1.79353082180023,K,4
OUTPUT,NaN,NaN,NaN,NaN,NaN,NaN

INPUT,0.375703811645508,0.0442988537251949,0.730951547622681,-2.2514328956604,3.05960965156555,-1.74513828754425,K,5
OUTPUT,NaN,NaN,NaN,NaN,NaN,NaN

INPUT,0.384708791971207,0.0459702238440514,0.74638569355011,-2.29427456855774,3.04649686813354,-1.69761919975281,K,6
OUTPUT,NaN,NaN,NaN,NaN,NaN,NaN

INPUT,0.391712665557861,0.0472701787948608,0.758390069007874,-2.32789993286133,3.03646469116211,-1.66116559505463,K,7
OUTPUT,NaN,NaN,NaN,NaN,NaN,NaN

INPUT,0.396715432405472,0.0481987185776234,0.766964614391327,-2.35196924209595,3.02941012382507,-1.63539123535156,K,8
OUTPUT,NaN,NaN,NaN,NaN,NaN,NaN

INPUT,0.399717092514038,0.0487558394670486,0.77210932970047,-2.36640501022339,3.02522754669189,-1.62003493309021,K,9
OUTPUT,NaN,NaN,NaN,NaN,NaN,NaN

INPUT,0.361718505620956,0.0410248227417469,0.72478586435318,-1.98053538799286,3.09722495079041,-1.71943891048431,K,4
OUTPUT,NaN,NaN,NaN,NaN,NaN,NaN

INPUT,0.367914795875549,0.0421411320567131,0.737966120243073,-1.99959444999695,3.09055542945862,-1.6907422542572,K,5
OUTPUT,NaN,NaN,NaN,NaN,NaN,NaN

INPUT,0.37411105632782,0.0432574450969696,0.751146376132965,-2.01976919174194,3.08391404151917,-1.66315352916718,K,6
OUTPUT,NaN,NaN,NaN,NaN,NaN,NaN

INPUT,0.378930389881134,0.0441256873309612,0.761397659778595,-2.0359890460968,3.07877540588379,-1.64225280284882,K,7
OUTPUT,NaN,NaN,NaN,NaN,NaN,NaN

INPUT,0.382372736930847,0.0447458624839783,0.768720030784607,-2.04778170585632,3.07512283325195,-1.62756240367889,K,8
OUTPUT,NaN,NaN,NaN,NaN,NaN,NaN

INPUT,0.384438186883926,0.0451179668307304,0.773113429546356,-2.05492353439331,3.07293939590454,-1.61883139610291,K,9
OUTPUT,NaN,NaN,NaN,NaN,NaN,NaN

INPUT,0.361405342817307,0.0378161855041981,0.733133018016815,-2.3298454284668,3.13092398643494,-1.77033984661102,K,12
OUTPUT,NaN,NaN,NaN,NaN,NaN,NaN

INPUT,0.365880876779556,0.0381620340049267,0.744386315345764,-2.35397481918335,3.12991642951965,-1.73559427261353,K,13
OUTPUT,NaN,NaN,NaN,NaN,NaN,NaN

INPUT,0.370356410741806,0.0385078862309456,0.755639553070068,-2.37894415855408,3.12891912460327,-1.70168840885162,K,14
OUTPUT,NaN,NaN,NaN,NaN,NaN,NaN

INPUT,0.374831944704056,0.0388537347316742,0.766892850399017,-2.4045627117157,3.12793231010437,-1.66843128204346,K,15
OUTPUT,NaN,NaN,NaN,NaN,NaN,NaN

INPUT,0.37885993719101,0.0391650013625622,0.777020812034607,-2.42806029319763,3.12705421447754,-1.63894045352936,K,16
OUTPUT,NaN,NaN,NaN,NaN,NaN,NaN

INPUT,0.381992787122726,0.0394070968031883,0.784898102283478,-2.44657444953918,3.12637805938721,-1.61624109745026,K,17
OUTPUT,NaN,NaN,NaN,NaN,NaN,NaN

INPUT,0.384230554103851,0.0395800247788429,0.790524780750275,-2.45990872383118,3.12589907646179,-1.60013723373413,K,18
OUTPUT,NaN,NaN,NaN,NaN,NaN,NaN

INPUT,0.385573238134384,0.0396837778389454,0.793900728225708,-2.4679491519928,3.12561345100403,-1.5905145406723,K,19
OUTPUT,NaN,NaN,NaN,NaN,NaN,NaN

INPUT,0.38602077960968,0.0397183634340763,0.795026063919067,-2.47063541412354,3.12551832199097,-1.58731317520142,K,20
OUTPUT,NaN,NaN,NaN,NaN,NaN,NaN

INPUT,0.372994869947433,0.0551048889756203,0.71948653459549,-2.06678795814514,3.01141667366028,-1.71685981750488,K,11
OUTPUT,NaN,NaN,NaN,NaN,NaN,NaN

INPUT,0.379359811544418,0.057525098323822,0.730459928512573,-2.08682179450989,2.99636840820313,-1.69561207294464,K,12
OUTPUT,NaN,NaN,NaN,NaN,NaN,NaN

INPUT,0.385724753141403,0.0599453113973141,0.741433382034302,-2.10699200630188,2.98138165473938,-1.67445540428162,K,13
OUTPUT,NaN,NaN,NaN,NaN,NaN,NaN

INPUT,0.392089694738388,0.0623655207455158,0.752406716346741,-2.12727069854736,2.96646308898926,-1.65335810184479,K,14
OUTPUT,NaN,NaN,NaN,NaN,NaN,NaN

INPUT,0.398454636335373,0.0647857338190079,0.763380110263824,-2.14764070510864,2.95161914825439,-1.63229751586914,K,15
OUTPUT,NaN,NaN,NaN,NaN,NaN,NaN

INPUT,0.404183089733124,0.0669639259576797,0.773256182670593,-2.16604161262512,2.93832874298096,-1.613361120224,K,16
OUTPUT,NaN,NaN,NaN,NaN,NaN,NaN

INPUT,0.408638566732407,0.0686580687761307,0.780937552452087,-2.18039345741272,2.92804026603699,-1.59863829612732,K,17
OUTPUT,NaN,NaN,NaN,NaN,NaN,NaN

INPUT,0.411821037530899,0.0698681771755219,0.786424279212952,-2.19066524505615,2.92071866989136,-1.58812272548676,K,18
OUTPUT,NaN,NaN,NaN,NaN,NaN,NaN

INPUT,0.413730531930923,0.0705942362546921,0.789716303348541,-2.19683599472046,2.91633701324463,-1.58181321620941,K,19
OUTPUT,NaN,NaN,NaN,NaN,NaN,NaN

INPUT,0.414367020130157,0.0708362609148026,0.790813624858856,-2.19889426231384,2.91487836837769,-1.57970988750458,K,20
OUTPUT,NaN,NaN,NaN,NaN,NaN,NaN

INPUT,0.367288827896118,0.0422854162752628,0.721570312976837,-2.29011487960815,3.08002066612244,-1.84361815452576,K,11
OUTPUT,NaN,NaN,NaN,NaN,NaN,NaN

INPUT,0.372983336448669,0.043197862803936,0.732786595821381,-2.31543326377869,3.07301020622253,-1.81639325618744,K,12
OUTPUT,NaN,NaN,NaN,NaN,NaN,NaN

INPUT,0.378677845001221,0.0441103056073189,0.744002819061279,-2.34093403816223,3.06604719161987,-1.78933823108673,K,13
OUTPUT,NaN,NaN,NaN,NaN,NaN,NaN

INPUT,0.384372353553772,0.0450227521359921,0.755219042301178,-2.3665726184845,3.05913615226746,-1.76240730285645,K,14
OUTPUT,NaN,NaN,NaN,NaN,NaN,NaN

INPUT,0.390066862106323,0.0459351949393749,0.766435325145721,-2.3923180103302,3.05228209495544,-1.73556816577911,K,15
OUTPUT,NaN,NaN,NaN,NaN,NaN,NaN

INPUT,0.39519190788269,0.0467563979327679,0.776529908180237,-2.41556262969971,3.04616594314575,-1.71147310733795,K,16
OUTPUT,NaN,NaN,NaN,NaN,NaN,NaN

INPUT,0.399178087711334,0.0473951101303101,0.78438127040863,-2.43368220329285,3.04144549369812,-1.69276344776154,K,17
OUTPUT,NaN,NaN,NaN,NaN,NaN,NaN

INPUT,0.40202534198761,0.0478513315320015,0.789989411830902,-2.4466438293457,3.03809452056885,-1.67941331863403,K,18
OUTPUT,NaN,NaN,NaN,NaN,NaN,NaN

INPUT,0.403733670711517,0.0481250658631325,0.793354272842407,-2.45442795753479,3.03609251976013,-1.67140793800354,K,19
OUTPUT,NaN,NaN,NaN,NaN,NaN,NaN

INPUT,0.404303133487701,0.0482163093984127,0.794475913047791,-2.45702362060547,3.0354266166687,-1.66874015331268,K,20
OUTPUT,NaN,NaN,NaN,NaN,NaN,NaN

INPUT,0.37273970246315,0.0376407727599144,0.722203075885773,-2.70703125,3.0628387928009,-2.07819128036499,K,11
OUTPUT,NaN,NaN,NaN,NaN,NaN,NaN

INPUT,0.379075646400452,0.0380067639052868,0.733493685722351,-2.74367570877075,3.05404424667358,-2.04079031944275,K,12
OUTPUT,NaN,NaN,NaN,NaN,NaN,NaN

INPUT,0.385411620140076,0.0383727513253689,0.744784295558929,-2.78040289878845,3.04536986351013,-2.00344347953796,K,13
OUTPUT,NaN,NaN,NaN,NaN,NaN,NaN

INPUT,0.391747564077377,0.038738738745451,0.756074845790863,-2.81719636917114,3.03682708740234,-1.96613252162933,K,14
OUTPUT,NaN,NaN,NaN,NaN,NaN,NaN

INPUT,0.398083508014679,0.0391047261655331,0.767365515232086,-2.85404491424561,3.02842783927917,-1.92884361743927,K,15
OUTPUT,NaN,NaN,NaN,NaN,NaN,NaN

INPUT,0.403785884380341,0.0394341163337231,0.777527034282684,-2.88724946975708,3.02100110054016,-1.89529466629028,K,16
OUTPUT,NaN,NaN,NaN,NaN,NaN,NaN

INPUT,0.408221065998077,0.0396903082728386,0.785430490970612,-2.91309952735901,3.01531672477722,-1.86920475959778,K,17
OUTPUT,NaN,NaN,NaN,NaN,NaN,NaN

INPUT,0.411389023065567,0.0398733019828796,0.791075766086578,-2.93157553672791,3.01130843162537,-1.85056972503662,K,18
OUTPUT,NaN,NaN,NaN,NaN,NaN,NaN

INPUT,0.413289815187454,0.0399831011891365,0.794462978839874,-2.94266581535339,3.00892496109009,-1.83938872814178,K,19
OUTPUT,NaN,NaN,NaN,NaN,NaN,NaN

INPUT,0.413923412561417,0.0400196984410286,0.79559201002121,-2.94636344909668,3.00813388824463,-1.83566176891327,K,20
OUTPUT,NaN,NaN,NaN,NaN,NaN,NaN

INPUT,0.370904266834259,0.0398268327116966,0.721248507499695,-2.48941421508789,3.05896234512329,-1.86460638046265,K,11
OUTPUT,NaN,NaN,NaN,NaN,NaN,NaN

INPUT,0.377024263143539,0.0404499918222427,0.732426881790161,-2.52560114860535,3.04971528053284,-1.82721376419067,K,12
OUTPUT,NaN,NaN,NaN,NaN,NaN,NaN

INPUT,0.38314425945282,0.0410731472074986,0.743605196475983,-2.56191325187683,3.04059243202209,-1.78991508483887,K,13
OUTPUT,NaN,NaN,NaN,NaN,NaN,NaN

INPUT,0.389264225959778,0.0416963063180447,0.754783511161804,-2.59832334518433,3.03160619735718,-1.75268077850342,K,14
OUTPUT,NaN,NaN,NaN,NaN,NaN,NaN

INPUT,0.395384222269058,0.0423194654285908,0.765961825847626,-2.63481330871582,3.0227689743042,-1.71549022197723,K,15
OUTPUT,NaN,NaN,NaN,NaN,NaN,NaN

INPUT,0.400892227888107,0.0428803078830242,0.77602231502533,-2.66771221160889,3.01495242118835,-1.68204355239868,K,16
OUTPUT,NaN,NaN,NaN,NaN,NaN,NaN

INPUT,0.405176222324371,0.0433165170252323,0.783847153186798,-2.69333338737488,3.00896883010864,-1.65604054927826,K,17
OUTPUT,NaN,NaN,NaN,NaN,NaN,NaN

INPUT,0.40823620557785,0.0436280965805054,0.789436340332031,-2.71165084838867,3.00474858283997,-1.63747084140778,K,18
OUTPUT,NaN,NaN,NaN,NaN,NaN,NaN

INPUT,0.410072207450867,0.0438150428235531,0.792789816856384,-2.72264719009399,3.00223851203918,-1.62633013725281,K,19
OUTPUT,NaN,NaN,NaN,NaN,NaN,NaN

INPUT,0.410684198141098,0.0438773594796658,0.793907642364502,-2.726313829422,3.0014054775238,-1.6226167678833,K,20
OUTPUT,NaN,NaN,NaN,NaN,NaN,NaN

INPUT,0.361830800771713,0.0375507064163685,0.724746942520142,-2.35877728462219,3.13039231300354,-1.83385252952576,K,4
OUTPUT,NaN,NaN,NaN,NaN,NaN,NaN

INPUT,0.368167370557785,0.0380715914070606,0.738056778907776,-2.3833372592926,3.12906217575073,-1.76319146156311,K,5
OUTPUT,NaN,NaN,NaN,NaN,NaN,NaN

INPUT,0.374503940343857,0.0385924763977528,0.751366674900055,-2.41229128837585,3.12775492668152,-1.69692397117615,K,6
OUTPUT,NaN,NaN,NaN,NaN,NaN,NaN

INPUT,0.379432410001755,0.0389976091682911,0.761718809604645,-2.43696928024292,3.12676072120667,-1.64781594276428,K,7
OUTPUT,NaN,NaN,NaN,NaN,NaN,NaN

INPUT,0.382952719926834,0.0392869897186756,0.769113183021545,-2.45545053482056,3.12606501579285,-1.61386156082153,K,8
OUTPUT,NaN,NaN,NaN,NaN,NaN,NaN

INPUT,0.38506492972374,0.0394606180489063,0.773549795150757,-2.46681022644043,3.12565422058105,-1.59390103816986,K,9
OUTPUT,NaN,NaN,NaN,NaN,NaN,NaN

INPUT,0.373404383659363,0.0527626164257526,0.714754641056061,-2.0593957901001,3.00989675521851,-1.72178673744202,K,4
OUTPUT,NaN,NaN,NaN,NaN,NaN,NaN

INPUT,0.383548200130463,0.056583933532238,0.729729294776917,-2.09615039825439,2.98435068130493,-1.68404340744019,K,5
OUTPUT,NaN,NaN,NaN,NaN,NaN,NaN

INPUT,0.39369198679924,0.0604052543640137,0.744703888893127,-2.13311719894409,2.95902228355408,-1.64636290073395,K,6
OUTPUT,NaN,NaN,NaN,NaN,NaN,NaN

INPUT,0.401581615209579,0.0633773878216743,0.756350815296173,-2.16191625595093,2.93954515457153,-1.61713254451752,K,7
OUTPUT,NaN,NaN,NaN,NaN,NaN,NaN

INPUT,0.407217055559158,0.0655003413558006,0.764670014381409,-2.1824734210968,2.92578363418579,-1.59631562232971,K,8
OUTPUT,NaN,NaN,NaN,NaN,NaN,NaN

INPUT,0.410598307847977,0.0667741149663925,0.769661545753479,-2.19479179382324,2.91759538650513,-1.58385694026947,K,9
OUTPUT,NaN,NaN,NaN,NaN,NaN,NaN

INPUT,0.367829740047455,0.0414556339383125,0.716067612171173,-2.28771638870239,3.0795214176178,-1.85383200645447,K,4
OUTPUT,NaN,NaN,NaN,NaN,NaN,NaN

INPUT,0.37704986333847,0.0428904816508293,0.731558442115784,-2.33174276351929,3.06755948066711,-1.80376374721527,K,5
OUTPUT,NaN,NaN,NaN,NaN,NaN,NaN

INPUT,0.386269986629486,0.0443253330886364,0.747049272060394,-2.37662553787231,3.05576062202454,-1.75451064109802,K,6
OUTPUT,NaN,NaN,NaN,NaN,NaN,NaN

INPUT,0.393441170454025,0.0454413257539272,0.759097754955292,-2.41179323196411,3.04674673080444,-1.71669912338257,K,7
OUTPUT,NaN,NaN,NaN,NaN,NaN,NaN

INPUT,0.398563474416733,0.0462384633719921,0.767703771591187,-2.43693733215332,3.04041647911072,-1.68996047973633,K,8
OUTPUT,NaN,NaN,NaN,NaN,NaN,NaN

INPUT,0.401636838912964,0.046716745942831,0.772867381572723,-2.45200610160828,3.03666758537292,-1.67403042316437,K,9
OUTPUT,NaN,NaN,NaN,NaN,NaN,NaN

INPUT,0.373330295085907,0.0372260883450508,0.71761679649353,-2.7004611492157,3.0630898475647,-2.08803915977478,K,4
OUTPUT,NaN,NaN,NaN,NaN,NaN,NaN

INPUT,0.383384466171265,0.0378289148211479,0.733010292053223,-2.76510858535767,3.04792618751526,-2.0209264755249,K,5
OUTPUT,NaN,NaN,NaN,NaN,NaN,NaN

INPUT,0.393438637256622,0.038431741297245,0.74840372800827,-2.83014225959778,3.03316831588745,-1.95410764217377,K,6
OUTPUT,NaN,NaN,NaN,NaN,NaN,NaN

INPUT,0.401258528232574,0.0389006100594997,0.760376393795013,-2.88090991973877,3.02201199531555,-1.90225195884705,K,7
OUTPUT,NaN,NaN,NaN,NaN,NaN,NaN

INPUT,0.406844168901443,0.0392355136573315,0.768928289413452,-2.91725063323975,3.01423382759094,-1.86524927616119,K,8
OUTPUT,NaN,NaN,NaN,NaN,NaN,NaN

INPUT,0.410195559263229,0.0394364558160305,0.774059474468231,-2.93908214569092,3.00964832305908,-1.84305763244629,K,9
OUTPUT,NaN,NaN,NaN,NaN,NaN,NaN

INPUT,0.371305495500565,0.039076179265976,0.71626216173172,-2.48311805725098,3.05875778198242,-1.87509310245514,K,4
OUTPUT,NaN,NaN,NaN,NaN,NaN,NaN

INPUT,0.381052404642105,0.040048636496067,0.731573224067688,-2.54688501358032,3.04293441772461,-1.80780303478241,K,5
OUTPUT,NaN,NaN,NaN,NaN,NaN,NaN

INPUT,0.390799313783646,0.0410210937261581,0.746884226799011,-2.61118459701538,3.02753376960754,-1.74094438552856,K,6
OUTPUT,NaN,NaN,NaN,NaN,NaN,NaN

INPUT,0.398380249738693,0.0417774468660355,0.758792817592621,-2.66144776344299,3.0158908367157,-1.68911802768707,K,7
OUTPUT,NaN,NaN,NaN,NaN,NaN,NaN

INPUT,0.403795212507248,0.0423176996409893,0.767298936843872,-2.69745469093323,3.00777268409729,-1.65215885639191,K,8
OUTPUT,NaN,NaN,NaN,NaN,NaN,NaN

INPUT,0.407044172286987,0.0426418520510197,0.772402584552765,-2.71909475326538,3.00298643112183,-1.63000047206879,K,9
OUTPUT,NaN,NaN,NaN,NaN,NaN,NaN

INPUT,0.384104788303375,0.0384814999997616,0.706405103206635,-2.60017251968384,2.99142384529114,-1.87588167190552,K,10
OUTPUT,NaN,NaN,NaN,NaN,NaN,NaN

INPUT,0.392800718545914,0.0390083789825439,0.717094838619232,-2.64832663536072,2.97258329391479,-1.82705986499786,K,11
OUTPUT,NaN,NaN,NaN,NaN,NaN,NaN

INPUT,0.401496648788452,0.039535254240036,0.72778457403183,-2.69662380218506,2.95413851737976,-1.77822780609131,K,12
OUTPUT,NaN,NaN,NaN,NaN,NaN,NaN

INPUT,0.410192579030991,0.0400621332228184,0.738474309444427,-2.74505114555359,2.93613409996033,-1.7293598651886,K,13
OUTPUT,NaN,NaN,NaN,NaN,NaN,NaN

INPUT,0.418888479471207,0.0405890084803104,0.749164044857025,-2.79360270500183,2.91861319541931,-1.68043780326843,K,14
OUTPUT,NaN,NaN,NaN,NaN,NaN,NaN

INPUT,0.427584409713745,0.0411158874630928,0.759853780269623,-2.84227514266968,2.90161848068237,-1.6314480304718,K,15
OUTPUT,NaN,NaN,NaN,NaN,NaN,NaN

INPUT,0.435410737991333,0.0415900759398937,0.769474565982819,-2.88618230819702,2.88680744171143,-1.58729088306427,K,16
OUTPUT,NaN,NaN,NaN,NaN,NaN,NaN

INPUT,0.441497892141342,0.0419588908553123,0.776957333087921,-2.92039823532104,2.87562465667725,-1.55289912223816,K,17
OUTPUT,NaN,NaN,NaN,NaN,NaN,NaN

INPUT,0.44584584236145,0.0422223284840584,0.78230220079422,-2.94487357139587,2.86782598495483,-1.52830684185028,K,18
OUTPUT,NaN,NaN,NaN,NaN,NaN,NaN

INPUT,0.448454618453979,0.0423803925514221,0.78550910949707,-2.95957279205322,2.86322450637817,-1.5135406255722,K,19
OUTPUT,NaN,NaN,NaN,NaN,NaN,NaN

INPUT,0.44932422041893,0.0424330793321133,0.786578118801117,-2.96447467803955,2.86170387268066,-1.5086168050766,K,20
OUTPUT,NaN,NaN,NaN,NaN,NaN,NaN

INPUT,0.372058838605881,0.0486073866486549,0.720343053340912,-2.1880669593811,3.05663585662842,-1.73558914661407,K,11
OUTPUT,NaN,NaN,NaN,NaN,NaN,NaN

INPUT,0.378314167261124,0.0502634383738041,0.731415808200836,-2.21388959884644,3.04692792892456,-1.70812809467316,K,12
OUTPUT,NaN,NaN,NaN,NaN,NaN,NaN

INPUT,0.384569466114044,0.0519194863736629,0.74248856306076,-2.23987627029419,3.03728723526001,-1.68080675601959,K,13
OUTPUT,NaN,NaN,NaN,NaN,NaN,NaN

INPUT,0.390824794769287,0.0535755306482315,0.75356125831604,-2.26598882675171,3.0277202129364,-1.65358448028564,K,14
OUTPUT,NaN,NaN,NaN,NaN,NaN,NaN

INPUT,0.39708012342453,0.0552315823733807,0.76463395357132,-2.29220151901245,3.01823425292969,-1.62643337249756,K,15
OUTPUT,NaN,NaN,NaN,NaN,NaN,NaN

INPUT,0.402709901332855,0.0567220263183117,0.774599432945251,-2.31586360931396,3.00977158546448,-1.60204148292542,K,16
OUTPUT,NaN,NaN,NaN,NaN,NaN,NaN

INPUT,0.40708863735199,0.0578812584280968,0.782350301742554,-2.3343071937561,3.00324153900146,-1.58309149742126,K,17
OUTPUT,NaN,NaN,NaN,NaN,NaN,NaN

INPUT,0.410216301679611,0.0587092824280262,0.787886679172516,-2.34750056266785,2.99860692024231,-1.56956481933594,K,18
OUTPUT,NaN,NaN,NaN,NaN,NaN,NaN

INPUT,0.41209289431572,0.0592060983181,0.791208505630493,-2.35542368888855,2.9958381652832,-1.56145179271698,K,19
OUTPUT,NaN,NaN,NaN,NaN,NaN,NaN

INPUT,0.412718415260315,0.0593717023730278,0.792315781116486,-2.35806584358215,2.99491715431213,-1.5587477684021,K,20
OUTPUT,NaN,NaN,NaN,NaN,NaN,NaN

INPUT,0.361322224140167,0.0339305363595486,0.732733726501465,-2.70282387733459,3.13947820663452,-1.82961416244507,K,12
OUTPUT,NaN,NaN,NaN,NaN,NaN,NaN

INPUT,0.365789532661438,0.0338673144578934,0.743944346904755,-2.72983026504517,3.13936495780945,-1.76472508907318,K,13
OUTPUT,NaN,NaN,NaN,NaN,NaN,NaN

INPUT,0.370256841182709,0.0338040962815285,0.7551549077034,-2.75864052772522,3.13925576210022,-1.70163989067078,K,14
OUTPUT,NaN,NaN,NaN,NaN,NaN,NaN

INPUT,0.374724179506302,0.0337408781051636,0.766365528106689,-2.78895378112793,3.13915085792542,-1.64005792140961,K,15
OUTPUT,NaN,NaN,NaN,NaN,NaN,NaN

INPUT,0.378744781017303,0.0336839817464352,0.776455044746399,-2.81732153892517,3.13906025886536,-1.5857195854187,K,16
OUTPUT,NaN,NaN,NaN,NaN,NaN,NaN

INPUT,0.3818718791008,0.0336397252976894,0.784302473068237,-2.83999872207642,3.13899254798889,-1.54407012462616,K,17
OUTPUT,NaN,NaN,NaN,NaN,NaN,NaN

INPUT,0.384105563163757,0.033608116209507,0.78990775346756,-2.85648965835571,3.13894581794739,-1.51461327075958,K,18
OUTPUT,NaN,NaN,NaN,NaN,NaN,NaN

INPUT,0.38544574379921,0.0335891507565975,0.793270945549011,-2.86649203300476,3.13891816139221,-1.49704694747925,K,19
OUTPUT,NaN,NaN,NaN,NaN,NaN,NaN

INPUT,0.385892480611801,0.033582828938961,0.794391989707947,-2.86984348297119,3.13890910148621,-1.4912086725235,K,20
OUTPUT,NaN,NaN,NaN,NaN,NaN,NaN

INPUT,0.361439108848572,0.0335131883621216,0.733528852462769,1.00779092311859,3.13024997711182,1.48851764202118,K,12
OUTPUT,NaN,NaN,NaN,NaN,NaN,NaN

INPUT,0.365918755531311,0.033406026661396,0.744823157787323,0.976797103881836,3.12901282310486,1.50810658931732,K,13
OUTPUT,NaN,NaN,NaN,NaN,NaN,NaN

INPUT,0.370398432016373,0.0332988612353802,0.756117463111877,0.946821689605713,3.12778353691101,1.52871417999268,K,14
OUTPUT,NaN,NaN,NaN,NaN,NaN,NaN

INPUT,0.374878108501434,0.0331916995346546,0.767411768436432,0.917609572410583,3.12656283378601,1.55008566379547,K,15
OUTPUT,NaN,NaN,NaN,NaN,NaN,NaN

INPUT,0.378909796476364,0.0330952517688274,0.777576625347137,0.891824245452881,3.12547206878662,1.56982600688934,K,16
OUTPUT,NaN,NaN,NaN,NaN,NaN,NaN

INPUT,0.382045567035675,0.0330202393233776,0.78548264503479,0.872036755084991,3.12462949752808,1.58544754981995,K,17
OUTPUT,NaN,NaN,NaN,NaN,NaN,NaN

INPUT,0.384285390377045,0.0329666584730148,0.791129767894745,0.858024835586548,3.12403082847595,1.59672796726227,K,18
OUTPUT,NaN,NaN,NaN,NaN,NaN,NaN

INPUT,0.385629296302795,0.0329345092177391,0.794518053531647,0.849661350250244,3.12367272377014,1.60353994369507,K,19
OUTPUT,NaN,NaN,NaN,NaN,NaN,NaN

INPUT,0.386077255010605,0.0329237915575504,0.795647501945496,0.846880376338959,3.12355375289917,1.60581755638123,K,20
OUTPUT,NaN,NaN,NaN,NaN,NaN,NaN

INPUT,0.366597533226013,0.0437111854553223,0.722059965133667,-2.27197647094727,3.08552765846252,-1.67712008953094,K,11
OUTPUT,NaN,NaN,NaN,NaN,NaN,NaN

INPUT,0.372210323810577,0.0447912849485874,0.733334720134735,-2.30574202537537,3.07924938201904,-1.64088451862335,K,12
OUTPUT,NaN,NaN,NaN,NaN,NaN,NaN

INPUT,0.377823114395142,0.0458713844418526,0.744609534740448,-2.33973932266235,3.07304716110229,-1.60486686229706,K,13
OUTPUT,NaN,NaN,NaN,NaN,NaN,NaN

INPUT,0.383435904979706,0.0469514839351177,0.755884230136871,-2.37391066551208,3.06692886352539,-1.5690084695816,K,14
OUTPUT,NaN,NaN,NaN,NaN,NaN,NaN

INPUT,0.38904869556427,0.0480315834283829,0.767158985137939,-2.40821671485901,3.06090211868286,-1.53326904773712,K,15
OUTPUT,NaN,NaN,NaN,NaN,NaN,NaN

INPUT,0.394100219011307,0.0490036718547344,0.777306318283081,-2.43918466567993,3.05556225776672,-1.50118148326874,K,16
OUTPUT,NaN,NaN,NaN,NaN,NaN,NaN

INPUT,0.398029148578644,0.0497597418725491,0.785198628902435,-2.46332144737244,3.05146789550781,-1.47626507282257,K,17
OUTPUT,NaN,NaN,NaN,NaN,NaN,NaN

INPUT,0.400835543870926,0.0502997897565365,0.790835976600647,-2.48058533668518,3.04857635498047,-1.4584858417511,K,18
OUTPUT,NaN,NaN,NaN,NaN,NaN,NaN

INPUT,0.402519375085831,0.050623819231987,0.794218420982361,-2.49095249176025,3.04685497283936,-1.44782471656799,K,19
OUTPUT,NaN,NaN,NaN,NaN,NaN,NaN

INPUT,0.403080672025681,0.0507318302989006,0.795345902442932,-2.49440956115723,3.04628348350525,-1.44427192211151,K,20
OUTPUT,NaN,NaN,NaN,NaN,NaN,NaN

INPUT,0.371707677841187,0.0432216860353947,0.721139311790466,-2.41032600402832,3.0519859790802,-1.95225846767426,K,11
OUTPUT,NaN,NaN,NaN,NaN,NaN,NaN

INPUT,0.377922296524048,0.0442443154752254,0.732304692268372,-2.4367561340332,3.04176020622253,-1.92473864555359,K,12
OUTPUT,NaN,NaN,NaN,NaN,NaN,NaN

INPUT,0.384136915206909,0.0452669449150562,0.743470072746277,-2.46330070495605,3.03160667419434,-1.89730584621429,K,13
OUTPUT,NaN,NaN,NaN,NaN,NaN,NaN

INPUT,0.390351504087448,0.0462895780801773,0.754635453224182,-2.48993515968323,3.02153325080872,-1.86993277072906,K,14
OUTPUT,NaN,NaN,NaN,NaN,NaN,NaN

INPUT,0.396566122770309,0.0473122075200081,0.765800833702087,-2.51664280891418,3.01154708862305,-1.84260034561157,K,15
OUTPUT,NaN,NaN,NaN,NaN,NaN,NaN

INPUT,0.40215927362442,0.0482325777411461,0.77584969997406,-2.54073286056519,3.00264048576355,-1.81802439689636,K,16
OUTPUT,NaN,NaN,NaN,NaN,NaN,NaN

INPUT,0.40650948882103,0.0489484183490276,0.783665478229523,-2.55950021743774,2.99576950073242,-1.79891979694366,K,17
OUTPUT,NaN,NaN,NaN,NaN,NaN,NaN

INPUT,0.40961679816246,0.049459733068943,0.789248168468475,-2.57292056083679,2.99089336395264,-1.78527736663818,K,18
OUTPUT,NaN,NaN,NaN,NaN,NaN,NaN

INPUT,0.41148117184639,0.0497665219008923,0.792597770690918,-2.58097863197327,2.98798084259033,-1.77709293365479,K,19
OUTPUT,NaN,NaN,NaN,NaN,NaN,NaN

INPUT,0.41210263967514,0.0498687848448753,0.793714284896851,-2.58366560935974,2.98701214790344,-1.77436482906342,K,20
OUTPUT,NaN,NaN,NaN,NaN,NaN,NaN

INPUT,0.367032676935196,0.0370338633656502,0.721756994724274,-2.5479691028595,3.08176636695862,-1.72684097290039,K,11
OUTPUT,NaN,NaN,NaN,NaN,NaN,NaN

INPUT,0.372696220874786,0.0373279675841331,0.732997417449951,-2.59527945518494,3.07530188560486,-1.67750430107117,K,12
OUTPUT,NaN,NaN,NaN,NaN,NaN,NaN

INPUT,0.378359735012054,0.0376220755279064,0.744237840175629,-2.64277815818787,3.06899213790894,-1.62833571434021,K,13
OUTPUT,NaN,NaN,NaN,NaN,NaN,NaN

INPUT,0.384023278951645,0.0379161797463894,0.755478262901306,-2.69041991233826,3.06285190582275,-1.57928812503815,K,14
OUTPUT,NaN,NaN,NaN,NaN,NaN,NaN

INPUT,0.389686793088913,0.0382102839648724,0.766718685626984,-2.73817348480225,3.05689525604248,-1.5303293466568,K,15
OUTPUT,NaN,NaN,NaN,NaN,NaN,NaN

INPUT,0.394783973693848,0.0384749807417393,0.776835083961487,-2.78122901916504,3.05170297622681,-1.48632335662842,K,16
OUTPUT,NaN,NaN,NaN,NaN,NaN,NaN

INPUT,0.398748427629471,0.0386808514595032,0.784703373908997,-2.81475949287415,3.0477819442749,-1.45212543010712,K,17
OUTPUT,NaN,NaN,NaN,NaN,NaN,NaN

INPUT,0.401580214500427,0.038827907294035,0.790323615074158,-2.83873009681702,3.04504656791687,-1.42771112918854,K,18
OUTPUT,NaN,NaN,NaN,NaN,NaN,NaN

INPUT,0.40327924489975,0.0389161370694637,0.793695747852325,-2.85311961174011,3.04343223571777,-1.41306686401367,K,19
OUTPUT,NaN,NaN,NaN,NaN,NaN,NaN

INPUT,0.403845608234406,0.0389455482363701,0.7948197722435,-2.85791754722595,3.04289865493774,-1.40818607807159,K,20
OUTPUT,NaN,NaN,NaN,NaN,NaN,NaN

INPUT,0.385932177305222,0.03782694414258,0.705391347408295,-2.6134569644928,2.98573851585388,-1.8740508556366,K,4
OUTPUT,NaN,NaN,NaN,NaN,NaN,NaN

INPUT,0.401272833347321,0.0387885347008705,0.72179388999939,-2.70497369766235,2.95029759407043,-1.77684593200684,K,5
OUTPUT,NaN,NaN,NaN,NaN,NaN,NaN

INPUT,0.416613459587097,0.0397501215338707,0.73819637298584,-2.7976758480072,2.91655325889587,-1.68020009994507,K,6
OUTPUT,NaN,NaN,NaN,NaN,NaN,NaN

INPUT,0.42854505777359,0.0404980257153511,0.750953853130341,-2.8703761100769,2.89167857170105,-1.60514795780182,K,7
OUTPUT,NaN,NaN,NaN,NaN,NaN,NaN

INPUT,0.437067627906799,0.0410322435200214,0.760066390037537,-2.92257261276245,2.87473154067993,-1.55153298377991,K,8
OUTPUT,NaN,NaN,NaN,NaN,NaN,NaN

INPUT,0.442181169986725,0.0413527712225914,0.765533924102783,-2.95398759841919,2.86491513252258,-1.51934850215912,K,9
OUTPUT,NaN,NaN,NaN,NaN,NaN,NaN

INPUT,0.372544378042221,0.0472272150218487,0.715293347835541,-2.18393540382385,3.05584931373596,-1.74501264095306,K,4
OUTPUT,NaN,NaN,NaN,NaN,NaN,NaN

INPUT,0.382630556821823,0.0498958453536034,0.730444371700287,-2.22943544387817,3.0393054485321,-1.69486725330353,K,5
OUTPUT,NaN,NaN,NaN,NaN,NaN,NaN

INPUT,0.392716735601425,0.0525644719600677,0.745595395565033,-2.27561855316162,3.02299475669861,-1.64532470703125,K,6
OUTPUT,NaN,NaN,NaN,NaN,NaN,NaN

INPUT,0.400561511516571,0.05464006960392,0.757379531860352,-2.31171679496765,3.01054191589355,-1.60719406604767,K,7
OUTPUT,NaN,NaN,NaN,NaN,NaN,NaN

INPUT,0.406164944171906,0.0561226382851601,0.765796780586243,-2.33749222755432,3.00180244445801,-1.58019316196442,K,8
OUTPUT,NaN,NaN,NaN,NaN,NaN,NaN

INPUT,0.409527003765106,0.0570121817290783,0.770847082138062,-2.35292792320251,2.99662923812866,-1.56409549713135,K,9
OUTPUT,NaN,NaN,NaN,NaN,NaN,NaN

INPUT,0.36719873547554,0.0429238229990005,0.716524004936218,-2.27446055412292,3.08493828773499,-1.6952588558197,K,4
OUTPUT,NaN,NaN,NaN,NaN,NaN,NaN

INPUT,0.37629497051239,0.0446868762373924,0.732118546962738,-2.33088898658752,3.07431268692017,-1.62709319591522,K,5
OUTPUT,NaN,NaN,NaN,NaN,NaN,NaN

INPUT,0.385391175746918,0.0464499332010746,0.747713088989258,-2.38892555236816,3.06394624710083,-1.56049156188965,K,6
OUTPUT,NaN,NaN,NaN,NaN,NaN,NaN

INPUT,0.392466008663177,0.0478211976587772,0.759842216968536,-2.43479084968567,3.05608892440796,-1.50938236713409,K,7
OUTPUT,NaN,NaN,NaN,NaN,NaN,NaN

INPUT,0.397519469261169,0.0488006733357906,0.768505871295929,-2.4678361415863,3.05059814453125,-1.47314035892487,K,8
OUTPUT,NaN,NaN,NaN,NaN,NaN,NaN

INPUT,0.400551557540894,0.0493883602321148,0.773704051971436,-2.48775577545166,3.04735541343689,-1.45147967338562,K,9
OUTPUT,NaN,NaN,NaN,NaN,NaN,NaN

INPUT,0.372143149375916,0.0421551391482353,0.716295599937439,-2.40043330192566,3.05164742469788,-1.95591962337494,K,4
OUTPUT,NaN,NaN,NaN,NaN,NaN,NaN

INPUT,0.382029145956039,0.0437654405832291,0.731557786464691,-2.44915866851807,3.03408980369568,-1.90783834457397,K,5
OUTPUT,NaN,NaN,NaN,NaN,NaN,NaN

INPUT,0.391915172338486,0.0453757457435131,0.746819972991943,-2.49783968925476,3.01678395271301,-1.85962164402008,K,6
OUTPUT,NaN,NaN,NaN,NaN,NaN,NaN

INPUT,0.399604290723801,0.0466282032430172,0.758690595626831,-2.53554821014404,3.00357604026794,-1.82219326496124,K,7
OUTPUT,NaN,NaN,NaN,NaN,NaN,NaN

INPUT,0.405096501111984,0.0475228168070316,0.767169594764709,-2.56234192848206,2.99430990219116,-1.79556834697723,K,8
OUTPUT,NaN,NaN,NaN,NaN,NaN,NaN

INPUT,0.408391833305359,0.0480595864355564,0.772256970405579,-2.57834506034851,2.98882651329041,-1.77965641021729,K,9
OUTPUT,NaN,NaN,NaN,NaN,NaN,NaN

INPUT,0.361613541841507,0.0340013206005096,0.724014937877655,-2.77962422370911,3.13857078552246,-1.95932185649872,K,4
OUTPUT,NaN,NaN,NaN,NaN,NaN,NaN

INPUT,0.368026614189148,0.033886730670929,0.737350046634674,-2.8076434135437,3.13864803314209,-1.8395471572876,K,5
OUTPUT,NaN,NaN,NaN,NaN,NaN,NaN

INPUT,0.374439716339111,0.033772137016058,0.750685155391693,-2.83302712440491,3.13873481750488,-1.71713674068451,K,6
OUTPUT,NaN,NaN,NaN,NaN,NaN,NaN

INPUT,0.379427671432495,0.0336830131709576,0.761056959629059,-2.85058951377869,3.13880825042725,-1.619748711586,K,7
OUTPUT,NaN,NaN,NaN,NaN,NaN,NaN

INPUT,0.382990509271622,0.0336193516850471,0.768465340137482,-2.86178588867188,3.1388635635376,-1.5488373041153,K,8
OUTPUT,NaN,NaN,NaN,NaN,NaN,NaN

INPUT,0.385128200054169,0.033581156283617,0.772910416126251,-2.86790800094604,3.13889765739441,-1.50569486618042,K,9
OUTPUT,NaN,NaN,NaN,NaN,NaN,NaN

INPUT,0.361879408359528,0.0337567627429962,0.724845349788666,1.10316324234009,3.13124966621399,1.55485546588898,K,4
OUTPUT,NaN,NaN,NaN,NaN,NaN,NaN

INPUT,0.368347972631454,0.0336078181862831,0.738293826580048,1.0226674079895,3.12919116020203,1.55590927600861,K,5
OUTPUT,NaN,NaN,NaN,NaN,NaN,NaN

INPUT,0.374816536903381,0.0334588699042797,0.751742303371429,0.953470647335052,3.1271390914917,1.56826341152191,K,6
OUTPUT,NaN,NaN,NaN,NaN,NaN,NaN

INPUT,0.37984761595726,0.0333430245518684,0.762202262878418,0.904792249202728,3.1255578994751,1.58284091949463,K,7
OUTPUT,NaN,NaN,NaN,NaN,NaN,NaN

INPUT,0.383441269397736,0.033260278403759,0.769673645496368,0.872061192989349,3.12443971633911,1.59512341022491,K,8
OUTPUT,NaN,NaN,NaN,NaN,NaN,NaN

INPUT,0.385597467422485,0.0332106277346611,0.774156451225281,0.853099226951599,3.12377452850342,1.60308027267456,K,9
OUTPUT,NaN,NaN,NaN,NaN,NaN,NaN

INPUT,0.367511749267578,0.0366598069667816,0.716270983219147,-2.54921078681946,3.08162307739258,-1.7490451335907,K,4
OUTPUT,NaN,NaN,NaN,NaN,NaN,NaN

INPUT,0.37662872672081,0.0371188521385193,0.731794953346252,-2.62912344932556,3.07058382034302,-1.65710985660553,K,5
OUTPUT,NaN,NaN,NaN,NaN,NaN,NaN

INPUT,0.385745733976364,0.037577897310257,0.747318923473358,-2.71065831184387,3.06006646156311,-1.56673049926758,K,6
OUTPUT,NaN,NaN,NaN,NaN,NaN,NaN

INPUT,0.392836719751358,0.0379349365830421,0.759393155574799,-2.77480125427246,3.05229735374451,-1.49711358547211,K,7
OUTPUT,NaN,NaN,NaN,NaN,NaN,NaN

INPUT,0.397901713848114,0.0381899625062943,0.768017590045929,-2.8209011554718,3.04699015617371,-1.44764292240143,K,8
OUTPUT,NaN,NaN,NaN,NaN,NaN,NaN

INPUT,0.40094068646431,0.0383429750800133,0.773192226886749,-2.84865307807922,3.04390835762024,-1.41804146766663,K,9
OUTPUT,NaN,NaN,NaN,NaN,NaN,NaN

INPUT,0.373728632926941,0.0544638149440289,0.719806790351868,-2.09757113456726,3.00250864028931,-1.56543529033661,K,11
OUTPUT,NaN,NaN,NaN,NaN,NaN,NaN

INPUT,0.380180895328522,0.0568089820444584,0.730815529823303,-2.12843012809753,2.98667764663696,-1.53347754478455,K,12
OUTPUT,NaN,NaN,NaN,NaN,NaN,NaN

INPUT,0.386633157730103,0.0591541454195976,0.741824209690094,-2.15942883491516,2.97099924087524,-1.50158286094666,K,13
OUTPUT,NaN,NaN,NaN,NaN,NaN,NaN

INPUT,0.393085390329361,0.0614993050694466,0.75283294916153,-2.19054436683655,2.95548868179321,-1.46972107887268,K,14
OUTPUT,NaN,NaN,NaN,NaN,NaN,NaN

INPUT,0.399537622928619,0.0638444721698761,0.763841688632965,-2.22176218032837,2.94016194343567,-1.43787086009979,K,15
OUTPUT,NaN,NaN,NaN,NaN,NaN,NaN

INPUT,0.405344665050507,0.0659551173448563,0.773749530315399,-2.24993777275085,2.92653775215149,-1.4092024564743,K,16
OUTPUT,NaN,NaN,NaN,NaN,NaN,NaN

INPUT,0.409861236810684,0.0675967335700989,0.781455636024475,-2.27190113067627,2.91605997085571,-1.38689649105072,K,17
OUTPUT,NaN,NaN,NaN,NaN,NaN,NaN

INPUT,0.413087338209152,0.0687693133950233,0.786960005760193,-2.28761458396912,2.90864253044128,-1.37095713615417,K,18
OUTPUT,NaN,NaN,NaN,NaN,NaN,NaN

INPUT,0.415023028850555,0.0694728642702103,0.790262579917908,-2.29705262184143,2.90421986579895,-1.36139035224915,K,19
OUTPUT,NaN,NaN,NaN,NaN,NaN,NaN

INPUT,0.415668249130249,0.069707378745079,0.791363477706909,-2.30020022392273,2.90275025367737,-1.35820090770721,K,20
OUTPUT,NaN,NaN,NaN,NaN,NaN,NaN

INPUT,0.363302499055862,0.0372326858341694,0.721055686473846,-2.51952362060547,3.11257553100586,-1.77270436286926,K,11
OUTPUT,NaN,NaN,NaN,NaN,NaN,NaN

INPUT,0.368527770042419,0.0375504828989506,0.732212245464325,-2.56152892112732,3.10944986343384,-1.72685813903809,K,12
OUTPUT,NaN,NaN,NaN,NaN,NaN,NaN

INPUT,0.373753070831299,0.0378682762384415,0.743368804454803,-2.60387372970581,3.1063859462738,-1.68134737014771,K,13
OUTPUT,NaN,NaN,NaN,NaN,NaN,NaN

INPUT,0.378978341817856,0.0381860733032227,0.754525363445282,-2.64647221565247,3.10338997840881,-1.63608539104462,K,14
OUTPUT,NaN,NaN,NaN,NaN,NaN,NaN

INPUT,0.384203612804413,0.0385038666427135,0.76568192243576,-2.68926477432251,3.10046768188477,-1.59101247787476,K,15
OUTPUT,NaN,NaN,NaN,NaN,NaN,NaN

INPUT,0.388906389474869,0.0387898832559586,0.775722861289978,-2.72790884971619,3.09790539741516,-1.55057346820831,K,16
OUTPUT,NaN,NaN,NaN,NaN,NaN,NaN

INPUT,0.392564088106155,0.0390123389661312,0.783532440662384,-2.75803589820862,3.09595942497253,-1.51918816566467,K,17
OUTPUT,NaN,NaN,NaN,NaN,NaN,NaN

INPUT,0.395176738500595,0.0391712374985218,0.789110779762268,-2.7795877456665,3.09459567070007,-1.49680089950562,K,18
OUTPUT,NaN,NaN,NaN,NaN,NaN,NaN

INPUT,0.396744310855865,0.03926657512784,0.792457699775696,-2.79253029823303,3.09378814697266,-1.48337960243225,K,19
OUTPUT,NaN,NaN,NaN,NaN,NaN,NaN

INPUT,0.397266834974289,0.0392983555793762,0.793573379516602,-2.79684662818909,3.09352087974548,-1.47890758514404,K,20
OUTPUT,NaN,NaN,NaN,NaN,NaN,NaN

INPUT,0.362733155488968,0.0385903082787991,0.722170233726501,-2.35938334465027,3.10296583175659,-1.65000593662262,K,11
OUTPUT,NaN,NaN,NaN,NaN,NaN,NaN

INPUT,0.367891371250153,0.039067979902029,0.733457982540131,-2.39936757087708,3.09873747825623,-1.60653460025787,K,12
OUTPUT,NaN,NaN,NaN,NaN,NaN,NaN

INPUT,0.373049587011337,0.039545651525259,0.74474561214447,-2.43966627120972,3.09458351135254,-1.56337034702301,K,13
OUTPUT,NaN,NaN,NaN,NaN,NaN,NaN

INPUT,0.3782077729702,0.040023323148489,0.756033301353455,-2.48019981384277,3.09051156044006,-1.52043271064758,K,14
OUTPUT,NaN,NaN,NaN,NaN,NaN,NaN

INPUT,0.383365988731384,0.040500994771719,0.767320990562439,-2.52091336250305,3.08652830123901,-1.47766661643982,K,15
OUTPUT,NaN,NaN,NaN,NaN,NaN,NaN

INPUT,0.388008385896683,0.0409309007227421,0.777479946613312,-2.55767726898193,3.0830249786377,-1.43929123878479,K,16
OUTPUT,NaN,NaN,NaN,NaN,NaN,NaN

INPUT,0.391619116067886,0.0412652678787708,0.785381317138672,-2.58633732795715,3.08035731315613,-1.40950417518616,K,17
OUTPUT,NaN,NaN,NaN,NaN,NaN,NaN

INPUT,0.39419823884964,0.0415041036903858,0.791025161743164,-2.60683917999268,3.07848358154297,-1.38825523853302,K,18
OUTPUT,NaN,NaN,NaN,NaN,NaN,NaN

INPUT,0.395745694637299,0.0416474081575871,0.794411420822144,-2.61915111541748,3.07737231254578,-1.37551558017731,K,19
OUTPUT,NaN,NaN,NaN,NaN,NaN,NaN

INPUT,0.396261513233185,0.0416951738297939,0.7955402135849,-2.62325692176819,3.07700419425964,-1.37127065658569,K,20
OUTPUT,NaN,NaN,NaN,NaN,NaN,NaN

INPUT,0.37187334895134,0.0399004220962524,0.721093714237213,-2.46686196327209,3.05199289321899,-1.87019240856171,K,11
OUTPUT,NaN,NaN,NaN,NaN,NaN,NaN

INPUT,0.378107219934464,0.0405323095619678,0.732253909111023,-2.5014386177063,3.04192090034485,-1.83448803424835,K,12
OUTPUT,NaN,NaN,NaN,NaN,NaN,NaN

INPUT,0.384341061115265,0.0411641970276833,0.743414044380188,-2.53613591194153,3.03197193145752,-1.79886901378632,K,13
OUTPUT,NaN,NaN,NaN,NaN,NaN,NaN

INPUT,0.390574932098389,0.041796088218689,0.754574179649353,-2.57092833518982,3.02215838432312,-1.76330721378326,K,14
OUTPUT,NaN,NaN,NaN,NaN,NaN,NaN

INPUT,0.396808803081512,0.0424279756844044,0.765734374523163,-2.60579919815063,3.01249217987061,-1.72778272628784,K,15
OUTPUT,NaN,NaN,NaN,NaN,NaN,NaN

INPUT,0.402419298887253,0.0429966747760773,0.775778532028198,-2.63724040985107,3.00392866134644,-1.69583094120026,K,16
OUTPUT,NaN,NaN,NaN,NaN,NaN,NaN

INPUT,0.406783014535904,0.0434389971196651,0.783590614795685,-2.6617283821106,2.99736309051514,-1.67098760604858,K,17
OUTPUT,NaN,NaN,NaN,NaN,NaN,NaN

INPUT,0.409899950027466,0.043754942715168,0.789170742034912,-2.67923641204834,2.99272656440735,-1.65324485301971,K,18
OUTPUT,NaN,NaN,NaN,NaN,NaN,NaN

INPUT,0.411770105361938,0.0439445078372955,0.792518734931946,-2.68974757194519,2.98996686935425,-1.64259958267212,K,19
OUTPUT,NaN,NaN,NaN,NaN,NaN,NaN

INPUT,0.412393480539322,0.044007696211338,0.79363477230072,-2.69325232505798,2.98905062675476,-1.63905131816864,K,20
OUTPUT,NaN,NaN,NaN,NaN,NaN,NaN

INPUT,0.374076396226883,0.0521061643958092,0.715305924415588,-2.09150648117065,3.00064921379089,-1.57622730731964,K,4
OUTPUT,NaN,NaN,NaN,NaN,NaN,NaN

INPUT,0.384251326322556,0.0558314993977547,0.730294942855835,-2.14602613449097,2.97392988204956,-1.51816666126251,K,5
OUTPUT,NaN,NaN,NaN,NaN,NaN,NaN

INPUT,0.394426256418228,0.0595568418502808,0.745284020900726,-2.20115327835083,2.94773983955383,-1.46046304702759,K,6
OUTPUT,NaN,NaN,NaN,NaN,NaN,NaN

INPUT,0.402340084314346,0.0624543242156506,0.75694215297699,-2.24434280395508,2.92779040336609,-1.41570055484772,K,7
OUTPUT,NaN,NaN,NaN,NaN,NaN,NaN

INPUT,0.407992839813232,0.064523957669735,0.76526939868927,-2.27533268928528,2.91378998756409,-1.38375401496887,K,8
OUTPUT,NaN,NaN,NaN,NaN,NaN,NaN

INPUT,0.411384463310242,0.0657657384872437,0.770265698432922,-2.2939772605896,2.90549635887146,-1.36458921432495,K,9
OUTPUT,NaN,NaN,NaN,NaN,NaN,NaN

INPUT,0.372501492500305,0.0375382825732231,0.730525135993958,-2.59734296798706,3.10687851905823,-1.71302461624146,K,5
OUTPUT,NaN,NaN,NaN,NaN,NaN,NaN

INPUT,0.381091386079788,0.0380549803376198,0.746030807495117,-2.66780066490173,3.10184955596924,-1.62739264965057,K,6
OUTPUT,NaN,NaN,NaN,NaN,NaN,NaN

INPUT,0.387772411108017,0.0384568572044373,0.758090734481812,-2.72379517555237,3.09810256958008,-1.56197345256805,K,7
OUTPUT,NaN,NaN,NaN,NaN,NaN,NaN

INPUT,0.392544567584991,0.0387439131736755,0.766704976558685,-2.76425528526306,3.0955228805542,-1.51570391654968,K,8
OUTPUT,NaN,NaN,NaN,NaN,NaN,NaN

INPUT,0.395407885313034,0.0389161445200443,0.771873533725739,-2.78868198394775,3.09401607513428,-1.48809039592743,K,9
OUTPUT,NaN,NaN,NaN,NaN,NaN,NaN

INPUT,0.371776282787323,0.0389512628316879,0.731948614120483,-2.43271470069885,3.09534811973572,-1.59294760227203,K,5
OUTPUT,NaN,NaN,NaN,NaN,NaN,NaN

INPUT,0.380187273025513,0.0397088378667831,0.747656583786011,-2.50004577636719,3.08847784996033,-1.5119035243988,K,6
OUTPUT,NaN,NaN,NaN,NaN,NaN,NaN

INPUT,0.386729180812836,0.0402980595827103,0.759873926639557,-2.55352139472961,3.08333301544189,-1.44995844364166,K,7
OUTPUT,NaN,NaN,NaN,NaN,NaN,NaN

INPUT,0.39140197634697,0.0407189317047596,0.768600583076477,-2.59214854240417,3.07977533340454,-1.40613162517548,K,8
OUTPUT,NaN,NaN,NaN,NaN,NaN,NaN

INPUT,0.394205629825592,0.0409714579582214,0.773836553096771,-2.61546444892883,3.07769060134888,-1.37997090816498,K,9
OUTPUT,NaN,NaN,NaN,NaN,NaN,NaN

INPUT,0.372255802154541,0.0390440598130226,0.716246902942657,-2.45892667770386,3.05170941352844,-1.87858426570892,K,4
OUTPUT,NaN,NaN,NaN,NaN,NaN,NaN

INPUT,0.382155537605286,0.0400092601776123,0.731499314308167,-2.52056837081909,3.03448605537415,-1.8149631023407,K,5
OUTPUT,NaN,NaN,NaN,NaN,NaN,NaN

INPUT,0.392055302858353,0.0409744568169117,0.746751666069031,-2.58253860473633,3.01768231391907,-1.75155627727509,K,6
OUTPUT,NaN,NaN,NaN,NaN,NaN,NaN

INPUT,0.399755090475082,0.0417251661419868,0.758614599704742,-2.63090252876282,3.0049455165863,-1.70231640338898,K,7
OUTPUT,NaN,NaN,NaN,NaN,NaN,NaN

INPUT,0.405254930257797,0.0422613881528378,0.767088174819946,-2.66551995277405,2.99604463577271,-1.66716575622559,K,8
OUTPUT,NaN,NaN,NaN,NaN,NaN,NaN

INPUT,0.40855485200882,0.0425831228494644,0.772172331809998,-2.68631625175476,2.99078822135925,-1.64607954025269,K,9
OUTPUT,NaN,NaN,NaN,NaN,NaN,NaN

INPUT,0.356250524520874,0.0294673778116703,0.733791053295135,0.708112955093384,3.12099862098694,1.43974924087524,K,12
OUTPUT,NaN,NaN,NaN,NaN,NaN,NaN

INPUT,0.360183358192444,0.0289344750344753,0.745113611221313,0.666929543018341,3.11886048316956,1.47556471824646,K,13
OUTPUT,NaN,NaN,NaN,NaN,NaN,NaN

INPUT,0.364116191864014,0.0284015722572803,0.756436169147491,0.626203656196594,3.11675596237183,1.51183938980103,K,14
OUTPUT,NaN,NaN,NaN,NaN,NaN,NaN

INPUT,0.368049025535583,0.0278686694800854,0.767758727073669,0.585821926593781,3.11468815803528,1.54846036434174,K,15
OUTPUT,NaN,NaN,NaN,NaN,NaN,NaN

INPUT,0.371588587760925,0.0273890569806099,0.777949035167694,0.549706757068634,3.11286091804504,1.58164942264557,K,16
OUTPUT,NaN,NaN,NaN,NaN,NaN,NaN

INPUT,0.374341577291489,0.0270160250365734,0.785874783992767,0.521738350391388,3.11146354675293,1.60758554935455,K,17
OUTPUT,NaN,NaN,NaN,NaN,NaN,NaN

INPUT,0.376307964324951,0.0267495736479759,0.791536092758179,0.501815915107727,3.11047887802124,1.62616717815399,K,18
OUTPUT,NaN,NaN,NaN,NaN,NaN,NaN

INPUT,0.37748783826828,0.0265897028148174,0.794932842254639,0.489882349967957,3.10989332199097,1.63733613491058,K,19
OUTPUT,NaN,NaN,NaN,NaN,NaN,NaN

INPUT,0.377881109714508,0.0265364125370979,0.796065092086792,0.485907584428787,3.10969924926758,1.64106225967407,K,20
OUTPUT,NaN,NaN,NaN,NaN,NaN,NaN

INPUT,0.367037445306778,0.0461896955966949,0.721003293991089,-2.28931999206543,3.05236864089966,-1.95335531234741,K,11
OUTPUT,NaN,NaN,NaN,NaN,NaN,NaN

INPUT,0.372702598571777,0.0475615113973618,0.732152700424194,-2.30861330032349,3.04202079772949,-1.93285048007965,K,12
OUTPUT,NaN,NaN,NaN,NaN,NaN,NaN

INPUT,0.378367751836777,0.0489333271980286,0.743302047252655,-2.32799792289734,3.03172969818115,-1.9124835729599,K,13
OUTPUT,NaN,NaN,NaN,NaN,NaN,NaN

INPUT,0.384032905101776,0.0503051392734051,0.75445145368576,-2.34742832183838,3.02150774002075,-1.8922404050827,K,14
OUTPUT,NaN,NaN,NaN,NaN,NaN,NaN

INPUT,0.389698058366776,0.0516769550740719,0.765600860118866,-2.3668692111969,3.01136684417725,-1.87211632728577,K,15
OUTPUT,NaN,NaN,NaN,NaN,NaN,NaN

INPUT,0.394796699285507,0.0529115870594978,0.775635302066803,-2.38435006141663,3.00231909751892,-1.85410702228546,K,16
OUTPUT,NaN,NaN,NaN,NaN,NaN,NaN

INPUT,0.398762285709381,0.0538718588650227,0.783439874649048,-2.39792346954346,2.99533939361572,-1.8401688337326,K,17
OUTPUT,NaN,NaN,NaN,NaN,NaN,NaN

INPUT,0.401594877243042,0.0545577667653561,0.789014577865601,-2.40760183334351,2.99038672447205,-1.83025145530701,K,18
OUTPUT,NaN,NaN,NaN,NaN,NaN,NaN

INPUT,0.403294414281845,0.054969310760498,0.792359352111816,-2.41340088844299,2.98742890357971,-1.82431674003601,K,19
OUTPUT,NaN,NaN,NaN,NaN,NaN,NaN

INPUT,0.403860926628113,0.0551064908504486,0.793474316596985,-2.41533231735229,2.98644518852234,-1.82234108448029,K,20
OUTPUT,NaN,NaN,NaN,NaN,NaN,NaN

INPUT,0.355700463056564,0.0289705079048872,0.732832252979279,0.849137783050537,3.09295701980591,1.43452656269073,K,12
OUTPUT,NaN,NaN,NaN,NaN,NaN,NaN

INPUT,0.359575748443604,0.0283853523433208,0.744053304195404,0.81712818145752,3.08793067932129,1.46414303779602,K,13
OUTPUT,NaN,NaN,NaN,NaN,NaN,NaN

INPUT,0.36345100402832,0.0278001967817545,0.75527435541153,0.785318672657013,3.08295512199402,1.49396765232086,K,14
OUTPUT,NaN,NaN,NaN,NaN,NaN,NaN

INPUT,0.367326289415359,0.0272150412201881,0.766495406627655,0.753659009933472,3.07803535461426,1.52395129203796,K,15
OUTPUT,NaN,NaN,NaN,NaN,NaN,NaN

INPUT,0.370814025402069,0.0266884006559849,0.776594340801239,0.725264489650726,3.07365870475769,1.55104374885559,K,16
OUTPUT,NaN,NaN,NaN,NaN,NaN,NaN

INPUT,0.373526722192764,0.0262787919491529,0.784449100494385,0.703231871128082,3.0702908039093,1.57217347621918,K,17
OUTPUT,NaN,NaN,NaN,NaN,NaN,NaN

INPUT,0.375464349985123,0.0259862132370472,0.790059626102448,0.687517940998077,3.06790542602539,1.58729290962219,K,18
OUTPUT,NaN,NaN,NaN,NaN,NaN,NaN

INPUT,0.376626938581467,0.0258106663823128,0.793425917625427,0.67809796333313,3.06648230552673,1.59637415409088,K,19
OUTPUT,NaN,NaN,NaN,NaN,NaN,NaN

INPUT,0.377014458179474,0.0257521513849497,0.794548034667969,0.674959242343903,3.06600952148438,1.59940278530121,K,20
OUTPUT,NaN,NaN,NaN,NaN,NaN,NaN

INPUT,0.360569387674332,0.0356661044061184,0.732981085777283,-2.44861626625061,3.10959672927856,-1.85084545612335,K,12
OUTPUT,NaN,NaN,NaN,NaN,NaN,NaN

INPUT,0.364957302808762,0.0357856526970863,0.744217813014984,-2.47859311103821,3.10643219947815,-1.81790852546692,K,13
OUTPUT,NaN,NaN,NaN,NaN,NaN,NaN

INPUT,0.369345188140869,0.0359052047133446,0.755454540252686,-2.50881505012512,3.10330247879028,-1.78521323204041,K,14
OUTPUT,NaN,NaN,NaN,NaN,NaN,NaN

INPUT,0.373733073472977,0.0360247530043125,0.766691267490387,-2.53922462463379,3.10021042823792,-1.75270199775696,K,15
OUTPUT,NaN,NaN,NaN,NaN,NaN,NaN

INPUT,0.37768217921257,0.036132350564003,0.776804327964783,-2.56672024726868,3.09746265411377,-1.72356522083282,K,16
OUTPUT,NaN,NaN,NaN,NaN,NaN,NaN

INPUT,0.380753695964813,0.0362160354852676,0.784670054912567,-2.58817362785339,3.09534978866577,-1.70096909999847,K,17
OUTPUT,NaN,NaN,NaN,NaN,NaN,NaN

INPUT,0.382947653532028,0.0362758077681065,0.79028844833374,-2.60352921485901,3.09385418891907,-1.68485927581787,K,18
OUTPUT,NaN,NaN,NaN,NaN,NaN,NaN

INPUT,0.384264022111893,0.0363116748631001,0.793659448623657,-2.61275386810303,3.09296250343323,-1.67520427703857,K,19
OUTPUT,NaN,NaN,NaN,NaN,NaN,NaN

INPUT,0.384702801704407,0.0363236293196678,0.794783115386963,-2.61583042144775,3.0926661491394,-1.67198753356934,K,20
OUTPUT,NaN,NaN,NaN,NaN,NaN,NaN

INPUT,0.370096653699875,0.0436167418956757,0.71955394744873,-2.26674461364746,3.03764796257019,-1.53868722915649,K,11
OUTPUT,NaN,NaN,NaN,NaN,NaN,NaN

INPUT,0.376121610403061,0.0446857437491417,0.730532944202423,-2.30895233154297,3.02614283561707,-1.49508619308472,K,12
OUTPUT,NaN,NaN,NaN,NaN,NaN,NaN

INPUT,0.382146567106247,0.045754749327898,0.741511940956116,-2.35131335258484,3.01484990119934,-1.45158195495605,K,13
OUTPUT,NaN,NaN,NaN,NaN,NaN,NaN

INPUT,0.388171523809433,0.0468237474560738,0.752490878105164,-2.39379739761353,3.0037899017334,-1.40813994407654,K,14
OUTPUT,NaN,NaN,NaN,NaN,NaN,NaN

INPUT,0.394196480512619,0.0478927530348301,0.763469874858856,-2.4363842010498,2.9929838180542,-1.3647358417511,K,15
OUTPUT,NaN,NaN,NaN,NaN,NaN,NaN

INPUT,0.399618953466415,0.0488548539578915,0.773350954055786,-2.47478866577148,2.98349165916443,-1.32569015026093,K,16
OUTPUT,NaN,NaN,NaN,NaN,NaN,NaN

INPUT,0.403836399316788,0.0496031567454338,0.781036257743835,-2.50470376014709,2.9762716293335,-1.29532647132874,K,17
OUTPUT,NaN,NaN,NaN,NaN,NaN,NaN

INPUT,0.406848877668381,0.0501376576721668,0.786525726318359,-2.52609419822693,2.97120571136475,-1.27363896369934,K,18
OUTPUT,NaN,NaN,NaN,NaN,NaN,NaN

INPUT,0.408656388521194,0.0504583567380905,0.789819419384003,-2.53893685340881,2.96820378303528,-1.26062607765198,K,19
OUTPUT,NaN,NaN,NaN,NaN,NaN,NaN

INPUT,0.409258872270584,0.0505652576684952,0.790917336940765,-2.54321932792664,2.96720933914185,-1.2562882900238,K,20
OUTPUT,NaN,NaN,NaN,NaN,NaN,NaN

INPUT,0.362445712089539,0.0291427485644817,0.738014101982117,0.681571185588837,3.11913800239563,1.49304556846619,K,5
OUTPUT,NaN,NaN,NaN,NaN,NaN,NaN

INPUT,0.368205457925797,0.0283116903156042,0.751716077327728,0.609122812747955,3.11565065383911,1.54431712627411,K,6
OUTPUT,NaN,NaN,NaN,NaN,NaN,NaN

INPUT,0.37268528342247,0.0276653114706278,0.762373208999634,0.554537534713745,3.11300468444824,1.58596217632294,K,7
OUTPUT,NaN,NaN,NaN,NaN,NaN,NaN

INPUT,0.375885158777237,0.0272036120295525,0.769985437393188,0.516228795051575,3.11115407943726,1.61639153957367,K,8
OUTPUT,NaN,NaN,NaN,NaN,NaN,NaN

INPUT,0.377805083990097,0.0269265938550234,0.774552822113037,0.493463456630707,3.1100606918335,1.63487005233765,K,9
OUTPUT,NaN,NaN,NaN,NaN,NaN,NaN

INPUT,0.367427170276642,0.0449024103581905,0.715665817260742,-2.28080034255981,3.05201601982117,-1.95572173595428,K,4
OUTPUT,NaN,NaN,NaN,NaN,NaN,NaN

INPUT,0.376459777355194,0.0470602214336395,0.731031656265259,-2.31650805473328,3.03441619873047,-1.92045712471008,K,5
OUTPUT,NaN,NaN,NaN,NaN,NaN,NaN

INPUT,0.385492354631424,0.0492180362343788,0.746397495269775,-2.35218715667725,3.01695132255554,-1.88509690761566,K,6
OUTPUT,NaN,NaN,NaN,NaN,NaN,NaN

INPUT,0.392517685890198,0.0508963353931904,0.758348703384399,-2.37987518310547,3.00350427627563,-1.85760080814362,K,7
OUTPUT,NaN,NaN,NaN,NaN,NaN,NaN

INPUT,0.397535771131516,0.0520951189100742,0.766885280609131,-2.39959740638733,2.99399161338806,-1.83799386024475,K,8
OUTPUT,NaN,NaN,NaN,NaN,NaN,NaN

INPUT,0.4005466401577,0.0528143905103207,0.77200722694397,-2.41140270233154,2.98832631111145,-1.82625102996826,K,9
OUTPUT,NaN,NaN,NaN,NaN,NaN,NaN

INPUT,0.370244562625885,0.0423512011766434,0.714354157447815,-2.26451873779297,3.03699350357056,-1.55658960342407,K,4
OUTPUT,NaN,NaN,NaN,NaN,NaN,NaN

INPUT,0.379812955856323,0.0440080985426903,0.729407072067261,-2.33695125579834,3.01742458343506,-1.47602581977844,K,5
OUTPUT,NaN,NaN,NaN,NaN,NaN,NaN

INPUT,0.389381319284439,0.0456649996340275,0.744459986686707,-2.4105658531189,2.99857926368713,-1.3964616060257,K,6
OUTPUT,NaN,NaN,NaN,NaN,NaN,NaN

INPUT,0.39682337641716,0.0469537004828453,0.756167769432068,-2.46837472915649,2.98449420928955,-1.33499240875244,K,7
OUTPUT,NaN,NaN,NaN,NaN,NaN,NaN

INPUT,0.402139157056808,0.0478742010891438,0.76453047990799,-2.50989198684692,2.97477126121521,-1.2912323474884,K,8
OUTPUT,NaN,NaN,NaN,NaN,NaN,NaN

INPUT,0.405328631401062,0.0484265014529228,0.769548118114471,-2.53487873077393,2.96908116340637,-1.26501977443695,K,9
OUTPUT,NaN,NaN,NaN,NaN,NaN,NaN

INPUT,0.361985146999359,0.0289759784936905,0.736664295196533,0.824230313301086,3.08761525154114,1.47404825687408,K,5
OUTPUT,NaN,NaN,NaN,NaN,NaN,NaN

INPUT,0.367820173501968,0.0281551275402308,0.750323057174683,0.769238591194153,3.07965612411499,1.51844680309296,K,6
OUTPUT,NaN,NaN,NaN,NaN,NaN,NaN

INPUT,0.372358500957489,0.0275166891515255,0.760946452617645,0.727478444576263,3.07359409332275,1.55369186401367,K,7
OUTPUT,NaN,NaN,NaN,NaN,NaN,NaN

INPUT,0.375600188970566,0.0270606596022844,0.768534600734711,0.698141574859619,3.06934857368469,1.57906067371368,K,8
OUTPUT,NaN,NaN,NaN,NaN,NaN,NaN

INPUT,0.377545207738876,0.026787044480443,0.773087501525879,0.680730938911438,3.06683921813965,1.5943158864975,K,9
OUTPUT,NaN,NaN,NaN,NaN,NaN,NaN

INPUT,0.360946148633957,0.0353542044758797,0.724794864654541,-2.43549370765686,3.10984039306641,-1.87522280216217,K,4
OUTPUT,NaN,NaN,NaN,NaN,NaN,NaN

INPUT,0.367010712623596,0.035480871796608,0.738033413887024,-2.48236274719238,3.10513496398926,-1.82013845443726,K,5
OUTPUT,NaN,NaN,NaN,NaN,NaN,NaN

INPUT,0.373075306415558,0.0356075428426266,0.751271903514862,-2.53016781806946,3.10052394866943,-1.76598155498505,K,6
OUTPUT,NaN,NaN,NaN,NaN,NaN,NaN

INPUT,0.377792209386826,0.0357060618698597,0.761568546295166,-2.56764125823975,3.09702515602112,-1.72448325157166,K,7
OUTPUT,NaN,NaN,NaN,NaN,NaN,NaN

INPUT,0.381161391735077,0.0357764326035976,0.768923282623291,-2.59443354606628,3.09458255767822,-1.6951938867569,K,8
OUTPUT,NaN,NaN,NaN,NaN,NaN,NaN

INPUT,0.383182942867279,0.0358186550438404,0.773336112499237,-2.61048626899719,3.09314203262329,-1.677769780159,K,9
OUTPUT,NaN,NaN,NaN,NaN,NaN,NaN

INPUT,0.368032366037369,0.0480018444359303,0.720004439353943,-2.14178442955017,3.04306268692017,-1.70868790149689,K,11
OUTPUT,NaN,NaN,NaN,NaN,NaN,NaN

INPUT,0.373835951089859,0.0495815314352512,0.731024503707886,-2.16682982444763,3.03175330162048,-1.6826890707016,K,12
OUTPUT,NaN,NaN,NaN,NaN,NaN,NaN

INPUT,0.379639536142349,0.0511612221598625,0.742044508457184,-2.19197988510132,3.02051520347595,-1.65676307678223,K,13
OUTPUT,NaN,NaN,NaN,NaN,NaN,NaN

INPUT,0.385443121194839,0.0527409091591835,0.753064572811127,-2.21721267700195,3.0093560218811,-1.63088548183441,K,14
OUTPUT,NaN,NaN,NaN,NaN,NaN,NaN

INPUT,0.39124670624733,0.0543205961585045,0.764084577560425,-2.24251437187195,2.99828290939331,-1.60503888130188,K,15
OUTPUT,NaN,NaN,NaN,NaN,NaN,NaN

INPUT,0.396469920873642,0.0557423159480095,0.774002611637115,-2.26533675193787,2.98839664459229,-1.58179318904877,K,16
OUTPUT,NaN,NaN,NaN,NaN,NaN,NaN

INPUT,0.400532454252243,0.0568480975925922,0.781716644763947,-2.28311729431152,2.98076319694519,-1.56371915340424,K,17
OUTPUT,NaN,NaN,NaN,NaN,NaN,NaN

INPUT,0.403434246778488,0.057637944817543,0.787226676940918,-2.29583263397217,2.97534203529358,-1.55081057548523,K,18
OUTPUT,NaN,NaN,NaN,NaN,NaN,NaN

INPUT,0.405175298452377,0.0581118501722813,0.790532648563385,-2.30346751213074,2.97210240364075,-1.54306578636169,K,19
OUTPUT,NaN,NaN,NaN,NaN,NaN,NaN

INPUT,0.405755668878555,0.0582698173820972,0.791634678840637,-2.30601334571838,2.97102475166321,-1.54048407077789,K,20
OUTPUT,NaN,NaN,NaN,NaN,NaN,NaN

INPUT,0.368037194013596,0.0407198145985603,0.721045672893524,-2.29070711135864,3.08306384086609,-1.92158377170563,K,11
OUTPUT,NaN,NaN,NaN,NaN,NaN,NaN

INPUT,0.373819887638092,0.041448101401329,0.732200145721436,-2.31147861480713,3.0763635635376,-1.89892470836639,K,12
OUTPUT,NaN,NaN,NaN,NaN,NaN,NaN

INPUT,0.379602581262589,0.042176391929388,0.743354618549347,-2.33243012428284,3.06969404220581,-1.87643623352051,K,13
OUTPUT,NaN,NaN,NaN,NaN,NaN,NaN

INPUT,0.385385245084763,0.0429046787321568,0.754509031772614,-2.35351705551147,3.06305837631226,-1.85407280921936,K,14
OUTPUT,NaN,NaN,NaN,NaN,NaN,NaN

INPUT,0.391167938709259,0.0436329655349255,0.765663504600525,-2.37470889091492,3.05645966529846,-1.83180284500122,K,15
OUTPUT,NaN,NaN,NaN,NaN,NaN,NaN

INPUT,0.396372348070145,0.0442884266376495,0.77570253610611,-2.39385318756104,3.05055522918701,-1.81182134151459,K,16
OUTPUT,NaN,NaN,NaN,NaN,NaN,NaN

INPUT,0.400420248508453,0.0447982251644135,0.783510625362396,-2.4087827205658,3.04598665237427,-1.79631221294403,K,17
OUTPUT,NaN,NaN,NaN,NaN,NaN,NaN

INPUT,0.40331158041954,0.0451623722910881,0.789087891578674,-2.41946482658386,3.04273676872253,-1.78524851799011,K,18
OUTPUT,NaN,NaN,NaN,NaN,NaN,NaN

INPUT,0.405046373605728,0.0453808568418026,0.792434215545654,-2.42588090896606,3.04079270362854,-1.77861547470093,K,19
OUTPUT,NaN,NaN,NaN,NaN,NaN,NaN

INPUT,0.405624657869339,0.0454536862671375,0.793549656867981,-2.42802047729492,3.04014539718628,-1.77640509605408,K,20
OUTPUT,NaN,NaN,NaN,NaN,NaN,NaN

INPUT,0.375435203313828,0.0513999126851559,0.707591474056244,-2.25343203544617,3.00867390632629,-1.79168081283569,K,10
OUTPUT,NaN,NaN,NaN,NaN,NaN,NaN

INPUT,0.382974803447723,0.053649052977562,0.718440294265747,-2.28376531600952,2.99143433570862,-1.76025688648224,K,11
OUTPUT,NaN,NaN,NaN,NaN,NaN,NaN

INPUT,0.390514373779297,0.055898193269968,0.72928911447525,-2.31425046920776,2.97433757781982,-1.72890484333038,K,12
OUTPUT,NaN,NaN,NaN,NaN,NaN,NaN

INPUT,0.398053973913193,0.0581473335623741,0.740137934684753,-2.34485960006714,2.95740008354187,-1.6975884437561,K,13
OUTPUT,NaN,NaN,NaN,NaN,NaN,NaN

INPUT,0.405593544244766,0.0603964738547802,0.750986754894257,-2.37557601928711,2.94063854217529,-1.66628324985504,K,14
OUTPUT,NaN,NaN,NaN,NaN,NaN,NaN

INPUT,0.413133144378662,0.0626456141471863,0.76183557510376,-2.40638971328735,2.92406916618347,-1.63497066497803,K,15
OUTPUT,NaN,NaN,NaN,NaN,NaN,NaN

INPUT,0.419918775558472,0.0646698400378227,0.771599531173706,-2.4341995716095,2.90933465957642,-1.60677194595337,K,16
OUTPUT,NaN,NaN,NaN,NaN,NaN,NaN

INPUT,0.425196468830109,0.0662442371249199,0.779193699359894,-2.45587873458862,2.89799880981445,-1.58482253551483,K,17
OUTPUT,NaN,NaN,NaN,NaN,NaN,NaN

INPUT,0.428966253995895,0.0673688054084778,0.784618139266968,-2.47138977050781,2.88997197151184,-1.56913352012634,K,18
OUTPUT,NaN,NaN,NaN,NaN,NaN,NaN

INPUT,0.431228131055832,0.068043552339077,0.787872791290283,-2.48070621490479,2.88518476486206,-1.55971527099609,K,19
OUTPUT,NaN,NaN,NaN,NaN,NaN,NaN

INPUT,0.431982100009918,0.0682684630155563,0.78895765542984,-2.48381352424622,2.88359379768372,-1.55657494068146,K,20
OUTPUT,NaN,NaN,NaN,NaN,NaN,NaN

INPUT,0.370786964893341,0.0338586121797562,0.720910787582397,-2.81786632537842,3.06859612464905,-1.87348425388336,K,11
OUTPUT,NaN,NaN,NaN,NaN,NaN,NaN

INPUT,0.376892626285553,0.0337795503437519,0.732050359249115,-2.87295126914978,3.06088376045227,-1.81737673282623,K,12
OUTPUT,NaN,NaN,NaN,NaN,NaN,NaN

INPUT,0.382998317480087,0.0337004922330379,0.743189871311188,-2.92814111709595,3.05342030525208,-1.76133990287781,K,13
OUTPUT,NaN,NaN,NaN,NaN,NaN,NaN

INPUT,0.389103978872299,0.033621434122324,0.75432938337326,-2.98341369628906,3.04622960090637,-1.70535051822662,K,14
OUTPUT,NaN,NaN,NaN,NaN,NaN,NaN

INPUT,0.395209670066833,0.03354237601161,0.765468895435333,-3.03875470161438,3.03933334350586,-1.64939165115356,K,15
OUTPUT,NaN,NaN,NaN,NaN,NaN,NaN

INPUT,0.400704771280289,0.0334712229669094,0.775494515895844,-3.08861064910889,3.03339648246765,-1.59904515743256,K,16
OUTPUT,NaN,NaN,NaN,NaN,NaN,NaN

INPUT,0.40497875213623,0.0334158800542355,0.783292174339294,-3.12741613388062,3.02896547317505,-1.55989336967468,K,17
OUTPUT,NaN,NaN,NaN,NaN,NaN,NaN

INPUT,0.408031582832336,0.0333763509988785,0.788861930370331,3.12803745269775,3.02590489387512,-1.5319299697876,K,18
OUTPUT,NaN,NaN,NaN,NaN,NaN,NaN

INPUT,0.409863293170929,0.0333526320755482,0.792203783988953,3.11139297485352,3.02411127090454,-1.51515245437622,K,19
OUTPUT,NaN,NaN,NaN,NaN,NaN,NaN

INPUT,0.410473853349686,0.0333447270095348,0.79331773519516,3.10584402084351,3.02352046966553,-1.50955998897552,K,20
OUTPUT,NaN,NaN,NaN,NaN,NaN,NaN

INPUT,0.364881783723831,0.0360074006021023,0.722492158412933,-2.51746439933777,3.10953688621521,-1.86898028850555,K,11
OUTPUT,NaN,NaN,NaN,NaN,NaN,NaN

INPUT,0.370319575071335,0.0361765399575233,0.733800947666168,-2.55498242378235,3.10599756240845,-1.83019697666168,K,12
OUTPUT,NaN,NaN,NaN,NaN,NaN,NaN

INPUT,0.375757366418839,0.0363456793129444,0.745109796524048,-2.59261655807495,3.10251021385193,-1.79152500629425,K,13
OUTPUT,NaN,NaN,NaN,NaN,NaN,NaN

INPUT,0.381195187568665,0.0365148186683655,0.756418585777283,-2.63033747673035,3.09907960891724,-1.75293493270874,K,14
OUTPUT,NaN,NaN,NaN,NaN,NaN,NaN

INPUT,0.386632978916168,0.0366839580237865,0.767727375030518,-2.66812586784363,3.09571075439453,-1.71440649032593,K,15
OUTPUT,NaN,NaN,NaN,NaN,NaN,NaN

INPUT,0.391526997089386,0.0368361808359623,0.777905344963074,-2.70218086242676,3.09273600578308,-1.67977154254913,K,16
OUTPUT,NaN,NaN,NaN,NaN,NaN,NaN

INPUT,0.395333468914032,0.036954578012228,0.785821497440338,-2.72869300842285,3.09046173095703,-1.65285468101501,K,17
OUTPUT,NaN,NaN,NaN,NaN,NaN,NaN

INPUT,0.398052364587784,0.0370391495525837,0.791475892066956,-2.74764180183411,3.08885955810547,-1.63363814353943,K,18
OUTPUT,NaN,NaN,NaN,NaN,NaN,NaN

INPUT,0.399683713912964,0.037089891731739,0.794868528842926,-2.75901532173157,3.08790755271912,-1.62211167812347,K,19
OUTPUT,NaN,NaN,NaN,NaN,NaN,NaN

INPUT,0.40022748708725,0.0371068045496941,0.79599940776825,-2.7628071308136,3.08759164810181,-1.61826992034912,K,20
OUTPUT,NaN,NaN,NaN,NaN,NaN,NaN

INPUT,0.362473636865616,0.0380494147539139,0.721812307834625,-2.29614400863647,3.10338711738586,-1.66919577121735,K,11
OUTPUT,NaN,NaN,NaN,NaN,NaN,NaN

INPUT,0.367601633071899,0.0384635254740715,0.733057081699371,-2.33129000663757,3.0991530418396,-1.63058710098267,K,12
OUTPUT,NaN,NaN,NaN,NaN,NaN,NaN

INPUT,0.372729629278183,0.0388776399195194,0.744301795959473,-2.3667516708374,3.09497666358948,-1.5922874212265,K,13
OUTPUT,NaN,NaN,NaN,NaN,NaN,NaN

INPUT,0.377857625484467,0.039291750639677,0.755546569824219,-2.4024486541748,3.09086346626282,-1.55421602725983,K,14
OUTPUT,NaN,NaN,NaN,NaN,NaN,NaN

INPUT,0.38298562169075,0.0397058613598347,0.76679128408432,-2.43832612037659,3.08681917190552,-1.516317486763,K,15
OUTPUT,NaN,NaN,NaN,NaN,NaN,NaN

INPUT,0.387600839138031,0.0400785617530346,0.776911556720734,-2.47073817253113,3.08324265480042,-1.48232412338257,K,16
OUTPUT,NaN,NaN,NaN,NaN,NaN,NaN

INPUT,0.391190439462662,0.0403684414923191,0.784782886505127,-2.49601340293884,3.08050537109375,-1.45594596862793,K,17
OUTPUT,NaN,NaN,NaN,NaN,NaN,NaN

INPUT,0.393754422664642,0.0405754968523979,0.7904052734375,-2.51409769058228,3.07857489585876,-1.43713235855103,K,18
OUTPUT,NaN,NaN,NaN,NaN,NaN,NaN

INPUT,0.395292818546295,0.0406997315585613,0.793778657913208,-2.52495908737183,3.07742691040039,-1.42585408687592,K,19
OUTPUT,NaN,NaN,NaN,NaN,NaN,NaN

INPUT,0.39580562710762,0.040741141885519,0.794903159141541,-2.52858138084412,3.07704591751099,-1.42209613323212,K,20
OUTPUT,NaN,NaN,NaN,NaN,NaN,NaN

INPUT,0.361013412475586,0.0344296135008335,0.72281402349472,-2.49002170562744,3.11678624153137,-1.99659383296967,K,11
OUTPUT,NaN,NaN,NaN,NaN,NaN,NaN

INPUT,0.365969777107239,0.0344178192317486,0.734176576137543,-2.51727914810181,3.11403894424438,-1.96581888198853,K,12
OUTPUT,NaN,NaN,NaN,NaN,NaN,NaN

INPUT,0.370926141738892,0.0344060249626637,0.74553906917572,-2.54485583305359,3.11131477355957,-1.93536055088043,K,13
OUTPUT,NaN,NaN,NaN,NaN,NaN,NaN

INPUT,0.375882476568222,0.0343942306935787,0.756901562213898,-2.57267045974731,3.10861611366272,-1.90513801574707,K,14
OUTPUT,NaN,NaN,NaN,NaN,NaN,NaN

INPUT,0.380838841199875,0.0343824364244938,0.76826411485672,-2.60066771507263,3.10594511032104,-1.87509548664093,K,15
OUTPUT,NaN,NaN,NaN,NaN,NaN,NaN

INPUT,0.385299563407898,0.0343718193471432,0.778490364551544,-2.62598848342896,3.10356688499451,-1.84817814826965,K,16
OUTPUT,NaN,NaN,NaN,NaN,NaN,NaN

INPUT,0.388769000768661,0.0343635641038418,0.786444127559662,-2.64574909210205,3.10173487663269,-1.82730722427368,K,17
OUTPUT,NaN,NaN,NaN,NaN,NaN,NaN

INPUT,0.391247183084488,0.0343576669692993,0.792125403881073,-2.65989398956299,3.10043621063232,-1.81242918968201,K,18
OUTPUT,NaN,NaN,NaN,NaN,NaN,NaN

INPUT,0.392734080553055,0.0343541316688061,0.795534133911133,-2.66839218139648,3.09966135025024,-1.80351293087006,K,19
OUTPUT,NaN,NaN,NaN,NaN,NaN,NaN

INPUT,0.393229722976685,0.0343529507517815,0.796670377254486,-2.67122673988342,3.09940361976624,-1.80054259300232,K,20
OUTPUT,NaN,NaN,NaN,NaN,NaN,NaN

INPUT,0.368350058794022,0.0464460216462612,0.714626848697662,-2.13787841796875,3.04230761528015,-1.71812927722931,K,4
OUTPUT,NaN,NaN,NaN,NaN,NaN,NaN

INPUT,0.377648770809174,0.0489093437790871,0.729793965816498,-2.18190479278564,3.02299451828003,-1.67045426368713,K,5
OUTPUT,NaN,NaN,NaN,NaN,NaN,NaN

INPUT,0.386947512626648,0.0513726733624935,0.744961082935333,-2.22649145126343,3.00392985343933,-1.6232351064682,K,6
OUTPUT,NaN,NaN,NaN,NaN,NaN,NaN

INPUT,0.394179850816727,0.0532885901629925,0.756757736206055,-2.26131105422974,2.98935198783875,-1.58682513237,K,7
OUTPUT,NaN,NaN,NaN,NaN,NaN,NaN

INPUT,0.399345815181732,0.0546571053564548,0.765183925628662,-2.28616952896118,2.97910642623901,-1.56100881099701,K,8
OUTPUT,NaN,NaN,NaN,NaN,NaN,NaN

INPUT,0.402445405721664,0.0554782152175903,0.770239591598511,-2.3010573387146,2.97303509712219,-1.54560387134552,K,9
OUTPUT,NaN,NaN,NaN,NaN,NaN,NaN

INPUT,0.390695095062256,0.0542035102844238,0.722817063331604,-2.31938123703003,2.97007489204407,-1.72866797447205,K,5
OUTPUT,NaN,NaN,NaN,NaN,NaN,NaN

INPUT,0.404104679822922,0.0581437945365906,0.739665985107422,-2.37802219390869,2.93825840950012,-1.66651618480682,K,6
OUTPUT,NaN,NaN,NaN,NaN,NaN,NaN

INPUT,0.414534330368042,0.0612084567546844,0.752770662307739,-2.4240996837616,2.91401672363281,-1.61837816238403,K,7
OUTPUT,NaN,NaN,NaN,NaN,NaN,NaN

INPUT,0.421984076499939,0.063397504389286,0.762131154537201,-2.45721435546875,2.89700531959534,-1.58403897285461,K,8
OUTPUT,NaN,NaN,NaN,NaN,NaN,NaN

INPUT,0.426453948020935,0.0647109299898148,0.767747461795807,-2.47715520858765,2.88692951202393,-1.56344103813171,K,9
OUTPUT,NaN,NaN,NaN,NaN,NaN,NaN

INPUT,0.368561238050461,0.0399514399468899,0.715507209300995,-2.2874710559845,3.08255863189697,-1.92878937721252,K,4
OUTPUT,NaN,NaN,NaN,NaN,NaN,NaN

INPUT,0.377966821193695,0.0410569831728935,0.73089861869812,-2.32404780387878,3.07114243507385,-1.8876758813858,K,5
OUTPUT,NaN,NaN,NaN,NaN,NaN,NaN

INPUT,0.387372374534607,0.0421625301241875,0.746290028095245,-2.36127042770386,3.05983233451843,-1.8471771478653,K,6
OUTPUT,NaN,NaN,NaN,NaN,NaN,NaN

INPUT,0.394687801599503,0.0430223979055882,0.758261144161224,-2.39044117927551,3.05114197731018,-1.8160263299942,K,7
OUTPUT,NaN,NaN,NaN,NaN,NaN,NaN

INPUT,0.399913102388382,0.0436365865170956,0.766811907291412,-2.41131997108459,3.04500555992126,-1.79395401477814,K,8
OUTPUT,NaN,NaN,NaN,NaN,NaN,NaN

INPUT,0.403048306703568,0.0440051034092903,0.771942377090454,-2.42384672164917,3.04135608673096,-1.78078317642212,K,9
OUTPUT,NaN,NaN,NaN,NaN,NaN,NaN

INPUT,0.371196180582047,0.0338121764361858,0.715802609920502,-2.82003569602966,3.06916260719299,-1.8993901014328,K,4
OUTPUT,NaN,NaN,NaN,NaN,NaN,NaN

INPUT,0.380970001220703,0.0337107256054878,0.731064081192017,-2.9127881526947,3.05582284927368,-1.79452884197235,K,5
OUTPUT,NaN,NaN,NaN,NaN,NaN,NaN

INPUT,0.390743792057037,0.0336092785000801,0.746325552463531,-3.00718688964844,3.04331660270691,-1.69120407104492,K,6
OUTPUT,NaN,NaN,NaN,NaN,NaN,NaN

INPUT,0.398345619440079,0.0335303768515587,0.758195519447327,-3.08134365081787,3.03424549102783,-1.61149561405182,K,7
OUTPUT,NaN,NaN,NaN,NaN,NaN,NaN

INPUT,0.40377551317215,0.0334740169346333,0.766674101352692,-3.13459920883179,3.02815103530884,-1.55480301380157,K,8
OUTPUT,NaN,NaN,NaN,NaN,NaN,NaN

INPUT,0.407033443450928,0.0334402024745941,0.771761298179626,3.11653971672058,3.0246570110321,-1.52086269855499,K,9
OUTPUT,NaN,NaN,NaN,NaN,NaN,NaN

INPUT,0.374478459358215,0.0360367894172668,0.732403635978699,-2.58480429649353,3.10311794281006,-1.8169903755188,K,5
OUTPUT,NaN,NaN,NaN,NaN,NaN,NaN

INPUT,0.38338702917099,0.0362782888114452,0.748108685016632,-2.64803266525269,3.0973424911499,-1.74461376667023,K,6
OUTPUT,NaN,NaN,NaN,NaN,NaN,NaN

INPUT,0.390315920114517,0.036466121673584,0.760323643684387,-2.69795632362366,3.09298920631409,-1.68905544281006,K,7
OUTPUT,NaN,NaN,NaN,NaN,NaN,NaN

INPUT,0.395265161991119,0.0366002842783928,0.769048631191254,-2.73390698432922,3.08996152877808,-1.64965462684631,K,8
OUTPUT,NaN,NaN,NaN,NaN,NaN,NaN

INPUT,0.398234665393829,0.0366807840764523,0.774283647537231,-2.75557160377502,3.08817958831787,-1.62610590457916,K,9
OUTPUT,NaN,NaN,NaN,NaN,NaN,NaN

INPUT,0.371471345424652,0.0382577404379845,0.731469869613647,-2.36134481430054,3.09572815895081,-1.61923730373383,K,5
OUTPUT,NaN,NaN,NaN,NaN,NaN,NaN

INPUT,0.379851818084717,0.0388845726847649,0.74712085723877,-2.42031002044678,3.08879566192627,-1.54704797267914,K,6
OUTPUT,NaN,NaN,NaN,NaN,NaN,NaN

INPUT,0.386369973421097,0.0393721088767052,0.759293794631958,-2.46725702285767,3.08355784416199,-1.49196982383728,K,7
OUTPUT,NaN,NaN,NaN,NaN,NaN,NaN

INPUT,0.391025811433792,0.0397203490138054,0.767988801002502,-2.50121307373047,3.07990765571594,-1.45304143428802,K,8
OUTPUT,NaN,NaN,NaN,NaN,NaN,NaN

INPUT,0.39381930232048,0.0399292930960655,0.773205816745758,-2.521723985672,3.07775640487671,-1.42981767654419,K,9
OUTPUT,NaN,NaN,NaN,NaN,NaN,NaN

INPUT,0.369889318943024,0.0342013835906982,0.732608497142792,-2.5411217212677,3.11165404319763,-1.95691847801208,K,5
OUTPUT,NaN,NaN,NaN,NaN,NaN,NaN

INPUT,0.37802118062973,0.0341183207929134,0.748477160930634,-2.58715271949768,3.10713386535645,-1.89920461177826,K,6
OUTPUT,NaN,NaN,NaN,NaN,NaN,NaN

INPUT,0.384345948696136,0.0340537130832672,0.760819494724274,-2.62374830245972,3.10369610786438,-1.85546088218689,K,7
OUTPUT,NaN,NaN,NaN,NaN,NaN,NaN

INPUT,0.388863652944565,0.0340075679123402,0.769635438919067,-2.6500985622406,3.1012921333313,-1.82477068901062,K,8
OUTPUT,NaN,NaN,NaN,NaN,NaN,NaN

INPUT,0.391574263572693,0.0339798778295517,0.774924993515015,-2.66594362258911,3.09987282752991,-1.80657267570496,K,9
OUTPUT,NaN,NaN,NaN,NaN,NaN,NaN

INPUT,0.364789038896561,0.0424747802317142,0.721315145492554,-2.13623046875,3.07653141021729,-1.59921944141388,K,11
OUTPUT,NaN,NaN,NaN,NaN,NaN,NaN

INPUT,0.370189696550369,0.0434094928205013,0.732501208782196,-2.16669893264771,3.069171667099,-1.5664826631546,K,12
OUTPUT,NaN,NaN,NaN,NaN,NaN,NaN

INPUT,0.375590354204178,0.0443442016839981,0.743687331676483,-2.19738411903381,3.0618839263916,-1.5339457988739,K,13
OUTPUT,NaN,NaN,NaN,NaN,NaN,NaN

INPUT,0.380991011857986,0.0452789142727852,0.754873394966125,-2.22823262214661,3.05467581748962,-1.50155425071716,K,14
OUTPUT,NaN,NaN,NaN,NaN,NaN,NaN

INPUT,0.386391669511795,0.0462136268615723,0.766059458255768,-2.25920867919922,3.04755449295044,-1.46927011013031,K,15
OUTPUT,NaN,NaN,NaN,NaN,NaN,NaN

INPUT,0.391252249479294,0.0470548681914806,0.776126980781555,-2.28717470169067,3.04122543334961,-1.44028449058533,K,16
OUTPUT,NaN,NaN,NaN,NaN,NaN,NaN

INPUT,0.395032703876495,0.0477091632783413,0.783957242965698,-2.30897450447083,3.03635859489441,-1.41777586936951,K,17
OUTPUT,NaN,NaN,NaN,NaN,NaN,NaN

INPUT,0.3977330327034,0.0481765195727348,0.789550244808197,-2.32456851005554,3.03291368484497,-1.40171432495117,K,18
OUTPUT,NaN,NaN,NaN,NaN,NaN,NaN

INPUT,0.399353206157684,0.048456933349371,0.792906105518341,-2.33393335342407,3.03085994720459,-1.39208281040192,K,19
OUTPUT,NaN,NaN,NaN,NaN,NaN,NaN

INPUT,0.399893283843994,0.0485504046082497,0.794024705886841,-2.33705639839172,3.03017735481262,-1.38887321949005,K,20
OUTPUT,NaN,NaN,NaN,NaN,NaN,NaN

INPUT,0.364403933286667,0.0375311709940434,0.721581399440765,-2.17225813865662,3.08891892433167,-1.71567511558533,K,11
OUTPUT,NaN,NaN,NaN,NaN,NaN,NaN

INPUT,0.369758903980255,0.0378840379416943,0.732799768447876,-2.19776844978333,3.08293294906616,-1.68746435642242,K,12
OUTPUT,NaN,NaN,NaN,NaN,NaN,NaN

INPUT,0.375113904476166,0.0382369048893452,0.744018137454987,-2.22353267669678,3.07698917388916,-1.65949821472168,K,13
OUTPUT,NaN,NaN,NaN,NaN,NaN,NaN

INPUT,0.380468875169754,0.0385897755622864,0.755236566066742,-2.24948692321777,3.07109212875366,-1.63171184062958,K,14
OUTPUT,NaN,NaN,NaN,NaN,NaN,NaN

INPUT,0.385823875665665,0.0389426425099373,0.766454935073853,-2.27558755874634,3.06524562835693,-1.60406064987183,K,15
OUTPUT,NaN,NaN,NaN,NaN,NaN,NaN

INPUT,0.390643358230591,0.0392602235078812,0.776551485061646,-2.29917788505554,3.06003093719482,-1.57926404476166,K,16
OUTPUT,NaN,NaN,NaN,NaN,NaN,NaN

INPUT,0.394391864538193,0.0395072288811207,0.784404337406158,-2.31757998466492,3.05600762367249,-1.56002497673035,K,17
OUTPUT,NaN,NaN,NaN,NaN,NaN,NaN

INPUT,0.397069364786148,0.0396836623549461,0.790013551712036,-2.33074975013733,3.05315256118774,-1.54630386829376,K,18
OUTPUT,NaN,NaN,NaN,NaN,NaN,NaN

INPUT,0.398675858974457,0.0397895239293575,0.793379068374634,-2.33866047859192,3.05144691467285,-1.53807890415192,K,19
OUTPUT,NaN,NaN,NaN,NaN,NaN,NaN

INPUT,0.399211347103119,0.0398248098790646,0.794500887393951,-2.34129905700684,3.05087971687317,-1.53533840179443,K,20
OUTPUT,NaN,NaN,NaN,NaN,NaN,NaN

INPUT,0.360957384109497,0.0312851257622242,0.722216486930847,-2.0837938785553,3.13318037986755,-1.58203089237213,K,11
OUTPUT,NaN,NaN,NaN,NaN,NaN,NaN

INPUT,0.365906864404678,0.0309031568467617,0.733509659767151,-2.10378623008728,3.13228917121887,-1.54301488399506,K,12
OUTPUT,NaN,NaN,NaN,NaN,NaN,NaN

INPUT,0.370856314897537,0.0305211897939444,0.744802892208099,-2.1254358291626,3.13140535354614,-1.50565612316132,K,13
OUTPUT,NaN,NaN,NaN,NaN,NaN,NaN

INPUT,0.375805765390396,0.0301392208784819,0.756096124649048,-2.14833474159241,3.13052988052368,-1.46954643726349,K,14
OUTPUT,NaN,NaN,NaN,NaN,NaN,NaN

INPUT,0.380755215883255,0.0297572519630194,0.767389297485352,-2.17219805717468,3.12966370582581,-1.43440091609955,K,15
OUTPUT,NaN,NaN,NaN,NaN,NaN,NaN

INPUT,0.385209739208221,0.0294134803116322,0.777553200721741,-2.19432973861694,3.12889266014099,-1.4034241437912,K,16
OUTPUT,NaN,NaN,NaN,NaN,NaN,NaN

INPUT,0.388674378395081,0.0291461031883955,0.785458445549011,-2.21189618110657,3.12829875946045,-1.37968409061432,K,17
OUTPUT,NaN,NaN,NaN,NaN,NaN,NaN

INPUT,0.39114910364151,0.0289551187306643,0.791105091571808,-2.22460675239563,3.12787818908691,-1.36288976669312,K,18
OUTPUT,NaN,NaN,NaN,NaN,NaN,NaN

INPUT,0.39263391494751,0.0288405288010836,0.794493019580841,-2.23229217529297,3.12762713432312,-1.352872133255,K,19
OUTPUT,NaN,NaN,NaN,NaN,NaN,NaN

INPUT,0.393128871917725,0.0288023315370083,0.7956223487854,-2.23486304283142,3.12754368782043,-1.34954214096069,K,20
OUTPUT,NaN,NaN,NaN,NaN,NaN,NaN

INPUT,0.36536517739296,0.0383950360119343,0.721752107143402,-2.43263840675354,3.0854971408844,-1.95708298683167,K,11
OUTPUT,NaN,NaN,NaN,NaN,NaN,NaN

INPUT,0.370833545923233,0.0388497076928616,0.73298966884613,-2.45976400375366,3.07914328575134,-1.9282511472702,K,12
OUTPUT,NaN,NaN,NaN,NaN,NaN,NaN

INPUT,0.376301884651184,0.0393043830990791,0.744227230548859,-2.48705244064331,3.07283854484558,-1.89957070350647,K,13
OUTPUT,NaN,NaN,NaN,NaN,NaN,NaN

INPUT,0.381770223379135,0.0397590547800064,0.755464792251587,-2.51446318626404,3.06658744812012,-1.87100088596344,K,14
OUTPUT,NaN,NaN,NaN,NaN,NaN,NaN

INPUT,0.387238562107086,0.040213730186224,0.766702353954315,-2.54196929931641,3.06039500236511,-1.84251308441162,K,15
OUTPUT,NaN,NaN,NaN,NaN,NaN,NaN

INPUT,0.392160087823868,0.0406229346990585,0.776816189289093,-2.56679034233093,3.05487608909607,-1.81692779064178,K,16
OUTPUT,NaN,NaN,NaN,NaN,NaN,NaN

INPUT,0.395987927913666,0.0409412086009979,0.78468245267868,-2.58613157272339,3.050621509552,-1.79705584049225,K,17
OUTPUT,NaN,NaN,NaN,NaN,NaN,NaN

INPUT,0.39872208237648,0.0411685444414616,0.790301263332367,-2.59996366500854,3.04760384559631,-1.78287398815155,K,18
OUTPUT,NaN,NaN,NaN,NaN,NaN,NaN

INPUT,0.400362581014633,0.0413049459457397,0.793672561645508,-2.60826921463013,3.04580187797546,-1.77436923980713,K,19
OUTPUT,NaN,NaN,NaN,NaN,NaN,NaN

INPUT,0.400909423828125,0.0413504131138325,0.794796288013458,-2.61103892326355,3.04520273208618,-1.77153491973877,K,20
OUTPUT,NaN,NaN,NaN,NaN,NaN,NaN

INPUT,0.374041438102722,0.0429645217955112,0.731074213981628,-2.19009113311768,3.06338882446289,-1.55501472949982,K,5
OUTPUT,NaN,NaN,NaN,NaN,NaN,NaN

INPUT,0.382792979478836,0.0443986505270004,0.746581017971039,-2.24253559112549,3.05108284950256,-1.49398183822632,K,6
OUTPUT,NaN,NaN,NaN,NaN,NaN,NaN

INPUT,0.389599740505219,0.0455140806734562,0.75864189863205,-2.28384828567505,3.04175925254822,-1.44746220111847,K,7
OUTPUT,NaN,NaN,NaN,NaN,NaN,NaN

INPUT,0.39446172118187,0.0463108196854591,0.767256796360016,-2.31342840194702,3.03526329994202,-1.41473841667175,K,8
OUTPUT,NaN,NaN,NaN,NaN,NaN,NaN

INPUT,0.397378891706467,0.046788863837719,0.772425711154938,-2.33115530014038,3.03143906593323,-1.39531266689301,K,9
OUTPUT,NaN,NaN,NaN,NaN,NaN,NaN

INPUT,0.37369579076767,0.0373136848211288,0.731315135955811,-2.21764421463013,3.07816934585571,-1.67763221263885,K,5
OUTPUT,NaN,NaN,NaN,NaN,NaN,NaN

INPUT,0.382427126169205,0.037749670445919,0.746891617774963,-2.26157307624817,3.06813979148865,-1.62535297870636,K,6
OUTPUT,NaN,NaN,NaN,NaN,NaN,NaN

INPUT,0.389218151569366,0.0380887687206268,0.75900661945343,-2.29632568359375,3.06048393249512,-1.58553993701935,K,7
OUTPUT,NaN,NaN,NaN,NaN,NaN,NaN

INPUT,0.394068866968155,0.0383309833705425,0.767660200595856,-2.32129573822021,3.05511164665222,-1.55751526355743,K,8
OUTPUT,NaN,NaN,NaN,NaN,NaN,NaN

INPUT,0.396979302167892,0.0384763106703758,0.77285236120224,-2.3362979888916,3.05193209648132,-1.54086232185364,K,9
OUTPUT,NaN,NaN,NaN,NaN,NaN,NaN

INPUT,0.370039999485016,0.0305899120867252,0.731756210327148,-2.16637444496155,3.13119387626648,-1.57214844226837,K,5
OUTPUT,NaN,NaN,NaN,NaN,NaN,NaN

INPUT,0.378289639949799,0.0298667289316654,0.747548758983612,-2.18562269210815,3.12985062599182,-1.48595476150513,K,6
OUTPUT,NaN,NaN,NaN,NaN,NaN,NaN

INPUT,0.384706050157547,0.0293042548000813,0.759831845760345,-2.20533132553101,3.12882566452026,-1.42402613162994,K,7
OUTPUT,NaN,NaN,NaN,NaN,NaN,NaN

INPUT,0.389289170503616,0.0289024859666824,0.768605470657349,-2.22125673294067,3.12810778617859,-1.38200330734253,K,8
OUTPUT,NaN,NaN,NaN,NaN,NaN,NaN

INPUT,0.392039060592651,0.0286614242941141,0.773869633674622,-2.23139810562134,3.12768387794495,-1.3575667142868,K,9
OUTPUT,NaN,NaN,NaN,NaN,NaN,NaN

INPUT,0.374708354473114,0.0385123230516911,0.731658697128296,-2.47686100006104,3.07432293891907,-1.91425728797913,K,5
OUTPUT,NaN,NaN,NaN,NaN,NaN,NaN

INPUT,0.383543074131012,0.0391834042966366,0.747221648693085,-2.52504897117615,3.06360244750977,-1.86223578453064,K,6
OUTPUT,NaN,NaN,NaN,NaN,NaN,NaN

INPUT,0.390414506196976,0.0397053547203541,0.759326159954071,-2.56271195411682,3.05543160438538,-1.82225394248962,K,7
OUTPUT,NaN,NaN,NaN,NaN,NaN,NaN

INPUT,0.395322680473328,0.0400781780481339,0.767972230911255,-2.58959317207336,3.04970669746399,-1.79397463798523,K,8
OUTPUT,NaN,NaN,NaN,NaN,NaN,NaN

INPUT,0.398267596960068,0.0403018705546856,0.773159921169281,-2.60568404197693,3.04632210731506,-1.77712881565094,K,9
OUTPUT,NaN,NaN,NaN,NaN,NaN,NaN

INPUT,0.373503297567368,0.0414904728531837,0.721277713775635,-2.48933577537537,3.04412031173706,-1.72232389450073,K,11
OUTPUT,NaN,NaN,NaN,NaN,NaN,NaN

INPUT,0.379928112030029,0.0423090197145939,0.732461452484131,-2.53388571739197,3.03342247009277,-1.67649471759796,K,12
OUTPUT,NaN,NaN,NaN,NaN,NaN,NaN

INPUT,0.386352896690369,0.043127566576004,0.743645250797272,-2.57857537269592,3.02294516563416,-1.63075375556946,K,13
OUTPUT,NaN,NaN,NaN,NaN,NaN,NaN

INPUT,0.392777681350708,0.0439461134374142,0.754829049110413,-2.62337732315063,3.01270985603333,-1.5850692987442,K,14
OUTPUT,NaN,NaN,NaN,NaN,NaN,NaN

INPUT,0.39920249581337,0.0447646602988243,0.766012787818909,-2.66827297210693,3.00273776054382,-1.53941941261292,K,15
OUTPUT,NaN,NaN,NaN,NaN,NaN,NaN

INPUT,0.404984802007675,0.0455013550817966,0.776078224182129,-2.70874834060669,2.99400496482849,-1.49835109710693,K,16
OUTPUT,NaN,NaN,NaN,NaN,NaN,NaN

INPUT,0.409482181072235,0.0460743382573128,0.783906877040863,-2.74026989936829,2.98738121986389,-1.46641421318054,K,17
OUTPUT,NaN,NaN,NaN,NaN,NaN,NaN

INPUT,0.412694573402405,0.0464836098253727,0.789498746395111,-2.76280570030212,2.98274421691895,-1.44360268115997,K,18
OUTPUT,NaN,NaN,NaN,NaN,NaN,NaN

INPUT,0.414622008800507,0.0467291735112667,0.792853891849518,-2.77633476257324,2.9800009727478,-1.42991554737091,K,19
OUTPUT,NaN,NaN,NaN,NaN,NaN,NaN

INPUT,0.415264487266541,0.0468110293149948,0.793972253799438,-2.78084588050842,2.97909307479858,-1.42535316944122,K,20
OUTPUT,NaN,NaN,NaN,NaN,NaN,NaN

INPUT,0.354353070259094,0.0307620353996754,0.733446657657623,0.798291742801666,3.11164379119873,1.27395796775818,K,12
OUTPUT,NaN,NaN,NaN,NaN,NaN,NaN

INPUT,0.35808652639389,0.0303654838353395,0.74473237991333,0.771593570709229,3.1084771156311,1.2973165512085,K,13
OUTPUT,NaN,NaN,NaN,NaN,NaN,NaN

INPUT,0.361819982528687,0.0299689341336489,0.756018042564392,0.745184898376465,3.10533094406128,1.32096719741821,K,14
OUTPUT,NaN,NaN,NaN,NaN,NaN,NaN

INPUT,0.365553438663483,0.029572382569313,0.767303764820099,0.718994200229645,3.10220766067505,1.34483861923218,K,15
OUTPUT,NaN,NaN,NaN,NaN,NaN,NaN

INPUT,0.368913531303406,0.0292154867202044,0.777460873126984,0.695567607879639,3.0994176864624,1.36647057533264,K,16
OUTPUT,NaN,NaN,NaN,NaN,NaN,NaN

INPUT,0.371526956558228,0.0289379023015499,0.785360872745514,0.677423775196075,3.09726238250732,1.38337421417236,K,17
OUTPUT,NaN,NaN,NaN,NaN,NaN,NaN

INPUT,0.373393684625626,0.0287396274507046,0.791003704071045,0.664499044418335,3.09573101997375,1.39548432826996,K,18
OUTPUT,NaN,NaN,NaN,NaN,NaN,NaN

INPUT,0.3745137155056,0.0286206621676683,0.794389426708221,0.65675675868988,3.09481573104858,1.40276336669922,K,19
OUTPUT,NaN,NaN,NaN,NaN,NaN,NaN

INPUT,0.374887079000473,0.0285810064524412,0.795517981052399,0.654177963733673,3.09451127052307,1.40519177913666,K,20
OUTPUT,NaN,NaN,NaN,NaN,NaN,NaN

INPUT,0.366937428712845,0.0397163778543472,0.721915006637573,-2.32900667190552,3.06631684303284,-1.76627683639526,K,11
OUTPUT,NaN,NaN,NaN,NaN,NaN,NaN

INPUT,0.37258967757225,0.040326215326786,0.733174026012421,-2.36123919487,3.05783271789551,-1.73225629329681,K,12
OUTPUT,NaN,NaN,NaN,NaN,NaN,NaN

INPUT,0.378241956233978,0.0409360565245152,0.744433104991913,-2.39364695549011,3.04944038391113,-1.69838774204254,K,13
OUTPUT,NaN,NaN,NaN,NaN,NaN,NaN

INPUT,0.383894205093384,0.041545893996954,0.75569212436676,-2.42618894577026,3.0411491394043,-1.66462755203247,K,14
OUTPUT,NaN,NaN,NaN,NaN,NaN,NaN

INPUT,0.389546483755112,0.0421557351946831,0.766951143741608,-2.45883679389954,3.03296828269958,-1.6309460401535,K,15
OUTPUT,NaN,NaN,NaN,NaN,NaN,NaN

INPUT,0.394633531570435,0.0427045933902264,0.777084290981293,-2.48829436302185,3.02570700645447,-1.60068202018738,K,16
OUTPUT,NaN,NaN,NaN,NaN,NaN,NaN

INPUT,0.398590117692947,0.0431314818561077,0.784965574741364,-2.51124739646912,3.02013039588928,-1.5771678686142,K,17
OUTPUT,NaN,NaN,NaN,NaN,NaN,NaN

INPUT,0.40141624212265,0.0434364005923271,0.79059511423111,-2.52766251564026,3.01618671417236,-1.56038248538971,K,18
OUTPUT,NaN,NaN,NaN,NaN,NaN,NaN

INPUT,0.403111934661865,0.0436193533241749,0.793972790241241,-2.5375189781189,3.0138373374939,-1.55031478404999,K,19
OUTPUT,NaN,NaN,NaN,NaN,NaN,NaN

INPUT,0.40367716550827,0.0436803363263607,0.795098721981049,-2.54080557823181,3.01305675506592,-1.54695928096771,K,20
OUTPUT,NaN,NaN,NaN,NaN,NaN,NaN

INPUT,0.362248122692108,0.0426458977162838,0.721105575561523,-2.10860776901245,3.08299255371094,-1.731316447258,K,11
OUTPUT,NaN,NaN,NaN,NaN,NaN,NaN

INPUT,0.36734926700592,0.0436005778610706,0.73226797580719,-2.12956762313843,3.07627654075623,-1.70788335800171,K,12
OUTPUT,NaN,NaN,NaN,NaN,NaN,NaN

INPUT,0.372450411319733,0.0445552580058575,0.743430435657501,-2.1507625579834,3.06959247589111,-1.68467545509338,K,13
OUTPUT,NaN,NaN,NaN,NaN,NaN,NaN

INPUT,0.377551555633545,0.0455099381506443,0.754592835903168,-2.17213296890259,3.06294393539429,-1.66163277626038,K,14
OUTPUT,NaN,NaN,NaN,NaN,NaN,NaN

INPUT,0.382652699947357,0.0464646182954311,0.765755236148834,-2.19363951683044,3.05633401870728,-1.63871419429779,K,15
OUTPUT,NaN,NaN,NaN,NaN,NaN,NaN

INPUT,0.387243717908859,0.0473238304257393,0.775801420211792,-2.21308779716492,3.0504207611084,-1.61816942691803,K,16
OUTPUT,NaN,NaN,NaN,NaN,NaN,NaN

INPUT,0.390814542770386,0.0479921065270901,0.783615112304688,-2.22826480865479,3.04584670066833,-1.60223317146301,K,17
OUTPUT,NaN,NaN,NaN,NaN,NaN,NaN

INPUT,0.393365114927292,0.0484694465994835,0.789196312427521,-2.23912882804871,3.04259371757507,-1.59086942672729,K,18
OUTPUT,NaN,NaN,NaN,NaN,NaN,NaN

INPUT,0.394895434379578,0.0487558506429195,0.792545080184937,-2.24565577507019,3.04064774513245,-1.58405804634094,K,19
OUTPUT,NaN,NaN,NaN,NaN,NaN,NaN

INPUT,0.395405560731888,0.0488513186573982,0.793661296367645,-2.24783277511597,3.03999996185303,-1.58178865909576,K,20
OUTPUT,NaN,NaN,NaN,NaN,NaN,NaN

INPUT,0.360991507768631,0.0347174555063248,0.722074568271637,-2.40500855445862,3.10945701599121,-1.73771810531616,K,11
OUTPUT,NaN,NaN,NaN,NaN,NaN,NaN

INPUT,0.365945339202881,0.0347394831478596,0.733350038528442,-2.44242262840271,3.10593485832214,-1.69663619995117,K,12
OUTPUT,NaN,NaN,NaN,NaN,NaN,NaN

INPUT,0.370899140834808,0.0347615107893944,0.744625449180603,-2.48016715049744,3.10246753692627,-1.65587949752808,K,13
OUTPUT,NaN,NaN,NaN,NaN,NaN,NaN

INPUT,0.375852942466736,0.0347835384309292,0.755900919437408,-2.51815724372864,3.09906029701233,-1.61536359786987,K,14
OUTPUT,NaN,NaN,NaN,NaN,NaN,NaN

INPUT,0.380806744098663,0.034805566072464,0.767176330089569,-2.55633616447449,3.09571862220764,-1.57503068447113,K,15
OUTPUT,NaN,NaN,NaN,NaN,NaN,NaN

INPUT,0.385265171527863,0.0348253883421421,0.777324259281158,-2.59082436561584,3.09277129173279,-1.53885316848755,K,16
OUTPUT,NaN,NaN,NaN,NaN,NaN,NaN

INPUT,0.388732850551605,0.0348408073186874,0.785217046737671,-2.61771726608276,3.09052085876465,-1.51078033447266,K,17
OUTPUT,NaN,NaN,NaN,NaN,NaN,NaN

INPUT,0.391209751367569,0.0348518230021,0.790854811668396,-2.63695788383484,3.0889368057251,-1.49075794219971,K,18
OUTPUT,NaN,NaN,NaN,NaN,NaN,NaN

INPUT,0.392695903778076,0.0348584316670895,0.794237434864044,-2.64851379394531,3.08799624443054,-1.47875511646271,K,19
OUTPUT,NaN,NaN,NaN,NaN,NaN,NaN

INPUT,0.393191277980804,0.0348606333136559,0.79536497592926,-2.65236759185791,3.0876841545105,-1.47475576400757,K,20
OUTPUT,NaN,NaN,NaN,NaN,NaN,NaN

INPUT,0.373948872089386,0.0406011827290058,0.716783702373505,-2.48253560066223,3.04380226135254,-1.73622632026672,K,4
OUTPUT,NaN,NaN,NaN,NaN,NaN,NaN

INPUT,0.384083986282349,0.0419426411390305,0.731991589069366,-2.5606791973114,3.02553749084473,-1.65336096286774,K,5
OUTPUT,NaN,NaN,NaN,NaN,NaN,NaN

INPUT,0.394219100475311,0.0432840958237648,0.747199475765228,-2.63953828811646,3.00802326202393,-1.57104361057281,K,6
OUTPUT,NaN,NaN,NaN,NaN,NaN,NaN

INPUT,0.402101933956146,0.0443274527788162,0.75902783870697,-2.70121574401855,2.99499344825745,-1.50723516941071,K,7
OUTPUT,NaN,NaN,NaN,NaN,NaN,NaN

INPUT,0.407732546329498,0.0450727082788944,0.767476677894592,-2.74541401863098,2.98603582382202,-1.46172904968262,K,8
OUTPUT,NaN,NaN,NaN,NaN,NaN,NaN

INPUT,0.411110937595367,0.0455198585987091,0.77254593372345,-2.77198219299316,2.98080968856812,-1.43444526195526,K,9
OUTPUT,NaN,NaN,NaN,NaN,NaN,NaN

INPUT,0.3589848279953,0.0319086685776711,0.72100168466568,-2.6526095867157,3.10438990592957,-1.78726470470428,K,11
OUTPUT,NaN,NaN,NaN,NaN,NaN,NaN

INPUT,0.363719195127487,0.0315972194075584,0.732143759727478,-2.70248198509216,3.10043239593506,-1.73531830310822,K,12
OUTPUT,NaN,NaN,NaN,NaN,NaN,NaN

INPUT,0.368453532457352,0.0312857702374458,0.743285834789276,-2.75253844261169,3.09658145904541,-1.68354773521423,K,13
OUTPUT,NaN,NaN,NaN,NaN,NaN,NaN

INPUT,0.373187899589539,0.0309743229299784,0.754427850246429,-2.80273270606995,3.09284710884094,-1.63190627098083,K,14
OUTPUT,NaN,NaN,NaN,NaN,NaN,NaN

INPUT,0.377922236919403,0.0306628737598658,0.765569925308228,-2.85303282737732,3.0892391204834,-1.58036160469055,K,15
OUTPUT,NaN,NaN,NaN,NaN,NaN,NaN

INPUT,0.382183164358139,0.0303825698792934,0.775597751140594,-2.89837503433228,3.0861074924469,-1.53403532505035,K,16
OUTPUT,NaN,NaN,NaN,NaN,NaN,NaN

INPUT,0.385497212409973,0.0301645565778017,0.783397197723389,-2.93368005752563,3.08375215530396,-1.49803733825684,K,17
OUTPUT,NaN,NaN,NaN,NaN,NaN,NaN

INPUT,0.387864410877228,0.0300088319927454,0.78896826505661,-2.9589159488678,3.08211445808411,-1.47233963012695,K,18
OUTPUT,NaN,NaN,NaN,NaN,NaN,NaN

INPUT,0.389284700155258,0.0299153979867697,0.792310893535614,-2.97406411170959,3.08115029335022,-1.45692646503448,K,19
OUTPUT,NaN,NaN,NaN,NaN,NaN,NaN

INPUT,0.389758139848709,0.0298842526972294,0.7934250831604,-2.9791145324707,3.08083200454712,-1.45178949832916,K,20
OUTPUT,NaN,NaN,NaN,NaN,NaN,NaN

INPUT,0.367384344339371,0.0388699807226658,0.716516315937042,-2.32543587684631,3.0657947063446,-1.77800464630127,K,4
OUTPUT,NaN,NaN,NaN,NaN,NaN,NaN

INPUT,0.376431465148926,0.0397596955299377,0.732067108154297,-2.3814857006073,3.05135846138,-1.71599948406219,K,5
OUTPUT,NaN,NaN,NaN,NaN,NaN,NaN

INPUT,0.385478645563126,0.0406494140625,0.747617900371552,-2.43838834762573,3.0372359752655,-1.65477085113525,K,6
OUTPUT,NaN,NaN,NaN,NaN,NaN,NaN

INPUT,0.392515301704407,0.0413414165377617,0.759712934494019,-2.4830379486084,3.02650022506714,-1.60748183727264,K,7
OUTPUT,NaN,NaN,NaN,NaN,NaN,NaN

INPUT,0.397541493177414,0.0418357029557228,0.768352270126343,-2.51508784294128,3.0189790725708,-1.57382690906525,K,8
OUTPUT,NaN,NaN,NaN,NaN,NaN,NaN

INPUT,0.400557219982147,0.0421322733163834,0.773535847663879,-2.5343701839447,3.01452922821045,-1.5536721944809,K,9
OUTPUT,NaN,NaN,NaN,NaN,NaN,NaN

INPUT,0.371086776256561,0.0432017184793949,0.730655312538147,-2.14606332778931,3.07098054885864,-1.7000697851181,K,5
OUTPUT,NaN,NaN,NaN,NaN,NaN,NaN

INPUT,0.379384070634842,0.0446664281189442,0.74617463350296,-2.18209290504456,3.05966997146606,-1.65663027763367,K,6
OUTPUT,NaN,NaN,NaN,NaN,NaN,NaN

INPUT,0.385837525129318,0.0458056442439556,0.758245170116425,-2.21068811416626,3.05098366737366,-1.62355446815491,K,7
OUTPUT,NaN,NaN,NaN,NaN,NaN,NaN

INPUT,0.39044713973999,0.0466193705797195,0.766866981983185,-2.23129057884216,3.04485321044922,-1.60025131702423,K,8
OUTPUT,NaN,NaN,NaN,NaN,NaN,NaN

INPUT,0.393212884664536,0.0471076034009457,0.772040069103241,-2.24369382858276,3.04120874404907,-1.58638966083527,K,9
OUTPUT,NaN,NaN,NaN,NaN,NaN,NaN

INPUT,0.369737029075623,0.0344599261879921,0.731704354286194,-2.47453999519348,3.10304403305054,-1.68451833724976,K,5
OUTPUT,NaN,NaN,NaN,NaN,NaN,NaN

INPUT,0.377838134765625,0.0344218648970127,0.747432589530945,-2.53726148605347,3.09731817245483,-1.60772299766541,K,6
OUTPUT,NaN,NaN,NaN,NaN,NaN,NaN

INPUT,0.384138971567154,0.0343922637403011,0.759665727615356,-2.58717942237854,3.09301114082336,-1.54911625385284,K,7
OUTPUT,NaN,NaN,NaN,NaN,NaN,NaN

INPUT,0.388639569282532,0.0343711189925671,0.768403649330139,-2.62327694892883,3.09002113342285,-1.50768911838531,K,8
OUTPUT,NaN,NaN,NaN,NaN,NaN,NaN

INPUT,0.391339927911758,0.0343584306538105,0.773646354675293,-2.6450788974762,3.08826375007629,-1.48297357559204,K,9
OUTPUT,NaN,NaN,NaN,NaN,NaN,NaN

INPUT,0.360321998596191,0.0307345949113369,0.737425446510315,0.785494446754456,3.10852408409119,1.31335783004761,K,5
OUTPUT,NaN,NaN,NaN,NaN,NaN,NaN

INPUT,0.365834325551987,0.0301655028015375,0.751146733760834,0.736375331878662,3.10340619087219,1.34485805034637,K,6
OUTPUT,NaN,NaN,NaN,NaN,NaN,NaN

INPUT,0.370121687650681,0.0297228749841452,0.761818826198578,0.699738442897797,3.0994770526886,1.37076258659363,K,7
OUTPUT,NaN,NaN,NaN,NaN,NaN,NaN

INPUT,0.373184114694595,0.0294067114591599,0.769441783428192,0.674233853816986,3.09670519828796,1.38976895809174,K,8
OUTPUT,NaN,NaN,NaN,NaN,NaN,NaN

INPUT,0.375021576881409,0.0292170140892267,0.774015545845032,0.659164547920227,3.09505772590637,1.40132093429565,K,9
OUTPUT,NaN,NaN,NaN,NaN,NaN,NaN

INPUT,0.367189705371857,0.0313023179769516,0.730296611785889,-2.74198889732361,3.0974452495575,-1.71726310253143,K,5
OUTPUT,NaN,NaN,NaN,NaN,NaN,NaN

INPUT,0.374882906675339,0.030721090734005,0.745836138725281,-2.82624912261963,3.09108757972717,-1.62061274051666,K,6
OUTPUT,NaN,NaN,NaN,NaN,NaN,NaN

INPUT,0.380866467952728,0.0302690248936415,0.757922410964966,-2.89275479316711,3.08642435073853,-1.54639112949371,K,7
OUTPUT,NaN,NaN,NaN,NaN,NaN,NaN

INPUT,0.385140478610992,0.0299461204558611,0.766555488109589,-2.94063329696655,3.08325886726379,-1.4937390089035,K,8
OUTPUT,NaN,NaN,NaN,NaN,NaN,NaN

INPUT,0.387704879045486,0.0297523774206638,0.771735310554504,-2.96948075294495,3.08142971992493,-1.46226406097412,K,9
OUTPUT,NaN,NaN,NaN,NaN,NaN,NaN

INPUT,0.352066189050674,0.0277030374854803,0.732604920864105,0.939833164215088,3.08860015869141,1.34976756572723,K,12
OUTPUT,NaN,NaN,NaN,NaN,NaN,NaN

INPUT,0.355558961629868,0.0269844587892294,0.743802011013031,0.917164981365204,3.08303618431091,1.37025201320648,K,13
OUTPUT,NaN,NaN,NaN,NaN,NaN,NaN

INPUT,0.359051674604416,0.0262658819556236,0.754999101161957,0.894682466983795,3.07749962806702,1.39092898368835,K,14
OUTPUT,NaN,NaN,NaN,NaN,NaN,NaN

INPUT,0.362544417381287,0.0255473051220179,0.766196191310883,0.872339367866516,3.07199263572693,1.41175293922424,K,15
OUTPUT,NaN,NaN,NaN,NaN,NaN,NaN

INPUT,0.365687906742096,0.0249005854129791,0.776273608207703,0.852322518825531,3.06706380844116,1.43059372901917,K,16
OUTPUT,NaN,NaN,NaN,NaN,NaN,NaN

INPUT,0.368132829666138,0.0243975799530745,0.784111559391022,0.836802661418915,3.06324982643127,1.4453010559082,K,17
OUTPUT,NaN,NaN,NaN,NaN,NaN,NaN

INPUT,0.369879186153412,0.024038290604949,0.789710164070129,0.825738966464996,3.06053614616394,1.4558310508728,K,18
OUTPUT,NaN,NaN,NaN,NaN,NaN,NaN

INPUT,0.370927006006241,0.0238227192312479,0.793069243431091,0.819108486175537,3.05891275405884,1.46215796470642,K,19
OUTPUT,NaN,NaN,NaN,NaN,NaN,NaN

INPUT,0.371276289224625,0.0237508602440357,0.794188976287842,0.816899538040161,3.05837225914001,1.46426844596863,K,20
OUTPUT,NaN,NaN,NaN,NaN,NaN,NaN

INPUT,0.364872634410858,0.0432123579084873,0.721728146076202,-2.27992129325867,3.07957744598389,-1.71245765686035,K,11
OUTPUT,NaN,NaN,NaN,NaN,NaN,NaN

INPUT,0.370283335447311,0.0442336574196815,0.732963025569916,-2.31225991249084,3.07260036468506,-1.67800998687744,K,12
OUTPUT,NaN,NaN,NaN,NaN,NaN,NaN

INPUT,0.375694006681442,0.0452549606561661,0.744197905063629,-2.34479951858521,3.0657000541687,-1.64374721050262,K,13
OUTPUT,NaN,NaN,NaN,NaN,NaN,NaN

INPUT,0.381104707717896,0.0462762601673603,0.755432784557343,-2.37749052047729,3.05888438224792,-1.60961854457855,K,14
OUTPUT,NaN,NaN,NaN,NaN,NaN,NaN

INPUT,0.386515378952026,0.0472975634038448,0.766667664051056,-2.41029953956604,3.05216097831726,-1.57558929920197,K,15
OUTPUT,NaN,NaN,NaN,NaN,NaN,NaN

INPUT,0.391384989023209,0.0482167340815067,0.776779055595398,-2.43990921974182,3.04619479179382,-1.54502737522125,K,16
OUTPUT,NaN,NaN,NaN,NaN,NaN,NaN

INPUT,0.395172476768494,0.048931647092104,0.784643471240997,-2.46298384666443,3.04161381721497,-1.52129018306732,K,17
OUTPUT,NaN,NaN,NaN,NaN,NaN,NaN

INPUT,0.397877812385559,0.0494422987103462,0.790260910987854,-2.47948694229126,3.03837513923645,-1.50434970855713,K,18
OUTPUT,NaN,NaN,NaN,NaN,NaN,NaN

INPUT,0.399501025676727,0.0497486889362335,0.793631374835968,-2.48939657211304,3.03644561767578,-1.49419057369232,K,19
OUTPUT,NaN,NaN,NaN,NaN,NaN,NaN

INPUT,0.400042086839676,0.0498508177697659,0.794754862785339,-2.49270105361938,3.03580474853516,-1.49080491065979,K,20
OUTPUT,NaN,NaN,NaN,NaN,NaN,NaN

INPUT,0.377776831388474,0.0572374612092972,0.718763589859009,-2.18395924568176,2.9855318069458,-1.74422800540924,K,11
OUTPUT,NaN,NaN,NaN,NaN,NaN,NaN

INPUT,0.384705364704132,0.0599088259041309,0.729649543762207,-2.20950961112976,2.96760606765747,-1.71782219409943,K,12
OUTPUT,NaN,NaN,NaN,NaN,NaN,NaN

INPUT,0.391633898019791,0.0625801905989647,0.74053555727005,-2.23518013954163,2.94979763031006,-1.69145536422729,K,13
OUTPUT,NaN,NaN,NaN,NaN,NaN,NaN

INPUT,0.398562401533127,0.0652515590190887,0.751421511173248,-2.26095366477966,2.93211817741394,-1.66510283946991,K,14
OUTPUT,NaN,NaN,NaN,NaN,NaN,NaN

INPUT,0.405490934848785,0.0679229274392128,0.762307524681091,-2.28682041168213,2.91458034515381,-1.63874685764313,K,15
OUTPUT,NaN,NaN,NaN,NaN,NaN,NaN

INPUT,0.411726623773575,0.0703271552920341,0.772104918956757,-2.3101749420166,2.89892745018005,-1.61501204967499,K,16
OUTPUT,NaN,NaN,NaN,NaN,NaN,NaN

INPUT,0.416576594114304,0.0721971094608307,0.779725074768066,-2.3283863067627,2.88684487342834,-1.59653687477112,K,17
OUTPUT,NaN,NaN,NaN,NaN,NaN,NaN

INPUT,0.420040845870972,0.073532797396183,0.78516811132431,-2.34141898155212,2.87826609611511,-1.58333039283752,K,18
OUTPUT,NaN,NaN,NaN,NaN,NaN,NaN

INPUT,0.422119408845901,0.0743342041969299,0.788433849811554,-2.34924840927124,2.87314009666443,-1.57540202140808,K,19
OUTPUT,NaN,NaN,NaN,NaN,NaN,NaN

INPUT,0.422812253236771,0.074601337313652,0.789522469043732,-2.35185980796814,2.87143516540527,-1.572758436203,K,20
OUTPUT,NaN,NaN,NaN,NaN,NaN,NaN

INPUT,0.363371163606644,0.0457276627421379,0.721712470054626,-2.04418706893921,3.0756471157074,-1.75672054290771,K,11
OUTPUT,NaN,NaN,NaN,NaN,NaN,NaN

INPUT,0.368604630231857,0.0470447726547718,0.732946515083313,-2.06003737449646,3.06799912452698,-1.73860085010529,K,12
OUTPUT,NaN,NaN,NaN,NaN,NaN,NaN

INPUT,0.373838096857071,0.048361886292696,0.744180560112,-2.0760862827301,3.0603814125061,-1.72071123123169,K,13
OUTPUT,NaN,NaN,NaN,NaN,NaN,NaN

INPUT,0.379071533679962,0.0496789962053299,0.755414605140686,-2.09226846694946,3.05280089378357,-1.70300602912903,K,14
OUTPUT,NaN,NaN,NaN,NaN,NaN,NaN

INPUT,0.384304970502853,0.0509961098432541,0.766648590564728,-2.1085364818573,3.04526376724243,-1.68545687198639,K,15
OUTPUT,NaN,NaN,NaN,NaN,NaN,NaN

INPUT,0.389015078544617,0.0521815121173859,0.776759266853333,-2.12322115898132,3.03852295875549,-1.66978192329407,K,16
OUTPUT,NaN,NaN,NaN,NaN,NaN,NaN

INPUT,0.392678499221802,0.0531034879386425,0.784623086452484,-2.13465642929077,3.03331112861633,-1.65766310691833,K,17
OUTPUT,NaN,NaN,NaN,NaN,NaN,NaN

INPUT,0.395295232534409,0.0537620447576046,0.790240108966827,-2.142826795578,3.02960610389709,-1.6490443944931,K,18
OUTPUT,NaN,NaN,NaN,NaN,NaN,NaN

INPUT,0.396865248680115,0.0541571788489819,0.793610274791718,-2.14772844314575,3.0273904800415,-1.64388799667358,K,19
OUTPUT,NaN,NaN,NaN,NaN,NaN,NaN

INPUT,0.397388607263565,0.0542888902127743,0.794733703136444,-2.14936208724976,3.02665328979492,-1.64217162132263,K,20
OUTPUT,NaN,NaN,NaN,NaN,NaN,NaN

INPUT,0.363081097602844,0.0374587066471577,0.733004808425903,-2.33511209487915,3.11985850334167,-1.71825158596039,K,12
OUTPUT,NaN,NaN,NaN,NaN,NaN,NaN

INPUT,0.367733120918274,0.0377668105065823,0.744244813919067,-2.36484336853027,3.11773633956909,-1.68306529521942,K,13
OUTPUT,NaN,NaN,NaN,NaN,NaN,NaN

INPUT,0.372385144233704,0.0380749143660069,0.755484819412231,-2.39501857757568,3.11563897132874,-1.64832174777985,K,14
OUTPUT,NaN,NaN,NaN,NaN,NaN,NaN

INPUT,0.377037167549133,0.0383830182254314,0.766724824905396,-2.42553472518921,3.11356902122498,-1.61391711235046,K,15
OUTPUT,NaN,NaN,NaN,NaN,NaN,NaN

INPUT,0.381223976612091,0.0386603139340878,0.77684086561203,-2.45322871208191,3.11173105239868,-1.58318090438843,K,16
OUTPUT,NaN,NaN,NaN,NaN,NaN,NaN

INPUT,0.38448041677475,0.0388759858906269,0.784708917140961,-2.47489190101624,3.11031889915466,-1.55939745903015,K,17
OUTPUT,NaN,NaN,NaN,NaN,NaN,NaN

INPUT,0.386806428432465,0.0390300378203392,0.790328919887543,-2.49042248725891,3.10932016372681,-1.54246544837952,K,18
OUTPUT,NaN,NaN,NaN,NaN,NaN,NaN

INPUT,0.388202011585236,0.0391224659979343,0.793700873851776,-2.49976134300232,3.10872507095337,-1.53232645988464,K,19
OUTPUT,NaN,NaN,NaN,NaN,NaN,NaN

INPUT,0.388667225837708,0.0391532778739929,0.79482489824295,-2.50287771224976,3.10852718353271,-1.52894997596741,K,20
OUTPUT,NaN,NaN,NaN,NaN,NaN,NaN

INPUT,0.36380809545517,0.0431040041148663,0.721309781074524,-2.30303716659546,3.07751512527466,-1.84444630146027,K,11
OUTPUT,NaN,NaN,NaN,NaN,NaN,NaN

INPUT,0.369092851877213,0.0441125221550465,0.732496380805969,-2.32906889915466,3.07022643089294,-1.81650686264038,K,12
OUTPUT,NaN,NaN,NaN,NaN,NaN,NaN

INPUT,0.374377608299255,0.0451210364699364,0.74368292093277,-2.35528373718262,3.0629894733429,-1.78873658180237,K,13
OUTPUT,NaN,NaN,NaN,NaN,NaN,NaN

INPUT,0.379662394523621,0.046129547059536,0.75486946105957,-2.38163685798645,3.05580973625183,-1.76108932495117,K,14
OUTPUT,NaN,NaN,NaN,NaN,NaN,NaN

INPUT,0.384947150945663,0.0471380613744259,0.766056060791016,-2.40809798240662,3.04869270324707,-1.73353314399719,K,15
OUTPUT,NaN,NaN,NaN,NaN,NaN,NaN

INPUT,0.389703422784805,0.0480457283556461,0.776123940944672,-2.43198704719543,3.04234480857849,-1.70879197120667,K,16
OUTPUT,NaN,NaN,NaN,NaN,NaN,NaN

INPUT,0.393402755260468,0.0487516857683659,0.783954560756683,-2.45060873031616,3.03744792938232,-1.68957924842834,K,17
OUTPUT,NaN,NaN,NaN,NaN,NaN,NaN

INPUT,0.39604514837265,0.049255944788456,0.789547801017761,-2.46392917633057,3.03397297859192,-1.67586934566498,K,18
OUTPUT,NaN,NaN,NaN,NaN,NaN,NaN

INPUT,0.397630572319031,0.0495584979653358,0.792903780937195,-2.471928358078,3.03189730644226,-1.6676481962204,K,19
OUTPUT,NaN,NaN,NaN,NaN,NaN,NaN

INPUT,0.398159056901932,0.0496593490242958,0.794022440910339,-2.47459602355957,3.03120684623718,-1.66490840911865,K,20
OUTPUT,NaN,NaN,NaN,NaN,NaN,NaN

INPUT,0.374114841222763,0.0440206080675125,0.731632828712463,-2.33539056777954,3.06720399856567,-1.66410291194916,K,5
OUTPUT,NaN,NaN,NaN,NaN,NaN,NaN

INPUT,0.382842928171158,0.0456600598990917,0.747197031974792,-2.39131879806519,3.05562162399292,-1.60106539726257,K,6
OUTPUT,NaN,NaN,NaN,NaN,NaN,NaN

INPUT,0.389631420373917,0.0469351895153522,0.759302496910095,-2.43543219566345,3.04682040214539,-1.55260992050171,K,7
OUTPUT,NaN,NaN,NaN,NaN,NaN,NaN

INPUT,0.394480347633362,0.0478459969162941,0.767949283123016,-2.46718311309814,3.04065680503845,-1.51821684837341,K,8
OUTPUT,NaN,NaN,NaN,NaN,NaN,NaN

INPUT,0.397389680147171,0.048392478376627,0.773137331008911,-2.48631262779236,3.03701090812683,-1.49765026569366,K,9
OUTPUT,NaN,NaN,NaN,NaN,NaN,NaN

INPUT,0.378235101699829,0.054555382579565,0.715059876441956,-2.16958355903625,2.98333215713501,-1.74567592144012,K,4
OUTPUT,NaN,NaN,NaN,NaN,NaN,NaN

INPUT,0.38904020190239,0.0588582642376423,0.729668498039246,-2.21836733818054,2.95296669006348,-1.70046770572662,K,5
OUTPUT,NaN,NaN,NaN,NaN,NaN,NaN

INPUT,0.39984530210495,0.0631611496210098,0.744277060031891,-2.26679348945618,2.92301607131958,-1.65463304519653,K,6
OUTPUT,NaN,NaN,NaN,NaN,NaN,NaN

INPUT,0.408249258995056,0.0665078312158585,0.755639314651489,-2.30419445037842,2.90014219284058,-1.61880207061768,K,7
OUTPUT,NaN,NaN,NaN,NaN,NaN,NaN

INPUT,0.414252102375031,0.0688983201980591,0.763755202293396,-2.33074069023132,2.88408637046814,-1.59320342540741,K,8
OUTPUT,NaN,NaN,NaN,NaN,NaN,NaN

INPUT,0.417853802442551,0.0703326165676117,0.768624722957611,-2.34659075737,2.87458086013794,-1.57786536216736,K,9
OUTPUT,NaN,NaN,NaN,NaN,NaN,NaN

INPUT,0.372498393058777,0.0466415695846081,0.731513381004333,-2.07168030738831,3.06205916404724,-1.73261833190918,K,5
OUTPUT,NaN,NaN,NaN,NaN,NaN,NaN

INPUT,0.381007343530655,0.0487032569944859,0.747120201587677,-2.09912467002869,3.04920840263367,-1.69943952560425,K,6
OUTPUT,NaN,NaN,NaN,NaN,NaN,NaN

INPUT,0.387625396251678,0.0503067895770073,0.75925886631012,-2.12094402313232,3.03928661346436,-1.67415750026703,K,7
OUTPUT,NaN,NaN,NaN,NaN,NaN,NaN

INPUT,0.39235258102417,0.0514521673321724,0.767929315567017,-2.13669395446777,3.03224921226501,-1.65632200241089,K,8
OUTPUT,NaN,NaN,NaN,NaN,NaN,NaN

INPUT,0.395188897848129,0.0521393977105618,0.773131608963013,-2.14619040489197,3.02804923057556,-1.64569985866547,K,9
OUTPUT,NaN,NaN,NaN,NaN,NaN,NaN

INPUT,0.372785270214081,0.0438493937253952,0.731065452098846,-2.34617638587952,3.06465125083923,-1.80385267734528,K,5
OUTPUT,NaN,NaN,NaN,NaN,NaN,NaN

INPUT,0.381296664476395,0.0454503037035465,0.746573805809021,-2.39217090606689,3.05235767364502,-1.7531350851059,K,6
OUTPUT,NaN,NaN,NaN,NaN,NaN,NaN

INPUT,0.387916624546051,0.0466954559087753,0.758635818958282,-2.42822456359863,3.04297494888306,-1.7142254114151,K,7
OUTPUT,NaN,NaN,NaN,NaN,NaN,NaN

INPUT,0.392645180225372,0.0475848466157913,0.767251551151276,-2.45400404930115,3.03639197349548,-1.68672454357147,K,8
OUTPUT,NaN,NaN,NaN,NaN,NaN,NaN

INPUT,0.395482301712036,0.0481184832751751,0.772421002388,-2.46945238113403,3.03249597549438,-1.67034661769867,K,9
OUTPUT,NaN,NaN,NaN,NaN,NaN,NaN

INPUT,0.35782864689827,0.027713879942894,0.736206650733948,0.926295757293701,3.08252644538879,1.38169395923615,K,5
OUTPUT,NaN,NaN,NaN,NaN,NaN,NaN

INPUT,0.363079458475113,0.0267235115170479,0.749905228614807,0.885712146759033,3.07373428344727,1.4103889465332,K,6
OUTPUT,NaN,NaN,NaN,NaN,NaN,NaN

INPUT,0.367163419723511,0.0259532257914543,0.760559678077698,0.855164766311646,3.0669641494751,1.43363118171692,K,7
OUTPUT,NaN,NaN,NaN,NaN,NaN,NaN

INPUT,0.370080530643463,0.0254030209034681,0.76816999912262,0.833779633045197,3.06217360496521,1.45056962966919,K,8
OUTPUT,NaN,NaN,NaN,NaN,NaN,NaN

INPUT,0.371830821037292,0.0250728987157345,0.772736191749573,0.821101605892181,3.05931973457336,1.46083331108093,K,9
OUTPUT,NaN,NaN,NaN,NaN,NaN,NaN

INPUT,0.363718301057816,0.03709801658988,0.725337982177734,-2.3350555896759,3.11956143379211,-1.75676941871643,K,4
OUTPUT,NaN,NaN,NaN,NaN,NaN,NaN

INPUT,0.370181918144226,0.0375377163290977,0.738440334796906,-2.37706851959229,3.11652779579163,-1.69358563423157,K,5
OUTPUT,NaN,NaN,NaN,NaN,NaN,NaN

INPUT,0.376645535230637,0.0379774160683155,0.751542687416077,-2.42134952545166,3.11356115341187,-1.63266575336456,K,6
OUTPUT,NaN,NaN,NaN,NaN,NaN,NaN

INPUT,0.381672769784927,0.0383194014430046,0.76173347234726,-2.45674300193787,3.11131572723389,-1.58660495281219,K,7
OUTPUT,NaN,NaN,NaN,NaN,NaN,NaN

INPUT,0.385263681411743,0.0385636799037457,0.769012570381165,-2.48232007026672,3.10975193977356,-1.55436098575592,K,8
OUTPUT,NaN,NaN,NaN,NaN,NaN,NaN

INPUT,0.387418210506439,0.038710243999958,0.773379981517792,-2.49773335456848,3.10883116722107,-1.53527081012726,K,9
OUTPUT,NaN,NaN,NaN,NaN,NaN,NaN

INPUT,0.364525705575943,0.0314874872565269,0.733331561088562,1.00936508178711,3.12820911407471,1.35840284824371,K,12
OUTPUT,NaN,NaN,NaN,NaN,NaN,NaN

INPUT,0.369329899549484,0.0311670247465372,0.744606018066406,0.986230611801147,3.12673711776733,1.37209749221802,K,13
OUTPUT,NaN,NaN,NaN,NaN,NaN,NaN

INPUT,0.374134063720703,0.0308465659618378,0.755880415439606,0.963990569114685,3.12527298927307,1.38661193847656,K,14
OUTPUT,NaN,NaN,NaN,NaN,NaN,NaN

INPUT,0.378938227891922,0.030526103451848,0.76715487241745,0.942443132400513,3.12381815910339,1.40171992778778,K,15
OUTPUT,NaN,NaN,NaN,NaN,NaN,NaN

INPUT,0.383261978626251,0.030237689614296,0.777301847934723,0.923529207706451,3.12251782417297,1.41569113731384,K,16
OUTPUT,NaN,NaN,NaN,NaN,NaN,NaN

INPUT,0.386624902486801,0.0300133675336838,0.785193979740143,0.909084498882294,3.12151312828064,1.42674362659454,K,17
OUTPUT,NaN,NaN,NaN,NaN,NaN,NaN

INPUT,0.389026999473572,0.0298531353473663,0.790831208229065,0.898893654346466,3.12079930305481,1.43471729755402,K,18
OUTPUT,NaN,NaN,NaN,NaN,NaN,NaN

INPUT,0.390468239784241,0.0297569986432791,0.794213533401489,0.89282637834549,3.12037253379822,1.43952834606171,K,19
OUTPUT,NaN,NaN,NaN,NaN,NaN,NaN

INPUT,0.39094865322113,0.0297249518334866,0.795340955257416,0.890811443328857,3.12023067474365,1.4411358833313,K,20
OUTPUT,NaN,NaN,NaN,NaN,NaN,NaN

INPUT,0.353315204381943,0.0342762432992458,0.733412027359009,0.399375349283218,3.10665464401245,1.27518260478973,K,12
OUTPUT,NaN,NaN,NaN,NaN,NaN,NaN

INPUT,0.356939315795898,0.0342493169009686,0.744694948196411,0.352207958698273,3.10315632820129,1.32020616531372,K,13
OUTPUT,NaN,NaN,NaN,NaN,NaN,NaN

INPUT,0.360563427209854,0.034222386777401,0.755977809429169,0.305214673280716,3.09973955154419,1.36540961265564,K,14
OUTPUT,NaN,NaN,NaN,NaN,NaN,NaN

INPUT,0.36418753862381,0.0341954603791237,0.767260730266571,0.258351624011993,3.09641146659851,1.41075003147125,K,15
OUTPUT,NaN,NaN,NaN,NaN,NaN,NaN

INPUT,0.367449253797531,0.0341712236404419,0.77741527557373,0.216260850429535,3.09349822998047,1.45164823532104,K,16
OUTPUT,NaN,NaN,NaN,NaN,NaN,NaN

INPUT,0.369986146688461,0.034152377396822,0.785313308238983,0.183568820357323,3.09128928184509,1.48350703716278,K,17
OUTPUT,NaN,NaN,NaN,NaN,NaN,NaN

INPUT,0.371798187494278,0.034138910472393,0.790954768657684,0.16023775935173,3.0897433757782,1.50628590583801,K,18
OUTPUT,NaN,NaN,NaN,NaN,NaN,NaN

INPUT,0.372885435819626,0.034130834043026,0.794339597225189,0.146246552467346,3.08882904052734,1.51996147632599,K,19
OUTPUT,NaN,NaN,NaN,NaN,NaN,NaN

INPUT,0.37324783205986,0.0341281406581402,0.795467913150787,0.141583830118179,3.08852648735046,1.52452111244202,K,20
OUTPUT,NaN,NaN,NaN,NaN,NaN,NaN

INPUT,0.36407807469368,0.0382423624396324,0.73251074552536,-2.5510561466217,3.11770033836365,-1.7148802280426,K,12
OUTPUT,NaN,NaN,NaN,NaN,NaN,NaN

INPUT,0.368835031986237,0.0386329479515553,0.743698716163635,-2.59288859367371,3.11544585227966,-1.66870582103729,K,13
OUTPUT,NaN,NaN,NaN,NaN,NaN,NaN

INPUT,0.373591929674149,0.0390235297381878,0.75488668680191,-2.6350634098053,3.11324191093445,-1.62287163734436,K,14
OUTPUT,NaN,NaN,NaN,NaN,NaN,NaN

INPUT,0.378348886966705,0.0394141115248203,0.766074657440186,-2.67750096321106,3.11109256744385,-1.57729721069336,K,15
OUTPUT,NaN,NaN,NaN,NaN,NaN,NaN

INPUT,0.382630109786987,0.0397656373679638,0.776143848896027,-2.71587157249451,3.10920858383179,-1.5364545583725,K,16
OUTPUT,NaN,NaN,NaN,NaN,NaN,NaN

INPUT,0.385959982872009,0.0400390438735485,0.783975422382355,-2.74581050872803,3.10777831077576,-1.50478148460388,K,17
OUTPUT,NaN,NaN,NaN,NaN,NaN,NaN

INPUT,0.388338446617126,0.0402343384921551,0.789569437503815,-2.76723909378052,3.10677599906921,-1.48220062255859,K,18
OUTPUT,NaN,NaN,NaN,NaN,NaN,NaN

INPUT,0.389765501022339,0.0403515100479126,0.792925834655762,-2.78011178970337,3.10618281364441,-1.46866762638092,K,19
OUTPUT,NaN,NaN,NaN,NaN,NaN,NaN

INPUT,0.390241205692291,0.040390569716692,0.794044613838196,-2.78440523147583,3.10598635673523,-1.46415889263153,K,20
OUTPUT,NaN,NaN,NaN,NaN,NaN,NaN

INPUT,0.365017950534821,0.0420037768781185,0.721087157726288,-2.28989863395691,3.08198308944702,-1.63554155826569,K,11
OUTPUT,NaN,NaN,NaN,NaN,NaN,NaN

INPUT,0.370445191860199,0.0428827814757824,0.732247650623322,-2.32720708847046,3.07535362243652,-1.59583735466003,K,12
OUTPUT,NaN,NaN,NaN,NaN,NaN,NaN

INPUT,0.375872403383255,0.043761782348156,0.743408143520355,-2.3647403717041,3.06882262229919,-1.55634140968323,K,13
OUTPUT,NaN,NaN,NaN,NaN,NaN,NaN

INPUT,0.381299644708633,0.0446407832205296,0.754568636417389,-2.40244317054749,3.06239914894104,-1.51699686050415,K,14
OUTPUT,NaN,NaN,NaN,NaN,NaN,NaN

INPUT,0.386726856231689,0.0455197878181934,0.765729129314423,-2.44027805328369,3.05609321594238,-1.47776472568512,K,15
OUTPUT,NaN,NaN,NaN,NaN,NaN,NaN

INPUT,0.391611367464066,0.0463108867406845,0.775773584842682,-2.47442007064819,3.05052590370178,-1.4425288438797,K,16
OUTPUT,NaN,NaN,NaN,NaN,NaN,NaN

INPUT,0.395410418510437,0.0469261892139912,0.783585965633392,-2.50102472305298,3.04627108573914,-1.41516101360321,K,17
OUTPUT,NaN,NaN,NaN,NaN,NaN,NaN

INPUT,0.398124039173126,0.0473656915128231,0.789166212081909,-2.5200514793396,3.04327416419983,-1.39562928676605,K,18
OUTPUT,NaN,NaN,NaN,NaN,NaN,NaN

INPUT,0.399752199649811,0.04762938991189,0.792514383792877,-2.53147602081299,3.04149341583252,-1.38391613960266,K,19
OUTPUT,NaN,NaN,NaN,NaN,NaN,NaN

INPUT,0.400294929742813,0.0477172918617725,0.793630421161652,-2.53528547286987,3.04090285301208,-1.38001263141632,K,20
OUTPUT,NaN,NaN,NaN,NaN,NaN,NaN

INPUT,0.365965902805328,0.0398956947028637,0.722116589546204,-2.42103099822998,3.09159898757935,-1.97617387771606,K,11
OUTPUT,NaN,NaN,NaN,NaN,NaN,NaN

INPUT,0.371522665023804,0.0405221916735172,0.733390271663666,-2.44637846946716,3.08592343330383,-1.9491662979126,K,12
OUTPUT,NaN,NaN,NaN,NaN,NaN,NaN

INPUT,0.377079457044601,0.0411486923694611,0.744664013385773,-2.47188305854797,3.0802857875824,-1.92230761051178,K,13
OUTPUT,NaN,NaN,NaN,NaN,NaN,NaN

INPUT,0.382636219263077,0.0417751930654049,0.75593775510788,-2.49750590324402,3.07469010353088,-1.89555811882019,K,14
OUTPUT,NaN,NaN,NaN,NaN,NaN,NaN

INPUT,0.388193011283875,0.0424016900360584,0.767211437225342,-2.52322030067444,3.06914043426514,-1.86889028549194,K,15
OUTPUT,NaN,NaN,NaN,NaN,NaN,NaN

INPUT,0.393194109201431,0.042965542525053,0.777357816696167,-2.54642581939697,3.06418800354004,-1.84494304656982,K,16
OUTPUT,NaN,NaN,NaN,NaN,NaN,NaN

INPUT,0.397083848714828,0.0434040911495686,0.785249412059784,-2.56450891494751,3.06036567687988,-1.82634544372559,K,17
OUTPUT,NaN,NaN,NaN,NaN,NaN,NaN

INPUT,0.399862229824066,0.0437173396348953,0.790886282920837,-2.57744145393372,3.05765199661255,-1.81307399272919,K,18
OUTPUT,NaN,NaN,NaN,NaN,NaN,NaN

INPUT,0.401529282331467,0.0439052917063236,0.794268369674683,-2.58520674705505,3.05603075027466,-1.80511558055878,K,19
OUTPUT,NaN,NaN,NaN,NaN,NaN,NaN

INPUT,0.402084946632385,0.0439679399132729,0.795395731925964,-2.5877959728241,3.05549144744873,-1.80246341228485,K,20
OUTPUT,NaN,NaN,NaN,NaN,NaN,NaN

INPUT,0.374259173870087,0.0426675379276276,0.730803847312927,-2.35518598556519,3.07025074958801,-1.58091032505035,K,5
OUTPUT,NaN,NaN,NaN,NaN,NaN,NaN

INPUT,0.38303729891777,0.0440730340778828,0.746257901191711,-2.41913199424744,3.0593318939209,-1.50775241851807,K,6
OUTPUT,NaN,NaN,NaN,NaN,NaN,NaN

INPUT,0.38986474275589,0.0451661981642246,0.758277714252472,-2.46964526176453,3.05110287666321,-1.45158779621124,K,7
OUTPUT,NaN,NaN,NaN,NaN,NaN,NaN

INPUT,0.394741475582123,0.0459470301866531,0.766863286495209,-2.50603032112122,3.04538083076477,-1.41175043582916,K,8
OUTPUT,NaN,NaN,NaN,NaN,NaN,NaN

INPUT,0.397667527198792,0.046415526419878,0.772014617919922,-2.52796053886414,3.0420138835907,-1.38793730735779,K,9
OUTPUT,NaN,NaN,NaN,NaN,NaN,NaN

INPUT,0.365069359540939,0.0318925492465496,0.725149273872375,1.0976585149765,3.12927079200745,1.4254070520401,K,4
OUTPUT,NaN,NaN,NaN,NaN,NaN,NaN

INPUT,0.371990859508514,0.0314067080616951,0.738436460494995,1.03137898445129,3.12687087059021,1.41812741756439,K,5
OUTPUT,NaN,NaN,NaN,NaN,NaN,NaN

INPUT,0.378912359476089,0.0309208612889051,0.751723766326904,0.975414872169495,3.1244695186615,1.4211642742157,K,6
OUTPUT,NaN,NaN,NaN,NaN,NaN,NaN

INPUT,0.384295761585236,0.0305429827421904,0.762058258056641,0.936564564704895,3.12260794639587,1.42813873291016,K,7
OUTPUT,NaN,NaN,NaN,NaN,NaN,NaN

INPUT,0.38814103603363,0.0302730705589056,0.769440054893494,0.910650491714478,3.12128472328186,1.43489241600037,K,8
OUTPUT,NaN,NaN,NaN,NaN,NaN,NaN

INPUT,0.390448212623596,0.0301111228764057,0.773869156837463,0.895703852176666,3.1204936504364,1.4395124912262,K,9
OUTPUT,NaN,NaN,NaN,NaN,NaN,NaN

INPUT,0.359255909919739,0.0343891493976116,0.737269580364227,0.348211735486984,3.10364079475403,1.31951415538788,K,5
OUTPUT,NaN,NaN,NaN,NaN,NaN,NaN

INPUT,0.36467108130455,0.0343490764498711,0.751031100749969,0.273768365383148,3.097980260849,1.3932431936264,K,6
OUTPUT,NaN,NaN,NaN,NaN,NaN,NaN

INPUT,0.368882864713669,0.0343179069459438,0.761734545230865,0.215919211506844,3.09374117851257,1.45065140724182,K,7
OUTPUT,NaN,NaN,NaN,NaN,NaN,NaN

INPUT,0.371891289949417,0.0342956446111202,0.769379854202271,0.174617066979408,3.09080982208252,1.49168312549591,K,8
OUTPUT,NaN,NaN,NaN,NaN,NaN,NaN

INPUT,0.373696357011795,0.0342822857201099,0.773967027664185,0.149841472506523,3.08909201622009,1.5163106918335,K,9
OUTPUT,NaN,NaN,NaN,NaN,NaN,NaN

INPUT,0.364926397800446,0.0378938876092434,0.725407302379608,-2.54073452949524,3.11750435829163,-1.75574719905853,K,4
OUTPUT,NaN,NaN,NaN,NaN,NaN,NaN

INPUT,0.371450811624527,0.0384888797998428,0.738285183906555,-2.60322165489197,3.11425423622131,-1.67655694484711,K,5
OUTPUT,NaN,NaN,NaN,NaN,NaN,NaN

INPUT,0.377975225448608,0.0390838719904423,0.751163184642792,-2.66745734214783,3.11113953590393,-1.59910905361176,K,6
OUTPUT,NaN,NaN,NaN,NaN,NaN,NaN

INPUT,0.383049756288528,0.0395466424524784,0.761179327964783,-2.71827101707458,3.10882091522217,-1.53972005844116,K,7
OUTPUT,NaN,NaN,NaN,NaN,NaN,NaN

INPUT,0.386674433946609,0.0398771949112415,0.768333733081818,-2.7549159526825,3.10722517967224,-1.49764609336853,K,8
OUTPUT,NaN,NaN,NaN,NaN,NaN,NaN

INPUT,0.388849228620529,0.0400755256414413,0.772626399993896,-2.777019739151,3.10629272460938,-1.47251760959625,K,9
OUTPUT,NaN,NaN,NaN,NaN,NaN,NaN

INPUT,0.366558521986008,0.0393410474061966,0.716507852077484,-2.41870856285095,3.09122800827026,-1.98601925373077,K,4
OUTPUT,NaN,NaN,NaN,NaN,NaN,NaN

INPUT,0.375575363636017,0.0403263792395592,0.73211544752121,-2.46276259422302,3.08153557777405,-1.93642866611481,K,5
OUTPUT,NaN,NaN,NaN,NaN,NaN,NaN

INPUT,0.384592205286026,0.0413117147982121,0.747723042964935,-2.50759553909302,3.07197427749634,-1.88759005069733,K,6
OUTPUT,NaN,NaN,NaN,NaN,NaN,NaN

INPUT,0.391605287790298,0.0420780852437019,0.759862244129181,-2.54268956184387,3.06466865539551,-1.85007190704346,K,7
OUTPUT,NaN,NaN,NaN,NaN,NaN,NaN

INPUT,0.396614640951157,0.0426254905760288,0.768533110618591,-2.56776809692383,3.0595371723175,-1.82353127002716,K,8
OUTPUT,NaN,NaN,NaN,NaN,NaN,NaN

INPUT,0.3996202647686,0.042953934520483,0.773735642433167,-2.58279347419739,3.05649757385254,-1.80771613121033,K,9
OUTPUT,NaN,NaN,NaN,NaN,NaN,NaN

INPUT,0.35950443148613,0.0358746387064457,0.722947955131531,-2.48505878448486,3.1310567855835,-1.78075766563416,K,11
OUTPUT,NaN,NaN,NaN,NaN,NaN,NaN

INPUT,0.364282160997391,0.0360325388610363,0.734328627586365,-2.52068734169006,3.12997913360596,-1.73354876041412,K,12
OUTPUT,NaN,NaN,NaN,NaN,NaN,NaN

INPUT,0.369059860706329,0.0361904427409172,0.745709300041199,-2.55729174613953,3.12892127037048,-1.68731546401978,K,13
OUTPUT,NaN,NaN,NaN,NaN,NaN,NaN

INPUT,0.373837560415268,0.0363483428955078,0.757089912891388,-2.5946319103241,3.12788486480713,-1.64181756973267,K,14
OUTPUT,NaN,NaN,NaN,NaN,NaN,NaN

INPUT,0.378615260124207,0.0365062430500984,0.768470585346222,-2.63254046440125,3.12687182426453,-1.59688723087311,K,15
OUTPUT,NaN,NaN,NaN,NaN,NaN,NaN

INPUT,0.382915198802948,0.0366483554244041,0.778713166713715,-2.66704344749451,3.12598133087158,-1.55683469772339,K,16
OUTPUT,NaN,NaN,NaN,NaN,NaN,NaN

INPUT,0.386259585618973,0.0367588847875595,0.786679625511169,-2.69408702850342,3.1253035068512,-1.52589023113251,K,17
OUTPUT,NaN,NaN,NaN,NaN,NaN,NaN

INPUT,0.388648450374603,0.0368378348648548,0.792369961738586,-2.71349954605103,3.12482786178589,-1.50388264656067,K,18
OUTPUT,NaN,NaN,NaN,NaN,NaN,NaN

INPUT,0.390081763267517,0.0368852056562901,0.795784115791321,-2.72518181800842,3.12454581260681,-1.49071264266968,K,19
OUTPUT,NaN,NaN,NaN,NaN,NaN,NaN

INPUT,0.390559524297714,0.0369009971618652,0.796922206878662,-2.72908115386963,3.1244523525238,-1.486328125,K,20
OUTPUT,NaN,NaN,NaN,NaN,NaN,NaN

INPUT,0.361768901348114,0.0386128462851048,0.721016228199005,-2.37324213981628,3.09890174865723,-1.69376850128174,K,11
OUTPUT,NaN,NaN,NaN,NaN,NaN,NaN

INPUT,0.36681404709816,0.0390931852161884,0.732167303562164,-2.41175436973572,3.09419846534729,-1.65233886241913,K,12
OUTPUT,NaN,NaN,NaN,NaN,NaN,NaN

INPUT,0.371859163045883,0.0395735204219818,0.743318319320679,-2.45053243637085,3.08957099914551,-1.61116647720337,K,13
OUTPUT,NaN,NaN,NaN,NaN,NaN,NaN

INPUT,0.376904308795929,0.0400538519024849,0.754469394683838,-2.48950934410095,3.08502650260925,-1.57018327713013,K,14
OUTPUT,NaN,NaN,NaN,NaN,NaN,NaN

INPUT,0.381949424743652,0.0405341871082783,0.765620470046997,-2.52863907814026,3.08057236671448,-1.52934288978577,K,15
OUTPUT,NaN,NaN,NaN,NaN,NaN,NaN

INPUT,0.386490076780319,0.0409664921462536,0.775656402111053,-2.56396007537842,3.07664680480957,-1.49268126487732,K,16
OUTPUT,NaN,NaN,NaN,NaN,NaN,NaN

INPUT,0.390021651983261,0.0413027256727219,0.783462166786194,-2.59148788452148,3.07365131378174,-1.46421658992767,K,17
OUTPUT,NaN,NaN,NaN,NaN,NaN,NaN

INPUT,0.392544209957123,0.0415428914129734,0.789037704467773,-2.61117672920227,3.07154417037964,-1.44390726089478,K,18
OUTPUT,NaN,NaN,NaN,NaN,NaN,NaN

INPUT,0.394057750701904,0.0416869930922985,0.792383015155792,-2.62299942970276,3.07029342651367,-1.43172979354858,K,19
OUTPUT,NaN,NaN,NaN,NaN,NaN,NaN

INPUT,0.394562274217606,0.0417350269854069,0.79349809885025,-2.62694191932678,3.06987857818604,-1.42767190933228,K,20
OUTPUT,NaN,NaN,NaN,NaN,NaN,NaN

INPUT,0.358884036540985,0.0345210693776608,0.733936905860901,0.213306739926338,3.12480759620667,1.40388071537018,K,12
OUTPUT,NaN,NaN,NaN,NaN,NaN,NaN

INPUT,0.363094300031662,0.0345200225710869,0.745275020599365,0.148522406816483,3.12318754196167,1.46440517902374,K,13
OUTPUT,NaN,NaN,NaN,NaN,NaN,NaN

INPUT,0.367304563522339,0.0345189794898033,0.756613075733185,0.0840754210948944,3.12163972854614,1.52526867389679,K,14
OUTPUT,NaN,NaN,NaN,NaN,NaN,NaN

INPUT,0.371514797210693,0.0345179326832294,0.767951130867004,0.0198797229677439,3.12017011642456,1.58638536930084,K,15
OUTPUT,NaN,NaN,NaN,NaN,NaN,NaN

INPUT,0.375304043292999,0.0345169939100742,0.778155446052551,-0.0377312377095222,3.11891913414001,1.64155757427216,K,16
OUTPUT,NaN,NaN,NaN,NaN,NaN,NaN

INPUT,0.378251224756241,0.0345162600278854,0.786092102527618,-0.0824528709053993,3.11799597740173,1.68455696105957,K,17
OUTPUT,NaN,NaN,NaN,NaN,NaN,NaN

INPUT,0.380356341600418,0.0345157384872437,0.791761100292206,-0.114357933402061,3.11736416816711,1.71531045436859,K,18
OUTPUT,NaN,NaN,NaN,NaN,NaN,NaN

INPUT,0.381619423627853,0.0345154255628586,0.795162558555603,-0.133486986160278,3.11699628829956,1.73377668857574,K,19
OUTPUT,NaN,NaN,NaN,NaN,NaN,NaN

INPUT,0.382040441036224,0.0345153212547302,0.796296358108521,-0.139861211180687,3.11687564849854,1.73993420600891,K,20
OUTPUT,NaN,NaN,NaN,NaN,NaN,NaN

INPUT,0.369532704353333,0.0596749968826771,0.718513906002045,-2.04587411880493,3.00376009941101,-1.85560739040375,K,11
OUTPUT,NaN,NaN,NaN,NaN,NaN,NaN

INPUT,0.37549102306366,0.0626329928636551,0.72937148809433,-2.05661678314209,2.98764204978943,-1.84384477138519,K,12
OUTPUT,NaN,NaN,NaN,NaN,NaN,NaN

INPUT,0.381449311971664,0.0655909925699234,0.74022901058197,-2.0674614906311,2.97155570983887,-1.83217334747314,K,13
OUTPUT,NaN,NaN,NaN,NaN,NaN,NaN

INPUT,0.387407600879669,0.0685489773750305,0.751086533069611,-2.07838034629822,2.95550918579102,-1.82057118415833,K,14
OUTPUT,NaN,NaN,NaN,NaN,NaN,NaN

INPUT,0.393365919589996,0.0715069770812988,0.761944115161896,-2.08935356140137,2.93951034545898,-1.80902373790741,K,15
OUTPUT,NaN,NaN,NaN,NaN,NaN,NaN

INPUT,0.398728370666504,0.0741691738367081,0.771715939044952,-2.09926319122314,2.92515897750854,-1.79867029190063,K,16
OUTPUT,NaN,NaN,NaN,NaN,NaN,NaN

INPUT,0.402899175882339,0.0762397721409798,0.779316186904907,-2.1069872379303,2.9140317440033,-1.79064011573792,K,17
OUTPUT,NaN,NaN,NaN,NaN,NaN,NaN

INPUT,0.405878335237503,0.0777187719941139,0.78474497795105,-2.11251091957092,2.90610408782959,-1.7849155664444,K,18
OUTPUT,NaN,NaN,NaN,NaN,NaN,NaN

INPUT,0.407665818929672,0.0786061659455299,0.788002252578735,-2.11582732200623,2.90135598182678,-1.78148508071899,K,19
OUTPUT,NaN,NaN,NaN,NaN,NaN,NaN

INPUT,0.408261656761169,0.078901968896389,0.789088010787964,-2.1169331073761,2.89977478981018,-1.78034234046936,K,20
OUTPUT,NaN,NaN,NaN,NaN,NaN,NaN

INPUT,0.347449123859406,0.0290411747992039,0.734297573566437,0.714313209056854,3.07792234420776,1.47074782848358,K,12
OUTPUT,NaN,NaN,NaN,NaN,NaN,NaN

INPUT,0.350455611944199,0.0284631997346878,0.745673418045044,0.673583984375,3.0715126991272,1.50968432426453,K,13
OUTPUT,NaN,NaN,NaN,NaN,NaN,NaN

INPUT,0.353462129831314,0.0278852246701717,0.757049262523651,0.632995128631592,3.06521391868591,1.54877877235413,K,14
OUTPUT,NaN,NaN,NaN,NaN,NaN,NaN

INPUT,0.35646864771843,0.0273072477430105,0.768425107002258,0.592509567737579,3.05903625488281,1.58799576759338,K,15
OUTPUT,NaN,NaN,NaN,NaN,NaN,NaN

INPUT,0.359174489974976,0.0267870705574751,0.778663396835327,0.556139349937439,3.05358815193176,1.62337481975555,K,16
OUTPUT,NaN,NaN,NaN,NaN,NaN,NaN

INPUT,0.36127907037735,0.0263824872672558,0.78662645816803,0.527885615825653,3.04942846298218,1.65093791484833,K,17
OUTPUT,NaN,NaN,NaN,NaN,NaN,NaN

INPUT,0.362782299518585,0.0260934997349977,0.792314410209656,0.507719457149506,3.04650092124939,1.67064738273621,K,18
OUTPUT,NaN,NaN,NaN,NaN,NaN,NaN

INPUT,0.363684266805649,0.025920107960701,0.795727133750916,0.495625197887421,3.04476261138916,1.68248105049133,K,19
OUTPUT,NaN,NaN,NaN,NaN,NaN,NaN

INPUT,0.363984912633896,0.0258623100817204,0.796864748001099,0.491594433784485,3.04418611526489,1.68642687797546,K,20
OUTPUT,NaN,NaN,NaN,NaN,NaN,NaN

INPUT,0.368273079395294,0.0360598862171173,0.732656121253967,-2.56906151771545,3.12867832183838,-1.73491299152374,K,5
OUTPUT,NaN,NaN,NaN,NaN,NaN,NaN

INPUT,0.376183152198792,0.0363132134079933,0.748592913150787,-2.62366056442261,3.12708878517151,-1.64241588115692,K,6
OUTPUT,NaN,NaN,NaN,NaN,NaN,NaN

INPUT,0.382335424423218,0.036510244011879,0.760988235473633,-2.66872978210449,3.12590336799622,-1.57307577133179,K,7
OUTPUT,NaN,NaN,NaN,NaN,NaN,NaN

INPUT,0.386729925870895,0.0366509817540646,0.769842028617859,-2.70197176933289,3.12508678436279,-1.52459633350372,K,8
OUTPUT,NaN,NaN,NaN,NaN,NaN,NaN

INPUT,0.38936659693718,0.0367354229092598,0.77515435218811,-2.72226500511169,3.12460923194885,-1.49585616588593,K,9
OUTPUT,NaN,NaN,NaN,NaN,NaN,NaN

INPUT,0.370501458644867,0.0389391332864761,0.73046875,-2.44284200668335,3.09052419662476,-1.63852000236511,K,5
OUTPUT,NaN,NaN,NaN,NaN,NaN,NaN

INPUT,0.378714293241501,0.0396917127072811,0.745977818965912,-2.50801062583923,3.08282065391541,-1.56153583526611,K,6
OUTPUT,NaN,NaN,NaN,NaN,NaN,NaN

INPUT,0.385102033615112,0.0402770526707172,0.758040428161621,-2.55966687202454,3.07703113555908,-1.50260746479034,K,7
OUTPUT,NaN,NaN,NaN,NaN,NaN,NaN

INPUT,0.389664709568024,0.0406951569020748,0.766656577587128,-2.59694123268127,3.07301497459412,-1.46088004112244,K,8
OUTPUT,NaN,NaN,NaN,NaN,NaN,NaN

INPUT,0.392402321100235,0.0409460142254829,0.771826267242432,-2.6194281578064,3.07065629959106,-1.4359610080719,K,9
OUTPUT,NaN,NaN,NaN,NaN,NaN,NaN

INPUT,0.369881093502045,0.0570571273565292,0.713431835174561,-2.03718852996826,3.0025749206543,-1.8553102016449,K,4
OUTPUT,NaN,NaN,NaN,NaN,NaN,NaN

INPUT,0.379382193088531,0.0617562271654606,0.728318393230438,-2.0585343837738,2.97523069381714,-1.8358039855957,K,5
OUTPUT,NaN,NaN,NaN,NaN,NaN,NaN

INPUT,0.388883292675018,0.0664553269743919,0.743204951286316,-2.07966804504395,2.9479558467865,-1.81599235534668,K,6
OUTPUT,NaN,NaN,NaN,NaN,NaN,NaN

INPUT,0.396273016929626,0.0701101794838905,0.754783391952515,-2.09601068496704,2.92681813240051,-1.80044615268707,K,7
OUTPUT,NaN,NaN,NaN,NaN,NaN,NaN

INPUT,0.401551395654678,0.0727207958698273,0.763053715229034,-2.10764527320862,2.91177296638489,-1.78929018974304,K,8
OUTPUT,NaN,NaN,NaN,NaN,NaN,NaN

INPUT,0.404718428850174,0.074287161231041,0.76801586151123,-2.11461281776428,2.90277099609375,-1.78258097171783,K,9
OUTPUT,NaN,NaN,NaN,NaN,NaN,NaN

INPUT,0.359329968690872,0.0345590971410275,0.724813997745514,0.235022485256195,3.12681746482849,1.35355889797211,K,4
OUTPUT,NaN,NaN,NaN,NaN,NaN,NaN

INPUT,0.365471124649048,0.0345292687416077,0.7384432554245,0.136446297168732,3.12391448020935,1.45648515224457,K,5
OUTPUT,NaN,NaN,NaN,NaN,NaN,NaN

INPUT,0.371612280607224,0.0344994403421879,0.75207257270813,0.0372676812112331,3.12119054794312,1.55881416797638,K,6
OUTPUT,NaN,NaN,NaN,NaN,NaN,NaN

INPUT,0.376388758420944,0.0344762429594994,0.762673139572144,-0.0401296205818653,3.11921381950378,1.63814842700958,K,7
OUTPUT,NaN,NaN,NaN,NaN,NaN,NaN

INPUT,0.379800498485565,0.0344596728682518,0.770245015621185,-0.0955108404159546,3.11788535118103,1.69472074508667,K,8
OUTPUT,NaN,NaN,NaN,NaN,NaN,NaN

INPUT,0.381847560405731,0.0344497300684452,0.774788081645966,-0.128770247101784,3.11712336540222,1.72863411903381,K,9
OUTPUT,NaN,NaN,NaN,NaN,NaN,NaN

INPUT,0.352941960096359,0.0290338806807995,0.737949848175049,0.673880517482758,3.07132148742676,1.51341462135315,K,5
OUTPUT,NaN,NaN,NaN,NaN,NaN,NaN

INPUT,0.35753470659256,0.0282226409763098,0.751993298530579,0.60791689157486,3.06125211715698,1.57531213760376,K,6
OUTPUT,NaN,NaN,NaN,NaN,NaN,NaN

INPUT,0.361106872558594,0.0275916773825884,0.762916028499603,0.556911885738373,3.05364489555359,1.62378966808319,K,7
OUTPUT,NaN,NaN,NaN,NaN,NaN,NaN

INPUT,0.363658398389816,0.0271409880369902,0.770717978477478,0.520594298839569,3.04834318161011,1.65855097770691,K,8
OUTPUT,NaN,NaN,NaN,NaN,NaN,NaN

INPUT,0.36518931388855,0.0268705748021603,0.775399148464203,0.498840361833572,3.04521822929382,1.67945289611816,K,9
OUTPUT,NaN,NaN,NaN,NaN,NaN,NaN

INPUT,0.363962918519974,0.0352867729961872,0.721459984779358,-2.66545176506042,3.08995962142944,-1.71321821212769,K,11
OUTPUT,NaN,NaN,NaN,NaN,NaN,NaN

INPUT,0.369265139102936,0.0353755578398705,0.732665419578552,-2.72039723396301,3.08454132080078,-1.65610325336456,K,12
OUTPUT,NaN,NaN,NaN,NaN,NaN,NaN

INPUT,0.374567329883575,0.0354643426835537,0.743870854377747,-2.77553701400757,3.07930183410645,-1.59916532039642,K,13
OUTPUT,NaN,NaN,NaN,NaN,NaN,NaN

INPUT,0.379869550466537,0.0355531275272369,0.755076289176941,-2.83082294464111,3.07425785064697,-1.54235577583313,K,14
OUTPUT,NaN,NaN,NaN,NaN,NaN,NaN

INPUT,0.385171741247177,0.0356419123709202,0.766281723976135,-2.88622236251831,3.06942510604858,-1.48564100265503,K,15
OUTPUT,NaN,NaN,NaN,NaN,NaN,NaN

INPUT,0.389943718910217,0.0357218161225319,0.776366591453552,-2.93615984916687,3.06526899337769,-1.43465924263,K,16
OUTPUT,NaN,NaN,NaN,NaN,NaN,NaN

INPUT,0.393655270338058,0.0357839651405811,0.784210443496704,-2.97504234313965,3.0621702671051,-1.39503848552704,K,17
OUTPUT,NaN,NaN,NaN,NaN,NaN,NaN

INPUT,0.396306365728378,0.0358283594250679,0.789813160896301,-3.00283551216125,3.0600311756134,-1.36675179004669,K,18
OUTPUT,NaN,NaN,NaN,NaN,NaN,NaN

INPUT,0.397897034883499,0.0358549952507019,0.793174743652344,-3.01951837539673,3.0587785243988,-1.34978473186493,K,19
OUTPUT,NaN,NaN,NaN,NaN,NaN,NaN

INPUT,0.398427248001099,0.0358638726174831,0.794295310974121,-3.02508044242859,3.05836606025696,-1.34412980079651,K,20
OUTPUT,NaN,NaN,NaN,NaN,NaN,NaN

INPUT,0.361541718244553,0.0345291756093502,0.732861161231995,0.5229851603508,3.13663077354431,1.38955914974213,K,12
OUTPUT,NaN,NaN,NaN,NaN,NaN,NaN

INPUT,0.366031736135483,0.0345288887619972,0.744086265563965,0.467827945947647,3.1360547542572,1.42559945583344,K,13
OUTPUT,NaN,NaN,NaN,NaN,NaN,NaN

INPUT,0.370521754026413,0.0345286019146442,0.75531131029129,0.414457619190216,3.13548994064331,1.46342670917511,K,14
OUTPUT,NaN,NaN,NaN,NaN,NaN,NaN

INPUT,0.375011771917343,0.0345283150672913,0.766536355018616,0.362391978502274,3.13493728637695,1.50255906581879,K,15
OUTPUT,NaN,NaN,NaN,NaN,NaN,NaN

INPUT,0.379052758216858,0.0345280542969704,0.776638925075531,0.316378742456436,3.13445162773132,1.53862404823303,K,16
OUTPUT,NaN,NaN,NaN,NaN,NaN,NaN

INPUT,0.382195770740509,0.0345278531312943,0.784496486186981,0.281030714511871,3.13408207893372,1.5671147108078,K,17
OUTPUT,NaN,NaN,NaN,NaN,NaN,NaN

INPUT,0.384440779685974,0.0345277115702629,0.790109038352966,0.25598019361496,3.13382267951965,1.58766341209412,K,18
OUTPUT,NaN,NaN,NaN,NaN,NaN,NaN

INPUT,0.385787785053253,0.034527625888586,0.793476521968842,0.24102021753788,3.13366913795471,1.60006284713745,K,19
OUTPUT,NaN,NaN,NaN,NaN,NaN,NaN

INPUT,0.386236786842346,0.0345275960862637,0.794599056243896,0.236044451594353,3.13361811637878,1.60420703887939,K,20
OUTPUT,NaN,NaN,NaN,NaN,NaN,NaN

INPUT,0.366761088371277,0.0457246787846088,0.721187114715576,-2.1143274307251,3.05722451210022,-1.77648890018463,K,11
OUTPUT,NaN,NaN,NaN,NaN,NaN,NaN

INPUT,0.372393846511841,0.0470417179167271,0.73235809803009,-2.13352870941162,3.04743385314941,-1.75567531585693,K,12
OUTPUT,NaN,NaN,NaN,NaN,NaN,NaN

INPUT,0.378026574850082,0.048358753323555,0.743529140949249,-2.15285801887512,3.03769755363464,-1.7350389957428,K,13
OUTPUT,NaN,NaN,NaN,NaN,NaN,NaN

INPUT,0.383659332990646,0.0496757924556732,0.754700124263763,-2.17225956916809,3.02802681922913,-1.7145562171936,K,14
OUTPUT,NaN,NaN,NaN,NaN,NaN,NaN

INPUT,0.38929209113121,0.0509928278625011,0.765871107578278,-2.19169092178345,3.01843357086182,-1.69421553611755,K,15
OUTPUT,NaN,NaN,NaN,NaN,NaN,NaN

INPUT,0.394361585378647,0.0521781630814075,0.775925040245056,-2.2091760635376,3.00987505912781,-1.67602753639221,K,16
OUTPUT,NaN,NaN,NaN,NaN,NaN,NaN

INPUT,0.398304522037506,0.0531000904738903,0.783744752407074,-2.22275948524475,3.00327301025391,-1.66195929050446,K,17
OUTPUT,NaN,NaN,NaN,NaN,NaN,NaN

INPUT,0.401120901107788,0.0537586100399494,0.789330244064331,-2.23244738578796,2.99858856201172,-1.65195310115814,K,18
OUTPUT,NaN,NaN,NaN,NaN,NaN,NaN

INPUT,0.402810722589493,0.0541537180542946,0.792681515216827,-2.23825335502625,2.99579095840454,-1.64596676826477,K,19
OUTPUT,NaN,NaN,NaN,NaN,NaN,NaN

INPUT,0.40337398648262,0.0542854219675064,0.793798625469208,-2.24018716812134,2.99486064910889,-1.64397418498993,K,20
OUTPUT,NaN,NaN,NaN,NaN,NaN,NaN

INPUT,0.364868581295013,0.0398872420191765,0.721186816692352,-2.44106936454773,3.08329796791077,-1.94842398166656,K,11
OUTPUT,NaN,NaN,NaN,NaN,NaN,NaN

INPUT,0.370278209447861,0.0405174121260643,0.732358872890472,-2.46918511390686,3.07670521736145,-1.91856729984283,K,12
OUTPUT,NaN,NaN,NaN,NaN,NaN,NaN

INPUT,0.375687837600708,0.0411475785076618,0.743530988693237,-2.49746704101563,3.07016682624817,-1.88886451721191,K,13
OUTPUT,NaN,NaN,NaN,NaN,NaN,NaN

INPUT,0.381097495555878,0.0417777448892593,0.754702985286713,-2.525874376297,3.06368827819824,-1.85927379131317,K,14
OUTPUT,NaN,NaN,NaN,NaN,NaN,NaN

INPUT,0.386507123708725,0.0424079149961472,0.765875101089478,-2.5543794631958,3.05727529525757,-1.82976591587067,K,15
OUTPUT,NaN,NaN,NaN,NaN,NaN,NaN

INPUT,0.391375780105591,0.0429750643670559,0.775929927825928,-2.58010125160217,3.05156397819519,-1.80326318740845,K,16
OUTPUT,NaN,NaN,NaN,NaN,NaN,NaN

INPUT,0.395162552595139,0.0434161834418774,0.783750414848328,-2.6001443862915,3.04716396331787,-1.78267765045166,K,17
OUTPUT,NaN,NaN,NaN,NaN,NaN,NaN

INPUT,0.397867351770401,0.043731264770031,0.789336442947388,-2.61447834968567,3.04404473304749,-1.76798605918884,K,18
OUTPUT,NaN,NaN,NaN,NaN,NaN,NaN

INPUT,0.399490237236023,0.0439203158020973,0.792688012123108,-2.62308502197266,3.04218316078186,-1.75917553901672,K,19
OUTPUT,NaN,NaN,NaN,NaN,NaN,NaN

INPUT,0.400031208992004,0.0439833328127861,0.793805241584778,-2.6259548664093,3.04156422615051,-1.7562392950058,K,20
OUTPUT,NaN,NaN,NaN,NaN,NaN,NaN

INPUT,0.378475368022919,0.0500650405883789,0.718966960906982,-2.42427849769592,3.01371955871582,-1.85251617431641,K,11
OUTPUT,NaN,NaN,NaN,NaN,NaN,NaN

INPUT,0.385485619306564,0.0518925786018372,0.729877829551697,-2.45757126808167,2.99926066398621,-1.81835246086121,K,12
OUTPUT,NaN,NaN,NaN,NaN,NaN,NaN

INPUT,0.39249587059021,0.0537201166152954,0.740788757801056,-2.49097847938538,2.98496317863464,-1.78423392772675,K,13
OUTPUT,NaN,NaN,NaN,NaN,NaN,NaN

INPUT,0.399506121873856,0.0555476546287537,0.751699566841125,-2.5244824886322,2.97084355354309,-1.7501368522644,K,14
OUTPUT,NaN,NaN,NaN,NaN,NaN,NaN

INPUT,0.406516373157501,0.0573751889169216,0.762610495090485,-2.55807209014893,2.95691847801208,-1.71604418754578,K,15
OUTPUT,NaN,NaN,NaN,NaN,NaN,NaN

INPUT,0.412825614213943,0.0590199753642082,0.772430241107941,-2.58836960792542,2.9445652961731,-1.68535387516022,K,16
OUTPUT,NaN,NaN,NaN,NaN,NaN,NaN

INPUT,0.417732775211334,0.0602992512285709,0.78006786108017,-2.61197590827942,2.93508267402649,-1.66147422790527,K,17
OUTPUT,NaN,NaN,NaN,NaN,NaN,NaN

INPUT,0.421237915754318,0.0612130165100098,0.785523295402527,-2.62885928153992,2.92838001251221,-1.64441061019897,K,18
OUTPUT,NaN,NaN,NaN,NaN,NaN,NaN

INPUT,0.423340976238251,0.0617612786591053,0.788796544075012,-2.63899755477905,2.92438745498657,-1.63416922092438,K,19
OUTPUT,NaN,NaN,NaN,NaN,NaN,NaN

INPUT,0.424042016267776,0.0619440339505672,0.789887666702271,-2.64237856864929,2.92306160926819,-1.63075494766235,K,20
OUTPUT,NaN,NaN,NaN,NaN,NaN,NaN

INPUT,0.354892313480377,0.0228813197463751,0.733297884464264,1.06468284130096,3.08625555038452,1.57981014251709,K,12
OUTPUT,NaN,NaN,NaN,NaN,NaN,NaN

INPUT,0.35868239402771,0.0216549932956696,0.744568824768066,1.03625357151031,3.08051562309265,1.60561561584473,K,13
OUTPUT,NaN,NaN,NaN,NaN,NaN,NaN

INPUT,0.362472474575043,0.0204286705702543,0.755839705467224,1.0080441236496,3.07482028007507,1.63165032863617,K,14
OUTPUT,NaN,NaN,NaN,NaN,NaN,NaN

INPUT,0.366262584924698,0.0192023441195488,0.767110645771027,0.979999840259552,3.06917405128479,1.65786051750183,K,15
OUTPUT,NaN,NaN,NaN,NaN,NaN,NaN

INPUT,0.369673639535904,0.0180986505001783,0.777254462242126,0.954869031906128,3.06413769721985,1.68156814575195,K,16
OUTPUT,NaN,NaN,NaN,NaN,NaN,NaN

INPUT,0.372326701879501,0.017240222543478,0.785144090652466,0.935380220413208,3.06025242805481,1.70007133483887,K,17
OUTPUT,NaN,NaN,NaN,NaN,NaN,NaN

INPUT,0.374221742153168,0.0166270602494478,0.790779531002045,0.921485602855682,3.0574951171875,1.71331751346588,K,18
OUTPUT,NaN,NaN,NaN,NaN,NaN,NaN

INPUT,0.375358790159225,0.0162591636180878,0.794160842895508,0.913158059120178,3.05584788322449,1.72127592563629,K,19
OUTPUT,NaN,NaN,NaN,NaN,NaN,NaN

INPUT,0.37573778629303,0.0161365307867527,0.795287907123566,0.910383641719818,3.05530023574829,1.72393047809601,K,20
OUTPUT,NaN,NaN,NaN,NaN,NaN,NaN

INPUT,0.372996807098389,0.0352744832634926,0.731202304363251,-2.76223111152649,3.08069133758545,-1.63470816612244,K,5
OUTPUT,NaN,NaN,NaN,NaN,NaN,NaN

INPUT,0.381557285785675,0.0354170836508274,0.746740698814392,-2.85578489303589,3.07202506065369,-1.52907955646515,K,6
OUTPUT,NaN,NaN,NaN,NaN,NaN,NaN

INPUT,0.38821542263031,0.0355279967188835,0.758826076984406,-2.92949104309082,3.06575536727905,-1.44782602787018,K,7
OUTPUT,NaN,NaN,NaN,NaN,NaN,NaN

INPUT,0.392971247434616,0.0356072187423706,0.767458498477936,-2.98250031471252,3.06155276298523,-1.39012837409973,K,8
OUTPUT,NaN,NaN,NaN,NaN,NaN,NaN

INPUT,0.395824730396271,0.035654753446579,0.772637963294983,-3.01442265510559,3.05914783477783,-1.35561764240265,K,9
OUTPUT,NaN,NaN,NaN,NaN,NaN,NaN

INPUT,0.36725127696991,0.0443675369024277,0.715707659721375,-2.11061000823975,3.05655241012573,-1.78379535675049,K,4
OUTPUT,NaN,NaN,NaN,NaN,NaN,NaN

INPUT,0.376332879066467,0.0463858619332314,0.731141567230225,-2.14433169364929,3.03999042510986,-1.7461394071579,K,5
OUTPUT,NaN,NaN,NaN,NaN,NaN,NaN

INPUT,0.385414481163025,0.0484041906893253,0.746575474739075,-2.17863273620605,3.02355742454529,-1.70900285243988,K,6
OUTPUT,NaN,NaN,NaN,NaN,NaN,NaN

INPUT,0.392477929592133,0.0499740019440651,0.758579611778259,-2.20552062988281,3.01090693473816,-1.68040347099304,K,7
OUTPUT,NaN,NaN,NaN,NaN,NaN,NaN

INPUT,0.397523254156113,0.0510952919721603,0.767154037952423,-2.22477602958679,3.00195860862732,-1.6601175069809,K,8
OUTPUT,NaN,NaN,NaN,NaN,NaN,NaN

INPUT,0.400550454854965,0.0517680682241917,0.772298634052277,-2.23633480072021,2.99662971496582,-1.64800274372101,K,9
OUTPUT,NaN,NaN,NaN,NaN,NaN,NaN

INPUT,0.374047636985779,0.0402685068547726,0.730937242507935,-2.48718333244324,3.07175707817078,-1.90433633327484,K,5
OUTPUT,NaN,NaN,NaN,NaN,NaN,NaN

INPUT,0.382776230573654,0.0412513129413128,0.746405780315399,-2.53701949119568,3.06062316894531,-1.8503155708313,K,6
OUTPUT,NaN,NaN,NaN,NaN,NaN,NaN

INPUT,0.389565110206604,0.0420157164335251,0.758436799049377,-2.57597851753235,3.05215048789978,-1.80882596969604,K,7
OUTPUT,NaN,NaN,NaN,NaN,NaN,NaN

INPUT,0.394414305686951,0.0425617210566998,0.767030417919159,-2.60378050804138,3.046222448349,-1.77949845790863,K,8
OUTPUT,NaN,NaN,NaN,NaN,NaN,NaN

INPUT,0.397323846817017,0.0428893230855465,0.772186577320099,-2.62041878700256,3.04272127151489,-1.76203632354736,K,9
OUTPUT,NaN,NaN,NaN,NaN,NaN,NaN

INPUT,0.378923773765564,0.0484114140272141,0.715277314186096,-2.40991306304932,3.01284766197205,-1.85518336296082,K,4
OUTPUT,NaN,NaN,NaN,NaN,NaN,NaN

INPUT,0.389859139919281,0.0514441132545471,0.729858875274658,-2.47174263000488,2.98823523521423,-1.79640758037567,K,5
OUTPUT,NaN,NaN,NaN,NaN,NaN,NaN

INPUT,0.400794565677643,0.0544768124818802,0.744440495967865,-2.5332670211792,2.96417903900146,-1.73710083961487,K,6
OUTPUT,NaN,NaN,NaN,NaN,NaN,NaN

INPUT,0.409299850463867,0.0568355768918991,0.755781710147858,-2.58102059364319,2.94591045379639,-1.6907000541687,K,7
OUTPUT,NaN,NaN,NaN,NaN,NaN,NaN

INPUT,0.415375083684921,0.0585204102098942,0.763882637023926,-2.61510968208313,2.93312311172485,-1.65743398666382,K,8
OUTPUT,NaN,NaN,NaN,NaN,NaN,NaN

INPUT,0.41902020573616,0.0595313087105751,0.76874315738678,-2.63556098937988,2.92556238174438,-1.63742983341217,K,9
OUTPUT,NaN,NaN,NaN,NaN,NaN,NaN

INPUT,0.361866563558578,0.0345976166427135,0.724091291427612,0.648082256317139,3.1378161907196,1.46226227283478,K,4
OUTPUT,NaN,NaN,NaN,NaN,NaN,NaN

INPUT,0.368358552455902,0.0345889553427696,0.737461149692535,0.516252279281616,3.13667416572571,1.47707414627075,K,5
OUTPUT,NaN,NaN,NaN,NaN,NaN,NaN

INPUT,0.374850541353226,0.0345802903175354,0.750831007957458,0.406387597322464,3.13554811477661,1.51385176181793,K,6
OUTPUT,NaN,NaN,NaN,NaN,NaN,NaN

INPUT,0.379899859428406,0.0345735549926758,0.761229813098907,0.329101592302322,3.13469052314758,1.55062115192413,K,7
OUTPUT,NaN,NaN,NaN,NaN,NaN,NaN

INPUT,0.383506536483765,0.0345687419176102,0.768657505512238,0.276706635951996,3.13409018516541,1.57969439029694,K,8
OUTPUT,NaN,NaN,NaN,NaN,NaN,NaN

INPUT,0.385670512914658,0.0345658548176289,0.773114144802094,0.246119171380997,3.1337354183197,1.59798800945282,K,9
OUTPUT,NaN,NaN,NaN,NaN,NaN,NaN

INPUT,0.361051976680756,0.0224758982658386,0.737201809883118,1.04372847080231,3.07966160774231,1.61591708660126,K,5
OUTPUT,NaN,NaN,NaN,NaN,NaN,NaN

INPUT,0.366719543933868,0.0206837859004736,0.750939607620239,0.994522571563721,3.07073259353638,1.65394747257233,K,6
OUTPUT,NaN,NaN,NaN,NaN,NaN,NaN

INPUT,0.371127635240555,0.0192899219691753,0.76162451505661,0.95724093914032,3.06390023231506,1.68432092666626,K,7
OUTPUT,NaN,NaN,NaN,NaN,NaN,NaN

INPUT,0.374276250600815,0.0182943046092987,0.76925665140152,0.931067287921906,3.05909442901611,1.70627391338348,K,8
OUTPUT,NaN,NaN,NaN,NaN,NaN,NaN

INPUT,0.376165449619293,0.0176969338208437,0.773835897445679,0.915533840656281,3.05624437332153,1.71951067447662,K,9
OUTPUT,NaN,NaN,NaN,NaN,NaN,NaN

INPUT,0.361899673938751,0.0368111506104469,0.721980631351471,-2.30558967590332,3.09794569015503,-1.62468039989471,K,11
OUTPUT,NaN,NaN,NaN,NaN,NaN,NaN

INPUT,0.366959869861603,0.0370794236660004,0.733246028423309,-2.34403252601624,3.09313297271729,-1.58301103115082,K,12
OUTPUT,NaN,NaN,NaN,NaN,NaN,NaN

INPUT,0.372020065784454,0.0373477004468441,0.744511365890503,-2.38276934623718,3.08839774131775,-1.54162645339966,K,13
OUTPUT,NaN,NaN,NaN,NaN,NaN,NaN

INPUT,0.377080261707306,0.0376159735023975,0.755776762962341,-2.42172574996948,3.08374786376953,-1.50045168399811,K,14
OUTPUT,NaN,NaN,NaN,NaN,NaN,NaN

INPUT,0.382140457630157,0.0378842502832413,0.76704216003418,-2.46085119247437,3.07919073104858,-1.45943510532379,K,15
OUTPUT,NaN,NaN,NaN,NaN,NaN,NaN

INPUT,0.386694639921188,0.0381256975233555,0.777181029319763,-2.49617910385132,3.07517457008362,-1.42262518405914,K,16
OUTPUT,NaN,NaN,NaN,NaN,NaN,NaN

INPUT,0.390236765146255,0.0383134894073009,0.785066783428192,-2.52371788024902,3.072110414505,-1.39405071735382,K,17
OUTPUT,NaN,NaN,NaN,NaN,NaN,NaN

INPUT,0.392766863107681,0.0384476259350777,0.790699481964111,-2.54341721534729,3.06995511054993,-1.37366545200348,K,18
OUTPUT,NaN,NaN,NaN,NaN,NaN,NaN

INPUT,0.394284933805466,0.0385281108319759,0.794079124927521,-2.55524730682373,3.06867551803589,-1.36144316196442,K,19
OUTPUT,NaN,NaN,NaN,NaN,NaN,NaN

INPUT,0.394790947437286,0.0385549366474152,0.795205652713776,-2.55919241905212,3.06825137138367,-1.3573704957962,K,20
OUTPUT,NaN,NaN,NaN,NaN,NaN,NaN

INPUT,0.362193793058395,0.0324754565954208,0.733111202716827,-2.30593228340149,3.13155317306519,-1.85995626449585,K,12
OUTPUT,NaN,NaN,NaN,NaN,NaN,NaN

INPUT,0.366751670837402,0.0322588905692101,0.74436366558075,-2.32359266281128,3.13060259819031,-1.83069133758545,K,13
OUTPUT,NaN,NaN,NaN,NaN,NaN,NaN

INPUT,0.371309489011765,0.0320423245429993,0.755616128444672,-2.34217429161072,3.12965798377991,-1.8023476600647,K,14
OUTPUT,NaN,NaN,NaN,NaN,NaN,NaN

INPUT,0.375867366790771,0.0318257585167885,0.766868591308594,-2.36146998405457,3.12871956825256,-1.77471780776978,K,15
OUTPUT,NaN,NaN,NaN,NaN,NaN,NaN

INPUT,0.379969418048859,0.0316308476030827,0.776995837688446,-2.37932252883911,3.12788105010986,-1.75033676624298,K,16
OUTPUT,NaN,NaN,NaN,NaN,NaN,NaN

INPUT,0.383159935474396,0.0314792543649673,0.784872591495514,-2.393470287323,3.12723278999329,-1.73163640499115,K,17
OUTPUT,NaN,NaN,NaN,NaN,NaN,NaN

INPUT,0.385438859462738,0.031370971351862,0.790498793125153,-2.40369772911072,3.12677216529846,-1.71840071678162,K,18
OUTPUT,NaN,NaN,NaN,NaN,NaN,NaN

INPUT,0.386806190013885,0.0313059985637665,0.793874561786652,-2.40987825393677,3.1264967918396,-1.71050322055817,K,19
OUTPUT,NaN,NaN,NaN,NaN,NaN,NaN

INPUT,0.387261986732483,0.0312843434512615,0.794999778270721,-2.41194534301758,3.12640500068665,-1.70787763595581,K,20
OUTPUT,NaN,NaN,NaN,NaN,NaN,NaN

INPUT,0.35993754863739,0.0354002006351948,0.732437789440155,-2.46135306358337,3.1349503993988,-1.7034455537796,K,12
OUTPUT,NaN,NaN,NaN,NaN,NaN,NaN

INPUT,0.36425855755806,0.0354916639626026,0.743618190288544,-2.49279236793518,3.13437509536743,-1.65512597560883,K,13
OUTPUT,NaN,NaN,NaN,NaN,NaN,NaN

INPUT,0.368579566478729,0.0355831235647202,0.754798531532288,-2.52546787261963,3.13381099700928,-1.60804224014282,K,14
OUTPUT,NaN,NaN,NaN,NaN,NaN,NaN

INPUT,0.372900575399399,0.035674586892128,0.765978872776031,-2.5591082572937,3.13325881958008,-1.56192302703857,K,15
OUTPUT,NaN,NaN,NaN,NaN,NaN,NaN

INPUT,0.376789480447769,0.0357569009065628,0.776041209697723,-2.59004521369934,3.13277316093445,-1.52107656002045,K,16
OUTPUT,NaN,NaN,NaN,NaN,NaN,NaN

INPUT,0.379814177751541,0.0358209237456322,0.783867478370667,-2.61446595191956,3.1324028968811,-1.48966550827026,K,17
OUTPUT,NaN,NaN,NaN,NaN,NaN,NaN

INPUT,0.381974667310715,0.0358666554093361,0.789457678794861,-2.63207578659058,3.1321427822113,-1.46739554405212,K,18
OUTPUT,NaN,NaN,NaN,NaN,NaN,NaN

INPUT,0.383270978927612,0.0358940958976746,0.792811751365662,-2.64270210266113,3.13198852539063,-1.45409369468689,K,19
OUTPUT,NaN,NaN,NaN,NaN,NaN,NaN

INPUT,0.383703082799911,0.0359032414853573,0.793929815292358,-2.64625358581543,3.13193726539612,-1.4496693611145,K,20
OUTPUT,NaN,NaN,NaN,NaN,NaN,NaN

INPUT,0.370635449886322,0.0470177680253983,0.721618831157684,-2.32819128036499,3.04508662223816,-1.81004691123962,K,11
OUTPUT,NaN,NaN,NaN,NaN,NaN,NaN

INPUT,0.376749575138092,0.0484834350645542,0.732825219631195,-2.35842418670654,3.03410744667053,-1.7792227268219,K,12
OUTPUT,NaN,NaN,NaN,NaN,NaN,NaN

INPUT,0.382863730192184,0.0499491058290005,0.744031608104706,-2.38872981071472,3.02322816848755,-1.74843502044678,K,13
OUTPUT,NaN,NaN,NaN,NaN,NaN,NaN

INPUT,0.388977885246277,0.0514147728681564,0.755237936973572,-2.41909503936768,3.01245903968811,-1.71766829490662,K,14
OUTPUT,NaN,NaN,NaN,NaN,NaN,NaN

INPUT,0.395092010498047,0.0528804436326027,0.766444325447083,-2.44951248168945,3.00181031227112,-1.68691110610962,K,15
OUTPUT,NaN,NaN,NaN,NaN,NaN,NaN

INPUT,0.400594741106033,0.0541995465755463,0.776530086994171,-2.47692799568176,2.99233770370483,-1.65923070907593,K,16
OUTPUT,NaN,NaN,NaN,NaN,NaN,NaN

INPUT,0.40487465262413,0.0552255138754845,0.784374535083771,-2.49827551841736,2.98504781723022,-1.63769924640656,K,17
OUTPUT,NaN,NaN,NaN,NaN,NaN,NaN

INPUT,0.407931715250015,0.0559583492577076,0.789977729320526,-2.51353645324707,2.9798846244812,-1.62231731414795,K,18
OUTPUT,NaN,NaN,NaN,NaN,NaN,NaN

INPUT,0.409765958786011,0.0563980489969254,0.793339669704437,-2.52269744873047,2.97680449485779,-1.61308670043945,K,19
OUTPUT,NaN,NaN,NaN,NaN,NaN,NaN

INPUT,0.410377383232117,0.056544616818428,0.794460296630859,-2.52575206756592,2.97578096389771,-1.61000978946686,K,20
OUTPUT,NaN,NaN,NaN,NaN,NaN,NaN

INPUT,0.353492021560669,0.0254069846123457,0.743345320224762,0.656253695487976,3.0371789932251,1.46380031108856,K,13
OUTPUT,NaN,NaN,NaN,NaN,NaN,NaN

INPUT,0.356787830591202,0.0245379414409399,0.754499673843384,0.61724054813385,3.02778363227844,1.5018355846405,K,14
OUTPUT,NaN,NaN,NaN,NaN,NaN,NaN

INPUT,0.360083639621735,0.023668896406889,0.765654027462006,0.578280866146088,3.01855683326721,1.53996539115906,K,15
OUTPUT,NaN,NaN,NaN,NaN,NaN,NaN

INPUT,0.363049864768982,0.0228867549449205,0.775692999362946,0.543248057365417,3.01040816307068,1.5743499994278,K,16
OUTPUT,NaN,NaN,NaN,NaN,NaN,NaN

INPUT,0.365356922149658,0.0222784243524075,0.783501029014587,0.516013920307159,3.00417900085449,1.60113263130188,K,17
OUTPUT,NaN,NaN,NaN,NaN,NaN,NaN

INPUT,0.367004841566086,0.0218439027667046,0.789078235626221,0.4965660572052,2.99979043006897,1.62028205394745,K,18
OUTPUT,NaN,NaN,NaN,NaN,NaN,NaN

INPUT,0.36799356341362,0.0215831883251667,0.792424559593201,0.484898746013641,2.99718236923218,1.63177895545959,K,19
OUTPUT,NaN,NaN,NaN,NaN,NaN,NaN

INPUT,0.368323147296906,0.0214962847530842,0.793540000915527,0.481009840965271,2.9963173866272,1.63561248779297,K,20
OUTPUT,NaN,NaN,NaN,NaN,NaN,NaN

INPUT,0.370708465576172,0.0367487519979477,0.731679737567902,-2.37556290626526,3.08931946754456,-1.56961011886597,K,5
OUTPUT,NaN,NaN,NaN,NaN,NaN,NaN

INPUT,0.378937572240829,0.0371087938547134,0.747368454933167,-2.44048833847046,3.08145642280579,-1.49205267429352,K,6
OUTPUT,NaN,NaN,NaN,NaN,NaN,NaN

INPUT,0.385337948799133,0.0373888239264488,0.759570717811584,-2.49202013015747,3.07554841041565,-1.43274176120758,K,7
OUTPUT,NaN,NaN,NaN,NaN,NaN,NaN

INPUT,0.389909654855728,0.0375888459384441,0.76828670501709,-2.52923059463501,3.07145094871521,-1.39076578617096,K,8
OUTPUT,NaN,NaN,NaN,NaN,NaN,NaN

INPUT,0.392652690410614,0.0377088561654091,0.773516237735748,-2.55168747901917,3.06904458999634,-1.3657054901123,K,9
OUTPUT,NaN,NaN,NaN,NaN,NaN,NaN

INPUT,0.371097445487976,0.0456987917423248,0.71680748462677,-2.31981945037842,3.04450821876526,-1.81726121902466,K,4
OUTPUT,NaN,NaN,NaN,NaN,NaN,NaN

INPUT,0.380781799554825,0.0480649918317795,0.732141137123108,-2.37444090843201,3.02569794654846,-1.76213479042053,K,5
OUTPUT,NaN,NaN,NaN,NaN,NaN,NaN

INPUT,0.390466153621674,0.0504311956465244,0.747474789619446,-2.42919158935547,3.00723600387573,-1.70701897144318,K,6
OUTPUT,NaN,NaN,NaN,NaN,NaN,NaN

INPUT,0.397998422384262,0.0522715747356415,0.759400963783264,-2.4716362953186,2.99322462081909,-1.66435325145721,K,7
OUTPUT,NaN,NaN,NaN,NaN,NaN,NaN

INPUT,0.403378635644913,0.0535861290991306,0.767919659614563,-2.50178194046021,2.98344659805298,-1.63407468795776,K,8
OUTPUT,NaN,NaN,NaN,NaN,NaN,NaN

INPUT,0.406606733798981,0.0543748624622822,0.773030877113342,-2.51977348327637,2.97768354415894,-1.61601126194,K,9
OUTPUT,NaN,NaN,NaN,NaN,NaN,NaN

INPUT,0.362594574689865,0.032536219805479,0.724756300449371,-2.33932399749756,3.13099384307861,-1.9208037853241,K,4
OUTPUT,NaN,NaN,NaN,NaN,NaN,NaN

INPUT,0.369064271450043,0.0321512445807457,0.738056659698486,-2.35326051712036,3.12975788116455,-1.85897719860077,K,5
OUTPUT,NaN,NaN,NaN,NaN,NaN,NaN

INPUT,0.375533938407898,0.031766265630722,0.751357018947601,-2.37170958518982,3.12853336334229,-1.80166232585907,K,6
OUTPUT,NaN,NaN,NaN,NaN,NaN,NaN

INPUT,0.380565911531448,0.0314668416976929,0.761701703071594,-2.38835573196411,3.12759327888489,-1.75951969623566,K,7
OUTPUT,NaN,NaN,NaN,NaN,NaN,NaN

INPUT,0.384160161018372,0.0312529653310776,0.76909077167511,-2.40119957923889,3.12692999839783,-1.73050737380981,K,8
OUTPUT,NaN,NaN,NaN,NaN,NaN,NaN

INPUT,0.38631671667099,0.0311246421188116,0.773524224758148,-2.40922331809998,3.12653589248657,-1.71348929405212,K,9
OUTPUT,NaN,NaN,NaN,NaN,NaN,NaN

INPUT,0.360157072544098,0.0353371724486351,0.723535060882568,-2.50522756576538,3.13431096076965,-1.79332828521729,K,4
OUTPUT,NaN,NaN,NaN,NaN,NaN,NaN

INPUT,0.36634486913681,0.0354627147316933,0.736875057220459,-2.53655123710632,3.13364386558533,-1.69635355472565,K,5
OUTPUT,NaN,NaN,NaN,NaN,NaN,NaN

INPUT,0.372532665729523,0.0355882607400417,0.750215113162994,-2.57287693023682,3.13300251960754,-1.60438013076782,K,6
OUTPUT,NaN,NaN,NaN,NaN,NaN,NaN

INPUT,0.377345383167267,0.035685908049345,0.760590672492981,-2.60379958152771,3.13252377510071,-1.53551471233368,K,7
OUTPUT,NaN,NaN,NaN,NaN,NaN,NaN

INPUT,0.380783051252365,0.0357556566596031,0.768001854419708,-2.62705111503601,3.13219380378723,-1.48748886585236,K,8
OUTPUT,NaN,NaN,NaN,NaN,NaN,NaN

INPUT,0.382845640182495,0.0357975028455257,0.772448480129242,-2.64140629768372,3.13200068473816,-1.45907759666443,K,9
OUTPUT,NaN,NaN,NaN,NaN,NaN,NaN

INPUT,0.354452878236771,0.0269737374037504,0.731119573116302,0.700466632843018,3.04528403282166,1.43764913082123,K,4
OUTPUT,NaN,NaN,NaN,NaN,NaN,NaN

INPUT,0.358803868293762,0.0258784182369709,0.742404222488403,0.641191780567169,3.03175950050354,1.48931157588959,K,5
OUTPUT,NaN,NaN,NaN,NaN,NaN,NaN

INPUT,0.363154828548431,0.0247830990701914,0.753688991069794,0.582701921463013,3.01857113838196,1.5418404340744,K,6
OUTPUT,NaN,NaN,NaN,NaN,NaN,NaN

INPUT,0.366538912057877,0.0239311847835779,0.762465953826904,0.537812054157257,3.00862264633179,1.58291864395142,K,7
OUTPUT,NaN,NaN,NaN,NaN,NaN,NaN

INPUT,0.36895614862442,0.0233226735144854,0.768735229969025,0.506117761135101,3.00171375274658,1.61223435401917,K,8
OUTPUT,NaN,NaN,NaN,NaN,NaN,NaN

INPUT,0.370406448841095,0.0229575671255589,0.772496819496155,0.487265020608902,2.99765515327454,1.62977647781372,K,9
OUTPUT,NaN,NaN,NaN,NaN,NaN,NaN

INPUT,0.374825149774551,0.0475227944552898,0.720011293888092,-2.28568077087402,3.04161763191223,-1.86996448040009,K,11
OUTPUT,NaN,NaN,NaN,NaN,NaN,NaN

INPUT,0.381405979394913,0.0490511879324913,0.731045126914978,-2.30956435203552,3.03014993667603,-1.84486842155457,K,12
OUTPUT,NaN,NaN,NaN,NaN,NaN,NaN

INPUT,0.387986809015274,0.0505795814096928,0.742078900337219,-2.33357644081116,3.01874876022339,-1.81986939907074,K,13
OUTPUT,NaN,NaN,NaN,NaN,NaN,NaN

INPUT,0.394567608833313,0.0521079748868942,0.753112733364105,-2.35768866539001,3.00742149353027,-1.79493677616119,K,14
OUTPUT,NaN,NaN,NaN,NaN,NaN,NaN

INPUT,0.401148438453674,0.0536363683640957,0.764146506786346,-2.38188362121582,2.99617457389832,-1.77004909515381,K,15
OUTPUT,NaN,NaN,NaN,NaN,NaN,NaN

INPUT,0.407071202993393,0.0550119206309319,0.77407693862915,-2.4037184715271,2.98612666130066,-1.74767577648163,K,16
OUTPUT,NaN,NaN,NaN,NaN,NaN,NaN

INPUT,0.411677777767181,0.056081797927618,0.78180056810379,-2.42073583602905,2.97836399078369,-1.73028516769409,K,17
OUTPUT,NaN,NaN,NaN,NaN,NaN,NaN

INPUT,0.414968192577362,0.0568459928035736,0.787317454814911,-2.43290829658508,2.97284841537476,-1.71786725521088,K,18
OUTPUT,NaN,NaN,NaN,NaN,NaN,NaN

INPUT,0.416942417621613,0.0573045089840889,0.790627598762512,-2.44021821022034,2.96955132484436,-1.71041750907898,K,19
OUTPUT,NaN,NaN,NaN,NaN,NaN,NaN

INPUT,0.417600512504578,0.0574573501944542,0.791730999946594,-2.44265604019165,2.96845412254333,-1.70793426036835,K,20
OUTPUT,NaN,NaN,NaN,NaN,NaN,NaN

INPUT,0.363582223653793,0.0461674220860004,0.722862064838409,-2.11609268188477,3.08388662338257,-1.75140202045441,K,11
OUTPUT,NaN,NaN,NaN,NaN,NaN,NaN

INPUT,0.368840515613556,0.0475363358855247,0.734231054782867,-2.13630795478821,3.07726883888245,-1.7287083864212,K,12
OUTPUT,NaN,NaN,NaN,NaN,NaN,NaN

INPUT,0.374098807573318,0.0489052496850491,0.74560010433197,-2.1567587852478,3.07068085670471,-1.70624089241028,K,13
OUTPUT,NaN,NaN,NaN,NaN,NaN,NaN

INPUT,0.379357099533081,0.0502741597592831,0.756969094276428,-2.1773853302002,3.06412506103516,-1.6839394569397,K,14
OUTPUT,NaN,NaN,NaN,NaN,NaN,NaN

INPUT,0.384615391492844,0.0516430735588074,0.768338143825531,-2.19814777374268,3.05760526657104,-1.66176283359528,K,15
OUTPUT,NaN,NaN,NaN,NaN,NaN,NaN

INPUT,0.389347851276398,0.0528750941157341,0.778570294380188,-2.21692633628845,3.05177021026611,-1.64188647270203,K,16
OUTPUT,NaN,NaN,NaN,NaN,NaN,NaN

INPUT,0.393028676509857,0.0538333356380463,0.786528587341309,-2.23158240318298,3.04725480079651,-1.62647020816803,K,17
OUTPUT,NaN,NaN,NaN,NaN,NaN,NaN

INPUT,0.395657807588577,0.0545177906751633,0.792213141918182,-2.24207425117493,3.04404258728027,-1.61547827720642,K,18
OUTPUT,NaN,NaN,NaN,NaN,NaN,NaN

INPUT,0.397235304117203,0.0549284629523754,0.79562383890152,-2.24837803840637,3.04212069511414,-1.60889005661011,K,19
OUTPUT,NaN,NaN,NaN,NaN,NaN,NaN

INPUT,0.397761136293411,0.055065356194973,0.796760737895966,-2.25048065185547,3.04148077964783,-1.60669493675232,K,20
OUTPUT,NaN,NaN,NaN,NaN,NaN,NaN

INPUT,0.357737720012665,0.0389453619718552,0.72245192527771,-2.08672904968262,3.11288976669312,-1.79028630256653,K,11
OUTPUT,NaN,NaN,NaN,NaN,NaN,NaN

INPUT,0.362308114767075,0.0394646301865578,0.733772754669189,-2.10174894332886,3.10961031913757,-1.77029585838318,K,12
OUTPUT,NaN,NaN,NaN,NaN,NaN,NaN

INPUT,0.366878539323807,0.0399839021265507,0.745093584060669,-2.11721205711365,3.10634446144104,-1.75078999996185,K,13
OUTPUT,NaN,NaN,NaN,NaN,NaN,NaN

INPUT,0.371448934078217,0.0405031740665436,0.756414413452148,-2.13298892974854,3.10309529304504,-1.73166060447693,K,14
OUTPUT,NaN,NaN,NaN,NaN,NaN,NaN

INPUT,0.376019358634949,0.0410224422812462,0.767735242843628,-2.14898777008057,3.09986591339111,-1.71283686161041,K,15
OUTPUT,NaN,NaN,NaN,NaN,NaN,NaN

INPUT,0.380132734775543,0.0414897873997688,0.777924060821533,-2.16351962089539,3.09697842597961,-1.69611728191376,K,16
OUTPUT,NaN,NaN,NaN,NaN,NaN,NaN

INPUT,0.383332014083862,0.0418532751500607,0.785848617553711,-2.1748833656311,3.09474635124207,-1.68324220180511,K,17
OUTPUT,NaN,NaN,NaN,NaN,NaN,NaN

INPUT,0.385617226362228,0.0421129129827023,0.791509032249451,-2.18302392959595,3.0931601524353,-1.67410981655121,K,18
OUTPUT,NaN,NaN,NaN,NaN,NaN,NaN

INPUT,0.386988341808319,0.042268693447113,0.794905304908752,-2.18791508674622,3.09221172332764,-1.66865491867065,K,19
OUTPUT,NaN,NaN,NaN,NaN,NaN,NaN

INPUT,0.387445390224457,0.0423206202685833,0.796037375926971,-2.18954658508301,3.09189605712891,-1.6668404340744,K,20
OUTPUT,NaN,NaN,NaN,NaN,NaN,NaN

INPUT,0.356767117977142,0.0338774919509888,0.732934534549713,0.868859052658081,3.13192653656006,1.56993293762207,K,12
OUTPUT,NaN,NaN,NaN,NaN,NaN,NaN

INPUT,0.360754787921906,0.0338089615106583,0.744166195392609,0.825429379940033,3.13088488578796,1.60027945041656,K,13
OUTPUT,NaN,NaN,NaN,NaN,NaN,NaN

INPUT,0.364742457866669,0.0337404310703278,0.755397915840149,0.78315269947052,3.12985777854919,1.63177931308746,K,14
OUTPUT,NaN,NaN,NaN,NaN,NaN,NaN

INPUT,0.368730127811432,0.0336719006299973,0.766629576683044,0.741737723350525,3.12884616851807,1.66414129734039,K,15
OUTPUT,NaN,NaN,NaN,NaN,NaN,NaN

INPUT,0.372319042682648,0.0336102247238159,0.776738107204437,0.705033481121063,3.1279501914978,1.69383680820465,K,16
OUTPUT,NaN,NaN,NaN,NaN,NaN,NaN

INPUT,0.375110417604446,0.0335622504353523,0.784600257873535,0.676786422729492,3.12726378440857,1.71723425388336,K,17
OUTPUT,NaN,NaN,NaN,NaN,NaN,NaN

INPUT,0.377104252576828,0.0335279852151871,0.790216147899628,0.656746685504913,3.12677907943726,1.73408365249634,K,18
OUTPUT,NaN,NaN,NaN,NaN,NaN,NaN

INPUT,0.378300547599792,0.0335074290633202,0.793585598468781,0.644771873950958,3.12649059295654,1.7442421913147,K,19
OUTPUT,NaN,NaN,NaN,NaN,NaN,NaN

INPUT,0.378699332475662,0.033500574529171,0.794708788394928,0.640787839889526,3.12639498710632,1.74763607978821,K,20
OUTPUT,NaN,NaN,NaN,NaN,NaN,NaN

INPUT,0.354790717363358,0.0330666266381741,0.734369337558746,0.624969184398651,3.12296175956726,1.27924644947052,K,12
OUTPUT,NaN,NaN,NaN,NaN,NaN,NaN

INPUT,0.358569175004959,0.0329123921692371,0.74575400352478,0.587935984134674,3.12098979949951,1.31106817722321,K,13
OUTPUT,NaN,NaN,NaN,NaN,NaN,NaN

INPUT,0.362347632646561,0.0327581577003002,0.757138609886169,0.551355123519897,3.11904191970825,1.34334361553192,K,14
OUTPUT,NaN,NaN,NaN,NaN,NaN,NaN

INPUT,0.366126090288162,0.0326039232313633,0.768523216247559,0.515113592147827,3.11712098121643,1.37596011161804,K,15
OUTPUT,NaN,NaN,NaN,NaN,NaN,NaN

INPUT,0.369526714086533,0.032465111464262,0.778769373893738,0.482721596956253,3.11541652679443,1.40554141998291,K,16
OUTPUT,NaN,NaN,NaN,NaN,NaN,NaN

INPUT,0.372171640396118,0.0323571488261223,0.786738634109497,0.45764696598053,3.1141083240509,1.42866933345795,K,17
OUTPUT,NaN,NaN,NaN,NaN,NaN,NaN

INPUT,0.374060839414597,0.0322800315916538,0.792430937290192,0.439790934324265,3.11318349838257,1.44524419307709,K,18
OUTPUT,NaN,NaN,NaN,NaN,NaN,NaN

INPUT,0.375194400548935,0.0322337597608566,0.795846343040466,0.429096758365631,3.11263251304626,1.45520877838135,K,19
OUTPUT,NaN,NaN,NaN,NaN,NaN,NaN

INPUT,0.375572234392166,0.032218337059021,0.796984791755676,0.4255351126194,3.11244964599609,1.45853340625763,K,20
OUTPUT,NaN,NaN,NaN,NaN,NaN,NaN

INPUT,0.375274509191513,0.0460479445755482,0.715406537055969,-2.27552437782288,3.04082989692688,-1.87273824214935,K,4
OUTPUT,NaN,NaN,NaN,NaN,NaN,NaN

INPUT,0.385780245065689,0.0484812706708908,0.730395078659058,-2.31997179985046,3.02125549316406,-1.8291836977005,K,5
OUTPUT,NaN,NaN,NaN,NaN,NaN,NaN

INPUT,0.396286010742188,0.0509145930409431,0.745383679866791,-2.36434626579285,3.00191402435303,-1.78545331954956,K,6
OUTPUT,NaN,NaN,NaN,NaN,NaN,NaN

INPUT,0.404457122087479,0.0528071783483028,0.757041454315186,-2.39873051643372,2.98710465431213,-1.75145852565765,K,7
OUTPUT,NaN,NaN,NaN,NaN,NaN,NaN

INPUT,0.41029366850853,0.0541590265929699,0.765368402004242,-2.42318081855774,2.97668361663818,-1.72724270820618,K,8
OUTPUT,NaN,NaN,NaN,NaN,NaN,NaN

INPUT,0.413795590400696,0.054970134049654,0.770364582538605,-2.43779516220093,2.97050189971924,-1.71275508403778,K,9
OUTPUT,NaN,NaN,NaN,NaN,NaN,NaN

INPUT,0.372817158699036,0.047371257096529,0.732970476150513,-2.15177583694458,3.07195544242859,-1.72073805332184,K,5
OUTPUT,NaN,NaN,NaN,NaN,NaN,NaN

INPUT,0.381344676017761,0.0495814494788647,0.748771071434021,-2.18674397468567,3.06083941459656,-1.67889106273651,K,6
OUTPUT,NaN,NaN,NaN,NaN,NaN,NaN

INPUT,0.387977212667465,0.0513004846870899,0.761060357093811,-2.21447277069092,3.05229568481445,-1.64699912071228,K,7
OUTPUT,NaN,NaN,NaN,NaN,NaN,NaN

INPUT,0.392714709043503,0.0525283664464951,0.769838452339172,-2.23444509506226,3.04626131057739,-1.62451612949371,K,8
OUTPUT,NaN,NaN,NaN,NaN,NaN,NaN

INPUT,0.395557224750519,0.0532650984823704,0.77510529756546,-2.24646854400635,3.04267168045044,-1.61113679409027,K,9
OUTPUT,NaN,NaN,NaN,NaN,NaN,NaN

INPUT,0.366016626358032,0.0392998792231083,0.73202109336853,-2.12155270576477,3.106853723526,-1.77119612693787,K,5
OUTPUT,NaN,NaN,NaN,NaN,NaN,NaN

INPUT,0.373523533344269,0.0400959886610508,0.747875869274139,-2.14451694488525,3.1014232635498,-1.73198556900024,K,6
OUTPUT,NaN,NaN,NaN,NaN,NaN,NaN

INPUT,0.379362225532532,0.0407151840627193,0.76020735502243,-2.16371917724609,3.09723162651062,-1.70290279388428,K,7
OUTPUT,NaN,NaN,NaN,NaN,NaN,NaN

INPUT,0.383532732725143,0.0411574654281139,0.769015550613403,-2.17793893814087,3.09425902366638,-1.68270647525787,K,8
OUTPUT,NaN,NaN,NaN,NaN,NaN,NaN

INPUT,0.386035025119781,0.0414228364825249,0.774300456047058,-2.18662786483765,3.09248542785645,-1.67078447341919,K,9
OUTPUT,NaN,NaN,NaN,NaN,NaN,NaN

INPUT,0.362865805625916,0.0339521840214729,0.737094461917877,0.865947067737579,3.13122081756592,1.64340388774872,K,5
OUTPUT,NaN,NaN,NaN,NaN,NaN,NaN

INPUT,0.368653565645218,0.0338550172746181,0.750636458396912,0.779320538043976,3.12944960594177,1.67535722255707,K,6
OUTPUT,NaN,NaN,NaN,NaN,NaN,NaN

INPUT,0.373155176639557,0.0337794460356236,0.761169075965881,0.716863453388214,3.12809634208679,1.70512962341309,K,7
OUTPUT,NaN,NaN,NaN,NaN,NaN,NaN

INPUT,0.37637060880661,0.0337254628539085,0.768692433834076,0.674111366271973,3.12714552879333,1.72825622558594,K,8
OUTPUT,NaN,NaN,NaN,NaN,NaN,NaN

INPUT,0.3782998919487,0.0336930751800537,0.773206412792206,0.649053394794464,3.12658166885376,1.74272572994232,K,9
OUTPUT,NaN,NaN,NaN,NaN,NaN,NaN

INPUT,0.360816091299057,0.0330932214856148,0.73866069316864,0.602292597293854,3.12137579917908,1.32795166969299,K,5
OUTPUT,NaN,NaN,NaN,NaN,NaN,NaN

INPUT,0.366319388151169,0.0328648686408997,0.752460420131683,0.536185443401337,3.11807537078857,1.37324726581573,K,6
OUTPUT,NaN,NaN,NaN,NaN,NaN,NaN

INPUT,0.370599746704102,0.0326872654259205,0.763193547725677,0.486824303865433,3.11556959152222,1.4100946187973,K,7
OUTPUT,NaN,NaN,NaN,NaN,NaN,NaN

INPUT,0.373657137155533,0.0325604006648064,0.770860075950623,0.452490746974945,3.11382079124451,1.43691074848175,K,8
OUTPUT,NaN,NaN,NaN,NaN,NaN,NaN

INPUT,0.375491559505463,0.0324842855334282,0.775459945201874,0.432232528924942,3.11278986930847,1.45311808586121,K,9
OUTPUT,NaN,NaN,NaN,NaN,NaN,NaN

INPUT,0.360782623291016,0.0389863513410091,0.721932351589203,-2.31227922439575,3.10059499740601,-1.74831652641296,K,11
OUTPUT,NaN,NaN,NaN,NaN,NaN,NaN

INPUT,0.365711599588394,0.0395102798938751,0.733192086219788,-2.34386348724365,3.09601378440857,-1.71355390548706,K,12
OUTPUT,NaN,NaN,NaN,NaN,NaN,NaN

INPUT,0.370640575885773,0.0400342084467411,0.744451880455017,-2.37574028968811,3.09148287773132,-1.67907667160034,K,13
OUTPUT,NaN,NaN,NaN,NaN,NaN,NaN

INPUT,0.375569552183151,0.0405581369996071,0.755711615085602,-2.40783548355103,3.08700680732727,-1.64481043815613,K,14
OUTPUT,NaN,NaN,NaN,NaN,NaN,NaN

INPUT,0.38049852848053,0.0410820655524731,0.766971409320831,-2.44009804725647,3.08259081840515,-1.61070346832275,K,15
OUTPUT,NaN,NaN,NaN,NaN,NaN,NaN

INPUT,0.384934604167938,0.0415536016225815,0.777105212211609,-2.46924805641174,3.07867169380188,-1.580113530159,K,16
OUTPUT,NaN,NaN,NaN,NaN,NaN,NaN

INPUT,0.388384878635406,0.0419203490018845,0.784987032413483,-2.49198150634766,3.07566213607788,-1.55637764930725,K,17
OUTPUT,NaN,NaN,NaN,NaN,NaN,NaN

INPUT,0.390849351882935,0.0421823151409626,0.790616929531097,-2.50824809074402,3.07353401184082,-1.53944909572601,K,18
OUTPUT,NaN,NaN,NaN,NaN,NaN,NaN

INPUT,0.392328053712845,0.0423394925892353,0.793994843959808,-2.5180184841156,3.07226610183716,-1.52930104732513,K,19
OUTPUT,NaN,NaN,NaN,NaN,NaN,NaN

INPUT,0.392820954322815,0.0423918850719929,0.79512083530426,-2.5212767124176,3.07184505462646,-1.52591979503632,K,20
OUTPUT,NaN,NaN,NaN,NaN,NaN,NaN

INPUT,0.360126852989197,0.0371342822909355,0.732296288013458,-2.25428676605225,3.12521767616272,-1.64375030994415,K,12
OUTPUT,NaN,NaN,NaN,NaN,NaN,NaN

INPUT,0.364467740058899,0.0374082885682583,0.743461668491364,-2.28247284889221,3.12363195419312,-1.60768759250641,K,13
OUTPUT,NaN,NaN,NaN,NaN,NaN,NaN

INPUT,0.368808627128601,0.0376822985708714,0.754626989364624,-2.31129550933838,3.12206435203552,-1.57226037979126,K,14
OUTPUT,NaN,NaN,NaN,NaN,NaN,NaN

INPUT,0.373149514198303,0.0379563048481941,0.765792369842529,-2.34060668945313,3.12051677703857,-1.53732061386108,K,15
OUTPUT,NaN,NaN,NaN,NaN,NaN,NaN

INPUT,0.377056330442429,0.0382029116153717,0.775841236114502,-2.36731672286987,3.11914253234863,-1.50620400905609,K,16
OUTPUT,NaN,NaN,NaN,NaN,NaN,NaN

INPUT,0.380094945430756,0.0383947193622589,0.783657014369965,-2.38826847076416,3.11808633804321,-1.48217904567719,K,17
OUTPUT,NaN,NaN,NaN,NaN,NaN,NaN

INPUT,0.382265418767929,0.0385317243635654,0.789239704608917,-2.403315782547,3.11733913421631,-1.46509981155396,K,18
OUTPUT,NaN,NaN,NaN,NaN,NaN,NaN

INPUT,0.383567661046982,0.0386139266192913,0.792589247226715,-2.41237378120422,3.11689400672913,-1.45488154888153,K,19
OUTPUT,NaN,NaN,NaN,NaN,NaN,NaN

INPUT,0.384001761674881,0.0386413261294365,0.793705821037292,-2.41539764404297,3.1167459487915,-1.45148003101349,K,20
OUTPUT,NaN,NaN,NaN,NaN,NaN,NaN

INPUT,0.374882191419601,0.0362897738814354,0.720683872699738,-2.68536710739136,3.04399156570435,-1.89245414733887,K,11
OUTPUT,NaN,NaN,NaN,NaN,NaN,NaN

INPUT,0.381470054388046,0.036496888846159,0.731795847415924,-2.73167037963867,3.03333187103271,-1.84532737731934,K,12
OUTPUT,NaN,NaN,NaN,NaN,NaN,NaN

INPUT,0.388057917356491,0.0367040038108826,0.742907762527466,-2.77807378768921,3.02290797233582,-1.79824697971344,K,13
OUTPUT,NaN,NaN,NaN,NaN,NaN,NaN

INPUT,0.394645780324936,0.0369111150503159,0.754019677639008,-2.82455968856812,3.01274299621582,-1.75119209289551,K,14
OUTPUT,NaN,NaN,NaN,NaN,NaN,NaN

INPUT,0.401233673095703,0.0371182337403297,0.765131592750549,-2.87111687660217,3.00285887718201,-1.70414793491364,K,15
OUTPUT,NaN,NaN,NaN,NaN,NaN,NaN

INPUT,0.407162755727768,0.0373046360909939,0.775132358074188,-2.91307282447815,2.99422192573547,-1.66180860996246,K,16
OUTPUT,NaN,NaN,NaN,NaN,NaN,NaN

INPUT,0.41177424788475,0.0374496169388294,0.782910704612732,-2.94573831558228,2.98768401145935,-1.62887442111969,K,17
OUTPUT,NaN,NaN,NaN,NaN,NaN,NaN

INPUT,0.415068179368973,0.0375531725585461,0.78846663236618,-2.96908736228943,2.98311448097229,-1.60534679889679,K,18
OUTPUT,NaN,NaN,NaN,NaN,NaN,NaN

INPUT,0.417044550180435,0.0376153066754341,0.791800200939178,-2.98310327529907,2.98041439056396,-1.59122848510742,K,19
OUTPUT,NaN,NaN,NaN,NaN,NaN,NaN

INPUT,0.417703330516815,0.0376360192894936,0.792911410331726,-2.98777627944946,2.97952127456665,-1.58652222156525,K,20
OUTPUT,NaN,NaN,NaN,NaN,NaN,NaN

INPUT,0.363565981388092,0.0454269461333752,0.721955239772797,-2.43213176727295,3.09002947807312,-1.99616384506226,K,11
OUTPUT,NaN,NaN,NaN,NaN,NaN,NaN

INPUT,0.368822425603867,0.0467087216675282,0.733217716217041,-2.45682978630066,3.08417868614197,-1.96956861019135,K,12
OUTPUT,NaN,NaN,NaN,NaN,NaN,NaN

INPUT,0.374078869819641,0.0479905009269714,0.744480192661285,-2.48170709609985,3.07836556434631,-1.94314420223236,K,13
OUTPUT,NaN,NaN,NaN,NaN,NaN,NaN

INPUT,0.379335284233093,0.0492722764611244,0.755742728710175,-2.50671863555908,3.072594165802,-1.91684472560883,K,14
OUTPUT,NaN,NaN,NaN,NaN,NaN,NaN

INPUT,0.384591728448868,0.0505540557205677,0.767005205154419,-2.53183460235596,3.06686806678772,-1.89063942432404,K,15
OUTPUT,NaN,NaN,NaN,NaN,NaN,NaN

INPUT,0.389322519302368,0.0517076551914215,0.777141451835632,-2.55451011657715,3.06175637245178,-1.86711633205414,K,16
OUTPUT,NaN,NaN,NaN,NaN,NaN,NaN

INPUT,0.393002033233643,0.0526048988103867,0.785025179386139,-2.57218527793884,3.05781006813049,-1.8488529920578,K,17
OUTPUT,NaN,NaN,NaN,NaN,NaN,NaN

INPUT,0.395630240440369,0.0532457865774632,0.790656447410583,-2.58482885360718,3.05500769615173,-1.83582234382629,K,18
OUTPUT,NaN,NaN,NaN,NaN,NaN,NaN

INPUT,0.397207170724869,0.0536303222179413,0.794035196304321,-2.59242129325867,3.05333304405212,-1.82800900936127,K,19
OUTPUT,NaN,NaN,NaN,NaN,NaN,NaN

INPUT,0.397732824087143,0.0537584982812405,0.795161426067352,-2.59495329856873,3.05277585983276,-1.82540547847748,K,20
OUTPUT,NaN,NaN,NaN,NaN,NaN,NaN

INPUT,0.379123866558075,0.042423989623785,0.720067739486694,-2.64075088500977,3.01850247383118,-1.87401008605957,K,11
OUTPUT,NaN,NaN,NaN,NaN,NaN,NaN

INPUT,0.386211067438126,0.0433526746928692,0.731107115745544,-2.68562364578247,3.00497078895569,-1.82843816280365,K,12
OUTPUT,NaN,NaN,NaN,NaN,NaN,NaN

INPUT,0.393298238515854,0.0442813634872437,0.742146492004395,-2.73060011863708,2.99171757698059,-1.78288698196411,K,13
OUTPUT,NaN,NaN,NaN,NaN,NaN,NaN

INPUT,0.400385409593582,0.0452100448310375,0.7531858086586,-2.77566719055176,2.97877073287964,-1.73733758926392,K,14
OUTPUT,NaN,NaN,NaN,NaN,NaN,NaN

INPUT,0.40747258067131,0.046138733625412,0.76422518491745,-2.8208167552948,2.96615695953369,-1.69177603721619,K,15
OUTPUT,NaN,NaN,NaN,NaN,NaN,NaN

INPUT,0.413851052522659,0.0469745509326458,0.774160623550415,-2.86151719093323,2.95511102676392,-1.65075170993805,K,16
OUTPUT,NaN,NaN,NaN,NaN,NaN,NaN

INPUT,0.418812066316605,0.0476246289908886,0.781888127326965,-2.89321422576904,2.94673323631287,-1.61882758140564,K,17
OUTPUT,NaN,NaN,NaN,NaN,NaN,NaN

INPUT,0.422355681657791,0.0480889715254307,0.78740781545639,-2.9158763885498,2.94086837768555,-1.59601473808289,K,18
OUTPUT,NaN,NaN,NaN,NaN,NaN,NaN

INPUT,0.424481809139252,0.048367578536272,0.790719628334045,-2.92948222160339,2.93739891052246,-1.58232271671295,K,19
OUTPUT,NaN,NaN,NaN,NaN,NaN,NaN

INPUT,0.425190538167953,0.0484604462981224,0.79182356595993,-2.93401885032654,2.93625068664551,-1.57775783538818,K,20
OUTPUT,NaN,NaN,NaN,NaN,NaN,NaN

INPUT,0.365548253059387,0.0373124554753304,0.722686946392059,-2.54327082633972,3.09605932235718,-1.83513915538788,K,11
OUTPUT,NaN,NaN,NaN,NaN,NaN,NaN

INPUT,0.371037065982819,0.0376393869519234,0.734036862850189,-2.58371710777283,3.09107375144958,-1.79226553440094,K,12
OUTPUT,NaN,NaN,NaN,NaN,NaN,NaN

INPUT,0.376525908708572,0.0379663221538067,0.745386779308319,-2.62438488006592,3.08617568016052,-1.74960315227509,K,13
OUTPUT,NaN,NaN,NaN,NaN,NaN,NaN

INPUT,0.382014721632004,0.03829325735569,0.756736636161804,-2.66521883010864,3.08137392997742,-1.70709574222565,K,14
OUTPUT,NaN,NaN,NaN,NaN,NaN,NaN

INPUT,0.387503534555435,0.038620188832283,0.768086493015289,-2.7061812877655,3.07667660713196,-1.66470491886139,K,15
OUTPUT,NaN,NaN,NaN,NaN,NaN,NaN

INPUT,0.392443478107452,0.038914430886507,0.778301417827606,-2.74313497543335,3.07254505157471,-1.62662994861603,K,16
OUTPUT,NaN,NaN,NaN,NaN,NaN,NaN

INPUT,0.396285653114319,0.0391432829201221,0.786246299743652,-2.77192425727844,3.06939840316772,-1.5970561504364,K,17
OUTPUT,NaN,NaN,NaN,NaN,NaN,NaN

INPUT,0.399030059576035,0.039306752383709,0.791921257972717,-2.79251003265381,3.06718826293945,-1.57595026493073,K,18
OUTPUT,NaN,NaN,NaN,NaN,NaN,NaN

INPUT,0.400676697492599,0.0394048318266869,0.795326232910156,-2.80486965179443,3.06587767601013,-1.56329321861267,K,19
OUTPUT,NaN,NaN,NaN,NaN,NaN,NaN

INPUT,0.401225596666336,0.0394375249743462,0.796461224555969,-2.8089907169342,3.06544327735901,-1.55907511711121,K,20
OUTPUT,NaN,NaN,NaN,NaN,NaN,NaN

INPUT,0.369408458471298,0.0393262393772602,0.731569290161133,-2.36984014511108,3.09235715866089,-1.70235800743103,K,5
OUTPUT,NaN,NaN,NaN,NaN,NaN,NaN

INPUT,0.377428650856018,0.0401381924748421,0.747265338897705,-2.42329883575439,3.08479237556458,-1.63780462741852,K,6
OUTPUT,NaN,NaN,NaN,NaN,NaN,NaN

INPUT,0.383666604757309,0.0407697148621082,0.759473383426666,-2.46580410003662,3.07904291152954,-1.58850538730621,K,7
OUTPUT,NaN,NaN,NaN,NaN,NaN,NaN

INPUT,0.388122260570526,0.0412207990884781,0.768193483352661,-2.49652552604675,3.07501578330994,-1.5536425113678,K,8
OUTPUT,NaN,NaN,NaN,NaN,NaN,NaN

INPUT,0.390795677900314,0.0414914526045322,0.773425459861755,-2.51507592201233,3.07263326644897,-1.53283798694611,K,9
OUTPUT,NaN,NaN,NaN,NaN,NaN,NaN

INPUT,0.375287532806396,0.0358379408717155,0.71630471944809,-2.67901110649109,3.04438781738281,-1.90694355964661,K,4
OUTPUT,NaN,NaN,NaN,NaN,NaN,NaN

INPUT,0.385671079158783,0.0361830219626427,0.731358230113983,-2.75996327400208,3.02600979804993,-1.82159972190857,K,5
OUTPUT,NaN,NaN,NaN,NaN,NaN,NaN

INPUT,0.396054595708847,0.0365280993282795,0.746411740779877,-2.84159445762634,3.00842905044556,-1.73676180839539,K,6
OUTPUT,NaN,NaN,NaN,NaN,NaN,NaN

INPUT,0.404130667448044,0.0367964915931225,0.758120000362396,-2.90541076660156,2.99538516998291,-1.67097210884094,K,7
OUTPUT,NaN,NaN,NaN,NaN,NaN,NaN

INPUT,0.409899294376373,0.0369882024824619,0.766483068466187,-2.95113062858582,2.98643970489502,-1.62404179573059,K,8
OUTPUT,NaN,NaN,NaN,NaN,NaN,NaN

INPUT,0.413360446691513,0.0371032282710075,0.771500885486603,-2.97860932350159,2.98123049736023,-1.5959005355835,K,9
OUTPUT,NaN,NaN,NaN,NaN,NaN,NaN

INPUT,0.372636526823044,0.0468646809458733,0.731841683387756,-2.47309875488281,3.07971239089966,-1.95729672908783,K,5
OUTPUT,NaN,NaN,NaN,NaN,NaN,NaN

INPUT,0.381125628948212,0.0490144789218903,0.747465133666992,-2.51672315597534,3.06983184814453,-1.90916895866394,K,6
OUTPUT,NaN,NaN,NaN,NaN,NaN,NaN

INPUT,0.387728244066238,0.0506865419447422,0.759616732597351,-2.55092930793762,3.06227612495422,-1.872239112854,K,7
OUTPUT,NaN,NaN,NaN,NaN,NaN,NaN

INPUT,0.392444401979446,0.0518808737397194,0.768296480178833,-2.57539868354797,3.05696558952332,-1.84612798690796,K,8
OUTPUT,NaN,NaN,NaN,NaN,NaN,NaN

INPUT,0.395274102687836,0.0525974743068218,0.773504316806793,-2.59006786346436,3.0538182258606,-1.83057177066803,K,9
OUTPUT,NaN,NaN,NaN,NaN,NaN,NaN

INPUT,0.379932880401611,0.0414859540760517,0.7170769572258,-2.62672877311707,3.01838564872742,-1.88118839263916,K,4
OUTPUT,NaN,NaN,NaN,NaN,NaN,NaN

INPUT,0.390856564044952,0.0431096777319908,0.731679916381836,-2.70808887481689,2.99520564079285,-1.80128133296967,K,5
OUTPUT,NaN,NaN,NaN,NaN,NaN,NaN

INPUT,0.401780217885971,0.0447333976626396,0.746282875537872,-2.78938770294189,2.97297501564026,-1.72104477882385,K,6
OUTPUT,NaN,NaN,NaN,NaN,NaN,NaN

INPUT,0.410276383161545,0.04599629342556,0.757640779018402,-2.85263562202454,2.95643520355225,-1.6584507226944,K,7
OUTPUT,NaN,NaN,NaN,NaN,NaN,NaN

INPUT,0.416345089673996,0.0468983612954617,0.765753507614136,-2.89783763885498,2.945063829422,-1.61364984512329,K,8
OUTPUT,NaN,NaN,NaN,NaN,NaN,NaN

INPUT,0.419986307621002,0.0474396049976349,0.770621180534363,-2.92497158050537,2.93842959403992,-1.58673512935638,K,9
OUTPUT,NaN,NaN,NaN,NaN,NaN,NaN

INPUT,0.366179764270782,0.0369937047362328,0.717074871063232,-2.54532217979431,3.0957453250885,-1.85513031482697,K,4
OUTPUT,NaN,NaN,NaN,NaN,NaN,NaN

INPUT,0.375075936317444,0.037509098649025,0.732810139656067,-2.61329650878906,3.0872757434845,-1.77499163150787,K,5
OUTPUT,NaN,NaN,NaN,NaN,NaN,NaN

INPUT,0.383972078561783,0.0380244925618172,0.748545408248901,-2.68290686607361,3.07910227775574,-1.69645583629608,K,6
OUTPUT,NaN,NaN,NaN,NaN,NaN,NaN

INPUT,0.390891313552856,0.0384253524243832,0.760783910751343,-2.73778319358826,3.07297921180725,-1.63608181476593,K,7
OUTPUT,NaN,NaN,NaN,NaN,NaN,NaN

INPUT,0.395833611488342,0.0387116819620132,0.769525706768036,-2.77726650238037,3.06874346733093,-1.59322881698608,K,8
OUTPUT,NaN,NaN,NaN,NaN,NaN,NaN

INPUT,0.398799002170563,0.0388834811747074,0.774770796298981,-2.80104947090149,3.06626081466675,-1.56760394573212,K,9
OUTPUT,NaN,NaN,NaN,NaN,NaN,NaN

INPUT,0.360327363014221,0.0368415452539921,0.723518073558807,-2.26916432380676,3.12494087219238,-1.69659662246704,K,4
OUTPUT,NaN,NaN,NaN,NaN,NaN,NaN

INPUT,0.366495788097382,0.0372306182980537,0.736804723739624,-2.30381107330322,3.12269186973572,-1.62719535827637,K,5
OUTPUT,NaN,NaN,NaN,NaN,NaN,NaN

INPUT,0.37266418337822,0.0376196913421154,0.750091314315796,-2.34212422370911,3.12048959732056,-1.56145858764648,K,6
OUTPUT,NaN,NaN,NaN,NaN,NaN,NaN

INPUT,0.377461820840836,0.0379223078489304,0.760425329208374,-2.37359547615051,3.11882090568542,-1.51235949993134,K,7
OUTPUT,NaN,NaN,NaN,NaN,NaN,NaN

INPUT,0.380888730287552,0.038138460367918,0.767806768417358,-2.39667820930481,3.11765742301941,-1.47824156284332,K,8
OUTPUT,NaN,NaN,NaN,NaN,NaN,NaN

INPUT,0.382944881916046,0.0382681488990784,0.772235631942749,-2.41070079803467,3.11697220802307,-1.45812726020813,K,9
OUTPUT,NaN,NaN,NaN,NaN,NaN,NaN

INPUT,0.360530227422714,0.0369028896093369,0.721265733242035,-2.15084791183472,3.1124165058136,-1.8260155916214,K,11
OUTPUT,NaN,NaN,NaN,NaN,NaN,NaN

INPUT,0.36542946100235,0.037181805819273,0.73244708776474,-2.16771960258484,3.1090886592865,-1.80448806285858,K,12
OUTPUT,NaN,NaN,NaN,NaN,NaN,NaN

INPUT,0.370328664779663,0.0374607220292091,0.7436283826828,-2.18499827384949,3.10577750205994,-1.78342223167419,K,13
OUTPUT,NaN,NaN,NaN,NaN,NaN,NaN

INPUT,0.375227868556976,0.0377396382391453,0.754809677600861,-2.20255827903748,3.10248684883118,-1.76272106170654,K,14
OUTPUT,NaN,NaN,NaN,NaN,NaN,NaN

INPUT,0.380127102136612,0.0380185544490814,0.765990972518921,-2.22031021118164,3.09922003746033,-1.7423220872879,K,15
OUTPUT,NaN,NaN,NaN,NaN,NaN,NaN

INPUT,0.384536385536194,0.038269579410553,0.77605414390564,-2.23639464378357,3.0963032245636,-1.72418749332428,K,16
OUTPUT,NaN,NaN,NaN,NaN,NaN,NaN

INPUT,0.387965857982635,0.0384648218750954,0.783881068229675,-2.24894905090332,3.09405112266541,-1.71021687984467,K,17
OUTPUT,NaN,NaN,NaN,NaN,NaN,NaN

INPUT,0.390415459871292,0.0386042818427086,0.789471745491028,-2.25793075561523,3.09245228767395,-1.70030546188354,K,18
OUTPUT,NaN,NaN,NaN,NaN,NaN,NaN

INPUT,0.391885221004486,0.0386879555881023,0.792826116085052,-2.2633228302002,3.09149718284607,-1.69438493251801,K,19
OUTPUT,NaN,NaN,NaN,NaN,NaN,NaN

INPUT,0.392375141382217,0.0387158468365669,0.793944239616394,-2.2651207447052,3.09117937088013,-1.69241559505463,K,20
OUTPUT,NaN,NaN,NaN,NaN,NaN,NaN

INPUT,0.354181945323944,0.0288375522941351,0.734264552593231,0.886313140392303,3.10872197151184,1.27290046215057,K,12
OUTPUT,NaN,NaN,NaN,NaN,NaN,NaN

INPUT,0.357897073030472,0.0282382350414991,0.745637118816376,0.864208698272705,3.10521697998047,1.29162430763245,K,13
OUTPUT,NaN,NaN,NaN,NaN,NaN,NaN

INPUT,0.361612230539322,0.0276389196515083,0.75700968503952,0.842454135417938,3.10173606872559,1.31059777736664,K,14
OUTPUT,NaN,NaN,NaN,NaN,NaN,NaN

INPUT,0.36532735824585,0.0270396005362272,0.76838231086731,0.820992708206177,3.09828305244446,1.32973098754883,K,15
OUTPUT,NaN,NaN,NaN,NaN,NaN,NaN

INPUT,0.368670970201492,0.0265002157539129,0.77861762046814,0.801899135112762,3.09520268440247,1.34703159332275,K,16
OUTPUT,NaN,NaN,NaN,NaN,NaN,NaN

INPUT,0.371271580457687,0.0260806940495968,0.786578416824341,0.787182927131653,3.09282660484314,1.36051392555237,K,17
OUTPUT,NaN,NaN,NaN,NaN,NaN,NaN

INPUT,0.37312912940979,0.0257810354232788,0.792264699935913,0.776740252971649,3.09114098548889,1.37014877796173,K,18
OUTPUT,NaN,NaN,NaN,NaN,NaN,NaN

INPUT,0.374243676662445,0.0256012417376041,0.795676469802856,0.770501673221588,3.09013414382935,1.37592911720276,K,19
OUTPUT,NaN,NaN,NaN,NaN,NaN,NaN

INPUT,0.37461519241333,0.0255413092672825,0.796813726425171,0.768426597118378,3.08979940414429,1.3778555393219,K,20
OUTPUT,NaN,NaN,NaN,NaN,NaN,NaN

INPUT,0.358475744724274,0.0323021933436394,0.732846796512604,-2.46795248985291,3.14005208015442,-1.83528935909271,K,12
OUTPUT,NaN,NaN,NaN,NaN,NaN,NaN

INPUT,0.362642824649811,0.0320675857365131,0.744070053100586,-2.46762895584106,3.13998341560364,-1.76839113235474,K,13
OUTPUT,NaN,NaN,NaN,NaN,NaN,NaN

INPUT,0.366809874773026,0.0318329781293869,0.755293369293213,-2.47005176544189,3.13991498947144,-1.70423936843872,K,14
OUTPUT,NaN,NaN,NaN,NaN,NaN,NaN

INPUT,0.370976954698563,0.031598374247551,0.76651668548584,-2.47488927841187,3.13984704017639,-1.64250206947327,K,15
OUTPUT,NaN,NaN,NaN,NaN,NaN,NaN

INPUT,0.374727338552475,0.0313872285187244,0.776617646217346,-2.48106908798218,3.13978624343872,-1.58876442909241,K,16
OUTPUT,NaN,NaN,NaN,NaN,NaN,NaN

INPUT,0.377644300460815,0.0312230046838522,0.784473955631256,-2.48694825172424,3.13973951339722,-1.54804134368896,K,17
OUTPUT,NaN,NaN,NaN,NaN,NaN,NaN

INPUT,0.379727840423584,0.0311057008802891,0.79008561372757,-2.49167466163635,3.13970637321472,-1.51948046684265,K,18
OUTPUT,NaN,NaN,NaN,NaN,NaN,NaN

INPUT,0.380977958440781,0.0310353189706802,0.793452560901642,-2.49470901489258,3.13968658447266,-1.50254237651825,K,19
OUTPUT,NaN,NaN,NaN,NaN,NaN,NaN

INPUT,0.381394654512405,0.0310118589550257,0.794574916362762,-2.49575209617615,3.13967990875244,-1.49692821502686,K,20
OUTPUT,NaN,NaN,NaN,NaN,NaN,NaN

INPUT,0.362338811159134,0.0314648300409317,0.732363164424896,0.720489263534546,3.12855410575867,1.43741714954376,K,12
OUTPUT,NaN,NaN,NaN,NaN,NaN,NaN

INPUT,0.366912931203842,0.0311422143131495,0.743534803390503,0.678632497787476,3.12716841697693,1.47100698947906,K,13
OUTPUT,NaN,NaN,NaN,NaN,NaN,NaN

INPUT,0.37148705124855,0.0308196004480124,0.754706501960754,0.637495458126068,3.12580299377441,1.50531721115112,K,14
OUTPUT,NaN,NaN,NaN,NaN,NaN,NaN

INPUT,0.376061171293259,0.0304969847202301,0.765878140926361,0.596897661685944,3.12445998191833,1.54016768932343,K,15
OUTPUT,NaN,NaN,NaN,NaN,NaN,NaN

INPUT,0.380177885293961,0.0302066318690777,0.775932610034943,0.560716450214386,3.12327170372009,1.57189047336578,K,16
OUTPUT,NaN,NaN,NaN,NaN,NaN,NaN

INPUT,0.383379757404327,0.0299808010458946,0.783752799034119,0.532764315605164,3.12236213684082,1.59675323963165,K,17
OUTPUT,NaN,NaN,NaN,NaN,NaN,NaN

INPUT,0.385666817426682,0.0298194941133261,0.7893385887146,0.512884378433228,3.12172055244446,1.61459839344025,K,18
OUTPUT,NaN,NaN,NaN,NaN,NaN,NaN

INPUT,0.387039065361023,0.0297227092087269,0.792690098285675,0.500987112522125,3.1213390827179,1.62533640861511,K,19
OUTPUT,NaN,NaN,NaN,NaN,NaN,NaN

INPUT,0.387496471405029,0.0296904481947422,0.7938072681427,0.497026264667511,3.12121248245239,1.62892055511475,K,20
OUTPUT,NaN,NaN,NaN,NaN,NaN,NaN

INPUT,0.370100080966949,0.0475171133875847,0.720398485660553,-2.19342422485352,3.04132866859436,-1.74503517150879,K,11
OUTPUT,NaN,NaN,NaN,NaN,NaN,NaN

INPUT,0.376124203205109,0.049044705927372,0.731479108333588,-2.21911025047302,3.02985501289368,-1.71788918972015,K,12
OUTPUT,NaN,NaN,NaN,NaN,NaN,NaN

INPUT,0.382148295640945,0.0505723021924496,0.742559731006622,-2.24494862556458,3.01845932006836,-1.69086182117462,K,13
OUTPUT,NaN,NaN,NaN,NaN,NaN,NaN

INPUT,0.388172417879105,0.0520998947322369,0.753640353679657,-2.2709059715271,3.00714921951294,-1.66391623020172,K,14
OUTPUT,NaN,NaN,NaN,NaN,NaN,NaN

INPUT,0.394196540117264,0.0536274872720242,0.764720916748047,-2.296959400177,2.99593305587769,-1.63702690601349,K,15
OUTPUT,NaN,NaN,NaN,NaN,NaN,NaN

INPUT,0.399618238210678,0.055002324283123,0.774693489074707,-2.32047724723816,2.9859254360199,-1.61285924911499,K,16
OUTPUT,NaN,NaN,NaN,NaN,NaN,NaN

INPUT,0.403835117816925,0.0560716390609741,0.782449901103973,-2.33880925178528,2.97820234298706,-1.59407687187195,K,17
OUTPUT,NaN,NaN,NaN,NaN,NaN,NaN

INPUT,0.406847178936005,0.0568354353308678,0.787990212440491,-2.3519229888916,2.97271990776062,-1.58066618442535,K,18
OUTPUT,NaN,NaN,NaN,NaN,NaN,NaN

INPUT,0.408654391765594,0.057293713092804,0.791314423084259,-2.35979866981506,2.96944451332092,-1.57262146472931,K,19
OUTPUT,NaN,NaN,NaN,NaN,NaN,NaN

INPUT,0.409256815910339,0.0574464723467827,0.792422473430634,-2.36242508888245,2.96835517883301,-1.56994009017944,K,20
OUTPUT,NaN,NaN,NaN,NaN,NaN,NaN

INPUT,0.369285464286804,0.0369030013680458,0.730641961097717,-2.18708920478821,3.1063244342804,-1.80321288108826,K,5
OUTPUT,NaN,NaN,NaN,NaN,NaN,NaN

INPUT,0.377365589141846,0.0372768007218838,0.746239960193634,-2.21384406089783,3.10081601142883,-1.76181876659393,K,6
OUTPUT,NaN,NaN,NaN,NaN,NaN,NaN

INPUT,0.383650124073029,0.0375675335526466,0.758371710777283,-2.23584628105164,3.09657096862793,-1.73091316223145,K,7
OUTPUT,NaN,NaN,NaN,NaN,NaN,NaN

INPUT,0.388139098882675,0.0377752035856247,0.767037212848663,-2.25200080871582,3.09356546401978,-1.70937311649323,K,8
OUTPUT,NaN,NaN,NaN,NaN,NaN,NaN

INPUT,0.390832453966141,0.0378998033702374,0.772236526012421,-2.26182675361633,3.09177422523499,-1.6966335773468,K,9
OUTPUT,NaN,NaN,NaN,NaN,NaN,NaN

INPUT,0.370462894439697,0.0459861680865288,0.715284585952759,-2.18741202354431,3.04052567481995,-1.75286102294922,K,4
OUTPUT,NaN,NaN,NaN,NaN,NaN,NaN

INPUT,0.380082607269287,0.0483785346150398,0.730488538742065,-2.23336815834045,3.0209379196167,-1.70387399196625,K,5
OUTPUT,NaN,NaN,NaN,NaN,NaN,NaN

INPUT,0.389702290296555,0.0507709011435509,0.745692551136017,-2.2798011302948,3.00162148475647,-1.65525197982788,K,6
OUTPUT,NaN,NaN,NaN,NaN,NaN,NaN

INPUT,0.397184282541275,0.0526316314935684,0.75751781463623,-2.31600666046143,2.9868700504303,-1.61772310733795,K,7
OUTPUT,NaN,NaN,NaN,NaN,NaN,NaN

INPUT,0.402528554201126,0.0539607256650925,0.765964508056641,-2.34182810783386,2.97651481628418,-1.59110414981842,K,8
OUTPUT,NaN,NaN,NaN,NaN,NaN,NaN

INPUT,0.405735105276108,0.0547581799328327,0.771032512187958,-2.35728216171265,2.97038412094116,-1.57521939277649,K,9
OUTPUT,NaN,NaN,NaN,NaN,NaN,NaN

INPUT,0.360181242227554,0.0286898016929626,0.738411068916321,0.880634725093842,3.10516214370728,1.30908250808716,K,5
OUTPUT,NaN,NaN,NaN,NaN,NaN,NaN

INPUT,0.365645468235016,0.027815405279398,0.752245664596558,0.838311433792114,3.09957981109619,1.33206164836884,K,6
OUTPUT,NaN,NaN,NaN,NaN,NaN,NaN

INPUT,0.369895428419113,0.0271353181451559,0.763005971908569,0.807051360607147,3.09527397155762,1.35150802135468,K,7
OUTPUT,NaN,NaN,NaN,NaN,NaN,NaN

INPUT,0.372931122779846,0.0266495402902365,0.770691871643066,0.785402297973633,3.09222292900085,1.3659930229187,K,8
OUTPUT,NaN,NaN,NaN,NaN,NaN,NaN

INPUT,0.374752521514893,0.02635807543993,0.775303363800049,0.772643983364105,3.09040379524231,1.3748699426651,K,9
OUTPUT,NaN,NaN,NaN,NaN,NaN,NaN

INPUT,0.358730643987656,0.0324669294059277,0.723731219768524,-2.64149641990662,3.13917851448059,-2.04782748222351,K,4
OUTPUT,NaN,NaN,NaN,NaN,NaN,NaN

INPUT,0.364721864461899,0.0320756658911705,0.737189829349518,-2.61817479133606,3.13932704925537,-1.9167503118515,K,5
OUTPUT,NaN,NaN,NaN,NaN,NaN,NaN

INPUT,0.370713084936142,0.0316844061017036,0.750648498535156,-2.58435940742493,3.13946676254272,-1.77517938613892,K,6
OUTPUT,NaN,NaN,NaN,NaN,NaN,NaN

INPUT,0.375372886657715,0.0313800945878029,0.761116325855255,-2.55016565322876,3.13956665992737,-1.65757429599762,K,7
OUTPUT,NaN,NaN,NaN,NaN,NaN,NaN

INPUT,0.378701359033585,0.0311627276241779,0.768593311309814,-2.52137780189514,3.13963198661804,-1.56959581375122,K,8
OUTPUT,NaN,NaN,NaN,NaN,NaN,NaN

INPUT,0.380698412656784,0.0310323089361191,0.773079514503479,-2.50237131118774,3.13966822624207,-1.51527869701385,K,9
OUTPUT,NaN,NaN,NaN,NaN,NaN,NaN

INPUT,0.362583696842194,0.0318016111850739,0.723455309867859,0.790775179862976,3.12992596626282,1.46458446979523,K,4
OUTPUT,NaN,NaN,NaN,NaN,NaN,NaN

INPUT,0.369273066520691,0.0312942191958427,0.736784815788269,0.705105602741241,3.1275475025177,1.50016963481903,K,5
OUTPUT,NaN,NaN,NaN,NaN,NaN,NaN

INPUT,0.375962466001511,0.0307868216186762,0.750114381313324,0.626639246940613,3.12521481513977,1.54296004772186,K,6
OUTPUT,NaN,NaN,NaN,NaN,NaN,NaN

INPUT,0.381165325641632,0.0303921811282635,0.760481774806976,0.568746984004974,3.12343859672546,1.57938027381897,K,7
OUTPUT,NaN,NaN,NaN,NaN,NaN,NaN

INPUT,0.384881675243378,0.0301102939993143,0.767887115478516,0.528588056564331,3.12219333648682,1.60658836364746,K,8
OUTPUT,NaN,NaN,NaN,NaN,NaN,NaN

INPUT,0.387111455202103,0.0299411620944738,0.772330284118652,0.504874706268311,3.12145638465881,1.62329542636871,K,9
OUTPUT,NaN,NaN,NaN,NaN,NaN,NaN

INPUT,0.347817718982697,0.0261209774762392,0.743314266204834,0.702225506305695,3.05786108970642,1.56493949890137,K,13
OUTPUT,NaN,NaN,NaN,NaN,NaN,NaN

INPUT,0.35057333111763,0.0253201480954885,0.75446480512619,0.660459637641907,3.05038833618164,1.6054253578186,K,14
OUTPUT,NaN,NaN,NaN,NaN,NaN,NaN

INPUT,0.353328943252563,0.0245193168520927,0.765615403652191,0.61877566576004,3.04306983947754,1.6460212469101,K,15
OUTPUT,NaN,NaN,NaN,NaN,NaN,NaN

INPUT,0.3558090031147,0.023798568174243,0.775650978088379,0.581311881542206,3.03662490844727,1.68263411521912,K,16
OUTPUT,NaN,NaN,NaN,NaN,NaN,NaN

INPUT,0.357737928628922,0.0232379864901304,0.783456385135651,0.552198886871338,3.03171133995056,1.71115350723267,K,17
OUTPUT,NaN,NaN,NaN,NaN,NaN,NaN

INPUT,0.359115749597549,0.0228375699371099,0.789031684398651,0.531414866447449,3.02825713157654,1.73154485225677,K,18
OUTPUT,NaN,NaN,NaN,NaN,NaN,NaN

INPUT,0.359942436218262,0.0225973222404718,0.792376816272736,0.518948197364807,3.026207447052,1.74378705024719,K,19
OUTPUT,NaN,NaN,NaN,NaN,NaN,NaN

INPUT,0.360217988491058,0.0225172378122807,0.793491899967194,0.514793157577515,3.02552819252014,1.74786913394928,K,20
OUTPUT,NaN,NaN,NaN,NaN,NaN,NaN

INPUT,0.363567441701889,0.0463462434709072,0.720290064811707,-2.02420520782471,3.047611951828,-1.50705909729004,K,11
OUTPUT,NaN,NaN,NaN,NaN,NaN,NaN

INPUT,0.368823915719986,0.0477362610399723,0.731356918811798,-2.05376434326172,3.03691625595093,-1.47569680213928,K,12
OUTPUT,NaN,NaN,NaN,NaN,NaN,NaN

INPUT,0.37408035993576,0.0491262823343277,0.74242377281189,-2.08350682258606,3.02631759643555,-1.44448375701904,K,13
OUTPUT,NaN,NaN,NaN,NaN,NaN,NaN

INPUT,0.379336804151535,0.0505162999033928,0.753490567207336,-2.11339116096497,3.0158257484436,-1.41337537765503,K,14
OUTPUT,NaN,NaN,NaN,NaN,NaN,NaN

INPUT,0.38459324836731,0.0519063174724579,0.764557421207428,-2.14338898658752,3.00545072555542,-1.38234078884125,K,15
OUTPUT,NaN,NaN,NaN,NaN,NaN,NaN

INPUT,0.389324069023132,0.0531573370099068,0.774517595767975,-2.1704683303833,2.99622082710266,-1.35445404052734,K,16
OUTPUT,NaN,NaN,NaN,NaN,NaN,NaN

INPUT,0.393003582954407,0.0541303493082523,0.782264351844788,-2.1915762424469,2.98911738395691,-1.33278524875641,K,17
OUTPUT,NaN,NaN,NaN,NaN,NaN,NaN

INPUT,0.395631790161133,0.0548253580927849,0.787797808647156,-2.20667576789856,2.98408603668213,-1.31731593608856,K,18
OUTPUT,NaN,NaN,NaN,NaN,NaN,NaN

INPUT,0.397208720445633,0.0552423633635044,0.79111784696579,-2.21574401855469,2.98108458518982,-1.3080370426178,K,19
OUTPUT,NaN,NaN,NaN,NaN,NaN,NaN

INPUT,0.397734373807907,0.0553813651204109,0.792224526405334,-2.21876811981201,2.98008704185486,-1.30494439601898,K,20
OUTPUT,NaN,NaN,NaN,NaN,NaN,NaN

INPUT,0.359402060508728,0.040170431137085,0.721202909946442,-2.19568777084351,3.09800267219543,-1.72264468669891,K,11
OUTPUT,NaN,NaN,NaN,NaN,NaN,NaN

INPUT,0.364168405532837,0.0408339612185955,0.73237681388855,-2.22190356254578,3.09307265281677,-1.69321227073669,K,12
OUTPUT,NaN,NaN,NaN,NaN,NaN,NaN

INPUT,0.368934720754623,0.0414974875748158,0.743550777435303,-2.24841833114624,3.08818006515503,-1.66407203674316,K,13
OUTPUT,NaN,NaN,NaN,NaN,NaN,NaN

INPUT,0.373701006174088,0.042161013931036,0.754724681377411,-2.27515625953674,3.08332848548889,-1.63514792919159,K,14
OUTPUT,NaN,NaN,NaN,NaN,NaN,NaN

INPUT,0.378467321395874,0.0428245440125465,0.765898644924164,-2.30206561088562,3.07852220535278,-1.6063871383667,K,15
OUTPUT,NaN,NaN,NaN,NaN,NaN,NaN

INPUT,0.382757037878036,0.0434217192232609,0.775955200195313,-2.32639980316162,3.07423806190491,-1.58061122894287,K,16
OUTPUT,NaN,NaN,NaN,NaN,NaN,NaN

INPUT,0.386093437671661,0.0438861884176731,0.783776938915253,-2.34538912773132,3.07093501091003,-1.56062090396881,K,17
OUTPUT,NaN,NaN,NaN,NaN,NaN,NaN

INPUT,0.388476610183716,0.0442179515957832,0.789363920688629,-2.35898184776306,3.0685920715332,-1.5463684797287,K,18
OUTPUT,NaN,NaN,NaN,NaN,NaN,NaN

INPUT,0.389906495809555,0.0444170124828815,0.792716085910797,-2.36714792251587,3.06719303131104,-1.53782629966736,K,19
OUTPUT,NaN,NaN,NaN,NaN,NaN,NaN

INPUT,0.390383124351501,0.0444833636283875,0.793833494186401,-2.3698718547821,3.06672787666321,-1.53498041629791,K,20
OUTPUT,NaN,NaN,NaN,NaN,NaN,NaN

INPUT,0.362256944179535,0.0436333417892456,0.720957100391388,-2.24774885177612,3.08603143692017,-1.80269825458527,K,11
OUTPUT,NaN,NaN,NaN,NaN,NaN,NaN

INPUT,0.367358565330505,0.0447039417922497,0.732103705406189,-2.27268028259277,3.07971525192261,-1.77526247501373,K,12
OUTPUT,NaN,NaN,NaN,NaN,NaN,NaN

INPUT,0.372460186481476,0.0457745417952538,0.74325031042099,-2.29784822463989,3.07344126701355,-1.74805283546448,K,13
OUTPUT,NaN,NaN,NaN,NaN,NaN,NaN

INPUT,0.377561777830124,0.0468451417982578,0.754396855831146,-2.32319307327271,3.067214012146,-1.72100913524628,K,14
OUTPUT,NaN,NaN,NaN,NaN,NaN,NaN

INPUT,0.382663369178772,0.0479157418012619,0.765543460845947,-2.34867477416992,3.06103754043579,-1.69409000873566,K,15
OUTPUT,NaN,NaN,NaN,NaN,NaN,NaN

INPUT,0.38725483417511,0.0488792844116688,0.775575399398804,-2.37170171737671,3.0555260181427,-1.66994512081146,K,16
OUTPUT,NaN,NaN,NaN,NaN,NaN,NaN

INPUT,0.39082595705986,0.0496287047863007,0.783378005027771,-2.38966226577759,3.05127191543579,-1.65120887756348,K,17
OUTPUT,NaN,NaN,NaN,NaN,NaN,NaN

INPUT,0.393376737833023,0.0501640029251575,0.788951337337494,-2.40251493453979,3.04825210571289,-1.63784527778625,K,18
OUTPUT,NaN,NaN,NaN,NaN,NaN,NaN

INPUT,0.394907236099243,0.0504851825535297,0.792295277118683,-2.41023516654968,3.04644751548767,-1.62983405590057,K,19
OUTPUT,NaN,NaN,NaN,NaN,NaN,NaN

INPUT,0.395417392253876,0.0505922436714172,0.793409943580627,-2.41281008720398,3.04584741592407,-1.62716472148895,K,20
OUTPUT,NaN,NaN,NaN,NaN,NaN,NaN

INPUT,0.358978509902954,0.0396716929972172,0.721840023994446,-2.08713722229004,3.109050989151,-1.771639585495,K,11
OUTPUT,NaN,NaN,NaN,NaN,NaN,NaN

INPUT,0.363694339990616,0.040276326239109,0.733090221881866,-2.10343956947327,3.10532546043396,-1.75065588951111,K,12
OUTPUT,NaN,NaN,NaN,NaN,NaN,NaN

INPUT,0.3684101998806,0.0408809557557106,0.744340419769287,-2.1201548576355,3.10161757469177,-1.73013496398926,K,13
OUTPUT,NaN,NaN,NaN,NaN,NaN,NaN

INPUT,0.373126029968262,0.0414855852723122,0.755590558052063,-2.13715791702271,3.0979311466217,-1.70997726917267,K,14
OUTPUT,NaN,NaN,NaN,NaN,NaN,NaN

INPUT,0.377841889858246,0.0420902147889137,0.766840755939484,-2.15435934066772,3.09426999092102,-1.69011855125427,K,15
OUTPUT,NaN,NaN,NaN,NaN,NaN,NaN

INPUT,0.382086157798767,0.0426343828439713,0.776965916156769,-2.16995406150818,3.09099936485291,-1.67246627807617,K,16
OUTPUT,NaN,NaN,NaN,NaN,NaN,NaN

INPUT,0.385387241840363,0.0430576242506504,0.784841060638428,-2.18213224411011,3.0884735584259,-1.65886723995209,K,17
OUTPUT,NaN,NaN,NaN,NaN,NaN,NaN

INPUT,0.387745171785355,0.0433599390089512,0.790466129779816,-2.19084763526917,3.08667945861816,-1.64921927452087,K,18
OUTPUT,NaN,NaN,NaN,NaN,NaN,NaN

INPUT,0.389159917831421,0.0435413308441639,0.793841183185577,-2.19608116149902,3.08560729026794,-1.64345586299896,K,19
OUTPUT,NaN,NaN,NaN,NaN,NaN,NaN

INPUT,0.389631509780884,0.0436017923057079,0.794966220855713,-2.19782614707947,3.08525061607361,-1.6415388584137,K,20
OUTPUT,NaN,NaN,NaN,NaN,NaN,NaN

INPUT,0.372350633144379,0.0469633787870407,0.729848384857178,-2.07597327232361,3.02862238883972,-1.46490657329559,K,5
OUTPUT,NaN,NaN,NaN,NaN,NaN,NaN

INPUT,0.380789995193481,0.0490707382559776,0.745197534561157,-2.12693500518799,3.01067423820496,-1.40624558925629,K,6
OUTPUT,NaN,NaN,NaN,NaN,NaN,NaN

INPUT,0.387353897094727,0.0507097914814949,0.757135689258575,-2.16706490516663,2.99705052375793,-1.36145615577698,K,7
OUTPUT,NaN,NaN,NaN,NaN,NaN,NaN

INPUT,0.392042428255081,0.0518805459141731,0.765662968158722,-2.19580388069153,2.98754215240479,-1.32990717887878,K,8
OUTPUT,NaN,NaN,NaN,NaN,NaN,NaN

INPUT,0.394855529069901,0.052582997828722,0.770779311656952,-2.21303176879883,2.98193764686584,-1.31116139888763,K,9
OUTPUT,NaN,NaN,NaN,NaN,NaN,NaN

INPUT,0.367742151021957,0.040598101913929,0.730595290660858,-2.24465394020081,3.08913707733154,-1.68494367599487,K,5
OUTPUT,NaN,NaN,NaN,NaN,NaN,NaN

INPUT,0.375506937503815,0.0416212491691113,0.74618124961853,-2.28891229629517,3.08088898658752,-1.62960851192474,K,6
OUTPUT,NaN,NaN,NaN,NaN,NaN,NaN

INPUT,0.381546199321747,0.0424170270562172,0.758303582668304,-2.32413291931152,3.07460141181946,-1.58766770362854,K,7
OUTPUT,NaN,NaN,NaN,NaN,NaN,NaN

INPUT,0.385859966278076,0.0429854393005371,0.766962468624115,-2.34951114654541,3.07019519805908,-1.55823051929474,K,8
OUTPUT,NaN,NaN,NaN,NaN,NaN,NaN

INPUT,0.388448238372803,0.0433264896273613,0.772157788276672,-2.36477947235107,3.06758975982666,-1.54076814651489,K,9
OUTPUT,NaN,NaN,NaN,NaN,NaN,NaN

INPUT,0.371026575565338,0.0445427969098091,0.730491757392883,-2.29107475280762,3.07480835914612,-1.76467955112457,K,5
OUTPUT,NaN,NaN,NaN,NaN,NaN,NaN

INPUT,0.37929379940033,0.0462622083723545,0.745975315570831,-2.33441519737244,3.06417632102966,-1.71426224708557,K,6
OUTPUT,NaN,NaN,NaN,NaN,NaN,NaN

INPUT,0.385723859071732,0.0475995279848576,0.75801807641983,-2.36861515045166,3.05605220794678,-1.67577946186066,K,7
OUTPUT,NaN,NaN,NaN,NaN,NaN,NaN

INPUT,0.390316754579544,0.0485547557473183,0.76662003993988,-2.39315938949585,3.05034613609314,-1.64865231513977,K,8
OUTPUT,NaN,NaN,NaN,NaN,NaN,NaN

INPUT,0.393072515726089,0.0491278953850269,0.771781265735626,-2.40789818763733,3.0469663143158,-1.63251864910126,K,9
OUTPUT,NaN,NaN,NaN,NaN,NaN,NaN

INPUT,0.35231626033783,0.0264812838286161,0.741893589496613,0.684914946556091,3.05360102653503,1.59054207801819,K,5
OUTPUT,NaN,NaN,NaN,NaN,NaN,NaN

INPUT,0.35588663816452,0.0254647471010685,0.753317415714264,0.623274564743042,3.04318404197693,1.64672958850861,K,6
OUTPUT,NaN,NaN,NaN,NaN,NaN,NaN

INPUT,0.358663558959961,0.0246741082519293,0.762202620506287,0.575675785541534,3.03531527519226,1.69081556797028,K,7
OUTPUT,NaN,NaN,NaN,NaN,NaN,NaN

INPUT,0.360647112131119,0.0241093654185534,0.768549203872681,0.541814744472504,3.02983045578003,1.72246658802032,K,8
OUTPUT,NaN,NaN,NaN,NaN,NaN,NaN

INPUT,0.361837238073349,0.0237705204635859,0.772357106208801,0.521543443202972,3.02659630775452,1.74151217937469,K,9
OUTPUT,NaN,NaN,NaN,NaN,NaN,NaN

INPUT,0.367444515228271,0.0400965884327888,0.731320559978485,-2.12252044677734,3.10227131843567,-1.74972927570343,K,5
OUTPUT,NaN,NaN,NaN,NaN,NaN,NaN

INPUT,0.375193953514099,0.0410301424562931,0.747044444084167,-2.14827227592468,3.09608459472656,-1.70926773548126,K,6
OUTPUT,NaN,NaN,NaN,NaN,NaN,NaN

INPUT,0.381221264600754,0.041756235063076,0.759274065494537,-2.16951203346252,3.09131407737732,-1.67909550666809,K,7
OUTPUT,NaN,NaN,NaN,NaN,NaN,NaN

INPUT,0.38552650809288,0.0422748774290085,0.768009543418884,-2.18513011932373,3.08793473243713,-1.65807902812958,K,8
OUTPUT,NaN,NaN,NaN,NaN,NaN,NaN

INPUT,0.388109654188156,0.0425860621035099,0.773250877857208,-2.19463777542114,3.08592009544373,-1.64565277099609,K,9
OUTPUT,NaN,NaN,NaN,NaN,NaN,NaN

INPUT,0.355376303195953,0.0339347720146179,0.733632922172546,0.584392130374908,3.11132884025574,1.31058180332184,K,12
OUTPUT,NaN,NaN,NaN,NaN,NaN,NaN

INPUT,0.35921722650528,0.0338719710707664,0.744939088821411,0.544648945331573,3.10821604728699,1.34727191925049,K,13
OUTPUT,NaN,NaN,NaN,NaN,NaN,NaN

INPUT,0.363058179616928,0.033809170126915,0.756245195865631,0.505162537097931,3.10515213012695,1.3842226266861,K,14
OUTPUT,NaN,NaN,NaN,NaN,NaN,NaN

INPUT,0.366899102926254,0.0337463691830635,0.767551362514496,0.465869247913361,3.10214114189148,1.4213707447052,K,15
OUTPUT,NaN,NaN,NaN,NaN,NaN,NaN

INPUT,0.37035596370697,0.0336898490786552,0.777726888656616,0.430633217096329,3.09948039054871,1.45493590831757,K,16
OUTPUT,NaN,NaN,NaN,NaN,NaN,NaN

INPUT,0.373044610023499,0.0336458906531334,0.785641193389893,0.403295189142227,3.0974452495575,1.48111259937286,K,17
OUTPUT,NaN,NaN,NaN,NaN,NaN,NaN

INPUT,0.374965101480484,0.0336144901812077,0.791294276714325,0.38379892706871,3.09601068496704,1.49984240531921,K,18
OUTPUT,NaN,NaN,NaN,NaN,NaN,NaN

INPUT,0.376117378473282,0.0335956513881683,0.794686079025269,0.372112154960632,3.09515810012817,1.51109194755554,K,19
OUTPUT,NaN,NaN,NaN,NaN,NaN,NaN

INPUT,0.376501470804214,0.0335893705487251,0.795816719532013,0.368218302726746,3.09487509727478,1.51484358310699,K,20
OUTPUT,NaN,NaN,NaN,NaN,NaN,NaN

INPUT,0.364628612995148,0.0353402309119701,0.733191013336182,-2.47064065933228,3.13778257369995,-1.89531826972961,K,12
OUTPUT,NaN,NaN,NaN,NaN,NaN,NaN

INPUT,0.369443356990814,0.0354254506528378,0.744450569152832,-2.48846960067749,3.13748359680176,-1.85260832309723,K,13
OUTPUT,NaN,NaN,NaN,NaN,NaN,NaN

INPUT,0.374258100986481,0.0355106741189957,0.755710124969482,-2.5079779624939,3.13718795776367,-1.81157791614532,K,14
OUTPUT,NaN,NaN,NaN,NaN,NaN,NaN

INPUT,0.379072844982147,0.0355958938598633,0.766969680786133,-2.52883291244507,3.13689589500427,-1.77189409732819,K,15
OUTPUT,NaN,NaN,NaN,NaN,NaN,NaN

INPUT,0.383406132459641,0.035672590136528,0.777103245258331,-2.54854536056519,3.13663625717163,-1.73712158203125,K,16
OUTPUT,NaN,NaN,NaN,NaN,NaN,NaN

INPUT,0.386776447296143,0.0357322432100773,0.784984946250916,-2.56439852714539,3.1364369392395,-1.71059739589691,K,17
OUTPUT,NaN,NaN,NaN,NaN,NaN,NaN

INPUT,0.389183849096298,0.0357748568058014,0.790614724159241,-2.57596707344055,3.13629579544067,-1.69189667701721,K,18
OUTPUT,NaN,NaN,NaN,NaN,NaN,NaN

INPUT,0.39062824845314,0.0358004197478294,0.793992578983307,-2.58299779891968,3.13621163368225,-1.6807656288147,K,19
OUTPUT,NaN,NaN,NaN,NaN,NaN,NaN

INPUT,0.391109734773636,0.0358089432120323,0.795118510723114,-2.58535552024841,3.13618350028992,-1.67706942558289,K,20
OUTPUT,NaN,NaN,NaN,NaN,NaN,NaN

INPUT,0.359044164419174,0.0405171699821949,0.72192770242691,-2.17738485336304,3.09943199157715,-1.69494545459747,K,11
OUTPUT,NaN,NaN,NaN,NaN,NaN,NaN

INPUT,0.363768935203552,0.0412214323878288,0.733185946941376,-2.20412635803223,3.09466743469238,-1.66493380069733,K,12
OUTPUT,NaN,NaN,NaN,NaN,NaN,NaN

INPUT,0.36849370598793,0.0419256947934628,0.744444191455841,-2.23117160797119,3.08994054794312,-1.63521921634674,K,13
OUTPUT,NaN,NaN,NaN,NaN,NaN,NaN

INPUT,0.373218476772308,0.0426299571990967,0.755702435970306,-2.25844287872314,3.08525514602661,-1.6057243347168,K,14
OUTPUT,NaN,NaN,NaN,NaN,NaN,NaN

INPUT,0.377943247556686,0.0433342196047306,0.766960620880127,-2.28588819503784,3.08061504364014,-1.57639575004578,K,15
OUTPUT,NaN,NaN,NaN,NaN,NaN,NaN

INPUT,0.38219553232193,0.0439680553972721,0.777093052864075,-2.31070637702942,3.07648086547852,-1.55011057853699,K,16
OUTPUT,NaN,NaN,NaN,NaN,NaN,NaN

INPUT,0.385502874851227,0.0444610379636288,0.784973800182343,-2.33007287979126,3.07329440116882,-1.52972543239594,K,17
OUTPUT,NaN,NaN,NaN,NaN,NaN,NaN

INPUT,0.387865245342255,0.0448131673038006,0.790602922439575,-2.34393548965454,3.07103490829468,-1.51519131660461,K,18
OUTPUT,NaN,NaN,NaN,NaN,NaN,NaN

INPUT,0.389282673597336,0.0450244471430779,0.793980419635773,-2.35226368904114,3.06968593597412,-1.50648045539856,K,19
OUTPUT,NaN,NaN,NaN,NaN,NaN,NaN

INPUT,0.38975515961647,0.0450948737561703,0.79510623216629,-2.35504126548767,3.06923747062683,-1.50357830524445,K,20
OUTPUT,NaN,NaN,NaN,NaN,NaN,NaN

INPUT,0.376974076032639,0.0475340187549591,0.720429182052612,-2.31474161148071,3.03178668022156,-1.74957644939423,K,11
OUTPUT,NaN,NaN,NaN,NaN,NaN,NaN

INPUT,0.383807808160782,0.0490638166666031,0.731512248516083,-2.34745788574219,3.01936793327332,-1.7156708240509,K,12
OUTPUT,NaN,NaN,NaN,NaN,NaN,NaN

INPUT,0.390641540288925,0.0505936183035374,0.742595374584198,-2.3803083896637,3.00708436965942,-1.68184888362885,K,13
OUTPUT,NaN,NaN,NaN,NaN,NaN,NaN

INPUT,0.397475272417068,0.0521234199404716,0.753678441047668,-2.41326713562012,2.99495005607605,-1.6480804681778,K,14
OUTPUT,NaN,NaN,NaN,NaN,NaN,NaN

INPUT,0.404309004545212,0.0536532178521156,0.764761507511139,-2.44631671905518,2.9829785823822,-1.61434400081635,K,15
OUTPUT,NaN,NaN,NaN,NaN,NaN,NaN

INPUT,0.410459369421005,0.0550300404429436,0.774736285209656,-2.47612953186035,2.97235441207886,-1.58399510383606,K,16
OUTPUT,NaN,NaN,NaN,NaN,NaN,NaN

INPUT,0.415242969989777,0.0561009012162685,0.782494425773621,-2.49935793876648,2.96419620513916,-1.56039416790009,K,17
OUTPUT,NaN,NaN,NaN,NaN,NaN,NaN

INPUT,0.418659836053848,0.0568658001720905,0.788035988807678,-2.51596999168396,2.95842790603638,-1.54353594779968,K,18
OUTPUT,NaN,NaN,NaN,NaN,NaN,NaN

INPUT,0.42070996761322,0.0573247373104095,0.791360914707184,-2.52594494819641,2.95499134063721,-1.53342056274414,K,19
OUTPUT,NaN,NaN,NaN,NaN,NaN,NaN

INPUT,0.42139333486557,0.0574777200818062,0.792469203472137,-2.52927136421204,2.95384979248047,-1.53004860877991,K,20
OUTPUT,NaN,NaN,NaN,NaN,NaN,NaN

INPUT,0.36079216003418,0.038681473582983,0.722480356693268,-2.28560519218445,3.12429261207581,-1.65009355545044,K,11
OUTPUT,NaN,NaN,NaN,NaN,NaN,NaN

INPUT,0.365722626447678,0.0391697660088539,0.733803629875183,-2.31907415390015,3.12242293357849,-1.60881614685059,K,12
OUTPUT,NaN,NaN,NaN,NaN,NaN,NaN

INPUT,0.370653122663498,0.0396580547094345,0.745126962661743,-2.35323357582092,3.12057995796204,-1.56822788715363,K,13
OUTPUT,NaN,NaN,NaN,NaN,NaN,NaN

INPUT,0.375583589076996,0.0401463434100151,0.756450235843658,-2.3879086971283,3.11876606941223,-1.5281537771225,K,14
OUTPUT,NaN,NaN,NaN,NaN,NaN,NaN

INPUT,0.380514085292816,0.040634635835886,0.767773568630219,-2.42297887802124,3.11698412895203,-1.48847341537476,K,15
OUTPUT,NaN,NaN,NaN,NaN,NaN,NaN

INPUT,0.384951531887054,0.0410740971565247,0.777964532375336,-2.45480871200562,3.11540937423706,-1.45302629470825,K,16
OUTPUT,NaN,NaN,NaN,NaN,NaN,NaN

INPUT,0.388402879238129,0.0414158999919891,0.785890817642212,-2.47970843315125,3.11420488357544,-1.42559850215912,K,17
OUTPUT,NaN,NaN,NaN,NaN,NaN,NaN

INPUT,0.390868097543716,0.0416600443422794,0.791552484035492,-2.4975597858429,3.11335611343384,-1.40607249736786,K,18
OUTPUT,NaN,NaN,NaN,NaN,NaN,NaN

INPUT,0.392347246408463,0.0418065339326859,0.794949471950531,-2.50829434394836,3.11285138130188,-1.39438045024872,K,19
OUTPUT,NaN,NaN,NaN,NaN,NaN,NaN

INPUT,0.392840296030045,0.0418553613126278,0.796081781387329,-2.51187634468079,3.11268401145935,-1.39048683643341,K,20
OUTPUT,NaN,NaN,NaN,NaN,NaN,NaN

INPUT,0.336919993162155,0.0211538299918175,0.753593266010284,0.569619953632355,2.98626041412354,1.48355531692505,K,14
OUTPUT,NaN,NaN,NaN,NaN,NaN,NaN

INPUT,0.338488191366196,0.0199906844645739,0.764668166637421,0.529437482357025,2.97376227378845,1.5231841802597,K,15
OUTPUT,NaN,NaN,NaN,NaN,NaN,NaN

INPUT,0.33989953994751,0.0189438536763191,0.774635553359985,0.493270576000214,2.96274089813232,1.55891835689545,K,16
OUTPUT,NaN,NaN,NaN,NaN,NaN,NaN

INPUT,0.340997278690338,0.018129650503397,0.782388031482697,0.465133875608444,2.95432710647583,1.58675312995911,K,17
OUTPUT,NaN,NaN,NaN,NaN,NaN,NaN

INPUT,0.341781377792358,0.0175480786710978,0.787925481796265,0.445030868053436,2.94840621948242,1.60665655136108,K,18
OUTPUT,NaN,NaN,NaN,NaN,NaN,NaN

INPUT,0.342251837253571,0.0171991363167763,0.79124790430069,0.432966411113739,2.94489049911499,1.61860692501068,K,19
OUTPUT,NaN,NaN,NaN,NaN,NaN,NaN

INPUT,0.342408657073975,0.0170828215777874,0.792355418205261,0.428944498300552,2.94372487068176,1.6225917339325,K,20
OUTPUT,NaN,NaN,NaN,NaN,NaN,NaN

INPUT,0.367368876934052,0.0410195663571358,0.731482744216919,-2.22797036170959,3.09082794189453,-1.65712332725525,K,5
OUTPUT,NaN,NaN,NaN,NaN,NaN,NaN

INPUT,0.375060319900513,0.0421182028949261,0.747206032276154,-2.27284002304077,3.08287382125854,-1.60040891170502,K,6
OUTPUT,NaN,NaN,NaN,NaN,NaN,NaN

INPUT,0.381042540073395,0.0429726950824261,0.759435296058655,-2.30858969688416,3.07681560516357,-1.55746877193451,K,7
OUTPUT,NaN,NaN,NaN,NaN,NaN,NaN

INPUT,0.38531556725502,0.0435830503702164,0.768170475959778,-2.33436131477356,3.07257342338562,-1.52735221385956,K,8
OUTPUT,NaN,NaN,NaN,NaN,NaN,NaN

INPUT,0.387879371643066,0.0439492613077164,0.773411571979523,-2.34986901283264,3.07006645202637,-1.50949549674988,K,9
OUTPUT,NaN,NaN,NaN,NaN,NaN,NaN

INPUT,0.377539366483688,0.0460004732012749,0.716365277767181,-2.30400562286377,3.0306077003479,-1.75543808937073,K,4
OUTPUT,NaN,NaN,NaN,NaN,NaN,NaN

INPUT,0.388339191675186,0.048470638692379,0.731309354305267,-2.36350536346436,3.00958061218262,-1.69589138031006,K,5
OUTPUT,NaN,NaN,NaN,NaN,NaN,NaN

INPUT,0.399139016866684,0.0509408004581928,0.746253430843353,-2.42309355735779,2.98902034759521,-1.63626897335052,K,6
OUTPUT,NaN,NaN,NaN,NaN,NaN,NaN

INPUT,0.407538861036301,0.052862036973238,0.757876574993134,-2.46950626373291,2.9733989238739,-1.58983564376831,K,7
OUTPUT,NaN,NaN,NaN,NaN,NaN,NaN

INPUT,0.413538753986359,0.0542343519628048,0.766178846359253,-2.50269603729248,2.96246004104614,-1.55663323402405,K,8
OUTPUT,NaN,NaN,NaN,NaN,NaN,NaN

INPUT,0.417138695716858,0.0550577417016029,0.771160185337067,-2.52262544631958,2.95599031448364,-1.53669667243958,K,9
OUTPUT,NaN,NaN,NaN,NaN,NaN,NaN

INPUT,0.36974048614502,0.0392566248774529,0.732148945331573,-2.36048340797424,3.12061047554016,-1.60793602466583,K,5
OUTPUT,NaN,NaN,NaN,NaN,NaN,NaN

INPUT,0.377888232469559,0.0400696098804474,0.747967779636383,-2.41243958473206,3.11766362190247,-1.52711319923401,K,6
OUTPUT,NaN,NaN,NaN,NaN,NaN,NaN

INPUT,0.384225368499756,0.0407019294798374,0.760271310806274,-2.45506811141968,3.11544108390808,-1.4664660692215,K,7
OUTPUT,NaN,NaN,NaN,NaN,NaN,NaN

INPUT,0.388751864433289,0.0411535874009132,0.769059538841248,-2.48639249801636,3.11389470100403,-1.42402017116547,K,8
OUTPUT,NaN,NaN,NaN,NaN,NaN,NaN

INPUT,0.391467779874802,0.0414245836436749,0.774332523345947,-2.50547337532043,3.11298441886902,-1.39883840084076,K,9
OUTPUT,NaN,NaN,NaN,NaN,NaN,NaN

INPUT,0.361555933952332,0.034117978066206,0.737704992294312,0.550040364265442,3.10852193832397,1.355544090271,K,5
OUTPUT,NaN,NaN,NaN,NaN,NaN,NaN

INPUT,0.367250025272369,0.0340487100183964,0.751433074474335,0.483653783798218,3.10347771644592,1.41195070743561,K,6
OUTPUT,NaN,NaN,NaN,NaN,NaN,NaN

INPUT,0.37167876958847,0.0339948385953903,0.762110471725464,0.432835757732391,3.09965229034424,1.45664656162262,K,7
OUTPUT,NaN,NaN,NaN,NaN,NaN,NaN

INPUT,0.374842137098312,0.0339563563466072,0.769737184047699,0.396853268146515,3.09697771072388,1.48889255523682,K,8
OUTPUT,NaN,NaN,NaN,NaN,NaN,NaN

INPUT,0.37674018740654,0.0339332669973373,0.77431321144104,0.375365704298019,3.09539747238159,1.50834429264069,K,9
OUTPUT,NaN,NaN,NaN,NaN,NaN,NaN

INPUT,0.365366160869598,0.0353070311248302,0.725577056407928,-2.56111359596252,3.13688230514526,-2.02120971679688,K,4
OUTPUT,NaN,NaN,NaN,NaN,NaN,NaN

INPUT,0.372156322002411,0.0354247689247131,0.738691091537476,-2.56307172775269,3.13669300079346,-1.92527270317078,K,5
OUTPUT,NaN,NaN,NaN,NaN,NaN,NaN

INPUT,0.378946453332901,0.0355425104498863,0.751805067062378,-2.56851291656494,3.13650560379028,-1.83281862735748,K,6
OUTPUT,NaN,NaN,NaN,NaN,NaN,NaN

INPUT,0.384227693080902,0.0356340855360031,0.762004852294922,-2.57485938072205,3.13636231422424,-1.76332366466522,K,7
OUTPUT,NaN,NaN,NaN,NaN,NaN,NaN

INPUT,0.388000011444092,0.0356994941830635,0.769290387630463,-2.58039140701294,3.13626217842102,-1.71497535705566,K,8
OUTPUT,NaN,NaN,NaN,NaN,NaN,NaN

INPUT,0.390263378620148,0.0357387401163578,0.773661732673645,-2.58407211303711,3.1362030506134,-1.68648159503937,K,9
OUTPUT,NaN,NaN,NaN,NaN,NaN,NaN

INPUT,0.340942472219467,0.022215710952878,0.746739149093628,0.571595966815948,2.98573136329651,1.48644804954529,K,5
OUTPUT,NaN,NaN,NaN,NaN,NaN,NaN

INPUT,0.3427574634552,0.0209565386176109,0.756101489067078,0.519820511341095,2.97013092041016,1.53549766540527,K,6
OUTPUT,NaN,NaN,NaN,NaN,NaN,NaN

INPUT,0.344169110059738,0.0199771840125322,0.763383328914642,0.479833215475082,2.95834469795227,1.57368838787079,K,7
OUTPUT,NaN,NaN,NaN,NaN,NaN,NaN

INPUT,0.345177412033081,0.0192776434123516,0.768584609031677,0.451477915048599,2.95014309883118,1.60090041160583,K,8
OUTPUT,NaN,NaN,NaN,NaN,NaN,NaN

INPUT,0.345782399177551,0.0188579186797142,0.771705389022827,0.434564173221588,2.945317029953,1.61717689037323,K,9
OUTPUT,NaN,NaN,NaN,NaN,NaN,NaN

INPUT,0.371757507324219,0.0451278537511826,0.720000505447388,-2.32490944862366,3.04423809051514,-1.77598786354065,K,11
OUTPUT,NaN,NaN,NaN,NaN,NaN,NaN

INPUT,0.377977550029755,0.0463745482265949,0.731032907962799,-2.35660028457642,3.0332179069519,-1.74300456047058,K,12
OUTPUT,NaN,NaN,NaN,NaN,NaN,NaN

INPUT,0.384197562932968,0.0476212464272976,0.742065250873566,-2.3884289264679,3.02231073379517,-1.71012079715729,K,13
OUTPUT,NaN,NaN,NaN,NaN,NaN,NaN

INPUT,0.390417605638504,0.0488679371774197,0.753097653388977,-2.42036652565002,3.0115282535553,-1.67730391025543,K,14
OUTPUT,NaN,NaN,NaN,NaN,NaN,NaN

INPUT,0.39663764834404,0.0501146353781223,0.764129996299744,-2.45239353179932,3.0008819103241,-1.64453136920929,K,15
OUTPUT,NaN,NaN,NaN,NaN,NaN,NaN

INPUT,0.402235686779022,0.0512366630136967,0.774059176445007,-2.48128318786621,2.99142575263977,-1.61506021022797,K,16
OUTPUT,NaN,NaN,NaN,NaN,NaN,NaN

INPUT,0.406589686870575,0.0521093457937241,0.781781852245331,-2.50379133224487,2.98415875434875,-1.59214806556702,K,17
OUTPUT,NaN,NaN,NaN,NaN,NaN,NaN

INPUT,0.409699708223343,0.0527326948940754,0.787298023700714,-2.5198872089386,2.97901725769043,-1.57578527927399,K,18
OUTPUT,NaN,NaN,NaN,NaN,NaN,NaN

INPUT,0.411565721035004,0.0531067028641701,0.790607750415802,-2.52955198287964,2.97595262527466,-1.5659681558609,K,19
OUTPUT,NaN,NaN,NaN,NaN,NaN,NaN

INPUT,0.412187725305557,0.0532313734292984,0.79171097278595,-2.53277492523193,2.97493457794189,-1.56269598007202,K,20
OUTPUT,NaN,NaN,NaN,NaN,NaN,NaN

INPUT,0.358932346105576,0.0359354540705681,0.73398357629776,-2.82704496383667,3.14112615585327,-2.27006912231445,K,12
OUTPUT,NaN,NaN,NaN,NaN,NaN,NaN

INPUT,0.363146871328354,0.0360831245779991,0.745328068733215,-2.81076121330261,3.14118480682373,-2.19517731666565,K,13
OUTPUT,NaN,NaN,NaN,NaN,NaN,NaN

INPUT,0.36736136674881,0.0362307913601398,0.756672501564026,-2.77926898002625,3.14124274253845,-2.10507726669312,K,14
OUTPUT,NaN,NaN,NaN,NaN,NaN,NaN

INPUT,0.371575891971588,0.0363784618675709,0.768016934394836,-2.72404599189758,3.1412992477417,-1.99124598503113,K,15
OUTPUT,NaN,NaN,NaN,NaN,NaN,NaN

INPUT,0.375368982553482,0.0365113653242588,0.778226971626282,-2.64171743392944,3.14134764671326,-1.8561704158783,K,16
OUTPUT,NaN,NaN,NaN,NaN,NaN,NaN

INPUT,0.378319144248962,0.0366147309541702,0.786168038845062,-2.54408478736877,3.14138269424438,-1.7175121307373,K,17
OUTPUT,NaN,NaN,NaN,NaN,NaN,NaN

INPUT,0.380426406860352,0.0366885662078857,0.791840314865112,-2.44842791557312,3.1414053440094,-1.59255111217499,K,18
OUTPUT,NaN,NaN,NaN,NaN,NaN,NaN

INPUT,0.381690740585327,0.0367328673601151,0.795243620872498,-2.3778920173645,3.14141750335693,-1.50443303585052,K,19
OUTPUT,NaN,NaN,NaN,NaN,NaN,NaN

INPUT,0.382112205028534,0.0367476344108582,0.796378076076508,-2.35191440582275,3.1414213180542,-1.4725946187973,K,20
OUTPUT,NaN,NaN,NaN,NaN,NaN,NaN

INPUT,0.360371559858322,0.0391769111156464,0.722822666168213,-2.44773578643799,3.11138725280762,-1.78823685646057,K,11
OUTPUT,NaN,NaN,NaN,NaN,NaN,NaN

INPUT,0.365251868963242,0.0397234857082367,0.734187066555023,-2.48462200164795,3.10808324813843,-1.74754524230957,K,12
OUTPUT,NaN,NaN,NaN,NaN,NaN,NaN

INPUT,0.370132178068161,0.040270060300827,0.745551466941833,-2.52184963226318,3.10482978820801,-1.70719087123871,K,13
OUTPUT,NaN,NaN,NaN,NaN,NaN,NaN

INPUT,0.37501248717308,0.0408166311681271,0.756915867328644,-2.55933165550232,3.10163140296936,-1.66708672046661,K,14
OUTPUT,NaN,NaN,NaN,NaN,NaN,NaN

INPUT,0.379892796278,0.0413632057607174,0.768280267715454,-2.59700918197632,3.09849333763123,-1.62717270851135,K,15
OUTPUT,NaN,NaN,NaN,NaN,NaN,NaN

INPUT,0.384285092353821,0.0418551228940487,0.778508186340332,-2.63105082511902,3.09572410583496,-1.59137737751007,K,16
OUTPUT,NaN,NaN,NaN,NaN,NaN,NaN

INPUT,0.3877013027668,0.0422377251088619,0.786463260650635,-2.65759825706482,3.09360885620117,-1.56360459327698,K,17
OUTPUT,NaN,NaN,NaN,NaN,NaN,NaN

INPUT,0.390141487121582,0.0425110124051571,0.792145490646362,-2.676593542099,3.09211945533752,-1.54379773139954,K,18
OUTPUT,NaN,NaN,NaN,NaN,NaN,NaN

INPUT,0.3916055560112,0.0426749847829342,0.79555481672287,-2.68800258636475,3.09123468399048,-1.53192484378815,K,19
OUTPUT,NaN,NaN,NaN,NaN,NaN,NaN

INPUT,0.392093598842621,0.0427296422421932,0.796691238880157,-2.69180750846863,3.0909411907196,-1.5279688835144,K,20
OUTPUT,NaN,NaN,NaN,NaN,NaN,NaN

INPUT,0.363300442695618,0.0391399078071117,0.722627282142639,-2.5163688659668,3.10011410713196,-1.77583861351013,K,11
OUTPUT,NaN,NaN,NaN,NaN,NaN,NaN

INPUT,0.368525445461273,0.0396821014583111,0.733968675136566,-2.55859851837158,3.09559869766235,-1.73094201087952,K,12
OUTPUT,NaN,NaN,NaN,NaN,NaN,NaN

INPUT,0.373750448226929,0.0402242951095104,0.745310008525848,-2.60106897354126,3.0911705493927,-1.68627738952637,K,13
OUTPUT,NaN,NaN,NaN,NaN,NaN,NaN

INPUT,0.378975450992584,0.0407664887607098,0.756651401519775,-2.64371943473816,3.08683800697327,-1.64178347587585,K,14
OUTPUT,NaN,NaN,NaN,NaN,NaN,NaN

INPUT,0.38420045375824,0.0413086824119091,0.767992794513702,-2.68650913238525,3.08260941505432,-1.59741830825806,K,15
OUTPUT,NaN,NaN,NaN,NaN,NaN,NaN

INPUT,0.388902932405472,0.0417966544628143,0.778200030326843,-2.72511410713196,3.07889914512634,-1.55757462978363,K,16
OUTPUT,NaN,NaN,NaN,NaN,NaN,NaN

INPUT,0.392560452222824,0.0421761907637119,0.786138951778412,-2.75519108772278,3.07607960700989,-1.52663004398346,K,17
OUTPUT,NaN,NaN,NaN,NaN,NaN,NaN

INPUT,0.395172923803329,0.0424472875893116,0.791809618473053,-2.77669858932495,3.07410287857056,-1.50454688072205,K,18
OUTPUT,NaN,NaN,NaN,NaN,NaN,NaN

INPUT,0.396740436553955,0.0426099449396133,0.795212030410767,-2.78961157798767,3.07293200492859,-1.49130427837372,K,19
OUTPUT,NaN,NaN,NaN,NaN,NaN,NaN

INPUT,0.397262930870056,0.0426641628146172,0.796346187591553,-2.79391717910767,3.07254433631897,-1.48689126968384,K,20
OUTPUT,NaN,NaN,NaN,NaN,NaN,NaN

INPUT,0.363716214895248,0.038770854473114,0.721573948860168,-2.46214747428894,3.09466743469238,-1.85727524757385,K,11
OUTPUT,NaN,NaN,NaN,NaN,NaN,NaN

INPUT,0.368990510702133,0.0392698310315609,0.732790529727936,-2.49663877487183,3.08944368362427,-1.82059955596924,K,12
OUTPUT,NaN,NaN,NaN,NaN,NaN,NaN

INPUT,0.37426483631134,0.0397688075900078,0.744007110595703,-2.53133296966553,3.08428597450256,-1.78411686420441,K,13
OUTPUT,NaN,NaN,NaN,NaN,NaN,NaN

INPUT,0.379539161920547,0.0402677841484547,0.75522369146347,-2.56617879867554,3.07920074462891,-1.74777579307556,K,14
OUTPUT,NaN,NaN,NaN,NaN,NaN,NaN

INPUT,0.384813487529755,0.0407667607069016,0.766440272331238,-2.60114240646362,3.07419443130493,-1.71154093742371,K,15
OUTPUT,NaN,NaN,NaN,NaN,NaN,NaN

INPUT,0.389560371637344,0.0412158407270908,0.776535212993622,-2.63268971443176,3.0697615146637,-1.67899954319,K,16
OUTPUT,NaN,NaN,NaN,NaN,NaN,NaN

INPUT,0.393252402544022,0.0415651239454746,0.784386813640594,-2.65727019309998,3.06636452674866,-1.65372633934021,K,17
OUTPUT,NaN,NaN,NaN,NaN,NaN,NaN

INPUT,0.395889550447464,0.0418146140873432,0.789995133876801,-2.6748480796814,3.06396651268005,-1.63569056987762,K,18
OUTPUT,NaN,NaN,NaN,NaN,NaN,NaN

INPUT,0.397471845149994,0.0419643074274063,0.793360114097595,-2.68540239334106,3.06253933906555,-1.62487494945526,K,19
OUTPUT,NaN,NaN,NaN,NaN,NaN,NaN

INPUT,0.397999286651611,0.0420142039656639,0.794481754302979,-2.6889214515686,3.06206560134888,-1.62127065658569,K,20
OUTPUT,NaN,NaN,NaN,NaN,NaN,NaN

INPUT,0.372051626443863,0.0438703894615173,0.715025663375854,-2.31817245483398,3.04364538192749,-1.78479492664337,K,4
OUTPUT,NaN,NaN,NaN,NaN,NaN,NaN

INPUT,0.381955444812775,0.0458460375666618,0.730103969573975,-2.37445092201233,3.02486777305603,-1.7256635427475,K,5
OUTPUT,NaN,NaN,NaN,NaN,NaN,NaN

INPUT,0.391859292984009,0.0478216893970966,0.74518221616745,-2.43118405342102,3.00647783279419,-1.66686129570007,K,6
OUTPUT,NaN,NaN,NaN,NaN,NaN,NaN

INPUT,0.399562269449234,0.0493583045899868,0.756909787654877,-2.47553277015686,2.99248266220093,-1.62125205993652,K,7
OUTPUT,NaN,NaN,NaN,NaN,NaN,NaN

INPUT,0.40506437420845,0.0504558905959129,0.765286564826965,-2.50730609893799,2.98266863822937,-1.58871293067932,K,8
OUTPUT,NaN,NaN,NaN,NaN,NaN,NaN

INPUT,0.408365666866302,0.0511144399642944,0.770312666893005,-2.5264036655426,2.97685790061951,-1.56919932365417,K,9
OUTPUT,NaN,NaN,NaN,NaN,NaN,NaN

INPUT,0.369057476520538,0.03977170586586,0.732637286186218,-2.51647973060608,3.10534167289734,-1.73563635349274,K,5
OUTPUT,NaN,NaN,NaN,NaN,NaN,NaN

INPUT,0.377022206783295,0.0406780727207661,0.74850594997406,-2.57828950881958,3.09997749328613,-1.65958166122437,K,6
OUTPUT,NaN,NaN,NaN,NaN,NaN,NaN

INPUT,0.383216977119446,0.0413830280303955,0.760848224163055,-2.62750816345215,3.09593963623047,-1.60156214237213,K,7
OUTPUT,NaN,NaN,NaN,NaN,NaN,NaN

INPUT,0.387641817331314,0.0418865643441677,0.769664168357849,-2.66311073303223,3.09313464164734,-1.56055974960327,K,8
OUTPUT,NaN,NaN,NaN,NaN,NaN,NaN

INPUT,0.3902967274189,0.0421886891126633,0.774953722953796,-2.68461728096008,3.09148526191711,-1.53610074520111,K,9
OUTPUT,NaN,NaN,NaN,NaN,NaN,NaN

INPUT,0.372417479753494,0.0396919101476669,0.732594728469849,-2.59120535850525,3.09210920333862,-1.71448159217834,K,5
OUTPUT,NaN,NaN,NaN,NaN,NaN,NaN

INPUT,0.380894809961319,0.0405926704406738,0.748362421989441,-2.66316914558411,3.0847544670105,-1.63156509399414,K,6
OUTPUT,NaN,NaN,NaN,NaN,NaN,NaN

INPUT,0.387488305568695,0.0412932634353638,0.760626137256622,-2.72002768516541,3.07926654815674,-1.56793963909149,K,7
OUTPUT,NaN,NaN,NaN,NaN,NaN,NaN

INPUT,0.3921979367733,0.0417936854064465,0.769385993480682,-2.76098561286926,3.07548332214355,-1.52282512187958,K,8
OUTPUT,NaN,NaN,NaN,NaN,NaN,NaN

INPUT,0.395023703575134,0.0420939400792122,0.774641871452332,-2.7856719493866,3.07327151298523,-1.49586296081543,K,9
OUTPUT,NaN,NaN,NaN,NaN,NaN,NaN

INPUT,0.372803628444672,0.0391261205077171,0.731298565864563,-2.52181458473206,3.08544635772705,-1.80587267875671,K,5
OUTPUT,NaN,NaN,NaN,NaN,NaN,NaN

INPUT,0.381359696388245,0.0399156585335732,0.746867299079895,-2.58122444152832,3.07679152488708,-1.73869919776917,K,6
OUTPUT,NaN,NaN,NaN,NaN,NaN,NaN

INPUT,0.388014376163483,0.0405297465622425,0.75897628068924,-2.62808680534363,3.070237159729,-1.68708384037018,K,7
OUTPUT,NaN,NaN,NaN,NaN,NaN,NaN

INPUT,0.392767757177353,0.0409683771431446,0.767625510692596,-2.66181540489197,3.06565999984741,-1.65045726299286,K,8
OUTPUT,NaN,NaN,NaN,NaN,NaN,NaN

INPUT,0.395619779825211,0.04123155772686,0.772815108299255,-2.68213558197021,3.06295847892761,-1.62855887413025,K,9
OUTPUT,NaN,NaN,NaN,NaN,NaN,NaN

INPUT,0.359402239322662,0.0358904637396336,0.72519189119339,-2.89128160476685,3.1401035785675,-2.36845803260803,K,4
OUTPUT,NaN,NaN,NaN,NaN,NaN,NaN

INPUT,0.365413069725037,0.0361167192459106,0.738741159439087,-2.91204786300659,3.14046168327332,-2.29451107978821,K,5
OUTPUT,NaN,NaN,NaN,NaN,NaN,NaN

INPUT,0.371423870325089,0.0363429747521877,0.752290487289429,-2.90809226036072,3.14082074165344,-2.19584274291992,K,6
OUTPUT,NaN,NaN,NaN,NaN,NaN,NaN

INPUT,0.376098960638046,0.0365189462900162,0.762828826904297,-2.85395312309265,3.14109706878662,-2.06830883026123,K,7
OUTPUT,NaN,NaN,NaN,NaN,NaN,NaN

INPUT,0.379438310861588,0.0366446450352669,0.770356178283691,-2.71622323989868,3.14128756523132,-1.8784191608429,K,8
OUTPUT,NaN,NaN,NaN,NaN,NaN,NaN

INPUT,0.381441920995712,0.0367200635373592,0.774872601032257,-2.48941779136658,3.14139151573181,-1.62045693397522,K,9
OUTPUT,NaN,NaN,NaN,NaN,NaN,NaN

INPUT,0.360346704721451,0.0316681005060673,0.733251690864563,0.54547107219696,3.13560175895691,1.19885885715485,K,12
OUTPUT,NaN,NaN,NaN,NaN,NaN,NaN

INPUT,0.364709049463272,0.0313662812113762,0.744520962238312,0.503236055374146,3.13489437103271,1.22538244724274,K,13
OUTPUT,NaN,NaN,NaN,NaN,NaN,NaN

INPUT,0.369071364402771,0.0310644581913948,0.755790293216705,0.462495058774948,3.13419485092163,1.25340008735657,K,14
OUTPUT,NaN,NaN,NaN,NaN,NaN,NaN

INPUT,0.37343367934227,0.0307626370340586,0.767059564590454,0.422847718000412,3.13350367546082,1.28251171112061,K,15
OUTPUT,NaN,NaN,NaN,NaN,NaN,NaN

INPUT,0.37735977768898,0.0304909981787205,0.777201890945435,0.387875854969025,3.13288950920105,1.3094230890274,K,16
OUTPUT,NaN,NaN,NaN,NaN,NaN,NaN

INPUT,0.380413413047791,0.0302797220647335,0.785090386867523,0.361046403646469,3.13241767883301,1.33072507381439,K,17
OUTPUT,NaN,NaN,NaN,NaN,NaN,NaN

INPUT,0.382594585418701,0.030128812417388,0.79072505235672,0.342049658298492,3.13208365440369,1.3461080789566,K,18
OUTPUT,NaN,NaN,NaN,NaN,NaN,NaN

INPUT,0.38390326499939,0.0300382655113935,0.79410582780838,0.330711126327515,3.13188457489014,1.35539734363556,K,19
OUTPUT,NaN,NaN,NaN,NaN,NaN,NaN

INPUT,0.384339511394501,0.0300080832093954,0.795232772827148,0.32694086432457,3.13181853294373,1.35850298404694,K,20
OUTPUT,NaN,NaN,NaN,NaN,NaN,NaN

INPUT,0.358291208744049,0.0376315712928772,0.721682727336884,-2.37822151184082,3.11309742927551,-1.81268286705017,K,11
OUTPUT,NaN,NaN,NaN,NaN,NaN,NaN

INPUT,0.362927198410034,0.0379962623119354,0.732912957668304,-2.40940022468567,3.10994529724121,-1.77734088897705,K,12
OUTPUT,NaN,NaN,NaN,NaN,NaN,NaN

INPUT,0.367563158273697,0.0383609533309937,0.744143187999725,-2.44095587730408,3.10682845115662,-1.74237263202667,K,13
OUTPUT,NaN,NaN,NaN,NaN,NaN,NaN

INPUT,0.37219911813736,0.0387256406247616,0.755373418331146,-2.47279262542725,3.10374975204468,-1.70768189430237,K,14
OUTPUT,NaN,NaN,NaN,NaN,NaN,NaN

INPUT,0.376835078001022,0.0390903316438198,0.766603648662567,-2.50484490394592,3.10071277618408,-1.67320275306702,K,15
OUTPUT,NaN,NaN,NaN,NaN,NaN,NaN

INPUT,0.381007462739944,0.0394185520708561,0.77671080827713,-2.53383731842041,3.09801816940308,-1.64231312274933,K,16
OUTPUT,NaN,NaN,NaN,NaN,NaN,NaN

INPUT,0.384252637624741,0.0396738350391388,0.784572005271912,-2.5564649105072,3.09594917297363,-1.61836385726929,K,17
OUTPUT,NaN,NaN,NaN,NaN,NaN,NaN

INPUT,0.386570602655411,0.0398561805486679,0.790187060832977,-2.57266354560852,3.09448623657227,-1.60129189491272,K,18
OUTPUT,NaN,NaN,NaN,NaN,NaN,NaN

INPUT,0.387961387634277,0.0399655848741531,0.793556153774261,-2.58239579200745,3.09361481666565,-1.59106123447418,K,19
OUTPUT,NaN,NaN,NaN,NaN,NaN,NaN

INPUT,0.38842499256134,0.0400020554661751,0.794679164886475,-2.58564186096191,3.09332537651062,-1.58765292167664,K,20
OUTPUT,NaN,NaN,NaN,NaN,NaN,NaN

INPUT,0.360489845275879,0.0355604700744152,0.721703052520752,-2.22263264656067,3.12300443649292,-1.90306198596954,K,11
OUTPUT,NaN,NaN,NaN,NaN,NaN,NaN

INPUT,0.365384250879288,0.0356815941631794,0.732935726642609,-2.23819708824158,3.12092065811157,-1.88086104393005,K,12
OUTPUT,NaN,NaN,NaN,NaN,NaN,NaN

INPUT,0.370278686285019,0.0358027182519436,0.744168400764465,-2.25434541702271,3.11884689331055,-1.85929727554321,K,13
OUTPUT,NaN,NaN,NaN,NaN,NaN,NaN

INPUT,0.375173062086105,0.0359238386154175,0.755401074886322,-2.27091002464294,3.11678576469421,-1.83822953701019,K,14
OUTPUT,NaN,NaN,NaN,NaN,NaN,NaN

INPUT,0.380067467689514,0.0360449627041817,0.766633749008179,-2.28777122497559,3.11473894119263,-1.81756460666656,K,15
OUTPUT,NaN,NaN,NaN,NaN,NaN,NaN

INPUT,0.384472459554672,0.0361539721488953,0.776743173599243,-2.30312657356262,3.11291098594666,-1.79925835132599,K,16
OUTPUT,NaN,NaN,NaN,NaN,NaN,NaN

INPUT,0.387898534536362,0.0362387597560883,0.784606039524078,-2.3151535987854,3.11149930953979,-1.78518998622894,K,17
OUTPUT,NaN,NaN,NaN,NaN,NaN,NaN

INPUT,0.390345722436905,0.0362993218004704,0.790222406387329,-2.3237771987915,3.11049699783325,-1.7752251625061,K,18
OUTPUT,NaN,NaN,NaN,NaN,NaN,NaN

INPUT,0.391814053058624,0.0363356582820415,0.793592214584351,-2.32896137237549,3.10989809036255,-1.76927828788757,K,19
OUTPUT,NaN,NaN,NaN,NaN,NaN,NaN

INPUT,0.392303496599197,0.0363477692008018,0.794715464115143,-2.33069109916687,3.10969877243042,-1.76730120182037,K,20
OUTPUT,NaN,NaN,NaN,NaN,NaN,NaN

INPUT,0.367285847663879,0.0449040643870831,0.721255958080292,-2.25458025932312,3.05686736106873,-1.7407443523407,K,11
OUTPUT,NaN,NaN,NaN,NaN,NaN,NaN

INPUT,0.37297984957695,0.0461244434118271,0.732436060905457,-2.28404307365417,3.04724764823914,-1.70969545841217,K,12
OUTPUT,NaN,NaN,NaN,NaN,NaN,NaN

INPUT,0.378673851490021,0.0473448261618614,0.743616223335266,-2.31366586685181,3.03771424293518,-1.67877900600433,K,13
OUTPUT,NaN,NaN,NaN,NaN,NaN,NaN

INPUT,0.384367853403091,0.0485652014613152,0.754796326160431,-2.34341168403625,3.02827572822571,-1.64795589447021,K,14
OUTPUT,NaN,NaN,NaN,NaN,NaN,NaN

INPUT,0.390061885118484,0.0497855804860592,0.765976428985596,-2.37325596809387,3.01894116401672,-1.61719906330109,K,15
OUTPUT,NaN,NaN,NaN,NaN,NaN,NaN

INPUT,0.395186483860016,0.0508839227259159,0.776038527488708,-2.40018582344055,3.01063561439514,-1.58955836296082,K,16
OUTPUT,NaN,NaN,NaN,NaN,NaN,NaN

INPUT,0.399172306060791,0.0517381876707077,0.783864617347717,-2.42117094993591,3.00424289703369,-1.56807935237885,K,17
OUTPUT,NaN,NaN,NaN,NaN,NaN,NaN

INPUT,0.402019292116165,0.0523483790457249,0.789454638957977,-2.43617963790894,2.99971413612366,-1.55274510383606,K,18
OUTPUT,NaN,NaN,NaN,NaN,NaN,NaN

INPUT,0.403727501630783,0.0527144894003868,0.792808711528778,-2.44519186019897,2.99701237678528,-1.5435471534729,K,19
OUTPUT,NaN,NaN,NaN,NaN,NaN,NaN

INPUT,0.404296904802322,0.0528365299105644,0.79392671585083,-2.44819712638855,2.99611449241638,-1.54048156738281,K,20
OUTPUT,NaN,NaN,NaN,NaN,NaN,NaN

INPUT,0.370063990354538,0.0475269556045532,0.720919132232666,-2.01408100128174,3.05076169967651,-1.66614019870758,K,11
OUTPUT,NaN,NaN,NaN,NaN,NaN,NaN

INPUT,0.376084715127945,0.0490559935569763,0.732059478759766,-2.03384160995483,3.04021072387695,-1.64466297626495,K,12
OUTPUT,NaN,NaN,NaN,NaN,NaN,NaN

INPUT,0.38210541009903,0.0505850315093994,0.743199825286865,-2.05373859405518,3.02972173690796,-1.62337446212769,K,13
OUTPUT,NaN,NaN,NaN,NaN,NaN,NaN

INPUT,0.388126134872437,0.0521140731871128,0.754340171813965,-2.07371234893799,3.01930832862854,-1.60225009918213,K,14
OUTPUT,NaN,NaN,NaN,NaN,NaN,NaN

INPUT,0.394146829843521,0.0536431111395359,0.765480518341064,-2.0937168598175,3.00898337364197,-1.58127808570862,K,15
OUTPUT,NaN,NaN,NaN,NaN,NaN,NaN

INPUT,0.399565488100052,0.0550192482769489,0.775506854057312,-2.11171650886536,2.99977731704712,-1.56253051757813,K,16
OUTPUT,NaN,NaN,NaN,NaN,NaN,NaN

INPUT,0.403779983520508,0.0560895763337612,0.783305108547211,-2.12569785118103,2.99267935752869,-1.54803323745728,K,17
OUTPUT,NaN,NaN,NaN,NaN,NaN,NaN

INPUT,0.406790345907211,0.0568540953099728,0.78887528181076,-2.13566899299622,2.98764514923096,-1.53772389888763,K,18
OUTPUT,NaN,NaN,NaN,NaN,NaN,NaN

INPUT,0.40859654545784,0.0573128052055836,0.792217373847961,-2.14164352416992,2.9846396446228,-1.53155696392059,K,19
OUTPUT,NaN,NaN,NaN,NaN,NaN,NaN

INPUT,0.409198611974716,0.0574657097458839,0.793331384658813,-2.14363384246826,2.98364043235779,-1.5295045375824,K,20
OUTPUT,NaN,NaN,NaN,NaN,NaN,NaN

INPUT,0.366536200046539,0.0379116907715797,0.731097817420959,-2.43812274932861,3.1072952747345,-1.76856815814972,K,5
OUTPUT,NaN,NaN,NaN,NaN,NaN,NaN

INPUT,0.374121099710464,0.0384808890521526,0.746795475482941,-2.48985266685486,3.1021409034729,-1.70207238197327,K,6
OUTPUT,NaN,NaN,NaN,NaN,NaN,NaN

INPUT,0.380020439624786,0.0389235951006413,0.759004771709442,-2.53129100799561,3.09822535514832,-1.65154922008514,K,7
OUTPUT,NaN,NaN,NaN,NaN,NaN,NaN

INPUT,0.38423427939415,0.0392398163676262,0.767725706100464,-2.56135988235474,3.09548354148865,-1.61592698097229,K,8
OUTPUT,NaN,NaN,NaN,NaN,NaN,NaN

INPUT,0.386762589216232,0.0394295491278172,0.772958219051361,-2.57955431938171,3.0938618183136,-1.59470462799072,K,9
OUTPUT,NaN,NaN,NaN,NaN,NaN,NaN

INPUT,0.369345724582672,0.0355007313191891,0.731149911880493,-2.26220083236694,3.11899352073669,-1.88435530662537,K,5
OUTPUT,NaN,NaN,NaN,NaN,NaN,NaN

INPUT,0.377452373504639,0.0356392301619053,0.746837198734283,-2.28490996360779,3.11561441421509,-1.84010338783264,K,6
OUTPUT,NaN,NaN,NaN,NaN,NaN,NaN

INPUT,0.383757531642914,0.0357469469308853,0.759038388729095,-2.30429124832153,3.11300921440125,-1.80749809741974,K,7
OUTPUT,NaN,NaN,NaN,NaN,NaN,NaN

INPUT,0.38826122879982,0.035823892802,0.767753481864929,-2.31878900527954,3.11116409301758,-1.78495597839355,K,8
OUTPUT,NaN,NaN,NaN,NaN,NaN,NaN

INPUT,0.390963435173035,0.0358700565993786,0.772982597351074,-2.32769322395325,3.11006426811218,-1.77168571949005,K,9
OUTPUT,NaN,NaN,NaN,NaN,NaN,NaN

INPUT,0.367691516876221,0.0437280721962452,0.715896189212799,-2.25050067901611,3.0563280582428,-1.75179731845856,K,4
OUTPUT,NaN,NaN,NaN,NaN,NaN,NaN

INPUT,0.376790940761566,0.0456486083567142,0.731313109397888,-2.30222773551941,3.03985857963562,-1.69485783576965,K,5
OUTPUT,NaN,NaN,NaN,NaN,NaN,NaN

INPUT,0.385890364646912,0.0475691445171833,0.746730089187622,-2.35472083091736,3.02368855476379,-1.63859403133392,K,6
OUTPUT,NaN,NaN,NaN,NaN,NaN,NaN

INPUT,0.39296767115593,0.0490628927946091,0.758720993995667,-2.39570021629333,3.01141047477722,-1.59533298015594,K,7
OUTPUT,NaN,NaN,NaN,NaN,NaN,NaN

INPUT,0.398022919893265,0.0501298569142818,0.767286002635956,-2.42491459846497,3.00283813476563,-1.56474268436432,K,8
OUTPUT,NaN,NaN,NaN,NaN,NaN,NaN

INPUT,0.401056051254272,0.0507700368762016,0.7724249958992,-2.44238615036011,2.99778366088867,-1.54652810096741,K,9
OUTPUT,NaN,NaN,NaN,NaN,NaN,NaN

INPUT,0.36069267988205,0.0319221466779709,0.724338054656982,0.648912906646729,3.1368408203125,1.2621043920517,K,4
OUTPUT,NaN,NaN,NaN,NaN,NaN,NaN

INPUT,0.36700114607811,0.0314320996403694,0.737810492515564,0.545000076293945,3.13548469543457,1.26949620246887,K,5
OUTPUT,NaN,NaN,NaN,NaN,NaN,NaN

INPUT,0.37330961227417,0.0309420544654131,0.751282870769501,0.458590179681778,3.13413834571838,1.29439151287079,K,6
OUTPUT,NaN,NaN,NaN,NaN,NaN,NaN

INPUT,0.378216177225113,0.0305609069764614,0.761761367321014,0.398387134075165,3.13310885429382,1.32032012939453,K,7
OUTPUT,NaN,NaN,NaN,NaN,NaN,NaN

INPUT,0.381720870733261,0.0302886590361595,0.76924604177475,0.357996106147766,3.13238668441772,1.34102380275726,K,8
OUTPUT,NaN,NaN,NaN,NaN,NaN,NaN

INPUT,0.383823692798615,0.0301253106445074,0.773736834526062,0.334609359502792,3.13195967674255,1.35406982898712,K,9
OUTPUT,NaN,NaN,NaN,NaN,NaN,NaN

INPUT,0.370617806911469,0.0459473170340061,0.715667724609375,-2.01227164268494,3.04983353614807,-1.67601525783539,K,4
OUTPUT,NaN,NaN,NaN,NaN,NaN,NaN

INPUT,0.380379021167755,0.0482964962720871,0.730997562408447,-2.04617595672607,3.03204655647278,-1.63630032539368,K,5
OUTPUT,NaN,NaN,NaN,NaN,NaN,NaN

INPUT,0.390140205621719,0.0506456717848778,0.746327340602875,-2.08092474937439,3.01440715789795,-1.59735822677612,K,6
OUTPUT,NaN,NaN,NaN,NaN,NaN,NaN

INPUT,0.397732257843018,0.0524728074669838,0.758250534534454,-2.1082763671875,3.00083708763123,-1.56747317314148,K,7
OUTPUT,NaN,NaN,NaN,NaN,NaN,NaN

INPUT,0.403155148029327,0.0537779033184052,0.766767144203186,-2.12790536880493,2.99124479293823,-1.54631793498993,K,8
OUTPUT,NaN,NaN,NaN,NaN,NaN,NaN

INPUT,0.406408905982971,0.0545609630644321,0.77187705039978,-2.13970065116882,2.98553538322449,-1.53369867801666,K,9
OUTPUT,NaN,NaN,NaN,NaN,NaN,NaN

INPUT,0.364449113607407,0.0368929132819176,0.72163450717926,-2.48290538787842,3.09839582443237,-1.93803608417511,K,11
OUTPUT,NaN,NaN,NaN,NaN,NaN,NaN

INPUT,0.369808554649353,0.037170585244894,0.732860684394836,-2.51372694969177,3.09356832504272,-1.90475535392761,K,12
OUTPUT,NaN,NaN,NaN,NaN,NaN,NaN

INPUT,0.375167995691299,0.0374482572078705,0.744086861610413,-2.54477572441101,3.08879041671753,-1.87169468402863,K,13
OUTPUT,NaN,NaN,NaN,NaN,NaN,NaN

INPUT,0.380527406930923,0.0377259254455566,0.755313098430634,-2.57599449157715,3.08406639099121,-1.83879590034485,K,14
OUTPUT,NaN,NaN,NaN,NaN,NaN,NaN

INPUT,0.38588684797287,0.0380036011338234,0.76653927564621,-2.60734462738037,3.07940149307251,-1.80601978302002,K,15
OUTPUT,NaN,NaN,NaN,NaN,NaN,NaN

INPUT,0.390710353851318,0.0382535047829151,0.776642858982086,-2.63564872741699,3.07525753974915,-1.77660226821899,K,16
OUTPUT,NaN,NaN,NaN,NaN,NaN,NaN

INPUT,0.394461959600449,0.0384478755295277,0.784501194953918,-2.65771126747131,3.07207250595093,-1.75376498699188,K,17
OUTPUT,NaN,NaN,NaN,NaN,NaN,NaN

INPUT,0.397141665220261,0.0385867096483707,0.790114283561707,-2.67349290847778,3.06981897354126,-1.73747205734253,K,18
OUTPUT,NaN,NaN,NaN,NaN,NaN,NaN

INPUT,0.398749500513077,0.0386700108647346,0.793482184410095,-2.68296980857849,3.06847548484802,-1.72770309448242,K,19
OUTPUT,NaN,NaN,NaN,NaN,NaN,NaN

INPUT,0.399285435676575,0.0386977791786194,0.794604778289795,-2.68613028526306,3.06802916526794,-1.72444796562195,K,20
OUTPUT,NaN,NaN,NaN,NaN,NaN,NaN

INPUT,0.365786045789719,0.042603712528944,0.720720052719116,-2.36878275871277,3.07491755485535,-1.83668923377991,K,11
OUTPUT,NaN,NaN,NaN,NaN,NaN,NaN

INPUT,0.371303468942642,0.0435534454882145,0.731837213039398,-2.39921736717224,3.0673885345459,-1.80449450016022,K,12
OUTPUT,NaN,NaN,NaN,NaN,NaN,NaN

INPUT,0.376820862293243,0.044503178447485,0.742954313755035,-2.42982196807861,3.05993223190308,-1.77245247364044,K,13
OUTPUT,NaN,NaN,NaN,NaN,NaN,NaN

INPUT,0.382338285446167,0.0454529114067554,0.754071414470673,-2.46055603027344,3.05255579948425,-1.7405207157135,K,14
OUTPUT,NaN,NaN,NaN,NaN,NaN,NaN

INPUT,0.387855708599091,0.0464026406407356,0.765188574790955,-2.4913911819458,3.04526662826538,-1.70866978168488,K,15
OUTPUT,NaN,NaN,NaN,NaN,NaN,NaN

INPUT,0.392821371555328,0.0472574010491371,0.775193989276886,-2.51921319961548,3.03878712654114,-1.68005573749542,K,16
OUTPUT,NaN,NaN,NaN,NaN,NaN,NaN

INPUT,0.396683573722839,0.0479222126305103,0.782975971698761,-2.54089188575745,3.03380346298218,-1.65782678127289,K,17
OUTPUT,NaN,NaN,NaN,NaN,NaN,NaN

INPUT,0.399442285299301,0.0483970791101456,0.78853452205658,-2.55639505386353,3.03027558326721,-1.64196026325226,K,18
OUTPUT,NaN,NaN,NaN,NaN,NaN,NaN

INPUT,0.401097506284714,0.0486820004880428,0.791869699954987,-2.56570410728455,3.02817177772522,-1.63244426250458,K,19
OUTPUT,NaN,NaN,NaN,NaN,NaN,NaN

INPUT,0.401649236679077,0.0487769730389118,0.792981386184692,-2.56880807876587,3.02747273445129,-1.62927293777466,K,20
OUTPUT,NaN,NaN,NaN,NaN,NaN,NaN

INPUT,0.373066753149033,0.0351264141499996,0.721945405006409,-2.69115233421326,3.05884385108948,-1.74089801311493,K,11
OUTPUT,NaN,NaN,NaN,NaN,NaN,NaN

INPUT,0.379440724849701,0.0351964756846428,0.733206689357758,-2.74650454521179,3.05009078979492,-1.68433344364166,K,12
OUTPUT,NaN,NaN,NaN,NaN,NaN,NaN

INPUT,0.385814726352692,0.035266537219286,0.744467914104462,-2.80198311805725,3.04162406921387,-1.62785112857819,K,13
OUTPUT,NaN,NaN,NaN,NaN,NaN,NaN

INPUT,0.39218869805336,0.0353365987539291,0.755729198455811,-2.85756182670593,3.03346991539001,-1.57142269611359,K,14
OUTPUT,NaN,NaN,NaN,NaN,NaN,NaN

INPUT,0.398562699556351,0.0354066602885723,0.766990423202515,-2.91322326660156,3.02565455436707,-1.51502871513367,K,15
OUTPUT,NaN,NaN,NaN,NaN,NaN,NaN

INPUT,0.404299288988113,0.0354697145521641,0.777125597000122,-2.96337890625,3.01893043518066,-1.46429181098938,K,16
OUTPUT,NaN,NaN,NaN,NaN,NaN,NaN

INPUT,0.408761084079742,0.0355187579989433,0.785008490085602,-3.00242376327515,3.0139148235321,-1.42483639717102,K,17
OUTPUT,NaN,NaN,NaN,NaN,NaN,NaN

INPUT,0.411948084831238,0.0355537869036198,0.790639102458954,-3.03032970428467,3.01045203208923,-1.39665591716766,K,18
OUTPUT,NaN,NaN,NaN,NaN,NaN,NaN

INPUT,0.413860261440277,0.0355748049914837,0.794017493724823,-3.04707980155945,3.00842356681824,-1.37974798679352,K,19
OUTPUT,NaN,NaN,NaN,NaN,NaN,NaN

INPUT,0.414497673511505,0.0355818122625351,0.795143604278564,-3.05266404151917,3.00775575637817,-1.37411201000214,K,20
OUTPUT,NaN,NaN,NaN,NaN,NaN,NaN

INPUT,0.368488371372223,0.0417595021426678,0.721845090389252,-2.35869264602661,3.0885910987854,-1.71848011016846,K,11
OUTPUT,NaN,NaN,NaN,NaN,NaN,NaN

INPUT,0.374324232339859,0.0426100119948387,0.733093559741974,-2.39519691467285,3.08269834518433,-1.67964887619019,K,12
OUTPUT,NaN,NaN,NaN,NaN,NaN,NaN

INPUT,0.380160123109818,0.0434605218470097,0.744342088699341,-2.43191838264465,3.07688903808594,-1.64102149009705,K,13
OUTPUT,NaN,NaN,NaN,NaN,NaN,NaN

INPUT,0.385996013879776,0.0443110279738903,0.755590558052063,-2.4688024520874,3.0711715221405,-1.60254311561584,K,14
OUTPUT,NaN,NaN,NaN,NaN,NaN,NaN

INPUT,0.391831904649734,0.0451615378260612,0.76683908700943,-2.50581288337708,3.06555390357971,-1.56417596340179,K,15
OUTPUT,NaN,NaN,NaN,NaN,NaN,NaN

INPUT,0.397084176540375,0.045926995575428,0.776962697505951,-2.53920912742615,3.06059002876282,-1.52971839904785,K,16
OUTPUT,NaN,NaN,NaN,NaN,NaN,NaN

INPUT,0.401169300079346,0.0465223528444767,0.784836649894714,-2.56523108482361,3.0567934513092,-1.50295603275299,K,17
OUTPUT,NaN,NaN,NaN,NaN,NaN,NaN

INPUT,0.404087245464325,0.046947605907917,0.79046094417572,-2.58384013175964,3.05411744117737,-1.4838570356369,K,18
OUTPUT,NaN,NaN,NaN,NaN,NaN,NaN

INPUT,0.405838012695313,0.0472027584910393,0.793835461139679,-2.59501361846924,3.0525267124176,-1.47240352630615,K,19
OUTPUT,NaN,NaN,NaN,NaN,NaN,NaN

INPUT,0.406421601772308,0.0472878105938435,0.79496031999588,-2.59873962402344,3.05199885368347,-1.46858668327332,K,20
OUTPUT,NaN,NaN,NaN,NaN,NaN,NaN

INPUT,0.356826961040497,0.0318024381995201,0.733291208744049,0.639864265918732,3.11331915855408,1.38088846206665,K,12
OUTPUT,NaN,NaN,NaN,NaN,NaN,NaN

INPUT,0.360820561647415,0.0315152108669281,0.744561433792114,0.599047958850861,3.11041474342346,1.41806542873383,K,13
OUTPUT,NaN,NaN,NaN,NaN,NaN,NaN

INPUT,0.364814162254333,0.0312279835343361,0.755831599235535,0.55853807926178,3.10755753517151,1.45555222034454,K,14
OUTPUT,NaN,NaN,NaN,NaN,NaN,NaN

INPUT,0.368807762861252,0.0309407543390989,0.7671018242836,0.518258452415466,3.10475206375122,1.49327313899994,K,15
OUTPUT,NaN,NaN,NaN,NaN,NaN,NaN

INPUT,0.372401982545853,0.0306822489947081,0.777245044708252,0.4821597635746,3.10227465629578,1.52737832069397,K,16
OUTPUT,NaN,NaN,NaN,NaN,NaN,NaN

INPUT,0.375197499990463,0.0304811894893646,0.785134196281433,0.454163998365402,3.10038137435913,1.55398797988892,K,17
OUTPUT,NaN,NaN,NaN,NaN,NaN,NaN

INPUT,0.377194315195084,0.0303375758230686,0.790769279003143,0.434203892946243,3.09904766082764,1.57303297519684,K,18
OUTPUT,NaN,NaN,NaN,NaN,NaN,NaN

INPUT,0.378392398357391,0.0302514061331749,0.794150352478027,0.42224109172821,3.0982551574707,1.58447360992432,K,19
OUTPUT,NaN,NaN,NaN,NaN,NaN,NaN

INPUT,0.378791749477386,0.0302226841449738,0.79527735710144,0.418255507946014,3.09799218177795,1.58828938007355,K,20
OUTPUT,NaN,NaN,NaN,NaN,NaN,NaN

INPUT,0.361140549182892,0.0347992777824402,0.734141826629639,0.410491824150085,3.13330411911011,1.47413861751556,K,12
OUTPUT,NaN,NaN,NaN,NaN,NaN,NaN

INPUT,0.365584284067154,0.0348267704248428,0.745507776737213,0.346895426511765,3.1324200630188,1.52248799800873,K,13
OUTPUT,NaN,NaN,NaN,NaN,NaN,NaN

INPUT,0.370028018951416,0.0348542667925358,0.756873726844788,0.284621268510818,3.13156414031982,1.57216024398804,K,14
OUTPUT,NaN,NaN,NaN,NaN,NaN,NaN

INPUT,0.374471783638,0.0348817631602287,0.768239676952362,0.223322689533234,3.13073945045471,1.6228084564209,K,15
OUTPUT,NaN,NaN,NaN,NaN,NaN,NaN

INPUT,0.37847113609314,0.0349065102636814,0.778469026088715,0.16879066824913,3.13002586364746,1.66902899742126,K,16
OUTPUT,NaN,NaN,NaN,NaN,NaN,NaN

INPUT,0.381581753492355,0.0349257551133633,0.786425232887268,0.126709654927254,3.12949109077454,1.70531141757965,K,17
OUTPUT,NaN,NaN,NaN,NaN,NaN,NaN

INPUT,0.383803635835648,0.0349395051598549,0.792108178138733,0.0968020483851433,3.12912034988403,1.73137760162354,K,18
OUTPUT,NaN,NaN,NaN,NaN,NaN,NaN

INPUT,0.385136753320694,0.0349477529525757,0.795517981052399,0.0789106488227844,3.12890243530273,1.74707078933716,K,19
OUTPUT,NaN,NaN,NaN,NaN,NaN,NaN

INPUT,0.385581135749817,0.0349505022168159,0.796654582023621,0.0729552283883095,3.12883067131042,1.75231003761292,K,20
OUTPUT,NaN,NaN,NaN,NaN,NaN,NaN

INPUT,0.373732507228851,0.0369398184120655,0.731386780738831,-2.53582906723022,3.0898323059082,-1.89091145992279,K,5
OUTPUT,NaN,NaN,NaN,NaN,NaN,NaN

INPUT,0.382456332445145,0.03733991086483,0.746964752674103,-2.58963894844055,3.08174681663513,-1.82987105846405,K,6
OUTPUT,NaN,NaN,NaN,NaN,NaN,NaN

INPUT,0.389241516590118,0.0376510918140411,0.759080946445465,-2.63187503814697,3.07562565803528,-1.78324496746063,K,7
OUTPUT,NaN,NaN,NaN,NaN,NaN,NaN

INPUT,0.394088089466095,0.0378733649849892,0.767735362052917,-2.66205477714539,3.07136392593384,-1.75041258335114,K,8
OUTPUT,NaN,NaN,NaN,NaN,NaN,NaN

INPUT,0.396996021270752,0.0380067303776741,0.772928059101105,-2.68011999130249,3.06885623931885,-1.73091316223145,K,9
OUTPUT,NaN,NaN,NaN,NaN,NaN,NaN

INPUT,0.375064253807068,0.0433209538459778,0.73044228553772,-2.41913032531738,3.06172442436218,-1.78972005844116,K,5
OUTPUT,NaN,NaN,NaN,NaN,NaN,NaN

INPUT,0.383945822715759,0.0448407642543316,0.74580317735672,-2.47290444374084,3.04904127120972,-1.73111546039581,K,6
OUTPUT,NaN,NaN,NaN,NaN,NaN,NaN

INPUT,0.390853703022003,0.0460228398442268,0.757750570774078,-2.51493954658508,3.03942608833313,-1.68615758419037,K,7
OUTPUT,NaN,NaN,NaN,NaN,NaN,NaN

INPUT,0.395787924528122,0.0468671806156635,0.76628440618515,-2.544917345047,3.03272318840027,-1.65441715717316,K,8
OUTPUT,NaN,NaN,NaN,NaN,NaN,NaN

INPUT,0.398748427629471,0.0473737865686417,0.771404683589935,-2.56284546852112,3.0287754535675,-1.63553726673126,K,9
OUTPUT,NaN,NaN,NaN,NaN,NaN,NaN

INPUT,0.373621851205826,0.0348475500941277,0.717357456684113,-2.68923282623291,3.05911898612976,-1.76338124275208,K,4
OUTPUT,NaN,NaN,NaN,NaN,NaN,NaN

INPUT,0.383738279342651,0.0349791720509529,0.732701122760773,-2.7839572429657,3.04407167434692,-1.65906429290771,K,5
OUTPUT,NaN,NaN,NaN,NaN,NaN,NaN

INPUT,0.393854707479477,0.0351107977330685,0.748044788837433,-2.88000345230103,3.02998685836792,-1.5559276342392,K,6
OUTPUT,NaN,NaN,NaN,NaN,NaN,NaN

INPUT,0.401723027229309,0.0352131724357605,0.759978771209717,-2.95530581474304,3.01978826522827,-1.47620618343353,K,7
OUTPUT,NaN,NaN,NaN,NaN,NaN,NaN

INPUT,0.40734326839447,0.0352862998843193,0.76850301027298,-3.0093297958374,3.01294660568237,-1.41944205760956,K,8
OUTPUT,NaN,NaN,NaN,NaN,NaN,NaN

INPUT,0.410715401172638,0.0353301726281643,0.773617565631866,-3.04182195663452,3.00902938842773,-1.3854386806488,K,9
OUTPUT,NaN,NaN,NaN,NaN,NaN,NaN

INPUT,0.36908808350563,0.0411193482577801,0.716420292854309,-2.36044073104858,3.08808636665344,-1.73685586452484,K,4
OUTPUT,NaN,NaN,NaN,NaN,NaN,NaN

INPUT,0.378564894199371,0.0425074771046638,0.731937408447266,-2.42180275917053,3.07810401916504,-1.66418826580048,K,5
OUTPUT,NaN,NaN,NaN,NaN,NaN,NaN

INPUT,0.388041704893112,0.0438956096768379,0.747454524040222,-2.48470520973206,3.06840515136719,-1.59301948547363,K,6
OUTPUT,NaN,NaN,NaN,NaN,NaN,NaN

INPUT,0.395412564277649,0.0449752658605576,0.759523391723633,-2.53432393074036,3.06108593940735,-1.53832840919495,K,7
OUTPUT,NaN,NaN,NaN,NaN,NaN,NaN

INPUT,0.400677472352982,0.0457464531064034,0.768144011497498,-2.57003736495972,3.05599021911621,-1.49951648712158,K,8
OUTPUT,NaN,NaN,NaN,NaN,NaN,NaN

INPUT,0.403836399316788,0.0462091602385044,0.773316383361816,-2.59155416488647,3.05298948287964,-1.47631013393402,K,9
OUTPUT,NaN,NaN,NaN,NaN,NaN,NaN

INPUT,0.363155663013458,0.0317671373486519,0.737384915351868,0.606728374958038,3.11067366600037,1.42868447303772,K,5
OUTPUT,NaN,NaN,NaN,NaN,NaN,NaN

INPUT,0.369071424007416,0.0313385985791683,0.751033067703247,0.537689447402954,3.10598087310791,1.4849442243576,K,6
OUTPUT,NaN,NaN,NaN,NaN,NaN,NaN

INPUT,0.37367257475853,0.0310052931308746,0.761648297309875,0.485034435987473,3.10242581367493,1.52975070476532,K,7
OUTPUT,NaN,NaN,NaN,NaN,NaN,NaN

INPUT,0.3769591152668,0.0307672154158354,0.769230544567108,0.44782742857933,3.09994268417358,1.56216323375702,K,8
OUTPUT,NaN,NaN,NaN,NaN,NaN,NaN

INPUT,0.378931015729904,0.0306243691593409,0.773779928684235,0.425633937120438,3.09847664833069,1.58174312114716,K,9
OUTPUT,NaN,NaN,NaN,NaN,NaN,NaN

INPUT,0.361701399087906,0.0348532721400261,0.72557532787323,0.480773657560349,3.13476347923279,1.48008894920349,K,4
OUTPUT,NaN,NaN,NaN,NaN,NaN,NaN

INPUT,0.368089884519577,0.0348839350044727,0.739096701145172,0.363355994224548,3.13309144973755,1.54267978668213,K,5
OUTPUT,NaN,NaN,NaN,NaN,NaN,NaN

INPUT,0.374478369951248,0.0349145978689194,0.752618134021759,0.25483250617981,3.13148403167725,1.61416625976563,K,6
OUTPUT,NaN,NaN,NaN,NaN,NaN,NaN

INPUT,0.379447191953659,0.0349384434521198,0.763134777545929,0.173991575837135,3.13028788566589,1.67333400249481,K,7
OUTPUT,NaN,NaN,NaN,NaN,NaN,NaN

INPUT,0.38299635052681,0.0349554792046547,0.770646631717682,0.11753311753273,3.12946653366089,1.71688234806061,K,8
OUTPUT,NaN,NaN,NaN,NaN,NaN,NaN

INPUT,0.3851258456707,0.0349656976759434,0.775153756141663,0.0840565338730812,3.12898778915405,1.74340999126434,K,9
OUTPUT,NaN,NaN,NaN,NaN,NaN,NaN

INPUT,0.36061355471611,0.0361435450613499,0.722090244293213,-2.45502662658691,3.10464262962341,-1.77542877197266,K,11
OUTPUT,NaN,NaN,NaN,NaN,NaN,NaN

INPUT,0.365522891283035,0.0363333895802498,0.733367562294006,-2.49350333213806,3.10058927536011,-1.73395645618439,K,12
OUTPUT,NaN,NaN,NaN,NaN,NaN,NaN

INPUT,0.37043222784996,0.0365232340991497,0.7446448802948,-2.53225135803223,3.09660148620605,-1.69274842739105,K,13
OUTPUT,NaN,NaN,NaN,NaN,NaN,NaN

INPUT,0.375341564416885,0.0367130748927593,0.755922198295593,-2.57120132446289,3.09268522262573,-1.65173578262329,K,14
OUTPUT,NaN,NaN,NaN,NaN,NaN,NaN

INPUT,0.38025090098381,0.0369029194116592,0.767199516296387,-2.61030673980713,3.08884739875793,-1.61087083816528,K,15
OUTPUT,NaN,NaN,NaN,NaN,NaN,NaN

INPUT,0.384669333696365,0.0370737798511982,0.77734911441803,-2.64560699462891,3.08546495437622,-1.57419085502625,K,16
OUTPUT,NaN,NaN,NaN,NaN,NaN,NaN

INPUT,0.388105869293213,0.0372066684067249,0.785243213176727,-2.67311930656433,3.08288431167603,-1.54571390151978,K,17
OUTPUT,NaN,NaN,NaN,NaN,NaN,NaN

INPUT,0.390560537576675,0.03730159252882,0.790881872177124,-2.69279742240906,3.08106899261475,-1.52539706230164,K,18
OUTPUT,NaN,NaN,NaN,NaN,NaN,NaN

INPUT,0.392033338546753,0.0373585447669029,0.79426509141922,-2.70461368560791,3.07999134063721,-1.51321542263031,K,19
OUTPUT,NaN,NaN,NaN,NaN,NaN,NaN

INPUT,0.392524272203445,0.0373775288462639,0.79539281129837,-2.70855402946472,3.07963395118713,-1.50915610790253,K,20
OUTPUT,NaN,NaN,NaN,NaN,NaN,NaN

INPUT,0.365183264017105,0.0359318517148495,0.722599864006042,-2.42142868041992,3.09398603439331,-1.85112237930298,K,11
OUTPUT,NaN,NaN,NaN,NaN,NaN,NaN

INPUT,0.370629608631134,0.0360967181622982,0.733938157558441,-2.45380687713623,3.08866333961487,-1.81640064716339,K,12
OUTPUT,NaN,NaN,NaN,NaN,NaN,NaN

INPUT,0.376075953245163,0.0362615846097469,0.74527645111084,-2.48640298843384,3.08339977264404,-1.78188753128052,K,13
OUTPUT,NaN,NaN,NaN,NaN,NaN,NaN

INPUT,0.381522297859192,0.0364264510571957,0.756614685058594,-2.51916241645813,3.07820177078247,-1.74752724170685,K,14
OUTPUT,NaN,NaN,NaN,NaN,NaN,NaN

INPUT,0.386968642473221,0.0365913212299347,0.767952978610992,-2.55204796791077,3.07307529449463,-1.71328210830688,K,15
OUTPUT,NaN,NaN,NaN,NaN,NaN,NaN

INPUT,0.391870349645615,0.0367396995425224,0.778157413005829,-2.58173084259033,3.06852698326111,-1.68253755569458,K,16
OUTPUT,NaN,NaN,NaN,NaN,NaN,NaN

INPUT,0.395682811737061,0.0368551053106785,0.78609424829483,-2.60486435890198,3.06503534317017,-1.65866494178772,K,17
OUTPUT,NaN,NaN,NaN,NaN,NaN,NaN

INPUT,0.398405969142914,0.0369375422596931,0.791763365268707,-2.62141013145447,3.06256699562073,-1.64163100719452,K,18
OUTPUT,NaN,NaN,NaN,NaN,NaN,NaN

INPUT,0.400039881467819,0.0369869992136955,0.795164823532104,-2.63134551048279,3.06109666824341,-1.63141715526581,K,19
OUTPUT,NaN,NaN,NaN,NaN,NaN,NaN

INPUT,0.400584518909454,0.0370034873485565,0.796298682689667,-2.6346583366394,3.06060838699341,-1.62801337242126,K,20
OUTPUT,NaN,NaN,NaN,NaN,NaN,NaN

INPUT,0.367338091135025,0.0441191010177135,0.719996571540833,-2.09586596488953,3.07062911987305,-1.63584911823273,K,11
OUTPUT,NaN,NaN,NaN,NaN,NaN,NaN

INPUT,0.373038113117218,0.0452470779418945,0.73102867603302,-2.12185382843018,3.06253218650818,-1.60768795013428,K,12
OUTPUT,NaN,NaN,NaN,NaN,NaN,NaN

INPUT,0.378738135099411,0.0463750548660755,0.742060780525208,-2.14805150032043,3.05449318885803,-1.57971930503845,K,13
OUTPUT,NaN,NaN,NaN,NaN,NaN,NaN

INPUT,0.384438127279282,0.0475030317902565,0.753092885017395,-2.1744077205658,3.04651784896851,-1.55189049243927,K,14
OUTPUT,NaN,NaN,NaN,NaN,NaN,NaN

INPUT,0.390138149261475,0.0486310087144375,0.764124929904938,-2.20088744163513,3.03861212730408,-1.52416479587555,K,15
OUTPUT,NaN,NaN,NaN,NaN,NaN,NaN

INPUT,0.395268172025681,0.0496461875736713,0.774053812026978,-2.22480511665344,3.03156137466431,-1.49927842617035,K,16
OUTPUT,NaN,NaN,NaN,NaN,NaN,NaN

INPUT,0.39925816655159,0.0504357740283012,0.781776309013367,-2.24345469474792,3.02612233161926,-1.4799565076828,K,17
OUTPUT,NaN,NaN,NaN,NaN,NaN,NaN

INPUT,0.402108192443848,0.0509997606277466,0.78729236125946,-2.25679802894592,3.02226281166077,-1.46617031097412,K,18
OUTPUT,NaN,NaN,NaN,NaN,NaN,NaN

INPUT,0.403818190097809,0.051338154822588,0.790601968765259,-2.26481246948242,3.01995754241943,-1.45790374279022,K,19
OUTPUT,NaN,NaN,NaN,NaN,NaN,NaN

INPUT,0.404388189315796,0.0514509528875351,0.791705191135406,-2.26748514175415,3.01919078826904,-1.45514905452728,K,20
OUTPUT,NaN,NaN,NaN,NaN,NaN,NaN

INPUT,0.361874848604202,0.0349030531942844,0.732644855976105,-2.25111389160156,3.13749504089355,-1.74138987064362,K,12
OUTPUT,NaN,NaN,NaN,NaN,NaN,NaN

INPUT,0.366399854421616,0.0349421128630638,0.743847131729126,-2.26268482208252,3.13715291023254,-1.69932639598846,K,13
OUTPUT,NaN,NaN,NaN,NaN,NaN,NaN

INPUT,0.370924860239029,0.0349811762571335,0.755049407482147,-2.27643203735352,3.13681292533875,-1.65943944454193,K,14
OUTPUT,NaN,NaN,NaN,NaN,NaN,NaN

INPUT,0.375449866056442,0.0350202359259129,0.766251683235168,-2.29190897941589,3.13647556304932,-1.62128210067749,K,15
OUTPUT,NaN,NaN,NaN,NaN,NaN,NaN

INPUT,0.379522383213043,0.0350553914904594,0.776333749294281,-2.30704045295715,3.13617467880249,-1.58814239501953,K,16
OUTPUT,NaN,NaN,NaN,NaN,NaN,NaN

INPUT,0.382689863443375,0.0350827351212502,0.784175336360931,-2.31946969032288,3.13594269752502,-1.56302762031555,K,17
OUTPUT,NaN,NaN,NaN,NaN,NaN,NaN

INPUT,0.384952366352081,0.035102266818285,0.789776504039764,-2.3286566734314,3.13577795028687,-1.54539752006531,K,18
OUTPUT,NaN,NaN,NaN,NaN,NaN,NaN

INPUT,0.386309891939163,0.0351139828562737,0.793137192726135,-2.33428168296814,3.1356794834137,-1.53493213653564,K,19
OUTPUT,NaN,NaN,NaN,NaN,NaN,NaN

INPUT,0.386762380599976,0.0351178906857967,0.794257402420044,-2.33617448806763,3.13564682006836,-1.53146135807037,K,20
OUTPUT,NaN,NaN,NaN,NaN,NaN,NaN

INPUT,0.362256199121475,0.0403246618807316,0.721970677375793,-2.15084767341614,3.09853720664978,-1.65940165519714,K,11
OUTPUT,NaN,NaN,NaN,NaN,NaN,NaN

INPUT,0.367358475923538,0.0410061739385128,0.733234941959381,-2.17802619934082,3.09367322921753,-1.6287659406662,K,12
OUTPUT,NaN,NaN,NaN,NaN,NaN,NaN

INPUT,0.372460782527924,0.041687685996294,0.744499206542969,-2.20552563667297,3.08884906768799,-1.59844422340393,K,13
OUTPUT,NaN,NaN,NaN,NaN,NaN,NaN

INPUT,0.377563089132309,0.0423691980540752,0.755763530731201,-2.23326420783997,3.08406901359558,-1.56835460662842,K,14
OUTPUT,NaN,NaN,NaN,NaN,NaN,NaN

INPUT,0.382665395736694,0.0430507101118565,0.767027795314789,-2.26118636131287,3.07933688163757,-1.53844046592712,K,15
OUTPUT,NaN,NaN,NaN,NaN,NaN,NaN

INPUT,0.38725745677948,0.0436640717089176,0.777165651321411,-2.28644061088562,3.07512211799622,-1.51163470745087,K,16
OUTPUT,NaN,NaN,NaN,NaN,NaN,NaN

INPUT,0.390829086303711,0.0441411286592484,0.785050630569458,-2.30614948272705,3.07187509536743,-1.49084782600403,K,17
OUTPUT,NaN,NaN,NaN,NaN,NaN,NaN

INPUT,0.393380224704742,0.044481884688139,0.790682792663574,-2.32025861740112,3.06957316398621,-1.47602832317352,K,18
OUTPUT,NaN,NaN,NaN,NaN,NaN,NaN

INPUT,0.394910931587219,0.0446863397955894,0.794062077999115,-2.32873511314392,3.06819915771484,-1.46714675426483,K,19
OUTPUT,NaN,NaN,NaN,NaN,NaN,NaN

INPUT,0.395421147346497,0.0447544902563095,0.79518848657608,-2.33156251907349,3.06774234771729,-1.4641877412796,K,20
OUTPUT,NaN,NaN,NaN,NaN,NaN,NaN

INPUT,0.369211107492447,0.0361324697732925,0.731742739677429,-2.52454495429993,3.09737491607666,-1.71997368335724,K,5
OUTPUT,NaN,NaN,NaN,NaN,NaN,NaN

INPUT,0.377199172973633,0.0363936126232147,0.747470617294312,-2.58968925476074,3.09075379371643,-1.64300143718719,K,6
OUTPUT,NaN,NaN,NaN,NaN,NaN,NaN

INPUT,0.38341212272644,0.0365967229008675,0.759703397750854,-2.64131927490234,3.08577871322632,-1.58408045768738,K,7
OUTPUT,NaN,NaN,NaN,NaN,NaN,NaN

INPUT,0.387849926948547,0.0367418006062508,0.768441081047058,-2.67857193946838,3.08232831954956,-1.54235899448395,K,8
OUTPUT,NaN,NaN,NaN,NaN,NaN,NaN

INPUT,0.390512615442276,0.0368288494646549,0.773683667182922,-2.70104503631592,3.08030200004578,-1.51744389533997,K,9
OUTPUT,NaN,NaN,NaN,NaN,NaN,NaN

INPUT,0.365795582532883,0.0355328284204006,0.716932415962219,-2.42185521125793,3.09354376792908,-1.86628758907318,K,4
OUTPUT,NaN,NaN,NaN,NaN,NaN,NaN

INPUT,0.374630004167557,0.0357141941785812,0.732664346694946,-2.47671318054199,3.08451867103577,-1.80178821086884,K,5
OUTPUT,NaN,NaN,NaN,NaN,NaN,NaN

INPUT,0.383464425802231,0.0358955636620522,0.748396277427673,-2.53289175033569,3.07569575309753,-1.73857867717743,K,6
OUTPUT,NaN,NaN,NaN,NaN,NaN,NaN

INPUT,0.390335649251938,0.0360366255044937,0.760632276535034,-2.57718205451965,3.06899380683899,-1.68998825550079,K,7
OUTPUT,NaN,NaN,NaN,NaN,NaN,NaN

INPUT,0.395243674516678,0.0361373834311962,0.769372224807739,-2.60905075073242,3.06430149078369,-1.65549993515015,K,8
OUTPUT,NaN,NaN,NaN,NaN,NaN,NaN

INPUT,0.398188471794128,0.03619784116745,0.774616241455078,-2.6282479763031,3.06152653694153,-1.63487732410431,K,9
OUTPUT,NaN,NaN,NaN,NaN,NaN,NaN

INPUT,0.377048820257187,0.0447479411959648,0.729555666446686,-2.14125442504883,3.05618333816528,-1.59749722480774,K,5
OUTPUT,NaN,NaN,NaN,NaN,NaN,NaN

INPUT,0.386326909065247,0.0464867874979973,0.744783341884613,-2.18621325492859,3.04258275032043,-1.54530942440033,K,6
OUTPUT,NaN,NaN,NaN,NaN,NaN,NaN

INPUT,0.393543183803558,0.0478392206132412,0.756627142429352,-2.22167873382568,3.03220438957214,-1.50546967983246,K,7
OUTPUT,NaN,NaN,NaN,NaN,NaN,NaN

INPUT,0.398697644472122,0.0488052479922771,0.765086948871613,-2.24712181091309,3.0249240398407,-1.4773885011673,K,8
OUTPUT,NaN,NaN,NaN,NaN,NaN,NaN

INPUT,0.401790350675583,0.0493848621845245,0.770162880420685,-2.26239585876465,3.02061605453491,-1.4606899023056,K,9
OUTPUT,NaN,NaN,NaN,NaN,NaN,NaN

INPUT,0.371239960193634,0.0407603234052658,0.731674015522003,-2.20225834846497,3.08972644805908,-1.62078905105591,K,5
OUTPUT,NaN,NaN,NaN,NaN,NaN,NaN

INPUT,0.379578918218613,0.0418134443461895,0.747358858585358,-2.24791431427002,3.08161973953247,-1.5629243850708,K,6
OUTPUT,NaN,NaN,NaN,NaN,NaN,NaN

INPUT,0.386064767837524,0.0426325388252735,0.759558141231537,-2.28429579734802,3.07545065879822,-1.51912820339203,K,7
OUTPUT,NaN,NaN,NaN,NaN,NaN,NaN

INPUT,0.390697538852692,0.0432176068425179,0.768271923065186,-2.31052112579346,3.07113432884216,-1.48842108249664,K,8
OUTPUT,NaN,NaN,NaN,NaN,NaN,NaN

INPUT,0.39347717165947,0.0435686446726322,0.773500204086304,-2.32630014419556,3.06858491897583,-1.47021865844727,K,9
OUTPUT,NaN,NaN,NaN,NaN,NaN,NaN

INPUT,0.362173706293106,0.0348779298365116,0.724026083946228,-2.36535787582397,3.13677334785461,-1.88691425323486,K,4
OUTPUT,NaN,NaN,NaN,NaN,NaN,NaN

INPUT,0.368660688400269,0.0349187478423119,0.737322688102722,-2.34936618804932,3.13648080825806,-1.78429186344147,K,5
OUTPUT,NaN,NaN,NaN,NaN,NaN,NaN

INPUT,0.375147640705109,0.0349595695734024,0.750619351863861,-2.33986639976501,3.13618159294128,-1.68816125392914,K,6
OUTPUT,NaN,NaN,NaN,NaN,NaN,NaN

INPUT,0.380193054676056,0.0349913164973259,0.760961174964905,-2.33637404441833,3.13594722747803,-1.61749660968781,K,7
OUTPUT,NaN,NaN,NaN,NaN,NaN,NaN

INPUT,0.383796900510788,0.0350139960646629,0.768348157405853,-2.33571290969849,3.13578009605408,-1.56905853748322,K,8
OUTPUT,NaN,NaN,NaN,NaN,NaN,NaN

INPUT,0.38595923781395,0.0350276045501232,0.772780358791351,-2.3359808921814,3.13568019866943,-1.54076719284058,K,9
OUTPUT,NaN,NaN,NaN,NaN,NaN,NaN

INPUT,0.36200150847435,0.0390086807310581,0.720993518829346,-2.56056642532349,3.11189675331116,-1.84360134601593,K,11
OUTPUT,NaN,NaN,NaN,NaN,NaN,NaN

INPUT,0.367073595523834,0.0395354479551315,0.732142686843872,-2.6010422706604,3.10868334770203,-1.79973804950714,K,12
OUTPUT,NaN,NaN,NaN,NaN,NaN,NaN

INPUT,0.372145712375641,0.0400622114539146,0.743291914463043,-2.6418194770813,3.10552835464478,-1.75617170333862,K,13
OUTPUT,NaN,NaN,NaN,NaN,NaN,NaN

INPUT,0.377217799425125,0.0405889786779881,0.754441142082214,-2.68282127380371,3.1024374961853,-1.71282541751862,K,14
OUTPUT,NaN,NaN,NaN,NaN,NaN,NaN

INPUT,0.382289886474609,0.0411157459020615,0.765590369701385,-2.72399568557739,3.09941625595093,-1.66964638233185,K,15
OUTPUT,NaN,NaN,NaN,NaN,NaN,NaN

INPUT,0.3868547976017,0.0415898337960243,0.775624692440033,-2.76116895675659,3.09676098823547,-1.63089716434479,K,16
OUTPUT,NaN,NaN,NaN,NaN,NaN,NaN

INPUT,0.390405267477036,0.0419585704803467,0.783429145812988,-2.79014420509338,3.09474015235901,-1.60081851482391,K,17
OUTPUT,NaN,NaN,NaN,NaN,NaN,NaN

INPUT,0.392941296100616,0.0422219522297382,0.789003729820251,-2.8108696937561,3.09332156181335,-1.57936096191406,K,18
OUTPUT,NaN,NaN,NaN,NaN,NaN,NaN

INPUT,0.394462943077087,0.0423799827694893,0.792348504066467,-2.82331538200378,3.09248089790344,-1.56649613380432,K,19
OUTPUT,NaN,NaN,NaN,NaN,NaN,NaN

INPUT,0.394970148801804,0.0424326583743095,0.793463408946991,-2.82746553421021,3.09220218658447,-1.56220936775208,K,20
OUTPUT,NaN,NaN,NaN,NaN,NaN,NaN

INPUT,0.367730110883713,0.0382668040692806,0.720840752124786,-2.64056301116943,3.0771815776825,-1.92830419540405,K,11
OUTPUT,NaN,NaN,NaN,NaN,NaN,NaN

INPUT,0.373503834009171,0.0387032143771648,0.73195469379425,-2.6822772026062,3.07006168365479,-1.88616895675659,K,12
OUTPUT,NaN,NaN,NaN,NaN,NaN,NaN

INPUT,0.379277557134628,0.0391396246850491,0.743068635463715,-2.72403979301453,3.06306743621826,-1.84406113624573,K,13
OUTPUT,NaN,NaN,NaN,NaN,NaN,NaN

INPUT,0.385051250457764,0.0395760349929333,0.754182577133179,-2.7658417224884,3.05621123313904,-1.80196988582611,K,14
OUTPUT,NaN,NaN,NaN,NaN,NaN,NaN

INPUT,0.390824973583221,0.0400124453008175,0.765296578407288,-2.80767703056335,3.04950499534607,-1.75988757610321,K,15
OUTPUT,NaN,NaN,NaN,NaN,NaN,NaN

INPUT,0.39602130651474,0.0404052138328552,0.77529913187027,-2.84535431861877,3.04360747337341,-1.72201693058014,K,16
OUTPUT,NaN,NaN,NaN,NaN,NaN,NaN

INPUT,0.400062918663025,0.0407107025384903,0.783078908920288,-2.87467360496521,3.03911662101746,-1.69256222248077,K,17
OUTPUT,NaN,NaN,NaN,NaN,NaN,NaN

INPUT,0.402949750423431,0.0409289076924324,0.788635849952698,-2.89562368392944,3.0359628200531,-1.6715224981308,K,18
OUTPUT,NaN,NaN,NaN,NaN,NaN,NaN

INPUT,0.404681861400604,0.0410598292946815,0.791970074176788,-2.90819668769836,3.03409266471863,-1.65889835357666,K,19
OUTPUT,NaN,NaN,NaN,NaN,NaN,NaN

INPUT,0.405259251594543,0.041103471070528,0.79308146238327,-2.91238808631897,3.03347301483154,-1.65469014644623,K,20
OUTPUT,NaN,NaN,NaN,NaN,NaN,NaN

INPUT,0.363998591899872,0.0379757471382618,0.722045063972473,-2.3661630153656,3.10845160484314,-1.97979855537415,K,11
OUTPUT,NaN,NaN,NaN,NaN,NaN,NaN

INPUT,0.369305729866028,0.0383809991180897,0.733318030834198,-2.38731169700623,3.10470914840698,-1.95550692081451,K,12
OUTPUT,NaN,NaN,NaN,NaN,NaN,NaN

INPUT,0.374612897634506,0.0387862548232079,0.744590997695923,-2.4087507724762,3.10098528862,-1.9315025806427,K,13
OUTPUT,NaN,NaN,NaN,NaN,NaN,NaN

INPUT,0.37992000579834,0.039191510528326,0.755863904953003,-2.43040657043457,3.09728264808655,-1.90771150588989,K,14
OUTPUT,NaN,NaN,NaN,NaN,NaN,NaN

INPUT,0.385227173566818,0.0395967625081539,0.767136871814728,-2.452228307724,3.09360265731812,-1.88408267498016,K,15
OUTPUT,NaN,NaN,NaN,NaN,NaN,NaN

INPUT,0.390003591775894,0.0399614945054054,0.777282536029816,-2.47198009490967,3.09031176567078,-1.86292564868927,K,16
OUTPUT,NaN,NaN,NaN,NaN,NaN,NaN

INPUT,0.393718600273132,0.040245171636343,0.78517359495163,-2.48740315437317,3.08776688575745,-1.84652817249298,K,17
OUTPUT,NaN,NaN,NaN,NaN,NaN,NaN

INPUT,0.39637216925621,0.0404477976262569,0.790810108184814,-2.49844741821289,3.08595752716064,-1.8348423242569,K,18
OUTPUT,NaN,NaN,NaN,NaN,NaN,NaN

INPUT,0.397964298725128,0.0405693762004375,0.794191956520081,-2.50508403778076,3.0848753452301,-1.82784032821655,K,19
OUTPUT,NaN,NaN,NaN,NaN,NaN,NaN

INPUT,0.398495018482208,0.0406098999083042,0.795319259166718,-2.5072979927063,3.08451509475708,-1.82550776004791,K,20
OUTPUT,NaN,NaN,NaN,NaN,NaN,NaN

INPUT,0.364556401968002,0.0347692146897316,0.733563363552094,-2.67611813545227,3.1399257183075,-1.8497679233551,K,12
OUTPUT,NaN,NaN,NaN,NaN,NaN,NaN

INPUT,0.36936366558075,0.0347942970693111,0.744862198829651,-2.69385695457458,3.13985633850098,-1.78054404258728,K,13
OUTPUT,NaN,NaN,NaN,NaN,NaN,NaN

INPUT,0.374170929193497,0.0348193794488907,0.756160914897919,-2.71354460716248,3.13978934288025,-1.71326899528503,K,14
OUTPUT,NaN,NaN,NaN,NaN,NaN,NaN

INPUT,0.378978192806244,0.0348444618284702,0.767459750175476,-2.73491096496582,3.13972449302673,-1.64767277240753,K,15
OUTPUT,NaN,NaN,NaN,NaN,NaN,NaN

INPUT,0.383304715156555,0.0348670333623886,0.777628660202026,-2.75538754463196,3.13966870307922,-1.58988320827484,K,16
OUTPUT,NaN,NaN,NaN,NaN,NaN,NaN

INPUT,0.386669814586639,0.0348845906555653,0.785537779331207,-2.77203488349915,3.1396267414093,-1.54565644264221,K,17
OUTPUT,NaN,NaN,NaN,NaN,NaN,NaN

INPUT,0.389073431491852,0.0348971337080002,0.791187167167664,-2.7842755317688,3.13959765434265,-1.5144157409668,K,18
OUTPUT,NaN,NaN,NaN,NaN,NaN,NaN

INPUT,0.390515625476837,0.0349046587944031,0.794576823711395,-2.79175019264221,3.13958072662354,-1.4958016872406,K,19
OUTPUT,NaN,NaN,NaN,NaN,NaN,NaN

INPUT,0.390996336936951,0.0349071659147739,0.795706689357758,-2.79426264762878,3.13957500457764,-1.48961770534515,K,20
OUTPUT,NaN,NaN,NaN,NaN,NaN,NaN

INPUT,0.372047930955887,0.0359158180654049,0.721364259719849,-2.55857443809509,3.06534337997437,-1.87862634658813,K,11
OUTPUT,NaN,NaN,NaN,NaN,NaN,NaN

INPUT,0.378302395343781,0.036078903824091,0.732556283473969,-2.59799671173096,3.056884765625,-1.83798921108246,K,12
OUTPUT,NaN,NaN,NaN,NaN,NaN,NaN

INPUT,0.384556829929352,0.0362419933080673,0.743748247623444,-2.63754272460938,3.04856204986572,-1.79744744300842,K,13
OUTPUT,NaN,NaN,NaN,NaN,NaN,NaN

INPUT,0.390811294317245,0.0364050790667534,0.754940211772919,-2.67718505859375,3.0403881072998,-1.75697159767151,K,14
OUTPUT,NaN,NaN,NaN,NaN,NaN,NaN

INPUT,0.397065728902817,0.0365681685507298,0.766132175922394,-2.71690559387207,3.03237628936768,-1.71654081344604,K,15
OUTPUT,NaN,NaN,NaN,NaN,NaN,NaN

INPUT,0.40269473195076,0.0367149449884892,0.776205003261566,-2.75271034240723,3.02531504631042,-1.68017983436584,K,16
OUTPUT,NaN,NaN,NaN,NaN,NaN,NaN

INPUT,0.407072842121124,0.0368291065096855,0.784039378166199,-2.78059053421021,3.01992678642273,-1.65191090106964,K,17
OUTPUT,NaN,NaN,NaN,NaN,NaN,NaN

INPUT,0.41020005941391,0.0369106531143188,0.789635360240936,-2.80052089691162,3.01613664627075,-1.63172340393066,K,18
OUTPUT,NaN,NaN,NaN,NaN,NaN,NaN

INPUT,0.412076413631439,0.0369595773518085,0.792992949485779,-2.81248497962952,3.01388645172119,-1.61961221694946,K,19
OUTPUT,NaN,NaN,NaN,NaN,NaN,NaN

INPUT,0.412701845169067,0.0369758866727352,0.794112145900726,-2.81647396087646,3.01314043998718,-1.6155754327774,K,20
OUTPUT,NaN,NaN,NaN,NaN,NaN,NaN

INPUT,0.370922058820724,0.0396498218178749,0.730405449867249,-2.63486003875732,3.10607361793518,-1.78588140010834,K,5
OUTPUT,NaN,NaN,NaN,NaN,NaN,NaN

INPUT,0.379241287708282,0.0405418090522289,0.745915114879608,-2.70295810699463,3.10087156295776,-1.7041335105896,K,6
OUTPUT,NaN,NaN,NaN,NaN,NaN,NaN

INPUT,0.385711818933487,0.0412355773150921,0.757978141307831,-2.75700879096985,3.09698104858398,-1.64162683486938,K,7
OUTPUT,NaN,NaN,NaN,NaN,NaN,NaN

INPUT,0.390333622694016,0.0417311266064644,0.766594648361206,-2.79603862762451,3.09429359436035,-1.59739530086517,K,8
OUTPUT,NaN,NaN,NaN,NaN,NaN,NaN

INPUT,0.393106698989868,0.0420284532010555,0.771764516830444,-2.81959366798401,3.09272003173828,-1.57099103927612,K,9
OUTPUT,NaN,NaN,NaN,NaN,NaN,NaN

INPUT,0.368105590343475,0.0378890410065651,0.715382695198059,-2.63936948776245,3.07728099822998,-1.9453296661377,K,4
OUTPUT,NaN,NaN,NaN,NaN,NaN,NaN

INPUT,0.377384036779404,0.0386101230978966,0.730686783790588,-2.71058654785156,3.06504130363464,-1.86744439601898,K,5
OUTPUT,NaN,NaN,NaN,NaN,NaN,NaN

INPUT,0.386662483215332,0.0393312051892281,0.745990931987762,-2.78274512290955,3.05322599411011,-1.79043209552765,K,6
OUTPUT,NaN,NaN,NaN,NaN,NaN,NaN

INPUT,0.393879055976868,0.0398920439183712,0.757894158363342,-2.83929514884949,3.04437232017517,-1.73090779781342,K,7
OUTPUT,NaN,NaN,NaN,NaN,NaN,NaN

INPUT,0.399033755064011,0.0402926467359066,0.766396403312683,-2.8798565864563,3.03824639320374,-1.68852913379669,K,8
OUTPUT,NaN,NaN,NaN,NaN,NaN,NaN

INPUT,0.402126550674438,0.0405330061912537,0.771497786045074,-2.9042489528656,3.03465557098389,-1.6631453037262,K,9
OUTPUT,NaN,NaN,NaN,NaN,NaN,NaN

INPUT,0.373387336730957,0.0382183939218521,0.731820344924927,-2.40453243255615,3.10161256790161,-1.94730150699615,K,5
OUTPUT,NaN,NaN,NaN,NaN,NaN,NaN

INPUT,0.382095247507095,0.0388359315693378,0.747491657733917,-2.44084477424622,3.09536576271057,-1.90248477458954,K,6
OUTPUT,NaN,NaN,NaN,NaN,NaN,NaN

INPUT,0.388868093490601,0.0393162369728088,0.759680509567261,-2.46972846984863,3.09057188034058,-1.86843132972717,K,7
OUTPUT,NaN,NaN,NaN,NaN,NaN,NaN

INPUT,0.393705815076828,0.0396593138575554,0.768386781215668,-2.49056100845337,3.08719062805176,-1.8444721698761,K,8
OUTPUT,NaN,NaN,NaN,NaN,NaN,NaN

INPUT,0.396608471870422,0.0398651584982872,0.773610591888428,-2.50310969352722,3.08518147468567,-1.83023238182068,K,9
OUTPUT,NaN,NaN,NaN,NaN,NaN,NaN

INPUT,0.372496604919434,0.0354161113500595,0.716432094573975,-2.55304908752441,3.06524658203125,-1.89100110530853,K,4
OUTPUT,NaN,NaN,NaN,NaN,NaN,NaN

INPUT,0.382496535778046,0.0356123708188534,0.731743931770325,-2.62202835083008,3.05075597763062,-1.81748008728027,K,5
OUTPUT,NaN,NaN,NaN,NaN,NaN,NaN

INPUT,0.392496436834335,0.0358086302876472,0.74705582857132,-2.6916708946228,3.03672552108765,-1.74453008174896,K,6
OUTPUT,NaN,NaN,NaN,NaN,NaN,NaN

INPUT,0.400274157524109,0.0359612740576267,0.758965075016022,-2.74614596366882,3.02617716789246,-1.68802928924561,K,7
OUTPUT,NaN,NaN,NaN,NaN,NaN,NaN

INPUT,0.405829668045044,0.0360703058540821,0.767471671104431,-2.78518223762512,3.01885795593262,-1.64775633811951,K,8
OUTPUT,NaN,NaN,NaN,NaN,NaN,NaN

INPUT,0.409162998199463,0.0361357256770134,0.772575616836548,-2.8086462020874,3.01455807685852,-1.62361800670624,K,9
OUTPUT,NaN,NaN,NaN,NaN,NaN,NaN

INPUT,0.365483671426773,0.0347978994250298,0.72620016336441,-2.79880976676941,3.13884568214417,-2.02253890037537,K,4
OUTPUT,NaN,NaN,NaN,NaN,NaN,NaN

INPUT,0.372226983308792,0.0348231866955757,0.739304840564728,-2.81261324882507,3.13903737068176,-1.89647877216339,K,5
OUTPUT,NaN,NaN,NaN,NaN,NaN,NaN

INPUT,0.378970295190811,0.0348484739661217,0.752409517765045,-2.81721067428589,3.13923239707947,-1.7612122297287,K,6
OUTPUT,NaN,NaN,NaN,NaN,NaN,NaN

INPUT,0.384215086698532,0.0348681434988976,0.762602031230927,-2.81280565261841,3.1393837928772,-1.648024559021,K,7
OUTPUT,NaN,NaN,NaN,NaN,NaN,NaN

INPUT,0.387961387634277,0.0348821915686131,0.769882440567017,-2.80449104309082,3.13949084281921,-1.56200778484344,K,8
OUTPUT,NaN,NaN,NaN,NaN,NaN,NaN

INPUT,0.390209138393402,0.0348906219005585,0.774250626564026,-2.79713916778564,3.13955426216125,-1.50803482532501,K,9
OUTPUT,NaN,NaN,NaN,NaN,NaN,NaN

INPUT,0.36666738986969,0.0376930795609951,0.722113847732544,-2.34474420547485,3.1087806224823,-1.75453591346741,K,11
OUTPUT,NaN,NaN,NaN,NaN,NaN,NaN

INPUT,0.372288674116135,0.0380649752914906,0.733394980430603,-2.37751603126526,3.10514545440674,-1.71788060665131,K,12
OUTPUT,NaN,NaN,NaN,NaN,NaN,NaN

INPUT,0.377909988164902,0.038436871021986,0.744676172733307,-2.41064047813416,3.10155415534973,-1.68157351016998,K,13
OUTPUT,NaN,NaN,NaN,NaN,NaN,NaN

INPUT,0.383531272411346,0.0388087667524815,0.755957245826721,-2.4440279006958,3.09801077842712,-1.64552438259125,K,14
OUTPUT,NaN,NaN,NaN,NaN,NaN,NaN

INPUT,0.389152556657791,0.0391806624829769,0.767238438129425,-2.47761678695679,3.0945200920105,-1.60967135429382,K,15
OUTPUT,NaN,NaN,NaN,NaN,NaN,NaN

INPUT,0.394211709499359,0.0395153686404228,0.77739143371582,-2.50798296928406,3.09142661094666,-1.57753491401672,K,16
OUTPUT,NaN,NaN,NaN,NaN,NaN,NaN

INPUT,0.398146629333496,0.0397756956517696,0.785288214683533,-2.5316743850708,3.08905434608459,-1.55260992050171,K,17
OUTPUT,NaN,NaN,NaN,NaN,NaN,NaN

INPUT,0.400957256555557,0.0399616435170174,0.790928781032562,-2.54863047599792,3.08737874031067,-1.53483819961548,K,18
OUTPUT,NaN,NaN,NaN,NaN,NaN,NaN

INPUT,0.402643650770187,0.040073212236166,0.794313132762909,-2.55881643295288,3.08638119697571,-1.52418673038483,K,19
OUTPUT,NaN,NaN,NaN,NaN,NaN,NaN

INPUT,0.403205782175064,0.0401104018092155,0.795441269874573,-2.5622136592865,3.08605003356934,-1.52063798904419,K,20
OUTPUT,NaN,NaN,NaN,NaN,NaN,NaN

INPUT,0.355725914239883,0.0390806794166565,0.733961403369904,-2.36054039001465,3.13982748985291,-1.8560084104538,K,12
OUTPUT,NaN,NaN,NaN,NaN,NaN,NaN

INPUT,0.35960379242897,0.0395594984292984,0.745302200317383,-2.35575032234192,3.13973093032837,-1.79813086986542,K,13
OUTPUT,NaN,NaN,NaN,NaN,NaN,NaN

INPUT,0.363481670618057,0.04003831371665,0.756642997264862,-2.35405611991882,3.13963413238525,-1.74334907531738,K,14
OUTPUT,NaN,NaN,NaN,NaN,NaN,NaN

INPUT,0.367359548807144,0.0405171327292919,0.767983794212341,-2.35502529144287,3.13953709602356,-1.69123077392578,K,15
OUTPUT,NaN,NaN,NaN,NaN,NaN,NaN

INPUT,0.370849668979645,0.0409480705857277,0.778190493583679,-2.35787439346313,3.13945007324219,-1.64630126953125,K,16
OUTPUT,NaN,NaN,NaN,NaN,NaN,NaN

INPUT,0.373564183712006,0.0412832424044609,0.786129057407379,-2.36123466491699,3.1393826007843,-1.61250007152557,K,17
OUTPUT,NaN,NaN,NaN,NaN,NaN,NaN

INPUT,0.375503122806549,0.0415226519107819,0.791799426078796,-2.36419081687927,3.1393346786499,-1.58891248703003,K,18
OUTPUT,NaN,NaN,NaN,NaN,NaN,NaN

INPUT,0.376666486263275,0.0416662991046906,0.795201659202576,-2.36617231369019,3.13930583000183,-1.57496774196625,K,19
OUTPUT,NaN,NaN,NaN,NaN,NaN,NaN

INPUT,0.377054274082184,0.0417141802608967,0.796335756778717,-2.36686587333679,3.13929629325867,-1.57035267353058,K,20
OUTPUT,NaN,NaN,NaN,NaN,NaN,NaN

INPUT,0.360383242368698,0.0342014655470848,0.733988344669342,1.21290135383606,3.14118146896362,2.08888220787048,K,12
OUTPUT,NaN,NaN,NaN,NaN,NaN,NaN

INPUT,0.364751577377319,0.0341667719185352,0.745331108570099,0.973531603813171,3.14109516143799,1.94169962406158,K,13
OUTPUT,NaN,NaN,NaN,NaN,NaN,NaN

INPUT,0.369119882583618,0.0341320782899857,0.756673812866211,0.794429659843445,3.1409969329834,1.85478472709656,K,14
OUTPUT,NaN,NaN,NaN,NaN,NaN,NaN

INPUT,0.373488217592239,0.0340973846614361,0.768016576766968,0.653941452503204,3.14089274406433,1.80648362636566,K,15
OUTPUT,NaN,NaN,NaN,NaN,NaN,NaN

INPUT,0.377419710159302,0.0340661592781544,0.778225064277649,0.548986792564392,3.14079594612122,1.78449726104736,K,16
OUTPUT,NaN,NaN,NaN,NaN,NaN,NaN

INPUT,0.380477547645569,0.0340418741106987,0.786164999008179,0.47713503241539,3.14071989059448,1.77717661857605,K,17
OUTPUT,NaN,NaN,NaN,NaN,NaN,NaN

INPUT,0.382661700248718,0.0340245254337788,0.791836321353912,0.429793804883957,3.14066553115845,1.77592885494232,K,18
OUTPUT,NaN,NaN,NaN,NaN,NaN,NaN

INPUT,0.383972197771072,0.0340141169726849,0.795239150524139,0.402712762355804,3.14063286781311,1.77650392055511,K,19
OUTPUT,NaN,NaN,NaN,NaN,NaN,NaN

INPUT,0.384409040212631,0.034010648727417,0.796373426914215,0.393884003162384,3.14062190055847,1.77689397335052,K,20
OUTPUT,NaN,NaN,NaN,NaN,NaN,NaN

INPUT,0.366280376911163,0.0400996319949627,0.721145153045654,-2.15939331054688,3.09235167503357,-1.73631751537323,K,11
OUTPUT,NaN,NaN,NaN,NaN,NaN,NaN

INPUT,0.371856272220612,0.0407549180090427,0.732311427593231,-2.1828989982605,3.08674335479736,-1.71005070209503,K,12
OUTPUT,NaN,NaN,NaN,NaN,NaN,NaN

INPUT,0.37743216753006,0.0414102002978325,0.743477642536163,-2.20666408538818,3.08116865158081,-1.68403553962708,K,13
OUTPUT,NaN,NaN,NaN,NaN,NaN,NaN

INPUT,0.383008062839508,0.0420654863119125,0.75464391708374,-2.2306227684021,3.07563161849976,-1.65820574760437,K,14
OUTPUT,NaN,NaN,NaN,NaN,NaN,NaN

INPUT,0.388583958148956,0.0427207686007023,0.765810132026672,-2.25473046302795,3.07013511657715,-1.63251566886902,K,15
OUTPUT,NaN,NaN,NaN,NaN,NaN,NaN

INPUT,0.393602252006531,0.0433105267584324,0.775859773159027,-2.27652835845947,3.06522607803345,-1.60948753356934,K,16
OUTPUT,NaN,NaN,NaN,NaN,NaN,NaN

INPUT,0.397505402565002,0.0437692254781723,0.783676087856293,-2.29353713989258,3.06143426895142,-1.59162580966949,K,17
OUTPUT,NaN,NaN,NaN,NaN,NaN,NaN

INPUT,0.400293350219727,0.044096864759922,0.789259254932404,-2.30571174621582,3.05874085426331,-1.57888960838318,K,18
OUTPUT,NaN,NaN,NaN,NaN,NaN,NaN

INPUT,0.401966094970703,0.0442934520542622,0.792609095573425,-2.31302571296692,3.05713081359863,-1.57125580310822,K,19
OUTPUT,NaN,NaN,NaN,NaN,NaN,NaN

INPUT,0.402523696422577,0.0443589799106121,0.793725728988647,-2.31546521186829,3.05659508705139,-1.56871247291565,K,20
OUTPUT,NaN,NaN,NaN,NaN,NaN,NaN

INPUT,0.366705596446991,0.0376711972057819,0.721320807933807,-2.48285579681396,3.08610153198242,-1.74272131919861,K,11
OUTPUT,NaN,NaN,NaN,NaN,NaN,NaN

INPUT,0.372330576181412,0.0380403585731983,0.732510089874268,-2.52527356147766,3.08002853393555,-1.69803559780121,K,12
OUTPUT,NaN,NaN,NaN,NaN,NaN,NaN

INPUT,0.377955585718155,0.0384095199406147,0.743699371814728,-2.56790113449097,3.07407188415527,-1.65354371070862,K,13
OUTPUT,NaN,NaN,NaN,NaN,NaN,NaN

INPUT,0.383580565452576,0.0387786775827408,0.754888594150543,-2.6106870174408,3.06824350357056,-1.60919308662415,K,14
OUTPUT,NaN,NaN,NaN,NaN,NaN,NaN

INPUT,0.389205574989319,0.0391478389501572,0.766077876091003,-2.65359616279602,3.06255412101746,-1.56494700908661,K,15
OUTPUT,NaN,NaN,NaN,NaN,NaN,NaN

INPUT,0.394268065690994,0.0394800864160061,0.776148200035095,-2.69229912757874,3.05756163597107,-1.52519369125366,K,16
OUTPUT,NaN,NaN,NaN,NaN,NaN,NaN

INPUT,0.398205578327179,0.0397384986281395,0.78398072719574,-2.72244787216187,3.05376744270325,-1.49430978298187,K,17
OUTPUT,NaN,NaN,NaN,NaN,NaN,NaN

INPUT,0.401018053293228,0.0399230793118477,0.789575338363647,-2.74400424957275,3.05110692977905,-1.47226536273956,K,18
OUTPUT,NaN,NaN,NaN,NaN,NaN,NaN

INPUT,0.402705550193787,0.0400338247418404,0.792932093143463,-2.75694632530212,3.04953145980835,-1.45904421806335,K,19
OUTPUT,NaN,NaN,NaN,NaN,NaN,NaN

INPUT,0.403268069028854,0.0400707423686981,0.794051051139832,-2.76126146316528,3.0490095615387,-1.45463800430298,K,20
OUTPUT,NaN,NaN,NaN,NaN,NaN,NaN

INPUT,0.369859606027603,0.0457382537424564,0.720889449119568,-2.26011848449707,3.05457067489624,-1.78180181980133,K,11
OUTPUT,NaN,NaN,NaN,NaN,NaN,NaN

INPUT,0.375856161117554,0.0470566935837269,0.732026517391205,-2.28753471374512,3.04465365409851,-1.75288581848145,K,12
OUTPUT,NaN,NaN,NaN,NaN,NaN,NaN

INPUT,0.381852716207504,0.0483751371502876,0.743163585662842,-2.31510305404663,3.03481340408325,-1.72409510612488,K,13
OUTPUT,NaN,NaN,NaN,NaN,NaN,NaN

INPUT,0.387849301099777,0.0496935769915581,0.754300653934479,-2.34278869628906,3.02505803108215,-1.69539213180542,K,14
OUTPUT,NaN,NaN,NaN,NaN,NaN,NaN

INPUT,0.393845856189728,0.0510120168328285,0.765437722206116,-2.37056851387024,3.01539492607117,-1.6667515039444,K,15
OUTPUT,NaN,NaN,NaN,NaN,NaN,NaN

INPUT,0.399242758750916,0.0521986149251461,0.775461077690125,-2.39563751220703,3.0067834854126,-1.64101266860962,K,16
OUTPUT,NaN,NaN,NaN,NaN,NaN,NaN

INPUT,0.403440356254578,0.0531215220689774,0.783257007598877,-2.41517353057861,3.00014567375183,-1.6210116147995,K,17
OUTPUT,NaN,NaN,NaN,NaN,NaN,NaN

INPUT,0.406438648700714,0.0537807457149029,0.788825571537018,-2.42914652824402,2.99543762207031,-1.60673224925995,K,18
OUTPUT,NaN,NaN,NaN,NaN,NaN,NaN

INPUT,0.408237606287003,0.0541762746870518,0.792166650295258,-2.43753743171692,2.99262690544128,-1.59816694259644,K,19
OUTPUT,NaN,NaN,NaN,NaN,NaN,NaN

INPUT,0.408837258815765,0.0543081201612949,0.793280363082886,-2.44033527374268,2.99169230461121,-1.59531223773956,K,20
OUTPUT,NaN,NaN,NaN,NaN,NaN,NaN

INPUT,0.376608848571777,0.0379157513380051,0.73203319311142,-2.40569567680359,3.10211300849915,-1.70703268051147,K,5
OUTPUT,NaN,NaN,NaN,NaN,NaN,NaN

INPUT,0.385849297046661,0.0384869910776615,0.747671186923981,-2.46080851554871,3.09617280960083,-1.63871169090271,K,6
OUTPUT,NaN,NaN,NaN,NaN,NaN,NaN

INPUT,0.393036276102066,0.0389312840998173,0.759834110736847,-2.50475287437439,3.09167003631592,-1.58664095401764,K,7
OUTPUT,NaN,NaN,NaN,NaN,NaN,NaN

INPUT,0.398169845342636,0.0392486378550529,0.768521904945374,-2.53656268119812,3.08852314949036,-1.54986214637756,K,8
OUTPUT,NaN,NaN,NaN,NaN,NaN,NaN

INPUT,0.401249974966049,0.0394390486180782,0.773734569549561,-2.55578565597534,3.08666443824768,-1.52792906761169,K,9
OUTPUT,NaN,NaN,NaN,NaN,NaN,NaN

INPUT,0.375998497009277,0.0403825119137764,0.730845868587494,-2.20183420181274,3.08223843574524,-1.70146632194519,K,5
OUTPUT,NaN,NaN,NaN,NaN,NaN,NaN

INPUT,0.385133326053619,0.0413645841181278,0.746308624744415,-2.24208498001099,3.07284188270569,-1.6526483297348,K,6
OUTPUT,NaN,NaN,NaN,NaN,NaN,NaN

INPUT,0.392238169908524,0.0421284176409245,0.758335173130035,-2.27402281761169,3.06564974784851,-1.61551868915558,K,7
OUTPUT,NaN,NaN,NaN,NaN,NaN,NaN

INPUT,0.397313058376312,0.0426740124821663,0.766925573348999,-2.29701709747314,3.06059002876282,-1.58939063549042,K,8
OUTPUT,NaN,NaN,NaN,NaN,NaN,NaN

INPUT,0.400357991456985,0.0430013723671436,0.772079825401306,-2.31085085868835,3.05758905410767,-1.57386350631714,K,9
OUTPUT,NaN,NaN,NaN,NaN,NaN,NaN

INPUT,0.36717826128006,0.0372403338551521,0.715716421604156,-2.48432350158691,3.08583498001099,-1.76315343379974,K,4
OUTPUT,NaN,NaN,NaN,NaN,NaN,NaN

INPUT,0.376276969909668,0.0378078632056713,0.731180667877197,-2.55584073066711,3.07548999786377,-1.6797741651535,K,5
OUTPUT,NaN,NaN,NaN,NaN,NaN,NaN

INPUT,0.385375678539276,0.0383753925561905,0.746644854545593,-2.62896633148193,3.06553936004639,-1.59795105457306,K,6
OUTPUT,NaN,NaN,NaN,NaN,NaN,NaN

INPUT,0.392452478408813,0.0388168059289455,0.758672535419464,-2.68656420707703,3.05811166763306,-1.53499400615692,K,7
OUTPUT,NaN,NaN,NaN,NaN,NaN,NaN

INPUT,0.397507309913635,0.0391320995986462,0.767263770103455,-2.72798705101013,3.05298948287964,-1.49028384685516,K,8
OUTPUT,NaN,NaN,NaN,NaN,NaN,NaN

INPUT,0.400540232658386,0.0393212772905827,0.77241849899292,-2.75293254852295,3.04999446868896,-1.46354043483734,K,9
OUTPUT,NaN,NaN,NaN,NaN,NaN,NaN

INPUT,0.37028294801712,0.0444942079484463,0.715737164020538,-2.25450778007507,3.05396223068237,-1.7904132604599,K,4
OUTPUT,NaN,NaN,NaN,NaN,NaN,NaN

INPUT,0.379884451627731,0.0465819165110588,0.73102855682373,-2.30329847335815,3.03700494766235,-1.73807048797607,K,5
OUTPUT,NaN,NaN,NaN,NaN,NaN,NaN

INPUT,0.389485955238342,0.0486696250736713,0.746320009231567,-2.35262608528137,3.02031469345093,-1.68617558479309,K,6
OUTPUT,NaN,NaN,NaN,NaN,NaN,NaN

INPUT,0.396953791379929,0.0502933971583843,0.758213341236115,-2.39107942581177,3.00759983062744,-1.64616966247559,K,7
OUTPUT,NaN,NaN,NaN,NaN,NaN,NaN

INPUT,0.40228796005249,0.0514532364904881,0.766708552837372,-2.41848731040955,2.99869513511658,-1.61782586574554,K,8
OUTPUT,NaN,NaN,NaN,NaN,NaN,NaN

INPUT,0.405488461256027,0.0521491393446922,0.771805703639984,-2.43488144874573,2.99343252182007,-1.60092628002167,K,9
OUTPUT,NaN,NaN,NaN,NaN,NaN,NaN

INPUT,0.356169283390045,0.0388261787593365,0.724789261817932,-2.54779815673828,3.13897681236267,-2.07413792610168,K,4
OUTPUT,NaN,NaN,NaN,NaN,NaN,NaN

INPUT,0.36168897151947,0.039582148194313,0.738433957099915,-2.50869798660278,3.13908243179321,-1.94931936264038,K,5
OUTPUT,NaN,NaN,NaN,NaN,NaN,NaN

INPUT,0.367208659648895,0.0403381139039993,0.752078652381897,-2.462886095047,3.13917446136475,-1.81778907775879,K,6
OUTPUT,NaN,NaN,NaN,NaN,NaN,NaN

INPUT,0.37150177359581,0.0409260876476765,0.762691140174866,-2.4229416847229,3.13923478126526,-1.71137630939484,K,7
OUTPUT,NaN,NaN,NaN,NaN,NaN,NaN

INPUT,0.374568253755569,0.0413460694253445,0.77027153968811,-2.39237189292908,3.13927125930786,-1.63352537155151,K,8
OUTPUT,NaN,NaN,NaN,NaN,NaN,NaN

INPUT,0.376408159732819,0.041598055511713,0.774819791316986,-2.37332153320313,3.13929057121277,-1.5862101316452,K,9
OUTPUT,NaN,NaN,NaN,NaN,NaN,NaN

INPUT,0.36088839173317,0.0342707745730877,0.725405037403107,2.91919565200806,3.14064979553223,-2.54104280471802,K,4
OUTPUT,NaN,NaN,NaN,NaN,NaN,NaN

INPUT,0.367119193077087,0.0342038907110691,0.738896667957306,2.48221182823181,3.14102029800415,-2.8297746181488,K,5
OUTPUT,NaN,NaN,NaN,NaN,NaN,NaN

INPUT,0.373349994421005,0.0341370068490505,0.752388298511505,1.49779963493347,3.14116883277893,2.61725068092346,K,6
OUTPUT,NaN,NaN,NaN,NaN,NaN,NaN

INPUT,0.378196179866791,0.0340849831700325,0.762881815433502,0.806632697582245,3.14099860191345,2.04139065742493,K,7
OUTPUT,NaN,NaN,NaN,NaN,NaN,NaN

INPUT,0.381657749414444,0.0340478271245956,0.770377159118652,0.537634491920471,3.14079880714417,1.85475468635559,K,8
OUTPUT,NaN,NaN,NaN,NaN,NaN,NaN

INPUT,0.383734673261642,0.0340255312621593,0.7748743891716,0.425831854343414,3.14066696166992,1.79236936569214,K,9
OUTPUT,NaN,NaN,NaN,NaN,NaN,NaN

INPUT,0.367320418357849,0.0356817133724689,0.722113251686096,-2.66880917549133,3.07987856864929,-1.85286581516266,K,11
OUTPUT,NaN,NaN,NaN,NaN,NaN,NaN

INPUT,0.37301841378212,0.035816989839077,0.73339432477951,-2.71609330177307,3.07320499420166,-1.80411005020142,K,12
OUTPUT,NaN,NaN,NaN,NaN,NaN,NaN

INPUT,0.378716439008713,0.0359522625803947,0.74467533826828,-2.76351761817932,3.06668901443481,-1.75547277927399,K,13
OUTPUT,NaN,NaN,NaN,NaN,NaN,NaN

INPUT,0.384414434432983,0.0360875390470028,0.75595635175705,-2.81104922294617,3.06034541130066,-1.70692014694214,K,14
OUTPUT,NaN,NaN,NaN,NaN,NaN,NaN

INPUT,0.390112429857254,0.0362228117883205,0.767237365245819,-2.85866618156433,3.05418920516968,-1.65842807292938,K,15
OUTPUT,NaN,NaN,NaN,NaN,NaN,NaN

INPUT,0.395240664482117,0.0363445617258549,0.77739030122757,-2.90158128738403,3.04882073402405,-1.61482322216034,K,16
OUTPUT,NaN,NaN,NaN,NaN,NaN,NaN

INPUT,0.399229258298874,0.0364392548799515,0.785287022590637,-2.93499326705933,3.04476451873779,-1.58092713356018,K,17
OUTPUT,NaN,NaN,NaN,NaN,NaN,NaN

INPUT,0.40207827091217,0.0365068912506104,0.790927529335022,-2.95887470245361,3.0419340133667,-1.55672347545624,K,18
OUTPUT,NaN,NaN,NaN,NaN,NaN,NaN

INPUT,0.403787672519684,0.0365474745631218,0.794311881065369,-2.97320938110352,3.04026317596436,-1.54220402240753,K,19
OUTPUT,NaN,NaN,NaN,NaN,NaN,NaN

INPUT,0.404357463121414,0.0365610010921955,0.795439958572388,-2.97798848152161,3.03971076011658,-1.53736460208893,K,20
OUTPUT,NaN,NaN,NaN,NaN,NaN,NaN

INPUT,0.35005658864975,0.0277345255017281,0.732968091964722,0.580512702465057,3.08371734619141,1.41195905208588,K,12
OUTPUT,NaN,NaN,NaN,NaN,NaN,NaN

INPUT,0.353337734937668,0.0270192120224237,0.744203507900238,0.535900294780731,3.07795000076294,1.45490157604218,K,13
OUTPUT,NaN,NaN,NaN,NaN,NaN,NaN

INPUT,0.356618851423264,0.0263038985431194,0.755438923835754,0.491417348384857,3.07230472564697,1.49798953533173,K,14
OUTPUT,NaN,NaN,NaN,NaN,NaN,NaN

INPUT,0.359899997711182,0.0255885850638151,0.766674280166626,0.447030067443848,3.06679177284241,1.54118990898132,K,15
OUTPUT,NaN,NaN,NaN,NaN,NaN,NaN

INPUT,0.362853020429611,0.0249448027461767,0.776786148548126,0.407143086194992,3.06195259094238,1.58014750480652,K,16
OUTPUT,NaN,NaN,NaN,NaN,NaN,NaN

INPUT,0.365149825811386,0.0244440827518702,0.784650921821594,0.37615168094635,3.05827379226685,1.61048972606659,K,17
OUTPUT,NaN,NaN,NaN,NaN,NaN,NaN

INPUT,0.366790384054184,0.0240864250808954,0.790268659591675,0.35402899980545,3.05569386482239,1.63218235969543,K,18
OUTPUT,NaN,NaN,NaN,NaN,NaN,NaN

INPUT,0.367774724960327,0.0238718315958977,0.793639242649078,0.340760290622711,3.05416560173035,1.64520525932312,K,19
OUTPUT,NaN,NaN,NaN,NaN,NaN,NaN

INPUT,0.368102848529816,0.0238003004342318,0.794762790203094,0.336338132619858,3.05365943908691,1.64954733848572,K,20
OUTPUT,NaN,NaN,NaN,NaN,NaN,NaN

INPUT,0.350946009159088,0.0277843289077282,0.743750751018524,0.671413481235504,3.06088638305664,1.44604694843292,K,13
OUTPUT,NaN,NaN,NaN,NaN,NaN,NaN

INPUT,0.353999435901642,0.0271417126059532,0.754943668842316,0.633862316608429,3.05356788635254,1.48234212398529,K,14
OUTPUT,NaN,NaN,NaN,NaN,NaN,NaN

INPUT,0.357052862644196,0.0264990963041782,0.766136586666107,0.596395075321198,3.04636907577515,1.51874482631683,K,15
OUTPUT,NaN,NaN,NaN,NaN,NaN,NaN

INPUT,0.359800934791565,0.0259207431226969,0.776210188865662,0.562727749347687,3.04000091552734,1.55158197879791,K,16
OUTPUT,NaN,NaN,NaN,NaN,NaN,NaN

INPUT,0.36193835735321,0.0254709105938673,0.784045279026031,0.536568760871887,3.03512525558472,1.57716333866119,K,17
OUTPUT,NaN,NaN,NaN,NaN,NaN,NaN

INPUT,0.363465070724487,0.025149604305625,0.789641737937927,0.51789528131485,3.0316858291626,1.59545540809631,K,18
OUTPUT,NaN,NaN,NaN,NaN,NaN,NaN

INPUT,0.364381074905396,0.0249568186700344,0.792999565601349,0.506695091724396,3.02963995933533,1.60643792152405,K,19
OUTPUT,NaN,NaN,NaN,NaN,NaN,NaN

INPUT,0.36468642950058,0.0248925574123859,0.794118881225586,0.502962291240692,3.02896118164063,1.61009991168976,K,20
OUTPUT,NaN,NaN,NaN,NaN,NaN,NaN

INPUT,0.36368054151535,0.0373946465551853,0.721178948879242,-2.36691308021545,3.08640265464783,-1.80613052845001,K,11
OUTPUT,NaN,NaN,NaN,NaN,NaN,NaN

INPUT,0.368950217962265,0.0377315804362297,0.732349991798401,-2.39882373809814,3.0802059173584,-1.77205181121826,K,12
OUTPUT,NaN,NaN,NaN,NaN,NaN,NaN

INPUT,0.37421989440918,0.0380685180425644,0.74352103471756,-2.43093824386597,3.07407593727112,-1.73816478252411,K,13
OUTPUT,NaN,NaN,NaN,NaN,NaN,NaN

INPUT,0.379489570856094,0.0384054519236088,0.754692018032074,-2.46320629119873,3.0680193901062,-1.70441770553589,K,14
OUTPUT,NaN,NaN,NaN,NaN,NaN,NaN

INPUT,0.384759247303009,0.0387423858046532,0.765863060951233,-2.49559354782104,3.06204295158386,-1.67077493667603,K,15
OUTPUT,NaN,NaN,NaN,NaN,NaN,NaN

INPUT,0.389501959085464,0.0390456281602383,0.775916993618011,-2.52482390403748,3.05673789978027,-1.64056503772736,K,16
OUTPUT,NaN,NaN,NaN,NaN,NaN,NaN

INPUT,0.393190741539001,0.0392814800143242,0.783736705780029,-2.54760336875916,3.05266332626343,-1.61710405349731,K,17
OUTPUT,NaN,NaN,NaN,NaN,NaN,NaN

INPUT,0.39582559466362,0.0394499488174915,0.789322257041931,-2.56389498710632,3.04978179931641,-1.60036194324493,K,18
OUTPUT,NaN,NaN,NaN,NaN,NaN,NaN

INPUT,0.397406488656998,0.0395510271191597,0.792673528194427,-2.5736780166626,3.0480649471283,-1.59032237529755,K,19
OUTPUT,NaN,NaN,NaN,NaN,NaN,NaN

INPUT,0.397933453321457,0.0395847223699093,0.793790638446808,-2.57694005966187,3.04749464988708,-1.58697664737701,K,20
OUTPUT,NaN,NaN,NaN,NaN,NaN,NaN

INPUT,0.370601892471313,0.0463443733751774,0.720625162124634,-2.16901302337646,3.04654574394226,-1.65846264362335,K,11
OUTPUT,NaN,NaN,NaN,NaN,NaN,NaN

INPUT,0.376686006784439,0.0477341488003731,0.731731116771698,-2.19831037521362,3.03573322296143,-1.62761306762695,K,12
OUTPUT,NaN,NaN,NaN,NaN,NaN,NaN

INPUT,0.382770091295242,0.0491239242255688,0.742837071418762,-2.22776794433594,3.02501630783081,-1.5968896150589,K,13
OUTPUT,NaN,NaN,NaN,NaN,NaN,NaN

INPUT,0.388854205608368,0.0505136996507645,0.753943026065826,-2.25735020637512,3.01440477371216,-1.56625354290009,K,14
OUTPUT,NaN,NaN,NaN,NaN,NaN,NaN

INPUT,0.394938319921494,0.0519034750759602,0.765048980712891,-2.28703355789185,3.00390815734863,-1.53567790985107,K,15
OUTPUT,NaN,NaN,NaN,NaN,NaN,NaN

INPUT,0.400413990020752,0.0531542748212814,0.7750443816185,-2.3138210773468,2.99456763267517,-1.50819540023804,K,16
OUTPUT,NaN,NaN,NaN,NaN,NaN,NaN

INPUT,0.404672861099243,0.0541271194815636,0.782818555831909,-2.33469748497009,2.98737692832947,-1.48683631420135,K,17
OUTPUT,NaN,NaN,NaN,NaN,NaN,NaN

INPUT,0.407714933156967,0.0548220053315163,0.788371503353119,-2.34962964057922,2.98228240013123,-1.47158575057983,K,18
OUTPUT,NaN,NaN,NaN,NaN,NaN,NaN

INPUT,0.409540146589279,0.0552389398217201,0.791703283786774,-2.35859656333923,2.97924304008484,-1.46243739128113,K,19
OUTPUT,NaN,NaN,NaN,NaN,NaN,NaN

INPUT,0.410148561000824,0.0553779155015945,0.792813897132874,-2.36158680915833,2.97823286056519,-1.459388256073,K,20
OUTPUT,NaN,NaN,NaN,NaN,NaN,NaN

INPUT,0.367817163467407,0.0354370065033436,0.716727614402771,-2.66900062561035,3.0799515247345,-1.87375855445862,K,4
OUTPUT,NaN,NaN,NaN,NaN,NaN,NaN

INPUT,0.376958340406418,0.0356468334794044,0.732296586036682,-2.74923062324524,3.06849694252014,-1.78325402736664,K,5
OUTPUT,NaN,NaN,NaN,NaN,NaN,NaN

INPUT,0.386099517345428,0.0358566641807556,0.747865557670593,-2.83086323738098,3.05757331848145,-1.69408226013184,K,6
OUTPUT,NaN,NaN,NaN,NaN,NaN,NaN

INPUT,0.393209338188171,0.0360198654234409,0.759974718093872,-2.89498519897461,3.04949545860291,-1.62530386447906,K,7
OUTPUT,NaN,NaN,NaN,NaN,NaN,NaN

INPUT,0.398287773132324,0.0361364372074604,0.768624126911163,-2.94103217124939,3.04397201538086,-1.57639276981354,K,8
OUTPUT,NaN,NaN,NaN,NaN,NaN,NaN

INPUT,0.401334822177887,0.0362063832581043,0.773813784122467,-2.96874046325684,3.04076266288757,-1.54711425304413,K,9
OUTPUT,NaN,NaN,NaN,NaN,NaN,NaN

INPUT,0.372662425041199,0.0373130217194557,0.730821847915649,-2.42137217521667,3.07547068595886,-1.75782918930054,K,5
OUTPUT,NaN,NaN,NaN,NaN,NaN,NaN

INPUT,0.38118851184845,0.0377688221633434,0.746322453022003,-2.47670722007751,3.06515765190125,-1.6956946849823,K,6
OUTPUT,NaN,NaN,NaN,NaN,NaN,NaN

INPUT,0.387819886207581,0.038123331964016,0.758378505706787,-2.52033042907715,3.05731630325317,-1.64792108535767,K,7
OUTPUT,NaN,NaN,NaN,NaN,NaN,NaN

INPUT,0.392556607723236,0.0383765548467636,0.766989946365356,-2.55171847343445,3.05182194709778,-1.61400771141052,K,8
OUTPUT,NaN,NaN,NaN,NaN,NaN,NaN

INPUT,0.395398646593094,0.0385284870862961,0.772156834602356,-2.5706262588501,3.04857063293457,-1.59372711181641,K,9
OUTPUT,NaN,NaN,NaN,NaN,NaN,NaN

INPUT,0.371004104614258,0.044907882809639,0.71551102399826,-2.16509175300598,3.04571127891541,-1.67003202438354,K,4
OUTPUT,NaN,NaN,NaN,NaN,NaN,NaN

INPUT,0.38075378537178,0.0470738336443901,0.730749905109406,-2.21645259857178,3.02725887298584,-1.61326122283936,K,5
OUTPUT,NaN,NaN,NaN,NaN,NaN,NaN

INPUT,0.390503466129303,0.0492397807538509,0.745988786220551,-2.26861643791199,3.00913953781128,-1.55718004703522,K,6
OUTPUT,NaN,NaN,NaN,NaN,NaN,NaN

INPUT,0.39808651804924,0.0509244091808796,0.757841229438782,-2.30936241149902,2.99537897109985,-1.51406192779541,K,7
OUTPUT,NaN,NaN,NaN,NaN,NaN,NaN

INPUT,0.403503000736237,0.0521277114748955,0.766307294368744,-2.33842158317566,2.9857702255249,-1.48357152938843,K,8
OUTPUT,NaN,NaN,NaN,NaN,NaN,NaN

INPUT,0.406752914190292,0.0528496950864792,0.771386921405792,-2.35580444335938,2.98010420799255,-1.46541559696198,K,9
OUTPUT,NaN,NaN,NaN,NaN,NaN,NaN

INPUT,0.35578578710556,0.0273942984640598,0.736466526985168,0.533928692340851,3.07805776596069,1.45642018318176,K,5
OUTPUT,NaN,NaN,NaN,NaN,NaN,NaN

INPUT,0.360816806554794,0.0263091381639242,0.750280976295471,0.46264237165451,3.06894540786743,1.52575087547302,K,6
OUTPUT,NaN,NaN,NaN,NaN,NaN,NaN

INPUT,0.364729821681976,0.0254651270806789,0.761025607585907,0.407334178686142,3.06210374832153,1.57984292507172,K,7
OUTPUT,NaN,NaN,NaN,NaN,NaN,NaN

INPUT,0.367524832487106,0.0248622614890337,0.768700301647186,0.367879092693329,3.05736136436462,1.61854863166809,K,8
OUTPUT,NaN,NaN,NaN,NaN,NaN,NaN

INPUT,0.369201838970184,0.0245005413889885,0.773305118083954,0.344221651554108,3.05457711219788,1.64179503917694,K,9
OUTPUT,NaN,NaN,NaN,NaN,NaN,NaN

INPUT,0.352295964956284,0.0290445610880852,0.732111990451813,0.721920490264893,3.06706500053406,1.4289778470993,K,4
OUTPUT,NaN,NaN,NaN,NaN,NaN,NaN

INPUT,0.356097131967545,0.02823231741786,0.74326503276825,0.662050724029541,3.05658030509949,1.47543656826019,K,5
OUTPUT,NaN,NaN,NaN,NaN,NaN,NaN

INPUT,0.359898298978806,0.0274200737476349,0.754418015480042,0.603616118431091,3.04633283615112,1.52337741851807,K,6
OUTPUT,NaN,NaN,NaN,NaN,NaN,NaN

INPUT,0.36285474896431,0.0267883278429508,0.763092577457428,0.559070467948914,3.03858184814453,1.56121683120728,K,7
OUTPUT,NaN,NaN,NaN,NaN,NaN,NaN

INPUT,0.364966511726379,0.026337081566453,0.769288718700409,0.527734160423279,3.03318524360657,1.58836948871613,K,8
OUTPUT,NaN,NaN,NaN,NaN,NaN,NaN

INPUT,0.366233557462692,0.0260663330554962,0.77300637960434,0.509130001068115,3.03000903129578,1.60466921329498,K,9
OUTPUT,NaN,NaN,NaN,NaN,NaN,NaN

INPUT,0.370014101266861,0.0446389727294445,0.72037136554718,-2.2794041633606,3.0565881729126,-1.76900887489319,K,11
OUTPUT,NaN,NaN,NaN,NaN,NaN,NaN

INPUT,0.376029074192047,0.045828104019165,0.731447398662567,-2.30869317054749,3.04693484306335,-1.73819088935852,K,12
OUTPUT,NaN,NaN,NaN,NaN,NaN,NaN

INPUT,0.382044047117233,0.0470172390341759,0.742523431777954,-2.33813691139221,3.03736710548401,-1.70749986171722,K,13
OUTPUT,NaN,NaN,NaN,NaN,NaN,NaN

INPUT,0.388058990240097,0.0482063665986061,0.753599464893341,-2.36770009994507,3.02789330482483,-1.67689847946167,K,14
OUTPUT,NaN,NaN,NaN,NaN,NaN,NaN

INPUT,0.394073963165283,0.0493955016136169,0.764675498008728,-2.39735865592957,3.01852226257324,-1.64636027812958,K,15
OUTPUT,NaN,NaN,NaN,NaN,NaN,NaN

INPUT,0.399487435817719,0.0504657179117203,0.774643898010254,-2.42411923408508,3.01018309593201,-1.61891448497772,K,16
OUTPUT,NaN,NaN,NaN,NaN,NaN,NaN

INPUT,0.403697907924652,0.0512981116771698,0.782397150993347,-2.44497179985046,3.00376319885254,-1.59758603572845,K,17
OUTPUT,NaN,NaN,NaN,NaN,NaN,NaN

INPUT,0.406705379486084,0.0518926791846752,0.787935137748718,-2.45988535881042,2.9992151260376,-1.58235883712769,K,18
OUTPUT,NaN,NaN,NaN,NaN,NaN,NaN

INPUT,0.408509880304337,0.0522494167089462,0.791257917881012,-2.46884036064148,2.99650144577026,-1.57322490215302,K,19
OUTPUT,NaN,NaN,NaN,NaN,NaN,NaN

INPUT,0.409111380577087,0.0523683317005634,0.792365550994873,-2.47182655334473,2.99559950828552,-1.57018053531647,K,20
OUTPUT,NaN,NaN,NaN,NaN,NaN,NaN

INPUT,0.360364496707916,0.0396700873970985,0.721035242080688,-2.32764673233032,3.103759765625,-1.68829047679901,K,11
OUTPUT,NaN,NaN,NaN,NaN,NaN,NaN

INPUT,0.365244418382645,0.0402747951447964,0.732188522815704,-2.36356091499329,3.09957647323608,-1.64898979663849,K,12
OUTPUT,NaN,NaN,NaN,NaN,NaN,NaN

INPUT,0.370124369859695,0.0408795066177845,0.74334180355072,-2.39978313446045,3.09545254707336,-1.60999083518982,K,13
OUTPUT,NaN,NaN,NaN,NaN,NaN,NaN

INPUT,0.375004291534424,0.0414842143654823,0.754495024681091,-2.43623518943787,3.09139370918274,-1.57121455669403,K,14
OUTPUT,NaN,NaN,NaN,NaN,NaN,NaN

INPUT,0.379884213209152,0.0420889221131802,0.765648305416107,-2.47286367416382,3.08740592002869,-1.53260695934296,K,15
OUTPUT,NaN,NaN,NaN,NaN,NaN,NaN

INPUT,0.384276181459427,0.0426331609487534,0.775686264038086,-2.50594854354858,3.08388209342957,-1.49797260761261,K,16
OUTPUT,NaN,NaN,NaN,NaN,NaN,NaN

INPUT,0.387692123651505,0.0430564545094967,0.783493518829346,-2.53174567222595,3.08118677139282,-1.47109436988831,K,17
OUTPUT,NaN,NaN,NaN,NaN,NaN,NaN

INPUT,0.39013209939003,0.0433588102459908,0.789070188999176,-2.5502016544342,3.07928729057312,-1.45192277431488,K,18
OUTPUT,NaN,NaN,NaN,NaN,NaN,NaN

INPUT,0.391596078872681,0.043540220707655,0.792416155338287,-2.56128621101379,3.0781581401825,-1.44042956829071,K,19
OUTPUT,NaN,NaN,NaN,NaN,NaN,NaN

INPUT,0.392084062099457,0.0436006933450699,0.793531477451324,-2.56498265266418,3.07778334617615,-1.43659996986389,K,20
OUTPUT,NaN,NaN,NaN,NaN,NaN,NaN

INPUT,0.357815146446228,0.0284313652664423,0.732124447822571,0.82817941904068,3.09791016578674,1.30516922473907,K,12
OUTPUT,NaN,NaN,NaN,NaN,NaN,NaN

INPUT,0.361912846565247,0.0277892649173737,0.743271887302399,0.801813840866089,3.0933301448822,1.32901036739349,K,13
OUTPUT,NaN,NaN,NaN,NaN,NaN,NaN

INPUT,0.366010576486588,0.027147164568305,0.754419267177582,0.775663554668427,3.08878064155579,1.35307228565216,K,14
OUTPUT,NaN,NaN,NaN,NaN,NaN,NaN

INPUT,0.370108276605606,0.0265050642192364,0.76556670665741,0.749675571918488,3.08426403999329,1.37730240821838,K,15
OUTPUT,NaN,NaN,NaN,NaN,NaN,NaN

INPUT,0.373796224594116,0.0259271748363972,0.775599360466003,0.726393640041351,3.08022999763489,1.3992223739624,K,16
OUTPUT,NaN,NaN,NaN,NaN,NaN,NaN

INPUT,0.376664638519287,0.0254777036607265,0.783402562141418,0.708342432975769,3.07711410522461,1.41633200645447,K,17
OUTPUT,NaN,NaN,NaN,NaN,NaN,NaN

INPUT,0.378713488578796,0.0251566544175148,0.78897625207901,0.695474326610565,3.07490038871765,1.42858099937439,K,18
OUTPUT,NaN,NaN,NaN,NaN,NaN,NaN

INPUT,0.379942804574966,0.0249640252441168,0.792320489883423,0.68776273727417,3.07357716560364,1.4359405040741,K,19
OUTPUT,NaN,NaN,NaN,NaN,NaN,NaN

INPUT,0.380352586507797,0.0248998142778873,0.793435215950012,0.685193657875061,3.07313704490662,1.43839526176453,K,20
OUTPUT,NaN,NaN,NaN,NaN,NaN,NaN

INPUT,0.367800235748291,0.0497351959347725,0.721558630466461,-2.06628799438477,3.0614161491394,-1.75133240222931,K,11
OUTPUT,NaN,NaN,NaN,NaN,NaN,NaN

INPUT,0.373554617166519,0.0515238717198372,0.732774436473846,-2.08400106430054,3.0521080493927,-1.73177564144135,K,12
OUTPUT,NaN,NaN,NaN,NaN,NaN,NaN

INPUT,0.379308968782425,0.0533125437796116,0.743990302085876,-2.10186886787415,3.04284453392029,-1.71241283416748,K,13
OUTPUT,NaN,NaN,NaN,NaN,NaN,NaN

INPUT,0.385063350200653,0.055101215839386,0.755206108093262,-2.11983323097229,3.03363537788391,-1.69321179389954,K,14
OUTPUT,NaN,NaN,NaN,NaN,NaN,NaN

INPUT,0.390817731618881,0.0568898878991604,0.766421914100647,-2.13785076141357,3.02449035644531,-1.6741544008255,K,15
OUTPUT,NaN,NaN,NaN,NaN,NaN,NaN

INPUT,0.395996659994125,0.0584996901452541,0.776516199111938,-2.1540834903717,3.01632213592529,-1.65711772441864,K,16
OUTPUT,NaN,NaN,NaN,NaN,NaN,NaN

INPUT,0.400024712085724,0.0597517639398575,0.784367263317108,-2.16670608520508,3.010014295578,-1.6439403295517,K,17
OUTPUT,NaN,NaN,NaN,NaN,NaN,NaN

INPUT,0.402901887893677,0.0606460981070995,0.789975166320801,-2.17571544647217,3.00553488731384,-1.6345671415329,K,18
OUTPUT,NaN,NaN,NaN,NaN,NaN,NaN

INPUT,0.404628217220306,0.0611827000975609,0.793339908123016,-2.18111705780029,3.00285816192627,-1.62895894050598,K,19
OUTPUT,NaN,NaN,NaN,NaN,NaN,NaN

INPUT,0.405203640460968,0.0613615661859512,0.794461488723755,-2.18291687965393,3.00196766853333,-1.62709212303162,K,20
OUTPUT,NaN,NaN,NaN,NaN,NaN,NaN

INPUT,0.356358557939529,0.0314447209239006,0.733220458030701,1.1141049861908,3.12721681594849,1.73628568649292,K,12
OUTPUT,NaN,NaN,NaN,NaN,NaN,NaN

INPUT,0.360303193330765,0.0311198886483908,0.744482338428497,1.07612133026123,3.12570405006409,1.76377582550049,K,13
OUTPUT,NaN,NaN,NaN,NaN,NaN,NaN

INPUT,0.364247858524323,0.0307950600981712,0.755744218826294,1.03904545307159,3.12420773506165,1.79217445850372,K,14
OUTPUT,NaN,NaN,NaN,NaN,NaN,NaN

INPUT,0.36819252371788,0.0304702296853065,0.767006099224091,1.00265324115753,3.12272977828979,1.82125759124756,K,15
OUTPUT,NaN,NaN,NaN,NaN,NaN,NaN

INPUT,0.371742725372314,0.0301778838038445,0.777141809463501,0.970354676246643,3.12141680717468,1.84788775444031,K,16
OUTPUT,NaN,NaN,NaN,NaN,NaN,NaN

INPUT,0.374503970146179,0.0299505032598972,0.785025060176849,0.945474922657013,3.12040734291077,1.8688417673111,K,17
OUTPUT,NaN,NaN,NaN,NaN,NaN,NaN

INPUT,0.376476317644119,0.0297880880534649,0.79065603017807,0.927813827991486,3.11969327926636,1.88391947746277,K,18
OUTPUT,NaN,NaN,NaN,NaN,NaN,NaN

INPUT,0.37765970826149,0.0296906381845474,0.794034600257874,0.917256593704224,3.11926746368408,1.89300560951233,K,19
OUTPUT,NaN,NaN,NaN,NaN,NaN,NaN

INPUT,0.378054171800613,0.02965815551579,0.79516077041626,0.913743674755096,3.11912608146667,1.896040558815,K,20
OUTPUT,NaN,NaN,NaN,NaN,NaN,NaN

INPUT,0.370380163192749,0.0434823632240295,0.715146005153656,-2.27445101737976,3.05608439445496,-1.77907967567444,K,4
OUTPUT,NaN,NaN,NaN,NaN,NaN,NaN

INPUT,0.380028784275055,0.0453564114868641,0.730348706245422,-2.32621049880981,3.03954815864563,-1.72290802001953,K,5
OUTPUT,NaN,NaN,NaN,NaN,NaN,NaN

INPUT,0.389677375555038,0.0472304634749889,0.745551407337189,-2.37862634658813,3.02330875396729,-1.66730201244354,K,6
OUTPUT,NaN,NaN,NaN,NaN,NaN,NaN

INPUT,0.397181838750839,0.0486880578100681,0.757375657558441,-2.41950011253357,3.01097345352173,-1.62449836730957,K,7
OUTPUT,NaN,NaN,NaN,NaN,NaN,NaN

INPUT,0.402542173862457,0.0497291944921017,0.765821635723114,-2.4486231803894,3.00235843658447,-1.59421145915985,K,8
OUTPUT,NaN,NaN,NaN,NaN,NaN,NaN

INPUT,0.40575835108757,0.0503538772463799,0.770889163017273,-2.46603560447693,2.99727749824524,-1.57617056369781,K,9
OUTPUT,NaN,NaN,NaN,NaN,NaN,NaN

INPUT,0.368893295526505,0.0402035862207413,0.730410695075989,-2.39436101913452,3.09623146057129,-1.63751077651978,K,5
OUTPUT,NaN,NaN,NaN,NaN,NaN,NaN

INPUT,0.376857101917267,0.0411762408912182,0.745948851108551,-2.45453071594238,3.08937740325928,-1.5639500617981,K,6
OUTPUT,NaN,NaN,NaN,NaN,NaN,NaN

INPUT,0.383051156997681,0.041932750493288,0.75803405046463,-2.50242710113525,3.08420491218567,-1.50781798362732,K,7
OUTPUT,NaN,NaN,NaN,NaN,NaN,NaN

INPUT,0.387475460767746,0.0424731187522411,0.766666352748871,-2.5370659828186,3.0806040763855,-1.46814155578613,K,8
OUTPUT,NaN,NaN,NaN,NaN,NaN,NaN

INPUT,0.390130072832108,0.0427973344922066,0.771845757961273,-2.55798816680908,3.07848334312439,-1.44447040557861,K,9
OUTPUT,NaN,NaN,NaN,NaN,NaN,NaN

INPUT,0.368419229984283,0.0482755824923515,0.716194868087769,-2.06415009498596,3.06060242652893,-1.75947201251984,K,4
OUTPUT,NaN,NaN,NaN,NaN,NaN,NaN

INPUT,0.377732932567596,0.0511365085840225,0.731669902801514,-2.09480357170105,3.0448899269104,-1.72359442710876,K,5
OUTPUT,NaN,NaN,NaN,NaN,NaN,NaN

INPUT,0.387046605348587,0.0539974346756935,0.747144997119904,-2.12621021270752,3.02928400039673,-1.68841958045959,K,6
OUTPUT,NaN,NaN,NaN,NaN,NaN,NaN

INPUT,0.394290596246719,0.0562225952744484,0.759181141853333,-2.15093541145325,3.01725387573242,-1.66141867637634,K,7
OUTPUT,NaN,NaN,NaN,NaN,NaN,NaN

INPUT,0.399464845657349,0.0578119978308678,0.767778396606445,-2.1686863899231,3.00873374938965,-1.64229679107666,K,8
OUTPUT,NaN,NaN,NaN,NaN,NaN,NaN

INPUT,0.40256941318512,0.0587656423449516,0.772936701774597,-2.17935752868652,3.00365471839905,-1.6308856010437,K,9
OUTPUT,NaN,NaN,NaN,NaN,NaN,NaN

INPUT,0.364292979240417,0.0283302776515484,0.735938310623169,0.811817765235901,3.0931134223938,1.34136915206909,K,5
OUTPUT,NaN,NaN,NaN,NaN,NaN,NaN

INPUT,0.370455771684647,0.0274069719016552,0.749454081058502,0.764846682548523,3.08581399917603,1.37519264221191,K,6
OUTPUT,NaN,NaN,NaN,NaN,NaN,NaN

INPUT,0.375249058008194,0.0266888458281755,0.759966313838959,0.729477643966675,3.08021259307861,1.40250539779663,K,7
OUTPUT,NaN,NaN,NaN,NaN,NaN,NaN

INPUT,0.37867283821106,0.0261758994311094,0.767475068569183,0.704723358154297,3.07626247406006,1.42236411571503,K,8
OUTPUT,NaN,NaN,NaN,NaN,NaN,NaN

INPUT,0.380727082490921,0.0258681308478117,0.771980345249176,0.690054297447205,3.0739152431488,1.43437778949738,K,9
OUTPUT,NaN,NaN,NaN,NaN,NaN,NaN

INPUT,0.362427592277527,0.0313620455563068,0.737401604652405,1.10797095298767,3.12573194503784,1.79809057712555,K,5
OUTPUT,NaN,NaN,NaN,NaN,NaN,NaN

INPUT,0.368151962757111,0.0308767147362232,0.750996708869934,1.03357827663422,3.12329769134521,1.82953572273254,K,6
OUTPUT,NaN,NaN,NaN,NaN,NaN,NaN

INPUT,0.372604221105576,0.0304992366582155,0.761570692062378,0.979518949985504,3.12144327163696,1.85741817951202,K,7
OUTPUT,NaN,NaN,NaN,NaN,NaN,NaN

INPUT,0.375784426927567,0.0302296075969934,0.769123554229736,0.942512273788452,3.12014555931091,1.87857353687286,K,8
OUTPUT,NaN,NaN,NaN,NaN,NaN,NaN

INPUT,0.377692550420761,0.0300678312778473,0.773655235767365,0.920870244503021,3.11937928199768,1.89163565635681,K,9
OUTPUT,NaN,NaN,NaN,NaN,NaN,NaN

