INPUT,0.360016256570816,0.0385713838040829,0.72136127948761,-2.22112154960632,3.09088230133057,-1.76558911800385,K,11
OUTPUT,NaN,NaN,NaN,NaN,NaN,NaN

INPUT,0.364854782819748,0.0390467382967472,0.732553839683533,-2.2465922832489,3.08512592315674,-1.73746490478516,K,12
OUTPUT,NaN,NaN,NaN,NaN,NaN,NaN

INPUT,0.36969330906868,0.0395220965147018,0.743746399879456,-2.27231168746948,3.07940983772278,-1.7095810174942,K,13
OUTPUT,NaN,NaN,NaN,NaN,NaN,NaN

INPUT,0.374531835317612,0.0399974510073662,0.754938960075378,-2.29821753501892,3.07373857498169,-1.68187391757965,K,14
OUTPUT,NaN,NaN,NaN,NaN,NaN,NaN

INPUT,0.379370361566544,0.0404728055000305,0.766131460666656,-2.32426691055298,3.06811594963074,-1.65430021286011,K,15
OUTPUT,NaN,NaN,NaN,NaN,NaN,NaN

INPUT,0.383725047111511,0.0409006252884865,0.776204764842987,-2.3478090763092,3.06310033798218,-1.62957191467285,K,16
OUTPUT,NaN,NaN,NaN,NaN,NaN,NaN

INPUT,0.387111991643906,0.0412333756685257,0.784039556980133,-2.36617255210876,3.05923104286194,-1.61038529872894,K,17
OUTPUT,NaN,NaN,NaN,NaN,NaN,NaN

INPUT,0.389531254768372,0.0414710529148579,0.789635837078094,-2.37931418418884,3.05648469924927,-1.59670162200928,K,18
OUTPUT,NaN,NaN,NaN,NaN,NaN,NaN

INPUT,0.390982836484909,0.0416136607527733,0.792993605136871,-2.38720798492432,3.05484437942505,-1.58849895000458,K,19
OUTPUT,NaN,NaN,NaN,NaN,NaN,NaN

INPUT,0.391466677188873,0.0416611954569817,0.794112861156464,-2.38984060287476,3.05429863929749,-1.58576571941376,K,20
OUTPUT,NaN,NaN,NaN,NaN,NaN,NaN

INPUT,0.37506964802742,0.0529899373650551,0.719836533069611,-2.2130913734436,3.0123827457428,-1.69889032840729,K,11
OUTPUT,NaN,NaN,NaN,NaN,NaN,NaN

INPUT,0.381678491830826,0.0551613457500935,0.7308509349823,-2.2428514957428,2.99766635894775,-1.66798222064972,K,12
OUTPUT,NaN,NaN,NaN,NaN,NaN,NaN

INPUT,0.388287365436554,0.0573327541351318,0.741865336894989,-2.27274990081787,2.98308181762695,-1.63714802265167,K,13
OUTPUT,NaN,NaN,NaN,NaN,NaN,NaN

INPUT,0.39489620923996,0.0595041587948799,0.752879798412323,-2.30276155471802,2.96864295005798,-1.60635709762573,K,14
OUTPUT,NaN,NaN,NaN,NaN,NaN,NaN

INPUT,0.401505053043365,0.0616755671799183,0.763894200325012,-2.33287048339844,2.95436334609985,-1.57558798789978,K,15
OUTPUT,NaN,NaN,NaN,NaN,NaN,NaN

INPUT,0.407453030347824,0.0636298358440399,0.773807168006897,-2.3600435256958,2.94165897369385,-1.54790115356445,K,16
OUTPUT,NaN,NaN,NaN,NaN,NaN,NaN

INPUT,0.412079215049744,0.0651498213410378,0.781517267227173,-2.38122296333313,2.93188071250916,-1.52636432647705,K,17
OUTPUT,NaN,NaN,NaN,NaN,NaN,NaN

INPUT,0.415383666753769,0.0662355273962021,0.78702449798584,-2.39637470245361,2.9249541759491,-1.51097738742828,K,18
OUTPUT,NaN,NaN,NaN,NaN,NaN,NaN

INPUT,0.417366296052933,0.0668869465589523,0.790328800678253,-2.40547442436218,2.92082214355469,-1.5017431974411,K,19
OUTPUT,NaN,NaN,NaN,NaN,NaN,NaN

INPUT,0.418027192354202,0.0671040862798691,0.791430234909058,-2.40850925445557,2.91944885253906,-1.49866485595703,K,20
OUTPUT,NaN,NaN,NaN,NaN,NaN,NaN

INPUT,0.369513005018234,0.045813899487257,0.715194165706635,-2.11637830734253,3.04751300811768,-1.5721572637558,K,4
OUTPUT,NaN,NaN,NaN,NaN,NaN,NaN

INPUT,0.379004716873169,0.0481675043702126,0.730451464653015,-2.17105197906494,3.02964973449707,-1.50905787944794,K,5
OUTPUT,NaN,NaN,NaN,NaN,NaN,NaN

INPUT,0.388496458530426,0.0505211092531681,0.745708823204041,-2.2269332408905,3.01217269897461,-1.44704961776733,K,6
OUTPUT,NaN,NaN,NaN,NaN,NaN,NaN

INPUT,0.395878911018372,0.0523516871035099,0.757575631141663,-2.27095437049866,2.99888610839844,-1.39928841590881,K,7
OUTPUT,NaN,NaN,NaN,NaN,NaN,NaN

INPUT,0.401152104139328,0.0536592453718185,0.766051948070526,-2.30262207984924,2.989577293396,-1.3653450012207,K,8
OUTPUT,NaN,NaN,NaN,NaN,NaN,NaN

INPUT,0.404316008090973,0.0544437803328037,0.771137714385986,-2.32169795036316,2.98406934738159,-1.34503197669983,K,9
OUTPUT,NaN,NaN,NaN,NaN,NaN,NaN

INPUT,0.368393957614899,0.0386151522397995,0.730847597122192,-2.26653146743774,3.08060717582703,-1.72766757011414,K,5
OUTPUT,NaN,NaN,NaN,NaN,NaN,NaN

INPUT,0.376241594552994,0.0392830483615398,0.746450483798981,-2.31033515930176,3.07093954086304,-1.67553079128265,K,6
OUTPUT,NaN,NaN,NaN,NaN,NaN,NaN

INPUT,0.38234531879425,0.0398025214672089,0.75858610868454,-2.34499073028564,3.06355905532837,-1.63582801818848,K,7
OUTPUT,NaN,NaN,NaN,NaN,NaN,NaN

INPUT,0.386705130338669,0.0401735715568066,0.76725435256958,-2.36989188194275,3.05837941169739,-1.60788118839264,K,8
OUTPUT,NaN,NaN,NaN,NaN,NaN,NaN

INPUT,0.389320999383926,0.0403962023556232,0.772455334663391,-2.38485336303711,3.05531334877014,-1.59127449989319,K,9
OUTPUT,NaN,NaN,NaN,NaN,NaN,NaN

INPUT,0.375475525856018,0.0509236194193363,0.71556431055069,-2.20290565490723,3.0110239982605,-1.70547330379486,K,4
OUTPUT,NaN,NaN,NaN,NaN,NaN,NaN

INPUT,0.385872423648834,0.0544261634349823,0.730482459068298,-2.25738120079041,2.98595809936523,-1.65053761005402,K,5
OUTPUT,NaN,NaN,NaN,NaN,NaN,NaN

INPUT,0.39626932144165,0.0579287111759186,0.745400547981262,-2.31202578544617,2.96135687828064,-1.59555923938751,K,6
OUTPUT,NaN,NaN,NaN,NaN,NaN,NaN

INPUT,0.404355823993683,0.0606529116630554,0.757003545761108,-2.35441899299622,2.94268727302551,-1.55296385288239,K,7
OUTPUT,NaN,NaN,NaN,NaN,NaN,NaN

INPUT,0.410131871700287,0.0625987723469734,0.765291392803192,-2.38454461097717,2.92966055870056,-1.52271628379822,K,8
OUTPUT,NaN,NaN,NaN,NaN,NaN,NaN

INPUT,0.413597524166107,0.063766285777092,0.770264089107513,-2.40253114700317,2.92198348045349,-1.50466394424438,K,9
OUTPUT,NaN,NaN,NaN,NaN,NaN,NaN

INPUT,0.361148118972778,0.0505519472062588,0.720610857009888,-2.03179883956909,3.06518459320068,-1.73133504390717,K,11
OUTPUT,NaN,NaN,NaN,NaN,NaN,NaN

INPUT,0.366119235754013,0.0524365566670895,0.731716394424438,-2.04852914810181,3.05631351470947,-1.71253168582916,K,12
OUTPUT,NaN,NaN,NaN,NaN,NaN,NaN

INPUT,0.371090352535248,0.0543211661279202,0.742821872234344,-2.06543803215027,3.04748106002808,-1.69394147396088,K,13
OUTPUT,NaN,NaN,NaN,NaN,NaN,NaN

INPUT,0.376061469316483,0.0562057755887508,0.75392735004425,-2.08246421813965,3.03869581222534,-1.67552483081818,K,14
OUTPUT,NaN,NaN,NaN,NaN,NaN,NaN

INPUT,0.381032586097717,0.0580903887748718,0.765032827854156,-2.0995614528656,3.02996611595154,-1.65725779533386,K,15
OUTPUT,NaN,NaN,NaN,NaN,NaN,NaN

INPUT,0.385506600141525,0.0597865357995033,0.775027751922607,-2.11498093605042,3.02216339111328,-1.64093434810638,K,16
OUTPUT,NaN,NaN,NaN,NaN,NaN,NaN

INPUT,0.388986378908157,0.061105765402317,0.782801628112793,-2.12698030471802,3.01613402366638,-1.62831103801727,K,17
OUTPUT,NaN,NaN,NaN,NaN,NaN,NaN

INPUT,0.391471952199936,0.0620480701327324,0.788354337215424,-2.13554954528809,3.01184988021851,-1.61933255195618,K,18
OUTPUT,NaN,NaN,NaN,NaN,NaN,NaN

INPUT,0.392963290214539,0.0626134499907494,0.791685998439789,-2.14068913459778,3.00928902626038,-1.61396062374115,K,19
OUTPUT,NaN,NaN,NaN,NaN,NaN,NaN

INPUT,0.393460392951965,0.0628019124269485,0.792796552181244,-2.14240169525146,3.00843691825867,-1.61217260360718,K,20
OUTPUT,NaN,NaN,NaN,NaN,NaN,NaN

INPUT,0.367611438035965,0.0399312861263752,0.721080660820007,-2.37286257743835,3.09621906280518,-1.7818568944931,K,11
OUTPUT,NaN,NaN,NaN,NaN,NaN,NaN

INPUT,0.373344033956528,0.0405668318271637,0.732239127159119,-2.40634822845459,3.09115743637085,-1.74580919742584,K,12
OUTPUT,NaN,NaN,NaN,NaN,NaN,NaN

INPUT,0.379076659679413,0.0412023775279522,0.743397653102875,-2.44007039070129,3.08615660667419,-1.70998978614807,K,13
OUTPUT,NaN,NaN,NaN,NaN,NaN,NaN

INPUT,0.384809285402298,0.0418379232287407,0.754556179046631,-2.47396993637085,3.08122253417969,-1.6743381023407,K,14
OUTPUT,NaN,NaN,NaN,NaN,NaN,NaN

INPUT,0.390541911125183,0.0424734689295292,0.765714704990387,-2.50800633430481,3.07636165618896,-1.63881266117096,K,15
OUTPUT,NaN,NaN,NaN,NaN,NaN,NaN

INPUT,0.395701259374619,0.0430454611778259,0.775757372379303,-2.53873205184937,3.07205390930176,-1.60692346096039,K,16
OUTPUT,NaN,NaN,NaN,NaN,NaN,NaN

INPUT,0.399714112281799,0.0434903427958488,0.783568322658539,-2.56268000602722,3.06875038146973,-1.5821647644043,K,17
OUTPUT,NaN,NaN,NaN,NaN,NaN,NaN

INPUT,0.402580410242081,0.0438081175088882,0.789147615432739,-2.57980942726135,3.06641697883606,-1.5644998550415,K,18
OUTPUT,NaN,NaN,NaN,NaN,NaN,NaN

INPUT,0.404300212860107,0.0439987815916538,0.792495131492615,-2.59009552001953,3.06502795219421,-1.55390810966492,K,19
OUTPUT,NaN,NaN,NaN,NaN,NaN,NaN

INPUT,0.404873460531235,0.0440623350441456,0.793610990047455,-2.59352540969849,3.06456661224365,-1.5503785610199,K,20
OUTPUT,NaN,NaN,NaN,NaN,NaN,NaN

INPUT,0.362889319658279,0.0413918867707253,0.721269369125366,-2.13486552238464,3.09325790405273,-1.75994777679443,K,11
OUTPUT,NaN,NaN,NaN,NaN,NaN,NaN

INPUT,0.368066400289536,0.0421991981565952,0.732450127601624,-2.15551733970642,3.0877320766449,-1.73649597167969,K,12
OUTPUT,NaN,NaN,NaN,NaN,NaN,NaN

INPUT,0.373243480920792,0.0430065058171749,0.743630826473236,-2.17643237113953,3.08223247528076,-1.71330094337463,K,13
OUTPUT,NaN,NaN,NaN,NaN,NaN,NaN

INPUT,0.378420561552048,0.0438138134777546,0.754811584949493,-2.19754385948181,3.0767617225647,-1.69029521942139,K,14
OUTPUT,NaN,NaN,NaN,NaN,NaN,NaN

INPUT,0.383597642183304,0.0446211248636246,0.765992343425751,-2.21880626678467,3.07132244110107,-1.6674325466156,K,15
OUTPUT,NaN,NaN,NaN,NaN,NaN,NaN

INPUT,0.388256996870041,0.0453477017581463,0.776055037975311,-2.23804473876953,3.06645607948303,-1.64695131778717,K,16
OUTPUT,NaN,NaN,NaN,NaN,NaN,NaN

INPUT,0.391880959272385,0.0459128208458424,0.783881545066833,-2.2530632019043,3.0626916885376,-1.63107168674469,K,17
OUTPUT,NaN,NaN,NaN,NaN,NaN,NaN

INPUT,0.394469499588013,0.0463164746761322,0.789471924304962,-2.26381659507751,3.06001424789429,-1.61975204944611,K,18
OUTPUT,NaN,NaN,NaN,NaN,NaN,NaN

INPUT,0.396022617816925,0.0465586669743061,0.792826175689697,-2.27027773857117,3.0584123134613,-1.61296844482422,K,19
OUTPUT,NaN,NaN,NaN,NaN,NaN,NaN

INPUT,0.396540313959122,0.0466393977403641,0.793944239616394,-2.27243304252625,3.05787920951843,-1.61070847511292,K,20
OUTPUT,NaN,NaN,NaN,NaN,NaN,NaN

INPUT,0.362190514802933,0.0491352416574955,0.721850693225861,-2.01085233688354,3.06284976005554,-1.78105914592743,K,11
OUTPUT,NaN,NaN,NaN,NaN,NaN,NaN

INPUT,0.367285281419754,0.0508535727858543,0.733099937438965,-2.02350735664368,3.05368542671204,-1.76659286022186,K,12
OUTPUT,NaN,NaN,NaN,NaN,NaN,NaN

INPUT,0.372380077838898,0.0525719001889229,0.744349122047424,-2.03632783889771,3.04454445838928,-1.75230360031128,K,13
OUTPUT,NaN,NaN,NaN,NaN,NaN,NaN

INPUT,0.377474844455719,0.0542902313172817,0.755598306655884,-2.04926490783691,3.03543257713318,-1.73815178871155,K,14
OUTPUT,NaN,NaN,NaN,NaN,NaN,NaN

INPUT,0.38256961107254,0.0560085624456406,0.766847491264343,-2.06228280067444,3.02635478973389,-1.72411215305328,K,15
OUTPUT,NaN,NaN,NaN,NaN,NaN,NaN

INPUT,0.387154906988144,0.0575550608336926,0.776971817016602,-2.07404661178589,3.01821851730347,-1.71155869960785,K,16
OUTPUT,NaN,NaN,NaN,NaN,NaN,NaN

INPUT,0.390721261501312,0.0587578937411308,0.784846246242523,-2.08321690559387,3.01191473007202,-1.70184338092804,K,17
OUTPUT,NaN,NaN,NaN,NaN,NaN,NaN

INPUT,0.393268644809723,0.0596170574426651,0.790470838546753,-2.08977484703064,3.00742626190186,-1.69492816925049,K,18
OUTPUT,NaN,NaN,NaN,NaN,NaN,NaN

INPUT,0.394797086715698,0.0601325556635857,0.793845593929291,-2.09371161460876,3.0047390460968,-1.69078838825226,K,19
OUTPUT,NaN,NaN,NaN,NaN,NaN,NaN

INPUT,0.395306557416916,0.0603043884038925,0.794970512390137,-2.09502410888672,3.00384426116943,-1.68940997123718,K,20
OUTPUT,NaN,NaN,NaN,NaN,NaN,NaN

INPUT,0.363507688045502,0.0388682521879673,0.722032308578491,-2.23120474815369,3.11593246459961,-1.72029328346252,K,11
OUTPUT,NaN,NaN,NaN,NaN,NaN,NaN

INPUT,0.368756949901581,0.0393785424530506,0.733303725719452,-2.25857520103455,3.11307740211487,-1.68757307529449,K,12
OUTPUT,NaN,NaN,NaN,NaN,NaN,NaN

INPUT,0.374006181955338,0.0398888327181339,0.744575142860413,-2.28643178939819,3.11024785041809,-1.65533661842346,K,13
OUTPUT,NaN,NaN,NaN,NaN,NaN,NaN

INPUT,0.379255443811417,0.0403991192579269,0.755846560001373,-2.31465101242065,3.10744667053223,-1.62346005439758,K,14
OUTPUT,NaN,NaN,NaN,NaN,NaN,NaN

INPUT,0.384504705667496,0.0409094095230103,0.767117977142334,-2.34314751625061,3.10467624664307,-1.59185802936554,K,15
OUTPUT,NaN,NaN,NaN,NaN,NaN,NaN

INPUT,0.389229029417038,0.0413686707615852,0.777262270450592,-2.36898136138916,3.10221099853516,-1.56360065937042,K,16
OUTPUT,NaN,NaN,NaN,NaN,NaN,NaN

INPUT,0.392903506755829,0.0417258739471436,0.7851522564888,-2.3891749382019,3.10031342506409,-1.54172122478485,K,17
OUTPUT,NaN,NaN,NaN,NaN,NaN,NaN

INPUT,0.395528137683868,0.0419810190796852,0.790787994861603,-2.40364503860474,3.09896922111511,-1.52613842487335,K,18
OUTPUT,NaN,NaN,NaN,NaN,NaN,NaN

INPUT,0.397102892398834,0.0421341061592102,0.794169425964355,-2.41234397888184,3.09816718101501,-1.51680505275726,K,19
OUTPUT,NaN,NaN,NaN,NaN,NaN,NaN

INPUT,0.397627830505371,0.0421851351857185,0.795296549797058,-2.41524624824524,3.09790062904358,-1.51369643211365,K,20
OUTPUT,NaN,NaN,NaN,NaN,NaN,NaN

INPUT,0.362960934638977,0.0439451448619366,0.720550060272217,-1.97390174865723,3.09147572517395,-1.54180216789246,K,11
OUTPUT,NaN,NaN,NaN,NaN,NaN,NaN

INPUT,0.368146240711212,0.0450526848435402,0.731647074222565,-1.99765288829803,3.08575534820557,-1.51471722126007,K,12
OUTPUT,NaN,NaN,NaN,NaN,NaN,NaN

INPUT,0.373331546783447,0.0461602248251438,0.742744088172913,-2.0217170715332,3.08007073402405,-1.48793709278107,K,13
OUTPUT,NaN,NaN,NaN,NaN,NaN,NaN

INPUT,0.378516852855682,0.0472677648067474,0.75384110212326,-2.04601454734802,3.07442593574524,-1.46138155460358,K,14
OUTPUT,NaN,NaN,NaN,NaN,NaN,NaN

INPUT,0.383702158927917,0.0483753047883511,0.764938116073608,-2.07049131393433,3.06882429122925,-1.43499565124512,K,15
OUTPUT,NaN,NaN,NaN,NaN,NaN,NaN

INPUT,0.388368934392929,0.0493720881640911,0.774925410747528,-2.09264183044434,3.06382298469543,-1.4113609790802,K,16
OUTPUT,NaN,NaN,NaN,NaN,NaN,NaN

INPUT,0.391998648643494,0.0501473657786846,0.782693326473236,-2.10993576049805,3.05996108055115,-1.39303803443909,K,17
OUTPUT,NaN,NaN,NaN,NaN,NaN,NaN

INPUT,0.394591301679611,0.0507011376321316,0.788241803646088,-2.122318983078,3.05721831321716,-1.37997722625732,K,18
OUTPUT,NaN,NaN,NaN,NaN,NaN,NaN

INPUT,0.396146893501282,0.0510333999991417,0.791570901870728,-2.12976002693176,3.05557918548584,-1.37215042114258,K,19
OUTPUT,NaN,NaN,NaN,NaN,NaN,NaN

INPUT,0.396665424108505,0.051144152879715,0.792680621147156,-2.13224196434021,3.05503392219543,-1.36954295635223,K,20
OUTPUT,NaN,NaN,NaN,NaN,NaN,NaN

INPUT,0.368945389986038,0.0514241456985474,0.719784438610077,-1.98757326602936,3.03083109855652,-1.69522178173065,K,11
OUTPUT,NaN,NaN,NaN,NaN,NaN,NaN

INPUT,0.374834686517715,0.0534114427864552,0.730791568756104,-2.0041708946228,3.01792287826538,-1.67719972133636,K,12
OUTPUT,NaN,NaN,NaN,NaN,NaN,NaN

INPUT,0.380723983049393,0.0553987398743629,0.741798758506775,-2.02089381217957,3.00506901741028,-1.65932238101959,K,13
OUTPUT,NaN,NaN,NaN,NaN,NaN,NaN

INPUT,0.386613249778748,0.0573860369622707,0.752805888652802,-2.03769659996033,2.9922821521759,-1.64156520366669,K,14
OUTPUT,NaN,NaN,NaN,NaN,NaN,NaN

INPUT,0.392502546310425,0.0593733340501785,0.763813078403473,-2.05454516410828,2.97957396507263,-1.62391424179077,K,15
OUTPUT,NaN,NaN,NaN,NaN,NaN,NaN

INPUT,0.397802889347076,0.0611619018018246,0.773719489574432,-2.06972527503967,2.9682137966156,-1.60811388492584,K,16
OUTPUT,NaN,NaN,NaN,NaN,NaN,NaN

INPUT,0.401925414800644,0.0625530108809471,0.781424522399902,-2.08153223991394,2.95943403244019,-1.59587919712067,K,17
OUTPUT,NaN,NaN,NaN,NaN,NaN,NaN

INPUT,0.404870063066483,0.0635466575622559,0.786928057670593,-2.0899612903595,2.95319533348083,-1.58716952800751,K,18
OUTPUT,NaN,NaN,NaN,NaN,NaN,NaN

INPUT,0.406636834144592,0.0641428455710411,0.790230214595795,-2.09501600265503,2.94946575164795,-1.58195555210114,K,19
OUTPUT,NaN,NaN,NaN,NaN,NaN,NaN

INPUT,0.407225757837296,0.0643415749073029,0.791330933570862,-2.09670042991638,2.94822478294373,-1.58021950721741,K,20
OUTPUT,NaN,NaN,NaN,NaN,NaN,NaN

INPUT,0.367473691701889,0.0576175153255463,0.718334913253784,-1.86898505687714,3.0220730304718,-1.57705807685852,K,11
OUTPUT,NaN,NaN,NaN,NaN,NaN,NaN

INPUT,0.373189687728882,0.0603336095809937,0.729171395301819,-1.88556158542633,3.00812578201294,-1.55904912948608,K,12
OUTPUT,NaN,NaN,NaN,NaN,NaN,NaN

INPUT,0.378905653953552,0.0630497112870216,0.740007877349854,-1.9022661447525,2.99423766136169,-1.54118394851685,K,13
OUTPUT,NaN,NaN,NaN,NaN,NaN,NaN

INPUT,0.384621649980545,0.0657657980918884,0.750844299793243,-1.91905307769775,2.9804220199585,-1.5234375,K,14
OUTPUT,NaN,NaN,NaN,NaN,NaN,NaN

INPUT,0.390337616205215,0.0684818997979164,0.761680781841278,-1.93588805198669,2.9666919708252,-1.50579607486725,K,15
OUTPUT,NaN,NaN,NaN,NaN,NaN,NaN

INPUT,0.395482003688812,0.0709263905882835,0.771433651447296,-1.95105826854706,2.95441913604736,-1.4900027513504,K,16
OUTPUT,NaN,NaN,NaN,NaN,NaN,NaN

INPUT,0.399483203887939,0.0728276520967484,0.779019176959991,-1.96285831928253,2.94493460655212,-1.47777283191681,K,17
OUTPUT,NaN,NaN,NaN,NaN,NaN,NaN

INPUT,0.402341187000275,0.074185699224472,0.784437417984009,-1.97128343582153,2.93819499015808,-1.46906590461731,K,18
OUTPUT,NaN,NaN,NaN,NaN,NaN,NaN

INPUT,0.40405598282814,0.0750005319714546,0.787688314914703,-1.97633600234985,2.93416619300842,-1.46385324001312,K,19
OUTPUT,NaN,NaN,NaN,NaN,NaN,NaN

INPUT,0.404627591371536,0.0752721428871155,0.788771986961365,-1.97801959514618,2.93282580375671,-1.46211767196655,K,20
OUTPUT,NaN,NaN,NaN,NaN,NaN,NaN

INPUT,0.369705051183701,0.0521636009216309,0.730095148086548,-2.06063985824585,3.04957509040833,-1.70636069774628,K,5
OUTPUT,NaN,NaN,NaN,NaN,NaN,NaN

INPUT,0.37773984670639,0.055189460515976,0.745531439781189,-2.08956909179688,3.03463220596313,-1.6718442440033,K,6
OUTPUT,NaN,NaN,NaN,NaN,NaN,NaN

INPUT,0.383989155292511,0.0575429014861584,0.757537364959717,-2.1125316619873,3.02310299873352,-1.64551162719727,K,7
OUTPUT,NaN,NaN,NaN,NaN,NaN,NaN

INPUT,0.388452917337418,0.059223935008049,0.766113042831421,-2.1290910243988,3.01493096351624,-1.62692403793335,K,8
OUTPUT,NaN,NaN,NaN,NaN,NaN,NaN

INPUT,0.391131192445755,0.0602325536310673,0.771258473396301,-2.13906979560852,3.0100564956665,-1.61585092544556,K,9
OUTPUT,NaN,NaN,NaN,NaN,NaN,NaN

INPUT,0.377538025379181,0.0404345616698265,0.730850338935852,-2.43161511421204,3.08718013763428,-1.7321549654007,K,5
OUTPUT,NaN,NaN,NaN,NaN,NaN,NaN

INPUT,0.386905878782272,0.0414518862962723,0.746265530586243,-2.48905777931213,3.07881951332092,-1.66589963436127,K,6
OUTPUT,NaN,NaN,NaN,NaN,NaN,NaN

INPUT,0.394192010164261,0.0422431342303753,0.758255124092102,-2.53447461128235,3.07248044013977,-1.61508464813232,K,7
OUTPUT,NaN,NaN,NaN,NaN,NaN,NaN

INPUT,0.399396359920502,0.0428083166480064,0.76681911945343,-2.56720328330994,3.06804943084717,-1.5790638923645,K,8
OUTPUT,NaN,NaN,NaN,NaN,NaN,NaN

INPUT,0.40251898765564,0.0431474223732948,0.771957516670227,-2.5869345664978,3.06543207168579,-1.55754005908966,K,9
OUTPUT,NaN,NaN,NaN,NaN,NaN,NaN

INPUT,0.37194812297821,0.0419019460678101,0.730841457843781,-2.17290449142456,3.08330464363098,-1.72955167293549,K,5
OUTPUT,NaN,NaN,NaN,NaN,NaN,NaN

INPUT,0.380412727594376,0.0431476049125195,0.746383666992188,-2.20800876617432,3.07402396202087,-1.68578827381134,K,6
OUTPUT,NaN,NaN,NaN,NaN,NaN,NaN

INPUT,0.386996269226074,0.044116448611021,0.758472084999084,-2.23598718643188,3.06689548492432,-1.65256702899933,K,7
OUTPUT,NaN,NaN,NaN,NaN,NaN,NaN

INPUT,0.391698837280273,0.0448084808886051,0.767106652259827,-2.25618982315063,3.0618634223938,-1.62920141220093,K,8
OUTPUT,NaN,NaN,NaN,NaN,NaN,NaN

INPUT,0.394520372152328,0.0452237017452717,0.772287368774414,-2.26836729049683,3.05887174606323,-1.61531567573547,K,9
OUTPUT,NaN,NaN,NaN,NaN,NaN,NaN

INPUT,0.371051073074341,0.050399549305439,0.731705784797668,-2.03176665306091,3.04656267166138,-1.76111209392548,K,5
OUTPUT,NaN,NaN,NaN,NaN,NaN,NaN

INPUT,0.379288196563721,0.0531094036996365,0.747349262237549,-2.05417704582214,3.03110194206238,-1.73490452766418,K,6
OUTPUT,NaN,NaN,NaN,NaN,NaN,NaN

INPUT,0.385694831609726,0.0552170649170876,0.759516417980194,-2.07193303108215,3.0191342830658,-1.7148585319519,K,7
OUTPUT,NaN,NaN,NaN,NaN,NaN,NaN

INPUT,0.390270978212357,0.0567225404083729,0.768207311630249,-2.08473300933838,3.01062488555908,-1.7006801366806,K,8
OUTPUT,NaN,NaN,NaN,NaN,NaN,NaN

INPUT,0.393016695976257,0.0576258264482021,0.773421764373779,-2.09244775772095,3.00553703308105,-1.69222176074982,K,9
OUTPUT,NaN,NaN,NaN,NaN,NaN,NaN

INPUT,0.372908532619476,0.0393332913517952,0.731734931468964,-2.2879490852356,3.11056900024414,-1.6831306219101,K,5
OUTPUT,NaN,NaN,NaN,NaN,NaN,NaN

INPUT,0.381572365760803,0.0401510931551456,0.747424006462097,-2.33233070373535,3.10588717460632,-1.62000894546509,K,6
OUTPUT,NaN,NaN,NaN,NaN,NaN,NaN

INPUT,0.38831090927124,0.0407871641218662,0.759626567363739,-2.36820960044861,3.10233163833618,-1.57266461849213,K,7
OUTPUT,NaN,NaN,NaN,NaN,NaN,NaN

INPUT,0.393124163150787,0.0412414968013763,0.768342733383179,-2.39426040649414,3.09984850883484,-1.53965353965759,K,8
OUTPUT,NaN,NaN,NaN,NaN,NaN,NaN

INPUT,0.396012097597122,0.0415140986442566,0.773572444915771,-2.40999150276184,3.09838438034058,-1.52014887332916,K,9
OUTPUT,NaN,NaN,NaN,NaN,NaN,NaN

INPUT,0.372073888778687,0.0448145642876625,0.729925155639648,-2.021071434021,3.08116984367371,-1.51005578041077,K,5
OUTPUT,NaN,NaN,NaN,NaN,NaN,NaN

INPUT,0.380595445632935,0.0465663261711597,0.74534410238266,-2.05999660491943,3.07158660888672,-1.45798015594482,K,6
OUTPUT,NaN,NaN,NaN,NaN,NaN,NaN

INPUT,0.387223333120346,0.0479288063943386,0.757336556911469,-2.09129190444946,3.0642557144165,-1.41871929168701,K,7
OUTPUT,NaN,NaN,NaN,NaN,NaN,NaN

INPUT,0.391957521438599,0.0489020086824894,0.765902638435364,-2.11397457122803,3.05910134315491,-1.39123010635376,K,8
OUTPUT,NaN,NaN,NaN,NaN,NaN,NaN

INPUT,0.394798040390015,0.0494859293103218,0.771042287349701,-2.12766766548157,3.05604577064514,-1.37494027614594,K,9
OUTPUT,NaN,NaN,NaN,NaN,NaN,NaN

INPUT,0.369380086660385,0.0494287721812725,0.71445220708847,-1.98429298400879,3.02982711791992,-1.70245695114136,K,4
OUTPUT,NaN,NaN,NaN,NaN,NaN,NaN

INPUT,0.378887355327606,0.0524964034557343,0.729606986045837,-2.01344609260559,3.00799322128296,-1.66952514648438,K,5
OUTPUT,NaN,NaN,NaN,NaN,NaN,NaN

INPUT,0.388394623994827,0.0555640421807766,0.744761765003204,-2.04317355155945,2.98628759384155,-1.6370769739151,K,6
OUTPUT,NaN,NaN,NaN,NaN,NaN,NaN

INPUT,0.395789176225662,0.0579499788582325,0.756548881530762,-2.06652522087097,2.96953725814819,-1.61208426952362,K,7
OUTPUT,NaN,NaN,NaN,NaN,NaN,NaN

INPUT,0.401070982217789,0.0596542209386826,0.76496821641922,-2.08327603340149,2.95766234397888,-1.5943455696106,K,8
OUTPUT,NaN,NaN,NaN,NaN,NaN,NaN

INPUT,0.404240071773529,0.0606767646968365,0.770019769668579,-2.09334301948547,2.9505786895752,-1.58374559879303,K,9
OUTPUT,NaN,NaN,NaN,NaN,NaN,NaN

INPUT,0.377185851335526,0.0595568940043449,0.727703392505646,-1.8975076675415,2.99753475189209,-1.55418956279755,K,5
OUTPUT,NaN,NaN,NaN,NaN,NaN,NaN

INPUT,0.38647386431694,0.0638441815972328,0.742644429206848,-1.92599260807037,2.97403502464294,-1.52050387859344,K,6
OUTPUT,NaN,NaN,NaN,NaN,NaN,NaN

INPUT,0.393697887659073,0.0671787410974503,0.754265189170837,-1.94860088825226,2.95589971542358,-1.49476110935211,K,7
OUTPUT,NaN,NaN,NaN,NaN,NaN,NaN

INPUT,0.398857891559601,0.0695605650544167,0.762565791606903,-1.96490800380707,2.94304323196411,-1.47656834125519,K,8
OUTPUT,NaN,NaN,NaN,NaN,NaN,NaN

INPUT,0.401953905820847,0.0709896609187126,0.767546117305756,-1.97473728656769,2.93537425994873,-1.46572208404541,K,9
OUTPUT,NaN,NaN,NaN,NaN,NaN,NaN

INPUT,0.36955738067627,0.0482619628310204,0.721660852432251,-2.24697399139404,3.05033493041992,-1.62769281864166,K,11
OUTPUT,NaN,NaN,NaN,NaN,NaN,NaN

INPUT,0.375518411397934,0.0498774126172066,0.732888579368591,-2.28265953063965,3.04009032249451,-1.59042835235596,K,12
OUTPUT,NaN,NaN,NaN,NaN,NaN,NaN

INPUT,0.381479442119598,0.0514928661286831,0.744116365909576,-2.31850814819336,3.02998065948486,-1.5532888174057,K,13
OUTPUT,NaN,NaN,NaN,NaN,NaN,NaN

INPUT,0.38744044303894,0.0531083159148693,0.755344033241272,-2.35448336601257,3.02001929283142,-1.51623523235321,K,14
OUTPUT,NaN,NaN,NaN,NaN,NaN,NaN

INPUT,0.393401473760605,0.0547237657010555,0.766571819782257,-2.39056181907654,3.01021957397461,-1.47924077510834,K,15
OUTPUT,NaN,NaN,NaN,NaN,NaN,NaN

INPUT,0.398766398429871,0.0561776719987392,0.776676774024963,-2.42310643196106,3.00154900550842,-1.44598007202148,K,16
OUTPUT,NaN,NaN,NaN,NaN,NaN,NaN

INPUT,0.402939110994339,0.0573084875941277,0.784536182880402,-2.44846177101135,2.9949095249176,-1.42012596130371,K,17
OUTPUT,NaN,NaN,NaN,NaN,NaN,NaN

INPUT,0.40591961145401,0.0581162124872208,0.790150046348572,-2.46659350395203,2.99022531509399,-1.40166449546814,K,18
OUTPUT,NaN,NaN,NaN,NaN,NaN,NaN

INPUT,0.407707929611206,0.0586008466780186,0.793518364429474,-2.47748017311096,2.98743891716003,-1.39058935642242,K,19
OUTPUT,NaN,NaN,NaN,NaN,NaN,NaN

INPUT,0.408304035663605,0.0587623938918114,0.794641137123108,-2.48111057281494,2.9865140914917,-1.38689780235291,K,20
OUTPUT,NaN,NaN,NaN,NaN,NaN,NaN

INPUT,0.366961658000946,0.0510598719120026,0.720061004161835,-2.16503977775574,3.04758858680725,-1.81922292709351,K,11
OUTPUT,NaN,NaN,NaN,NaN,NaN,NaN

INPUT,0.37261763215065,0.0530046075582504,0.731099724769592,-2.18484449386597,3.03667640686035,-1.79803884029388,K,12
OUTPUT,NaN,NaN,NaN,NaN,NaN,NaN

INPUT,0.378273636102676,0.0549493469297886,0.74213844537735,-2.20475459098816,3.02582788467407,-1.77701044082642,K,13
OUTPUT,NaN,NaN,NaN,NaN,NaN,NaN

INPUT,0.383929640054703,0.0568940863013268,0.753177165985107,-2.22471904754639,3.01505637168884,-1.75612080097198,K,14
OUTPUT,NaN,NaN,NaN,NaN,NaN,NaN

INPUT,0.389585614204407,0.0588388219475746,0.764215886592865,-2.24469828605652,3.00437593460083,-1.73536372184753,K,15
OUTPUT,NaN,NaN,NaN,NaN,NaN,NaN

INPUT,0.394675999879837,0.0605890899896622,0.774150729179382,-2.26266503334045,2.99485182762146,-1.71679580211639,K,16
OUTPUT,NaN,NaN,NaN,NaN,NaN,NaN

INPUT,0.39863520860672,0.0619504041969776,0.781877815723419,-2.27661561965942,2.98750805854797,-1.70243048667908,K,17
OUTPUT,NaN,NaN,NaN,NaN,NaN,NaN

INPUT,0.401463210582733,0.0629227757453918,0.78739720582962,-2.28656220436096,2.98229932785034,-1.69221162796021,K,18
OUTPUT,NaN,NaN,NaN,NaN,NaN,NaN

INPUT,0.403160005807877,0.063506193459034,0.790708780288696,-2.29252171516418,2.97918939590454,-1.68609762191772,K,19
OUTPUT,NaN,NaN,NaN,NaN,NaN,NaN

INPUT,0.40372559428215,0.0637006685137749,0.791812658309937,-2.29450654983521,2.97815537452698,-1.6840626001358,K,20
OUTPUT,NaN,NaN,NaN,NaN,NaN,NaN

INPUT,0.377009451389313,0.0519407838582993,0.718913018703461,-2.19258093833923,3.00759816169739,-1.74305307865143,K,11
OUTPUT,NaN,NaN,NaN,NaN,NaN,NaN

INPUT,0.383847862482071,0.0539891272783279,0.729816436767578,-2.21860957145691,2.99223256111145,-1.71603488922119,K,12
OUTPUT,NaN,NaN,NaN,NaN,NaN,NaN

INPUT,0.390686273574829,0.0560374669730663,0.74071991443634,-2.24476075172424,2.97697186470032,-1.68907809257507,K,13
OUTPUT,NaN,NaN,NaN,NaN,NaN,NaN

INPUT,0.39752471446991,0.0580858066678047,0.751623392105103,-2.27101302146912,2.96182680130005,-1.66215598583221,K,14
OUTPUT,NaN,NaN,NaN,NaN,NaN,NaN

INPUT,0.404363125562668,0.0601341500878334,0.762526869773865,-2.29735350608826,2.94680833816528,-1.63524949550629,K,15
OUTPUT,NaN,NaN,NaN,NaN,NaN,NaN

INPUT,0.410517692565918,0.0619776546955109,0.772339940071106,-2.32112741470337,2.93340873718262,-1.61103510856628,K,16
OUTPUT,NaN,NaN,NaN,NaN,NaN,NaN

INPUT,0.415304601192474,0.0634114965796471,0.77997237443924,-2.33966016769409,2.92306900024414,-1.59219717979431,K,17
OUTPUT,NaN,NaN,NaN,NaN,NaN,NaN

INPUT,0.418723791837692,0.0644356608390808,0.785424113273621,-2.35291910171509,2.91572952270508,-1.57873713970184,K,18
OUTPUT,NaN,NaN,NaN,NaN,NaN,NaN

INPUT,0.420775324106216,0.0650501623749733,0.788695156574249,-2.36088275909424,2.9113450050354,-1.57065892219543,K,19
OUTPUT,NaN,NaN,NaN,NaN,NaN,NaN

INPUT,0.421459168195724,0.0652550011873245,0.789785504341125,-2.36353874206543,2.90988659858704,-1.5679657459259,K,20
OUTPUT,NaN,NaN,NaN,NaN,NaN,NaN

INPUT,0.360474020242691,0.0359905697405338,0.721373617649078,-2.12640810012817,3.11844825744629,-1.59017407894135,K,11
OUTPUT,NaN,NaN,NaN,NaN,NaN,NaN

INPUT,0.365366548299789,0.036162156611681,0.732567667961121,-2.15456891059875,3.11587929725647,-1.55526554584503,K,12
OUTPUT,NaN,NaN,NaN,NaN,NaN,NaN

INPUT,0.370259046554565,0.0363337434828281,0.743761777877808,-2.18334126472473,3.11333560943604,-1.52096629142761,K,13
OUTPUT,NaN,NaN,NaN,NaN,NaN,NaN

INPUT,0.375151544809341,0.0365053340792656,0.75495582818985,-2.21256899833679,3.11081981658936,-1.48712038993835,K,14
OUTPUT,NaN,NaN,NaN,NaN,NaN,NaN

INPUT,0.38004407286644,0.0366769209504128,0.766149938106537,-2.24214506149292,3.10833477973938,-1.45362031459808,K,15
OUTPUT,NaN,NaN,NaN,NaN,NaN,NaN

INPUT,0.384447336196899,0.0368313491344452,0.776224613189697,-2.26899838447571,3.10612607002258,-1.42370283603668,K,16
OUTPUT,NaN,NaN,NaN,NaN,NaN,NaN

INPUT,0.387872070074081,0.0369514599442482,0.784060478210449,-2.29001021385193,3.10442781448364,-1.40055799484253,K,17
OUTPUT,NaN,NaN,NaN,NaN,NaN,NaN

INPUT,0.390318334102631,0.0370372533798218,0.789657533168793,-2.30507659912109,3.10322594642639,-1.38408327102661,K,18
OUTPUT,NaN,NaN,NaN,NaN,NaN,NaN

INPUT,0.391786068677902,0.0370887294411659,0.793015718460083,-2.31413722038269,3.10250926017761,-1.37421894073486,K,19
OUTPUT,NaN,NaN,NaN,NaN,NaN,NaN

INPUT,0.392275333404541,0.0371058881282806,0.79413515329361,-2.31716084480286,3.10227108001709,-1.370934009552,K,20
OUTPUT,NaN,NaN,NaN,NaN,NaN,NaN

INPUT,0.362567722797394,0.0375570543110371,0.733227014541626,-2.05626463890076,3.10219144821167,-1.70668649673462,K,12
OUTPUT,NaN,NaN,NaN,NaN,NaN,NaN

INPUT,0.367165863513947,0.0378757826983929,0.744489669799805,-2.07304430007935,3.09814977645874,-1.68656992912292,K,13
OUTPUT,NaN,NaN,NaN,NaN,NaN,NaN

INPUT,0.371764004230499,0.038194514811039,0.755752265453339,-2.09007382392883,3.09413123130798,-1.66677606105804,K,14
OUTPUT,NaN,NaN,NaN,NaN,NaN,NaN

INPUT,0.376362144947052,0.0385132431983948,0.767014861106873,-2.10727262496948,3.09013962745667,-1.64724934101105,K,15
OUTPUT,NaN,NaN,NaN,NaN,NaN,NaN

INPUT,0.380500465631485,0.0388000980019569,0.777151226997375,-2.12284660339355,3.08657360076904,-1.62987387180328,K,16
OUTPUT,NaN,NaN,NaN,NaN,NaN,NaN

INPUT,0.383719176054001,0.0390232093632221,0.785035014152527,-2.13499879837036,3.0838189125061,-1.61647796630859,K,17
OUTPUT,NaN,NaN,NaN,NaN,NaN,NaN

INPUT,0.386018246412277,0.0391825735569,0.790666341781616,-2.14369106292725,3.08186221122742,-1.60696923732758,K,18
OUTPUT,NaN,NaN,NaN,NaN,NaN,NaN

INPUT,0.387397676706314,0.0392781905829906,0.794045090675354,-2.14890933036804,3.08069276809692,-1.60128724575043,K,19
OUTPUT,NaN,NaN,NaN,NaN,NaN,NaN

INPUT,0.387857496738434,0.0393100641667843,0.79517138004303,-2.15064907073975,3.08030366897583,-1.59939694404602,K,20
OUTPUT,NaN,NaN,NaN,NaN,NaN,NaN

INPUT,0.370035260915756,0.0469265542924404,0.716644823551178,-2.24386477470398,3.0494978427887,-1.64183568954468,K,4
OUTPUT,NaN,NaN,NaN,NaN,NaN,NaN

INPUT,0.379519462585449,0.0495579019188881,0.732060313224792,-2.30556869506836,3.0321249961853,-1.57343721389771,K,5
OUTPUT,NaN,NaN,NaN,NaN,NaN,NaN

INPUT,0.389003694057465,0.0521892532706261,0.747475802898407,-2.36824083328247,3.01521420478821,-1.50588500499725,K,6
OUTPUT,NaN,NaN,NaN,NaN,NaN,NaN

INPUT,0.396380305290222,0.0542358569800854,0.759465634822845,-2.4174370765686,3.00242686271667,-1.45370149612427,K,7
OUTPUT,NaN,NaN,NaN,NaN,NaN,NaN

INPUT,0.401649326086044,0.0556977167725563,0.768029808998108,-2.45276045799255,2.99350929260254,-1.41655647754669,K,8
OUTPUT,NaN,NaN,NaN,NaN,NaN,NaN

INPUT,0.404810726642609,0.0565748326480389,0.77316826581955,-2.47401595115662,2.98825097084045,-1.39430832862854,K,9
OUTPUT,NaN,NaN,NaN,NaN,NaN,NaN

INPUT,0.367338955402374,0.0494730584323406,0.714626133441925,-2.15971207618713,3.04706335067749,-1.82532584667206,K,4
OUTPUT,NaN,NaN,NaN,NaN,NaN,NaN

INPUT,0.376400321722031,0.0525936894118786,0.729834318161011,-2.19503259658813,3.02855157852173,-1.78751742839813,K,5
OUTPUT,NaN,NaN,NaN,NaN,NaN,NaN

INPUT,0.385461688041687,0.0557143203914165,0.745042443275452,-2.2307403087616,3.01019048690796,-1.75001966953278,K,6
OUTPUT,NaN,NaN,NaN,NaN,NaN,NaN

INPUT,0.392509400844574,0.0581414774060249,0.756871044635773,-2.25863289833069,2.99606275558472,-1.72104752063751,K,7
OUTPUT,NaN,NaN,NaN,NaN,NaN,NaN

INPUT,0.397543489933014,0.0598751604557037,0.765320062637329,-2.27856945991516,2.98607468605042,-1.70046126842499,K,8
OUTPUT,NaN,NaN,NaN,NaN,NaN,NaN

INPUT,0.400563955307007,0.0609153732657433,0.770389437675476,-2.29052424430847,2.98012900352478,-1.68815624713898,K,9
OUTPUT,NaN,NaN,NaN,NaN,NaN,NaN

INPUT,0.377372831106186,0.0497760064899921,0.714714586734772,-2.18118047714233,3.00608706474304,-1.74680292606354,K,4
OUTPUT,NaN,NaN,NaN,NaN,NaN,NaN

INPUT,0.388176798820496,0.0530200749635696,0.729433655738831,-2.2296998500824,2.97996187210083,-1.69963049888611,K,5
OUTPUT,NaN,NaN,NaN,NaN,NaN,NaN

INPUT,0.398980766534805,0.0562641397118568,0.744152784347534,-2.27813410758972,2.95420551300049,-1.65217137336731,K,6
OUTPUT,NaN,NaN,NaN,NaN,NaN,NaN

INPUT,0.407383859157562,0.0587873011827469,0.755600929260254,-2.31564974784851,2.93454527854919,-1.6152458190918,K,7
OUTPUT,NaN,NaN,NaN,NaN,NaN,NaN

INPUT,0.413386076688766,0.0605895593762398,0.763778209686279,-2.34231281280518,2.92075133323669,-1.58893859386444,K,8
OUTPUT,NaN,NaN,NaN,NaN,NaN,NaN

INPUT,0.416987389326096,0.0616709142923355,0.768684566020966,-2.35824203491211,2.91258788108826,-1.57320165634155,K,9
OUTPUT,NaN,NaN,NaN,NaN,NaN,NaN

INPUT,0.369267046451569,0.0359385162591934,0.730746746063232,-2.18953132629395,3.11359906196594,-1.55469405651093,K,5
OUTPUT,NaN,NaN,NaN,NaN,NaN,NaN

INPUT,0.377357870340347,0.036150973290205,0.746372163295746,-2.2335045337677,3.10940217971802,-1.4857782125473,K,6
OUTPUT,NaN,NaN,NaN,NaN,NaN,NaN

INPUT,0.383650720119476,0.0363162159919739,0.758525192737579,-2.26954030990601,3.10622191429138,-1.43446528911591,K,7
OUTPUT,NaN,NaN,NaN,NaN,NaN,NaN

INPUT,0.388145595788956,0.0364342443645,0.767206013202667,-2.29587411880493,3.10400605201721,-1.39885127544403,K,8
OUTPUT,NaN,NaN,NaN,NaN,NaN,NaN

INPUT,0.390842527151108,0.0365050621330738,0.772414445877075,-2.3118257522583,3.10270166397095,-1.37786686420441,K,9
OUTPUT,NaN,NaN,NaN,NaN,NaN,NaN

INPUT,0.363342136144638,0.0368456318974495,0.725839018821716,-2.05188679695129,3.10195994377136,-1.72545647621155,K,4
OUTPUT,NaN,NaN,NaN,NaN,NaN,NaN

INPUT,0.369653820991516,0.0372267179191113,0.738907516002655,-2.07679057121277,3.09615993499756,-1.69077265262604,K,5
OUTPUT,NaN,NaN,NaN,NaN,NaN,NaN

INPUT,0.375965535640717,0.037607803940773,0.751976013183594,-2.10280227661133,3.09039926528931,-1.6571888923645,K,6
OUTPUT,NaN,NaN,NaN,NaN,NaN,NaN

INPUT,0.380874633789063,0.0379042029380798,0.762140452861786,-2.12354588508606,3.08595609664917,-1.63164269924164,K,7
OUTPUT,NaN,NaN,NaN,NaN,NaN,NaN

INPUT,0.384381115436554,0.038115918636322,0.769400715827942,-2.13855528831482,3.08280682563782,-1.61365175247192,K,8
OUTPUT,NaN,NaN,NaN,NaN,NaN,NaN

INPUT,0.386485010385513,0.0382429473102093,0.773756921291351,-2.1476194858551,3.0809280872345,-1.60294961929321,K,9
OUTPUT,NaN,NaN,NaN,NaN,NaN,NaN

INPUT,0.358693450689316,0.0320331752300262,0.733133852481842,1.01920759677887,3.12345623970032,1.61459791660309,K,12
OUTPUT,NaN,NaN,NaN,NaN,NaN,NaN

INPUT,0.362883865833282,0.0317703932523727,0.744386553764343,0.984057724475861,3.12154769897461,1.64210271835327,K,13
OUTPUT,NaN,NaN,NaN,NaN,NaN,NaN

INPUT,0.367074251174927,0.0315076112747192,0.755639314651489,0.9495689868927,3.11965870857239,1.6702698469162,K,14
OUTPUT,NaN,NaN,NaN,NaN,NaN,NaN

INPUT,0.371264636516571,0.0312448292970657,0.76689201593399,0.915578484535217,3.11779093742371,1.69893646240234,K,15
OUTPUT,NaN,NaN,NaN,NaN,NaN,NaN

INPUT,0.375036001205444,0.0310083255171776,0.777019500732422,0.885318338871002,3.11612987518311,1.72506904602051,K,16
OUTPUT,NaN,NaN,NaN,NaN,NaN,NaN

INPUT,0.377969264984131,0.0308243799954653,0.784896373748779,0.861958622932434,3.11485171318054,1.74557101726532,K,17
OUTPUT,NaN,NaN,NaN,NaN,NaN,NaN

INPUT,0.380064487457275,0.0306929890066385,0.790522754192352,0.845353364944458,3.11394667625427,1.76029622554779,K,18
OUTPUT,NaN,NaN,NaN,NaN,NaN,NaN

INPUT,0.381321579217911,0.0306141544133425,0.793898582458496,0.835419118404388,3.11340665817261,1.76916027069092,K,19
OUTPUT,NaN,NaN,NaN,NaN,NaN,NaN

INPUT,0.381740629673004,0.0305878762155771,0.795023858547211,0.832112193107605,3.11322736740112,1.77211952209473,K,20
OUTPUT,NaN,NaN,NaN,NaN,NaN,NaN

INPUT,0.377008229494095,0.0518820285797119,0.719907581806183,-2.2366783618927,3.01217651367188,-1.68617403507233,K,11
OUTPUT,NaN,NaN,NaN,NaN,NaN,NaN

INPUT,0.383846014738083,0.0539232864975929,0.730929017066956,-2.26861381530762,2.99749302864075,-1.65315639972687,K,12
OUTPUT,NaN,NaN,NaN,NaN,NaN,NaN

INPUT,0.390683799982071,0.0559645406901836,0.741950452327728,-2.30068325996399,2.98296117782593,-1.6202038526535,K,13
OUTPUT,NaN,NaN,NaN,NaN,NaN,NaN

INPUT,0.397521555423737,0.0580057986080647,0.752971947193146,-2.33286333084106,2.96859622001648,-1.58728778362274,K,14
OUTPUT,NaN,NaN,NaN,NaN,NaN,NaN

INPUT,0.404359340667725,0.0600470528006554,0.763993382453918,-2.3651397228241,2.9544141292572,-1.5543874502182,K,15
OUTPUT,NaN,NaN,NaN,NaN,NaN,NaN

INPUT,0.410513341426849,0.0618841834366322,0.773912668228149,-2.39426302909851,2.94181871414185,-1.52477777004242,K,16
OUTPUT,NaN,NaN,NaN,NaN,NaN,NaN

INPUT,0.415299773216248,0.0633130669593811,0.781627714633942,-2.41695952415466,2.9321403503418,-1.50174272060394,K,17
OUTPUT,NaN,NaN,NaN,NaN,NaN,NaN

INPUT,0.418718665838242,0.0643336921930313,0.78713846206665,-2.43319487571716,2.92529344558716,-1.4852842092514,K,18
OUTPUT,NaN,NaN,NaN,NaN,NaN,NaN

INPUT,0.420769989490509,0.0649460703134537,0.790444850921631,-2.4429452419281,2.92121267318726,-1.47540664672852,K,19
OUTPUT,NaN,NaN,NaN,NaN,NaN,NaN

INPUT,0.421453773975372,0.0651501938700676,0.791547000408173,-2.44619679450989,2.91985702514648,-1.47211360931396,K,20
OUTPUT,NaN,NaN,NaN,NaN,NaN,NaN

INPUT,0.365277767181396,0.0443432331085205,0.721940398216248,-2.20261645317078,3.06380009651184,-1.80156397819519,K,11
OUTPUT,NaN,NaN,NaN,NaN,NaN,NaN

INPUT,0.370735913515091,0.0454977564513683,0.733200073242188,-2.22540640830994,3.0548791885376,-1.77713978290558,K,12
OUTPUT,NaN,NaN,NaN,NaN,NaN,NaN

INPUT,0.376194059848785,0.0466522835195065,0.744459748268127,-2.24835705757141,3.04600667953491,-1.75285863876343,K,13
OUTPUT,NaN,NaN,NaN,NaN,NaN,NaN

INPUT,0.38165220618248,0.0478068068623543,0.755719363689423,-2.27143049240112,3.03718733787537,-1.72868001461029,K,14
OUTPUT,NaN,NaN,NaN,NaN,NaN,NaN

INPUT,0.387110382318497,0.0489613302052021,0.766979038715363,-2.29460072517395,3.02842617034912,-1.70457625389099,K,15
OUTPUT,NaN,NaN,NaN,NaN,NaN,NaN

INPUT,0.392022728919983,0.0500004030764103,0.777112782001495,-2.31552147865295,3.02059483528137,-1.68293058872223,K,16
OUTPUT,NaN,NaN,NaN,NaN,NaN,NaN

INPUT,0.395843416452408,0.0508085712790489,0.784994542598724,-2.3318305015564,3.01454162597656,-1.66611886024475,K,17
OUTPUT,NaN,NaN,NaN,NaN,NaN,NaN

INPUT,0.398572504520416,0.051385834813118,0.790624380111694,-2.34349799156189,3.01023888587952,-1.65412068367004,K,18
OUTPUT,NaN,NaN,NaN,NaN,NaN,NaN

INPUT,0.400209933519363,0.0517321899533272,0.79400223493576,-2.35050535202026,3.00766611099243,-1.64692521095276,K,19
OUTPUT,NaN,NaN,NaN,NaN,NaN,NaN

INPUT,0.400755763053894,0.0518476441502571,0.795128226280212,-2.35284209251404,3.00680994987488,-1.64452731609344,K,20
OUTPUT,NaN,NaN,NaN,NaN,NaN,NaN

INPUT,0.377516269683838,0.049862664192915,0.71596759557724,-2.22558617591858,3.01045441627502,-1.69209623336792,K,4
OUTPUT,NaN,NaN,NaN,NaN,NaN,NaN

INPUT,0.388252854347229,0.0531634092330933,0.730809450149536,-2.28385233879089,2.98567390441895,-1.63406801223755,K,5
OUTPUT,NaN,NaN,NaN,NaN,NaN,NaN

INPUT,0.398989409208298,0.0564641542732716,0.745651245117188,-2.34219765663147,2.96141910552979,-1.57589602470398,K,6
OUTPUT,NaN,NaN,NaN,NaN,NaN,NaN

INPUT,0.407340079545975,0.0590314008295536,0.757194876670837,-2.38764929771423,2.9429714679718,-1.53055024147034,K,7
OUTPUT,NaN,NaN,NaN,NaN,NaN,NaN

INPUT,0.413304835557938,0.0608651489019394,0.765440285205841,-2.42015957832336,2.93004179000854,-1.49810457229614,K,8
OUTPUT,NaN,NaN,NaN,NaN,NaN,NaN

INPUT,0.416883677244186,0.0619653984904289,0.770387589931488,-2.43968510627747,2.9223895072937,-1.47861421108246,K,9
OUTPUT,NaN,NaN,NaN,NaN,NaN,NaN

INPUT,0.365781605243683,0.0431939028203487,0.716420829296112,-2.19886350631714,3.06315493583679,-1.80968153476715,K,4
OUTPUT,NaN,NaN,NaN,NaN,NaN,NaN

INPUT,0.374538123607635,0.0449798852205276,0.732009053230286,-2.2390410900116,3.04794144630432,-1.7652176618576,K,5
OUTPUT,NaN,NaN,NaN,NaN,NaN,NaN

INPUT,0.383294641971588,0.0467658638954163,0.747597217559814,-2.27984523773193,3.03289532661438,-1.72132015228271,K,6
OUTPUT,NaN,NaN,NaN,NaN,NaN,NaN

INPUT,0.390105277299881,0.0481549575924873,0.759721398353577,-2.31177377700806,3.02136063575745,-1.68752229213715,K,7
OUTPUT,NaN,NaN,NaN,NaN,NaN,NaN

INPUT,0.394969999790192,0.0491471663117409,0.768381536006927,-2.33460021018982,3.01323413848877,-1.66356956958771,K,8
OUTPUT,NaN,NaN,NaN,NaN,NaN,NaN

INPUT,0.397888839244843,0.0497424937784672,0.773577570915222,-2.34828448295593,3.00840926170349,-1.64927744865417,K,9
OUTPUT,NaN,NaN,NaN,NaN,NaN,NaN

INPUT,0.35903400182724,0.032435305416584,0.723914206027985,1.08260595798492,3.1246702671051,1.64189112186432,K,4
OUTPUT,NaN,NaN,NaN,NaN,NaN,NaN

INPUT,0.365145683288574,0.0320572927594185,0.73744535446167,1.00925922393799,3.12155985832214,1.66974139213562,K,5
OUTPUT,NaN,NaN,NaN,NaN,NaN,NaN

INPUT,0.371257334947586,0.0316792838275433,0.7509765625,0.941994428634644,3.11849331855774,1.70367681980133,K,6
OUTPUT,NaN,NaN,NaN,NaN,NaN,NaN

INPUT,0.376010864973068,0.0313852727413177,0.761500775814056,0.892637014389038,3.11615490913391,1.73270225524902,K,7
OUTPUT,NaN,NaN,NaN,NaN,NaN,NaN

INPUT,0.379406243562698,0.0311752669513226,0.769018054008484,0.858644008636475,3.11451625823975,1.75437557697296,K,8
OUTPUT,NaN,NaN,NaN,NaN,NaN,NaN

INPUT,0.381443470716476,0.0310492627322674,0.773528456687927,0.838692963123322,3.11354756355286,1.76765537261963,K,9
OUTPUT,NaN,NaN,NaN,NaN,NaN,NaN

INPUT,0.361559838056564,0.0531245842576027,0.721415519714355,-2.00838136672974,3.04921674728394,-1.77011477947235,K,11
OUTPUT,NaN,NaN,NaN,NaN,NaN,NaN

INPUT,0.366580188274384,0.0553121902048588,0.73261433839798,-2.02164578437805,3.03845381736755,-1.75523519515991,K,12
OUTPUT,NaN,NaN,NaN,NaN,NaN,NaN

INPUT,0.371600538492203,0.0574997924268246,0.743813216686249,-2.03505825996399,3.02772068977356,-1.74051356315613,K,13
OUTPUT,NaN,NaN,NaN,NaN,NaN,NaN

INPUT,0.376620888710022,0.0596873909235001,0.755012035369873,-2.04857325553894,3.01702451705933,-1.7259156703949,K,14
OUTPUT,NaN,NaN,NaN,NaN,NaN,NaN

INPUT,0.381641238927841,0.0618749931454659,0.766210854053497,-2.06215858459473,3.00637245178223,-1.71141993999481,K,15
OUTPUT,NaN,NaN,NaN,NaN,NaN,NaN

INPUT,0.38615956902504,0.0638438388705254,0.776289820671082,-2.07442498207092,2.99682831764221,-1.69844996929169,K,16
OUTPUT,NaN,NaN,NaN,NaN,NaN,NaN

INPUT,0.389673799276352,0.0653751567006111,0.784129023551941,-2.08398175239563,2.98943638801575,-1.68840765953064,K,17
OUTPUT,NaN,NaN,NaN,NaN,NaN,NaN

INPUT,0.392183989286423,0.0664689615368843,0.789728462696075,-2.09081339836121,2.98417472839355,-1.68125772476196,K,18
OUTPUT,NaN,NaN,NaN,NaN,NaN,NaN

INPUT,0.39369010925293,0.0671252459287643,0.79308807849884,-2.09491348266602,2.98102521896362,-1.6769767999649,K,19
OUTPUT,NaN,NaN,NaN,NaN,NaN,NaN

INPUT,0.39419212937355,0.0673440024256706,0.794207990169525,-2.09628033638,2.97997665405273,-1.67555129528046,K,20
OUTPUT,NaN,NaN,NaN,NaN,NaN,NaN

INPUT,0.359130710363388,0.0461020544171333,0.720416843891144,-1.89581406116486,3.07167887687683,-1.68781721591949,K,11
OUTPUT,NaN,NaN,NaN,NaN,NaN,NaN

INPUT,0.363865405321121,0.0474632121622562,0.73149847984314,-1.90690338611603,3.06353974342346,-1.67437827587128,K,12
OUTPUT,NaN,NaN,NaN,NaN,NaN,NaN

INPUT,0.368600070476532,0.0488243699073792,0.742580115795135,-1.9182106256485,3.05541753768921,-1.66116583347321,K,13
OUTPUT,NaN,NaN,NaN,NaN,NaN,NaN

INPUT,0.37333470582962,0.0501855276525021,0.753661811351776,-1.92967438697815,3.0473165512085,-1.64812612533569,K,14
OUTPUT,NaN,NaN,NaN,NaN,NaN,NaN

INPUT,0.378069370985031,0.051546685397625,0.764743447303772,-1.94125199317932,3.03924012184143,-1.63522326946259,K,15
OUTPUT,NaN,NaN,NaN,NaN,NaN,NaN

INPUT,0.382330596446991,0.0527717284858227,0.774716913700104,-1.95174300670624,3.03199577331543,-1.62370777130127,K,16
OUTPUT,NaN,NaN,NaN,NaN,NaN,NaN

INPUT,0.385644853115082,0.0537245385348797,0.782474100589752,-1.95993733406067,3.02637910842896,-1.6148065328598,K,17
OUTPUT,NaN,NaN,NaN,NaN,NaN,NaN

INPUT,0.388012170791626,0.0544051192700863,0.788014888763428,-1.96580481529236,3.02237749099731,-1.60847544670105,K,18
OUTPUT,NaN,NaN,NaN,NaN,NaN,NaN

INPUT,0.389432579278946,0.0548134669661522,0.79133939743042,-1.96933007240295,3.01998090744019,-1.60468685626984,K,19
OUTPUT,NaN,NaN,NaN,NaN,NaN,NaN

INPUT,0.389906048774719,0.0549495816230774,0.792447566986084,-1.97050583362579,3.01918268203735,-1.60342562198639,K,20
OUTPUT,NaN,NaN,NaN,NaN,NaN,NaN

INPUT,0.373420625925064,0.0487153604626656,0.720658421516418,-2.3172972202301,3.03656458854675,-1.93024289608002,K,11
OUTPUT,NaN,NaN,NaN,NaN,NaN,NaN

INPUT,0.37983638048172,0.0503841079771519,0.731768250465393,-2.33956456184387,3.02448725700378,-1.9069002866745,K,12
OUTPUT,NaN,NaN,NaN,NaN,NaN,NaN

INPUT,0.386252135038376,0.0520528592169285,0.742878079414368,-2.36194825172424,3.01247048377991,-1.8836418390274,K,13
OUTPUT,NaN,NaN,NaN,NaN,NaN,NaN

INPUT,0.392667919397354,0.0537216030061245,0.753987848758698,-2.38442373275757,3.00052094459534,-1.86043989658356,K,14
OUTPUT,NaN,NaN,NaN,NaN,NaN,NaN

INPUT,0.39908367395401,0.0553903505206108,0.765097677707672,-2.40697503089905,2.98864483833313,-1.83727514743805,K,15
OUTPUT,NaN,NaN,NaN,NaN,NaN,NaN

INPUT,0.404857873916626,0.0568922273814678,0.775096535682678,-2.42732691764832,2.97802424430847,-1.81644713878632,K,16
OUTPUT,NaN,NaN,NaN,NaN,NaN,NaN

INPUT,0.409348875284195,0.058060348033905,0.782873392105103,-2.44318842887878,2.96981120109558,-1.80025553703308,K,17
OUTPUT,NaN,NaN,NaN,NaN,NaN,NaN

INPUT,0.412556767463684,0.0588947236537933,0.78842830657959,-2.45453453063965,2.96397161483765,-1.78869247436523,K,18
OUTPUT,NaN,NaN,NaN,NaN,NaN,NaN

INPUT,0.414481490850449,0.0593953467905521,0.79176127910614,-2.46134829521179,2.96047878265381,-1.78175508975983,K,19
OUTPUT,NaN,NaN,NaN,NaN,NaN,NaN

INPUT,0.415123075246811,0.0595622211694717,0.792872250080109,-2.46362066268921,2.95931649208069,-1.77944278717041,K,20
OUTPUT,NaN,NaN,NaN,NaN,NaN,NaN

INPUT,0.364714413881302,0.0416422598063946,0.721485674381256,-2.22390842437744,3.08094477653503,-1.84742438793182,K,11
OUTPUT,NaN,NaN,NaN,NaN,NaN,NaN

INPUT,0.370105862617493,0.0424789451062679,0.732692956924438,-2.24500155448914,3.07399964332581,-1.82421803474426,K,12
OUTPUT,NaN,NaN,NaN,NaN,NaN,NaN

INPUT,0.375497341156006,0.0433156304061413,0.743900179862976,-2.26629638671875,3.06708765029907,-1.80120289325714,K,13
OUTPUT,NaN,NaN,NaN,NaN,NaN,NaN

INPUT,0.380888789892197,0.0441523119807243,0.755107402801514,-2.28774261474609,3.06021189689636,-1.77832782268524,K,14
OUTPUT,NaN,NaN,NaN,NaN,NaN,NaN

INPUT,0.38628026843071,0.0449889935553074,0.766314625740051,-2.30930590629578,3.05337643623352,-1.75555741786957,K,15
OUTPUT,NaN,NaN,NaN,NaN,NaN,NaN

INPUT,0.391132593154907,0.0457420088350773,0.776401162147522,-2.32879328727722,3.04726123809814,-1.73513281345367,K,16
OUTPUT,NaN,NaN,NaN,NaN,NaN,NaN

INPUT,0.394906610250473,0.0463276877999306,0.784246206283569,-2.34399366378784,3.04253077507019,-1.71928298473358,K,17
OUTPUT,NaN,NaN,NaN,NaN,NaN,NaN

INPUT,0.39760234951973,0.0467460304498672,0.789849877357483,-2.35487174987793,3.03916621208191,-1.70797777175903,K,18
OUTPUT,NaN,NaN,NaN,NaN,NaN,NaN

INPUT,0.399219781160355,0.046997033059597,0.793211996555328,-2.36140608787537,3.03715372085571,-1.7012003660202,K,19
OUTPUT,NaN,NaN,NaN,NaN,NaN,NaN

INPUT,0.39975893497467,0.0470807030797005,0.79433274269104,-2.36358547210693,3.03648376464844,-1.69894218444824,K,20
OUTPUT,NaN,NaN,NaN,NaN,NaN,NaN

INPUT,0.365541756153107,0.0441536791622639,0.721581816673279,-2.09905600547791,3.08904790878296,-1.7637779712677,K,11
OUTPUT,NaN,NaN,NaN,NaN,NaN,NaN

INPUT,0.371030569076538,0.0452857315540314,0.732800304889679,-2.11751174926758,3.08298254013062,-1.74256730079651,K,12
OUTPUT,NaN,NaN,NaN,NaN,NaN,NaN

INPUT,0.376519381999969,0.0464177839457989,0.744018852710724,-2.1361985206604,3.07695007324219,-1.72164440155029,K,13
OUTPUT,NaN,NaN,NaN,NaN,NaN,NaN

INPUT,0.382008165121078,0.0475498363375664,0.755237400531769,-2.155033826828,3.07095694541931,-1.70095789432526,K,14
OUTPUT,NaN,NaN,NaN,NaN,NaN,NaN

INPUT,0.38749697804451,0.0486818887293339,0.766455948352814,-2.17395710945129,3.06501054763794,-1.68047714233398,K,15
OUTPUT,NaN,NaN,NaN,NaN,NaN,NaN

INPUT,0.392436921596527,0.0497007369995117,0.776552617549896,-2.19102358818054,3.05970406532288,-1.66220581531525,K,16
OUTPUT,NaN,NaN,NaN,NaN,NaN,NaN

INPUT,0.396279096603394,0.0504931733012199,0.784405589103699,-2.20430207252502,3.05560970306396,-1.64809584617615,K,17
OUTPUT,NaN,NaN,NaN,NaN,NaN,NaN

INPUT,0.399023473262787,0.0510592013597488,0.790014863014221,-2.21378207206726,3.05270385742188,-1.63807034492493,K,18
OUTPUT,NaN,NaN,NaN,NaN,NaN,NaN

INPUT,0.400670111179352,0.0513988137245178,0.793380379676819,-2.21946620941162,3.05096817016602,-1.63207614421844,K,19
OUTPUT,NaN,NaN,NaN,NaN,NaN,NaN

INPUT,0.401219010353088,0.0515120215713978,0.794502258300781,-2.221360206604,3.05039095878601,-1.63008165359497,K,20
OUTPUT,NaN,NaN,NaN,NaN,NaN,NaN

INPUT,0.380791634321213,0.051215648651123,0.71890115737915,-2.21502137184143,3.01227641105652,-1.67622852325439,K,11
OUTPUT,NaN,NaN,NaN,NaN,NaN,NaN

INPUT,0.388074606657028,0.0531785786151886,0.729804217815399,-2.24625587463379,2.99758362770081,-1.64389288425446,K,12
OUTPUT,NaN,NaN,NaN,NaN,NaN,NaN

INPUT,0.395357578992844,0.0551415123045444,0.740707218647003,-2.27762532234192,2.98303627967834,-1.61162507534027,K,13
OUTPUT,NaN,NaN,NaN,NaN,NaN,NaN

INPUT,0.402640521526337,0.05710444226861,0.751610219478607,-2.30910634994507,2.96864867210388,-1.57939565181732,K,14
OUTPUT,NaN,NaN,NaN,NaN,NaN,NaN

INPUT,0.409923493862152,0.0590673759579659,0.762513220310211,-2.34068393707275,2.9544358253479,-1.54718375205994,K,15
OUTPUT,NaN,NaN,NaN,NaN,NaN,NaN

INPUT,0.416478186845779,0.0608340166509151,0.772325932979584,-2.3691782951355,2.94180583953857,-1.518195271492,K,16
OUTPUT,NaN,NaN,NaN,NaN,NaN,NaN

INPUT,0.421576261520386,0.0622080713510513,0.779958069324493,-2.39138579368591,2.93209552764893,-1.49564409255981,K,17
OUTPUT,NaN,NaN,NaN,NaN,NaN,NaN

INPUT,0.425217747688293,0.0631895363330841,0.785409569740295,-2.40727138519287,2.92522311210632,-1.47953176498413,K,18
OUTPUT,NaN,NaN,NaN,NaN,NaN,NaN

INPUT,0.42740261554718,0.0637784153223038,0.788680493831635,-2.4168119430542,2.92112612724304,-1.46986198425293,K,19
OUTPUT,NaN,NaN,NaN,NaN,NaN,NaN

INPUT,0.428130924701691,0.0639747083187103,0.789770781993866,-2.41999363899231,2.91976475715637,-1.4666383266449,K,20
OUTPUT,NaN,NaN,NaN,NaN,NaN,NaN

INPUT,0.361215531826019,0.035300225019455,0.722038567066193,-2.50220704078674,3.11574816703796,-1.80002284049988,K,11
OUTPUT,NaN,NaN,NaN,NaN,NaN,NaN

INPUT,0.366195648908615,0.0353909470140934,0.733309805393219,-2.54147887229919,3.11295318603516,-1.75669896602631,K,12
OUTPUT,NaN,NaN,NaN,NaN,NaN,NaN

INPUT,0.371175765991211,0.0354816727340221,0.744580984115601,-2.58111000061035,3.11020684242249,-1.71373116970062,K,13
OUTPUT,NaN,NaN,NaN,NaN,NaN,NaN

INPUT,0.376155883073807,0.0355723947286606,0.755852222442627,-2.62100887298584,3.10751414299011,-1.67102801799774,K,14
OUTPUT,NaN,NaN,NaN,NaN,NaN,NaN

INPUT,0.381136000156403,0.035663116723299,0.767123460769653,-2.66111326217651,3.10487937927246,-1.62852609157562,K,15
OUTPUT,NaN,NaN,NaN,NaN,NaN,NaN

INPUT,0.385618090629578,0.0357447676360607,0.777267575263977,-2.69734573364258,3.10256147384644,-1.59040975570679,K,16
OUTPUT,NaN,NaN,NaN,NaN,NaN,NaN

INPUT,0.389104187488556,0.0358082726597786,0.785157382488251,-2.7256007194519,3.10079574584961,-1.56083571910858,K,17
OUTPUT,NaN,NaN,NaN,NaN,NaN,NaN

INPUT,0.391594231128693,0.035853635519743,0.790793001651764,-2.74581742286682,3.09955525398254,-1.53974449634552,K,18
OUTPUT,NaN,NaN,NaN,NaN,NaN,NaN

INPUT,0.393088281154633,0.0358808524906635,0.794174373149872,-2.75795960426331,3.09881973266602,-1.52710163593292,K,19
OUTPUT,NaN,NaN,NaN,NaN,NaN,NaN

INPUT,0.393586277961731,0.0358899235725403,0.795301496982574,-2.76200914382935,3.09857583045959,-1.52288913726807,K,20
OUTPUT,NaN,NaN,NaN,NaN,NaN,NaN

INPUT,0.369657218456268,0.0573214702308178,0.719727694988251,-1.98042976856232,3.00696468353271,-1.62063491344452,K,11
OUTPUT,NaN,NaN,NaN,NaN,NaN,NaN

INPUT,0.375630557537079,0.0600027479231358,0.730727851390839,-2.00105977058411,2.99139928817749,-1.59880971908569,K,12
OUTPUT,NaN,NaN,NaN,NaN,NaN,NaN

INPUT,0.381603866815567,0.0626840218901634,0.741727948188782,-2.02182626724243,2.97590112686157,-1.57707142829895,K,13
OUTPUT,NaN,NaN,NaN,NaN,NaN,NaN

INPUT,0.387577205896378,0.0653652995824814,0.752728044986725,-2.0427029132843,2.96047759056091,-1.55538868904114,K,14
OUTPUT,NaN,NaN,NaN,NaN,NaN,NaN

INPUT,0.393550515174866,0.0680465772747993,0.763728201389313,-2.06367230415344,2.94513583183289,-1.53373920917511,K,15
OUTPUT,NaN,NaN,NaN,NaN,NaN,NaN

INPUT,0.39892652630806,0.0704597234725952,0.773628294467926,-2.0826141834259,2.93140387535095,-1.51426935195923,K,16
OUTPUT,NaN,NaN,NaN,NaN,NaN,NaN

INPUT,0.403107851743698,0.0723366215825081,0.78132838010788,-2.09738874435425,2.9207763671875,-1.49912965297699,K,17
OUTPUT,NaN,NaN,NaN,NaN,NaN,NaN

INPUT,0.406094521284103,0.0736772641539574,0.786828458309174,-2.10796284675598,2.91321516036987,-1.48831510543823,K,18
OUTPUT,NaN,NaN,NaN,NaN,NaN,NaN

INPUT,0.407886505126953,0.0744816437363625,0.790128469467163,-2.11431550979614,2.90869092941284,-1.48182582855225,K,19
OUTPUT,NaN,NaN,NaN,NaN,NaN,NaN

INPUT,0.40848383307457,0.074749767780304,0.791228473186493,-2.11643433570862,2.90718483924866,-1.47966241836548,K,20
OUTPUT,NaN,NaN,NaN,NaN,NaN,NaN

INPUT,0.37018895149231,0.0548688359558582,0.731222569942474,-2.02958655357361,3.03017640113831,-1.749147772789,K,5
OUTPUT,NaN,NaN,NaN,NaN,NaN,NaN

INPUT,0.378248900175095,0.0583576336503029,0.746791124343872,-2.05329942703247,3.01199984550476,-1.72232961654663,K,6
OUTPUT,NaN,NaN,NaN,NaN,NaN,NaN

INPUT,0.384517759084702,0.0610711388289928,0.758900046348572,-2.07201147079468,2.99793529510498,-1.7017457485199,K,7
OUTPUT,NaN,NaN,NaN,NaN,NaN,NaN

INPUT,0.38899552822113,0.0630093589425087,0.767549216747284,-2.08547210693359,2.98793911933899,-1.68715929985046,K,8
OUTPUT,NaN,NaN,NaN,NaN,NaN,NaN

INPUT,0.391682177782059,0.0641722902655602,0.772738754749298,-2.0935754776001,2.98196411132813,-1.67844843864441,K,9
OUTPUT,NaN,NaN,NaN,NaN,NaN,NaN

INPUT,0.367463618516922,0.0469180345535278,0.72967129945755,-1.91749143600464,3.05725383758545,-1.67241358757019,K,5
OUTPUT,NaN,NaN,NaN,NaN,NaN,NaN

INPUT,0.375200778245926,0.0489995405077934,0.745124638080597,-1.93587100505829,3.04348921775818,-1.64684760570526,K,6
OUTPUT,NaN,NaN,NaN,NaN,NaN,NaN

INPUT,0.381218552589417,0.0506184883415699,0.75714385509491,-1.95079064369202,3.03282451629639,-1.62759685516357,K,7
OUTPUT,NaN,NaN,NaN,NaN,NaN,NaN

INPUT,0.385516971349716,0.0517748780548573,0.765729069709778,-1.96168291568756,3.02523493766785,-1.61409890651703,K,8
OUTPUT,NaN,NaN,NaN,NaN,NaN,NaN

INPUT,0.388096034526825,0.0524687133729458,0.770880162715912,-1.96829211711884,3.02069401741028,-1.60608434677124,K,9
OUTPUT,NaN,NaN,NaN,NaN,NaN,NaN

INPUT,0.373893678188324,0.0471702888607979,0.716112196445465,-2.3053719997406,3.03581357002258,-1.93057250976563,K,4
OUTPUT,NaN,NaN,NaN,NaN,NaN,NaN

INPUT,0.384059906005859,0.0498485937714577,0.731224596500397,-2.34772539138794,3.01518392562866,-1.89095294475555,K,5
OUTPUT,NaN,NaN,NaN,NaN,NaN,NaN

INPUT,0.394226163625717,0.0525269024074078,0.746336996555328,-2.38975024223328,2.99476599693298,-1.8508985042572,K,6
OUTPUT,NaN,NaN,NaN,NaN,NaN,NaN

INPUT,0.402133226394653,0.0546100288629532,0.758091151714325,-2.42221331596375,2.97909998893738,-1.81962502002716,K,7
OUTPUT,NaN,NaN,NaN,NaN,NaN,NaN

INPUT,0.407781153917313,0.0560979805886745,0.766486942768097,-2.44526743888855,2.9680540561676,-1.79728710651398,K,8
OUTPUT,NaN,NaN,NaN,NaN,NaN,NaN

INPUT,0.411169916391373,0.0569907464087009,0.771524369716644,-2.45904016494751,2.96149206161499,-1.78390061855316,K,9
OUTPUT,NaN,NaN,NaN,NaN,NaN,NaN

INPUT,0.373986274003983,0.0420659556984901,0.731287598609924,-2.2589316368103,3.06856894493103,-1.81389617919922,K,5
OUTPUT,NaN,NaN,NaN,NaN,NaN,NaN

INPUT,0.3827263712883,0.0433410853147507,0.746823608875275,-2.29627299308777,3.05685544013977,-1.77193140983582,K,6
OUTPUT,NaN,NaN,NaN,NaN,NaN,NaN

INPUT,0.389524191617966,0.0443328507244587,0.7589071393013,-2.32564902305603,3.04785943031311,-1.73976051807404,K,7
OUTPUT,NaN,NaN,NaN,NaN,NaN,NaN

INPUT,0.394379794597626,0.0450412556529045,0.767538249492645,-2.34671592712402,3.04151034355164,-1.71700918674469,K,8
OUTPUT,NaN,NaN,NaN,NaN,NaN,NaN

INPUT,0.39729318022728,0.0454663001000881,0.77271693944931,-2.35936808586121,3.0377357006073,-1.70344769954681,K,9
OUTPUT,NaN,NaN,NaN,NaN,NaN,NaN

INPUT,0.375170052051544,0.0450582355260849,0.731393933296204,-2.13213205337524,3.07823634147644,-1.73637521266937,K,5
OUTPUT,NaN,NaN,NaN,NaN,NaN,NaN

INPUT,0.38415053486824,0.046859797090292,0.746942818164825,-2.16358613967896,3.0681004524231,-1.69726586341858,K,6
OUTPUT,NaN,NaN,NaN,NaN,NaN,NaN

INPUT,0.391135364770889,0.0482610128819942,0.759036421775818,-2.18866324424744,3.06029534339905,-1.66755712032318,K,7
OUTPUT,NaN,NaN,NaN,NaN,NaN,NaN

INPUT,0.396124511957169,0.0492618791759014,0.767674744129181,-2.206782579422,3.05477285385132,-1.6466451883316,K,8
OUTPUT,NaN,NaN,NaN,NaN,NaN,NaN

INPUT,0.399118006229401,0.0498623996973038,0.77285772562027,-2.21771049499512,3.05148315429688,-1.63420927524567,K,9
OUTPUT,NaN,NaN,NaN,NaN,NaN,NaN

INPUT,0.381404489278793,0.0491477884352207,0.715318024158478,-2.20306777954102,3.0102276802063,-1.68119263648987,K,4
OUTPUT,NaN,NaN,NaN,NaN,NaN,NaN

INPUT,0.392898797988892,0.0523031279444695,0.729861736297607,-2.26046133041382,2.98551487922668,-1.62469696998596,K,5
OUTPUT,NaN,NaN,NaN,NaN,NaN,NaN

INPUT,0.404393076896667,0.0554584674537182,0.744405388832092,-2.31784248352051,2.96130681037903,-1.56797051429749,K,6
OUTPUT,NaN,NaN,NaN,NaN,NaN,NaN

INPUT,0.413333088159561,0.0579126179218292,0.755717158317566,-2.36250233650208,2.94287872314453,-1.52371108531952,K,7
OUTPUT,NaN,NaN,NaN,NaN,NaN,NaN

INPUT,0.419718831777573,0.0596655830740929,0.763796985149384,-2.39443016052246,2.92995285987854,-1.49202680587769,K,8
OUTPUT,NaN,NaN,NaN,NaN,NaN,NaN

INPUT,0.423550248146057,0.0607173629105091,0.76864492893219,-2.41360068321228,2.92229866981506,-1.47298884391785,K,9
OUTPUT,NaN,NaN,NaN,NaN,NaN,NaN

INPUT,0.370075941085815,0.0352625772356987,0.731647968292236,-2.57614636421204,3.11057233810425,-1.74467718601227,K,5
OUTPUT,NaN,NaN,NaN,NaN,NaN,NaN

INPUT,0.37825208902359,0.0353736951947212,0.747369945049286,-2.64163851737976,3.10607981681824,-1.66342532634735,K,6
OUTPUT,NaN,NaN,NaN,NaN,NaN,NaN

INPUT,0.384611308574677,0.0354601219296455,0.759598076343536,-2.69381737709045,3.10271525382996,-1.60146248340607,K,7
OUTPUT,NaN,NaN,NaN,NaN,NaN,NaN

INPUT,0.389153599739075,0.0355218537151814,0.768332481384277,-2.73157238960266,3.1003885269165,-1.55768263339996,K,8
OUTPUT,NaN,NaN,NaN,NaN,NaN,NaN

INPUT,0.391878962516785,0.035558894276619,0.773573100566864,-2.75438237190247,3.09902477264404,-1.53157031536102,K,9
OUTPUT,NaN,NaN,NaN,NaN,NaN,NaN

INPUT,0.370064258575439,0.0548101253807545,0.714667797088623,-1.97676229476929,3.00547695159912,-1.62963151931763,K,4
OUTPUT,NaN,NaN,NaN,NaN,NaN,NaN

INPUT,0.379595994949341,0.0590371638536453,0.729784488677979,-2.01310062408447,2.97902774810791,-1.5893429517746,K,5
OUTPUT,NaN,NaN,NaN,NaN,NaN,NaN

INPUT,0.389127731323242,0.0632642135024071,0.744901239871979,-2.05007147789001,2.95281624794006,-1.54952192306519,K,6
OUTPUT,NaN,NaN,NaN,NaN,NaN,NaN

INPUT,0.396541327238083,0.0665519088506699,0.756658673286438,-2.07905840873718,2.93267297744751,-1.51881313323975,K,7
OUTPUT,NaN,NaN,NaN,NaN,NaN,NaN

INPUT,0.401836723089218,0.0689002647995949,0.765056908130646,-2.09981894493103,2.91844964027405,-1.49701523780823,K,8
OUTPUT,NaN,NaN,NaN,NaN,NaN,NaN

INPUT,0.405013978481293,0.0703092813491821,0.770095765590668,-2.11228108406067,2.90999102592468,-1.48399329185486,K,9
OUTPUT,NaN,NaN,NaN,NaN,NaN,NaN

INPUT,0.356182217597961,0.0293419547379017,0.733473718166351,1.04685354232788,3.1031334400177,1.61680495738983,K,12
OUTPUT,NaN,NaN,NaN,NaN,NaN,NaN

INPUT,0.360108256340027,0.0287958867847919,0.744762301445007,1.01502895355225,3.09914898872375,1.64497053623199,K,13
OUTPUT,NaN,NaN,NaN,NaN,NaN,NaN

INPUT,0.364034295082092,0.0282498206943274,0.756050825119019,0.983514547348022,3.09520268440247,1.67345130443573,K,14
OUTPUT,NaN,NaN,NaN,NaN,NaN,NaN

INPUT,0.367960333824158,0.0277037527412176,0.767339408397675,0.952234148979187,3.09129810333252,1.70217156410217,K,15
OUTPUT,NaN,NaN,NaN,NaN,NaN,NaN

INPUT,0.37149378657341,0.0272122919559479,0.777499139308929,0.924237430095673,3.08782243728638,1.72818040847778,K,16
OUTPUT,NaN,NaN,NaN,NaN,NaN,NaN

INPUT,0.374242007732391,0.0268300455063581,0.785401105880737,0.902544617652893,3.08514618873596,1.74849534034729,K,17
OUTPUT,NaN,NaN,NaN,NaN,NaN,NaN

INPUT,0.376205027103424,0.0265570115298033,0.791045427322388,0.887087345123291,3.08324956893921,1.7630455493927,K,18
OUTPUT,NaN,NaN,NaN,NaN,NaN,NaN

INPUT,0.377382814884186,0.0263931918889284,0.794431984424591,0.877826511859894,3.08211803436279,1.77178990840912,K,19
OUTPUT,NaN,NaN,NaN,NaN,NaN,NaN

INPUT,0.377775430679321,0.0263385847210884,0.795560836791992,0.874741613864899,3.08174180984497,1.77470695972443,K,20
OUTPUT,NaN,NaN,NaN,NaN,NaN,NaN

INPUT,0.379492282867432,0.0423229224979877,0.720472812652588,-2.54681539535522,3.04430651664734,-1.83656823635101,K,11
OUTPUT,NaN,NaN,NaN,NaN,NaN,NaN

INPUT,0.386622548103333,0.0432398691773415,0.731559872627258,-2.58815765380859,3.03353357315063,-1.79422390460968,K,12
OUTPUT,NaN,NaN,NaN,NaN,NaN,NaN

INPUT,0.393752783536911,0.0441568158566952,0.742646932601929,-2.62961411476135,3.02294969558716,-1.75194537639618,K,13
OUTPUT,NaN,NaN,NaN,NaN,NaN,NaN

INPUT,0.400883048772812,0.0450737625360489,0.753733992576599,-2.67116332054138,3.0125732421875,-1.70970749855042,K,14
OUTPUT,NaN,NaN,NaN,NaN,NaN,NaN

INPUT,0.40801328420639,0.0459907092154026,0.76482105255127,-2.71279096603394,3.00242280960083,-1.66749262809753,K,15
OUTPUT,NaN,NaN,NaN,NaN,NaN,NaN

INPUT,0.414430528879166,0.04681596159935,0.774799406528473,-2.75031495094299,2.99349546432495,-1.62950813770294,K,16
OUTPUT,NaN,NaN,NaN,NaN,NaN,NaN

INPUT,0.419421702623367,0.0474578216671944,0.782560348510742,-2.77953553199768,2.98669672012329,-1.59996581077576,K,17
OUTPUT,NaN,NaN,NaN,NaN,NaN,NaN

INPUT,0.422986835241318,0.0479162968695164,0.788103878498077,-2.80042481422424,2.98192167282104,-1.5788631439209,K,18
OUTPUT,NaN,NaN,NaN,NaN,NaN,NaN

INPUT,0.425125896930695,0.0481913797557354,0.791429996490479,-2.81296539306641,2.97909021377563,-1.56620073318481,K,19
OUTPUT,NaN,NaN,NaN,NaN,NaN,NaN

INPUT,0.42583891749382,0.0482830740511417,0.792538702487946,-2.81714653968811,2.97815203666687,-1.56197965145111,K,20
OUTPUT,NaN,NaN,NaN,NaN,NaN,NaN

INPUT,0.375577360391617,0.0458858758211136,0.719316244125366,-2.37036347389221,3.0324239730835,-1.82690155506134,K,11
OUTPUT,NaN,NaN,NaN,NaN,NaN,NaN

INPUT,0.382247298955917,0.0472218692302704,0.730267107486725,-2.40187907218933,3.02004909515381,-1.79435646533966,K,12
OUTPUT,NaN,NaN,NaN,NaN,NaN,NaN

INPUT,0.388917237520218,0.0485578663647175,0.741218030452728,-2.43351340293884,3.00779843330383,-1.76188218593597,K,13
OUTPUT,NaN,NaN,NaN,NaN,NaN,NaN

INPUT,0.395587176084518,0.0498938597738743,0.752168893814087,-2.46524405479431,2.99568486213684,-1.72945165634155,K,14
OUTPUT,NaN,NaN,NaN,NaN,NaN,NaN

INPUT,0.402257114648819,0.0512298531830311,0.76311981678009,-2.49705600738525,2.9837212562561,-1.69704627990723,K,15
OUTPUT,NaN,NaN,NaN,NaN,NaN,NaN

INPUT,0.40826004743576,0.0524322502315044,0.772975623607635,-2.52574849128723,2.97309231758118,-1.66789126396179,K,16
OUTPUT,NaN,NaN,NaN,NaN,NaN,NaN

INPUT,0.412929028272629,0.0533674471080303,0.780641257762909,-2.54810166358948,2.96492195129395,-1.64521646499634,K,17
OUTPUT,NaN,NaN,NaN,NaN,NaN,NaN

INPUT,0.416263967752457,0.0540354438126087,0.786116719245911,-2.5640869140625,2.95914030075073,-1.6290191411972,K,18
OUTPUT,NaN,NaN,NaN,NaN,NaN,NaN

INPUT,0.418264955282211,0.0544362403452396,0.789401948451996,-2.57368516921997,2.95569372177124,-1.61929976940155,K,19
OUTPUT,NaN,NaN,NaN,NaN,NaN,NaN

INPUT,0.41893196105957,0.0545698404312134,0.790497064590454,-2.57688570022583,2.95454859733582,-1.61605989933014,K,20
OUTPUT,NaN,NaN,NaN,NaN,NaN,NaN

INPUT,0.367528825998306,0.0542148984968662,0.720332682132721,-1.98106157779694,3.01839971542358,-1.61741888523102,K,11
OUTPUT,NaN,NaN,NaN,NaN,NaN,NaN

INPUT,0.373251378536224,0.0565306134521961,0.73140412569046,-2.00184869766235,3.00416660308838,-1.59532105922699,K,12
OUTPUT,NaN,NaN,NaN,NaN,NaN,NaN

INPUT,0.378973931074142,0.0588463209569454,0.742475628852844,-2.02277946472168,2.98999619483948,-1.57332468032837,K,13
OUTPUT,NaN,NaN,NaN,NaN,NaN,NaN

INPUT,0.384696453809738,0.0611620284616947,0.753547072410583,-2.04382395744324,2.97589564323425,-1.5513961315155,K,14
OUTPUT,NaN,NaN,NaN,NaN,NaN,NaN

INPUT,0.390419006347656,0.0634777396917343,0.764618515968323,-2.06496262550354,2.96187138557434,-1.52951157093048,K,15
OUTPUT,NaN,NaN,NaN,NaN,NaN,NaN

INPUT,0.395569294691086,0.0655618757009506,0.774582862854004,-2.08405661582947,2.94932007789612,-1.50983846187592,K,16
OUTPUT,NaN,NaN,NaN,NaN,NaN,NaN

INPUT,0.399575084447861,0.0671828761696815,0.782332837581635,-2.09894847869873,2.93960738182068,-1.49454581737518,K,17
OUTPUT,NaN,NaN,NaN,NaN,NaN,NaN

INPUT,0.402436345815659,0.0683407261967659,0.787868618965149,-2.10960602760315,2.93269753456116,-1.48362481594086,K,18
OUTPUT,NaN,NaN,NaN,NaN,NaN,NaN

INPUT,0.404153108596802,0.0690354406833649,0.791190028190613,-2.11600828170776,2.92856311798096,-1.47707259654999,K,19
OUTPUT,NaN,NaN,NaN,NaN,NaN,NaN

INPUT,0.40472537279129,0.0692670121788979,0.792297184467316,-2.1181435585022,2.92718696594238,-1.47488856315613,K,20
OUTPUT,NaN,NaN,NaN,NaN,NaN,NaN

INPUT,0.348961383104324,0.0337646082043648,0.733496189117432,0.566406905651093,3.09728956222534,1.43328499794006,K,12
OUTPUT,NaN,NaN,NaN,NaN,NaN,NaN

INPUT,0.352126985788345,0.0336839444935322,0.744787991046906,0.519623219966888,3.09288024902344,1.47776436805725,K,13
OUTPUT,NaN,NaN,NaN,NaN,NaN,NaN

INPUT,0.355292558670044,0.0336032845079899,0.756079733371735,0.473024249076843,3.08857226371765,1.52243793010712,K,14
OUTPUT,NaN,NaN,NaN,NaN,NaN,NaN

INPUT,0.358458161354065,0.0335226207971573,0.767371475696564,0.426563054323196,3.08437466621399,1.56725978851318,K,15
OUTPUT,NaN,NaN,NaN,NaN,NaN,NaN

INPUT,0.361307203769684,0.0334500223398209,0.777534067630768,0.384838700294495,3.08069825172424,1.60769951343536,K,16
OUTPUT,NaN,NaN,NaN,NaN,NaN,NaN

INPUT,0.363523125648499,0.0333935581147671,0.785438299179077,0.352433919906616,3.07790946960449,1.63920629024506,K,17
OUTPUT,NaN,NaN,NaN,NaN,NaN,NaN

INPUT,0.365105926990509,0.0333532281219959,0.791084170341492,0.329309165477753,3.07595729827881,1.66173601150513,K,18
OUTPUT,NaN,NaN,NaN,NaN,NaN,NaN

INPUT,0.366055607795715,0.0333290286362171,0.794471681118011,0.315441846847534,3.07480216026306,1.67526280879974,K,19
OUTPUT,NaN,NaN,NaN,NaN,NaN,NaN

INPUT,0.366372168064117,0.0333209633827209,0.795600891113281,0.310820639133453,3.07441997528076,1.67977321147919,K,20
OUTPUT,NaN,NaN,NaN,NaN,NaN,NaN

INPUT,0.38026362657547,0.0414278730750084,0.716874182224274,-2.53588652610779,3.04389214515686,-1.84500968456268,K,4
OUTPUT,NaN,NaN,NaN,NaN,NaN,NaN

INPUT,0.391511201858521,0.0429678782820702,0.731679439544678,-2.61012268066406,3.02551412582397,-1.77010583877563,K,5
OUTPUT,NaN,NaN,NaN,NaN,NaN,NaN

INPUT,0.402758747339249,0.0445078797638416,0.746484756469727,-2.68452715873718,3.00778031349182,-1.69521379470825,K,6
OUTPUT,NaN,NaN,NaN,NaN,NaN,NaN

INPUT,0.411506861448288,0.0457056611776352,0.757999956607819,-2.74249672889709,2.99449682235718,-1.6369446516037,K,7
OUTPUT,NaN,NaN,NaN,NaN,NaN,NaN

INPUT,0.417755514383316,0.0465612187981606,0.766225099563599,-2.78395318984985,2.9853093624115,-1.59530508518219,K,8
OUTPUT,NaN,NaN,NaN,NaN,NaN,NaN

INPUT,0.421504706144333,0.0470745526254177,0.771160185337067,-2.80884575843811,2.97992491722107,-1.57031238079071,K,9
OUTPUT,NaN,NaN,NaN,NaN,NaN,NaN

INPUT,0.375873625278473,0.044505886733532,0.714821577072144,-2.36025881767273,3.03177499771118,-1.83254063129425,K,4
OUTPUT,NaN,NaN,NaN,NaN,NaN,NaN

INPUT,0.386439800262451,0.0466430187225342,0.729651570320129,-2.41749238967896,3.01068258285522,-1.77536261081696,K,5
OUTPUT,NaN,NaN,NaN,NaN,NaN,NaN

INPUT,0.397005975246429,0.0487801469862461,0.74448150396347,-2.47479677200317,2.99001789093018,-1.71809864044189,K,6
OUTPUT,NaN,NaN,NaN,NaN,NaN,NaN

INPUT,0.405224084854126,0.0504423603415489,0.75601589679718,-2.51942420005798,2.97428488731384,-1.67349576950073,K,7
OUTPUT,NaN,NaN,NaN,NaN,NaN,NaN

INPUT,0.411094188690186,0.0516296550631523,0.764254808425903,-2.55133533477783,2.96324825286865,-1.64159965515137,K,8
OUTPUT,NaN,NaN,NaN,NaN,NaN,NaN

INPUT,0.414616256952286,0.0523420348763466,0.76919811964035,-2.57049632072449,2.95671248435974,-1.6224467754364,K,9
OUTPUT,NaN,NaN,NaN,NaN,NaN,NaN

INPUT,0.367949485778809,0.0519781447947025,0.715051233768463,-1.97853350639343,3.01711893081665,-1.62725949287415,K,4
OUTPUT,NaN,NaN,NaN,NaN,NaN,NaN

INPUT,0.377098083496094,0.0555927567183971,0.730325818061829,-2.01472854614258,2.9929141998291,-1.58616769313812,K,5
OUTPUT,NaN,NaN,NaN,NaN,NaN,NaN

INPUT,0.386246651411057,0.059207372367382,0.745600342750549,-2.05167508125305,2.9689302444458,-1.54568874835968,K,6
OUTPUT,NaN,NaN,NaN,NaN,NaN,NaN

INPUT,0.39336222410202,0.0620187371969223,0.757480561733246,-2.08069229125977,2.95050168037415,-1.51453828811646,K,7
OUTPUT,NaN,NaN,NaN,NaN,NaN,NaN

INPUT,0.398444771766663,0.0640268549323082,0.765966475009918,-2.10149073600769,2.93749070167542,-1.49245476722717,K,8
OUTPUT,NaN,NaN,NaN,NaN,NaN,NaN

INPUT,0.401494294404984,0.0652317255735397,0.771057963371277,-2.1139805316925,2.92975378036499,-1.47927153110504,K,9
OUTPUT,NaN,NaN,NaN,NaN,NaN,NaN

INPUT,0.362427651882172,0.0293758176267147,0.737574458122253,1.02580308914185,3.09867668151855,1.65846788883209,K,5
OUTPUT,NaN,NaN,NaN,NaN,NaN,NaN

INPUT,0.368229001760483,0.0286128986626863,0.751262485980988,0.969751596450806,3.09244561195374,1.69913470745087,K,6
OUTPUT,NaN,NaN,NaN,NaN,NaN,NaN

INPUT,0.372741162776947,0.0280195195227861,0.761908710002899,0.927532374858856,3.0876944065094,1.73186099529266,K,7
OUTPUT,NaN,NaN,NaN,NaN,NaN,NaN

INPUT,0.375964105129242,0.0275956746190786,0.769513130187988,0.898008108139038,3.08436369895935,1.75559210777283,K,8
OUTPUT,NaN,NaN,NaN,NaN,NaN,NaN

INPUT,0.377897888422012,0.0273413695394993,0.7740758061409,0.880529522895813,3.08239340782166,1.76992046833038,K,9
OUTPUT,NaN,NaN,NaN,NaN,NaN,NaN

INPUT,0.354424118995667,0.0339745543897152,0.737124562263489,0.517939269542694,3.09313607215881,1.47954392433167,K,5
OUTPUT,NaN,NaN,NaN,NaN,NaN,NaN

INPUT,0.359185546636581,0.0338870659470558,0.750992298126221,0.443118423223495,3.08612537384033,1.55134332180023,K,6
OUTPUT,NaN,NaN,NaN,NaN,NaN,NaN

INPUT,0.362888872623444,0.0338190235197544,0.761778235435486,0.3851518034935,3.08087635040283,1.60743343830109,K,7
OUTPUT,NaN,NaN,NaN,NaN,NaN,NaN

INPUT,0.365534096956253,0.0337704196572304,0.769482553005219,0.343833923339844,3.07724690437317,1.64759564399719,K,8
OUTPUT,NaN,NaN,NaN,NaN,NaN,NaN

INPUT,0.367121249437332,0.0337412543594837,0.774105131626129,0.319070935249329,3.07512021064758,1.67172527313232,K,9
OUTPUT,NaN,NaN,NaN,NaN,NaN,NaN

INPUT,0.36586531996727,0.0373079963028431,0.720920443534851,-2.49473404884338,3.08170747756958,-1.86311113834381,K,11
OUTPUT,NaN,NaN,NaN,NaN,NaN,NaN

INPUT,0.371391952037811,0.0376347303390503,0.732061088085175,-2.53103399276733,3.07504081726074,-1.82507503032684,K,12
OUTPUT,NaN,NaN,NaN,NaN,NaN,NaN

INPUT,0.37691855430603,0.0379614681005478,0.743201732635498,-2.5674991607666,3.06846618652344,-1.78718781471252,K,13
OUTPUT,NaN,NaN,NaN,NaN,NaN,NaN

INPUT,0.382445186376572,0.038288202136755,0.754342317581177,-2.60408973693848,3.06199264526367,-1.74940836429596,K,14
OUTPUT,NaN,NaN,NaN,NaN,NaN,NaN

INPUT,0.387971788644791,0.0386149398982525,0.7654829621315,-2.64077854156494,3.05562877655029,-1.71170794963837,K,15
OUTPUT,NaN,NaN,NaN,NaN,NaN,NaN

INPUT,0.392945736646652,0.0389090031385422,0.775509536266327,-2.67386651039124,3.05000281333923,-1.67782866954803,K,16
OUTPUT,NaN,NaN,NaN,NaN,NaN,NaN

INPUT,0.396814376115799,0.0391377173364162,0.78330796957016,-2.69963955879211,3.04569745063782,-1.6515040397644,K,17
OUTPUT,NaN,NaN,NaN,NaN,NaN,NaN

INPUT,0.399577677249908,0.039301086217165,0.788878321647644,-2.71806645393372,3.0426619052887,-1.63271200656891,K,18
OUTPUT,NaN,NaN,NaN,NaN,NaN,NaN

INPUT,0.401235669851303,0.0393991060554981,0.79222047328949,-2.72912931442261,3.04085683822632,-1.62144076824188,K,19
OUTPUT,NaN,NaN,NaN,NaN,NaN,NaN

INPUT,0.401788324117661,0.0394317805767059,0.793334543704987,-2.73281788825989,3.04025793075562,-1.61768424510956,K,20
OUTPUT,NaN,NaN,NaN,NaN,NaN,NaN

INPUT,0.367208629846573,0.0533403605222702,0.720584034919739,-1.99713361263275,3.04702305793762,-1.82321012020111,K,11
OUTPUT,NaN,NaN,NaN,NaN,NaN,NaN

INPUT,0.372893959283829,0.0555533356964588,0.731684148311615,-2.00664830207825,3.03598761558533,-1.81221222877502,K,12
OUTPUT,NaN,NaN,NaN,NaN,NaN,NaN

INPUT,0.378579318523407,0.0577663108706474,0.742784261703491,-2.01630353927612,3.02496933937073,-1.80135428905487,K,13
OUTPUT,NaN,NaN,NaN,NaN,NaN,NaN

INPUT,0.384264677762985,0.0599792897701263,0.753884375095367,-2.02606129646301,3.01397228240967,-1.79060208797455,K,14
OUTPUT,NaN,NaN,NaN,NaN,NaN,NaN

INPUT,0.389950007200241,0.062192264944315,0.764984488487244,-2.0358943939209,3.00300049781799,-1.77993297576904,K,15
OUTPUT,NaN,NaN,NaN,NaN,NaN,NaN

INPUT,0.395066827535629,0.0641839429736137,0.774974584579468,-2.04479193687439,2.99315071105957,-1.77038896083832,K,16
OUTPUT,NaN,NaN,NaN,NaN,NaN,NaN

INPUT,0.399046570062637,0.0657330304384232,0.782744646072388,-2.05173659324646,2.98550796508789,-1.76299870014191,K,17
OUTPUT,NaN,NaN,NaN,NaN,NaN,NaN

INPUT,0.401889264583588,0.0668395161628723,0.788294732570648,-2.05670690536499,2.98005962371826,-1.75773572921753,K,18
OUTPUT,NaN,NaN,NaN,NaN,NaN,NaN

INPUT,0.403594851493835,0.0675034075975418,0.79162472486496,-2.05969285964966,2.97679495811462,-1.7545839548111,K,19
OUTPUT,NaN,NaN,NaN,NaN,NaN,NaN

INPUT,0.404163390398026,0.0677247047424316,0.792734742164612,-2.06068849563599,2.97570753097534,-1.75353419780731,K,20
OUTPUT,NaN,NaN,NaN,NaN,NaN,NaN

INPUT,0.359399825334549,0.0441348254680634,0.720884382724762,-2.14461970329285,3.10046935081482,-1.62795925140381,K,11
OUTPUT,NaN,NaN,NaN,NaN,NaN,NaN

INPUT,0.36416620016098,0.0452648773789406,0.732019901275635,-2.17324161529541,3.09583687782288,-1.59580230712891,K,12
OUTPUT,NaN,NaN,NaN,NaN,NaN,NaN

INPUT,0.368932574987411,0.0463949330151081,0.743155479431152,-2.20219039916992,3.09124612808228,-1.5639660358429,K,13
OUTPUT,NaN,NaN,NaN,NaN,NaN,NaN

INPUT,0.373698949813843,0.0475249849259853,0.754290997982025,-2.23138308525085,3.08670210838318,-1.53236639499664,K,14
OUTPUT,NaN,NaN,NaN,NaN,NaN,NaN

INPUT,0.378465324640274,0.0486550405621529,0.765426576137543,-2.26076245307922,3.08220863342285,-1.50094616413116,K,15
OUTPUT,NaN,NaN,NaN,NaN,NaN,NaN

INPUT,0.382755070924759,0.0496720895171165,0.775448560714722,-2.28733038902283,3.07821106910706,-1.4727874994278,K,16
OUTPUT,NaN,NaN,NaN,NaN,NaN,NaN

INPUT,0.386091530323029,0.0504631251096725,0.783243477344513,-2.30806255340576,3.07513475418091,-1.45094966888428,K,17
OUTPUT,NaN,NaN,NaN,NaN,NaN,NaN

INPUT,0.388474732637405,0.0510281547904015,0.788811266422272,-2.32290267944336,3.07295560836792,-1.43538010120392,K,18
OUTPUT,NaN,NaN,NaN,NaN,NaN,NaN

INPUT,0.389904648065567,0.0513671673834324,0.792151927947998,-2.33181810379028,3.07165551185608,-1.42604875564575,K,19
OUTPUT,NaN,NaN,NaN,NaN,NaN,NaN

INPUT,0.390381276607513,0.0514801740646362,0.793265461921692,-2.33479189872742,3.07122349739075,-1.42293989658356,K,20
OUTPUT,NaN,NaN,NaN,NaN,NaN,NaN

INPUT,0.375177145004272,0.0373129174113274,0.730652213096619,-2.55557942390442,3.07011938095093,-1.8080815076828,K,5
OUTPUT,NaN,NaN,NaN,NaN,NaN,NaN

INPUT,0.384088844060898,0.0377861969172955,0.746054768562317,-2.61880564689636,3.05903816223145,-1.73901283740997,K,6
OUTPUT,NaN,NaN,NaN,NaN,NaN,NaN

INPUT,0.391020119190216,0.0381543003022671,0.758034586906433,-2.66848707199097,3.05066609382629,-1.68575775623322,K,7
OUTPUT,NaN,NaN,NaN,NaN,NaN,NaN

INPUT,0.395971059799194,0.0384172312915325,0.766591548919678,-2.70417284965515,3.0448317527771,-1.64789354801178,K,8
OUTPUT,NaN,NaN,NaN,NaN,NaN,NaN

INPUT,0.398941606283188,0.0385749898850918,0.77172577381134,-2.72564935684204,3.0413932800293,-1.62523055076599,K,9
OUTPUT,NaN,NaN,NaN,NaN,NaN,NaN

INPUT,0.367796778678894,0.0515074208378792,0.715148985385895,-1.9933625459671,3.04603552818298,-1.82616543769836,K,4
OUTPUT,NaN,NaN,NaN,NaN,NaN,NaN

INPUT,0.377011895179749,0.055028859525919,0.730464935302734,-2.01084876060486,3.02734684944153,-1.80663812160492,K,5
OUTPUT,NaN,NaN,NaN,NaN,NaN,NaN

INPUT,0.386227041482925,0.0585502982139587,0.745780885219574,-2.02864098548889,3.00869703292847,-1.78737735748291,K,6
OUTPUT,NaN,NaN,NaN,NaN,NaN,NaN

INPUT,0.393394351005554,0.061289194971323,0.757693350315094,-2.04261374473572,2.99423289299011,-1.77251982688904,K,7
OUTPUT,NaN,NaN,NaN,NaN,NaN,NaN

INPUT,0.398513853549957,0.0632455497980118,0.766202211380005,-2.0526430606842,2.98392987251282,-1.76195788383484,K,8
OUTPUT,NaN,NaN,NaN,NaN,NaN,NaN

INPUT,0.401585578918457,0.0644193664193153,0.771307528018951,-2.05867552757263,2.97776126861572,-1.7556380033493,K,9
OUTPUT,NaN,NaN,NaN,NaN,NaN,NaN

INPUT,0.367782711982727,0.0453027598559856,0.730194747447968,-2.20008063316345,3.09210753440857,-1.58867621421814,K,5
OUTPUT,NaN,NaN,NaN,NaN,NaN,NaN

INPUT,0.375567972660065,0.0471610873937607,0.745718002319336,-2.24757146835327,3.0843870639801,-1.52731120586395,K,6
OUTPUT,NaN,NaN,NaN,NaN,NaN,NaN

INPUT,0.381623178720474,0.04860645160079,0.757791697978973,-2.28549194335938,3.07852530479431,-1.4809627532959,K,7
OUTPUT,NaN,NaN,NaN,NaN,NaN,NaN

INPUT,0.385948330163956,0.0496388524770737,0.76641571521759,-2.31284427642822,3.07443308830261,-1.4485160112381,K,8
OUTPUT,NaN,NaN,NaN,NaN,NaN,NaN

INPUT,0.388543397188187,0.0502582937479019,0.771590173244476,-2.32930302619934,3.0720202922821,-1.42930233478546,K,9
OUTPUT,NaN,NaN,NaN,NaN,NaN,NaN

INPUT,0.351681351661682,0.0246808808296919,0.743475735187531,0.742735683917999,3.05750751495361,1.34425342082977,K,13
OUTPUT,NaN,NaN,NaN,NaN,NaN,NaN

INPUT,0.354804664850235,0.0237428583204746,0.754642486572266,0.713480770587921,3.04970073699951,1.37234306335449,K,14
OUTPUT,NaN,NaN,NaN,NaN,NaN,NaN

INPUT,0.357927948236465,0.0228048339486122,0.765809237957001,0.684306442737579,3.04196953773499,1.40053415298462,K,15
OUTPUT,NaN,NaN,NaN,NaN,NaN,NaN

INPUT,0.360738903284073,0.0219606123864651,0.775859355926514,0.658100783824921,3.03508114814758,1.42597591876984,K,16
OUTPUT,NaN,NaN,NaN,NaN,NaN,NaN

INPUT,0.362925201654434,0.0213039964437485,0.783676087856293,0.637744545936584,3.02977228164673,1.44580292701721,K,17
OUTPUT,NaN,NaN,NaN,NaN,NaN,NaN

INPUT,0.364486843347549,0.0208349842578173,0.789259493350983,0.623215556144714,3.02600765228271,1.45998346805573,K,18
OUTPUT,NaN,NaN,NaN,NaN,NaN,NaN

INPUT,0.365423828363419,0.0205535776913166,0.792609512805939,0.614502012729645,3.0237603187561,1.46849870681763,K,19
OUTPUT,NaN,NaN,NaN,NaN,NaN,NaN

INPUT,0.365736156702042,0.0204597748816013,0.793726205825806,0.611598014831543,3.0230131149292,1.47133815288544,K,20
OUTPUT,NaN,NaN,NaN,NaN,NaN,NaN

INPUT,0.370184004306793,0.0472597554326057,0.720985233783722,-2.15761303901672,3.05929064750671,-1.61211764812469,K,11
OUTPUT,NaN,NaN,NaN,NaN,NaN,NaN

INPUT,0.376218944787979,0.048757366836071,0.732133388519287,-2.18881511688232,3.04997181892395,-1.57908380031586,K,12
OUTPUT,NaN,NaN,NaN,NaN,NaN,NaN

INPUT,0.382253885269165,0.0502549782395363,0.743281543254852,-2.22019934654236,3.04074716567993,-1.54620480537415,K,13
OUTPUT,NaN,NaN,NaN,NaN,NaN,NaN

INPUT,0.388288795948029,0.0517525896430016,0.754429697990417,-2.25172305107117,3.03162670135498,-1.51343524456024,K,14
OUTPUT,NaN,NaN,NaN,NaN,NaN,NaN

INPUT,0.394323736429214,0.0532502010464668,0.765577852725983,-2.28335762023926,3.0226194858551,-1.48074471950531,K,15
OUTPUT,NaN,NaN,NaN,NaN,NaN,NaN

INPUT,0.39975517988205,0.0545980520546436,0.775611162185669,-2.3119068145752,3.01461791992188,-1.45137202739716,K,16
OUTPUT,NaN,NaN,NaN,NaN,NaN,NaN

INPUT,0.403979629278183,0.0556463785469532,0.783414900302887,-2.33415603637695,3.00846743583679,-1.42855060100555,K,17
OUTPUT,NaN,NaN,NaN,NaN,NaN,NaN

INPUT,0.406997114419937,0.0563951842486858,0.788988947868347,-2.35006928443909,3.00411534309387,-1.41225945949554,K,18
OUTPUT,NaN,NaN,NaN,NaN,NaN,NaN

INPUT,0.408807575702667,0.0568444691598415,0.792333424091339,-2.35962533950806,3.00152111053467,-1.40248823165894,K,19
OUTPUT,NaN,NaN,NaN,NaN,NaN,NaN

INPUT,0.409411072731018,0.05699422955513,0.793448209762573,-2.36281180381775,3.00065922737122,-1.3992315530777,K,20
OUTPUT,NaN,NaN,NaN,NaN,NaN,NaN

INPUT,0.373199343681335,0.0480697602033615,0.720165073871613,-2.06485891342163,3.05836367607117,-1.6508207321167,K,11
OUTPUT,NaN,NaN,NaN,NaN,NaN,NaN

INPUT,0.379589378833771,0.0496627241373062,0.731215953826904,-2.08834362030029,3.04881262779236,-1.62555372714996,K,12
OUTPUT,NaN,NaN,NaN,NaN,NaN,NaN

INPUT,0.385979413986206,0.0512556843459606,0.742266833782196,-2.11200475692749,3.0393168926239,-1.60044181346893,K,13
OUTPUT,NaN,NaN,NaN,NaN,NaN,NaN

INPUT,0.392369449138641,0.0528486482799053,0.753317654132843,-2.13580060005188,3.02988171577454,-1.57544076442719,K,14
OUTPUT,NaN,NaN,NaN,NaN,NaN,NaN

INPUT,0.398759484291077,0.0544416084885597,0.764368534088135,-2.15970277786255,3.02051305770874,-1.55052053928375,K,15
OUTPUT,NaN,NaN,NaN,NaN,NaN,NaN

INPUT,0.404510527849197,0.0558752752840519,0.774314343929291,-2.18128943443298,3.01214241981506,-1.52814316749573,K,16
OUTPUT,NaN,NaN,NaN,NaN,NaN,NaN

INPUT,0.408983528614044,0.056990347802639,0.782049953937531,-2.19812059402466,3.00567507743835,-1.5107638835907,K,17
OUTPUT,NaN,NaN,NaN,NaN,NaN,NaN

INPUT,0.412178546190262,0.0577868297696114,0.787575364112854,-2.2101628780365,3.00107955932617,-1.49836099147797,K,18
OUTPUT,NaN,NaN,NaN,NaN,NaN,NaN

INPUT,0.41409558057785,0.0582647174596786,0.790890634059906,-2.21739554405212,2.99833226203918,-1.49092292785645,K,19
OUTPUT,NaN,NaN,NaN,NaN,NaN,NaN

INPUT,0.414734572172165,0.0584240145981312,0.791995704174042,-2.21980762481689,2.99741816520691,-1.48844397068024,K,20
OUTPUT,NaN,NaN,NaN,NaN,NaN,NaN

INPUT,0.375089883804321,0.0416080541908741,0.720202445983887,-2.42865443229675,3.0460524559021,-1.67837023735046,K,11
OUTPUT,NaN,NaN,NaN,NaN,NaN,NaN

INPUT,0.381702065467834,0.0424405820667744,0.731258690357208,-2.4721839427948,3.03553414344788,-1.63349890708923,K,12
OUTPUT,NaN,NaN,NaN,NaN,NaN,NaN

INPUT,0.388314247131348,0.0432731099426746,0.742314994335175,-2.51585745811462,3.02522277832031,-1.58872318267822,K,13
OUTPUT,NaN,NaN,NaN,NaN,NaN,NaN

INPUT,0.394926428794861,0.0441056340932846,0.753371298313141,-2.55964612960815,3.01513862609863,-1.54401004314423,K,14
OUTPUT,NaN,NaN,NaN,NaN,NaN,NaN

INPUT,0.401538610458374,0.0449381619691849,0.764427602291107,-2.6035304069519,3.0053014755249,-1.49933648109436,K,15
OUTPUT,NaN,NaN,NaN,NaN,NaN,NaN

INPUT,0.407489567995071,0.0456874370574951,0.77437824010849,-2.64309644699097,2.99667525291443,-1.45915043354034,K,16
OUTPUT,NaN,NaN,NaN,NaN,NaN,NaN

INPUT,0.41211810708046,0.0462702065706253,0.782117664813995,-2.67391109466553,2.99012422561646,-1.42790174484253,K,17
OUTPUT,NaN,NaN,NaN,NaN,NaN,NaN

INPUT,0.415424197912216,0.0466864705085754,0.787645757198334,-2.69594192504883,2.98553347587585,-1.40558278560638,K,18
OUTPUT,NaN,NaN,NaN,NaN,NaN,NaN

INPUT,0.417407840490341,0.0469362288713455,0.790962636470795,-2.70916795730591,2.9828155040741,-1.39219176769257,K,19
OUTPUT,NaN,NaN,NaN,NaN,NaN,NaN

INPUT,0.418069064617157,0.0470194816589355,0.792068302631378,-2.71357798576355,2.98191571235657,-1.38772797584534,K,20
OUTPUT,NaN,NaN,NaN,NaN,NaN,NaN

INPUT,0.357771724462509,0.0312109589576721,0.733222365379333,1.31638848781586,3.12050175666809,1.79791343212128,K,12
OUTPUT,NaN,NaN,NaN,NaN,NaN,NaN

INPUT,0.361864894628525,0.0308614745736122,0.744485378265381,1.28705048561096,3.11828660964966,1.81924521923065,K,13
OUTPUT,NaN,NaN,NaN,NaN,NaN,NaN

INPUT,0.36595806479454,0.0305119920521975,0.755748391151428,1.25840485095978,3.11608600616455,1.84127044677734,K,14
OUTPUT,NaN,NaN,NaN,NaN,NaN,NaN

INPUT,0.370051264762878,0.0301625076681376,0.767011404037476,1.23028266429901,3.11390161514282,1.86382067203522,K,15
OUTPUT,NaN,NaN,NaN,NaN,NaN,NaN

INPUT,0.373735129833221,0.0298479720950127,0.777148127555847,1.20532166957855,3.11195063591003,1.88446629047394,K,16
OUTPUT,NaN,NaN,NaN,NaN,NaN,NaN

INPUT,0.376600354909897,0.0296033341437578,0.785032212734222,1.18609344959259,3.11044383049011,1.90071070194244,K,17
OUTPUT,NaN,NaN,NaN,NaN,NaN,NaN

INPUT,0.378646939992905,0.0294285919517279,0.790663719177246,1.17244398593903,3.10937333106995,1.9123991727829,K,18
OUTPUT,NaN,NaN,NaN,NaN,NaN,NaN

INPUT,0.379874914884567,0.029323747381568,0.794042646884918,1.16428482532501,3.10873365402222,1.91944301128387,K,19
OUTPUT,NaN,NaN,NaN,NaN,NaN,NaN

INPUT,0.38028421998024,0.0292887985706329,0.795168936252594,1.16156983375549,3.10852074623108,1.92179584503174,K,20
OUTPUT,NaN,NaN,NaN,NaN,NaN,NaN

INPUT,0.367159068584442,0.0565750859677792,0.719744324684143,-2.02544260025024,3.02488231658936,-1.7035026550293,K,11
OUTPUT,NaN,NaN,NaN,NaN,NaN,NaN

INPUT,0.3728386759758,0.0591685883700848,0.730745613574982,-2.04389595985413,3.01128911972046,-1.68378412723541,K,12
OUTPUT,NaN,NaN,NaN,NaN,NaN,NaN

INPUT,0.378518283367157,0.0617620944976807,0.74174690246582,-2.06245517730713,2.99776554107666,-1.66419982910156,K,13
OUTPUT,NaN,NaN,NaN,NaN,NaN,NaN

INPUT,0.384197890758514,0.0643555968999863,0.752748191356659,-2.08107471466064,2.9843270778656,-1.64473247528076,K,14
OUTPUT,NaN,NaN,NaN,NaN,NaN,NaN

INPUT,0.389877498149872,0.0669490993022919,0.763749480247498,-2.0997200012207,2.97098851203918,-1.62537467479706,K,15
OUTPUT,NaN,NaN,NaN,NaN,NaN,NaN

INPUT,0.394989132881165,0.0692832544445992,0.773650646209717,-2.11649918556213,2.95908188819885,-1.60804486274719,K,16
OUTPUT,NaN,NaN,NaN,NaN,NaN,NaN

INPUT,0.398964881896973,0.0710987001657486,0.781351506710052,-2.12953639030457,2.94989228248596,-1.59462761878967,K,17
OUTPUT,NaN,NaN,NaN,NaN,NaN,NaN

INPUT,0.401804685592651,0.0723954513669014,0.786852180957794,-2.1388373374939,2.94336915016174,-1.58507776260376,K,18
OUTPUT,NaN,NaN,NaN,NaN,NaN,NaN

INPUT,0.403508543968201,0.0731735080480576,0.790152549743652,-2.14441180229187,2.93947243690491,-1.5793616771698,K,19
OUTPUT,NaN,NaN,NaN,NaN,NaN,NaN

INPUT,0.404076516628265,0.0734328553080559,0.791252672672272,-2.14626908302307,2.93817639350891,-1.57745862007141,K,20
OUTPUT,NaN,NaN,NaN,NaN,NaN,NaN

INPUT,0.361264914274216,0.0364383831620216,0.73309999704361,-2.26732110977173,3.13440656661987,-1.92751026153564,K,12
OUTPUT,NaN,NaN,NaN,NaN,NaN,NaN

INPUT,0.365725725889206,0.0366390682756901,0.744350016117096,-2.27777433395386,3.13374066352844,-1.90211474895477,K,13
OUTPUT,NaN,NaN,NaN,NaN,NaN,NaN

INPUT,0.370186537504196,0.0368397533893585,0.755600035190582,-2.28937029838562,3.1330783367157,-1.87793135643005,K,14
OUTPUT,NaN,NaN,NaN,NaN,NaN,NaN

INPUT,0.374647349119186,0.037040438503027,0.766850054264069,-2.30184054374695,3.13242030143738,-1.85471367835999,K,15
OUTPUT,NaN,NaN,NaN,NaN,NaN,NaN

INPUT,0.378662079572678,0.0372210554778576,0.776975095272064,-2.31364560127258,3.13183188438416,-1.83449649810791,K,16
OUTPUT,NaN,NaN,NaN,NaN,NaN,NaN

INPUT,0.381784647703171,0.0373615361750126,0.784850120544434,-2.32313299179077,3.13137722015381,-1.81915163993835,K,17
OUTPUT,NaN,NaN,NaN,NaN,NaN,NaN

INPUT,0.384015053510666,0.037461880594492,0.790475130081177,-2.33004689216614,3.13105440139771,-1.8083723783493,K,18
OUTPUT,NaN,NaN,NaN,NaN,NaN,NaN

INPUT,0.385353296995163,0.0375220850110054,0.793850183486938,-2.33424353599548,3.13086128234863,-1.80197203159332,K,19
OUTPUT,NaN,NaN,NaN,NaN,NaN,NaN

INPUT,0.385799378156662,0.0375421531498432,0.794975161552429,-2.33564972877502,3.13079690933228,-1.79984927177429,K,20
OUTPUT,NaN,NaN,NaN,NaN,NaN,NaN

INPUT,0.351669043302536,0.0257107801735401,0.742887318134308,0.617495894432068,3.05995845794678,1.22185897827148,K,13
OUTPUT,NaN,NaN,NaN,NaN,NaN,NaN

INPUT,0.354791402816772,0.0248709525913,0.753997206687927,0.588229477405548,3.05237555503845,1.25020384788513,K,14
OUTPUT,NaN,NaN,NaN,NaN,NaN,NaN

INPUT,0.357913762331009,0.0240311268717051,0.765107095241547,0.55902498960495,3.04486656188965,1.27863025665283,K,15
OUTPUT,NaN,NaN,NaN,NaN,NaN,NaN

INPUT,0.360723882913589,0.0232752822339535,0.775106072425842,0.532780230045319,3.03817677497864,1.30427086353302,K,16
OUTPUT,NaN,NaN,NaN,NaN,NaN,NaN

INPUT,0.362909525632858,0.0226874034851789,0.782882988452911,0.512387096881866,3.03302145004272,1.32424533367157,K,17
OUTPUT,NaN,NaN,NaN,NaN,NaN,NaN

INPUT,0.364470690488815,0.0222674887627363,0.788437962532043,0.497828751802444,3.02936601638794,1.33852803707123,K,18
OUTPUT,NaN,NaN,NaN,NaN,NaN,NaN

INPUT,0.365407407283783,0.0220155417919159,0.791770935058594,0.489096581935883,3.027184009552,1.34710323810577,K,19
OUTPUT,NaN,NaN,NaN,NaN,NaN,NaN

INPUT,0.365719646215439,0.0219315588474274,0.792881906032562,0.486186355352402,3.0264585018158,1.34996247291565,K,20
OUTPUT,NaN,NaN,NaN,NaN,NaN,NaN

INPUT,0.370677083730698,0.0459609292447567,0.715788841247559,-2.15687680244446,3.05840134620667,-1.62666094303131,K,4
OUTPUT,NaN,NaN,NaN,NaN,NaN,NaN

INPUT,0.380400896072388,0.0483591556549072,0.731104135513306,-2.21008801460266,3.04262542724609,-1.56529068946838,K,5
OUTPUT,NaN,NaN,NaN,NaN,NaN,NaN

INPUT,0.390124708414078,0.0507573895156384,0.746419370174408,-2.26445651054382,3.02717280387878,-1.50498867034912,K,6
OUTPUT,NaN,NaN,NaN,NaN,NaN,NaN

INPUT,0.397687643766403,0.0526226758956909,0.75833123922348,-2.30727410316467,3.01541090011597,-1.4585497379303,K,7
OUTPUT,NaN,NaN,NaN,NaN,NaN,NaN

INPUT,0.403089761734009,0.0539550259709358,0.766839742660522,-2.33807015419006,3.00716114044189,-1.42555105686188,K,8
OUTPUT,NaN,NaN,NaN,NaN,NaN,NaN

INPUT,0.406331032514572,0.0547544360160828,0.77194482088089,-2.35661840438843,3.00227642059326,-1.40580570697784,K,9
OUTPUT,NaN,NaN,NaN,NaN,NaN,NaN

INPUT,0.37374410033226,0.0466197095811367,0.715089440345764,-2.06367373466492,3.05736613273621,-1.66223073005676,K,4
OUTPUT,NaN,NaN,NaN,NaN,NaN,NaN

INPUT,0.384134769439697,0.0491383969783783,0.730207800865173,-2.10405015945435,3.04115629196167,-1.61509883403778,K,5
OUTPUT,NaN,NaN,NaN,NaN,NaN,NaN

INPUT,0.394525468349457,0.0516570806503296,0.745326161384583,-2.1453959941864,3.02513790130615,-1.56886553764343,K,6
OUTPUT,NaN,NaN,NaN,NaN,NaN,NaN

INPUT,0.40260711312294,0.0536160580813885,0.757084846496582,-2.1778929233551,3.0128710269928,-1.53341090679169,K,7
OUTPUT,NaN,NaN,NaN,NaN,NaN,NaN

INPUT,0.408379733562469,0.0550153255462646,0.765483915805817,-2.20117735862732,3.00423741340637,-1.50834274291992,K,8
OUTPUT,NaN,NaN,NaN,NaN,NaN,NaN

INPUT,0.411843299865723,0.0558548867702484,0.770523369312286,-2.21515130996704,2.99911522865295,-1.49340546131134,K,9
OUTPUT,NaN,NaN,NaN,NaN,NaN,NaN

INPUT,0.375465571880341,0.0406499914824963,0.715628623962402,-2.42271542549133,3.04558563232422,-1.69278132915497,K,4
OUTPUT,NaN,NaN,NaN,NaN,NaN,NaN

INPUT,0.385977149009705,0.0419866479933262,0.73063588142395,-2.49880290031433,3.02766489982605,-1.61135816574097,K,5
OUTPUT,NaN,NaN,NaN,NaN,NaN,NaN

INPUT,0.396488726139069,0.0433233045041561,0.745643138885498,-2.57568359375,3.01044893264771,-1.53057026863098,K,6
OUTPUT,NaN,NaN,NaN,NaN,NaN,NaN

INPUT,0.404664367437363,0.0443629249930382,0.757315456867218,-2.63585543632507,2.99761509895325,-1.46799170970917,K,7
OUTPUT,NaN,NaN,NaN,NaN,NaN,NaN

INPUT,0.410504132509232,0.0451055131852627,0.76565283536911,-2.67899084091187,2.98877644538879,-1.42338025569916,K,8
OUTPUT,NaN,NaN,NaN,NaN,NaN,NaN

INPUT,0.414007991552353,0.0455510653555393,0.77065521478653,-2.70492506027222,2.98361301422119,-1.39663851261139,K,9
OUTPUT,NaN,NaN,NaN,NaN,NaN,NaN

INPUT,0.367561787366867,0.0543942637741566,0.714402794837952,-2.02154850959778,3.02398061752319,-1.71111416816711,K,4
OUTPUT,NaN,NaN,NaN,NaN,NaN,NaN

INPUT,0.376645386219025,0.0585366487503052,0.729560434818268,-2.05401682853699,3.00097036361694,-1.67521047592163,K,5
OUTPUT,NaN,NaN,NaN,NaN,NaN,NaN

INPUT,0.385729014873505,0.0626790374517441,0.744718074798584,-2.08702182769775,2.97812390327454,-1.63973271846771,K,6
OUTPUT,NaN,NaN,NaN,NaN,NaN,NaN

INPUT,0.392794042825699,0.0659008920192719,0.756507396697998,-2.11289501190186,2.96052265167236,-1.61236798763275,K,7
OUTPUT,NaN,NaN,NaN,NaN,NaN,NaN

INPUT,0.397840470075607,0.0682022199034691,0.76492828130722,-2.13142943382263,2.94806432723999,-1.59293568134308,K,8
OUTPUT,NaN,NaN,NaN,NaN,NaN,NaN

INPUT,0.400868356227875,0.0695830136537552,0.769980847835541,-2.14255905151367,2.94064140319824,-1.58132207393646,K,9
OUTPUT,NaN,NaN,NaN,NaN,NaN,NaN

INPUT,0.358112543821335,0.0317472256720066,0.723956167697906,1.37078046798706,3.12140512466431,1.82353901863098,K,4
OUTPUT,NaN,NaN,NaN,NaN,NaN,NaN

INPUT,0.364051163196564,0.0312570631504059,0.737515330314636,1.30932688713074,3.11793446540833,1.84369146823883,K,5
OUTPUT,NaN,NaN,NaN,NaN,NaN,NaN

INPUT,0.369989782571793,0.0307669043540955,0.751074612140656,1.25313746929169,3.11449575424194,1.86911129951477,K,6
OUTPUT,NaN,NaN,NaN,NaN,NaN,NaN

INPUT,0.374608725309372,0.0303856693208218,0.7616206407547,1.21199131011963,3.11185598373413,1.89126777648926,K,7
OUTPUT,NaN,NaN,NaN,NaN,NaN,NaN

INPUT,0.377907961606979,0.0301133599132299,0.769153535366058,1.18367326259613,3.10999393463135,1.90799713134766,K,8
OUTPUT,NaN,NaN,NaN,NaN,NaN,NaN

INPUT,0.379887491464615,0.0299499724060297,0.773673295974731,1.16705286502838,3.10888767242432,1.91831600666046,K,9
OUTPUT,NaN,NaN,NaN,NaN,NaN,NaN

INPUT,0.361652880907059,0.0362834744155407,0.724577128887177,-2.32405734062195,3.13377785682678,-2.00550651550293,K,4
OUTPUT,NaN,NaN,NaN,NaN,NaN,NaN

INPUT,0.368005037307739,0.0365754216909409,0.737918078899384,-2.32057332992554,3.13298630714417,-1.94443702697754,K,5
OUTPUT,NaN,NaN,NaN,NaN,NaN,NaN

INPUT,0.374357163906097,0.0368673652410507,0.751259028911591,-2.32252883911133,3.13219451904297,-1.88880705833435,K,6
OUTPUT,NaN,NaN,NaN,NaN,NaN,NaN

INPUT,0.379297733306885,0.0370944328606129,0.761635303497314,-2.32697439193726,3.13158059120178,-1.84852504730225,K,7
OUTPUT,NaN,NaN,NaN,NaN,NaN,NaN

INPUT,0.382826715707779,0.0372566245496273,0.7690469622612,-2.33142781257629,3.13114428520203,-1.82108986377716,K,8
OUTPUT,NaN,NaN,NaN,NaN,NaN,NaN

INPUT,0.384944081306458,0.0373539365828037,0.773493945598602,-2.33454322814941,3.13088369369507,-1.80510377883911,K,9
OUTPUT,NaN,NaN,NaN,NaN,NaN,NaN

INPUT,0.352975487709045,0.0263396929949522,0.731879591941833,0.790705025196075,3.06355667114258,1.34064388275146,K,4
OUTPUT,NaN,NaN,NaN,NaN,NaN,NaN

INPUT,0.356866061687469,0.0251428540796041,0.742993831634521,0.741026818752289,3.05257749557495,1.3731437921524,K,5
OUTPUT,NaN,NaN,NaN,NaN,NaN,NaN

INPUT,0.360756695270538,0.0239460133016109,0.754108071327209,0.693203985691071,3.041743516922,1.40753901004791,K,6
OUTPUT,NaN,NaN,NaN,NaN,NaN,NaN

INPUT,0.363782703876495,0.0230151396244764,0.762752413749695,0.657017886638641,3.03345346450806,1.43515026569366,K,7
OUTPUT,NaN,NaN,NaN,NaN,NaN,NaN

INPUT,0.365944147109985,0.0223502274602652,0.768926978111267,0.63163948059082,3.02762031555176,1.45518231391907,K,8
OUTPUT,NaN,NaN,NaN,NaN,NaN,NaN

INPUT,0.367241024971008,0.0219512805342674,0.772631764411926,0.616587340831757,3.0241596698761,1.46729040145874,K,9
OUTPUT,NaN,NaN,NaN,NaN,NaN,NaN

INPUT,0.352552175521851,0.0270967558026314,0.730614066123962,0.659065902233124,3.06668591499329,1.21108949184418,K,4
OUTPUT,NaN,NaN,NaN,NaN,NaN,NaN

INPUT,0.3565753698349,0.0260136779397726,0.741837620735168,0.61163717508316,3.05579209327698,1.2463618516922,K,5
OUTPUT,NaN,NaN,NaN,NaN,NaN,NaN

INPUT,0.360598593950272,0.0249306000769138,0.753061234951019,0.565550863742828,3.04504251480103,1.28301513195038,K,6
OUTPUT,NaN,NaN,NaN,NaN,NaN,NaN

INPUT,0.363727778196335,0.0240882057696581,0.761790692806244,0.530455410480499,3.03681707382202,1.31211805343628,K,7
OUTPUT,NaN,NaN,NaN,NaN,NaN,NaN

INPUT,0.365962892770767,0.0234864950180054,0.768026053905487,0.505746960639954,3.03102946281433,1.33310258388519,K,8
OUTPUT,NaN,NaN,NaN,NaN,NaN,NaN

INPUT,0.367303967475891,0.0231254696846008,0.771767258644104,0.491059511899948,3.02759599685669,1.34574317932129,K,9
OUTPUT,NaN,NaN,NaN,NaN,NaN,NaN

INPUT,0.377690136432648,0.0380632951855659,0.720378279685974,-2.62558007240295,3.03278398513794,-1.84654748439789,K,11
OUTPUT,NaN,NaN,NaN,NaN,NaN,NaN

INPUT,0.384607374668121,0.0384786389768124,0.731456637382507,-2.6710262298584,3.02086400985718,-1.80015647411346,K,12
OUTPUT,NaN,NaN,NaN,NaN,NaN,NaN

INPUT,0.391524612903595,0.0388939827680588,0.742535054683685,-2.7165892124176,3.00919795036316,-1.75381684303284,K,13
OUTPUT,NaN,NaN,NaN,NaN,NaN,NaN

INPUT,0.398441851139069,0.0393093265593052,0.753613471984863,-2.76224946975708,2.99781084060669,-1.70750439167023,K,14
OUTPUT,NaN,NaN,NaN,NaN,NaN,NaN

INPUT,0.405359089374542,0.0397246703505516,0.764691889286041,-2.80799412727356,2.98672699928284,-1.66120183467865,K,15
OUTPUT,NaN,NaN,NaN,NaN,NaN,NaN

INPUT,0.411584615707397,0.0400984808802605,0.774662435054779,-2.84922909736633,2.9770302772522,-1.61952793598175,K,16
OUTPUT,NaN,NaN,NaN,NaN,NaN,NaN

INPUT,0.416426688432693,0.0403892211616039,0.782417356967926,-2.88134026527405,2.96968245506287,-1.58710920810699,K,17
OUTPUT,NaN,NaN,NaN,NaN,NaN,NaN

INPUT,0.41988530755043,0.0405968949198723,0.787956535816193,-2.90429711341858,2.96454238891602,-1.56394839286804,K,18
OUTPUT,NaN,NaN,NaN,NaN,NaN,NaN

INPUT,0.421960473060608,0.0407214984297752,0.791280090808868,-2.91807866096497,2.96150326728821,-1.55004966259003,K,19
OUTPUT,NaN,NaN,NaN,NaN,NaN,NaN

INPUT,0.422652184963226,0.0407630316913128,0.792387902736664,-2.92267394065857,2.96049785614014,-1.54541635513306,K,20
OUTPUT,NaN,NaN,NaN,NaN,NaN,NaN

INPUT,0.337127834558487,0.0222827978432178,0.742834448814392,0.642653524875641,3.0117301940918,1.58606350421906,K,13
OUTPUT,NaN,NaN,NaN,NaN,NaN,NaN

INPUT,0.338865399360657,0.0211163349449635,0.753939390182495,0.597188889980316,3.00035548210144,1.63071203231812,K,14
OUTPUT,NaN,NaN,NaN,NaN,NaN,NaN

INPUT,0.340602993965149,0.0199498701840639,0.765044331550598,0.55174845457077,2.98926663398743,1.67545664310455,K,15
OUTPUT,NaN,NaN,NaN,NaN,NaN,NaN

INPUT,0.342166841030121,0.0189000498503447,0.775038778781891,0.510860204696655,2.97955012321472,1.71579897403717,K,16
OUTPUT,NaN,NaN,NaN,NaN,NaN,NaN

INPUT,0.34338316321373,0.0180835258215666,0.782812237739563,0.479057669639587,2.97217607498169,1.74721944332123,K,17
OUTPUT,NaN,NaN,NaN,NaN,NaN,NaN

INPUT,0.344251930713654,0.0175002925097942,0.788364708423615,0.456339418888092,2.96701169013977,1.76968443393707,K,18
OUTPUT,NaN,NaN,NaN,NaN,NaN,NaN

INPUT,0.344773232936859,0.0171503536403179,0.791696190834045,0.442707061767578,2.96395540237427,1.78317177295685,K,19
OUTPUT,NaN,NaN,NaN,NaN,NaN,NaN

INPUT,0.344946980476379,0.0170337073504925,0.792806684970856,0.438162714242935,2.96294379234314,1.78766894340515,K,20
OUTPUT,NaN,NaN,NaN,NaN,NaN,NaN

INPUT,0.357127815485001,0.0336874760687351,0.733305990695953,1.21947729587555,3.13845944404602,1.67509472370148,K,12
OUTPUT,NaN,NaN,NaN,NaN,NaN,NaN

INPUT,0.361153542995453,0.033598780632019,0.744576811790466,1.17163527011871,3.13808107376099,1.67519068717957,K,13
OUTPUT,NaN,NaN,NaN,NaN,NaN,NaN

INPUT,0.365179300308228,0.033510085195303,0.755847632884979,1.12843608856201,3.13770318031311,1.67992949485779,K,14
OUTPUT,NaN,NaN,NaN,NaN,NaN,NaN

INPUT,0.36920502781868,0.0334213860332966,0.767118453979492,1.08863961696625,3.13732624053955,1.68807113170624,K,15
OUTPUT,NaN,NaN,NaN,NaN,NaN,NaN

INPUT,0.372828185558319,0.0333415605127811,0.777262151241302,1.05503416061401,3.13698840141296,1.69760990142822,K,16
OUTPUT,NaN,NaN,NaN,NaN,NaN,NaN

INPUT,0.375646203756332,0.0332794710993767,0.785151720046997,1.0300498008728,3.13672661781311,1.70618236064911,K,17
OUTPUT,NaN,NaN,NaN,NaN,NaN,NaN

INPUT,0.37765908241272,0.0332351252436638,0.790787160396576,1.01272356510162,3.13654017448425,1.71282505989075,K,18
OUTPUT,NaN,NaN,NaN,NaN,NaN,NaN

INPUT,0.378866791725159,0.0332085154950619,0.794168412685394,1.00251257419586,3.13642883300781,1.71699559688568,K,19
OUTPUT,NaN,NaN,NaN,NaN,NaN,NaN

INPUT,0.379269361495972,0.0331996455788612,0.795295476913452,0.999137699604034,3.13639163970947,1.7184145450592,K,20
OUTPUT,NaN,NaN,NaN,NaN,NaN,NaN

INPUT,0.343662142753601,0.0116387801244855,0.741535484790802,0.985697507858276,3.00405049324036,1.49745857715607,K,13
OUTPUT,NaN,NaN,NaN,NaN,NaN,NaN

INPUT,0.346021860837936,0.00945875979959965,0.752516627311707,0.960821211338043,2.9912166595459,1.52147710323334,K,14
OUTPUT,NaN,NaN,NaN,NaN,NaN,NaN

INPUT,0.348381608724594,0.00727873714640737,0.763497829437256,0.935988366603851,2.97847270965576,1.54558646678925,K,15
OUTPUT,NaN,NaN,NaN,NaN,NaN,NaN

INPUT,0.350505381822586,0.00531671661883593,0.773380935192108,0.913662135601044,2.96708607673645,1.56735146045685,K,16
OUTPUT,NaN,NaN,NaN,NaN,NaN,NaN

INPUT,0.352157205343246,0.00379070034250617,0.781067788600922,0.896306157112122,2.95828795433044,1.58431875705719,K,17
OUTPUT,NaN,NaN,NaN,NaN,NaN,NaN

INPUT,0.353337079286575,0.00270068808458745,0.786558389663696,0.883911550045013,2.95203638076782,1.59645771980286,K,18
OUTPUT,NaN,NaN,NaN,NaN,NaN,NaN

INPUT,0.354045003652573,0.00204668380320072,0.789852678775787,0.87647533416748,2.94829893112183,1.60374855995178,K,19
OUTPUT,NaN,NaN,NaN,NaN,NaN,NaN

INPUT,0.354280978441238,0.00182867981493473,0.790950834751129,0.873996615409851,2.94705533981323,1.60617995262146,K,20
OUTPUT,NaN,NaN,NaN,NaN,NaN,NaN

INPUT,0.364393413066864,0.0518312565982342,0.719570279121399,-1.88928723335266,3.04977130889893,-1.60579788684845,K,11
OUTPUT,NaN,NaN,NaN,NaN,NaN,NaN

INPUT,0.369746088981628,0.0538664311170578,0.730553448200226,-1.9050886631012,3.03907489776611,-1.58806943893433,K,12
OUTPUT,NaN,NaN,NaN,NaN,NaN,NaN

INPUT,0.375098764896393,0.0559016093611717,0.741536676883698,-1.92106115818024,3.02842020988464,-1.57053506374359,K,13
OUTPUT,NaN,NaN,NaN,NaN,NaN,NaN

INPUT,0.380451440811157,0.0579367838799953,0.752519905567169,-1.93714785575867,3.01781702041626,-1.55315685272217,K,14
OUTPUT,NaN,NaN,NaN,NaN,NaN,NaN

INPUT,0.385804116725922,0.059971958398819,0.763503134250641,-1.95330715179443,3.00727438926697,-1.53591179847717,K,15
OUTPUT,NaN,NaN,NaN,NaN,NaN,NaN

INPUT,0.390621513128281,0.0618036165833473,0.773388028144836,-1.96788620948792,2.99784517288208,-1.52049362659454,K,16
OUTPUT,NaN,NaN,NaN,NaN,NaN,NaN

INPUT,0.394368410110474,0.0632282420992851,0.78107625246048,-1.97923600673676,2.99055409431458,-1.50856494903564,K,17
OUTPUT,NaN,NaN,NaN,NaN,NaN,NaN

INPUT,0.397044748067856,0.0642458274960518,0.786567866802216,-1.98734390735626,2.98537111282349,-1.50007736682892,K,18
OUTPUT,NaN,NaN,NaN,NaN,NaN,NaN

INPUT,0.398650527000427,0.0648563802242279,0.789862811565399,-1.99220788478851,2.98227190971375,-1.49499773979187,K,19
OUTPUT,NaN,NaN,NaN,NaN,NaN,NaN

INPUT,0.399185806512833,0.0650599002838135,0.790961146354675,-1.99382889270782,2.98124051094055,-1.49330675601959,K,20
OUTPUT,NaN,NaN,NaN,NaN,NaN,NaN

INPUT,0.378224521875381,0.0373645462095737,0.716569483280182,-2.61543107032776,3.03283095359802,-1.85744309425354,K,4
OUTPUT,NaN,NaN,NaN,NaN,NaN,NaN

INPUT,0.3890540599823,0.0380570665001869,0.731431543827057,-2.69633746147156,3.01237726211548,-1.77473604679108,K,5
OUTPUT,NaN,NaN,NaN,NaN,NaN,NaN

INPUT,0.399883568286896,0.0387495905160904,0.746293604373932,-2.77759218215942,2.9927864074707,-1.69216513633728,K,6
OUTPUT,NaN,NaN,NaN,NaN,NaN,NaN

INPUT,0.408306509256363,0.0392882190644741,0.757852911949158,-2.84097671508789,2.97823095321655,-1.62796974182129,K,7
OUTPUT,NaN,NaN,NaN,NaN,NaN,NaN

INPUT,0.414322912693024,0.0396729558706284,0.766109645366669,-2.8863377571106,2.96823620796204,-1.58211147785187,K,8
OUTPUT,NaN,NaN,NaN,NaN,NaN,NaN

INPUT,0.417932748794556,0.0399037972092628,0.771063625812531,-2.91358590126038,2.96241044998169,-1.55459105968475,K,9
OUTPUT,NaN,NaN,NaN,NaN,NaN,NaN

INPUT,0.373628348112106,0.0532727688550949,0.72895222902298,-1.91770708560944,3.03091216087341,-1.58382594585419,K,5
OUTPUT,NaN,NaN,NaN,NaN,NaN,NaN

INPUT,0.382357090711594,0.0564678832888603,0.744167804718018,-1.94449818134308,3.0128858089447,-1.55055868625641,K,6
OUTPUT,NaN,NaN,NaN,NaN,NaN,NaN

INPUT,0.389146119356155,0.0589529722929001,0.756002128124237,-1.96588838100433,2.99896597862244,-1.52526450157166,K,7
OUTPUT,NaN,NaN,NaN,NaN,NaN,NaN

INPUT,0.393995434045792,0.0607280358672142,0.764455258846283,-1.98136389255524,2.98909211158752,-1.50743997097015,K,8
OUTPUT,NaN,NaN,NaN,NaN,NaN,NaN

INPUT,0.39690500497818,0.0617930740118027,0.769527077674866,-1.99070680141449,2.98319911956787,-1.49683022499084,K,9
OUTPUT,NaN,NaN,NaN,NaN,NaN,NaN

INPUT,0.35745832324028,0.0338208191096783,0.724086880683899,1.55737149715424,3.13894152641296,1.98530352115631,K,4
OUTPUT,NaN,NaN,NaN,NaN,NaN,NaN

INPUT,0.363246738910675,0.03367954865098,0.737642168998718,1.34793841838837,3.13832592964172,1.85317993164063,K,5
OUTPUT,NaN,NaN,NaN,NaN,NaN,NaN

INPUT,0.369035124778748,0.0335382781922817,0.751197457313538,1.1947386264801,3.13765072822571,1.77728986740112,K,6
OUTPUT,NaN,NaN,NaN,NaN,NaN,NaN

INPUT,0.373537212610245,0.0334283970296383,0.761740446090698,1.10014641284943,3.13710474967957,1.74267971515656,K,7
OUTPUT,NaN,NaN,NaN,NaN,NaN,NaN

INPUT,0.376753002405167,0.0333499126136303,0.769271194934845,1.04168701171875,3.13670945167542,1.72692012786865,K,8
OUTPUT,NaN,NaN,NaN,NaN,NaN,NaN

INPUT,0.378682464361191,0.0333028249442577,0.773789584636688,1.00946450233459,3.13647103309631,1.72024130821228,K,9
OUTPUT,NaN,NaN,NaN,NaN,NaN,NaN

INPUT,0.341136336326599,0.0226075351238251,0.740356922149658,0.615592360496521,3.00573921203613,1.60607838630676,K,5
OUTPUT,NaN,NaN,NaN,NaN,NaN,NaN

INPUT,0.343666732311249,0.0211437921971083,0.752153396606445,0.551923215389252,2.98975706100464,1.67151772975922,K,6
OUTPUT,NaN,NaN,NaN,NaN,NaN,NaN

INPUT,0.345634818077087,0.020005326718092,0.761328458786011,0.502232551574707,2.97775936126709,1.72235059738159,K,7
OUTPUT,NaN,NaN,NaN,NaN,NaN,NaN

INPUT,0.347040623426437,0.019192136824131,0.767882108688354,0.46666157245636,2.9694402217865,1.75864160060883,K,8
OUTPUT,NaN,NaN,NaN,NaN,NaN,NaN

INPUT,0.347884088754654,0.0187042243778706,0.771814286708832,0.445290744304657,2.96455430984497,1.78041231632233,K,9
OUTPUT,NaN,NaN,NaN,NaN,NaN,NaN

INPUT,0.347807884216309,0.0123079847544432,0.739317238330841,0.976949036121368,2.99562549591064,1.51576542854309,K,5
OUTPUT,NaN,NaN,NaN,NaN,NaN,NaN

INPUT,0.351031422615051,0.00960284471511841,0.75084114074707,0.939396142959595,2.97791028022766,1.54793322086334,K,6
OUTPUT,NaN,NaN,NaN,NaN,NaN,NaN

INPUT,0.353538632392883,0.00749884825199842,0.75980418920517,0.910584032535553,2.9642961025238,1.5733026266098,K,7
OUTPUT,NaN,NaN,NaN,NaN,NaN,NaN

INPUT,0.355329513549805,0.00599599303677678,0.766206383705139,0.890195965766907,2.95467782020569,1.59154260158539,K,8
OUTPUT,NaN,NaN,NaN,NaN,NaN,NaN

INPUT,0.356404036283493,0.00509428000077605,0.770047664642334,0.87803727388382,2.94895458221436,1.60251784324646,K,9
OUTPUT,NaN,NaN,NaN,NaN,NaN,NaN

INPUT,0.36294224858284,0.0391116999089718,0.733045697212219,-2.11712741851807,3.10752034187317,-1.56943666934967,K,12
OUTPUT,NaN,NaN,NaN,NaN,NaN,NaN

INPUT,0.367579758167267,0.0395937077701092,0.744290053844452,-2.14384698867798,3.10410594940186,-1.53851270675659,K,13
OUTPUT,NaN,NaN,NaN,NaN,NaN,NaN

INPUT,0.372217267751694,0.0400757156312466,0.755534470081329,-2.17091798782349,3.10072231292725,-1.50793659687042,K,14
OUTPUT,NaN,NaN,NaN,NaN,NaN,NaN

INPUT,0.376854807138443,0.0405577272176743,0.766778826713562,-2.19825792312622,3.09737253189087,-1.47762525081635,K,15
OUTPUT,NaN,NaN,NaN,NaN,NaN,NaN

INPUT,0.381028562784195,0.0409915372729301,0.776898801326752,-2.22304487228394,3.09438896179199,-1.45052254199982,K,16
OUTPUT,NaN,NaN,NaN,NaN,NaN,NaN

INPUT,0.384274840354919,0.0413289405405521,0.784769833087921,-2.24242091178894,3.09209036827087,-1.42953741550446,K,17
OUTPUT,NaN,NaN,NaN,NaN,NaN,NaN

INPUT,0.386593580245972,0.0415699481964111,0.79039204120636,-2.25630569458008,3.09046077728271,-1.41459155082703,K,18
OUTPUT,NaN,NaN,NaN,NaN,NaN,NaN

INPUT,0.387984842061996,0.0417145490646362,0.793765366077423,-2.26465272903442,3.08948802947998,-1.4056396484375,K,19
OUTPUT,NaN,NaN,NaN,NaN,NaN,NaN

INPUT,0.388448596000671,0.041762750595808,0.794889807701111,-2.26743769645691,3.08916449546814,-1.40265810489655,K,20
OUTPUT,NaN,NaN,NaN,NaN,NaN,NaN

INPUT,0.378136843442917,0.0505288504064083,0.718312680721283,-2.33848190307617,3.00971674919128,-1.79806935787201,K,11
OUTPUT,NaN,NaN,NaN,NaN,NaN,NaN

INPUT,0.385107606649399,0.0524112433195114,0.729145646095276,-2.36992001533508,2.99474191665649,-1.76573896408081,K,12
OUTPUT,NaN,NaN,NaN,NaN,NaN,NaN

INPUT,0.392078399658203,0.0542936362326145,0.739978611469269,-2.40147542953491,2.97991561889648,-1.73345565795898,K,13
OUTPUT,NaN,NaN,NaN,NaN,NaN,NaN

INPUT,0.399049162864685,0.056176021695137,0.750811576843262,-2.43312954902649,2.96525382995605,-1.70119500160217,K,14
OUTPUT,NaN,NaN,NaN,NaN,NaN,NaN

INPUT,0.406019926071167,0.0580584146082401,0.761644542217255,-2.4648711681366,2.95077133178711,-1.66893923282623,K,15
OUTPUT,NaN,NaN,NaN,NaN,NaN,NaN

INPUT,0.412293642759323,0.059752568602562,0.771394193172455,-2.49350714683533,2.9379026889801,-1.63990247249603,K,16
OUTPUT,NaN,NaN,NaN,NaN,NaN,NaN

INPUT,0.41717317700386,0.0610702410340309,0.778977274894714,-2.51582193374634,2.92800974845886,-1.61730885505676,K,17
OUTPUT,NaN,NaN,NaN,NaN,NaN,NaN

INPUT,0.420658558607101,0.0620114356279373,0.784393727779388,-2.53178334236145,2.92100858688354,-1.60116374492645,K,18
OUTPUT,NaN,NaN,NaN,NaN,NaN,NaN

INPUT,0.422749787569046,0.0625761523842812,0.787643611431122,-2.54136872291565,2.91683483123779,-1.59147346019745,K,19
OUTPUT,NaN,NaN,NaN,NaN,NaN,NaN

INPUT,0.423446863889694,0.0627643913030624,0.788726925849915,-2.54456543922424,2.91544818878174,-1.58824288845062,K,20
OUTPUT,NaN,NaN,NaN,NaN,NaN,NaN

INPUT,0.366595387458801,0.044807281345129,0.72106921672821,-2.33821105957031,3.05822110176086,-1.85431337356567,K,11
OUTPUT,NaN,NaN,NaN,NaN,NaN,NaN

INPUT,0.372208058834076,0.0460163317620754,0.732227325439453,-2.36599636077881,3.04873418807983,-1.8251166343689,K,12
OUTPUT,NaN,NaN,NaN,NaN,NaN,NaN

INPUT,0.377820760011673,0.0472253859043121,0.743385434150696,-2.39392423629761,3.0393226146698,-1.7960376739502,K,13
OUTPUT,NaN,NaN,NaN,NaN,NaN,NaN

INPUT,0.383433431386948,0.0484344363212585,0.754543542861938,-2.42196249961853,3.02999401092529,-1.76704156398773,K,14
OUTPUT,NaN,NaN,NaN,NaN,NaN,NaN

INPUT,0.389046102762222,0.0496434904634953,0.765701651573181,-2.4500892162323,3.02075576782227,-1.73810422420502,K,15
OUTPUT,NaN,NaN,NaN,NaN,NaN,NaN

INPUT,0.394097536802292,0.0507316365838051,0.775743961334229,-2.47546601295471,3.0125253200531,-1.71209645271301,K,16
OUTPUT,NaN,NaN,NaN,NaN,NaN,NaN

INPUT,0.398026406764984,0.0515779741108418,0.78355461359024,-2.4952392578125,3.0061821937561,-1.69188511371613,K,17
OUTPUT,NaN,NaN,NaN,NaN,NaN,NaN

INPUT,0.400832742452621,0.052182499319315,0.789133667945862,-2.50938010215759,3.00168442726135,-1.67745530605316,K,18
OUTPUT,NaN,NaN,NaN,NaN,NaN,NaN

INPUT,0.402516543865204,0.052545215934515,0.792481124401093,-2.51787137985229,2.99899935722351,-1.66879963874817,K,19
OUTPUT,NaN,NaN,NaN,NaN,NaN,NaN

INPUT,0.403077811002731,0.0526661202311516,0.793596923351288,-2.52070283889771,2.99810647964478,-1.66591477394104,K,20
OUTPUT,NaN,NaN,NaN,NaN,NaN,NaN

INPUT,0.378421992063522,0.0486807376146317,0.714308500289917,-2.3256459236145,3.00862002372742,-1.80172610282898,K,4
OUTPUT,NaN,NaN,NaN,NaN,NaN,NaN

INPUT,0.389358639717102,0.0517414137721062,0.728848218917847,-2.38373827934265,2.98317456245422,-1.74570107460022,K,5
OUTPUT,NaN,NaN,NaN,NaN,NaN,NaN

INPUT,0.400295287370682,0.0548020973801613,0.743387877941132,-2.44166159629822,2.95824360847473,-1.68927824497223,K,6
OUTPUT,NaN,NaN,NaN,NaN,NaN,NaN

INPUT,0.408801555633545,0.0571826249361038,0.754696488380432,-2.48667550086975,2.9392614364624,-1.64517891407013,K,7
OUTPUT,NaN,NaN,NaN,NaN,NaN,NaN

INPUT,0.414877474308014,0.0588830038905144,0.762774050235748,-2.51883125305176,2.92594528198242,-1.61357891559601,K,8
OUTPUT,NaN,NaN,NaN,NaN,NaN,NaN

INPUT,0.418523013591766,0.0599032305181026,0.767620623111725,-2.53813076019287,2.91805911064148,-1.59458136558533,K,9
OUTPUT,NaN,NaN,NaN,NaN,NaN,NaN

INPUT,0.366960644721985,0.0437233634293079,0.715664386749268,-2.33253407478333,3.05788826942444,-1.86273896694183,K,4
OUTPUT,NaN,NaN,NaN,NaN,NaN,NaN

INPUT,0.375905334949493,0.0456501543521881,0.73105388879776,-2.3819899559021,3.04160046577454,-1.80996298789978,K,5
OUTPUT,NaN,NaN,NaN,NaN,NaN,NaN

INPUT,0.384850025177002,0.0475769490003586,0.746443390846252,-2.43194913864136,3.02557325363159,-1.75760769844055,K,6
OUTPUT,NaN,NaN,NaN,NaN,NaN,NaN

INPUT,0.391806989908218,0.0490755662322044,0.758412957191467,-2.47087216377258,3.0133683681488,-1.71723735332489,K,7
OUTPUT,NaN,NaN,NaN,NaN,NaN,NaN

INPUT,0.396776258945465,0.050146009773016,0.766962707042694,-2.49860334396362,3.00482392311096,-1.6886340379715,K,8
OUTPUT,NaN,NaN,NaN,NaN,NaN,NaN

INPUT,0.399757832288742,0.0507882721722126,0.772092521190643,-2.51518678665161,2.99977540969849,-1.67157995700836,K,9
OUTPUT,NaN,NaN,NaN,NaN,NaN,NaN

INPUT,0.363730639219284,0.0384191572666168,0.725718796253204,-2.11425566673279,3.10721516609192,-1.60132598876953,K,4
OUTPUT,NaN,NaN,NaN,NaN,NaN,NaN

INPUT,0.370095610618591,0.0390914343297482,0.738741934299469,-2.15288615226746,3.10229516029358,-1.54649901390076,K,5
OUTPUT,NaN,NaN,NaN,NaN,NaN,NaN

INPUT,0.376460582017899,0.0397637113928795,0.751765072345734,-2.19331097602844,3.0974588394165,-1.49345755577087,K,6
OUTPUT,NaN,NaN,NaN,NaN,NaN,NaN

INPUT,0.381411135196686,0.0402865931391716,0.761894166469574,-2.22551321983337,3.09377574920654,-1.45321822166443,K,7
OUTPUT,NaN,NaN,NaN,NaN,NaN,NaN

INPUT,0.384947240352631,0.0406600795686245,0.769129276275635,-2.24875807762146,3.09119510650635,-1.42497038841248,K,8
OUTPUT,NaN,NaN,NaN,NaN,NaN,NaN

INPUT,0.387068897485733,0.0408841744065285,0.773470282554626,-2.26276326179504,3.0896692276001,-1.40821254253387,K,9
OUTPUT,NaN,NaN,NaN,NaN,NaN,NaN

INPUT,0.360674232244492,0.056956585496664,0.720376491546631,-1.7066148519516,3.02731776237488,-1.52066373825073,K,11
OUTPUT,NaN,NaN,NaN,NaN,NaN,NaN

INPUT,0.36558935046196,0.0595947280526161,0.731454610824585,-1.71675848960876,3.01394176483154,-1.50884664058685,K,12
OUTPUT,NaN,NaN,NaN,NaN,NaN,NaN

INPUT,0.370504468679428,0.0622328743338585,0.742532730102539,-1.72706317901611,3.0005898475647,-1.49718642234802,K,13
OUTPUT,NaN,NaN,NaN,NaN,NaN,NaN

INPUT,0.375419586896896,0.0648710131645203,0.753610849380493,-1.73748481273651,2.98726797103882,-1.48564410209656,K,14
OUTPUT,NaN,NaN,NaN,NaN,NaN,NaN

INPUT,0.380334705114365,0.0675091594457626,0.764688968658447,-1.74799275398254,2.97398209571838,-1.47419440746307,K,15
OUTPUT,NaN,NaN,NaN,NaN,NaN,NaN

INPUT,0.384758293628693,0.0698834881186485,0.774659276008606,-1.75750494003296,2.96206045150757,-1.46395444869995,K,16
OUTPUT,NaN,NaN,NaN,NaN,NaN,NaN

INPUT,0.388198882341385,0.0717301890254021,0.782413959503174,-1.76493084430695,2.95281410217285,-1.45602667331696,K,17
OUTPUT,NaN,NaN,NaN,NaN,NaN,NaN

INPUT,0.390656441450119,0.0730492621660233,0.787953019142151,-1.77024686336517,2.94622492790222,-1.45038151741028,K,18
OUTPUT,NaN,NaN,NaN,NaN,NaN,NaN

INPUT,0.392130970954895,0.0738407000899315,0.791276454925537,-1.77344036102295,2.94227766990662,-1.44700109958649,K,19
OUTPUT,NaN,NaN,NaN,NaN,NaN,NaN

INPUT,0.392622470855713,0.074104517698288,0.792384266853333,-1.77450549602509,2.94096302986145,-1.44587540626526,K,20
OUTPUT,NaN,NaN,NaN,NaN,NaN,NaN

INPUT,0.354930967092514,0.0366619788110256,0.732611656188965,0.805783689022064,3.12711095809937,1.66238069534302,K,12
OUTPUT,NaN,NaN,NaN,NaN,NaN,NaN

INPUT,0.358725309371948,0.0368864499032497,0.743809461593628,0.75618851184845,3.12562346458435,1.70293521881104,K,13
OUTPUT,NaN,NaN,NaN,NaN,NaN,NaN

INPUT,0.362519651651382,0.0371109209954739,0.755007266998291,0.707356214523315,3.12416815757751,1.74425375461578,K,14
OUTPUT,NaN,NaN,NaN,NaN,NaN,NaN

INPUT,0.366313993930817,0.037335392087698,0.766205072402954,0.659096598625183,3.12274813652039,1.78614616394043,K,15
OUTPUT,NaN,NaN,NaN,NaN,NaN,NaN

INPUT,0.369728893041611,0.0375374145805836,0.776283085346222,0.61604243516922,3.12150263786316,1.82422971725464,K,16
OUTPUT,NaN,NaN,NaN,NaN,NaN,NaN

INPUT,0.372384935617447,0.0376945436000824,0.784121572971344,0.582756698131561,3.12055659294128,1.8540518283844,K,17
OUTPUT,NaN,NaN,NaN,NaN,NaN,NaN

INPUT,0.374282091856003,0.0378067791461945,0.789720475673676,0.559072613716125,3.1198935508728,1.87544512748718,K,18
OUTPUT,NaN,NaN,NaN,NaN,NaN,NaN

INPUT,0.375420391559601,0.0378741174936295,0.793079793453217,0.544894933700562,3.11950087547302,1.88831400871277,K,19
OUTPUT,NaN,NaN,NaN,NaN,NaN,NaN

INPUT,0.375799834728241,0.037896566092968,0.794199585914612,0.540174126625061,3.11937093734741,1.89260876178741,K,20
OUTPUT,NaN,NaN,NaN,NaN,NaN,NaN

INPUT,0.361136049032211,0.0388212911784649,0.721682012081146,-2.45694136619568,3.10947442054749,-1.8316547870636,K,11
OUTPUT,NaN,NaN,NaN,NaN,NaN,NaN

INPUT,0.3661068379879,0.0393262170255184,0.732911348342896,-2.49207639694214,3.10593819618225,-1.79323697090149,K,12
OUTPUT,NaN,NaN,NaN,NaN,NaN,NaN

INPUT,0.371077656745911,0.0398311428725719,0.744140625,-2.52750825881958,3.10245013237,-1.75511133670807,K,13
OUTPUT,NaN,NaN,NaN,NaN,NaN,NaN

INPUT,0.376048475503922,0.0403360687196255,0.755369901657104,-2.56316161155701,3.0990149974823,-1.71720218658447,K,14
OUTPUT,NaN,NaN,NaN,NaN,NaN,NaN

INPUT,0.38101926445961,0.040840994566679,0.766599237918854,-2.59898495674133,3.09563755989075,-1.67945742607117,K,15
OUTPUT,NaN,NaN,NaN,NaN,NaN,NaN

INPUT,0.385493010282516,0.0412954278290272,0.776705622673035,-2.63134074211121,3.09265065193176,-1.64559721946716,K,16
OUTPUT,NaN,NaN,NaN,NaN,NaN,NaN

INPUT,0.388972580432892,0.0416488759219646,0.784566104412079,-2.65656805038452,3.09036445617676,-1.61932003498077,K,17
OUTPUT,NaN,NaN,NaN,NaN,NaN,NaN

INPUT,0.391457974910736,0.0419013388454914,0.790180742740631,-2.67461609840393,3.08875203132629,-1.60057723522186,K,18
OUTPUT,NaN,NaN,NaN,NaN,NaN,NaN

INPUT,0.392949223518372,0.0420528165996075,0.793549537658691,-2.68545532226563,3.08779335021973,-1.58934128284454,K,19
OUTPUT,NaN,NaN,NaN,NaN,NaN,NaN

INPUT,0.393446296453476,0.0421033091843128,0.79467248916626,-2.68906998634338,3.08747506141663,-1.58559739589691,K,20
OUTPUT,NaN,NaN,NaN,NaN,NaN,NaN

INPUT,0.366256028413773,0.0487027503550053,0.721503138542175,-2.01426291465759,3.06057024002075,-1.53620290756226,K,11
OUTPUT,NaN,NaN,NaN,NaN,NaN,NaN

INPUT,0.371829271316528,0.050370067358017,0.732711374759674,-2.04142570495605,3.05132150650024,-1.507075548172,K,12
OUTPUT,NaN,NaN,NaN,NaN,NaN,NaN

INPUT,0.377402484416962,0.052037388086319,0.743919670581818,-2.06878209114075,3.04214406013489,-1.47811818122864,K,13
OUTPUT,NaN,NaN,NaN,NaN,NaN,NaN

INPUT,0.382975727319717,0.0537047013640404,0.755127847194672,-2.0962860584259,3.03304553031921,-1.44928288459778,K,14
OUTPUT,NaN,NaN,NaN,NaN,NaN,NaN

INPUT,0.388548940420151,0.0553720220923424,0.76633608341217,-2.12390637397766,3.02403283119202,-1.42053604125977,K,15
OUTPUT,NaN,NaN,NaN,NaN,NaN,NaN

INPUT,0.393564850091934,0.0568726062774658,0.776423513889313,-2.148845911026,3.01600074768066,-1.39471995830536,K,16
OUTPUT,NaN,NaN,NaN,NaN,NaN,NaN

INPUT,0.397466123104095,0.058039728552103,0.784269273281097,-2.16828894615173,3.00980925559998,-1.37466871738434,K,17
OUTPUT,NaN,NaN,NaN,NaN,NaN,NaN

INPUT,0.400252729654312,0.058873388916254,0.789873421192169,-2.1821985244751,3.00541806221008,-1.3603583574295,K,18
OUTPUT,NaN,NaN,NaN,NaN,NaN,NaN

INPUT,0.401924699544907,0.0593735836446285,0.793235898017883,-2.19055223464966,3.0027961730957,-1.35177624225616,K,19
OUTPUT,NaN,NaN,NaN,NaN,NaN,NaN

INPUT,0.402482032775879,0.0595403164625168,0.79435670375824,-2.19333839416504,3.00192427635193,-1.34891605377197,K,20
OUTPUT,NaN,NaN,NaN,NaN,NaN,NaN

INPUT,0.371639370918274,0.0471112467348576,0.720411956310272,-2.23009324073792,3.04754853248596,-1.75646436214447,K,11
OUTPUT,NaN,NaN,NaN,NaN,NaN,NaN

INPUT,0.377845257520676,0.0485913269221783,0.731492757797241,-2.2572762966156,3.03681707382202,-1.72785425186157,K,12
OUTPUT,NaN,NaN,NaN,NaN,NaN,NaN

INPUT,0.3840511739254,0.050071407109499,0.742573618888855,-2.28460693359375,3.02616715431213,-1.69936060905457,K,13
OUTPUT,NaN,NaN,NaN,NaN,NaN,NaN

INPUT,0.390257030725479,0.0515514872968197,0.753654420375824,-2.31205248832703,3.01560688018799,-1.67094767093658,K,14
OUTPUT,NaN,NaN,NaN,NaN,NaN,NaN

INPUT,0.396462917327881,0.0530315674841404,0.764735221862793,-2.33959102630615,3.00514483451843,-1.6425906419754,K,15
OUTPUT,NaN,NaN,NaN,NaN,NaN,NaN

INPUT,0.402048230171204,0.0543636381626129,0.774707973003387,-2.3644425868988,2.99581933021545,-1.61710214614868,K,16
OUTPUT,NaN,NaN,NaN,NaN,NaN,NaN

INPUT,0.406392335891724,0.0553996972739697,0.782464563846588,-2.38380980491638,2.98862981796265,-1.59729278087616,K,17
OUTPUT,NaN,NaN,NaN,NaN,NaN,NaN

INPUT,0.409495294094086,0.0561397336423397,0.788004994392395,-2.39766263961792,2.98353004455566,-1.58314907550812,K,18
OUTPUT,NaN,NaN,NaN,NaN,NaN,NaN

INPUT,0.411357045173645,0.056583758443594,0.791329205036163,-2.40598130226135,2.9804847240448,-1.57466435432434,K,19
OUTPUT,NaN,NaN,NaN,NaN,NaN,NaN

INPUT,0.411977648735046,0.0567317679524422,0.792437314987183,-2.4087553024292,2.97947216033936,-1.57183647155762,K,20
OUTPUT,NaN,NaN,NaN,NaN,NaN,NaN

INPUT,0.358477503061295,0.047831617295742,0.7215176820755,-1.98871672153473,3.06813907623291,-1.5952216386795,K,11
OUTPUT,NaN,NaN,NaN,NaN,NaN,NaN

INPUT,0.363135457038879,0.049396675080061,0.732727646827698,-2.01081085205078,3.05969905853271,-1.57099831104279,K,12
OUTPUT,NaN,NaN,NaN,NaN,NaN,NaN

INPUT,0.367793411016464,0.0509617328643799,0.743937611579895,-2.03311133384705,3.0513026714325,-1.54696536064148,K,13
OUTPUT,NaN,NaN,NaN,NaN,NaN,NaN

INPUT,0.372451364994049,0.0525267869234085,0.755147576332092,-2.05556726455688,3.04295468330383,-1.52307081222534,K,14
OUTPUT,NaN,NaN,NaN,NaN,NaN,NaN

INPUT,0.377109318971634,0.0540918447077274,0.76635754108429,-2.07814502716064,3.03465962409973,-1.49927842617035,K,15
OUTPUT,NaN,NaN,NaN,NaN,NaN,NaN

INPUT,0.381301462650299,0.0555003955960274,0.776446521282196,-2.09854865074158,3.02724289894104,-1.47793161869049,K,16
OUTPUT,NaN,NaN,NaN,NaN,NaN,NaN

INPUT,0.38456204533577,0.0565959364175797,0.784293472766876,-2.1144642829895,3.02150845527649,-1.46136248111725,K,17
OUTPUT,NaN,NaN,NaN,NaN,NaN,NaN

INPUT,0.386891007423401,0.057378463447094,0.789898455142975,-2.1258544921875,3.01743173599243,-1.44954252243042,K,18
OUTPUT,NaN,NaN,NaN,NaN,NaN,NaN

INPUT,0.388288408517838,0.0578479804098606,0.793261468410492,-2.13269639015198,3.01499366760254,-1.44245576858521,K,19
OUTPUT,NaN,NaN,NaN,NaN,NaN,NaN

INPUT,0.388754189014435,0.0580044873058796,0.794382452964783,-2.13497853279114,3.01418232917786,-1.44009435176849,K,20
OUTPUT,NaN,NaN,NaN,NaN,NaN,NaN

INPUT,0.363030612468719,0.0514630489051342,0.720566868782043,-1.93617260456085,3.04081726074219,-1.50525331497192,K,11
OUTPUT,NaN,NaN,NaN,NaN,NaN,NaN

INPUT,0.368223786354065,0.0534551441669464,0.731665909290314,-1.96070885658264,3.02924275398254,-1.47901690006256,K,12
OUTPUT,NaN,NaN,NaN,NaN,NaN,NaN

INPUT,0.373416990041733,0.0554472394287586,0.742764949798584,-1.9854199886322,3.01774024963379,-1.45292222499847,K,13
OUTPUT,NaN,NaN,NaN,NaN,NaN,NaN

INPUT,0.378610134124756,0.0574393272399902,0.753863990306854,-2.01026606559753,3.00631785392761,-1.426926612854,K,14
OUTPUT,NaN,NaN,NaN,NaN,NaN,NaN

INPUT,0.383803337812424,0.0594314225018024,0.764963030815125,-2.03522109985352,2.99498224258423,-1.40100049972534,K,15
OUTPUT,NaN,NaN,NaN,NaN,NaN,NaN

INPUT,0.388477176427841,0.0612243078649044,0.774952173233032,-2.05775809288025,2.98486113548279,-1.37770879268646,K,16
OUTPUT,NaN,NaN,NaN,NaN,NaN,NaN

INPUT,0.392112404108047,0.0626187697052956,0.782721519470215,-2.07533144950867,2.97704553604126,-1.3596123456955,K,17
OUTPUT,NaN,NaN,NaN,NaN,NaN,NaN

INPUT,0.39470899105072,0.0636148154735565,0.788271069526672,-2.0879054069519,2.97149467468262,-1.34669399261475,K,18
OUTPUT,NaN,NaN,NaN,NaN,NaN,NaN

INPUT,0.396266967058182,0.0642124488949776,0.79160076379776,-2.0954577922821,2.968177318573,-1.33894538879395,K,19
OUTPUT,NaN,NaN,NaN,NaN,NaN,NaN

INPUT,0.396786272525787,0.0644116550683975,0.792710661888123,-2.09797668457031,2.96707367897034,-1.33636283874512,K,20
OUTPUT,NaN,NaN,NaN,NaN,NaN,NaN

INPUT,0.379930257797241,0.0482927300035954,0.718842923641205,-2.36599683761597,3.00195240974426,-1.8024435043335,K,11
OUTPUT,NaN,NaN,NaN,NaN,NaN,NaN

INPUT,0.387110829353333,0.0499115996062756,0.729740500450134,-2.3988037109375,2.98613786697388,-1.7687212228775,K,12
OUTPUT,NaN,NaN,NaN,NaN,NaN,NaN

INPUT,0.394291400909424,0.0515304729342461,0.740638077259064,-2.4317352771759,2.97049474716187,-1.73504197597504,K,13
OUTPUT,NaN,NaN,NaN,NaN,NaN,NaN

INPUT,0.401471972465515,0.0531493425369263,0.751535654067993,-2.46477365493774,2.95504093170166,-1.70138072967529,K,14
OUTPUT,NaN,NaN,NaN,NaN,NaN,NaN

INPUT,0.408652573823929,0.0547682158648968,0.762433230876923,-2.49790692329407,2.93979334831238,-1.66771864891052,K,15
OUTPUT,NaN,NaN,NaN,NaN,NaN,NaN

INPUT,0.415115088224411,0.0562252029776573,0.772241055965424,-2.52780246734619,2.92626166343689,-1.63741087913513,K,16
OUTPUT,NaN,NaN,NaN,NaN,NaN,NaN

INPUT,0.420141488313675,0.0573584139347076,0.779869318008423,-2.55110168457031,2.91587042808533,-1.61382496356964,K,17
OUTPUT,NaN,NaN,NaN,NaN,NaN,NaN

INPUT,0.423731774091721,0.0581678487360477,0.78531813621521,-2.56776833534241,2.90852308273315,-1.59696888923645,K,18
OUTPUT,NaN,NaN,NaN,NaN,NaN,NaN

INPUT,0.425885945558548,0.0586535111069679,0.788587391376495,-2.57777810096741,2.90414571762085,-1.58685111999512,K,19
OUTPUT,NaN,NaN,NaN,NaN,NaN,NaN

INPUT,0.426604002714157,0.0588153973221779,0.789677143096924,-2.58111619949341,2.90269184112549,-1.5834778547287,K,20
OUTPUT,NaN,NaN,NaN,NaN,NaN,NaN

INPUT,0.369449704885483,0.0587774738669395,0.729853451251984,-1.72708165645599,3.00373005867004,-1.50894713401794,K,5
OUTPUT,NaN,NaN,NaN,NaN,NaN,NaN

INPUT,0.377501636743546,0.0628900155425072,0.745308995246887,-1.74343681335449,2.98105049133301,-1.48554408550262,K,6
OUTPUT,NaN,NaN,NaN,NaN,NaN,NaN

INPUT,0.383764237165451,0.0660886615514755,0.757329940795898,-1.75678908824921,2.96346831321716,-1.46795046329498,K,7
OUTPUT,NaN,NaN,NaN,NaN,NaN,NaN

INPUT,0.388237506151199,0.068373404443264,0.765916287899017,-1.76656818389893,2.95094966888428,-1.45562195777893,K,8
OUTPUT,NaN,NaN,NaN,NaN,NaN,NaN

INPUT,0.390921473503113,0.0697442516684532,0.771068155765533,-1.77251267433167,2.94345712661743,-1.44830322265625,K,9
OUTPUT,NaN,NaN,NaN,NaN,NaN,NaN

INPUT,0.369895875453949,0.0393320992588997,0.731238603591919,-2.52155542373657,3.10306024551392,-1.78124952316284,K,5
OUTPUT,NaN,NaN,NaN,NaN,NaN,NaN

INPUT,0.378023773431778,0.0401594527065754,0.746885359287262,-2.58070373535156,3.09727692604065,-1.70967268943787,K,6
OUTPUT,NaN,NaN,NaN,NaN,NaN,NaN

INPUT,0.384345471858978,0.0408029481768608,0.759055018424988,-2.62772011756897,3.09290742874146,-1.65500283241272,K,7
OUTPUT,NaN,NaN,NaN,NaN,NaN,NaN

INPUT,0.38886097073555,0.0412625856697559,0.767747640609741,-2.66169786453247,3.08986234664917,-1.6163409948349,K,8
OUTPUT,NaN,NaN,NaN,NaN,NaN,NaN

INPUT,0.391570270061493,0.0415383689105511,0.772963225841522,-2.68221259117126,3.08806777000427,-1.59326946735382,K,9
OUTPUT,NaN,NaN,NaN,NaN,NaN,NaN

INPUT,0.366812080144882,0.0472785048186779,0.715968787670135,-2.01727986335754,3.05970644950867,-1.55345821380615,K,4
OUTPUT,NaN,NaN,NaN,NaN,NaN,NaN

INPUT,0.375824362039566,0.0499255247414112,0.731475949287415,-2.06236553192139,3.04397201538086,-1.49748170375824,K,5
OUTPUT,NaN,NaN,NaN,NaN,NaN,NaN

INPUT,0.38483664393425,0.0525725483894348,0.746983170509338,-2.10899186134338,3.02848482131958,-1.44296884536743,K,6
OUTPUT,NaN,NaN,NaN,NaN,NaN,NaN

INPUT,0.391846209764481,0.0546313412487507,0.759044289588928,-2.14579749107361,3.01668620109558,-1.40138757228851,K,7
OUTPUT,NaN,NaN,NaN,NaN,NaN,NaN

INPUT,0.396853029727936,0.0561019070446491,0.767659425735474,-2.17220520973206,3.0084228515625,-1.3720988035202,K,8
OUTPUT,NaN,NaN,NaN,NaN,NaN,NaN

INPUT,0.399857133626938,0.0569842495024204,0.77282851934433,-2.1880567073822,3.00353908538818,-1.35469079017639,K,9
OUTPUT,NaN,NaN,NaN,NaN,NaN,NaN

INPUT,0.372048169374466,0.0457052402198315,0.715416371822357,-2.22393417358398,3.04680681228638,-1.76465785503387,K,4
OUTPUT,NaN,NaN,NaN,NaN,NaN,NaN

INPUT,0.381982564926147,0.0480523630976677,0.730579555034637,-2.27251887321472,3.0284788608551,-1.71300947666168,K,5
OUTPUT,NaN,NaN,NaN,NaN,NaN,NaN

INPUT,0.391916990280151,0.0503994859755039,0.745742797851563,-2.32157969474792,3.01043438911438,-1.66173374652863,K,6
OUTPUT,NaN,NaN,NaN,NaN,NaN,NaN

INPUT,0.399643748998642,0.0522250235080719,0.757536351680756,-2.3598039150238,2.9966835975647,-1.62216973304749,K,7
OUTPUT,NaN,NaN,NaN,NaN,NaN,NaN

INPUT,0.405162870883942,0.0535289794206619,0.765960395336151,-2.38704299926758,2.9870502948761,-1.59412312507629,K,8
OUTPUT,NaN,NaN,NaN,NaN,NaN,NaN

INPUT,0.40847435593605,0.054311353713274,0.771014809608459,-2.40333533287048,2.98135542869568,-1.57739448547363,K,9
OUTPUT,NaN,NaN,NaN,NaN,NaN,NaN

INPUT,0.366546511650085,0.0490046367049217,0.731074929237366,-2.0291805267334,3.05310225486755,-1.5642637014389,K,5
OUTPUT,NaN,NaN,NaN,NaN,NaN,NaN

INPUT,0.374052077531815,0.0514714904129505,0.746724009513855,-2.06658554077148,3.03887510299683,-1.5186083316803,K,6
OUTPUT,NaN,NaN,NaN,NaN,NaN,NaN

INPUT,0.379889726638794,0.0533901527523994,0.758895516395569,-2.09632134437561,3.02796125411987,-1.48388838768005,K,7
OUTPUT,NaN,NaN,NaN,NaN,NaN,NaN

INPUT,0.384059488773346,0.0547606274485588,0.767589449882507,-2.11775994300842,3.02026748657227,-1.45944702625275,K,8
OUTPUT,NaN,NaN,NaN,NaN,NaN,NaN

INPUT,0.386561334133148,0.0555829107761383,0.77280580997467,-2.13067007064819,3.01569747924805,-1.44491612911224,K,9
OUTPUT,NaN,NaN,NaN,NaN,NaN,NaN

INPUT,0.371834099292755,0.0527645349502563,0.730206668376923,-1.97979998588562,3.02020502090454,-1.47105169296265,K,5
OUTPUT,NaN,NaN,NaN,NaN,NaN,NaN

INPUT,0.380187898874283,0.0558770708739758,0.745617508888245,-2.02177238464355,3.00071835517883,-1.4216650724411,K,6
OUTPUT,NaN,NaN,NaN,NaN,NaN,NaN

INPUT,0.386685311794281,0.0582979246973991,0.757603704929352,-2.05497670173645,2.98581480979919,-1.3839807510376,K,7
OUTPUT,NaN,NaN,NaN,NaN,NaN,NaN

INPUT,0.39132633805275,0.0600271113216877,0.766165316104889,-2.07884526252747,2.97533869743347,-1.35741293430328,K,8
OUTPUT,NaN,NaN,NaN,NaN,NaN,NaN

INPUT,0.394110947847366,0.0610646195709705,0.771302223205566,-2.09319281578064,2.96912980079651,-1.34160840511322,K,9
OUTPUT,NaN,NaN,NaN,NaN,NaN,NaN

INPUT,0.380447804927826,0.0464100502431393,0.715495347976685,-2.34918832778931,3.00035881996155,-1.80318653583527,K,4
OUTPUT,NaN,NaN,NaN,NaN,NaN,NaN

INPUT,0.391604542732239,0.0490278601646423,0.729987978935242,-2.41108131408691,2.97360277175903,-1.74592554569244,K,5
OUTPUT,NaN,NaN,NaN,NaN,NaN,NaN

INPUT,0.402761250734329,0.0516456663608551,0.744480550289154,-2.47247719764709,2.94744086265564,-1.68790185451508,K,6
OUTPUT,NaN,NaN,NaN,NaN,NaN,NaN

INPUT,0.411438703536987,0.0536817386746407,0.755752563476563,-2.5200514793396,2.9275643825531,-1.64238822460175,K,7
OUTPUT,NaN,NaN,NaN,NaN,NaN,NaN

INPUT,0.417636871337891,0.055136077105999,0.763804018497467,-2.55398416519165,2.91364622116089,-1.60971009731293,K,8
OUTPUT,NaN,NaN,NaN,NaN,NaN,NaN

INPUT,0.421355783939362,0.0560086779296398,0.768634915351868,-2.57433390617371,2.90541505813599,-1.59004294872284,K,9
OUTPUT,NaN,NaN,NaN,NaN,NaN,NaN

INPUT,0.360800445079803,0.0370684936642647,0.736553847789764,0.776970505714417,3.12593698501587,1.72690773010254,K,5
OUTPUT,NaN,NaN,NaN,NaN,NaN,NaN

INPUT,0.366337418556213,0.0374488793313503,0.750108063220978,0.68872457742691,3.12348866462708,1.78355801105499,K,6
OUTPUT,NaN,NaN,NaN,NaN,NaN,NaN

INPUT,0.370643973350525,0.0377447307109833,0.760650277137756,0.622727334499359,3.12164711952209,1.83025991916656,K,7
OUTPUT,NaN,NaN,NaN,NaN,NaN,NaN

INPUT,0.373720049858093,0.0379560552537441,0.768180370330811,0.576597213745117,3.12036919593811,1.86463046073914,K,8
OUTPUT,NaN,NaN,NaN,NaN,NaN,NaN

INPUT,0.375565737485886,0.0380828492343426,0.77269846200943,0.549243986606598,3.11961841583252,1.88557827472687,K,9
OUTPUT,NaN,NaN,NaN,NaN,NaN,NaN

INPUT,0.363735347986221,0.0410659275949001,0.73238879442215,-2.09084582328796,3.11367702484131,-1.724649310112,K,12
OUTPUT,NaN,NaN,NaN,NaN,NaN,NaN

INPUT,0.36845663189888,0.0417538024485111,0.743563115596771,-2.10787558555603,3.11083817481995,-1.70302248001099,K,13
OUTPUT,NaN,NaN,NaN,NaN,NaN,NaN

INPUT,0.373177915811539,0.0424416773021221,0.754737436771393,-2.12525463104248,3.10801696777344,-1.68183028697968,K,14
OUTPUT,NaN,NaN,NaN,NaN,NaN,NaN

INPUT,0.377899199724197,0.0431295521557331,0.765911757946014,-2.14287638664246,3.10521650314331,-1.66099417209625,K,15
OUTPUT,NaN,NaN,NaN,NaN,NaN,NaN

INPUT,0.38214835524559,0.0437486432492733,0.775968670845032,-2.15887713432312,3.10271620750427,-1.64250338077545,K,16
OUTPUT,NaN,NaN,NaN,NaN,NaN,NaN

INPUT,0.385453253984451,0.044230155646801,0.783790707588196,-2.17138457298279,3.10078620910645,-1.62827587127686,K,17
OUTPUT,NaN,NaN,NaN,NaN,NaN,NaN

INPUT,0.387813895940781,0.0445740930736065,0.789377808570862,-2.18034052848816,3.09941601753235,-1.61819040775299,K,18
OUTPUT,NaN,NaN,NaN,NaN,NaN,NaN

INPUT,0.389230281114578,0.0447804555296898,0.792730152606964,-2.18572020530701,3.09859752655029,-1.61216878890991,K,19
OUTPUT,NaN,NaN,NaN,NaN,NaN,NaN

INPUT,0.389702409505844,0.0448492430150509,0.793847560882568,-2.18751430511475,3.09832525253296,-1.61016654968262,K,20
OUTPUT,NaN,NaN,NaN,NaN,NaN,NaN

INPUT,0.371760636568069,0.0504881143569946,0.720294117927551,-2.12708926200867,3.03845763206482,-1.65862452983856,K,11
OUTPUT,NaN,NaN,NaN,NaN,NaN,NaN

INPUT,0.377978563308716,0.0523649379611015,0.73136442899704,-2.15387010574341,3.02667117118835,-1.63019931316376,K,12
OUTPUT,NaN,NaN,NaN,NaN,NaN,NaN

INPUT,0.384196490049362,0.0542417578399181,0.742434799671173,-2.18082189559937,3.01497197151184,-1.60190749168396,K,13
OUTPUT,NaN,NaN,NaN,NaN,NaN,NaN

INPUT,0.390414416790009,0.056118581444025,0.753505110740662,-2.20790672302246,3.00336909294128,-1.57370829582214,K,14
OUTPUT,NaN,NaN,NaN,NaN,NaN,NaN

INPUT,0.396632343530655,0.0579954013228416,0.76457542181015,-2.23509979248047,2.99187159538269,-1.54557275772095,K,15
OUTPUT,NaN,NaN,NaN,NaN,NaN,NaN

INPUT,0.402228474617004,0.0596845410764217,0.77453875541687,-2.25965118408203,2.98162126541138,-1.52028810977936,K,16
OUTPUT,NaN,NaN,NaN,NaN,NaN,NaN

INPUT,0.40658101439476,0.0609983168542385,0.782288014888763,-2.27879166603088,2.97371697425842,-1.50063896179199,K,17
OUTPUT,NaN,NaN,NaN,NaN,NaN,NaN

INPUT,0.409689992666245,0.061936728656292,0.787823140621185,-2.29248523712158,2.96810936927795,-1.48661017417908,K,18
OUTPUT,NaN,NaN,NaN,NaN,NaN,NaN

INPUT,0.411555349826813,0.0624997727572918,0.791144251823425,-2.30070972442627,2.96476054191589,-1.47819471359253,K,19
OUTPUT,NaN,NaN,NaN,NaN,NaN,NaN

INPUT,0.41217714548111,0.0626874566078186,0.792251288890839,-2.30345249176025,2.96364688873291,-1.47538983821869,K,20
OUTPUT,NaN,NaN,NaN,NaN,NaN,NaN

INPUT,0.366133004426956,0.0498227663338184,0.720397174358368,-2.11218857765198,3.05463266372681,-1.81749641895294,K,11
OUTPUT,NaN,NaN,NaN,NaN,NaN,NaN

INPUT,0.371691077947617,0.0516218654811382,0.731476247310638,-2.12882304191589,3.04452753067017,-1.79927253723145,K,12
OUTPUT,NaN,NaN,NaN,NaN,NaN,NaN

INPUT,0.377249151468277,0.0534209609031677,0.742555320262909,-2.1455934047699,3.03446507453918,-1.78121340274811,K,13
OUTPUT,NaN,NaN,NaN,NaN,NaN,NaN

INPUT,0.382807195186615,0.0552200563251972,0.753634393215179,-2.16245031356812,3.02445459365845,-1.76329052448273,K,14
OUTPUT,NaN,NaN,NaN,NaN,NaN,NaN

INPUT,0.388365268707275,0.057019155472517,0.76471346616745,-2.17935681343079,3.01450562477112,-1.74548780918121,K,15
OUTPUT,NaN,NaN,NaN,NaN,NaN,NaN

INPUT,0.393367528915405,0.0586383454501629,0.774684607982635,-2.19459056854248,3.00561141967773,-1.72956085205078,K,16
OUTPUT,NaN,NaN,NaN,NaN,NaN,NaN

INPUT,0.397258162498474,0.0598977133631706,0.782440006732941,-2.20643925666809,2.9987370967865,-1.71723413467407,K,17
OUTPUT,NaN,NaN,NaN,NaN,NaN,NaN

INPUT,0.400037199258804,0.0607972629368305,0.787979543209076,-2.21489834785461,2.99385213851929,-1.70846152305603,K,18
OUTPUT,NaN,NaN,NaN,NaN,NaN,NaN

INPUT,0.401704609394073,0.0613369904458523,0.791303217411041,-2.21997094154358,2.99093174934387,-1.70321094989777,K,19
OUTPUT,NaN,NaN,NaN,NaN,NaN,NaN

INPUT,0.402260422706604,0.0615168996155262,0.792411148548126,-2.22166109085083,2.98995995521545,-1.70146298408508,K,20
OUTPUT,NaN,NaN,NaN,NaN,NaN,NaN

INPUT,0.370997786521912,0.0536163114011288,0.719361543655396,-2.14337730407715,3.02819395065308,-1.80219638347626,K,11
OUTPUT,NaN,NaN,NaN,NaN,NaN,NaN

INPUT,0.377126514911652,0.0558610334992409,0.730321884155273,-2.16292762756348,3.01501321792603,-1.78127181529999,K,12
OUTPUT,NaN,NaN,NaN,NaN,NaN,NaN

INPUT,0.383255273103714,0.0581057593226433,0.741282284259796,-2.18258833885193,3.00190806388855,-1.76049709320068,K,13
OUTPUT,NaN,NaN,NaN,NaN,NaN,NaN

INPUT,0.389384001493454,0.0603504776954651,0.752242624759674,-2.20230937004089,2.98889493942261,-1.73985493183136,K,14
OUTPUT,NaN,NaN,NaN,NaN,NaN,NaN

INPUT,0.395512759685516,0.0625952035188675,0.763202965259552,-2.22205138206482,2.97599005699158,-1.71933841705322,K,15
OUTPUT,NaN,NaN,NaN,NaN,NaN,NaN

INPUT,0.401028603315353,0.0646154507994652,0.7730672955513,-2.23981022834778,2.96448135375977,-1.70098090171814,K,16
OUTPUT,NaN,NaN,NaN,NaN,NaN,NaN

INPUT,0.405318737030029,0.0661867633461952,0.780739545822144,-2.25360345840454,2.95560669898987,-1.68677484989166,K,17
OUTPUT,NaN,NaN,NaN,NaN,NaN,NaN

INPUT,0.408383101224899,0.0673091188073158,0.786219716072083,-2.26343989372253,2.94931149482727,-1.67666745185852,K,18
OUTPUT,NaN,NaN,NaN,NaN,NaN,NaN

INPUT,0.410221725702286,0.0679825395345688,0.789507806301117,-2.26933407783508,2.94555282592773,-1.67061936855316,K,19
OUTPUT,NaN,NaN,NaN,NaN,NaN,NaN

INPUT,0.410834610462189,0.0682070106267929,0.790603876113892,-2.27129745483398,2.94430303573608,-1.66860616207123,K,20
OUTPUT,NaN,NaN,NaN,NaN,NaN,NaN

INPUT,0.377643316984177,0.0424774214625359,0.719126582145691,-2.42299747467041,3.02511429786682,-1.65266144275665,K,11
OUTPUT,NaN,NaN,NaN,NaN,NaN,NaN

INPUT,0.384555995464325,0.0434123687446117,0.730056047439575,-2.46786093711853,3.01231122016907,-1.60668396949768,K,12
OUTPUT,NaN,NaN,NaN,NaN,NaN,NaN

INPUT,0.391468703746796,0.0443473160266876,0.740985512733459,-2.51286125183105,2.99977397918701,-1.56076848506927,K,13
OUTPUT,NaN,NaN,NaN,NaN,NaN,NaN

INPUT,0.398381382226944,0.0452822633087635,0.751914978027344,-2.55797505378723,2.98752927780151,-1.51488673686981,K,14
OUTPUT,NaN,NaN,NaN,NaN,NaN,NaN

INPUT,0.405294090509415,0.0462172105908394,0.762844443321228,-2.603187084198,2.97560238838196,-1.46901822090149,K,15
OUTPUT,NaN,NaN,NaN,NaN,NaN,NaN

INPUT,0.411515533924103,0.0470586642622948,0.772680997848511,-2.64395308494568,2.96516060829163,-1.42773592472076,K,16
OUTPUT,NaN,NaN,NaN,NaN,NaN,NaN

INPUT,0.416354417800903,0.0477131269872189,0.780331611633301,-2.675705909729,2.95724272727966,-1.39562165737152,K,17
OUTPUT,NaN,NaN,NaN,NaN,NaN,NaN

INPUT,0.419810742139816,0.0481806024909019,0.785796344280243,-2.69840979576111,2.95170116424561,-1.37267780303955,K,18
OUTPUT,NaN,NaN,NaN,NaN,NaN,NaN

INPUT,0.421884566545486,0.0484610870480537,0.789075136184692,-2.71204090118408,2.94842338562012,-1.35890913009644,K,19
OUTPUT,NaN,NaN,NaN,NaN,NaN,NaN

INPUT,0.422575831413269,0.0485545806586742,0.790168106555939,-2.71658611297607,2.94733858108521,-1.35431897640228,K,20
OUTPUT,NaN,NaN,NaN,NaN,NaN,NaN

INPUT,0.372193962335587,0.0487676858901978,0.71532928943634,-2.1226978302002,3.03742074966431,-1.66884255409241,K,4
OUTPUT,NaN,NaN,NaN,NaN,NaN,NaN

INPUT,0.38215097784996,0.0517556890845299,0.730480432510376,-2.16991138458252,3.01734924316406,-1.61677086353302,K,5
OUTPUT,NaN,NaN,NaN,NaN,NaN,NaN

INPUT,0.392107993364334,0.054743692278862,0.745631635189056,-2.21785759925842,2.99758291244507,-1.56530892848969,K,6
OUTPUT,NaN,NaN,NaN,NaN,NaN,NaN

INPUT,0.399852305650711,0.057067696005106,0.757415890693665,-2.25533843040466,2.98251485824585,-1.52570044994354,K,7
OUTPUT,NaN,NaN,NaN,NaN,NaN,NaN

INPUT,0.405383974313736,0.0587276965379715,0.765833258628845,-2.28209757804871,2.97195529937744,-1.49765765666962,K,8
OUTPUT,NaN,NaN,NaN,NaN,NaN,NaN

INPUT,0.408702999353409,0.0597236976027489,0.770883619785309,-2.29812002182007,2.96571183204651,-1.48094213008881,K,9
OUTPUT,NaN,NaN,NaN,NaN,NaN,NaN

INPUT,0.375545382499695,0.0511704310774803,0.730144560337067,-2.13779401779175,3.03685879707336,-1.79054033756256,K,5
OUTPUT,NaN,NaN,NaN,NaN,NaN,NaN

INPUT,0.384503871202469,0.054029930382967,0.745443165302277,-2.16779541969299,3.01982760429382,-1.7581958770752,K,6
OUTPUT,NaN,NaN,NaN,NaN,NaN,NaN

INPUT,0.391471594572067,0.0562539808452129,0.757342040538788,-2.1913149356842,3.00668430328369,-1.73326337337494,K,7
OUTPUT,NaN,NaN,NaN,NaN,NaN,NaN

INPUT,0.396448522806168,0.0578425899147987,0.765841245651245,-2.2081663608551,2.99736618995667,-1.71556162834167,K,8
OUTPUT,NaN,NaN,NaN,NaN,NaN,NaN

INPUT,0.399434685707092,0.0587957538664341,0.770940780639648,-2.21828699111938,2.99180722236633,-1.70498239994049,K,9
OUTPUT,NaN,NaN,NaN,NaN,NaN,NaN

INPUT,0.371344953775406,0.0516511388123035,0.714339315891266,-2.13565850257874,3.02740359306335,-1.80645191669464,K,4
OUTPUT,NaN,NaN,NaN,NaN,NaN,NaN

INPUT,0.381129175424576,0.0552402250468731,0.72933554649353,-2.17143273353577,3.0050835609436,-1.76982951164246,K,5
OUTPUT,NaN,NaN,NaN,NaN,NaN,NaN

INPUT,0.390913426876068,0.0588293112814426,0.744331836700439,-2.20738077163696,2.9829421043396,-1.73327076435089,K,6
OUTPUT,NaN,NaN,NaN,NaN,NaN,NaN

INPUT,0.398523360490799,0.0616208240389824,0.755995571613312,-2.23537063598633,2.96590328216553,-1.70491242408752,K,7
OUTPUT,NaN,NaN,NaN,NaN,NaN,NaN

INPUT,0.403959065675735,0.0636147633194923,0.764326810836792,-2.25534439086914,2.95385599136353,-1.68471670150757,K,8
OUTPUT,NaN,NaN,NaN,NaN,NaN,NaN

INPUT,0.407220482826233,0.0648111253976822,0.76932555437088,-2.26731204986572,2.94668364524841,-1.67262947559357,K,9
OUTPUT,NaN,NaN,NaN,NaN,NaN,NaN

INPUT,0.377925157546997,0.041279211640358,0.714949607849121,-2.41430044174194,3.02445292472839,-1.66544222831726,K,4
OUTPUT,NaN,NaN,NaN,NaN,NaN,NaN

INPUT,0.388813436031342,0.0427836701273918,0.729665875434875,-2.49365210533142,3.0026638507843,-1.58277356624603,K,5
OUTPUT,NaN,NaN,NaN,NaN,NaN,NaN

INPUT,0.399701684713364,0.0442881248891354,0.744382083415985,-2.573566198349,2.9817841053009,-1.50042676925659,K,6
OUTPUT,NaN,NaN,NaN,NaN,NaN,NaN

INPUT,0.408170312643051,0.0454582571983337,0.755828022956848,-2.63600826263428,2.96626234054565,-1.43648433685303,K,7
OUTPUT,NaN,NaN,NaN,NaN,NaN,NaN

INPUT,0.414219349622726,0.046294067054987,0.764003753662109,-2.68073630332947,2.95559859275818,-1.39083468914032,K,8
OUTPUT,NaN,NaN,NaN,NaN,NaN,NaN

INPUT,0.417848765850067,0.046795554459095,0.768909156322479,-2.70761847496033,2.94938039779663,-1.36344790458679,K,9
OUTPUT,NaN,NaN,NaN,NaN,NaN,NaN

INPUT,0.364291459321976,0.0403304398059845,0.724688947200775,-2.09484362602234,3.11344861984253,-1.75239515304565,K,4
OUTPUT,NaN,NaN,NaN,NaN,NaN,NaN

INPUT,0.37088543176651,0.041339784860611,0.737706482410431,-2.1171338558197,3.10939478874207,-1.71241271495819,K,5
OUTPUT,NaN,NaN,NaN,NaN,NaN,NaN

INPUT,0.377479434013367,0.0423491336405277,0.750724017620087,-2.14139866828918,3.10537028312683,-1.67440092563629,K,6
OUTPUT,NaN,NaN,NaN,NaN,NaN,NaN

INPUT,0.382608085870743,0.0431341826915741,0.760848760604858,-2.16120982170105,3.10226821899414,-1.64584910869598,K,7
OUTPUT,NaN,NaN,NaN,NaN,NaN,NaN

INPUT,0.386271417140961,0.0436949320137501,0.768080711364746,-2.1757276058197,3.10007071495056,-1.62589621543884,K,8
OUTPUT,NaN,NaN,NaN,NaN,NaN,NaN

INPUT,0.38846942782402,0.0440313816070557,0.772419929504395,-2.18455505371094,3.0987606048584,-1.61408066749573,K,9
OUTPUT,NaN,NaN,NaN,NaN,NaN,NaN

INPUT,0.368812412023544,0.04082390666008,0.720575273036957,-2.18692946434021,3.08206796646118,-1.80486905574799,K,11
OUTPUT,NaN,NaN,NaN,NaN,NaN,NaN

INPUT,0.374685853719711,0.0415642559528351,0.731675386428833,-2.20828104019165,3.07525324821472,-1.78126537799835,K,12
OUTPUT,NaN,NaN,NaN,NaN,NaN,NaN

INPUT,0.380559295415878,0.0423046052455902,0.742775499820709,-2.22984719276428,3.06847190856934,-1.7578661441803,K,13
OUTPUT,NaN,NaN,NaN,NaN,NaN,NaN

INPUT,0.386432737112045,0.0430449545383453,0.753875613212585,-2.25157403945923,3.06172728538513,-1.73461627960205,K,14
OUTPUT,NaN,NaN,NaN,NaN,NaN,NaN

INPUT,0.39230614900589,0.0437853038311005,0.764975726604462,-2.27342510223389,3.05502319335938,-1.71147882938385,K,15
OUTPUT,NaN,NaN,NaN,NaN,NaN,NaN

INPUT,0.39759224653244,0.044451616704464,0.774965822696686,-2.29317617416382,3.04902672767639,-1.69072890281677,K,16
OUTPUT,NaN,NaN,NaN,NaN,NaN,NaN

INPUT,0.401703655719757,0.0449698641896248,0.782735884189606,-2.30858421325684,3.04438900947571,-1.67462861537933,K,17
OUTPUT,NaN,NaN,NaN,NaN,NaN,NaN

INPUT,0.404640376567841,0.0453400388360023,0.788285970687866,-2.31961178779602,3.04109072685242,-1.66314578056335,K,18
OUTPUT,NaN,NaN,NaN,NaN,NaN,NaN

INPUT,0.406402409076691,0.0455621406435966,0.791615962982178,-2.32623600959778,3.03911805152893,-1.65626215934753,K,19
OUTPUT,NaN,NaN,NaN,NaN,NaN,NaN

INPUT,0.406989753246307,0.0456361770629883,0.79272598028183,-2.32844543457031,3.03846144676208,-1.65396869182587,K,20
OUTPUT,NaN,NaN,NaN,NaN,NaN,NaN

INPUT,0.36010217666626,0.0430894643068314,0.722368478775024,-2.00998115539551,3.09525680541992,-1.74672293663025,K,11
OUTPUT,NaN,NaN,NaN,NaN,NaN,NaN

INPUT,0.364951550960541,0.0440964438021183,0.733678460121155,-2.0239531993866,3.08990001678467,-1.72962594032288,K,12
OUTPUT,NaN,NaN,NaN,NaN,NaN,NaN

INPUT,0.369800895452499,0.0451034270226955,0.744988441467285,-2.03820633888245,3.08456087112427,-1.71283638477325,K,13
OUTPUT,NaN,NaN,NaN,NaN,NaN,NaN

INPUT,0.374650239944458,0.0461104102432728,0.756298363208771,-2.05265688896179,3.07924342155457,-1.69628584384918,K,14
OUTPUT,NaN,NaN,NaN,NaN,NaN,NaN

INPUT,0.379499614238739,0.04711739346385,0.767608344554901,-2.0672459602356,3.07395148277283,-1.67992973327637,K,15
OUTPUT,NaN,NaN,NaN,NaN,NaN,NaN

INPUT,0.383864015340805,0.0480236746370792,0.777787327766418,-2.08045768737793,3.06921339035034,-1.66535115242004,K,16
OUTPUT,NaN,NaN,NaN,NaN,NaN,NaN

INPUT,0.387258589267731,0.0487285628914833,0.78570431470871,-2.09077000617981,3.06554627418518,-1.65409517288208,K,17
OUTPUT,NaN,NaN,NaN,NaN,NaN,NaN

INPUT,0.389683246612549,0.0492320545017719,0.791359305381775,-2.09814953804016,3.06293725967407,-1.64609658718109,K,18
OUTPUT,NaN,NaN,NaN,NaN,NaN,NaN

INPUT,0.391138046979904,0.0495341494679451,0.794752299785614,-2.10258102416992,3.06137633323669,-1.64131343364716,K,19
OUTPUT,NaN,NaN,NaN,NaN,NaN,NaN

INPUT,0.391622990369797,0.0496348477900028,0.795883297920227,-2.10405874252319,3.06085658073425,-1.63972163200378,K,20
OUTPUT,NaN,NaN,NaN,NaN,NaN,NaN

INPUT,0.364138513803482,0.0420588441193104,0.721437454223633,-2.14597392082214,3.08003449440002,-1.73969089984894,K,11
OUTPUT,NaN,NaN,NaN,NaN,NaN,NaN

INPUT,0.369462430477142,0.0429446548223495,0.732638001441956,-2.16877102851868,3.0729923248291,-1.714679479599,K,12
OUTPUT,NaN,NaN,NaN,NaN,NaN,NaN

INPUT,0.374786347150803,0.0438304618000984,0.743838608264923,-2.19177985191345,3.06598901748657,-1.68986809253693,K,13
OUTPUT,NaN,NaN,NaN,NaN,NaN,NaN

INPUT,0.380110234022141,0.0447162725031376,0.755039155483246,-2.21494698524475,3.05902886390686,-1.66520249843597,K,14
OUTPUT,NaN,NaN,NaN,NaN,NaN,NaN

INPUT,0.385434150695801,0.0456020832061768,0.766239762306213,-2.23823738098145,3.05211591720581,-1.64064633846283,K,15
OUTPUT,NaN,NaN,NaN,NaN,NaN,NaN

INPUT,0.390225678682327,0.0463993102312088,0.776320278644562,-2.25928282737732,3.04593801498413,-1.61861729621887,K,16
OUTPUT,NaN,NaN,NaN,NaN,NaN,NaN

INPUT,0.393952399492264,0.0470193773508072,0.784160673618317,-2.2756974697113,3.04116320610046,-1.60152101516724,K,17
OUTPUT,NaN,NaN,NaN,NaN,NaN,NaN

INPUT,0.396614372730255,0.0474622808396816,0.789760947227478,-2.28744387626648,3.03777003288269,-1.58932590484619,K,18
OUTPUT,NaN,NaN,NaN,NaN,NaN,NaN

INPUT,0.398211538791656,0.0477280244231224,0.793121159076691,-2.29449963569641,3.03574109077454,-1.58201491832733,K,19
OUTPUT,NaN,NaN,NaN,NaN,NaN,NaN

INPUT,0.39874392747879,0.0478166043758392,0.794241189956665,-2.29685258865356,3.03506588935852,-1.57957875728607,K,20
OUTPUT,NaN,NaN,NaN,NaN,NaN,NaN

INPUT,0.369328439235687,0.0399800464510918,0.715013563632965,-2.18626570701599,3.0814516544342,-1.81510806083679,K,4
OUTPUT,NaN,NaN,NaN,NaN,NaN,NaN

INPUT,0.378923058509827,0.0410813242197037,0.730318486690521,-2.22286438941956,3.06986618041992,-1.77124917507172,K,5
OUTPUT,NaN,NaN,NaN,NaN,NaN,NaN

INPUT,0.388517677783966,0.0421826019883156,0.745623409748077,-2.26048541069031,3.05839610099792,-1.72837924957275,K,6
OUTPUT,NaN,NaN,NaN,NaN,NaN,NaN

INPUT,0.395980179309845,0.0430391542613506,0.75752729177475,-2.29012799263,3.04959058761597,-1.69556164741516,K,7
OUTPUT,NaN,NaN,NaN,NaN,NaN,NaN

INPUT,0.401310533285141,0.0436509735882282,0.766030013561249,-2.3114025592804,3.04337811470032,-1.67237269878387,K,8
OUTPUT,NaN,NaN,NaN,NaN,NaN,NaN

INPUT,0.404508739709854,0.044018067419529,0.771131694316864,-2.32418417930603,3.03968596458435,-1.65855741500854,K,9
OUTPUT,NaN,NaN,NaN,NaN,NaN,NaN

INPUT,0.368765771389008,0.0438539460301399,0.732083916664124,-2.03820323944092,3.08561992645264,-1.72738456726074,K,5
OUTPUT,NaN,NaN,NaN,NaN,NaN,NaN

INPUT,0.376699179410934,0.0454350262880325,0.747875154018402,-2.06098580360413,3.07664489746094,-1.69481825828552,K,6
OUTPUT,NaN,NaN,NaN,NaN,NaN,NaN

INPUT,0.382869631052017,0.0466647557914257,0.760157227516174,-2.07952904701233,3.06970643997192,-1.67035686969757,K,7
OUTPUT,NaN,NaN,NaN,NaN,NaN,NaN

INPUT,0.387277066707611,0.0475431345403194,0.76893013715744,-2.09307956695557,3.06477880477905,-1.65323805809021,K,8
OUTPUT,NaN,NaN,NaN,NaN,NaN,NaN

INPUT,0.389921545982361,0.0480701588094234,0.7741938829422,-2.10130405426025,3.06183552742004,-1.6430869102478,K,9
OUTPUT,NaN,NaN,NaN,NaN,NaN,NaN

INPUT,0.373321652412415,0.042491726577282,0.731182336807251,-2.18549561500549,3.06744265556335,-1.70521640777588,K,5
OUTPUT,NaN,NaN,NaN,NaN,NaN,NaN

INPUT,0.381965428590775,0.0438362136483192,0.746724367141724,-2.22510886192322,3.05559515953064,-1.65919601917267,K,6
OUTPUT,NaN,NaN,NaN,NaN,NaN,NaN

INPUT,0.388688325881958,0.044881921261549,0.758812546730042,-2.25638604164124,3.04651546478271,-1.62404358386993,K,7
OUTPUT,NaN,NaN,NaN,NaN,NaN,NaN

INPUT,0.39349040389061,0.0456288568675518,0.767446994781494,-2.27885127067566,3.04012012481689,-1.59924161434174,K,8
OUTPUT,NaN,NaN,NaN,NaN,NaN,NaN

INPUT,0.39637166261673,0.0460770167410374,0.772627711296082,-2.29235148429871,3.03632402420044,-1.58447957038879,K,9
OUTPUT,NaN,NaN,NaN,NaN,NaN,NaN

INPUT,0.359083324670792,0.0302765108644962,0.732368111610413,1.08442044258118,3.11773586273193,1.39476931095123,K,12
OUTPUT,NaN,NaN,NaN,NaN,NaN,NaN

INPUT,0.363314598798752,0.0298288259655237,0.74354100227356,1.06527864933014,3.11517119407654,1.40835392475128,K,13
OUTPUT,NaN,NaN,NaN,NaN,NaN,NaN

INPUT,0.367545872926712,0.0293811392039061,0.754713773727417,1.04665732383728,3.11261749267578,1.42240703105927,K,14
OUTPUT,NaN,NaN,NaN,NaN,NaN,NaN

INPUT,0.37177711725235,0.0289334543049335,0.765886604785919,1.02844381332397,3.1100766658783,1.43679904937744,K,15
OUTPUT,NaN,NaN,NaN,NaN,NaN,NaN

INPUT,0.37558525800705,0.0285305380821228,0.775942206382751,1.01233696937561,3.1078028678894,1.44996392726898,K,16
OUTPUT,NaN,NaN,NaN,NaN,NaN,NaN

INPUT,0.378547161817551,0.0282171573489904,0.78376317024231,0.999969840049744,3.10604381561279,1.46030747890472,K,17
OUTPUT,NaN,NaN,NaN,NaN,NaN,NaN

INPUT,0.380662798881531,0.0279933158308268,0.789349555969238,0.991213321685791,3.10479259490967,1.46773958206177,K,18
OUTPUT,NaN,NaN,NaN,NaN,NaN,NaN

INPUT,0.38193216919899,0.0278590098023415,0.792701423168182,0.98598837852478,3.10404419898987,1.47221338748932,K,19
OUTPUT,NaN,NaN,NaN,NaN,NaN,NaN

INPUT,0.38235530257225,0.0278142411261797,0.793818712234497,0.984251320362091,3.10379505157471,1.47370672225952,K,20
OUTPUT,NaN,NaN,NaN,NaN,NaN,NaN

INPUT,0.368033200502396,0.0508750937879086,0.720365703105927,-1.94146084785461,3.04912090301514,-1.55648553371429,K,11
OUTPUT,NaN,NaN,NaN,NaN,NaN,NaN

INPUT,0.373814344406128,0.0527977384626865,0.731442511081696,-1.96317434310913,3.03846859931946,-1.53285503387451,K,12
OUTPUT,NaN,NaN,NaN,NaN,NaN,NaN

INPUT,0.379595458507538,0.0547203831374645,0.742519319057465,-1.98507928848267,3.02786922454834,-1.50939106941223,K,13
OUTPUT,NaN,NaN,NaN,NaN,NaN,NaN

INPUT,0.385376572608948,0.0566430278122425,0.753596186637878,-2.00713014602661,3.01732802391052,-1.48604607582092,K,14
OUTPUT,NaN,NaN,NaN,NaN,NaN,NaN

INPUT,0.39115771651268,0.0585656724870205,0.764672994613647,-2.029296875,3.0068507194519,-1.46278691291809,K,15
OUTPUT,NaN,NaN,NaN,NaN,NaN,NaN

INPUT,0.396360725164413,0.0602960549294949,0.774642169475555,-2.04932808876038,2.99748039245605,-1.44190764427185,K,16
OUTPUT,NaN,NaN,NaN,NaN,NaN,NaN

INPUT,0.400407522916794,0.0616419054567814,0.782395958900452,-2.06495380401611,2.99023365974426,-1.42569482326508,K,17
OUTPUT,NaN,NaN,NaN,NaN,NaN,NaN

INPUT,0.403298079967499,0.0626032277941704,0.787934362888336,-2.07613658905029,2.98508071899414,-1.41412544250488,K,18
OUTPUT,NaN,NaN,NaN,NaN,NaN,NaN

INPUT,0.405032426118851,0.0631800219416618,0.791257381439209,-2.08285450935364,2.98199868202209,-1.40718770027161,K,19
OUTPUT,NaN,NaN,NaN,NaN,NaN,NaN

INPUT,0.405610531568527,0.0633722841739655,0.792365074157715,-2.08509516716003,2.98097276687622,-1.40487563610077,K,20
OUTPUT,NaN,NaN,NaN,NaN,NaN,NaN

INPUT,0.372307449579239,0.0690992772579193,0.715675413608551,-1.88452315330505,2.95378828048706,-1.61460900306702,K,11
OUTPUT,NaN,NaN,NaN,NaN,NaN,NaN

INPUT,0.378592163324356,0.0731661096215248,0.72619903087616,-1.90013539791107,2.93180251121521,-1.59809911251068,K,12
OUTPUT,NaN,NaN,NaN,NaN,NaN,NaN

INPUT,0.384876877069473,0.0772329345345497,0.736722648143768,-1.91584575176239,2.90990328788757,-1.58166146278381,K,13
OUTPUT,NaN,NaN,NaN,NaN,NaN,NaN

INPUT,0.39116159081459,0.081299751996994,0.747246265411377,-1.93162381649017,2.88811278343201,-1.56528234481812,K,14
OUTPUT,NaN,NaN,NaN,NaN,NaN,NaN

INPUT,0.397446304559708,0.0853665769100189,0.757769882678986,-1.94744634628296,2.86645221710205,-1.54895484447479,K,15
OUTPUT,NaN,NaN,NaN,NaN,NaN,NaN

INPUT,0.403102576732635,0.0890267193317413,0.767241179943085,-1.9617086648941,2.84708595275879,-1.53430235385895,K,16
OUTPUT,NaN,NaN,NaN,NaN,NaN,NaN

INPUT,0.407501876354218,0.0918734967708588,0.774607717990875,-1.97280824184418,2.83211708068848,-1.52293360233307,K,17
OUTPUT,NaN,NaN,NaN,NaN,NaN,NaN

INPUT,0.410644233226776,0.0939069092273712,0.779869496822357,-1.98073709011078,2.82147932052612,-1.51482844352722,K,18
OUTPUT,NaN,NaN,NaN,NaN,NaN,NaN

INPUT,0.412529647350311,0.0951269567012787,0.783026576042175,-1.98549365997314,2.81511974334717,-1.50997161865234,K,19
OUTPUT,NaN,NaN,NaN,NaN,NaN,NaN

INPUT,0.413158118724823,0.0955336391925812,0.78407895565033,-1.98707902431488,2.81300377845764,-1.50835371017456,K,20
OUTPUT,NaN,NaN,NaN,NaN,NaN,NaN

INPUT,0.364747762680054,0.0421042069792747,0.720317125320435,-2.11277174949646,3.10898780822754,-1.69759666919708,K,11
OUTPUT,NaN,NaN,NaN,NaN,NaN,NaN

INPUT,0.370143324136734,0.0429953932762146,0.731385886669159,-2.1350085735321,3.10529589653015,-1.67100405693054,K,12
OUTPUT,NaN,NaN,NaN,NaN,NaN,NaN

INPUT,0.375538885593414,0.0438865795731544,0.742454707622528,-2.15764808654785,3.10162568092346,-1.64481091499329,K,13
OUTPUT,NaN,NaN,NaN,NaN,NaN,NaN

INPUT,0.380934447050095,0.044777762144804,0.753523468971252,-2.18058753013611,3.0979790687561,-1.61891412734985,K,14
OUTPUT,NaN,NaN,NaN,NaN,NaN,NaN

INPUT,0.386330008506775,0.0456689447164536,0.764592289924622,-2.20375633239746,3.09435844421387,-1.59324276447296,K,15
OUTPUT,NaN,NaN,NaN,NaN,NaN,NaN

INPUT,0.391185998916626,0.0464710108935833,0.774554193019867,-2.22476291656494,3.0911238193512,-1.5702897310257,K,16
OUTPUT,NaN,NaN,NaN,NaN,NaN,NaN

INPUT,0.394962906837463,0.0470948405563831,0.782302379608154,-2.24118447303772,3.08862471580505,-1.55251812934875,K,17
OUTPUT,NaN,NaN,NaN,NaN,NaN,NaN

INPUT,0.397660672664642,0.0475404337048531,0.787836790084839,-2.25295257568359,3.08684921264648,-1.53986096382141,K,18
OUTPUT,NaN,NaN,NaN,NaN,NaN,NaN

INPUT,0.399279356002808,0.0478077866137028,0.791157424449921,-2.26002717018127,3.08578777313232,-1.53227996826172,K,19
OUTPUT,NaN,NaN,NaN,NaN,NaN,NaN

INPUT,0.399818897247314,0.0478969067335129,0.7922642827034,-2.26238751411438,3.0854344367981,-1.52975499629974,K,20
OUTPUT,NaN,NaN,NaN,NaN,NaN,NaN

INPUT,0.369966775178909,0.0467700883746147,0.720623910427094,-2.29275012016296,3.0509831905365,-1.819659948349,K,11
OUTPUT,NaN,NaN,NaN,NaN,NaN,NaN

INPUT,0.375976473093033,0.0482101440429688,0.731728732585907,-2.31995439529419,3.04064917564392,-1.79114174842834,K,12
OUTPUT,NaN,NaN,NaN,NaN,NaN,NaN

INPUT,0.381986200809479,0.0496501997113228,0.74283355474472,-2.34729433059692,3.03039336204529,-1.762730717659,K,13
OUTPUT,NaN,NaN,NaN,NaN,NaN,NaN

INPUT,0.387995898723602,0.0510902553796768,0.753938376903534,-2.37474036216736,3.02022361755371,-1.73439383506775,K,14
OUTPUT,NaN,NaN,NaN,NaN,NaN,NaN

INPUT,0.394005596637726,0.0525303110480309,0.765043199062347,-2.40227222442627,3.01014828681946,-1.7061083316803,K,15
OUTPUT,NaN,NaN,NaN,NaN,NaN,NaN

INPUT,0.399414330720901,0.0538263618946075,0.775037527084351,-2.42711234092712,3.00116753578186,-1.68068146705627,K,16
OUTPUT,NaN,NaN,NaN,NaN,NaN,NaN

INPUT,0.403621107339859,0.0548343993723392,0.782810926437378,-2.44646787643433,2.99424338340759,-1.66091895103455,K,17
OUTPUT,NaN,NaN,NaN,NaN,NaN,NaN

INPUT,0.406625956296921,0.0555544309318066,0.788363337516785,-2.46031069755554,2.98933172225952,-1.64680802822113,K,18
OUTPUT,NaN,NaN,NaN,NaN,NaN,NaN

INPUT,0.408428877592087,0.0559864453971386,0.791694760322571,-2.46862316131592,2.98639917373657,-1.63834297657013,K,19
OUTPUT,NaN,NaN,NaN,NaN,NaN,NaN

INPUT,0.409029841423035,0.0561304502189159,0.792805254459381,-2.47139477729797,2.98542380332947,-1.63552153110504,K,20
OUTPUT,NaN,NaN,NaN,NaN,NaN,NaN

INPUT,0.359864413738251,0.0369441471993923,0.722701728343964,-2.20196604728699,3.12838816642761,-1.69232702255249,K,11
OUTPUT,NaN,NaN,NaN,NaN,NaN,NaN

INPUT,0.364685237407684,0.0372281298041344,0.734051883220673,-2.22653675079346,3.12695813179016,-1.65696275234222,K,12
OUTPUT,NaN,NaN,NaN,NaN,NaN,NaN

INPUT,0.369506031274796,0.0375121124088764,0.745402097702026,-2.25206542015076,3.1255407333374,-1.62255549430847,K,13
OUTPUT,NaN,NaN,NaN,NaN,NaN,NaN

INPUT,0.374326825141907,0.0377960950136185,0.756752252578735,-2.27831149101257,3.12413763999939,-1.58886516094208,K,14
OUTPUT,NaN,NaN,NaN,NaN,NaN,NaN

INPUT,0.37914764881134,0.0380800776183605,0.768102467060089,-2.30510950088501,3.12274980545044,-1.55572581291199,K,15
OUTPUT,NaN,NaN,NaN,NaN,NaN,NaN

INPUT,0.383486360311508,0.0383356623351574,0.778317630290985,-2.32960033416748,3.12151527404785,-1.52627277374268,K,16
OUTPUT,NaN,NaN,NaN,NaN,NaN,NaN

INPUT,0.386860936880112,0.0385344512760639,0.78626275062561,-2.3488495349884,3.12056493759155,-1.50356495380402,K,17
OUTPUT,NaN,NaN,NaN,NaN,NaN,NaN

INPUT,0.389271318912506,0.0386764444410801,0.791937828063965,-2.36269164085388,3.11989164352417,-1.48743736743927,K,18
OUTPUT,NaN,NaN,NaN,NaN,NaN,NaN

INPUT,0.390717566013336,0.0387616381049156,0.795342922210693,-2.37103009223938,3.11949014663696,-1.47779405117035,K,19
OUTPUT,NaN,NaN,NaN,NaN,NaN,NaN

INPUT,0.39119964838028,0.0387900359928608,0.796477913856506,-2.37381482124329,3.11935663223267,-1.47458481788635,K,20
OUTPUT,NaN,NaN,NaN,NaN,NaN,NaN

INPUT,0.361500173807144,0.0412533916532993,0.721037626266479,-2.32802057266235,3.11160135269165,-1.8309531211853,K,11
OUTPUT,NaN,NaN,NaN,NaN,NaN,NaN

INPUT,0.366513609886169,0.0420442633330822,0.732191920280457,-2.3552348613739,3.10825204849243,-1.79970288276672,K,12
OUTPUT,NaN,NaN,NaN,NaN,NaN,NaN

INPUT,0.371527075767517,0.0428351350128651,0.743346273899078,-2.38281798362732,3.10493135452271,-1.76881814002991,K,13
OUTPUT,NaN,NaN,NaN,NaN,NaN,NaN

INPUT,0.376540511846542,0.0436260104179382,0.7545006275177,-2.41067600250244,3.10164189338684,-1.7382048368454,K,14
OUTPUT,NaN,NaN,NaN,NaN,NaN,NaN

INPUT,0.38155397772789,0.0444168820977211,0.765654981136322,-2.43874454498291,3.09838628768921,-1.70779824256897,K,15
OUTPUT,NaN,NaN,NaN,NaN,NaN,NaN

INPUT,0.386066079139709,0.0451286695897579,0.775693893432617,-2.46414828300476,3.09548783302307,-1.68057072162628,K,16
OUTPUT,NaN,NaN,NaN,NaN,NaN,NaN

INPUT,0.389575511217117,0.045682281255722,0.783501923084259,-2.48398351669312,3.09325551986694,-1.65946805477142,K,17
OUTPUT,NaN,NaN,NaN,NaN,NaN,NaN

INPUT,0.392082244157791,0.0460777170956135,0.789079129695892,-2.49818634986877,3.09167313575745,-1.64442849159241,K,18
OUTPUT,NaN,NaN,NaN,NaN,NaN,NaN

INPUT,0.393586277961731,0.0463149771094322,0.792425394058228,-2.50672101974487,3.0907289981842,-1.6354171037674,K,19
OUTPUT,NaN,NaN,NaN,NaN,NaN,NaN

INPUT,0.394087612628937,0.0463940650224686,0.793540835380554,-2.50956797599792,3.09041500091553,-1.63241505622864,K,20
OUTPUT,NaN,NaN,NaN,NaN,NaN,NaN

INPUT,0.365123093128204,0.045364186167717,0.722466886043549,-2.09407210350037,3.08457612991333,-1.7245911359787,K,11
OUTPUT,NaN,NaN,NaN,NaN,NaN,NaN

INPUT,0.370563179254532,0.0466387197375298,0.733788430690765,-2.11457324028015,3.07803750038147,-1.70162034034729,K,12
OUTPUT,NaN,NaN,NaN,NaN,NaN,NaN

INPUT,0.376003265380859,0.0479132533073425,0.745110034942627,-2.13530850410461,3.071528673172,-1.67887496948242,K,13
OUTPUT,NaN,NaN,NaN,NaN,NaN,NaN

INPUT,0.381443351507187,0.0491877868771553,0.756431639194489,-2.1562192440033,3.06505298614502,-1.65629506111145,K,14
OUTPUT,NaN,NaN,NaN,NaN,NaN,NaN

INPUT,0.386883407831192,0.0504623204469681,0.76775324344635,-2.17726540565491,3.05861353874207,-1.63383960723877,K,15
OUTPUT,NaN,NaN,NaN,NaN,NaN,NaN

INPUT,0.391779482364655,0.0516094006597996,0.777942657470703,-2.19629883766174,3.05285120010376,-1.61371195316315,K,16
OUTPUT,NaN,NaN,NaN,NaN,NaN,NaN

INPUT,0.395587533712387,0.0525015741586685,0.785867810249329,-2.21115255355835,3.04839301109314,-1.59810030460358,K,17
OUTPUT,NaN,NaN,NaN,NaN,NaN,NaN

INPUT,0.398307591676712,0.0531388409435749,0.791528582572937,-2.22178602218628,3.04522156715393,-1.58696854114532,K,18
OUTPUT,NaN,NaN,NaN,NaN,NaN,NaN

INPUT,0.399939596652985,0.0535212010145187,0.794925093650818,-2.22817444801331,3.04332423210144,-1.58029639720917,K,19
OUTPUT,NaN,NaN,NaN,NaN,NaN,NaN

INPUT,0.40048360824585,0.0536486543715,0.796057224273682,-2.23030519485474,3.0426926612854,-1.57807350158691,K,20
OUTPUT,NaN,NaN,NaN,NaN,NaN,NaN

INPUT,0.36855548620224,0.0491602793335915,0.714880883693695,-1.94377636909485,3.04811835289001,-1.5708441734314,K,4
OUTPUT,NaN,NaN,NaN,NaN,NaN,NaN

INPUT,0.3779476583004,0.0521851219236851,0.730165481567383,-1.97977578639984,3.03001570701599,-1.52539467811584,K,5
OUTPUT,NaN,NaN,NaN,NaN,NaN,NaN

INPUT,0.387339860200882,0.0552099645137787,0.745450019836426,-2.01712942123413,3.0120964050293,-1.48121726512909,K,6
OUTPUT,NaN,NaN,NaN,NaN,NaN,NaN

INPUT,0.394644886255264,0.0575626194477081,0.757337987422943,-2.04671549797058,2.99834418296814,-1.44750714302063,K,7
OUTPUT,NaN,NaN,NaN,NaN,NaN,NaN

INPUT,0.399862766265869,0.0592430867254734,0.765829384326935,-2.06800889968872,2.98864579200745,-1.42372846603394,K,8
OUTPUT,NaN,NaN,NaN,NaN,NaN,NaN

INPUT,0.402993470430374,0.0602513700723648,0.770924270153046,-2.08082103729248,2.98288345336914,-1.40957486629486,K,9
OUTPUT,NaN,NaN,NaN,NaN,NaN,NaN

INPUT,0.372563481330872,0.065356157720089,0.710739731788635,-1.88045859336853,2.95229053497314,-1.6227240562439,K,4
OUTPUT,NaN,NaN,NaN,NaN,NaN,NaN

INPUT,0.382618278264999,0.071781761944294,0.725142180919647,-1.90808594226837,2.91505765914917,-1.59211456775665,K,5
OUTPUT,NaN,NaN,NaN,NaN,NaN,NaN

INPUT,0.392673075199127,0.0782073736190796,0.739544630050659,-1.93625521659851,2.87801551818848,-1.56180047988892,K,6
OUTPUT,NaN,NaN,NaN,NaN,NaN,NaN

INPUT,0.400493502616882,0.0832050666213036,0.750746548175812,-1.9584059715271,2.84941363334656,-1.53835701942444,K,7
OUTPUT,NaN,NaN,NaN,NaN,NaN,NaN

INPUT,0.40607950091362,0.0867748558521271,0.758747935295105,-1.97431492805481,2.8291289806366,-1.52167010307312,K,8
OUTPUT,NaN,NaN,NaN,NaN,NaN,NaN

INPUT,0.409431099891663,0.0889167189598083,0.763548731803894,-1.9838855266571,2.81702589988708,-1.5116800069809,K,9
OUTPUT,NaN,NaN,NaN,NaN,NaN,NaN

INPUT,0.374302208423615,0.0429922416806221,0.72965407371521,-2.15898251533508,3.10219812393188,-1.66769003868103,K,5
OUTPUT,NaN,NaN,NaN,NaN,NaN,NaN

INPUT,0.383230477571487,0.0444466471672058,0.745005130767822,-2.19488930702209,3.09606003761292,-1.61635494232178,K,6
OUTPUT,NaN,NaN,NaN,NaN,NaN,NaN

INPUT,0.390174686908722,0.0455778539180756,0.756944835186005,-2.22402286529541,3.09135866165161,-1.5778386592865,K,7
OUTPUT,NaN,NaN,NaN,NaN,NaN,NaN

INPUT,0.395134836435318,0.0463858582079411,0.765473186969757,-2.24524426460266,3.08804893493652,-1.5509420633316,K,8
OUTPUT,NaN,NaN,NaN,NaN,NaN,NaN

INPUT,0.398110926151276,0.0468706600368023,0.77059018611908,-2.25809073448181,3.08608508110046,-1.53502547740936,K,9
OUTPUT,NaN,NaN,NaN,NaN,NaN,NaN

INPUT,0.370349854230881,0.045486107468605,0.715509533882141,-2.28608870506287,3.05045700073242,-1.82711040973663,K,4
OUTPUT,NaN,NaN,NaN,NaN,NaN,NaN

INPUT,0.379943370819092,0.0477922707796097,0.730740487575531,-2.33490586280823,3.03275895118713,-1.77588450908661,K,5
OUTPUT,NaN,NaN,NaN,NaN,NaN,NaN

INPUT,0.38953685760498,0.050098430365324,0.745971441268921,-2.38410592079163,3.01533246040344,-1.72494530677795,K,6
OUTPUT,NaN,NaN,NaN,NaN,NaN,NaN

INPUT,0.396998465061188,0.0518921092152596,0.757817685604095,-2.42239594459534,3.00205087661743,-1.68560397624969,K,7
OUTPUT,NaN,NaN,NaN,NaN,NaN,NaN

INPUT,0.402328193187714,0.0531733073294163,0.766279339790344,-2.44966578483582,2.99274492263794,-1.65770077705383,K,8
OUTPUT,NaN,NaN,NaN,NaN,NaN,NaN

INPUT,0.405526041984558,0.0539420284330845,0.771356344223022,-2.46597123146057,2.98724317550659,-1.64105331897736,K,9
OUTPUT,NaN,NaN,NaN,NaN,NaN,NaN

INPUT,0.368694126605988,0.0372259467840195,0.73236346244812,-2.26940107345581,3.12544584274292,-1.66590166091919,K,5
OUTPUT,NaN,NaN,NaN,NaN,NaN,NaN

INPUT,0.376680940389633,0.0376778319478035,0.748246490955353,-2.30388832092285,3.12319612503052,-1.59324729442596,K,6
OUTPUT,NaN,NaN,NaN,NaN,NaN,NaN

INPUT,0.382892906665802,0.0380292981863022,0.760599911212921,-2.33349323272705,3.12148690223694,-1.53991079330444,K,7
OUTPUT,NaN,NaN,NaN,NaN,NaN,NaN

INPUT,0.387330025434494,0.0382803492248058,0.769423842430115,-2.35565042495728,3.12029314041138,-1.50320541858673,K,8
OUTPUT,NaN,NaN,NaN,NaN,NaN,NaN

INPUT,0.389992296695709,0.0384309776127338,0.774718165397644,-2.36924314498901,3.11958909034729,-1.48168098926544,K,9
OUTPUT,NaN,NaN,NaN,NaN,NaN,NaN

INPUT,0.370375573635101,0.0421372726559639,0.730433881282806,-2.38056898117065,3.10544776916504,-1.79215502738953,K,5
OUTPUT,NaN,NaN,NaN,NaN,NaN,NaN

INPUT,0.378614753484726,0.0434521250426769,0.745961844921112,-2.42599964141846,3.09990048408508,-1.7330162525177,K,6
OUTPUT,NaN,NaN,NaN,NaN,NaN,NaN

INPUT,0.385022968053818,0.0444747842848301,0.758039116859436,-2.46230792999268,3.09568190574646,-1.68835008144379,K,7
OUTPUT,NaN,NaN,NaN,NaN,NaN,NaN

INPUT,0.389600306749344,0.045205257833004,0.766665756702423,-2.48851990699768,3.09273195266724,-1.6570748090744,K,8
OUTPUT,NaN,NaN,NaN,NaN,NaN,NaN

INPUT,0.392346680164337,0.0456435419619083,0.771841764450073,-2.50430250167847,3.09099054336548,-1.63855028152466,K,9
OUTPUT,NaN,NaN,NaN,NaN,NaN,NaN

INPUT,0.36581888794899,0.0443755388259888,0.716824412345886,-2.09684658050537,3.08384108543396,-1.73793792724609,K,4
OUTPUT,NaN,NaN,NaN,NaN,NaN,NaN

INPUT,0.374674558639526,0.0464170724153519,0.732529520988464,-2.13069415092468,3.07276511192322,-1.69398927688599,K,5
OUTPUT,NaN,NaN,NaN,NaN,NaN,NaN

INPUT,0.38353019952774,0.0484586097300053,0.748234689235687,-2.16595149040222,3.06179189682007,-1.65142095088959,K,6
OUTPUT,NaN,NaN,NaN,NaN,NaN,NaN

INPUT,0.39041793346405,0.0500464700162411,0.760449826717377,-2.19393920898438,3.0533607006073,-1.61900758743286,K,7
OUTPUT,NaN,NaN,NaN,NaN,NaN,NaN

INPUT,0.395337760448456,0.0511806532740593,0.769174933433533,-2.21410799026489,3.04740762710571,-1.59616947174072,K,8
OUTPUT,NaN,NaN,NaN,NaN,NaN,NaN

INPUT,0.398289650678635,0.0518611669540405,0.77440994977951,-2.22625231742859,3.04386711120605,-1.5825834274292,K,9
OUTPUT,NaN,NaN,NaN,NaN,NaN,NaN

INPUT,0.365526676177979,0.0302324183285236,0.736480116844177,1.08893346786499,3.11503124237061,1.43313825130463,K,5
OUTPUT,NaN,NaN,NaN,NaN,NaN,NaN

INPUT,0.371735572814941,0.0295884776860476,0.749927163124084,1.04847693443298,3.11096453666687,1.44504952430725,K,6
OUTPUT,NaN,NaN,NaN,NaN,NaN,NaN

INPUT,0.376564711332321,0.0290876347571611,0.760385930538177,1.01941359043121,3.10781621932983,1.45667278766632,K,7
OUTPUT,NaN,NaN,NaN,NaN,NaN,NaN

INPUT,0.380014091730118,0.0287298876792192,0.767856538295746,0.999615728855133,3.10557794570923,1.46589267253876,K,8
OUTPUT,NaN,NaN,NaN,NaN,NaN,NaN

INPUT,0.382083743810654,0.0285152420401573,0.7723388671875,0.988056421279907,3.10424017906189,1.47172057628632,K,9
OUTPUT,NaN,NaN,NaN,NaN,NaN,NaN

INPUT,0.37273508310318,0.0449951216578484,0.720451712608337,-2.23923659324646,3.05534434318542,-1.80118918418884,K,11
OUTPUT,NaN,NaN,NaN,NaN,NaN,NaN

INPUT,0.379070043563843,0.0462262853980064,0.731537222862244,-2.26427507400513,3.04547905921936,-1.7746422290802,K,12
OUTPUT,NaN,NaN,NaN,NaN,NaN,NaN

INPUT,0.385404974222183,0.0474574491381645,0.74262273311615,-2.28946566581726,3.0356776714325,-1.74822306632996,K,13
OUTPUT,NaN,NaN,NaN,NaN,NaN,NaN

INPUT,0.391739934682846,0.0486886128783226,0.753708243370056,-2.31477332115173,3.02594661712646,-1.72189426422119,K,14
OUTPUT,NaN,NaN,NaN,NaN,NaN,NaN

INPUT,0.398074865341187,0.0499197766184807,0.764793753623962,-2.34017443656921,3.01629233360291,-1.69562983512878,K,15
OUTPUT,NaN,NaN,NaN,NaN,NaN,NaN

INPUT,0.403776317834854,0.0510278232395649,0.774770736694336,-2.36310172080994,3.00767493247986,-1.67203152179718,K,16
OUTPUT,NaN,NaN,NaN,NaN,NaN,NaN

INPUT,0.408210784196854,0.0518896393477917,0.782530605792999,-2.38097143173218,3.00102210044861,-1.65369641780853,K,17
OUTPUT,NaN,NaN,NaN,NaN,NaN,NaN

INPUT,0.411378264427185,0.0525052212178707,0.788073360919952,-2.39375376701355,2.99629783630371,-1.64060759544373,K,18
OUTPUT,NaN,NaN,NaN,NaN,NaN,NaN

INPUT,0.413278728723526,0.052874568849802,0.791399002075195,-2.4014298915863,2.99347519874573,-1.63275694847107,K,19
OUTPUT,NaN,NaN,NaN,NaN,NaN,NaN

INPUT,0.413912236690521,0.0529976859688759,0.792507529258728,-2.40398979187012,2.99253606796265,-1.63014042377472,K,20
OUTPUT,NaN,NaN,NaN,NaN,NaN,NaN

INPUT,0.363978773355484,0.0430002398788929,0.721756219863892,-2.26931571960449,3.08808779716492,-1.91373038291931,K,11
OUTPUT,NaN,NaN,NaN,NaN,NaN,NaN

INPUT,0.369284003973007,0.0439968071877956,0.732994318008423,-2.28930568695068,3.08192443847656,-1.89162075519562,K,12
OUTPUT,NaN,NaN,NaN,NaN,NaN,NaN

INPUT,0.37458923459053,0.0449933744966984,0.744232356548309,-2.30946111679077,3.07579851150513,-1.86974477767944,K,13
OUTPUT,NaN,NaN,NaN,NaN,NaN,NaN

INPUT,0.379894465208054,0.0459899380803108,0.755470335483551,-2.32971167564392,3.0697181224823,-1.84806942939758,K,14
OUTPUT,NaN,NaN,NaN,NaN,NaN,NaN

INPUT,0.385199695825577,0.0469865016639233,0.766708374023438,-2.35000467300415,3.06369090080261,-1.82657754421234,K,15
OUTPUT,NaN,NaN,NaN,NaN,NaN,NaN

INPUT,0.389974415302277,0.0478834137320518,0.776822626590729,-2.36826872825623,3.05831789970398,-1.80738592147827,K,16
OUTPUT,NaN,NaN,NaN,NaN,NaN,NaN

INPUT,0.393688082695007,0.0485810078680515,0.784689247608185,-2.38245701789856,3.05417633056641,-1.79255723953247,K,17
OUTPUT,NaN,NaN,NaN,NaN,NaN,NaN

INPUT,0.396340698003769,0.0490792915225029,0.79030829668045,-2.39257574081421,3.05123949050903,-1.78201854228973,K,18
OUTPUT,NaN,NaN,NaN,NaN,NaN,NaN

INPUT,0.397932291030884,0.0493782609701157,0.793679714202881,-2.39863896369934,3.0494863986969,-1.77571678161621,K,19
OUTPUT,NaN,NaN,NaN,NaN,NaN,NaN

INPUT,0.398462802171707,0.0494779162108898,0.794803500175476,-2.40065836906433,3.048903465271,-1.77361989021301,K,20
OUTPUT,NaN,NaN,NaN,NaN,NaN,NaN

INPUT,0.374731063842773,0.0418869256973267,0.708460450172424,-2.57603979110718,3.02811169624329,-2.06888461112976,K,10
OUTPUT,NaN,NaN,NaN,NaN,NaN,NaN

INPUT,0.382177084684372,0.0428676679730415,0.71942538022995,-2.60953688621521,3.01349592208862,-2.03461480140686,K,11
OUTPUT,NaN,NaN,NaN,NaN,NaN,NaN

INPUT,0.389623135328293,0.0438484065234661,0.730390310287476,-2.64314436912537,2.99902701377869,-2.00039172172546,K,12
OUTPUT,NaN,NaN,NaN,NaN,NaN,NaN

INPUT,0.397069185972214,0.044829148799181,0.741355299949646,-2.67684292793274,2.98472166061401,-1.96619057655334,K,13
OUTPUT,NaN,NaN,NaN,NaN,NaN,NaN

INPUT,0.404515206813812,0.0458098873496056,0.752320230007172,-2.71062111854553,2.97059655189514,-1.93199300765991,K,14
OUTPUT,NaN,NaN,NaN,NaN,NaN,NaN

INPUT,0.411961227655411,0.0467906259000301,0.763285160064697,-2.74447202682495,2.95666837692261,-1.89778637886047,K,15
OUTPUT,NaN,NaN,NaN,NaN,NaN,NaN

INPUT,0.418662667274475,0.0476732924580574,0.773153603076935,-2.77499628067017,2.94431471824646,-1.86698436737061,K,16
OUTPUT,NaN,NaN,NaN,NaN,NaN,NaN

INPUT,0.423874884843826,0.0483598113059998,0.780829071998596,-2.7987744808197,2.93483328819275,-1.84301292896271,K,17
OUTPUT,NaN,NaN,NaN,NaN,NaN,NaN

INPUT,0.427597910165787,0.0488501824438572,0.786311507225037,-2.81577825546265,2.92813205718994,-1.82588148117065,K,18
OUTPUT,NaN,NaN,NaN,NaN,NaN,NaN

INPUT,0.429831713438034,0.0491444021463394,0.789601027965546,-2.82598829269409,2.92414093017578,-1.81559872627258,K,19
OUTPUT,NaN,NaN,NaN,NaN,NaN,NaN

INPUT,0.430576324462891,0.049242477864027,0.790697515010834,-2.82939291000366,2.92281556129456,-1.81217038631439,K,20
OUTPUT,NaN,NaN,NaN,NaN,NaN,NaN

INPUT,0.372453242540359,0.0410190038383007,0.720401167869568,-2.36725044250488,3.05080580711365,-1.64355218410492,K,11
OUTPUT,NaN,NaN,NaN,NaN,NaN,NaN

INPUT,0.378755480051041,0.0417825281620026,0.73147976398468,-2.40916609764099,3.04076814651489,-1.6002162694931,K,12
OUTPUT,NaN,NaN,NaN,NaN,NaN,NaN

INPUT,0.385057717561722,0.0425460524857044,0.742558360099792,-2.45123100280762,3.03091335296631,-1.55698657035828,K,13
OUTPUT,NaN,NaN,NaN,NaN,NaN,NaN

INPUT,0.391359955072403,0.0433095768094063,0.75363689661026,-2.49341320991516,3.02125930786133,-1.5138281583786,K,14
OUTPUT,NaN,NaN,NaN,NaN,NaN,NaN

INPUT,0.397662192583084,0.0440731011331081,0.764715492725372,-2.53569173812866,3.01182413101196,-1.4707168340683,K,15
OUTPUT,NaN,NaN,NaN,NaN,NaN,NaN

INPUT,0.403334200382233,0.044760275632143,0.774686276912689,-2.57381224632263,3.00353360176086,-1.43194270133972,K,16
OUTPUT,NaN,NaN,NaN,NaN,NaN,NaN

INPUT,0.407745778560638,0.0452947430312634,0.782441258430481,-2.60350251197815,2.997225522995,-1.40179550647736,K,17
OUTPUT,NaN,NaN,NaN,NaN,NaN,NaN

INPUT,0.410896897315979,0.0456765033304691,0.787980556488037,-2.6247296333313,2.99279832839966,-1.38026547431946,K,18
OUTPUT,NaN,NaN,NaN,NaN,NaN,NaN

INPUT,0.412787556648254,0.0459055602550507,0.791304111480713,-2.63747334480286,2.99017453193665,-1.3673483133316,K,19
OUTPUT,NaN,NaN,NaN,NaN,NaN,NaN

INPUT,0.413417786359787,0.0459819138050079,0.792411983013153,-2.64172267913818,2.98930525779724,-1.36304259300232,K,20
OUTPUT,NaN,NaN,NaN,NaN,NaN,NaN

INPUT,0.360112249851227,0.0380638502538204,0.732464790344238,1.09317183494568,3.13448882102966,1.3111766576767,K,12
OUTPUT,NaN,NaN,NaN,NaN,NaN,NaN

INPUT,0.364452213048935,0.0384357459843159,0.743647038936615,1.07314300537109,3.13367104530334,1.31410098075867,K,13
OUTPUT,NaN,NaN,NaN,NaN,NaN,NaN

INPUT,0.368792146444321,0.038807637989521,0.754829287528992,1.05472874641418,3.13285422325134,1.31862151622772,K,14
OUTPUT,NaN,NaN,NaN,NaN,NaN,NaN

INPUT,0.373132079839706,0.0391795337200165,0.766011536121368,1.0375189781189,3.13203930854797,1.3243225812912,K,15
OUTPUT,NaN,NaN,NaN,NaN,NaN,NaN

INPUT,0.377038031816483,0.0395142398774624,0.776075541973114,1.02282738685608,3.13130760192871,1.33022511005402,K,16
OUTPUT,NaN,NaN,NaN,NaN,NaN,NaN

INPUT,0.380075991153717,0.0397745631635189,0.783903121948242,1.01182329654694,3.13073968887329,1.33521914482117,K,17
OUTPUT,NaN,NaN,NaN,NaN,NaN,NaN

INPUT,0.38224595785141,0.0399605110287666,0.789494216442108,1.00415647029877,3.13033485412598,1.33896791934967,K,18
OUTPUT,NaN,NaN,NaN,NaN,NaN,NaN

INPUT,0.383547931909561,0.0400720797479153,0.792848885059357,0.99962592124939,3.13009238243103,1.34128153324127,K,19
OUTPUT,NaN,NaN,NaN,NaN,NaN,NaN

INPUT,0.383981943130493,0.0401092693209648,0.793967127799988,0.998126626014709,3.13001155853271,1.34206283092499,K,20
OUTPUT,NaN,NaN,NaN,NaN,NaN,NaN

INPUT,0.376525819301605,0.0413380898535252,0.70682418346405,-2.58439326286316,3.02363610267639,-2.06661939620972,K,4
OUTPUT,NaN,NaN,NaN,NaN,NaN,NaN

INPUT,0.389739841222763,0.0430775061249733,0.723857998847961,-2.64840173721313,2.99597406387329,-1.99881958961487,K,5
OUTPUT,NaN,NaN,NaN,NaN,NaN,NaN

INPUT,0.402953863143921,0.0448169223964214,0.740891873836517,-2.71314120292664,2.96894311904907,-1.93148803710938,K,6
OUTPUT,NaN,NaN,NaN,NaN,NaN,NaN

INPUT,0.413231402635574,0.0461697988212109,0.754140436649323,-2.76384568214417,2.94843149185181,-1.87926197052002,K,7
OUTPUT,NaN,NaN,NaN,NaN,NaN,NaN

INPUT,0.420572519302368,0.0471361428499222,0.763603687286377,-2.80021548271179,2.93408918380737,-1.84198713302612,K,8
OUTPUT,NaN,NaN,NaN,NaN,NaN,NaN

INPUT,0.424977213144302,0.0477159470319748,0.769281625747681,-2.82209205627441,2.92561674118042,-1.81962478160858,K,9
OUTPUT,NaN,NaN,NaN,NaN,NaN,NaN

INPUT,0.373197257518768,0.0437367483973503,0.715482234954834,-2.23281264305115,3.05460810661316,-1.80792939662933,K,4
OUTPUT,NaN,NaN,NaN,NaN,NaN,NaN

INPUT,0.3833929002285,0.0456594377756119,0.73063588142395,-2.27783942222595,3.03778171539307,-1.76036942005157,K,5
OUTPUT,NaN,NaN,NaN,NaN,NaN,NaN

INPUT,0.393588542938232,0.0475821308791637,0.745789468288422,-2.32325792312622,3.0211775302887,-1.71312046051025,K,6
OUTPUT,NaN,NaN,NaN,NaN,NaN,NaN

INPUT,0.40151846408844,0.0490775555372238,0.757575631141663,-2.358642578125,3.0084855556488,-1.67662906646729,K,7
OUTPUT,NaN,NaN,NaN,NaN,NaN,NaN

INPUT,0.407182723283768,0.0501457154750824,0.765994310379028,-2.38386940956116,2.99956846237183,-1.65073502063751,K,8
OUTPUT,NaN,NaN,NaN,NaN,NaN,NaN

INPUT,0.410581260919571,0.0507866144180298,0.771045565605164,-2.39896607398987,2.99428534507751,-1.63527822494507,K,9
OUTPUT,NaN,NaN,NaN,NaN,NaN,NaN

INPUT,0.373175382614136,0.0438090562820435,0.731573104858398,-2.30218553543091,3.07725095748901,-1.88238883018494,K,5
OUTPUT,NaN,NaN,NaN,NaN,NaN,NaN

INPUT,0.381787151098251,0.0454000383615494,0.747166991233826,-2.33728361129761,3.06691789627075,-1.84266877174377,K,6
OUTPUT,NaN,NaN,NaN,NaN,NaN,NaN

INPUT,0.388485193252563,0.0466374643146992,0.759295523166656,-2.36492419242859,3.05897116661072,-1.8122341632843,K,7
OUTPUT,NaN,NaN,NaN,NaN,NaN,NaN

INPUT,0.393269509077072,0.0475213453173637,0.767958760261536,-2.38476276397705,3.0533549785614,-1.79071235656738,K,8
OUTPUT,NaN,NaN,NaN,NaN,NaN,NaN

INPUT,0.396140098571777,0.0480516701936722,0.773156702518463,-2.39668345451355,3.05001282691956,-1.77788257598877,K,9
OUTPUT,NaN,NaN,NaN,NaN,NaN,NaN

INPUT,0.372777700424194,0.0400555841624737,0.715463995933533,-2.36319184303284,3.05028343200684,-1.65911507606506,K,4
OUTPUT,NaN,NaN,NaN,NaN,NaN,NaN

INPUT,0.382830500602722,0.0412393733859062,0.730599761009216,-2.4358377456665,3.03319787979126,-1.57986378669739,K,5
OUTPUT,NaN,NaN,NaN,NaN,NaN,NaN

INPUT,0.392883330583572,0.0424231663346291,0.745735466480255,-2.50943970680237,3.01673579216003,-1.50142991542816,K,6
OUTPUT,NaN,NaN,NaN,NaN,NaN,NaN

INPUT,0.400702178478241,0.0433438941836357,0.757507681846619,-2.56713128089905,3.00442457199097,-1.44076657295227,K,7
OUTPUT,NaN,NaN,NaN,NaN,NaN,NaN

INPUT,0.406287103891373,0.0440015569329262,0.765916466712952,-2.6085205078125,2.99592137336731,-1.39755690097809,K,8
OUTPUT,NaN,NaN,NaN,NaN,NaN,NaN

INPUT,0.409638017416,0.0443961545825005,0.770961701869965,-2.63341522216797,2.99094343185425,-1.37166738510132,K,9
OUTPUT,NaN,NaN,NaN,NaN,NaN,NaN

INPUT,0.360375106334686,0.037980142980814,0.723472774028778,1.23062086105347,3.13532042503357,1.4355800151825,K,4
OUTPUT,NaN,NaN,NaN,NaN,NaN,NaN

INPUT,0.366657197475433,0.038595262914896,0.736839294433594,1.14711999893188,3.13393473625183,1.38888740539551,K,5
OUTPUT,NaN,NaN,NaN,NaN,NaN,NaN

INPUT,0.37293928861618,0.0392103865742683,0.750205814838409,1.08368241786957,3.13252925872803,1.36225831508636,K,6
OUTPUT,NaN,NaN,NaN,NaN,NaN,NaN

INPUT,0.377825349569321,0.0396888144314289,0.760601937770844,1.04300475120544,3.13142943382263,1.35019361972809,K,7
OUTPUT,NaN,NaN,NaN,NaN,NaN,NaN

INPUT,0.381315410137177,0.0400305464863777,0.768027782440186,1.01721656322479,3.13064193725586,1.34482753276825,K,8
OUTPUT,NaN,NaN,NaN,NaN,NaN,NaN

INPUT,0.383409440517426,0.0402355864644051,0.772483289241791,1.00278472900391,3.1301691532135,1.34264075756073,K,9
OUTPUT,NaN,NaN,NaN,NaN,NaN,NaN

INPUT,0.371706128120422,0.0403749532997608,0.720971882343292,-2.48896503448486,3.05579280853271,-1.85176885128021,K,11
OUTPUT,NaN,NaN,NaN,NaN,NaN,NaN

INPUT,0.377920389175415,0.0410626418888569,0.732117652893066,-2.52590036392212,3.04620265960693,-1.81365764141083,K,12
OUTPUT,NaN,NaN,NaN,NaN,NaN,NaN

INPUT,0.384134650230408,0.0417503342032433,0.743263423442841,-2.56295967102051,3.03674674034119,-1.77563607692719,K,13
OUTPUT,NaN,NaN,NaN,NaN,NaN,NaN

INPUT,0.3903489112854,0.0424380227923393,0.75440925359726,-2.60011625289917,3.0274384021759,-1.73767518997192,K,14
OUTPUT,NaN,NaN,NaN,NaN,NaN,NaN

INPUT,0.396563172340393,0.0431257151067257,0.765555024147034,-2.63735294342041,3.01829075813293,-1.69975459575653,K,15
OUTPUT,NaN,NaN,NaN,NaN,NaN,NaN

INPUT,0.402155995368958,0.0437446348369122,0.775586247444153,-2.67092418670654,3.0102059841156,-1.66564834117889,K,16
OUTPUT,NaN,NaN,NaN,NaN,NaN,NaN

INPUT,0.40650600194931,0.0442260205745697,0.783388257026672,-2.69706916809082,3.00402116775513,-1.6391304731369,K,17
OUTPUT,NaN,NaN,NaN,NaN,NaN,NaN

INPUT,0.409613102674484,0.0445698648691177,0.788961172103882,-2.71576046943665,2.99966144561768,-1.62019228935242,K,18
OUTPUT,NaN,NaN,NaN,NaN,NaN,NaN

INPUT,0.411477386951447,0.0447761714458466,0.792304873466492,-2.72698187828064,2.99706959724426,-1.60883021354675,K,19
OUTPUT,NaN,NaN,NaN,NaN,NaN,NaN

INPUT,0.412098824977875,0.0448449403047562,0.793419480323792,-2.7307231426239,2.99620962142944,-1.60504281520844,K,20
OUTPUT,NaN,NaN,NaN,NaN,NaN,NaN

INPUT,0.365037024021149,0.0420422554016113,0.721833288669586,-2.16944408416748,3.09609007835388,-1.67438507080078,K,11
OUTPUT,NaN,NaN,NaN,NaN,NaN,NaN

INPUT,0.370466351509094,0.0429260097444057,0.73308140039444,-2.19695901870728,3.09094834327698,-1.64365863800049,K,12
OUTPUT,NaN,NaN,NaN,NaN,NaN,NaN

INPUT,0.375895649194717,0.0438097640872002,0.744329512119293,-2.22477269172668,3.08584928512573,-1.61322343349457,K,13
OUTPUT,NaN,NaN,NaN,NaN,NaN,NaN

INPUT,0.381324976682663,0.0446935147047043,0.755577623844147,-2.25280904769897,3.08079767227173,-1.58300304412842,K,14
OUTPUT,NaN,NaN,NaN,NaN,NaN,NaN

INPUT,0.386754304170609,0.0455772690474987,0.766825735569,-2.28101682662964,3.07579731941223,-1.55294489860535,K,15
OUTPUT,NaN,NaN,NaN,NaN,NaN,NaN

INPUT,0.391640692949295,0.0463726483285427,0.776949048042297,-2.30651998519897,3.07134461402893,-1.52600038051605,K,16
OUTPUT,NaN,NaN,NaN,NaN,NaN,NaN

INPUT,0.395441204309464,0.0469912737607956,0.784822702407837,-2.32641839981079,3.06791472434998,-1.5051007270813,K,17
OUTPUT,NaN,NaN,NaN,NaN,NaN,NaN

INPUT,0.398155868053436,0.047433152794838,0.790446758270264,-2.340660572052,3.0654833316803,-1.49019837379456,K,18
OUTPUT,NaN,NaN,NaN,NaN,NaN,NaN

INPUT,0.399784654378891,0.0476982779800892,0.793821215629578,-2.34921646118164,3.06403231620789,-1.48126614093781,K,19
OUTPUT,NaN,NaN,NaN,NaN,NaN,NaN

INPUT,0.40032759308815,0.0477866530418396,0.794946014881134,-2.35207009315491,3.06354975700378,-1.47829020023346,K,20
OUTPUT,NaN,NaN,NaN,NaN,NaN,NaN

INPUT,0.371426522731781,0.045614093542099,0.720354914665222,-2.32862281799316,3.04711484909058,-1.95696806907654,K,11
OUTPUT,NaN,NaN,NaN,NaN,NaN,NaN

INPUT,0.377607733011246,0.0469179265201092,0.731429100036621,-2.34992861747742,3.03624868392944,-1.93449735641479,K,12
OUTPUT,NaN,NaN,NaN,NaN,NaN,NaN

INPUT,0.38378894329071,0.0482217594981194,0.74250328540802,-2.37135577201843,3.0254328250885,-1.91212272644043,K,13
OUTPUT,NaN,NaN,NaN,NaN,NaN,NaN

INPUT,0.389970123767853,0.0495255962014198,0.753577470779419,-2.39287686347961,3.01467251777649,-1.88981485366821,K,14
OUTPUT,NaN,NaN,NaN,NaN,NaN,NaN

INPUT,0.396151334047318,0.05082942917943,0.764651656150818,-2.41447424888611,3.00397300720215,-1.86755323410034,K,15
OUTPUT,NaN,NaN,NaN,NaN,NaN,NaN

INPUT,0.401714414358139,0.0520028807222843,0.77461838722229,-2.43396687507629,2.99439978599548,-1.84754526615143,K,16
OUTPUT,NaN,NaN,NaN,NaN,NaN,NaN

INPUT,0.406041264533997,0.0529155656695366,0.782370328903198,-2.44915914535522,2.98699331283569,-1.83199572563171,K,17
OUTPUT,NaN,NaN,NaN,NaN,NaN,NaN

INPUT,0.40913188457489,0.0535674802958965,0.787907421588898,-2.46002650260925,2.98172497749329,-1.82089376449585,K,18
OUTPUT,NaN,NaN,NaN,NaN,NaN,NaN

INPUT,0.410986214876175,0.0539586320519447,0.791229665279388,-2.46655249595642,2.97857332229614,-1.81423401832581,K,19
OUTPUT,NaN,NaN,NaN,NaN,NaN,NaN

INPUT,0.411604344844818,0.0540890134871006,0.79233705997467,-2.46872878074646,2.9775242805481,-1.81201422214508,K,20
OUTPUT,NaN,NaN,NaN,NaN,NaN,NaN

INPUT,0.372088372707367,0.0395836681127548,0.716064155101776,-2.48242092132568,3.05559062957764,-1.86238873004913,K,4
OUTPUT,NaN,NaN,NaN,NaN,NaN,NaN

INPUT,0.381976246833801,0.0406700298190117,0.731302261352539,-2.54754710197449,3.0391788482666,-1.79383158683777,K,5
OUTPUT,NaN,NaN,NaN,NaN,NaN,NaN

INPUT,0.391864120960236,0.0417563877999783,0.746540427207947,-2.61319732666016,3.02322387695313,-1.72568774223328,K,6
OUTPUT,NaN,NaN,NaN,NaN,NaN,NaN

INPUT,0.399554669857025,0.0426013320684433,0.758392333984375,-2.66450905799866,3.01117634773254,-1.67285203933716,K,7
OUTPUT,NaN,NaN,NaN,NaN,NaN,NaN

INPUT,0.405047923326492,0.0432048626244068,0.766857981681824,-2.70126509666443,3.00278520584106,-1.63516771793365,K,8
OUTPUT,NaN,NaN,NaN,NaN,NaN,NaN

INPUT,0.408343881368637,0.0435669831931591,0.771937370300293,-2.72335457801819,2.99784183502197,-1.61257255077362,K,9
OUTPUT,NaN,NaN,NaN,NaN,NaN,NaN

INPUT,0.374562323093414,0.0427612885832787,0.731655478477478,-2.22034645080566,3.08678388595581,-1.63464379310608,K,5
OUTPUT,NaN,NaN,NaN,NaN,NaN,NaN

INPUT,0.383442521095276,0.0441718623042107,0.747262001037598,-2.2669951915741,3.07821297645569,-1.57697820663452,K,6
OUTPUT,NaN,NaN,NaN,NaN,NaN,NaN

INPUT,0.390349358320236,0.0452689714729786,0.759400367736816,-2.30404424667358,3.07169270515442,-1.53323888778687,K,7
OUTPUT,NaN,NaN,NaN,NaN,NaN,NaN

INPUT,0.395282834768295,0.0460526198148727,0.768070638179779,-2.33070373535156,3.06713223457336,-1.50253617763519,K,8
OUTPUT,NaN,NaN,NaN,NaN,NaN,NaN

INPUT,0.398242890834808,0.0465228110551834,0.773272812366486,-2.34672808647156,3.06443977355957,-1.48432540893555,K,9
OUTPUT,NaN,NaN,NaN,NaN,NaN,NaN

INPUT,0.371800392866135,0.0443126559257507,0.715388417243958,-2.31859827041626,3.04660439491272,-1.95836699008942,K,4
OUTPUT,NaN,NaN,NaN,NaN,NaN,NaN

INPUT,0.381660491228104,0.0463616065680981,0.730534195899963,-2.35860729217529,3.02800416946411,-1.91981065273285,K,5
OUTPUT,NaN,NaN,NaN,NaN,NaN,NaN

INPUT,0.391520619392395,0.0484105572104454,0.745679914951324,-2.39845418930054,3.00957894325256,-1.88100934028625,K,6
OUTPUT,NaN,NaN,NaN,NaN,NaN,NaN

INPUT,0.399189591407776,0.0500041879713535,0.757459938526154,-2.42930555343628,2.99542546272278,-1.85078847408295,K,7
OUTPUT,NaN,NaN,NaN,NaN,NaN,NaN

INPUT,0.404667407274246,0.0511424951255322,0.765874207019806,-2.45124578475952,2.98543477058411,-1.82922768592834,K,8
OUTPUT,NaN,NaN,NaN,NaN,NaN,NaN

INPUT,0.407954126596451,0.0518254786729813,0.770922780036926,-2.46436429023743,2.97949457168579,-1.8163138628006,K,9
OUTPUT,NaN,NaN,NaN,NaN,NaN,NaN

INPUT,0.36767715215683,0.0412324666976929,0.720995306968689,-2.29722428321838,3.07110667228699,-1.71320950984955,K,11
OUTPUT,NaN,NaN,NaN,NaN,NaN,NaN

INPUT,0.373416543006897,0.0420206785202026,0.732146322727203,-2.33058381080627,3.0631856918335,-1.677818775177,K,12
OUTPUT,NaN,NaN,NaN,NaN,NaN,NaN

INPUT,0.379155933856964,0.0428088940680027,0.743297338485718,-2.36413931846619,3.05535745620728,-1.64260280132294,K,13
OUTPUT,NaN,NaN,NaN,NaN,NaN,NaN

INPUT,0.384895294904709,0.0435971021652222,0.754448413848877,-2.39784383773804,3.04763078689575,-1.60751271247864,K,14
OUTPUT,NaN,NaN,NaN,NaN,NaN,NaN

INPUT,0.390634655952454,0.0443853177130222,0.765599429607391,-2.43166542053223,3.04001522064209,-1.57251477241516,K,15
OUTPUT,NaN,NaN,NaN,NaN,NaN,NaN

INPUT,0.395800113677979,0.0450947098433971,0.775635361671448,-2.46218609809875,3.03326368331909,-1.54107546806335,K,16
OUTPUT,NaN,NaN,NaN,NaN,NaN,NaN

INPUT,0.399817675352097,0.0456464551389217,0.783441066741943,-2.48596954345703,3.02808380126953,-1.51665234565735,K,17
OUTPUT,NaN,NaN,NaN,NaN,NaN,NaN

INPUT,0.402687340974808,0.0460405610501766,0.789016604423523,-2.50297951698303,3.02442407608032,-1.49922025203705,K,18
OUTPUT,NaN,NaN,NaN,NaN,NaN,NaN

INPUT,0.404409170150757,0.0462770275771618,0.792361915111542,-2.51319336891174,3.02224469184875,-1.48876535892487,K,19
OUTPUT,NaN,NaN,NaN,NaN,NaN,NaN

INPUT,0.404983103275299,0.0463558472692966,0.793476998806,-2.51659917831421,3.02152109146118,-1.48528110980988,K,20
OUTPUT,NaN,NaN,NaN,NaN,NaN,NaN

INPUT,0.358776152133942,0.0382228642702103,0.722369432449341,-1.97594058513641,3.11362075805664,-1.59868633747101,K,11
OUTPUT,NaN,NaN,NaN,NaN,NaN,NaN

INPUT,0.363469243049622,0.0386574380099773,0.73367965221405,-1.99531209468842,3.11044502258301,-1.57369315624237,K,12
OUTPUT,NaN,NaN,NaN,NaN,NaN,NaN

INPUT,0.368162333965302,0.0390920080244541,0.74498987197876,-2.01520371437073,3.10728454589844,-1.54921793937683,K,13
OUTPUT,NaN,NaN,NaN,NaN,NaN,NaN

INPUT,0.372855395078659,0.0395265817642212,0.756300032138824,-2.03548240661621,3.10414052009583,-1.52512717247009,K,14
OUTPUT,NaN,NaN,NaN,NaN,NaN,NaN

INPUT,0.377548485994339,0.039961151778698,0.767610251903534,-2.05605673789978,3.1010148525238,-1.50132966041565,K,15
OUTPUT,NaN,NaN,NaN,NaN,NaN,NaN

INPUT,0.381772249937057,0.0403522662818432,0.777789413928986,-2.07477283477783,3.09821891784668,-1.48010873794556,K,16
OUTPUT,NaN,NaN,NaN,NaN,NaN,NaN

INPUT,0.385057419538498,0.040656466037035,0.785706579685211,-2.08943653106689,3.09605598449707,-1.4637086391449,K,17
OUTPUT,NaN,NaN,NaN,NaN,NaN,NaN

INPUT,0.387403964996338,0.0408737510442734,0.791361689567566,-2.09996008872986,3.09451770782471,-1.45204269886017,K,18
OUTPUT,NaN,NaN,NaN,NaN,NaN,NaN

INPUT,0.388811886310577,0.0410041250288486,0.79475474357605,-2.10629177093506,3.09359765052795,-1.4450603723526,K,19
OUTPUT,NaN,NaN,NaN,NaN,NaN,NaN

INPUT,0.389281183481216,0.0410475805401802,0.795885741710663,-2.10840511322021,3.09329128265381,-1.44273567199707,K,20
OUTPUT,NaN,NaN,NaN,NaN,NaN,NaN

INPUT,0.361821383237839,0.0334818065166473,0.732641518115997,0.805432796478271,3.12074184417725,1.4020129442215,K,12
OUTPUT,NaN,NaN,NaN,NaN,NaN,NaN

INPUT,0.366341233253479,0.0333716385066509,0.743842244148254,0.771416008472443,3.11854362487793,1.4307769536972,K,13
OUTPUT,NaN,NaN,NaN,NaN,NaN,NaN

INPUT,0.370861083269119,0.0332614667713642,0.755042910575867,0.737853765487671,3.11636805534363,1.45999705791473,K,14
OUTPUT,NaN,NaN,NaN,NaN,NaN,NaN

INPUT,0.37538093328476,0.0331512987613678,0.766243577003479,0.704633712768555,3.11421704292297,1.48956108093262,K,15
OUTPUT,NaN,NaN,NaN,NaN,NaN,NaN

INPUT,0.379448801279068,0.0330521464347839,0.776324212551117,0.674963116645813,3.11230421066284,1.51639783382416,K,16
OUTPUT,NaN,NaN,NaN,NaN,NaN,NaN

INPUT,0.382612675428391,0.0329750292003155,0.784164667129517,0.65200674533844,3.11083245277405,1.53739249706268,K,17
OUTPUT,NaN,NaN,NaN,NaN,NaN,NaN

INPUT,0.384872615337372,0.0329199433326721,0.789765059947968,0.635664343833923,3.10979032516479,1.55244445800781,K,18
OUTPUT,NaN,NaN,NaN,NaN,NaN,NaN

INPUT,0.386228561401367,0.0328868925571442,0.793125212192535,0.625878632068634,3.1091685295105,1.56149554252625,K,19
OUTPUT,NaN,NaN,NaN,NaN,NaN,NaN

INPUT,0.386680543422699,0.0328758768737316,0.794245302677155,0.622619807720184,3.108962059021,1.56451570987701,K,20
OUTPUT,NaN,NaN,NaN,NaN,NaN,NaN

INPUT,0.364250212907791,0.0351421609520912,0.733783602714539,1.10834085941315,3.14049410820007,1.71703469753265,K,12
OUTPUT,NaN,NaN,NaN,NaN,NaN,NaN

INPUT,0.369025379419327,0.035206526517868,0.745105504989624,1.00889265537262,3.1403214931488,1.68163788318634,K,13
OUTPUT,NaN,NaN,NaN,NaN,NaN,NaN

INPUT,0.373800545930862,0.0352708920836449,0.756427407264709,0.925687670707703,3.14014577865601,1.66248428821564,K,14
OUTPUT,NaN,NaN,NaN,NaN,NaN,NaN

INPUT,0.378575712442398,0.0353352576494217,0.76774936914444,0.853607416152954,3.13996887207031,1.65445554256439,K,15
OUTPUT,NaN,NaN,NaN,NaN,NaN,NaN

INPUT,0.382873356342316,0.0353931859135628,0.777939081192017,0.795547187328339,3.13980889320374,1.65404152870178,K,16
OUTPUT,NaN,NaN,NaN,NaN,NaN,NaN

INPUT,0.38621598482132,0.0354382432997227,0.785864412784576,0.753774404525757,3.13968467712402,1.65710484981537,K,17
OUTPUT,NaN,NaN,NaN,NaN,NaN,NaN

INPUT,0.388603568077087,0.0354704260826111,0.791525363922119,0.725409328937531,3.13959622383118,1.6607654094696,K,18
OUTPUT,NaN,NaN,NaN,NaN,NaN,NaN

INPUT,0.390036106109619,0.035489734262228,0.794921934604645,0.70890200138092,3.13954329490662,1.66347348690033,K,19
OUTPUT,NaN,NaN,NaN,NaN,NaN,NaN

INPUT,0.390513628721237,0.0354961715638638,0.796054124832153,0.703478097915649,3.13952565193176,1.66445481777191,K,20
OUTPUT,NaN,NaN,NaN,NaN,NaN,NaN

INPUT,0.355608999729156,0.0311677008867264,0.732766568660736,0.649478018283844,3.1102819442749,1.37127733230591,K,12
OUTPUT,NaN,NaN,NaN,NaN,NaN,NaN

INPUT,0.359474718570709,0.0308138262480497,0.743980705738068,0.609934449195862,3.10706782341003,1.40770506858826,K,13
OUTPUT,NaN,NaN,NaN,NaN,NaN,NaN

INPUT,0.363340437412262,0.0304599534720182,0.755194783210754,0.570652425289154,3.10390329360962,1.44439840316772,K,14
OUTPUT,NaN,NaN,NaN,NaN,NaN,NaN

INPUT,0.367206156253815,0.0301060788333416,0.766408860683441,0.531567335128784,3.10079336166382,1.48129320144653,K,15
OUTPUT,NaN,NaN,NaN,NaN,NaN,NaN

INPUT,0.370685309171677,0.0297875925898552,0.776501536369324,0.49652111530304,3.09804439544678,1.51463305950165,K,16
OUTPUT,NaN,NaN,NaN,NaN,NaN,NaN

INPUT,0.373391300439835,0.029539879411459,0.784351408481598,0.469332158565521,3.09594130516052,1.54063582420349,K,17
OUTPUT,NaN,NaN,NaN,NaN,NaN,NaN

INPUT,0.375324159860611,0.0293629430234432,0.789958477020264,0.449942857027054,3.09445881843567,1.55924236774445,K,18
OUTPUT,NaN,NaN,NaN,NaN,NaN,NaN

INPUT,0.376483887434006,0.0292567815631628,0.793322682380676,0.438320517539978,3.09357738494873,1.57041800022125,K,19
OUTPUT,NaN,NaN,NaN,NaN,NaN,NaN

INPUT,0.376870453357697,0.0292213931679726,0.79444408416748,0.434448093175888,3.09328508377075,1.57414519786835,K,20
OUTPUT,NaN,NaN,NaN,NaN,NaN,NaN

INPUT,0.37429079413414,0.0485312938690186,0.719491422176361,-2.23146152496338,3.04348707199097,-1.85627806186676,K,11
OUTPUT,NaN,NaN,NaN,NaN,NaN,NaN

INPUT,0.380808740854263,0.0501783862709999,0.730464041233063,-2.25291562080383,3.03219652175903,-1.83353400230408,K,12
OUTPUT,NaN,NaN,NaN,NaN,NaN,NaN

INPUT,0.387326717376709,0.0518254786729813,0.741436660289764,-2.27450394630432,3.02095913887024,-1.81089663505554,K,13
OUTPUT,NaN,NaN,NaN,NaN,NaN,NaN

INPUT,0.393844693899155,0.0534725710749626,0.752409279346466,-2.29619598388672,3.00978088378906,-1.78833329677582,K,14
OUTPUT,NaN,NaN,NaN,NaN,NaN,NaN

INPUT,0.4003626704216,0.0551196672022343,0.763381898403168,-2.31797242164612,2.99866676330566,-1.76582157611847,K,15
OUTPUT,NaN,NaN,NaN,NaN,NaN,NaN

INPUT,0.406228840351105,0.0566020496189594,0.773257255554199,-2.3376317024231,2.98872375488281,-1.74559152126312,K,16
OUTPUT,NaN,NaN,NaN,NaN,NaN,NaN

INPUT,0.410791426897049,0.0577550157904625,0.78093808889389,-2.35295701026917,2.98103189468384,-1.72987103462219,K,17
OUTPUT,NaN,NaN,NaN,NaN,NaN,NaN

INPUT,0.414050430059433,0.0585785619914532,0.786424398422241,-2.36392068862915,2.97556114196777,-1.71864748001099,K,18
OUTPUT,NaN,NaN,NaN,NaN,NaN,NaN

INPUT,0.416005790233612,0.0590726882219315,0.789716184139252,-2.3705050945282,2.97228860855103,-1.71191477775574,K,19
OUTPUT,NaN,NaN,NaN,NaN,NaN,NaN

INPUT,0.416657596826553,0.0592373982071877,0.790813446044922,-2.3727011680603,2.97119927406311,-1.70967078208923,K,20
OUTPUT,NaN,NaN,NaN,NaN,NaN,NaN

INPUT,0.364181846380234,0.0392298474907875,0.721858263015747,-2.42092752456665,3.08824062347412,-1.78669738769531,K,11
OUTPUT,NaN,NaN,NaN,NaN,NaN,NaN

INPUT,0.369510650634766,0.0397826954722404,0.733109295368195,-2.45714116096497,3.08230972290039,-1.74827885627747,K,12
OUTPUT,NaN,NaN,NaN,NaN,NaN,NaN

INPUT,0.374839425086975,0.0403355434536934,0.744360208511353,-2.49356055259705,3.07646131515503,-1.71005308628082,K,13
OUTPUT,NaN,NaN,NaN,NaN,NaN,NaN

INPUT,0.380168229341507,0.0408883914351463,0.755611181259155,-2.53013491630554,3.07070374488831,-1.67196810245514,K,14
OUTPUT,NaN,NaN,NaN,NaN,NaN,NaN

INPUT,0.385497003793716,0.0414412394165993,0.766862154006958,-2.56682968139648,3.06504464149475,-1.63398826122284,K,15
OUTPUT,NaN,NaN,NaN,NaN,NaN,NaN

INPUT,0.390292912721634,0.041938804090023,0.77698802947998,-2.59993696212769,3.06004238128662,-1.59987497329712,K,16
OUTPUT,NaN,NaN,NaN,NaN,NaN,NaN

INPUT,0.394023060798645,0.0423257946968079,0.784863710403442,-2.62573218345642,3.0562150478363,-1.57337820529938,K,17
OUTPUT,NaN,NaN,NaN,NaN,NaN,NaN

INPUT,0.39668744802475,0.0426022186875343,0.790489196777344,-2.64417862892151,3.05351686477661,-1.55446803569794,K,18
OUTPUT,NaN,NaN,NaN,NaN,NaN,NaN

INPUT,0.398286104202271,0.0427680760622025,0.793864488601685,-2.65525436401367,3.05191254615784,-1.54312741756439,K,19
OUTPUT,NaN,NaN,NaN,NaN,NaN,NaN

INPUT,0.398818969726563,0.0428233593702316,0.794989585876465,-2.65894746780396,3.0513801574707,-1.53934800624847,K,20
OUTPUT,NaN,NaN,NaN,NaN,NaN,NaN

INPUT,0.364479005336761,0.0458140000700951,0.731683075428009,-1.88117504119873,3.08028268814087,-1.59354174137115,K,12
OUTPUT,NaN,NaN,NaN,NaN,NaN,NaN

INPUT,0.369278252124786,0.0470018908381462,0.742783188819885,-1.895139336586,3.07392525672913,-1.57716608047485,K,13
OUTPUT,NaN,NaN,NaN,NaN,NaN,NaN

INPUT,0.374077498912811,0.0481897816061974,0.753883302211761,-1.90929317474365,3.06759214401245,-1.56101715564728,K,14
OUTPUT,NaN,NaN,NaN,NaN,NaN,NaN

INPUT,0.378876775503159,0.0493776723742485,0.764983475208282,-1.92358005046844,3.06128835678101,-1.54505217075348,K,15
OUTPUT,NaN,NaN,NaN,NaN,NaN,NaN

INPUT,0.383196115493774,0.0504467748105526,0.774973571300507,-1.93651723861694,3.05564308166504,-1.53081750869751,K,16
OUTPUT,NaN,NaN,NaN,NaN,NaN,NaN

INPUT,0.386555582284927,0.0512782968580723,0.782743692398071,-1.94661521911621,3.05127310752869,-1.51982438564301,K,17
OUTPUT,NaN,NaN,NaN,NaN,NaN,NaN

INPUT,0.38895520567894,0.0518722422420979,0.788293719291687,-1.95384120941162,3.04816365242004,-1.51201105117798,K,18
OUTPUT,NaN,NaN,NaN,NaN,NaN,NaN

INPUT,0.390394985675812,0.0522286109626293,0.791623771190643,-1.95818078517914,3.04630279541016,-1.5073379278183,K,19
OUTPUT,NaN,NaN,NaN,NaN,NaN,NaN

INPUT,0.390874922275543,0.0523473992943764,0.792733788490295,-1.959627866745,3.04568338394165,-1.50578260421753,K,20
OUTPUT,NaN,NaN,NaN,NaN,NaN,NaN

INPUT,0.368098676204681,0.0403776504099369,0.715512990951538,-2.29598474502563,3.07058095932007,-1.72767722606659,K,4
OUTPUT,NaN,NaN,NaN,NaN,NaN,NaN

INPUT,0.377347946166992,0.041589081287384,0.730894505977631,-2.35308337211609,3.05711579322815,-1.66231691837311,K,5
OUTPUT,NaN,NaN,NaN,NaN,NaN,NaN

INPUT,0.386597186326981,0.0428005121648312,0.746276080608368,-2.41134214401245,3.0439658164978,-1.59804773330688,K,6
OUTPUT,NaN,NaN,NaN,NaN,NaN,NaN

INPUT,0.393791049718857,0.0437427349388599,0.758239448070526,-2.45718264579773,3.0339879989624,-1.54853570461273,K,7
OUTPUT,NaN,NaN,NaN,NaN,NaN,NaN

INPUT,0.398929506540298,0.0444157533347607,0.76678478717804,-2.49013495445251,3.02700924873352,-1.51334810256958,K,8
OUTPUT,NaN,NaN,NaN,NaN,NaN,NaN

INPUT,0.402012586593628,0.044819563627243,0.771911978721619,-2.50997543334961,3.02288508415222,-1.49229168891907,K,9
OUTPUT,NaN,NaN,NaN,NaN,NaN,NaN

INPUT,0.367293834686279,0.0384342707693577,0.731938481330872,-2.02264094352722,3.10771894454956,-1.57622313499451,K,5
OUTPUT,NaN,NaN,NaN,NaN,NaN,NaN

INPUT,0.375031292438507,0.0390764698386192,0.747767865657806,-2.05158543586731,3.1024534702301,-1.52596700191498,K,6
OUTPUT,NaN,NaN,NaN,NaN,NaN,NaN

INPUT,0.381049275398254,0.0395759530365467,0.760079622268677,-2.07582402229309,3.09840798377991,-1.48875892162323,K,7
OUTPUT,NaN,NaN,NaN,NaN,NaN,NaN

INPUT,0.385347843170166,0.039932731539011,0.768873751163483,-2.09376859664917,3.09555244445801,-1.46296584606171,K,8
OUTPUT,NaN,NaN,NaN,NaN,NaN,NaN

INPUT,0.387926995754242,0.0401467978954315,0.774150252342224,-2.1047260761261,3.09385442733765,-1.44776177406311,K,9
OUTPUT,NaN,NaN,NaN,NaN,NaN,NaN

INPUT,0.374699503183365,0.0469909943640232,0.714687347412109,-2.22277045249939,3.04266309738159,-1.85939013957977,K,4
OUTPUT,NaN,NaN,NaN,NaN,NaN,NaN

INPUT,0.385160863399506,0.0496084690093994,0.729620933532715,-2.26251101493835,3.02341246604919,-1.81973075866699,K,5
OUTPUT,NaN,NaN,NaN,NaN,NaN,NaN

INPUT,0.395622253417969,0.0522259399294853,0.74455451965332,-2.30228519439697,3.0043478012085,-1.78001499176025,K,6
OUTPUT,NaN,NaN,NaN,NaN,NaN,NaN

INPUT,0.403758883476257,0.05426175147295,0.756169497966766,-2.33316659927368,2.98970794677734,-1.74916911125183,K,7
OUTPUT,NaN,NaN,NaN,NaN,NaN,NaN

INPUT,0.409570783376694,0.0557159036397934,0.764465928077698,-2.35516023635864,2.97937703132629,-1.72719645500183,K,8
OUTPUT,NaN,NaN,NaN,NaN,NaN,NaN

INPUT,0.413057893514633,0.0565883927047253,0.769443809986115,-2.36832118034363,2.97323608398438,-1.71404719352722,K,9
OUTPUT,NaN,NaN,NaN,NaN,NaN,NaN

INPUT,0.373309671878815,0.0395756475627422,0.731718182563782,-2.48317766189575,3.07779455184937,-1.73257601261139,K,5
OUTPUT,NaN,NaN,NaN,NaN,NaN,NaN

INPUT,0.381918460130692,0.0404437705874443,0.747325122356415,-2.54570555686951,3.06798815727234,-1.66230762004852,K,6
OUTPUT,NaN,NaN,NaN,NaN,NaN,NaN

INPUT,0.38861420750618,0.0411189757287502,0.759463906288147,-2.59499311447144,3.06058239936829,-1.60827696323395,K,7
OUTPUT,NaN,NaN,NaN,NaN,NaN,NaN

INPUT,0.393396854400635,0.0416012667119503,0.768134474754333,-2.63045454025269,3.05542349815369,-1.56992077827454,K,8
OUTPUT,NaN,NaN,NaN,NaN,NaN,NaN

INPUT,0.396266460418701,0.0418906398117542,0.77333676815033,-2.65181469917297,3.05238389968872,-1.54698300361633,K,9
OUTPUT,NaN,NaN,NaN,NaN,NaN,NaN

INPUT,0.362125664949417,0.0337832197546959,0.723655998706818,0.859177768230438,3.12235736846924,1.41956722736359,K,4
OUTPUT,NaN,NaN,NaN,NaN,NaN,NaN

INPUT,0.368765771389008,0.033643763512373,0.73705005645752,0.791016697883606,3.11871361732483,1.45281195640564,K,5
OUTPUT,NaN,NaN,NaN,NaN,NaN,NaN

INPUT,0.375405937433243,0.03350430727005,0.750444173812866,0.727624833583832,3.11512351036072,1.49083006381989,K,6
OUTPUT,NaN,NaN,NaN,NaN,NaN,NaN

INPUT,0.380570471286774,0.0333958454430103,0.760861814022064,0.680653750896454,3.11238718032837,1.52240371704102,K,7
OUTPUT,NaN,NaN,NaN,NaN,NaN,NaN

INPUT,0.384259432554245,0.0333183705806732,0.768302977085114,0.648113250732422,3.11047005653381,1.54564344882965,K,8
OUTPUT,NaN,NaN,NaN,NaN,NaN,NaN

INPUT,0.386472821235657,0.0332718826830387,0.772767722606659,0.628950357437134,3.10933685302734,1.55977892875671,K,9
OUTPUT,NaN,NaN,NaN,NaN,NaN,NaN

INPUT,0.365167677402496,0.0351718366146088,0.726317167282104,2.30933618545532,3.14054346084595,2.88061714172363,K,4
OUTPUT,NaN,NaN,NaN,NaN,NaN,NaN

INPUT,0.371885240077972,0.0352647677063942,0.739482879638672,1.69233727455139,3.14057374000549,2.36722564697266,K,5
OUTPUT,NaN,NaN,NaN,NaN,NaN,NaN

INPUT,0.378602832555771,0.0353577025234699,0.752648532390594,1.18569350242615,3.14031338691711,1.96418917179108,K,6
OUTPUT,NaN,NaN,NaN,NaN,NaN,NaN

INPUT,0.383827596902847,0.0354299806058407,0.762888491153717,0.926693916320801,3.13999605178833,1.78541839122772,K,7
OUTPUT,NaN,NaN,NaN,NaN,NaN,NaN

INPUT,0.387559562921524,0.0354816094040871,0.77020275592804,0.791559755802155,3.1397397518158,1.7072446346283,K,8
OUTPUT,NaN,NaN,NaN,NaN,NaN,NaN

INPUT,0.389798760414124,0.0355125851929188,0.774591267108917,0.724141180515289,3.13957977294922,1.67382061481476,K,9
OUTPUT,NaN,NaN,NaN,NaN,NaN,NaN

INPUT,0.361755698919296,0.0310928728431463,0.736641764640808,0.616416811943054,3.10728597640991,1.4170937538147,K,5
OUTPUT,NaN,NaN,NaN,NaN,NaN,NaN

INPUT,0.367512404918671,0.0305654816329479,0.750258982181549,0.549888253211975,3.10211157798767,1.47260129451752,K,6
OUTPUT,NaN,NaN,NaN,NaN,NaN,NaN

INPUT,0.371989816427231,0.0301552880555391,0.760850191116333,0.499037146568298,3.09818696975708,1.51667559146881,K,7
OUTPUT,NaN,NaN,NaN,NaN,NaN,NaN

INPUT,0.375187993049622,0.02986229211092,0.768415331840515,0.463061779737473,3.09544253349304,1.54850900173187,K,8
OUTPUT,NaN,NaN,NaN,NaN,NaN,NaN

INPUT,0.377106904983521,0.0296864956617355,0.772954404354095,0.441589027643204,3.09382128715515,1.56772339344025,K,9
OUTPUT,NaN,NaN,NaN,NaN,NaN,NaN

INPUT,0.365209609270096,0.0441910810768604,0.724577844142914,-1.87750625610352,3.07999753952026,-1.609947681427,K,4
OUTPUT,NaN,NaN,NaN,NaN,NaN,NaN

INPUT,0.371811181306839,0.0458809733390808,0.737349331378937,-1.89821171760559,3.07084178924561,-1.5813148021698,K,5
OUTPUT,NaN,NaN,NaN,NaN,NaN,NaN

INPUT,0.378412753343582,0.0475708693265915,0.75012081861496,-1.91983151435852,3.06172800064087,-1.55358016490936,K,6
OUTPUT,NaN,NaN,NaN,NaN,NaN,NaN

INPUT,0.383547276258469,0.0488852299749851,0.760054230690002,-1.93707704544067,3.05467987060547,-1.53246653079987,K,7
OUTPUT,NaN,NaN,NaN,NaN,NaN,NaN

INPUT,0.387214809656143,0.049824059009552,0.76714950799942,-1.9495621919632,3.04967188835144,-1.51758396625519,K,8
OUTPUT,NaN,NaN,NaN,NaN,NaN,NaN

INPUT,0.389415353536606,0.0503873564302921,0.771406650543213,-1.95710575580597,3.04667901992798,-1.50872480869293,K,9
OUTPUT,NaN,NaN,NaN,NaN,NaN,NaN

INPUT,0.366144955158234,0.0403968021273613,0.722948014736176,-2.24744343757629,3.09850764274597,-1.79364848136902,K,11
OUTPUT,NaN,NaN,NaN,NaN,NaN,NaN

INPUT,0.371723085641861,0.0410834811627865,0.734316408634186,-2.27310061454773,3.09361791610718,-1.76591038703918,K,12
OUTPUT,NaN,NaN,NaN,NaN,NaN,NaN

INPUT,0.377301216125488,0.0417701564729214,0.745684862136841,-2.29895281791687,3.08876252174377,-1.73836088180542,K,13
OUTPUT,NaN,NaN,NaN,NaN,NaN,NaN

INPUT,0.382879316806793,0.0424568317830563,0.757053256034851,-2.32495093345642,3.08394479751587,-1.71095049381256,K,14
OUTPUT,NaN,NaN,NaN,NaN,NaN,NaN

INPUT,0.388457447290421,0.0431435070931911,0.768421709537506,-2.35106110572815,3.07916808128357,-1.68364489078522,K,15
OUTPUT,NaN,NaN,NaN,NaN,NaN,NaN

INPUT,0.393477767705917,0.0437615178525448,0.77865332365036,-2.37463665008545,3.07490682601929,-1.65913939476013,K,16
OUTPUT,NaN,NaN,NaN,NaN,NaN,NaN

INPUT,0.397382438182831,0.0442421920597553,0.786611199378967,-2.39301443099976,3.07161927223206,-1.64011609554291,K,17
OUTPUT,NaN,NaN,NaN,NaN,NaN,NaN

INPUT,0.400171518325806,0.0445855297148228,0.792295455932617,-2.40616059303284,3.06928563117981,-1.626544713974,K,18
OUTPUT,NaN,NaN,NaN,NaN,NaN,NaN

INPUT,0.401844948530197,0.0447915308177471,0.79570597410202,-2.41405534744263,3.06789183616638,-1.61840772628784,K,19
OUTPUT,NaN,NaN,NaN,NaN,NaN,NaN

INPUT,0.402402758598328,0.0448601990938187,0.796842813491821,-2.41668796539307,3.06742811203003,-1.61569631099701,K,20
OUTPUT,NaN,NaN,NaN,NaN,NaN,NaN

INPUT,0.360242545604706,0.0469568520784378,0.720531702041626,-1.89404964447021,3.07418823242188,-1.63596868515015,K,11
OUTPUT,NaN,NaN,NaN,NaN,NaN,NaN

INPUT,0.365108251571655,0.0484188683331013,0.73162567615509,-1.90810072422028,3.06634974479675,-1.61954832077026,K,12
OUTPUT,NaN,NaN,NaN,NaN,NaN,NaN

INPUT,0.369973957538605,0.0498808845877647,0.742719709873199,-1.92236518859863,3.05853629112244,-1.60336244106293,K,13
OUTPUT,NaN,NaN,NaN,NaN,NaN,NaN

INPUT,0.374839633703232,0.0513429008424282,0.753813624382019,-1.93677818775177,3.05075359344482,-1.58736038208008,K,14
OUTPUT,NaN,NaN,NaN,NaN,NaN,NaN

INPUT,0.379705339670181,0.0528049170970917,0.764907658100128,-1.95129287242889,3.04300689697266,-1.5715092420578,K,15
OUTPUT,NaN,NaN,NaN,NaN,NaN,NaN

INPUT,0.384084463119507,0.0541207306087017,0.774892210960388,-1.96441423892975,3.03607058525085,-1.5573548078537,K,16
OUTPUT,NaN,NaN,NaN,NaN,NaN,NaN

INPUT,0.387490451335907,0.0551441423594952,0.782657980918884,-1.97464418411255,3.03070116043091,-1.54641199111938,K,17
OUTPUT,NaN,NaN,NaN,NaN,NaN,NaN

INPUT,0.389923304319382,0.0558751486241817,0.788205027580261,-1.98195958137512,3.02688097953796,-1.53862917423248,K,18
OUTPUT,NaN,NaN,NaN,NaN,NaN,NaN

INPUT,0.391382992267609,0.0563137531280518,0.791533172130585,-1.98635077476501,3.02459502220154,-1.53397238254547,K,19
OUTPUT,NaN,NaN,NaN,NaN,NaN,NaN

INPUT,0.391869574785233,0.0564599558711052,0.792642593383789,-1.98781478404999,3.02383399009705,-1.53242218494415,K,20
OUTPUT,NaN,NaN,NaN,NaN,NaN,NaN

INPUT,0.367106169462204,0.0430730283260345,0.720790147781372,-2.19722366333008,3.08197164535522,-1.6815744638443,K,11
OUTPUT,NaN,NaN,NaN,NaN,NaN,NaN

INPUT,0.372779011726379,0.0440779663622379,0.731915593147278,-2.22635459899902,3.07522511482239,-1.65002286434174,K,12
OUTPUT,NaN,NaN,NaN,NaN,NaN,NaN

INPUT,0.378451883792877,0.0450829043984413,0.743041038513184,-2.25571465492249,3.06853985786438,-1.61868703365326,K,13
OUTPUT,NaN,NaN,NaN,NaN,NaN,NaN

INPUT,0.384124755859375,0.0460878424346447,0.754166483879089,-2.28524708747864,3.0619215965271,-1.58750867843628,K,14
OUTPUT,NaN,NaN,NaN,NaN,NaN,NaN

INPUT,0.389797627925873,0.0470927841961384,0.765291929244995,-2.31491303443909,3.0553765296936,-1.55644798278809,K,15
OUTPUT,NaN,NaN,NaN,NaN,NaN,NaN

INPUT,0.394903182983398,0.0479972288012505,0.775304853916168,-2.34170389175415,3.04955387115479,-1.52857029438019,K,16
OUTPUT,NaN,NaN,NaN,NaN,NaN,NaN

INPUT,0.398874193429947,0.0487006865441799,0.783092677593231,-2.36259126663208,3.04507231712341,-1.50692772865295,K,17
OUTPUT,NaN,NaN,NaN,NaN,NaN,NaN

INPUT,0.401710629463196,0.0492031536996365,0.788655400276184,-2.37753438949585,3.04189777374268,-1.49148666858673,K,18
OUTPUT,NaN,NaN,NaN,NaN,NaN,NaN

INPUT,0.403412491083145,0.0495046377182007,0.791993021965027,-2.38650870323181,3.04000401496887,-1.48222827911377,K,19
OUTPUT,NaN,NaN,NaN,NaN,NaN,NaN

INPUT,0.403979778289795,0.049605131149292,0.793105602264404,-2.38950157165527,3.03937458992004,-1.4791431427002,K,20
OUTPUT,NaN,NaN,NaN,NaN,NaN,NaN

INPUT,0.373928219079971,0.0498178079724312,0.7200767993927,-2.29070806503296,3.01297354698181,-1.81125724315643,K,11
OUTPUT,NaN,NaN,NaN,NaN,NaN,NaN

INPUT,0.380403995513916,0.0516163222491741,0.731117248535156,-2.318523645401,2.99827551841736,-1.78250849246979,K,12
OUTPUT,NaN,NaN,NaN,NaN,NaN,NaN

INPUT,0.386879771947861,0.0534148402512074,0.742157697677612,-2.34645533561707,2.98369193077087,-1.75381648540497,K,13
OUTPUT,NaN,NaN,NaN,NaN,NaN,NaN

INPUT,0.393355578184128,0.0552133545279503,0.753198146820068,-2.37448382377625,2.96923446655273,-1.72515594959259,K,14
OUTPUT,NaN,NaN,NaN,NaN,NaN,NaN

INPUT,0.399831354618073,0.0570118725299835,0.764238595962524,-2.40259575843811,2.95491480827332,-1.69650864601135,K,15
OUTPUT,NaN,NaN,NaN,NaN,NaN,NaN

INPUT,0.405659556388855,0.0586305372416973,0.774174988269806,-2.42796158790588,2.94215488433838,-1.67072653770447,K,16
OUTPUT,NaN,NaN,NaN,NaN,NaN,NaN

INPUT,0.410192608833313,0.0598894990980625,0.781903326511383,-2.44773030281067,2.93231964111328,-1.65066862106323,K,17
OUTPUT,NaN,NaN,NaN,NaN,NaN,NaN

INPUT,0.413430482149124,0.0607887580990791,0.787423551082611,-2.46187138557434,2.92534494400024,-1.63633716106415,K,18
OUTPUT,NaN,NaN,NaN,NaN,NaN,NaN

INPUT,0.415373235940933,0.0613283105194569,0.79073566198349,-2.47036409378052,2.92118072509766,-1.62773597240448,K,19
OUTPUT,NaN,NaN,NaN,NaN,NaN,NaN

INPUT,0.416020810604095,0.0615081638097763,0.791839718818665,-2.47319626808167,2.91979622840881,-1.62486851215363,K,20
OUTPUT,NaN,NaN,NaN,NaN,NaN,NaN

INPUT,0.360647857189178,0.0324588790535927,0.722633719444275,-2.52401089668274,3.12625408172607,-1.86762630939484,K,11
OUTPUT,NaN,NaN,NaN,NaN,NaN,NaN

INPUT,0.3655606508255,0.0322152748703957,0.733975887298584,-2.55930685997009,3.12462782859802,-1.82572185993195,K,12
OUTPUT,NaN,NaN,NaN,NaN,NaN,NaN

INPUT,0.370473474264145,0.0319716706871986,0.745318055152893,-2.59517765045166,3.12302708625793,-1.78439140319824,K,13
OUTPUT,NaN,NaN,NaN,NaN,NaN,NaN

INPUT,0.375386297702789,0.0317280665040016,0.756660223007202,-2.63147926330566,3.12145352363586,-1.74349057674408,K,14
OUTPUT,NaN,NaN,NaN,NaN,NaN,NaN

INPUT,0.380299091339111,0.0314844623208046,0.768002390861511,-2.66811227798462,3.11991000175476,-1.7029196023941,K,15
OUTPUT,NaN,NaN,NaN,NaN,NaN,NaN

INPUT,0.384720623493195,0.0312652140855789,0.778210401535034,-2.70130562782288,3.11854839324951,-1.66662859916687,K,16
OUTPUT,NaN,NaN,NaN,NaN,NaN,NaN

INPUT,0.388159602880478,0.0310946926474571,0.786149919033051,-2.72724318504333,3.11750841140747,-1.63852190971375,K,17
OUTPUT,NaN,NaN,NaN,NaN,NaN,NaN

INPUT,0.390615999698639,0.0309728905558586,0.791821002960205,-2.74582529067993,3.11677622795105,-1.61850070953369,K,18
OUTPUT,NaN,NaN,NaN,NaN,NaN,NaN

INPUT,0.39208984375,0.0308998078107834,0.795223653316498,-2.75699496269226,3.11634135246277,-1.60650789737701,K,19
OUTPUT,NaN,NaN,NaN,NaN,NaN,NaN

INPUT,0.392581135034561,0.0308754481375217,0.796357870101929,-2.76072120666504,3.11619710922241,-1.60251343250275,K,20
OUTPUT,NaN,NaN,NaN,NaN,NaN,NaN

INPUT,0.366878151893616,0.0398030504584312,0.717352747917175,-2.25076842308044,3.09790015220642,-1.8094003200531,K,4
OUTPUT,NaN,NaN,NaN,NaN,NaN,NaN

INPUT,0.375988066196442,0.0408816039562225,0.733114659786224,-2.29323554039001,3.08962607383728,-1.75634562969208,K,5
OUTPUT,NaN,NaN,NaN,NaN,NaN,NaN

INPUT,0.38509801030159,0.0419601574540138,0.748876571655273,-2.3371593952179,3.08146953582764,-1.70472717285156,K,6
OUTPUT,NaN,NaN,NaN,NaN,NaN,NaN

INPUT,0.392183512449265,0.0427990332245827,0.761135876178741,-2.37184715270996,3.0752420425415,-1.66536855697632,K,7
OUTPUT,NaN,NaN,NaN,NaN,NaN,NaN

INPUT,0.397244572639465,0.0433982312679291,0.769892513751984,-2.3967490196228,3.07087159156799,-1.63764464855194,K,8
OUTPUT,NaN,NaN,NaN,NaN,NaN,NaN

INPUT,0.400281220674515,0.0437577478587627,0.775146484375,-2.41170406341553,3.06828427314758,-1.62116408348083,K,9
OUTPUT,NaN,NaN,NaN,NaN,NaN,NaN

INPUT,0.368806540966034,0.0479833483695984,0.729851484298706,-1.92155981063843,3.06030368804932,-1.61723434925079,K,5
OUTPUT,NaN,NaN,NaN,NaN,NaN,NaN

INPUT,0.376766592264175,0.0502615198493004,0.745306193828583,-1.94461166858673,3.0470883846283,-1.58583796024323,K,6
OUTPUT,NaN,NaN,NaN,NaN,NaN,NaN

INPUT,0.382957756519318,0.0520334281027317,0.757326483726501,-1.96325409412384,3.03687000274658,-1.56216299533844,K,7
OUTPUT,NaN,NaN,NaN,NaN,NaN,NaN

INPUT,0.387380033731461,0.0532990768551826,0.765912413597107,-1.97683298587799,3.02961206436157,-1.54555523395538,K,8
OUTPUT,NaN,NaN,NaN,NaN,NaN,NaN

INPUT,0.390033394098282,0.0540584661066532,0.771063923835754,-1.98506081104279,3.02527594566345,-1.53569364547729,K,9
OUTPUT,NaN,NaN,NaN,NaN,NaN,NaN

INPUT,0.376843124628067,0.0437938123941422,0.73051792383194,-2.24813842773438,3.06992340087891,-1.63825118541718,K,5
OUTPUT,NaN,NaN,NaN,NaN,NaN,NaN

INPUT,0.38607582449913,0.0453839749097824,0.745887100696564,-2.29858613014221,3.0586302280426,-1.57985532283783,K,6
OUTPUT,NaN,NaN,NaN,NaN,NaN,NaN

INPUT,0.393256783485413,0.0466207638382912,0.757840871810913,-2.3383150100708,3.05005574226379,-1.53530848026276,K,7
OUTPUT,NaN,NaN,NaN,NaN,NaN,NaN

INPUT,0.398386061191559,0.047504186630249,0.766379237174988,-2.36676692962646,3.04406952857971,-1.50394785404205,K,8
OUTPUT,NaN,NaN,NaN,NaN,NaN,NaN

INPUT,0.401463627815247,0.048034243285656,0.771502315998077,-2.38382267951965,3.04054021835327,-1.48532009124756,K,9
OUTPUT,NaN,NaN,NaN,NaN,NaN,NaN

INPUT,0.374260187149048,0.0479470677673817,0.715736150741577,-2.27815818786621,3.0119514465332,-1.81428623199463,K,4
OUTPUT,NaN,NaN,NaN,NaN,NaN,NaN

INPUT,0.384400486946106,0.0508150272071362,0.73071676492691,-2.33019924163818,2.98684191703796,-1.76439774036407,K,5
OUTPUT,NaN,NaN,NaN,NaN,NaN,NaN

INPUT,0.394540756940842,0.0536829866468906,0.745697379112244,-2.38204026222229,2.96213316917419,-1.7141125202179,K,6
OUTPUT,NaN,NaN,NaN,NaN,NaN,NaN

INPUT,0.402427643537521,0.055913619697094,0.757349014282227,-2.42212462425232,2.94331836700439,-1.67496919631958,K,7
OUTPUT,NaN,NaN,NaN,NaN,NaN,NaN

INPUT,0.408061116933823,0.0575069300830364,0.76567155122757,-2.45057392120361,2.93014860153198,-1.64708733558655,K,8
OUTPUT,NaN,NaN,NaN,NaN,NaN,NaN

INPUT,0.411441206932068,0.058462917804718,0.770665109157562,-2.46755313873291,2.92236804962158,-1.6304144859314,K,9
OUTPUT,NaN,NaN,NaN,NaN,NaN,NaN

INPUT,0.36955851316452,0.0319889448583126,0.732315182685852,-2.59690308570862,3.12298130989075,-1.81956672668457,K,5
OUTPUT,NaN,NaN,NaN,NaN,NaN,NaN

INPUT,0.37767693400383,0.0315201245248318,0.748172879219055,-2.65388894081116,3.12044978141785,-1.73944211006165,K,6
OUTPUT,NaN,NaN,NaN,NaN,NaN,NaN

INPUT,0.383991241455078,0.0311554837971926,0.760506629943848,-2.69994139671326,3.1185474395752,-1.67885076999664,K,7
OUTPUT,NaN,NaN,NaN,NaN,NaN,NaN

INPUT,0.388501465320587,0.0308950282633305,0.769316494464874,-2.73352241516113,3.11722779273987,-1.63625621795654,K,8
OUTPUT,NaN,NaN,NaN,NaN,NaN,NaN

INPUT,0.391207605600357,0.0307387541979551,0.774602353572845,-2.75389623641968,3.11645269393921,-1.61092400550842,K,9
OUTPUT,NaN,NaN,NaN,NaN,NaN,NaN

INPUT,0.361625611782074,0.0344904959201813,0.733038902282715,0.884638905525208,3.12045359611511,1.35299074649811,K,12
OUTPUT,NaN,NaN,NaN,NaN,NaN,NaN

INPUT,0.36612468957901,0.0344863086938858,0.744281649589539,0.857347071170807,3.1181972026825,1.37498164176941,K,13
OUTPUT,NaN,NaN,NaN,NaN,NaN,NaN

INPUT,0.370623767375946,0.0344821251928806,0.755524396896362,0.830519556999207,3.11595511436462,1.3974381685257,K,14
OUTPUT,NaN,NaN,NaN,NaN,NaN,NaN

INPUT,0.375122845172882,0.0344779416918755,0.766767144203186,0.804041922092438,3.11372828483582,1.42024600505829,K,15
OUTPUT,NaN,NaN,NaN,NaN,NaN,NaN

INPUT,0.379172027111053,0.0344741754233837,0.776885688304901,0.78044456243515,3.11173844337463,1.44100689888,K,16
OUTPUT,NaN,NaN,NaN,NaN,NaN,NaN

INPUT,0.382321357727051,0.0344712473452091,0.78475558757782,0.762214481830597,3.11020112037659,1.45727849006653,K,17
OUTPUT,NaN,NaN,NaN,NaN,NaN,NaN

INPUT,0.384570896625519,0.0344691537320614,0.790376961231232,0.749249398708344,3.10910844802856,1.46895802021027,K,18
OUTPUT,NaN,NaN,NaN,NaN,NaN,NaN

INPUT,0.385920643806458,0.0344678983092308,0.793749809265137,0.741490542888641,3.10845541954041,1.47598612308502,K,19
OUTPUT,NaN,NaN,NaN,NaN,NaN,NaN

INPUT,0.386370539665222,0.0344674810767174,0.79487407207489,0.738907396793365,3.10823798179626,1.47833204269409,K,20
OUTPUT,NaN,NaN,NaN,NaN,NaN,NaN

INPUT,0.360269576311111,0.0358609855175018,0.721982061862946,-2.20081663131714,3.12645649909973,-1.65980339050293,K,11
OUTPUT,NaN,NaN,NaN,NaN,NaN,NaN

INPUT,0.36513814330101,0.0360174067318439,0.733247756958008,-2.22779273986816,3.12480974197388,-1.62315189838409,K,12
OUTPUT,NaN,NaN,NaN,NaN,NaN,NaN

INPUT,0.370006740093231,0.0361738242208958,0.74451345205307,-2.2556300163269,3.12317991256714,-1.58736085891724,K,13
OUTPUT,NaN,NaN,NaN,NaN,NaN,NaN

INPUT,0.374875336885452,0.0363302454352379,0.755779087543488,-2.28411173820496,3.12156844139099,-1.55221319198608,K,14
OUTPUT,NaN,NaN,NaN,NaN,NaN,NaN

INPUT,0.379743903875351,0.03648666664958,0.76704478263855,-2.31308746337891,3.11997675895691,-1.51755881309509,K,15
OUTPUT,NaN,NaN,NaN,NaN,NaN,NaN

INPUT,0.384125649929047,0.0366274453699589,0.777183890342712,-2.33949971199036,3.11856317520142,-1.48670268058777,K,16
OUTPUT,NaN,NaN,NaN,NaN,NaN,NaN

INPUT,0.387533664703369,0.0367369391024113,0.78506988286972,-2.36022210121155,3.11747646331787,-1.46288239955902,K,17
OUTPUT,NaN,NaN,NaN,NaN,NaN,NaN

INPUT,0.389967948198318,0.0368151478469372,0.790702700614929,-2.37510633468628,3.11670756340027,-1.44595003128052,K,18
OUTPUT,NaN,NaN,NaN,NaN,NaN,NaN

INPUT,0.391428530216217,0.0368620753288269,0.794082403182983,-2.38406658172607,3.11624908447266,-1.43582034111023,K,19
OUTPUT,NaN,NaN,NaN,NaN,NaN,NaN

INPUT,0.391915380954742,0.0368777178227901,0.795208990573883,-2.38705801963806,3.11609673500061,-1.43244850635529,K,20
OUTPUT,NaN,NaN,NaN,NaN,NaN,NaN

INPUT,0.360924690961838,0.0390067473053932,0.7215256690979,-2.20086598396301,3.10578441619873,-1.71109974384308,K,11
OUTPUT,NaN,NaN,NaN,NaN,NaN,NaN

INPUT,0.365870594978333,0.0395334735512733,0.732736587524414,-2.22778797149658,3.10175442695618,-1.68041241168976,K,12
OUTPUT,NaN,NaN,NaN,NaN,NaN,NaN

INPUT,0.37081652879715,0.0400601997971535,0.743947505950928,-2.25505685806274,3.09775757789612,-1.65006732940674,K,13
OUTPUT,NaN,NaN,NaN,NaN,NaN,NaN

INPUT,0.375762462615967,0.0405869223177433,0.755158424377441,-2.28258419036865,3.0937967300415,-1.61997604370117,K,14
OUTPUT,NaN,NaN,NaN,NaN,NaN,NaN

INPUT,0.380708396434784,0.0411136485636234,0.766369342803955,-2.31030964851379,3.0898756980896,-1.59007716178894,K,15
OUTPUT,NaN,NaN,NaN,NaN,NaN,NaN

INPUT,0.385159730911255,0.0415876992046833,0.776459157466888,-2.33539628982544,3.08638334274292,-1.56329715251923,K,16
OUTPUT,NaN,NaN,NaN,NaN,NaN,NaN

INPUT,0.388621866703033,0.0419564060866833,0.784306824207306,-2.35498023033142,3.0836923122406,-1.54253661632538,K,17
OUTPUT,NaN,NaN,NaN,NaN,NaN,NaN

INPUT,0.391094833612442,0.0422197692096233,0.789912283420563,-2.36900186538696,3.08178472518921,-1.52773916721344,K,18
OUTPUT,NaN,NaN,NaN,NaN,NaN,NaN

INPUT,0.392578601837158,0.0423777885735035,0.793275535106659,-2.37742686271667,3.08064603805542,-1.51887190341949,K,19
OUTPUT,NaN,NaN,NaN,NaN,NaN,NaN

INPUT,0.393073201179504,0.0424304604530334,0.794396638870239,-2.38023734092712,3.08026742935181,-1.51591789722443,K,20
OUTPUT,NaN,NaN,NaN,NaN,NaN,NaN

INPUT,0.369122684001923,0.0359208211302757,0.731478571891785,-2.26906681060791,3.12315845489502,-1.62843430042267,K,5
OUTPUT,NaN,NaN,NaN,NaN,NaN,NaN

INPUT,0.377194315195084,0.0361395813524723,0.747223913669586,-2.30880665779114,3.12054014205933,-1.55432999134064,K,6
OUTPUT,NaN,NaN,NaN,NaN,NaN,NaN

INPUT,0.383472263813019,0.036309726536274,0.759470224380493,-2.342205286026,3.11855721473694,-1.49965155124664,K,7
OUTPUT,NaN,NaN,NaN,NaN,NaN,NaN

INPUT,0.387956500053406,0.036431260406971,0.768217623233795,-2.36692667007446,3.11717677116394,-1.46191728115082,K,8
OUTPUT,NaN,NaN,NaN,NaN,NaN,NaN

INPUT,0.390647053718567,0.0365041792392731,0.773466050624847,-2.38200163841248,3.11636471748352,-1.43975818157196,K,9
OUTPUT,NaN,NaN,NaN,NaN,NaN,NaN

INPUT,0.369668543338776,0.0393397510051727,0.731023550033569,-2.25302886962891,3.09843945503235,-1.67340528964996,K,5
OUTPUT,NaN,NaN,NaN,NaN,NaN,NaN

INPUT,0.377774804830551,0.0401479788124561,0.746651411056519,-2.29780721664429,3.09173965454102,-1.61509990692139,K,6
OUTPUT,NaN,NaN,NaN,NaN,NaN,NaN

INPUT,0.384079664945602,0.0407765991985798,0.758806347846985,-2.33361196517944,3.08664035797119,-1.57106733322144,K,7
OUTPUT,NaN,NaN,NaN,NaN,NaN,NaN

INPUT,0.388583123683929,0.0412256121635437,0.767488479614258,-2.35946869850159,3.08307194709778,-1.54023325443268,K,8
OUTPUT,NaN,NaN,NaN,NaN,NaN,NaN

INPUT,0.391285210847855,0.0414950214326382,0.772697806358337,-2.37504148483276,3.08096408843994,-1.52196776866913,K,9
OUTPUT,NaN,NaN,NaN,NaN,NaN,NaN

INPUT,0.36199277639389,0.0347602069377899,0.724132001399994,0.939807891845703,3.12196660041809,1.38010251522064,K,4
OUTPUT,NaN,NaN,NaN,NaN,NaN,NaN

INPUT,0.368576228618622,0.0348016247153282,0.737566649913788,0.880568981170654,3.11827492713928,1.40024483203888,K,5
OUTPUT,NaN,NaN,NaN,NaN,NaN,NaN

INPUT,0.375159651041031,0.0348430424928665,0.751001298427582,0.826656520366669,3.11461329460144,1.42571699619293,K,6
OUTPUT,NaN,NaN,NaN,NaN,NaN,NaN

INPUT,0.38028010725975,0.0348752550780773,0.761450529098511,0.78722882270813,3.11179900169373,1.44787573814392,K,7
OUTPUT,NaN,NaN,NaN,NaN,NaN,NaN

INPUT,0.38393759727478,0.0348982661962509,0.768914222717285,0.760093986988068,3.10981178283691,1.46457576751709,K,8
OUTPUT,NaN,NaN,NaN,NaN,NaN,NaN

INPUT,0.386132061481476,0.034912072122097,0.77339243888855,0.744163751602173,3.10862994194031,1.47486436367035,K,9
OUTPUT,NaN,NaN,NaN,NaN,NaN,NaN

INPUT,0.346765398979187,0.0241699535399675,0.733884990215302,0.900397956371307,3.07640743255615,1.36008071899414,K,12
OUTPUT,NaN,NaN,NaN,NaN,NaN,NaN

INPUT,0.349700152873993,0.023079439997673,0.745216846466064,0.875321507453918,3.06960892677307,1.38340985774994,K,13
OUTPUT,NaN,NaN,NaN,NaN,NaN,NaN

INPUT,0.352634906768799,0.0219889264553785,0.756548643112183,0.85038948059082,3.06285238265991,1.40689527988434,K,14
OUTPUT,NaN,NaN,NaN,NaN,NaN,NaN

INPUT,0.355569690465927,0.0208984110504389,0.767880499362946,0.825565040111542,3.0561420917511,1.43050110340118,K,15
OUTPUT,NaN,NaN,NaN,NaN,NaN,NaN

INPUT,0.358210980892181,0.0199169479310513,0.778079152107239,0.803293228149414,3.05014538764954,1.45182836055756,K,16
OUTPUT,NaN,NaN,NaN,NaN,NaN,NaN

INPUT,0.36026531457901,0.0191535875201225,0.786011457443237,0.786007165908813,3.04551124572754,1.46846103668213,K,17
OUTPUT,NaN,NaN,NaN,NaN,NaN,NaN

INPUT,0.361732691526413,0.0186083316802979,0.791677355766296,0.77367639541626,3.04221796989441,1.48036217689514,K,18
OUTPUT,NaN,NaN,NaN,NaN,NaN,NaN

INPUT,0.362613141536713,0.0182811766862869,0.795076906681061,0.766283571720123,3.04024887084961,1.48751068115234,K,19
OUTPUT,NaN,NaN,NaN,NaN,NaN,NaN

INPUT,0.362906605005264,0.0181721262633801,0.796210110187531,0.763820171356201,3.03959369659424,1.48989462852478,K,20
OUTPUT,NaN,NaN,NaN,NaN,NaN,NaN

INPUT,0.36170956492424,0.0449007712304592,0.721607327461243,-1.81925308704376,3.0765106678009,-1.49755549430847,K,11
OUTPUT,NaN,NaN,NaN,NaN,NaN,NaN

INPUT,0.366747379302979,0.0461207702755928,0.732828795909882,-1.83690857887268,3.06894969940186,-1.47715556621552,K,12
OUTPUT,NaN,NaN,NaN,NaN,NaN,NaN

INPUT,0.371785193681717,0.0473407693207264,0.744050323963165,-1.85480058193207,3.06142616271973,-1.45703887939453,K,13
OUTPUT,NaN,NaN,NaN,NaN,NaN,NaN

INPUT,0.376823037862778,0.04856076836586,0.755271792411804,-1.87284791469574,3.05394816398621,-1.43715143203735,K,14
OUTPUT,NaN,NaN,NaN,NaN,NaN,NaN

INPUT,0.381860852241516,0.0497807674109936,0.766493320465088,-1.89099109172821,3.04652380943298,-1.41746115684509,K,15
OUTPUT,NaN,NaN,NaN,NaN,NaN,NaN

INPUT,0.386394888162613,0.0508787669241428,0.776592671871185,-1.90736413002014,3.03989434242249,-1.39989221096039,K,16
OUTPUT,NaN,NaN,NaN,NaN,NaN,NaN

INPUT,0.389921367168427,0.0517327636480331,0.784447729587555,-1.92010939121246,3.03477573394775,-1.38632190227509,K,17
OUTPUT,NaN,NaN,NaN,NaN,NaN,NaN

INPUT,0.392440289258957,0.0523427650332451,0.790058493614197,-1.92921221256256,3.03114151954651,-1.37667798995972,K,18
OUTPUT,NaN,NaN,NaN,NaN,NaN,NaN

INPUT,0.393951624631882,0.0527087636291981,0.793424904346466,-1.93467175960541,3.02897024154663,-1.37091112136841,K,19
OUTPUT,NaN,NaN,NaN,NaN,NaN,NaN

INPUT,0.394455403089523,0.0528307631611824,0.794547080993652,-1.93649113178253,3.02824783325195,-1.36899197101593,K,20
OUTPUT,NaN,NaN,NaN,NaN,NaN,NaN

INPUT,0.36730420589447,0.0480092726647854,0.721267342567444,-2.18632745742798,3.05043864250183,-1.73983287811279,K,11
OUTPUT,NaN,NaN,NaN,NaN,NaN,NaN

INPUT,0.373000174760818,0.0495949946343899,0.732448756694794,-2.2118616104126,3.04001092910767,-1.71277689933777,K,12
OUTPUT,NaN,NaN,NaN,NaN,NaN,NaN

INPUT,0.378696143627167,0.0511807128787041,0.743630170822144,-2.23755073547363,3.02965331077576,-1.68584835529327,K,13
OUTPUT,NaN,NaN,NaN,NaN,NaN,NaN

INPUT,0.384392112493515,0.052766427397728,0.754811584949493,-2.26335954666138,3.01937294006348,-1.65900921821594,K,14
OUTPUT,NaN,NaN,NaN,NaN,NaN,NaN

INPUT,0.390088081359863,0.0543521456420422,0.765992999076843,-2.2892644405365,3.0091769695282,-1.63223302364349,K,15
OUTPUT,NaN,NaN,NaN,NaN,NaN,NaN

INPUT,0.395214468240738,0.055779293179512,0.776056289672852,-2.31264734268188,3.00007891654968,-1.60817265510559,K,16
OUTPUT,NaN,NaN,NaN,NaN,NaN,NaN

INPUT,0.399201631546021,0.0568892955780029,0.783883273601532,-2.33087301254272,2.99305725097656,-1.58947718143463,K,17
OUTPUT,NaN,NaN,NaN,NaN,NaN,NaN

INPUT,0.402049630880356,0.0576821565628052,0.789474010467529,-2.34391045570374,2.98807239532471,-1.57613039016724,K,18
OUTPUT,NaN,NaN,NaN,NaN,NaN,NaN

INPUT,0.403758436441422,0.0581578724086285,0.792828440666199,-2.35173988342285,2.98509430885315,-1.56812477111816,K,19
OUTPUT,NaN,NaN,NaN,NaN,NaN,NaN

INPUT,0.404328018426895,0.0583164431154728,0.79394656419754,-2.35435104370117,2.98410367965698,-1.56545650959015,K,20
OUTPUT,NaN,NaN,NaN,NaN,NaN,NaN

INPUT,0.370086401700974,0.0495553575456142,0.721570074558258,-2.2566339969635,3.05803823471069,-1.80632650852203,K,11
OUTPUT,NaN,NaN,NaN,NaN,NaN,NaN

INPUT,0.376109689474106,0.0513229258358479,0.732787251472473,-2.28237462043762,3.04849553108215,-1.77904140949249,K,12
OUTPUT,NaN,NaN,NaN,NaN,NaN,NaN

INPUT,0.382133007049561,0.0530904941260815,0.744004428386688,-2.308269739151,3.03901815414429,-1.75188767910004,K,13
OUTPUT,NaN,NaN,NaN,NaN,NaN,NaN

INPUT,0.388156294822693,0.0548580586910248,0.755221605300903,-2.33428406715393,3.02961277961731,-1.72482717037201,K,14
OUTPUT,NaN,NaN,NaN,NaN,NaN,NaN

INPUT,0.394179612398148,0.0566256307065487,0.766438782215118,-2.36039280891418,3.02028608322144,-1.69783341884613,K,15
OUTPUT,NaN,NaN,NaN,NaN,NaN,NaN

INPUT,0.399600565433502,0.0582164414227009,0.776534259319305,-2.38395762443542,3.01196479797363,-1.67358040809631,K,16
OUTPUT,NaN,NaN,NaN,NaN,NaN,NaN

INPUT,0.403816878795624,0.0594537407159805,0.784386277198792,-2.40232372283936,3.00554370880127,-1.65473699569702,K,17
OUTPUT,NaN,NaN,NaN,NaN,NaN,NaN

INPUT,0.406828552484512,0.0603375248610973,0.789994895458221,-2.41546058654785,3.00098562240601,-1.64128577709198,K,18
OUTPUT,NaN,NaN,NaN,NaN,NaN,NaN

INPUT,0.408635526895523,0.0608677938580513,0.79336005449295,-2.42334938049316,2.99826288223267,-1.63321793079376,K,19
OUTPUT,NaN,NaN,NaN,NaN,NaN,NaN

INPUT,0.409237861633301,0.0610445514321327,0.794481754302979,-2.42598009109497,2.99735713005066,-1.63052892684937,K,20
OUTPUT,NaN,NaN,NaN,NaN,NaN,NaN

INPUT,0.369954526424408,0.0533258058130741,0.720094799995422,-2.12614965438843,3.04019069671631,-1.79757523536682,K,11
OUTPUT,NaN,NaN,NaN,NaN,NaN,NaN

INPUT,0.375961750745773,0.0555367060005665,0.731139719486237,-2.14488840103149,3.02840662002563,-1.77737700939178,K,12
OUTPUT,NaN,NaN,NaN,NaN,NaN,NaN

INPUT,0.381969004869461,0.0577476099133492,0.742184638977051,-2.16374611854553,3.01668453216553,-1.75733637809753,K,13
OUTPUT,NaN,NaN,NaN,NaN,NaN,NaN

INPUT,0.387976229190826,0.0599585101008415,0.753229558467865,-2.18267250061035,3.00503826141357,-1.73743176460266,K,14
OUTPUT,NaN,NaN,NaN,NaN,NaN,NaN

INPUT,0.393983483314514,0.0621694102883339,0.764274418354034,-2.2016282081604,2.99348139762878,-1.71765327453613,K,15
OUTPUT,NaN,NaN,NaN,NaN,NaN,NaN

INPUT,0.399389982223511,0.0641592219471931,0.774214863777161,-2.21868753433228,2.98316717147827,-1.69995808601379,K,16
OUTPUT,NaN,NaN,NaN,NaN,NaN,NaN

INPUT,0.403595060110092,0.0657068490982056,0.781946301460266,-2.23194217681885,2.9752082824707,-1.68626475334167,K,17
OUTPUT,NaN,NaN,NaN,NaN,NaN,NaN

INPUT,0.406598657369614,0.0668123066425323,0.787468731403351,-2.24139738082886,2.96955943107605,-1.67652177810669,K,18
OUTPUT,NaN,NaN,NaN,NaN,NaN,NaN

INPUT,0.40840083360672,0.0674755722284317,0.79078221321106,-2.24706435203552,2.96618556976318,-1.67069149017334,K,19
OUTPUT,NaN,NaN,NaN,NaN,NaN,NaN

INPUT,0.409001559019089,0.0676966607570648,0.791886687278748,-2.24895215034485,2.96506333351135,-1.66875064373016,K,20
OUTPUT,NaN,NaN,NaN,NaN,NaN,NaN

INPUT,0.361631363630295,0.0340404771268368,0.721625566482544,-2.32211399078369,3.13658761978149,-1.76369905471802,K,11
OUTPUT,NaN,NaN,NaN,NaN,NaN,NaN

INPUT,0.366660505533218,0.0339829437434673,0.732848227024078,-2.34261655807495,3.13610601425171,-1.71853017807007,K,12
OUTPUT,NaN,NaN,NaN,NaN,NaN,NaN

INPUT,0.37168961763382,0.0339254103600979,0.744070827960968,-2.3651008605957,3.13562941551208,-1.67534279823303,K,13
OUTPUT,NaN,NaN,NaN,NaN,NaN,NaN

INPUT,0.376718759536743,0.0338678807020187,0.755293488502502,-2.38910889625549,3.13515901565552,-1.63367927074432,K,14
OUTPUT,NaN,NaN,NaN,NaN,NaN,NaN

INPUT,0.381747871637344,0.0338103473186493,0.766516089439392,-2.41431307792664,3.13469481468201,-1.59321177005768,K,15
OUTPUT,NaN,NaN,NaN,NaN,NaN,NaN

INPUT,0.386274099349976,0.0337585657835007,0.776616513729095,-2.43781971931458,3.13428330421448,-1.55761361122131,K,16
OUTPUT,NaN,NaN,NaN,NaN,NaN,NaN

INPUT,0.3897944688797,0.033718291670084,0.784472346305847,-2.45655107498169,3.13396739959717,-1.53037464618683,K,17
OUTPUT,NaN,NaN,NaN,NaN,NaN,NaN

INPUT,0.392309039831161,0.0336895287036896,0.790083646774292,-2.47013926506042,3.13374400138855,-1.51112687587738,K,18
OUTPUT,NaN,NaN,NaN,NaN,NaN,NaN

INPUT,0.393817782402039,0.0336722657084465,0.793450474739075,-2.47836780548096,3.13361096382141,-1.49965393543243,K,19
OUTPUT,NaN,NaN,NaN,NaN,NaN,NaN

INPUT,0.394320696592331,0.0336665138602257,0.794572710990906,-2.48112273216248,3.13356685638428,-1.49584150314331,K,20
OUTPUT,NaN,NaN,NaN,NaN,NaN,NaN

INPUT,0.375798106193542,0.0565987601876259,0.718317091464996,-2.14148831367493,2.99353694915771,-1.79831480979919,K,11
OUTPUT,NaN,NaN,NaN,NaN,NaN,NaN

INPUT,0.382493585348129,0.0591948367655277,0.729151606559753,-2.1612811088562,2.97640657424927,-1.77758383750916,K,12
OUTPUT,NaN,NaN,NaN,NaN,NaN,NaN

INPUT,0.389189034700394,0.0617909133434296,0.739986181259155,-2.18119025230408,2.95934367179871,-1.75691199302673,K,13
OUTPUT,NaN,NaN,NaN,NaN,NaN,NaN

INPUT,0.39588451385498,0.0643869861960411,0.750820696353912,-2.20119619369507,2.94235563278198,-1.73627376556396,K,14
OUTPUT,NaN,NaN,NaN,NaN,NaN,NaN

INPUT,0.402579963207245,0.0669830590486526,0.761655211448669,-2.2212860584259,2.92544913291931,-1.7156503200531,K,15
OUTPUT,NaN,NaN,NaN,NaN,NaN,NaN

INPUT,0.40860590338707,0.0693195313215256,0.771406292915344,-2.23943185806274,2.91030931472778,-1.69709062576294,K,16
OUTPUT,NaN,NaN,NaN,NaN,NaN,NaN

INPUT,0.413292735815048,0.0711367875337601,0.77899044752121,-2.25358510017395,2.89858722686768,-1.68265080451965,K,17
OUTPUT,NaN,NaN,NaN,NaN,NaN,NaN

INPUT,0.41664046049118,0.0724348202347755,0.784407734870911,-2.2637152671814,2.89024424552917,-1.67233240604401,K,18
OUTPUT,NaN,NaN,NaN,NaN,NaN,NaN

INPUT,0.418649107217789,0.0732136443257332,0.787658095359802,-2.26980113983154,2.88525104522705,-1.66613912582397,K,19
OUTPUT,NaN,NaN,NaN,NaN,NaN,NaN

INPUT,0.419318646192551,0.0734732523560524,0.788741528987885,-2.27183127403259,2.88358855247498,-1.66407430171967,K,20
OUTPUT,NaN,NaN,NaN,NaN,NaN,NaN

INPUT,0.367520689964294,0.0440205335617065,0.720384776592255,-2.38414263725281,3.07448554039001,-1.7842755317688,K,11
OUTPUT,NaN,NaN,NaN,NaN,NaN,NaN

INPUT,0.373242259025574,0.0451370403170586,0.731462419033051,-2.41854810714722,3.06696605682373,-1.74807119369507,K,12
OUTPUT,NaN,NaN,NaN,NaN,NaN,NaN

INPUT,0.378963828086853,0.0462535470724106,0.742540061473846,-2.45312714576721,3.0595395565033,-1.71202087402344,K,13
OUTPUT,NaN,NaN,NaN,NaN,NaN,NaN

INPUT,0.38468536734581,0.0473700538277626,0.753617644309998,-2.48783826828003,3.05221509933472,-1.6760812997818,K,14
OUTPUT,NaN,NaN,NaN,NaN,NaN,NaN

INPUT,0.390406936407089,0.0484865605831146,0.764695227146149,-2.52265334129333,3.04500222206116,-1.64022243022919,K,15
OUTPUT,NaN,NaN,NaN,NaN,NaN,NaN

INPUT,0.395556330680847,0.0494914166629314,0.774665117263794,-2.55405926704407,3.03861331939697,-1.60800099372864,K,16
OUTPUT,NaN,NaN,NaN,NaN,NaN,NaN

INPUT,0.399561434984207,0.0502729713916779,0.782419443130493,-2.57852625846863,3.03371572494507,-1.58296597003937,K,17
OUTPUT,NaN,NaN,NaN,NaN,NaN,NaN

INPUT,0.402422189712524,0.0508312247693539,0.787958204746246,-2.59602212905884,3.03025770187378,-1.56509506702423,K,18
OUTPUT,NaN,NaN,NaN,NaN,NaN,NaN

INPUT,0.404138654470444,0.0511661767959595,0.791281521320343,-2.60652637481689,3.0281994342804,-1.55437636375427,K,19
OUTPUT,NaN,NaN,NaN,NaN,NaN,NaN

INPUT,0.404710829257965,0.0512778274714947,0.792389273643494,-2.61002898216248,3.02751612663269,-1.5508040189743,K,20
OUTPUT,NaN,NaN,NaN,NaN,NaN,NaN

INPUT,0.361858308315277,0.035292387008667,0.732087552547455,-2.21529293060303,3.1340925693512,-1.84370672702789,K,12
OUTPUT,NaN,NaN,NaN,NaN,NaN,NaN

INPUT,0.36639529466629,0.0353697575628757,0.743225336074829,-2.22802829742432,3.13338732719421,-1.81720817089081,K,13
OUTPUT,NaN,NaN,NaN,NaN,NaN,NaN

INPUT,0.370932310819626,0.0354471243917942,0.754363119602203,-2.24181818962097,3.13268637657166,-1.79185497760773,K,14
OUTPUT,NaN,NaN,NaN,NaN,NaN,NaN

INPUT,0.375469297170639,0.035524494946003,0.765500903129578,-2.25640439987183,3.13199067115784,-1.76741802692413,K,15
OUTPUT,NaN,NaN,NaN,NaN,NaN,NaN

INPUT,0.379552632570267,0.0355941243469715,0.775524914264679,-2.27005314826965,3.13136982917786,-1.74607264995575,K,16
OUTPUT,NaN,NaN,NaN,NaN,NaN,NaN

INPUT,0.382728517055511,0.0356482826173306,0.78332132101059,-2.28093791007996,3.13089060783386,-1.72983622550964,K,17
OUTPUT,NaN,NaN,NaN,NaN,NaN,NaN

INPUT,0.384997010231018,0.0356869697570801,0.788890242576599,-2.28883075714111,3.13055062294006,-1.71841478347778,K,18
OUTPUT,NaN,NaN,NaN,NaN,NaN,NaN

INPUT,0.386358112096786,0.0357101783156395,0.792231559753418,-2.29360747337341,3.13034749031067,-1.71162748336792,K,19
OUTPUT,NaN,NaN,NaN,NaN,NaN,NaN

INPUT,0.386811822652817,0.0357179157435894,0.793345332145691,-2.29520606994629,3.1302797794342,-1.70937550067902,K,20
OUTPUT,NaN,NaN,NaN,NaN,NaN,NaN

INPUT,0.370670974254608,0.0455696396529675,0.731223940849304,-1.85511696338654,3.06311058998108,-1.4756715297699,K,5
OUTPUT,NaN,NaN,NaN,NaN,NaN,NaN

INPUT,0.3789421916008,0.0474231578409672,0.746866524219513,-1.88335382938385,3.05043244361877,-1.43606507778168,K,6
OUTPUT,NaN,NaN,NaN,NaN,NaN,NaN

INPUT,0.385375320911407,0.0488647781312466,0.759032905101776,-1.90626692771912,3.0406608581543,-1.40628755092621,K,7
OUTPUT,NaN,NaN,NaN,NaN,NaN,NaN

INPUT,0.389970421791077,0.0498945116996765,0.767723262310028,-1.92297530174255,3.03374147415161,-1.38544523715973,K,8
OUTPUT,NaN,NaN,NaN,NaN,NaN,NaN

INPUT,0.392727494239807,0.0505123510956764,0.772937417030334,-1.93310165405273,3.02961754798889,-1.37308812141418,K,9
OUTPUT,NaN,NaN,NaN,NaN,NaN,NaN

INPUT,0.367742389440536,0.0465835444629192,0.715954422950745,-2.18196964263916,3.04970717430115,-1.74897909164429,K,4
OUTPUT,NaN,NaN,NaN,NaN,NaN,NaN

INPUT,0.376840770244598,0.0491011030972004,0.731370806694031,-2.22704863548279,3.031907081604,-1.69963049888611,K,5
OUTPUT,NaN,NaN,NaN,NaN,NaN,NaN

INPUT,0.38593915104866,0.0516186617314816,0.746787190437317,-2.27276611328125,3.01435089111328,-1.6508287191391,K,6
OUTPUT,NaN,NaN,NaN,NaN,NaN,NaN

INPUT,0.393015682697296,0.0535767637193203,0.758777678012848,-2.30848813056946,3.00094032287598,-1.61324203014374,K,7
OUTPUT,NaN,NaN,NaN,NaN,NaN,NaN

INPUT,0.398070335388184,0.0549754090607166,0.767342329025269,-2.33399295806885,2.9915246963501,-1.58661353588104,K,8
OUTPUT,NaN,NaN,NaN,NaN,NaN,NaN

INPUT,0.401103138923645,0.0558145940303802,0.772481143474579,-2.34926676750183,2.98594903945923,-1.57073295116425,K,9
OUTPUT,NaN,NaN,NaN,NaN,NaN,NaN

INPUT,0.370647132396698,0.0482258088886738,0.716556191444397,-2.25088977813721,3.05734920501709,-1.81396698951721,K,4
OUTPUT,NaN,NaN,NaN,NaN,NaN,NaN

INPUT,0.380288064479828,0.0511197596788406,0.731944382190704,-2.29686617851257,3.04106497764587,-1.76479351520538,K,5
OUTPUT,NaN,NaN,NaN,NaN,NaN,NaN

INPUT,0.389928966760635,0.0540137104690075,0.747332632541656,-2.34332418441772,3.02500796318054,-1.71602439880371,K,6
OUTPUT,NaN,NaN,NaN,NaN,NaN,NaN

INPUT,0.397427439689636,0.0562645569443703,0.759301245212555,-2.37954688072205,3.01274633407593,-1.67840385437012,K,7
OUTPUT,NaN,NaN,NaN,NaN,NaN,NaN

INPUT,0.40278348326683,0.0578723065555096,0.7678502202034,-2.40537762641907,3.00413918495178,-1.65173053741455,K,8
OUTPUT,NaN,NaN,NaN,NaN,NaN,NaN

INPUT,0.40599712729454,0.0588369593024254,0.772979617118835,-2.42083621025085,2.99904370307922,-1.63581705093384,K,9
OUTPUT,NaN,NaN,NaN,NaN,NaN,NaN

INPUT,0.370404988527298,0.0515151470899582,0.714966714382172,-2.11996221542358,3.03939843177795,-1.8026328086853,K,4
OUTPUT,NaN,NaN,NaN,NaN,NaN,NaN

INPUT,0.380038440227509,0.0550744831562042,0.730116009712219,-2.15382480621338,3.01945495605469,-1.76689028739929,K,5
OUTPUT,NaN,NaN,NaN,NaN,NaN,NaN

INPUT,0.389671921730042,0.0586338266730309,0.745265364646912,-2.187992811203,2.99965929985046,-1.73136830329895,K,6
OUTPUT,NaN,NaN,NaN,NaN,NaN,NaN

INPUT,0.397164613008499,0.0614021979272366,0.757048189640045,-2.21466088294983,2.98441290855408,-1.70388305187225,K,7
OUTPUT,NaN,NaN,NaN,NaN,NaN,NaN

INPUT,0.402516543865204,0.0633796080946922,0.76546448469162,-2.233717918396,2.97362422943115,-1.6843341588974,K,8
OUTPUT,NaN,NaN,NaN,NaN,NaN,NaN

INPUT,0.405727714300156,0.0645660534501076,0.770514249801636,-2.24514508247375,2.96719741821289,-1.6726416349411,K,9
OUTPUT,NaN,NaN,NaN,NaN,NaN,NaN

INPUT,0.370851427316666,0.0339193716645241,0.731043100357056,-2.41843223571777,3.13521933555603,-1.75703191757202,K,5
OUTPUT,NaN,NaN,NaN,NaN,NaN,NaN

INPUT,0.379254728555679,0.033792894333601,0.746713995933533,-2.43555521965027,3.13461136817932,-1.65755784511566,K,6
OUTPUT,NaN,NaN,NaN,NaN,NaN,NaN

INPUT,0.385790646076202,0.0336945205926895,0.758902430534363,-2.45348143577576,3.13414764404297,-1.58479762077332,K,7
OUTPUT,NaN,NaN,NaN,NaN,NaN,NaN

INPUT,0.390459150075912,0.0336242541670799,0.767608523368835,-2.46827220916748,3.13382267951965,-1.53481197357178,K,8
OUTPUT,NaN,NaN,NaN,NaN,NaN,NaN

INPUT,0.39326024055481,0.0335820913314819,0.772832095623016,-2.47783160209656,3.1336305141449,-1.50550556182861,K,9
OUTPUT,NaN,NaN,NaN,NaN,NaN,NaN

INPUT,0.376111805438995,0.0540066473186016,0.714007258415222,-2.129469871521,2.99183797836304,-1.7990049123764,K,4
OUTPUT,NaN,NaN,NaN,NaN,NaN,NaN

INPUT,0.386677622795105,0.0581273213028908,0.728670954704285,-2.16754460334778,2.96274757385254,-1.76378059387207,K,5
OUTPUT,NaN,NaN,NaN,NaN,NaN,NaN

INPUT,0.397243469953537,0.0622480027377605,0.743334710597992,-2.20531797409058,2.93389630317688,-1.72806417942047,K,6
OUTPUT,NaN,NaN,NaN,NaN,NaN,NaN

INPUT,0.405461341142654,0.0654529705643654,0.754739820957184,-2.23452115058899,2.91170358657837,-1.70010364055634,K,7
OUTPUT,NaN,NaN,NaN,NaN,NaN,NaN

INPUT,0.411331236362457,0.0677422359585762,0.76288628578186,-2.25528383255005,2.89601945877075,-1.68008971214294,K,8
OUTPUT,NaN,NaN,NaN,NaN,NaN,NaN

INPUT,0.414853185415268,0.0691157951951027,0.767774224281311,-2.26769995689392,2.88668608665466,-1.66807758808136,K,9
OUTPUT,NaN,NaN,NaN,NaN,NaN,NaN

INPUT,0.367909669876099,0.0432013683021069,0.714858710765839,-2.38294291496277,3.07415342330933,-1.79894256591797,K,4
OUTPUT,NaN,NaN,NaN,NaN,NaN,NaN

INPUT,0.377131700515747,0.0450337938964367,0.730121850967407,-2.44179844856262,3.06132864952087,-1.73209869861603,K,5
OUTPUT,NaN,NaN,NaN,NaN,NaN,NaN

INPUT,0.386353701353073,0.0468662232160568,0.745384931564331,-2.50177645683289,3.04881978034973,-1.66631281375885,K,6
OUTPUT,NaN,NaN,NaN,NaN,NaN,NaN

INPUT,0.393526375293732,0.0482914410531521,0.757256209850311,-2.5489354133606,3.03934121131897,-1.61560654640198,K,7
OUTPUT,NaN,NaN,NaN,NaN,NaN,NaN

INPUT,0.3986496925354,0.0493094585835934,0.765735745429993,-2.5828218460083,3.03271889686584,-1.57956039905548,K,8
OUTPUT,NaN,NaN,NaN,NaN,NaN,NaN

INPUT,0.401723712682724,0.0499202683568001,0.77082347869873,-2.60321974754333,3.02880859375,-1.55798721313477,K,9
OUTPUT,NaN,NaN,NaN,NaN,NaN,NaN

INPUT,0.352047264575958,0.0239043049514294,0.737456977367401,0.881903886795044,3.06898474693298,1.3926078081131,K,5
OUTPUT,NaN,NaN,NaN,NaN,NaN,NaN

INPUT,0.356486082077026,0.0223478078842163,0.751445531845093,0.838415324687958,3.0582537651062,1.42688751220703,K,6
OUTPUT,NaN,NaN,NaN,NaN,NaN,NaN

INPUT,0.359938502311707,0.0211372002959251,0.762325525283813,0.805403888225555,3.05001354217529,1.45423316955566,K,7
OUTPUT,NaN,NaN,NaN,NaN,NaN,NaN

INPUT,0.362404525279999,0.0202724784612656,0.770096957683563,0.782190084457397,3.04419803619385,1.47399544715881,K,8
OUTPUT,NaN,NaN,NaN,NaN,NaN,NaN

INPUT,0.363884121179581,0.019753647968173,0.774759769439697,0.768396437168121,3.04074048995972,1.48591423034668,K,9
OUTPUT,NaN,NaN,NaN,NaN,NaN,NaN

INPUT,0.362049281597137,0.0352021716535091,0.723380744457245,-2.27379536628723,3.13352513313293,-1.92558968067169,K,4
OUTPUT,NaN,NaN,NaN,NaN,NaN,NaN

INPUT,0.368564367294312,0.0352938398718834,0.736607015132904,-2.27256083488464,3.13266110420227,-1.86135220527649,K,5
OUTPUT,NaN,NaN,NaN,NaN,NaN,NaN

INPUT,0.375079482793808,0.0353855080902576,0.749833285808563,-2.27709984779358,3.1317982673645,-1.80288827419281,K,6
OUTPUT,NaN,NaN,NaN,NaN,NaN,NaN

INPUT,0.380146771669388,0.0354568101465702,0.760120332241058,-2.28368782997131,3.13113045692444,-1.76055371761322,K,7
OUTPUT,NaN,NaN,NaN,NaN,NaN,NaN

INPUT,0.383766293525696,0.0355077348649502,0.767468273639679,-2.28971242904663,3.13065671920776,-1.73171198368073,K,8
OUTPUT,NaN,NaN,NaN,NaN,NaN,NaN

INPUT,0.385937988758087,0.0355382934212685,0.77187705039978,-2.29378080368042,3.13037395477295,-1.7149019241333,K,9
OUTPUT,NaN,NaN,NaN,NaN,NaN,NaN

INPUT,0.358806222677231,0.0407051779329777,0.722182929515839,-2.09485054016113,3.10610389709473,-1.74849569797516,K,11
OUTPUT,NaN,NaN,NaN,NaN,NaN,NaN

INPUT,0.363502591848373,0.0414316616952419,0.733471989631653,-2.11329483985901,3.10203504562378,-1.72596251964569,K,12
OUTPUT,NaN,NaN,NaN,NaN,NaN,NaN

INPUT,0.368198990821838,0.0421581454575062,0.744761109352112,-2.13208913803101,3.09798955917358,-1.70384573936462,K,13
OUTPUT,NaN,NaN,NaN,NaN,NaN,NaN

INPUT,0.372895359992981,0.0428846254944801,0.756050169467926,-2.15111804008484,3.09397220611572,-1.68206357955933,K,14
OUTPUT,NaN,NaN,NaN,NaN,NaN,NaN

INPUT,0.377591758966446,0.0436111092567444,0.767339289188385,-2.17029762268066,3.08998823165894,-1.66056561470032,K,15
OUTPUT,NaN,NaN,NaN,NaN,NaN,NaN

INPUT,0.381818503141403,0.044264942407608,0.777499437332153,-2.18763470649719,3.08643484115601,-1.64143407344818,K,16
OUTPUT,NaN,NaN,NaN,NaN,NaN,NaN

INPUT,0.385105967521667,0.0447734817862511,0.785401821136475,-2.20114302635193,3.08369421958923,-1.62668633460999,K,17
OUTPUT,NaN,NaN,NaN,NaN,NaN,NaN

INPUT,0.387454152107239,0.0451367236673832,0.791046321392059,-2.21079587936401,3.08175015449524,-1.61622059345245,K,18
OUTPUT,NaN,NaN,NaN,NaN,NaN,NaN

INPUT,0.388863086700439,0.0453546680510044,0.794433057308197,-2.21658635139465,3.08058929443359,-1.60996782779694,K,19
OUTPUT,NaN,NaN,NaN,NaN,NaN,NaN

INPUT,0.389332711696625,0.0454273149371147,0.795561969280243,-2.21851634979248,3.08020329475403,-1.60788798332214,K,20
OUTPUT,NaN,NaN,NaN,NaN,NaN,NaN

INPUT,0.35427126288414,0.0286397524178028,0.733751833438873,0.789772391319275,3.09885430335999,1.37972152233124,K,12
OUTPUT,NaN,NaN,NaN,NaN,NaN,NaN

INPUT,0.357996046543121,0.0280195251107216,0.745070576667786,0.757386267185211,3.09442520141602,1.40943610668182,K,13
OUTPUT,NaN,NaN,NaN,NaN,NaN,NaN

INPUT,0.361720830202103,0.0273992996662855,0.756389319896698,0.725225389003754,3.09004139900208,1.43938231468201,K,14
OUTPUT,NaN,NaN,NaN,NaN,NaN,NaN

INPUT,0.365445613861084,0.0267790723592043,0.76770806312561,0.693233668804169,3.08570718765259,1.46950483322144,K,15
OUTPUT,NaN,NaN,NaN,NaN,NaN,NaN

INPUT,0.368797928094864,0.0262208692729473,0.777894973754883,0.664553105831146,3.08185243606567,1.49673342704773,K,16
OUTPUT,NaN,NaN,NaN,NaN,NaN,NaN

INPUT,0.371405273675919,0.0257867109030485,0.785818099975586,0.642305254936218,3.07888627052307,1.51797485351563,K,17
OUTPUT,NaN,NaN,NaN,NaN,NaN,NaN

INPUT,0.37326768040657,0.0254765972495079,0.79147744178772,0.626440703868866,3.07678556442261,1.53317666053772,K,18
OUTPUT,NaN,NaN,NaN,NaN,NaN,NaN

INPUT,0.374385118484497,0.0252905301749706,0.794873058795929,0.616931676864624,3.07553267478943,1.5423082113266,K,19
OUTPUT,NaN,NaN,NaN,NaN,NaN,NaN

INPUT,0.374757587909698,0.0252285078167915,0.796004951000214,0.613763451576233,3.07511639595032,1.54535377025604,K,20
OUTPUT,NaN,NaN,NaN,NaN,NaN,NaN

INPUT,0.358722150325775,0.0335521176457405,0.733380377292633,0.779126048088074,3.13618588447571,1.48889183998108,K,12
OUTPUT,NaN,NaN,NaN,NaN,NaN,NaN

INPUT,0.36291566491127,0.0334491916000843,0.744659066200256,0.731185674667358,3.13556599617004,1.51564228534698,K,13
OUTPUT,NaN,NaN,NaN,NaN,NaN,NaN

INPUT,0.367109209299088,0.0333462655544281,0.755937695503235,0.68521124124527,3.13495397567749,1.54435849189758,K,14
OUTPUT,NaN,NaN,NaN,NaN,NaN,NaN

INPUT,0.371302723884583,0.0332433395087719,0.767216384410858,0.640684545040131,3.13435101509094,1.57452285289764,K,15
OUTPUT,NaN,NaN,NaN,NaN,NaN,NaN

INPUT,0.375076919794083,0.0331507064402103,0.777367174625397,0.60155576467514,3.1338164806366,1.60261619091034,K,16
OUTPUT,NaN,NaN,NaN,NaN,NaN,NaN

INPUT,0.378012388944626,0.0330786556005478,0.785262227058411,0.571617066860199,3.13340663909912,1.62496137619019,K,17
OUTPUT,NaN,NaN,NaN,NaN,NaN,NaN

INPUT,0.380109131336212,0.0330271944403648,0.7909015417099,0.550455868244171,3.13311719894409,1.64114582538605,K,18
OUTPUT,NaN,NaN,NaN,NaN,NaN,NaN

INPUT,0.381367206573486,0.0329963155090809,0.794285178184509,0.537838757038116,3.13294506072998,1.65093624591827,K,19
OUTPUT,NaN,NaN,NaN,NaN,NaN,NaN

INPUT,0.381786555051804,0.0329860225319862,0.795413017272949,0.533645391464233,3.132887840271,1.65421199798584,K,20
OUTPUT,NaN,NaN,NaN,NaN,NaN,NaN

INPUT,0.364631772041321,0.0457767881453037,0.720738410949707,-1.96353495121002,3.06367969512939,-1.43540346622467,K,11
OUTPUT,NaN,NaN,NaN,NaN,NaN,NaN

INPUT,0.370013475418091,0.0470997020602226,0.731857717037201,-1.99350166320801,3.05482816696167,-1.40318703651428,K,12
OUTPUT,NaN,NaN,NaN,NaN,NaN,NaN

INPUT,0.375395148992538,0.0484226159751415,0.742977023124695,-2.02368760108948,3.04606056213379,-1.37116611003876,K,13
OUTPUT,NaN,NaN,NaN,NaN,NaN,NaN

INPUT,0.380776822566986,0.0497455261647701,0.754096269607544,-2.05403995513916,3.03738522529602,-1.33928561210632,K,14
OUTPUT,NaN,NaN,NaN,NaN,NaN,NaN

INPUT,0.386158525943756,0.051068440079689,0.765215575695038,-2.08452296257019,3.02881050109863,-1.30750799179077,K,15
OUTPUT,NaN,NaN,NaN,NaN,NaN,NaN

INPUT,0.391002029180527,0.0522590614855289,0.775222957134247,-2.1120491027832,3.02118611335754,-1.27897357940674,K,16
OUTPUT,NaN,NaN,NaN,NaN,NaN,NaN

INPUT,0.394769221544266,0.0531851015985012,0.783006429672241,-2.13350868225098,3.01532125473022,-1.2568131685257,K,17
OUTPUT,NaN,NaN,NaN,NaN,NaN,NaN

INPUT,0.397460043430328,0.0538465566933155,0.788566112518311,-2.14886116981506,3.01116847991943,-1.24099850654602,K,18
OUTPUT,NaN,NaN,NaN,NaN,NaN,NaN

INPUT,0.399074554443359,0.0542434304952621,0.791901886463165,-2.15808129310608,3.00869178771973,-1.23151481151581,K,19
OUTPUT,NaN,NaN,NaN,NaN,NaN,NaN

INPUT,0.399612724781036,0.0543757230043411,0.79301381111145,-2.16115641593933,3.00786876678467,-1.22835409641266,K,20
OUTPUT,NaN,NaN,NaN,NaN,NaN,NaN

INPUT,0.367221236228943,0.0412777215242386,0.731758415699005,-2.13284420967102,3.09875440597534,-1.7236932516098,K,5
OUTPUT,NaN,NaN,NaN,NaN,NaN,NaN

INPUT,0.374914854764938,0.0424193181097507,0.74754124879837,-2.16246938705444,3.09199738502502,-1.68058168888092,K,6
OUTPUT,NaN,NaN,NaN,NaN,NaN,NaN

INPUT,0.380898773670197,0.043307226151228,0.759816825389862,-2.18660616874695,3.08679723739624,-1.64826118946075,K,7
OUTPUT,NaN,NaN,NaN,NaN,NaN,NaN

INPUT,0.385172992944717,0.0439414456486702,0.768585085868835,-2.20423936843872,3.0831196308136,-1.6256844997406,K,8
OUTPUT,NaN,NaN,NaN,NaN,NaN,NaN

INPUT,0.387737512588501,0.0443219803273678,0.773846030235291,-2.21493530273438,3.08093023300171,-1.61231637001038,K,9
OUTPUT,NaN,NaN,NaN,NaN,NaN,NaN

INPUT,0.373852878808975,0.0465102270245552,0.730360090732574,-2.01859426498413,3.04786396026611,-1.39430856704712,K,5
OUTPUT,NaN,NaN,NaN,NaN,NaN,NaN

INPUT,0.382592052221298,0.0485443398356438,0.745779693126678,-2.06923747062683,3.03305840492249,-1.33318269252777,K,6
OUTPUT,NaN,NaN,NaN,NaN,NaN,NaN

INPUT,0.389389216899872,0.0501264296472073,0.75777268409729,-2.10933232307434,3.02183079719543,-1.28673732280731,K,7
OUTPUT,NaN,NaN,NaN,NaN,NaN,NaN

INPUT,0.394244313240051,0.0512564927339554,0.766339123249054,-2.13812065124512,3.01400208473206,-1.25411653518677,K,8
OUTPUT,NaN,NaN,NaN,NaN,NaN,NaN

INPUT,0.397157371044159,0.0519345290958881,0.77147901058197,-2.15540027618408,3.00939083099365,-1.23476648330688,K,9
OUTPUT,NaN,NaN,NaN,NaN,NaN,NaN

INPUT,0.36038064956665,0.0285031758248806,0.737719297409058,0.76555198431015,3.09428381919861,1.42030477523804,K,5
OUTPUT,NaN,NaN,NaN,NaN,NaN,NaN

INPUT,0.365947306156158,0.0275997593998909,0.75151801109314,0.709516167640686,3.08722186088562,1.4644730091095,K,6
OUTPUT,NaN,NaN,NaN,NaN,NaN,NaN

INPUT,0.37027695775032,0.0268971007317305,0.762250363826752,0.667062640190125,3.08184385299683,1.49964654445648,K,7
OUTPUT,NaN,NaN,NaN,NaN,NaN,NaN

INPUT,0.373369574546814,0.0263952016830444,0.769916355609894,0.63727879524231,3.07807779312134,1.52500355243683,K,8
OUTPUT,NaN,NaN,NaN,NaN,NaN,NaN

INPUT,0.375225126743317,0.0260940622538328,0.774515926837921,0.619616508483887,3.07585215568542,1.54026353359222,K,9
OUTPUT,NaN,NaN,NaN,NaN,NaN,NaN

INPUT,0.359078019857407,0.0337007306516171,0.724321007728577,0.935519874095917,3.13718628883362,1.60245513916016,K,4
OUTPUT,NaN,NaN,NaN,NaN,NaN,NaN

INPUT,0.365128755569458,0.0335349850356579,0.737845540046692,0.802589595317841,3.13603782653809,1.58960318565369,K,5
OUTPUT,NaN,NaN,NaN,NaN,NaN,NaN

INPUT,0.371179521083832,0.0333692394196987,0.751370072364807,0.694653749465942,3.13489007949829,1.60174608230591,K,6
OUTPUT,NaN,NaN,NaN,NaN,NaN,NaN

INPUT,0.375885665416718,0.0332403257489204,0.761889219284058,0.620680689811707,3.13400626182556,1.6211678981781,K,7
OUTPUT,NaN,NaN,NaN,NaN,NaN,NaN

INPUT,0.379247218370438,0.0331482440233231,0.769402861595154,0.571419894695282,3.13338208198547,1.63861775398254,K,8
OUTPUT,NaN,NaN,NaN,NaN,NaN,NaN

INPUT,0.381264120340347,0.0330929979681969,0.773910999298096,0.542969346046448,3.13301086425781,1.65019381046295,K,9
OUTPUT,NaN,NaN,NaN,NaN,NaN,NaN

INPUT,0.36497700214386,0.0371884517371655,0.722342610359192,-2.30482196807861,3.10232305526733,-1.67884457111359,K,11
OUTPUT,NaN,NaN,NaN,NaN,NaN,NaN

INPUT,0.37039914727211,0.0375011712312698,0.7336505651474,-2.33991265296936,3.09797024726868,-1.6402930021286,K,12
OUTPUT,NaN,NaN,NaN,NaN,NaN,NaN

INPUT,0.375821322202682,0.0378138907253742,0.744958519935608,-2.37531876564026,3.09367656707764,-1.60205042362213,K,13
OUTPUT,NaN,NaN,NaN,NaN,NaN,NaN

INPUT,0.381243467330933,0.0381266139447689,0.756266474723816,-2.41096043586731,3.08944773674011,-1.56403589248657,K,14
OUTPUT,NaN,NaN,NaN,NaN,NaN,NaN

INPUT,0.386665642261505,0.0384393334388733,0.767574429512024,-2.4467830657959,3.085289478302,-1.52619397640228,K,15
OUTPUT,NaN,NaN,NaN,NaN,NaN,NaN

INPUT,0.391545563936234,0.0387207828462124,0.777751564979553,-2.47914552688599,3.08161211013794,-1.49225115776062,K,16
OUTPUT,NaN,NaN,NaN,NaN,NaN,NaN

INPUT,0.395341068506241,0.0389396883547306,0.785667181015015,-2.50438237190247,3.07879734039307,-1.46591222286224,K,17
OUTPUT,NaN,NaN,NaN,NaN,NaN,NaN

INPUT,0.398052155971527,0.0390960499644279,0.791321158409119,-2.5224392414093,3.07681202888489,-1.4471263885498,K,18
OUTPUT,NaN,NaN,NaN,NaN,NaN,NaN

INPUT,0.39967879652977,0.0391898639500141,0.794713497161865,-2.53328442573547,3.07563138008118,-1.43586480617523,K,19
OUTPUT,NaN,NaN,NaN,NaN,NaN,NaN

INPUT,0.400221019983292,0.0392211377620697,0.795844316482544,-2.53690123558044,3.07523965835571,-1.43211257457733,K,20
OUTPUT,NaN,NaN,NaN,NaN,NaN,NaN

INPUT,0.355606526136398,0.0243457686156034,0.731070935726166,1.17479526996613,3.06790399551392,1.46942126750946,K,12
OUTPUT,NaN,NaN,NaN,NaN,NaN,NaN

INPUT,0.359471678733826,0.0232736114412546,0.742107391357422,1.15827357769012,3.06013035774231,1.48399329185486,K,13
OUTPUT,NaN,NaN,NaN,NaN,NaN,NaN

INPUT,0.363336831331253,0.0222014561295509,0.753143787384033,1.14194166660309,3.05238819122314,1.49871706962585,K,14
OUTPUT,NaN,NaN,NaN,NaN,NaN,NaN

INPUT,0.36720198392868,0.0211292989552021,0.764180243015289,1.1257655620575,3.0446834564209,1.51354384422302,K,15
OUTPUT,NaN,NaN,NaN,NaN,NaN,NaN

INPUT,0.370680600404739,0.0201643593609333,0.774113059043884,1.1113224029541,3.03778529167175,1.52694594860077,K,16
OUTPUT,NaN,NaN,NaN,NaN,NaN,NaN

INPUT,0.373386204242706,0.0194138493388891,0.781838536262512,1.10015738010406,3.03244686126709,1.53739356994629,K,17
OUTPUT,NaN,NaN,NaN,NaN,NaN,NaN

INPUT,0.375318795442581,0.0188777707517147,0.787356793880463,1.09221696853638,3.028648853302,1.54486393928528,K,18
OUTPUT,NaN,NaN,NaN,NaN,NaN,NaN

INPUT,0.376478344202042,0.0185561235994101,0.790667712688446,1.0874662399292,3.02637648582458,1.54934799671173,K,19
OUTPUT,NaN,NaN,NaN,NaN,NaN,NaN

INPUT,0.376864850521088,0.0184489078819752,0.791771352291107,1.08588480949402,3.02562022209167,1.55084276199341,K,20
OUTPUT,NaN,NaN,NaN,NaN,NaN,NaN

INPUT,0.376143842935562,0.0571893639862537,0.717372298240662,-2.22524809837341,2.98906588554382,-1.86168646812439,K,11
OUTPUT,NaN,NaN,NaN,NaN,NaN,NaN

INPUT,0.382879912853241,0.0598550401628017,0.728095471858978,-2.2463059425354,2.97144651412964,-1.83980107307434,K,12
OUTPUT,NaN,NaN,NaN,NaN,NaN,NaN

INPUT,0.389616012573242,0.06252072006464,0.73881870508194,-2.26747345924377,2.95390510559082,-1.81796061992645,K,13
OUTPUT,NaN,NaN,NaN,NaN,NaN,NaN

INPUT,0.396352082490921,0.065186396241188,0.749541878700256,-2.28873372077942,2.93645024299622,-1.79614210128784,K,14
OUTPUT,NaN,NaN,NaN,NaN,NaN,NaN

INPUT,0.4030881524086,0.0678520649671555,0.760265111923218,-2.31007599830627,2.91909003257751,-1.7743284702301,K,15
OUTPUT,NaN,NaN,NaN,NaN,NaN,NaN

INPUT,0.409150630235672,0.0702511742711067,0.769915997982025,-2.32934880256653,2.90355372428894,-1.75468981266022,K,16
OUTPUT,NaN,NaN,NaN,NaN,NaN,NaN

INPUT,0.413865864276886,0.0721171498298645,0.777422249317169,-2.34437942504883,2.89153122901917,-1.73940598964691,K,17
OUTPUT,NaN,NaN,NaN,NaN,NaN,NaN

INPUT,0.417233914136887,0.0734499841928482,0.78278386592865,-2.35513663291931,2.88297867774963,-1.72848224639893,K,18
OUTPUT,NaN,NaN,NaN,NaN,NaN,NaN

INPUT,0.419254720211029,0.074249692261219,0.786000788211823,-2.36159920692444,2.8778612613678,-1.72192478179932,K,19
OUTPUT,NaN,NaN,NaN,NaN,NaN,NaN

INPUT,0.419928342103958,0.0745162591338158,0.787073135375977,-2.3637547492981,2.8761579990387,-1.71973836421967,K,20
OUTPUT,NaN,NaN,NaN,NaN,NaN,NaN

INPUT,0.374503552913666,0.0372280478477478,0.732264637947083,-2.36904454231262,3.09443402290344,-1.62812125682831,K,5
OUTPUT,NaN,NaN,NaN,NaN,NaN,NaN

INPUT,0.383369088172913,0.0376741625368595,0.747969150543213,-2.42830538749695,3.08731174468994,-1.55641305446625,K,6
OUTPUT,NaN,NaN,NaN,NaN,NaN,NaN

INPUT,0.390264511108398,0.0380211360752583,0.760183811187744,-2.47541880607605,3.08193039894104,-1.50164473056793,K,7
OUTPUT,NaN,NaN,NaN,NaN,NaN,NaN

INPUT,0.395189821720123,0.0382689759135246,0.768908560276031,-2.5094690322876,3.07818007469177,-1.46291267871857,K,8
OUTPUT,NaN,NaN,NaN,NaN,NaN,NaN

INPUT,0.398145020008087,0.0384176783263683,0.774143397808075,-2.53002882003784,3.07596969604492,-1.43979871273041,K,9
OUTPUT,NaN,NaN,NaN,NaN,NaN,NaN

INPUT,0.376303732395172,0.0546502694487572,0.71311491727829,-2.21141815185547,2.98774170875549,-1.86102616786957,K,4
OUTPUT,NaN,NaN,NaN,NaN,NaN,NaN

INPUT,0.386861979961395,0.0589343383908272,0.727583408355713,-2.25234961509705,2.95770263671875,-1.82433772087097,K,5
OUTPUT,NaN,NaN,NaN,NaN,NaN,NaN

INPUT,0.397420257329941,0.0632184073328972,0.742051839828491,-2.29279589653015,2.92793917655945,-1.786949634552,K,6
OUTPUT,NaN,NaN,NaN,NaN,NaN,NaN

INPUT,0.405632227659225,0.0665504559874535,0.753305077552795,-2.32398676872253,2.90507435798645,-1.75760507583618,K,7
OUTPUT,NaN,NaN,NaN,NaN,NaN,NaN

INPUT,0.411497950553894,0.0689304918050766,0.761343121528625,-2.34612774848938,2.88893556594849,-1.73657560348511,K,8
OUTPUT,NaN,NaN,NaN,NaN,NaN,NaN

INPUT,0.415017366409302,0.0703585147857666,0.766165971755981,-2.35935521125793,2.87934064865112,-1.72394776344299,K,9
OUTPUT,NaN,NaN,NaN,NaN,NaN,NaN

INPUT,0.361731946468353,0.0244855899363756,0.734546184539795,1.16574382781982,3.05888938903809,1.49345111846924,K,5
OUTPUT,NaN,NaN,NaN,NaN,NaN,NaN

INPUT,0.367568165063858,0.0230494681745768,0.747995615005493,1.13605606555939,3.04684376716614,1.51321935653687,K,6
OUTPUT,NaN,NaN,NaN,NaN,NaN,NaN

INPUT,0.372107416391373,0.0219324864447117,0.758456289768219,1.11377120018005,3.03752303123474,1.52937841415405,K,7
OUTPUT,NaN,NaN,NaN,NaN,NaN,NaN

INPUT,0.37534973025322,0.0211346410214901,0.765928208827972,1.09818542003632,3.03089785575867,1.54122376441956,K,8
OUTPUT,NaN,NaN,NaN,NaN,NaN,NaN

INPUT,0.377295136451721,0.0206559337675571,0.770411312580109,1.08894693851471,3.02693772315979,1.54842746257782,K,9
OUTPUT,NaN,NaN,NaN,NaN,NaN,NaN

INPUT,0.368636161088943,0.0484904311597347,0.720325171947479,-2.19327783584595,3.05429029464722,-1.77702569961548,K,11
OUTPUT,NaN,NaN,NaN,NaN,NaN,NaN

INPUT,0.374487906694412,0.0501325465738773,0.731397211551666,-2.21696662902832,3.0442841053009,-1.7516942024231,K,12
OUTPUT,NaN,NaN,NaN,NaN,NaN,NaN

INPUT,0.380339652299881,0.0517746582627296,0.742469251155853,-2.24082016944885,3.03433609008789,-1.72650361061096,K,13
OUTPUT,NaN,NaN,NaN,NaN,NaN,NaN

INPUT,0.38619139790535,0.0534167662262917,0.753541231155396,-2.26479959487915,3.02445268630981,-1.70141303539276,K,14
OUTPUT,NaN,NaN,NaN,NaN,NaN,NaN

INPUT,0.392043143510818,0.055058877915144,0.764613270759583,-2.28887963294983,3.01463961601257,-1.67639434337616,K,15
OUTPUT,NaN,NaN,NaN,NaN,NaN,NaN

INPUT,0.397309750318527,0.0565367825329304,0.774578154087067,-2.310622215271,3.00587272644043,-1.65392220020294,K,16
OUTPUT,NaN,NaN,NaN,NaN,NaN,NaN

INPUT,0.401405960321426,0.0576862581074238,0.782328546047211,-2.32757306098938,2.99909973144531,-1.63646578788757,K,17
OUTPUT,NaN,NaN,NaN,NaN,NaN,NaN

INPUT,0.404331833124161,0.0585073158144951,0.787864565849304,-2.33970022201538,2.99428749084473,-1.62400603294373,K,18
OUTPUT,NaN,NaN,NaN,NaN,NaN,NaN

INPUT,0.40608736872673,0.0589999482035637,0.791186153888702,-2.34698343276978,2.99141073226929,-1.61653327941895,K,19
OUTPUT,NaN,NaN,NaN,NaN,NaN,NaN

INPUT,0.406672537326813,0.0591641589999199,0.79229336977005,-2.34941244125366,2.99045348167419,-1.61404275894165,K,20
OUTPUT,NaN,NaN,NaN,NaN,NaN,NaN

INPUT,0.363077253103256,0.0423558577895164,0.722713947296143,-2.12097597122192,3.09864807128906,-1.76484906673431,K,11
OUTPUT,NaN,NaN,NaN,NaN,NaN,NaN

INPUT,0.368276119232178,0.0432764664292336,0.734065592288971,-2.14039182662964,3.09371066093445,-1.74211025238037,K,12
OUTPUT,NaN,NaN,NaN,NaN,NaN,NaN

INPUT,0.373475015163422,0.0441970750689507,0.745417237281799,-2.16008448600769,3.0888032913208,-1.71971917152405,K,13
OUTPUT,NaN,NaN,NaN,NaN,NaN,NaN

INPUT,0.378673881292343,0.0451176799833775,0.756768882274628,-2.17995476722717,3.08393216133118,-1.6976135969162,K,14
OUTPUT,NaN,NaN,NaN,NaN,NaN,NaN

INPUT,0.383872747421265,0.0460382848978043,0.768120527267456,-2.19992995262146,3.07910394668579,-1.67575705051422,K,15
OUTPUT,NaN,NaN,NaN,NaN,NaN,NaN

INPUT,0.388551741838455,0.0468668304383755,0.778337001800537,-2.21795010566711,3.07479953765869,-1.65628135204315,K,16
OUTPUT,NaN,NaN,NaN,NaN,NaN,NaN

INPUT,0.392190933227539,0.0475112572312355,0.786283135414124,-2.23197078704834,3.07148170471191,-1.64125561714172,K,17
OUTPUT,NaN,NaN,NaN,NaN,NaN,NaN

INPUT,0.394790381193161,0.0479715578258038,0.791958928108215,-2.2419798374176,3.06912899017334,-1.63058710098267,K,18
OUTPUT,NaN,NaN,NaN,NaN,NaN,NaN

INPUT,0.396350026130676,0.0482477396726608,0.795364439487457,-2.24798083305359,3.06772470474243,-1.62421143054962,K,19
OUTPUT,NaN,NaN,NaN,NaN,NaN,NaN

INPUT,0.39686992764473,0.0483398027718067,0.796499609947205,-2.24998021125793,3.06725764274597,-1.62209045886993,K,20
OUTPUT,NaN,NaN,NaN,NaN,NaN,NaN

INPUT,0.363497197628021,0.0362145155668259,0.720837414264679,-2.44634318351746,3.11413884162903,-1.77412128448486,K,11
OUTPUT,NaN,NaN,NaN,NaN,NaN,NaN

INPUT,0.368745654821396,0.03641277551651,0.731967449188232,-2.48384356498718,3.1111478805542,-1.73254990577698,K,12
OUTPUT,NaN,NaN,NaN,NaN,NaN,NaN

INPUT,0.373994141817093,0.0366110354661942,0.743097424507141,-2.52170729637146,3.10820460319519,-1.69133853912354,K,13
OUTPUT,NaN,NaN,NaN,NaN,NaN,NaN

INPUT,0.379242599010468,0.0368092954158783,0.754227459430695,-2.55984210968018,3.10531330108643,-1.65039432048798,K,14
OUTPUT,NaN,NaN,NaN,NaN,NaN,NaN

INPUT,0.384491056203842,0.0370075553655624,0.765357434749603,-2.59818458557129,3.10247874259949,-1.60965371131897,K,15
OUTPUT,NaN,NaN,NaN,NaN,NaN,NaN

INPUT,0.389214694499969,0.0371859893202782,0.775374412536621,-2.6328330039978,3.09997987747192,-1.5731235742569,K,16
OUTPUT,NaN,NaN,NaN,NaN,NaN,NaN

INPUT,0.392888635396957,0.0373247712850571,0.783165454864502,-2.65985703468323,3.09807229042053,-1.54478406906128,K,17
OUTPUT,NaN,NaN,NaN,NaN,NaN,NaN

INPUT,0.395512849092484,0.0374239012598991,0.788730442523956,-2.679194688797,3.09673023223877,-1.52457475662231,K,18
OUTPUT,NaN,NaN,NaN,NaN,NaN,NaN

INPUT,0.397087395191193,0.0374833792448044,0.792069435119629,-2.69080972671509,3.09593319892883,-1.51246130466461,K,19
OUTPUT,NaN,NaN,NaN,NaN,NaN,NaN

INPUT,0.397612243890762,0.0375032052397728,0.79318243265152,-2.69468331336975,3.09566903114319,-1.50842523574829,K,20
OUTPUT,NaN,NaN,NaN,NaN,NaN,NaN

INPUT,0.365558207035065,0.0372599326074123,0.721960961818695,-2.36605048179626,3.10300636291504,-1.78440260887146,K,11
OUTPUT,NaN,NaN,NaN,NaN,NaN,NaN

INPUT,0.371049165725708,0.0375811979174614,0.73322319984436,-2.39874649047852,3.09871077537537,-1.74867451190948,K,12
OUTPUT,NaN,NaN,NaN,NaN,NaN,NaN

INPUT,0.376540154218674,0.0379024595022202,0.744485378265381,-2.43172025680542,3.09446501731873,-1.7132180929184,K,13
OUTPUT,NaN,NaN,NaN,NaN,NaN,NaN

INPUT,0.382031112909317,0.0382237248122692,0.755747556686401,-2.46490144729614,3.09027457237244,-1.67796242237091,K,14
OUTPUT,NaN,NaN,NaN,NaN,NaN,NaN

INPUT,0.387522101402283,0.038544986397028,0.767009735107422,-2.49824213981628,3.0861439704895,-1.64285850524902,K,15
OUTPUT,NaN,NaN,NaN,NaN,NaN,NaN

INPUT,0.392463982105255,0.0388341248035431,0.777145743370056,-2.52835655212402,3.0824818611145,-1.61136627197266,K,16
OUTPUT,NaN,NaN,NaN,NaN,NaN,NaN

INPUT,0.396307647228241,0.0390590056777,0.785029292106628,-2.55183696746826,3.07967209815979,-1.58692598342896,K,17
OUTPUT,NaN,NaN,NaN,NaN,NaN,NaN

INPUT,0.399053126573563,0.0392196401953697,0.790660381317139,-2.56863594055176,3.07768678665161,-1.56949317455292,K,18
OUTPUT,NaN,NaN,NaN,NaN,NaN,NaN

INPUT,0.40070042014122,0.0393160171806812,0.794039011001587,-2.57872486114502,3.07650446891785,-1.559042096138,K,19
OUTPUT,NaN,NaN,NaN,NaN,NaN,NaN

INPUT,0.401249527931213,0.0393481440842152,0.795165240764618,-2.5820894241333,3.07611179351807,-1.55555975437164,K,20
OUTPUT,NaN,NaN,NaN,NaN,NaN,NaN

INPUT,0.368194967508316,0.042580284178257,0.721851646900177,-2.32864689826965,3.0669994354248,-1.91716170310974,K,11
OUTPUT,NaN,NaN,NaN,NaN,NaN,NaN

INPUT,0.373996198177338,0.0435275100171566,0.733100891113281,-2.35214400291443,3.05846428871155,-1.89222121238708,K,12
OUTPUT,NaN,NaN,NaN,NaN,NaN,NaN

INPUT,0.379797399044037,0.0444747321307659,0.74435019493103,-2.37578392028809,3.04997825622559,-1.86740612983704,K,13
OUTPUT,NaN,NaN,NaN,NaN,NaN,NaN

INPUT,0.385598599910736,0.0454219542443752,0.755599439144135,-2.39953231811523,3.04154562950134,-1.8426810503006,K,14
OUTPUT,NaN,NaN,NaN,NaN,NaN,NaN

INPUT,0.391399830579758,0.0463691763579845,0.766848742961884,-2.42336654663086,3.03317165374756,-1.81802141666412,K,15
OUTPUT,NaN,NaN,NaN,NaN,NaN,NaN

INPUT,0.39662092924118,0.0472216792404652,0.776973068714142,-2.44487762451172,3.02568936347961,-1.79586899280548,K,16
OUTPUT,NaN,NaN,NaN,NaN,NaN,NaN

INPUT,0.400681763887405,0.0478847362101078,0.784847557544708,-2.46164202690125,3.01990795135498,-1.77866017818451,K,17
OUTPUT,NaN,NaN,NaN,NaN,NaN,NaN

INPUT,0.403582394123077,0.0483583472669125,0.790472209453583,-2.47363257408142,3.0157995223999,-1.7663768529892,K,18
OUTPUT,NaN,NaN,NaN,NaN,NaN,NaN

INPUT,0.405322730541229,0.0486425124108791,0.793846964836121,-2.48083305358887,3.013343334198,-1.75900995731354,K,19
OUTPUT,NaN,NaN,NaN,NaN,NaN,NaN

INPUT,0.405902862548828,0.0487372353672981,0.794971883296967,-2.483234167099,3.01252603530884,-1.75655472278595,K,20
OUTPUT,NaN,NaN,NaN,NaN,NaN,NaN

INPUT,0.365703523159027,0.0399642139673233,0.721434533596039,-2.27328181266785,3.09687995910645,-1.72316145896912,K,11
OUTPUT,NaN,NaN,NaN,NaN,NaN,NaN

INPUT,0.371211349964142,0.0406033657491207,0.732635676860809,-2.30413746833801,3.09186506271362,-1.68929576873779,K,12
OUTPUT,NaN,NaN,NaN,NaN,NaN,NaN

INPUT,0.376719146966934,0.0412425138056278,0.74383682012558,-2.33527135848999,3.08690214157104,-1.65570056438446,K,13
OUTPUT,NaN,NaN,NaN,NaN,NaN,NaN

INPUT,0.382226973772049,0.0418816618621349,0.755037903785706,-2.3666136264801,3.08199644088745,-1.62230479717255,K,14
OUTPUT,NaN,NaN,NaN,NaN,NaN,NaN

INPUT,0.387734770774841,0.0425208136439323,0.766239047050476,-2.39811587333679,3.07715320587158,-1.58905971050262,K,15
OUTPUT,NaN,NaN,NaN,NaN,NaN,NaN

INPUT,0.392691820859909,0.0430960468947887,0.776320040225983,-2.4265763759613,3.07285165786743,-1.55923891067505,K,16
OUTPUT,NaN,NaN,NaN,NaN,NaN,NaN

INPUT,0.39654728770256,0.043543454259634,0.784160852432251,-2.44877123832703,3.06954622268677,-1.53609788417816,K,17
OUTPUT,NaN,NaN,NaN,NaN,NaN,NaN

INPUT,0.399301171302795,0.0438630282878876,0.789761424064636,-2.46465182304382,3.06720757484436,-1.51959252357483,K,18
OUTPUT,NaN,NaN,NaN,NaN,NaN,NaN

INPUT,0.400953531265259,0.0440547727048397,0.793121755123138,-2.47418999671936,3.06581377983093,-1.50969803333282,K,19
OUTPUT,NaN,NaN,NaN,NaN,NaN,NaN

INPUT,0.401504307985306,0.0441186875104904,0.794241845607758,-2.47737097740173,3.06535077095032,-1.50640106201172,K,20
OUTPUT,NaN,NaN,NaN,NaN,NaN,NaN

INPUT,0.374958008527756,0.0455988273024559,0.719892084598541,-2.50165247917175,3.02894520759583,-1.86592411994934,K,11
OUTPUT,NaN,NaN,NaN,NaN,NaN,NaN

INPUT,0.381555080413818,0.0469011031091213,0.73091071844101,-2.53869271278381,3.01632189750671,-1.82801294326782,K,12
OUTPUT,NaN,NaN,NaN,NaN,NaN,NaN

INPUT,0.388152152299881,0.0482033789157867,0.741929352283478,-2.57584166526794,3.00387406349182,-1.79015147686005,K,13
OUTPUT,NaN,NaN,NaN,NaN,NaN,NaN

INPUT,0.394749194383621,0.0495056547224522,0.752947926521301,-2.61308097839355,2.99161958694458,-1.75231683254242,K,14
OUTPUT,NaN,NaN,NaN,NaN,NaN,NaN

INPUT,0.401346266269684,0.0508079305291176,0.76396656036377,-2.65039920806885,2.97957563400269,-1.71449220180511,K,15
OUTPUT,NaN,NaN,NaN,NaN,NaN,NaN

INPUT,0.407283633947372,0.0519799776375294,0.773883283138275,-2.68404650688171,2.96893072128296,-1.68044900894165,K,16
OUTPUT,NaN,NaN,NaN,NaN,NaN,NaN

INPUT,0.411901563405991,0.0528915710747242,0.781596302986145,-2.71025395393372,2.96078658103943,-1.65396559238434,K,17
OUTPUT,NaN,NaN,NaN,NaN,NaN,NaN

INPUT,0.415200114250183,0.0535427071154118,0.787105619907379,-2.7289924621582,2.95504570007324,-1.63504445552826,K,18
OUTPUT,NaN,NaN,NaN,NaN,NaN,NaN

INPUT,0.417179226875305,0.0539333894848824,0.790411233901978,-2.74024319648743,2.95163249969482,-1.62368953227997,K,19
OUTPUT,NaN,NaN,NaN,NaN,NaN,NaN

INPUT,0.417838931083679,0.054063618183136,0.791513085365295,-2.74399471282959,2.95050001144409,-1.61990416049957,K,20
OUTPUT,NaN,NaN,NaN,NaN,NaN,NaN

INPUT,0.36224302649498,0.0464708842337132,0.721242189407349,-1.98798930644989,3.07242488861084,-1.67233180999756,K,11
OUTPUT,NaN,NaN,NaN,NaN,NaN,NaN

INPUT,0.367343962192535,0.0478757508099079,0.732419848442078,-2.00555896759033,3.06439876556396,-1.65256369113922,K,12
OUTPUT,NaN,NaN,NaN,NaN,NaN,NaN

INPUT,0.372444868087769,0.0492806173861027,0.743597447872162,-2.02331519126892,3.0564112663269,-1.63302481174469,K,13
OUTPUT,NaN,NaN,NaN,NaN,NaN,NaN

INPUT,0.377545803785324,0.0506854839622974,0.754775047302246,-2.04119110107422,3.04847049713135,-1.61367428302765,K,14
OUTPUT,NaN,NaN,NaN,NaN,NaN,NaN

INPUT,0.38264673948288,0.0520903542637825,0.76595264673233,-2.05913734436035,3.04058480262756,-1.59448802471161,K,15
OUTPUT,NaN,NaN,NaN,NaN,NaN,NaN

INPUT,0.387237548828125,0.0533547326922417,0.776012480258942,-2.07531690597534,3.03354120254517,-1.57734966278076,K,16
OUTPUT,NaN,NaN,NaN,NaN,NaN,NaN

INPUT,0.390808194875717,0.0543381422758102,0.783836841583252,-2.08790397644043,3.02810192108154,-1.56410109996796,K,17
OUTPUT,NaN,NaN,NaN,NaN,NaN,NaN

INPUT,0.393358677625656,0.0550405755639076,0.789425611495972,-2.09689044952393,3.02423906326294,-1.5546807050705,K,18
OUTPUT,NaN,NaN,NaN,NaN,NaN,NaN

INPUT,0.394888937473297,0.0554620325565338,0.79277890920639,-2.10227918624878,3.02193069458008,-1.54904556274414,K,19
OUTPUT,NaN,NaN,NaN,NaN,NaN,NaN

INPUT,0.395399034023285,0.0556025207042694,0.793896675109863,-2.10407471656799,3.02116274833679,-1.54717004299164,K,20
OUTPUT,NaN,NaN,NaN,NaN,NaN,NaN

INPUT,0.3662348985672,0.0427697263658047,0.721397817134857,-2.15581178665161,3.06670379638672,-1.5974737405777,K,11
OUTPUT,NaN,NaN,NaN,NaN,NaN,NaN

INPUT,0.371805101633072,0.0437390990555286,0.732594430446625,-2.18767142295837,3.05824303627014,-1.56359934806824,K,12
OUTPUT,NaN,NaN,NaN,NaN,NaN,NaN

INPUT,0.377375304698944,0.0447084680199623,0.743790984153748,-2.21972751617432,3.04987239837646,-1.52989816665649,K,13
OUTPUT,NaN,NaN,NaN,NaN,NaN,NaN

INPUT,0.382945507764816,0.045677836984396,0.754987597465515,-2.2519326210022,3.04160070419312,-1.49632132053375,K,14
OUTPUT,NaN,NaN,NaN,NaN,NaN,NaN

INPUT,0.388515710830688,0.0466472059488297,0.766184151172638,-2.28425574302673,3.03343677520752,-1.46283507347107,K,15
OUTPUT,NaN,NaN,NaN,NaN,NaN,NaN

INPUT,0.393528878688812,0.0475196428596973,0.7762610912323,-2.31342840194702,3.02618908882141,-1.43275487422943,K,16
OUTPUT,NaN,NaN,NaN,NaN,NaN,NaN

INPUT,0.397428035736084,0.0481982007622719,0.78409868478775,-2.33616423606873,3.02062153816223,-1.40938806533813,K,17
OUTPUT,NaN,NaN,NaN,NaN,NaN,NaN

INPUT,0.400213122367859,0.0486828871071339,0.789696991443634,-2.35242581367493,3.01668381690979,-1.39270985126495,K,18
OUTPUT,NaN,NaN,NaN,NaN,NaN,NaN

INPUT,0.401884198188782,0.048973698168993,0.793055951595306,-2.36219096183777,3.01433730125427,-1.38270723819733,K,19
OUTPUT,NaN,NaN,NaN,NaN,NaN,NaN

INPUT,0.402441203594208,0.0490706339478493,0.794175624847412,-2.36544728279114,3.01355791091919,-1.37937366962433,K,20
OUTPUT,NaN,NaN,NaN,NaN,NaN,NaN

INPUT,0.369041562080383,0.0470970049500465,0.714991390705109,-2.18897604942322,3.05362367630005,-1.78525876998901,K,4
OUTPUT,NaN,NaN,NaN,NaN,NaN,NaN

INPUT,0.378442883491516,0.0497238039970398,0.730219960212708,-2.23088884353638,3.03654026985168,-1.7392110824585,K,5
OUTPUT,NaN,NaN,NaN,NaN,NaN,NaN

INPUT,0.387844264507294,0.0523506067693233,0.745448470115662,-2.27341628074646,3.01965951919556,-1.69369971752167,K,6
OUTPUT,NaN,NaN,NaN,NaN,NaN,NaN

INPUT,0.395156413316727,0.0543936714529991,0.757292866706848,-2.30667042732239,3.00673365592957,-1.65864288806915,K,7
OUTPUT,NaN,NaN,NaN,NaN,NaN,NaN

INPUT,0.40037938952446,0.0558530054986477,0.765753149986267,-2.33043193817139,2.9976372718811,-1.63379526138306,K,8
OUTPUT,NaN,NaN,NaN,NaN,NaN,NaN

INPUT,0.403513163328171,0.0567286051809788,0.770829319953918,-2.34467101097107,2.9922411441803,-1.61896991729736,K,9
OUTPUT,NaN,NaN,NaN,NaN,NaN,NaN

INPUT,0.372317910194397,0.0431130640208721,0.73266077041626,-2.15747165679932,3.08978390693665,-1.73694682121277,K,5
OUTPUT,NaN,NaN,NaN,NaN,NaN,NaN

INPUT,0.380820751190186,0.0445786342024803,0.748462617397308,-2.18990206718445,3.08157277107239,-1.69450616836548,K,6
OUTPUT,NaN,NaN,NaN,NaN,NaN,NaN

INPUT,0.387434065341949,0.0457185171544552,0.760752975940704,-2.21592307090759,3.07525777816772,-1.66241753101349,K,7
OUTPUT,NaN,NaN,NaN,NaN,NaN,NaN

INPUT,0.392157882452011,0.0465327240526676,0.769531786441803,-2.23478221893311,3.0707950592041,-1.63989531993866,K,8
OUTPUT,NaN,NaN,NaN,NaN,NaN,NaN

INPUT,0.394992142915726,0.047021247446537,0.774799048900604,-2.24617338180542,3.06813907623291,-1.62652468681335,K,9
OUTPUT,NaN,NaN,NaN,NaN,NaN,NaN

INPUT,0.37275505065918,0.0362975224852562,0.730239391326904,-2.51715493202209,3.10863065719604,-1.72121262550354,K,5
OUTPUT,NaN,NaN,NaN,NaN,NaN,NaN

INPUT,0.381405591964722,0.0365887172520161,0.745706498622894,-2.57965278625488,3.10379481315613,-1.64320814609528,K,6
OUTPUT,NaN,NaN,NaN,NaN,NaN,NaN

INPUT,0.388133764266968,0.0368152037262917,0.757736444473267,-2.62949776649475,3.10016012191772,-1.58376502990723,K,7
OUTPUT,NaN,NaN,NaN,NaN,NaN,NaN

INPUT,0.39293959736824,0.0369769781827927,0.766329228878021,-2.66558313369751,3.09763860702515,-1.54178237915039,K,8
OUTPUT,NaN,NaN,NaN,NaN,NaN,NaN

INPUT,0.395823121070862,0.0370740443468094,0.771484911441803,-2.68739080429077,3.09615731239319,-1.51674735546112,K,9
OUTPUT,NaN,NaN,NaN,NaN,NaN,NaN

INPUT,0.375180512666702,0.0373490117490292,0.731812536716461,-2.4248161315918,3.09524631500244,-1.73635840415955,K,5
OUTPUT,NaN,NaN,NaN,NaN,NaN,NaN

INPUT,0.384166091680527,0.0378186441957951,0.747434973716736,-2.48044633865356,3.08817720413208,-1.67030346393585,K,6
OUTPUT,NaN,NaN,NaN,NaN,NaN,NaN

INPUT,0.391154855489731,0.0381839089095592,0.759585678577423,-2.52457880973816,3.08281350135803,-1.61977624893188,K,7
OUTPUT,NaN,NaN,NaN,NaN,NaN,NaN

INPUT,0.396146833896637,0.0384448170661926,0.768264830112457,-2.55643892288208,3.07906198501587,-1.58401322364807,K,8
OUTPUT,NaN,NaN,NaN,NaN,NaN,NaN

INPUT,0.399141997098923,0.0386013612151146,0.773472309112549,-2.57566452026367,3.0768449306488,-1.56266140937805,K,9
OUTPUT,NaN,NaN,NaN,NaN,NaN,NaN

INPUT,0.368704825639725,0.0416117012500763,0.716578662395477,-2.32206273078918,3.06651759147644,-1.92254590988159,K,4
OUTPUT,NaN,NaN,NaN,NaN,NaN,NaN

INPUT,0.378012359142303,0.0430809780955315,0.732079744338989,-2.36453366279602,3.05192494392395,-1.87822556495667,K,5
OUTPUT,NaN,NaN,NaN,NaN,NaN,NaN

INPUT,0.387319952249527,0.0445502586662769,0.747580766677856,-2.4072904586792,3.03750109672546,-1.83413457870483,K,6
OUTPUT,NaN,NaN,NaN,NaN,NaN,NaN

INPUT,0.394559144973755,0.0456930324435234,0.759637176990509,-2.44057655334473,3.026451587677,-1.80004262924194,K,7
OUTPUT,NaN,NaN,NaN,NaN,NaN,NaN

INPUT,0.399730026721954,0.0465092957019806,0.768248915672302,-2.46430540084839,3.0186722278595,-1.77582836151123,K,8
OUTPUT,NaN,NaN,NaN,NaN,NaN,NaN

INPUT,0.402832537889481,0.0469990558922291,0.773415923118591,-2.47850751876831,3.01405572891235,-1.76136434078217,K,9
OUTPUT,NaN,NaN,NaN,NaN,NaN,NaN

INPUT,0.375295490026474,0.0403992459177971,0.731184244155884,-2.32880020141602,3.08785724639893,-1.67781174182892,K,5
OUTPUT,NaN,NaN,NaN,NaN,NaN,NaN

INPUT,0.384298861026764,0.0414001792669296,0.746705889701843,-2.38131189346313,3.07956695556641,-1.61515653133392,K,6
OUTPUT,NaN,NaN,NaN,NaN,NaN,NaN

INPUT,0.391301453113556,0.0421786829829216,0.758778274059296,-2.42300581932068,3.07325887680054,-1.56725668907166,K,7
OUTPUT,NaN,NaN,NaN,NaN,NaN,NaN

INPUT,0.396303325891495,0.042734757065773,0.767401397228241,-2.45311975479126,3.06883597373962,-1.53336298465729,K,8
OUTPUT,NaN,NaN,NaN,NaN,NaN,NaN

INPUT,0.399304449558258,0.0430684015154839,0.772575318813324,-2.47129607200623,3.06621766090393,-1.51313018798828,K,9
OUTPUT,NaN,NaN,NaN,NaN,NaN,NaN

INPUT,0.375277608633041,0.044421598315239,0.715594053268433,-2.49124884605408,3.02873277664185,-1.87332284450531,K,4
OUTPUT,NaN,NaN,NaN,NaN,NaN,NaN

INPUT,0.385616779327393,0.0465845540165901,0.730492532253265,-2.55797052383423,3.00711297988892,-1.80634558200836,K,5
OUTPUT,NaN,NaN,NaN,NaN,NaN,NaN

INPUT,0.395955920219421,0.0487475134432316,0.745391011238098,-2.62482357025146,2.98609328269958,-1.73930716514587,K,6
OUTPUT,NaN,NaN,NaN,NaN,NaN,NaN

INPUT,0.403997480869293,0.0504298135638237,0.756978690624237,-2.67690968513489,2.97022032737732,-1.68710768222809,K,7
OUTPUT,NaN,NaN,NaN,NaN,NaN,NaN

INPUT,0.409741431474686,0.0516314543783665,0.765255630016327,-2.71416258811951,2.95916390419006,-1.64978587627411,K,8
OUTPUT,NaN,NaN,NaN,NaN,NaN,NaN

INPUT,0.413187831640244,0.0523524396121502,0.770221769809723,-2.73653411865234,2.95265054702759,-1.62737667560577,K,9
OUTPUT,NaN,NaN,NaN,NaN,NaN,NaN

INPUT,0.37112757563591,0.047437995672226,0.730864107608795,-2.01959657669067,3.0582275390625,-1.64730489253998,K,5
OUTPUT,NaN,NaN,NaN,NaN,NaN,NaN

INPUT,0.379425585269928,0.0496323332190514,0.746407985687256,-2.04937505722046,3.04475235939026,-1.61049139499664,K,6
OUTPUT,NaN,NaN,NaN,NaN,NaN,NaN

INPUT,0.385879576206207,0.051339041441679,0.758497655391693,-2.0731143951416,3.03436398506165,-1.58250522613525,K,7
OUTPUT,NaN,NaN,NaN,NaN,NaN,NaN

INPUT,0.390489548444748,0.0525581166148186,0.767133176326752,-2.0902693271637,3.02700591087341,-1.56279253959656,K,8
OUTPUT,NaN,NaN,NaN,NaN,NaN,NaN

INPUT,0.393255561590195,0.0532895624637604,0.772314429283142,-2.1006178855896,3.02261972427368,-1.55106389522552,K,9
OUTPUT,NaN,NaN,NaN,NaN,NaN,NaN

INPUT,0.366696506738663,0.0417092405259609,0.715829610824585,-2.15698099136353,3.06596255302429,-1.61397755146027,K,4
OUTPUT,NaN,NaN,NaN,NaN,NaN,NaN

INPUT,0.375675946474075,0.0431842990219593,0.731317520141602,-2.21060729026794,3.0516242980957,-1.55043244361877,K,5
OUTPUT,NaN,NaN,NaN,NaN,NaN,NaN

INPUT,0.384655386209488,0.0446593575179577,0.746805369853973,-2.26562333106995,3.037593126297,-1.48820197582245,K,6
OUTPUT,NaN,NaN,NaN,NaN,NaN,NaN

INPUT,0.39163938164711,0.0458066239953041,0.75885146856308,-2.30904603004456,3.02692341804504,-1.44037485122681,K,7
OUTPUT,NaN,NaN,NaN,NaN,NaN,NaN

INPUT,0.396627962589264,0.0466261021792889,0.767455816268921,-2.34031200408936,3.01944661140442,-1.40642917156219,K,8
OUTPUT,NaN,NaN,NaN,NaN,NaN,NaN

INPUT,0.399621099233627,0.0471177883446217,0.772618472576141,-2.35915446281433,3.01502227783203,-1.38612997531891,K,9
OUTPUT,NaN,NaN,NaN,NaN,NaN,NaN

INPUT,0.355851590633392,0.0261765420436859,0.732420206069946,1.10491287708282,3.08849143981934,1.45814490318298,K,12
OUTPUT,NaN,NaN,NaN,NaN,NaN,NaN

INPUT,0.35974246263504,0.0252971816807985,0.743598639965057,1.08495545387268,3.08288407325745,1.47548305988312,K,13
OUTPUT,NaN,NaN,NaN,NaN,NaN,NaN

INPUT,0.363633364439011,0.024417819455266,0.754777133464813,1.06526482105255,3.07730889320374,1.49301445484161,K,14
OUTPUT,NaN,NaN,NaN,NaN,NaN,NaN

INPUT,0.367524266242981,0.0235384590923786,0.765955626964569,1.04579794406891,3.0717716217041,1.51067090034485,K,15
OUTPUT,NaN,NaN,NaN,NaN,NaN,NaN

INPUT,0.371026068925858,0.0227470323443413,0.776016294956207,1.0284469127655,3.0668249130249,1.52662563323975,K,16
OUTPUT,NaN,NaN,NaN,NaN,NaN,NaN

INPUT,0.373749703168869,0.0221314802765846,0.783841252326965,1.01505410671234,3.06300449371338,1.53905642032623,K,17
OUTPUT,NaN,NaN,NaN,NaN,NaN,NaN

INPUT,0.375695139169693,0.0216917991638184,0.789430439472198,1.00554072856903,3.06029081344604,1.54793989658356,K,18
OUTPUT,NaN,NaN,NaN,NaN,NaN,NaN

INPUT,0.376862406730652,0.0214279908686876,0.792784035205841,0.999853193759918,3.05866932868958,1.55326974391937,K,19
OUTPUT,NaN,NaN,NaN,NaN,NaN,NaN

INPUT,0.377251505851746,0.0213400553911924,0.793901860713959,0.9979607462883,3.05812978744507,1.55504620075226,K,20
OUTPUT,NaN,NaN,NaN,NaN,NaN,NaN

INPUT,0.362216055393219,0.0340031199157238,0.732974290847778,-2.00329089164734,3.13756084442139,-1.68287527561188,K,12
OUTPUT,NaN,NaN,NaN,NaN,NaN,NaN

INPUT,0.366776287555695,0.0339473485946655,0.74421238899231,-2.00137877464294,3.13720750808716,-1.64717221260071,K,13
OUTPUT,NaN,NaN,NaN,NaN,NaN,NaN

INPUT,0.371336489915848,0.0338915772736073,0.755450427532196,-2.00226879119873,3.13685464859009,-1.61432898044586,K,14
OUTPUT,NaN,NaN,NaN,NaN,NaN,NaN

INPUT,0.375896722078323,0.033835805952549,0.766688525676727,-2.00536322593689,3.13650298118591,-1.58376729488373,K,15
OUTPUT,NaN,NaN,NaN,NaN,NaN,NaN

INPUT,0.380000919103622,0.0337856113910675,0.776802837848663,-2.00966191291809,3.13618779182434,-1.55785644054413,K,16
OUTPUT,NaN,NaN,NaN,NaN,NaN,NaN

INPUT,0.383193075656891,0.0337465740740299,0.784669518470764,-2.01382637023926,3.13594365119934,-1.53858685493469,K,17
OUTPUT,NaN,NaN,NaN,NaN,NaN,NaN

INPUT,0.385473191738129,0.0337186865508556,0.79028856754303,-2.01718044281006,3.13577008247375,-1.52523934841156,K,18
OUTPUT,NaN,NaN,NaN,NaN,NaN,NaN

INPUT,0.386841237545013,0.0337019562721252,0.79365998506546,-2.01932978630066,3.13566613197327,-1.51738381385803,K,19
OUTPUT,NaN,NaN,NaN,NaN,NaN,NaN

INPUT,0.38729727268219,0.0336963795125484,0.794783771038055,-2.02006793022156,3.1356315612793,-1.51478946208954,K,20
OUTPUT,NaN,NaN,NaN,NaN,NaN,NaN

INPUT,0.377076238393784,0.040966272354126,0.720625817775726,-2.42713165283203,3.03505945205688,-1.6188907623291,K,11
OUTPUT,NaN,NaN,NaN,NaN,NaN,NaN

INPUT,0.383921802043915,0.041723370552063,0.731731772422791,-2.47414469718933,3.02343201637268,-1.57063269615173,K,12
OUTPUT,NaN,NaN,NaN,NaN,NaN,NaN

INPUT,0.390767335891724,0.0424804724752903,0.7428377866745,-2.52130055427551,3.01207208633423,-1.52245247364044,K,13
OUTPUT,NaN,NaN,NaN,NaN,NaN,NaN

INPUT,0.397612899541855,0.0432375706732273,0.753943741321564,-2.5685727596283,3.00100564956665,-1.47431933879852,K,14
OUTPUT,NaN,NaN,NaN,NaN,NaN,NaN

INPUT,0.404458463191986,0.0439946688711643,0.765049695968628,-2.61594343185425,2.99025845527649,-1.4262113571167,K,15
OUTPUT,NaN,NaN,NaN,NaN,NaN,NaN

INPUT,0.41061943769455,0.0446760579943657,0.775045096874237,-2.65865135192871,2.98087906837463,-1.3829231262207,K,16
OUTPUT,NaN,NaN,NaN,NaN,NaN,NaN

INPUT,0.415411323308945,0.0452060289680958,0.782819271087646,-2.69191265106201,2.97378778457642,-1.34925436973572,K,17
OUTPUT,NaN,NaN,NaN,NaN,NaN,NaN

INPUT,0.418834120035172,0.0455845780670643,0.788372278213501,-2.71569275856018,2.96883678436279,-1.3252032995224,K,18
OUTPUT,NaN,NaN,NaN,NaN,NaN,NaN

INPUT,0.420887768268585,0.0458117090165615,0.791704058647156,-2.72996950149536,2.96591305732727,-1.3107715845108,K,19
OUTPUT,NaN,NaN,NaN,NaN,NaN,NaN

INPUT,0.421572327613831,0.0458874180912971,0.792814671993256,-2.7347297668457,2.96494650840759,-1.3059606552124,K,20
OUTPUT,NaN,NaN,NaN,NaN,NaN,NaN

INPUT,0.368930220603943,0.0545549169182777,0.719941675662994,-2.10398840904236,3.02019643783569,-1.893221616745,K,11
OUTPUT,NaN,NaN,NaN,NaN,NaN,NaN

INPUT,0.374817818403244,0.0569106042385101,0.730967164039612,-2.11589741706848,3.00602269172668,-1.88021433353424,K,12
OUTPUT,NaN,NaN,NaN,NaN,NaN,NaN

INPUT,0.380705416202545,0.0592662915587425,0.741992592811584,-2.1279125213623,2.99188160896301,-1.86730921268463,K,13
OUTPUT,NaN,NaN,NaN,NaN,NaN,NaN

INPUT,0.386592984199524,0.0616219751536846,0.753018021583557,-2.14000225067139,2.97778081893921,-1.85448324680328,K,14
OUTPUT,NaN,NaN,NaN,NaN,NaN,NaN

INPUT,0.392480581998825,0.0639776661992073,0.764043509960175,-2.15214467048645,2.96372866630554,-1.84172201156616,K,15
OUTPUT,NaN,NaN,NaN,NaN,NaN,NaN

INPUT,0.397779405117035,0.0660977810621262,0.773966431617737,-2.16310405731201,2.95112895965576,-1.83028447628021,K,16
OUTPUT,NaN,NaN,NaN,NaN,NaN,NaN

INPUT,0.401900738477707,0.0677467659115791,0.781684219837189,-2.17164182662964,2.94136428833008,-1.8214168548584,K,17
OUTPUT,NaN,NaN,NaN,NaN,NaN,NaN

INPUT,0.404844522476196,0.068924605846405,0.787196934223175,-2.17774510383606,2.93440985679626,-1.81509721279144,K,18
OUTPUT,NaN,NaN,NaN,NaN,NaN,NaN

INPUT,0.406610816717148,0.069631315767765,0.790504574775696,-2.18140816688538,2.93024563789368,-1.81131100654602,K,19
OUTPUT,NaN,NaN,NaN,NaN,NaN,NaN

INPUT,0.407199561595917,0.069866880774498,0.791607141494751,-2.18262958526611,2.92885899543762,-1.81004989147186,K,20
OUTPUT,NaN,NaN,NaN,NaN,NaN,NaN

INPUT,0.377582043409348,0.0399139709770679,0.716567039489746,-2.41898345947266,3.03428483009338,-1.63296842575073,K,4
OUTPUT,NaN,NaN,NaN,NaN,NaN,NaN

INPUT,0.388372153043747,0.0411270186305046,0.731538534164429,-2.50179719924927,3.01454925537109,-1.54594504833221,K,5
OUTPUT,NaN,NaN,NaN,NaN,NaN,NaN

INPUT,0.399162262678146,0.0423400662839413,0.746509969234467,-2.58527064323425,2.99572777748108,-1.45937323570251,K,6
OUTPUT,NaN,NaN,NaN,NaN,NaN,NaN

INPUT,0.407554537057877,0.0432835482060909,0.758154451847076,-2.65051865577698,2.98180866241455,-1.39220774173737,K,7
OUTPUT,NaN,NaN,NaN,NaN,NaN,NaN

INPUT,0.413549035787582,0.0439574643969536,0.766471922397614,-2.69726252555847,2.97229027748108,-1.344282746315,K,8
OUTPUT,NaN,NaN,NaN,NaN,NaN,NaN

INPUT,0.417145758867264,0.0443618111312389,0.771462380886078,-2.72535729408264,2.9667592048645,-1.31554007530212,K,9
OUTPUT,NaN,NaN,NaN,NaN,NaN,NaN

INPUT,0.369338631629944,0.0523746907711029,0.714853048324585,-2.09451675415039,3.0191478729248,-1.89220464229584,K,4
OUTPUT,NaN,NaN,NaN,NaN,NaN,NaN

INPUT,0.378718614578247,0.0560899786651134,0.729995489120483,-2.1181628704071,2.99510979652405,-1.87085247039795,K,5
OUTPUT,NaN,NaN,NaN,NaN,NaN,NaN

INPUT,0.388098627328873,0.0598052702844143,0.745138049125671,-2.141526222229,2.97114562988281,-1.84913802146912,K,6
OUTPUT,NaN,NaN,NaN,NaN,NaN,NaN

INPUT,0.395394176244736,0.0626949369907379,0.756915509700775,-2.15956592559814,2.95258569717407,-1.83209180831909,K,7
OUTPUT,NaN,NaN,NaN,NaN,NaN,NaN

INPUT,0.400605291128159,0.0647589862346649,0.765327990055084,-2.17239546775818,2.93938302993774,-1.81985974311829,K,8
OUTPUT,NaN,NaN,NaN,NaN,NaN,NaN

INPUT,0.403731971979141,0.0659974217414856,0.770375490188599,-2.18007349967957,2.9314866065979,-1.81250405311584,K,9
OUTPUT,NaN,NaN,NaN,NaN,NaN,NaN

INPUT,0.362019538879395,0.0261443424969912,0.736215353012085,1.09557402133942,3.08214092254639,1.48765420913696,K,5
OUTPUT,NaN,NaN,NaN,NaN,NaN,NaN

INPUT,0.367828369140625,0.0249192155897617,0.74980753660202,1.05914127826691,3.07342624664307,1.51072728633881,K,6
OUTPUT,NaN,NaN,NaN,NaN,NaN,NaN

INPUT,0.372346371412277,0.0239663403481245,0.760379254817963,1.03190994262695,3.06669783592224,1.52972137928009,K,7
OUTPUT,NaN,NaN,NaN,NaN,NaN,NaN

INPUT,0.375573515892029,0.0232857149094343,0.767930507659912,1.01291882991791,3.06192493438721,1.54368805885315,K,8
OUTPUT,NaN,NaN,NaN,NaN,NaN,NaN

INPUT,0.37750980257988,0.0228773411363363,0.772461235523224,1.00168204307556,3.05907654762268,1.55219316482544,K,9
OUTPUT,NaN,NaN,NaN,NaN,NaN,NaN

INPUT,0.362587451934814,0.0340234190225601,0.724476158618927,-2.16460776329041,3.1369264125824,-1.86412286758423,K,4
OUTPUT,NaN,NaN,NaN,NaN,NaN,NaN

INPUT,0.369114577770233,0.0339084230363369,0.73779296875,-2.11402440071106,3.13661098480225,-1.75926399230957,K,5
OUTPUT,NaN,NaN,NaN,NaN,NaN,NaN

INPUT,0.375641703605652,0.0337934270501137,0.751109838485718,-2.07300925254822,3.1362726688385,-1.66397321224213,K,6
OUTPUT,NaN,NaN,NaN,NaN,NaN,NaN

INPUT,0.380718380212784,0.0337039865553379,0.761467337608337,-2.04697012901306,3.13599729537964,-1.59577083587646,K,7
OUTPUT,NaN,NaN,NaN,NaN,NaN,NaN

INPUT,0.384344547986984,0.0336401015520096,0.768865585327148,-2.03117275238037,3.13579559326172,-1.54990684986115,K,8
OUTPUT,NaN,NaN,NaN,NaN,NaN,NaN

INPUT,0.386520266532898,0.0336017683148384,0.773304522037506,-2.0227222442627,3.13567280769348,-1.5234432220459,K,9
OUTPUT,NaN,NaN,NaN,NaN,NaN,NaN

INPUT,0.36009755730629,0.0138593539595604,0.731963634490967,1.55578756332397,3.06065940856934,1.78911125659943,K,12
OUTPUT,NaN,NaN,NaN,NaN,NaN,NaN

INPUT,0.36443555355072,0.0116832591593266,0.743094146251678,1.54239559173584,3.0521388053894,1.8003261089325,K,13
OUTPUT,NaN,NaN,NaN,NaN,NaN,NaN

INPUT,0.368773549795151,0.00950716715306044,0.754224717617035,1.52920138835907,3.04364037513733,1.81172311306,K,14
OUTPUT,NaN,NaN,NaN,NaN,NaN,NaN

INPUT,0.373111546039581,0.00733107188716531,0.765355229377747,1.51616287231445,3.03516817092896,1.82325279712677,K,15
OUTPUT,NaN,NaN,NaN,NaN,NaN,NaN

INPUT,0.377015739679337,0.00537258479744196,0.775372743606567,1.50453770160675,3.02756881713867,1.83371317386627,K,16
OUTPUT,NaN,NaN,NaN,NaN,NaN,NaN

INPUT,0.380052328109741,0.00384931988082826,0.783164083957672,1.49555766582489,3.02167701721191,1.84189033508301,K,17
OUTPUT,NaN,NaN,NaN,NaN,NaN,NaN

INPUT,0.382221341133118,0.00276127154938877,0.78872936964035,1.48917317390442,3.01747965812683,1.8477486371994,K,18
OUTPUT,NaN,NaN,NaN,NaN,NaN,NaN

INPUT,0.383522719144821,0.00210844376124442,0.792068541049957,1.48535370826721,3.01496553421021,1.85126924514771,K,19
OUTPUT,NaN,NaN,NaN,NaN,NaN,NaN

INPUT,0.383956521749496,0.00189083442091942,0.793181598186493,1.48408234119415,3.01412844657898,1.85244369506836,K,20
OUTPUT,NaN,NaN,NaN,NaN,NaN,NaN

INPUT,0.367821991443634,0.0433097183704376,0.721371531486511,-2.03899192810059,3.07265019416809,-1.62883520126343,K,11
OUTPUT,NaN,NaN,NaN,NaN,NaN,NaN

INPUT,0.373578429222107,0.0443423837423325,0.73256641626358,-2.06193494796753,3.0647497177124,-1.60350334644318,K,12
OUTPUT,NaN,NaN,NaN,NaN,NaN,NaN

INPUT,0.37933486700058,0.045375045388937,0.743761301040649,-2.08510708808899,3.05689406394958,-1.5783863067627,K,13
OUTPUT,NaN,NaN,NaN,NaN,NaN,NaN

INPUT,0.38509127497673,0.0464077107608318,0.754956185817719,-2.1084520816803,3.04908776283264,-1.55342590808868,K,14
OUTPUT,NaN,NaN,NaN,NaN,NaN,NaN

INPUT,0.390847712755203,0.0474403761327267,0.766151070594788,-2.13193082809448,3.041335105896,-1.52858185768127,K,15
OUTPUT,NaN,NaN,NaN,NaN,NaN,NaN

INPUT,0.396028488874435,0.0483697727322578,0.776226460933685,-2.15315365791321,3.03440761566162,-1.50629842281342,K,16
OUTPUT,NaN,NaN,NaN,NaN,NaN,NaN

INPUT,0.400058001279831,0.0490926392376423,0.78406286239624,-2.16971111297607,3.02905440330505,-1.48900628089905,K,17
OUTPUT,NaN,NaN,NaN,NaN,NaN,NaN

INPUT,0.402936220169067,0.0496089719235897,0.789660334587097,-2.18156147003174,3.02525043487549,-1.47667229175568,K,18
OUTPUT,NaN,NaN,NaN,NaN,NaN,NaN

INPUT,0.404663145542145,0.0499187707901001,0.793018758296967,-2.18868041038513,3.02297592163086,-1.46927797794342,K,19
OUTPUT,NaN,NaN,NaN,NaN,NaN,NaN

INPUT,0.405238777399063,0.0500220358371735,0.794138252735138,-2.1910548210144,3.02221918106079,-1.46681416034698,K,20
OUTPUT,NaN,NaN,NaN,NaN,NaN,NaN

INPUT,0.362311750650406,0.0428159162402153,0.721275508403778,-1.91954016685486,3.09303593635559,-1.72289204597473,K,11
OUTPUT,NaN,NaN,NaN,NaN,NaN,NaN

INPUT,0.367421060800552,0.0437907949090004,0.732456862926483,-1.929563164711,3.08740520477295,-1.70974731445313,K,12
OUTPUT,NaN,NaN,NaN,NaN,NaN,NaN

INPUT,0.372530370950699,0.0447656698524952,0.743638157844543,-1.93987560272217,3.08178472518921,-1.69690179824829,K,13
OUTPUT,NaN,NaN,NaN,NaN,NaN,NaN

INPUT,0.377639651298523,0.0457405485212803,0.754819512367249,-1.95039844512939,3.07617688179016,-1.68428230285645,K,14
OUTPUT,NaN,NaN,NaN,NaN,NaN,NaN

INPUT,0.382748961448669,0.0467154234647751,0.766000866889954,-1.96107661724091,3.0705840587616,-1.67184019088745,K,15
OUTPUT,NaN,NaN,NaN,NaN,NaN,NaN

INPUT,0.387347340583801,0.0475928150117397,0.776064038276672,-1.97078657150269,3.06556534767151,-1.66076588630676,K,16
OUTPUT,NaN,NaN,NaN,NaN,NaN,NaN

INPUT,0.390923827886581,0.0482752285897732,0.783890962600708,-1.97838926315308,3.06167268753052,-1.65222156047821,K,17
OUTPUT,NaN,NaN,NaN,NaN,NaN,NaN

INPUT,0.393478482961655,0.0487626641988754,0.789481639862061,-1.98384153842926,3.05889844894409,-1.64615154266357,K,18
OUTPUT,NaN,NaN,NaN,NaN,NaN,NaN

INPUT,0.395011276006699,0.0490551292896271,0.79283607006073,-1.98712038993835,3.05723643302917,-1.64252185821533,K,19
OUTPUT,NaN,NaN,NaN,NaN,NaN,NaN

INPUT,0.395522207021713,0.0491526164114475,0.793954193592072,-1.98821449279785,3.0566828250885,-1.64131391048431,K,20
OUTPUT,NaN,NaN,NaN,NaN,NaN,NaN

INPUT,0.368404537439346,0.0421951711177826,0.715833127498627,-2.04139089584351,3.07183361053467,-1.64327168464661,K,4
OUTPUT,NaN,NaN,NaN,NaN,NaN,NaN

INPUT,0.377788305282593,0.0437539517879486,0.731304526329041,-2.07952737808228,3.05842566490173,-1.59488344192505,K,5
OUTPUT,NaN,NaN,NaN,NaN,NaN,NaN

INPUT,0.387172102928162,0.0453127287328243,0.746775925159454,-2.11910486221313,3.04517149925232,-1.54788780212402,K,6
OUTPUT,NaN,NaN,NaN,NaN,NaN,NaN

INPUT,0.394470572471619,0.0465251132845879,0.758809208869934,-2.15043997764587,3.03501749038696,-1.51206278800964,K,7
OUTPUT,NaN,NaN,NaN,NaN,NaN,NaN

INPUT,0.399683803319931,0.0473911017179489,0.767404437065125,-2.1729793548584,3.02786803245544,-1.48681557178497,K,8
OUTPUT,NaN,NaN,NaN,NaN,NaN,NaN

INPUT,0.402811735868454,0.0479106977581978,0.772561550140381,-2.18653392791748,3.02362513542175,-1.4717983007431,K,9
OUTPUT,NaN,NaN,NaN,NaN,NaN,NaN

INPUT,0.371433109045029,0.0434383377432823,0.730788350105286,-1.94172620773315,3.08289170265198,-1.70972609519958,K,5
OUTPUT,NaN,NaN,NaN,NaN,NaN,NaN

INPUT,0.379857629537582,0.044937290251255,0.746354043483734,-1.95750093460083,3.07342123985291,-1.6841071844101,K,6
OUTPUT,NaN,NaN,NaN,NaN,NaN,NaN

INPUT,0.386410057544708,0.0461031422019005,0.758460640907288,-1.97061693668365,3.06607985496521,-1.66504299640656,K,7
OUTPUT,NaN,NaN,NaN,NaN,NaN,NaN

INPUT,0.391090333461761,0.0469358935952187,0.767108201980591,-1.98030889034271,3.06085276603699,-1.65176701545715,K,8
OUTPUT,NaN,NaN,NaN,NaN,NaN,NaN

INPUT,0.393898516893387,0.0474355444312096,0.772296786308289,-1.98622679710388,3.05772423744202,-1.64391446113586,K,9
OUTPUT,NaN,NaN,NaN,NaN,NaN,NaN

INPUT,0.366599947214127,0.0132076488807797,0.736075282096863,1.54443550109863,3.04975771903992,1.8048152923584,K,5
OUTPUT,NaN,NaN,NaN,NaN,NaN,NaN

INPUT,0.372927576303482,0.0100454147905111,0.749491989612579,1.52220118045807,3.03688335418701,1.82146668434143,K,6
OUTPUT,NaN,NaN,NaN,NaN,NaN,NaN

INPUT,0.377849072217941,0.00758590176701546,0.759927153587341,1.5053426027298,3.02690362930298,1.83484983444214,K,7
OUTPUT,NaN,NaN,NaN,NaN,NaN,NaN

INPUT,0.381364434957504,0.00582910515367985,0.767380893230438,1.49348080158234,3.01979780197144,1.84457910060883,K,8
OUTPUT,NaN,NaN,NaN,NaN,NaN,NaN

INPUT,0.383473634719849,0.00477502727881074,0.771853148937225,1.48642492294312,3.01554441452026,1.85047149658203,K,9
OUTPUT,NaN,NaN,NaN,NaN,NaN,NaN

INPUT,0.372437924146652,0.0438135340809822,0.720867097377777,-2.31494688987732,3.0465874671936,-1.57647895812988,K,11
OUTPUT,NaN,NaN,NaN,NaN,NaN,NaN

INPUT,0.378738284111023,0.0449058078229427,0.732000529766083,-2.35772085189819,3.03609919548035,-1.53224754333496,K,12
OUTPUT,NaN,NaN,NaN,NaN,NaN,NaN

INPUT,0.385038673877716,0.0459980852901936,0.743134021759033,-2.40064930915833,3.02581024169922,-1.48812282085419,K,13
OUTPUT,NaN,NaN,NaN,NaN,NaN,NaN

INPUT,0.391339004039764,0.0470903590321541,0.754267454147339,-2.44370007514954,3.01574015617371,-1.44406926631927,K,14
OUTPUT,NaN,NaN,NaN,NaN,NaN,NaN

INPUT,0.397639364004135,0.0481826327741146,0.765400946140289,-2.48685169219971,3.00590825080872,-1.40006172657013,K,15
OUTPUT,NaN,NaN,NaN,NaN,NaN,NaN

INPUT,0.40330970287323,0.0491656810045242,0.775421023368835,-2.52576184272766,2.99727869033813,-1.36047959327698,K,16
OUTPUT,NaN,NaN,NaN,NaN,NaN,NaN

INPUT,0.407719939947128,0.0499302707612514,0.783214449882507,-2.55606818199158,2.99071931838989,-1.32970309257507,K,17
OUTPUT,NaN,NaN,NaN,NaN,NaN,NaN

INPUT,0.410870134830475,0.0504764094948769,0.788781225681305,-2.57773661613464,2.98611974716187,-1.30772268772125,K,18
OUTPUT,NaN,NaN,NaN,NaN,NaN,NaN

INPUT,0.412760227918625,0.0508040897548199,0.792121231555939,-2.59074592590332,2.98339509963989,-1.2945351600647,K,19
OUTPUT,NaN,NaN,NaN,NaN,NaN,NaN

INPUT,0.413390278816223,0.0509133189916611,0.793234586715698,-2.59508347511292,2.98249292373657,-1.29013931751251,K,20
OUTPUT,NaN,NaN,NaN,NaN,NaN,NaN

INPUT,0.36374706029892,0.0420324504375458,0.722122609615326,-2.12416839599609,3.08952140808105,-1.50337243080139,K,11
OUTPUT,NaN,NaN,NaN,NaN,NaN,NaN

INPUT,0.369024664163589,0.0429149828851223,0.733404874801636,-2.15912556648254,3.08370232582092,-1.46528077125549,K,12
OUTPUT,NaN,NaN,NaN,NaN,NaN,NaN

INPUT,0.374302268028259,0.0437975153326988,0.744687139987946,-2.19437384605408,3.07796025276184,-1.42746758460999,K,13
OUTPUT,NaN,NaN,NaN,NaN,NaN,NaN

INPUT,0.379579871892929,0.0446800477802753,0.755969405174255,-2.22983932495117,3.07230305671692,-1.38985884189606,K,14
OUTPUT,NaN,NaN,NaN,NaN,NaN,NaN

INPUT,0.384857475757599,0.0455625802278519,0.767251670360565,-2.26547288894653,3.06673836708069,-1.35240352153778,K,15
OUTPUT,NaN,NaN,NaN,NaN,NaN,NaN

INPUT,0.389607340097427,0.0463568605482578,0.777405679225922,-2.29765701293945,3.06181502342224,-1.31879496574402,K,16
OUTPUT,NaN,NaN,NaN,NaN,NaN,NaN

INPUT,0.393301665782928,0.0469746328890324,0.785303294658661,-2.32275104522705,3.05804538726807,-1.29270827770233,K,17
OUTPUT,NaN,NaN,NaN,NaN,NaN,NaN

INPUT,0.395940452814102,0.0474159009754658,0.790944397449493,-2.34070420265198,3.05538582801819,-1.27409875392914,K,18
OUTPUT,NaN,NaN,NaN,NaN,NaN,NaN

INPUT,0.397523730993271,0.0476806610822678,0.794329106807709,-2.35148668289185,3.05380392074585,-1.26294159889221,K,19
OUTPUT,NaN,NaN,NaN,NaN,NaN,NaN

INPUT,0.398051500320435,0.0477689132094383,0.795457303524017,-2.35508251190186,3.05327892303467,-1.25922381877899,K,20
OUTPUT,NaN,NaN,NaN,NaN,NaN,NaN

INPUT,0.376577585935593,0.0454613044857979,0.70798271894455,-2.43191242218018,3.01308989524841,-1.85327076911926,K,10
OUTPUT,NaN,NaN,NaN,NaN,NaN,NaN

INPUT,0.384269744157791,0.0469185747206211,0.718883752822876,-2.47012090682983,2.99664759635925,-1.81410014629364,K,11
OUTPUT,NaN,NaN,NaN,NaN,NaN,NaN

INPUT,0.391961932182312,0.048375841230154,0.729784727096558,-2.50847268104553,2.98042178153992,-1.7749810218811,K,12
OUTPUT,NaN,NaN,NaN,NaN,NaN,NaN

INPUT,0.39965409040451,0.049833107739687,0.740685760974884,-2.54694437980652,2.96443700790405,-1.73588132858276,K,13
OUTPUT,NaN,NaN,NaN,NaN,NaN,NaN

INPUT,0.407346248626709,0.0512903742492199,0.751586735248566,-2.58552217483521,2.94871783256531,-1.69677829742432,K,14
OUTPUT,NaN,NaN,NaN,NaN,NaN,NaN

INPUT,0.415038406848907,0.0527476407587528,0.762487709522247,-2.6241979598999,2.93328809738159,-1.65765595436096,K,15
OUTPUT,NaN,NaN,NaN,NaN,NaN,NaN

INPUT,0.42196136713028,0.0540591813623905,0.772298634052277,-2.6590850353241,2.91966843605042,-1.62241911888123,K,16
OUTPUT,NaN,NaN,NaN,NaN,NaN,NaN

INPUT,0.427345871925354,0.0550792664289474,0.779929280281067,-2.68626999855042,2.90926194190979,-1.5949901342392,K,17
OUTPUT,NaN,NaN,NaN,NaN,NaN,NaN

INPUT,0.431191951036453,0.0558078996837139,0.785379827022552,-2.70571422576904,2.90193343162537,-1.57538437843323,K,18
OUTPUT,NaN,NaN,NaN,NaN,NaN,NaN

INPUT,0.433499604463577,0.0562450774013996,0.788650095462799,-2.7173912525177,2.89757966995239,-1.56361508369446,K,19
OUTPUT,NaN,NaN,NaN,NaN,NaN,NaN

INPUT,0.434268832206726,0.0563908070325851,0.789740204811096,-2.72128534317017,2.89613580703735,-1.55969107151031,K,20
OUTPUT,NaN,NaN,NaN,NaN,NaN,NaN

INPUT,0.374285310506821,0.0550145655870438,0.719049692153931,-2.2745726108551,3.00384044647217,-1.94528496265411,K,11
OUTPUT,NaN,NaN,NaN,NaN,NaN,NaN

INPUT,0.380802810192108,0.0574242658913136,0.729970455169678,-2.29370093345642,2.98780298233032,-1.92530834674835,K,12
OUTPUT,NaN,NaN,NaN,NaN,NaN,NaN

INPUT,0.387320339679718,0.0598339661955833,0.74089115858078,-2.31289911270142,2.97185254096985,-1.90542280673981,K,13
OUTPUT,NaN,NaN,NaN,NaN,NaN,NaN

INPUT,0.393837839365005,0.0622436627745628,0.751811861991882,-2.33213114738464,2.95600891113281,-1.885622382164,K,14
OUTPUT,NaN,NaN,NaN,NaN,NaN,NaN

INPUT,0.400355368852615,0.0646533593535423,0.762732565402985,-2.35136818885803,2.94029116630554,-1.86590754985809,K,15
OUTPUT,NaN,NaN,NaN,NaN,NaN,NaN

INPUT,0.406221151351929,0.0668220892548561,0.772561192512512,-2.36866521835327,2.92626810073853,-1.84824120998383,K,16
OUTPUT,NaN,NaN,NaN,NaN,NaN,NaN

INPUT,0.410783410072327,0.0685088783502579,0.780205726623535,-2.3820972442627,2.91545057296753,-1.83455443382263,K,17
OUTPUT,NaN,NaN,NaN,NaN,NaN,NaN

INPUT,0.414042145013809,0.0697137266397476,0.785666048526764,-2.39167594909668,2.90777540206909,-1.82480847835541,K,18
OUTPUT,NaN,NaN,NaN,NaN,NaN,NaN

INPUT,0.415997415781021,0.0704366415739059,0.788942277431488,-2.39741587638855,2.90319180488586,-1.81897389888763,K,19
OUTPUT,NaN,NaN,NaN,NaN,NaN,NaN

INPUT,0.416649162769318,0.0706776082515717,0.790034353733063,-2.39932775497437,2.90166759490967,-1.81703114509583,K,20
OUTPUT,NaN,NaN,NaN,NaN,NaN,NaN

INPUT,0.366774648427963,0.0456984005868435,0.722205579280853,-2.08617520332336,3.07492065429688,-1.72246658802032,K,11
OUTPUT,NaN,NaN,NaN,NaN,NaN,NaN

INPUT,0.372435033321381,0.0470085889101028,0.733480453491211,-2.10702157020569,3.06724333763123,-1.70049679279327,K,12
OUTPUT,NaN,NaN,NaN,NaN,NaN,NaN

INPUT,0.378095418214798,0.0483187772333622,0.744755387306213,-2.12797904014587,3.05960035324097,-1.67862570285797,K,13
OUTPUT,NaN,NaN,NaN,NaN,NaN,NaN

INPUT,0.383755803108215,0.0496289655566216,0.756030201911926,-2.14902091026306,3.05199480056763,-1.65682578086853,K,14
OUTPUT,NaN,NaN,NaN,NaN,NaN,NaN

INPUT,0.389416188001633,0.0509391538798809,0.767305076122284,-2.17012906074524,3.04443025588989,-1.63507759571075,K,15
OUTPUT,NaN,NaN,NaN,NaN,NaN,NaN

INPUT,0.394510537385941,0.0521183237433434,0.77745246887207,-2.18917298316956,3.0376603603363,-1.61553728580475,K,16
OUTPUT,NaN,NaN,NaN,NaN,NaN,NaN

INPUT,0.398472785949707,0.053035456687212,0.785344898700714,-2.20401072502136,3.03242135047913,-1.60035586357117,K,17
OUTPUT,NaN,NaN,NaN,NaN,NaN,NaN

INPUT,0.401302993297577,0.0536905489861965,0.790982365608215,-2.2146213054657,3.02869415283203,-1.58951902389526,K,18
OUTPUT,NaN,NaN,NaN,NaN,NaN,NaN

INPUT,0.403001099824905,0.0540836080908775,0.794364809989929,-2.22099232673645,3.02646398544312,-1.58301949501038,K,19
OUTPUT,NaN,NaN,NaN,NaN,NaN,NaN

INPUT,0.403567135334015,0.0542146265506744,0.7954922914505,-2.22311663627625,3.02572154998779,-1.58085322380066,K,20
OUTPUT,NaN,NaN,NaN,NaN,NaN,NaN

INPUT,0.351127743721008,0.0154659487307072,0.742696821689606,1.01794528961182,3.01330757141113,1.29954183101654,K,13
OUTPUT,NaN,NaN,NaN,NaN,NaN,NaN

INPUT,0.354198455810547,0.0136503642424941,0.753788709640503,1.00407993793488,3.00110936164856,1.31257081031799,K,14
OUTPUT,NaN,NaN,NaN,NaN,NaN,NaN

INPUT,0.357269167900085,0.011834779754281,0.764880537986755,0.990293681621552,2.98895740509033,1.32565498352051,K,15
OUTPUT,NaN,NaN,NaN,NaN,NaN,NaN

INPUT,0.360032826662064,0.010200752876699,0.774863243103027,0.977945268154144,2.97806644439697,1.3374617099762,K,16
OUTPUT,NaN,NaN,NaN,NaN,NaN,NaN

INPUT,0.362182319164276,0.00892984215170145,0.782627522945404,0.968376398086548,2.96962928771973,1.34665703773499,K,17
OUTPUT,NaN,NaN,NaN,NaN,NaN,NaN

INPUT,0.363717705011368,0.00802204851061106,0.788173496723175,0.9615598320961,2.96362209320068,1.35322904586792,K,18
OUTPUT,NaN,NaN,NaN,NaN,NaN,NaN

INPUT,0.364638894796371,0.0074773752130568,0.791501045227051,0.957476913928986,2.96002578735352,1.35717296600342,K,19
OUTPUT,NaN,NaN,NaN,NaN,NaN,NaN

INPUT,0.364945977926254,0.00729581527411938,0.792610228061676,0.956117212772369,2.95882844924927,1.35848760604858,K,20
OUTPUT,NaN,NaN,NaN,NaN,NaN,NaN

INPUT,0.361571222543716,0.0545190647244453,0.720762491226196,-1.66818284988403,3.0426025390625,-1.42804658412933,K,11
OUTPUT,NaN,NaN,NaN,NaN,NaN,NaN

INPUT,0.366592973470688,0.0568705089390278,0.731884658336639,-1.68141639232635,3.03103041648865,-1.41290390491486,K,12
OUTPUT,NaN,NaN,NaN,NaN,NaN,NaN

INPUT,0.371614724397659,0.0592219531536102,0.743006825447083,-1.69482684135437,3.01949143409729,-1.39794671535492,K,13
OUTPUT,NaN,NaN,NaN,NaN,NaN,NaN

INPUT,0.376636505126953,0.0615733936429024,0.754128932952881,-1.7083615064621,3.00799298286438,-1.38313364982605,K,14
OUTPUT,NaN,NaN,NaN,NaN,NaN,NaN

INPUT,0.381658256053925,0.0639248415827751,0.765251159667969,-1.72198247909546,2.99654269218445,-1.36843812465668,K,15
OUTPUT,NaN,NaN,NaN,NaN,NaN,NaN

INPUT,0.386177837848663,0.0660411417484283,0.775261104106903,-1.73429191112518,2.9862847328186,-1.35529851913452,K,16
OUTPUT,NaN,NaN,NaN,NaN,NaN,NaN

INPUT,0.389693081378937,0.0676871463656425,0.78304660320282,-1.74388778209686,2.97834062576294,-1.34512984752655,K,17
OUTPUT,NaN,NaN,NaN,NaN,NaN,NaN

INPUT,0.392203956842422,0.0688628703355789,0.788607656955719,-1.75074994564056,2.97268629074097,-1.33789229393005,K,18
OUTPUT,NaN,NaN,NaN,NaN,NaN,NaN

INPUT,0.393710494041443,0.0695682987570763,0.791944324970245,-1.75486934185028,2.9693021774292,-1.33355963230133,K,19
OUTPUT,NaN,NaN,NaN,NaN,NaN,NaN

INPUT,0.394212663173676,0.0698034465312958,0.793056547641754,-1.7562427520752,2.96817541122437,-1.33211708068848,K,20
OUTPUT,NaN,NaN,NaN,NaN,NaN,NaN

INPUT,0.365352243185043,0.0516175590455532,0.720771908760071,-2.09190678596497,3.03627610206604,-1.90593874454498,K,11
OUTPUT,NaN,NaN,NaN,NaN,NaN,NaN

INPUT,0.37081915140152,0.0536278374493122,0.731894135475159,-2.10227823257446,3.02398610115051,-1.89435923099518,K,12
OUTPUT,NaN,NaN,NaN,NaN,NaN,NaN

INPUT,0.376286059617996,0.0556381158530712,0.743016362190247,-2.11276531219482,3.01171779632568,-1.88289308547974,K,13
OUTPUT,NaN,NaN,NaN,NaN,NaN,NaN

INPUT,0.38175293803215,0.0576483942568302,0.754138588905334,-2.12333536148071,2.99947667121887,-1.87151336669922,K,14
OUTPUT,NaN,NaN,NaN,NaN,NaN,NaN

INPUT,0.387219846248627,0.0596586726605892,0.765260815620422,-2.13396549224854,2.98726797103882,-1.86020231246948,K,15
OUTPUT,NaN,NaN,NaN,NaN,NaN,NaN

INPUT,0.392140060663223,0.0614679232239723,0.775270819664001,-2.14357018470764,2.97631216049194,-1.85007154941559,K,16
OUTPUT,NaN,NaN,NaN,NaN,NaN,NaN

INPUT,0.39596688747406,0.0628751218318939,0.783056378364563,-2.15105843544006,2.96781444549561,-1.84222030639648,K,17
OUTPUT,NaN,NaN,NaN,NaN,NaN,NaN

INPUT,0.398700356483459,0.0638802573084831,0.788617491722107,-2.15641450881958,2.96175837516785,-1.83662617206573,K,18
OUTPUT,NaN,NaN,NaN,NaN,NaN,NaN

INPUT,0.400340408086777,0.0644833445549011,0.791954159736633,-2.15963053703308,2.95813035964966,-1.83327484130859,K,19
OUTPUT,NaN,NaN,NaN,NaN,NaN,NaN

INPUT,0.400887101888657,0.0646843686699867,0.793066382408142,-2.1607027053833,2.95692205429077,-1.83215868473053,K,20
OUTPUT,NaN,NaN,NaN,NaN,NaN,NaN

INPUT,0.361956119537354,0.0342993438243866,0.732488512992859,-2.00470995903015,3.1354775428772,-1.68604743480682,K,12
OUTPUT,NaN,NaN,NaN,NaN,NaN,NaN

INPUT,0.366489738225937,0.0342749990522861,0.743674099445343,-2.0098888874054,3.13490509986877,-1.65762209892273,K,13
OUTPUT,NaN,NaN,NaN,NaN,NaN,NaN

INPUT,0.371023386716843,0.0342506542801857,0.754859745502472,-2.01688575744629,3.13433480262756,-1.6310715675354,K,14
OUTPUT,NaN,NaN,NaN,NaN,NaN,NaN

INPUT,0.375557005405426,0.0342263095080853,0.766045391559601,-2.02528500556946,3.1337673664093,-1.6059992313385,K,15
OUTPUT,NaN,NaN,NaN,NaN,NaN,NaN

INPUT,0.379637271165848,0.03420440107584,0.77611243724823,-2.03379011154175,3.13325953483582,-1.58445942401886,K,16
OUTPUT,NaN,NaN,NaN,NaN,NaN,NaN

INPUT,0.382810801267624,0.0341873578727245,0.783942401409149,-2.04090976715088,3.13286662101746,-1.56827211380005,K,17
OUTPUT,NaN,NaN,NaN,NaN,NaN,NaN

INPUT,0.385077625513077,0.0341751873493195,0.789535224437714,-2.04622530937195,3.13258719444275,-1.55697619915009,K,18
OUTPUT,NaN,NaN,NaN,NaN,NaN,NaN

INPUT,0.386437714099884,0.0341678820550442,0.792890906333923,-2.04949688911438,3.1324200630188,-1.55029654502869,K,19
OUTPUT,NaN,NaN,NaN,NaN,NaN,NaN

INPUT,0.386891067028046,0.0341654494404793,0.794009447097778,-2.05060029029846,3.13236427307129,-1.5480854511261,K,20
OUTPUT,NaN,NaN,NaN,NaN,NaN,NaN

INPUT,0.378366947174072,0.044648390263319,0.70647656917572,-2.44261789321899,3.00763034820557,-1.85226964950562,K,4
OUTPUT,NaN,NaN,NaN,NaN,NaN,NaN

INPUT,0.391990005970001,0.0472317487001419,0.723381519317627,-2.51516556739807,2.97667932510376,-1.77417683601379,K,5
OUTPUT,NaN,NaN,NaN,NaN,NaN,NaN

INPUT,0.40561306476593,0.0498151034116745,0.740286469459534,-2.58876872062683,2.9466609954834,-1.69675970077515,K,6
OUTPUT,NaN,NaN,NaN,NaN,NaN,NaN

INPUT,0.416208773851395,0.0518243797123432,0.753434717655182,-2.64652228355408,2.92406964302063,-1.63675451278687,K,7
OUTPUT,NaN,NaN,NaN,NaN,NaN,NaN

INPUT,0.423777133226395,0.0532595813274384,0.762826383113861,-2.68799304962158,2.90838718414307,-1.59393811225891,K,8
OUTPUT,NaN,NaN,NaN,NaN,NaN,NaN

INPUT,0.428318172693253,0.054120697081089,0.768461346626282,-2.71295309066772,2.89917325973511,-1.56825304031372,K,9
OUTPUT,NaN,NaN,NaN,NaN,NaN,NaN

INPUT,0.372823417186737,0.0426683314144611,0.716041743755341,-2.31141090393066,3.04584813117981,-1.59315550327301,K,4
OUTPUT,NaN,NaN,NaN,NaN,NaN,NaN

INPUT,0.382845103740692,0.0444149300456047,0.731247901916504,-2.38531374931335,3.02804756164551,-1.51198446750641,K,5
OUTPUT,NaN,NaN,NaN,NaN,NaN,NaN

INPUT,0.392866849899292,0.046161524951458,0.746454000473022,-2.46026372909546,3.01092743873596,-1.43170690536499,K,6
OUTPUT,NaN,NaN,NaN,NaN,NaN,NaN

INPUT,0.400661498308182,0.0475199893116951,0.758280992507935,-2.51904726028442,2.99814915657043,-1.36964118480682,K,7
OUTPUT,NaN,NaN,NaN,NaN,NaN,NaN

INPUT,0.406229108572006,0.0484903194010258,0.76672887802124,-2.56123447418213,2.98933839797974,-1.32544088363647,K,8
OUTPUT,NaN,NaN,NaN,NaN,NaN,NaN

INPUT,0.409569680690765,0.0490725189447403,0.771797597408295,-2.58661365509033,2.98418688774109,-1.2989604473114,K,9
OUTPUT,NaN,NaN,NaN,NaN,NaN,NaN

INPUT,0.372949719429016,0.0426579639315605,0.731980323791504,-2.18896770477295,3.07904314994812,-1.4544472694397,K,5
OUTPUT,NaN,NaN,NaN,NaN,NaN,NaN

INPUT,0.381537824869156,0.0440483726561069,0.747660100460052,-2.24754118919373,3.06949019432068,-1.38297915458679,K,6
OUTPUT,NaN,NaN,NaN,NaN,NaN,NaN

INPUT,0.388217449188232,0.0451297983527184,0.759855449199677,-2.29417252540588,3.06226706504822,-1.32843673229218,K,7
OUTPUT,NaN,NaN,NaN,NaN,NaN,NaN

INPUT,0.392988622188568,0.0459022484719753,0.768566429615021,-2.32789921760559,3.05722999572754,-1.28987908363342,K,8
OUTPUT,NaN,NaN,NaN,NaN,NaN,NaN

INPUT,0.395851314067841,0.0463657192885876,0.773793041706085,-2.34827160835266,3.05426001548767,-1.26687335968018,K,9
OUTPUT,NaN,NaN,NaN,NaN,NaN,NaN

INPUT,0.374595552682877,0.052789818495512,0.71474814414978,-2.25940227508545,3.00298547744751,-1.94245493412018,K,4
OUTPUT,NaN,NaN,NaN,NaN,NaN,NaN

INPUT,0.384800285100937,0.0566744357347488,0.729534387588501,-2.29727268218994,2.97579574584961,-1.91016256809235,K,5
OUTPUT,NaN,NaN,NaN,NaN,NaN,NaN

INPUT,0.395005017518997,0.060559056699276,0.744320631027222,-2.33443975448608,2.94880843162537,-1.87700879573822,K,6
OUTPUT,NaN,NaN,NaN,NaN,NaN,NaN

INPUT,0.402942061424255,0.0635804235935211,0.755820989608765,-2.36299586296082,2.92802834510803,-1.85087275505066,K,7
OUTPUT,NaN,NaN,NaN,NaN,NaN,NaN

INPUT,0.408611357212067,0.0657385438680649,0.764035582542419,-2.38323140144348,2.91332840919495,-1.83209335803986,K,8
OUTPUT,NaN,NaN,NaN,NaN,NaN,NaN

INPUT,0.412012934684753,0.0670334175229073,0.768964350223541,-2.39531135559082,2.90457391738892,-1.82079887390137,K,9
OUTPUT,NaN,NaN,NaN,NaN,NaN,NaN

INPUT,0.367426872253418,0.0445625558495522,0.716719031333923,-2.08664417266846,3.07410860061646,-1.73364686965942,K,4
OUTPUT,NaN,NaN,NaN,NaN,NaN,NaN

INPUT,0.376621872186661,0.0466311238706112,0.732312202453613,-2.12186789512634,3.06108999252319,-1.6921706199646,K,5
OUTPUT,NaN,NaN,NaN,NaN,NaN,NaN

INPUT,0.385816872119904,0.0486996918916702,0.747905313968658,-2.15797853469849,3.04818892478943,-1.65154147148132,K,6
OUTPUT,NaN,NaN,NaN,NaN,NaN,NaN

INPUT,0.392968535423279,0.0503085739910603,0.760033309459686,-2.18639755249023,3.03827309608459,-1.62039041519165,K,7
OUTPUT,NaN,NaN,NaN,NaN,NaN,NaN

INPUT,0.398076862096786,0.0514577776193619,0.768696129322052,-2.20678544044495,3.03126978874207,-1.59835541248322,K,8
OUTPUT,NaN,NaN,NaN,NaN,NaN,NaN

INPUT,0.401141881942749,0.0521473027765751,0.7738938331604,-2.21903347969055,3.02710390090942,-1.58521831035614,K,9
OUTPUT,NaN,NaN,NaN,NaN,NaN,NaN

INPUT,0.370598316192627,0.0561974234879017,0.730275928974152,-1.69608879089355,3.02221870422363,-1.41359686851501,K,5
OUTPUT,NaN,NaN,NaN,NaN,NaN,NaN

INPUT,0.37887042760849,0.0598745383322239,0.745784938335419,-1.71679258346558,3.00265002250671,-1.38329136371613,K,6
OUTPUT,NaN,NaN,NaN,NaN,NaN,NaN

INPUT,0.385304272174835,0.0627345144748688,0.757847487926483,-1.7337384223938,2.98750805854797,-1.36056447029114,K,7
OUTPUT,NaN,NaN,NaN,NaN,NaN,NaN

INPUT,0.389899879693985,0.0647773593664169,0.76646363735199,-1.74615943431854,2.97674679756165,-1.34466755390167,K,8
OUTPUT,NaN,NaN,NaN,NaN,NaN,NaN

INPUT,0.392657220363617,0.0660030618309975,0.771633267402649,-1.75371122360229,2.97031497955322,-1.33524191379547,K,9
OUTPUT,NaN,NaN,NaN,NaN,NaN,NaN

INPUT,0.365814685821533,0.0497549772262573,0.715328514575958,-2.08438944816589,3.03540563583374,-1.90567123889923,K,4
OUTPUT,NaN,NaN,NaN,NaN,NaN,NaN

INPUT,0.374557793140411,0.0528990514576435,0.730702042579651,-2.1047351360321,3.0145378112793,-1.88640451431274,K,5
OUTPUT,NaN,NaN,NaN,NaN,NaN,NaN

INPUT,0.38330090045929,0.0560431256890297,0.746075630187988,-2.12495517730713,2.99371957778931,-1.86695945262909,K,6
OUTPUT,NaN,NaN,NaN,NaN,NaN,NaN

INPUT,0.390101075172424,0.0584885142743587,0.758032858371735,-2.14062190055847,2.97758054733276,-1.85175943374634,K,7
OUTPUT,NaN,NaN,NaN,NaN,NaN,NaN

INPUT,0.394958347082138,0.0602352246642113,0.76657372713089,-2.15178632736206,2.96608948707581,-1.84087598323822,K,8
OUTPUT,NaN,NaN,NaN,NaN,NaN,NaN

INPUT,0.397872716188431,0.0612832456827164,0.771698296070099,-2.15847492218018,2.95921158790588,-1.83433866500854,K,9
OUTPUT,NaN,NaN,NaN,NaN,NaN,NaN

INPUT,0.362221837043762,0.0342724919319153,0.723838210105896,-2.10865831375122,3.134929895401,-1.80986952781677,K,4
OUTPUT,NaN,NaN,NaN,NaN,NaN,NaN

INPUT,0.36872935295105,0.0342008173465729,0.737119078636169,-2.08240985870361,3.13426303863525,-1.7296290397644,K,5
OUTPUT,NaN,NaN,NaN,NaN,NaN,NaN

INPUT,0.37523689866066,0.0341291464865208,0.750399887561798,-2.06511449813843,3.13358402252197,-1.65834176540375,K,6
OUTPUT,NaN,NaN,NaN,NaN,NaN,NaN

INPUT,0.380298316478729,0.0340734012424946,0.760729432106018,-2.05656290054321,3.13305139541626,-1.60784685611725,K,7
OUTPUT,NaN,NaN,NaN,NaN,NaN,NaN

INPUT,0.383913636207581,0.0340335816144943,0.768107712268829,-2.05262303352356,3.1326699256897,-1.57399666309357,K,8
OUTPUT,NaN,NaN,NaN,NaN,NaN,NaN

INPUT,0.386082798242569,0.0340096913278103,0.772534668445587,-2.05101823806763,3.13244080543518,-1.5544718503952,K,9
OUTPUT,NaN,NaN,NaN,NaN,NaN,NaN

INPUT,0.355882167816162,0.0163995791226625,0.741325378417969,1.02134335041046,3.00475263595581,1.31880736351013,K,5
OUTPUT,NaN,NaN,NaN,NaN,NaN,NaN

INPUT,0.359899789094925,0.0141912857070565,0.752707839012146,0.996981561183929,2.98815751075745,1.33220386505127,K,6
OUTPUT,NaN,NaN,NaN,NaN,NaN,NaN

INPUT,0.36302462220192,0.012473726645112,0.76156085729599,0.978783786296844,2.97529411315918,1.34338593482971,K,7
OUTPUT,NaN,NaN,NaN,NaN,NaN,NaN

INPUT,0.365256637334824,0.0112468972802162,0.767884433269501,0.966101765632629,2.96613526344299,1.35168874263763,K,8
OUTPUT,NaN,NaN,NaN,NaN,NaN,NaN

INPUT,0.366595834493637,0.0105107994750142,0.771678626537323,0.958600878715515,2.96065330505371,1.35677599906921,K,9
OUTPUT,NaN,NaN,NaN,NaN,NaN,NaN

INPUT,0.35853099822998,0.031982533633709,0.733222365379333,1.25196433067322,3.13092470169067,1.58592569828033,K,12
OUTPUT,NaN,NaN,NaN,NaN,NaN,NaN

INPUT,0.362703412771225,0.0317141227424145,0.744486451148987,1.22677314281464,3.12975215911865,1.59596288204193,K,13
OUTPUT,NaN,NaN,NaN,NaN,NaN,NaN

INPUT,0.366875857114792,0.03144571185112,0.75575053691864,1.20298933982849,3.12858510017395,1.60734188556671,K,14
OUTPUT,NaN,NaN,NaN,NaN,NaN,NaN

INPUT,0.371048271656036,0.0311773009598255,0.767014622688293,1.1802806854248,3.12742447853088,1.61970925331116,K,15
OUTPUT,NaN,NaN,NaN,NaN,NaN,NaN

INPUT,0.374803453683853,0.0309357307851315,0.777152299880981,1.16057336330414,3.1263861656189,1.63147854804993,K,16
OUTPUT,NaN,NaN,NaN,NaN,NaN,NaN

INPUT,0.377724170684814,0.0307478420436382,0.785037159919739,1.14564335346222,3.12558341026306,1.64095997810364,K,17
OUTPUT,NaN,NaN,NaN,NaN,NaN,NaN

INPUT,0.379810392856598,0.030613636597991,0.790669202804565,1.13516545295715,3.12501287460327,1.64787709712982,K,18
OUTPUT,NaN,NaN,NaN,NaN,NaN,NaN

INPUT,0.381062120199203,0.0305331125855446,0.794048428535461,1.12894701957703,3.12467169761658,1.65207755565643,K,19
OUTPUT,NaN,NaN,NaN,NaN,NaN,NaN

INPUT,0.381479352712631,0.0305062718689442,0.795174837112427,1.12688493728638,3.12455821037292,1.65348541736603,K,20
OUTPUT,NaN,NaN,NaN,NaN,NaN,NaN

INPUT,0.372857749462128,0.056938074529171,0.719557881355286,-2.07710909843445,3.0121591091156,-1.61723029613495,K,11
OUTPUT,NaN,NaN,NaN,NaN,NaN,NaN

INPUT,0.379207104444504,0.0595742538571358,0.730538249015808,-2.10363578796387,2.99732565879822,-1.5895003080368,K,12
OUTPUT,NaN,NaN,NaN,NaN,NaN,NaN

INPUT,0.38555645942688,0.0622104331851006,0.741518557071686,-2.13030314445496,2.98259806632996,-1.5618531703949,K,13
OUTPUT,NaN,NaN,NaN,NaN,NaN,NaN

INPUT,0.391905784606934,0.0648466050624847,0.752498865127563,-2.15708494186401,2.96798729896545,-1.53425681591034,K,14
OUTPUT,NaN,NaN,NaN,NaN,NaN,NaN

INPUT,0.39825513958931,0.0674827843904495,0.763479232788086,-2.18396377563477,2.95350432395935,-1.50668883323669,K,15
OUTPUT,NaN,NaN,NaN,NaN,NaN,NaN

INPUT,0.403969556093216,0.0698553472757339,0.773361504077911,-2.20822858810425,2.94058799743652,-1.48188829421997,K,16
OUTPUT,NaN,NaN,NaN,NaN,NaN,NaN

INPUT,0.408414095640182,0.0717006698250771,0.781047761440277,-2.22714567184448,2.93062472343445,-1.46259951591492,K,17
OUTPUT,NaN,NaN,NaN,NaN,NaN,NaN

INPUT,0.411588788032532,0.0730187594890594,0.786537885665894,-2.2406804561615,2.92355465888977,-1.44881999492645,K,18
OUTPUT,NaN,NaN,NaN,NaN,NaN,NaN

INPUT,0.413493573665619,0.0738096162676811,0.78983199596405,-2.2488100528717,2.91933178901672,-1.44055092334747,K,19
OUTPUT,NaN,NaN,NaN,NaN,NaN,NaN

INPUT,0.414128512144089,0.0740732327103615,0.790930032730103,-2.25152134895325,2.91792750358582,-1.4377943277359,K,20
OUTPUT,NaN,NaN,NaN,NaN,NaN,NaN

INPUT,0.362755745649338,0.0413432084023952,0.720851719379425,-2.13817000389099,3.09942078590393,-1.64708042144775,K,11
OUTPUT,NaN,NaN,NaN,NaN,NaN,NaN

INPUT,0.367917239665985,0.0421446487307549,0.731983304023743,-2.1653459072113,3.09465551376343,-1.61648523807526,K,12
OUTPUT,NaN,NaN,NaN,NaN,NaN,NaN

INPUT,0.37307870388031,0.0429460890591145,0.743114948272705,-2.19283938407898,3.0899293422699,-1.58620095252991,K,13
OUTPUT,NaN,NaN,NaN,NaN,NaN,NaN

INPUT,0.378240197896957,0.0437475293874741,0.754246532917023,-2.22056913375854,3.08524608612061,-1.55614614486694,K,14
OUTPUT,NaN,NaN,NaN,NaN,NaN,NaN

INPUT,0.383401662111282,0.0445489697158337,0.765378177165985,-2.24848031997681,3.0806097984314,-1.52626502513885,K,15
OUTPUT,NaN,NaN,NaN,NaN,NaN,NaN

INPUT,0.388046979904175,0.0452702641487122,0.775396645069122,-2.27372312545776,3.07648062705994,-1.49948799610138,K,16
OUTPUT,NaN,NaN,NaN,NaN,NaN,NaN

INPUT,0.391660034656525,0.045831274241209,0.783188760280609,-2.29342269897461,3.07329916954041,-1.47872281074524,K,17
OUTPUT,NaN,NaN,NaN,NaN,NaN,NaN

INPUT,0.394240766763687,0.0462319925427437,0.78875458240509,-2.30752444267273,3.07104396820068,-1.46391844749451,K,18
OUTPUT,NaN,NaN,NaN,NaN,NaN,NaN

INPUT,0.395789206027985,0.0464724265038967,0.792094051837921,-2.31599640846252,3.0696976184845,-1.45504593849182,K,19
OUTPUT,NaN,NaN,NaN,NaN,NaN,NaN

INPUT,0.396305352449417,0.0465525686740875,0.793207228183746,-2.31882238388062,3.06925010681152,-1.45208990573883,K,20
OUTPUT,NaN,NaN,NaN,NaN,NaN,NaN

INPUT,0.362112104892731,0.0421564690768719,0.732824325561523,-1.88741111755371,3.09469246864319,-1.62570130825043,K,12
OUTPUT,NaN,NaN,NaN,NaN,NaN,NaN

INPUT,0.366662353277206,0.0429593771696091,0.744044423103333,-1.89965832233429,3.08983898162842,-1.61036372184753,K,13
OUTPUT,NaN,NaN,NaN,NaN,NaN,NaN

INPUT,0.371212631464005,0.043762281537056,0.755264580249786,-1.91215693950653,3.08500099182129,-1.59530675411224,K,14
OUTPUT,NaN,NaN,NaN,NaN,NaN,NaN

INPUT,0.37576287984848,0.0445651933550835,0.76648473739624,-1.92483878135681,3.08018136024475,-1.58047235012054,K,15
OUTPUT,NaN,NaN,NaN,NaN,NaN,NaN

INPUT,0.379858136177063,0.0452878102660179,0.776582837104797,-1.93636763095856,3.07586121559143,-1.56727850437164,K,16
OUTPUT,NaN,NaN,NaN,NaN,NaN,NaN

INPUT,0.383043318986893,0.0458498448133469,0.784436941146851,-1.94539093971252,3.072514295578,-1.55710589885712,K,17
OUTPUT,NaN,NaN,NaN,NaN,NaN,NaN

INPUT,0.385318428277969,0.0462512969970703,0.790046989917755,-1.95185995101929,3.0701310634613,-1.54988300800323,K,18
OUTPUT,NaN,NaN,NaN,NaN,NaN,NaN

INPUT,0.386683523654938,0.0464921705424786,0.793413043022156,-1.95574915409088,3.06870436668396,-1.54556548595428,K,19
OUTPUT,NaN,NaN,NaN,NaN,NaN,NaN

INPUT,0.387138545513153,0.0465724617242813,0.794535040855408,-1.95704662799835,3.06822919845581,-1.5441290140152,K,20
OUTPUT,NaN,NaN,NaN,NaN,NaN,NaN

INPUT,0.373250305652618,0.054608166217804,0.714857578277588,-2.07160782814026,3.01069760322571,-1.62699413299561,K,4
OUTPUT,NaN,NaN,NaN,NaN,NaN,NaN

INPUT,0.383331954479218,0.0588481463491917,0.729832172393799,-2.11874437332153,2.98547554016113,-1.57630527019501,K,5
OUTPUT,NaN,NaN,NaN,NaN,NaN,NaN

INPUT,0.393413662910461,0.0630881264805794,0.74480676651001,-2.1664674282074,2.96062588691711,-1.52601110935211,K,6
OUTPUT,NaN,NaN,NaN,NaN,NaN,NaN

INPUT,0.401254951953888,0.0663858875632286,0.756453633308411,-2.20372295379639,2.94167327880859,-1.48719930648804,K,7
OUTPUT,NaN,NaN,NaN,NaN,NaN,NaN

INPUT,0.406855881214142,0.0687414333224297,0.764772832393646,-2.23030853271484,2.92838597297668,-1.45967495441437,K,8
OUTPUT,NaN,NaN,NaN,NaN,NaN,NaN

INPUT,0.410216450691223,0.0701547637581825,0.769764363765717,-2.24622440338135,2.92052698135376,-1.4432520866394,K,9
OUTPUT,NaN,NaN,NaN,NaN,NaN,NaN

INPUT,0.371805965900421,0.0419722124934196,0.730280816555023,-2.19021415710449,3.09080290794373,-1.60914158821106,K,5
OUTPUT,NaN,NaN,NaN,NaN,NaN,NaN

INPUT,0.380271762609482,0.0432396605610847,0.745753169059753,-2.23556804656982,3.08285593986511,-1.55106401443481,K,6
OUTPUT,NaN,NaN,NaN,NaN,NaN,NaN

INPUT,0.386856287717819,0.0442254543304443,0.75778716802597,-2.2717592716217,3.07680773735046,-1.50714683532715,K,7
OUTPUT,NaN,NaN,NaN,NaN,NaN,NaN

INPUT,0.391559511423111,0.0449295938014984,0.766382932662964,-2.29786658287048,3.07257580757141,-1.47637045383453,K,8
OUTPUT,NaN,NaN,NaN,NaN,NaN,NaN

INPUT,0.394381433725357,0.045352078974247,0.771540403366089,-2.31358051300049,3.07007622718811,-1.45813202857971,K,9
OUTPUT,NaN,NaN,NaN,NaN,NaN,NaN

INPUT,0.358855366706848,0.0323276408016682,0.724090695381165,1.35217475891113,3.13167095184326,1.66577231884003,K,4
OUTPUT,NaN,NaN,NaN,NaN,NaN,NaN

INPUT,0.364882797002792,0.0319269523024559,0.737613677978516,1.27851235866547,3.12979102134705,1.64856600761414,K,5
OUTPUT,NaN,NaN,NaN,NaN,NaN,NaN

INPUT,0.370910227298737,0.0315262600779533,0.751136779785156,1.21736025810242,3.12790298461914,1.64387059211731,K,6
OUTPUT,NaN,NaN,NaN,NaN,NaN,NaN

INPUT,0.375598222017288,0.0312146134674549,0.761654675006866,1.17552208900452,3.12643599510193,1.64588606357574,K,7
OUTPUT,NaN,NaN,NaN,NaN,NaN,NaN

INPUT,0.378946781158447,0.0309920087456703,0.769167482852936,1.14789259433746,3.12539124488831,1.64952421188354,K,8
OUTPUT,NaN,NaN,NaN,NaN,NaN,NaN

INPUT,0.380955934524536,0.0308584459125996,0.773675143718719,1.13205420970917,3.1247661113739,1.65241670608521,K,9
OUTPUT,NaN,NaN,NaN,NaN,NaN,NaN

INPUT,0.362655103206635,0.0410152338445187,0.724957704544067,-1.88941752910614,3.09464406967163,-1.64540696144104,K,4
OUTPUT,NaN,NaN,NaN,NaN,NaN,NaN

INPUT,0.368989825248718,0.0421268045902252,0.73809540271759,-1.90572214126587,3.08760738372803,-1.61697590351105,K,5
OUTPUT,NaN,NaN,NaN,NaN,NaN,NaN

INPUT,0.375324547290802,0.0432383790612221,0.751233041286469,-1.92342722415924,3.08059620857239,-1.58993673324585,K,6
OUTPUT,NaN,NaN,NaN,NaN,NaN,NaN

INPUT,0.380251586437225,0.0441029369831085,0.761451184749603,-1.93786835670471,3.0751678943634,-1.56959962844849,K,7
OUTPUT,NaN,NaN,NaN,NaN,NaN,NaN

INPUT,0.383770883083344,0.0447204783558846,0.768749892711639,-1.94845128059387,3.07130694389343,-1.55536592006683,K,8
OUTPUT,NaN,NaN,NaN,NaN,NaN,NaN

INPUT,0.385882437229156,0.0450910031795502,0.773129105567932,-1.95488822460175,3.06899762153625,-1.54692661762238,K,9
OUTPUT,NaN,NaN,NaN,NaN,NaN,NaN

INPUT,0.36753848195076,0.0428369641304016,0.721740543842316,-2.38665819168091,3.07906246185303,-1.92914879322052,K,11
OUTPUT,NaN,NaN,NaN,NaN,NaN,NaN

INPUT,0.373261690139771,0.0438137762248516,0.73297917842865,-2.41265964508057,3.07196021080017,-1.90130770206451,K,12
OUTPUT,NaN,NaN,NaN,NaN,NaN,NaN

INPUT,0.378984868526459,0.0447905920445919,0.744217813014984,-2.43883752822876,3.0649082660675,-1.8736298084259,K,13
OUTPUT,NaN,NaN,NaN,NaN,NaN,NaN

INPUT,0.384708046913147,0.0457674041390419,0.755456447601318,-2.46514844894409,3.05791187286377,-1.8460705280304,K,14
OUTPUT,NaN,NaN,NaN,NaN,NaN,NaN

INPUT,0.390431255102158,0.0467442162334919,0.766695082187653,-2.49156308174133,3.05097627639771,-1.81859922409058,K,15
OUTPUT,NaN,NaN,NaN,NaN,NaN,NaN

INPUT,0.395582139492035,0.0476233474910259,0.776809811592102,-2.51540803909302,3.04479026794434,-1.79393231868744,K,16
OUTPUT,NaN,NaN,NaN,NaN,NaN,NaN

INPUT,0.399588346481323,0.048307117074728,0.784676849842072,-2.53399348258972,3.04001784324646,-1.77477633953094,K,17
OUTPUT,NaN,NaN,NaN,NaN,NaN,NaN

INPUT,0.40244996547699,0.0487955212593079,0.790296196937561,-2.54728722572327,3.03663110733032,-1.76110649108887,K,18
OUTPUT,NaN,NaN,NaN,NaN,NaN,NaN

INPUT,0.404166907072067,0.0490885674953461,0.793667793273926,-2.5552704334259,3.03460812568665,-1.7529091835022,K,19
OUTPUT,NaN,NaN,NaN,NaN,NaN,NaN

INPUT,0.404739230871201,0.049186248332262,0.794791638851166,-2.55793261528015,3.03393530845642,-1.75017750263214,K,20
OUTPUT,NaN,NaN,NaN,NaN,NaN,NaN

INPUT,0.362676680088043,0.0351038463413715,0.721201479434967,-2.55001854896545,3.10695362091064,-1.8244537115097,K,11
OUTPUT,NaN,NaN,NaN,NaN,NaN,NaN

INPUT,0.367828607559204,0.035171415656805,0.732374310493469,-2.5912709236145,3.10319066047668,-1.78035056591034,K,12
OUTPUT,NaN,NaN,NaN,NaN,NaN,NaN

INPUT,0.372980564832687,0.0352389886975288,0.743547141551971,-2.63277888298035,3.0994975566864,-1.73649680614471,K,13
OUTPUT,NaN,NaN,NaN,NaN,NaN,NaN

INPUT,0.378132492303848,0.0353065580129623,0.754719913005829,-2.67447733879089,3.09588098526001,-1.69282734394073,K,14
OUTPUT,NaN,NaN,NaN,NaN,NaN,NaN

INPUT,0.383284449577332,0.0353741310536861,0.765892744064331,-2.71632266044617,3.09234762191772,-1.64929735660553,K,15
OUTPUT,NaN,NaN,NaN,NaN,NaN,NaN

INPUT,0.387921184301376,0.0354349426925182,0.775948286056519,-2.75408244132996,3.08924412727356,-1.61021339893341,K,16
OUTPUT,NaN,NaN,NaN,NaN,NaN,NaN

INPUT,0.391527563333511,0.0354822427034378,0.783769249916077,-2.78350496292114,3.08688354492188,-1.57986390590668,K,17
OUTPUT,NaN,NaN,NaN,NaN,NaN,NaN

INPUT,0.394103527069092,0.0355160310864449,0.78935569524765,-2.80454540252686,3.08522701263428,-1.5582081079483,K,18
OUTPUT,NaN,NaN,NaN,NaN,NaN,NaN

INPUT,0.39564910531044,0.0355363003909588,0.792707502841949,-2.81717872619629,3.08424544334412,-1.54522275924683,K,19
OUTPUT,NaN,NaN,NaN,NaN,NaN,NaN

INPUT,0.396164298057556,0.0355430580675602,0.793824791908264,-2.82139134407043,3.08392024040222,-1.54089546203613,K,20
OUTPUT,NaN,NaN,NaN,NaN,NaN,NaN

INPUT,0.358796745538712,0.0398176573216915,0.721292197704315,-2.29554748535156,3.1025402545929,-2.0033495426178,K,11
OUTPUT,NaN,NaN,NaN,NaN,NaN,NaN

INPUT,0.363492041826248,0.0404396876692772,0.732476532459259,-2.31141352653503,3.09806275367737,-1.98470604419708,K,12
OUTPUT,NaN,NaN,NaN,NaN,NaN,NaN

INPUT,0.368187338113785,0.0410617142915726,0.743660867214203,-2.32752013206482,3.09360337257385,-1.96634161472321,K,13
OUTPUT,NaN,NaN,NaN,NaN,NaN,NaN

INPUT,0.372882604598999,0.041683740913868,0.754845261573792,-2.34379076957703,3.08916640281677,-1.9481999874115,K,14
OUTPUT,NaN,NaN,NaN,NaN,NaN,NaN

INPUT,0.377577900886536,0.0423057712614536,0.766029596328735,-2.36016941070557,3.08475542068481,-1.93024516105652,K,15
OUTPUT,NaN,NaN,NaN,NaN,NaN,NaN

INPUT,0.381803661584854,0.0428655967116356,0.776095509529114,-2.37496733665466,3.08081102371216,-1.91422700881958,K,16
OUTPUT,NaN,NaN,NaN,NaN,NaN,NaN

INPUT,0.385090351104736,0.0433010160923004,0.783924579620361,-2.38649773597717,3.07776141166687,-1.90185379981995,K,17
OUTPUT,NaN,NaN,NaN,NaN,NaN,NaN

INPUT,0.387437999248505,0.0436120294034481,0.789516746997833,-2.3947389125824,3.07559394836426,-1.8930596113205,K,18
OUTPUT,NaN,NaN,NaN,NaN,NaN,NaN

INPUT,0.388846576213837,0.043798640370369,0.792872071266174,-2.39968419075012,3.07429790496826,-1.8878002166748,K,19
OUTPUT,NaN,NaN,NaN,NaN,NaN,NaN

INPUT,0.389316111803055,0.0438608415424824,0.79399049282074,-2.40133237838745,3.07386660575867,-1.88604974746704,K,20
OUTPUT,NaN,NaN,NaN,NaN,NaN,NaN

INPUT,0.368076503276825,0.042053434997797,0.716324627399445,-2.38244891166687,3.07870364189148,-1.93777370452881,K,4
OUTPUT,NaN,NaN,NaN,NaN,NaN,NaN

INPUT,0.377306640148163,0.0436280481517315,0.731831789016724,-2.42833638191223,3.0665442943573,-1.88724637031555,K,5
OUTPUT,NaN,NaN,NaN,NaN,NaN,NaN

INPUT,0.386536806821823,0.0452026650309563,0.747339010238647,-2.47488903999329,3.05455899238586,-1.83734035491943,K,6
OUTPUT,NaN,NaN,NaN,NaN,NaN,NaN

INPUT,0.39371582865715,0.0464273653924465,0.759400188922882,-2.51125860214233,3.04541087150574,-1.79894292354584,K,7
OUTPUT,NaN,NaN,NaN,NaN,NaN,NaN

INPUT,0.398843705654144,0.0473021492362022,0.768015325069427,-2.53721785545349,3.03899168968201,-1.77176117897034,K,8
OUTPUT,NaN,NaN,NaN,NaN,NaN,NaN

INPUT,0.401920408010483,0.0478270202875137,0.773184359073639,-2.55275988578796,3.03519248962402,-1.75555920600891,K,9
OUTPUT,NaN,NaN,NaN,NaN,NaN,NaN

INPUT,0.371666431427002,0.0349946767091751,0.730703055858612,-2.62417721748352,3.10022640228271,-1.76508247852325,K,5
OUTPUT,NaN,NaN,NaN,NaN,NaN,NaN

INPUT,0.38009175658226,0.0350614637136459,0.746238887310028,-2.69408512115479,3.09410691261292,-1.68330550193787,K,6
OUTPUT,NaN,NaN,NaN,NaN,NaN,NaN

INPUT,0.386644780635834,0.035113412886858,0.758322238922119,-2.74941205978394,3.08953332901001,-1.62064051628113,K,7
OUTPUT,NaN,NaN,NaN,NaN,NaN,NaN

INPUT,0.391325503587723,0.035150520503521,0.76695328950882,-2.78930163383484,3.08637595176697,-1.57624161243439,K,8
OUTPUT,NaN,NaN,NaN,NaN,NaN,NaN

INPUT,0.394133925437927,0.0351727828383446,0.772131860256195,-2.8133556842804,3.08452820777893,-1.54971921443939,K,9
OUTPUT,NaN,NaN,NaN,NaN,NaN,NaN

INPUT,0.36705493927002,0.040264330804348,0.730676531791687,-2.32382464408875,3.09454846382141,-1.97856175899506,K,5
OUTPUT,NaN,NaN,NaN,NaN,NaN,NaN

INPUT,0.374709218740463,0.0412304326891899,0.74628609418869,-2.35112428665161,3.0870406627655,-1.94453525543213,K,6
OUTPUT,NaN,NaN,NaN,NaN,NaN,NaN

INPUT,0.380662560462952,0.0419818423688412,0.7584268450737,-2.37290382385254,3.08124494552612,-1.9186829328537,K,7
OUTPUT,NaN,NaN,NaN,NaN,NaN,NaN

INPUT,0.384914934635162,0.0425185672938824,0.767098844051361,-2.38865256309509,3.07713460922241,-1.90047740936279,K,8
OUTPUT,NaN,NaN,NaN,NaN,NaN,NaN

INPUT,0.387466371059418,0.0428406000137329,0.772302031517029,-2.3981568813324,3.07468175888062,-1.88964593410492,K,9
OUTPUT,NaN,NaN,NaN,NaN,NaN,NaN

INPUT,0.367986142635345,0.0450936257839203,0.719838201999664,-2.24879097938538,3.05977869033813,-1.8732545375824,K,11
OUTPUT,NaN,NaN,NaN,NaN,NaN,NaN

INPUT,0.373781621456146,0.046332772821188,0.730840265750885,-2.27040243148804,3.05036425590515,-1.85063803195953,K,12
OUTPUT,NaN,NaN,NaN,NaN,NaN,NaN

INPUT,0.379577100276947,0.0475719198584557,0.741842269897461,-2.29211711883545,3.04099416732788,-1.82810604572296,K,13
OUTPUT,NaN,NaN,NaN,NaN,NaN,NaN

INPUT,0.385372579097748,0.048811063170433,0.752844333648682,-2.31391167640686,3.03167343139648,-1.80563294887543,K,14
OUTPUT,NaN,NaN,NaN,NaN,NaN,NaN

INPUT,0.391168028116226,0.0500502102077007,0.763846337795258,-2.33577060699463,3.02240633964539,-1.78320157527924,K,15
OUTPUT,NaN,NaN,NaN,NaN,NaN,NaN

INPUT,0.396383970975876,0.0511654429137707,0.773748159408569,-2.3554892539978,3.01411581039429,-1.76303815841675,K,16
OUTPUT,NaN,NaN,NaN,NaN,NaN,NaN

INPUT,0.400440812110901,0.0520328432321548,0.781449615955353,-2.37085223197937,3.00770235061646,-1.74736738204956,K,17
OUTPUT,NaN,NaN,NaN,NaN,NaN,NaN

INPUT,0.403338551521301,0.0526524186134338,0.786950647830963,-2.38183856010437,3.00314092636108,-1.73617851734161,K,18
OUTPUT,NaN,NaN,NaN,NaN,NaN,NaN

INPUT,0.405077189207077,0.0530241616070271,0.7902512550354,-2.38843512535095,3.00041222572327,-1.72946667671204,K,19
OUTPUT,NaN,NaN,NaN,NaN,NaN,NaN

INPUT,0.405656725168228,0.0531480759382248,0.791351437568665,-2.39063477516174,2.99950385093689,-1.72722959518433,K,20
OUTPUT,NaN,NaN,NaN,NaN,NaN,NaN

INPUT,0.36387974023819,0.048188179731369,0.721880555152893,-2.02021384239197,3.05737948417664,-1.48766136169434,K,11
OUTPUT,NaN,NaN,NaN,NaN,NaN,NaN

INPUT,0.369173347949982,0.0497949905693531,0.733133256435394,-2.05060768127441,3.04781651496887,-1.4553394317627,K,12
OUTPUT,NaN,NaN,NaN,NaN,NaN,NaN

INPUT,0.374466925859451,0.0514018051326275,0.744385957717896,-2.08119297027588,3.03834533691406,-1.42318117618561,K,13
OUTPUT,NaN,NaN,NaN,NaN,NaN,NaN

INPUT,0.379760533571243,0.0530086159706116,0.755638659000397,-2.11192488670349,3.02897572517395,-1.39113903045654,K,14
OUTPUT,NaN,NaN,NaN,NaN,NaN,NaN

INPUT,0.385054141283035,0.054615430533886,0.766891300678253,-2.14277338981628,3.01971673965454,-1.35918045043945,K,15
OUTPUT,NaN,NaN,NaN,NaN,NaN,NaN

INPUT,0.389818370342255,0.0560615621507168,0.77701872587204,-2.17061924934387,3.0114860534668,-1.33046984672546,K,16
OUTPUT,NaN,NaN,NaN,NaN,NaN,NaN

INPUT,0.393523901700974,0.0571863278746605,0.784895598888397,-2.19232320785522,3.00515580177307,-1.30816471576691,K,17
OUTPUT,NaN,NaN,NaN,NaN,NaN,NaN

INPUT,0.39617070555687,0.0579897351562977,0.79052197933197,-2.20784831047058,3.0006742477417,-1.2922431230545,K,18
OUTPUT,NaN,NaN,NaN,NaN,NaN,NaN

INPUT,0.397758781909943,0.0584717802703381,0.793897747993469,-2.21717166900635,2.99800205230713,-1.28269386291504,K,19
OUTPUT,NaN,NaN,NaN,NaN,NaN,NaN

INPUT,0.398288130760193,0.0586324594914913,0.795023024082184,-2.22028088569641,2.99711394309998,-1.27951121330261,K,20
OUTPUT,NaN,NaN,NaN,NaN,NaN,NaN

INPUT,0.370760649442673,0.0510900653898716,0.719731211662292,-2.14727210998535,3.03907418251038,-1.67140913009644,K,11
OUTPUT,NaN,NaN,NaN,NaN,NaN,NaN

INPUT,0.376863449811935,0.0530381053686142,0.730732083320618,-2.17458558082581,3.02736377716064,-1.64264750480652,K,12
OUTPUT,NaN,NaN,NaN,NaN,NaN,NaN

INPUT,0.382966279983521,0.0549861490726471,0.741732895374298,-2.20205211639404,3.01574325561523,-1.61400127410889,K,13
OUTPUT,NaN,NaN,NaN,NaN,NaN,NaN

INPUT,0.389069080352783,0.0569341890513897,0.752733767032623,-2.22963809967041,3.00422143936157,-1.58543395996094,K,14
OUTPUT,NaN,NaN,NaN,NaN,NaN,NaN

INPUT,0.395171880722046,0.0588822290301323,0.763734638690948,-2.25732183456421,2.99280762672424,-1.55691981315613,K,15
OUTPUT,NaN,NaN,NaN,NaN,NaN,NaN

INPUT,0.400664418935776,0.0606354661285877,0.773635387420654,-2.28230810165405,2.9826352596283,-1.53128755092621,K,16
OUTPUT,NaN,NaN,NaN,NaN,NaN,NaN

INPUT,0.404936373233795,0.0619990974664688,0.781336009502411,-2.30178308486938,2.97479295730591,-1.51136434078217,K,17
OUTPUT,NaN,NaN,NaN,NaN,NaN,NaN

INPUT,0.407987803220749,0.0629731193184853,0.786836445331573,-2.31571412086487,2.96923089027405,-1.49713814258575,K,18
OUTPUT,NaN,NaN,NaN,NaN,NaN,NaN

INPUT,0.40981861948967,0.0635575279593468,0.790136694908142,-2.32408022880554,2.96590971946716,-1.48860359191895,K,19
OUTPUT,NaN,NaN,NaN,NaN,NaN,NaN

INPUT,0.410428911447525,0.0637523308396339,0.791236758232117,-2.32687044143677,2.96480536460876,-1.48575878143311,K,20
OUTPUT,NaN,NaN,NaN,NaN,NaN,NaN

INPUT,0.363093823194504,0.0396474376320839,0.72218519449234,-2.11745810508728,3.11268067359924,-1.65240204334259,K,11
OUTPUT,NaN,NaN,NaN,NaN,NaN,NaN

INPUT,0.368295043706894,0.0402495637536049,0.733473658561707,-2.14230370521545,3.10942912101746,-1.62255108356476,K,12
OUTPUT,NaN,NaN,NaN,NaN,NaN,NaN

INPUT,0.373496264219284,0.0408516898751259,0.744762122631073,-2.16760897636414,3.10620141029358,-1.5931568145752,K,13
OUTPUT,NaN,NaN,NaN,NaN,NaN,NaN

INPUT,0.378697484731674,0.0414538159966469,0.756050586700439,-2.19325613975525,3.1029999256134,-1.56410145759583,K,14
OUTPUT,NaN,NaN,NaN,NaN,NaN,NaN

INPUT,0.383898705244064,0.0420559383928776,0.767339050769806,-2.21916508674622,3.09982752799988,-1.5353045463562,K,15
OUTPUT,NaN,NaN,NaN,NaN,NaN,NaN

INPUT,0.388579815626144,0.0425978526473045,0.777498662471771,-2.24265956878662,3.09699869155884,-1.50956070423126,K,16
OUTPUT,NaN,NaN,NaN,NaN,NaN,NaN

INPUT,0.39222064614296,0.0430193394422531,0.785400569438934,-2.26102781295776,3.09481716156006,-1.48963010311127,K,17
OUTPUT,NaN,NaN,NaN,NaN,NaN,NaN

INPUT,0.394821256399155,0.0433204025030136,0.79104483127594,-2.2741916179657,3.09326934814453,-1.47543656826019,K,18
OUTPUT,NaN,NaN,NaN,NaN,NaN,NaN

INPUT,0.39638164639473,0.043501041829586,0.794431328773499,-2.28210544586182,3.09234499931335,-1.46693563461304,K,19
OUTPUT,NaN,NaN,NaN,NaN,NaN,NaN

INPUT,0.39690175652504,0.0435612536966801,0.7955601811409,-2.28474593162537,3.09203743934631,-1.46410441398621,K,20
OUTPUT,NaN,NaN,NaN,NaN,NaN,NaN

INPUT,0.377501666545868,0.0436633862555027,0.719840586185455,-2.45958495140076,3.02091288566589,-1.71633052825928,K,11
OUTPUT,NaN,NaN,NaN,NaN,NaN,NaN

INPUT,0.384397685527802,0.0447380021214485,0.730853378772736,-2.50293469429016,3.00758838653564,-1.67201685905457,K,12
OUTPUT,NaN,NaN,NaN,NaN,NaN,NaN

INPUT,0.391293704509735,0.0458126179873943,0.741866171360016,-2.54640984535217,2.99452066421509,-1.62775087356567,K,13
OUTPUT,NaN,NaN,NaN,NaN,NaN,NaN

INPUT,0.398189693689346,0.0468872301280499,0.752878963947296,-2.58999037742615,2.98173522949219,-1.58350682258606,K,14
OUTPUT,NaN,NaN,NaN,NaN,NaN,NaN

INPUT,0.405085682868958,0.0479618422687054,0.763891696929932,-2.63366389274597,2.96925687789917,-1.53926694393158,K,15
OUTPUT,NaN,NaN,NaN,NaN,NaN,NaN

INPUT,0.411292105913162,0.0489289984107018,0.773803234100342,-2.67304253578186,2.95830917358398,-1.49944353103638,K,16
OUTPUT,NaN,NaN,NaN,NaN,NaN,NaN

INPUT,0.416119307279587,0.0496812276542187,0.781512200832367,-2.7037148475647,2.94999122619629,-1.46846008300781,K,17
OUTPUT,NaN,NaN,NaN,NaN,NaN,NaN

INPUT,0.419567286968231,0.0502185337245464,0.787018537521362,-2.72564649581909,2.94416046142578,-1.44632196426392,K,18
OUTPUT,NaN,NaN,NaN,NaN,NaN,NaN

INPUT,0.42163610458374,0.050540916621685,0.790322363376617,-2.73881435394287,2.94070744514465,-1.43303596973419,K,19
OUTPUT,NaN,NaN,NaN,NaN,NaN,NaN

INPUT,0.422325700521469,0.0506483800709248,0.791423678398132,-2.74320507049561,2.93956398963928,-1.42860674858093,K,20
OUTPUT,NaN,NaN,NaN,NaN,NaN,NaN

INPUT,0.360476195812225,0.02882469445467,0.7341348528862,1.28366923332214,3.11261677742004,1.52452349662781,K,12
OUTPUT,NaN,NaN,NaN,NaN,NaN,NaN

INPUT,0.364852368831635,0.0282236449420452,0.745497047901154,1.26799643039703,3.10951805114746,1.53422355651855,K,13
OUTPUT,NaN,NaN,NaN,NaN,NaN,NaN

INPUT,0.369228512048721,0.0276225972920656,0.756859183311462,1.25286340713501,3.10642695426941,1.54443979263306,K,14
OUTPUT,NaN,NaN,NaN,NaN,NaN,NaN

INPUT,0.37360468506813,0.027021549642086,0.768221318721771,1.23814570903778,3.1033456325531,1.55503952503204,K,15
OUTPUT,NaN,NaN,NaN,NaN,NaN,NaN

INPUT,0.377543240785599,0.0264806058257818,0.778447270393372,1.22518312931061,3.10058164596558,1.56482911109924,K,16
OUTPUT,NaN,NaN,NaN,NaN,NaN,NaN

INPUT,0.380606561899185,0.0260598715394735,0.78640079498291,1.21525597572327,3.09843873977661,1.57257199287415,K,17
OUTPUT,NaN,NaN,NaN,NaN,NaN,NaN

INPUT,0.38279464840889,0.0257593467831612,0.792081892490387,1.20823800563812,3.09691214561462,1.57815992832184,K,18
OUTPUT,NaN,NaN,NaN,NaN,NaN,NaN

INPUT,0.384107500314713,0.0255790334194899,0.795490503311157,1.20405387878418,3.09599781036377,1.58153259754181,K,19
OUTPUT,NaN,NaN,NaN,NaN,NaN,NaN

INPUT,0.384545117616653,0.0255189277231693,0.79662674665451,1.20266342163086,3.09569334983826,1.58265995979309,K,20
OUTPUT,NaN,NaN,NaN,NaN,NaN,NaN

INPUT,0.36682716012001,0.0470607504248619,0.720948159694672,-2.01899123191833,3.0574688911438,-1.70465135574341,K,11
OUTPUT,NaN,NaN,NaN,NaN,NaN,NaN

INPUT,0.372467249631882,0.0485349893569946,0.732091963291168,-2.03667974472046,3.04769349098206,-1.68513882160187,K,12
OUTPUT,NaN,NaN,NaN,NaN,NaN,NaN

INPUT,0.378107339143753,0.0500092245638371,0.743235766887665,-2.05452227592468,3.0379650592804,-1.66581773757935,K,13
OUTPUT,NaN,NaN,NaN,NaN,NaN,NaN

INPUT,0.383747428655624,0.0514834634959698,0.754379570484161,-2.07246065139771,3.02829360961914,-1.64665627479553,K,14
OUTPUT,NaN,NaN,NaN,NaN,NaN,NaN

INPUT,0.389387488365173,0.0529576987028122,0.765523374080658,-2.09045219421387,3.01868939399719,-1.62763655185699,K,15
OUTPUT,NaN,NaN,NaN,NaN,NaN,NaN

INPUT,0.394463568925858,0.0542845129966736,0.775552809238434,-2.10666155815125,3.01011085510254,-1.61063230037689,K,16
OUTPUT,NaN,NaN,NaN,NaN,NaN,NaN

INPUT,0.398411631584167,0.0553164817392826,0.783353447914124,-2.11926627159119,3.00348615646362,-1.59747910499573,K,17
OUTPUT,NaN,NaN,NaN,NaN,NaN,NaN

INPUT,0.401231676340103,0.0560535974800587,0.788925349712372,-2.12826299667358,2.99878168106079,-1.58812272548676,K,18
OUTPUT,NaN,NaN,NaN,NaN,NaN,NaN

INPUT,0.402923703193665,0.0564958676695824,0.792268514633179,-2.13365697860718,2.99597024917603,-1.58252441883087,K,19
OUTPUT,NaN,NaN,NaN,NaN,NaN,NaN

INPUT,0.403487712144852,0.0566432923078537,0.793382883071899,-2.13545417785645,2.99503517150879,-1.58066093921661,K,20
OUTPUT,NaN,NaN,NaN,NaN,NaN,NaN

INPUT,0.362235188484192,0.0410594269633293,0.721745550632477,-2.16737365722656,3.08378839492798,-1.81512629985809,K,11
OUTPUT,NaN,NaN,NaN,NaN,NaN,NaN

INPUT,0.367335170507431,0.041827742010355,0.732982397079468,-2.1871063709259,3.07711458206177,-1.79315507411957,K,12
OUTPUT,NaN,NaN,NaN,NaN,NaN,NaN

INPUT,0.37243515253067,0.0425960570573807,0.744219183921814,-2.20701742172241,3.07048058509827,-1.77142751216888,K,13
OUTPUT,NaN,NaN,NaN,NaN,NaN,NaN

INPUT,0.377535104751587,0.0433643758296967,0.755456030368805,-2.22703433036804,3.06389498710632,-1.74990701675415,K,14
OUTPUT,NaN,NaN,NaN,NaN,NaN,NaN

INPUT,0.382635086774826,0.0441326908767223,0.766692817211151,-2.2471022605896,3.05736589431763,-1.72857391834259,K,15
OUTPUT,NaN,NaN,NaN,NaN,NaN,NaN

INPUT,0.387225061655045,0.0448241755366325,0.776805996894836,-2.26517105102539,3.0515444278717,-1.70952689647675,K,16
OUTPUT,NaN,NaN,NaN,NaN,NaN,NaN

INPUT,0.390795052051544,0.0453619956970215,0.784671783447266,-2.2792112827301,3.04705667495728,-1.69481110572815,K,17
OUTPUT,NaN,NaN,NaN,NaN,NaN,NaN

INPUT,0.393345028162003,0.0457461550831795,0.790290176868439,-2.28922653198242,3.04387378692627,-1.68435299396515,K,18
OUTPUT,NaN,NaN,NaN,NaN,NaN,NaN

INPUT,0.394875019788742,0.0459766499698162,0.793661236763,-2.29522848129272,3.04197359085083,-1.67809951305389,K,19
OUTPUT,NaN,NaN,NaN,NaN,NaN,NaN

INPUT,0.395385026931763,0.0460534803569317,0.794784903526306,-2.29722762107849,3.04134178161621,-1.6760185956955,K,20
OUTPUT,NaN,NaN,NaN,NaN,NaN,NaN

INPUT,0.359497666358948,0.0359406843781471,0.721855938434601,-2.25370407104492,3.10409545898438,-1.64264154434204,K,11
OUTPUT,NaN,NaN,NaN,NaN,NaN,NaN

INPUT,0.364275246858597,0.0361065864562988,0.73310661315918,-2.28775000572205,3.09993147850037,-1.60480213165283,K,12
OUTPUT,NaN,NaN,NaN,NaN,NaN,NaN

INPUT,0.369052857160568,0.0362724922597408,0.744357228279114,-2.32214140892029,3.09582114219666,-1.56730282306671,K,13
OUTPUT,NaN,NaN,NaN,NaN,NaN,NaN

INPUT,0.373830437660217,0.0364383943378925,0.755607903003693,-2.3567910194397,3.09176969528198,-1.53005456924438,K,14
OUTPUT,NaN,NaN,NaN,NaN,NaN,NaN

INPUT,0.378608018159866,0.0366042964160442,0.766858518123627,-2.39163827896118,3.08778262138367,-1.49299681186676,K,15
OUTPUT,NaN,NaN,NaN,NaN,NaN,NaN

INPUT,0.382907837629318,0.0367536097764969,0.77698415517807,-2.42313408851624,3.08425354957581,-1.45977175235748,K,16
OUTPUT,NaN,NaN,NaN,NaN,NaN,NaN

INPUT,0.386252164840698,0.0368697419762611,0.784859597682953,-2.44770312309265,3.08155012130737,-1.433997631073,K,17
OUTPUT,NaN,NaN,NaN,NaN,NaN,NaN

INPUT,0.388640940189362,0.036952693015337,0.79048490524292,-2.46528553962708,3.07964205741882,-1.41561830043793,K,18
OUTPUT,NaN,NaN,NaN,NaN,NaN,NaN

INPUT,0.390074223279953,0.0370024666190147,0.793860137462616,-2.47584700584412,3.07850694656372,-1.40460181236267,K,19
OUTPUT,NaN,NaN,NaN,NaN,NaN,NaN

INPUT,0.39055198431015,0.0370190553367138,0.794985175132751,-2.47936940193176,3.07813000679016,-1.40093123912811,K,20
OUTPUT,NaN,NaN,NaN,NaN,NaN,NaN

INPUT,0.368320196866989,0.0439072996377945,0.71435683965683,-2.24342370033264,3.05928826332092,-1.87908101081848,K,4
OUTPUT,NaN,NaN,NaN,NaN,NaN,NaN

INPUT,0.377655327320099,0.0458418317139149,0.729496955871582,-2.28217244148254,3.04318642616272,-1.83854842185974,K,5
OUTPUT,NaN,NaN,NaN,NaN,NaN,NaN

INPUT,0.386990457773209,0.0477763675153255,0.744637131690979,-2.32120227813721,3.0272388458252,-1.79823434352875,K,6
OUTPUT,NaN,NaN,NaN,NaN,NaN,NaN

INPUT,0.394251137971878,0.0492810010910034,0.756412744522095,-2.35161256790161,3.01499104499817,-1.76704931259155,K,7
OUTPUT,NaN,NaN,NaN,NaN,NaN,NaN

INPUT,0.399437308311462,0.0503557436168194,0.764823973178864,-2.37331104278564,3.00634717941284,-1.7448844909668,K,8
OUTPUT,NaN,NaN,NaN,NaN,NaN,NaN

INPUT,0.402549028396606,0.0510005876421928,0.769870698451996,-2.38630771636963,3.00120830535889,-1.73163652420044,K,9
OUTPUT,NaN,NaN,NaN,NaN,NaN,NaN

INPUT,0.372911989688873,0.0492984019219875,0.731845617294312,-2.0742244720459,3.04026961326599,-1.44481098651886,K,5
OUTPUT,NaN,NaN,NaN,NaN,NaN,NaN

INPUT,0.381420463323593,0.0518330931663513,0.7474644780159,-2.12631392478943,3.02428436279297,-1.38409996032715,K,6
OUTPUT,NaN,NaN,NaN,NaN,NaN,NaN

INPUT,0.38803818821907,0.0538045205175877,0.759612500667572,-2.16737151145935,3.0121693611145,-1.33781778812408,K,7
OUTPUT,NaN,NaN,NaN,NaN,NaN,NaN

INPUT,0.39276510477066,0.0552126839756966,0.768289685249329,-2.19678139686584,3.0037260055542,-1.3052544593811,K,8
OUTPUT,NaN,NaN,NaN,NaN,NaN,NaN

INPUT,0.395601272583008,0.0560575798153877,0.773495972156525,-2.21441125869751,2.99875450134277,-1.28592085838318,K,9
OUTPUT,NaN,NaN,NaN,NaN,NaN,NaN

INPUT,0.371110498905182,0.0493959113955498,0.714616000652313,-2.14318442344666,3.03821468353271,-1.68201684951782,K,4
OUTPUT,NaN,NaN,NaN,NaN,NaN,NaN

INPUT,0.380879521369934,0.0525187589228153,0.729686379432678,-2.1911883354187,3.01822662353516,-1.62919890880585,K,5
OUTPUT,NaN,NaN,NaN,NaN,NaN,NaN

INPUT,0.390648573637009,0.0556416064500809,0.744756758213043,-2.2399206161499,2.9985511302948,-1.57698595523834,K,6
OUTPUT,NaN,NaN,NaN,NaN,NaN,NaN

INPUT,0.398246705532074,0.0580704845488071,0.756478130817413,-2.27800297737122,2.98356080055237,-1.53679823875427,K,7
OUTPUT,NaN,NaN,NaN,NaN,NaN,NaN

INPUT,0.403673976659775,0.0598054006695747,0.764850556850433,-2.30518412590027,2.97306203842163,-1.50834774971008,K,8
OUTPUT,NaN,NaN,NaN,NaN,NaN,NaN

INPUT,0.406930297613144,0.0608463510870934,0.769874036312103,-2.32145547866821,2.96685695648193,-1.49139094352722,K,9
OUTPUT,NaN,NaN,NaN,NaN,NaN,NaN

INPUT,0.372421234846115,0.0401567704975605,0.731913208961487,-2.17025232315063,3.10662484169006,-1.61983275413513,K,5
OUTPUT,NaN,NaN,NaN,NaN,NaN,NaN

INPUT,0.38100066781044,0.0411128364503384,0.747635006904602,-2.20995569229126,3.10125970840454,-1.56174623966217,K,6
OUTPUT,NaN,NaN,NaN,NaN,NaN,NaN

INPUT,0.387673586606979,0.0418564416468143,0.759863018989563,-2.24223327636719,3.0971667766571,-1.5182569026947,K,7
OUTPUT,NaN,NaN,NaN,NaN,NaN,NaN

INPUT,0.392439931631088,0.0423875860869884,0.768597304821014,-2.26575231552124,3.09429693222046,-1.48794436454773,K,8
OUTPUT,NaN,NaN,NaN,NaN,NaN,NaN

INPUT,0.395299762487411,0.042706273496151,0.773837924003601,-2.27998638153076,3.09259915351868,-1.47003149986267,K,9
OUTPUT,NaN,NaN,NaN,NaN,NaN,NaN

INPUT,0.377921491861343,0.0424153693020344,0.715972304344177,-2.44840788841248,3.02021670341492,-1.7260890007019,K,4
OUTPUT,NaN,NaN,NaN,NaN,NaN,NaN

INPUT,0.388696432113647,0.0441825948655605,0.730758309364319,-2.5261082649231,2.99753618240356,-1.6473788022995,K,5
OUTPUT,NaN,NaN,NaN,NaN,NaN,NaN

INPUT,0.399471372365952,0.0459498204290867,0.745544254779816,-2.60406947135925,2.97573471069336,-1.56867825984955,K,6
OUTPUT,NaN,NaN,NaN,NaN,NaN,NaN

INPUT,0.407851904630661,0.047324325889349,0.757044434547424,-2.66486096382141,2.95947241783142,-1.50743126869202,K,7
OUTPUT,NaN,NaN,NaN,NaN,NaN,NaN

INPUT,0.413837969303131,0.048306118696928,0.76525890827179,-2.70836091041565,2.94826626777649,-1.46365249156952,K,8
OUTPUT,NaN,NaN,NaN,NaN,NaN,NaN

INPUT,0.417429625988007,0.0488951951265335,0.770187556743622,-2.73449039459229,2.94171690940857,-1.43737018108368,K,9
OUTPUT,NaN,NaN,NaN,NaN,NaN,NaN

INPUT,0.367361009120941,0.0456034988164902,0.715403139591217,-2.01802706718445,3.05668377876282,-1.71404731273651,K,4
OUTPUT,NaN,NaN,NaN,NaN,NaN,NaN

INPUT,0.376510262489319,0.0478726886212826,0.730807423591614,-2.04818034172058,3.04016470909119,-1.67776525020599,K,5
OUTPUT,NaN,NaN,NaN,NaN,NaN,NaN

INPUT,0.385659486055374,0.050141878426075,0.746211767196655,-2.07921695709229,3.02375674247742,-1.6423112154007,K,6
OUTPUT,NaN,NaN,NaN,NaN,NaN,NaN

INPUT,0.392775565385818,0.051906805485487,0.758192896842957,-2.10371351242065,3.01110792160034,-1.61514818668365,K,7
OUTPUT,NaN,NaN,NaN,NaN,NaN,NaN

INPUT,0.397858470678329,0.0531674660742283,0.766750872135162,-2.12132453918457,3.0021493434906,-1.59593141078949,K,8
OUTPUT,NaN,NaN,NaN,NaN,NaN,NaN

INPUT,0.400908201932907,0.0539238639175892,0.771885633468628,-2.13191938400269,2.9968090057373,-1.58447015285492,K,9
OUTPUT,NaN,NaN,NaN,NaN,NaN,NaN

INPUT,0.37107390165329,0.0413737557828426,0.731464445590973,-2.20080304145813,3.07202935218811,-1.78506767749786,K,5
OUTPUT,NaN,NaN,NaN,NaN,NaN,NaN

INPUT,0.379347294569016,0.0425197742879391,0.747095942497253,-2.2350549697876,3.06084585189819,-1.74514746665955,K,6
OUTPUT,NaN,NaN,NaN,NaN,NaN,NaN

INPUT,0.385782122612,0.0434111207723618,0.759253799915314,-2.262131690979,3.05224323272705,-1.71464538574219,K,7
OUTPUT,NaN,NaN,NaN,NaN,NaN,NaN

INPUT,0.390378445386887,0.044047798961401,0.767937958240509,-2.28160524368286,3.04616236686707,-1.69310808181763,K,8
OUTPUT,NaN,NaN,NaN,NaN,NaN,NaN

INPUT,0.393136262893677,0.0444298051297665,0.773148477077484,-2.29331970214844,3.0425431728363,-1.68027949333191,K,9
OUTPUT,NaN,NaN,NaN,NaN,NaN,NaN

INPUT,0.367905616760254,0.0357478782534599,0.731381773948669,-2.31797552108765,3.09655451774597,-1.59468293190002,K,5
OUTPUT,NaN,NaN,NaN,NaN,NaN,NaN

INPUT,0.375698208808899,0.0359247401356697,0.747093498706818,-2.37473249435425,3.08972883224487,-1.52360773086548,K,6
OUTPUT,NaN,NaN,NaN,NaN,NaN,NaN

INPUT,0.381759107112885,0.0360622964799404,0.759313702583313,-2.42005395889282,3.08456373214722,-1.46948873996735,K,7
OUTPUT,NaN,NaN,NaN,NaN,NaN,NaN

INPUT,0.386088341474533,0.0361605510115623,0.7680424451828,-2.45288443565369,3.08095908164978,-1.43128180503845,K,8
OUTPUT,NaN,NaN,NaN,NaN,NaN,NaN

INPUT,0.3886858522892,0.0362195037305355,0.773279666900635,-2.472731590271,3.07883262634277,-1.40850269794464,K,9
OUTPUT,NaN,NaN,NaN,NaN,NaN,NaN

INPUT,0.360964596271515,0.0296372845768929,0.725302457809448,1.32863342761993,3.11368203163147,1.55570471286774,K,4
OUTPUT,NaN,NaN,NaN,NaN,NaN,NaN

INPUT,0.367293894290924,0.0287737660109997,0.738893866539001,1.28995728492737,3.10890626907349,1.55753171443939,K,5
OUTPUT,NaN,NaN,NaN,NaN,NaN,NaN

INPUT,0.373623222112656,0.0279102493077517,0.752485275268555,1.25597536563873,3.10413551330566,1.56405603885651,K,6
OUTPUT,NaN,NaN,NaN,NaN,NaN,NaN

INPUT,0.3785460293293,0.0272386241704226,0.763056397438049,1.23175799846649,3.10043430328369,1.571324467659,K,7
OUTPUT,NaN,NaN,NaN,NaN,NaN,NaN

INPUT,0.382062315940857,0.0267588924616575,0.770607173442841,1.21535050868988,3.09779739379883,1.57738709449768,K,8
OUTPUT,NaN,NaN,NaN,NaN,NaN,NaN

INPUT,0.384172111749649,0.0264710541814566,0.775137662887573,1.20580184459686,3.0962188243866,1.58130991458893,K,9
OUTPUT,NaN,NaN,NaN,NaN,NaN,NaN

INPUT,0.360203593969345,0.0465074889361858,0.721494793891907,-2.02322697639465,3.0902841091156,-1.63159167766571,K,11
OUTPUT,NaN,NaN,NaN,NaN,NaN,NaN

INPUT,0.365064114332199,0.0479165576398373,0.732702970504761,-2.04472756385803,3.08441281318665,-1.60701811313629,K,12
OUTPUT,NaN,NaN,NaN,NaN,NaN,NaN

INPUT,0.369924634695053,0.0493256263434887,0.74391120672226,-2.06651735305786,3.07857155799866,-1.58272624015808,K,13
OUTPUT,NaN,NaN,NaN,NaN,NaN,NaN

INPUT,0.374785155057907,0.0507346950471401,0.755119383335114,-2.08852314949036,3.07276368141174,-1.55864179134369,K,14
OUTPUT,NaN,NaN,NaN,NaN,NaN,NaN

INPUT,0.379645675420761,0.0521437600255013,0.766327619552612,-2.11069464683533,3.06699228286743,-1.53471410274506,K,15
OUTPUT,NaN,NaN,NaN,NaN,NaN,NaN

INPUT,0.384020149707794,0.0534119233489037,0.77641499042511,-2.13076162338257,3.06183195114136,-1.51328301429749,K,16
OUTPUT,NaN,NaN,NaN,NaN,NaN,NaN

INPUT,0.387422502040863,0.0543982721865177,0.784260749816895,-2.14643001556396,3.05784177780151,-1.49666953086853,K,17
OUTPUT,NaN,NaN,NaN,NaN,NaN,NaN

INPUT,0.38985276222229,0.0551028065383434,0.789864838123322,-2.15764999389648,3.05500483512878,-1.48482763767242,K,18
OUTPUT,NaN,NaN,NaN,NaN,NaN,NaN

INPUT,0.391310930252075,0.0555255264043808,0.793227314949036,-2.1643922328949,3.0533082485199,-1.47773146629333,K,19
OUTPUT,NaN,NaN,NaN,NaN,NaN,NaN

INPUT,0.391796976327896,0.0556664317846298,0.794348120689392,-2.16664123535156,3.05274367332458,-1.47536742687225,K,20
OUTPUT,NaN,NaN,NaN,NaN,NaN,NaN

INPUT,0.364578485488892,0.0388231948018074,0.722047507762909,-2.22307372093201,3.08887434005737,-1.7989856004715,K,11
OUTPUT,NaN,NaN,NaN,NaN,NaN,NaN

INPUT,0.369954347610474,0.0393283702433109,0.733319818973541,-2.24682760238647,3.08286905288696,-1.77284443378448,K,12
OUTPUT,NaN,NaN,NaN,NaN,NaN,NaN

INPUT,0.375330209732056,0.0398335419595242,0.744592070579529,-2.27080655097961,3.07690024375916,-1.74691987037659,K,13
OUTPUT,NaN,NaN,NaN,NaN,NaN,NaN

INPUT,0.380706042051315,0.0403387174010277,0.755864322185516,-2.29495429992676,3.07097148895264,-1.72115421295166,K,14
OUTPUT,NaN,NaN,NaN,NaN,NaN,NaN

INPUT,0.386081874370575,0.0408438891172409,0.767136573791504,-2.31923198699951,3.06508684158325,-1.69550836086273,K,15
OUTPUT,NaN,NaN,NaN,NaN,NaN,NaN

INPUT,0.390920162200928,0.041298545897007,0.777281641960144,-2.34117078781128,3.05983114242554,-1.67250609397888,K,16
OUTPUT,NaN,NaN,NaN,NaN,NaN,NaN

INPUT,0.394683241844177,0.0416521653532982,0.7851722240448,-2.35828232765198,3.05577158927917,-1.65465688705444,K,17
OUTPUT,NaN,NaN,NaN,NaN,NaN,NaN

INPUT,0.397371172904968,0.0419047512114048,0.790808320045471,-2.37052726745605,3.05288791656494,-1.64192628860474,K,18
OUTPUT,NaN,NaN,NaN,NaN,NaN,NaN

INPUT,0.398983925580978,0.0420563034713268,0.794189989566803,-2.37788248062134,3.05116438865662,-1.63429462909698,K,19
OUTPUT,NaN,NaN,NaN,NaN,NaN,NaN

INPUT,0.399521499872208,0.0421068221330643,0.795317232608795,-2.38033533096313,3.05059099197388,-1.63175177574158,K,20
OUTPUT,NaN,NaN,NaN,NaN,NaN,NaN

INPUT,0.353913694620132,0.0292480569332838,0.732963263988495,0.601077854633331,3.10220050811768,1.39860594272614,K,12
OUTPUT,NaN,NaN,NaN,NaN,NaN,NaN

INPUT,0.357600748538971,0.0286919549107552,0.744198858737946,0.557815492153168,3.0982232093811,1.43929767608643,K,13
OUTPUT,NaN,NaN,NaN,NaN,NaN,NaN

INPUT,0.361287802457809,0.0281358547508717,0.755434393882751,0.514763712882996,3.09432220458984,1.48020708560944,K,14
OUTPUT,NaN,NaN,NaN,NaN,NaN,NaN

INPUT,0.36497488617897,0.027579752728343,0.766669988632202,0.47187003493309,3.09050440788269,1.52128207683563,K,15
OUTPUT,NaN,NaN,NaN,NaN,NaN,NaN

INPUT,0.368293225765228,0.0270792599767447,0.776781976222992,0.433370023965836,3.08714532852173,1.55836093425751,K,16
OUTPUT,NaN,NaN,NaN,NaN,NaN,NaN

INPUT,0.37087419629097,0.0266899894922972,0.784646928310394,0.403480619192123,3.08458614349365,1.58725965023041,K,17
OUTPUT,NaN,NaN,NaN,NaN,NaN,NaN

INPUT,0.372717708349228,0.0264119394123554,0.790264666080475,0.382155686616898,3.08278799057007,1.60792911052704,K,18
OUTPUT,NaN,NaN,NaN,NaN,NaN,NaN

INPUT,0.373823821544647,0.0262451078742743,0.793635368347168,0.369369864463806,3.08172154426575,1.62034070491791,K,19
OUTPUT,NaN,NaN,NaN,NaN,NaN,NaN

INPUT,0.374192535877228,0.026189498603344,0.794758915901184,0.365109175443649,3.08136820793152,1.62447953224182,K,20
OUTPUT,NaN,NaN,NaN,NaN,NaN,NaN

INPUT,0.361346334218979,0.0443456061184406,0.73263156414032,-1.73013186454773,3.08043003082275,-1.48417484760284,K,12
OUTPUT,NaN,NaN,NaN,NaN,NaN,NaN

INPUT,0.365815609693527,0.0453788079321384,0.743832290172577,-1.74174690246582,3.07406640052795,-1.46986281871796,K,13
OUTPUT,NaN,NaN,NaN,NaN,NaN,NaN

INPUT,0.370284885168076,0.0464120097458363,0.755032956600189,-1.75358390808105,3.06772089004517,-1.45579493045807,K,14
OUTPUT,NaN,NaN,NaN,NaN,NaN,NaN

INPUT,0.374754160642624,0.0474452115595341,0.766233682632446,-1.76558315753937,3.06139659881592,-1.44191992282867,K,15
OUTPUT,NaN,NaN,NaN,NaN,NaN,NaN

INPUT,0.378776520490646,0.048375092446804,0.776314318180084,-1.7764847278595,3.05572557449341,-1.42956817150116,K,16
OUTPUT,NaN,NaN,NaN,NaN,NaN,NaN

INPUT,0.381904989480972,0.0490983352065086,0.784154772758484,-1.78501451015472,3.05133008956909,-1.42003798484802,K,17
OUTPUT,NaN,NaN,NaN,NaN,NaN,NaN

INPUT,0.384139627218246,0.0496149361133575,0.78975510597229,-1.7911285161972,3.04819917678833,-1.41326785087585,K,18
OUTPUT,NaN,NaN,NaN,NaN,NaN,NaN

INPUT,0.385480433702469,0.0499248951673508,0.793115317821503,-1.79480409622192,3.04632449150085,-1.409219622612,K,19
OUTPUT,NaN,NaN,NaN,NaN,NaN,NaN

INPUT,0.385927349328995,0.0500282160937786,0.794235408306122,-1.79603028297424,3.04570007324219,-1.40787243843079,K,20
OUTPUT,NaN,NaN,NaN,NaN,NaN,NaN

INPUT,0.368778109550476,0.0478424951434135,0.73102867603302,-2.06502199172974,3.07971405982971,-1.60193610191345,K,5
OUTPUT,NaN,NaN,NaN,NaN,NaN,NaN

INPUT,0.37670636177063,0.0501303374767303,0.746652066707611,-2.10064673423767,3.0698573589325,-1.55512416362762,K,6
OUTPUT,NaN,NaN,NaN,NaN,NaN,NaN

INPUT,0.38287279009819,0.0519097670912743,0.758803606033325,-2.12923884391785,3.06229472160339,-1.51976013183594,K,7
OUTPUT,NaN,NaN,NaN,NaN,NaN,NaN

INPUT,0.387277364730835,0.0531807877123356,0.767483294010162,-2.1499547958374,3.05696201324463,-1.49495923519135,K,8
OUTPUT,NaN,NaN,NaN,NaN,NaN,NaN

INPUT,0.389920115470886,0.0539434030652046,0.772691071033478,-2.16246247291565,3.05379414558411,-1.48024535179138,K,9
OUTPUT,NaN,NaN,NaN,NaN,NaN,NaN

INPUT,0.373916804790497,0.0388662219047546,0.731934070587158,-2.26412534713745,3.07810163497925,-1.76258873939514,K,5
OUTPUT,NaN,NaN,NaN,NaN,NaN,NaN

INPUT,0.382660806179047,0.039581473916769,0.747581779956818,-2.30550074577332,3.06801986694336,-1.71465706825256,K,6
OUTPUT,NaN,NaN,NaN,NaN,NaN,NaN

INPUT,0.389461666345596,0.0401377826929092,0.759752213954926,-2.33814215660095,3.0603039264679,-1.67804503440857,K,7
OUTPUT,NaN,NaN,NaN,NaN,NaN,NaN

INPUT,0.394319444894791,0.0405351482331753,0.768445432186127,-2.36157178878784,3.05487608909607,-1.65221977233887,K,8
OUTPUT,NaN,NaN,NaN,NaN,NaN,NaN

INPUT,0.397234112024307,0.0407735668122768,0.773661375045776,-2.37564468383789,3.05165719985962,-1.63685274124146,K,9
OUTPUT,NaN,NaN,NaN,NaN,NaN,NaN

INPUT,0.35993367433548,0.0289831757545471,0.736729860305786,0.559921741485596,3.09842824935913,1.44462311267853,K,5
OUTPUT,NaN,NaN,NaN,NaN,NaN,NaN

INPUT,0.365471661090851,0.0281321816146374,0.750433385372162,0.489199608564377,3.09208035469055,1.50876295566559,K,6
OUTPUT,NaN,NaN,NaN,NaN,NaN,NaN

INPUT,0.369778960943222,0.0274702962487936,0.761091649532318,0.434710443019867,3.08729720115662,1.55918061733246,K,7
OUTPUT,NaN,NaN,NaN,NaN,NaN,NaN

INPUT,0.372855633497238,0.0269975215196609,0.7687047123909,0.395989835262299,3.08397102355957,1.59540176391602,K,8
OUTPUT,NaN,NaN,NaN,NaN,NaN,NaN

INPUT,0.374701619148254,0.0267138574272394,0.773272573947906,0.372822195291519,3.08201384544373,1.61720252037048,K,9
OUTPUT,NaN,NaN,NaN,NaN,NaN,NaN

INPUT,0.361762255430222,0.042830154299736,0.724419414997101,-1.73623168468475,3.08072710037231,-1.50744462013245,K,4
OUTPUT,NaN,NaN,NaN,NaN,NaN,NaN

INPUT,0.368045687675476,0.0442414358258247,0.737630307674408,-1.75012743473053,3.07140469551086,-1.47914230823517,K,5
OUTPUT,NaN,NaN,NaN,NaN,NaN,NaN

INPUT,0.374329149723053,0.0456527210772038,0.750841200351715,-1.76571679115295,3.06211066246033,-1.45251965522766,K,6
OUTPUT,NaN,NaN,NaN,NaN,NaN,NaN

INPUT,0.379216253757477,0.0467503853142262,0.7611163854599,-1.77865326404572,3.05491018295288,-1.43263912200928,K,7
OUTPUT,NaN,NaN,NaN,NaN,NaN,NaN

INPUT,0.382707059383392,0.0475344322621822,0.768455743789673,-1.78821921348572,3.04978632926941,-1.41878294944763,K,8
OUTPUT,NaN,NaN,NaN,NaN,NaN,NaN

INPUT,0.384801536798477,0.048004861921072,0.772859394550323,-1.79406559467316,3.04672050476074,-1.41058659553528,K,9
OUTPUT,NaN,NaN,NaN,NaN,NaN,NaN

INPUT,0.372074007987976,0.0420617461204529,0.720811784267426,-2.27582383155823,3.06297326087952,-1.68764233589172,K,11
OUTPUT,NaN,NaN,NaN,NaN,NaN,NaN

INPUT,0.378331512212753,0.0429479032754898,0.731938779354095,-2.30961298942566,3.05412626266479,-1.65217518806458,K,12
OUTPUT,NaN,NaN,NaN,NaN,NaN,NaN

INPUT,0.384588986635208,0.0438340567052364,0.74306583404541,-2.3435685634613,3.0453839302063,-1.61684799194336,K,13
OUTPUT,NaN,NaN,NaN,NaN,NaN,NaN

INPUT,0.390846490859985,0.0447202064096928,0.75419282913208,-2.3776524066925,3.03675699234009,-1.58161997795105,K,14
OUTPUT,NaN,NaN,NaN,NaN,NaN,NaN

INPUT,0.39710396528244,0.0456063598394394,0.76531982421875,-2.41183805465698,3.02825570106506,-1.54646265506744,K,15
OUTPUT,NaN,NaN,NaN,NaN,NaN,NaN

INPUT,0.402735710144043,0.0464038997888565,0.775334179401398,-2.44267725944519,3.02072048187256,-1.51486480236053,K,16
OUTPUT,NaN,NaN,NaN,NaN,NaN,NaN

INPUT,0.407115936279297,0.047024205327034,0.783123075962067,-2.46670389175415,3.01494073867798,-1.49031007289886,K,17
OUTPUT,NaN,NaN,NaN,NaN,NaN,NaN

INPUT,0.410244703292847,0.0474672839045525,0.788686573505402,-2.4838855266571,3.01085758209229,-1.47277963161469,K,18
OUTPUT,NaN,NaN,NaN,NaN,NaN,NaN

INPUT,0.412121921777725,0.0477331317961216,0.792024672031403,-2.49420189857483,3.00842666625977,-1.46226441860199,K,19
OUTPUT,NaN,NaN,NaN,NaN,NaN,NaN

INPUT,0.4127476811409,0.0478217452764511,0.79313737154007,-2.49764180183411,3.00761938095093,-1.4587596654892,K,20
OUTPUT,NaN,NaN,NaN,NaN,NaN,NaN

INPUT,0.360132068395615,0.0282832700759172,0.732173681259155,1.04594111442566,3.10609483718872,1.51596200466156,K,12
OUTPUT,NaN,NaN,NaN,NaN,NaN,NaN

INPUT,0.364473700523376,0.0276254955679178,0.743326187133789,1.01924824714661,3.10237002372742,1.5387362241745,K,13
OUTPUT,NaN,NaN,NaN,NaN,NaN,NaN

INPUT,0.368815302848816,0.0269677210599184,0.754478633403778,0.992892563343048,3.09866905212402,1.56185102462769,K,14
OUTPUT,NaN,NaN,NaN,NaN,NaN,NaN

INPUT,0.3731569647789,0.0263099446892738,0.765631139278412,0.966791331768036,3.09499406814575,1.5852245092392,K,15
OUTPUT,NaN,NaN,NaN,NaN,NaN,NaN

INPUT,0.377064406871796,0.0257179476320744,0.775668382644653,0.943469643592834,3.09171104431152,1.60643339157104,K,16
OUTPUT,NaN,NaN,NaN,NaN,NaN,NaN

INPUT,0.380103558301926,0.0252575054764748,0.78347510099411,0.925420463085175,3.08917450904846,1.6230217218399,K,17
OUTPUT,NaN,NaN,NaN,NaN,NaN,NaN

INPUT,0.382274389266968,0.0249286182224751,0.789051353931427,0.912569284439087,3.08737206459045,1.63491296768188,K,18
OUTPUT,NaN,NaN,NaN,NaN,NaN,NaN

INPUT,0.3835768699646,0.0247312858700752,0.792397081851959,0.904873192310333,3.08629465103149,1.64206302165985,K,19
OUTPUT,NaN,NaN,NaN,NaN,NaN,NaN

INPUT,0.384011030197144,0.0246655084192753,0.793512344360352,0.902310132980347,3.0859363079071,1.64444875717163,K,20
OUTPUT,NaN,NaN,NaN,NaN,NaN,NaN

INPUT,0.367174685001373,0.0558802261948586,0.720203578472137,-1.88946139812469,3.03042769432068,-1.54000782966614,K,11
OUTPUT,NaN,NaN,NaN,NaN,NaN,NaN

INPUT,0.372855484485626,0.0583919622004032,0.731259882450104,-1.90928399562836,3.01757025718689,-1.51864290237427,K,12
OUTPUT,NaN,NaN,NaN,NaN,NaN,NaN

INPUT,0.378536313772202,0.0609036982059479,0.742316126823425,-1.92926740646362,3.00476503372192,-1.49740588665009,K,13
OUTPUT,NaN,NaN,NaN,NaN,NaN,NaN

INPUT,0.384217143058777,0.0634154379367828,0.753372430801392,-1.94937574863434,2.99201798439026,-1.47625780105591,K,14
OUTPUT,NaN,NaN,NaN,NaN,NaN,NaN

INPUT,0.38989794254303,0.0659271702170372,0.764428734779358,-1.9695850610733,2.97933411598206,-1.45517146587372,K,15
OUTPUT,NaN,NaN,NaN,NaN,NaN,NaN

INPUT,0.395010679960251,0.0681877359747887,0.774379372596741,-1.98784625530243,2.96797752380371,-1.43623018264771,K,16
OUTPUT,NaN,NaN,NaN,NaN,NaN,NaN

INPUT,0.398987263441086,0.0699459537863731,0.782118797302246,-2.00209093093872,2.95918583869934,-1.4215145111084,K,17
OUTPUT,NaN,NaN,NaN,NaN,NaN,NaN

INPUT,0.401827692985535,0.0712018236517906,0.787646949291229,-2.01228642463684,2.95292901992798,-1.4110095500946,K,18
OUTPUT,NaN,NaN,NaN,NaN,NaN,NaN

INPUT,0.403531908988953,0.0719553381204605,0.79096382856369,-2.01841139793396,2.94918465614319,-1.40470850467682,K,19
OUTPUT,NaN,NaN,NaN,NaN,NaN,NaN

INPUT,0.404100000858307,0.072206512093544,0.792069435119629,-2.0204541683197,2.94793820381165,-1.40260851383209,K,20
OUTPUT,NaN,NaN,NaN,NaN,NaN,NaN

INPUT,0.37319415807724,0.0510734580457211,0.719472527503967,-2.20376896858215,3.02193427085876,-1.74052226543427,K,11
OUTPUT,NaN,NaN,NaN,NaN,NaN,NaN

INPUT,0.379600077867508,0.0530167259275913,0.730434834957123,-2.23061752319336,3.00823402404785,-1.71273219585419,K,12
OUTPUT,NaN,NaN,NaN,NaN,NaN,NaN

INPUT,0.386005967855453,0.0549599900841713,0.741397082805634,-2.25757837295532,2.99463319778442,-1.68500459194183,K,13
OUTPUT,NaN,NaN,NaN,NaN,NaN,NaN

INPUT,0.392411857843399,0.0569032542407513,0.752359330654144,-2.28463101387024,2.9811418056488,-1.65731430053711,K,14
OUTPUT,NaN,NaN,NaN,NaN,NaN,NaN

INPUT,0.398817777633667,0.0588465221226215,0.763321578502655,-2.31176257133484,2.96777033805847,-1.62964367866516,K,15
OUTPUT,NaN,NaN,NaN,NaN,NaN,NaN

INPUT,0.404583096504211,0.0605954602360725,0.773187637329102,-2.3362410068512,2.9558470249176,-1.60474586486816,K,16
OUTPUT,NaN,NaN,NaN,NaN,NaN,NaN

INPUT,0.409067213535309,0.0619557462632656,0.780861258506775,-2.3553159236908,2.9466507434845,-1.58537971973419,K,17
OUTPUT,NaN,NaN,NaN,NaN,NaN,NaN

INPUT,0.412270188331604,0.0629273802042007,0.78634238243103,-2.36895966529846,2.94012546539307,-1.57154440879822,K,18
OUTPUT,NaN,NaN,NaN,NaN,NaN,NaN

INPUT,0.41419193148613,0.0635103583335876,0.789631009101868,-2.37715315818787,2.93622851371765,-1.56324172019958,K,19
OUTPUT,NaN,NaN,NaN,NaN,NaN,NaN

INPUT,0.414832532405853,0.0637046843767166,0.790727257728577,-2.37988543510437,2.93493247032166,-1.56047391891479,K,20
OUTPUT,NaN,NaN,NaN,NaN,NaN,NaN

INPUT,0.372531086206436,0.0410591065883636,0.715746581554413,-2.27268719673157,3.06226682662964,-1.70063376426697,K,4
OUTPUT,NaN,NaN,NaN,NaN,NaN,NaN

INPUT,0.382611125707626,0.0424246713519096,0.730985701084137,-2.33120274543762,3.04725742340088,-1.63570559024811,K,5
OUTPUT,NaN,NaN,NaN,NaN,NaN,NaN

INPUT,0.392691165208817,0.0437902398407459,0.746224820613861,-2.39063334465027,3.03260660171509,-1.57160639762878,K,6
OUTPUT,NaN,NaN,NaN,NaN,NaN,NaN

INPUT,0.400531202554703,0.0448523461818695,0.758077442646027,-2.43727946281433,3.02149510383606,-1.52210676670074,K,7
OUTPUT,NaN,NaN,NaN,NaN,NaN,NaN

INPUT,0.406131237745285,0.0456109941005707,0.766543626785278,-2.47076725959778,3.01372647285461,-1.48688077926636,K,8
OUTPUT,NaN,NaN,NaN,NaN,NaN,NaN

INPUT,0.409491240978241,0.0460661798715591,0.771623313426971,-2.49091672897339,3.00913691520691,-1.46578562259674,K,9
OUTPUT,NaN,NaN,NaN,NaN,NaN,NaN

INPUT,0.367705821990967,0.053715780377388,0.714751839637756,-1.89128088951111,3.02924942970276,-1.55347275733948,K,4
OUTPUT,NaN,NaN,NaN,NaN,NaN,NaN

INPUT,0.376896739006042,0.0576928295195103,0.730023145675659,-1.92419016361237,3.00739574432373,-1.51223719120026,K,5
OUTPUT,NaN,NaN,NaN,NaN,NaN,NaN

INPUT,0.386087656021118,0.0616698786616325,0.745294392108917,-1.95831489562988,2.98572444915771,-1.47210848331451,K,6
OUTPUT,NaN,NaN,NaN,NaN,NaN,NaN

INPUT,0.393236130475998,0.0647631362080574,0.757172048091888,-1.98535048961639,2.96905565261841,-1.4414473772049,K,7
OUTPUT,NaN,NaN,NaN,NaN,NaN,NaN

INPUT,0.398342192173004,0.0669726133346558,0.765656054019928,-2.00482058525085,2.957275390625,-1.41979384422302,K,8
OUTPUT,NaN,NaN,NaN,NaN,NaN,NaN

INPUT,0.401405841112137,0.0682982951402664,0.770746469497681,-2.01654243469238,2.95026469230652,-1.40689361095428,K,9
OUTPUT,NaN,NaN,NaN,NaN,NaN,NaN

INPUT,0.36681279540062,0.0281769335269928,0.736240088939667,1.03315544128418,3.10195064544678,1.55497992038727,K,5
OUTPUT,NaN,NaN,NaN,NaN,NaN,NaN

INPUT,0.373252391815186,0.0272271316498518,0.749669253826141,0.984203159809113,3.09610176086426,1.58561277389526,K,6
OUTPUT,NaN,NaN,NaN,NaN,NaN,NaN

INPUT,0.378260999917984,0.0264883991330862,0.760114133358002,0.94769424200058,3.09161138534546,1.61084890365601,K,7
OUTPUT,NaN,NaN,NaN,NaN,NaN,NaN

INPUT,0.38183856010437,0.0259607303887606,0.767574727535248,0.922285735607147,3.08844351768494,1.62938964366913,K,8
OUTPUT,NaN,NaN,NaN,NaN,NaN,NaN

INPUT,0.383985072374344,0.0256441310048103,0.772051095962524,0.907276332378387,3.08656072616577,1.64066803455353,K,9
OUTPUT,NaN,NaN,NaN,NaN,NaN,NaN

INPUT,0.373489588499069,0.0491883233189583,0.714757859706879,-2.19521498680115,3.02092003822327,-1.74684345722198,K,4
OUTPUT,NaN,NaN,NaN,NaN,NaN,NaN

INPUT,0.383647203445435,0.0522811636328697,0.72968590259552,-2.24407887458801,2.99753761291504,-1.69732868671417,K,5
OUTPUT,NaN,NaN,NaN,NaN,NaN,NaN

INPUT,0.3938048183918,0.0553740039467812,0.744614005088806,-2.29311561584473,2.97450304031372,-1.64782154560089,K,6
OUTPUT,NaN,NaN,NaN,NaN,NaN,NaN

INPUT,0.401705175638199,0.0577795431017876,0.756224691867828,-2.33120012283325,2.95693731307983,-1.6094526052475,K,7
OUTPUT,NaN,NaN,NaN,NaN,NaN,NaN

INPUT,0.407348304986954,0.0594977885484695,0.764518022537231,-2.35829997062683,2.94462370872498,-1.58218145370483,K,8
OUTPUT,NaN,NaN,NaN,NaN,NaN,NaN

INPUT,0.410734176635742,0.0605287365615368,0.76949405670166,-2.37449836730957,2.93734121322632,-1.5658905506134,K,9
OUTPUT,NaN,NaN,NaN,NaN,NaN,NaN

INPUT,0.374913960695267,0.0581748895347118,0.718622505664825,-2.083988904953,2.99629902839661,-1.78656542301178,K,11
OUTPUT,NaN,NaN,NaN,NaN,NaN,NaN

INPUT,0.38150542974472,0.0609564408659935,0.729492962360382,-2.10114192962646,2.97934651374817,-1.76841592788696,K,12
OUTPUT,NaN,NaN,NaN,NaN,NaN,NaN

INPUT,0.388096898794174,0.0637379959225655,0.740363478660583,-2.1183865070343,2.96246981620789,-1.75036358833313,K,13
OUTPUT,NaN,NaN,NaN,NaN,NaN,NaN

INPUT,0.394688367843628,0.0665195435285568,0.751233875751495,-2.13568735122681,2.94568705558777,-1.73239493370056,K,14
OUTPUT,NaN,NaN,NaN,NaN,NaN,NaN

INPUT,0.401279836893082,0.0693010985851288,0.762104392051697,-2.15301704406738,2.92901539802551,-1.71450412273407,K,15
OUTPUT,NaN,NaN,NaN,NaN,NaN,NaN

INPUT,0.407212138175964,0.0718044936656952,0.77188777923584,-2.16861939430237,2.91412019729614,-1.69846796989441,K,16
OUTPUT,NaN,NaN,NaN,NaN,NaN,NaN

INPUT,0.41182616353035,0.0737515836954117,0.779497087001801,-2.18074893951416,2.90261435508728,-1.68603944778442,K,17
OUTPUT,NaN,NaN,NaN,NaN,NaN,NaN

INPUT,0.415121912956238,0.0751423537731171,0.784932315349579,-2.18940591812134,2.89444184303284,-1.67718613147736,K,18
OUTPUT,NaN,NaN,NaN,NaN,NaN,NaN

INPUT,0.417099356651306,0.0759768187999725,0.788193464279175,-2.19459652900696,2.88955760002136,-1.6718841791153,K,19
OUTPUT,NaN,NaN,NaN,NaN,NaN,NaN

INPUT,0.417758494615555,0.0762549787759781,0.789280533790588,-2.19632601737976,2.88793277740479,-1.67011857032776,K,20
OUTPUT,NaN,NaN,NaN,NaN,NaN,NaN

INPUT,0.375323116779327,0.0375782176852226,0.709303438663483,-2.66706275939941,3.04074382781982,-2.03351879119873,K,10
OUTPUT,NaN,NaN,NaN,NaN,NaN,NaN

INPUT,0.382848292589188,0.0379847399890423,0.72037947177887,-2.70899510383606,3.02796411514282,-1.99083638191223,K,11
OUTPUT,NaN,NaN,NaN,NaN,NaN,NaN

INPUT,0.390373468399048,0.0383912622928619,0.731455564498901,-2.75103330612183,3.01538729667664,-1.94819891452789,K,12
OUTPUT,NaN,NaN,NaN,NaN,NaN,NaN

INPUT,0.397898614406586,0.0387977845966816,0.742531597614288,-2.79315853118896,3.00303626060486,-1.90558183193207,K,13
OUTPUT,NaN,NaN,NaN,NaN,NaN,NaN

INPUT,0.405423790216446,0.0392043069005013,0.753607630729675,-2.83535981178284,2.9909336566925,-1.86296880245209,K,14
OUTPUT,NaN,NaN,NaN,NaN,NaN,NaN

INPUT,0.412948936223984,0.0396108292043209,0.764683723449707,-2.87762951850891,2.97910094261169,-1.82034742832184,K,15
OUTPUT,NaN,NaN,NaN,NaN,NaN,NaN

INPUT,0.419721603393555,0.0399766974151134,0.774652183055878,-2.91572690010071,2.96870017051697,-1.78197419643402,K,16
OUTPUT,NaN,NaN,NaN,NaN,NaN,NaN

INPUT,0.424989223480225,0.0402612648904324,0.782405376434326,-2.94539284706116,2.96078395843506,-1.75211572647095,K,17
OUTPUT,NaN,NaN,NaN,NaN,NaN,NaN

INPUT,0.428751796483994,0.040464524179697,0.787943422794342,-2.96660041809082,2.95522665977478,-1.7307802438736,K,18
OUTPUT,NaN,NaN,NaN,NaN,NaN,NaN

INPUT,0.431009352207184,0.0405864827334881,0.791266202926636,-2.97933220863342,2.95193243026733,-1.71797549724579,K,19
OUTPUT,NaN,NaN,NaN,NaN,NaN,NaN

INPUT,0.431761860847473,0.0406271331012249,0.792373836040497,-2.98357725143433,2.95084118843079,-1.71370661258698,K,20
OUTPUT,NaN,NaN,NaN,NaN,NaN,NaN

INPUT,0.362762719392776,0.0332983806729317,0.733709454536438,-2.35462212562561,3.13264441490173,-1.79210078716278,K,12
OUTPUT,NaN,NaN,NaN,NaN,NaN,NaN

INPUT,0.36738121509552,0.0331686213612556,0.745023727416992,-2.37795972824097,3.13181495666504,-1.75624632835388,K,13
OUTPUT,NaN,NaN,NaN,NaN,NaN,NaN

INPUT,0.371999680995941,0.0330388657748699,0.756337940692902,-2.40227222442627,3.13099360466003,-1.72136652469635,K,14
OUTPUT,NaN,NaN,NaN,NaN,NaN,NaN

INPUT,0.376618176698685,0.0329091064631939,0.767652213573456,-2.42734122276306,3.13018155097961,-1.68724274635315,K,15
OUTPUT,NaN,NaN,NaN,NaN,NaN,NaN

INPUT,0.380774825811386,0.0327923223376274,0.777835011482239,-2.45041871070862,3.12945890426636,-1.65704655647278,K,16
OUTPUT,NaN,NaN,NaN,NaN,NaN,NaN

INPUT,0.384007751941681,0.0327014923095703,0.785754978656769,-2.46864676475525,3.12890267372131,-1.63383948802948,K,17
OUTPUT,NaN,NaN,NaN,NaN,NaN,NaN

INPUT,0.386317014694214,0.0326366126537323,0.791412115097046,-2.48179578781128,3.12850880622864,-1.61739194393158,K,18
OUTPUT,NaN,NaN,NaN,NaN,NaN,NaN

INPUT,0.38770255446434,0.0325976833701134,0.794806361198425,-2.48973202705383,3.12827372550964,-1.6075701713562,K,19
OUTPUT,NaN,NaN,NaN,NaN,NaN,NaN

INPUT,0.388164401054382,0.0325847081840038,0.795937776565552,-2.4923849105835,3.1281955242157,-1.60430359840393,K,20
OUTPUT,NaN,NaN,NaN,NaN,NaN,NaN

INPUT,0.355430752038956,0.0235541742295027,0.734477937221527,1.30323350429535,3.08452796936035,1.54988241195679,K,12
OUTPUT,NaN,NaN,NaN,NaN,NaN,NaN

INPUT,0.359277904033661,0.0223987381905317,0.745872139930725,1.28892803192139,3.07849168777466,1.56157505512238,K,13
OUTPUT,NaN,NaN,NaN,NaN,NaN,NaN

INPUT,0.363125026226044,0.0212433058768511,0.757266342639923,1.27486288547516,3.07247233390808,1.57348525524139,K,14
OUTPUT,NaN,NaN,NaN,NaN,NaN,NaN

INPUT,0.366972148418427,0.0200878698378801,0.768660545349121,1.26098704338074,3.06647300720215,1.58555328845978,K,15
OUTPUT,NaN,NaN,NaN,NaN,NaN,NaN

INPUT,0.370434582233429,0.0190479792654514,0.778915286064148,1.24863195419312,3.06109356880188,1.59651350975037,K,16
OUTPUT,NaN,NaN,NaN,NaN,NaN,NaN

INPUT,0.373127549886703,0.0182391740381718,0.786891222000122,1.23909771442413,3.05692386627197,1.60508692264557,K,17
OUTPUT,NaN,NaN,NaN,NaN,NaN,NaN

INPUT,0.375051140785217,0.0176614560186863,0.792588353157043,1.23232388496399,3.0539538860321,1.61123108863831,K,18
OUTPUT,NaN,NaN,NaN,NaN,NaN,NaN

INPUT,0.376205265522003,0.0173148270696402,0.796006619930267,1.22827327251434,3.05217528343201,1.61492431163788,K,19
OUTPUT,NaN,NaN,NaN,NaN,NaN,NaN

INPUT,0.376589983701706,0.0171992834657431,0.797146022319794,1.22692513465881,3.05158305168152,1.61615645885468,K,20
OUTPUT,NaN,NaN,NaN,NaN,NaN,NaN

INPUT,0.361458897590637,0.0406328625977039,0.721687197685242,-2.09686994552612,3.12159419059753,-1.74148225784302,K,11
OUTPUT,NaN,NaN,NaN,NaN,NaN,NaN

INPUT,0.366467118263245,0.041350781917572,0.732918083667755,-2.11423873901367,3.11933779716492,-1.71679985523224,K,12
OUTPUT,NaN,NaN,NaN,NaN,NaN,NaN

INPUT,0.371475338935852,0.0420687049627304,0.744149029254913,-2.13224744796753,3.11709523200989,-1.69283092021942,K,13
OUTPUT,NaN,NaN,NaN,NaN,NaN,NaN

INPUT,0.376483529806137,0.0427866242825985,0.755379915237427,-2.15070605278015,3.11486887931824,-1.66942191123962,K,14
OUTPUT,NaN,NaN,NaN,NaN,NaN,NaN

INPUT,0.381491750478745,0.0435045473277569,0.766610860824585,-2.16947817802429,3.11266207695007,-1.64647269248962,K,15
OUTPUT,NaN,NaN,NaN,NaN,NaN,NaN

INPUT,0.385999172925949,0.0441506765782833,0.77671867609024,-2.1865565776825,3.11069464683533,-1.62615609169006,K,16
OUTPUT,NaN,NaN,NaN,NaN,NaN,NaN

INPUT,0.389504909515381,0.0446532219648361,0.784580290317535,-2.19992089271545,3.10917806625366,-1.61055314540863,K,17
OUTPUT,NaN,NaN,NaN,NaN,NaN,NaN

INPUT,0.392009019851685,0.0450121834874153,0.790195763111115,-2.20949602127075,3.10810256004333,-1.59950768947601,K,18
OUTPUT,NaN,NaN,NaN,NaN,NaN,NaN

INPUT,0.393511474132538,0.0452275574207306,0.793565034866333,-2.21524930000305,3.10746073722839,-1.59291851520538,K,19
OUTPUT,NaN,NaN,NaN,NaN,NaN,NaN

INPUT,0.394012302160263,0.0452993512153625,0.794688105583191,-2.21716809272766,3.10724711418152,-1.59072840213776,K,20
OUTPUT,NaN,NaN,NaN,NaN,NaN,NaN

INPUT,0.375080734491348,0.0529977343976498,0.719014167785645,-2.29698324203491,3.01124286651611,-1.85506796836853,K,11
OUTPUT,NaN,NaN,NaN,NaN,NaN,NaN

INPUT,0.381691962480545,0.0551705099642277,0.729929685592651,-2.32260799407959,2.99629497528076,-1.82855439186096,K,12
OUTPUT,NaN,NaN,NaN,NaN,NaN,NaN

INPUT,0.388303220272064,0.0573432855308056,0.740845143795013,-2.34834361076355,2.9814453125,-1.80209517478943,K,13
OUTPUT,NaN,NaN,NaN,NaN,NaN,NaN

INPUT,0.394914418458939,0.0595160610973835,0.75176066160202,-2.37417101860046,2.96670460700989,-1.77566599845886,K,14
OUTPUT,NaN,NaN,NaN,NaN,NaN,NaN

INPUT,0.401525676250458,0.0616888366639614,0.762676119804382,-2.40007877349854,2.95208287239075,-1.74924981594086,K,15
OUTPUT,NaN,NaN,NaN,NaN,NaN,NaN

INPUT,0.407475769519806,0.0636443346738815,0.772500097751617,-2.42345786094666,2.9390332698822,-1.7254753112793,K,16
OUTPUT,NaN,NaN,NaN,NaN,NaN,NaN

INPUT,0.412103623151779,0.0651652738451958,0.780140936374664,-2.44167971611023,2.9289608001709,-1.70697939395905,K,17
OUTPUT,NaN,NaN,NaN,NaN,NaN,NaN

INPUT,0.4154092669487,0.066251665353775,0.785598635673523,-2.45471477508545,2.92180943489075,-1.69376373291016,K,18
OUTPUT,NaN,NaN,NaN,NaN,NaN,NaN

INPUT,0.417392611503601,0.0669035017490387,0.788873314857483,-2.46254348754883,2.91753649711609,-1.68583202362061,K,19
OUTPUT,NaN,NaN,NaN,NaN,NaN,NaN

INPUT,0.41805374622345,0.0671207755804062,0.789964854717255,-2.46515440940857,2.91611528396606,-1.68318772315979,K,20
OUTPUT,NaN,NaN,NaN,NaN,NaN,NaN

INPUT,0.3614382147789,0.0522170923650265,0.732975780963898,-1.70834565162659,3.06439566612244,-1.46621203422546,K,12
OUTPUT,NaN,NaN,NaN,NaN,NaN,NaN

INPUT,0.365917325019836,0.0540787614881992,0.744212746620178,-1.72003149986267,3.05634808540344,-1.45236241817474,K,13
OUTPUT,NaN,NaN,NaN,NaN,NaN,NaN

INPUT,0.37039640545845,0.0559404268860817,0.755449712276459,-1.73189520835876,3.04832291603088,-1.43870949745178,K,14
OUTPUT,NaN,NaN,NaN,NaN,NaN,NaN

INPUT,0.374875485897064,0.0578020960092545,0.766686677932739,-1.74388802051544,3.04032421112061,-1.42521262168884,K,15
OUTPUT,NaN,NaN,NaN,NaN,NaN,NaN

INPUT,0.378906697034836,0.0594776012003422,0.776799976825714,-1.75476217269897,3.03315138816833,-1.41317582130432,K,16
OUTPUT,NaN,NaN,NaN,NaN,NaN,NaN

INPUT,0.382042050361633,0.0607807673513889,0.784665822982788,-1.76325929164886,3.02759170532227,-1.40387690067291,K,17
OUTPUT,NaN,NaN,NaN,NaN,NaN,NaN

INPUT,0.384281605482101,0.0617116019129753,0.790284335613251,-1.76934492588043,3.02363133430481,-1.39726531505585,K,18
OUTPUT,NaN,NaN,NaN,NaN,NaN,NaN

INPUT,0.385625332593918,0.062270101159811,0.793655455112457,-1.7730016708374,3.02126002311707,-1.39330995082855,K,19
OUTPUT,NaN,NaN,NaN,NaN,NaN,NaN

INPUT,0.386073231697083,0.0624562688171864,0.794779121875763,-1.7742213010788,3.0204701423645,-1.39199328422546,K,20
OUTPUT,NaN,NaN,NaN,NaN,NaN,NaN

INPUT,0.374062448740005,0.0436711013317108,0.719682157039642,-2.40320158004761,3.03320336341858,-1.74216854572296,K,11
OUTPUT,NaN,NaN,NaN,NaN,NaN,NaN

INPUT,0.380553632974625,0.0447463169693947,0.73067718744278,-2.44159436225891,3.02109813690186,-1.70263886451721,K,12
OUTPUT,NaN,NaN,NaN,NaN,NaN,NaN

INPUT,0.387044817209244,0.0458215363323689,0.741672158241272,-2.48011827468872,3.00917530059814,-1.66318392753601,K,13
OUTPUT,NaN,NaN,NaN,NaN,NaN,NaN

INPUT,0.393535971641541,0.0468967519700527,0.75266706943512,-2.51874899864197,2.99745345115662,-1.623774766922,K,14
OUTPUT,NaN,NaN,NaN,NaN,NaN,NaN

INPUT,0.40002715587616,0.0479719676077366,0.763662040233612,-2.55747032165527,2.9859504699707,-1.58439099788666,K,15
OUTPUT,NaN,NaN,NaN,NaN,NaN,NaN

INPUT,0.405869245529175,0.0489396639168262,0.773557543754578,-2.59238815307617,2.9757993221283,-1.5489547252655,K,16
OUTPUT,NaN,NaN,NaN,NaN,NaN,NaN

INPUT,0.410413056612015,0.0496923141181469,0.7812539935112,-2.61958718299866,2.96804475784302,-1.52139365673065,K,17
OUTPUT,NaN,NaN,NaN,NaN,NaN,NaN

INPUT,0.413658648729324,0.0502299256622791,0.786751508712769,-2.63903594017029,2.96258473396301,-1.5017055273056,K,18
OUTPUT,NaN,NaN,NaN,NaN,NaN,NaN

INPUT,0.415605992078781,0.0505524873733521,0.790050029754639,-2.65071320533752,2.95934152603149,-1.48989152908325,K,19
OUTPUT,NaN,NaN,NaN,NaN,NaN,NaN

INPUT,0.416255116462708,0.0506600104272366,0.791149497032166,-2.65460705757141,2.95826578140259,-1.48595321178436,K,20
OUTPUT,NaN,NaN,NaN,NaN,NaN,NaN

INPUT,0.377282857894897,0.0372580476105213,0.707695066928864,-2.68110966682434,3.03695750236511,-2.03354549407959,K,4
OUTPUT,NaN,NaN,NaN,NaN,NaN,NaN

INPUT,0.390712529420853,0.0379919148981571,0.72491192817688,-2.75983047485352,3.01282787322998,-1.94791376590729,K,5
OUTPUT,NaN,NaN,NaN,NaN,NaN,NaN

INPUT,0.404142200946808,0.0387257821857929,0.742128849029541,-2.83975291252136,2.98956489562988,-1.86323249340057,K,6
OUTPUT,NaN,NaN,NaN,NaN,NaN,NaN

INPUT,0.414587497711182,0.0392965711653233,0.75551974773407,-2.90245532989502,2.97217321395874,-1.79771423339844,K,7
OUTPUT,NaN,NaN,NaN,NaN,NaN,NaN

INPUT,0.422048419713974,0.0397042743861675,0.765084683895111,-2.94746160507202,2.96017098426819,-1.75102114677429,K,8
OUTPUT,NaN,NaN,NaN,NaN,NaN,NaN

INPUT,0.426524996757507,0.0399488992989063,0.77082359790802,-2.9745397567749,2.95315027236938,-1.72303283214569,K,9
OUTPUT,NaN,NaN,NaN,NaN,NaN,NaN

INPUT,0.375309824943542,0.0555002242326736,0.71417772769928,-2.0732729434967,2.99473452568054,-1.78777277469635,K,4
OUTPUT,NaN,NaN,NaN,NaN,NaN,NaN

INPUT,0.385768324136734,0.0599171370267868,0.728933155536652,-2.10611009597778,2.96613836288452,-1.75700843334198,K,5
OUTPUT,NaN,NaN,NaN,NaN,NaN,NaN

INPUT,0.396226853132248,0.0643340572714806,0.743688642978668,-2.13873767852783,2.93771910667419,-1.72587525844574,K,6
OUTPUT,NaN,NaN,NaN,NaN,NaN,NaN

INPUT,0.404361248016357,0.067769430577755,0.755165100097656,-2.1639986038208,2.91579985618591,-1.70151662826538,K,7
OUTPUT,NaN,NaN,NaN,NaN,NaN,NaN

INPUT,0.410171508789063,0.0702232718467712,0.763362526893616,-2.18198037147522,2.90026926994324,-1.68407821655273,K,8
OUTPUT,NaN,NaN,NaN,NaN,NaN,NaN

INPUT,0.413657695055008,0.0716955736279488,0.768281042575836,-2.19274306297302,2.89100909233093,-1.67360866069794,K,9
OUTPUT,NaN,NaN,NaN,NaN,NaN,NaN

INPUT,0.37053507566452,0.0414460524916649,0.731186389923096,-2.14239573478699,3.11730980873108,-1.72233641147614,K,5
OUTPUT,NaN,NaN,NaN,NaN,NaN,NaN

INPUT,0.37883797287941,0.0426358766853809,0.74685126543045,-2.16702938079834,3.11364340782166,-1.67244553565979,K,6
OUTPUT,NaN,NaN,NaN,NaN,NaN,NaN

INPUT,0.385295778512955,0.0435612909495831,0.759035050868988,-2.18821167945862,3.11082220077515,-1.6357946395874,K,7
OUTPUT,NaN,NaN,NaN,NaN,NaN,NaN

INPUT,0.389908492565155,0.0442223064601421,0.767737746238708,-2.20410418510437,3.10882806777954,-1.61050593852997,K,8
OUTPUT,NaN,NaN,NaN,NaN,NaN,NaN

INPUT,0.392676144838333,0.0446189120411873,0.772959411144257,-2.21387672424316,3.10764122009277,-1.59563767910004,K,9
OUTPUT,NaN,NaN,NaN,NaN,NaN,NaN

INPUT,0.375371783971786,0.0510105118155479,0.71470445394516,-2.28412914276123,3.01030826568604,-1.85673022270203,K,4
OUTPUT,NaN,NaN,NaN,NaN,NaN,NaN

INPUT,0.385746955871582,0.054534025490284,0.729466199874878,-2.33253288269043,2.9847559928894,-1.81119692325592,K,5
OUTPUT,NaN,NaN,NaN,NaN,NaN,NaN

INPUT,0.3961221575737,0.05805753916502,0.744227945804596,-2.38063097000122,2.95954871177673,-1.76517021656036,K,6
OUTPUT,NaN,NaN,NaN,NaN,NaN,NaN

INPUT,0.404191732406616,0.0607980489730835,0.7557093501091,-2.41779208183289,2.94029235839844,-1.72926020622253,K,7
OUTPUT,NaN,NaN,NaN,NaN,NaN,NaN

INPUT,0.409955710172653,0.0627555549144745,0.763910293579102,-2.44417023658752,2.92677164077759,-1.70363628864288,K,8
OUTPUT,NaN,NaN,NaN,NaN,NaN,NaN

INPUT,0.413414120674133,0.0639300644397736,0.768830895423889,-2.45991897583008,2.91876530647278,-1.68829441070557,K,9
OUTPUT,NaN,NaN,NaN,NaN,NaN,NaN

INPUT,0.374301344156265,0.0424676947295666,0.715049922466278,-2.3951563835144,3.03270840644836,-1.75262188911438,K,4
OUTPUT,NaN,NaN,NaN,NaN,NaN,NaN

INPUT,0.384553849697113,0.0441846027970314,0.729988574981689,-2.46328783035278,3.01205587387085,-1.68175852298737,K,5
OUTPUT,NaN,NaN,NaN,NaN,NaN,NaN

INPUT,0.394806325435638,0.0459015145897865,0.744927167892456,-2.53188228607178,2.99202752113342,-1.61117458343506,K,6
OUTPUT,NaN,NaN,NaN,NaN,NaN,NaN

INPUT,0.402780473232269,0.0472368896007538,0.756546080112457,-2.58546829223633,2.97694444656372,-1.55637001991272,K,7
OUTPUT,NaN,NaN,NaN,NaN,NaN,NaN

INPUT,0.408476293087006,0.0481907278299332,0.764845371246338,-2.6238477230072,2.96646308898926,-1.51724684238434,K,8
OUTPUT,NaN,NaN,NaN,NaN,NaN,NaN

INPUT,0.411893784999847,0.0487630292773247,0.769824862480164,-2.64691281318665,2.96029901504517,-1.49377655982971,K,9
OUTPUT,NaN,NaN,NaN,NaN,NaN,NaN

INPUT,0.363413006067276,0.0333279892802238,0.725791037082672,-2.39300894737244,3.13198852539063,-1.86524164676666,K,4
OUTPUT,NaN,NaN,NaN,NaN,NaN,NaN

INPUT,0.369908362627029,0.0330883637070656,0.739065647125244,-2.41374015808105,3.13095307350159,-1.79023861885071,K,5
OUTPUT,NaN,NaN,NaN,NaN,NaN,NaN

INPUT,0.376403719186783,0.0328487306833267,0.752340257167816,-2.43925213813782,3.1299352645874,-1.72001588344574,K,6
OUTPUT,NaN,NaN,NaN,NaN,NaN,NaN

INPUT,0.381455630064011,0.0326623544096947,0.762664973735809,-2.46151494979858,3.12916159629822,-1.66809809207916,K,7
OUTPUT,NaN,NaN,NaN,NaN,NaN,NaN

INPUT,0.385064154863358,0.0325292274355888,0.770039737224579,-2.47840213775635,3.12862038612366,-1.63227236270905,K,8
OUTPUT,NaN,NaN,NaN,NaN,NaN,NaN

INPUT,0.387229293584824,0.0324493497610092,0.77446460723877,-2.48885416984558,3.12830114364624,-1.6112402677536,K,9
OUTPUT,NaN,NaN,NaN,NaN,NaN,NaN

INPUT,0.361576616764069,0.0234243869781494,0.73877364397049,1.2992582321167,3.07714939117432,1.57379400730133,K,5
OUTPUT,NaN,NaN,NaN,NaN,NaN,NaN

INPUT,0.367199629545212,0.0217926558107138,0.752616822719574,1.27199971675873,3.06790947914124,1.58785438537598,K,6
OUTPUT,NaN,NaN,NaN,NaN,NaN,NaN

INPUT,0.371573060750961,0.0205235313624144,0.763383805751801,1.25184953212738,3.06074810028076,1.59982705116272,K,7
OUTPUT,NaN,NaN,NaN,NaN,NaN,NaN

INPUT,0.374696969985962,0.019617011770606,0.77107447385788,1.2378842830658,3.05564975738525,1.60878908634186,K,8
OUTPUT,NaN,NaN,NaN,NaN,NaN,NaN

INPUT,0.376571297645569,0.0190731026232243,0.775688827037811,1.22964870929718,3.05259871482849,1.61429977416992,K,9
OUTPUT,NaN,NaN,NaN,NaN,NaN,NaN

INPUT,0.362248599529266,0.0499217100441456,0.725455403327942,-1.7117223739624,3.06432747840881,-1.48734188079834,K,4
OUTPUT,NaN,NaN,NaN,NaN,NaN,NaN

INPUT,0.368425905704498,0.0526131987571716,0.73855048418045,-1.72668409347534,3.05265402793884,-1.46052050590515,K,5
OUTPUT,NaN,NaN,NaN,NaN,NaN,NaN

INPUT,0.374603182077408,0.0553046949207783,0.751645565032959,-1.74303019046783,3.0410168170929,-1.43506181240082,K,6
OUTPUT,NaN,NaN,NaN,NaN,NaN,NaN

INPUT,0.379407733678818,0.0573980733752251,0.761830568313599,-1.75640904903412,3.03200173377991,-1.41593432426453,K,7
OUTPUT,NaN,NaN,NaN,NaN,NaN,NaN

INPUT,0.38283959031105,0.0588933490216732,0.769105613231659,-1.76623272895813,3.02558612823486,-1.40255391597748,K,8
OUTPUT,NaN,NaN,NaN,NaN,NaN,NaN

INPUT,0.384898662567139,0.0597905106842518,0.773470640182495,-1.77221441268921,3.02174782752991,-1.39462244510651,K,9
OUTPUT,NaN,NaN,NaN,NaN,NaN,NaN

INPUT,0.358822762966156,0.0324945375323296,0.732578992843628,1.23216950893402,3.14000368118286,1.71003425121307,K,12
OUTPUT,NaN,NaN,NaN,NaN,NaN,NaN

INPUT,0.36302649974823,0.0322802662849426,0.743774175643921,1.15808296203613,3.1397852897644,1.68622744083405,K,13
OUTPUT,NaN,NaN,NaN,NaN,NaN,NaN

INPUT,0.367230176925659,0.0320659913122654,0.754969358444214,1.09460127353668,3.13956451416016,1.67302548885345,K,14
OUTPUT,NaN,NaN,NaN,NaN,NaN,NaN

INPUT,0.371433883905411,0.0318517200648785,0.766164541244507,1.03866338729858,3.13934278488159,1.66736745834351,K,15
OUTPUT,NaN,NaN,NaN,NaN,NaN,NaN

INPUT,0.375217229127884,0.0316588766872883,0.776240229606628,0.99309241771698,3.13914275169373,1.66704821586609,K,16
OUTPUT,NaN,NaN,NaN,NaN,NaN,NaN

INPUT,0.378159821033478,0.0315088853240013,0.784076809883118,0.960082709789276,3.13898730278015,1.66923439502716,K,17
OUTPUT,NaN,NaN,NaN,NaN,NaN,NaN

INPUT,0.380261689424515,0.0314017497003078,0.789674401283264,0.93758350610733,3.13887643814087,1.671875,K,18
OUTPUT,NaN,NaN,NaN,NaN,NaN,NaN

INPUT,0.381522804498672,0.0313374698162079,0.793032944202423,0.924463510513306,3.13881015777588,1.67383897304535,K,19
OUTPUT,NaN,NaN,NaN,NaN,NaN,NaN

INPUT,0.381943166255951,0.0313160419464111,0.794152498245239,0.920148909091949,3.13878798484802,1.67455244064331,K,20
OUTPUT,NaN,NaN,NaN,NaN,NaN,NaN

INPUT,0.362007111310959,0.0358744785189629,0.733819305896759,-2.33859324455261,3.12817668914795,-1.80203700065613,K,12
OUTPUT,NaN,NaN,NaN,NaN,NaN,NaN

INPUT,0.366546154022217,0.0360158011317253,0.745145201683044,-2.362633228302,3.12688732147217,-1.76961672306061,K,13
OUTPUT,NaN,NaN,NaN,NaN,NaN,NaN

INPUT,0.37108513712883,0.0361571237444878,0.75647097826004,-2.38734650611877,3.12560939788818,-1.73786914348602,K,14
OUTPUT,NaN,NaN,NaN,NaN,NaN,NaN

INPUT,0.375624179840088,0.0362984463572502,0.767796874046326,-2.41257858276367,3.12434411048889,-1.7066398859024,K,15
OUTPUT,NaN,NaN,NaN,NaN,NaN,NaN

INPUT,0.379709273576736,0.0364256352186203,0.777990102767944,-2.43563914299011,3.1232168674469,-1.67888462543488,K,16
OUTPUT,NaN,NaN,NaN,NaN,NaN,NaN

INPUT,0.382886588573456,0.036524560302496,0.785918176174164,-2.45376443862915,3.12234830856323,-1.65748620033264,K,17
OUTPUT,NaN,NaN,NaN,NaN,NaN,NaN

INPUT,0.385156095027924,0.0365952216088772,0.791581153869629,-2.46679854393005,3.12173247337341,-1.64228892326355,K,18
OUTPUT,NaN,NaN,NaN,NaN,NaN,NaN

INPUT,0.386517822742462,0.0366376154124737,0.794978857040405,-2.47465062141418,3.12136483192444,-1.63320207595825,K,19
OUTPUT,NaN,NaN,NaN,NaN,NaN,NaN

INPUT,0.386971712112427,0.036651749163866,0.796111464500427,-2.47727298736572,3.12124252319336,-1.63017797470093,K,20
OUTPUT,NaN,NaN,NaN,NaN,NaN,NaN

INPUT,0.364071607589722,0.0470954962074757,0.721572637557983,-2.03133130073547,3.07482624053955,-1.81024372577667,K,11
OUTPUT,NaN,NaN,NaN,NaN,NaN,NaN

INPUT,0.369386702775955,0.0485733784735203,0.732791423797607,-2.04322528839111,3.06707167625427,-1.79605901241302,K,12
OUTPUT,NaN,NaN,NaN,NaN,NaN,NaN

INPUT,0.374701768159866,0.0500512644648552,0.744010150432587,-2.05532956123352,3.05933547019958,-1.78209662437439,K,13
OUTPUT,NaN,NaN,NaN,NaN,NaN,NaN

INPUT,0.380016833543777,0.0515291467308998,0.755228817462921,-2.06758379936218,3.05162167549133,-1.76830470561981,K,14
OUTPUT,NaN,NaN,NaN,NaN,NaN,NaN

INPUT,0.385331928730011,0.0530070289969444,0.7664475440979,-2.07994556427002,3.04393458366394,-1.75464963912964,K,15
OUTPUT,NaN,NaN,NaN,NaN,NaN,NaN

INPUT,0.39011549949646,0.0543371252715588,0.776544451713562,-2.09113693237305,3.03704190254211,-1.74245822429657,K,16
OUTPUT,NaN,NaN,NaN,NaN,NaN,NaN

INPUT,0.393836051225662,0.0553716421127319,0.784397542476654,-2.09987235069275,3.03170013427734,-1.73303258419037,K,17
OUTPUT,NaN,NaN,NaN,NaN,NaN,NaN

INPUT,0.396493583917618,0.0561105869710445,0.790006875991821,-2.10612440109253,3.02789545059204,-1.72632789611816,K,18
OUTPUT,NaN,NaN,NaN,NaN,NaN,NaN

INPUT,0.398088127374649,0.0565539486706257,0.793372511863708,-2.10987973213196,3.02561736106873,-1.72231554985046,K,19
OUTPUT,NaN,NaN,NaN,NaN,NaN,NaN

INPUT,0.398619621992111,0.0567017383873463,0.794494390487671,-2.1111319065094,3.02485871315002,-1.72097992897034,K,20
OUTPUT,NaN,NaN,NaN,NaN,NaN,NaN

INPUT,0.362848162651062,0.0451584197580814,0.722692131996155,-1.99305951595306,3.0890040397644,-1.70113480091095,K,11
OUTPUT,NaN,NaN,NaN,NaN,NaN,NaN

INPUT,0.368019938468933,0.0464088208973408,0.734041154384613,-2.00882792472839,3.0829176902771,-1.68241608142853,K,12
OUTPUT,NaN,NaN,NaN,NaN,NaN,NaN

INPUT,0.373191684484482,0.0476592220366001,0.745390176773071,-2.02485656738281,3.07685589790344,-1.66399347782135,K,13
OUTPUT,NaN,NaN,NaN,NaN,NaN,NaN

INPUT,0.378363460302353,0.0489096194505692,0.756739258766174,-2.04106330871582,3.07082462310791,-1.64580547809601,K,14
OUTPUT,NaN,NaN,NaN,NaN,NaN,NaN

INPUT,0.383535206317902,0.0501600205898285,0.768088281154633,-2.05738878250122,3.06482863426208,-1.62781298160553,K,15
OUTPUT,NaN,NaN,NaN,NaN,NaN,NaN

INPUT,0.388189792633057,0.05128538236022,0.778302431106567,-2.07214641571045,3.05946683883667,-1.6117662191391,K,16
OUTPUT,NaN,NaN,NaN,NaN,NaN,NaN

INPUT,0.391810029745102,0.0521606653928757,0.786246716976166,-2.08364939689636,3.05532169342041,-1.59937345981598,K,17
OUTPUT,NaN,NaN,NaN,NaN,NaN,NaN

INPUT,0.394395917654037,0.0527858659625053,0.791921257972717,-2.09187293052673,3.05237531661987,-1.59056639671326,K,18
OUTPUT,NaN,NaN,NaN,NaN,NaN,NaN

INPUT,0.395947456359863,0.053160984069109,0.795325994491577,-2.09680819511414,3.05061364173889,-1.58529961109161,K,19
OUTPUT,NaN,NaN,NaN,NaN,NaN,NaN

INPUT,0.396464616060257,0.0532860234379768,0.796460866928101,-2.09845328330994,3.05002737045288,-1.58354687690735,K,20
OUTPUT,NaN,NaN,NaN,NaN,NaN,NaN

INPUT,0.373371213674545,0.0482140854001045,0.731381773948669,-2.05160927772522,3.06098437309265,-1.79102349281311,K,5
OUTPUT,NaN,NaN,NaN,NaN,NaN,NaN

INPUT,0.382029265165329,0.0505505315959454,0.746951341629028,-2.07258462905884,3.04791569709778,-1.76532006263733,K,6
OUTPUT,NaN,NaN,NaN,NaN,NaN,NaN

INPUT,0.388763278722763,0.0523677654564381,0.759060978889465,-2.08930277824402,3.03779530525208,-1.7457480430603,K,7
OUTPUT,NaN,NaN,NaN,NaN,NaN,NaN

INPUT,0.393573313951492,0.0536657907068729,0.76771068572998,-2.10139322280884,3.03059673309326,-1.73193955421448,K,8
OUTPUT,NaN,NaN,NaN,NaN,NaN,NaN

INPUT,0.396459341049194,0.05444460734725,0.772900521755219,-2.10869240760803,3.02629137039185,-1.72371304035187,K,9
OUTPUT,NaN,NaN,NaN,NaN,NaN,NaN

INPUT,0.372058212757111,0.0461775027215481,0.732653617858887,-2.02347254753113,3.07807421684265,-1.67893707752228,K,5
OUTPUT,NaN,NaN,NaN,NaN,NaN,NaN

INPUT,0.380513042211533,0.0481677651405334,0.748454391956329,-2.04961681365967,3.0678927898407,-1.64363598823547,K,6
OUTPUT,NaN,NaN,NaN,NaN,NaN,NaN

INPUT,0.387089014053345,0.0497157461941242,0.760743856430054,-2.07071256637573,3.06003308296204,-1.6170015335083,K,7
OUTPUT,NaN,NaN,NaN,NaN,NaN,NaN

INPUT,0.391786128282547,0.0508214496076107,0.769522070884705,-2.08605670928955,3.05445885658264,-1.5983179807663,K,8
OUTPUT,NaN,NaN,NaN,NaN,NaN,NaN

INPUT,0.394604384899139,0.0514848679304123,0.774788975715637,-2.09534549713135,3.05113291740417,-1.58722591400146,K,9
OUTPUT,NaN,NaN,NaN,NaN,NaN,NaN

INPUT,0.359050542116165,0.0326808765530586,0.723433792591095,1.94098234176636,3.14026284217834,2.38972330093384,K,4
OUTPUT,NaN,NaN,NaN,NaN,NaN,NaN

INPUT,0.365119338035583,0.0323314145207405,0.736859321594238,1.52850770950317,3.14002394676208,2.05837750434875,K,5
OUTPUT,NaN,NaN,NaN,NaN,NaN,NaN

INPUT,0.371188163757324,0.0319819450378418,0.750284910202026,1.23838329315186,3.13963603973389,1.84938204288483,K,6
OUTPUT,NaN,NaN,NaN,NaN,NaN,NaN

INPUT,0.375908344984055,0.0317101404070854,0.760726988315582,1.07658386230469,3.13928008079529,1.75051236152649,K,7
OUTPUT,NaN,NaN,NaN,NaN,NaN,NaN

INPUT,0.379279881715775,0.0315159931778908,0.768185675144196,0.984063148498535,3.13900995254517,1.70277452468872,K,8
OUTPUT,NaN,NaN,NaN,NaN,NaN,NaN

INPUT,0.381302833557129,0.0313995033502579,0.772660851478577,0.935407161712646,3.13884377479553,1.6809002161026,K,9
OUTPUT,NaN,NaN,NaN,NaN,NaN,NaN

INPUT,0.362688899040222,0.0356976017355919,0.725930988788605,-2.35632681846619,3.1276547908783,-1.8530068397522,K,4
OUTPUT,NaN,NaN,NaN,NaN,NaN,NaN

INPUT,0.36903190612793,0.035883754491806,0.739215135574341,-2.38435173034668,3.1259081363678,-1.78972363471985,K,5
OUTPUT,NaN,NaN,NaN,NaN,NaN,NaN

INPUT,0.375374883413315,0.0360699035227299,0.752499341964722,-2.41588687896729,3.12419033050537,-1.72994959354401,K,6
OUTPUT,NaN,NaN,NaN,NaN,NaN,NaN

INPUT,0.380308300256729,0.0362146869301796,0.762831449508667,-2.44210028648376,3.12288165092468,-1.68538641929626,K,7
OUTPUT,NaN,NaN,NaN,NaN,NaN,NaN

INPUT,0.383832186460495,0.0363181047141552,0.770211577415466,-2.46147537231445,3.12196445465088,-1.6544440984726,K,8
OUTPUT,NaN,NaN,NaN,NaN,NaN,NaN

INPUT,0.38594651222229,0.0363801568746567,0.774639666080475,-2.47330212593079,3.12142205238342,-1.63620543479919,K,9
OUTPUT,NaN,NaN,NaN,NaN,NaN,NaN

INPUT,0.359267920255661,0.0378157012164593,0.733537912368774,-2.21932721138,3.12797904014587,-1.73003828525543,K,12
OUTPUT,NaN,NaN,NaN,NaN,NaN,NaN

INPUT,0.363518834114075,0.0381615608930588,0.74483323097229,-2.24066591262817,3.12665462493896,-1.69989275932312,K,13
OUTPUT,NaN,NaN,NaN,NaN,NaN,NaN

INPUT,0.367769718170166,0.038507416844368,0.756128489971161,-2.26271963119507,3.1253399848938,-1.67046189308167,K,14
OUTPUT,NaN,NaN,NaN,NaN,NaN,NaN

INPUT,0.37202063202858,0.0388532765209675,0.767423808574677,-2.28532385826111,3.12403607368469,-1.6415810585022,K,15
OUTPUT,NaN,NaN,NaN,NaN,NaN,NaN

INPUT,0.375846445560455,0.0391645468771458,0.777589559555054,-2.30604004859924,3.12287211418152,-1.61596024036407,K,16
OUTPUT,NaN,NaN,NaN,NaN,NaN,NaN

INPUT,0.378822088241577,0.0394066497683525,0.785496234893799,-2.32235336303711,3.12197375297546,-1.59623324871063,K,17
OUTPUT,NaN,NaN,NaN,NaN,NaN,NaN

INPUT,0.380947530269623,0.0395795777440071,0.791143894195557,-2.33409833908081,3.12133598327637,-1.58223485946655,K,18
OUTPUT,NaN,NaN,NaN,NaN,NaN,NaN

INPUT,0.382222801446915,0.0396833345293999,0.794532477855682,-2.34117865562439,3.12095475196838,-1.57386910915375,K,19
OUTPUT,NaN,NaN,NaN,NaN,NaN,NaN

INPUT,0.382647901773453,0.0397179201245308,0.795661985874176,-2.34354400634766,3.1208279132843,-1.57108581066132,K,20
OUTPUT,NaN,NaN,NaN,NaN,NaN,NaN

INPUT,0.363202214241028,0.0488890036940575,0.722028017044067,-1.91004681587219,3.05552887916565,-1.56756031513214,K,11
OUTPUT,NaN,NaN,NaN,NaN,NaN,NaN

INPUT,0.368444383144379,0.0505747422575951,0.733280956745148,-1.92982172966003,3.04551482200623,-1.54674661159515,K,12
OUTPUT,NaN,NaN,NaN,NaN,NaN,NaN

INPUT,0.373686581850052,0.052260484546423,0.744533956050873,-1.94966959953308,3.03555774688721,-1.52605700492859,K,13
OUTPUT,NaN,NaN,NaN,NaN,NaN,NaN

INPUT,0.378928750753403,0.0539462193846703,0.755786895751953,-1.96954798698425,3.02567005157471,-1.50548255443573,K,14
OUTPUT,NaN,NaN,NaN,NaN,NaN,NaN

INPUT,0.384170949459076,0.0556319579482079,0.767039835453033,-1.98942339420319,3.0158634185791,-1.48502218723297,K,15
OUTPUT,NaN,NaN,NaN,NaN,NaN,NaN

INPUT,0.388888895511627,0.0571491234004498,0.777167558670044,-2.00728511810303,3.00711679458618,-1.46670830249786,K,16
OUTPUT,NaN,NaN,NaN,NaN,NaN,NaN

INPUT,0.392558425664902,0.05832913890481,0.785044610500336,-2.02114820480347,3.00037097930908,-1.45253324508667,K,17
OUTPUT,NaN,NaN,NaN,NaN,NaN,NaN

INPUT,0.395179510116577,0.0591720081865788,0.790671110153198,-2.03103017807007,2.99558568000793,-1.44244682788849,K,18
OUTPUT,NaN,NaN,NaN,NaN,NaN,NaN

INPUT,0.396752178668976,0.0596777275204659,0.794046998023987,-2.036949634552,2.9927282333374,-1.43641102313995,K,19
OUTPUT,NaN,NaN,NaN,NaN,NaN,NaN

INPUT,0.397276401519775,0.0598463043570518,0.795172274112701,-2.03892111778259,2.99177813529968,-1.43440186977386,K,20
OUTPUT,NaN,NaN,NaN,NaN,NaN,NaN

INPUT,0.368546962738037,0.0521370694041252,0.720515131950378,-2.00734114646912,3.02642273902893,-1.57486069202423,K,11
OUTPUT,NaN,NaN,NaN,NaN,NaN,NaN

INPUT,0.374388754367828,0.0542081110179424,0.731609642505646,-2.03208327293396,3.01319599151611,-1.54861390590668,K,12
OUTPUT,NaN,NaN,NaN,NaN,NaN,NaN

INPUT,0.380230516195297,0.0562791526317596,0.742704093456268,-2.05698704719543,3.0000524520874,-1.52248537540436,K,13
OUTPUT,NaN,NaN,NaN,NaN,NaN,NaN

INPUT,0.386072278022766,0.0583501942455769,0.753798544406891,-2.08201813697815,2.98700070381165,-1.49643683433533,K,14
OUTPUT,NaN,NaN,NaN,NaN,NaN,NaN

INPUT,0.391914069652557,0.0604212358593941,0.764893054962158,-2.10715389251709,2.97404932975769,-1.47044134140015,K,15
OUTPUT,NaN,NaN,NaN,NaN,NaN,NaN

INPUT,0.397171646356583,0.0622851736843586,0.774878084659576,-2.12985229492188,2.96248626708984,-1.44707465171814,K,16
OUTPUT,NaN,NaN,NaN,NaN,NaN,NaN

INPUT,0.401260912418365,0.0637349039316177,0.782644212245941,-2.14755129814148,2.95355772972107,-1.42891228199005,K,17
OUTPUT,NaN,NaN,NaN,NaN,NaN,NaN

INPUT,0.404181778430939,0.0647704228758812,0.788191437721252,-2.1602156162262,2.94721698760986,-1.41594302654266,K,18
OUTPUT,NaN,NaN,NaN,NaN,NaN,NaN

INPUT,0.405934303998947,0.0653917342424393,0.791519820690155,-2.16782259941101,2.94342756271362,-1.40816235542297,K,19
OUTPUT,NaN,NaN,NaN,NaN,NaN,NaN

INPUT,0.406518489122391,0.065598838031292,0.792629241943359,-2.17035961151123,2.94216704368591,-1.40556883811951,K,20
OUTPUT,NaN,NaN,NaN,NaN,NaN,NaN

INPUT,0.366927266120911,0.0372973196208477,0.721621930599213,-2.56515765190125,3.08648467063904,-1.91620445251465,K,11
OUTPUT,NaN,NaN,NaN,NaN,NaN,NaN

INPUT,0.372579276561737,0.0376230403780937,0.732844173908234,-2.60253977775574,3.08037328720093,-1.87721931934357,K,12
OUTPUT,NaN,NaN,NaN,NaN,NaN,NaN

INPUT,0.378231316804886,0.0379487611353397,0.74406635761261,-2.64007377624512,3.07435131072998,-1.83837175369263,K,13
OUTPUT,NaN,NaN,NaN,NaN,NaN,NaN

INPUT,0.383883327245712,0.0382744856178761,0.755288600921631,-2.67772245407104,3.06842732429504,-1.79962372779846,K,14
OUTPUT,NaN,NaN,NaN,NaN,NaN,NaN

INPUT,0.389535367488861,0.0386002063751221,0.766510844230652,-2.71546101570129,3.06260991096497,-1.76094913482666,K,15
OUTPUT,NaN,NaN,NaN,NaN,NaN,NaN

INPUT,0.394622176885605,0.0388933569192886,0.776610851287842,-2.74948787689209,3.05747246742249,-1.726189494133,K,16
OUTPUT,NaN,NaN,NaN,NaN,NaN,NaN

INPUT,0.398578613996506,0.039121363312006,0.784466445446014,-2.77598786354065,3.05354523658752,-1.69917833805084,K,17
OUTPUT,NaN,NaN,NaN,NaN,NaN,NaN

INPUT,0.401404619216919,0.0392842255532742,0.790077567100525,-2.79493236541748,3.05077838897705,-1.67989540100098,K,18
OUTPUT,NaN,NaN,NaN,NaN,NaN,NaN

INPUT,0.403100222349167,0.0393819399178028,0.793444216251373,-2.8063051700592,3.04913401603699,-1.6683292388916,K,19
OUTPUT,NaN,NaN,NaN,NaN,NaN,NaN

INPUT,0.40366542339325,0.0394145138561726,0.794566452503204,-2.81009697914124,3.048588514328,-1.66447448730469,K,20
OUTPUT,NaN,NaN,NaN,NaN,NaN,NaN

INPUT,0.372326970100403,0.0499262511730194,0.731942892074585,-1.94527924060822,3.03781819343567,-1.54168951511383,K,5
OUTPUT,NaN,NaN,NaN,NaN,NaN,NaN

INPUT,0.380823880434036,0.052538450807333,0.747586131095886,-1.97845888137817,3.0210485458374,-1.50237846374512,K,6
OUTPUT,NaN,NaN,NaN,NaN,NaN,NaN

INPUT,0.38743257522583,0.0545701570808887,0.759753048419952,-2.00476002693176,3.0081422328949,-1.47237586975098,K,7
OUTPUT,NaN,NaN,NaN,NaN,NaN,NaN

INPUT,0.392153084278107,0.0560213811695576,0.768443763256073,-2.02370595932007,2.99901580810547,-1.45120096206665,K,8
OUTPUT,NaN,NaN,NaN,NaN,NaN,NaN

INPUT,0.394985377788544,0.0568921118974686,0.773658156394958,-2.03511381149292,2.99358201026917,-1.43859028816223,K,9
OUTPUT,NaN,NaN,NaN,NaN,NaN,NaN

INPUT,0.368964999914169,0.0501103028655052,0.715284764766693,-2.0055947303772,3.02521443367004,-1.58712112903595,K,4
OUTPUT,NaN,NaN,NaN,NaN,NaN,NaN

INPUT,0.378313809633255,0.053344339132309,0.730569124221802,-2.04827570915222,3.00271058082581,-1.53801035881042,K,5
OUTPUT,NaN,NaN,NaN,NaN,NaN,NaN

INPUT,0.387662619352341,0.056578379124403,0.74585348367691,-2.09191942214966,2.98049736022949,-1.48971915245056,K,6
OUTPUT,NaN,NaN,NaN,NaN,NaN,NaN

INPUT,0.39493390917778,0.0590937435626984,0.757741272449493,-2.12619161605835,2.96351408958435,-1.45263624191284,K,7
OUTPUT,NaN,NaN,NaN,NaN,NaN,NaN

INPUT,0.400127708911896,0.0608904287219048,0.76623260974884,-2.15073323249817,2.95157980918884,-1.42640018463135,K,8
OUTPUT,NaN,NaN,NaN,NaN,NaN,NaN

INPUT,0.403243958950043,0.0619684420526028,0.771327376365662,-2.16545510292053,2.94450831413269,-1.41076326370239,K,9
OUTPUT,NaN,NaN,NaN,NaN,NaN,NaN

INPUT,0.367423117160797,0.0369189009070396,0.716081500053406,-2.56402087211609,3.08631753921509,-1.93170082569122,K,4
OUTPUT,NaN,NaN,NaN,NaN,NaN,NaN

INPUT,0.376551777124405,0.0374194867908955,0.731585741043091,-2.62792253494263,3.07587242126465,-1.85979628562927,K,5
OUTPUT,NaN,NaN,NaN,NaN,NaN,NaN

INPUT,0.385680437088013,0.0379200726747513,0.747089922428131,-2.69293260574341,3.06572937965393,-1.78895425796509,K,6
OUTPUT,NaN,NaN,NaN,NaN,NaN,NaN

INPUT,0.392780482769012,0.038309421390295,0.759148716926575,-2.74399590492249,3.0580792427063,-1.73431980609894,K,7
OUTPUT,NaN,NaN,NaN,NaN,NaN,NaN

INPUT,0.397851973772049,0.0385875254869461,0.767762124538422,-2.78066611289978,3.05275630950928,-1.6954710483551,K,8
OUTPUT,NaN,NaN,NaN,NaN,NaN,NaN

INPUT,0.400894850492477,0.0387543849647045,0.772930204868317,-2.80273222923279,3.04962277412415,-1.67221748828888,K,9
OUTPUT,NaN,NaN,NaN,NaN,NaN,NaN

INPUT,0.359680742025375,0.037501260638237,0.724896728992462,-2.24379134178162,3.1275691986084,-1.78475797176361,K,4
OUTPUT,NaN,NaN,NaN,NaN,NaN,NaN

INPUT,0.365683555603027,0.0380093194544315,0.738335728645325,-2.26551294326782,3.12574505805969,-1.72328054904938,K,5
OUTPUT,NaN,NaN,NaN,NaN,NaN,NaN

INPUT,0.371686339378357,0.0385173782706261,0.751774728298187,-2.2913191318512,3.12394332885742,-1.66588664054871,K,6
OUTPUT,NaN,NaN,NaN,NaN,NaN,NaN

INPUT,0.376355201005936,0.0389125347137451,0.762227296829224,-2.3133807182312,3.1225643157959,-1.623419880867,K,7
OUTPUT,NaN,NaN,NaN,NaN,NaN,NaN

INPUT,0.379690110683441,0.0391947887837887,0.769693434238434,-2.3299298286438,3.12159419059753,-1.59405696392059,K,8
OUTPUT,NaN,NaN,NaN,NaN,NaN,NaN

INPUT,0.381691038608551,0.0393641442060471,0.774173080921173,-2.34011292457581,3.12101864814758,-1.57678747177124,K,9
OUTPUT,NaN,NaN,NaN,NaN,NaN,NaN

INPUT,0.368356764316559,0.0472256951034069,0.722216248512268,-2.19362878799438,3.05488014221191,-1.65548241138458,K,11
OUTPUT,NaN,NaN,NaN,NaN,NaN,NaN

INPUT,0.374195039272308,0.0487152002751827,0.733498930931091,-2.22472095489502,3.0450427532196,-1.62317955493927,K,12
OUTPUT,NaN,NaN,NaN,NaN,NaN,NaN

INPUT,0.38003334403038,0.0502047054469585,0.74478155374527,-2.25593948364258,3.03530216217041,-1.59097301959991,K,13
OUTPUT,NaN,NaN,NaN,NaN,NaN,NaN

INPUT,0.38587161898613,0.0516942106187344,0.756064236164093,-2.28725671768188,3.02566838264465,-1.55883288383484,K,14
OUTPUT,NaN,NaN,NaN,NaN,NaN,NaN

INPUT,0.391709923744202,0.0531837157905102,0.767346858978271,-2.31865453720093,3.01615118980408,-1.52673768997192,K,15
OUTPUT,NaN,NaN,NaN,NaN,NaN,NaN

INPUT,0.396964371204376,0.0545242726802826,0.777501225471497,-2.3469705581665,3.00769305229187,-1.49787795543671,K,16
OUTPUT,NaN,NaN,NaN,NaN,NaN,NaN

INPUT,0.401051193475723,0.0555669255554676,0.78539913892746,-2.36902785301208,3.00118970870972,-1.47544300556183,K,17
OUTPUT,NaN,NaN,NaN,NaN,NaN,NaN

INPUT,0.403970330953598,0.0563116781413555,0.791040420532227,-2.38479948043823,2.996586561203,-1.45942211151123,K,18
OUTPUT,NaN,NaN,NaN,NaN,NaN,NaN

INPUT,0.405721813440323,0.0567585304379463,0.794425249099731,-2.39426875114441,2.99384236335754,-1.44981074333191,K,19
OUTPUT,NaN,NaN,NaN,NaN,NaN,NaN

INPUT,0.406305640935898,0.05690748244524,0.795553505420685,-2.39742612838745,2.99293041229248,-1.44660711288452,K,20
OUTPUT,NaN,NaN,NaN,NaN,NaN,NaN

INPUT,0.36906224489212,0.0440659150481224,0.721034348011017,-2.32142305374146,3.06908011436462,-1.72434055805206,K,11
OUTPUT,NaN,NaN,NaN,NaN,NaN,NaN

INPUT,0.374965667724609,0.0451878793537617,0.732187390327454,-2.35570812225342,3.06093859672546,-1.68833386898041,K,12
OUTPUT,NaN,NaN,NaN,NaN,NaN,NaN

INPUT,0.380869090557098,0.0463098436594009,0.743340373039246,-2.39016175270081,3.05289626121521,-1.652472615242,K,13
OUTPUT,NaN,NaN,NaN,NaN,NaN,NaN

INPUT,0.386772483587265,0.0474318079650402,0.754493355751038,-2.42474412918091,3.04496359825134,-1.6167151927948,K,14
OUTPUT,NaN,NaN,NaN,NaN,NaN,NaN

INPUT,0.392675906419754,0.0485537722706795,0.765646398067474,-2.45942831039429,3.03715038299561,-1.58103287220001,K,15
OUTPUT,NaN,NaN,NaN,NaN,NaN,NaN

INPUT,0.397989004850388,0.0495635420084,0.775684118270874,-2.49071574211121,3.03022837638855,-1.5489661693573,K,16
OUTPUT,NaN,NaN,NaN,NaN,NaN,NaN

INPUT,0.402121394872665,0.0503489151597023,0.783491194248199,-2.51509022712708,3.02492141723633,-1.52404856681824,K,17
OUTPUT,NaN,NaN,NaN,NaN,NaN,NaN

INPUT,0.40507310628891,0.0509098991751671,0.789067685604095,-2.53252005577087,3.02117395401001,-1.50626027584076,K,18
OUTPUT,NaN,NaN,NaN,NaN,NaN,NaN

INPUT,0.406844109296799,0.051246490329504,0.792413592338562,-2.54298496246338,3.01894307136536,-1.4955906867981,K,19
OUTPUT,NaN,NaN,NaN,NaN,NaN,NaN

INPUT,0.407434463500977,0.0513586848974228,0.793528914451599,-2.54647421836853,3.01820254325867,-1.4920346736908,K,20
OUTPUT,NaN,NaN,NaN,NaN,NaN,NaN

INPUT,0.354938507080078,0.0274697728455067,0.733609080314636,0.991629183292389,3.12895345687866,1.30586421489716,K,12
OUTPUT,NaN,NaN,NaN,NaN,NaN,NaN

INPUT,0.358733236789703,0.0267264638096094,0.744912683963776,0.970284819602966,3.12755441665649,1.31765592098236,K,13
OUTPUT,NaN,NaN,NaN,NaN,NaN,NaN

INPUT,0.362527996301651,0.0259831547737122,0.75621634721756,0.949838221073151,3.1261613368988,1.33029091358185,K,14
OUTPUT,NaN,NaN,NaN,NaN,NaN,NaN

INPUT,0.366322755813599,0.0252398438751698,0.767520010471344,0.93008029460907,3.12477540969849,1.3435423374176,K,15
OUTPUT,NaN,NaN,NaN,NaN,NaN,NaN

INPUT,0.369738042354584,0.0245708636939526,0.777693271636963,0.912768661975861,3.12353515625,1.35586273670197,K,16
OUTPUT,NaN,NaN,NaN,NaN,NaN,NaN

INPUT,0.372394353151321,0.0240505468100309,0.785605847835541,0.899562180042267,3.12257552146912,1.36564493179321,K,17
OUTPUT,NaN,NaN,NaN,NaN,NaN,NaN

INPUT,0.374291747808456,0.0236788913607597,0.791257679462433,0.8902508020401,3.12189292907715,1.37271904945374,K,18
OUTPUT,NaN,NaN,NaN,NaN,NaN,NaN

INPUT,0.375430166721344,0.0234558992087841,0.794648766517639,0.884708821773529,3.12148475646973,1.37699341773987,K,19
OUTPUT,NaN,NaN,NaN,NaN,NaN,NaN

INPUT,0.375809639692307,0.0233815684914589,0.79577910900116,0.882868587970734,3.12134885787964,1.37842273712158,K,20
OUTPUT,NaN,NaN,NaN,NaN,NaN,NaN

INPUT,0.364940851926804,0.0400913283228874,0.721294403076172,-2.31797695159912,3.08206987380981,-1.77338933944702,K,11
OUTPUT,NaN,NaN,NaN,NaN,NaN,NaN

INPUT,0.370358049869537,0.0407452955842018,0.732480823993683,-2.34887433052063,3.07536768913269,-1.74019730091095,K,12
OUTPUT,NaN,NaN,NaN,NaN,NaN,NaN

INPUT,0.375775277614594,0.0413992665708065,0.743667185306549,-2.3799889087677,3.06873321533203,-1.7072080373764,K,13
OUTPUT,NaN,NaN,NaN,NaN,NaN,NaN

INPUT,0.38119250535965,0.0420532301068306,0.754853546619415,-2.41126656532288,3.06217360496521,-1.67436695098877,K,14
OUTPUT,NaN,NaN,NaN,NaN,NaN,NaN

INPUT,0.386609733104706,0.0427072010934353,0.766039907932281,-2.44267153739929,3.05569529533386,-1.64163589477539,K,15
OUTPUT,NaN,NaN,NaN,NaN,NaN,NaN

INPUT,0.391485214233398,0.0432957708835602,0.776107668876648,-2.47102284431458,3.04994034767151,-1.61225008964539,K,16
OUTPUT,NaN,NaN,NaN,NaN,NaN,NaN

INPUT,0.395277261734009,0.0437535494565964,0.783938109874725,-2.4931218624115,3.04551649093628,-1.5894318819046,K,17
OUTPUT,NaN,NaN,NaN,NaN,NaN,NaN

INPUT,0.397985875606537,0.0440805330872536,0.789531350135803,-2.50892925262451,3.04238629341125,-1.57314968109131,K,18
OUTPUT,NaN,NaN,NaN,NaN,NaN,NaN

INPUT,0.399611055850983,0.0442767217755318,0.792887210845947,-2.51842188835144,3.04052019119263,-1.56338632106781,K,19
OUTPUT,NaN,NaN,NaN,NaN,NaN,NaN

INPUT,0.400152772665024,0.0443421192467213,0.794005870819092,-2.52158737182617,3.03990030288696,-1.5601327419281,K,20
OUTPUT,NaN,NaN,NaN,NaN,NaN,NaN

INPUT,0.372178345918655,0.0588722936809063,0.718122243881226,-2.02761197090149,3.00326204299927,-1.82283818721771,K,11
OUTPUT,NaN,NaN,NaN,NaN,NaN,NaN

INPUT,0.378447860479355,0.0617360509932041,0.728933751583099,-2.03920483589172,2.98708820343018,-1.8102011680603,K,12
OUTPUT,NaN,NaN,NaN,NaN,NaN,NaN

INPUT,0.384717375040054,0.0645998120307922,0.739745199680328,-2.05090165138245,2.97095060348511,-1.79765820503235,K,13
OUTPUT,NaN,NaN,NaN,NaN,NaN,NaN

INPUT,0.390986889600754,0.0674635693430901,0.750556707382202,-2.06267309188843,2.95485830307007,-1.78518724441528,K,14
OUTPUT,NaN,NaN,NaN,NaN,NaN,NaN

INPUT,0.397256404161453,0.0703273266553879,0.761368215084076,-2.07449817657471,2.93882060050964,-1.77277433872223,K,15
OUTPUT,NaN,NaN,NaN,NaN,NaN,NaN

INPUT,0.402898967266083,0.0729047134518623,0.771098554134369,-2.0851731300354,2.92444014549255,-1.76164484024048,K,16
OUTPUT,NaN,NaN,NaN,NaN,NaN,NaN

INPUT,0.407287627458572,0.0749093443155289,0.7786665558815,-2.09349131584167,2.91329503059387,-1.75301349163055,K,17
OUTPUT,NaN,NaN,NaN,NaN,NaN,NaN

INPUT,0.410422384738922,0.0763412266969681,0.78407233953476,-2.09943842887878,2.90535712242126,-1.74686074256897,K,18
OUTPUT,NaN,NaN,NaN,NaN,NaN,NaN

INPUT,0.412303239107132,0.0772003456950188,0.787315726280212,-2.10300850868225,2.9006040096283,-1.74317395687103,K,19
OUTPUT,NaN,NaN,NaN,NaN,NaN,NaN

INPUT,0.412930190563202,0.0774867236614227,0.788396894931793,-2.10419869422913,2.89902138710022,-1.74194586277008,K,20
OUTPUT,NaN,NaN,NaN,NaN,NaN,NaN

INPUT,0.368564456701279,0.0404766984283924,0.722032904624939,-2.43632030487061,3.07979893684387,-1.90806043148041,K,11
OUTPUT,NaN,NaN,NaN,NaN,NaN,NaN

INPUT,0.374409317970276,0.0411763526499271,0.733303427696228,-2.46659827232361,3.07282686233521,-1.87616860866547,K,12
OUTPUT,NaN,NaN,NaN,NaN,NaN,NaN

INPUT,0.380254149436951,0.0418760105967522,0.744574010372162,-2.49703168869019,3.06592130661011,-1.84441745281219,K,13
OUTPUT,NaN,NaN,NaN,NaN,NaN,NaN

INPUT,0.386098980903625,0.0425756685435772,0.755844473838806,-2.52758264541626,3.05908870697021,-1.81276798248291,K,14
OUTPUT,NaN,NaN,NaN,NaN,NaN,NaN

INPUT,0.3919438123703,0.0432753227651119,0.76711505651474,-2.55822587013245,3.05233597755432,-1.78119313716888,K,15
OUTPUT,NaN,NaN,NaN,NaN,NaN,NaN

INPUT,0.39720419049263,0.0439050160348415,0.777258515357971,-2.5858690738678,3.04633188247681,-1.75282394886017,K,16
OUTPUT,NaN,NaN,NaN,NaN,NaN,NaN

INPUT,0.401295572519302,0.04439477622509,0.785147905349731,-2.6074047088623,3.04171347618103,-1.7307835817337,K,17
OUTPUT,NaN,NaN,NaN,NaN,NaN,NaN

INPUT,0.40421798825264,0.0447446033358574,0.790783166885376,-2.62280416488647,3.03844332695007,-1.71505129337311,K,18
OUTPUT,NaN,NaN,NaN,NaN,NaN,NaN

INPUT,0.405971437692642,0.0449545010924339,0.794164299964905,-2.63205003738403,3.0364933013916,-1.70561552047729,K,19
OUTPUT,NaN,NaN,NaN,NaN,NaN,NaN

INPUT,0.40655592083931,0.0450244657695293,0.795291364192963,-2.6351330280304,3.0358452796936,-1.70247077941895,K,20
OUTPUT,NaN,NaN,NaN,NaN,NaN,NaN

INPUT,0.378556847572327,0.0460659228265285,0.718732178211212,-2.41755938529968,3.00667953491211,-1.72729957103729,K,11
OUTPUT,NaN,NaN,NaN,NaN,NaN,NaN

INPUT,0.385576695203781,0.0474231578409672,0.729615390300751,-2.45783567428589,2.99165225028992,-1.68610656261444,K,12
OUTPUT,NaN,NaN,NaN,NaN,NaN,NaN

INPUT,0.392596483230591,0.0487803965806961,0.740498661994934,-2.49824047088623,2.97687292098999,-1.64495074748993,K,13
OUTPUT,NaN,NaN,NaN,NaN,NaN,NaN

INPUT,0.399616301059723,0.0501376315951347,0.751381874084473,-2.5387556552887,2.96236658096313,-1.60380697250366,K,14
OUTPUT,NaN,NaN,NaN,NaN,NaN,NaN

INPUT,0.406636118888855,0.0514948666095734,0.762265086174011,-2.57937002182007,2.948157787323,-1.56265699863434,K,15
OUTPUT,NaN,NaN,NaN,NaN,NaN,NaN

INPUT,0.412953972816467,0.0527163818478584,0.772060036659241,-2.61600208282471,2.93564414978027,-1.52560555934906,K,16
OUTPUT,NaN,NaN,NaN,NaN,NaN,NaN

INPUT,0.417867839336395,0.0536664463579655,0.779678285121918,-2.6445426940918,2.92610263824463,-1.49677193164825,K,17
OUTPUT,NaN,NaN,NaN,NaN,NaN,NaN

INPUT,0.421377748250961,0.0543450638651848,0.785119891166687,-2.66495418548584,2.91939473152161,-1.47616612911224,K,18
OUTPUT,NaN,NaN,NaN,NaN,NaN,NaN

INPUT,0.423483669757843,0.0547522343695164,0.788384854793549,-2.67721128463745,2.91541433334351,-1.46379816532135,K,19
OUTPUT,NaN,NaN,NaN,NaN,NaN,NaN

INPUT,0.424185663461685,0.0548879578709602,0.789473176002502,-2.68129849433899,2.91409492492676,-1.4596745967865,K,20
OUTPUT,NaN,NaN,NaN,NaN,NaN,NaN

INPUT,0.36603245139122,0.0421594642102718,0.722122013568878,-2.14216184616089,3.08760809898376,-1.70356595516205,K,11
OUTPUT,NaN,NaN,NaN,NaN,NaN,NaN

INPUT,0.371579378843307,0.0430570095777512,0.733403027057648,-2.16667509078979,3.08145785331726,-1.67647469043732,K,12
OUTPUT,NaN,NaN,NaN,NaN,NaN,NaN

INPUT,0.377126306295395,0.0439545512199402,0.744684100151062,-2.19143176078796,3.07534742355347,-1.64961731433868,K,13
OUTPUT,NaN,NaN,NaN,NaN,NaN,NaN

INPUT,0.382673233747482,0.0448520965874195,0.755965113639832,-2.21637034416199,3.06928110122681,-1.62293148040771,K,14
OUTPUT,NaN,NaN,NaN,NaN,NaN,NaN

INPUT,0.38822016119957,0.0457496382296085,0.767246127128601,-2.2414493560791,3.06326293945313,-1.59637475013733,K,15
OUTPUT,NaN,NaN,NaN,NaN,NaN,NaN

INPUT,0.393212407827377,0.0465574264526367,0.777399063110352,-2.26411604881287,3.05789089202881,-1.57255887985229,K,16
OUTPUT,NaN,NaN,NaN,NaN,NaN,NaN

INPUT,0.397095263004303,0.0471857078373432,0.785295784473419,-2.2817976474762,3.05374383926392,-1.55408036708832,K,17
OUTPUT,NaN,NaN,NaN,NaN,NaN,NaN

INPUT,0.399868726730347,0.0476344786584377,0.790936350822449,-2.29445171356201,3.05079913139343,-1.5409015417099,K,18
OUTPUT,NaN,NaN,NaN,NaN,NaN,NaN

INPUT,0.401532799005508,0.0479037426412106,0.794320642948151,-2.30205297470093,3.04903936386108,-1.53300142288208,K,19
OUTPUT,NaN,NaN,NaN,NaN,NaN,NaN

INPUT,0.402087479829788,0.0479934960603714,0.79544872045517,-2.30458807945251,3.04845404624939,-1.53036916255951,K,20
OUTPUT,NaN,NaN,NaN,NaN,NaN,NaN

INPUT,0.368894279003143,0.0459004379808903,0.717081546783447,-2.19043850898743,3.0540885925293,-1.66834044456482,K,4
OUTPUT,NaN,NaN,NaN,NaN,NaN,NaN

INPUT,0.378220438957214,0.0482829250395298,0.732617855072021,-2.2445981502533,3.03730344772339,-1.60854876041412,K,5
OUTPUT,NaN,NaN,NaN,NaN,NaN,NaN

INPUT,0.387546569108963,0.0506654120981693,0.748154103755951,-2.29958152770996,3.02085566520691,-1.54948222637177,K,6
OUTPUT,NaN,NaN,NaN,NaN,NaN,NaN

INPUT,0.394800245761871,0.0525184571743011,0.760237872600555,-2.34249496459961,3.00839829444885,-1.50409460067749,K,7
OUTPUT,NaN,NaN,NaN,NaN,NaN,NaN

INPUT,0.399981439113617,0.0538420602679253,0.76886910200119,-2.37307190895081,2.99972176551819,-1.47202432155609,K,8
OUTPUT,NaN,NaN,NaN,NaN,NaN,NaN

INPUT,0.403090178966522,0.054636225104332,0.7740478515625,-2.39134883880615,2.99461507797241,-1.45294010639191,K,9
OUTPUT,NaN,NaN,NaN,NaN,NaN,NaN

INPUT,0.369512796401978,0.0431281514465809,0.715723931789398,-2.31948757171631,3.06856179237366,-1.73846817016602,K,4
OUTPUT,NaN,NaN,NaN,NaN,NaN,NaN

INPUT,0.379011332988739,0.0449415370821953,0.731065511703491,-2.37840414047241,3.05471634864807,-1.67217826843262,K,5
OUTPUT,NaN,NaN,NaN,NaN,NaN,NaN

INPUT,0.388509839773178,0.0467549264431,0.746407091617584,-2.43836188316345,3.04121041297913,-1.60685539245605,K,6
OUTPUT,NaN,NaN,NaN,NaN,NaN,NaN

INPUT,0.395897567272186,0.0481653399765491,0.758339405059814,-2.48547148704529,3.03097438812256,-1.55646693706512,K,7
OUTPUT,NaN,NaN,NaN,NaN,NaN,NaN

INPUT,0.401174545288086,0.0491727776825428,0.766862511634827,-2.51931023597717,3.02382206916809,-1.52063119411469,K,8
OUTPUT,NaN,NaN,NaN,NaN,NaN,NaN

INPUT,0.404340714216232,0.0497772395610809,0.771976351737976,-2.53967618942261,3.01959872245789,-1.49917840957642,K,9
OUTPUT,NaN,NaN,NaN,NaN,NaN,NaN

INPUT,0.374171495437622,0.0403927862644196,0.731062591075897,-2.3704948425293,3.07021498680115,-1.72623825073242,K,5
OUTPUT,NaN,NaN,NaN,NaN,NaN,NaN

INPUT,0.382929861545563,0.041389849036932,0.746559321880341,-2.42422556877136,3.05905532836914,-1.6658251285553,K,6
OUTPUT,NaN,NaN,NaN,NaN,NaN,NaN

INPUT,0.38974192738533,0.0421653427183628,0.758612394332886,-2.46659421920776,3.05055904388428,-1.61937963962555,K,7
OUTPUT,NaN,NaN,NaN,NaN,NaN,NaN

INPUT,0.394607722759247,0.0427192710340023,0.767221689224243,-2.49708461761475,3.04459881782532,-1.58641064167023,K,8
OUTPUT,NaN,NaN,NaN,NaN,NaN,NaN

INPUT,0.397527158260345,0.0430516228079796,0.772387266159058,-2.51545333862305,3.04106903076172,-1.56669485569,K,9
OUTPUT,NaN,NaN,NaN,NaN,NaN,NaN

INPUT,0.372541040182114,0.0562385693192482,0.713194012641907,-2.01918530464172,3.00194120407104,-1.82329797744751,K,4
OUTPUT,NaN,NaN,NaN,NaN,NaN,NaN

INPUT,0.38258570432663,0.0607680901885033,0.727961540222168,-2.04185628890991,2.9745454788208,-1.80203604698181,K,5
OUTPUT,NaN,NaN,NaN,NaN,NaN,NaN

INPUT,0.392630368471146,0.0652976185083389,0.742729067802429,-2.06437993049622,2.94722986221313,-1.78052568435669,K,6
OUTPUT,NaN,NaN,NaN,NaN,NaN,NaN

INPUT,0.400442868471146,0.0688205808401108,0.754214882850647,-2.08183073997498,2.92607188224792,-1.7636855840683,K,7
OUTPUT,NaN,NaN,NaN,NaN,NaN,NaN

INPUT,0.406023234128952,0.0713369771838188,0.762419044971466,-2.09426641464233,2.91102004051208,-1.75161731243134,K,8
OUTPUT,NaN,NaN,NaN,NaN,NaN,NaN

INPUT,0.409371465444565,0.0728468224406242,0.767341554164886,-2.10171699523926,2.90201735496521,-1.74436485767365,K,9
OUTPUT,NaN,NaN,NaN,NaN,NaN,NaN

INPUT,0.369120806455612,0.0398185178637505,0.716726005077362,-2.43209719657898,3.07950520515442,-1.91862225532532,K,4
OUTPUT,NaN,NaN,NaN,NaN,NaN,NaN

INPUT,0.378541469573975,0.0409254990518093,0.732258200645447,-2.48531746864319,3.06754302978516,-1.86038541793823,K,5
OUTPUT,NaN,NaN,NaN,NaN,NaN,NaN

INPUT,0.387962102890015,0.0420324802398682,0.747790336608887,-2.53925490379333,3.05581021308899,-1.80281662940979,K,6
OUTPUT,NaN,NaN,NaN,NaN,NaN,NaN

INPUT,0.395289272069931,0.0428934693336487,0.759870886802673,-2.58131504058838,3.04691219329834,-1.75855803489685,K,7
OUTPUT,NaN,NaN,NaN,NaN,NaN,NaN

INPUT,0.400522947311401,0.0435084588825703,0.768499910831451,-2.61127376556396,3.04070734977722,-1.7272732257843,K,8
OUTPUT,NaN,NaN,NaN,NaN,NaN,NaN

INPUT,0.403663158416748,0.0438774526119232,0.773677289485931,-2.62917947769165,3.03705191612244,-1.70865142345428,K,9
OUTPUT,NaN,NaN,NaN,NaN,NaN,NaN

INPUT,0.378855735063553,0.0445028729736805,0.714967787265778,-2.40464377403259,3.00571179389954,-1.73453867435455,K,4
OUTPUT,NaN,NaN,NaN,NaN,NaN,NaN

INPUT,0.389785051345825,0.0467214584350586,0.729532122612,-2.47775793075562,2.98016691207886,-1.66209995746613,K,5
OUTPUT,NaN,NaN,NaN,NaN,NaN,NaN

INPUT,0.40071439743042,0.0489400513470173,0.744096398353577,-2.55092883110046,2.95547485351563,-1.58942234516144,K,6
OUTPUT,NaN,NaN,NaN,NaN,NaN,NaN

INPUT,0.409214973449707,0.0506656169891357,0.755424201488495,-2.60791230201721,2.93694496154785,-1.53274178504944,K,7
OUTPUT,NaN,NaN,NaN,NaN,NaN,NaN

INPUT,0.415286839008331,0.0518981665372849,0.763515472412109,-2.64866423606873,2.92410826683044,-1.49217545986176,K,8
OUTPUT,NaN,NaN,NaN,NaN,NaN,NaN

INPUT,0.41892996430397,0.0526376962661743,0.76837021112442,-2.67313718795776,2.91657614707947,-1.46780383586884,K,9
OUTPUT,NaN,NaN,NaN,NaN,NaN,NaN

INPUT,0.366679012775421,0.041334830224514,0.716479003429413,-2.14528703689575,3.08694338798523,-1.71902310848236,K,4
OUTPUT,NaN,NaN,NaN,NaN,NaN,NaN

INPUT,0.375722110271454,0.042731761932373,0.732111573219299,-2.18587470054626,3.07651090621948,-1.66722619533539,K,5
OUTPUT,NaN,NaN,NaN,NaN,NaN,NaN

INPUT,0.384765207767487,0.0441286936402321,0.747744143009186,-2.22801852226257,3.0662157535553,-1.61695420742035,K,6
OUTPUT,NaN,NaN,NaN,NaN,NaN,NaN

INPUT,0.391798704862595,0.04521519318223,0.759902834892273,-2.26137971878052,3.05834579467773,-1.57866704463959,K,7
OUTPUT,NaN,NaN,NaN,NaN,NaN,NaN

INPUT,0.396822661161423,0.0459912680089474,0.768587589263916,-2.28536415100098,3.05281567573547,-1.55170881748199,K,8
OUTPUT,NaN,NaN,NaN,NaN,NaN,NaN

INPUT,0.399837017059326,0.0464569106698036,0.77379846572876,-2.29978108406067,3.04953908920288,-1.53568530082703,K,9
OUTPUT,NaN,NaN,NaN,NaN,NaN,NaN

INPUT,0.360808342695236,0.0269253849983215,0.737760663032532,1.01013040542603,3.12775611877441,1.35839521884918,K,5
OUTPUT,NaN,NaN,NaN,NaN,NaN,NaN

INPUT,0.366301357746124,0.0257622078061104,0.751448750495911,0.959336400032043,3.12544107437134,1.36070823669434,K,6
OUTPUT,NaN,NaN,NaN,NaN,NaN,NaN

INPUT,0.370573669672012,0.0248575154691935,0.762095034122467,0.924188792705536,3.12364530563354,1.36681878566742,K,7
OUTPUT,NaN,NaN,NaN,NaN,NaN,NaN

INPUT,0.373625338077545,0.0242113079875708,0.769699573516846,0.900778651237488,3.12236738204956,1.37283182144165,K,8
OUTPUT,NaN,NaN,NaN,NaN,NaN,NaN

INPUT,0.375456362962723,0.023823581635952,0.774262309074402,0.887284576892853,3.12160325050354,1.37696707248688,K,9
OUTPUT,NaN,NaN,NaN,NaN,NaN,NaN

INPUT,0.360620468854904,0.0486058816313744,0.720876514911652,-2.04781794548035,3.06095457077026,-1.69285356998444,K,11
OUTPUT,NaN,NaN,NaN,NaN,NaN,NaN

INPUT,0.365530073642731,0.0502617843449116,0.732011914253235,-2.06777405738831,3.05166268348694,-1.67102038860321,K,12
OUTPUT,NaN,NaN,NaN,NaN,NaN,NaN

INPUT,0.370439678430557,0.0519176870584488,0.743147373199463,-2.08791446685791,3.04241013526917,-1.64935386180878,K,13
OUTPUT,NaN,NaN,NaN,NaN,NaN,NaN

INPUT,0.375349283218384,0.0535735860466957,0.754282772541046,-2.10819411277771,3.03320074081421,-1.6278076171875,K,14
OUTPUT,NaN,NaN,NaN,NaN,NaN,NaN

INPUT,0.38025888800621,0.0552294887602329,0.765418171882629,-2.12858319282532,3.02403855323792,-1.60634982585907,K,15
OUTPUT,NaN,NaN,NaN,NaN,NaN,NaN

INPUT,0.384677529335022,0.0567197985947132,0.775440096855164,-2.14700937271118,3.01583647727966,-1.58709442615509,K,16
OUTPUT,NaN,NaN,NaN,NaN,NaN,NaN

INPUT,0.388114243745804,0.0578789301216602,0.783234894275665,-2.16138291358948,3.00948762893677,-1.57214689254761,K,17
OUTPUT,NaN,NaN,NaN,NaN,NaN,NaN

INPUT,0.390569031238556,0.058706883341074,0.788802623748779,-2.17166972160339,3.00497007369995,-1.56148266792297,K,18
OUTPUT,NaN,NaN,NaN,NaN,NaN,NaN

INPUT,0.392041921615601,0.0592036545276642,0.792143225669861,-2.17784929275513,3.00226664543152,-1.55508840084076,K,19
OUTPUT,NaN,NaN,NaN,NaN,NaN,NaN

INPUT,0.392532885074615,0.0593692436814308,0.793256759643555,-2.17991042137146,3.00136661529541,-1.55295765399933,K,20
OUTPUT,NaN,NaN,NaN,NaN,NaN,NaN

INPUT,0.362791299819946,0.0644216537475586,0.717953979969025,-1.74205577373505,2.99106431007385,-1.38611054420471,K,11
OUTPUT,NaN,NaN,NaN,NaN,NaN,NaN

INPUT,0.367956310510635,0.0679382234811783,0.728745698928833,-1.76245296001434,2.97362470626831,-1.36446917057037,K,12
OUTPUT,NaN,NaN,NaN,NaN,NaN,NaN

INPUT,0.373121321201324,0.0714547857642174,0.739537417888641,-1.78299760818481,2.95625901222229,-1.34291362762451,K,13
OUTPUT,NaN,NaN,NaN,NaN,NaN,NaN

INPUT,0.378286361694336,0.0749713405966759,0.750329196453094,-1.80366218090057,2.9389750957489,-1.32141053676605,K,14
OUTPUT,NaN,NaN,NaN,NaN,NaN,NaN

INPUT,0.383451372385025,0.078487902879715,0.761120915412903,-1.82442939281464,2.92178082466125,-1.29993581771851,K,15
OUTPUT,NaN,NaN,NaN,NaN,NaN,NaN

INPUT,0.388099879026413,0.0816528126597404,0.770833492279053,-1.84319806098938,2.90638899803162,-1.28061842918396,K,16
OUTPUT,NaN,NaN,NaN,NaN,NaN,NaN

INPUT,0.391715407371521,0.0841144025325775,0.778387665748596,-1.85784304141998,2.89447569847107,-1.26559352874756,K,17
OUTPUT,NaN,NaN,NaN,NaN,NaN,NaN

INPUT,0.394297897815704,0.0858726873993874,0.783783555030823,-1.86832797527313,2.88599920272827,-1.2548588514328,K,18
OUTPUT,NaN,NaN,NaN,NaN,NaN,NaN

INPUT,0.395847409963608,0.0869276598095894,0.787021040916443,-1.87462818622589,2.88092684745789,-1.24841642379761,K,19
OUTPUT,NaN,NaN,NaN,NaN,NaN,NaN

INPUT,0.396363914012909,0.087279312312603,0.788100242614746,-1.87672984600067,2.87923836708069,-1.24626863002777,K,20
OUTPUT,NaN,NaN,NaN,NaN,NaN,NaN

INPUT,0.371527433395386,0.0456596687436104,0.720763504505157,-2.22241115570068,3.03870534896851,-1.63316512107849,K,11
OUTPUT,NaN,NaN,NaN,NaN,NaN,NaN

INPUT,0.377720475196838,0.0469689704477787,0.73188579082489,-2.25642013549805,3.02709984779358,-1.59773242473602,K,12
OUTPUT,NaN,NaN,NaN,NaN,NaN,NaN

INPUT,0.383913516998291,0.048278272151947,0.743008077144623,-2.29058218002319,3.01563215255737,-1.56240713596344,K,13
OUTPUT,NaN,NaN,NaN,NaN,NaN,NaN

INPUT,0.390106558799744,0.0495875738561153,0.754130303859711,-2.32486581802368,3.00431632995605,-1.52715337276459,K,14
OUTPUT,NaN,NaN,NaN,NaN,NaN,NaN

INPUT,0.396299600601196,0.0508968755602837,0.765252590179443,-2.35924959182739,2.99316596984863,-1.49194598197937,K,15
OUTPUT,NaN,NaN,NaN,NaN,NaN,NaN

INPUT,0.401873350143433,0.0520752482116222,0.775262653827667,-2.39026856422424,2.98328328132629,-1.46028411388397,K,16
OUTPUT,NaN,NaN,NaN,NaN,NaN,NaN

INPUT,0.406208485364914,0.052991759032011,0.783048212528229,-2.41443753242493,2.9757034778595,-1.43566763401031,K,17
OUTPUT,NaN,NaN,NaN,NaN,NaN,NaN

INPUT,0.40930500626564,0.05364640802145,0.788609385490417,-2.43172240257263,2.97034931182861,-1.41808712482452,K,18
OUTPUT,NaN,NaN,NaN,NaN,NaN,NaN

INPUT,0.411162912845612,0.0540391989052296,0.791946053504944,-2.44210147857666,2.96716141700745,-1.40753936767578,K,19
OUTPUT,NaN,NaN,NaN,NaN,NaN,NaN

INPUT,0.411782205104828,0.0541701279580593,0.793058276176453,-2.4455623626709,2.96610307693481,-1.40402352809906,K,20
OUTPUT,NaN,NaN,NaN,NaN,NaN,NaN

INPUT,0.367475956678391,0.0406228750944138,0.720650672912598,-2.28805232048035,3.06846356391907,-1.90687930583954,K,11
OUTPUT,NaN,NaN,NaN,NaN,NaN,NaN

INPUT,0.37319228053093,0.0413396060466766,0.731759786605835,-2.30967593193054,3.06007838249207,-1.88363659381866,K,12
OUTPUT,NaN,NaN,NaN,NaN,NaN,NaN

INPUT,0.378908574581146,0.0420563407242298,0.742868900299072,-2.33145809173584,3.05173373222351,-1.86053693294525,K,13
OUTPUT,NaN,NaN,NaN,NaN,NaN,NaN

INPUT,0.384624868631363,0.042773075401783,0.753977954387665,-2.35335993766785,3.04343461990356,-1.8375403881073,K,14
OUTPUT,NaN,NaN,NaN,NaN,NaN,NaN

INPUT,0.390341192483902,0.0434898100793362,0.765087068080902,-2.37535619735718,3.03518462181091,-1.81461989879608,K,15
OUTPUT,NaN,NaN,NaN,NaN,NaN,NaN

INPUT,0.3954858481884,0.0441348701715469,0.775085270404816,-2.39521813392639,3.02780556678772,-1.79404008388519,K,16
OUTPUT,NaN,NaN,NaN,NaN,NaN,NaN

INPUT,0.399487286806107,0.0446365848183632,0.782861590385437,-2.41070294380188,3.02209806442261,-1.77805829048157,K,17
OUTPUT,NaN,NaN,NaN,NaN,NaN,NaN

INPUT,0.402345418930054,0.0449949502944946,0.788416147232056,-2.42178058624268,3.01803922653198,-1.76665341854095,K,18
OUTPUT,NaN,NaN,NaN,NaN,NaN,NaN

INPUT,0.404060304164886,0.0452099740505219,0.791748881340027,-2.4284336566925,3.01561141014099,-1.75981414318085,K,19
OUTPUT,NaN,NaN,NaN,NaN,NaN,NaN

INPUT,0.404631942510605,0.045281644910574,0.792859792709351,-2.43065237998962,3.01480340957642,-1.75753498077393,K,20
OUTPUT,NaN,NaN,NaN,NaN,NaN,NaN

INPUT,0.368997991085052,0.0498226955533028,0.730417251586914,-2.08228826522827,3.04445028305054,-1.66311538219452,K,5
OUTPUT,NaN,NaN,NaN,NaN,NaN,NaN

INPUT,0.376894772052765,0.0524341128766537,0.745910167694092,-2.1169638633728,3.02874493598938,-1.6228061914444,K,6
OUTPUT,NaN,NaN,NaN,NaN,NaN,NaN

INPUT,0.383036732673645,0.0544652156531811,0.757960200309753,-2.14437699317932,3.01666665077209,-1.59199297428131,K,7
OUTPUT,NaN,NaN,NaN,NaN,NaN,NaN

INPUT,0.38742384314537,0.055916003882885,0.766567349433899,-2.16409277915955,3.00813126564026,-1.57022976875305,K,8
OUTPUT,NaN,NaN,NaN,NaN,NaN,NaN

INPUT,0.390056133270264,0.0567864738404751,0.771731615066528,-2.17595362663269,3.00305223464966,-1.55726432800293,K,9
OUTPUT,NaN,NaN,NaN,NaN,NaN,NaN

INPUT,0.37160187959671,0.0669578686356544,0.727137088775635,-1.780033826828,2.96030282974243,-1.36083352565765,K,5
OUTPUT,NaN,NaN,NaN,NaN,NaN,NaN

INPUT,0.379953801631927,0.0724929422140121,0.742130160331726,-1.81407272815704,2.93073534965515,-1.31875467300415,K,6
OUTPUT,NaN,NaN,NaN,NaN,NaN,NaN

INPUT,0.386449724435806,0.0767979994416237,0.753791451454163,-1.84125220775604,2.90800642967224,-1.28673028945923,K,7
OUTPUT,NaN,NaN,NaN,NaN,NaN,NaN

INPUT,0.391089677810669,0.0798730403184891,0.7621209025383,-1.86090767383575,2.89195394515991,-1.26416027545929,K,8
OUTPUT,NaN,NaN,NaN,NaN,NaN,NaN

INPUT,0.393873661756516,0.0817180648446083,0.767118632793427,-1.87276780605316,2.88240599632263,-1.25072836875916,K,9
OUTPUT,NaN,NaN,NaN,NaN,NaN,NaN

INPUT,0.371892154216766,0.0442165657877922,0.715853929519653,-2.21749448776245,3.03771734237671,-1.64515042304993,K,4
OUTPUT,NaN,NaN,NaN,NaN,NaN,NaN

INPUT,0.381742000579834,0.0462586916983128,0.731077551841736,-2.27700781822205,3.01804184913635,-1.58068740367889,K,5
OUTPUT,NaN,NaN,NaN,NaN,NaN,NaN

INPUT,0.391591817140579,0.0483008176088333,0.746301174163818,-2.33726906776428,2.99883985519409,-1.51682305335999,K,6
OUTPUT,NaN,NaN,NaN,NaN,NaN,NaN

INPUT,0.39925280213356,0.0498891398310661,0.758141815662384,-2.38449645042419,2.98428010940552,-1.46739315986633,K,7
OUTPUT,NaN,NaN,NaN,NaN,NaN,NaN

INPUT,0.404724925756454,0.0510236546397209,0.766599357128143,-2.41837954521179,2.97410249710083,-1.43216872215271,K,8
OUTPUT,NaN,NaN,NaN,NaN,NaN,NaN

INPUT,0.408008188009262,0.0517043620347977,0.771673917770386,-2.43876075744629,2.96809077262878,-1.411057472229,K,9
OUTPUT,NaN,NaN,NaN,NaN,NaN,NaN

INPUT,0.367877513170242,0.0396948978304863,0.715128839015961,-2.28264117240906,3.06800055503845,-1.91257727146149,K,4
OUTPUT,NaN,NaN,NaN,NaN,NaN,NaN

INPUT,0.377099335193634,0.0407369025051594,0.730453073978424,-2.32147264480591,3.05366563796997,-1.87104594707489,K,5
OUTPUT,NaN,NaN,NaN,NaN,NaN,NaN

INPUT,0.386321187019348,0.0417789071798325,0.745777308940887,-2.36070609092712,3.03947257995605,-1.82986617088318,K,6
OUTPUT,NaN,NaN,NaN,NaN,NaN,NaN

INPUT,0.393493741750717,0.0425893552601337,0.757696092128754,-2.39132499694824,3.0285758972168,-1.79807257652283,K,7
OUTPUT,NaN,NaN,NaN,NaN,NaN,NaN

INPUT,0.398616999387741,0.0431682467460632,0.766209542751312,-2.41318917274475,3.02088809013367,-1.77550089359283,K,8
OUTPUT,NaN,NaN,NaN,NaN,NaN,NaN

INPUT,0.401690930128098,0.0435155816376209,0.771317660808563,-2.42628979682922,3.01631879806519,-1.76201844215393,K,9
OUTPUT,NaN,NaN,NaN,NaN,NaN,NaN

INPUT,0.363828331232071,0.056476753205061,0.719976186752319,-1.89074492454529,3.01888871192932,-1.66326761245728,K,11
OUTPUT,NaN,NaN,NaN,NaN,NaN,NaN

INPUT,0.369115322828293,0.0590586848556995,0.731005787849426,-1.90352869033813,3.0045485496521,-1.64914619922638,K,12
OUTPUT,NaN,NaN,NaN,NaN,NaN,NaN

INPUT,0.374402284622192,0.0616406165063381,0.742035388946533,-1.91644012928009,2.99024605751038,-1.63515090942383,K,13
OUTPUT,NaN,NaN,NaN,NaN,NaN,NaN

INPUT,0.379689246416092,0.064222551882267,0.75306499004364,-1.92944121360779,2.97599077224731,-1.62125372886658,K,14
OUTPUT,NaN,NaN,NaN,NaN,NaN,NaN

INPUT,0.384976238012314,0.0668044835329056,0.764094591140747,-1.94250500202179,2.96179127693176,-1.60743689537048,K,15
OUTPUT,NaN,NaN,NaN,NaN,NaN,NaN

INPUT,0.389734506607056,0.0691282227635384,0.774021208286285,-1.95429849624634,2.94906735420227,-1.59506142139435,K,16
OUTPUT,NaN,NaN,NaN,NaN,NaN,NaN

INPUT,0.393435388803482,0.0709355697035789,0.781741917133331,-1.96348690986633,2.93921113014221,-1.58547151088715,K,17
OUTPUT,NaN,NaN,NaN,NaN,NaN,NaN

INPUT,0.396078884601593,0.0722265392541885,0.787256717681885,-1.97005546092987,2.93219447135925,-1.57863974571228,K,18
OUTPUT,NaN,NaN,NaN,NaN,NaN,NaN

INPUT,0.397664964199066,0.0730011165142059,0.790565609931946,-1.97399795055389,2.92799425125122,-1.57454776763916,K,19
OUTPUT,NaN,NaN,NaN,NaN,NaN,NaN

INPUT,0.398193657398224,0.0732593089342117,0.79166853427887,-1.97531235218048,2.92659592628479,-1.57318484783173,K,20
OUTPUT,NaN,NaN,NaN,NaN,NaN,NaN

INPUT,0.364808708429337,0.0432967655360699,0.72165846824646,-1.98551869392395,3.09372210502625,-1.65513706207275,K,11
OUTPUT,NaN,NaN,NaN,NaN,NaN,NaN

INPUT,0.3702113032341,0.0443280227482319,0.732886075973511,-2.00338077545166,3.08819317817688,-1.63392341136932,K,12
OUTPUT,NaN,NaN,NaN,NaN,NaN,NaN

INPUT,0.375613927841187,0.0453592799603939,0.744113624095917,-2.02153134346008,3.08269286155701,-1.6130530834198,K,13
OUTPUT,NaN,NaN,NaN,NaN,NaN,NaN

INPUT,0.38101652264595,0.0463905371725559,0.755341172218323,-2.0398736000061,3.07722783088684,-1.59245932102203,K,14
OUTPUT,NaN,NaN,NaN,NaN,NaN,NaN

INPUT,0.386419147253036,0.0474217943847179,0.766568779945374,-2.05833768844604,3.07180380821228,-1.57210087776184,K,15
OUTPUT,NaN,NaN,NaN,NaN,NaN,NaN

INPUT,0.391281485557556,0.0483499243855476,0.776673555374146,-2.0750150680542,3.06696224212646,-1.5539585351944,K,16
OUTPUT,NaN,NaN,NaN,NaN,NaN,NaN

INPUT,0.395063310861588,0.0490718074142933,0.784532904624939,-2.08800387382507,3.06322550773621,-1.53995835781097,K,17
OUTPUT,NaN,NaN,NaN,NaN,NaN,NaN

INPUT,0.397764623165131,0.0495874360203743,0.79014664888382,-2.09728336334229,3.0605731010437,-1.53001546859741,K,18
OUTPUT,NaN,NaN,NaN,NaN,NaN,NaN

INPUT,0.399385392665863,0.049896813929081,0.793514907360077,-2.10284972190857,3.05898880958557,-1.52407228946686,K,19
OUTPUT,NaN,NaN,NaN,NaN,NaN,NaN

INPUT,0.399925649166107,0.049999937415123,0.794637680053711,-2.10470485687256,3.05846166610718,-1.52209484577179,K,20
OUTPUT,NaN,NaN,NaN,NaN,NaN,NaN

INPUT,0.371055990457535,0.0423546247184277,0.721469402313232,-2.44170928001404,3.06126403808594,-1.88492774963379,K,11
OUTPUT,NaN,NaN,NaN,NaN,NaN,NaN

INPUT,0.377193778753281,0.0432752557098866,0.732673704624176,-2.47385740280151,3.05220055580139,-1.85151469707489,K,12
OUTPUT,NaN,NaN,NaN,NaN,NaN,NaN

INPUT,0.383331567049026,0.0441958867013454,0.74387800693512,-2.50613451004028,3.04323291778564,-1.81820452213287,K,13
OUTPUT,NaN,NaN,NaN,NaN,NaN,NaN

INPUT,0.389469385147095,0.0451165214180946,0.755082249641418,-2.53851222991943,3.03437089920044,-1.78496563434601,K,14
OUTPUT,NaN,NaN,NaN,NaN,NaN,NaN

INPUT,0.395607173442841,0.0460371524095535,0.766286551952362,-2.57097053527832,3.02562403678894,-1.75177669525146,K,15
OUTPUT,NaN,NaN,NaN,NaN,NaN,NaN

INPUT,0.401131182909012,0.0468657240271568,0.776370406150818,-2.60024094581604,3.01785826683044,-1.7219363451004,K,16
OUTPUT,NaN,NaN,NaN,NaN,NaN,NaN

INPUT,0.405427664518356,0.0475101657211781,0.784213423728943,-2.62303972244263,3.01189255714417,-1.6987407207489,K,17
OUTPUT,NaN,NaN,NaN,NaN,NaN,NaN

INPUT,0.408496558666229,0.0479704812169075,0.789815604686737,-2.63934111595154,3.00767278671265,-1.68217790126801,K,18
OUTPUT,NaN,NaN,NaN,NaN,NaN,NaN

INPUT,0.410337895154953,0.0482466705143452,0.793176829814911,-2.6491277217865,3.00515842437744,-1.67224180698395,K,19
OUTPUT,NaN,NaN,NaN,NaN,NaN,NaN

INPUT,0.410951673984528,0.0483387336134911,0.794297277927399,-2.65239119529724,3.00432300567627,-1.66892993450165,K,20
OUTPUT,NaN,NaN,NaN,NaN,NaN,NaN

INPUT,0.360788762569427,0.0380001440644264,0.723072111606598,-1.91648638248444,3.12724161148071,-1.38200676441193,K,11
OUTPUT,NaN,NaN,NaN,NaN,NaN,NaN

INPUT,0.365718603134155,0.0384083911776543,0.734465062618256,-1.94183421134949,3.12565732002258,-1.34449636936188,K,12
OUTPUT,NaN,NaN,NaN,NaN,NaN,NaN

INPUT,0.370648413896561,0.0388166420161724,0.745858013629913,-1.96827781200409,3.12408828735352,-1.30808126926422,K,13
OUTPUT,NaN,NaN,NaN,NaN,NaN,NaN

INPUT,0.375578194856644,0.0392248891294003,0.757250905036926,-1.99553847312927,3.12253618240356,-1.27248227596283,K,14
OUTPUT,NaN,NaN,NaN,NaN,NaN,NaN

INPUT,0.380508005619049,0.0396331362426281,0.768643856048584,-2.02342438697815,3.12100267410278,-1.23750758171082,K,15
OUTPUT,NaN,NaN,NaN,NaN,NaN,NaN

INPUT,0.38494485616684,0.0400005616247654,0.77889746427536,-2.04894304275513,3.11963963508606,-1.20645070075989,K,16
OUTPUT,NaN,NaN,NaN,NaN,NaN,NaN

INPUT,0.388395726680756,0.0402863323688507,0.786872506141663,-2.06901669502258,3.11859130859375,-1.18252086639404,K,17
OUTPUT,NaN,NaN,NaN,NaN,NaN,NaN

INPUT,0.390860617160797,0.0404904596507549,0.792568981647491,-2.08345913887024,3.11784934997559,-1.16553163528442,K,18
OUTPUT,NaN,NaN,NaN,NaN,NaN,NaN

INPUT,0.392339557409286,0.0406129322946072,0.795986890792847,-2.0921618938446,3.11740708351135,-1.15537548065186,K,19
OUTPUT,NaN,NaN,NaN,NaN,NaN,NaN

INPUT,0.392832547426224,0.040653757750988,0.797126173973083,-2.09506869316101,3.11725997924805,-1.15199589729309,K,20
OUTPUT,NaN,NaN,NaN,NaN,NaN,NaN

INPUT,0.360610842704773,0.0330681875348091,0.734012544155121,-2.06512665748596,3.12568926811218,-1.49151539802551,K,12
OUTPUT,NaN,NaN,NaN,NaN,NaN,NaN

INPUT,0.36501744389534,0.0329113863408566,0.745352327823639,-2.09116625785828,3.12412738800049,-1.45718288421631,K,13
OUTPUT,NaN,NaN,NaN,NaN,NaN,NaN

INPUT,0.369424015283585,0.032754585146904,0.756692171096802,-2.11788415908813,3.12258124351501,-1.42352783679962,K,14
OUTPUT,NaN,NaN,NaN,NaN,NaN,NaN

INPUT,0.373830616474152,0.0325977839529514,0.76803195476532,-2.14512181282043,3.12105226516724,-1.39039158821106,K,15
OUTPUT,NaN,NaN,NaN,NaN,NaN,NaN

INPUT,0.377796560525894,0.0324566625058651,0.778237760066986,-2.16998600959778,3.11969184875488,-1.36091864109039,K,16
OUTPUT,NaN,NaN,NaN,NaN,NaN,NaN

INPUT,0.380881190299988,0.0323469042778015,0.786175668239594,-2.18951320648193,3.11864495277405,-1.33818292617798,K,17
OUTPUT,NaN,NaN,NaN,NaN,NaN,NaN

INPUT,0.383084505796432,0.0322685018181801,0.791845560073853,-2.20354771614075,3.11790347099304,-1.3220294713974,K,18
OUTPUT,NaN,NaN,NaN,NaN,NaN,NaN

INPUT,0.384406477212906,0.0322214625775814,0.795247495174408,-2.2119996547699,3.11746096611023,-1.31236851215363,K,19
OUTPUT,NaN,NaN,NaN,NaN,NaN,NaN

INPUT,0.38484713435173,0.0322057828307152,0.79638147354126,-2.21482181549072,3.11731386184692,-1.30915307998657,K,20
OUTPUT,NaN,NaN,NaN,NaN,NaN,NaN

INPUT,0.372852504253387,0.0581479296088219,0.72963273525238,-1.91153109073639,2.99353885650635,-1.64446830749512,K,5
OUTPUT,NaN,NaN,NaN,NaN,NaN,NaN

INPUT,0.38137075304985,0.0621759183704853,0.744931399822235,-1.93414783477783,2.96930694580078,-1.61847531795502,K,6
OUTPUT,NaN,NaN,NaN,NaN,NaN,NaN

INPUT,0.387996077537537,0.0653087943792343,0.756830334663391,-1.95204651355743,2.95055150985718,-1.59854257106781,K,7
OUTPUT,NaN,NaN,NaN,NaN,NaN,NaN

INPUT,0.392728447914124,0.0675465688109398,0.765329599380493,-1.9649441242218,2.9372181892395,-1.58442163467407,K,8
OUTPUT,NaN,NaN,NaN,NaN,NaN,NaN

INPUT,0.395567864179611,0.0688892304897308,0.770429134368896,-1.9727166891098,2.92924761772156,-1.5759893655777,K,9
OUTPUT,NaN,NaN,NaN,NaN,NaN,NaN

INPUT,0.374392718076706,0.0440655648708344,0.731401562690735,-2.02090215682983,3.08380389213562,-1.63087785243988,K,5
OUTPUT,NaN,NaN,NaN,NaN,NaN,NaN

INPUT,0.383280336856842,0.0456872917711735,0.746991455554962,-2.05005240440369,3.07458281517029,-1.59052670001984,K,6
OUTPUT,NaN,NaN,NaN,NaN,NaN,NaN

INPUT,0.390192896127701,0.0469486340880394,0.759116888046265,-2.07364320755005,3.06747961044312,-1.56015539169312,K,7
OUTPUT,NaN,NaN,NaN,NaN,NaN,NaN

INPUT,0.395130455493927,0.0478495918214321,0.767777979373932,-2.09082126617432,3.06245183944702,-1.53888750076294,K,8
OUTPUT,NaN,NaN,NaN,NaN,NaN,NaN

INPUT,0.398093014955521,0.0483901649713516,0.77297455072403,-2.10122418403625,3.05945634841919,-1.52627563476563,K,9
OUTPUT,NaN,NaN,NaN,NaN,NaN,NaN

INPUT,0.371529072523117,0.0414764322340488,0.716517090797424,-2.43491625785828,3.0609130859375,-1.89329099655151,K,4
OUTPUT,NaN,NaN,NaN,NaN,NaN,NaN

INPUT,0.381325006484985,0.0429524928331375,0.731861650943756,-2.49201941490173,3.04543566703796,-1.83356654644012,K,5
OUTPUT,NaN,NaN,NaN,NaN,NaN,NaN

INPUT,0.391120910644531,0.0444285534322262,0.747206211090088,-2.54952621459961,3.03028583526611,-1.77415931224823,K,6
OUTPUT,NaN,NaN,NaN,NaN,NaN,NaN

INPUT,0.398739963769913,0.045576598495245,0.759140849113464,-2.59444737434387,3.01876258850098,-1.72808063030243,K,7
OUTPUT,NaN,NaN,NaN,NaN,NaN,NaN

INPUT,0.40418216586113,0.0463966317474842,0.76766562461853,-2.62661528587341,3.01068568229675,-1.69520950317383,K,8
OUTPUT,NaN,NaN,NaN,NaN,NaN,NaN

INPUT,0.407447457313538,0.0468886531889439,0.772780478000641,-2.64594388008118,3.00590515136719,-1.67549872398376,K,9
OUTPUT,NaN,NaN,NaN,NaN,NaN,NaN

INPUT,0.369858503341675,0.0384098403155804,0.732858061790466,-1.9942626953125,3.12411308288574,-1.36139667034149,K,5
OUTPUT,NaN,NaN,NaN,NaN,NaN,NaN

INPUT,0.378041476011276,0.0390660017728806,0.748796701431274,-2.02648568153381,3.12157869338989,-1.28116178512573,K,6
OUTPUT,NaN,NaN,NaN,NaN,NaN,NaN

INPUT,0.384406000375748,0.0395763479173183,0.761193454265594,-2.05519199371338,3.11965417861938,-1.22285234928131,K,7
OUTPUT,NaN,NaN,NaN,NaN,NaN,NaN

INPUT,0.388952106237411,0.039940882474184,0.770048320293427,-2.07702302932739,3.11831188201904,-1.18296980857849,K,8
OUTPUT,NaN,NaN,NaN,NaN,NaN,NaN

INPUT,0.391679763793945,0.0401596017181873,0.775361180305481,-2.09051656723022,3.11752104759216,-1.15966594219208,K,9
OUTPUT,NaN,NaN,NaN,NaN,NaN,NaN

INPUT,0.361126601696014,0.0329945385456085,0.725688278675079,-2.09415555000305,3.12530446052551,-1.55626881122589,K,4
OUTPUT,NaN,NaN,NaN,NaN,NaN,NaN

INPUT,0.367328405380249,0.0326829738914967,0.739108681678772,-2.12083101272583,3.12312436103821,-1.48521256446838,K,5
OUTPUT,NaN,NaN,NaN,NaN,NaN,NaN

INPUT,0.373530209064484,0.0323714092373848,0.75252902507782,-2.1521623134613,3.12098121643066,-1.41881012916565,K,6
OUTPUT,NaN,NaN,NaN,NaN,NaN,NaN

INPUT,0.378353804349899,0.0321290828287601,0.762967050075531,-2.17873978614807,3.11935091018677,-1.36966896057129,K,7
OUTPUT,NaN,NaN,NaN,NaN,NaN,NaN

INPUT,0.381799250841141,0.0319559909403324,0.77042281627655,-2.19857096672058,3.11821031570435,-1.33570551872253,K,8
OUTPUT,NaN,NaN,NaN,NaN,NaN,NaN

INPUT,0.383866518735886,0.0318521372973919,0.774896264076233,-2.21073150634766,3.1175365447998,-1.31574177742004,K,9
OUTPUT,NaN,NaN,NaN,NaN,NaN,NaN

INPUT,0.36126697063446,0.0413112603127956,0.72174483537674,-2.1787211894989,3.11448001861572,-1.86365389823914,K,11
OUTPUT,NaN,NaN,NaN,NaN,NaN,NaN

INPUT,0.366253077983856,0.0421090945601463,0.732981622219086,-2.19503545761108,3.11139369010925,-1.84273755550385,K,12
OUTPUT,NaN,NaN,NaN,NaN,NaN,NaN

INPUT,0.371239185333252,0.042906928807497,0.744218349456787,-2.21175312995911,3.10832190513611,-1.82227492332458,K,13
OUTPUT,NaN,NaN,NaN,NaN,NaN,NaN

INPUT,0.37622532248497,0.0437047593295574,0.755455076694489,-2.22875189781189,3.10526776313782,-1.80216908454895,K,14
OUTPUT,NaN,NaN,NaN,NaN,NaN,NaN

INPUT,0.381211429834366,0.0445025973021984,0.766691863536835,-2.24594402313232,3.10223460197449,-1.78235757350922,K,15
OUTPUT,NaN,NaN,NaN,NaN,NaN,NaN

INPUT,0.385698944330215,0.0452206470072269,0.77680492401123,-2.26152777671814,3.099524974823,-1.76474475860596,K,16
OUTPUT,NaN,NaN,NaN,NaN,NaN,NaN

INPUT,0.389189213514328,0.0457791313529015,0.784670650959015,-2.27369570732117,3.09743213653564,-1.75117492675781,K,17
OUTPUT,NaN,NaN,NaN,NaN,NaN,NaN

INPUT,0.391682296991348,0.0461780466139317,0.790289044380188,-2.28240299224854,3.09594559669495,-1.74154710769653,K,18
OUTPUT,NaN,NaN,NaN,NaN,NaN,NaN

INPUT,0.393178105354309,0.0464173965156078,0.793660044670105,-2.28763175010681,3.09505748748779,-1.735795378685,K,19
OUTPUT,NaN,NaN,NaN,NaN,NaN,NaN

INPUT,0.393676728010178,0.04649718105793,0.794783711433411,-2.2893750667572,3.09476184844971,-1.73388230800629,K,20
OUTPUT,NaN,NaN,NaN,NaN,NaN,NaN

INPUT,0.358379155397415,0.036242451518774,0.722078025341034,-2.3192241191864,3.11930966377258,-1.64381861686707,K,11
OUTPUT,NaN,NaN,NaN,NaN,NaN,NaN

INPUT,0.36302450299263,0.0364435277879238,0.733356416225433,-2.35562658309937,3.1168966293335,-1.60077750682831,K,12
OUTPUT,NaN,NaN,NaN,NaN,NaN,NaN

INPUT,0.367669880390167,0.0366446040570736,0.744634866714478,-2.39261746406555,3.11452198028564,-1.5583221912384,K,13
OUTPUT,NaN,NaN,NaN,NaN,NaN,NaN

INPUT,0.372315227985382,0.0368456803262234,0.755913197994232,-2.43004679679871,3.11219000816345,-1.51630318164825,K,14
OUTPUT,NaN,NaN,NaN,NaN,NaN,NaN

INPUT,0.376960605382919,0.0370467565953732,0.767191648483276,-2.46781206130981,3.10990428924561,-1.47461712360382,K,15
OUTPUT,NaN,NaN,NaN,NaN,NaN,NaN

INPUT,0.381141424179077,0.0372277274727821,0.777342200279236,-2.50202703475952,3.1078896522522,-1.43732333183289,K,16
OUTPUT,NaN,NaN,NaN,NaN,NaN,NaN

INPUT,0.384393185377121,0.0373684801161289,0.785237073898315,-2.52875995635986,3.10635232925415,-1.40843689441681,K,17
OUTPUT,NaN,NaN,NaN,NaN,NaN,NaN

INPUT,0.386715859174728,0.0374690219759941,0.790876269340515,-2.54791069030762,3.10527086257935,-1.38785874843597,K,18
OUTPUT,NaN,NaN,NaN,NaN,NaN,NaN

INPUT,0.388109475374222,0.0375293418765068,0.794259786605835,-2.55942130088806,3.10462880134583,-1.37553155422211,K,19
OUTPUT,NaN,NaN,NaN,NaN,NaN,NaN

INPUT,0.388574004173279,0.0375494509935379,0.795387625694275,-2.56326150894165,3.10441589355469,-1.37142550945282,K,20
OUTPUT,NaN,NaN,NaN,NaN,NaN,NaN

INPUT,0.361705213785172,0.0327250920236111,0.732527792453766,1.18740999698639,3.13560843467712,1.53497076034546,K,12
OUTPUT,NaN,NaN,NaN,NaN,NaN,NaN

INPUT,0.366212487220764,0.0325348861515522,0.743717670440674,1.15672171115875,3.13492155075073,1.54095363616943,K,13
OUTPUT,NaN,NaN,NaN,NaN,NaN,NaN

INPUT,0.370719760656357,0.0323446802794933,0.754907548427582,1.12839305400848,3.13423728942871,1.54922235012054,K,14
OUTPUT,NaN,NaN,NaN,NaN,NaN,NaN

INPUT,0.375227034091949,0.0321544744074345,0.766097366809845,1.10183906555176,3.13355708122253,1.55916750431061,K,15
OUTPUT,NaN,NaN,NaN,NaN,NaN,NaN

INPUT,0.379283577203751,0.0319832898676395,0.77616822719574,1.0791267156601,3.13294839859009,1.56920087337494,K,16
OUTPUT,NaN,NaN,NaN,NaN,NaN,NaN

INPUT,0.382438659667969,0.0318501442670822,0.784001171588898,1.06209814548492,3.13247799873352,1.57756209373474,K,17
OUTPUT,NaN,NaN,NaN,NaN,NaN,NaN

INPUT,0.384692311286926,0.0317550413310528,0.789596080780029,1.05022966861725,3.13214373588562,1.58378183841705,K,18
OUTPUT,NaN,NaN,NaN,NaN,NaN,NaN

INPUT,0.386044472455978,0.0316979810595512,0.792953014373779,1.04321551322937,3.13194370269775,1.58760035037994,K,19
OUTPUT,NaN,NaN,NaN,NaN,NaN,NaN

INPUT,0.38649520277977,0.0316789597272873,0.794072031974792,1.04089426994324,3.13187718391418,1.58888649940491,K,20
OUTPUT,NaN,NaN,NaN,NaN,NaN,NaN

INPUT,0.358579337596893,0.0397397875785828,0.722190320491791,-2.10182762145996,3.10742235183716,-1.89929986000061,K,11
OUTPUT,NaN,NaN,NaN,NaN,NaN,NaN

INPUT,0.36324942111969,0.04035285115242,0.73347932100296,-2.11190581321716,3.10349559783936,-1.88552141189575,K,12
OUTPUT,NaN,NaN,NaN,NaN,NaN,NaN

INPUT,0.367919504642487,0.0409659147262573,0.74476832151413,-2.12232422828674,3.09957647323608,-1.87209534645081,K,13
OUTPUT,NaN,NaN,NaN,NaN,NaN,NaN

INPUT,0.372589558362961,0.0415789745748043,0.756057322025299,-2.13299059867859,3.0956666469574,-1.85893619060516,K,14
OUTPUT,NaN,NaN,NaN,NaN,NaN,NaN

INPUT,0.377259641885757,0.0421920381486416,0.767346322536469,-2.14384055137634,3.09176802635193,-1.84598636627197,K,15
OUTPUT,NaN,NaN,NaN,NaN,NaN,NaN

INPUT,0.381462723016739,0.0427437946200371,0.777506411075592,-2.15372395515442,3.08826971054077,-1.83447730541229,K,16
OUTPUT,NaN,NaN,NaN,NaN,NaN,NaN

INPUT,0.384731769561768,0.043172936886549,0.785408735275269,-2.16147136688232,3.08555698394775,-1.82560729980469,K,17
OUTPUT,NaN,NaN,NaN,NaN,NaN,NaN

INPUT,0.387066811323166,0.0434794686734676,0.791053235530853,-2.16703128814697,3.08362364768982,-1.81931054592133,K,18
OUTPUT,NaN,NaN,NaN,NaN,NaN,NaN

INPUT,0.388467848300934,0.0436633862555027,0.794439911842346,-2.17037630081177,3.08246564865112,-1.81554687023163,K,19
OUTPUT,NaN,NaN,NaN,NaN,NaN,NaN

INPUT,0.388934850692749,0.0437246933579445,0.795568823814392,-2.1714928150177,3.08207988739014,-1.81429469585419,K,20
OUTPUT,NaN,NaN,NaN,NaN,NaN,NaN

INPUT,0.36142972111702,0.0327974893152714,0.733924746513367,1.05037093162537,3.13110089302063,1.41423809528351,K,12
OUTPUT,NaN,NaN,NaN,NaN,NaN,NaN

INPUT,0.365908086299896,0.0326151438057423,0.745260834693909,1.02511084079742,3.12993597984314,1.42738103866577,K,13
OUTPUT,NaN,NaN,NaN,NaN,NaN,NaN

INPUT,0.370386451482773,0.0324327945709229,0.756596863269806,1.00100255012512,3.12877750396729,1.44159114360809,K,14
OUTPUT,NaN,NaN,NaN,NaN,NaN,NaN

INPUT,0.374864816665649,0.0322504490613937,0.767932951450348,0.977780818939209,3.12762689590454,1.45657539367676,K,15
OUTPUT,NaN,NaN,NaN,NaN,NaN,NaN

INPUT,0.378895342350006,0.0320863388478756,0.778135418891907,0.957490146160126,3.12659907341003,1.4705513715744,K,16
OUTPUT,NaN,NaN,NaN,NaN,NaN,NaN

INPUT,0.382030218839645,0.0319586955010891,0.786070644855499,0.942044675350189,3.12580537796021,1.48166692256927,K,17
OUTPUT,NaN,NaN,NaN,NaN,NaN,NaN

INPUT,0.384269386529922,0.0318675227463245,0.79173868894577,0.931171596050262,3.12524175643921,1.4897118806839,K,18
OUTPUT,NaN,NaN,NaN,NaN,NaN,NaN

INPUT,0.385612905025482,0.0318128205835819,0.795139491558075,0.924706816673279,3.12490487098694,1.49457478523254,K,19
OUTPUT,NaN,NaN,NaN,NaN,NaN,NaN

INPUT,0.386060744524002,0.031794585287571,0.796273112297058,0.922561287879944,3.12479281425476,1.49620115756989,K,20
OUTPUT,NaN,NaN,NaN,NaN,NaN,NaN

INPUT,0.358866006135941,0.0497920215129852,0.720992028713226,-1.77182376384735,3.06062626838684,-1.52858114242554,K,11
OUTPUT,NaN,NaN,NaN,NaN,NaN,NaN

INPUT,0.36356994509697,0.0515874661505222,0.732140123844147,-1.78512299060822,3.05118179321289,-1.51315808296204,K,12
OUTPUT,NaN,NaN,NaN,NaN,NaN,NaN

INPUT,0.368273884057999,0.0533829107880592,0.743288218975067,-1.79861652851105,3.04176449775696,-1.49794340133667,K,13
OUTPUT,NaN,NaN,NaN,NaN,NaN,NaN

INPUT,0.372977793216705,0.0551783554255962,0.754436254501343,-1.81224620342255,3.0323805809021,-1.48289060592651,K,14
OUTPUT,NaN,NaN,NaN,NaN,NaN,NaN

INPUT,0.377681732177734,0.0569738000631332,0.765584290027618,-1.82597053050995,3.02303576469421,-1.46796989440918,K,15
OUTPUT,NaN,NaN,NaN,NaN,NaN,NaN

INPUT,0.381915271282196,0.0585896968841553,0.77561753988266,-1.8383777141571,3.0146644115448,-1.45463824272156,K,16
OUTPUT,NaN,NaN,NaN,NaN,NaN,NaN

INPUT,0.385208040475845,0.0598465092480183,0.783421218395233,-1.84805178642273,3.00818109512329,-1.44432616233826,K,17
OUTPUT,NaN,NaN,NaN,NaN,NaN,NaN

INPUT,0.38756000995636,0.0607442334294319,0.788995265960693,-1.85497057437897,3.00356674194336,-1.43698918819427,K,18
OUTPUT,NaN,NaN,NaN,NaN,NaN,NaN

INPUT,0.38897117972374,0.0612828657031059,0.792339682579041,-1.85912418365479,3.00080490112305,-1.43259799480438,K,19
OUTPUT,NaN,NaN,NaN,NaN,NaN,NaN

INPUT,0.389441579580307,0.0614624097943306,0.793454468250275,-1.8605090379715,2.99988532066345,-1.43113613128662,K,20
OUTPUT,NaN,NaN,NaN,NaN,NaN,NaN

INPUT,0.364577144384384,0.0465510524809361,0.720073759555817,-2.02245926856995,3.07884120941162,-1.67069089412689,K,11
OUTPUT,NaN,NaN,NaN,NaN,NaN,NaN

INPUT,0.369952589273453,0.0479653663933277,0.731113970279694,-2.04208564758301,3.07157731056213,-1.6486644744873,K,12
OUTPUT,NaN,NaN,NaN,NaN,NaN,NaN

INPUT,0.375328063964844,0.0493796803057194,0.742154181003571,-2.06190705299377,3.06435680389404,-1.62689661979675,K,13
OUTPUT,NaN,NaN,NaN,NaN,NaN,NaN

INPUT,0.380703508853912,0.0507939904928207,0.753194332122803,-2.08184671401978,3.05718851089478,-1.60534644126892,K,14
OUTPUT,NaN,NaN,NaN,NaN,NaN,NaN

INPUT,0.386078983545303,0.0522083006799221,0.76423454284668,-2.10184693336487,3.05008172988892,-1.58399164676666,K,15
OUTPUT,NaN,NaN,NaN,NaN,NaN,NaN

INPUT,0.390916883945465,0.0534811839461327,0.774170756340027,-2.11986112594604,3.04374551773071,-1.5649299621582,K,16
OUTPUT,NaN,NaN,NaN,NaN,NaN,NaN

INPUT,0.394679725170135,0.0544712021946907,0.78189891576767,-2.13386273384094,3.03886032104492,-1.55020546913147,K,17
OUTPUT,NaN,NaN,NaN,NaN,NaN,NaN

INPUT,0.39736744761467,0.0551783591508865,0.787419021129608,-2.14385223388672,3.035395860672,-1.53974211215973,K,18
OUTPUT,NaN,NaN,NaN,NaN,NaN,NaN

INPUT,0.39898008108139,0.0556026510894299,0.790731072425842,-2.14983916282654,3.03332757949829,-1.53348588943481,K,19
OUTPUT,NaN,NaN,NaN,NaN,NaN,NaN

INPUT,0.399517625570297,0.055744081735611,0.791835069656372,-2.15183353424072,3.03263974189758,-1.53140413761139,K,20
OUTPUT,NaN,NaN,NaN,NaN,NaN,NaN

INPUT,0.370221436023712,0.0421543158590794,0.731287002563477,-2.21439957618713,3.10877799987793,-1.84200763702393,K,5
OUTPUT,NaN,NaN,NaN,NaN,NaN,NaN

INPUT,0.378443449735641,0.0434640310704708,0.746953725814819,-2.24003791809082,3.10368323326111,-1.80157387256622,K,6
OUTPUT,NaN,NaN,NaN,NaN,NaN,NaN

INPUT,0.384838342666626,0.044482696801424,0.759138941764832,-2.26118302345276,3.09975481033325,-1.77141809463501,K,7
OUTPUT,NaN,NaN,NaN,NaN,NaN,NaN

INPUT,0.389406144618988,0.045210313051939,0.767842650413513,-2.27673316001892,3.09697222709656,-1.75041306018829,K,8
OUTPUT,NaN,NaN,NaN,NaN,NaN,NaN

INPUT,0.392146795988083,0.0456468835473061,0.773064911365509,-2.28620004653931,3.09531307220459,-1.7379937171936,K,9
OUTPUT,NaN,NaN,NaN,NaN,NaN,NaN

INPUT,0.366741508245468,0.0363313630223274,0.731563448905945,-2.39424991607666,3.11473488807678,-1.5945051908493,K,5
OUTPUT,NaN,NaN,NaN,NaN,NaN,NaN

INPUT,0.374377101659775,0.0366235896945,0.747345149517059,-2.45297622680664,3.11088275909424,-1.5120861530304,K,6
OUTPUT,NaN,NaN,NaN,NaN,NaN,NaN

INPUT,0.38031592965126,0.03685088083148,0.759619772434235,-2.50050258636475,3.1079888343811,-1.44982707500458,K,7
OUTPUT,NaN,NaN,NaN,NaN,NaN,NaN

INPUT,0.38455793261528,0.0370132327079773,0.768387377262115,-2.53517436981201,3.10598230361938,-1.40607750415802,K,8
OUTPUT,NaN,NaN,NaN,NaN,NaN,NaN

INPUT,0.387103110551834,0.0371106415987015,0.773647964000702,-2.55621337890625,3.10480427742004,-1.38006234169006,K,9
OUTPUT,NaN,NaN,NaN,NaN,NaN,NaN

INPUT,0.366979569196701,0.0401388108730316,0.731749415397644,-2.12436246871948,3.10024499893188,-1.88509345054626,K,5
OUTPUT,NaN,NaN,NaN,NaN,NaN,NaN

INPUT,0.374641418457031,0.0410764552652836,0.747537195682526,-2.14030909538269,3.09367966651917,-1.85854780673981,K,6
OUTPUT,NaN,NaN,NaN,NaN,NaN,NaN

INPUT,0.380600661039352,0.041805736720562,0.759816527366638,-2.15360999107361,3.08859133720398,-1.83881986141205,K,7
OUTPUT,NaN,NaN,NaN,NaN,NaN,NaN

INPUT,0.38485723733902,0.0423266515135765,0.768587470054626,-2.16345477104187,3.08496928215027,-1.82509458065033,K,8
OUTPUT,NaN,NaN,NaN,NaN,NaN,NaN

INPUT,0.387411206960678,0.0426391996443272,0.773850083351135,-2.1694712638855,3.08280158042908,-1.81698095798492,K,9
OUTPUT,NaN,NaN,NaN,NaN,NaN,NaN

INPUT,0.367250382900238,0.0510154291987419,0.730401039123535,-1.79910624027252,3.04394793510437,-1.51258635520935,K,5
OUTPUT,NaN,NaN,NaN,NaN,NaN,NaN

INPUT,0.374948710203171,0.0538018383085728,0.745972454547882,-1.82032907009125,3.02799224853516,-1.48234164714813,K,6
OUTPUT,NaN,NaN,NaN,NaN,NaN,NaN

INPUT,0.380936294794083,0.0559690482914448,0.758083522319794,-1.83761870861053,3.01564693450928,-1.45961678028107,K,7
OUTPUT,NaN,NaN,NaN,NaN,NaN,NaN

INPUT,0.385213136672974,0.0575170516967773,0.766734302043915,-1.85026097297668,3.00687336921692,-1.44370520114899,K,8
OUTPUT,NaN,NaN,NaN,NaN,NaN,NaN

INPUT,0.387779265642166,0.0584458559751511,0.771924793720245,-1.85793721675873,3.00162959098816,-1.43426609039307,K,9
OUTPUT,NaN,NaN,NaN,NaN,NaN,NaN

INPUT,0.373895078897476,0.0476779937744141,0.729474067687988,-2.05802345275879,3.0660285949707,-1.64298403263092,K,5
OUTPUT,NaN,NaN,NaN,NaN,NaN,NaN

INPUT,0.382689476013184,0.0499273575842381,0.744766652584076,-2.09110164642334,3.05386137962341,-1.6019252538681,K,6
OUTPUT,NaN,NaN,NaN,NaN,NaN,NaN

INPUT,0.389529526233673,0.0516768619418144,0.756660938262939,-2.11746907234192,3.04450130462646,-1.57073700428009,K,7
OUTPUT,NaN,NaN,NaN,NaN,NaN,NaN

INPUT,0.394415318965912,0.0529265068471432,0.765156865119934,-2.13651490211487,3.03788495063782,-1.5487869977951,K,8
OUTPUT,NaN,NaN,NaN,NaN,NaN,NaN

INPUT,0.397346764802933,0.0536762923002243,0.770254373550415,-2.14799857139587,3.03394675254822,-1.53573560714722,K,9
OUTPUT,NaN,NaN,NaN,NaN,NaN,NaN

INPUT,0.36196306347847,0.0329603254795074,0.723714351654053,1.3622784614563,3.13627099990845,1.68843758106232,K,4
OUTPUT,NaN,NaN,NaN,NaN,NaN,NaN

INPUT,0.368482857942581,0.0326655209064484,0.7370445728302,1.24934017658234,3.13513207435608,1.63430297374725,K,5
OUTPUT,NaN,NaN,NaN,NaN,NaN,NaN

INPUT,0.375002652406693,0.0323707163333893,0.750374794006348,1.16167366504669,3.13396716117859,1.6054402589798,K,6
OUTPUT,NaN,NaN,NaN,NaN,NaN,NaN

INPUT,0.380073606967926,0.0321414209902287,0.760742783546448,1.10461103916168,3.13305354118347,1.59404897689819,K,7
OUTPUT,NaN,NaN,NaN,NaN,NaN,NaN

INPUT,0.383695721626282,0.0319776423275471,0.768148481845856,1.06809365749359,3.13239979743958,1.59009039402008,K,8
OUTPUT,NaN,NaN,NaN,NaN,NaN,NaN

INPUT,0.385868966579437,0.0318793728947639,0.772591888904572,1.04754388332367,3.13200783729553,1.58904218673706,K,9
OUTPUT,NaN,NaN,NaN,NaN,NaN,NaN

INPUT,0.361943334341049,0.0330832302570343,0.725358724594116,1.15504503250122,3.13204479217529,1.49655723571777,K,4
OUTPUT,NaN,NaN,NaN,NaN,NaN,NaN

INPUT,0.368381053209305,0.0328130125999451,0.738836824893951,1.0790548324585,3.13012409210205,1.48210716247559,K,5
OUTPUT,NaN,NaN,NaN,NaN,NaN,NaN

INPUT,0.37481877207756,0.0325427949428558,0.752314925193787,1.01605725288391,3.12819743156433,1.48065042495728,K,6
OUTPUT,NaN,NaN,NaN,NaN,NaN,NaN

INPUT,0.37982589006424,0.0323326289653778,0.762797892093658,0.972886681556702,3.12670254707336,1.48527085781097,K,7
OUTPUT,NaN,NaN,NaN,NaN,NaN,NaN

INPUT,0.383402407169342,0.0321825072169304,0.770285725593567,0.944319128990173,3.12563943862915,1.49076688289642,K,8
OUTPUT,NaN,NaN,NaN,NaN,NaN,NaN

INPUT,0.385548293590546,0.0320924371480942,0.774778425693512,0.927918314933777,3.12500405311584,1.49476563930511,K,9
OUTPUT,NaN,NaN,NaN,NaN,NaN,NaN

INPUT,0.364451229572296,0.0437545701861382,0.721235811710358,-2.1418399810791,3.08158659934998,-1.71315717697144,K,11
OUTPUT,NaN,NaN,NaN,NaN,NaN,NaN

INPUT,0.369811713695526,0.0448397621512413,0.732413530349731,-2.16586089134216,3.07473707199097,-1.68673348426819,K,12
OUTPUT,NaN,NaN,NaN,NaN,NaN,NaN

INPUT,0.375172227621078,0.0459249541163445,0.743591248989105,-2.19010996818542,3.06792974472046,-1.66052675247192,K,13
OUTPUT,NaN,NaN,NaN,NaN,NaN,NaN

INPUT,0.380532741546631,0.0470101460814476,0.754768908023834,-2.21453022956848,3.06116938591003,-1.63447868824005,K,14
OUTPUT,NaN,NaN,NaN,NaN,NaN,NaN

INPUT,0.385893255472183,0.0480953380465508,0.765946626663208,-2.2390832901001,3.05446004867554,-1.60854959487915,K,15
OUTPUT,NaN,NaN,NaN,NaN,NaN,NaN

INPUT,0.390717715024948,0.0490720123052597,0.776006579399109,-2.26127171516418,3.04846906661987,-1.58529150485992,K,16
OUTPUT,NaN,NaN,NaN,NaN,NaN,NaN

INPUT,0.394470065832138,0.04983164742589,0.783831000328064,-2.27857899665833,3.04384231567383,-1.56724262237549,K,17
OUTPUT,NaN,NaN,NaN,NaN,NaN,NaN

INPUT,0.397150337696075,0.0503742396831512,0.789419829845428,-2.29096436500549,3.04055595397949,-1.55436885356903,K,18
OUTPUT,NaN,NaN,NaN,NaN,NaN,NaN

INPUT,0.398758471012115,0.0506998002529144,0.792773127555847,-2.29840397834778,3.03859210014343,-1.54665112495422,K,19
OUTPUT,NaN,NaN,NaN,NaN,NaN,NaN

INPUT,0.399294525384903,0.0508083179593086,0.79389089345932,-2.30088520050049,3.03793859481812,-1.54407954216003,K,20
OUTPUT,NaN,NaN,NaN,NaN,NaN,NaN

INPUT,0.384724795818329,0.0570117868483067,0.715433776378632,-2.23177981376648,2.95907855033875,-1.90501070022583,K,11
OUTPUT,NaN,NaN,NaN,NaN,NaN,NaN

INPUT,0.392470717430115,0.0596567466855049,0.725928544998169,-2.2507848739624,2.93792414665222,-1.88534462451935,K,12
OUTPUT,NaN,NaN,NaN,NaN,NaN,NaN

INPUT,0.400216668844223,0.0623017065227032,0.736423313617706,-2.26989364624023,2.91684556007385,-1.86569881439209,K,13
OUTPUT,NaN,NaN,NaN,NaN,NaN,NaN

INPUT,0.407962560653687,0.0649466663599014,0.746918082237244,-2.28909420967102,2.89585065841675,-1.84605276584625,K,14
OUTPUT,NaN,NaN,NaN,NaN,NaN,NaN

INPUT,0.415708512067795,0.06759162992239,0.757412850856781,-2.30837988853455,2.87494802474976,-1.82639122009277,K,15
OUTPUT,NaN,NaN,NaN,NaN,NaN,NaN

INPUT,0.422679841518402,0.0699720904231071,0.766858160495758,-2.3258068561554,2.85622096061707,-1.80867266654968,K,16
OUTPUT,NaN,NaN,NaN,NaN,NaN,NaN

INPUT,0.428101986646652,0.0718235671520233,0.77420449256897,-2.33940625190735,2.84171533584595,-1.79487156867981,K,17
OUTPUT,NaN,NaN,NaN,NaN,NaN,NaN

INPUT,0.431974947452545,0.0731460452079773,0.779451906681061,-2.34914398193359,2.83138799667358,-1.785001039505,K,18
OUTPUT,NaN,NaN,NaN,NaN,NaN,NaN

INPUT,0.434298723936081,0.0739395320415497,0.782600343227386,-2.3549964427948,2.82520580291748,-1.7790732383728,K,19
OUTPUT,NaN,NaN,NaN,NaN,NaN,NaN

INPUT,0.43507331609726,0.0742040276527405,0.783649802207947,-2.35694885253906,2.82314729690552,-1.77709627151489,K,20
OUTPUT,NaN,NaN,NaN,NaN,NaN,NaN

INPUT,0.361161321401596,0.0391622334718704,0.721573054790497,-2.08665466308594,3.09782648086548,-1.82341599464417,K,11
OUTPUT,NaN,NaN,NaN,NaN,NaN,NaN

INPUT,0.366135090589523,0.0397071987390518,0.732789576053619,-2.10065388679504,3.09277725219727,-1.80634999275208,K,12
OUTPUT,NaN,NaN,NaN,NaN,NaN,NaN

INPUT,0.371108859777451,0.0402521677315235,0.744006037712097,-2.11492800712585,3.08774471282959,-1.78958582878113,K,13
OUTPUT,NaN,NaN,NaN,NaN,NaN,NaN

INPUT,0.376082628965378,0.0407971367239952,0.75522255897522,-2.12939500808716,3.08273243904114,-1.7730565071106,K,14
OUTPUT,NaN,NaN,NaN,NaN,NaN,NaN

INPUT,0.381056398153305,0.0413421019911766,0.766439020633698,-2.14399695396423,3.07774424552917,-1.75671863555908,K,15
OUTPUT,NaN,NaN,NaN,NaN,NaN,NaN

INPUT,0.385532796382904,0.0418325737118721,0.776533842086792,-2.15721821784973,3.07327795028687,-1.74215447902679,K,16
OUTPUT,NaN,NaN,NaN,NaN,NaN,NaN

INPUT,0.389014422893524,0.0422140508890152,0.784385442733765,-2.16753673553467,3.06982135772705,-1.73090863227844,K,17
OUTPUT,NaN,NaN,NaN,NaN,NaN,NaN

INPUT,0.391501307487488,0.0424865372478962,0.789993643760681,-2.17492008209229,3.06736207008362,-1.72291696071625,K,18
OUTPUT,NaN,NaN,NaN,NaN,NaN,NaN

INPUT,0.392993450164795,0.0426500253379345,0.793358623981476,-2.17935371398926,3.06589078903198,-1.71813762187958,K,19
OUTPUT,NaN,NaN,NaN,NaN,NaN,NaN

INPUT,0.393490821123123,0.0427045226097107,0.794480264186859,-2.18083214759827,3.06540083885193,-1.71654713153839,K,20
OUTPUT,NaN,NaN,NaN,NaN,NaN,NaN

INPUT,0.371066480875015,0.0567412078380585,0.71959400177002,-2.02680969238281,3.02479529380798,-1.69755959510803,K,11
OUTPUT,NaN,NaN,NaN,NaN,NaN,NaN

INPUT,0.377205461263657,0.0593543313443661,0.730577707290649,-2.04570007324219,3.01119518280029,-1.67740178108215,K,12
OUTPUT,NaN,NaN,NaN,NaN,NaN,NaN

INPUT,0.38334447145462,0.0619674548506737,0.741561412811279,-2.06469488143921,2.99766778945923,-1.65738022327423,K,13
OUTPUT,NaN,NaN,NaN,NaN,NaN,NaN

INPUT,0.389483451843262,0.064580574631691,0.752545118331909,-2.08374786376953,2.98422932624817,-1.63747823238373,K,14
OUTPUT,NaN,NaN,NaN,NaN,NaN,NaN

INPUT,0.395622462034225,0.0671936944127083,0.763528823852539,-2.10282301902771,2.97089552879333,-1.61768937110901,K,15
OUTPUT,NaN,NaN,NaN,NaN,NaN,NaN

INPUT,0.401147544384003,0.0695455074310303,0.773414134979248,-2.11998510360718,2.95899701118469,-1.5999755859375,K,16
OUTPUT,NaN,NaN,NaN,NaN,NaN,NaN

INPUT,0.405444860458374,0.0713746920228004,0.781102776527405,-2.13331770896912,2.94981694221497,-1.58626270294189,K,17
OUTPUT,NaN,NaN,NaN,NaN,NaN,NaN

INPUT,0.408514350652695,0.0726812556385994,0.78659462928772,-2.14282751083374,2.94330239295959,-1.57650327682495,K,18
OUTPUT,NaN,NaN,NaN,NaN,NaN,NaN

INPUT,0.410356044769287,0.0734651908278465,0.789889693260193,-2.14852690696716,2.93941140174866,-1.57066226005554,K,19
OUTPUT,NaN,NaN,NaN,NaN,NaN,NaN

INPUT,0.410969942808151,0.0737265050411224,0.790988087654114,-2.15042543411255,2.93811750411987,-1.56871771812439,K,20
OUTPUT,NaN,NaN,NaN,NaN,NaN,NaN

INPUT,0.373708993196487,0.0445242710411549,0.730943918228149,-2.18411922454834,3.06933188438416,-1.67727518081665,K,5
OUTPUT,NaN,NaN,NaN,NaN,NaN,NaN

INPUT,0.382422924041748,0.0462314374744892,0.746443450450897,-2.22561645507813,3.05782270431519,-1.62840986251831,K,6
OUTPUT,NaN,NaN,NaN,NaN,NaN,NaN

INPUT,0.389200448989868,0.0475592315196991,0.758498668670654,-2.25842308998108,3.04901742935181,-1.59114408493042,K,7
OUTPUT,NaN,NaN,NaN,NaN,NaN,NaN

INPUT,0.394041508436203,0.0485076569020748,0.767109572887421,-2.28199577331543,3.04282546043396,-1.56488168239594,K,8
OUTPUT,NaN,NaN,NaN,NaN,NaN,NaN

INPUT,0.396946161985397,0.0490767136216164,0.772276103496552,-2.29616236686707,3.03915452957153,-1.5492627620697,K,9
OUTPUT,NaN,NaN,NaN,NaN,NaN,NaN

INPUT,0.38530233502388,0.0538407973945141,0.712833404541016,-2.20817637443542,2.95579385757446,-1.89554643630981,K,4
OUTPUT,NaN,NaN,NaN,NaN,NaN,NaN

INPUT,0.397304058074951,0.0580598935484886,0.726550996303558,-2.24921679496765,2.92018222808838,-1.86609315872192,K,5
OUTPUT,NaN,NaN,NaN,NaN,NaN,NaN

INPUT,0.409305810928345,0.0622789897024632,0.740268588066101,-2.28880095481873,2.88483905792236,-1.83490490913391,K,6
OUTPUT,NaN,NaN,NaN,NaN,NaN,NaN

INPUT,0.418640494346619,0.0655605047941208,0.750937759876251,-2.31890654563904,2.85763502120972,-1.80988550186157,K,7
OUTPUT,NaN,NaN,NaN,NaN,NaN,NaN

INPUT,0.425308108329773,0.0679044499993324,0.758558630943298,-2.34012460708618,2.8383994102478,-1.79173684120178,K,8
OUTPUT,NaN,NaN,NaN,NaN,NaN,NaN

INPUT,0.42930868268013,0.0693108141422272,0.763131201267242,-2.35275459289551,2.82694816589355,-1.78076493740082,K,9
OUTPUT,NaN,NaN,NaN,NaN,NaN,NaN

INPUT,0.369966089725494,0.0392934530973434,0.731110692024231,-2.11375212669373,3.08875226974487,-1.80288434028625,K,5
OUTPUT,NaN,NaN,NaN,NaN,NaN,NaN

INPUT,0.378121018409729,0.0400722399353981,0.746744632720947,-2.13708996772766,3.08028864860535,-1.77090847492218,K,6
OUTPUT,NaN,NaN,NaN,NaN,NaN,NaN

INPUT,0.384463727474213,0.0406779646873474,0.758904337882996,-2.15596485137939,3.07374596595764,-1.74680721759796,K,7
OUTPUT,NaN,NaN,NaN,NaN,NaN,NaN

INPUT,0.388994246721268,0.0411106236279011,0.767589867115021,-2.16971349716187,3.06909942626953,-1.72990715503693,K,8
OUTPUT,NaN,NaN,NaN,NaN,NaN,NaN

INPUT,0.391712546348572,0.0413702204823494,0.772801160812378,-2.17804384231567,3.06632375717163,-1.71987473964691,K,9
OUTPUT,NaN,NaN,NaN,NaN,NaN,NaN

INPUT,0.371528834104538,0.0545256398618221,0.714570164680481,-2.02209424972534,3.02369904518127,-1.70470297336578,K,4
OUTPUT,NaN,NaN,NaN,NaN,NaN,NaN

INPUT,0.381383180618286,0.0587131530046463,0.729613542556763,-2.05559968948364,3.00073385238647,-1.66825819015503,K,5
OUTPUT,NaN,NaN,NaN,NaN,NaN,NaN

INPUT,0.391237527132034,0.0629006698727608,0.744656920433044,-2.0895721912384,2.97794055938721,-1.63216722011566,K,6
OUTPUT,NaN,NaN,NaN,NaN,NaN,NaN

INPUT,0.398902028799057,0.0661576241254807,0.756357312202454,-2.11616373062134,2.96038818359375,-1.60429680347443,K,7
OUTPUT,NaN,NaN,NaN,NaN,NaN,NaN

INPUT,0.404376655817032,0.0684840232133865,0.764714777469635,-2.13519597053528,2.94796991348267,-1.58449423313141,K,8
OUTPUT,NaN,NaN,NaN,NaN,NaN,NaN

INPUT,0.407661437988281,0.0698798596858978,0.769729197025299,-2.14661860466003,2.94057321548462,-1.57265615463257,K,9
OUTPUT,NaN,NaN,NaN,NaN,NaN,NaN

INPUT,0.360763490200043,0.0344386957585812,0.733763813972473,0.861961960792542,3.13663411140442,1.56039929389954,K,12
OUTPUT,NaN,NaN,NaN,NaN,NaN,NaN

INPUT,0.365171730518341,0.0344290286302567,0.745083570480347,0.812090933322906,3.13606238365173,1.58402669429779,K,13
OUTPUT,NaN,NaN,NaN,NaN,NaN,NaN

INPUT,0.369579970836639,0.0344193652272224,0.75640332698822,0.764667093753815,3.13549733161926,1.61010122299194,K,14
OUTPUT,NaN,NaN,NaN,NaN,NaN,NaN

INPUT,0.373988211154938,0.0344096980988979,0.767723083496094,0.719044208526611,3.13493990898132,1.63797688484192,K,15
OUTPUT,NaN,NaN,NaN,NaN,NaN,NaN

INPUT,0.377955615520477,0.034400999546051,0.777910888195038,0.679158449172974,3.13444566726685,1.66424000263214,K,16
OUTPUT,NaN,NaN,NaN,NaN,NaN,NaN

INPUT,0.381041407585144,0.0343942306935787,0.785834729671478,0.648750841617584,3.1340663433075,1.68528163433075,K,17
OUTPUT,NaN,NaN,NaN,NaN,NaN,NaN

INPUT,0.383245527744293,0.0343893989920616,0.791494607925415,0.627308785915375,3.13379836082458,1.7005889415741,K,18
OUTPUT,NaN,NaN,NaN,NaN,NaN,NaN

INPUT,0.384567975997925,0.0343864969909191,0.794890522956848,0.614542365074158,3.13363862037659,1.70987224578857,K,19
OUTPUT,NaN,NaN,NaN,NaN,NaN,NaN

INPUT,0.385008811950684,0.0343855321407318,0.796022534370422,0.610302269458771,3.13358569145203,1.71298205852509,K,20
OUTPUT,NaN,NaN,NaN,NaN,NaN,NaN

INPUT,0.37093260884285,0.0465310029685497,0.719769656658173,-2.2934308052063,3.03543949127197,-1.7563294172287,K,11
OUTPUT,NaN,NaN,NaN,NaN,NaN,NaN

INPUT,0.377055674791336,0.0479427762329578,0.730774998664856,-2.32446575164795,3.02339768409729,-1.72406125068665,K,12
OUTPUT,NaN,NaN,NaN,NaN,NaN,NaN

INPUT,0.383178740739822,0.049354549497366,0.741780340671539,-2.35563683509827,3.01147389411926,-1.69188416004181,K,13
OUTPUT,NaN,NaN,NaN,NaN,NaN,NaN

INPUT,0.389301806688309,0.0507663264870644,0.752785682678223,-2.38691592216492,2.99968028068542,-1.65976655483246,K,14
OUTPUT,NaN,NaN,NaN,NaN,NaN,NaN

INPUT,0.395424872636795,0.0521780997514725,0.763791024684906,-2.41828560829163,2.98802876472473,-1.62768638134003,K,15
OUTPUT,NaN,NaN,NaN,NaN,NaN,NaN

INPUT,0.400935620069504,0.0534486994147301,0.773695826530457,-2.44658517837524,2.97767400741577,-1.59883296489716,K,16
OUTPUT,NaN,NaN,NaN,NaN,NaN,NaN

INPUT,0.405221790075302,0.0544369406998158,0.781399548053741,-2.46863555908203,2.96971201896667,-1.57639765739441,K,17
OUTPUT,NaN,NaN,NaN,NaN,NaN,NaN

INPUT,0.408283323049545,0.0551428273320198,0.786902248859406,-2.48440551757813,2.96407651901245,-1.56037378311157,K,18
OUTPUT,NaN,NaN,NaN,NaN,NaN,NaN

INPUT,0.410120218992233,0.0555663593113422,0.790203809738159,-2.49387502670288,2.96071648597717,-1.55075931549072,K,19
OUTPUT,NaN,NaN,NaN,NaN,NaN,NaN

INPUT,0.410732537508011,0.0557075366377831,0.791304349899292,-2.49703288078308,2.95959997177124,-1.54755449295044,K,20
OUTPUT,NaN,NaN,NaN,NaN,NaN,NaN

INPUT,0.365910679101944,0.0435430966317654,0.720121622085571,-2.33652806282043,3.07941484451294,-1.83320581912994,K,11
OUTPUT,NaN,NaN,NaN,NaN,NaN,NaN

INPUT,0.371443152427673,0.0446034707129002,0.731167376041412,-2.36522245407104,3.07237529754639,-1.80266571044922,K,12
OUTPUT,NaN,NaN,NaN,NaN,NaN,NaN

INPUT,0.376975625753403,0.045663844794035,0.742213189601898,-2.39409375190735,3.06539607048035,-1.77228832244873,K,13
OUTPUT,NaN,NaN,NaN,NaN,NaN,NaN

INPUT,0.382508099079132,0.0467242151498795,0.753258943557739,-2.42309880256653,3.05848383903503,-1.74202883243561,K,14
OUTPUT,NaN,NaN,NaN,NaN,NaN,NaN

INPUT,0.388040572404861,0.0477845892310143,0.76430469751358,-2.45220804214478,3.05164432525635,-1.71185660362244,K,15
OUTPUT,NaN,NaN,NaN,NaN,NaN,NaN

INPUT,0.393019795417786,0.0487389266490936,0.774245917797089,-2.47847843170166,3.04555606842041,-1.68475818634033,K,16
OUTPUT,NaN,NaN,NaN,NaN,NaN,NaN

INPUT,0.396892547607422,0.0494811870157719,0.781977951526642,-2.49895071983337,3.04086780548096,-1.66371083259583,K,17
OUTPUT,NaN,NaN,NaN,NaN,NaN,NaN

INPUT,0.399658769369125,0.0500113740563393,0.787500858306885,-2.51359248161316,3.03754544258118,-1.6486896276474,K,18
OUTPUT,NaN,NaN,NaN,NaN,NaN,NaN

INPUT,0.401318520307541,0.0503294877707958,0.790814578533173,-2.52238464355469,3.03556299209595,-1.6396815776825,K,19
OUTPUT,NaN,NaN,NaN,NaN,NaN,NaN

INPUT,0.401871770620346,0.0504355244338512,0.79191917181015,-2.52531623840332,3.03490400314331,-1.63667953014374,K,20
OUTPUT,NaN,NaN,NaN,NaN,NaN,NaN

INPUT,0.376153141260147,0.0484232492744923,0.720744788646698,-2.28728652000427,3.03392219543457,-1.81648766994476,K,11
OUTPUT,NaN,NaN,NaN,NaN,NaN,NaN

INPUT,0.382890224456787,0.050057627260685,0.731864869594574,-2.31444573402405,3.02162432670593,-1.78815734386444,K,12
OUTPUT,NaN,NaN,NaN,NaN,NaN,NaN

INPUT,0.389627307653427,0.0516920052468777,0.742985010147095,-2.34173393249512,3.00941896438599,-1.75991499423981,K,13
OUTPUT,NaN,NaN,NaN,NaN,NaN,NaN

INPUT,0.396364361047745,0.0533263832330704,0.754105091094971,-2.3691246509552,2.99731492996216,-1.73173081874847,K,14
OUTPUT,NaN,NaN,NaN,NaN,NaN,NaN

INPUT,0.403101444244385,0.0549607612192631,0.765225231647491,-2.3966007232666,2.98532223701477,-1.70358324050903,K,15
OUTPUT,NaN,NaN,NaN,NaN,NaN,NaN

INPUT,0.409164816141129,0.0564317032694817,0.775233328342438,-2.42139220237732,2.97463130950928,-1.6782693862915,K,16
OUTPUT,NaN,NaN,NaN,NaN,NaN,NaN

INPUT,0.41388076543808,0.0575757659971714,0.78301739692688,-2.44071173667908,2.96638822555542,-1.65858721733093,K,17
OUTPUT,NaN,NaN,NaN,NaN,NaN,NaN

INPUT,0.417249321937561,0.0583929568529129,0.788577437400818,-2.45453000068665,2.9605405330658,-1.64453017711639,K,18
OUTPUT,NaN,NaN,NaN,NaN,NaN,NaN

INPUT,0.419270426034927,0.0588832721114159,0.791913509368896,-2.46282815933228,2.95704865455627,-1.63609600067139,K,19
OUTPUT,NaN,NaN,NaN,NaN,NaN,NaN

INPUT,0.419944137334824,0.05904670804739,0.793025493621826,-2.46559548377991,2.95588755607605,-1.63328456878662,K,20
OUTPUT,NaN,NaN,NaN,NaN,NaN,NaN

INPUT,0.368399888277054,0.0388221926987171,0.721563220024109,-2.42539811134338,3.07793402671814,-1.88208842277527,K,11
OUTPUT,NaN,NaN,NaN,NaN,NaN,NaN

INPUT,0.374224722385406,0.0393270626664162,0.732779383659363,-2.45652747154236,3.07076168060303,-1.84927272796631,K,12
OUTPUT,NaN,NaN,NaN,NaN,NaN,NaN

INPUT,0.380049586296082,0.0398319326341152,0.743995547294617,-2.4878191947937,3.06366157531738,-1.81660330295563,K,13
OUTPUT,NaN,NaN,NaN,NaN,NaN,NaN

INPUT,0.385874420404434,0.0403368026018143,0.755211651325226,-2.51923418045044,3.05664086341858,-1.78403949737549,K,14
OUTPUT,NaN,NaN,NaN,NaN,NaN,NaN

INPUT,0.391699254512787,0.0408416725695133,0.76642781496048,-2.55074548721313,3.04970717430115,-1.75155341625214,K,15
OUTPUT,NaN,NaN,NaN,NaN,NaN,NaN

INPUT,0.396941632032394,0.0412960574030876,0.776522397994995,-2.57917332649231,3.04354691505432,-1.72236573696136,K,16
OUTPUT,NaN,NaN,NaN,NaN,NaN,NaN

INPUT,0.401019036769867,0.0416494645178318,0.784373700618744,-2.60132074356079,3.03881168365479,-1.69968974590302,K,17
OUTPUT,NaN,NaN,NaN,NaN,NaN,NaN

INPUT,0.403931438922882,0.0419019013643265,0.789981782436371,-2.61715817451477,3.03546071052551,-1.6835036277771,K,18
OUTPUT,NaN,NaN,NaN,NaN,NaN,NaN

INPUT,0.405678898096085,0.042053360491991,0.793346583843231,-2.62666726112366,3.03346300125122,-1.67379570007324,K,19
OUTPUT,NaN,NaN,NaN,NaN,NaN,NaN

INPUT,0.406261384487152,0.0421038493514061,0.794468224048615,-2.62983798980713,3.032799243927,-1.67056024074554,K,20
OUTPUT,NaN,NaN,NaN,NaN,NaN,NaN

INPUT,0.371160477399826,0.0450986959040165,0.714756608009338,-2.28647208213806,3.03477191925049,-1.76488304138184,K,4
OUTPUT,NaN,NaN,NaN,NaN,NaN,NaN

INPUT,0.380869507789612,0.0473311990499496,0.729812502861023,-2.34170627593994,3.01425623893738,-1.70707166194916,K,5
OUTPUT,NaN,NaN,NaN,NaN,NaN,NaN

INPUT,0.390578508377075,0.0495637059211731,0.744868457317352,-2.39736819267273,2.99414658546448,-1.64954161643982,K,6
OUTPUT,NaN,NaN,NaN,NaN,NaN,NaN

INPUT,0.398129969835281,0.0513000972568989,0.756578624248505,-2.44087553024292,2.97882795333862,-1.60489690303802,K,7
OUTPUT,NaN,NaN,NaN,NaN,NaN,NaN

INPUT,0.40352389216423,0.0525403767824173,0.764943063259125,-2.47204637527466,2.96807742118835,-1.57303547859192,K,8
OUTPUT,NaN,NaN,NaN,NaN,NaN,NaN

INPUT,0.406760215759277,0.0532845444977283,0.769961714744568,-2.49078226089478,2.96170878410339,-1.55392444133759,K,9
OUTPUT,NaN,NaN,NaN,NaN,NaN,NaN

INPUT,0.375261157751083,0.0444433204829693,0.729655861854553,-2.3846492767334,3.06703519821167,-1.78927314281464,K,5
OUTPUT,NaN,NaN,NaN,NaN,NaN,NaN

INPUT,0.384215325117111,0.0461573600769043,0.74491161108017,-2.43507170677185,3.05517339706421,-1.73350059986115,K,6
OUTPUT,NaN,NaN,NaN,NaN,NaN,NaN

INPUT,0.39117968082428,0.0474905036389828,0.756777167320251,-2.47457671165466,3.04615569114685,-1.69075882434845,K,7
OUTPUT,NaN,NaN,NaN,NaN,NaN,NaN

INPUT,0.396154224872589,0.0484427474439144,0.765252590179443,-2.50279712677002,3.03985261917114,-1.66058671474457,K,8
OUTPUT,NaN,NaN,NaN,NaN,NaN,NaN

INPUT,0.399138927459717,0.0490140952169895,0.770337820053101,-2.51969337463379,3.03613305091858,-1.6426362991333,K,9
OUTPUT,NaN,NaN,NaN,NaN,NaN,NaN

INPUT,0.376756370067596,0.0468209236860275,0.716589450836182,-2.27549910545349,3.0328323841095,-1.81953513622284,K,4
OUTPUT,NaN,NaN,NaN,NaN,NaN,NaN

INPUT,0.387425899505615,0.0494455620646477,0.731619477272034,-2.32615566253662,3.01189064979553,-1.77034950256348,K,5
OUTPUT,NaN,NaN,NaN,NaN,NaN,NaN

INPUT,0.398095428943634,0.0520702004432678,0.746649444103241,-2.37667655944824,2.99127149581909,-1.72089338302612,K,6
OUTPUT,NaN,NaN,NaN,NaN,NaN,NaN

INPUT,0.40639391541481,0.0541115812957287,0.758339405059814,-2.41576600074768,2.97555756568909,-1.68244862556458,K,7
OUTPUT,NaN,NaN,NaN,NaN,NaN,NaN

INPUT,0.412321448326111,0.0555697157979012,0.766689360141754,-2.44351983070374,2.96454811096191,-1.65508353710175,K,8
OUTPUT,NaN,NaN,NaN,NaN,NaN,NaN

INPUT,0.415877938270569,0.0564445927739143,0.771699368953705,-2.46008825302124,2.9580397605896,-1.63872504234314,K,9
OUTPUT,NaN,NaN,NaN,NaN,NaN,NaN

INPUT,0.36123663187027,0.0345380492508411,0.725113689899445,1.05557787418365,3.1375424861908,1.71187424659729,K,4
OUTPUT,NaN,NaN,NaN,NaN,NaN,NaN

INPUT,0.367564022541046,0.034521970897913,0.738589704036713,0.904022932052612,3.13649797439575,1.67847895622253,K,5
OUTPUT,NaN,NaN,NaN,NaN,NaN,NaN

INPUT,0.3738913834095,0.0345058925449848,0.752065777778625,0.784092485904694,3.13544249534607,1.67670881748199,K,6
OUTPUT,NaN,NaN,NaN,NaN,NaN,NaN

INPUT,0.378812670707703,0.0344933867454529,0.762547135353088,0.703543066978455,3.13462471961975,1.68806171417236,K,7
OUTPUT,NaN,NaN,NaN,NaN,NaN,NaN

INPUT,0.382327854633331,0.0344844534993172,0.770033776760101,0.650581359863281,3.13404536247253,1.7007452249527,K,8
OUTPUT,NaN,NaN,NaN,NaN,NaN,NaN

INPUT,0.384436994791031,0.034479096531868,0.774525821208954,0.620219051837921,3.13370013237,1.70976984500885,K,9
OUTPUT,NaN,NaN,NaN,NaN,NaN,NaN

INPUT,0.368888080120087,0.0381907634437084,0.716179668903351,-2.42174243927002,3.07757019996643,-1.8928587436676,K,4
OUTPUT,NaN,NaN,NaN,NaN,NaN,NaN

INPUT,0.378279805183411,0.0389450825750828,0.73164027929306,-2.47596597671509,3.06534481048584,-1.83323311805725,K,5
OUTPUT,NaN,NaN,NaN,NaN,NaN,NaN

INPUT,0.387671560049057,0.0396994017064571,0.74710088968277,-2.53095674514771,3.05336570739746,-1.77432191371918,K,6
OUTPUT,NaN,NaN,NaN,NaN,NaN,NaN

INPUT,0.394976258277893,0.0402860939502716,0.759125828742981,-2.57407760620117,3.04424405097961,-1.72881162166595,K,7
OUTPUT,NaN,NaN,NaN,NaN,NaN,NaN

INPUT,0.400193899869919,0.0407051593065262,0.767715036869049,-2.60501742362976,3.03784441947937,-1.69641995429993,K,8
OUTPUT,NaN,NaN,NaN,NaN,NaN,NaN

INPUT,0.403324484825134,0.0409566015005112,0.772868573665619,-2.62362766265869,3.03405427932739,-1.67702126502991,K,9
OUTPUT,NaN,NaN,NaN,NaN,NaN,NaN

INPUT,0.373198360204697,0.0409188829362392,0.721805989742279,-2.45606637001038,3.06678295135498,-1.78323185443878,K,11
OUTPUT,NaN,NaN,NaN,NaN,NaN,NaN

INPUT,0.379587858915329,0.0416704788804054,0.733050882816315,-2.4949038028717,3.05847430229187,-1.74285101890564,K,12
OUTPUT,NaN,NaN,NaN,NaN,NaN,NaN

INPUT,0.385977387428284,0.0424220785498619,0.74429577589035,-2.53389430046082,3.05029559135437,-1.70259606838226,K,13
OUTPUT,NaN,NaN,NaN,NaN,NaN,NaN

INPUT,0.392366886138916,0.0431736782193184,0.755540609359741,-2.573002576828,3.04226016998291,-1.66242957115173,K,14
OUTPUT,NaN,NaN,NaN,NaN,NaN,NaN

INPUT,0.398756384849548,0.0439252778887749,0.766785502433777,-2.61220479011536,3.0343804359436,-1.6223258972168,K,15
OUTPUT,NaN,NaN,NaN,NaN,NaN,NaN

INPUT,0.404506951570511,0.0446017161011696,0.77690589427948,-2.64755368232727,3.02743244171143,-1.58627104759216,K,16
OUTPUT,NaN,NaN,NaN,NaN,NaN,NaN

INPUT,0.408979594707489,0.0451278351247311,0.784777283668518,-2.67508506774902,3.02212834358215,-1.55824661254883,K,17
OUTPUT,NaN,NaN,NaN,NaN,NaN,NaN

INPUT,0.412174344062805,0.0455036349594593,0.790399730205536,-2.69476866722107,3.01839566230774,-1.53823697566986,K,18
OUTPUT,NaN,NaN,NaN,NaN,NaN,NaN

INPUT,0.414091199636459,0.045729111880064,0.793773174285889,-2.70658564567566,3.01617932319641,-1.52623355388641,K,19
OUTPUT,NaN,NaN,NaN,NaN,NaN,NaN

INPUT,0.414730161428452,0.0458042733371258,0.794897675514221,-2.71052575111389,3.01544427871704,-1.52223265171051,K,20
OUTPUT,NaN,NaN,NaN,NaN,NaN,NaN

INPUT,0.363828539848328,0.0447783470153809,0.7211754322052,-2.01912522315979,3.08819174766541,-1.7141398191452,K,11
OUTPUT,NaN,NaN,NaN,NaN,NaN,NaN

INPUT,0.369115650653839,0.0459838658571243,0.73234611749649,-2.03571510314941,3.08201456069946,-1.69468319416046,K,12
OUTPUT,NaN,NaN,NaN,NaN,NaN,NaN

INPUT,0.374402791261673,0.0471893809735775,0.743516802787781,-2.05255484580994,3.07586455345154,-1.67551755905151,K,13
OUTPUT,NaN,NaN,NaN,NaN,NaN,NaN

INPUT,0.379689902067184,0.048394899815321,0.754687428474426,-2.06956243515015,3.06974816322327,-1.65658485889435,K,14
OUTPUT,NaN,NaN,NaN,NaN,NaN,NaN

INPUT,0.384977012872696,0.0496004186570644,0.765858113765717,-2.08667898178101,3.06367111206055,-1.63784861564636,K,15
OUTPUT,NaN,NaN,NaN,NaN,NaN,NaN

INPUT,0.38973543047905,0.0506853833794594,0.775911748409271,-2.10213947296143,3.05823993682861,-1.62113547325134,K,16
OUTPUT,NaN,NaN,NaN,NaN,NaN,NaN

INPUT,0.393436402082443,0.0515292473137379,0.783731162548065,-2.11418318748474,3.05404353141785,-1.60822725296021,K,17
OUTPUT,NaN,NaN,NaN,NaN,NaN,NaN

INPUT,0.396079987287521,0.0521320067346096,0.789316534996033,-2.12278938293457,3.05106210708618,-1.59905385971069,K,18
OUTPUT,NaN,NaN,NaN,NaN,NaN,NaN

INPUT,0.397666096687317,0.0524936616420746,0.792667746543884,-2.12795281410217,3.0492799282074,-1.59356832504272,K,19
OUTPUT,NaN,NaN,NaN,NaN,NaN,NaN

INPUT,0.398194819688797,0.0526142120361328,0.79378479719162,-2.12967395782471,3.04868698120117,-1.59174275398254,K,20
OUTPUT,NaN,NaN,NaN,NaN,NaN,NaN

INPUT,0.367993861436844,0.0498897880315781,0.720690667629242,-2.08990979194641,3.05572056770325,-1.69473266601563,K,11
OUTPUT,NaN,NaN,NaN,NaN,NaN,NaN

INPUT,0.373770982027054,0.0516967587172985,0.731804251670837,-2.11231112480164,3.04585266113281,-1.67059969902039,K,12
OUTPUT,NaN,NaN,NaN,NaN,NaN,NaN

INPUT,0.379548132419586,0.0535037256777287,0.742917835712433,-2.13488459587097,3.03603672981262,-1.64661717414856,K,13
OUTPUT,NaN,NaN,NaN,NaN,NaN,NaN

INPUT,0.385325223207474,0.0553106926381588,0.754031360149384,-2.15758967399597,3.02627778053284,-1.62274205684662,K,14
OUTPUT,NaN,NaN,NaN,NaN,NaN,NaN

INPUT,0.391102373600006,0.0571176633238792,0.765144944190979,-2.18039870262146,3.01658129692078,-1.59894478321075,K,15
OUTPUT,NaN,NaN,NaN,NaN,NaN,NaN

INPUT,0.396301776170731,0.0587439350783825,0.775147199630737,-2.20099997520447,3.00791215896606,-1.5775762796402,K,16
OUTPUT,NaN,NaN,NaN,NaN,NaN,NaN

INPUT,0.400345772504807,0.0600088126957417,0.782926678657532,-2.21706414222717,3.00120973587036,-1.56098067760468,K,17
OUTPUT,NaN,NaN,NaN,NaN,NaN,NaN

INPUT,0.403234332799911,0.0609122961759567,0.788483440876007,-2.22855806350708,2.9964451789856,-1.54913687705994,K,18
OUTPUT,NaN,NaN,NaN,NaN,NaN,NaN

INPUT,0.404967457056046,0.061454389244318,0.791817545890808,-2.23546195030212,2.99359583854675,-1.54203402996063,K,19
OUTPUT,NaN,NaN,NaN,NaN,NaN,NaN

INPUT,0.405545175075531,0.0616350844502449,0.792928874492645,-2.23776435852051,2.99264764785767,-1.53966689109802,K,20
OUTPUT,NaN,NaN,NaN,NaN,NaN,NaN

INPUT,0.363973915576935,0.0458926111459732,0.721532464027405,-1.9592809677124,3.07448077201843,-1.60528147220612,K,11
OUTPUT,NaN,NaN,NaN,NaN,NaN,NaN

INPUT,0.369278103113174,0.04722935333848,0.732745170593262,-1.97889029979706,3.06675243377686,-1.58323168754578,K,12
OUTPUT,NaN,NaN,NaN,NaN,NaN,NaN

INPUT,0.374582320451736,0.0485660955309868,0.743957877159119,-1.9987336397171,3.05905628204346,-1.56140375137329,K,13
OUTPUT,NaN,NaN,NaN,NaN,NaN,NaN

INPUT,0.379886537790298,0.0499028377234936,0.755170583724976,-2.01875257492065,3.05139589309692,-1.53973817825317,K,14
OUTPUT,NaN,NaN,NaN,NaN,NaN,NaN

INPUT,0.38519075512886,0.0512395799160004,0.766383290290833,-2.03890705108643,3.04377460479736,-1.51819384098053,K,15
OUTPUT,NaN,NaN,NaN,NaN,NaN,NaN

INPUT,0.389964520931244,0.0524426475167274,0.776474714279175,-2.05713891983032,3.03695154190063,-1.49888372421265,K,16
OUTPUT,NaN,NaN,NaN,NaN,NaN,NaN

INPUT,0.393677473068237,0.0533783696591854,0.784323632717133,-2.07137012481689,3.03167009353638,-1.4839061498642,K,17
OUTPUT,NaN,NaN,NaN,NaN,NaN,NaN

INPUT,0.396329581737518,0.054046742618084,0.789929986000061,-2.0815589427948,3.027911901474,-1.47322642803192,K,18
OUTPUT,NaN,NaN,NaN,NaN,NaN,NaN

INPUT,0.397920846939087,0.0544477626681328,0.79329377412796,-2.08768105506897,3.02566266059875,-1.46682524681091,K,19
OUTPUT,NaN,NaN,NaN,NaN,NaN,NaN

INPUT,0.398451268672943,0.0545814372599125,0.794415056705475,-2.08972311019897,3.02491402626038,-1.46469247341156,K,20
OUTPUT,NaN,NaN,NaN,NaN,NaN,NaN

INPUT,0.375329732894897,0.0427136532962322,0.72000390291214,-2.44318151473999,3.030193567276,-1.77886271476746,K,11
OUTPUT,NaN,NaN,NaN,NaN,NaN,NaN

INPUT,0.381969839334488,0.0436763688921928,0.731036782264709,-2.4818172454834,3.01775813102722,-1.73917937278748,K,12
OUTPUT,NaN,NaN,NaN,NaN,NaN,NaN

INPUT,0.388609945774078,0.0446390882134438,0.742069661617279,-2.52057790756226,3.00551223754883,-1.6995609998703,K,13
OUTPUT,NaN,NaN,NaN,NaN,NaN,NaN

INPUT,0.395250022411346,0.0456018038094044,0.753102481365204,-2.55944108963013,2.99347496032715,-1.65998041629791,K,14
OUTPUT,NaN,NaN,NaN,NaN,NaN,NaN

INPUT,0.401890158653259,0.0465645231306553,0.764135360717773,-2.59839272499084,2.98166465759277,-1.62041866779327,K,15
OUTPUT,NaN,NaN,NaN,NaN,NaN,NaN

INPUT,0.407866239547729,0.0474309697747231,0.774064958095551,-2.63351607322693,2.9712450504303,-1.58481729030609,K,16
OUTPUT,NaN,NaN,NaN,NaN,NaN,NaN

INPUT,0.412514328956604,0.0481048710644245,0.781787931919098,-2.66087484359741,2.96328663825989,-1.55712497234344,K,17
OUTPUT,NaN,NaN,NaN,NaN,NaN,NaN

INPUT,0.415834367275238,0.04858623072505,0.787304401397705,-2.68043732643127,2.95768427848816,-1.53734171390533,K,18
OUTPUT,NaN,NaN,NaN,NaN,NaN,NaN

INPUT,0.417826414108276,0.0488750450313091,0.790614247322083,-2.69218277931213,2.95435667037964,-1.52547001838684,K,19
OUTPUT,NaN,NaN,NaN,NaN,NaN,NaN

INPUT,0.418490409851074,0.0489713177084923,0.791717529296875,-2.69609928131104,2.95325303077698,-1.52151250839233,K,20
OUTPUT,NaN,NaN,NaN,NaN,NaN,NaN

INPUT,0.362249106168747,0.0401914827525616,0.722386002540588,-2.2980489730835,3.12181782722473,-1.73541128635406,K,11
OUTPUT,NaN,NaN,NaN,NaN,NaN,NaN

INPUT,0.367350488901138,0.040857557207346,0.733698964118958,-2.32780861854553,3.11965322494507,-1.69899773597717,K,12
OUTPUT,NaN,NaN,NaN,NaN,NaN,NaN

INPUT,0.37245187163353,0.0415236353874207,0.745011925697327,-2.35816383361816,3.11751222610474,-1.6631783246994,K,13
OUTPUT,NaN,NaN,NaN,NaN,NaN,NaN

INPUT,0.377553254365921,0.0421897135674953,0.756324946880341,-2.38896369934082,3.11539769172668,-1.62780201435089,K,14
OUTPUT,NaN,NaN,NaN,NaN,NaN,NaN

INPUT,0.382654666900635,0.04285579174757,0.76763790845871,-2.42010426521301,3.11331176757813,-1.59276449680328,K,15
OUTPUT,NaN,NaN,NaN,NaN,NaN,NaN

INPUT,0.387245893478394,0.0434552617371082,0.777819573879242,-2.44836068153381,3.11146068572998,-1.56145906448364,K,16
OUTPUT,NaN,NaN,NaN,NaN,NaN,NaN

INPUT,0.390816867351532,0.0439215153455734,0.785738706588745,-2.47046136856079,3.11003923416138,-1.5372326374054,K,17
OUTPUT,NaN,NaN,NaN,NaN,NaN,NaN

INPUT,0.393367558717728,0.0442545562982559,0.79139518737793,-2.48630452156067,3.10903429985046,-1.51998424530029,K,18
OUTPUT,NaN,NaN,NaN,NaN,NaN,NaN

INPUT,0.394897997379303,0.0444543771445751,0.79478907585144,-2.49583077430725,3.10843539237976,-1.50965547561646,K,19
OUTPUT,NaN,NaN,NaN,NaN,NaN,NaN

INPUT,0.395408123731613,0.0445209853351116,0.795920372009277,-2.49900960922241,3.10823655128479,-1.50621581077576,K,20
OUTPUT,NaN,NaN,NaN,NaN,NaN,NaN

INPUT,0.362563967704773,0.0444920845329762,0.720474004745483,-2.10489821434021,3.08322787284851,-1.70040035247803,K,11
OUTPUT,NaN,NaN,NaN,NaN,NaN,NaN

INPUT,0.367702573537827,0.0456640236079693,0.731562077999115,-2.12743043899536,3.07655215263367,-1.67533695697784,K,12
OUTPUT,NaN,NaN,NaN,NaN,NaN,NaN

INPUT,0.37284117937088,0.0468359664082527,0.742650151252747,-2.15020251274109,3.06991314888,-1.65050363540649,K,13
OUTPUT,NaN,NaN,NaN,NaN,NaN,NaN

INPUT,0.377979785203934,0.0480079017579556,0.753738164901733,-2.17315459251404,3.06331467628479,-1.62583863735199,K,14
OUTPUT,NaN,NaN,NaN,NaN,NaN,NaN

INPUT,0.383118391036987,0.0491798408329487,0.764826238155365,-2.19624543190002,3.05676054954529,-1.60130035877228,K,15
OUTPUT,NaN,NaN,NaN,NaN,NaN,NaN

INPUT,0.38774311542511,0.0502345860004425,0.77480548620224,-2.21712207794189,3.05090260505676,-1.57929933071136,K,16
OUTPUT,NaN,NaN,NaN,NaN,NaN,NaN

INPUT,0.391340136528015,0.0510549433529377,0.782567143440247,-2.23341107368469,3.0463752746582,-1.56223118305206,K,17
OUTPUT,NaN,NaN,NaN,NaN,NaN,NaN

INPUT,0.393909454345703,0.0516409128904343,0.78811115026474,-2.24506998062134,3.04315733909607,-1.55005931854248,K,18
OUTPUT,NaN,NaN,NaN,NaN,NaN,NaN

INPUT,0.395451039075851,0.0519924946129322,0.791437566280365,-2.25207424163818,3.04123330116272,-1.54276323318481,K,19
OUTPUT,NaN,NaN,NaN,NaN,NaN,NaN

INPUT,0.39596489071846,0.0521096885204315,0.792546391487122,-2.25441026687622,3.04059314727783,-1.54033231735229,K,20
OUTPUT,NaN,NaN,NaN,NaN,NaN,NaN

INPUT,0.373790502548218,0.0401722826063633,0.71707159280777,-2.45102047920227,3.06635999679565,-1.79609143733978,K,4
OUTPUT,NaN,NaN,NaN,NaN,NaN,NaN

INPUT,0.384022325277328,0.041384793817997,0.732420563697815,-2.51883745193481,3.05221009254456,-1.72285389900208,K,5
OUTPUT,NaN,NaN,NaN,NaN,NaN,NaN

INPUT,0.394254148006439,0.0425973013043404,0.74776953458786,-2.58743047714233,3.03850364685059,-1.65030431747437,K,6
OUTPUT,NaN,NaN,NaN,NaN,NaN,NaN

INPUT,0.402212232351303,0.0435403622686863,0.759707629680634,-2.64113926887512,3.02819395065308,-1.5941686630249,K,7
OUTPUT,NaN,NaN,NaN,NaN,NaN,NaN

INPUT,0.40789657831192,0.0442139767110348,0.768234848976135,-2.67964744567871,3.02103710174561,-1.55417764186859,K,8
OUTPUT,NaN,NaN,NaN,NaN,NaN,NaN

INPUT,0.41130718588829,0.0446181483566761,0.77335113286972,-2.70280051231384,3.01683115959167,-1.53021550178528,K,9
OUTPUT,NaN,NaN,NaN,NaN,NaN,NaN

INPUT,0.373132407665253,0.0457323305308819,0.730783343315125,-2.05048489570618,3.07716965675354,-1.69050598144531,K,5
OUTPUT,NaN,NaN,NaN,NaN,NaN,NaN

INPUT,0.381800711154938,0.0476434789597988,0.746294975280762,-2.0781877040863,3.06682205200195,-1.65401756763458,K,6
OUTPUT,NaN,NaN,NaN,NaN,NaN,NaN

INPUT,0.388542711734772,0.0491299256682396,0.758359491825104,-2.10046029090881,3.05883955955505,-1.62643349170685,K,7
OUTPUT,NaN,NaN,NaN,NaN,NaN,NaN

INPUT,0.393358439207077,0.0501916743814945,0.76697701215744,-2.11662817001343,3.05318212509155,-1.60706436634064,K,8
OUTPUT,NaN,NaN,NaN,NaN,NaN,NaN

INPUT,0.396247863769531,0.0508287250995636,0.772147536277771,-2.12640476226807,3.04980802536011,-1.59555959701538,K,9
OUTPUT,NaN,NaN,NaN,NaN,NaN,NaN

INPUT,0.368485927581787,0.0483892261981964,0.715291142463684,-2.08830165863037,3.0548791885376,-1.70516121387482,K,4
OUTPUT,NaN,NaN,NaN,NaN,NaN,NaN

INPUT,0.37780973315239,0.051278218626976,0.7306067943573,-2.12698340415955,3.03808498382568,-1.66033339500427,K,5
OUTPUT,NaN,NaN,NaN,NaN,NaN,NaN

INPUT,0.387133538722992,0.0541672147810459,0.74592250585556,-2.16655540466309,3.02147030830383,-1.61632347106934,K,6
OUTPUT,NaN,NaN,NaN,NaN,NaN,NaN

INPUT,0.394385367631912,0.0564142093062401,0.757834672927856,-2.19764995574951,3.00872850418091,-1.58254659175873,K,7
OUTPUT,NaN,NaN,NaN,NaN,NaN,NaN

INPUT,0.399565249681473,0.0580192059278488,0.766343355178833,-2.21993207931519,2.99974846839905,-1.55864822864532,K,8
OUTPUT,NaN,NaN,NaN,NaN,NaN,NaN

INPUT,0.402673184871674,0.0589822046458721,0.771448612213135,-2.2333071231842,2.9944155216217,-1.54440057277679,K,9
OUTPUT,NaN,NaN,NaN,NaN,NaN,NaN

INPUT,0.373254418373108,0.0467774718999863,0.731291532516479,-1.99581158161163,3.06058812141418,-1.57764840126038,K,5
OUTPUT,NaN,NaN,NaN,NaN,NaN,NaN

INPUT,0.381909608840942,0.0488590635359287,0.746864914894104,-2.02887201309204,3.04758548736572,-1.53603959083557,K,6
OUTPUT,NaN,NaN,NaN,NaN,NaN,NaN

INPUT,0.388641387224197,0.0504780784249306,0.758977591991425,-2.05527329444885,3.03758454322815,-1.50447082519531,K,7
OUTPUT,NaN,NaN,NaN,NaN,NaN,NaN

INPUT,0.393449813127518,0.0516345202922821,0.767629504203796,-2.07436156272888,3.03051662445068,-1.48226797580719,K,8
OUTPUT,NaN,NaN,NaN,NaN,NaN,NaN

INPUT,0.396334856748581,0.0523283816874027,0.772820651531219,-2.08587670326233,3.02631020545959,-1.46907138824463,K,9
OUTPUT,NaN,NaN,NaN,NaN,NaN,NaN

INPUT,0.375646591186523,0.0415482893586159,0.715654194355011,-2.43327307701111,3.02969598770142,-1.78761279582977,K,4
OUTPUT,NaN,NaN,NaN,NaN,NaN,NaN

INPUT,0.386093139648438,0.0430860966444016,0.73058807849884,-2.50251436233521,3.00847744941711,-1.71713256835938,K,5
OUTPUT,NaN,NaN,NaN,NaN,NaN,NaN

INPUT,0.396539688110352,0.0446239002048969,0.74552196264267,-2.57202124595642,2.98790717124939,-1.64672338962555,K,6
OUTPUT,NaN,NaN,NaN,NaN,NaN,NaN

INPUT,0.404664784669876,0.0458199717104435,0.75713723897934,-2.62623119354248,2.97242164611816,-1.59196043014526,K,7
OUTPUT,NaN,NaN,NaN,NaN,NaN,NaN

INPUT,0.410468429327011,0.046674307435751,0.765433847904205,-2.6650242805481,2.9616641998291,-1.55282998085022,K,8
OUTPUT,NaN,NaN,NaN,NaN,NaN,NaN

INPUT,0.413950592279434,0.0471869073808193,0.770411789417267,-2.68832731246948,2.95533895492554,-1.52934312820435,K,9
OUTPUT,NaN,NaN,NaN,NaN,NaN,NaN

INPUT,0.371466457843781,0.0410057529807091,0.732111811637878,-2.36239838600159,3.1176290512085,-1.69620144367218,K,5
OUTPUT,NaN,NaN,NaN,NaN,NaN,NaN

INPUT,0.379893243312836,0.0421273447573185,0.747886896133423,-2.4094557762146,3.11416339874268,-1.62568914890289,K,6
OUTPUT,NaN,NaN,NaN,NaN,NaN,NaN

INPUT,0.386447370052338,0.0429996885359287,0.760156393051147,-2.4479067325592,3.11153054237366,-1.57269310951233,K,7
OUTPUT,NaN,NaN,NaN,NaN,NaN,NaN

INPUT,0.391128927469254,0.0436227917671204,0.768920361995697,-2.47610092163086,3.10968732833862,-1.53556573390961,K,8
OUTPUT,NaN,NaN,NaN,NaN,NaN,NaN

INPUT,0.393937855958939,0.0439966544508934,0.774178683757782,-2.49325585365295,3.10859727859497,-1.51352679729462,K,9
OUTPUT,NaN,NaN,NaN,NaN,NaN,NaN

INPUT,0.371442556381226,0.0453942567110062,0.729879975318909,-2.14565658569336,3.07130575180054,-1.66741740703583,K,5
OUTPUT,NaN,NaN,NaN,NaN,NaN,NaN

INPUT,0.379812091588974,0.0472489781677723,0.745276629924774,-2.18415188789368,3.06006932258606,-1.62069690227509,K,6
OUTPUT,NaN,NaN,NaN,NaN,NaN,NaN

INPUT,0.386321693658829,0.0486915372312069,0.757251739501953,-2.2147171497345,3.05145645141602,-1.5851571559906,K,7
OUTPUT,NaN,NaN,NaN,NaN,NaN,NaN

INPUT,0.390971451997757,0.0497219376266003,0.765805423259735,-2.23673582077026,3.04538917541504,-1.56013929843903,K,8
OUTPUT,NaN,NaN,NaN,NaN,NaN,NaN

INPUT,0.393761277198792,0.0503401793539524,0.770937621593475,-2.2499885559082,3.04178714752197,-1.54526710510254,K,9
OUTPUT,NaN,NaN,NaN,NaN,NaN,NaN

INPUT,0.370661973953247,0.0574602968990803,0.719273686408997,-1.98702371120453,3.00631165504456,-1.75011301040649,K,11
OUTPUT,NaN,NaN,NaN,NaN,NaN,NaN

INPUT,0.376753240823746,0.0601578317582607,0.730220675468445,-2.00048327445984,2.99050331115723,-1.73552191257477,K,12
OUTPUT,NaN,NaN,NaN,NaN,NaN,NaN

INPUT,0.382844507694244,0.0628553628921509,0.741167604923248,-2.01405239105225,2.97474098205566,-1.72103583812714,K,13
OUTPUT,NaN,NaN,NaN,NaN,NaN,NaN

INPUT,0.388935744762421,0.0655528977513313,0.752114593982697,-2.02769780158997,2.95903563499451,-1.70663261413574,K,14
OUTPUT,NaN,NaN,NaN,NaN,NaN,NaN

INPUT,0.395027011632919,0.0682504326105118,0.7630615234375,-2.04139471054077,2.94339799880981,-1.692298412323,K,15
OUTPUT,NaN,NaN,NaN,NaN,NaN,NaN

INPUT,0.400509148836136,0.0706782117486,0.772913813591003,-2.05375051498413,2.92939138412476,-1.6794501543045,K,16
OUTPUT,NaN,NaN,NaN,NaN,NaN,NaN

INPUT,0.404773026704788,0.0725664868950844,0.780576646327972,-2.06337189674377,2.91854619979858,-1.66948938369751,K,17
OUTPUT,NaN,NaN,NaN,NaN,NaN,NaN

INPUT,0.407818675041199,0.0739152505993843,0.786050140857697,-2.07024741172791,2.91082811355591,-1.66239130496979,K,18
OUTPUT,NaN,NaN,NaN,NaN,NaN,NaN

INPUT,0.409646034240723,0.0747245103120804,0.789334237575531,-2.07437300682068,2.90620899200439,-1.65813899040222,K,19
OUTPUT,NaN,NaN,NaN,NaN,NaN,NaN

INPUT,0.410255163908005,0.0749942660331726,0.790428936481476,-2.07574844360352,2.90467143058777,-1.65672266483307,K,20
OUTPUT,NaN,NaN,NaN,NaN,NaN,NaN

INPUT,0.375073850154877,0.0487482436001301,0.720704615116119,-2.33681845664978,3.0277304649353,-1.90987050533295,K,11
OUTPUT,NaN,NaN,NaN,NaN,NaN,NaN

INPUT,0.381684809923172,0.0504209138453007,0.731818735599518,-2.36151313781738,3.01466965675354,-1.88423275947571,K,12
OUTPUT,NaN,NaN,NaN,NaN,NaN,NaN

INPUT,0.388295769691467,0.052093580365181,0.742932856082916,-2.38631629943848,3.00168919563293,-1.8586620092392,K,13
OUTPUT,NaN,NaN,NaN,NaN,NaN,NaN

INPUT,0.39490669965744,0.0537662506103516,0.754046976566315,-2.41120719909668,2.98879742622375,-1.8331333398819,K,14
OUTPUT,NaN,NaN,NaN,NaN,NaN,NaN

INPUT,0.401517659425735,0.0554389171302319,0.765161156654358,-2.43617224693298,2.97600221633911,-1.80762910842896,K,15
OUTPUT,NaN,NaN,NaN,NaN,NaN,NaN

INPUT,0.407467514276505,0.0569443218410015,0.77516382932663,-2.4586968421936,2.96457624435425,-1.78468573093414,K,16
OUTPUT,NaN,NaN,NaN,NaN,NaN,NaN

INPUT,0.412095189094543,0.0581151880323887,0.782943725585938,-2.47624921798706,2.95575213432312,-1.76684284210205,K,17
OUTPUT,NaN,NaN,NaN,NaN,NaN,NaN

INPUT,0.415400683879852,0.058951523154974,0.788500845432281,-2.48880386352539,2.94948434829712,-1.75409710407257,K,18
OUTPUT,NaN,NaN,NaN,NaN,NaN,NaN

INPUT,0.417383939027786,0.0594533234834671,0.791835069656372,-2.49634289741516,2.94573831558228,-1.74644899368286,K,19
OUTPUT,NaN,NaN,NaN,NaN,NaN,NaN

INPUT,0.418045043945313,0.059620589017868,0.792946457862854,-2.49885725975037,2.94449210166931,-1.74389934539795,K,20
OUTPUT,NaN,NaN,NaN,NaN,NaN,NaN

INPUT,0.359402567148209,0.0366842932999134,0.722570478916168,-2.2378306388855,3.13442802429199,-1.67450964450836,K,11
OUTPUT,NaN,NaN,NaN,NaN,NaN,NaN

INPUT,0.364169090986252,0.0369376353919506,0.73390519618988,-2.26102209091187,3.13369607925415,-1.63145172595978,K,12
OUTPUT,NaN,NaN,NaN,NaN,NaN,NaN

INPUT,0.368935644626617,0.0371909774839878,0.745239973068237,-2.28589177131653,3.13297176361084,-1.59007155895233,K,13
OUTPUT,NaN,NaN,NaN,NaN,NaN,NaN

INPUT,0.373702138662338,0.037444319576025,0.756574690341949,-2.31203413009644,3.13225674629211,-1.54996407032013,K,14
OUTPUT,NaN,NaN,NaN,NaN,NaN,NaN

INPUT,0.378468692302704,0.0376976616680622,0.767909407615662,-2.33916425704956,3.13155150413513,-1.51084411144257,K,15
OUTPUT,NaN,NaN,NaN,NaN,NaN,NaN

INPUT,0.382758557796478,0.0379256680607796,0.778110682964325,-2.36425447463989,3.13092589378357,-1.47630906105042,K,16
OUTPUT,NaN,NaN,NaN,NaN,NaN,NaN

INPUT,0.386095136404037,0.0381030067801476,0.786045014858246,-2.38413333892822,3.13044571876526,-1.44981265068054,K,17
OUTPUT,NaN,NaN,NaN,NaN,NaN,NaN

INPUT,0.388478398323059,0.0382296778261662,0.791712403297424,-2.39850115776062,3.13010621070862,-1.43105506896973,K,18
OUTPUT,NaN,NaN,NaN,NaN,NaN,NaN

INPUT,0.389908343553543,0.0383056774735451,0.795112788677216,-2.40718293190002,3.12990403175354,-1.41986155509949,K,19
OUTPUT,NaN,NaN,NaN,NaN,NaN,NaN

INPUT,0.390385001897812,0.0383310131728649,0.796246290206909,-2.41008639335632,3.12983679771423,-1.416139960289,K,20
OUTPUT,NaN,NaN,NaN,NaN,NaN,NaN

INPUT,0.367938667535782,0.0542762279510498,0.719665050506592,-1.96445643901825,3.04064393043518,-1.66558861732483,K,11
OUTPUT,NaN,NaN,NaN,NaN,NaN,NaN

INPUT,0.37370976805687,0.0565994530916214,0.730656981468201,-1.9813848733902,3.02888607978821,-1.64713799953461,K,12
OUTPUT,NaN,NaN,NaN,NaN,NaN,NaN

INPUT,0.379480868577957,0.058922678232193,0.741648972034454,-1.99844491481781,3.01717948913574,-1.62884449958801,K,13
OUTPUT,NaN,NaN,NaN,NaN,NaN,NaN

INPUT,0.385251969099045,0.0612458996474743,0.752640962600708,-2.01558780670166,3.00553584098816,-1.61068165302277,K,14
OUTPUT,NaN,NaN,NaN,NaN,NaN,NaN

INPUT,0.391023069620132,0.0635691285133362,0.763632953166962,-2.03277730941772,2.99396657943726,-1.59263467788696,K,15
OUTPUT,NaN,NaN,NaN,NaN,NaN,NaN

INPUT,0.396217077970505,0.0656600296497345,0.773525714874268,-2.04826378822327,2.9836266040802,-1.5764856338501,K,16
OUTPUT,NaN,NaN,NaN,NaN,NaN,NaN

INPUT,0.400256842374802,0.0672862827777863,0.781220138072968,-2.060307264328,2.97563695907593,-1.56398487091064,K,17
OUTPUT,NaN,NaN,NaN,NaN,NaN,NaN

INPUT,0.403142392635345,0.0684478953480721,0.786716103553772,-2.06890463829041,2.96996068954468,-1.55508768558502,K,18
OUTPUT,NaN,NaN,NaN,NaN,NaN,NaN

INPUT,0.404873698949814,0.0691448599100113,0.79001373052597,-2.07405996322632,2.9665675163269,-1.54976212978363,K,19
OUTPUT,NaN,NaN,NaN,NaN,NaN,NaN

INPUT,0.405450820922852,0.0693771839141846,0.791112899780273,-2.07577776908875,2.96543860435486,-1.54798913002014,K,20
OUTPUT,NaN,NaN,NaN,NaN,NaN,NaN

INPUT,0.371103674173355,0.0548926442861557,0.714265286922455,-1.98054182529449,3.00492382049561,-1.75337588787079,K,4
OUTPUT,NaN,NaN,NaN,NaN,NaN,NaN

INPUT,0.380866169929504,0.059126153588295,0.7292799949646,-2.00560688972473,2.97819137573242,-1.72775459289551,K,5
OUTPUT,NaN,NaN,NaN,NaN,NaN,NaN

INPUT,0.390628695487976,0.0633596628904343,0.744294762611389,-2.0308051109314,2.95156359672546,-1.70215582847595,K,6
OUTPUT,NaN,NaN,NaN,NaN,NaN,NaN

INPUT,0.398221731185913,0.0666523873806,0.755972862243652,-2.05045628547668,2.93096423149109,-1.68226325511932,K,7
OUTPUT,NaN,NaN,NaN,NaN,NaN,NaN

INPUT,0.403645366430283,0.0690043345093727,0.764314413070679,-2.06450629234314,2.91632723808289,-1.66806793212891,K,8
OUTPUT,NaN,NaN,NaN,NaN,NaN,NaN

INPUT,0.40689954161644,0.0704155042767525,0.769319355487823,-2.07293796539307,2.90758061408997,-1.65955793857574,K,9
OUTPUT,NaN,NaN,NaN,NaN,NaN,NaN

INPUT,0.375603169202805,0.0471126325428486,0.716529309749603,-2.32296586036682,3.02682328224182,-1.90968871116638,K,4
OUTPUT,NaN,NaN,NaN,NaN,NaN,NaN

INPUT,0.386007905006409,0.0498021617531776,0.731565713882446,-2.37018227577209,3.0045280456543,-1.86634635925293,K,5
OUTPUT,NaN,NaN,NaN,NaN,NaN,NaN

INPUT,0.396412670612335,0.0524916872382164,0.746602177619934,-2.41692900657654,2.98251295089722,-1.82239627838135,K,6
OUTPUT,NaN,NaN,NaN,NaN,NaN,NaN

INPUT,0.404505252838135,0.0545835420489311,0.758297204971313,-2.45297312736511,2.96567273139954,-1.78804171085358,K,7
OUTPUT,NaN,NaN,NaN,NaN,NaN,NaN

INPUT,0.41028568148613,0.0560777224600315,0.766650795936584,-2.47853326797485,2.95383358001709,-1.76349973678589,K,8
OUTPUT,NaN,NaN,NaN,NaN,NaN,NaN

INPUT,0.413753926753998,0.0569742321968079,0.771662950515747,-2.49378705024719,2.94681596755981,-1.74879539012909,K,9
OUTPUT,NaN,NaN,NaN,NaN,NaN,NaN

INPUT,0.36819714307785,0.0370093882083893,0.732159018516541,-2.32610988616943,3.1326584815979,-1.65892934799194,K,5
OUTPUT,NaN,NaN,NaN,NaN,NaN,NaN

INPUT,0.376121789216995,0.0374286323785782,0.7480309009552,-2.35113191604614,3.13161897659302,-1.5663161277771,K,6
OUTPUT,NaN,NaN,NaN,NaN,NaN,NaN

INPUT,0.382285386323929,0.0377547144889832,0.760375738143921,-2.37506175041199,3.1308274269104,-1.49875175952911,K,7
OUTPUT,NaN,NaN,NaN,NaN,NaN,NaN

INPUT,0.386687964200974,0.0379876308143139,0.769193470478058,-2.39400577545166,3.13027310371399,-1.45234227180481,K,8
OUTPUT,NaN,NaN,NaN,NaN,NaN,NaN

INPUT,0.389329522848129,0.0381273776292801,0.774484157562256,-2.4059956073761,3.12994527816772,-1.42511999607086,K,9
OUTPUT,NaN,NaN,NaN,NaN,NaN,NaN

INPUT,0.368423253297806,0.0523375533521175,0.714204013347626,-1.96358847618103,3.03975343704224,-1.67510223388672,K,4
OUTPUT,NaN,NaN,NaN,NaN,NaN,NaN

INPUT,0.377775847911835,0.056036077439785,0.729350090026855,-1.99239158630371,3.01986193656921,-1.6405622959137,K,5
OUTPUT,NaN,NaN,NaN,NaN,NaN,NaN

INPUT,0.387128412723541,0.0597346089780331,0.74449610710144,-2.02203607559204,3.00009155273438,-1.60678720474243,K,6
OUTPUT,NaN,NaN,NaN,NaN,NaN,NaN

INPUT,0.394402623176575,0.0626112371683121,0.756276369094849,-2.04543924331665,2.98483896255493,-1.58089244365692,K,7
OUTPUT,NaN,NaN,NaN,NaN,NaN,NaN

INPUT,0.399598479270935,0.0646659731864929,0.764690816402435,-2.06226992607117,2.97402858734131,-1.56256222724915,K,8
OUTPUT,NaN,NaN,NaN,NaN,NaN,NaN

INPUT,0.402716010808945,0.0658988207578659,0.769739508628845,-2.07239818572998,2.96758103370667,-1.55162501335144,K,9
OUTPUT,NaN,NaN,NaN,NaN,NaN,NaN

INPUT,0.357849895954132,0.0441307350993156,0.722338557243347,-2.01491093635559,3.0971314907074,-1.80110907554626,K,11
OUTPUT,NaN,NaN,NaN,NaN,NaN,NaN

INPUT,0.362433552742004,0.04526012763381,0.733646035194397,-2.02586245536804,3.09199237823486,-1.78686261177063,K,12
OUTPUT,NaN,NaN,NaN,NaN,NaN,NaN

INPUT,0.367017179727554,0.0463895164430141,0.744953572750092,-2.03711700439453,3.08686423301697,-1.77293276786804,K,13
OUTPUT,NaN,NaN,NaN,NaN,NaN,NaN

INPUT,0.371600836515427,0.0475189015269279,0.756261110305786,-2.04859113693237,3.08174967765808,-1.75924372673035,K,14
OUTPUT,NaN,NaN,NaN,NaN,NaN,NaN

INPUT,0.376184493303299,0.0486482940614223,0.767568588256836,-2.06022572517395,3.07665133476257,-1.74574458599091,K,15
OUTPUT,NaN,NaN,NaN,NaN,NaN,NaN

INPUT,0.380309760570526,0.049664743244648,0.777745366096497,-2.07079887390137,3.07207870483398,-1.73372900485992,K,16
OUTPUT,NaN,NaN,NaN,NaN,NaN,NaN

INPUT,0.383518308401108,0.050455316901207,0.785660624504089,-2.07907319068909,3.06853365898132,-1.72445893287659,K,17
OUTPUT,NaN,NaN,NaN,NaN,NaN,NaN

INPUT,0.385810136795044,0.051020011305809,0.791314423084259,-2.08500504493713,3.06600832939148,-1.71787369251251,K,18
OUTPUT,NaN,NaN,NaN,NaN,NaN,NaN

INPUT,0.387185245752335,0.0513588264584541,0.794706642627716,-2.08857154846191,3.06449580192566,-1.71393620967865,K,19
OUTPUT,NaN,NaN,NaN,NaN,NaN,NaN

INPUT,0.387643605470657,0.0514717660844326,0.79583740234375,-2.08976149559021,3.06399202346802,-1.71262586116791,K,20
OUTPUT,NaN,NaN,NaN,NaN,NaN,NaN

INPUT,0.35869824886322,0.0274825543165207,0.733883619308472,1.26565933227539,3.10214805603027,1.4654815196991,K,12
OUTPUT,NaN,NaN,NaN,NaN,NaN,NaN

INPUT,0.362913012504578,0.0267370361834764,0.745200991630554,1.25410640239716,3.09795522689819,1.47498178482056,K,13
OUTPUT,NaN,NaN,NaN,NaN,NaN,NaN

INPUT,0.367127746343613,0.0259915180504322,0.756518423557281,1.24274027347565,3.09377026557922,1.48465609550476,K,14
OUTPUT,NaN,NaN,NaN,NaN,NaN,NaN

INPUT,0.37134250998497,0.025245999917388,0.767835795879364,1.23151922225952,3.08959436416626,1.49445843696594,K,15
OUTPUT,NaN,NaN,NaN,NaN,NaN,NaN

INPUT,0.375135809183121,0.0245750341564417,0.778021514415741,1.22152101993561,3.08584475517273,1.50336265563965,K,16
OUTPUT,NaN,NaN,NaN,NaN,NaN,NaN

INPUT,0.378086149692535,0.0240531712770462,0.785943686962128,1.21380054950714,3.08293509483337,1.51032960414886,K,17
OUTPUT,NaN,NaN,NaN,NaN,NaN,NaN

INPUT,0.380193531513214,0.0236804131418467,0.791602373123169,1.20831251144409,3.08086061477661,1.51532399654388,K,18
OUTPUT,NaN,NaN,NaN,NaN,NaN,NaN

INPUT,0.381457954645157,0.0234567578881979,0.794997572898865,1.20502960681915,3.07961750030518,1.51832664012909,K,19
OUTPUT,NaN,NaN,NaN,NaN,NaN,NaN

INPUT,0.381879419088364,0.0233822055160999,0.79612934589386,1.20393681526184,3.07920336723328,1.51932859420776,K,20
OUTPUT,NaN,NaN,NaN,NaN,NaN,NaN

INPUT,0.362148344516754,0.0371783636510372,0.721636295318604,-2.46399140357971,3.10429644584656,-1.74272835254669,K,11
OUTPUT,NaN,NaN,NaN,NaN,NaN,NaN

INPUT,0.367238253355026,0.0374899581074715,0.732860207557678,-2.50490355491638,3.10022926330566,-1.69878792762756,K,12
OUTPUT,NaN,NaN,NaN,NaN,NaN,NaN

INPUT,0.372328162193298,0.0378015525639057,0.744084119796753,-2.54608821868896,3.09623646736145,-1.65511286258698,K,13
OUTPUT,NaN,NaN,NaN,NaN,NaN,NaN

INPUT,0.377418041229248,0.0381131507456303,0.755308032035828,-2.58747625350952,3.09232521057129,-1.61163377761841,K,14
OUTPUT,NaN,NaN,NaN,NaN,NaN,NaN

INPUT,0.38250795006752,0.0384247452020645,0.766531884670258,-2.62902092933655,3.08850240707397,-1.56830286979675,K,15
OUTPUT,NaN,NaN,NaN,NaN,NaN,NaN

INPUT,0.387088865041733,0.0387051813304424,0.776633441448212,-2.66651678085327,3.08514356613159,-1.52940368652344,K,16
OUTPUT,NaN,NaN,NaN,NaN,NaN,NaN

INPUT,0.390651792287827,0.0389232970774174,0.784490168094635,-2.69573736190796,3.08258771896362,-1.49920094013214,K,17
OUTPUT,NaN,NaN,NaN,NaN,NaN,NaN

INPUT,0.393196761608124,0.0390790961682796,0.790102124214172,-2.71663570404053,3.08079385757446,-1.47765135765076,K,18
OUTPUT,NaN,NaN,NaN,NaN,NaN,NaN

INPUT,0.39472371339798,0.039172574877739,0.793469250202179,-2.7291841506958,3.07973051071167,-1.46472990512848,K,19
OUTPUT,NaN,NaN,NaN,NaN,NaN,NaN

INPUT,0.395232707262039,0.0392037332057953,0.794591665267944,-2.73336839675903,3.07937836647034,-1.46042418479919,K,20
OUTPUT,NaN,NaN,NaN,NaN,NaN,NaN

INPUT,0.378571301698685,0.0556573756039143,0.717919945716858,-2.15208983421326,2.99648594856262,-1.8030264377594,K,11
OUTPUT,NaN,NaN,NaN,NaN,NaN,NaN

INPUT,0.385593116283417,0.0581427812576294,0.728707611560822,-2.17222380638123,2.97970581054688,-1.7819482088089,K,12
OUTPUT,NaN,NaN,NaN,NaN,NaN,NaN

INPUT,0.392614960670471,0.0606281906366348,0.739495277404785,-2.19247436523438,2.96299409866333,-1.76093029975891,K,13
OUTPUT,NaN,NaN,NaN,NaN,NaN,NaN

INPUT,0.399636805057526,0.0631135925650597,0.750282883644104,-2.2128210067749,2.94635796546936,-1.73994708061218,K,14
OUTPUT,NaN,NaN,NaN,NaN,NaN,NaN

INPUT,0.40665864944458,0.0655989944934845,0.761070549488068,-2.23325109481812,2.9298050403595,-1.71897995471954,K,15
OUTPUT,NaN,NaN,NaN,NaN,NaN,NaN

INPUT,0.412978291511536,0.0678358599543571,0.770779430866241,-2.25170254707336,2.91498422622681,-1.70011186599731,K,16
OUTPUT,NaN,NaN,NaN,NaN,NaN,NaN

INPUT,0.417893588542938,0.0695756450295448,0.77833080291748,-2.26609301567078,2.9035108089447,-1.68543291091919,K,17
OUTPUT,NaN,NaN,NaN,NaN,NaN,NaN

INPUT,0.421404480934143,0.0708183497190475,0.78372460603714,-2.27639222145081,2.89534592628479,-1.6749439239502,K,18
OUTPUT,NaN,NaN,NaN,NaN,NaN,NaN

INPUT,0.423511028289795,0.0715639665722847,0.786960899829865,-2.28257966041565,2.8904595375061,-1.66864848136902,K,19
OUTPUT,NaN,NaN,NaN,NaN,NaN,NaN

INPUT,0.424213230609894,0.0718125104904175,0.788039684295654,-2.28464365005493,2.88883280754089,-1.66654968261719,K,20
OUTPUT,NaN,NaN,NaN,NaN,NaN,NaN

INPUT,0.363082975149155,0.0384553335607052,0.732852280139923,-2.10768461227417,3.12692451477051,-1.65732181072235,K,12
OUTPUT,NaN,NaN,NaN,NaN,NaN,NaN

INPUT,0.367735534906387,0.03886853531003,0.744075417518616,-2.12688422203064,3.12547969818115,-1.62913465499878,K,13
OUTPUT,NaN,NaN,NaN,NaN,NaN,NaN

INPUT,0.37238809466362,0.0392817333340645,0.755298495292664,-2.14682149887085,3.12404370307922,-1.60168492794037,K,14
OUTPUT,NaN,NaN,NaN,NaN,NaN,NaN

INPUT,0.377040684223175,0.0396949350833893,0.766521632671356,-2.16732597351074,3.12261724472046,-1.57480156421661,K,15
OUTPUT,NaN,NaN,NaN,NaN,NaN,NaN

INPUT,0.381227970123291,0.0400668159127235,0.776622414588928,-2.1861629486084,3.12134265899658,-1.55098903179169,K,16
OUTPUT,NaN,NaN,NaN,NaN,NaN,NaN

INPUT,0.384484767913818,0.0403560549020767,0.784478604793549,-2.20102000236511,3.12035727500916,-1.53267383575439,K,17
OUTPUT,NaN,NaN,NaN,NaN,NaN,NaN

INPUT,0.386811047792435,0.0405626557767391,0.790090143680573,-2.21172714233398,3.11965727806091,-1.51968634128571,K,18
OUTPUT,NaN,NaN,NaN,NaN,NaN,NaN

INPUT,0.388206839561462,0.0406866148114204,0.793457090854645,-2.21818566322327,3.11923861503601,-1.51192808151245,K,19
OUTPUT,NaN,NaN,NaN,NaN,NaN,NaN

INPUT,0.388672083616257,0.040727935731411,0.794579386711121,-2.22034382820129,3.11909914016724,-1.50934731960297,K,20
OUTPUT,NaN,NaN,NaN,NaN,NaN,NaN

INPUT,0.366080582141876,0.0451158657670021,0.731954395771027,-2.03808951377869,3.08786296844482,-1.78568232059479,K,5
OUTPUT,NaN,NaN,NaN,NaN,NaN,NaN

INPUT,0.373566418886185,0.0469193197786808,0.747773945331573,-2.05576372146606,3.07923126220703,-1.75841271877289,K,6
OUTPUT,NaN,NaN,NaN,NaN,NaN,NaN

INPUT,0.379388749599457,0.0483220033347607,0.760078012943268,-2.07032918930054,3.07254433631897,-1.73804402351379,K,7
OUTPUT,NaN,NaN,NaN,NaN,NaN,NaN

INPUT,0.383547574281693,0.0493239238858223,0.76886659860611,-2.08104419708252,3.06778621673584,-1.72383058071136,K,8
OUTPUT,NaN,NaN,NaN,NaN,NaN,NaN

INPUT,0.386042863130569,0.0499250739812851,0.774139761924744,-2.08757138252258,3.06493949890137,-1.71541440486908,K,9
OUTPUT,NaN,NaN,NaN,NaN,NaN,NaN

INPUT,0.37103408575058,0.0373683795332909,0.73124372959137,-2.53799629211426,3.09701943397522,-1.68407070636749,K,5
OUTPUT,NaN,NaN,NaN,NaN,NaN,NaN

INPUT,0.379334717988968,0.0378513969480991,0.746862947940826,-2.60718393325806,3.09040307998657,-1.60243391990662,K,6
OUTPUT,NaN,NaN,NaN,NaN,NaN,NaN

INPUT,0.385790765285492,0.0382270775735378,0.759011209011078,-2.66200041770935,3.08545517921448,-1.53992605209351,K,7
OUTPUT,NaN,NaN,NaN,NaN,NaN,NaN

INPUT,0.390402227640152,0.0384954214096069,0.767688512802124,-2.70154523849487,3.08203768730164,-1.49565756320953,K,8
OUTPUT,NaN,NaN,NaN,NaN,NaN,NaN

INPUT,0.393169105052948,0.0386564247310162,0.77289491891861,-2.72539877891541,3.08003687858582,-1.46921896934509,K,9
OUTPUT,NaN,NaN,NaN,NaN,NaN,NaN

INPUT,0.378958880901337,0.0531204640865326,0.713878095149994,-2.13909912109375,2.99464154243469,-1.80291974544525,K,4
OUTPUT,NaN,NaN,NaN,NaN,NaN,NaN

INPUT,0.390071123838425,0.0570676624774933,0.728383183479309,-2.17812585830688,2.9661922454834,-1.76740896701813,K,5
OUTPUT,NaN,NaN,NaN,NaN,NaN,NaN

INPUT,0.401183366775513,0.061014860868454,0.742888331413269,-2.21675753593445,2.93798542022705,-1.73131716251373,K,6
OUTPUT,NaN,NaN,NaN,NaN,NaN,NaN

INPUT,0.409826248884201,0.0640849024057388,0.754170060157776,-2.24658179283142,2.91629648208618,-1.7030280828476,K,7
OUTPUT,NaN,NaN,NaN,NaN,NaN,NaN

INPUT,0.415999710559845,0.0662777870893478,0.762228429317474,-2.26776814460754,2.90097379684448,-1.68276715278625,K,8
OUTPUT,NaN,NaN,NaN,NaN,NaN,NaN

INPUT,0.419703811407089,0.0675935223698616,0.767063498497009,-2.28043103218079,2.89185762405396,-1.67060375213623,K,9
OUTPUT,NaN,NaN,NaN,NaN,NaN,NaN

INPUT,0.359101712703705,0.0285127330571413,0.724686324596405,1.29975473880768,3.10357117652893,1.48862278461456,K,4
OUTPUT,NaN,NaN,NaN,NaN,NaN,NaN

INPUT,0.365249514579773,0.0274627692997456,0.738313913345337,1.27090835571289,3.09710454940796,1.49327683448792,K,5
OUTPUT,NaN,NaN,NaN,NaN,NaN,NaN

INPUT,0.371397286653519,0.026412807404995,0.751941502094269,1.24512827396393,3.09064555168152,1.50100183486938,K,6
OUTPUT,NaN,NaN,NaN,NaN,NaN,NaN

INPUT,0.37617889046669,0.0255961697548628,0.762540698051453,1.22652328014374,3.08563160896301,1.50844752788544,K,7
OUTPUT,NaN,NaN,NaN,NaN,NaN,NaN

INPUT,0.379594355821609,0.025012856349349,0.770111560821533,1.21381592750549,3.0820574760437,1.51433801651001,K,8
OUTPUT,NaN,NaN,NaN,NaN,NaN,NaN

INPUT,0.38164359331131,0.0246628690510988,0.77465409040451,1.20638477802277,3.07991647720337,1.51805996894836,K,9
OUTPUT,NaN,NaN,NaN,NaN,NaN,NaN

INPUT,0.36357393860817,0.038069449365139,0.724797248840332,-2.1371476650238,3.12647247314453,-1.71470367908478,K,4
OUTPUT,NaN,NaN,NaN,NaN,NaN,NaN

INPUT,0.370145559310913,0.038678340613842,0.73797619342804,-2.15406131744385,3.12448620796204,-1.65505397319794,K,5
OUTPUT,NaN,NaN,NaN,NaN,NaN,NaN

INPUT,0.376717150211334,0.0392872355878353,0.751155197620392,-2.17540502548218,3.12251877784729,-1.59983313083649,K,6
OUTPUT,NaN,NaN,NaN,NaN,NaN,NaN

INPUT,0.381828397512436,0.0397608168423176,0.761405527591705,-2.19418621063232,3.12100839614868,-1.55920624732971,K,7
OUTPUT,NaN,NaN,NaN,NaN,NaN,NaN

INPUT,0.385479301214218,0.0400990881025791,0.76872718334198,-2.20848178863525,3.1199426651001,-1.53120791912079,K,8
OUTPUT,NaN,NaN,NaN,NaN,NaN,NaN

INPUT,0.387669831514359,0.0403020530939102,0.773120224475861,-2.21734666824341,3.11930918693542,-1.51477015018463,K,9
OUTPUT,NaN,NaN,NaN,NaN,NaN,NaN

INPUT,0.365381628274918,0.0445927083492279,0.722738802433014,-2.1944887638092,3.0917444229126,-1.7050062417984,K,11
OUTPUT,NaN,NaN,NaN,NaN,NaN,NaN

INPUT,0.370851874351501,0.0457765273749828,0.734092533588409,-2.22191786766052,3.08610129356384,-1.67484593391418,K,12
OUTPUT,NaN,NaN,NaN,NaN,NaN,NaN

INPUT,0.376322150230408,0.0469603501260281,0.74544620513916,-2.24960279464722,3.08050417900085,-1.64493227005005,K,13
OUTPUT,NaN,NaN,NaN,NaN,NaN,NaN

INPUT,0.381792396306992,0.0481441654264927,0.756799876689911,-2.27747893333435,3.07495760917664,-1.61520004272461,K,14
OUTPUT,NaN,NaN,NaN,NaN,NaN,NaN

INPUT,0.387262672185898,0.0493279881775379,0.768153607845306,-2.30550241470337,3.06946635246277,-1.585604429245,K,15
OUTPUT,NaN,NaN,NaN,NaN,NaN,NaN

INPUT,0.392185896635056,0.0503934249281883,0.778371930122375,-2.33082365989685,3.06457495689392,-1.55905890464783,K,16
OUTPUT,NaN,NaN,NaN,NaN,NaN,NaN

INPUT,0.396015107631683,0.05122210085392,0.786319553852081,-2.35057234764099,3.06080627441406,-1.53846001625061,K,17
OUTPUT,NaN,NaN,NaN,NaN,NaN,NaN

INPUT,0.398750215768814,0.0518140085041523,0.791996359825134,-2.3647038936615,3.05813455581665,-1.52376806735992,K,18
OUTPUT,NaN,NaN,NaN,NaN,NaN,NaN

INPUT,0.400391310453415,0.0521691553294659,0.795402467250824,-2.37319183349609,3.05653953552246,-1.51496064662933,K,19
OUTPUT,NaN,NaN,NaN,NaN,NaN,NaN

INPUT,0.400938332080841,0.0522875376045704,0.79653787612915,-2.37602281570435,3.05600929260254,-1.51202595233917,K,20
OUTPUT,NaN,NaN,NaN,NaN,NaN,NaN

INPUT,0.368659228086472,0.047845896333456,0.720624923706055,-2.19524788856506,3.03570914268494,-1.6412912607193,K,11
OUTPUT,NaN,NaN,NaN,NaN,NaN,NaN

INPUT,0.374514847993851,0.0494124032557011,0.731730818748474,-2.22719788551331,3.0237123966217,-1.60795187950134,K,12
OUTPUT,NaN,NaN,NaN,NaN,NaN,NaN

INPUT,0.38037046790123,0.0509789101779461,0.742836713790894,-2.25929856300354,3.01184105873108,-1.57471716403961,K,13
OUTPUT,NaN,NaN,NaN,NaN,NaN,NaN

INPUT,0.386226087808609,0.0525454133749008,0.753942608833313,-2.29151892662048,3.00010800361633,-1.5415518283844,K,14
OUTPUT,NaN,NaN,NaN,NaN,NaN,NaN

INPUT,0.392081677913666,0.0541119165718555,0.765048503875732,-2.32383799552917,2.98852562904358,-1.50843131542206,K,15
OUTPUT,NaN,NaN,NaN,NaN,NaN,NaN

INPUT,0.397351741790771,0.0555217750370502,0.775043785572052,-2.35299801826477,2.9782407283783,-1.47864651679993,K,16
OUTPUT,NaN,NaN,NaN,NaN,NaN,NaN

INPUT,0.401450663805008,0.0566183254122734,0.782817959785461,-2.37572073936462,2.97033858299255,-1.45548915863037,K,17
OUTPUT,NaN,NaN,NaN,NaN,NaN,NaN

INPUT,0.404378473758698,0.0574015788733959,0.788370907306671,-2.39197254180908,2.9647490978241,-1.43895065784454,K,18
OUTPUT,NaN,NaN,NaN,NaN,NaN,NaN

INPUT,0.40613517165184,0.0578715279698372,0.791702628135681,-2.40173172950745,2.96141791343689,-1.42902791500092,K,19
OUTPUT,NaN,NaN,NaN,NaN,NaN,NaN

INPUT,0.406720727682114,0.0580281801521778,0.792813241481781,-2.40498614311218,2.9603111743927,-1.42572033405304,K,20
OUTPUT,NaN,NaN,NaN,NaN,NaN,NaN

INPUT,0.364619225263596,0.0471028126776218,0.720898807048798,-1.98375010490417,3.06403541564941,-1.69524765014648,K,11
OUTPUT,NaN,NaN,NaN,NaN,NaN,NaN

INPUT,0.369999706745148,0.0485820807516575,0.732036054134369,-1.99983191490173,3.05501961708069,-1.67722344398499,K,12
OUTPUT,NaN,NaN,NaN,NaN,NaN,NaN

INPUT,0.3753801882267,0.0500613488256931,0.743173241615295,-2.01608300209045,3.04604005813599,-1.6593976020813,K,13
OUTPUT,NaN,NaN,NaN,NaN,NaN,NaN

INPUT,0.380760669708252,0.0515406131744385,0.754310429096222,-2.03244590759277,3.037104845047,-1.64173209667206,K,14
OUTPUT,NaN,NaN,NaN,NaN,NaN,NaN

INPUT,0.386141151189804,0.0530198812484741,0.765447616577148,-2.04887819290161,3.02822184562683,-1.62420451641083,K,15
OUTPUT,NaN,NaN,NaN,NaN,NaN,NaN

INPUT,0.390983611345291,0.0543512254953384,0.775471091270447,-2.06369948387146,3.02027797698975,-1.60853636264801,K,16
OUTPUT,NaN,NaN,NaN,NaN,NaN,NaN

INPUT,0.394749939441681,0.0553867109119892,0.783267140388489,-2.07523560523987,3.01413655281067,-1.59641623497009,K,17
OUTPUT,NaN,NaN,NaN,NaN,NaN,NaN

INPUT,0.397440165281296,0.056126344949007,0.788835763931274,-2.08347511291504,3.00977110862732,-1.58779346942902,K,18
OUTPUT,NaN,NaN,NaN,NaN,NaN,NaN

INPUT,0.399054318666458,0.0565701238811016,0.792176902294159,-2.08841729164124,3.00716066360474,-1.5826336145401,K,19
OUTPUT,NaN,NaN,NaN,NaN,NaN,NaN

INPUT,0.399592369794846,0.0567180514335632,0.793290615081787,-2.09006452560425,3.00629210472107,-1.58091592788696,K,20
OUTPUT,NaN,NaN,NaN,NaN,NaN,NaN

INPUT,0.359032064676285,0.0433636903762817,0.722787439823151,-2.1847128868103,3.08857774734497,-1.74223172664642,K,11
OUTPUT,NaN,NaN,NaN,NaN,NaN,NaN

INPUT,0.363755106925964,0.0444028340280056,0.734147846698761,-2.20942497253418,3.08254623413086,-1.71488273143768,K,12
OUTPUT,NaN,NaN,NaN,NaN,NaN,NaN

INPUT,0.368478119373322,0.0454419739544392,0.745508193969727,-2.23438549041748,3.07655453681946,-1.68777275085449,K,13
OUTPUT,NaN,NaN,NaN,NaN,NaN,NaN

INPUT,0.373201131820679,0.046481117606163,0.756868481636047,-2.25953149795532,3.07060694694519,-1.6608384847641,K,14
OUTPUT,NaN,NaN,NaN,NaN,NaN,NaN

INPUT,0.377924144268036,0.0475202575325966,0.768228828907013,-2.2848207950592,3.06470727920532,-1.63403654098511,K,15
OUTPUT,NaN,NaN,NaN,NaN,NaN,NaN

INPUT,0.382174879312515,0.0484554842114449,0.778453171253204,-2.30767869949341,3.05944204330444,-1.61000204086304,K,16
OUTPUT,NaN,NaN,NaN,NaN,NaN,NaN

INPUT,0.385480999946594,0.0491828843951225,0.786405384540558,-2.32550978660583,3.05537796020508,-1.59135460853577,K,17
OUTPUT,NaN,NaN,NaN,NaN,NaN,NaN

INPUT,0.387842506170273,0.0497024543583393,0.792085587978363,-2.33827114105225,3.05249238014221,-1.57805585861206,K,18
OUTPUT,NaN,NaN,NaN,NaN,NaN,NaN

INPUT,0.389259397983551,0.0500141978263855,0.795493721961975,-2.3459370136261,3.05076837539673,-1.57008397579193,K,19
OUTPUT,NaN,NaN,NaN,NaN,NaN,NaN

INPUT,0.389731705188751,0.0501181110739708,0.796629726886749,-2.3484935760498,3.05019474029541,-1.56742775440216,K,20
OUTPUT,NaN,NaN,NaN,NaN,NaN,NaN

INPUT,0.364101141691208,0.0367500446736813,0.732745587825775,-2.18823266029358,3.12537026405334,-1.60889494419098,K,12
OUTPUT,NaN,NaN,NaN,NaN,NaN,NaN

INPUT,0.368860900402069,0.0369836762547493,0.74395740032196,-2.21469759941101,3.12378859519958,-1.57439565658569,K,13
OUTPUT,NaN,NaN,NaN,NaN,NaN,NaN

INPUT,0.37362065911293,0.037217304110527,0.755169212818146,-2.2418155670166,3.12222337722778,-1.54054856300354,K,14
OUTPUT,NaN,NaN,NaN,NaN,NaN,NaN

INPUT,0.378380417823792,0.0374509394168854,0.766381084918976,-2.26943469047546,3.12067604064941,-1.50720155239105,K,15
OUTPUT,NaN,NaN,NaN,NaN,NaN,NaN

INPUT,0.382664203643799,0.0376612059772015,0.776471734046936,-2.29463028907776,3.11929988861084,-1.47752690315247,K,16
OUTPUT,NaN,NaN,NaN,NaN,NaN,NaN

INPUT,0.385996043682098,0.0378247499465942,0.784319996833801,-2.31440877914429,3.11824083328247,-1.45462787151337,K,17
OUTPUT,NaN,NaN,NaN,NaN,NaN,NaN

INPUT,0.38837593793869,0.0379415638744831,0.789925932884216,-2.32861995697021,3.1174910068512,-1.43835484981537,K,18
OUTPUT,NaN,NaN,NaN,NaN,NaN,NaN

INPUT,0.389803856611252,0.0380116552114487,0.793289482593536,-2.33717703819275,3.1170437335968,-1.42862117290497,K,19
OUTPUT,NaN,NaN,NaN,NaN,NaN,NaN

INPUT,0.390279829502106,0.0380350165069103,0.794410645961761,-2.34003400802612,3.11689496040344,-1.42538130283356,K,20
OUTPUT,NaN,NaN,NaN,NaN,NaN,NaN

INPUT,0.373425424098969,0.04535111784935,0.719563364982605,-2.32216739654541,3.03143811225891,-1.67652010917664,K,11
OUTPUT,NaN,NaN,NaN,NaN,NaN,NaN

INPUT,0.379841655492783,0.0466240830719471,0.73054450750351,-2.35960745811462,3.01910305023193,-1.63784670829773,K,12
OUTPUT,NaN,NaN,NaN,NaN,NaN,NaN

INPUT,0.386257857084274,0.0478970482945442,0.741525590419769,-2.39718818664551,3.00694513320923,-1.59925675392151,K,13
OUTPUT,NaN,NaN,NaN,NaN,NaN,NaN

INPUT,0.392674088478088,0.0491700135171413,0.752506673336029,-2.4348828792572,2.99498224258423,-1.56071877479553,K,14
OUTPUT,NaN,NaN,NaN,NaN,NaN,NaN

INPUT,0.39909029006958,0.0504429824650288,0.763487756252289,-2.47267389297485,2.98323154449463,-1.52221059799194,K,15
OUTPUT,NaN,NaN,NaN,NaN,NaN,NaN

INPUT,0.404864907264709,0.0515886507928371,0.773370742797852,-2.50675773620605,2.97285175323486,-1.48756527900696,K,16
OUTPUT,NaN,NaN,NaN,NaN,NaN,NaN

INPUT,0.409356266260147,0.0524797290563583,0.78105753660202,-2.53331089019775,2.96491527557373,-1.46062111854553,K,17
OUTPUT,NaN,NaN,NaN,NaN,NaN,NaN

INPUT,0.412564367055893,0.053116213530302,0.78654807806015,-2.55229902267456,2.95932292938232,-1.44137418270111,K,18
OUTPUT,NaN,NaN,NaN,NaN,NaN,NaN

INPUT,0.414489239454269,0.053498100489378,0.789842426776886,-2.5637001991272,2.95599937438965,-1.42982494831085,K,19
OUTPUT,NaN,NaN,NaN,NaN,NaN,NaN

INPUT,0.415130853652954,0.0536253973841667,0.790940523147583,-2.56750202178955,2.9548966884613,-1.42597508430481,K,20
OUTPUT,NaN,NaN,NaN,NaN,NaN,NaN

INPUT,0.373248964548111,0.0387479439377785,0.720493316650391,-2.48953318595886,3.04135918617249,-1.68469965457916,K,11
OUTPUT,NaN,NaN,NaN,NaN,NaN,NaN

INPUT,0.37964454293251,0.0392440892755985,0.731583654880524,-2.53634810447693,3.03042244911194,-1.63666880130768,K,12
OUTPUT,NaN,NaN,NaN,NaN,NaN,NaN

INPUT,0.386040151119232,0.0397402308881283,0.742673993110657,-2.58329916000366,3.01973509788513,-1.58871746063232,K,13
OUTPUT,NaN,NaN,NaN,NaN,NaN,NaN

INPUT,0.392435729503632,0.0402363762259483,0.75376433134079,-2.63036036491394,3.00932168960571,-1.54081523418427,K,14
OUTPUT,NaN,NaN,NaN,NaN,NaN,NaN

INPUT,0.398831337690353,0.0407325178384781,0.764854669570923,-2.67751431465149,2.99920582771301,-1.49294114112854,K,15
OUTPUT,NaN,NaN,NaN,NaN,NaN,NaN

INPUT,0.404587358236313,0.0411790497601032,0.77483594417572,-2.72002243995667,2.99037480354309,-1.44986617565155,K,16
OUTPUT,NaN,NaN,NaN,NaN,NaN,NaN

INPUT,0.409064292907715,0.0415263511240482,0.782599210739136,-2.75312542915344,2.9836962223053,-1.41636562347412,K,17
OUTPUT,NaN,NaN,NaN,NaN,NaN,NaN

INPUT,0.412262082099915,0.0417744219303131,0.78814435005188,-2.77679061889648,2.97903227806091,-1.39243590831757,K,18
OUTPUT,NaN,NaN,NaN,NaN,NaN,NaN

INPUT,0.414180755615234,0.0419232659041882,0.791471481323242,-2.79099774360657,2.97627758979797,-1.37807738780975,K,19
OUTPUT,NaN,NaN,NaN,NaN,NaN,NaN

INPUT,0.414820313453674,0.0419728793203831,0.792580485343933,-2.79573464393616,2.97536683082581,-1.373291015625,K,20
OUTPUT,NaN,NaN,NaN,NaN,NaN,NaN

INPUT,0.366090208292007,0.0437857173383236,0.717127561569214,-2.19834876060486,3.09112095832825,-1.72247016429901,K,4
OUTPUT,NaN,NaN,NaN,NaN,NaN,NaN

INPUT,0.374988436698914,0.0457226149737835,0.732873201370239,-2.24367618560791,3.08154726028442,-1.66465389728546,K,5
OUTPUT,NaN,NaN,NaN,NaN,NaN,NaN

INPUT,0.38388666510582,0.0476595126092434,0.748618841171265,-2.29072499275208,3.07213139533997,-1.6085296869278,K,6
OUTPUT,NaN,NaN,NaN,NaN,NaN,NaN

INPUT,0.390807509422302,0.049165990203619,0.760865449905396,-2.32792854309082,3.06496500968933,-1.56581771373749,K,7
OUTPUT,NaN,NaN,NaN,NaN,NaN,NaN

INPUT,0.395750969648361,0.05024204403162,0.769613027572632,-2.35464024543762,3.05995035171509,-1.53577780723572,K,8
OUTPUT,NaN,NaN,NaN,NaN,NaN,NaN

INPUT,0.398717045783997,0.0508876778185368,0.774861574172974,-2.37067866325378,3.05698847770691,-1.51794052124023,K,9
OUTPUT,NaN,NaN,NaN,NaN,NaN,NaN

INPUT,0.368961364030838,0.0462834276258945,0.71545684337616,-2.1911096572876,3.03479886054993,-1.65321040153503,K,4
OUTPUT,NaN,NaN,NaN,NaN,NaN,NaN

INPUT,0.37824946641922,0.0487511344254017,0.730726182460785,-2.24682712554932,3.01442646980286,-1.59231948852539,K,5
OUTPUT,NaN,NaN,NaN,NaN,NaN,NaN

INPUT,0.38753753900528,0.0512188449501991,0.74599552154541,-2.3033275604248,2.99448537826538,-1.53206169605255,K,6
OUTPUT,NaN,NaN,NaN,NaN,NaN,NaN

INPUT,0.394761621952057,0.0531381703913212,0.757871627807617,-2.3476459980011,2.97931742668152,-1.48545181751251,K,7
OUTPUT,NaN,NaN,NaN,NaN,NaN,NaN

INPUT,0.39992168545723,0.0545091219246387,0.766354620456696,-2.3794572353363,2.96868586540222,-1.45224714279175,K,8
OUTPUT,NaN,NaN,NaN,NaN,NaN,NaN

INPUT,0.403017699718475,0.0553316920995712,0.771444380283356,-2.39859771728516,2.96239376068115,-1.43234956264496,K,9
OUTPUT,NaN,NaN,NaN,NaN,NaN,NaN

INPUT,0.373932600021362,0.0480143986642361,0.730582356452942,-2.01157808303833,3.04806113243103,-1.67152976989746,K,5
OUTPUT,NaN,NaN,NaN,NaN,NaN,NaN

INPUT,0.382688164710999,0.050304539501667,0.746023178100586,-2.03933453559875,3.03289914131165,-1.63832223415375,K,6
OUTPUT,NaN,NaN,NaN,NaN,NaN,NaN

INPUT,0.389498054981232,0.0520857609808445,0.758032619953156,-2.06137704849243,3.02119398117065,-1.61299061775208,K,7
OUTPUT,NaN,NaN,NaN,NaN,NaN,NaN

INPUT,0.394362270832062,0.0533580631017685,0.76661080121994,-2.07727837562561,3.01289248466492,-1.5951087474823,K,8
OUTPUT,NaN,NaN,NaN,NaN,NaN,NaN

INPUT,0.397280782461166,0.0541214421391487,0.77175772190094,-2.08686351776123,3.00793862342834,-1.58445513248444,K,9
OUTPUT,NaN,NaN,NaN,NaN,NaN,NaN

INPUT,0.36729234457016,0.0442145466804504,0.732632398605347,-2.2289605140686,3.07777309417725,-1.70562052726746,K,5
OUTPUT,NaN,NaN,NaN,NaN,NaN,NaN

INPUT,0.374909430742264,0.0458715930581093,0.748501479625702,-2.27138090133667,3.06765055656433,-1.65483701229095,K,6
OUTPUT,NaN,NaN,NaN,NaN,NaN,NaN

INPUT,0.380833834409714,0.0471604056656361,0.760844111442566,-2.30497527122498,3.05991458892822,-1.61617720127106,K,7
OUTPUT,NaN,NaN,NaN,NaN,NaN,NaN

INPUT,0.38506555557251,0.0480809845030308,0.769660234451294,-2.32913136482239,3.05448007583618,-1.58896458148956,K,8
OUTPUT,NaN,NaN,NaN,NaN,NaN,NaN

INPUT,0.387604564428329,0.0486333332955837,0.774949967861176,-2.34365200996399,3.05126070976257,-1.5727926492691,K,9
OUTPUT,NaN,NaN,NaN,NaN,NaN,NaN

INPUT,0.373647332191467,0.0439722910523415,0.714811980724335,-2.31539845466614,3.03071308135986,-1.68805325031281,K,4
OUTPUT,NaN,NaN,NaN,NaN,NaN,NaN

INPUT,0.383803129196167,0.045993871986866,0.729761481285095,-2.38142681121826,3.0097234249115,-1.61825025081635,K,5
OUTPUT,NaN,NaN,NaN,NaN,NaN,NaN

INPUT,0.393958956003189,0.0480154529213905,0.7447110414505,-2.44806027412415,2.98934030532837,-1.54886662960052,K,6
OUTPUT,NaN,NaN,NaN,NaN,NaN,NaN

INPUT,0.401857912540436,0.049587793648243,0.756338477134705,-2.50018525123596,2.97396755218506,-1.4950578212738,K,7
OUTPUT,NaN,NaN,NaN,NaN,NaN,NaN

INPUT,0.407500028610229,0.0507108941674232,0.764643788337708,-2.53754591941833,2.96327114105225,-1.4566695690155,K,8
OUTPUT,NaN,NaN,NaN,NaN,NaN,NaN

INPUT,0.410885274410248,0.0513847544789314,0.769626975059509,-2.56000757217407,2.95697474479675,-1.43364775180817,K,9
OUTPUT,NaN,NaN,NaN,NaN,NaN,NaN

INPUT,0.373537987470627,0.037939265370369,0.71580845117569,-2.48364353179932,3.04113864898682,-1.70045638084412,K,4
OUTPUT,NaN,NaN,NaN,NaN,NaN,NaN

INPUT,0.383641570806503,0.0387100279331207,0.73090934753418,-2.56528997421265,3.02244567871094,-1.61315655708313,K,5
OUTPUT,NaN,NaN,NaN,NaN,NaN,NaN

INPUT,0.39374515414238,0.0394807942211628,0.746010184288025,-2.64778161048889,3.0046010017395,-1.52651798725128,K,6
OUTPUT,NaN,NaN,NaN,NaN,NaN,NaN

INPUT,0.40160346031189,0.0400802753865719,0.757755279541016,-2.71234321594238,2.99139046669006,-1.45939564704895,K,7
OUTPUT,NaN,NaN,NaN,NaN,NaN,NaN

INPUT,0.407216578722,0.0405084751546383,0.766144692897797,-2.758624792099,2.98234844207764,-1.41153943538666,K,8
OUTPUT,NaN,NaN,NaN,NaN,NaN,NaN

INPUT,0.410584419965744,0.0407653972506523,0.771178305149078,-2.78645062446594,2.97709059715271,-1.38285064697266,K,9
OUTPUT,NaN,NaN,NaN,NaN,NaN,NaN

INPUT,0.364673525094986,0.036463275551796,0.724987328052521,-2.20813846588135,3.12491059303284,-1.66488122940063,K,4
OUTPUT,NaN,NaN,NaN,NaN,NaN,NaN

INPUT,0.371360719203949,0.0367853939533234,0.73807156085968,-2.23868536949158,3.12271881103516,-1.59672880172729,K,5
OUTPUT,NaN,NaN,NaN,NaN,NaN,NaN

INPUT,0.378047913312912,0.0371075160801411,0.751155853271484,-2.27311754226685,3.1205677986145,-1.53245937824249,K,6
OUTPUT,NaN,NaN,NaN,NaN,NaN,NaN

INPUT,0.383249074220657,0.0373580530285835,0.761332511901855,-2.30172085762024,3.11893367767334,-1.48460018634796,K,7
OUTPUT,NaN,NaN,NaN,NaN,NaN,NaN

INPUT,0.386964172124863,0.0375370122492313,0.768601536750793,-2.32283735275269,3.11779165267944,-1.45139920711517,K,8
OUTPUT,NaN,NaN,NaN,NaN,NaN,NaN

INPUT,0.38919323682785,0.0376443825662136,0.772962927818298,-2.33571362495422,3.11711764335632,-1.43184208869934,K,9
OUTPUT,NaN,NaN,NaN,NaN,NaN,NaN

INPUT,0.367043852806091,0.043721929192543,0.72121649980545,-2.09012794494629,3.07721495628357,-1.79605662822723,K,11
OUTPUT,NaN,NaN,NaN,NaN,NaN,NaN

INPUT,0.372709691524506,0.0448034703731537,0.732390940189362,-2.10645031929016,3.06975388526917,-1.77762472629547,K,12
OUTPUT,NaN,NaN,NaN,NaN,NaN,NaN

INPUT,0.378375560045242,0.0458850115537643,0.743565440177917,-2.12295484542847,3.06232380867004,-1.75940930843353,K,13
OUTPUT,NaN,NaN,NaN,NaN,NaN,NaN

INPUT,0.384041398763657,0.0469665490090847,0.754739880561829,-2.13957905769348,3.05493140220642,-1.74136912822723,K,14
OUTPUT,NaN,NaN,NaN,NaN,NaN,NaN

INPUT,0.389707267284393,0.0480480864644051,0.765914380550385,-2.15627765655518,3.04758358001709,-1.72347927093506,K,15
OUTPUT,NaN,NaN,NaN,NaN,NaN,NaN

INPUT,0.394806534051895,0.0490214750170708,0.775971412658691,-2.17134118080139,3.04101371765137,-1.70749497413635,K,16
OUTPUT,NaN,NaN,NaN,NaN,NaN,NaN

INPUT,0.39877262711525,0.049778550863266,0.7837935090065,-2.18306589126587,3.0359354019165,-1.69513463973999,K,17
OUTPUT,NaN,NaN,NaN,NaN,NaN,NaN

INPUT,0.401605546474457,0.0503193214535713,0.789380729198456,-2.19144010543823,3.03232622146606,-1.68634355068207,K,18
OUTPUT,NaN,NaN,NaN,NaN,NaN,NaN

INPUT,0.403305321931839,0.0506437830626965,0.792733073234558,-2.19646310806274,3.03016829490662,-1.68108367919922,K,19
OUTPUT,NaN,NaN,NaN,NaN,NaN,NaN

INPUT,0.403871893882751,0.0507519356906414,0.793850541114807,-2.1981372833252,3.02945017814636,-1.67933285236359,K,20
OUTPUT,NaN,NaN,NaN,NaN,NaN,NaN

INPUT,0.363332122564316,0.0477431938052177,0.721789658069611,-1.93451392650604,3.07073187828064,-1.6473423242569,K,11
OUTPUT,NaN,NaN,NaN,NaN,NaN,NaN

INPUT,0.36856135725975,0.0492977052927017,0.733031690120697,-1.95037639141083,3.06249666213989,-1.62926542758942,K,12
OUTPUT,NaN,NaN,NaN,NaN,NaN,NaN

INPUT,0.373790591955185,0.050852220505476,0.744273722171783,-1.96643328666687,3.05429434776306,-1.61141312122345,K,13
OUTPUT,NaN,NaN,NaN,NaN,NaN,NaN

INPUT,0.379019796848297,0.0524067282676697,0.755515694618225,-1.9826203584671,3.04613184928894,-1.5937408208847,K,14
OUTPUT,NaN,NaN,NaN,NaN,NaN,NaN

INPUT,0.384249001741409,0.053961243480444,0.766757667064667,-1.99889123439789,3.03801608085632,-1.57622122764587,K,15
OUTPUT,NaN,NaN,NaN,NaN,NaN,NaN

INPUT,0.388955295085907,0.0553603023290634,0.776875495910645,-2.01357698440552,3.03075814247131,-1.56057012081146,K,16
OUTPUT,NaN,NaN,NaN,NaN,NaN,NaN

INPUT,0.392615765333176,0.0564484596252441,0.78474485874176,-2.02501249313354,3.02514624595642,-1.54846835136414,K,17
OUTPUT,NaN,NaN,NaN,NaN,NaN,NaN

INPUT,0.395230382680893,0.0572257190942764,0.790365874767303,-2.0331826210022,3.02115678787231,-1.53986120223999,K,18
OUTPUT,NaN,NaN,NaN,NaN,NaN,NaN

INPUT,0.396799147129059,0.0576920695602894,0.793738484382629,-2.03808426856995,3.0187714099884,-1.53471148014069,K,19
OUTPUT,NaN,NaN,NaN,NaN,NaN,NaN

INPUT,0.397322058677673,0.0578475221991539,0.794862687587738,-2.03971791267395,3.01797747612,-1.53299736976624,K,20
OUTPUT,NaN,NaN,NaN,NaN,NaN,NaN

INPUT,0.351483523845673,0.0297154393047094,0.732307910919189,0.739016354084015,3.10065221786499,1.47088503837585,K,12
OUTPUT,NaN,NaN,NaN,NaN,NaN,NaN

INPUT,0.354914635419846,0.0292085390537977,0.743474662303925,0.699061632156372,3.09648585319519,1.50797259807587,K,13
OUTPUT,NaN,NaN,NaN,NaN,NaN,NaN

INPUT,0.358345717191696,0.0287016406655312,0.75464129447937,0.659344077110291,3.09238648414612,1.54530441761017,K,14
OUTPUT,NaN,NaN,NaN,NaN,NaN,NaN

INPUT,0.361776828765869,0.0281947404146194,0.765808045864105,0.619804620742798,3.08835983276367,1.58282220363617,K,15
OUTPUT,NaN,NaN,NaN,NaN,NaN,NaN

INPUT,0.36486479640007,0.0277385320514441,0.775858044624329,0.584337115287781,3.08480334281921,1.61671316623688,K,16
OUTPUT,NaN,NaN,NaN,NaN,NaN,NaN

INPUT,0.367266565561295,0.0273837018758059,0.783674716949463,0.556813359260559,3.08208394050598,1.64313971996307,K,17
OUTPUT,NaN,NaN,NaN,NaN,NaN,NaN

INPUT,0.368982136249542,0.02713025175035,0.789258122444153,0.537181913852692,3.08016800880432,1.6620466709137,K,18
OUTPUT,NaN,NaN,NaN,NaN,NaN,NaN

INPUT,0.370011448860168,0.0269781816750765,0.792608082294464,0.52541309595108,3.07902932167053,1.67340195178986,K,19
OUTPUT,NaN,NaN,NaN,NaN,NaN,NaN

INPUT,0.370354562997818,0.0269274916499853,0.793724775314331,0.521491706371307,3.07865166664124,1.67718887329102,K,20
OUTPUT,NaN,NaN,NaN,NaN,NaN,NaN

INPUT,0.374888777732849,0.0432944484055042,0.72013133764267,-2.35032558441162,3.05226540565491,-1.83125054836273,K,11
OUTPUT,NaN,NaN,NaN,NaN,NaN,NaN

INPUT,0.381477475166321,0.0443257167935371,0.731178224086761,-2.38025856018066,3.04212880134583,-1.80004596710205,K,12
OUTPUT,NaN,NaN,NaN,NaN,NaN,NaN

INPUT,0.388066172599792,0.0453569889068604,0.742225110530853,-2.41032409667969,3.03208518028259,-1.76894307136536,K,13
OUTPUT,NaN,NaN,NaN,NaN,NaN,NaN

INPUT,0.394654870033264,0.0463882572948933,0.753271996974945,-2.44049286842346,3.02214360237122,-1.73791027069092,K,14
OUTPUT,NaN,NaN,NaN,NaN,NaN,NaN

INPUT,0.401243537664413,0.0474195256829262,0.764318823814392,-2.47074580192566,3.01231384277344,-1.70692527294159,K,15
OUTPUT,NaN,NaN,NaN,NaN,NaN,NaN

INPUT,0.407173365354538,0.0483476668596268,0.774261057376862,-2.49803447723389,3.00357007980347,-1.67906653881073,K,16
OUTPUT,NaN,NaN,NaN,NaN,NaN,NaN

INPUT,0.411785453557968,0.049069557338953,0.781993865966797,-2.51929378509521,2.99684143066406,-1.65741086006165,K,17
OUTPUT,NaN,NaN,NaN,NaN,NaN,NaN

INPUT,0.415079802274704,0.0495851896703243,0.787517309188843,-2.53449630737305,2.9920756816864,-1.64194715023041,K,18
OUTPUT,NaN,NaN,NaN,NaN,NaN,NaN

INPUT,0.417056411504745,0.0498945713043213,0.790831327438354,-2.54362440109253,2.98923301696777,-1.63267016410828,K,19
OUTPUT,NaN,NaN,NaN,NaN,NaN,NaN

INPUT,0.417715281248093,0.0499976985156536,0.791936039924622,-2.54666805267334,2.98828816413879,-1.62957799434662,K,20
OUTPUT,NaN,NaN,NaN,NaN,NaN,NaN

INPUT,0.367632955312729,0.042664859443903,0.715609073638916,-2.08965229988098,3.07654643058777,-1.80473935604095,K,4
OUTPUT,NaN,NaN,NaN,NaN,NaN,NaN

INPUT,0.376877844333649,0.0443259105086327,0.731059193611145,-2.11739015579224,3.06394696235657,-1.77050912380219,K,5
OUTPUT,NaN,NaN,NaN,NaN,NaN,NaN

INPUT,0.386122763156891,0.0459869652986526,0.746509253978729,-2.14604735374451,3.05142116546631,-1.7371678352356,K,6
OUTPUT,NaN,NaN,NaN,NaN,NaN,NaN

INPUT,0.393313229084015,0.0472788959741592,0.758526027202606,-2.16871547698975,3.04175400733948,-1.71167027950287,K,7
OUTPUT,NaN,NaN,NaN,NaN,NaN,NaN

INPUT,0.398449271917343,0.0482017062604427,0.767109453678131,-2.18503355979919,3.03489923477173,-1.69364774227142,K,8
OUTPUT,NaN,NaN,NaN,NaN,NaN,NaN

INPUT,0.401530921459198,0.0487553887069225,0.772259473800659,-2.19485807418823,3.03080940246582,-1.68290328979492,K,9
OUTPUT,NaN,NaN,NaN,NaN,NaN,NaN

INPUT,0.372524738311768,0.0488627329468727,0.73160719871521,-1.96372056007385,3.05607485771179,-1.62514615058899,K,5
OUTPUT,NaN,NaN,NaN,NaN,NaN,NaN

INPUT,0.381050556898117,0.0513053238391876,0.747234165668488,-1.99040484428406,3.04224729537964,-1.59120523929596,K,6
OUTPUT,NaN,NaN,NaN,NaN,NaN,NaN

INPUT,0.387681752443314,0.0532051138579845,0.759388387203217,-2.01176738739014,3.03157114982605,-1.56546139717102,K,7
OUTPUT,NaN,NaN,NaN,NaN,NaN,NaN

INPUT,0.39241835474968,0.0545621067285538,0.768069982528687,-2.0272433757782,3.02399873733521,-1.54734683036804,K,8
OUTPUT,NaN,NaN,NaN,NaN,NaN,NaN

INPUT,0.395260274410248,0.0553763024508953,0.773278951644897,-2.03659296035767,3.01947951316833,-1.53657352924347,K,9
OUTPUT,NaN,NaN,NaN,NaN,NaN,NaN

INPUT,0.37531852722168,0.042175330221653,0.71542501449585,-2.34192752838135,3.05174446105957,-1.83825826644897,K,4
OUTPUT,NaN,NaN,NaN,NaN,NaN,NaN

INPUT,0.385871648788452,0.0437928736209869,0.730445921421051,-2.39609098434448,3.03437542915344,-1.78258657455444,K,5
OUTPUT,NaN,NaN,NaN,NaN,NaN,NaN

INPUT,0.396424770355225,0.0454104132950306,0.745466828346252,-2.45051407814026,3.01732921600342,-1.72707295417786,K,6
OUTPUT,NaN,NaN,NaN,NaN,NaN,NaN

INPUT,0.404632776975632,0.0466684997081757,0.757149696350098,-2.49276041984558,3.00439262390137,-1.68416666984558,K,7
OUTPUT,NaN,NaN,NaN,NaN,NaN,NaN

INPUT,0.410495609045029,0.0475671365857124,0.765494644641876,-2.522784948349,2.99536538124084,-1.65374422073364,K,8
OUTPUT,NaN,NaN,NaN,NaN,NaN,NaN

INPUT,0.41401332616806,0.0481063164770603,0.770501613616943,-2.54071044921875,2.99004483222961,-1.63560366630554,K,9
OUTPUT,NaN,NaN,NaN,NaN,NaN,NaN

INPUT,0.357133150100708,0.0296092331409454,0.735836386680603,0.703313291072845,3.09650349617004,1.51531386375427,K,5
OUTPUT,NaN,NaN,NaN,NaN,NaN,NaN

INPUT,0.362285524606705,0.0288694184273481,0.74949049949646,0.637067556381226,3.08989596366882,1.57277989387512,K,6
OUTPUT,NaN,NaN,NaN,NaN,NaN,NaN

INPUT,0.366292923688889,0.0282940063625574,0.760110318660736,0.586234331130981,3.08489179611206,1.61818134784698,K,7
OUTPUT,NaN,NaN,NaN,NaN,NaN,NaN

INPUT,0.369155377149582,0.0278829969465733,0.767695903778076,0.550194263458252,3.08139681816101,1.65088844299316,K,8
OUTPUT,NaN,NaN,NaN,NaN,NaN,NaN

INPUT,0.370872855186462,0.0276363920420408,0.77224725484848,0.528657615184784,3.07933354377747,1.67060351371765,K,9
OUTPUT,NaN,NaN,NaN,NaN,NaN,NaN

INPUT,0.358847737312317,0.037898026406765,0.732815682888031,-2.17104864120483,3.13308310508728,-1.80927276611328,K,12
OUTPUT,NaN,NaN,NaN,NaN,NaN,NaN

INPUT,0.363053977489471,0.0382525734603405,0.74403578042984,-2.18290758132935,3.13227343559265,-1.78295123577118,K,13
OUTPUT,NaN,NaN,NaN,NaN,NaN,NaN

INPUT,0.367260217666626,0.038607120513916,0.755255937576294,-2.19589114189148,3.13146877288818,-1.75783777236938,K,14
OUTPUT,NaN,NaN,NaN,NaN,NaN,NaN

INPUT,0.371466487646103,0.0389616638422012,0.766476094722748,-2.20972490310669,3.13066959381104,-1.73368513584137,K,15
OUTPUT,NaN,NaN,NaN,NaN,NaN,NaN

INPUT,0.375252097845078,0.0392807573080063,0.776574194431305,-2.22273445129395,3.12995600700378,-1.71262359619141,K,16
OUTPUT,NaN,NaN,NaN,NaN,NaN,NaN

INPUT,0.378196477890015,0.0395289398729801,0.784428298473358,-2.23314261436462,3.12940502166748,-1.69662129878998,K,17
OUTPUT,NaN,NaN,NaN,NaN,NaN,NaN

INPUT,0.380299597978592,0.0397062115371227,0.790038347244263,-2.24070525169373,3.12901401519775,-1.68537259101868,K,18
OUTPUT,NaN,NaN,NaN,NaN,NaN,NaN

INPUT,0.381561458110809,0.0398125760257244,0.793404400348663,-2.24528741836548,3.12878012657166,-1.67869079113007,K,19
OUTPUT,NaN,NaN,NaN,NaN,NaN,NaN

INPUT,0.381982088088989,0.0398480296134949,0.794526398181915,-2.246821641922,3.12870240211487,-1.67647433280945,K,20
OUTPUT,NaN,NaN,NaN,NaN,NaN,NaN

INPUT,0.364375084638596,0.040722344070673,0.720827400684357,-2.26331901550293,3.07825708389282,-1.68427586555481,K,11
OUTPUT,NaN,NaN,NaN,NaN,NaN,NaN

INPUT,0.369726330041885,0.041450809687376,0.731957137584686,-2.29630303382874,3.0711395740509,-1.64910864830017,K,12
OUTPUT,NaN,NaN,NaN,NaN,NaN,NaN

INPUT,0.375077605247498,0.0421792753040791,0.743086874485016,-2.32949495315552,3.06410384178162,-1.61413240432739,K,13
OUTPUT,NaN,NaN,NaN,NaN,NaN,NaN

INPUT,0.380428850650787,0.0429077409207821,0.754216611385345,-2.36284375190735,3.05715799331665,-1.57929444313049,K,14
OUTPUT,NaN,NaN,NaN,NaN,NaN,NaN

INPUT,0.3857801258564,0.0436362065374851,0.765346348285675,-2.39631509780884,3.05030989646912,-1.5445591211319,K,15
OUTPUT,NaN,NaN,NaN,NaN,NaN,NaN

INPUT,0.390596240758896,0.0442918241024017,0.775363087654114,-2.42652368545532,3.0442373752594,-1.51336371898651,K,16
OUTPUT,NaN,NaN,NaN,NaN,NaN,NaN

INPUT,0.394342124462128,0.0448017530143261,0.78315395116806,-2.45006585121155,3.0395770072937,-1.48913466930389,K,17
OUTPUT,NaN,NaN,NaN,NaN,NaN,NaN

INPUT,0.397017776966095,0.0451659858226776,0.788718819618225,-2.46690344810486,3.03628373146057,-1.47184336185455,K,18
OUTPUT,NaN,NaN,NaN,NaN,NaN,NaN

INPUT,0.398623138666153,0.0453845225274563,0.792057693004608,-2.47701406478882,3.03432250022888,-1.46147382259369,K,19
OUTPUT,NaN,NaN,NaN,NaN,NaN,NaN

INPUT,0.399158269166946,0.0454573705792427,0.793170690536499,-2.48038554191589,3.03367114067078,-1.4580180644989,K,20
OUTPUT,NaN,NaN,NaN,NaN,NaN,NaN

INPUT,0.368438839912415,0.047776035964489,0.720950543880463,-2.1684947013855,3.05217361450195,-1.7781685590744,K,11
OUTPUT,NaN,NaN,NaN,NaN,NaN,NaN

INPUT,0.374268472194672,0.0493341684341431,0.732094764709473,-2.19070982933044,3.0418975353241,-1.75441443920135,K,12
OUTPUT,NaN,NaN,NaN,NaN,NaN,NaN

INPUT,0.380098134279251,0.0508923009037971,0.743238985538483,-2.21307992935181,3.03167390823364,-1.73079216480255,K,13
OUTPUT,NaN,NaN,NaN,NaN,NaN,NaN

INPUT,0.385927766561508,0.0524504333734512,0.754383206367493,-2.23556923866272,3.02150845527649,-1.70726311206818,K,14
OUTPUT,NaN,NaN,NaN,NaN,NaN,NaN

INPUT,0.391757398843765,0.0540085695683956,0.765527427196503,-2.25815343856812,3.01140642166138,-1.68380105495453,K,15
OUTPUT,NaN,NaN,NaN,NaN,NaN,NaN

INPUT,0.397004097700119,0.0554108880460262,0.775557219982147,-2.27854633331299,3.0023729801178,-1.66272628307343,K,16
OUTPUT,NaN,NaN,NaN,NaN,NaN,NaN

INPUT,0.401084840297699,0.0565015822649002,0.783358156681061,-2.29444527626038,2.99538826942444,-1.64635503292084,K,17
OUTPUT,NaN,NaN,NaN,NaN,NaN,NaN

INPUT,0.403999656438828,0.0572806484997272,0.788930296897888,-2.30581998825073,2.99042224884033,-1.63466942310333,K,18
OUTPUT,NaN,NaN,NaN,NaN,NaN,NaN

INPUT,0.405748546123505,0.0577480867505074,0.79227352142334,-2.31265187263489,2.98745226860046,-1.62766087055206,K,19
OUTPUT,NaN,NaN,NaN,NaN,NaN,NaN

INPUT,0.40633150935173,0.0579039007425308,0.793387949466705,-2.31493020057678,2.98646378517151,-1.6253250837326,K,20
OUTPUT,NaN,NaN,NaN,NaN,NaN,NaN

INPUT,0.377906113862991,0.0606519766151905,0.716975152492523,-2.09637999534607,2.98533868789673,-1.75191974639893,K,11
OUTPUT,NaN,NaN,NaN,NaN,NaN,NaN

INPUT,0.384850054979324,0.0637251883745193,0.727650582790375,-2.11628484725952,2.96725130081177,-1.73112976551056,K,12
OUTPUT,NaN,NaN,NaN,NaN,NaN,NaN

INPUT,0.39179402589798,0.0667983964085579,0.738326013088226,-2.1363046169281,2.9492359161377,-1.71039068698883,K,13
OUTPUT,NaN,NaN,NaN,NaN,NaN,NaN

INPUT,0.398737996816635,0.0698716044425964,0.749001443386078,-2.15642094612122,2.93129992485046,-1.68967747688293,K,14
OUTPUT,NaN,NaN,NaN,NaN,NaN,NaN

INPUT,0.405681937932968,0.0729448199272156,0.759676873683929,-2.17662262916565,2.9134509563446,-1.66897225379944,K,15
OUTPUT,NaN,NaN,NaN,NaN,NaN,NaN

INPUT,0.41193151473999,0.0757107064127922,0.769284725189209,-2.1948709487915,2.89746785163879,-1.65033340454102,K,16
OUTPUT,NaN,NaN,NaN,NaN,NaN,NaN

INPUT,0.416792273521423,0.0778619572520256,0.776757538318634,-2.20910573005676,2.88509321212769,-1.63582825660706,K,17
OUTPUT,NaN,NaN,NaN,NaN,NaN,NaN

INPUT,0.420264273881912,0.0793985575437546,0.78209525346756,-2.21929502487183,2.87628602981567,-1.62546110153198,K,18
OUTPUT,NaN,NaN,NaN,NaN,NaN,NaN

INPUT,0.422347456216812,0.0803205221891403,0.785297870635986,-2.225417137146,2.8710150718689,-1.61923789978027,K,19
OUTPUT,NaN,NaN,NaN,NaN,NaN,NaN

INPUT,0.423041850328445,0.0806278437376022,0.786365449428558,-2.227459192276,2.86926031112671,-1.61716294288635,K,20
OUTPUT,NaN,NaN,NaN,NaN,NaN,NaN

INPUT,0.362585335969925,0.0379613004624844,0.722915768623352,-2.37082505226135,3.1105637550354,-1.94135928153992,K,11
OUTPUT,NaN,NaN,NaN,NaN,NaN,NaN

INPUT,0.367726176977158,0.0383649319410324,0.734291195869446,-2.3943510055542,3.10707783699036,-1.91437482833862,K,12
OUTPUT,NaN,NaN,NaN,NaN,NaN,NaN

INPUT,0.37286701798439,0.0387685634195805,0.74566662311554,-2.41819477081299,3.10361409187317,-1.88770520687103,K,13
OUTPUT,NaN,NaN,NaN,NaN,NaN,NaN

INPUT,0.378007829189301,0.0391721911728382,0.757041990756989,-2.44227576255798,3.10017418861389,-1.86126947402954,K,14
OUTPUT,NaN,NaN,NaN,NaN,NaN,NaN

INPUT,0.383148670196533,0.0395758263766766,0.768417418003082,-2.46653866767883,3.09676074981689,-1.83501183986664,K,15
OUTPUT,NaN,NaN,NaN,NaN,NaN,NaN

INPUT,0.387775450944901,0.0399390943348408,0.778655290603638,-2.48849773406982,3.09371304512024,-1.81149935722351,K,16
OUTPUT,NaN,NaN,NaN,NaN,NaN,NaN

INPUT,0.39137402176857,0.0402216352522373,0.786618053913116,-2.50564312934875,3.09135961532593,-1.79327571392059,K,17
OUTPUT,NaN,NaN,NaN,NaN,NaN,NaN

INPUT,0.393944442272186,0.0404234491288662,0.792305767536163,-2.51792049407959,3.08968830108643,-1.78028810024261,K,18
OUTPUT,NaN,NaN,NaN,NaN,NaN,NaN

INPUT,0.395486682653427,0.0405445396900177,0.795718371868134,-2.52529764175415,3.08868932723999,-1.77250587940216,K,19
OUTPUT,NaN,NaN,NaN,NaN,NaN,NaN

INPUT,0.396000772714615,0.0405849032104015,0.796855926513672,-2.52775859832764,3.08835697174072,-1.76991355419159,K,20
OUTPUT,NaN,NaN,NaN,NaN,NaN,NaN

INPUT,0.373441457748413,0.0410530306398869,0.730449676513672,-2.32025146484375,3.06567049026489,-1.63525879383087,K,5
OUTPUT,NaN,NaN,NaN,NaN,NaN,NaN

INPUT,0.382087409496307,0.0421623662114143,0.745871126651764,-2.37714791297913,3.0538547039032,-1.57075691223145,K,6
OUTPUT,NaN,NaN,NaN,NaN,NaN,NaN

INPUT,0.388812065124512,0.0430251806974411,0.757865607738495,-2.42205691337585,3.04488492012024,-1.52120232582092,K,7
OUTPUT,NaN,NaN,NaN,NaN,NaN,NaN

INPUT,0.393615365028381,0.0436414778232574,0.76643306016922,-2.45439219474792,3.03860855102539,-1.48603904247284,K,8
OUTPUT,NaN,NaN,NaN,NaN,NaN,NaN

INPUT,0.396497368812561,0.0440112575888634,0.771573543548584,-2.47387790679932,3.03489828109741,-1.46501505374908,K,9
OUTPUT,NaN,NaN,NaN,NaN,NaN,NaN

INPUT,0.368895471096039,0.0463424287736416,0.715668439865112,-2.16367411613464,3.05138874053955,-1.78530585765839,K,4
OUTPUT,NaN,NaN,NaN,NaN,NaN,NaN

INPUT,0.378250956535339,0.0488010495901108,0.731010675430298,-2.20325517654419,3.03387546539307,-1.74237787723541,K,5
OUTPUT,NaN,NaN,NaN,NaN,NaN,NaN

INPUT,0.38760644197464,0.0512596741318703,0.746352970600128,-2.24334096908569,3.01654505729675,-1.69987690448761,K,6
OUTPUT,NaN,NaN,NaN,NaN,NaN,NaN

INPUT,0.394882947206497,0.0531719364225864,0.758285820484161,-2.27466535568237,3.00325012207031,-1.66709351539612,K,7
OUTPUT,NaN,NaN,NaN,NaN,NaN,NaN

INPUT,0.400080442428589,0.0545378364622593,0.766809344291687,-2.29704761505127,2.99387717247009,-1.64383232593536,K,8
OUTPUT,NaN,NaN,NaN,NaN,NaN,NaN

INPUT,0.403198927640915,0.0553573779761791,0.771923422813416,-2.310462474823,2.98830962181091,-1.62994301319122,K,9
OUTPUT,NaN,NaN,NaN,NaN,NaN,NaN

INPUT,0.378203570842743,0.0577623881399632,0.71276992559433,-2.08548808097839,2.9834303855896,-1.75408589839935,K,4
OUTPUT,NaN,NaN,NaN,NaN,NaN,NaN

INPUT,0.389203190803528,0.0626871511340141,0.727152109146118,-2.12330269813538,2.95274233818054,-1.71820664405823,K,5
OUTPUT,NaN,NaN,NaN,NaN,NaN,NaN

INPUT,0.400202840566635,0.0676119104027748,0.741534233093262,-2.16095542907715,2.9223096370697,-1.68195176124573,K,6
OUTPUT,NaN,NaN,NaN,NaN,NaN,NaN

INPUT,0.408758103847504,0.0714422836899757,0.752720355987549,-2.19012880325317,2.89890432357788,-1.6536226272583,K,7
OUTPUT,NaN,NaN,NaN,NaN,NaN,NaN

INPUT,0.414869040250778,0.0741782635450363,0.760710477828979,-2.21089601516724,2.88236618041992,-1.63336455821991,K,8
OUTPUT,NaN,NaN,NaN,NaN,NaN,NaN

INPUT,0.418535560369492,0.0758198499679565,0.765504539012909,-2.22332286834717,2.87252569198608,-1.62121212482452,K,9
OUTPUT,NaN,NaN,NaN,NaN,NaN,NaN

INPUT,0.371747732162476,0.0382386445999146,0.732847690582275,-2.41441297531128,3.10415124893188,-1.90610027313232,K,5
OUTPUT,NaN,NaN,NaN,NaN,NaN,NaN

INPUT,0.380165666341782,0.0388626232743263,0.748700857162476,-2.4544312953949,3.09835982322693,-1.85588800907135,K,6
OUTPUT,NaN,NaN,NaN,NaN,NaN,NaN

INPUT,0.386712938547134,0.0393479391932487,0.761031091213226,-2.48630309104919,3.09393000602722,-1.81780791282654,K,7
OUTPUT,NaN,NaN,NaN,NaN,NaN,NaN

INPUT,0.391389548778534,0.0396945923566818,0.769838392734528,-2.50929355621338,3.09081506729126,-1.79105865955353,K,8
OUTPUT,NaN,NaN,NaN,NaN,NaN,NaN

INPUT,0.394195526838303,0.0399025827646255,0.775122821331024,-2.52313852310181,3.08896851539612,-1.77517902851105,K,9
OUTPUT,NaN,NaN,NaN,NaN,NaN,NaN

INPUT,0.359131515026093,0.0376306436955929,0.723875403404236,-2.22495102882385,3.1325695514679,-1.88591659069061,K,4
OUTPUT,NaN,NaN,NaN,NaN,NaN,NaN

INPUT,0.36513751745224,0.0381643660366535,0.73728346824646,-2.22370505332947,3.13154029846191,-1.82334661483765,K,5
OUTPUT,NaN,NaN,NaN,NaN,NaN,NaN

INPUT,0.371143490076065,0.0386980883777142,0.750691533088684,-2.22838473320007,3.13051223754883,-1.76670205593109,K,6
OUTPUT,NaN,NaN,NaN,NaN,NaN,NaN

INPUT,0.375814825296402,0.0391132086515427,0.761120021343231,-2.23511743545532,3.12971663475037,-1.72581160068512,K,7
OUTPUT,NaN,NaN,NaN,NaN,NaN,NaN

INPUT,0.379151463508606,0.0394097194075584,0.768568933010101,-2.2412474155426,3.12915182113647,-1.69799721240997,K,8
OUTPUT,NaN,NaN,NaN,NaN,NaN,NaN

INPUT,0.381153464317322,0.0395876280963421,0.773038327693939,-2.24537682533264,3.12881445884705,-1.6817981004715,K,9
OUTPUT,NaN,NaN,NaN,NaN,NaN,NaN

INPUT,0.362224400043488,0.0420274473726749,0.72183084487915,-2.20632863044739,3.09695386886597,-1.65158581733704,K,11
OUTPUT,NaN,NaN,NaN,NaN,NaN,NaN

INPUT,0.367323040962219,0.0429095961153507,0.733077764511108,-2.23739409446716,3.09194350242615,-1.61738681793213,K,12
OUTPUT,NaN,NaN,NaN,NaN,NaN,NaN

INPUT,0.372421652078629,0.0437917448580265,0.744324743747711,-2.26874947547913,3.08698582649231,-1.5834698677063,K,13
OUTPUT,NaN,NaN,NaN,NaN,NaN,NaN

INPUT,0.37752029299736,0.0446738936007023,0.755571722984314,-2.30032134056091,3.08208632469177,-1.54976058006287,K,14
OUTPUT,NaN,NaN,NaN,NaN,NaN,NaN

INPUT,0.38261890411377,0.0455560423433781,0.766818642616272,-2.33205938339233,3.07725024223328,-1.51620829105377,K,15
OUTPUT,NaN,NaN,NaN,NaN,NaN,NaN

INPUT,0.387207686901093,0.0463499799370766,0.776940941810608,-2.36073684692383,3.0729558467865,-1.48611533641815,K,16
OUTPUT,NaN,NaN,NaN,NaN,NaN,NaN

INPUT,0.390776723623276,0.0469674840569496,0.784813821315765,-2.38310241699219,3.06965661048889,-1.46276497840881,K,17
OUTPUT,NaN,NaN,NaN,NaN,NaN,NaN

INPUT,0.393326014280319,0.0474085584282875,0.790437281131744,-2.3991060256958,3.06732296943665,-1.4461110830307,K,18
OUTPUT,NaN,NaN,NaN,NaN,NaN,NaN

INPUT,0.394855618476868,0.0476732030510902,0.79381138086319,-2.40871858596802,3.06593227386475,-1.43612766265869,K,19
OUTPUT,NaN,NaN,NaN,NaN,NaN,NaN

INPUT,0.395365476608276,0.0477614179253578,0.794936060905457,-2.41192436218262,3.06547021865845,-1.43280124664307,K,20
OUTPUT,NaN,NaN,NaN,NaN,NaN,NaN

