INPUT,0.365192979574203,0.0425973907113075,0.721477448940277,-2.22726035118103,3.08347153663635,-1.6218546628952,K,11
OUTPUT,NaN,NaN,NaN,NaN,NaN,NaN

INPUT,0.37065726518631,0.0435429736971855,0.732676386833191,-2.26180958747864,3.07695889472961,-1.58514451980591,K,12
OUTPUT,NaN,NaN,NaN,NaN,NaN,NaN

INPUT,0.376121550798416,0.0444885566830635,0.743875324726105,-2.29656314849854,3.07052850723267,-1.54862356185913,K,13
OUTPUT,NaN,NaN,NaN,NaN,NaN,NaN

INPUT,0.381585836410522,0.0454341396689415,0.755074203014374,-2.33147048950195,3.06418800354004,-1.51224040985107,K,14
OUTPUT,NaN,NaN,NaN,NaN,NaN,NaN

INPUT,0.387050122022629,0.0463797226548195,0.766273140907288,-2.36649751663208,3.057945728302,-1.47595942020416,K,15
OUTPUT,NaN,NaN,NaN,NaN,NaN,NaN

INPUT,0.391967982053757,0.0472307465970516,0.776352167129517,-2.39810419082642,3.05241823196411,-1.4433730840683,K,16
OUTPUT,NaN,NaN,NaN,NaN,NaN,NaN

INPUT,0.395792961120605,0.0478926561772823,0.784191429615021,-2.42273235321045,3.04818224906921,-1.41806256771088,K,17
OUTPUT,NaN,NaN,NaN,NaN,NaN,NaN

INPUT,0.39852511882782,0.0483654476702213,0.789790868759155,-2.44034481048584,3.0451922416687,-1.39999890327454,K,18
OUTPUT,NaN,NaN,NaN,NaN,NaN,NaN

INPUT,0.400164395570755,0.0486491210758686,0.793150544166565,-2.45092034339905,3.04341268539429,-1.38916599750519,K,19
OUTPUT,NaN,NaN,NaN,NaN,NaN,NaN

INPUT,0.400710821151733,0.0487436801195145,0.79427045583725,-2.45444679260254,3.04282188415527,-1.38555586338043,K,20
OUTPUT,NaN,NaN,NaN,NaN,NaN,NaN

INPUT,0.358410269021988,0.032716877758503,0.733282923698425,1.59258949756622,3.14122629165649,2.10138368606567,K,12
OUTPUT,NaN,NaN,NaN,NaN,NaN,NaN

INPUT,0.362570554018021,0.0325259380042553,0.744552135467529,1.32929229736328,3.1411600112915,1.8916220664978,K,13
OUTPUT,NaN,NaN,NaN,NaN,NaN,NaN

INPUT,0.366730868816376,0.0323350019752979,0.755821287631989,1.13541412353516,3.14107656478882,1.75127959251404,K,14
OUTPUT,NaN,NaN,NaN,NaN,NaN,NaN

INPUT,0.370891153812408,0.0321440622210503,0.767090499401093,0.990278840065002,3.14098334312439,1.65968012809753,K,15
OUTPUT,NaN,NaN,NaN,NaN,NaN,NaN

INPUT,0.374635398387909,0.0319722183048725,0.777232766151428,0.887574791908264,3.14089417457581,1.60515820980072,K,16
OUTPUT,NaN,NaN,NaN,NaN,NaN,NaN

INPUT,0.377547591924667,0.0318385623395443,0.785121202468872,0.820461690425873,3.14082288742065,1.57552015781403,K,17
OUTPUT,NaN,NaN,NaN,NaN,NaN,NaN

INPUT,0.379627764225006,0.0317430943250656,0.790755808353424,0.777706503868103,3.14077115058899,1.55953288078308,K,18
OUTPUT,NaN,NaN,NaN,NaN,NaN,NaN

INPUT,0.380875825881958,0.0316858105361462,0.794136524200439,0.753770112991333,3.14073991775513,1.55165708065033,K,19
OUTPUT,NaN,NaN,NaN,NaN,NaN,NaN

INPUT,0.38129186630249,0.0316667184233665,0.795263469219208,0.746047735214233,3.14072942733765,1.54928827285767,K,20
OUTPUT,NaN,NaN,NaN,NaN,NaN,NaN

INPUT,0.375121355056763,0.0371847823262215,0.730331659317017,-2.6050386428833,3.07397603988647,-1.71084654331207,K,5
OUTPUT,NaN,NaN,NaN,NaN,NaN,NaN

INPUT,0.384040504693985,0.0376462936401367,0.745693266391754,-2.67996788024902,3.06378221511841,-1.62764549255371,K,6
OUTPUT,NaN,NaN,NaN,NaN,NaN,NaN

INPUT,0.390977621078491,0.0380052477121353,0.757641136646271,-2.73893594741821,3.05618572235107,-1.56358134746552,K,7
OUTPUT,NaN,NaN,NaN,NaN,NaN,NaN

INPUT,0.395932704210281,0.038261640816927,0.766175389289856,-2.78132462501526,3.05095529556274,-1.51806628704071,K,8
OUTPUT,NaN,NaN,NaN,NaN,NaN,NaN

INPUT,0.398905754089355,0.0384154804050922,0.77129590511322,-2.80684590339661,3.04790019989014,-1.49083507061005,K,9
OUTPUT,NaN,NaN,NaN,NaN,NaN,NaN

INPUT,0.371348738670349,0.0391896963119507,0.731814920902252,-2.2235267162323,3.08968949317932,-1.50110387802124,K,5
OUTPUT,NaN,NaN,NaN,NaN,NaN,NaN

INPUT,0.379699259996414,0.039969727396965,0.747522234916687,-2.28015160560608,3.08179259300232,-1.42995059490204,K,6
OUTPUT,NaN,NaN,NaN,NaN,NaN,NaN

INPUT,0.386194109916687,0.0405764132738113,0.759739100933075,-2.32539343833923,3.07581567764282,-1.37578928470612,K,7
OUTPUT,NaN,NaN,NaN,NaN,NaN,NaN

INPUT,0.390833288431168,0.0410097651183605,0.768465399742126,-2.35817646980286,3.07164454460144,-1.33755815029144,K,8
OUTPUT,NaN,NaN,NaN,NaN,NaN,NaN

INPUT,0.393616795539856,0.041269775480032,0.773701131343842,-2.37799835205078,3.06918358802795,-1.31476652622223,K,9
OUTPUT,NaN,NaN,NaN,NaN,NaN,NaN

INPUT,0.374221980571747,0.0420261770486832,0.731122374534607,-2.28522682189941,3.07838201522827,-1.87011337280273,K,5
OUTPUT,NaN,NaN,NaN,NaN,NaN,NaN

INPUT,0.383027642965317,0.0433001220226288,0.746639847755432,-2.31975603103638,3.06823825836182,-1.83066606521606,K,6
OUTPUT,NaN,NaN,NaN,NaN,NaN,NaN

INPUT,0.389876484870911,0.0442909672856331,0.758708953857422,-2.34698152542114,3.06043481826782,-1.8004674911499,K,7
OUTPUT,NaN,NaN,NaN,NaN,NaN,NaN

INPUT,0.394768506288528,0.0449987165629864,0.767329752445221,-2.36653518676758,3.05491876602173,-1.77912187576294,K,8
OUTPUT,NaN,NaN,NaN,NaN,NaN,NaN

INPUT,0.397703737020493,0.045423362404108,0.772502243518829,-2.37828946113586,3.05163550376892,-1.76640021800995,K,9
OUTPUT,NaN,NaN,NaN,NaN,NaN,NaN

INPUT,0.371891498565674,0.0496694818139076,0.714130520820618,-2.20388293266296,3.00613069534302,-1.69544589519501,K,4
OUTPUT,NaN,NaN,NaN,NaN,NaN,NaN

INPUT,0.381662786006927,0.0528785139322281,0.729012727737427,-2.25891757011414,2.97992038726807,-1.6386650800705,K,5
OUTPUT,NaN,NaN,NaN,NaN,NaN,NaN

INPUT,0.391434073448181,0.0560875497758389,0.743894994258881,-2.31431126594543,2.95421385765076,-1.58200824260712,K,6
OUTPUT,NaN,NaN,NaN,NaN,NaN,NaN

INPUT,0.399033933877945,0.0585834644734859,0.755470037460327,-2.35736107826233,2.93472504615784,-1.53819382190704,K,7
OUTPUT,NaN,NaN,NaN,NaN,NaN,NaN

INPUT,0.404462426900864,0.0603662617504597,0.763737916946411,-2.38797760009766,2.92113995552063,-1.50711643695831,K,8
OUTPUT,NaN,NaN,NaN,NaN,NaN,NaN

INPUT,0.407719522714615,0.06143594160676,0.768698692321777,-2.40626311302185,2.91314005851746,-1.48858177661896,K,9
OUTPUT,NaN,NaN,NaN,NaN,NaN,NaN

INPUT,0.374574542045593,0.043307688087225,0.731279313564301,-2.28828954696655,3.07186150550842,-1.57201313972473,K,5
OUTPUT,NaN,NaN,NaN,NaN,NaN,NaN

INPUT,0.383434742689133,0.0448142737150192,0.746791243553162,-2.34723138809204,3.06111073493958,-1.50406301021576,K,6
OUTPUT,NaN,NaN,NaN,NaN,NaN,NaN

INPUT,0.390325993299484,0.0459860600531101,0.758855998516083,-2.39383935928345,3.05296993255615,-1.45194017887115,K,7
OUTPUT,NaN,NaN,NaN,NaN,NaN,NaN

INPUT,0.39524832367897,0.0468230508267879,0.767473757266998,-2.42742967605591,3.04728555679321,-1.41498708724976,K,8
OUTPUT,NaN,NaN,NaN,NaN,NaN,NaN

INPUT,0.398201733827591,0.0473252460360527,0.772644400596619,-2.44768166542053,3.0439305305481,-1.39290392398834,K,9
OUTPUT,NaN,NaN,NaN,NaN,NaN,NaN

INPUT,0.358732640743256,0.0328738801181316,0.724220812320709,3.0095808506012,3.14058518409729,-2.79590964317322,K,4
OUTPUT,NaN,NaN,NaN,NaN,NaN,NaN

INPUT,0.364707559347153,0.0325574390590191,0.737732112407684,2.65879535675049,3.14093661308289,-3.06025743484497,K,5
OUTPUT,NaN,NaN,NaN,NaN,NaN,NaN

INPUT,0.37068247795105,0.0322409979999065,0.751243412494659,1.89937090873718,3.1411280632019,2.54994082450867,K,6
OUTPUT,NaN,NaN,NaN,NaN,NaN,NaN

INPUT,0.375329613685608,0.0319948792457581,0.761752188205719,1.21724700927734,3.14103984832764,1.93483996391296,K,7
OUTPUT,NaN,NaN,NaN,NaN,NaN,NaN

INPUT,0.378649026155472,0.0318190790712833,0.769258499145508,0.908786058425903,3.14088177680969,1.67405092716217,K,8
OUTPUT,NaN,NaN,NaN,NaN,NaN,NaN

INPUT,0.380640655755997,0.0317135974764824,0.773762226104736,0.781651556491852,3.1407687664032,1.57541346549988,K,9
OUTPUT,NaN,NaN,NaN,NaN,NaN,NaN

INPUT,0.365295886993408,0.0375464968383312,0.721628785133362,-2.45245432853699,3.09820938110352,-1.62570691108704,K,11
OUTPUT,NaN,NaN,NaN,NaN,NaN,NaN

INPUT,0.370756059885025,0.0379014164209366,0.732851803302765,-2.49965357780457,3.09354305267334,-1.57563138008118,K,12
OUTPUT,NaN,NaN,NaN,NaN,NaN,NaN

INPUT,0.376216232776642,0.0382563322782516,0.744074821472168,-2.54711031913757,3.08899021148682,-1.52580225467682,K,13
OUTPUT,NaN,NaN,NaN,NaN,NaN,NaN

INPUT,0.381676405668259,0.038611251860857,0.755297839641571,-2.59475946426392,3.08456158638,-1.47615432739258,K,14
OUTPUT,NaN,NaN,NaN,NaN,NaN,NaN

INPUT,0.387136578559875,0.0389661677181721,0.766520857810974,-2.64255666732788,3.08026790618896,-1.42664241790771,K,15
OUTPUT,NaN,NaN,NaN,NaN,NaN,NaN

INPUT,0.392050743103027,0.0392855927348137,0.776621580123901,-2.68567490577698,3.07652735710144,-1.38217151165009,K,16
OUTPUT,NaN,NaN,NaN,NaN,NaN,NaN

INPUT,0.395872861146927,0.0395340360701084,0.784477710723877,-2.7192656993866,3.07370400428772,-1.34763014316559,K,17
OUTPUT,NaN,NaN,NaN,NaN,NaN,NaN

INPUT,0.398602962493896,0.0397114939987659,0.790089249610901,-2.74328422546387,3.0717351436615,-1.32297909259796,K,18
OUTPUT,NaN,NaN,NaN,NaN,NaN,NaN

INPUT,0.400241017341614,0.0398179702460766,0.793456137180328,-2.75770449638367,3.07057356834412,-1.30819606781006,K,19
OUTPUT,NaN,NaN,NaN,NaN,NaN,NaN

INPUT,0.400787025690079,0.03985346108675,0.794578433036804,-2.76251268386841,3.07018971443176,-1.30326950550079,K,20
OUTPUT,NaN,NaN,NaN,NaN,NaN,NaN

INPUT,0.3485486805439,0.0309770461171865,0.733597040176392,0.554057121276855,3.08447885513306,1.31927037239075,K,12
OUTPUT,NaN,NaN,NaN,NaN,NaN,NaN

INPUT,0.35167133808136,0.0306029114872217,0.744898557662964,0.513010442256927,3.07872104644775,1.35880172252655,K,13
OUTPUT,NaN,NaN,NaN,NaN,NaN,NaN

INPUT,0.354794025421143,0.030228778719902,0.756200075149536,0.472082763910294,3.07306528091431,1.39846646785736,K,14
OUTPUT,NaN,NaN,NaN,NaN,NaN,NaN

INPUT,0.357916682958603,0.0298546440899372,0.767501592636108,0.431242823600769,3.06752061843872,1.43823444843292,K,15
OUTPUT,NaN,NaN,NaN,NaN,NaN,NaN

INPUT,0.360727101564407,0.029517924413085,0.777672946453094,0.394543558359146,3.06263279914856,1.47409617900848,K,16
OUTPUT,NaN,NaN,NaN,NaN,NaN,NaN

INPUT,0.362912952899933,0.0292560290545225,0.785584032535553,0.366028785705566,3.05890274047852,1.50202751159668,K,17
OUTPUT,NaN,NaN,NaN,NaN,NaN,NaN

INPUT,0.364474296569824,0.0290689636021852,0.791234791278839,0.345673948526382,3.05627846717834,1.52199637889862,K,18
OUTPUT,NaN,NaN,NaN,NaN,NaN,NaN

INPUT,0.365411102771759,0.0289567224681377,0.794625222682953,0.33346551656723,3.0547206401825,1.53398442268372,K,19
OUTPUT,NaN,NaN,NaN,NaN,NaN,NaN

INPUT,0.365723371505737,0.0289193093776703,0.795755386352539,0.329396784305573,3.05420398712158,1.53798151016235,K,20
OUTPUT,NaN,NaN,NaN,NaN,NaN,NaN

INPUT,0.365166008472443,0.0379532910883427,0.722446739673615,-2.56407713890076,3.09059023857117,-1.86792731285095,K,11
OUTPUT,NaN,NaN,NaN,NaN,NaN,NaN

INPUT,0.37061071395874,0.0383556745946407,0.733767151832581,-2.60406112670898,3.0849814414978,-1.82599318027496,K,12
OUTPUT,NaN,NaN,NaN,NaN,NaN,NaN

INPUT,0.376055419445038,0.0387580581009388,0.745087504386902,-2.64422583580017,3.07946729660034,-1.78422713279724,K,13
OUTPUT,NaN,NaN,NaN,NaN,NaN,NaN

INPUT,0.381500095129013,0.0391604416072369,0.756407856941223,-2.6845269203186,3.07405757904053,-1.74258351325989,K,14
OUTPUT,NaN,NaN,NaN,NaN,NaN,NaN

INPUT,0.386944800615311,0.0395628213882446,0.767728269100189,-2.72493433952332,3.06876111030579,-1.70103120803833,K,15
OUTPUT,NaN,NaN,NaN,NaN,NaN,NaN

INPUT,0.391845047473907,0.039924968034029,0.777916610240936,-2.76137351989746,3.06409859657288,-1.66369354724884,K,16
OUTPUT,NaN,NaN,NaN,NaN,NaN,NaN

INPUT,0.39565634727478,0.0402066372334957,0.78584086894989,-2.78975510597229,3.06054449081421,-1.63468408584595,K,17
OUTPUT,NaN,NaN,NaN,NaN,NaN,NaN

INPUT,0.398378670215607,0.0404078252613544,0.791501045227051,-2.81004643440247,3.05804657936096,-1.61397683620453,K,18
OUTPUT,NaN,NaN,NaN,NaN,NaN,NaN

INPUT,0.400012075901031,0.0405285432934761,0.794897139072418,-2.8222279548645,3.05656456947327,-1.60155713558197,K,19
OUTPUT,NaN,NaN,NaN,NaN,NaN,NaN

INPUT,0.400556564331055,0.0405687801539898,0.796029210090637,-2.82628965377808,3.05607342720032,-1.59741806983948,K,20
OUTPUT,NaN,NaN,NaN,NaN,NaN,NaN

INPUT,0.375976026058197,0.0433069914579391,0.720520436763763,-2.30497980117798,3.03562211990356,-1.65539216995239,K,11
OUTPUT,NaN,NaN,NaN,NaN,NaN,NaN

INPUT,0.382692694664001,0.0443395674228668,0.731613099575043,-2.34263753890991,3.02376198768616,-1.61648547649384,K,12
OUTPUT,NaN,NaN,NaN,NaN,NaN,NaN

INPUT,0.389409363269806,0.0453721471130848,0.742705762386322,-2.38043522834778,3.01207423210144,-1.57766556739807,K,13
OUTPUT,NaN,NaN,NaN,NaN,NaN,NaN

INPUT,0.39612603187561,0.0464047230780125,0.753798365592957,-2.41834545135498,3.00057625770569,-1.53890097141266,K,14
OUTPUT,NaN,NaN,NaN,NaN,NaN,NaN

INPUT,0.402842670679092,0.0474372990429401,0.764891028404236,-2.45635056495667,2.98928475379944,-1.50016915798187,K,15
OUTPUT,NaN,NaN,NaN,NaN,NaN,NaN

INPUT,0.408887684345245,0.048366617411375,0.774874448776245,-2.49062585830688,2.97931313514709,-1.46532535552979,K,16
OUTPUT,NaN,NaN,NaN,NaN,NaN,NaN

INPUT,0.413589358329773,0.0490894243121147,0.78263932466507,-2.51732635498047,2.97169041633606,-1.43822836875916,K,17
OUTPUT,NaN,NaN,NaN,NaN,NaN,NaN

INPUT,0.416947662830353,0.0496057122945786,0.788185596466064,-2.53641939163208,2.96632027626038,-1.41887319087982,K,18
OUTPUT,NaN,NaN,NaN,NaN,NaN,NaN

INPUT,0.41896265745163,0.0499154850840569,0.791513383388519,-2.54788303375244,2.96312880516052,-1.40725958347321,K,19
OUTPUT,NaN,NaN,NaN,NaN,NaN,NaN

INPUT,0.419634342193604,0.0500187426805496,0.792622685432434,-2.55170559883118,2.96207022666931,-1.40338826179504,K,20
OUTPUT,NaN,NaN,NaN,NaN,NaN,NaN

INPUT,0.374754250049591,0.037768293172121,0.731415152549744,-2.53702521324158,3.08993482589722,-1.55824482440948,K,5
OUTPUT,NaN,NaN,NaN,NaN,NaN,NaN

INPUT,0.383648842573166,0.0383288636803627,0.746972322463989,-2.61703324317932,3.08242297172546,-1.46531963348389,K,6
OUTPUT,NaN,NaN,NaN,NaN,NaN,NaN

INPUT,0.390566885471344,0.0387648642063141,0.759072303771973,-2.68028545379639,3.07688212394714,-1.39404273033142,K,7
OUTPUT,NaN,NaN,NaN,NaN,NaN,NaN

INPUT,0.395508319139481,0.0390762910246849,0.767715156078339,-2.72586178779602,3.07310128211975,-1.3435126543045,K,8
OUTPUT,NaN,NaN,NaN,NaN,NaN,NaN

INPUT,0.39847320318222,0.0392631478607655,0.772900819778442,-2.75333595275879,3.0709080696106,-1.313316822052,K,9
OUTPUT,NaN,NaN,NaN,NaN,NaN,NaN

INPUT,0.365737825632095,0.0375941842794418,0.71683394908905,-2.56473684310913,3.09037280082703,-1.88629877567291,K,4
OUTPUT,NaN,NaN,NaN,NaN,NaN,NaN

INPUT,0.374524652957916,0.0382413491606712,0.73252260684967,-2.63240933418274,3.08080744743347,-1.80832993984222,K,5
OUTPUT,NaN,NaN,NaN,NaN,NaN,NaN

INPUT,0.383311480283737,0.0388885140419006,0.748211324214935,-2.70148539543152,3.07156300544739,-1.73172247409821,K,6
OUTPUT,NaN,NaN,NaN,NaN,NaN,NaN

INPUT,0.390145659446716,0.0393918640911579,0.760413646697998,-2.75584173202515,3.06462645530701,-1.67273783683777,K,7
OUTPUT,NaN,NaN,NaN,NaN,NaN,NaN

INPUT,0.395027220249176,0.0397513993084431,0.769129574298859,-2.79491353034973,3.05982160568237,-1.63083362579346,K,8
OUTPUT,NaN,NaN,NaN,NaN,NaN,NaN

INPUT,0.397956162691116,0.0399671234190464,0.774359107017517,-2.81843662261963,3.0570023059845,-1.60576403141022,K,9
OUTPUT,NaN,NaN,NaN,NaN,NaN,NaN

INPUT,0.376426517963409,0.0419772639870644,0.716168284416199,-2.29701280593872,3.03455519676208,-1.66593217849731,K,4
OUTPUT,NaN,NaN,NaN,NaN,NaN,NaN

INPUT,0.387078315019608,0.0435800403356552,0.7311971783638,-2.36386108398438,3.01447010040283,-1.59611988067627,K,5
OUTPUT,NaN,NaN,NaN,NaN,NaN,NaN

INPUT,0.397730112075806,0.0451828204095364,0.746226072311401,-2.43119502067566,2.99497723579407,-1.52662122249603,K,6
OUTPUT,NaN,NaN,NaN,NaN,NaN,NaN

INPUT,0.406014859676361,0.0464294254779816,0.757915198802948,-2.48380970954895,2.98028469085693,-1.47267866134644,K,7
OUTPUT,NaN,NaN,NaN,NaN,NaN,NaN

INPUT,0.411932528018951,0.0473198555409908,0.766264617443085,-2.52149820327759,2.97006678581238,-1.4341789484024,K,8
OUTPUT,NaN,NaN,NaN,NaN,NaN,NaN

INPUT,0.415483117103577,0.0478541143238544,0.771274209022522,-2.54414939880371,2.96405410766602,-1.41108548641205,K,9
OUTPUT,NaN,NaN,NaN,NaN,NaN,NaN

INPUT,0.354114949703217,0.0309736654162407,0.737163066864014,0.511529505252838,3.07887005805969,1.36055421829224,K,5
OUTPUT,NaN,NaN,NaN,NaN,NaN,NaN

INPUT,0.35888859629631,0.0304373670369387,0.751083791255951,0.445793211460114,3.06971454620361,1.42422151565552,K,6
OUTPUT,NaN,NaN,NaN,NaN,NaN,NaN

INPUT,0.362601429224014,0.0300202462822199,0.761910974979401,0.39481446146965,3.06279945373535,1.47391879558563,K,7
OUTPUT,NaN,NaN,NaN,NaN,NaN,NaN

INPUT,0.365253448486328,0.0297223031520844,0.769644737243652,0.358457028865814,3.05798125267029,1.50948917865753,K,8
OUTPUT,NaN,NaN,NaN,NaN,NaN,NaN

INPUT,0.366844683885574,0.0295435357838869,0.774284958839417,0.336659997701645,3.05514168739319,1.53085577487946,K,9
OUTPUT,NaN,NaN,NaN,NaN,NaN,NaN

INPUT,0.354943066835403,0.026270342990756,0.732356905937195,0.898599803447723,3.1022617816925,1.44975543022156,K,12
OUTPUT,NaN,NaN,NaN,NaN,NaN,NaN

INPUT,0.358738601207733,0.0254009831696749,0.743527948856354,0.868062138557434,3.09816884994507,1.47722947597504,K,13
OUTPUT,NaN,NaN,NaN,NaN,NaN,NaN

INPUT,0.362534135580063,0.0245316252112389,0.754698932170868,0.837784767150879,3.09411239624023,1.50496888160706,K,14
OUTPUT,NaN,NaN,NaN,NaN,NaN,NaN

INPUT,0.366329669952393,0.0236622653901577,0.765869915485382,0.807703614234924,3.09009552001953,1.53290998935699,K,15
OUTPUT,NaN,NaN,NaN,NaN,NaN,NaN

INPUT,0.369745671749115,0.0228798426687717,0.775923848152161,0.780760645866394,3.08651757240295,1.55819237232208,K,16
OUTPUT,NaN,NaN,NaN,NaN,NaN,NaN

INPUT,0.372402548789978,0.0222712904214859,0.783743500709534,0.759873986244202,3.08376026153564,1.57792890071869,K,17
OUTPUT,NaN,NaN,NaN,NaN,NaN,NaN

INPUT,0.374300301074982,0.0218366105109453,0.789329051971436,0.744986295700073,3.08180546760559,1.59205973148346,K,18
OUTPUT,NaN,NaN,NaN,NaN,NaN,NaN

INPUT,0.375438958406448,0.0215758047997952,0.792680323123932,0.736064910888672,3.08063840866089,1.60055017471313,K,19
OUTPUT,NaN,NaN,NaN,NaN,NaN,NaN

INPUT,0.375818520784378,0.0214888677000999,0.793797433376312,0.733092904090881,3.08025050163269,1.60338234901428,K,20
OUTPUT,NaN,NaN,NaN,NaN,NaN,NaN

INPUT,0.37300705909729,0.0476815365254879,0.720123887062073,-2.22755479812622,3.0515034198761,-1.76833271980286,K,11
OUTPUT,NaN,NaN,NaN,NaN,NaN,NaN

INPUT,0.379374325275421,0.049228847026825,0.731169998645782,-2.25388479232788,3.0412118434906,-1.74057567119598,K,12
OUTPUT,NaN,NaN,NaN,NaN,NaN,NaN

INPUT,0.38574156165123,0.0507761538028717,0.742216110229492,-2.28036093711853,3.03099346160889,-1.71293675899506,K,13
OUTPUT,NaN,NaN,NaN,NaN,NaN,NaN

INPUT,0.392108798027039,0.0523234643042088,0.753262221813202,-2.30695009231567,3.02085566520691,-1.68538069725037,K,14
OUTPUT,NaN,NaN,NaN,NaN,NaN,NaN

INPUT,0.39847606420517,0.0538707710802555,0.764308333396912,-2.33363032341003,3.01080632209778,-1.6578825712204,K,15
OUTPUT,NaN,NaN,NaN,NaN,NaN,NaN

INPUT,0.404206573963165,0.0552633516490459,0.774249851703644,-2.35770773887634,3.00184369087219,-1.63316905498505,K,16
OUTPUT,NaN,NaN,NaN,NaN,NaN,NaN

INPUT,0.408663660287857,0.0563464686274529,0.781982064247131,-2.37647175788879,2.99492979049683,-1.61396372318268,K,17
OUTPUT,NaN,NaN,NaN,NaN,NaN,NaN

INPUT,0.4118472635746,0.0571201220154762,0.787505149841309,-2.38989305496216,2.9900233745575,-1.60025203227997,K,18
OUTPUT,NaN,NaN,NaN,NaN,NaN,NaN

INPUT,0.41375744342804,0.0575843155384064,0.790818989276886,-2.39795231819153,2.98709273338318,-1.59202694892883,K,19
OUTPUT,NaN,NaN,NaN,NaN,NaN,NaN

INPUT,0.414394170045853,0.057739045470953,0.791923582553864,-2.40064001083374,2.98611807823181,-1.58928561210632,K,20
OUTPUT,NaN,NaN,NaN,NaN,NaN,NaN

INPUT,0.359580010175705,0.0373034216463566,0.721935927867889,-2.42783427238464,3.10814070701599,-1.70706593990326,K,11
OUTPUT,NaN,NaN,NaN,NaN,NaN,NaN

INPUT,0.364367663860321,0.0376296974718571,0.733195126056671,-2.46844816207886,3.10449981689453,-1.66288995742798,K,12
OUTPUT,NaN,NaN,NaN,NaN,NaN,NaN

INPUT,0.36915534734726,0.0379559732973576,0.744454324245453,-2.50938105583191,3.10092544555664,-1.61902689933777,K,13
OUTPUT,NaN,NaN,NaN,NaN,NaN,NaN

INPUT,0.373943001031876,0.0382822528481483,0.75571346282959,-2.55055165290833,3.09742426872253,-1.57539570331573,K,14
OUTPUT,NaN,NaN,NaN,NaN,NaN,NaN

INPUT,0.378730684518814,0.0386085286736488,0.766972661018372,-2.59190440177917,3.09400224685669,-1.53194010257721,K,15
OUTPUT,NaN,NaN,NaN,NaN,NaN,NaN

INPUT,0.383039593696594,0.0389021746814251,0.777105987071991,-2.6292450428009,3.09099555015564,-1.49294722080231,K,16
OUTPUT,NaN,NaN,NaN,NaN,NaN,NaN

INPUT,0.386390954256058,0.0391305685043335,0.784987390041351,-2.65835380554199,3.088707447052,-1.46268177032471,K,17
OUTPUT,NaN,NaN,NaN,NaN,NaN,NaN

INPUT,0.388784795999527,0.0392937064170837,0.790616989135742,-2.67917656898499,3.08710169792175,-1.44109201431274,K,18
OUTPUT,NaN,NaN,NaN,NaN,NaN,NaN

INPUT,0.39022108912468,0.0393915921449661,0.793994724750519,-2.6916811466217,3.08614993095398,-1.42814838886261,K,19
OUTPUT,NaN,NaN,NaN,NaN,NaN,NaN

INPUT,0.390699863433838,0.0394242182374001,0.795120656490326,-2.69585108757019,3.08583450317383,-1.42383539676666,K,20
OUTPUT,NaN,NaN,NaN,NaN,NaN,NaN

INPUT,0.369858264923096,0.0582534447312355,0.720194041728973,-1.92076563835144,3.01347637176514,-1.45519578456879,K,11
OUTPUT,NaN,NaN,NaN,NaN,NaN,NaN

INPUT,0.375854879617691,0.0610443316400051,0.731249272823334,-1.94754123687744,2.99878787994385,-1.42704641819,K,12
OUTPUT,NaN,NaN,NaN,NaN,NaN,NaN

INPUT,0.381851524114609,0.0638352185487747,0.742304503917694,-1.97447311878204,2.98420643806458,-1.39899587631226,K,13
OUTPUT,NaN,NaN,NaN,NaN,NaN,NaN

INPUT,0.387848168611526,0.066626101732254,0.753359735012054,-2.00153088569641,2.9697437286377,-1.37100827693939,K,14
OUTPUT,NaN,NaN,NaN,NaN,NaN,NaN

INPUT,0.393844813108444,0.0694169923663139,0.76441490650177,-2.02869439125061,2.95541071891785,-1.34305822849274,K,15
OUTPUT,NaN,NaN,NaN,NaN,NaN,NaN

INPUT,0.399241775274277,0.0719287917017937,0.774364650249481,-2.05322122573853,2.94263100624084,-1.31791985034943,K,16
OUTPUT,NaN,NaN,NaN,NaN,NaN,NaN

INPUT,0.403439432382584,0.0738824084401131,0.782103300094604,-2.07234477996826,2.93277525901794,-1.29837191104889,K,17
OUTPUT,NaN,NaN,NaN,NaN,NaN,NaN

INPUT,0.40643772482872,0.0752778500318527,0.787630915641785,-2.08602857589722,2.9257824420929,-1.28440868854523,K,18
OUTPUT,NaN,NaN,NaN,NaN,NaN,NaN

INPUT,0.408236712217331,0.0761151164770126,0.790947437286377,-2.09424805641174,2.92160654067993,-1.27602994441986,K,19
OUTPUT,NaN,NaN,NaN,NaN,NaN,NaN

INPUT,0.408836394548416,0.0763942077755928,0.792052984237671,-2.09698939323425,2.92021775245667,-1.27323687076569,K,20
OUTPUT,NaN,NaN,NaN,NaN,NaN,NaN

INPUT,0.362121373414993,0.0345459468662739,0.733181834220886,0.71214759349823,3.12703776359558,1.55658411979675,K,12
OUTPUT,NaN,NaN,NaN,NaN,NaN,NaN

INPUT,0.366672217845917,0.0345474742352962,0.74444043636322,0.663534462451935,3.12553191184998,1.59684157371521,K,13
OUTPUT,NaN,NaN,NaN,NaN,NaN,NaN

INPUT,0.37122306227684,0.0345490016043186,0.755698978900909,0.615630924701691,3.12405753135681,1.63780951499939,K,14
OUTPUT,NaN,NaN,NaN,NaN,NaN,NaN

INPUT,0.375773876905441,0.034550528973341,0.766957581043243,0.568259298801422,3.12261772155762,1.67931079864502,K,15
OUTPUT,NaN,NaN,NaN,NaN,NaN,NaN

INPUT,0.379869639873505,0.0345518998801708,0.777090311050415,0.525977253913879,3.12135362625122,1.71701502799988,K,16
OUTPUT,NaN,NaN,NaN,NaN,NaN,NaN

INPUT,0.383055239915848,0.0345529690384865,0.784971296787262,0.493277460336685,3.12039279937744,1.74652779102325,K,17
OUTPUT,NaN,NaN,NaN,NaN,NaN,NaN

INPUT,0.385330647230148,0.0345537327229977,0.790600597858429,0.47000527381897,3.11971879005432,1.76769328117371,K,18
OUTPUT,NaN,NaN,NaN,NaN,NaN,NaN

INPUT,0.386695891618729,0.0345541909337044,0.793978154659271,0.456072330474854,3.11931943893433,1.78042304515839,K,19
OUTPUT,NaN,NaN,NaN,NaN,NaN,NaN

INPUT,0.387150973081589,0.0345543436706066,0.795104026794434,0.451432704925537,3.1191873550415,1.78467118740082,K,20
OUTPUT,NaN,NaN,NaN,NaN,NaN,NaN

INPUT,0.359684675931931,0.0390057861804962,0.733394801616669,-2.47748327255249,3.1218273639679,-1.87113499641418,K,12
OUTPUT,NaN,NaN,NaN,NaN,NaN,NaN

INPUT,0.3639957010746,0.0394740849733353,0.744667947292328,-2.50751543045044,3.11989998817444,-1.83734786510468,K,13
OUTPUT,NaN,NaN,NaN,NaN,NaN,NaN

INPUT,0.36830672621727,0.0399423874914646,0.755941092967987,-2.5378532409668,3.11799478530884,-1.8038649559021,K,14
OUTPUT,NaN,NaN,NaN,NaN,NaN,NaN

INPUT,0.37261775135994,0.0404106862843037,0.767214238643646,-2.56842517852783,3.11611342430115,-1.7706151008606,K,15
OUTPUT,NaN,NaN,NaN,NaN,NaN,NaN

INPUT,0.376497685909271,0.040832158178091,0.777360081672668,-2.59609842300415,3.11444234848022,-1.74084722995758,K,16
OUTPUT,NaN,NaN,NaN,NaN,NaN,NaN

INPUT,0.379515409469604,0.0411599688231945,0.785251259803772,-2.61770725250244,3.1131579875946,-1.71777856349945,K,17
OUTPUT,NaN,NaN,NaN,NaN,NaN,NaN

INPUT,0.381670892238617,0.041394118219614,0.790887832641602,-2.63318109512329,3.11224913597107,-1.70133972167969,K,18
OUTPUT,NaN,NaN,NaN,NaN,NaN,NaN

INPUT,0.382964223623276,0.0415346063673496,0.794269800186157,-2.64247965812683,3.11170744895935,-1.69149029254913,K,19
OUTPUT,NaN,NaN,NaN,NaN,NaN,NaN

INPUT,0.383395314216614,0.0415814369916916,0.795397102832794,-2.64558148384094,3.11152744293213,-1.68820929527283,K,20
OUTPUT,NaN,NaN,NaN,NaN,NaN,NaN

INPUT,0.373450815677643,0.0462957136332989,0.7151939868927,-2.22154974937439,3.05074644088745,-1.77618563175201,K,4
OUTPUT,NaN,NaN,NaN,NaN,NaN,NaN

INPUT,0.383683919906616,0.0487714782357216,0.730274498462677,-2.26861786842346,3.03318500518799,-1.72612655162811,K,5
OUTPUT,NaN,NaN,NaN,NaN,NaN,NaN

INPUT,0.393916994333267,0.0512472502887249,0.745355010032654,-2.31614661216736,3.01587891578674,-1.67643582820892,K,6
OUTPUT,NaN,NaN,NaN,NaN,NaN,NaN

INPUT,0.40187606215477,0.0531728453934193,0.757084310054779,-2.35318517684937,3.00267362594604,-1.63808929920197,K,7
OUTPUT,NaN,NaN,NaN,NaN,NaN,NaN

INPUT,0.407561093568802,0.0545482710003853,0.765462398529053,-2.37958765029907,2.99341154098511,-1.61089837551117,K,8
OUTPUT,NaN,NaN,NaN,NaN,NaN,NaN

INPUT,0.410972118377686,0.055373527109623,0.77048921585083,-2.39538407325745,2.98793125152588,-1.59467625617981,K,9
OUTPUT,NaN,NaN,NaN,NaN,NaN,NaN

INPUT,0.368013918399811,0.037530031055212,0.731490135192871,-2.50309872627258,3.10155725479126,-1.64972484111786,K,5
OUTPUT,NaN,NaN,NaN,NaN,NaN,NaN

INPUT,0.375818818807602,0.0380389466881752,0.747208297252655,-2.57115888595581,3.09565949440002,-1.56709218025208,K,6
OUTPUT,NaN,NaN,NaN,NaN,NaN,NaN

INPUT,0.381889283657074,0.038434773683548,0.759433567523956,-2.6252601146698,3.09124970436096,-1.50397384166718,K,7
OUTPUT,NaN,NaN,NaN,NaN,NaN,NaN

INPUT,0.386225342750549,0.0387175045907497,0.76816588640213,-2.66435647010803,3.08820414543152,-1.45933437347412,K,8
OUTPUT,NaN,NaN,NaN,NaN,NaN,NaN

INPUT,0.388826966285706,0.0388871431350708,0.773405253887177,-2.68796110153198,3.086421251297,-1.43269431591034,K,9
OUTPUT,NaN,NaN,NaN,NaN,NaN,NaN

INPUT,0.370338410139084,0.0557996332645416,0.715110540390015,-1.92170643806458,3.01199698448181,-1.47154700756073,K,4
OUTPUT,NaN,NaN,NaN,NaN,NaN,NaN

INPUT,0.37994521856308,0.0602459497749805,0.730312705039978,-1.96681618690491,2.98703002929688,-1.41762924194336,K,5
OUTPUT,NaN,NaN,NaN,NaN,NaN,NaN

INPUT,0.389552026987076,0.0646922662854195,0.745514929294586,-2.0132372379303,2.96243906021118,-1.36483252048492,K,6
OUTPUT,NaN,NaN,NaN,NaN,NaN,NaN

INPUT,0.397024005651474,0.0681505128741264,0.757338881492615,-2.04980206489563,2.94369196891785,-1.32440829277039,K,7
OUTPUT,NaN,NaN,NaN,NaN,NaN,NaN

INPUT,0.402361124753952,0.0706206932663918,0.765784502029419,-2.07601618766785,2.93055438995361,-1.29586589336395,K,8
OUTPUT,NaN,NaN,NaN,NaN,NaN,NaN

INPUT,0.40556338429451,0.0721028000116348,0.770851910114288,-2.09174799919128,2.92278671264648,-1.27887666225433,K,9
OUTPUT,NaN,NaN,NaN,NaN,NaN,NaN

INPUT,0.360983043909073,0.0259068664163351,0.736085712909698,0.878120839595795,3.09793186187744,1.48985838890076,K,5
OUTPUT,NaN,NaN,NaN,NaN,NaN,NaN

INPUT,0.366651833057404,0.0246117487549782,0.749675512313843,0.824374735355377,3.09143710136414,1.52963280677795,K,6
OUTPUT,NaN,NaN,NaN,NaN,NaN,NaN

INPUT,0.371060878038406,0.0236044358462095,0.760245323181152,0.783842027187347,3.08647704124451,1.56158649921417,K,7
OUTPUT,NaN,NaN,NaN,NaN,NaN,NaN

INPUT,0.374210178852081,0.022884925827384,0.767795145511627,0.7554692029953,3.08299493789673,1.5847395658493,K,8
OUTPUT,NaN,NaN,NaN,NaN,NaN,NaN

INPUT,0.376099765300751,0.0224532205611467,0.772325098514557,0.738660871982574,3.08093309402466,1.59871435165405,K,9
OUTPUT,NaN,NaN,NaN,NaN,NaN,NaN

INPUT,0.362525165081024,0.0347010344266891,0.724438071250916,0.779994785785675,3.12847805023193,1.5736095905304,K,4
OUTPUT,NaN,NaN,NaN,NaN,NaN,NaN

INPUT,0.36915048956871,0.0347139462828636,0.737850964069366,0.686125695705414,3.12590360641479,1.62257790565491,K,5
OUTPUT,NaN,NaN,NaN,NaN,NaN,NaN

INPUT,0.375775814056396,0.0347268618643284,0.751263856887817,0.598519265651703,3.12340354919434,1.67781162261963,K,6
OUTPUT,NaN,NaN,NaN,NaN,NaN,NaN

INPUT,0.380928844213486,0.034736905246973,0.76169615983963,0.53312623500824,3.12151980400085,1.7235187292099,K,7
OUTPUT,NaN,NaN,NaN,NaN,NaN,NaN

INPUT,0.384609580039978,0.0347440764307976,0.769147753715515,0.48746457695961,3.12021088600159,1.75721561908722,K,8
OUTPUT,NaN,NaN,NaN,NaN,NaN,NaN

INPUT,0.386818021535873,0.0347483828663826,0.773618757724762,0.460403650999069,3.11944127082825,1.77777016162872,K,9
OUTPUT,NaN,NaN,NaN,NaN,NaN,NaN

INPUT,0.36010816693306,0.0386151820421219,0.724986374378204,-2.47459268569946,3.12167429924011,-1.90596067905426,K,4
OUTPUT,NaN,NaN,NaN,NaN,NaN,NaN

INPUT,0.366132438182831,0.039324626326561,0.738332748413086,-2.51798677444458,3.11888861656189,-1.84600818157196,K,5
OUTPUT,NaN,NaN,NaN,NaN,NaN,NaN

INPUT,0.372156739234924,0.0400340706110001,0.751679182052612,-2.56317710876465,3.11616206169128,-1.7878485918045,K,6
OUTPUT,NaN,NaN,NaN,NaN,NaN,NaN

INPUT,0.37684229016304,0.0405858643352985,0.762059688568115,-2.59904646873474,3.11409664154053,-1.74368476867676,K,7
OUTPUT,NaN,NaN,NaN,NaN,NaN,NaN

INPUT,0.380189090967178,0.0409800000488758,0.769474387168884,-2.62487077713013,3.11265635490417,-1.71268451213837,K,8
OUTPUT,NaN,NaN,NaN,NaN,NaN,NaN

INPUT,0.382197201251984,0.0412164814770222,0.773923218250275,-2.64040207862854,3.11180758476257,-1.69430088996887,K,9
OUTPUT,NaN,NaN,NaN,NaN,NaN,NaN

INPUT,0.359302520751953,0.0376757383346558,0.734284281730652,1.49517238140106,3.14094948768616,1.89957451820374,K,12
OUTPUT,NaN,NaN,NaN,NaN,NaN,NaN

INPUT,0.363556921482086,0.0380065888166428,0.745658993721008,1.34235882759094,3.14084529876709,1.7893089056015,K,13
OUTPUT,NaN,NaN,NaN,NaN,NaN,NaN

INPUT,0.367811322212219,0.0383374355733395,0.757033705711365,1.22298872470856,3.14073133468628,1.71248662471771,K,14
OUTPUT,NaN,NaN,NaN,NaN,NaN,NaN

INPUT,0.372065722942352,0.0386682860553265,0.768408417701721,1.12701368331909,3.14061164855957,1.65905940532684,K,15
OUTPUT,NaN,NaN,NaN,NaN,NaN,NaN

INPUT,0.375894695520401,0.0389660485088825,0.778645634651184,1.0548654794693,3.14050078392029,1.62520432472229,K,16
OUTPUT,NaN,NaN,NaN,NaN,NaN,NaN

INPUT,0.378872752189636,0.0391976460814476,0.786607980728149,1.00570809841156,3.1404128074646,1.6058304309845,K,17
OUTPUT,NaN,NaN,NaN,NaN,NaN,NaN

INPUT,0.380999952554703,0.0393630675971508,0.792295336723328,0.97357451915741,3.14034962654114,1.59497082233429,K,18
OUTPUT,NaN,NaN,NaN,NaN,NaN,NaN

INPUT,0.382276266813278,0.039462324231863,0.795707702636719,0.955316781997681,3.14031147956848,1.58947741985321,K,19
OUTPUT,NaN,NaN,NaN,NaN,NaN,NaN

INPUT,0.382701724767685,0.0394954085350037,0.796845197677612,0.949386775493622,3.14029860496521,1.58780217170715,K,20
OUTPUT,NaN,NaN,NaN,NaN,NaN,NaN

INPUT,0.368392646312714,0.0387111529707909,0.721334278583527,-2.46840238571167,3.05265212059021,-1.6933821439743,K,11
OUTPUT,NaN,NaN,NaN,NaN,NaN,NaN

INPUT,0.374216824769974,0.0392028503119946,0.732523679733276,-2.51335549354553,3.04290843009949,-1.6470410823822,K,12
OUTPUT,NaN,NaN,NaN,NaN,NaN,NaN

INPUT,0.380041033029556,0.0396945476531982,0.743713140487671,-2.55845403671265,3.03337001800537,-1.60080182552338,K,13
OUTPUT,NaN,NaN,NaN,NaN,NaN,NaN

INPUT,0.385865241289139,0.0401862449944019,0.754902482032776,-2.60366725921631,3.02405691146851,-1.55463063716888,K,14
OUTPUT,NaN,NaN,NaN,NaN,NaN,NaN

INPUT,0.391689449548721,0.0406779423356056,0.766091883182526,-2.64897441864014,3.01498866081238,-1.50850427150726,K,15
OUTPUT,NaN,NaN,NaN,NaN,NaN,NaN

INPUT,0.396931231021881,0.0411204695701599,0.776162385940552,-2.68981981277466,3.00705242156982,-1.4670147895813,K,16
OUTPUT,NaN,NaN,NaN,NaN,NaN,NaN

INPUT,0.401008158922195,0.0414646565914154,0.783994972705841,-2.72162795066833,3.00103640556335,-1.43475520610809,K,17
OUTPUT,NaN,NaN,NaN,NaN,NaN,NaN

INPUT,0.403920263051987,0.0417105033993721,0.789589643478394,-2.74436783790588,2.99682688713074,-1.41171562671661,K,18
OUTPUT,NaN,NaN,NaN,NaN,NaN,NaN

INPUT,0.405667513608932,0.0418580137193203,0.792946457862854,-2.7580189704895,2.99433732032776,-1.39789283275604,K,19
OUTPUT,NaN,NaN,NaN,NaN,NaN,NaN

INPUT,0.406249940395355,0.0419071838259697,0.794065415859222,-2.76257061958313,2.99351358413696,-1.39328515529633,K,20
OUTPUT,NaN,NaN,NaN,NaN,NaN,NaN

INPUT,0.382091969251633,0.0484893321990967,0.718046247959137,-2.36886239051819,3.00076580047607,-1.81447374820709,K,11
OUTPUT,NaN,NaN,NaN,NaN,NaN,NaN

INPUT,0.389527946710587,0.0501314550638199,0.728848814964294,-2.40116143226624,2.98479700088501,-1.78132212162018,K,12
OUTPUT,NaN,NaN,NaN,NaN,NaN,NaN

INPUT,0.396963894367218,0.0517735779285431,0.739651441574097,-2.43358016014099,2.96899580955505,-1.74820816516876,K,13
OUTPUT,NaN,NaN,NaN,NaN,NaN,NaN

INPUT,0.404399842023849,0.0534157007932663,0.750454008579254,-2.4661009311676,2.95337891578674,-1.71510756015778,K,14
OUTPUT,NaN,NaN,NaN,NaN,NaN,NaN

INPUT,0.411835789680481,0.0550578236579895,0.761256635189056,-2.49871397018433,2.93796396255493,-1.68200278282166,K,15
OUTPUT,NaN,NaN,NaN,NaN,NaN,NaN

INPUT,0.418528139591217,0.0565357357263565,0.770978927612305,-2.52813911437988,2.92427682876587,-1.65219414234161,K,16
OUTPUT,NaN,NaN,NaN,NaN,NaN,NaN

INPUT,0.423733323812485,0.0576852224767208,0.778540730476379,-2.55107140541077,2.91376161575317,-1.62899529933929,K,17
OUTPUT,NaN,NaN,NaN,NaN,NaN,NaN

INPUT,0.427451312541962,0.0585062839090824,0.783942043781281,-2.56747555732727,2.9063241481781,-1.61241495609283,K,18
OUTPUT,NaN,NaN,NaN,NaN,NaN,NaN

INPUT,0.429682075977325,0.0589989200234413,0.787182807922363,-2.57732772827148,2.9018919467926,-1.60246253013611,K,19
OUTPUT,NaN,NaN,NaN,NaN,NaN,NaN

INPUT,0.430425673723221,0.0591631308197975,0.788263082504272,-2.5806131362915,2.90041971206665,-1.59914433956146,K,20
OUTPUT,NaN,NaN,NaN,NaN,NaN,NaN

INPUT,0.371902257204056,0.0428245179355145,0.720579743385315,-2.45643782615662,3.05108380317688,-1.91114091873169,K,11
OUTPUT,NaN,NaN,NaN,NaN,NaN,NaN

INPUT,0.378139734268188,0.043800376355648,0.731679260730743,-2.48801350593567,3.040846824646,-1.87848651409149,K,12
OUTPUT,NaN,NaN,NaN,NaN,NaN,NaN

INPUT,0.384377211332321,0.0447762347757816,0.742778837680817,-2.51970505714417,3.03071355819702,-1.84591460227966,K,13
OUTPUT,NaN,NaN,NaN,NaN,NaN,NaN

INPUT,0.390614658594131,0.0457520931959152,0.75387841463089,-2.5514874458313,3.02069449424744,-1.81339812278748,K,14
OUTPUT,NaN,NaN,NaN,NaN,NaN,NaN

INPUT,0.396852165460587,0.0467279553413391,0.764977991580963,-2.58334541320801,3.0108003616333,-1.78091788291931,K,15
OUTPUT,NaN,NaN,NaN,NaN,NaN,NaN

INPUT,0.402465879917145,0.0476062297821045,0.774967551231384,-2.61207246780396,3.00201058387756,-1.7517055273056,K,16
OUTPUT,NaN,NaN,NaN,NaN,NaN,NaN

INPUT,0.406832128763199,0.0482893288135529,0.782737255096436,-2.63444805145264,2.99525451660156,-1.72899258136749,K,17
OUTPUT,NaN,NaN,NaN,NaN,NaN,NaN

INPUT,0.409950852394104,0.0487772598862648,0.788287043571472,-2.65044641494751,2.990473985672,-1.71277153491974,K,18
OUTPUT,NaN,NaN,NaN,NaN,NaN,NaN

INPUT,0.411822080612183,0.0490700155496597,0.791616916656494,-2.66005158424377,2.98762440681458,-1.70303952693939,K,19
OUTPUT,NaN,NaN,NaN,NaN,NaN,NaN

INPUT,0.412445843219757,0.0491676032543182,0.792726874351501,-2.66325426101685,2.98667764663696,-1.69979548454285,K,20
OUTPUT,NaN,NaN,NaN,NaN,NaN,NaN

INPUT,0.363173127174377,0.030912859365344,0.723076522350311,-2.41924333572388,3.10043978691101,-1.75380098819733,K,11
OUTPUT,NaN,NaN,NaN,NaN,NaN,NaN

INPUT,0.368383288383484,0.0304871555417776,0.734470784664154,-2.45691823959351,3.09590554237366,-1.71318709850311,K,12
OUTPUT,NaN,NaN,NaN,NaN,NaN,NaN

INPUT,0.373593479394913,0.0300614535808563,0.745865106582642,-2.49486088752747,3.0914409160614,-1.67283272743225,K,13
OUTPUT,NaN,NaN,NaN,NaN,NaN,NaN

INPUT,0.378803640604019,0.0296357534825802,0.75725930929184,-2.53300356864929,3.08705306053162,-1.63266980648041,K,14
OUTPUT,NaN,NaN,NaN,NaN,NaN,NaN

INPUT,0.384013831615448,0.0292100515216589,0.768653631210327,-2.57130026817322,3.0827488899231,-1.59265124797821,K,15
OUTPUT,NaN,NaN,NaN,NaN,NaN,NaN

INPUT,0.388702988624573,0.0288269184529781,0.778908491134644,-2.6058714389801,3.0789520740509,-1.5567307472229,K,16
OUTPUT,NaN,NaN,NaN,NaN,NaN,NaN

INPUT,0.392350107431412,0.0285289268940687,0.786884427070618,-2.63281655311584,3.07605242729187,-1.52884316444397,K,17
OUTPUT,NaN,NaN,NaN,NaN,NaN,NaN

INPUT,0.394955188035965,0.0283160768449306,0.792581558227539,-2.6520893573761,3.0740110874176,-1.50894641876221,K,18
OUTPUT,NaN,NaN,NaN,NaN,NaN,NaN

INPUT,0.396518260240555,0.0281883664429188,0.795999884605408,-2.66366219520569,3.07279872894287,-1.49701654911041,K,19
OUTPUT,NaN,NaN,NaN,NaN,NaN,NaN

INPUT,0.397039264440536,0.0281457956880331,0.797139286994934,-2.66752147674561,3.07239675521851,-1.49304127693176,K,20
OUTPUT,NaN,NaN,NaN,NaN,NaN,NaN

INPUT,0.358985841274261,0.0318441577255726,0.733839154243469,0.527097404003143,3.121746301651,1.56723845005035,K,12
OUTPUT,NaN,NaN,NaN,NaN,NaN,NaN

INPUT,0.363206565380096,0.0315614007413387,0.745166838169098,0.469596832990646,3.11979222297668,1.61921298503876,K,13
OUTPUT,NaN,NaN,NaN,NaN,NaN,NaN

INPUT,0.367427289485931,0.0312786437571049,0.756494462490082,0.412543416023254,3.11790347099304,1.67163693904877,K,14
OUTPUT,NaN,NaN,NaN,NaN,NaN,NaN

INPUT,0.371647983789444,0.030995886772871,0.76782214641571,0.355825155973434,3.11608576774597,1.7243983745575,K,15
OUTPUT,NaN,NaN,NaN,NaN,NaN,NaN

INPUT,0.375446647405624,0.0307414066046476,0.778017044067383,0.305000215768814,3.11451458930969,1.77210748195648,K,16
OUTPUT,NaN,NaN,NaN,NaN,NaN,NaN

INPUT,0.378401160240173,0.0305434763431549,0.785946369171143,0.265586793422699,3.11333799362183,1.80933284759521,K,17
OUTPUT,NaN,NaN,NaN,NaN,NaN,NaN

INPUT,0.380511522293091,0.030402097851038,0.791610181331635,0.237487301230431,3.11252284049988,1.83597636222839,K,18
OUTPUT,NaN,NaN,NaN,NaN,NaN,NaN

INPUT,0.381777733564377,0.0303172692656517,0.795008480548859,0.220646604895592,3.11204409599304,1.85198163986206,K,19
OUTPUT,NaN,NaN,NaN,NaN,NaN,NaN

INPUT,0.382199794054031,0.0302889943122864,0.796141266822815,0.215035974979401,3.11188626289368,1.85731971263885,K,20
OUTPUT,NaN,NaN,NaN,NaN,NaN,NaN

INPUT,0.368689775466919,0.0379783846437931,0.7161545753479,-2.46479415893555,3.05247402191162,-1.71037518978119,K,4
OUTPUT,NaN,NaN,NaN,NaN,NaN,NaN

INPUT,0.377906501293182,0.0387293472886086,0.731541872024536,-2.54244065284729,3.03581237792969,-1.62546873092651,K,5
OUTPUT,NaN,NaN,NaN,NaN,NaN,NaN

INPUT,0.387123256921768,0.0394803136587143,0.746929168701172,-2.62112951278687,3.01984715461731,-1.54146409034729,K,6
OUTPUT,NaN,NaN,NaN,NaN,NaN,NaN

INPUT,0.39429184794426,0.0400643981993198,0.758897006511688,-2.68281435966492,3.00798010826111,-1.47650349140167,K,7
OUTPUT,NaN,NaN,NaN,NaN,NaN,NaN

INPUT,0.399412274360657,0.0404816009104252,0.767445504665375,-2.72706961631775,2.99982786178589,-1.43023788928986,K,8
OUTPUT,NaN,NaN,NaN,NaN,NaN,NaN

INPUT,0.402484506368637,0.0407319255173206,0.772574603557587,-2.75368809700012,2.99507427215576,-1.40251898765564,K,9
OUTPUT,NaN,NaN,NaN,NaN,NaN,NaN

INPUT,0.382700473070145,0.0465605780482292,0.715002834796906,-2.35062193870544,2.99898409843445,-1.81370830535889,K,4
OUTPUT,NaN,NaN,NaN,NaN,NaN,NaN

INPUT,0.394262969493866,0.0492238365113735,0.729254364967346,-2.412184715271,2.97201108932495,-1.75799262523651,K,5
OUTPUT,NaN,NaN,NaN,NaN,NaN,NaN

INPUT,0.405825436115265,0.0518870949745178,0.743505895137787,-2.47308611869812,2.94561839103699,-1.70134925842285,K,6
OUTPUT,NaN,NaN,NaN,NaN,NaN,NaN

INPUT,0.414818465709686,0.0539585165679455,0.754590392112732,-2.52020215988159,2.9255518913269,-1.6568351984024,K,7
OUTPUT,NaN,NaN,NaN,NaN,NaN,NaN

INPUT,0.421242088079453,0.0554381050169468,0.762507915496826,-2.5537793636322,2.91149187088013,-1.62484240531921,K,8
OUTPUT,NaN,NaN,NaN,NaN,NaN,NaN

INPUT,0.425096243619919,0.0563258565962315,0.767258405685425,-2.57390642166138,2.90317249298096,-1.60557699203491,K,9
OUTPUT,NaN,NaN,NaN,NaN,NaN,NaN

INPUT,0.372254401445389,0.0418508462607861,0.715696036815643,-2.44823455810547,3.05082559585571,-1.9180098772049,K,4
OUTPUT,NaN,NaN,NaN,NaN,NaN,NaN

INPUT,0.382168143987656,0.0434116274118423,0.730855822563171,-2.50488471984863,3.03330636024475,-1.86014151573181,K,5
OUTPUT,NaN,NaN,NaN,NaN,NaN,NaN

INPUT,0.392081886529922,0.0449724122881889,0.746015608310699,-2.56175684928894,3.01614141464233,-1.8023875951767,K,6
OUTPUT,NaN,NaN,NaN,NaN,NaN,NaN

INPUT,0.399792551994324,0.0461863540112972,0.757806599140167,-2.60610747337341,3.00307273864746,-1.75750076770782,K,7
OUTPUT,NaN,NaN,NaN,NaN,NaN,NaN

INPUT,0.405300199985504,0.0470534525811672,0.766228675842285,-2.63783955574036,2.99390482902527,-1.72544312477112,K,8
OUTPUT,NaN,NaN,NaN,NaN,NaN,NaN

INPUT,0.408604770898819,0.0475737154483795,0.771281957626343,-2.65689826011658,2.98847532272339,-1.70620763301849,K,9
OUTPUT,NaN,NaN,NaN,NaN,NaN,NaN

INPUT,0.359860569238663,0.0375374369323254,0.725654184818268,2.77167201042175,3.14053344726563,-3.1316831111908,K,4
OUTPUT,NaN,NaN,NaN,NaN,NaN,NaN

INPUT,0.365910738706589,0.0380612947046757,0.73920476436615,2.3035717010498,3.140780210495,2.75198292732239,K,5
OUTPUT,NaN,NaN,NaN,NaN,NaN,NaN

INPUT,0.371960937976837,0.038585152477026,0.752755284309387,1.67804718017578,3.14079403877258,2.19503951072693,K,6
OUTPUT,NaN,NaN,NaN,NaN,NaN,NaN

INPUT,0.376666635274887,0.0389925949275494,0.763294637203217,1.276859998703,3.14063167572021,1.84709024429321,K,7
OUTPUT,NaN,NaN,NaN,NaN,NaN,NaN

INPUT,0.380027830600739,0.0392836257815361,0.770822763442993,1.07341814041138,3.14045786857605,1.68157422542572,K,8
OUTPUT,NaN,NaN,NaN,NaN,NaN,NaN

INPUT,0.382044553756714,0.0394582450389862,0.775339603424072,0.977753877639771,3.14033961296082,1.60861217975616,K,9
OUTPUT,NaN,NaN,NaN,NaN,NaN,NaN

INPUT,0.372289001941681,0.0298755094408989,0.733105897903442,-2.48581767082214,3.09230780601501,-1.69812536239624,K,5
OUTPUT,NaN,NaN,NaN,NaN,NaN,NaN

INPUT,0.380756199359894,0.0290255546569824,0.748975157737732,-2.55026340484619,3.08488869667053,-1.62335336208344,K,6
OUTPUT,NaN,NaN,NaN,NaN,NaN,NaN

INPUT,0.387341797351837,0.0283644795417786,0.761317908763885,-2.60123467445374,3.07930564880371,-1.56602454185486,K,7
OUTPUT,NaN,NaN,NaN,NaN,NaN,NaN

INPUT,0.392045766115189,0.0278922822326422,0.770134150981903,-2.63797235488892,3.0754280090332,-1.52539396286011,K,8
OUTPUT,NaN,NaN,NaN,NaN,NaN,NaN

INPUT,0.394868165254593,0.0276089645922184,0.775423943996429,-2.66012239456177,3.07314848899841,-1.5011180639267,K,9
OUTPUT,NaN,NaN,NaN,NaN,NaN,NaN

INPUT,0.359425783157349,0.0321398973464966,0.724663913249969,0.572498440742493,3.12363076210022,1.54993736743927,K,4
OUTPUT,NaN,NaN,NaN,NaN,NaN,NaN

INPUT,0.36560782790184,0.0316835045814514,0.738292574882507,0.475113272666931,3.12027430534363,1.62853157520294,K,5
OUTPUT,NaN,NaN,NaN,NaN,NaN,NaN

INPUT,0.371789872646332,0.0312271136790514,0.75192129611969,0.380235403776169,3.1170814037323,1.70963931083679,K,6
OUTPUT,NaN,NaN,NaN,NaN,NaN,NaN

INPUT,0.376598119735718,0.0308721419423819,0.762521386146545,0.307542890310287,3.11472725868225,1.7738288640976,K,7
OUTPUT,NaN,NaN,NaN,NaN,NaN,NaN

INPUT,0.380032598972321,0.0306185912340879,0.770092904567719,0.256039589643478,3.11312198638916,1.82010114192963,K,8
OUTPUT,NaN,NaN,NaN,NaN,NaN,NaN

INPUT,0.382093280553818,0.0304664615541697,0.774635791778564,0.225272074341774,3.11219096183777,1.84800016880035,K,9
OUTPUT,NaN,NaN,NaN,NaN,NaN,NaN

INPUT,0.340507119894028,0.0293253604322672,0.742189288139343,0.520877659320831,3.02530884742737,1.34607911109924,K,13
OUTPUT,NaN,NaN,NaN,NaN,NaN,NaN

INPUT,0.342566251754761,0.0288294367492199,0.75323361158371,0.48113140463829,3.01487874984741,1.38510513305664,K,14
OUTPUT,NaN,NaN,NaN,NaN,NaN,NaN

INPUT,0.344625383615494,0.0283335149288177,0.764277935028076,0.441413432359695,3.00464463233948,1.42421138286591,K,15
OUTPUT,NaN,NaN,NaN,NaN,NaN,NaN

INPUT,0.346478581428528,0.0278871841728687,0.774217784404755,0.405680239200592,2.99561500549316,1.45946657657623,K,16
OUTPUT,NaN,NaN,NaN,NaN,NaN,NaN

INPUT,0.347919970750809,0.0275400392711163,0.781948864459991,0.377891093492508,2.98871827125549,1.48692262172699,K,17
OUTPUT,NaN,NaN,NaN,NaN,NaN,NaN

INPUT,0.348949551582336,0.02729207649827,0.787470996379852,0.358041673898697,2.98386287689209,1.506551861763,K,18
OUTPUT,NaN,NaN,NaN,NaN,NaN,NaN

INPUT,0.349567294120789,0.0271433014422655,0.790784299373627,0.346131652593613,2.9809787273407,1.51833593845367,K,19
OUTPUT,NaN,NaN,NaN,NaN,NaN,NaN

INPUT,0.349773198366165,0.0270937085151672,0.79188871383667,0.342161506414413,2.98002243041992,1.52226519584656,K,20
OUTPUT,NaN,NaN,NaN,NaN,NaN,NaN

INPUT,0.369752138853073,0.0430788286030293,0.721371293067932,-2.3754518032074,3.07708120346069,-1.82077014446259,K,11
OUTPUT,NaN,NaN,NaN,NaN,NaN,NaN

INPUT,0.375735253095627,0.044084295630455,0.73256641626358,-2.40712141990662,3.06982040405273,-1.78715360164642,K,12
OUTPUT,NaN,NaN,NaN,NaN,NaN,NaN

INPUT,0.381718367338181,0.0450897589325905,0.743761479854584,-2.43897724151611,3.06263589859009,-1.75370645523071,K,13
OUTPUT,NaN,NaN,NaN,NaN,NaN,NaN

INPUT,0.387701451778412,0.046095222234726,0.754956543445587,-2.4709746837616,3.05553555488586,-1.72038233280182,K,14
OUTPUT,NaN,NaN,NaN,NaN,NaN,NaN

INPUT,0.393684566020966,0.0471006855368614,0.766151666641235,-2.50308227539063,3.04852700233459,-1.68714869022369,K,15
OUTPUT,NaN,NaN,NaN,NaN,NaN,NaN

INPUT,0.399069368839264,0.0480056032538414,0.776227235794067,-2.53205561637878,3.04230380058289,-1.65729689598083,K,16
OUTPUT,NaN,NaN,NaN,NaN,NaN,NaN

INPUT,0.403257548809052,0.0487094298005104,0.784063816070557,-2.55463290214539,3.03752255439758,-1.63410866260529,K,17
OUTPUT,NaN,NaN,NaN,NaN,NaN,NaN

INPUT,0.406249105930328,0.0492121614515781,0.789661347866058,-2.57077932357788,3.03414058685303,-1.61755883693695,K,18
OUTPUT,NaN,NaN,NaN,NaN,NaN,NaN

INPUT,0.408044040203094,0.0495138019323349,0.793019890785217,-2.58047461509705,3.0321249961853,-1.60763335227966,K,19
OUTPUT,NaN,NaN,NaN,NaN,NaN,NaN

INPUT,0.40864235162735,0.0496143475174904,0.794139385223389,-2.58370757102966,3.03145551681519,-1.60432553291321,K,20
OUTPUT,NaN,NaN,NaN,NaN,NaN,NaN

INPUT,0.366071581840515,0.0418330244719982,0.721289157867432,-2.42869138717651,3.08495402336121,-1.77335095405579,K,11
OUTPUT,NaN,NaN,NaN,NaN,NaN,NaN

INPUT,0.371622830629349,0.0426922105252743,0.732472360134125,-2.46625161170959,3.07866835594177,-1.73378908634186,K,12
OUTPUT,NaN,NaN,NaN,NaN,NaN,NaN

INPUT,0.377174109220505,0.0435513965785503,0.743655562400818,-2.50400042533875,3.07247591018677,-1.69440031051636,K,13
OUTPUT,NaN,NaN,NaN,NaN,NaN,NaN

INPUT,0.382725358009338,0.0444105826318264,0.754838764667511,-2.54189085960388,3.06638646125793,-1.65513730049133,K,14
OUTPUT,NaN,NaN,NaN,NaN,NaN,NaN

INPUT,0.388276606798172,0.0452697649598122,0.766021966934204,-2.57989239692688,3.06040859222412,-1.61596727371216,K,15
OUTPUT,NaN,NaN,NaN,NaN,NaN,NaN

INPUT,0.393272757530212,0.0460430346429348,0.776086866855621,-2.61416983604431,3.05513143539429,-1.58077490329742,K,16
OUTPUT,NaN,NaN,NaN,NaN,NaN,NaN

INPUT,0.397158652544022,0.04664446413517,0.783915102481842,-2.64087200164795,3.05109882354736,-1.55343413352966,K,17
OUTPUT,NaN,NaN,NaN,NaN,NaN,NaN

INPUT,0.399934262037277,0.047074057161808,0.789506733417511,-2.65996479988098,3.04825854301453,-1.53391885757446,K,18
OUTPUT,NaN,NaN,NaN,NaN,NaN,NaN

INPUT,0.401599645614624,0.0473318137228489,0.792861700057983,-2.67142772674561,3.04657101631165,-1.5222145318985,K,19
OUTPUT,NaN,NaN,NaN,NaN,NaN,NaN

INPUT,0.40215477347374,0.0474177300930023,0.793980002403259,-2.67524981498718,3.04601120948792,-1.51831376552582,K,20
OUTPUT,NaN,NaN,NaN,NaN,NaN,NaN

INPUT,0.37166166305542,0.03801079839468,0.720712125301361,-2.61349987983704,3.05727338790894,-1.89727747440338,K,11
OUTPUT,NaN,NaN,NaN,NaN,NaN,NaN

INPUT,0.377870857715607,0.0384202413260937,0.731827318668365,-2.65516519546509,3.04796099662781,-1.85458981990814,K,12
OUTPUT,NaN,NaN,NaN,NaN,NaN,NaN

INPUT,0.384080082178116,0.0388296842575073,0.742942452430725,-2.69694042205811,3.03881525993347,-1.81197559833527,K,13
OUTPUT,NaN,NaN,NaN,NaN,NaN,NaN

INPUT,0.390289276838303,0.039239127188921,0.754057645797729,-2.73880338668823,3.02985215187073,-1.76940965652466,K,14
OUTPUT,NaN,NaN,NaN,NaN,NaN,NaN

INPUT,0.396498471498489,0.0396485701203346,0.765172839164734,-2.78073883056641,3.02108764648438,-1.72687447071075,K,15
OUTPUT,NaN,NaN,NaN,NaN,NaN,NaN

INPUT,0.402086764574051,0.0400170683860779,0.775176525115967,-2.81853413581848,3.01338267326355,-1.68860852718353,K,16
OUTPUT,NaN,NaN,NaN,NaN,NaN,NaN

INPUT,0.406433194875717,0.0403036773204803,0.782957136631012,-2.84796166419983,3.00751733779907,-1.65885198116302,K,17
OUTPUT,NaN,NaN,NaN,NaN,NaN,NaN

INPUT,0.409537822008133,0.0405084006488323,0.788514733314514,-2.86899709701538,3.00339913368225,-1.63759851455688,K,18
OUTPUT,NaN,NaN,NaN,NaN,NaN,NaN

INPUT,0.411400556564331,0.0406312309205532,0.791849315166473,-2.88162398338318,3.00095772743225,-1.62484681606293,K,19
OUTPUT,NaN,NaN,NaN,NaN,NaN,NaN

INPUT,0.412021487951279,0.0406721755862236,0.792960822582245,-2.88583397865295,3.00014877319336,-1.62059617042542,K,20
OUTPUT,NaN,NaN,NaN,NaN,NaN,NaN

INPUT,0.370281457901001,0.0422792211174965,0.716109693050385,-2.37275815010071,3.07661771774292,-1.8328640460968,K,4
OUTPUT,NaN,NaN,NaN,NaN,NaN,NaN

INPUT,0.379942148923874,0.0439128205180168,0.731502592563629,-2.42754459381104,3.06426763534546,-1.77139747142792,K,5
OUTPUT,NaN,NaN,NaN,NaN,NaN,NaN

INPUT,0.389602839946747,0.0455464161932468,0.746895492076874,-2.48327112197876,3.05217790603638,-1.71081590652466,K,6
OUTPUT,NaN,NaN,NaN,NaN,NaN,NaN

INPUT,0.3971166908741,0.0468169935047626,0.758867681026459,-2.52704215049744,3.04298114776611,-1.66408288478851,K,7
OUTPUT,NaN,NaN,NaN,NaN,NaN,NaN

INPUT,0.402483731508255,0.0477245450019836,0.767419278621674,-2.55847692489624,3.03653430938721,-1.6308468580246,K,8
OUTPUT,NaN,NaN,NaN,NaN,NaN,NaN

INPUT,0.405703961849213,0.0482690781354904,0.772550284862518,-2.57739353179932,3.03271842002869,-1.61095082759857,K,9
OUTPUT,NaN,NaN,NaN,NaN,NaN,NaN

INPUT,0.366557478904724,0.041218601167202,0.715665578842163,-2.42959141731262,3.08462762832642,-1.79120564460754,K,4
OUTPUT,NaN,NaN,NaN,NaN,NaN,NaN

INPUT,0.375528991222382,0.0426323786377907,0.731125950813293,-2.49304294586182,3.07392501831055,-1.71746647357941,K,5
OUTPUT,NaN,NaN,NaN,NaN,NaN,NaN

INPUT,0.384500503540039,0.0440461523830891,0.746586263179779,-2.55790829658508,3.06353950500488,-1.64509189128876,K,6
OUTPUT,NaN,NaN,NaN,NaN,NaN,NaN

INPUT,0.391478359699249,0.0451457537710667,0.758610963821411,-2.60899615287781,3.05571269989014,-1.58940029144287,K,7
OUTPUT,NaN,NaN,NaN,NaN,NaN,NaN

INPUT,0.39646252989769,0.0459311828017235,0.76720005273819,-2.64573669433594,3.05027008056641,-1.54984819889069,K,8
OUTPUT,NaN,NaN,NaN,NaN,NaN,NaN

INPUT,0.399453043937683,0.0464024432003498,0.772353529930115,-2.6678626537323,3.04706788063049,-1.52618944644928,K,9
OUTPUT,NaN,NaN,NaN,NaN,NaN,NaN

INPUT,0.371998906135559,0.0374797023832798,0.715772092342377,-2.60847043991089,3.05744194984436,-1.91104114055634,K,4
OUTPUT,NaN,NaN,NaN,NaN,NaN,NaN

INPUT,0.381871074438095,0.038135964423418,0.730963110923767,-2.68105936050415,3.04142212867737,-1.83350265026093,K,5
OUTPUT,NaN,NaN,NaN,NaN,NaN,NaN

INPUT,0.391743242740631,0.0387922264635563,0.746154248714447,-2.75438070297241,3.02596545219421,-1.75657820701599,K,6
OUTPUT,NaN,NaN,NaN,NaN,NaN,NaN

INPUT,0.399421572685242,0.0393026508390903,0.757969498634338,-2.81175088882446,3.0143895149231,-1.69699990749359,K,7
OUTPUT,NaN,NaN,NaN,NaN,NaN,NaN

INPUT,0.404906123876572,0.0396672412753105,0.766408979892731,-2.85286927223206,3.0063841342926,-1.65453207492828,K,8
OUTPUT,NaN,NaN,NaN,NaN,NaN,NaN

INPUT,0.408196836709976,0.0398859940469265,0.771472692489624,-2.87758755683899,3.00169324874878,-1.62907743453979,K,9
OUTPUT,NaN,NaN,NaN,NaN,NaN,NaN

INPUT,0.344623804092407,0.0297500938177109,0.739786267280579,0.497495055198669,3.0201563835144,1.36366808414459,K,5
OUTPUT,NaN,NaN,NaN,NaN,NaN,NaN

INPUT,0.347568690776825,0.0291824154555798,0.7514368891716,0.441330254077911,3.0052056312561,1.4212394952774,K,6
OUTPUT,NaN,NaN,NaN,NaN,NaN,NaN

INPUT,0.349859178066254,0.0287408903241158,0.760498523712158,0.397745609283447,2.99393916130066,1.46571958065033,K,7
OUTPUT,NaN,NaN,NaN,NaN,NaN,NaN

INPUT,0.351495236158371,0.0284255128353834,0.766971111297607,0.366781949996948,2.98612236976624,1.4972403049469,K,8
OUTPUT,NaN,NaN,NaN,NaN,NaN,NaN

INPUT,0.352476865053177,0.028236286714673,0.770854711532593,0.348302096128464,2.98153400421143,1.5160266160965,K,9
OUTPUT,NaN,NaN,NaN,NaN,NaN,NaN

INPUT,0.361358672380447,0.0379067696630955,0.732749879360199,-2.05973935127258,3.11883687973022,-1.64460027217865,K,12
OUTPUT,NaN,NaN,NaN,NaN,NaN,NaN

INPUT,0.365828782320023,0.0382618717849255,0.743964195251465,-2.07833433151245,3.11655068397522,-1.61951279640198,K,13
OUTPUT,NaN,NaN,NaN,NaN,NaN,NaN

INPUT,0.370298862457275,0.0386169701814651,0.755178511142731,-2.09747195243835,3.11427617073059,-1.59496676921844,K,14
OUTPUT,NaN,NaN,NaN,NaN,NaN,NaN

INPUT,0.374768942594528,0.0389720685780048,0.766392827033997,-2.11702489852905,3.11201477050781,-1.57083463668823,K,15
OUTPUT,NaN,NaN,NaN,NaN,NaN,NaN

INPUT,0.37879204750061,0.0392916575074196,0.776485681533813,-2.1349024772644,3.1099910736084,-1.54939448833466,K,16
OUTPUT,NaN,NaN,NaN,NaN,NaN,NaN

INPUT,0.381921112537384,0.0395402275025845,0.784335732460022,-2.1489577293396,3.10842561721802,-1.53286826610565,K,17
OUTPUT,NaN,NaN,NaN,NaN,NaN,NaN

INPUT,0.384156137704849,0.0397177785634995,0.789942860603333,-2.15906620025635,3.10731196403503,-1.52113246917725,K,18
OUTPUT,NaN,NaN,NaN,NaN,NaN,NaN

INPUT,0.385497182607651,0.0398243069648743,0.79330712556839,-2.16515636444092,3.10664582252502,-1.51411581039429,K,19
OUTPUT,NaN,NaN,NaN,NaN,NaN,NaN

INPUT,0.385944187641144,0.0398598164319992,0.794428586959839,-2.16719031333923,3.10642409324646,-1.51178085803986,K,20
OUTPUT,NaN,NaN,NaN,NaN,NaN,NaN

INPUT,0.369583964347839,0.041511993855238,0.720295250415802,-2.44613885879517,3.03938484191895,-1.73936057090759,K,11
OUTPUT,NaN,NaN,NaN,NaN,NaN,NaN

INPUT,0.375548660755157,0.0423334576189518,0.731361448764801,-2.48722434043884,3.02805018424988,-1.69715201854706,K,12
OUTPUT,NaN,NaN,NaN,NaN,NaN,NaN

INPUT,0.381513357162476,0.0431549213826656,0.742427587509155,-2.52843761444092,3.01691222190857,-1.65501797199249,K,13
OUTPUT,NaN,NaN,NaN,NaN,NaN,NaN

INPUT,0.387478053569794,0.0439763851463795,0.75349372625351,-2.56975412368774,3.00599026679993,-1.61293017864227,K,14
OUTPUT,NaN,NaN,NaN,NaN,NaN,NaN

INPUT,0.393442720174789,0.0447978489100933,0.764559924602509,-2.61115837097168,2.99530339241028,-1.57086861133575,K,15
OUTPUT,NaN,NaN,NaN,NaN,NaN,NaN

INPUT,0.39881095290184,0.0455371662974358,0.774519443511963,-2.64848780632019,2.98590207099915,-1.53302371501923,K,16
OUTPUT,NaN,NaN,NaN,NaN,NaN,NaN

INPUT,0.402986228466034,0.0461121909320354,0.782265782356262,-2.67756080627441,2.97874069213867,-1.50359034538269,K,17
OUTPUT,NaN,NaN,NaN,NaN,NaN,NaN

INPUT,0.405968576669693,0.0465229228138924,0.787798821926117,-2.6983470916748,2.97371006011963,-1.48256552219391,K,18
OUTPUT,NaN,NaN,NaN,NaN,NaN,NaN

INPUT,0.407757997512817,0.0467693619430065,0.791118681430817,-2.71082639694214,2.97072672843933,-1.46994972229004,K,19
OUTPUT,NaN,NaN,NaN,NaN,NaN,NaN

INPUT,0.408354461193085,0.0468515083193779,0.792225301265717,-2.71498727798462,2.9697380065918,-1.46574425697327,K,20
OUTPUT,NaN,NaN,NaN,NaN,NaN,NaN

INPUT,0.370892316102982,0.0388192050158978,0.721982717514038,-2.44339990615845,3.07837557792664,-1.78837418556213,K,11
OUTPUT,NaN,NaN,NaN,NaN,NaN,NaN

INPUT,0.377010524272919,0.039323627948761,0.733248353004456,-2.481032371521,3.07135105133057,-1.74890875816345,K,12
OUTPUT,NaN,NaN,NaN,NaN,NaN,NaN

INPUT,0.383128732442856,0.0398280471563339,0.744513988494873,-2.51883959770203,3.06443095207214,-1.70959949493408,K,13
OUTPUT,NaN,NaN,NaN,NaN,NaN,NaN

INPUT,0.389246940612793,0.0403324700891972,0.755779623985291,-2.55677962303162,3.05762553215027,-1.67040264606476,K,14
OUTPUT,NaN,NaN,NaN,NaN,NaN,NaN

INPUT,0.39536514878273,0.0408368892967701,0.767045259475708,-2.59482431411743,3.05094480514526,-1.6312882900238,K,15
OUTPUT,NaN,NaN,NaN,NaN,NaN,NaN

INPUT,0.400871515274048,0.0412908717989922,0.777184307575226,-2.62913680076599,3.04504680633545,-1.59613811969757,K,16
OUTPUT,NaN,NaN,NaN,NaN,NaN,NaN

INPUT,0.405154258012772,0.0416439659893513,0.785070300102234,-2.65586471557617,3.04053974151611,-1.5688259601593,K,17
OUTPUT,NaN,NaN,NaN,NaN,NaN,NaN

INPUT,0.408213376998901,0.0418961755931377,0.790703058242798,-2.67497515678406,3.03736519813538,-1.5493289232254,K,18
OUTPUT,NaN,NaN,NaN,NaN,NaN,NaN

INPUT,0.410048842430115,0.0420475006103516,0.794082760810852,-2.68644833564758,3.0354790687561,-1.53763461112976,K,19
OUTPUT,NaN,NaN,NaN,NaN,NaN,NaN

INPUT,0.410660654306412,0.042097944766283,0.795209348201752,-2.69027400016785,3.03485345840454,-1.5337370634079,K,20
OUTPUT,NaN,NaN,NaN,NaN,NaN,NaN

INPUT,0.373391330242157,0.0443664044141769,0.721011340618134,-2.41250991821289,3.05300974845886,-1.87842237949371,K,11
OUTPUT,NaN,NaN,NaN,NaN,NaN,NaN

INPUT,0.379803895950317,0.045523751527071,0.7321617603302,-2.44337272644043,3.04297828674316,-1.84637999534607,K,12
OUTPUT,NaN,NaN,NaN,NaN,NaN,NaN

INPUT,0.386216461658478,0.0466811023652554,0.743312120437622,-2.47435927391052,3.03304409980774,-1.81443083286285,K,13
OUTPUT,NaN,NaN,NaN,NaN,NaN,NaN

INPUT,0.392629027366638,0.0478384457528591,0.754462480545044,-2.50544309616089,3.02321696281433,-1.7825448513031,K,14
OUTPUT,NaN,NaN,NaN,NaN,NaN,NaN

INPUT,0.399041593074799,0.0489957965910435,0.765612900257111,-2.5366063117981,3.01350736618042,-1.75070178508759,K,15
OUTPUT,NaN,NaN,NaN,NaN,NaN,NaN

INPUT,0.404812932014465,0.0500374101102352,0.775648236274719,-2.56471085548401,3.00487661361694,-1.72206747531891,K,16
OUTPUT,NaN,NaN,NaN,NaN,NaN,NaN

INPUT,0.409301728010178,0.050847552716732,0.783453524112701,-2.58660316467285,2.99823927879333,-1.69980669021606,K,17
OUTPUT,NaN,NaN,NaN,NaN,NaN,NaN

INPUT,0.412508010864258,0.0514262281358242,0.789028704166412,-2.60225701332092,2.99354100227356,-1.6839097738266,K,18
OUTPUT,NaN,NaN,NaN,NaN,NaN,NaN

INPUT,0.414431780576706,0.0517734326422215,0.792373836040497,-2.61165547370911,2.99073958396912,-1.67437267303467,K,19
OUTPUT,NaN,NaN,NaN,NaN,NaN,NaN

INPUT,0.415073037147522,0.0518891662359238,0.79348886013031,-2.6147894859314,2.98980855941772,-1.67119371891022,K,20
OUTPUT,NaN,NaN,NaN,NaN,NaN,NaN

INPUT,0.362696200609207,0.0349934101104736,0.733667314052582,0.825315833091736,3.13534927368164,1.51548707485199,K,12
OUTPUT,NaN,NaN,NaN,NaN,NaN,NaN

INPUT,0.367307543754578,0.0350420773029327,0.744977056980133,0.779009401798248,3.1346447467804,1.54180943965912,K,13
OUTPUT,NaN,NaN,NaN,NaN,NaN,NaN

INPUT,0.371918886899948,0.0350907444953918,0.75628674030304,0.734533309936523,3.13394904136658,1.56996238231659,K,14
OUTPUT,NaN,NaN,NaN,NaN,NaN,NaN

INPUT,0.376530230045319,0.035139411687851,0.767596483230591,0.691411197185516,3.13326287269592,1.59946942329407,K,15
OUTPUT,NaN,NaN,NaN,NaN,NaN,NaN

INPUT,0.380680441856384,0.0351832136511803,0.777775228023529,0.653488278388977,3.13265442848206,1.62691295146942,K,16
OUTPUT,NaN,NaN,NaN,NaN,NaN,NaN

INPUT,0.38390839099884,0.0352172777056694,0.785692036151886,0.624458432197571,3.13218760490417,1.6487238407135,K,17
OUTPUT,NaN,NaN,NaN,NaN,NaN,NaN

INPUT,0.386214077472687,0.035241611301899,0.791346907615662,0.603933572769165,3.1318576335907,1.66451394557953,K,18
OUTPUT,NaN,NaN,NaN,NaN,NaN,NaN

INPUT,0.387597471475601,0.0352562144398689,0.794739782810211,0.591693878173828,3.13166117668152,1.67406296730042,K,19
OUTPUT,NaN,NaN,NaN,NaN,NaN,NaN

INPUT,0.388058602809906,0.0352610796689987,0.795870780944824,0.587625682353973,3.13159608840942,1.67725789546967,K,20
OUTPUT,NaN,NaN,NaN,NaN,NaN,NaN

INPUT,0.368440002202988,0.0450574047863483,0.721082210540771,-2.19414949417114,3.06164717674255,-1.83059287071228,K,11
OUTPUT,NaN,NaN,NaN,NaN,NaN,NaN

INPUT,0.374269515275955,0.0462959110736847,0.732241749763489,-2.2147376537323,3.0524525642395,-1.80838060379028,K,12
OUTPUT,NaN,NaN,NaN,NaN,NaN,NaN

INPUT,0.380099058151245,0.0475344210863113,0.743401288986206,-2.23548603057861,3.04329872131348,-1.78631103038788,K,13
OUTPUT,NaN,NaN,NaN,NaN,NaN,NaN

INPUT,0.385928571224213,0.048772931098938,0.754560828208923,-2.25635623931885,3.0341899394989,-1.76434409618378,K,14
OUTPUT,NaN,NaN,NaN,NaN,NaN,NaN

INPUT,0.391758114099503,0.0500114411115646,0.765720367431641,-2.27732253074646,3.02513027191162,-1.7424521446228,K,15
OUTPUT,NaN,NaN,NaN,NaN,NaN,NaN

INPUT,0.397004663944244,0.0511260963976383,0.775763988494873,-2.2962589263916,3.01702189445496,-1.72279715538025,K,16
OUTPUT,NaN,NaN,NaN,NaN,NaN,NaN

INPUT,0.40108534693718,0.051993053406477,0.783575654029846,-2.31102466583252,3.01074743270874,-1.70753383636475,K,17
OUTPUT,NaN,NaN,NaN,NaN,NaN,NaN

INPUT,0.404000103473663,0.0526123084127903,0.789155423641205,-2.32158946990967,3.00628352165222,-1.69664192199707,K,18
OUTPUT,NaN,NaN,NaN,NaN,NaN,NaN

INPUT,0.405748963356018,0.0529838614165783,0.792503297328949,-2.32793498039246,3.00361251831055,-1.690110206604,K,19
OUTPUT,NaN,NaN,NaN,NaN,NaN,NaN

INPUT,0.406331926584244,0.053107712417841,0.793619275093079,-2.33005118370056,3.00272345542908,-1.6879335641861,K,20
OUTPUT,NaN,NaN,NaN,NaN,NaN,NaN

INPUT,0.369753956794739,0.0405324026942253,0.715227782726288,-2.4403383731842,3.03919839859009,-1.75282394886017,K,4
OUTPUT,NaN,NaN,NaN,NaN,NaN,NaN

INPUT,0.379147529602051,0.0418304912745953,0.730393350124359,-2.51220846176147,3.0197970867157,-1.67625594139099,K,5
OUTPUT,NaN,NaN,NaN,NaN,NaN,NaN

INPUT,0.388541102409363,0.0431285798549652,0.74555891752243,-2.58480143547058,3.00106477737427,-1.60023844242096,K,6
OUTPUT,NaN,NaN,NaN,NaN,NaN,NaN

INPUT,0.395847231149673,0.0441382005810738,0.757354319095612,-2.64161014556885,2.98702502250671,-1.54132950305939,K,7
OUTPUT,NaN,NaN,NaN,NaN,NaN,NaN

INPUT,0.40106588602066,0.0448593609035015,0.765779614448547,-2.68233370780945,2.9773097038269,-1.49932205677032,K,8
OUTPUT,NaN,NaN,NaN,NaN,NaN,NaN

INPUT,0.404197067022324,0.0452920570969582,0.770834803581238,-2.7068178653717,2.97161364555359,-1.47413682937622,K,9
OUTPUT,NaN,NaN,NaN,NaN,NaN,NaN

INPUT,0.371470153331757,0.038226418197155,0.71687775850296,-2.44076895713806,3.07796621322632,-1.80292057991028,K,4
OUTPUT,NaN,NaN,NaN,NaN,NaN,NaN

INPUT,0.381336569786072,0.039005234837532,0.732348561286926,-2.5056574344635,3.06601667404175,-1.73059940338135,K,5
OUTPUT,NaN,NaN,NaN,NaN,NaN,NaN

INPUT,0.391202986240387,0.0397840552031994,0.747819423675537,-2.57157969474792,3.05442142486572,-1.65925121307373,K,6
OUTPUT,NaN,NaN,NaN,NaN,NaN,NaN

INPUT,0.398876845836639,0.0403898023068905,0.759852290153503,-2.62332248687744,3.04568338394165,-1.60418152809143,K,7
OUTPUT,NaN,NaN,NaN,NaN,NaN,NaN

INPUT,0.404358178377151,0.0408224798738956,0.76844722032547,-2.66046738624573,3.03960776329041,-1.56500458717346,K,8
OUTPUT,NaN,NaN,NaN,NaN,NaN,NaN

INPUT,0.407646983861923,0.0410820879042149,0.773604154586792,-2.68281555175781,3.03603291511536,-1.54154849052429,K,9
OUTPUT,NaN,NaN,NaN,NaN,NaN,NaN

INPUT,0.373879492282867,0.0432996898889542,0.716340839862823,-2.40355062484741,3.05264568328857,-1.8851752281189,K,4
OUTPUT,NaN,NaN,NaN,NaN,NaN,NaN

INPUT,0.384091734886169,0.0451709181070328,0.731529116630554,-2.45952796936035,3.03541326522827,-1.82814764976501,K,5
OUTPUT,NaN,NaN,NaN,NaN,NaN,NaN

INPUT,0.394303947687149,0.0470421425998211,0.746717393398285,-2.51570200920105,3.01851940155029,-1.77121424674988,K,6
OUTPUT,NaN,NaN,NaN,NaN,NaN,NaN

INPUT,0.402246803045273,0.0484975390136242,0.758530497550964,-2.55926322937012,3.00571656227112,-1.72719383239746,K,7
OUTPUT,NaN,NaN,NaN,NaN,NaN,NaN

INPUT,0.407920241355896,0.0495371073484421,0.766968429088593,-2.59019780158997,2.99679470062256,-1.69598233699799,K,8
OUTPUT,NaN,NaN,NaN,NaN,NaN,NaN

INPUT,0.411324322223663,0.050160851329565,0.772031188011169,-2.60865640640259,2.99154186248779,-1.67737412452698,K,9
OUTPUT,NaN,NaN,NaN,NaN,NaN,NaN

INPUT,0.361700147390366,0.0374399088323116,0.724339723587036,-2.07312178611755,3.11862182617188,-1.6839497089386,K,4
OUTPUT,NaN,NaN,NaN,NaN,NaN,NaN

INPUT,0.368013143539429,0.0379264578223228,0.737601816654205,-2.09451723098755,3.11534237861633,-1.63473057746887,K,5
OUTPUT,NaN,NaN,NaN,NaN,NaN,NaN

INPUT,0.374326139688492,0.0384130105376244,0.750863909721375,-2.11899375915527,3.11209154129028,-1.58858931064606,K,6
OUTPUT,NaN,NaN,NaN,NaN,NaN,NaN

INPUT,0.379236221313477,0.0387914404273033,0.761178851127625,-2.13950324058533,3.1095917224884,-1.55428457260132,K,7
OUTPUT,NaN,NaN,NaN,NaN,NaN,NaN

INPUT,0.382743448019028,0.0390617474913597,0.7685467004776,-2.1547327041626,3.10782480239868,-1.53047013282776,K,8
OUTPUT,NaN,NaN,NaN,NaN,NaN,NaN

INPUT,0.384847790002823,0.0392239317297935,0.772967398166656,-2.16405582427979,3.10677313804626,-1.51642465591431,K,9
OUTPUT,NaN,NaN,NaN,NaN,NaN,NaN

INPUT,0.363255232572556,0.0350731983780861,0.725357890129089,0.981206178665161,3.13635563850403,1.62976765632629,K,4
OUTPUT,NaN,NaN,NaN,NaN,NaN,NaN

INPUT,0.369864881038666,0.0351522713899612,0.738729238510132,0.852227985858917,3.13508486747742,1.61754274368286,K,5
OUTPUT,NaN,NaN,NaN,NaN,NaN,NaN

INPUT,0.376474499702454,0.0352313481271267,0.75210052728653,0.746336698532104,3.13381457328796,1.62840521335602,K,6
OUTPUT,NaN,NaN,NaN,NaN,NaN,NaN

INPUT,0.381615340709686,0.035292848944664,0.762500464916229,0.673469960689545,3.13283562660217,1.64634728431702,K,7
OUTPUT,NaN,NaN,NaN,NaN,NaN,NaN

INPUT,0.385287374258041,0.0353367775678635,0.769928932189941,0.624889135360718,3.1321439743042,1.66263008117676,K,8
OUTPUT,NaN,NaN,NaN,NaN,NaN,NaN

INPUT,0.387490570545197,0.0353631377220154,0.774386048316956,0.596823751926422,3.13173246383667,1.67348313331604,K,9
OUTPUT,NaN,NaN,NaN,NaN,NaN,NaN

INPUT,0.368925511837006,0.0438352823257446,0.715732872486115,-2.18930196762085,3.06094264984131,-1.83670365810394,K,4
OUTPUT,NaN,NaN,NaN,NaN,NaN,NaN

INPUT,0.378322750329971,0.0457581952214241,0.731106698513031,-2.22613453865051,3.04527831077576,-1.79679322242737,K,5
OUTPUT,NaN,NaN,NaN,NaN,NaN,NaN

INPUT,0.387719988822937,0.0476811043918133,0.746480524539948,-2.26342463493347,3.02975559234619,-1.75728273391724,K,6
OUTPUT,NaN,NaN,NaN,NaN,NaN,NaN

INPUT,0.395028918981552,0.0491767004132271,0.758437991142273,-2.29256868362427,3.01782488822937,-1.72679781913757,K,7
OUTPUT,NaN,NaN,NaN,NaN,NaN,NaN

INPUT,0.400249600410461,0.0502449832856655,0.766978979110718,-2.31340050697327,3.00939869880676,-1.70515823364258,K,8
OUTPUT,NaN,NaN,NaN,NaN,NaN,NaN

INPUT,0.403382033109665,0.0508859530091286,0.772103607654572,-2.32589077949524,3.00438642501831,-1.69223213195801,K,9
OUTPUT,NaN,NaN,NaN,NaN,NaN,NaN

INPUT,0.35734885931015,0.0389696210622787,0.73374879360199,0.421538889408112,3.13757395744324,1.33513486385345,K,12
OUTPUT,NaN,NaN,NaN,NaN,NaN,NaN

INPUT,0.361397206783295,0.0394369438290596,0.745067179203033,0.363479137420654,3.1370894908905,1.37322151660919,K,13
OUTPUT,NaN,NaN,NaN,NaN,NaN,NaN

INPUT,0.365445554256439,0.0399042703211308,0.756385564804077,0.307342916727066,3.13661503791809,1.41323184967041,K,14
OUTPUT,NaN,NaN,NaN,NaN,NaN,NaN

INPUT,0.369493901729584,0.0403715968132019,0.767703950405121,0.252595871686935,3.13615202903748,1.45463156700134,K,15
OUTPUT,NaN,NaN,NaN,NaN,NaN,NaN

INPUT,0.373137414455414,0.0407921895384789,0.777890503406525,0.204216182231903,3.13574576377869,1.49278378486633,K,16
OUTPUT,NaN,NaN,NaN,NaN,NaN,NaN

INPUT,0.375971257686615,0.0411193184554577,0.785813391208649,0.167049020528793,3.13543725013733,1.52291941642761,K,17
OUTPUT,NaN,NaN,NaN,NaN,NaN,NaN

INPUT,0.377995431423187,0.0413529798388481,0.791472613811493,0.140707612037659,3.13522100448608,1.54465138912201,K,18
OUTPUT,NaN,NaN,NaN,NaN,NaN,NaN

INPUT,0.379209935665131,0.0414931774139404,0.794868111610413,0.124975875020027,3.13509321212769,1.55776381492615,K,19
OUTPUT,NaN,NaN,NaN,NaN,NaN,NaN

INPUT,0.379614770412445,0.0415399111807346,0.795999944210052,0.119743257761002,3.13505077362061,1.56214594841003,K,20
OUTPUT,NaN,NaN,NaN,NaN,NaN,NaN

INPUT,0.363455295562744,0.036895465105772,0.721140444278717,-2.56293869018555,3.11151003837585,-1.81732511520386,K,11
OUTPUT,NaN,NaN,NaN,NaN,NaN,NaN

INPUT,0.36869889497757,0.0371736995875835,0.732306063175201,-2.60515904426575,3.10826563835144,-1.77183532714844,K,12
OUTPUT,NaN,NaN,NaN,NaN,NaN,NaN

INPUT,0.373942494392395,0.0374519340693951,0.743471682071686,-2.64766955375671,3.10508513450623,-1.7266309261322,K,13
OUTPUT,NaN,NaN,NaN,NaN,NaN,NaN

INPUT,0.379186064004898,0.0377301648259163,0.75463730096817,-2.69039630889893,3.10197496414185,-1.68163800239563,K,14
OUTPUT,NaN,NaN,NaN,NaN,NaN,NaN

INPUT,0.384429663419724,0.0380083993077278,0.765802979469299,-2.73328900337219,3.0989408493042,-1.6368054151535,K,15
OUTPUT,NaN,NaN,NaN,NaN,NaN,NaN

INPUT,0.389148890972137,0.0382588095963001,0.775852024555206,-2.7720046043396,3.09628009796143,-1.5965633392334,K,16
OUTPUT,NaN,NaN,NaN,NaN,NaN,NaN

INPUT,0.392819404602051,0.0384535752236843,0.783667981624603,-2.80217695236206,3.09425902366638,-1.56532096862793,K,17
OUTPUT,NaN,NaN,NaN,NaN,NaN,NaN

INPUT,0.395441204309464,0.0385926924645901,0.789250791072845,-2.82375645637512,3.09284281730652,-1.54303109645844,K,18
OUTPUT,NaN,NaN,NaN,NaN,NaN,NaN

INPUT,0.397014260292053,0.0386761613190174,0.792600452899933,-2.83671402931213,3.09200429916382,-1.52966642379761,K,19
OUTPUT,NaN,NaN,NaN,NaN,NaN,NaN

INPUT,0.397538632154465,0.0387039855122566,0.79371702671051,-2.84103488922119,3.09172654151917,-1.52521300315857,K,20
OUTPUT,NaN,NaN,NaN,NaN,NaN,NaN

INPUT,0.375416815280914,0.0452181659638882,0.719126880168915,-2.3543393611908,3.02397298812866,-1.74310493469238,K,11
OUTPUT,NaN,NaN,NaN,NaN,NaN,NaN

INPUT,0.382067978382111,0.0464755073189735,0.730055510997772,-2.38986325263977,3.01073789596558,-1.70654928684235,K,12
OUTPUT,NaN,NaN,NaN,NaN,NaN,NaN

INPUT,0.388719171285629,0.0477328486740589,0.74098414182663,-2.42551231384277,2.99767208099365,-1.67005681991577,K,13
OUTPUT,NaN,NaN,NaN,NaN,NaN,NaN

INPUT,0.395370304584503,0.0489901900291443,0.751912772655487,-2.46126461029053,2.98479318618774,-1.63360011577606,K,14
OUTPUT,NaN,NaN,NaN,NaN,NaN,NaN

INPUT,0.402021497488022,0.0502475313842297,0.762841403484344,-2.49710631370544,2.97211813926697,-1.59716022014618,K,15
OUTPUT,NaN,NaN,NaN,NaN,NaN,NaN

INPUT,0.40800753235817,0.0513791367411613,0.772677183151245,-2.52943229675293,2.96089839935303,-1.56436693668365,K,16
OUTPUT,NaN,NaN,NaN,NaN,NaN,NaN

INPUT,0.412663340568542,0.0522592775523663,0.780327200889587,-2.55461621284485,2.95230317115784,-1.53885746002197,K,17
OUTPUT,NaN,NaN,NaN,NaN,NaN,NaN

INPUT,0.415988951921463,0.0528879463672638,0.785791516304016,-2.5726261138916,2.94623756408691,-1.52063250541687,K,18
OUTPUT,NaN,NaN,NaN,NaN,NaN,NaN

INPUT,0.417984277009964,0.0532651506364346,0.789070129394531,-2.58344030380249,2.94262862205505,-1.50969552993774,K,19
OUTPUT,NaN,NaN,NaN,NaN,NaN,NaN

INPUT,0.418649405241013,0.0533908829092979,0.790162980556488,-2.58704614639282,2.94143080711365,-1.50604951381683,K,20
OUTPUT,NaN,NaN,NaN,NaN,NaN,NaN

INPUT,0.359415948390961,0.0345317125320435,0.723206222057343,-2.65559816360474,3.13461661338806,-2.0091564655304,K,11
OUTPUT,NaN,NaN,NaN,NaN,NaN,NaN

INPUT,0.364184379577637,0.0345319174230099,0.734614849090576,-2.68844556808472,3.13393545150757,-1.96597540378571,K,12
OUTPUT,NaN,NaN,NaN,NaN,NaN,NaN

INPUT,0.368952810764313,0.0345321223139763,0.746023535728455,-2.72213172912598,3.13326501846313,-1.92363309860229,K,13
OUTPUT,NaN,NaN,NaN,NaN,NaN,NaN

INPUT,0.373721241950989,0.0345323272049427,0.757432162761688,-2.75645780563354,3.13260650634766,-1.88193082809448,K,14
OUTPUT,NaN,NaN,NaN,NaN,NaN,NaN

INPUT,0.378489673137665,0.0345325320959091,0.768840789794922,-2.79128360748291,3.13196086883545,-1.84072768688202,K,15
OUTPUT,NaN,NaN,NaN,NaN,NaN,NaN

INPUT,0.382781267166138,0.0345327146351337,0.779108583927155,-2.82296824455261,3.13139152526855,-1.80398631095886,K,16
OUTPUT,NaN,NaN,NaN,NaN,NaN,NaN

INPUT,0.386119157075882,0.0345328599214554,0.787094593048096,-2.84779787063599,3.13095688819885,-1.77559542655945,K,17
OUTPUT,NaN,NaN,NaN,NaN,NaN,NaN

INPUT,0.38850337266922,0.0345329605042934,0.792798936367035,-2.86561894416809,3.13065123558044,-1.75540196895599,K,18
OUTPUT,NaN,NaN,NaN,NaN,NaN,NaN

INPUT,0.389933913946152,0.0345330238342285,0.796221494674683,-2.8763427734375,3.13046956062317,-1.74331700801849,K,19
OUTPUT,NaN,NaN,NaN,NaN,NaN,NaN

INPUT,0.390410751104355,0.03453304246068,0.797362387180328,-2.87992238998413,3.13040924072266,-1.73929357528687,K,20
OUTPUT,NaN,NaN,NaN,NaN,NaN,NaN

INPUT,0.368505418300629,0.0423339419066906,0.721260547637939,-2.42121767997742,3.08100032806396,-1.86456489562988,K,11
OUTPUT,NaN,NaN,NaN,NaN,NaN,NaN

INPUT,0.374342888593674,0.0432517640292645,0.732441186904907,-2.45306301116943,3.0741879940033,-1.83089852333069,K,12
OUTPUT,NaN,NaN,NaN,NaN,NaN,NaN

INPUT,0.380180329084396,0.0441695898771286,0.743621826171875,-2.48508214950562,3.06744790077209,-1.79739081859589,K,13
OUTPUT,NaN,NaN,NaN,NaN,NaN,NaN

INPUT,0.386017799377441,0.0450874082744122,0.754802465438843,-2.51723265647888,3.06078743934631,-1.76399850845337,K,14
OUTPUT,NaN,NaN,NaN,NaN,NaN,NaN

INPUT,0.391855239868164,0.0460052341222763,0.765983104705811,-2.54948616027832,3.05421352386475,-1.73069143295288,K,15
OUTPUT,NaN,NaN,NaN,NaN,NaN,NaN

INPUT,0.397108972072601,0.0468312725424767,0.776045680046082,-2.57858538627625,3.04837703704834,-1.70077002048492,K,16
OUTPUT,NaN,NaN,NaN,NaN,NaN,NaN

INPUT,0.401195198297501,0.0474737472832203,0.783872127532959,-2.60125708580017,3.04389309883118,-1.67752611637115,K,17
OUTPUT,NaN,NaN,NaN,NaN,NaN,NaN

INPUT,0.404113918542862,0.0479326583445072,0.789462447166443,-2.61747002601624,3.04072189331055,-1.66093575954437,K,18
OUTPUT,NaN,NaN,NaN,NaN,NaN,NaN

INPUT,0.405865162611008,0.0482080057263374,0.792816638946533,-2.62720441818237,3.03883194923401,-1.65098595619202,K,19
OUTPUT,NaN,NaN,NaN,NaN,NaN,NaN

INPUT,0.406448900699615,0.0482997894287109,0.79393470287323,-2.63045024871826,3.03820419311523,-1.64766991138458,K,20
OUTPUT,NaN,NaN,NaN,NaN,NaN,NaN

INPUT,0.367695331573486,0.0462129376828671,0.720866322517395,-2.18358540534973,3.05492091178894,-1.69388067722321,K,11
OUTPUT,NaN,NaN,NaN,NaN,NaN,NaN

INPUT,0.373437225818634,0.0475872755050659,0.732000410556793,-2.21160364151001,3.04504871368408,-1.66422605514526,K,12
OUTPUT,NaN,NaN,NaN,NaN,NaN,NaN

INPUT,0.379179149866104,0.0489616133272648,0.743134558200836,-2.23978686332703,3.03525686264038,-1.63470888137817,K,13
OUTPUT,NaN,NaN,NaN,NaN,NaN,NaN

INPUT,0.384921044111252,0.0503359511494637,0.754268646240234,-2.26809692382813,3.02555322647095,-1.60528874397278,K,14
OUTPUT,NaN,NaN,NaN,NaN,NaN,NaN

INPUT,0.390662968158722,0.0517102889716625,0.765402793884277,-2.29650855064392,3.01594591140747,-1.57593762874603,K,15
OUTPUT,NaN,NaN,NaN,NaN,NaN,NaN

INPUT,0.395830690860748,0.0529471933841705,0.775423526763916,-2.32215070724487,3.00738883018494,-1.54956388473511,K,16
OUTPUT,NaN,NaN,NaN,NaN,NaN,NaN

INPUT,0.39985004067421,0.0539092309772968,0.783217370510101,-2.3421356678009,3.00079536437988,-1.52907133102417,K,17
OUTPUT,NaN,NaN,NaN,NaN,NaN,NaN

INPUT,0.402720987796783,0.0545963980257511,0.788784444332123,-2.35643005371094,2.99612092971802,-1.51444208621979,K,18
OUTPUT,NaN,NaN,NaN,NaN,NaN,NaN

INPUT,0.404443562030792,0.055008701980114,0.792124688625336,-2.36501431465149,2.99333071708679,-1.50566720962524,K,19
OUTPUT,NaN,NaN,NaN,NaN,NaN,NaN

INPUT,0.405017763376236,0.0551461353898048,0.79323810338974,-2.36787676811218,2.99240303039551,-1.50274264812469,K,20
OUTPUT,NaN,NaN,NaN,NaN,NaN,NaN

INPUT,0.372669458389282,0.0371556356549263,0.730644583702087,-2.64012312889099,3.10563492774963,-1.75722551345825,K,5
OUTPUT,NaN,NaN,NaN,NaN,NaN,NaN

INPUT,0.381279587745667,0.0376067906618118,0.746159613132477,-2.7112193107605,3.1003999710083,-1.67248380184174,K,6
OUTPUT,NaN,NaN,NaN,NaN,NaN,NaN

INPUT,0.387976318597794,0.0379576906561852,0.758226871490479,-2.7675952911377,3.09649848937988,-1.60764133930206,K,7
OUTPUT,NaN,NaN,NaN,NaN,NaN,NaN

INPUT,0.392759710550308,0.0382083356380463,0.766846299171448,-2.80828332901001,3.09381198883057,-1.56173813343048,K,8
OUTPUT,NaN,NaN,NaN,NaN,NaN,NaN

INPUT,0.395629733800888,0.0383587218821049,0.772018015384674,-2.83283185958862,3.09224247932434,-1.53432965278625,K,9
OUTPUT,NaN,NaN,NaN,NaN,NaN,NaN

INPUT,0.375628590583801,0.043773464858532,0.714641153812408,-2.34485912322998,3.02322292327881,-1.75129055976868,K,4
OUTPUT,NaN,NaN,NaN,NaN,NaN,NaN

INPUT,0.386121571063995,0.0457649864256382,0.729443788528442,-2.40864205360413,3.00068759918213,-1.68634951114655,K,5
OUTPUT,NaN,NaN,NaN,NaN,NaN,NaN

INPUT,0.396614581346512,0.0477565117180347,0.744246482849121,-2.47268414497375,2.97873473167419,-1.62146508693695,K,6
OUTPUT,NaN,NaN,NaN,NaN,NaN,NaN

INPUT,0.40477579832077,0.049305472522974,0.755759656429291,-2.52264261245728,2.96212196350098,-1.57099175453186,K,7
OUTPUT,NaN,NaN,NaN,NaN,NaN,NaN

INPUT,0.410605221986771,0.0504118725657463,0.763983309268951,-2.55839943885803,2.95052933692932,-1.5349212884903,K,8
OUTPUT,NaN,NaN,NaN,NaN,NaN,NaN

INPUT,0.414102882146835,0.0510757155716419,0.768917560577393,-2.57988119125366,2.94369029998779,-1.51326894760132,K,9
OUTPUT,NaN,NaN,NaN,NaN,NaN,NaN

INPUT,0.368221282958984,0.0345214121043682,0.73295533657074,-2.73390030860901,3.13286352157593,-1.96822714805603,K,5
OUTPUT,NaN,NaN,NaN,NaN,NaN,NaN

INPUT,0.376131743192673,0.0345047675073147,0.748942375183105,-2.78401327133179,3.1319420337677,-1.88335657119751,K,6
OUTPUT,NaN,NaN,NaN,NaN,NaN,NaN

INPUT,0.382284283638,0.0344918258488178,0.761376678943634,-2.82509183883667,3.13125371932983,-1.81944739818573,K,7
OUTPUT,NaN,NaN,NaN,NaN,NaN,NaN

INPUT,0.386678963899612,0.034482579678297,0.77025830745697,-2.85530924797058,3.13077878952026,-1.77467358112335,K,8
OUTPUT,NaN,NaN,NaN,NaN,NaN,NaN

INPUT,0.389315783977509,0.0344770289957523,0.775587320327759,-2.87373566627502,3.13050079345703,-1.7481050491333,K,9
OUTPUT,NaN,NaN,NaN,NaN,NaN,NaN

INPUT,0.35778346657753,0.0387527272105217,0.724657237529755,0.53684413433075,3.13876700401306,1.39517331123352,K,4
OUTPUT,NaN,NaN,NaN,NaN,NaN,NaN

INPUT,0.363596737384796,0.0394946485757828,0.73824805021286,0.40248641371727,3.13775396347046,1.41542291641235,K,5
OUTPUT,NaN,NaN,NaN,NaN,NaN,NaN

INPUT,0.369410008192062,0.0402365699410439,0.75183892250061,0.291859596967697,3.13675665855408,1.45940351486206,K,6
OUTPUT,NaN,NaN,NaN,NaN,NaN,NaN

INPUT,0.373931407928467,0.0408136174082756,0.762409567832947,0.213946834206581,3.13599801063538,1.50174129009247,K,7
OUTPUT,NaN,NaN,NaN,NaN,NaN,NaN

INPUT,0.377160996198654,0.0412257947027683,0.769959986209869,0.160966232419014,3.13546752929688,1.53465414047241,K,8
OUTPUT,NaN,NaN,NaN,NaN,NaN,NaN

INPUT,0.379098773002625,0.041473101824522,0.774490296840668,0.129965737462044,3.13515424728394,1.55518972873688,K,9
OUTPUT,NaN,NaN,NaN,NaN,NaN,NaN

INPUT,0.369010031223297,0.0416341796517372,0.715855836868286,-2.4189932346344,3.08063793182373,-1.87700593471527,K,4
OUTPUT,NaN,NaN,NaN,NaN,NaN,NaN

INPUT,0.378443777561188,0.0431313328444958,0.731257915496826,-2.47390055656433,3.06903195381165,-1.815305352211,K,5
OUTPUT,NaN,NaN,NaN,NaN,NaN,NaN

INPUT,0.387877523899078,0.0446284860372543,0.746659994125366,-2.52976155281067,3.05767202377319,-1.75450968742371,K,6
OUTPUT,NaN,NaN,NaN,NaN,NaN,NaN

INPUT,0.395214885473251,0.0457929410040379,0.758639395236969,-2.57364177703857,3.04903149604797,-1.70761942863464,K,7
OUTPUT,NaN,NaN,NaN,NaN,NaN,NaN

INPUT,0.400455862283707,0.046624694019556,0.767196118831635,-2.60515570640564,3.04297518730164,-1.67427551746368,K,8
OUTPUT,NaN,NaN,NaN,NaN,NaN,NaN

INPUT,0.403600424528122,0.0471237450838089,0.772330105304718,-2.62412023544312,3.03939056396484,-1.65431606769562,K,9
OUTPUT,NaN,NaN,NaN,NaN,NaN,NaN

INPUT,0.368101984262466,0.0449075847864151,0.715481579303741,-2.1807074546814,3.05425190925598,-1.70557820796967,K,4
OUTPUT,NaN,NaN,NaN,NaN,NaN,NaN

INPUT,0.377310931682587,0.047067902982235,0.730828881263733,-2.22949171066284,3.03738594055176,-1.65079712867737,K,5
OUTPUT,NaN,NaN,NaN,NaN,NaN,NaN

INPUT,0.386519879102707,0.0492282249033451,0.746176183223724,-2.27915096282959,3.02079844474792,-1.59680068492889,K,6
OUTPUT,NaN,NaN,NaN,NaN,NaN,NaN

INPUT,0.393682360649109,0.0509084723889828,0.758112967014313,-2.31800293922424,3.00817489624023,-1.55532455444336,K,7
OUTPUT,NaN,NaN,NaN,NaN,NaN,NaN

INPUT,0.398798435926437,0.0521086528897285,0.766639232635498,-2.34574317932129,2.999342918396,-1.52600169181824,K,8
OUTPUT,NaN,NaN,NaN,NaN,NaN,NaN

INPUT,0.401868104934692,0.0528287589550018,0.771755039691925,-2.36235046386719,2.99412703514099,-1.50854003429413,K,9
OUTPUT,NaN,NaN,NaN,NaN,NaN,NaN

INPUT,0.380476951599121,0.0369887389242649,0.719694375991821,-2.66317105293274,3.02761483192444,-1.70636975765228,K,11
OUTPUT,NaN,NaN,NaN,NaN,NaN,NaN

INPUT,0.387720495462418,0.0372776091098785,0.730694055557251,-2.71904015541077,3.01554250717163,-1.64941716194153,K,12
OUTPUT,NaN,NaN,NaN,NaN,NaN,NaN

INPUT,0.394964009523392,0.0375664830207825,0.741693735122681,-2.77504515647888,3.00387048721313,-1.5925155878067,K,13
OUTPUT,NaN,NaN,NaN,NaN,NaN,NaN

INPUT,0.402207553386688,0.0378553532063961,0.752693474292755,-2.83116316795349,2.99263596534729,-1.53563845157623,K,14
OUTPUT,NaN,NaN,NaN,NaN,NaN,NaN

INPUT,0.409451097249985,0.0381442233920097,0.763693153858185,-2.88737988471985,2.98187565803528,-1.47876679897308,K,15
OUTPUT,NaN,NaN,NaN,NaN,NaN,NaN

INPUT,0.415970265865326,0.0384042076766491,0.773592889308929,-2.93805027008057,2.97262525558472,-1.42757666110992,K,16
OUTPUT,NaN,NaN,NaN,NaN,NaN,NaN

INPUT,0.421040743589401,0.0386064164340496,0.781292676925659,-2.97750616073608,2.96573090553284,-1.38775360584259,K,17
OUTPUT,NaN,NaN,NaN,NaN,NaN,NaN

INPUT,0.424662500619888,0.0387508533895016,0.786792516708374,-3.00571179389954,2.96097421646118,-1.35930263996124,K,18
OUTPUT,NaN,NaN,NaN,NaN,NaN,NaN

INPUT,0.426835566759109,0.0388375148177147,0.790092468261719,-3.02264380455017,2.9581892490387,-1.34222936630249,K,19
OUTPUT,NaN,NaN,NaN,NaN,NaN,NaN

INPUT,0.427559912204742,0.038866400718689,0.791192412376404,-3.02828931808472,2.95727252960205,-1.33653771877289,K,20
OUTPUT,NaN,NaN,NaN,NaN,NaN,NaN

INPUT,0.376450151205063,0.0458115339279175,0.719677269458771,-2.38298058509827,3.01294350624084,-1.78480708599091,K,11
OUTPUT,NaN,NaN,NaN,NaN,NaN,NaN

INPUT,0.383222550153732,0.0471388176083565,0.730670809745789,-2.41781902313232,2.99843740463257,-1.74906957149506,K,12
OUTPUT,NaN,NaN,NaN,NaN,NaN,NaN

INPUT,0.389994919300079,0.0484661012887955,0.741664350032806,-2.4527759552002,2.98410940170288,-1.71337795257568,K,13
OUTPUT,NaN,NaN,NaN,NaN,NaN,NaN

INPUT,0.396767288446426,0.0497933812439442,0.752657830715179,-2.48783349990845,2.96997714042664,-1.67770743370056,K,14
OUTPUT,NaN,NaN,NaN,NaN,NaN,NaN

INPUT,0.403539657592773,0.0511206611990929,0.763651371002197,-2.5229799747467,2.95605850219727,-1.64204037189484,K,15
OUTPUT,NaN,NaN,NaN,NaN,NaN,NaN

INPUT,0.409634798765182,0.052315216511488,0.773545563220978,-2.55468153953552,2.94372940063477,-1.60993230342865,K,16
OUTPUT,NaN,NaN,NaN,NaN,NaN,NaN

INPUT,0.414375454187393,0.053244311362505,0.781240999698639,-2.57938146591187,2.93427777290344,-1.58494913578033,K,17
OUTPUT,NaN,NaN,NaN,NaN,NaN,NaN

INPUT,0.417761653661728,0.0539079532027245,0.78673779964447,-2.59704661369324,2.92760419845581,-1.56709682941437,K,18
OUTPUT,NaN,NaN,NaN,NaN,NaN,NaN

INPUT,0.419793367385864,0.0543061383068562,0.790035843849182,-2.60765480995178,2.92363214492798,-1.55638206005096,K,19
OUTPUT,NaN,NaN,NaN,NaN,NaN,NaN

INPUT,0.420470595359802,0.0544388666749001,0.791135191917419,-2.61119222640991,2.92231345176697,-1.55280995368958,K,20
OUTPUT,NaN,NaN,NaN,NaN,NaN,NaN

INPUT,0.360354214906693,0.032776914536953,0.733750939369202,-2.06391167640686,3.13935947418213,-1.69636929035187,K,12
OUTPUT,NaN,NaN,NaN,NaN,NaN,NaN

INPUT,0.364719331264496,0.0325924195349216,0.745068728923798,-2.05303716659546,3.13919448852539,-1.64670193195343,K,13
OUTPUT,NaN,NaN,NaN,NaN,NaN,NaN

INPUT,0.369084477424622,0.0324079245328903,0.756386458873749,-2.04608106613159,3.13902902603149,-1.60104060173035,K,14
OUTPUT,NaN,NaN,NaN,NaN,NaN,NaN

INPUT,0.373449593782425,0.0322234258055687,0.767704248428345,-2.04232907295227,3.13886332511902,-1.55869948863983,K,15
OUTPUT,NaN,NaN,NaN,NaN,NaN,NaN

INPUT,0.377378195524216,0.0320573821663857,0.777890205383301,-2.04122257232666,3.13871455192566,-1.52298521995544,K,16
OUTPUT,NaN,NaN,NaN,NaN,NaN,NaN

INPUT,0.380433797836304,0.0319282338023186,0.785812675952911,-2.04162430763245,3.13859915733337,-1.49656331539154,K,17
OUTPUT,NaN,NaN,NaN,NaN,NaN,NaN

INPUT,0.382616341114044,0.0318359844386578,0.791471540927887,-2.04250502586365,3.13851714134216,-1.47834026813507,K,18
OUTPUT,NaN,NaN,NaN,NaN,NaN,NaN

INPUT,0.383925884962082,0.0317806378006935,0.794866859912872,-2.0432505607605,3.13846802711487,-1.46764731407166,K,19
OUTPUT,NaN,NaN,NaN,NaN,NaN,NaN

INPUT,0.384362399578094,0.0317621864378452,0.795998632907867,-2.04353332519531,3.13845157623291,-1.46412146091461,K,20
OUTPUT,NaN,NaN,NaN,NaN,NaN,NaN

INPUT,0.345180034637451,0.0106793809682131,0.741034507751465,0.947662711143494,2.9892361164093,1.41559171676636,K,13
OUTPUT,NaN,NaN,NaN,NaN,NaN,NaN

INPUT,0.347684413194656,0.00840785261243582,0.751967966556549,0.924927890300751,2.97496342658997,1.43759965896606,K,14
OUTPUT,NaN,NaN,NaN,NaN,NaN,NaN

INPUT,0.350188761949539,0.0061363223940134,0.762901484966278,0.902223587036133,2.96077394485474,1.45969128608704,K,15
OUTPUT,NaN,NaN,NaN,NaN,NaN,NaN

INPUT,0.352442681789398,0.00409194501116872,0.772741615772247,0.881803333759308,2.94808030128479,1.47963654994965,K,16
OUTPUT,NaN,NaN,NaN,NaN,NaN,NaN

INPUT,0.35419574379921,0.00250187306664884,0.780395090579987,0.86592423915863,2.93826150894165,1.49518692493439,K,17
OUTPUT,NaN,NaN,NaN,NaN,NaN,NaN

INPUT,0.355447918176651,0.00136610679328442,0.785861849784851,0.854581832885742,2.93127846717834,1.50631332397461,K,18
OUTPUT,NaN,NaN,NaN,NaN,NaN,NaN

INPUT,0.356199234724045,0.000684650323819369,0.789141833782196,0.847775816917419,2.92710113525391,1.51299643516541,K,19
OUTPUT,NaN,NaN,NaN,NaN,NaN,NaN

INPUT,0.356449663639069,0.000457495450973511,0.790235221385956,0.845506966114044,2.92571091651917,1.51522529125214,K,20
OUTPUT,NaN,NaN,NaN,NaN,NaN,NaN

INPUT,0.381209224462509,0.0364050194621086,0.71644401550293,-2.65396618843079,3.02765917778015,-1.7226870059967,K,4
OUTPUT,NaN,NaN,NaN,NaN,NaN,NaN

INPUT,0.39251446723938,0.0369468592107296,0.73102593421936,-2.75223231315613,3.00698590278625,-1.62003922462463,K,5
OUTPUT,NaN,NaN,NaN,NaN,NaN,NaN

INPUT,0.403819680213928,0.0374886989593506,0.745607793331146,-2.8512020111084,2.98766732215881,-1.51782488822937,K,6
OUTPUT,NaN,NaN,NaN,NaN,NaN,NaN

INPUT,0.412612646818161,0.0379101298749447,0.756949245929718,-2.92852663993835,2.97370505332947,-1.43847465515137,K,7
OUTPUT,NaN,NaN,NaN,NaN,NaN,NaN

INPUT,0.418893307447433,0.0382111519575119,0.76505035161972,-2.98390746116638,2.96435523033142,-1.38183617591858,K,8
OUTPUT,NaN,NaN,NaN,NaN,NaN,NaN

INPUT,0.42266172170639,0.0383917652070522,0.769910931587219,-3.01718783378601,2.95900917053223,-1.34786176681519,K,9
OUTPUT,NaN,NaN,NaN,NaN,NaN,NaN

INPUT,0.376777350902557,0.0442302115261555,0.715653359889984,-2.36997008323669,3.01195883750916,-1.78955912590027,K,4
OUTPUT,NaN,NaN,NaN,NaN,NaN,NaN

INPUT,0.387349843978882,0.0463499277830124,0.730466485023499,-2.43390202522278,2.98729872703552,-1.72732353210449,K,5
OUTPUT,NaN,NaN,NaN,NaN,NaN,NaN

INPUT,0.397922307252884,0.0484696477651596,0.745279610157013,-2.49772167205811,2.9632511138916,-1.66473782062531,K,6
OUTPUT,NaN,NaN,NaN,NaN,NaN,NaN

INPUT,0.406145334243774,0.0501183159649372,0.756800949573517,-2.54734802246094,2.94503307342529,-1.61586534976959,K,7
OUTPUT,NaN,NaN,NaN,NaN,NaN,NaN

INPUT,0.412018954753876,0.0512959361076355,0.765030443668365,-2.58280897140503,2.93230819702148,-1.58086371421814,K,8
OUTPUT,NaN,NaN,NaN,NaN,NaN,NaN

INPUT,0.415543109178543,0.0520025081932545,0.769968152046204,-2.60409498214722,2.92479634284973,-1.55982756614685,K,9
OUTPUT,NaN,NaN,NaN,NaN,NaN,NaN

INPUT,0.36079466342926,0.0328974723815918,0.7251016497612,-2.31473803520203,3.13862204551697,-1.9701726436615,K,4
OUTPUT,NaN,NaN,NaN,NaN,NaN,NaN

INPUT,0.36702561378479,0.0325821489095688,0.738574385643005,-2.23935914039612,3.13861799240112,-1.83252966403961,K,5
OUTPUT,NaN,NaN,NaN,NaN,NaN,NaN

INPUT,0.37325656414032,0.0322668254375458,0.752047181129456,-2.1653413772583,3.13858366012573,-1.69624745845795,K,6
OUTPUT,NaN,NaN,NaN,NaN,NaN,NaN

INPUT,0.378102838993073,0.0320215784013271,0.762525975704193,-2.11010050773621,3.13853645324707,-1.59265625476837,K,7
OUTPUT,NaN,NaN,NaN,NaN,NaN,NaN

INPUT,0.38156446814537,0.031846396625042,0.770010828971863,-2.07241940498352,3.13849258422852,-1.52051484584808,K,8
OUTPUT,NaN,NaN,NaN,NaN,NaN,NaN

INPUT,0.383641451597214,0.0317412912845612,0.774501740932465,-2.0506432056427,3.13846230506897,-1.47810244560242,K,9
OUTPUT,NaN,NaN,NaN,NaN,NaN,NaN

INPUT,0.349543511867523,0.011428814381361,0.73875093460083,0.940131723880768,2.98009872436523,1.43311834335327,K,5
OUTPUT,NaN,NaN,NaN,NaN,NaN,NaN

INPUT,0.353052794933319,0.00863325595855713,0.750252425670624,0.905601799488068,2.96030497550964,1.46226513385773,K,6
OUTPUT,NaN,NaN,NaN,NaN,NaN,NaN

INPUT,0.355782270431519,0.00645893393084407,0.759197950363159,0.879126489162445,2.94506216049194,1.48530435562134,K,7
OUTPUT,NaN,NaN,NaN,NaN,NaN,NaN

INPUT,0.357731878757477,0.00490584596991539,0.765587687492371,0.860393404960632,2.93427395820618,1.50189542770386,K,8
OUTPUT,NaN,NaN,NaN,NaN,NaN,NaN

INPUT,0.358901649713516,0.00397399300709367,0.769421517848969,0.849220454692841,2.92784571647644,1.51188898086548,K,9
OUTPUT,NaN,NaN,NaN,NaN,NaN,NaN

INPUT,0.354674309492111,0.0318758375942707,0.733120083808899,0.586419403553009,3.11726307868958,1.3727765083313,K,12
OUTPUT,NaN,NaN,NaN,NaN,NaN,NaN

INPUT,0.358441263437271,0.0315964035689831,0.744372189044952,0.543035447597504,3.11476707458496,1.41215479373932,K,13
OUTPUT,NaN,NaN,NaN,NaN,NaN,NaN

INPUT,0.362208187580109,0.0313169695436954,0.755624294281006,0.499988555908203,3.11231708526611,1.45187282562256,K,14
OUTPUT,NaN,NaN,NaN,NaN,NaN,NaN

INPUT,0.365975141525269,0.0310375355184078,0.766876399517059,0.457194983959198,3.10991716384888,1.49184703826904,K,15
OUTPUT,NaN,NaN,NaN,NaN,NaN,NaN

INPUT,0.369365394115448,0.030786044895649,0.777003288269043,0.418848842382431,3.10780334472656,1.52799475193024,K,16
OUTPUT,NaN,NaN,NaN,NaN,NaN,NaN

INPUT,0.372002243995667,0.0305904429405928,0.784879744052887,0.389113068580627,3.10619139671326,1.55620038509369,K,17
OUTPUT,NaN,NaN,NaN,NaN,NaN,NaN

INPUT,0.373885720968246,0.030450725927949,0.790505766868591,0.367913693189621,3.10505819320679,1.57638871669769,K,18
OUTPUT,NaN,NaN,NaN,NaN,NaN,NaN

INPUT,0.375015795230865,0.0303668957203627,0.793881416320801,0.355208665132523,3.10438585281372,1.58851659297943,K,19
OUTPUT,NaN,NaN,NaN,NaN,NaN,NaN

INPUT,0.375392496585846,0.0303389523178339,0.795006632804871,0.350975900888443,3.10416293144226,1.59256160259247,K,20
OUTPUT,NaN,NaN,NaN,NaN,NaN,NaN

INPUT,0.362053513526917,0.0389154627919197,0.722196698188782,-2.35452938079834,3.10012555122375,-1.74086809158325,K,11
OUTPUT,NaN,NaN,NaN,NaN,NaN,NaN

INPUT,0.367132216691971,0.0394313633441925,0.733486592769623,-2.38916420936584,3.09551882743835,-1.70330774784088,K,12
OUTPUT,NaN,NaN,NaN,NaN,NaN,NaN

INPUT,0.372210949659348,0.0399472638964653,0.744776427745819,-2.42406725883484,3.09097218513489,-1.66600811481476,K,13
OUTPUT,NaN,NaN,NaN,NaN,NaN,NaN

INPUT,0.377289652824402,0.0404631681740284,0.756066262722015,-2.45917081832886,3.08649134635925,-1.62890064716339,K,14
OUTPUT,NaN,NaN,NaN,NaN,NaN,NaN

INPUT,0.382368385791779,0.0409790687263012,0.767356097698212,-2.49442839622498,3.08208227157593,-1.5919383764267,K,15
OUTPUT,NaN,NaN,NaN,NaN,NaN,NaN

INPUT,0.386939227581024,0.0414433777332306,0.777516961097717,-2.52626466751099,3.07818007469177,-1.55876874923706,K,16
OUTPUT,NaN,NaN,NaN,NaN,NaN,NaN

INPUT,0.390494346618652,0.0418045073747635,0.785419881343842,-2.55108284950256,3.07519125938416,-1.53302121162415,K,17
OUTPUT,NaN,NaN,NaN,NaN,NaN,NaN

INPUT,0.393033713102341,0.0420624613761902,0.79106479883194,-2.5688362121582,3.07308220863342,-1.51465320587158,K,18
OUTPUT,NaN,NaN,NaN,NaN,NaN,NaN

INPUT,0.394557327032089,0.0422172285616398,0.794451773166656,-2.57949781417847,3.07182741165161,-1.50364077091217,K,19
OUTPUT,NaN,NaN,NaN,NaN,NaN,NaN

INPUT,0.395065188407898,0.0422688201069832,0.795580744743347,-2.58305311203003,3.07141089439392,-1.49997127056122,K,20
OUTPUT,NaN,NaN,NaN,NaN,NaN,NaN

INPUT,0.356213420629501,0.0292308460921049,0.732800245285034,0.824047803878784,3.10495519638062,1.51800012588501,K,12
OUTPUT,NaN,NaN,NaN,NaN,NaN,NaN

INPUT,0.360142767429352,0.0286730211228132,0.744017958641052,0.785869598388672,3.10120368003845,1.55286657810211,K,13
OUTPUT,NaN,NaN,NaN,NaN,NaN,NaN

INPUT,0.36407208442688,0.0281151961535215,0.755235612392426,0.747968435287476,3.09750580787659,1.58801567554474,K,14
OUTPUT,NaN,NaN,NaN,NaN,NaN,NaN

INPUT,0.36800143122673,0.0275573693215847,0.766453325748444,0.710275709629059,3.09386682510376,1.62337923049927,K,15
OUTPUT,NaN,NaN,NaN,NaN,NaN,NaN

INPUT,0.371537834405899,0.0270553268492222,0.776549220085144,0.676490664482117,3.09064602851868,1.65535020828247,K,16
OUTPUT,NaN,NaN,NaN,NaN,NaN,NaN

INPUT,0.374288350343704,0.0266648475080729,0.784401595592499,0.650286614894867,3.08817863464355,1.6802933216095,K,17
OUTPUT,NaN,NaN,NaN,NaN,NaN,NaN

INPUT,0.376253008842468,0.026385935023427,0.790010452270508,0.631602764129639,3.08643770217896,1.6981452703476,K,18
OUTPUT,NaN,NaN,NaN,NaN,NaN,NaN

INPUT,0.377431809902191,0.0262185875326395,0.793375730514526,0.620404362678528,3.08540177345276,1.70886921882629,K,19
OUTPUT,NaN,NaN,NaN,NaN,NaN,NaN

INPUT,0.377824753522873,0.0261628050357103,0.794497489929199,0.616673469543457,3.08505797386169,1.71244585514069,K,20
OUTPUT,NaN,NaN,NaN,NaN,NaN,NaN

INPUT,0.36190265417099,0.0366428196430206,0.734753310680389,0.446880340576172,3.12752747535706,1.36567604541779,K,12
OUTPUT,NaN,NaN,NaN,NaN,NaN,NaN

INPUT,0.366454780101776,0.0368622988462448,0.746162116527557,0.397439748048782,3.12610054016113,1.41294300556183,K,13
OUTPUT,NaN,NaN,NaN,NaN,NaN,NaN

INPUT,0.371006906032562,0.0370817817747593,0.757570803165436,0.348179876804352,3.12471008300781,1.46039175987244,K,14
OUTPUT,NaN,NaN,NaN,NaN,NaN,NaN

INPUT,0.375559031963348,0.0373012609779835,0.768979549407959,0.299055814743042,3.12335896492004,1.50797736644745,K,15
OUTPUT,NaN,NaN,NaN,NaN,NaN,NaN

INPUT,0.379655927419662,0.0374987944960594,0.779247462749481,0.254933714866638,3.12217950820923,1.55089509487152,K,16
OUTPUT,NaN,NaN,NaN,NaN,NaN,NaN

INPUT,0.382842421531677,0.0376524329185486,0.787233591079712,0.220663964748383,3.12128710746765,1.58432364463806,K,17
OUTPUT,NaN,NaN,NaN,NaN,NaN,NaN

INPUT,0.38511848449707,0.0377621725201607,0.792937934398651,0.196206986904144,3.12066411972046,1.60822319984436,K,18
OUTPUT,NaN,NaN,NaN,NaN,NaN,NaN

INPUT,0.386484146118164,0.037828017026186,0.796360552310944,0.181540623307228,3.12029600143433,1.62257051467896,K,19
OUTPUT,NaN,NaN,NaN,NaN,NaN,NaN

INPUT,0.386939346790314,0.0378499664366245,0.797501444816589,0.176653027534485,3.12017440795898,1.62735426425934,K,20
OUTPUT,NaN,NaN,NaN,NaN,NaN,NaN

INPUT,0.367197096347809,0.0422009266912937,0.721165418624878,-2.22244119644165,3.09088659286499,-1.718177318573,K,11
OUTPUT,NaN,NaN,NaN,NaN,NaN,NaN

INPUT,0.37288099527359,0.0431034006178379,0.732334017753601,-2.2507951259613,3.08515524864197,-1.68720090389252,K,12
OUTPUT,NaN,NaN,NaN,NaN,NaN,NaN

INPUT,0.378564864397049,0.0440058745443821,0.743502557277679,-2.27939438819885,3.0794734954834,-1.65646052360535,K,13
OUTPUT,NaN,NaN,NaN,NaN,NaN,NaN

INPUT,0.384248733520508,0.044908344745636,0.754671156406403,-2.30817770957947,3.07384634017944,-1.62589347362518,K,14
OUTPUT,NaN,NaN,NaN,NaN,NaN,NaN

INPUT,0.389932602643967,0.0458108186721802,0.765839695930481,-2.33710289001465,3.06827878952026,-1.59545707702637,K,15
OUTPUT,NaN,NaN,NaN,NaN,NaN,NaN

INPUT,0.395048081874847,0.0466230437159538,0.775891423225403,-2.36323189735413,3.06332278251648,-1.56815040111542,K,16
OUTPUT,NaN,NaN,NaN,NaN,NaN,NaN

INPUT,0.399026811122894,0.0472547747194767,0.783709406852722,-2.38360691070557,3.05950665473938,-1.54695737361908,K,17
OUTPUT,NaN,NaN,NaN,NaN,NaN,NaN

INPUT,0.401868760585785,0.0477060116827488,0.789293706417084,-2.39818501472473,3.05680251121521,-1.53183996677399,K,18
OUTPUT,NaN,NaN,NaN,NaN,NaN,NaN

INPUT,0.403573900461197,0.0479767508804798,0.792644262313843,-2.40694069862366,3.05518889427185,-1.52277672290802,K,19
OUTPUT,NaN,NaN,NaN,NaN,NaN,NaN

INPUT,0.404142290353775,0.0480669997632504,0.793761134147644,-2.40986061096191,3.05465245246887,-1.51975679397583,K,20
OUTPUT,NaN,NaN,NaN,NaN,NaN,NaN

INPUT,0.357412993907928,0.0272036455571651,0.731874704360962,0.645321726799011,3.12339162826538,1.21935343742371,K,12
OUTPUT,NaN,NaN,NaN,NaN,NaN,NaN

INPUT,0.361468225717545,0.0264323502779007,0.742995738983154,0.612683951854706,3.12144589424133,1.24712252616882,K,13
OUTPUT,NaN,NaN,NaN,NaN,NaN,NaN

INPUT,0.365523427724838,0.0256610587239265,0.754116773605347,0.580472528934479,3.11951851844788,1.27531921863556,K,14
OUTPUT,NaN,NaN,NaN,NaN,NaN,NaN

INPUT,0.369578629732132,0.0248897634446621,0.765237867832184,0.548581421375275,3.11761116981506,1.30383741855621,K,15
OUTPUT,NaN,NaN,NaN,NaN,NaN,NaN

INPUT,0.373228341341019,0.0241955984383821,0.775246798992157,0.520092070102692,3.11591339111328,1.3297176361084,K,16
OUTPUT,NaN,NaN,NaN,NaN,NaN,NaN

INPUT,0.376066982746124,0.0236556939780712,0.783031582832336,0.498046189546585,3.11460566520691,1.34995996952057,K,17
OUTPUT,NaN,NaN,NaN,NaN,NaN,NaN

INPUT,0.378094583749771,0.023270046338439,0.788592100143433,0.48235034942627,3.11367893218994,1.36447060108185,K,18
OUTPUT,NaN,NaN,NaN,NaN,NaN,NaN

INPUT,0.379311144351959,0.0230386573821306,0.79192841053009,0.472951322793961,3.113126039505,1.37319540977478,K,19
OUTPUT,NaN,NaN,NaN,NaN,NaN,NaN

INPUT,0.379716664552689,0.0229615289717913,0.79304051399231,0.469821184873581,3.11294221878052,1.3761066198349,K,20
OUTPUT,NaN,NaN,NaN,NaN,NaN,NaN

INPUT,0.370930254459381,0.0392766818404198,0.731965661048889,-2.41695928573608,3.09185934066772,-1.69060456752777,K,5
OUTPUT,NaN,NaN,NaN,NaN,NaN,NaN

INPUT,0.379190653562546,0.0400862842798233,0.747684836387634,-2.47572374343872,3.0842821598053,-1.62097239494324,K,6
OUTPUT,NaN,NaN,NaN,NaN,NaN,NaN

INPUT,0.385615438222885,0.0407159775495529,0.759910821914673,-2.52233028411865,3.0785493850708,-1.56769585609436,K,7
OUTPUT,NaN,NaN,NaN,NaN,NaN,NaN

INPUT,0.390204548835754,0.0411657579243183,0.76864367723465,-2.55597114562988,3.07454967498779,-1.52998089790344,K,8
OUTPUT,NaN,NaN,NaN,NaN,NaN,NaN

INPUT,0.392958015203476,0.0414356254041195,0.773883402347565,-2.57626986503601,3.07219052314758,-1.50746154785156,K,9
OUTPUT,NaN,NaN,NaN,NaN,NaN,NaN

INPUT,0.377057105302811,0.0429085120558739,0.730952143669128,-2.27276372909546,3.08059215545654,-1.67621791362762,K,5
OUTPUT,NaN,NaN,NaN,NaN,NaN,NaN

INPUT,0.386342614889145,0.0443478487432003,0.746390581130981,-2.32158899307251,3.0710141658783,-1.61872494220734,K,6
OUTPUT,NaN,NaN,NaN,NaN,NaN,NaN

INPUT,0.393564701080322,0.0454673282802105,0.758398234844208,-2.36012482643127,3.06373405456543,-1.57493031024933,K,7
OUTPUT,NaN,NaN,NaN,NaN,NaN,NaN

INPUT,0.398723304271698,0.0462669618427753,0.766975164413452,-2.3877592086792,3.05864644050598,-1.54411959648132,K,8
OUTPUT,NaN,NaN,NaN,NaN,NaN,NaN

INPUT,0.401818484067917,0.046746738255024,0.77212131023407,-2.40433835983276,3.05564427375793,-1.52582323551178,K,9
OUTPUT,NaN,NaN,NaN,NaN,NaN,NaN

INPUT,0.360648155212402,0.0317870415747166,0.737059116363525,0.549642026424408,3.11513233184814,1.42177367210388,K,5
OUTPUT,NaN,NaN,NaN,NaN,NaN,NaN

INPUT,0.366209149360657,0.0313583612442017,0.750725269317627,0.476962059736252,3.11106014251709,1.48208975791931,K,6
OUTPUT,NaN,NaN,NaN,NaN,NaN,NaN

INPUT,0.370534330606461,0.0310249477624893,0.761354506015778,0.421451807022095,3.10798454284668,1.53002655506134,K,7
OUTPUT,NaN,NaN,NaN,NaN,NaN,NaN

INPUT,0.373623758554459,0.0307867918163538,0.768946826457977,0.382194399833679,3.10584211349487,1.56466293334961,K,8
OUTPUT,NaN,NaN,NaN,NaN,NaN,NaN

INPUT,0.375477403402328,0.0306439008563757,0.773502171039581,0.35876652598381,3.10457968711853,1.58557271957397,K,9
OUTPUT,NaN,NaN,NaN,NaN,NaN,NaN

INPUT,0.362466752529144,0.0290957354009151,0.736707150936127,0.794015645980835,3.10111522674561,1.56399536132813,K,5
OUTPUT,NaN,NaN,NaN,NaN,NaN,NaN

INPUT,0.368327528238297,0.0282751619815826,0.750323176383972,0.729020178318024,3.09518957138062,1.61627078056335,K,6
OUTPUT,NaN,NaN,NaN,NaN,NaN,NaN

INPUT,0.372885912656784,0.0276369396597147,0.76091343164444,0.679474890232086,3.09068870544434,1.65794706344604,K,7
OUTPUT,NaN,NaN,NaN,NaN,NaN,NaN

INPUT,0.376141905784607,0.027181064710021,0.768477916717529,0.64447957277298,3.08753776550293,1.68811631202698,K,8
OUTPUT,NaN,NaN,NaN,NaN,NaN,NaN

INPUT,0.378095477819443,0.0269075408577919,0.773016571998596,0.623610734939575,3.08567452430725,1.70634877681732,K,9
OUTPUT,NaN,NaN,NaN,NaN,NaN,NaN

INPUT,0.36264756321907,0.0366222523152828,0.726486623287201,0.498504221439362,3.12925601005554,1.36185395717621,K,4
OUTPUT,NaN,NaN,NaN,NaN,NaN,NaN

INPUT,0.369189381599426,0.0369671620428562,0.739991784095764,0.409886866807938,3.12671661376953,1.42870783805847,K,5
OUTPUT,NaN,NaN,NaN,NaN,NaN,NaN

INPUT,0.37573117017746,0.0373120717704296,0.753496944904327,0.324402153491974,3.12426567077637,1.49869704246521,K,6
OUTPUT,NaN,NaN,NaN,NaN,NaN,NaN

INPUT,0.380819231271744,0.0375803299248219,0.76400089263916,0.259258955717087,3.12243056297302,1.55448031425476,K,7
OUTPUT,NaN,NaN,NaN,NaN,NaN,NaN

INPUT,0.384453564882278,0.0377719476819038,0.771503746509552,0.213234290480614,3.12116193771362,1.59483313560486,K,8
OUTPUT,NaN,NaN,NaN,NaN,NaN,NaN

INPUT,0.386634141206741,0.037886917591095,0.776005506515503,0.185780689120293,3.12041902542114,1.61920619010925,K,9
OUTPUT,NaN,NaN,NaN,NaN,NaN,NaN

INPUT,0.363599121570587,0.0266059525310993,0.735718607902527,0.62862104177475,3.12180471420288,1.26530635356903,K,5
OUTPUT,NaN,NaN,NaN,NaN,NaN,NaN

INPUT,0.369585335254669,0.0253873374313116,0.749157428741455,0.569010376930237,3.11854887008667,1.3032637834549,K,6
OUTPUT,NaN,NaN,NaN,NaN,NaN,NaN

INPUT,0.374241292476654,0.02443952485919,0.759609818458557,0.524712145328522,3.11606240272522,1.33455765247345,K,7
OUTPUT,NaN,NaN,NaN,NaN,NaN,NaN

INPUT,0.377566963434219,0.0237625166773796,0.767075836658478,0.493955790996552,3.1143171787262,1.35750734806061,K,8
OUTPUT,NaN,NaN,NaN,NaN,NaN,NaN

INPUT,0.379562377929688,0.0233563110232353,0.771555423736572,0.475817501544952,3.11328411102295,1.37144100666046,K,9
OUTPUT,NaN,NaN,NaN,NaN,NaN,NaN

INPUT,0.3619704246521,0.0404642894864082,0.721581876277924,-1.98902118206024,3.09668922424316,-1.55008935928345,K,11
OUTPUT,NaN,NaN,NaN,NaN,NaN,NaN

INPUT,0.367038756608963,0.0411623790860176,0.732800364494324,-2.01299357414246,3.09157538414001,-1.52242648601532,K,12
OUTPUT,NaN,NaN,NaN,NaN,NaN,NaN

INPUT,0.372107058763504,0.0418604724109173,0.744018912315369,-2.03731060028076,3.08649468421936,-1.49510157108307,K,13
OUTPUT,NaN,NaN,NaN,NaN,NaN,NaN

INPUT,0.377175390720367,0.0425585620105267,0.755237400531769,-2.06188416481018,3.08145046234131,-1.46802628040314,K,14
OUTPUT,NaN,NaN,NaN,NaN,NaN,NaN

INPUT,0.382243692874908,0.0432566553354263,0.766455888748169,-2.08665466308594,3.07644629478455,-1.44113993644714,K,15
OUTPUT,NaN,NaN,NaN,NaN,NaN,NaN

INPUT,0.386805206537247,0.0438849367201328,0.776552557945251,-2.10908126831055,3.07197976112366,-1.41706824302673,K,16
OUTPUT,NaN,NaN,NaN,NaN,NaN,NaN

INPUT,0.39035302400589,0.0443736016750336,0.784405529499054,-2.12659597396851,3.06853151321411,-1.39841246604919,K,17
OUTPUT,NaN,NaN,NaN,NaN,NaN,NaN

INPUT,0.39288717508316,0.0447226464748383,0.790014803409576,-2.13913941383362,3.06608295440674,-1.38511729240417,K,18
OUTPUT,NaN,NaN,NaN,NaN,NaN,NaN

INPUT,0.394407689571381,0.0449320748448372,0.793380320072174,-2.14667773246765,3.06462001800537,-1.37715113162994,K,19
OUTPUT,NaN,NaN,NaN,NaN,NaN,NaN

INPUT,0.394914507865906,0.0450018830597401,0.794502198696136,-2.14919233322144,3.06413316726685,-1.37449741363525,K,20
OUTPUT,NaN,NaN,NaN,NaN,NaN,NaN

INPUT,0.363435655832291,0.0395104475319386,0.722646653652191,-2.19742012023926,3.11931896209717,-1.51361536979675,K,11
OUTPUT,NaN,NaN,NaN,NaN,NaN,NaN

INPUT,0.368676751852036,0.0400961637496948,0.733990371227264,-2.23410367965698,3.1168966293335,-1.46986734867096,K,12
OUTPUT,NaN,NaN,NaN,NaN,NaN,NaN

INPUT,0.37391784787178,0.0406818799674511,0.745334148406982,-2.27141547203064,3.11451411247253,-1.42674493789673,K,13
OUTPUT,NaN,NaN,NaN,NaN,NaN,NaN

INPUT,0.379158914089203,0.0412675924599171,0.756677806377411,-2.30919456481934,3.11217522621155,-1.38408744335175,K,14
OUTPUT,NaN,NaN,NaN,NaN,NaN,NaN

INPUT,0.384399980306625,0.0418533086776733,0.768021583557129,-2.34733128547668,3.1098837852478,-1.34178483486176,K,15
OUTPUT,NaN,NaN,NaN,NaN,NaN,NaN

INPUT,0.38911697268486,0.0423804521560669,0.778230905532837,-2.38189506530762,3.10786509513855,-1.303950548172,K,16
OUTPUT,NaN,NaN,NaN,NaN,NaN,NaN

INPUT,0.392785727977753,0.0427904538810253,0.786171495914459,-2.40890693664551,3.10632538795471,-1.2746514081955,K,17
OUTPUT,NaN,NaN,NaN,NaN,NaN,NaN

INPUT,0.395406246185303,0.0430833101272583,0.791843414306641,-2.42826056480408,3.10524249076843,-1.253781914711,K,18
OUTPUT,NaN,NaN,NaN,NaN,NaN,NaN

INPUT,0.396978586912155,0.0432590246200562,0.795246481895447,-2.43989419937134,3.10459995269775,-1.24128103256226,K,19
OUTPUT,NaN,NaN,NaN,NaN,NaN,NaN

INPUT,0.397502690553665,0.0433175973594189,0.796380877494812,-2.44377541542053,3.10438680648804,-1.23711740970612,K,20
OUTPUT,NaN,NaN,NaN,NaN,NaN,NaN

INPUT,0.367511391639709,0.0411114208400249,0.721186935901642,-2.56461572647095,3.07262420654297,-1.86991953849792,K,11
OUTPUT,NaN,NaN,NaN,NaN,NaN,NaN

INPUT,0.373232364654541,0.0418856665492058,0.732357919216156,-2.60483312606812,3.06499934196472,-1.82835733890533,K,12
OUTPUT,NaN,NaN,NaN,NaN,NaN,NaN

INPUT,0.37895330786705,0.0426599122583866,0.74352890253067,-2.64518332481384,3.05750203132629,-1.78690409660339,K,13
OUTPUT,NaN,NaN,NaN,NaN,NaN,NaN

INPUT,0.384674280881882,0.0434341579675674,0.754699885845184,-2.68563604354858,3.05014562606812,-1.74552774429321,K,14
OUTPUT,NaN,NaN,NaN,NaN,NaN,NaN

INPUT,0.390395253896713,0.0442084036767483,0.765870928764343,-2.72617030143738,3.04294180870056,-1.70420575141907,K,15
OUTPUT,NaN,NaN,NaN,NaN,NaN,NaN

INPUT,0.395544111728668,0.0449052229523659,0.775924801826477,-2.76270890235901,3.03659915924072,-1.66704952716827,K,16
OUTPUT,NaN,NaN,NaN,NaN,NaN,NaN

INPUT,0.399548798799515,0.0454471968114376,0.783744513988495,-2.79116082191467,3.03176403045654,-1.63816606998444,K,17
OUTPUT,NaN,NaN,NaN,NaN,NaN,NaN

INPUT,0.402409285306931,0.0458343178033829,0.789330005645752,-2.81149935722351,3.02836537361145,-1.61754167079926,K,18
OUTPUT,NaN,NaN,NaN,NaN,NaN,NaN

INPUT,0.404125571250916,0.0460665933787823,0.792681276798248,-2.82370829582214,3.02634882926941,-1.60516917705536,K,19
OUTPUT,NaN,NaN,NaN,NaN,NaN,NaN

INPUT,0.40469765663147,0.0461440160870552,0.793798387050629,-2.82777905464172,3.02568030357361,-1.60104537010193,K,20
OUTPUT,NaN,NaN,NaN,NaN,NaN,NaN

INPUT,0.379683434963226,0.0527619160711765,0.705081343650818,-2.27445530891418,2.97746610641479,-1.80114090442657,K,10
OUTPUT,NaN,NaN,NaN,NaN,NaN,NaN

INPUT,0.387820065021515,0.0551887676119804,0.715576410293579,-2.30597043037415,2.95615863800049,-1.76921916007996,K,11
OUTPUT,NaN,NaN,NaN,NaN,NaN,NaN

INPUT,0.395956665277481,0.0576156228780746,0.726071536540985,-2.33758974075317,2.9350368976593,-1.73727631568909,K,12
OUTPUT,NaN,NaN,NaN,NaN,NaN,NaN

INPUT,0.404093265533447,0.0600424781441689,0.736566603183746,-2.36930823326111,2.91412258148193,-1.70529401302338,K,13
OUTPUT,NaN,NaN,NaN,NaN,NaN,NaN

INPUT,0.412229865789413,0.0624693296849728,0.747061669826508,-2.40112447738647,2.89343786239624,-1.67325794696808,K,14
OUTPUT,NaN,NaN,NaN,NaN,NaN,NaN

INPUT,0.42036646604538,0.0648961812257767,0.757556796073914,-2.43303942680359,2.87300395965576,-1.6411566734314,K,15
OUTPUT,NaN,NaN,NaN,NaN,NaN,NaN

INPUT,0.427689433097839,0.0670803487300873,0.767002403736115,-2.46184897422791,2.85484600067139,-1.61220192909241,K,16
OUTPUT,NaN,NaN,NaN,NaN,NaN,NaN

INPUT,0.433385044336319,0.0687791481614113,0.77434891462326,-2.48431420326233,2.84088587760925,-1.58963561058044,K,17
OUTPUT,NaN,NaN,NaN,NaN,NaN,NaN

INPUT,0.437453329563141,0.0699925720691681,0.779596507549286,-2.5003924369812,2.83100581169128,-1.57349050045013,K,18
OUTPUT,NaN,NaN,NaN,NaN,NaN,NaN

INPUT,0.439894318580627,0.0707206279039383,0.782745003700256,-2.51005244255066,2.82511591911316,-1.56379282474518,K,19
OUTPUT,NaN,NaN,NaN,NaN,NaN,NaN

INPUT,0.440707981586456,0.0709633156657219,0.783794522285461,-2.51327443122864,2.82315897941589,-1.56055819988251,K,20
OUTPUT,NaN,NaN,NaN,NaN,NaN,NaN

INPUT,0.351779103279114,0.0311723034828901,0.733608186244965,0.792959272861481,3.11254167556763,1.44147562980652,K,12
OUTPUT,NaN,NaN,NaN,NaN,NaN,NaN

INPUT,0.355241298675537,0.0308187063783407,0.744911789894104,0.756789207458496,3.10952806472778,1.47356045246124,K,13
OUTPUT,NaN,NaN,NaN,NaN,NaN,NaN

INPUT,0.358703523874283,0.0304651092737913,0.756215393543243,0.720966815948486,3.10655164718628,1.50599610805511,K,14
OUTPUT,NaN,NaN,NaN,NaN,NaN,NaN

INPUT,0.362165719270706,0.0301115121692419,0.767518997192383,0.685406088829041,3.1036159992218,1.53869712352753,K,15
OUTPUT,NaN,NaN,NaN,NaN,NaN,NaN

INPUT,0.365281701087952,0.0297932736575603,0.777692258358002,0.653575539588928,3.1010115146637,1.56830513477325,K,16
OUTPUT,NaN,NaN,NaN,NaN,NaN,NaN

INPUT,0.367705225944519,0.0295457560569048,0.785604774951935,0.628910660743713,3.09901213645935,1.59142827987671,K,17
OUTPUT,NaN,NaN,NaN,NaN,NaN,NaN

INPUT,0.369436323642731,0.0293689556419849,0.791256606578827,0.611334979534149,3.09759879112244,1.60798799991608,K,18
OUTPUT,NaN,NaN,NaN,NaN,NaN,NaN

INPUT,0.370474994182587,0.0292628780007362,0.794647693634033,0.600804686546326,3.09675693511963,1.6179393529892,K,19
OUTPUT,NaN,NaN,NaN,NaN,NaN,NaN

INPUT,0.370821207761765,0.0292275175452232,0.795778036117554,0.597296953201294,3.09647727012634,1.62125897407532,K,20
OUTPUT,NaN,NaN,NaN,NaN,NaN,NaN

INPUT,0.362608999013901,0.0325336679816246,0.723251461982727,-2.62281274795532,3.10112333297729,-1.83177745342255,K,11
OUTPUT,NaN,NaN,NaN,NaN,NaN,NaN

INPUT,0.367779701948166,0.0322954244911671,0.734649121761322,-2.66892838478088,3.09673380851746,-1.7848128080368,K,12
OUTPUT,NaN,NaN,NaN,NaN,NaN,NaN

INPUT,0.372950434684753,0.0320571810007095,0.746046781539917,-2.71512365341187,3.09244132041931,-1.73791861534119,K,13
OUTPUT,NaN,NaN,NaN,NaN,NaN,NaN

INPUT,0.378121137619019,0.031818937510252,0.757444500923157,-2.76137924194336,3.08825540542603,-1.69107508659363,K,14
OUTPUT,NaN,NaN,NaN,NaN,NaN,NaN

INPUT,0.383291840553284,0.0315806902945042,0.768842160701752,-2.80768227577209,3.08418488502502,-1.64426863193512,K,15
OUTPUT,NaN,NaN,NaN,NaN,NaN,NaN

INPUT,0.387945502996445,0.0313662737607956,0.779100060462952,-2.84938788414001,3.08062767982483,-1.60216665267944,K,16
OUTPUT,NaN,NaN,NaN,NaN,NaN,NaN

INPUT,0.39156499505043,0.0311995018273592,0.787078440189362,-2.88184404373169,3.0779345035553,-1.56943273544312,K,17
OUTPUT,NaN,NaN,NaN,NaN,NaN,NaN

INPUT,0.394150346517563,0.0310803782194853,0.792777299880981,-2.90503525733948,3.07605195045471,-1.54605650901794,K,18
OUTPUT,NaN,NaN,NaN,NaN,NaN,NaN

INPUT,0.395701557397842,0.0310089066624641,0.796196579933167,-2.91895341873169,3.07493948936462,-1.53203272819519,K,19
OUTPUT,NaN,NaN,NaN,NaN,NaN,NaN

INPUT,0.396218627691269,0.0309850815683603,0.797336339950562,-2.92359328269958,3.07457137107849,-1.52735829353333,K,20
OUTPUT,NaN,NaN,NaN,NaN,NaN,NaN

INPUT,0.38135439157486,0.0513159744441509,0.703660428524017,-2.28110837936401,2.96997690200806,-1.79967820644379,K,4
OUTPUT,NaN,NaN,NaN,NaN,NaN,NaN

INPUT,0.395724713802338,0.0555424988269806,0.719844460487366,-2.34169173240662,2.92985963821411,-1.73630726337433,K,5
OUTPUT,NaN,NaN,NaN,NaN,NaN,NaN

INPUT,0.410095036029816,0.0597690269351006,0.736028432846069,-2.40297651290894,2.89055228233337,-1.67311406135559,K,6
OUTPUT,NaN,NaN,NaN,NaN,NaN,NaN

INPUT,0.421271920204163,0.0630563199520111,0.748615980148315,-2.45103335380554,2.86064028739929,-1.62393653392792,K,7
OUTPUT,NaN,NaN,NaN,NaN,NaN,NaN

INPUT,0.429255425930023,0.0654043927788734,0.757607042789459,-2.48555064201355,2.83967328071594,-1.5887531042099,K,8
OUTPUT,NaN,NaN,NaN,NaN,NaN,NaN

INPUT,0.434045553207397,0.066813237965107,0.76300173997879,-2.50633454322815,2.82726502418518,-1.56761145591736,K,9
OUTPUT,NaN,NaN,NaN,NaN,NaN,NaN

INPUT,0.370949149131775,0.0408001467585564,0.731148838996887,-2.03731751441956,3.08742165565491,-1.51813328266144,K,5
OUTPUT,NaN,NaN,NaN,NaN,NaN,NaN

INPUT,0.379272103309631,0.0418462492525578,0.746777653694153,-2.07640790939331,3.07887744903564,-1.4648209810257,K,6
OUTPUT,NaN,NaN,NaN,NaN,NaN,NaN

INPUT,0.385745495557785,0.0426598824560642,0.758933365345001,-2.1079113483429,3.07234477996826,-1.4246928691864,K,7
OUTPUT,NaN,NaN,NaN,NaN,NaN,NaN

INPUT,0.390369355678558,0.0432410463690758,0.767616033554077,-2.13077116012573,3.06775403022766,-1.39662539958954,K,8
OUTPUT,NaN,NaN,NaN,NaN,NaN,NaN

INPUT,0.393143683671951,0.043589748442173,0.772825658321381,-2.14457869529724,3.06503391265869,-1.38000309467316,K,9
OUTPUT,NaN,NaN,NaN,NaN,NaN,NaN

INPUT,0.372890144586563,0.0401507429778576,0.732494115829468,-2.27591300010681,3.11469721794128,-1.4662674665451,K,5
OUTPUT,NaN,NaN,NaN,NaN,NaN,NaN

INPUT,0.381545454263687,0.0411187261343002,0.748298346996307,-2.3339478969574,3.11084508895874,-1.3813853263855,K,6
OUTPUT,NaN,NaN,NaN,NaN,NaN,NaN

INPUT,0.388277322053909,0.0418715998530388,0.760590493679047,-2.38117909431458,3.1079535484314,-1.31745326519012,K,7
OUTPUT,NaN,NaN,NaN,NaN,NaN,NaN

INPUT,0.393085837364197,0.0424093641340733,0.76937061548233,-2.4157350063324,3.10595011711121,-1.27260375022888,K,8
OUTPUT,NaN,NaN,NaN,NaN,NaN,NaN

INPUT,0.395970940589905,0.0427320264279842,0.774638712406158,-2.4367356300354,3.10477423667908,-1.24595952033997,K,9
OUTPUT,NaN,NaN,NaN,NaN,NaN,NaN

INPUT,0.367911666631699,0.0405463166534901,0.715795278549194,-2.56262564659119,3.07261323928833,-1.88591945171356,K,4
OUTPUT,NaN,NaN,NaN,NaN,NaN,NaN

INPUT,0.377066761255264,0.0418390557169914,0.731184601783752,-2.63163685798645,3.05953335762024,-1.80944883823395,K,5
OUTPUT,NaN,NaN,NaN,NaN,NaN,NaN

INPUT,0.38622185587883,0.0431317947804928,0.746573865413666,-2.70169949531555,3.0468864440918,-1.73395240306854,K,6
OUTPUT,NaN,NaN,NaN,NaN,NaN,NaN

INPUT,0.393342465162277,0.0441372618079185,0.758543312549591,-2.75666999816895,3.03739261627197,-1.67565202713013,K,7
OUTPUT,NaN,NaN,NaN,NaN,NaN,NaN

INPUT,0.398428618907928,0.0448554493486881,0.767092883586884,-2.79612350463867,3.03081369400024,-1.63416409492493,K,8
OUTPUT,NaN,NaN,NaN,NaN,NaN,NaN

INPUT,0.401480317115784,0.0452863648533821,0.772222638130188,-2.81985831260681,3.02695250511169,-1.60931980609894,K,9
OUTPUT,NaN,NaN,NaN,NaN,NaN,NaN

INPUT,0.371637046337128,0.0319801643490791,0.733299970626831,-2.70365452766418,3.09339809417725,-1.76702630519867,K,5
OUTPUT,NaN,NaN,NaN,NaN,NaN,NaN

INPUT,0.380015641450882,0.0315176472067833,0.749169290065765,-2.78203415870667,3.08627438545227,-1.67997598648071,K,6
OUTPUT,NaN,NaN,NaN,NaN,NaN,NaN

INPUT,0.386532306671143,0.0311579126864672,0.761512041091919,-2.84369564056396,3.0809919834137,-1.612948179245,K,7
OUTPUT,NaN,NaN,NaN,NaN,NaN,NaN

INPUT,0.391187071800232,0.0309009589254856,0.770328283309937,-2.88801074028015,3.07737112045288,-1.56533014774323,K,8
OUTPUT,NaN,NaN,NaN,NaN,NaN,NaN

INPUT,0.39397993683815,0.0307467859238386,0.775618076324463,-2.91468787193298,3.07526302337646,-1.53684222698212,K,9
OUTPUT,NaN,NaN,NaN,NaN,NaN,NaN

INPUT,0.357406198978424,0.0311510656028986,0.737483859062195,0.767641961574554,3.10961294174194,1.48711097240448,K,5
OUTPUT,NaN,NaN,NaN,NaN,NaN,NaN

INPUT,0.362504124641418,0.0306412149220705,0.751277089118958,0.704406201839447,3.10475158691406,1.53422784805298,K,6
OUTPUT,NaN,NaN,NaN,NaN,NaN,NaN

INPUT,0.366469144821167,0.0302446633577347,0.762005209922791,0.656779885292053,3.10106444358826,1.57200884819031,K,7
OUTPUT,NaN,NaN,NaN,NaN,NaN,NaN

INPUT,0.369301319122314,0.0299614127725363,0.769668102264404,0.623498797416687,3.09849262237549,1.59931898117065,K,8
OUTPUT,NaN,NaN,NaN,NaN,NaN,NaN

INPUT,0.371000617742538,0.0297914631664753,0.774265885353088,0.603812515735626,3.0969774723053,1.61577010154724,K,9
OUTPUT,NaN,NaN,NaN,NaN,NaN,NaN

INPUT,0.360975086688995,0.0421645119786263,0.722280442714691,-2.08306312561035,3.09200668334961,-1.82035791873932,K,11
OUTPUT,NaN,NaN,NaN,NaN,NaN,NaN

INPUT,0.365927159786224,0.0430624969303608,0.73358017206192,-2.09720516204834,3.08627462387085,-1.80349349975586,K,12
OUTPUT,NaN,NaN,NaN,NaN,NaN,NaN

INPUT,0.370879232883453,0.0439604856073856,0.744879901409149,-2.11159062385559,3.08056116104126,-1.78689825534821,K,13
OUTPUT,NaN,NaN,NaN,NaN,NaN,NaN

INPUT,0.37583127617836,0.0448584742844105,0.756179571151733,-2.12614607810974,3.07487106323242,-1.77051365375519,K,14
OUTPUT,NaN,NaN,NaN,NaN,NaN,NaN

INPUT,0.380783349275589,0.0457564629614353,0.767479300498962,-2.14081859588623,3.06920790672302,-1.75430154800415,K,15
OUTPUT,NaN,NaN,NaN,NaN,NaN,NaN

INPUT,0.385240197181702,0.0465646497905254,0.777649104595184,-2.15409135818481,3.06413769721985,-1.73983788490295,K,16
OUTPUT,NaN,NaN,NaN,NaN,NaN,NaN

INPUT,0.388706654310226,0.047193244099617,0.785558879375458,-2.16444396972656,3.06021332740784,-1.72866320610046,K,17
OUTPUT,NaN,NaN,NaN,NaN,NaN,NaN

INPUT,0.391182690858841,0.0476422347128391,0.791208744049072,-2.1718487739563,3.05742144584656,-1.72071897983551,K,18
OUTPUT,NaN,NaN,NaN,NaN,NaN,NaN

INPUT,0.392668306827545,0.0479116328060627,0.794598639011383,-2.17629456520081,3.05575084686279,-1.71596717834473,K,19
OUTPUT,NaN,NaN,NaN,NaN,NaN,NaN

INPUT,0.393163502216339,0.0480014309287071,0.795728623867035,-2.1777765750885,3.05519485473633,-1.71438550949097,K,20
OUTPUT,NaN,NaN,NaN,NaN,NaN,NaN

INPUT,0.35903725028038,0.0344534553587437,0.733030438423157,1.18803250789642,3.13517618179321,1.64376187324524,K,12
OUTPUT,NaN,NaN,NaN,NaN,NaN,NaN

INPUT,0.36326402425766,0.0344453454017639,0.744272232055664,1.15254819393158,3.13445711135864,1.65622794628143,K,13
OUTPUT,NaN,NaN,NaN,NaN,NaN,NaN

INPUT,0.367490768432617,0.0344372354447842,0.755514025688171,1.11916708946228,3.13374161720276,1.67079699039459,K,14
OUTPUT,NaN,NaN,NaN,NaN,NaN,NaN

INPUT,0.371717542409897,0.0344291217625141,0.766755819320679,1.08735370635986,3.13302969932556,1.68693423271179,K,15
OUTPUT,NaN,NaN,NaN,NaN,NaN,NaN

INPUT,0.375521630048752,0.0344218239188194,0.776873469352722,1.05975568294525,3.13239312171936,1.70249176025391,K,16
OUTPUT,NaN,NaN,NaN,NaN,NaN,NaN

INPUT,0.378480345010757,0.0344161465764046,0.784742712974548,1.03883588314056,3.13190054893494,1.71513760089874,K,17
OUTPUT,NaN,NaN,NaN,NaN,NaN,NaN

INPUT,0.380593717098236,0.0344120897352695,0.790363669395447,1.02414107322693,3.13155031204224,1.72441828250885,K,18
OUTPUT,NaN,NaN,NaN,NaN,NaN,NaN

INPUT,0.381861746311188,0.0344096571207047,0.793736159801483,1.01541292667389,3.13134074211121,1.73007524013519,K,19
OUTPUT,NaN,NaN,NaN,NaN,NaN,NaN

INPUT,0.382284432649612,0.0344088450074196,0.794860363006592,1.0125173330307,3.13127112388611,1.73197484016418,K,20
OUTPUT,NaN,NaN,NaN,NaN,NaN,NaN

INPUT,0.365702241659164,0.0392103157937527,0.721226036548615,-2.57050037384033,3.08289504051208,-1.90291523933411,K,11
OUTPUT,NaN,NaN,NaN,NaN,NaN,NaN

INPUT,0.371209710836411,0.0397608578205109,0.732402682304382,-2.60898470878601,3.07639813423157,-1.86283206939697,K,12
OUTPUT,NaN,NaN,NaN,NaN,NaN,NaN

INPUT,0.376717180013657,0.0403114035725594,0.743579268455505,-2.64762115478516,3.07000207901001,-1.82288455963135,K,13
OUTPUT,NaN,NaN,NaN,NaN,NaN,NaN

INPUT,0.38222461938858,0.0408619455993176,0.754755854606628,-2.68637299537659,3.06371641159058,-1.78303492069244,K,14
OUTPUT,NaN,NaN,NaN,NaN,NaN,NaN

INPUT,0.387732088565826,0.041412491351366,0.765932500362396,-2.72521591186523,3.05755066871643,-1.74325680732727,K,15
OUTPUT,NaN,NaN,NaN,NaN,NaN,NaN

INPUT,0.392688810825348,0.0419079773128033,0.775991439819336,-2.76023769378662,3.05211234092712,-1.70750260353088,K,16
OUTPUT,NaN,NaN,NaN,NaN,NaN,NaN

INPUT,0.39654403924942,0.0422933585941792,0.783815085887909,-2.78751182556152,3.04795956611633,-1.67971694469452,K,17
OUTPUT,NaN,NaN,NaN,NaN,NaN,NaN

INPUT,0.399297773838043,0.0425686314702034,0.78940337896347,-2.80700969696045,3.04503631591797,-1.65988028049469,K,18
OUTPUT,NaN,NaN,NaN,NaN,NaN,NaN

INPUT,0.400950014591217,0.0427337922155857,0.792756378650665,-2.81871485710144,3.04330039024353,-1.64798176288605,K,19
OUTPUT,NaN,NaN,NaN,NaN,NaN,NaN

INPUT,0.401500761508942,0.0427888482809067,0.793874025344849,-2.82261753082275,3.042724609375,-1.64401602745056,K,20
OUTPUT,NaN,NaN,NaN,NaN,NaN,NaN

INPUT,0.360810875892639,0.0390445254743099,0.733383893966675,-2.22208404541016,3.11538290977478,-1.68777978420258,K,12
OUTPUT,NaN,NaN,NaN,NaN,NaN,NaN

INPUT,0.365222305059433,0.039519090205431,0.744666397571564,-2.24745750427246,3.11278080940247,-1.65692329406738,K,13
OUTPUT,NaN,NaN,NaN,NaN,NaN,NaN

INPUT,0.369633734226227,0.039993654936552,0.755948960781097,-2.27328491210938,3.11020112037659,-1.62651836872101,K,14
OUTPUT,NaN,NaN,NaN,NaN,NaN,NaN

INPUT,0.374045163393021,0.0404682196676731,0.767231523990631,-2.29945945739746,3.10764622688293,-1.59645843505859,K,15
OUTPUT,NaN,NaN,NaN,NaN,NaN,NaN

INPUT,0.378015458583832,0.0408953279256821,0.777385830879211,-2.32325077056885,3.10536956787109,-1.56963658332825,K,16
OUTPUT,NaN,NaN,NaN,NaN,NaN,NaN

INPUT,0.381103456020355,0.0412275232374668,0.785283625125885,-2.34188079833984,3.10361480712891,-1.54889941215515,K,17
OUTPUT,NaN,NaN,NaN,NaN,NaN,NaN

INPUT,0.383309185504913,0.0414648056030273,0.790924906730652,-2.35524582862854,3.102370262146,-1.534144282341,K,18
OUTPUT,NaN,NaN,NaN,NaN,NaN,NaN

INPUT,0.384632617235184,0.0416071750223637,0.794309675693512,-2.363285779953,3.10162711143494,-1.52531182765961,K,19
OUTPUT,NaN,NaN,NaN,NaN,NaN,NaN

INPUT,0.385073751211166,0.0416546314954758,0.795437932014465,-2.36596894264221,3.10138010978699,-1.52237093448639,K,20
OUTPUT,NaN,NaN,NaN,NaN,NaN,NaN

INPUT,0.369738698005676,0.0427385419607162,0.73203432559967,-2.1092357635498,3.08173704147339,-1.79910755157471,K,5
OUTPUT,NaN,NaN,NaN,NaN,NaN,NaN

INPUT,0.377817243337631,0.0441228710114956,0.747791111469269,-2.13323187828064,3.07211685180664,-1.76784908771515,K,6
OUTPUT,NaN,NaN,NaN,NaN,NaN,NaN

INPUT,0.384100586175919,0.0451995693147182,0.760046422481537,-2.15250301361084,3.0646800994873,-1.74418723583221,K,7
OUTPUT,NaN,NaN,NaN,NaN,NaN,NaN

INPUT,0.388588666915894,0.0459686405956745,0.76880019903183,-2.16648936271667,3.05939865112305,-1.72755432128906,K,8
OUTPUT,NaN,NaN,NaN,NaN,NaN,NaN

INPUT,0.391281515359879,0.0464300848543644,0.774052441120148,-2.17494797706604,3.05624389648438,-1.71766698360443,K,9
OUTPUT,NaN,NaN,NaN,NaN,NaN,NaN

INPUT,0.375000834465027,0.0396684110164642,0.731049597263336,-2.6353874206543,3.07168221473694,-1.8451976776123,K,5
OUTPUT,NaN,NaN,NaN,NaN,NaN,NaN

INPUT,0.383865982294083,0.0405688993632793,0.746501564979553,-2.70218110084534,3.06089639663696,-1.77221739292145,K,6
OUTPUT,NaN,NaN,NaN,NaN,NaN,NaN

INPUT,0.390761077404022,0.0412692800164223,0.75851970911026,-2.75466346740723,3.05277633666992,-1.71594572067261,K,7
OUTPUT,NaN,NaN,NaN,NaN,NaN,NaN

INPUT,0.395686149597168,0.041769552975893,0.767104148864746,-2.7923595905304,3.04713535308838,-1.67593669891357,K,8
OUTPUT,NaN,NaN,NaN,NaN,NaN,NaN

INPUT,0.398641169071198,0.0420697182416916,0.772254824638367,-2.81504535675049,3.04381847381592,-1.65198981761932,K,9
OUTPUT,NaN,NaN,NaN,NaN,NaN,NaN

INPUT,0.359349250793457,0.0345844887197018,0.723976075649261,1.34904372692108,3.13584136962891,1.77717649936676,K,4
OUTPUT,NaN,NaN,NaN,NaN,NaN,NaN

INPUT,0.365449279546738,0.0345843434333801,0.737445712089539,1.23531138896942,3.13464307785034,1.74074804782867,K,5
OUTPUT,NaN,NaN,NaN,NaN,NaN,NaN

INPUT,0.371549308300018,0.0345841944217682,0.75091540813446,1.14379966259003,3.1334273815155,1.72654044628143,K,6
OUTPUT,NaN,NaN,NaN,NaN,NaN,NaN

INPUT,0.376293748617172,0.0345840789377689,0.761391818523407,1.08253705501556,3.13248062133789,1.72525596618652,K,7
OUTPUT,NaN,NaN,NaN,NaN,NaN,NaN

INPUT,0.379682660102844,0.0345839969813824,0.768874943256378,1.04261267185211,3.13180708885193,1.72802865505219,K,8
OUTPUT,NaN,NaN,NaN,NaN,NaN,NaN

INPUT,0.381716012954712,0.0345839448273182,0.773364841938019,1.01990270614624,3.13140487670898,1.73086071014404,K,9
OUTPUT,NaN,NaN,NaN,NaN,NaN,NaN

INPUT,0.361324101686478,0.0385047718882561,0.725264489650726,-2.22232389450073,3.11522316932678,-1.72150802612305,K,4
OUTPUT,NaN,NaN,NaN,NaN,NaN,NaN

INPUT,0.367458820343018,0.0391895398497581,0.738549947738647,-2.2579653263092,3.11145639419556,-1.66611230373383,K,5
OUTPUT,NaN,NaN,NaN,NaN,NaN,NaN

INPUT,0.373593538999557,0.0398743115365505,0.751835465431213,-2.29579043388367,3.10774993896484,-1.61289501190186,K,6
OUTPUT,NaN,NaN,NaN,NaN,NaN,NaN

INPUT,0.378364980220795,0.040406908839941,0.762168645858765,-2.32617378234863,3.10492372512817,-1.57270479202271,K,7
OUTPUT,NaN,NaN,NaN,NaN,NaN,NaN

INPUT,0.381773144006729,0.04078733548522,0.769549429416656,-2.34820914268494,3.10294151306152,-1.54456412792206,K,8
OUTPUT,NaN,NaN,NaN,NaN,NaN,NaN

INPUT,0.383818060159683,0.0410155914723873,0.773977935314178,-2.36152052879333,3.10176825523376,-1.52789318561554,K,9
OUTPUT,NaN,NaN,NaN,NaN,NaN,NaN

INPUT,0.375693142414093,0.0445828810334206,0.720621228218079,-2.35722422599792,3.04212188720703,-1.83580386638641,K,11
OUTPUT,NaN,NaN,NaN,NaN,NaN,NaN

INPUT,0.382375478744507,0.0457651875913143,0.731728136539459,-2.38730907440186,3.03083181381226,-1.80444967746735,K,12
OUTPUT,NaN,NaN,NaN,NaN,NaN,NaN

INPUT,0.389057785272598,0.0469474904239178,0.742834985256195,-2.41752982139587,3.01964616775513,-1.773193359375,K,13
OUTPUT,NaN,NaN,NaN,NaN,NaN,NaN

INPUT,0.39574009180069,0.0481297932565212,0.753941833972931,-2.44785833358765,3.00857543945313,-1.74200260639191,K,14
OUTPUT,NaN,NaN,NaN,NaN,NaN,NaN

INPUT,0.402422398328781,0.0493120960891247,0.765048742294312,-2.47827482223511,2.99763035774231,-1.71085512638092,K,15
OUTPUT,NaN,NaN,NaN,NaN,NaN,NaN

INPUT,0.408436477184296,0.0503761731088161,0.775044918060303,-2.50571465492249,2.98789572715759,-1.68284595012665,K,16
OUTPUT,NaN,NaN,NaN,NaN,NaN,NaN

INPUT,0.413114100694656,0.0512037836015224,0.782819747924805,-2.52709460258484,2.98040533065796,-1.66107046604156,K,17
OUTPUT,NaN,NaN,NaN,NaN,NaN,NaN

INPUT,0.416455268859863,0.0517949350178242,0.788373172283173,-2.54238486289978,2.97510051727295,-1.64551949501038,K,18
OUTPUT,NaN,NaN,NaN,NaN,NaN,NaN

INPUT,0.418459951877594,0.0521496273577213,0.791705250740051,-2.55156588554382,2.97193646430969,-1.63618957996368,K,19
OUTPUT,NaN,NaN,NaN,NaN,NaN,NaN

INPUT,0.419128179550171,0.0522678568959236,0.792815923690796,-2.55462741851807,2.97088503837585,-1.63307964801788,K,20
OUTPUT,NaN,NaN,NaN,NaN,NaN,NaN

INPUT,0.364897787570953,0.0402665510773659,0.722684979438782,-2.40526843070984,3.09702157974243,-1.88446033000946,K,11
OUTPUT,NaN,NaN,NaN,NaN,NaN,NaN

INPUT,0.370310813188553,0.0409412495791912,0.734033346176147,-2.43466567993164,3.09201645851135,-1.85258626937866,K,12
OUTPUT,NaN,NaN,NaN,NaN,NaN,NaN

INPUT,0.375723838806152,0.0416159480810165,0.745381653308868,-2.46429300308228,3.0870578289032,-1.82093465328217,K,13
OUTPUT,NaN,NaN,NaN,NaN,NaN,NaN

INPUT,0.381136864423752,0.0422906465828419,0.756729960441589,-2.49409246444702,3.08215045928955,-1.78944683074951,K,14
OUTPUT,NaN,NaN,NaN,NaN,NaN,NaN

INPUT,0.386549860239029,0.0429653413593769,0.76807826757431,-2.52402448654175,3.07729864120483,-1.75808274745941,K,15
OUTPUT,NaN,NaN,NaN,NaN,NaN,NaN

INPUT,0.391421586275101,0.0435725711286068,0.778291761875153,-2.55105328559875,3.07298350334167,-1.72993695735931,K,16
OUTPUT,NaN,NaN,NaN,NaN,NaN,NaN

INPUT,0.395210683345795,0.0440448597073555,0.786235570907593,-2.57212471961975,3.06966304779053,-1.70808923244476,K,17
OUTPUT,NaN,NaN,NaN,NaN,NaN,NaN

INPUT,0.397917211055756,0.044382207095623,0.791909754276276,-2.58719825744629,3.06731152534485,-1.69250309467316,K,18
OUTPUT,NaN,NaN,NaN,NaN,NaN,NaN

INPUT,0.399541109800339,0.0445846170186996,0.795314252376556,-2.5962507724762,3.06590890884399,-1.68315863609314,K,19
OUTPUT,NaN,NaN,NaN,NaN,NaN,NaN

INPUT,0.400082409381866,0.0446520857512951,0.796449065208435,-2.59926962852478,3.06544280052185,-1.68004477024078,K,20
OUTPUT,NaN,NaN,NaN,NaN,NaN,NaN

INPUT,0.362232387065887,0.038111224770546,0.733253061771393,-2.35044145584106,3.11865973472595,-1.70733273029327,K,12
OUTPUT,NaN,NaN,NaN,NaN,NaN,NaN

INPUT,0.366794466972351,0.0384878478944302,0.744520485401154,-2.38154268264771,3.11642622947693,-1.67075228691101,K,13
OUTPUT,NaN,NaN,NaN,NaN,NaN,NaN

INPUT,0.371356517076492,0.0388644672930241,0.75578784942627,-2.41308927536011,3.11422157287598,-1.6346150636673,K,14
OUTPUT,NaN,NaN,NaN,NaN,NaN,NaN

INPUT,0.375918567180634,0.0392410904169083,0.767055213451385,-2.44497680664063,3.11204791069031,-1.59881699085236,K,15
OUTPUT,NaN,NaN,NaN,NaN,NaN,NaN

INPUT,0.380024403333664,0.0395800471305847,0.777195870876312,-2.47390580177307,3.11012053489685,-1.56682705879211,K,16
OUTPUT,NaN,NaN,NaN,NaN,NaN,NaN

INPUT,0.383217871189117,0.0398436821997166,0.785082995891571,-2.49652981758118,3.10864162445068,-1.54206824302673,K,17
OUTPUT,NaN,NaN,NaN,NaN,NaN,NaN

INPUT,0.385498881340027,0.0400319956243038,0.790716707706451,-2.51274657249451,3.1075963973999,-1.52443969249725,K,18
OUTPUT,NaN,NaN,NaN,NaN,NaN,NaN

INPUT,0.386867493391037,0.0401449799537659,0.794096887111664,-2.5224974155426,3.10697388648987,-1.51388275623322,K,19
OUTPUT,NaN,NaN,NaN,NaN,NaN,NaN

INPUT,0.387323707342148,0.0401826426386833,0.795223653316498,-2.52575063705444,3.10676717758179,-1.51036703586578,K,20
OUTPUT,NaN,NaN,NaN,NaN,NaN,NaN

INPUT,0.362246066331863,0.0373032614588737,0.72313392162323,-2.30923676490784,3.1046895980835,-1.80898702144623,K,11
OUTPUT,NaN,NaN,NaN,NaN,NaN,NaN

INPUT,0.367346882820129,0.0376294031739235,0.734535098075867,-2.33696699142456,3.10054779052734,-1.77787268161774,K,12
OUTPUT,NaN,NaN,NaN,NaN,NaN,NaN

INPUT,0.372447699308395,0.0379555486142635,0.745936274528503,-2.36500883102417,3.0964412689209,-1.74706506729126,K,13
OUTPUT,NaN,NaN,NaN,NaN,NaN,NaN

INPUT,0.377548515796661,0.0382816940546036,0.75733745098114,-2.39328289031982,3.09237384796143,-1.71648418903351,K,14
OUTPUT,NaN,NaN,NaN,NaN,NaN,NaN

INPUT,0.382649332284927,0.0386078357696533,0.768738627433777,-2.42173528671265,3.08834910392761,-1.68607568740845,K,15
OUTPUT,NaN,NaN,NaN,NaN,NaN,NaN

INPUT,0.387240082025528,0.0389013662934303,0.778999745845795,-2.44746279716492,3.08476591110229,-1.65882313251495,K,16
OUTPUT,NaN,NaN,NaN,NaN,NaN,NaN

INPUT,0.390810638666153,0.0391296669840813,0.78698056936264,-2.46753811836243,3.08200669288635,-1.63768792152405,K,17
OUTPUT,NaN,NaN,NaN,NaN,NaN,NaN

INPUT,0.393361061811447,0.0392927415668964,0.792681157588959,-2.48190760612488,3.08005094528198,-1.62261939048767,K,18
OUTPUT,NaN,NaN,NaN,NaN,NaN,NaN

INPUT,0.394891321659088,0.0393905825912952,0.79610151052475,-2.49054002761841,3.07888388633728,-1.61358821392059,K,19
OUTPUT,NaN,NaN,NaN,NaN,NaN,NaN

INPUT,0.395401388406754,0.0394231975078583,0.797241628170013,-2.49341917037964,3.07849597930908,-1.61057937145233,K,20
OUTPUT,NaN,NaN,NaN,NaN,NaN,NaN

INPUT,0.361184477806091,0.0301940478384495,0.73379784822464,0.837274372577667,3.1236367225647,1.3858562707901,K,12
OUTPUT,NaN,NaN,NaN,NaN,NaN,NaN

INPUT,0.365636944770813,0.0297374371439219,0.745121538639069,0.805127203464508,3.12172079086304,1.41143715381622,K,13
OUTPUT,NaN,NaN,NaN,NaN,NaN,NaN

INPUT,0.370089411735535,0.0292808283120394,0.756445169448853,0.773555040359497,3.11982107162476,1.43759381771088,K,14
OUTPUT,NaN,NaN,NaN,NaN,NaN,NaN

INPUT,0.374541878700256,0.0288242157548666,0.767768859863281,0.742414951324463,3.11793971061707,1.46418404579163,K,15
OUTPUT,NaN,NaN,NaN,NaN,NaN,NaN

INPUT,0.378549098968506,0.0284132659435272,0.777960121631622,0.714676082134247,3.11626291275024,1.4884033203125,K,16
OUTPUT,NaN,NaN,NaN,NaN,NaN,NaN

INPUT,0.381665825843811,0.0280936397612095,0.785886704921722,0.693253517150879,3.11497044563293,1.50739359855652,K,17
OUTPUT,NaN,NaN,NaN,NaN,NaN,NaN

INPUT,0.383892059326172,0.0278653334826231,0.791548490524292,0.67802107334137,3.11405396461487,1.52102780342102,K,18
OUTPUT,NaN,NaN,NaN,NaN,NaN,NaN

INPUT,0.385227799415588,0.0277283508330584,0.794945597648621,0.668906509876251,3.11350679397583,1.52923345565796,K,19
OUTPUT,NaN,NaN,NaN,NaN,NaN,NaN

INPUT,0.385673046112061,0.0276826899498701,0.796077966690063,0.665872275829315,3.11332488059998,1.53197252750397,K,20
OUTPUT,NaN,NaN,NaN,NaN,NaN,NaN

INPUT,0.362396866083145,0.0433058962225914,0.721676170825958,-2.3113169670105,3.08085966110229,-1.70581316947937,K,11
OUTPUT,NaN,NaN,NaN,NaN,NaN,NaN

INPUT,0.36751514673233,0.0443378835916519,0.732906997203827,-2.34578633308411,3.07406520843506,-1.66901862621307,K,12
OUTPUT,NaN,NaN,NaN,NaN,NaN,NaN

INPUT,0.372633397579193,0.0453698709607124,0.74413788318634,-2.38047528266907,3.0673565864563,-1.63242745399475,K,13
OUTPUT,NaN,NaN,NaN,NaN,NaN,NaN

INPUT,0.377751678228378,0.0464018546044827,0.755368709564209,-2.41532969474792,3.06074190139771,-1.59598422050476,K,14
OUTPUT,NaN,NaN,NaN,NaN,NaN,NaN

INPUT,0.382869929075241,0.0474338419735432,0.766599535942078,-2.4503128528595,3.05422973632813,-1.55965065956116,K,15
OUTPUT,NaN,NaN,NaN,NaN,NaN,NaN

INPUT,0.387476354837418,0.0483626313507557,0.776707291603088,-2.48188638687134,3.04846358299255,-1.5270220041275,K,16
OUTPUT,NaN,NaN,NaN,NaN,NaN,NaN

INPUT,0.391059160232544,0.0490850210189819,0.784568905830383,-2.50649213790894,3.04404473304749,-1.50168108940125,K,17
OUTPUT,NaN,NaN,NaN,NaN,NaN,NaN

INPUT,0.393618285655975,0.0496010147035122,0.790184319019318,-2.52409052848816,3.0409255027771,-1.48359680175781,K,18
OUTPUT,NaN,NaN,NaN,NaN,NaN,NaN

INPUT,0.395153760910034,0.0499106124043465,0.793553590774536,-2.53465819358826,3.03906917572021,-1.47275185585022,K,19
OUTPUT,NaN,NaN,NaN,NaN,NaN,NaN

INPUT,0.39566558599472,0.0500138103961945,0.794676661491394,-2.53818202018738,3.03845286369324,-1.46913778781891,K,20
OUTPUT,NaN,NaN,NaN,NaN,NaN,NaN

INPUT,0.376203835010529,0.0433056317269802,0.716258645057678,-2.34641766548157,3.04144167900085,-1.84083092212677,K,4
OUTPUT,NaN,NaN,NaN,NaN,NaN,NaN

INPUT,0.386817336082458,0.0451798848807812,0.731306672096252,-2.40174674987793,3.02212023735046,-1.78567707538605,K,5
OUTPUT,NaN,NaN,NaN,NaN,NaN,NaN

INPUT,0.397430807352066,0.0470541380345821,0.746354639530182,-2.45711517333984,3.00316262245178,-1.73043584823608,K,6
OUTPUT,NaN,NaN,NaN,NaN,NaN,NaN

INPUT,0.405685752630234,0.0485118925571442,0.758058607578278,-2.49999618530273,2.98878049850464,-1.68763160705566,K,7
OUTPUT,NaN,NaN,NaN,NaN,NaN,NaN

INPUT,0.411582142114639,0.049553144723177,0.766418635845184,-2.53043389320374,2.97874784469604,-1.6572402715683,K,8
OUTPUT,NaN,NaN,NaN,NaN,NaN,NaN

INPUT,0.415119975805283,0.0501778945326805,0.771434664726257,-2.54859399795532,2.9728364944458,-1.63910531997681,K,9
OUTPUT,NaN,NaN,NaN,NaN,NaN,NaN

INPUT,0.365561038255692,0.0397563353180885,0.717014312744141,-2.40604948997498,3.096604347229,-1.89943695068359,K,4
OUTPUT,NaN,NaN,NaN,NaN,NaN,NaN

INPUT,0.374354064464569,0.0408443957567215,0.732762336730957,-2.45592617988586,3.08807349205017,-1.83958971500397,K,5
OUTPUT,NaN,NaN,NaN,NaN,NaN,NaN

INPUT,0.383147120475769,0.0419324561953545,0.748510420322418,-2.50717639923096,3.07970285415649,-1.78109121322632,K,6
OUTPUT,NaN,NaN,NaN,NaN,NaN,NaN

INPUT,0.389986157417297,0.0427787266671658,0.760758936405182,-2.54745411872864,3.07335066795349,-1.73641300201416,K,7
OUTPUT,NaN,NaN,NaN,NaN,NaN,NaN

INPUT,0.394871205091476,0.0433832034468651,0.769507884979248,-2.57626509666443,3.06891798973083,-1.70494282245636,K,8
OUTPUT,NaN,NaN,NaN,NaN,NaN,NaN

INPUT,0.397802203893661,0.0437458902597427,0.774757206439972,-2.59352469444275,3.06630539894104,-1.68624532222748,K,9
OUTPUT,NaN,NaN,NaN,NaN,NaN,NaN

INPUT,0.371286392211914,0.0373676232993603,0.73312771320343,-2.36003565788269,3.09714818000793,-1.76799488067627,K,5
OUTPUT,NaN,NaN,NaN,NaN,NaN,NaN

INPUT,0.379605889320374,0.0378335379064083,0.749023020267487,-2.40732908248901,3.09026336669922,-1.70996856689453,K,6
OUTPUT,NaN,NaN,NaN,NaN,NaN,NaN

INPUT,0.38607656955719,0.0381959192454815,0.761386036872864,-2.44484066963196,3.08502864837646,-1.66592609882355,K,7
OUTPUT,NaN,NaN,NaN,NaN,NaN,NaN

INPUT,0.39069852232933,0.0384547598659992,0.770216822624207,-2.47181272506714,3.08136940002441,-1.63500249385834,K,8
OUTPUT,NaN,NaN,NaN,NaN,NaN,NaN

INPUT,0.39347168803215,0.0386100672185421,0.775515258312225,-2.48801803588867,3.07920956611633,-1.61665880680084,K,9
OUTPUT,NaN,NaN,NaN,NaN,NaN,NaN

INPUT,0.371112108230591,0.0441978462040424,0.731445670127869,-2.37100172042847,3.06886911392212,-1.65458178520203,K,5
OUTPUT,NaN,NaN,NaN,NaN,NaN,NaN

INPUT,0.379340976476669,0.0458709448575974,0.747047126293182,-2.43039226531982,3.05760979652405,-1.58708131313324,K,6
OUTPUT,NaN,NaN,NaN,NaN,NaN,NaN

INPUT,0.385741204023361,0.0471722446382046,0.759181559085846,-2.47727847099304,3.04908299446106,-1.53523421287537,K,7
OUTPUT,NaN,NaN,NaN,NaN,NaN,NaN

INPUT,0.390312790870667,0.0481017455458641,0.767848968505859,-2.51104068756104,3.04312872886658,-1.49844884872437,K,8
OUTPUT,NaN,NaN,NaN,NaN,NaN,NaN

INPUT,0.393055766820908,0.0486594438552856,0.773049473762512,-2.53138661384583,3.03961443901062,-1.47645688056946,K,9
OUTPUT,NaN,NaN,NaN,NaN,NaN,NaN

INPUT,0.362866550683975,0.0377050116658211,0.725493609905243,-2.34830594062805,3.11841940879822,-1.74546766281128,K,4
OUTPUT,NaN,NaN,NaN,NaN,NaN,NaN

INPUT,0.369190037250519,0.038254376500845,0.738660633563995,-2.39298677444458,3.11520504951477,-1.68041443824768,K,5
OUTPUT,NaN,NaN,NaN,NaN,NaN,NaN

INPUT,0.375513523817062,0.0388037413358688,0.751827716827393,-2.43986082077026,3.11206817626953,-1.61755013465881,K,6
OUTPUT,NaN,NaN,NaN,NaN,NaN,NaN

INPUT,0.380431771278381,0.0392310284078121,0.762068748474121,-2.47720742225647,3.10969972610474,-1.56996238231659,K,7
OUTPUT,NaN,NaN,NaN,NaN,NaN,NaN

INPUT,0.383944809436798,0.0395362302660942,0.769383728504181,-2.50413823127747,3.10805368423462,-1.53663468360901,K,8
OUTPUT,NaN,NaN,NaN,NaN,NaN,NaN

INPUT,0.386052638292313,0.0397193543612957,0.773772776126862,-2.52034521102905,3.10708618164063,-1.51690089702606,K,9
OUTPUT,NaN,NaN,NaN,NaN,NaN,NaN

INPUT,0.361640781164169,0.030684057623148,0.724970459938049,0.900313198566437,3.12507343292236,1.41570830345154,K,4
OUTPUT,NaN,NaN,NaN,NaN,NaN,NaN

INPUT,0.368119955062866,0.0299820117652416,0.738501071929932,0.831110179424286,3.12189602851868,1.43966472148895,K,5
OUTPUT,NaN,NaN,NaN,NaN,NaN,NaN

INPUT,0.374599099159241,0.0292799677699804,0.752031624317169,0.768166065216064,3.1187539100647,1.46988296508789,K,6
OUTPUT,NaN,NaN,NaN,NaN,NaN,NaN

INPUT,0.379638433456421,0.0287339333444834,0.762555420398712,0.72216808795929,3.11634945869446,1.49608862400055,K,7
OUTPUT,NaN,NaN,NaN,NaN,NaN,NaN

INPUT,0.383237957954407,0.0283439066261053,0.770072400569916,0.690541505813599,3.11465883255005,1.51578485965729,K,8
OUTPUT,NaN,NaN,NaN,NaN,NaN,NaN

INPUT,0.385397672653198,0.0281098932027817,0.77458256483078,0.67199033498764,3.11365675926208,1.52789521217346,K,9
OUTPUT,NaN,NaN,NaN,NaN,NaN,NaN

INPUT,0.373973906040192,0.044551208615303,0.707982659339905,-2.40839195251465,3.00581622123718,-1.90714550018311,K,10
OUTPUT,NaN,NaN,NaN,NaN,NaN,NaN

INPUT,0.381342470645905,0.0458836294710636,0.718868970870972,-2.44166994094849,2.98826026916504,-1.8733583688736,K,11
OUTPUT,NaN,NaN,NaN,NaN,NaN,NaN

INPUT,0.388711035251617,0.0472160503268242,0.729755222797394,-2.47504496574402,2.97087645530701,-1.83957815170288,K,12
OUTPUT,NaN,NaN,NaN,NaN,NaN,NaN

INPUT,0.39607959985733,0.0485484711825848,0.740641474723816,-2.50850677490234,2.95368432998657,-1.80578529834747,K,13
OUTPUT,NaN,NaN,NaN,NaN,NaN,NaN

INPUT,0.403448164463043,0.049880888313055,0.751527786254883,-2.5420503616333,2.93670392036438,-1.77196598052979,K,14
OUTPUT,NaN,NaN,NaN,NaN,NaN,NaN

INPUT,0.410816729068756,0.0512133091688156,0.762414038181305,-2.57567358016968,2.91995453834534,-1.73810911178589,K,15
OUTPUT,NaN,NaN,NaN,NaN,NaN,NaN

INPUT,0.417448431253433,0.0524124875664711,0.772211670875549,-2.60600137710571,2.90509390830994,-1.70759868621826,K,16
OUTPUT,NaN,NaN,NaN,NaN,NaN,NaN

INPUT,0.422606438398361,0.0533451810479164,0.779832065105438,-2.62963390350342,2.89368510246277,-1.68383884429932,K,17
OUTPUT,NaN,NaN,NaN,NaN,NaN,NaN

INPUT,0.426290720701218,0.0540113933384418,0.785275220870972,-2.64653849601746,2.8856201171875,-1.6668506860733,K,18
OUTPUT,NaN,NaN,NaN,NaN,NaN,NaN

INPUT,0.428501278162003,0.0544111169874668,0.788541078567505,-2.65669059753418,2.88081574440002,-1.65665066242218,K,19
OUTPUT,NaN,NaN,NaN,NaN,NaN,NaN

INPUT,0.429238140583038,0.0545443594455719,0.789629697799683,-2.660076379776,2.87922024726868,-1.65324950218201,K,20
OUTPUT,NaN,NaN,NaN,NaN,NaN,NaN

INPUT,0.358210176229477,0.03447575122118,0.73434853553772,-2.16483187675476,3.13369965553284,-1.67587316036224,K,12
OUTPUT,NaN,NaN,NaN,NaN,NaN,NaN

INPUT,0.362349480390549,0.0344699211418629,0.745729982852936,-2.18213081359863,3.13296055793762,-1.6417236328125,K,13
OUTPUT,NaN,NaN,NaN,NaN,NaN,NaN

INPUT,0.366488754749298,0.0344640873372555,0.757111430168152,-2.20075464248657,3.13222694396973,-1.60889887809753,K,14
OUTPUT,NaN,NaN,NaN,NaN,NaN,NaN

INPUT,0.37062805891037,0.0344582572579384,0.768492817878723,-2.22040677070618,3.13149905204773,-1.57710206508636,K,15
OUTPUT,NaN,NaN,NaN,NaN,NaN,NaN

INPUT,0.374353408813477,0.0344530083239079,0.778736114501953,-2.23879432678223,3.13084936141968,-1.54918551445007,K,16
OUTPUT,NaN,NaN,NaN,NaN,NaN,NaN

INPUT,0.377250909805298,0.034448929131031,0.786703109741211,-2.25347518920898,3.13034796714783,-1.52785205841064,K,17
OUTPUT,NaN,NaN,NaN,NaN,NaN,NaN

INPUT,0.379320561885834,0.0344460122287273,0.792393863201141,-2.26413702964783,3.12999176979065,-1.51278913021088,K,18
OUTPUT,NaN,NaN,NaN,NaN,NaN,NaN

INPUT,0.380562365055084,0.0344442650675774,0.795808255672455,-2.27059769630432,3.12977910041809,-1.50381505489349,K,19
OUTPUT,NaN,NaN,NaN,NaN,NaN,NaN

INPUT,0.380976289510727,0.0344436801970005,0.796946406364441,-2.27276134490967,3.1297082901001,-1.50083374977112,K,20
OUTPUT,NaN,NaN,NaN,NaN,NaN,NaN

INPUT,0.361578404903412,0.0363865196704865,0.722491383552551,-2.50054502487183,3.12167191505432,-1.8413770198822,K,11
OUTPUT,NaN,NaN,NaN,NaN,NaN,NaN

INPUT,0.366600900888443,0.0366047658026218,0.733817040920258,-2.53661680221558,3.11952948570251,-1.79991745948792,K,12
OUTPUT,NaN,NaN,NaN,NaN,NaN,NaN

INPUT,0.371623367071152,0.0368230082094669,0.745142638683319,-2.57316303253174,3.11741995811462,-1.75893092155457,K,13
OUTPUT,NaN,NaN,NaN,NaN,NaN,NaN

INPUT,0.376645863056183,0.037041250616312,0.756468236446381,-2.61006426811218,3.11534690856934,-1.71829700469971,K,14
OUTPUT,NaN,NaN,NaN,NaN,NaN,NaN

INPUT,0.381668359041214,0.0372594930231571,0.767793834209442,-2.64723753929138,3.1133131980896,-1.67793297767639,K,15
OUTPUT,NaN,NaN,NaN,NaN,NaN,NaN

INPUT,0.386188596487045,0.0374559126794338,0.777986884117126,-2.68087720870972,3.11151885986328,-1.64178740978241,K,16
OUTPUT,NaN,NaN,NaN,NaN,NaN,NaN

INPUT,0.389704316854477,0.0376086831092834,0.785914838314056,-2.70713973045349,3.11014866828918,-1.61377131938934,K,17
OUTPUT,NaN,NaN,NaN,NaN,NaN,NaN

INPUT,0.392215549945831,0.037717804312706,0.791577637195587,-2.72594428062439,3.10918402671814,-1.59380459785461,K,18
OUTPUT,NaN,NaN,NaN,NaN,NaN,NaN

INPUT,0.393722295761108,0.0377832800149918,0.794975340366364,-2.73724341392517,3.10861086845398,-1.5818407535553,K,19
OUTPUT,NaN,NaN,NaN,NaN,NaN,NaN

INPUT,0.394224554300308,0.0378051027655602,0.796107888221741,-2.74101233482361,3.10842084884644,-1.57785534858704,K,20
OUTPUT,NaN,NaN,NaN,NaN,NaN,NaN

INPUT,0.374778628349304,0.0518721342086792,0.720121920108795,-2.18977165222168,3.01122736930847,-1.63677966594696,K,11
OUTPUT,NaN,NaN,NaN,NaN,NaN,NaN

INPUT,0.381354331970215,0.0539124049246311,0.731167733669281,-2.22185277938843,2.99643492698669,-1.60361135005951,K,12
OUTPUT,NaN,NaN,NaN,NaN,NaN,NaN

INPUT,0.387930035591125,0.0559526719152927,0.742213606834412,-2.25406861305237,2.98179650306702,-1.57050800323486,K,13
OUTPUT,NaN,NaN,NaN,NaN,NaN,NaN

INPUT,0.394505739212036,0.0579929389059544,0.753259420394897,-2.28639650344849,2.96732783317566,-1.53744065761566,K,14
OUTPUT,NaN,NaN,NaN,NaN,NaN,NaN

INPUT,0.401081413030624,0.060033205896616,0.764305233955383,-2.31882190704346,2.95304489135742,-1.50438845157623,K,15
OUTPUT,NaN,NaN,NaN,NaN,NaN,NaN

INPUT,0.406999558210373,0.0618694499135017,0.774246513843536,-2.34807968139648,2.94036149978638,-1.47464168071747,K,16
OUTPUT,NaN,NaN,NaN,NaN,NaN,NaN

INPUT,0.411602556705475,0.0632976368069649,0.78197854757309,-2.37088179588318,2.93061661720276,-1.45149970054626,K,17
OUTPUT,NaN,NaN,NaN,NaN,NaN,NaN

INPUT,0.41489040851593,0.0643177703022957,0.787501513957977,-2.38719272613525,2.92372345924377,-1.43496441841125,K,18
OUTPUT,NaN,NaN,NaN,NaN,NaN,NaN

INPUT,0.416863113641739,0.0649298503994942,0.790815234184265,-2.3969886302948,2.91961550712585,-1.42504060268402,K,19
OUTPUT,NaN,NaN,NaN,NaN,NaN,NaN

INPUT,0.417520672082901,0.0651338770985603,0.791919827461243,-2.40025520324707,2.91825079917908,-1.42173230648041,K,20
OUTPUT,NaN,NaN,NaN,NaN,NaN,NaN

INPUT,0.369401454925537,0.0413206405937672,0.720842003822327,-2.37973785400391,3.0549111366272,-1.76549220085144,K,11
OUTPUT,NaN,NaN,NaN,NaN,NaN,NaN

INPUT,0.375343412160873,0.0421192310750484,0.731974899768829,-2.41515564918518,3.04519104957581,-1.72856378555298,K,12
OUTPUT,NaN,NaN,NaN,NaN,NaN,NaN

INPUT,0.381285399198532,0.0429178178310394,0.743107795715332,-2.45072793960571,3.0355966091156,-1.69175589084625,K,13
OUTPUT,NaN,NaN,NaN,NaN,NaN,NaN

INPUT,0.387227356433868,0.0437164045870304,0.75424063205719,-2.48642015457153,3.02614116668701,-1.65503168106079,K,14
OUTPUT,NaN,NaN,NaN,NaN,NaN,NaN

INPUT,0.393169343471527,0.0445149950683117,0.765373528003693,-2.52220964431763,3.01683640480042,-1.61836528778076,K,15
OUTPUT,NaN,NaN,NaN,NaN,NaN,NaN

INPUT,0.39851713180542,0.0452337227761745,0.775393128395081,-2.55448985099792,3.00860166549683,-1.58539962768555,K,16
OUTPUT,NaN,NaN,NaN,NaN,NaN,NaN

INPUT,0.402676492929459,0.0457927361130714,0.783186137676239,-2.57963681221008,3.00229406356812,-1.55977535247803,K,17
OUTPUT,NaN,NaN,NaN,NaN,NaN,NaN

INPUT,0.405647486448288,0.0461920276284218,0.788752555847168,-2.59761834144592,2.99784302711487,-1.54147827625275,K,18
OUTPUT,NaN,NaN,NaN,NaN,NaN,NaN

INPUT,0.407430082559586,0.0464316047728062,0.792092442512512,-2.60841464996338,2.99519491195679,-1.53050172328949,K,19
OUTPUT,NaN,NaN,NaN,NaN,NaN,NaN

INPUT,0.408024281263351,0.0465114638209343,0.793205738067627,-2.61201453208923,2.99431610107422,-1.52684319019318,K,20
OUTPUT,NaN,NaN,NaN,NaN,NaN,NaN

INPUT,0.367856681346893,0.0401035659015179,0.721663296222687,-2.5114164352417,3.09075307846069,-1.88747906684875,K,11
OUTPUT,NaN,NaN,NaN,NaN,NaN,NaN

INPUT,0.373617798089981,0.0407589301466942,0.73289155960083,-2.54712104797363,3.08510446548462,-1.84976589679718,K,12
OUTPUT,NaN,NaN,NaN,NaN,NaN,NaN

INPUT,0.379378914833069,0.0414142906665802,0.744119822978973,-2.58301329612732,3.07953190803528,-1.81222832202911,K,13
OUTPUT,NaN,NaN,NaN,NaN,NaN,NaN

INPUT,0.385140031576157,0.0420696549117565,0.755348086357117,-2.61904621124268,3.0740430355072,-1.77481937408447,K,14
OUTPUT,NaN,NaN,NaN,NaN,NaN,NaN

INPUT,0.390901148319244,0.0427250154316425,0.76657634973526,-2.65518879890442,3.06864500045776,-1.73750603199005,K,15
OUTPUT,NaN,NaN,NaN,NaN,NaN,NaN

INPUT,0.396086156368256,0.0433148443698883,0.776681780815125,-2.6877920627594,3.06387066841125,-1.70398700237274,K,16
OUTPUT,NaN,NaN,NaN,NaN,NaN,NaN

INPUT,0.400118917226791,0.0437735989689827,0.784541547298431,-2.71319127082825,3.06021571159363,-1.67794919013977,K,17
OUTPUT,NaN,NaN,NaN,NaN,NaN,NaN

INPUT,0.402999490499496,0.0441012792289257,0.790155649185181,-2.73135256767273,3.05763792991638,-1.65936553478241,K,18
OUTPUT,NaN,NaN,NaN,NaN,NaN,NaN

INPUT,0.404727816581726,0.0442978888750076,0.793524146080017,-2.74225664138794,3.05610466003418,-1.64822041988373,K,19
OUTPUT,NaN,NaN,NaN,NaN,NaN,NaN

INPUT,0.405303925275803,0.0443634241819382,0.794646978378296,-2.74589228630066,3.05559587478638,-1.6445060968399,K,20
OUTPUT,NaN,NaN,NaN,NaN,NaN,NaN

INPUT,0.388573944568634,0.0458323508501053,0.723291158676147,-2.47966742515564,2.96686148643494,-1.83804678916931,K,5
OUTPUT,NaN,NaN,NaN,NaN,NaN,NaN

INPUT,0.401557922363281,0.0481037981808186,0.740219414234161,-2.54420018196106,2.93449115753174,-1.77150464057922,K,6
OUTPUT,NaN,NaN,NaN,NaN,NaN,NaN

INPUT,0.411656558513641,0.0498704798519611,0.753385841846466,-2.59473252296448,2.90991950035095,-1.71979188919067,K,7
OUTPUT,NaN,NaN,NaN,NaN,NaN,NaN

INPUT,0.418869882822037,0.051132395863533,0.762790501117706,-2.63098549842834,2.89273285865784,-1.68283677101135,K,8
OUTPUT,NaN,NaN,NaN,NaN,NaN,NaN

INPUT,0.423197865486145,0.0518895424902439,0.768433213233948,-2.65279650688171,2.88257789611816,-1.66064870357513,K,9
OUTPUT,NaN,NaN,NaN,NaN,NaN,NaN

INPUT,0.370620310306549,0.0365871787071228,0.732211649417877,-2.57163691520691,3.11755156517029,-1.79105293750763,K,5
OUTPUT,NaN,NaN,NaN,NaN,NaN,NaN

INPUT,0.378897935152054,0.0369325131177902,0.748018264770508,-2.63091349601746,3.11414694786072,-1.7126088142395,K,6
OUTPUT,NaN,NaN,NaN,NaN,NaN,NaN

INPUT,0.385336101055145,0.0372011065483093,0.760312259197235,-2.67849946022034,3.11158657073975,-1.65307450294495,K,7
OUTPUT,NaN,NaN,NaN,NaN,NaN,NaN

INPUT,0.389934808015823,0.0373929589986801,0.769093692302704,-2.71307229995728,3.10980939865112,-1.61113035678864,K,8
OUTPUT,NaN,NaN,NaN,NaN,NaN,NaN

INPUT,0.392694026231766,0.0375080704689026,0.774362564086914,-2.73400616645813,3.10876512527466,-1.58615303039551,K,9
OUTPUT,NaN,NaN,NaN,NaN,NaN,NaN

INPUT,0.375179260969162,0.049810104072094,0.715820491313934,-2.18113303184509,3.00957489013672,-1.64519155025482,K,4
OUTPUT,NaN,NaN,NaN,NaN,NaN,NaN

INPUT,0.385522425174713,0.0530745759606361,0.730801820755005,-2.23871803283691,2.98458933830261,-1.58596229553223,K,5
OUTPUT,NaN,NaN,NaN,NaN,NaN,NaN

INPUT,0.395865589380264,0.0563390478491783,0.745783150196075,-2.29664015769958,2.96013784408569,-1.52684307098389,K,6
OUTPUT,NaN,NaN,NaN,NaN,NaN,NaN

INPUT,0.403910249471664,0.0588780790567398,0.757435262203217,-2.34187889099121,2.94154381752014,-1.48087310791016,K,7
OUTPUT,NaN,NaN,NaN,NaN,NaN,NaN

INPUT,0.409656465053558,0.0606916770339012,0.765758216381073,-2.37428188323975,2.9285135269165,-1.44802474975586,K,8
OUTPUT,NaN,NaN,NaN,NaN,NaN,NaN

INPUT,0.413104176521301,0.0617798306047916,0.770752012729645,-2.39375782012939,2.9208025932312,-1.42830681800842,K,9
OUTPUT,NaN,NaN,NaN,NaN,NaN,NaN

INPUT,0.369727075099945,0.0403754562139511,0.715653419494629,-2.37470269203186,3.05450177192688,-1.77722072601318,K,4
OUTPUT,NaN,NaN,NaN,NaN,NaN,NaN

INPUT,0.37919408082962,0.0416072346270084,0.73094516992569,-2.43669009208679,3.03791785240173,-1.71027660369873,K,5
OUTPUT,NaN,NaN,NaN,NaN,NaN,NaN

INPUT,0.38866114616394,0.0428390167653561,0.74623692035675,-2.49940848350525,3.02176356315613,-1.64395427703857,K,6
OUTPUT,NaN,NaN,NaN,NaN,NaN,NaN

INPUT,0.396024376153946,0.0437970645725727,0.758130490779877,-2.54853248596191,3.00953984260559,-1.59262871742249,K,7
OUTPUT,NaN,NaN,NaN,NaN,NaN,NaN

INPUT,0.401283830404282,0.0444813892245293,0.766625940799713,-2.58376097679138,3.00101041793823,-1.55605900287628,K,8
OUTPUT,NaN,NaN,NaN,NaN,NaN,NaN

INPUT,0.404439508914948,0.0448919832706451,0.77172315120697,-2.60494589805603,2.99597859382629,-1.534144282341,K,9
OUTPUT,NaN,NaN,NaN,NaN,NaN,NaN

INPUT,0.368418663740158,0.0396303683519363,0.716175496578217,-2.51119875907898,3.09045791625977,-1.90326797962189,K,4
OUTPUT,NaN,NaN,NaN,NaN,NaN,NaN

INPUT,0.377762854099274,0.0407079607248306,0.731672763824463,-2.57192993164063,3.08083868026733,-1.83343434333801,K,5
OUTPUT,NaN,NaN,NaN,NaN,NaN,NaN

INPUT,0.387107014656067,0.0417855568230152,0.747170090675354,-2.63391160964966,3.07147741317749,-1.76481354236603,K,6
OUTPUT,NaN,NaN,NaN,NaN,NaN,NaN

INPUT,0.394374698400497,0.0426236875355244,0.759223580360413,-2.68268299102783,3.06440043449402,-1.7119767665863,K,7
OUTPUT,NaN,NaN,NaN,NaN,NaN,NaN

INPUT,0.399565905332565,0.0432223528623581,0.767833232879639,-2.71773982048035,3.05946588516235,-1.6744396686554,K,8
OUTPUT,NaN,NaN,NaN,NaN,NaN,NaN

INPUT,0.402680605649948,0.0435815490782261,0.772998988628387,-2.73884606361389,3.05655670166016,-1.65198230743408,K,9
OUTPUT,NaN,NaN,NaN,NaN,NaN,NaN

INPUT,0.358708739280701,0.0344265885651112,0.725600063800812,-2.22846341133118,3.1331307888031,-1.76959609985352,K,4
OUTPUT,NaN,NaN,NaN,NaN,NaN,NaN

INPUT,0.364562451839447,0.0343830734491348,0.739192128181458,-2.2321982383728,3.13221192359924,-1.69022798538208,K,5
OUTPUT,NaN,NaN,NaN,NaN,NaN,NaN

INPUT,0.370416194200516,0.0343395583331585,0.752784192562103,-2.24266839027405,3.13129806518555,-1.61759507656097,K,6
OUTPUT,NaN,NaN,NaN,NaN,NaN,NaN

INPUT,0.374969094991684,0.0343057103455067,0.763355731964111,-2.25433158874512,3.13059544563293,-1.56480526924133,K,7
OUTPUT,NaN,NaN,NaN,NaN,NaN,NaN

INPUT,0.378221154212952,0.0342815369367599,0.770906865596771,-2.26415419578552,3.13010001182556,-1.52876961231232,K,8
OUTPUT,NaN,NaN,NaN,NaN,NaN,NaN

INPUT,0.380172401666641,0.0342670306563377,0.775437593460083,-2.27055263519287,3.12980580329895,-1.50774729251862,K,9
OUTPUT,NaN,NaN,NaN,NaN,NaN,NaN

INPUT,0.376901507377625,0.0472304485738277,0.706688702106476,-2.33535361289978,2.98841786384583,-1.72623550891876,K,10
OUTPUT,NaN,NaN,NaN,NaN,NaN,NaN

INPUT,0.384636700153351,0.0489237569272518,0.717417299747467,-2.37566137313843,2.96886491775513,-1.68497550487518,K,11
OUTPUT,NaN,NaN,NaN,NaN,NaN,NaN

INPUT,0.3923719227314,0.0506170652806759,0.728145897388458,-2.41613388061523,2.94959831237793,-1.64374315738678,K,12
OUTPUT,NaN,NaN,NaN,NaN,NaN,NaN

INPUT,0.400107115507126,0.0523103736341,0.738874495029449,-2.45675039291382,2.93065071105957,-1.60250413417816,K,13
OUTPUT,NaN,NaN,NaN,NaN,NaN,NaN

INPUT,0.407842308282852,0.054003681987524,0.749603033065796,-2.49749875068665,2.91205430030823,-1.56123459339142,K,14
OUTPUT,NaN,NaN,NaN,NaN,NaN,NaN

INPUT,0.415577530860901,0.0556969903409481,0.760331630706787,-2.53837275505066,2.89384150505066,-1.51991641521454,K,15
OUTPUT,NaN,NaN,NaN,NaN,NaN,NaN

INPUT,0.422539204359055,0.0572209693491459,0.769987404346466,-2.57526421546936,2.87780380249023,-1.48267722129822,K,16
OUTPUT,NaN,NaN,NaN,NaN,NaN,NaN

INPUT,0.427953869104385,0.0584062822163105,0.777497410774231,-2.60402488708496,2.86557722091675,-1.45367336273193,K,17
OUTPUT,NaN,NaN,NaN,NaN,NaN,NaN

INPUT,0.431821465492249,0.0592529401183128,0.782861709594727,-2.62460422515869,2.85698246955872,-1.43293297290802,K,18
OUTPUT,NaN,NaN,NaN,NaN,NaN,NaN

INPUT,0.434142023324966,0.059760931879282,0.786080241203308,-2.63696622848511,2.85188317298889,-1.42047882080078,K,19
OUTPUT,NaN,NaN,NaN,NaN,NaN,NaN

INPUT,0.434915542602539,0.0599302612245083,0.787153124809265,-2.64108920097351,2.85019302368164,-1.41632580757141,K,20
OUTPUT,NaN,NaN,NaN,NaN,NaN,NaN

INPUT,0.362369894981384,0.0358811765909195,0.722993552684784,-2.41430306434631,3.11611104011536,-1.7970769405365,K,11
OUTPUT,NaN,NaN,NaN,NaN,NaN,NaN

INPUT,0.36748531460762,0.0360400937497616,0.734378099441528,-2.44830846786499,3.11332201957703,-1.75848269462585,K,12
OUTPUT,NaN,NaN,NaN,NaN,NaN,NaN

INPUT,0.372600704431534,0.036199014633894,0.745762586593628,-2.48272490501404,3.11056995391846,-1.72029685974121,K,13
OUTPUT,NaN,NaN,NaN,NaN,NaN,NaN

INPUT,0.377716094255447,0.0363579317927361,0.757147133350372,-2.51744794845581,3.10785889625549,-1.68241465091705,K,14
OUTPUT,NaN,NaN,NaN,NaN,NaN,NaN

INPUT,0.382831484079361,0.0365168526768684,0.768531680107117,-2.55240631103516,3.10519218444824,-1.64476406574249,K,15
OUTPUT,NaN,NaN,NaN,NaN,NaN,NaN

INPUT,0.387435346841812,0.0366598777472973,0.778777718544006,-2.58402729034424,3.10283279418945,-1.61103415489197,K,16
OUTPUT,NaN,NaN,NaN,NaN,NaN,NaN

INPUT,0.391016125679016,0.03677112236619,0.786746919155121,-2.6087064743042,3.1010262966156,-1.58488285541534,K,17
OUTPUT,NaN,NaN,NaN,NaN,NaN,NaN

INPUT,0.393573820590973,0.0368505790829659,0.792439162731171,-2.62637376785278,3.0997519493103,-1.56624150276184,K,18
OUTPUT,NaN,NaN,NaN,NaN,NaN,NaN

INPUT,0.395108461380005,0.0368982553482056,0.795854508876801,-2.63698840141296,3.09899377822876,-1.55507040023804,K,19
OUTPUT,NaN,NaN,NaN,NaN,NaN,NaN

INPUT,0.395619988441467,0.0369141474366188,0.79699295759201,-2.64052867889404,3.09874224662781,-1.55134892463684,K,20
OUTPUT,NaN,NaN,NaN,NaN,NaN,NaN

INPUT,0.3659947514534,0.0361458510160446,0.722106099128723,-2.52536964416504,3.1105420589447,-1.77649641036987,K,11
OUTPUT,NaN,NaN,NaN,NaN,NaN,NaN

INPUT,0.371536910533905,0.0363356620073318,0.733386516571045,-2.56760811805725,3.10719227790833,-1.73063933849335,K,12
OUTPUT,NaN,NaN,NaN,NaN,NaN,NaN

INPUT,0.37707906961441,0.0365254729986191,0.744666874408722,-2.61016750335693,3.1039092540741,-1.68509805202484,K,13
OUTPUT,NaN,NaN,NaN,NaN,NaN,NaN

INPUT,0.382621198892593,0.0367152839899063,0.755947291851044,-2.65296626091003,3.10069918632507,-1.63979089260101,K,14
OUTPUT,NaN,NaN,NaN,NaN,NaN,NaN

INPUT,0.388163357973099,0.0369050912559032,0.767227709293365,-2.69594836235046,3.09756827354431,-1.59466147422791,K,15
OUTPUT,NaN,NaN,NaN,NaN,NaN,NaN

INPUT,0.39315128326416,0.0370759218931198,0.777380049228668,-2.73475646972656,3.09482336044312,-1.55416369438171,K,16
OUTPUT,NaN,NaN,NaN,NaN,NaN,NaN

INPUT,0.397030800580978,0.0372087880969048,0.785276353359222,-2.76500678062439,3.09273910522461,-1.52272868156433,K,17
OUTPUT,NaN,NaN,NaN,NaN,NaN,NaN

INPUT,0.399801880121231,0.0373036935925484,0.790916562080383,-2.78664517402649,3.09127855300903,-1.50030386447906,K,18
OUTPUT,NaN,NaN,NaN,NaN,NaN,NaN

INPUT,0.401464521884918,0.0373606383800507,0.794300675392151,-2.7996392250061,3.09041404724121,-1.48685932159424,K,19
OUTPUT,NaN,NaN,NaN,NaN,NaN,NaN

INPUT,0.40201872587204,0.0373796187341213,0.795428693294525,-2.8039722442627,3.09012770652771,-1.48237931728363,K,20
OUTPUT,NaN,NaN,NaN,NaN,NaN,NaN

INPUT,0.374638348817825,0.042094849050045,0.720384418964386,-2.47002863883972,3.03302693367004,-1.89745235443115,K,11
OUTPUT,NaN,NaN,NaN,NaN,NaN,NaN

INPUT,0.38119712471962,0.0429847650229931,0.731462061405182,-2.50329947471619,3.02076959609985,-1.86323094367981,K,12
OUTPUT,NaN,NaN,NaN,NaN,NaN,NaN

INPUT,0.387755900621414,0.0438746809959412,0.742539644241333,-2.53668236732483,3.00864958763123,-1.8290718793869,K,13
OUTPUT,NaN,NaN,NaN,NaN,NaN,NaN

INPUT,0.394314676523209,0.0447645969688892,0.753617286682129,-2.57015681266785,2.99668097496033,-1.79495012760162,K,14
OUTPUT,NaN,NaN,NaN,NaN,NaN,NaN

INPUT,0.400873452425003,0.0456545129418373,0.764694929122925,-2.60370945930481,2.98487734794617,-1.76084816455841,K,15
OUTPUT,NaN,NaN,NaN,NaN,NaN,NaN

INPUT,0.406776338815689,0.0464554354548454,0.774664759635925,-2.63396620750427,2.97440624237061,-1.73016262054443,K,16
OUTPUT,NaN,NaN,NaN,NaN,NaN,NaN

INPUT,0.411367505788803,0.0470783784985542,0.782419145107269,-2.65753507614136,2.96636867523193,-1.70629549026489,K,17
OUTPUT,NaN,NaN,NaN,NaN,NaN,NaN

INPUT,0.4146468937397,0.0475233346223831,0.787957966327667,-2.67438817024231,2.96068739891052,-1.6892454624176,K,18
OUTPUT,NaN,NaN,NaN,NaN,NaN,NaN

INPUT,0.416614502668381,0.0477903112769127,0.791281223297119,-2.68450713157654,2.95730328559875,-1.67901408672333,K,19
OUTPUT,NaN,NaN,NaN,NaN,NaN,NaN

INPUT,0.417270392179489,0.0478793010115623,0.79238897562027,-2.68788123130798,2.95617938041687,-1.67560338973999,K,20
OUTPUT,NaN,NaN,NaN,NaN,NaN,NaN

INPUT,0.37847626209259,0.0460629910230637,0.705188989639282,-2.34703040122986,2.98166465759277,-1.72617828845978,K,4
OUTPUT,NaN,NaN,NaN,NaN,NaN,NaN

INPUT,0.392081677913666,0.0490038767457008,0.721814453601837,-2.42339730262756,2.94495534896851,-1.64353680610657,K,5
OUTPUT,NaN,NaN,NaN,NaN,NaN,NaN

INPUT,0.405687093734741,0.0519447661936283,0.738439917564392,-2.50102043151855,2.9094831943512,-1.5615850687027,K,6
OUTPUT,NaN,NaN,NaN,NaN,NaN,NaN

INPUT,0.416269063949585,0.0542321242392063,0.751370787620544,-2.5620174407959,2.88289785385132,-1.49802482128143,K,7
OUTPUT,NaN,NaN,NaN,NaN,NaN,NaN

INPUT,0.423827618360519,0.0558659508824348,0.760607182979584,-2.60586309432983,2.86451125144958,-1.4526435136795,K,8
OUTPUT,NaN,NaN,NaN,NaN,NaN,NaN

INPUT,0.428362756967545,0.0568462461233139,0.76614898443222,-2.63227081298828,2.85373878479004,-1.4254070520401,K,9
OUTPUT,NaN,NaN,NaN,NaN,NaN,NaN

INPUT,0.371535539627075,0.0358966514468193,0.732901275157928,-2.47969174385071,3.11089277267456,-1.74889230728149,K,5
OUTPUT,NaN,NaN,NaN,NaN,NaN,NaN

INPUT,0.379935413599014,0.0361147932708263,0.748780906200409,-2.53611707687378,3.10638570785522,-1.67630970478058,K,6
OUTPUT,NaN,NaN,NaN,NaN,NaN,NaN

INPUT,0.386468678712845,0.0362844578921795,0.761131703853607,-2.5812931060791,3.10297918319702,-1.62113964557648,K,7
OUTPUT,NaN,NaN,NaN,NaN,NaN,NaN

INPUT,0.391135275363922,0.0364056490361691,0.769953727722168,-2.61406636238098,3.10060453414917,-1.58223295211792,K,8
OUTPUT,NaN,NaN,NaN,NaN,NaN,NaN

INPUT,0.393935233354568,0.0364783629775047,0.775246918201447,-2.63389492034912,3.09920454025269,-1.55905175209045,K,9
OUTPUT,NaN,NaN,NaN,NaN,NaN,NaN

INPUT,0.375775694847107,0.0362392216920853,0.731989920139313,-2.60233879089355,3.10445284843445,-1.71562778949738,K,5
OUTPUT,NaN,NaN,NaN,NaN,NaN,NaN

INPUT,0.3848737180233,0.0365270785987377,0.747637391090393,-2.67367696762085,3.0990583896637,-1.63042438030243,K,6
OUTPUT,NaN,NaN,NaN,NaN,NaN,NaN

INPUT,0.391949951648712,0.036750964820385,0.759807705879211,-2.73025679588318,3.09504008293152,-1.56523752212524,K,7
OUTPUT,NaN,NaN,NaN,NaN,NaN,NaN

INPUT,0.397004425525665,0.0369108878076077,0.768500745296478,-2.7710964679718,3.09227395057678,-1.51909399032593,K,8
OUTPUT,NaN,NaN,NaN,NaN,NaN,NaN

INPUT,0.400037080049515,0.0370068363845348,0.773716568946838,-2.79573798179626,3.09065866470337,-1.4915429353714,K,9
OUTPUT,NaN,NaN,NaN,NaN,NaN,NaN

INPUT,0.374987840652466,0.0409736707806587,0.716003477573395,-2.458500623703,3.03265166282654,-1.90219938755035,K,4
OUTPUT,NaN,NaN,NaN,NaN,NaN,NaN

INPUT,0.385303050279617,0.042373850941658,0.731019794940948,-2.51925897598267,3.01169395446777,-1.8425008058548,K,5
OUTPUT,NaN,NaN,NaN,NaN,NaN,NaN

INPUT,0.395618259906769,0.0437740385532379,0.746036112308502,-2.57995295524597,2.99120688438416,-1.78257524967194,K,6
OUTPUT,NaN,NaN,NaN,NaN,NaN,NaN

INPUT,0.403641164302826,0.0448630675673485,0.757715463638306,-2.62715768814087,2.97564578056335,-1.73583877086639,K,7
OUTPUT,NaN,NaN,NaN,NaN,NaN,NaN

INPUT,0.409371852874756,0.0456409491598606,0.766057848930359,-2.66088676452637,2.96475195884705,-1.70239412784576,K,8
OUTPUT,NaN,NaN,NaN,NaN,NaN,NaN

INPUT,0.412810236215591,0.0461076758801937,0.771063327789307,-2.68113160133362,2.95831036567688,-1.68230390548706,K,9
OUTPUT,NaN,NaN,NaN,NaN,NaN,NaN

INPUT,0.358029365539551,0.0328716821968555,0.732106566429138,0.640543401241302,3.12689781188965,1.4667729139328,K,12
OUTPUT,NaN,NaN,NaN,NaN,NaN,NaN

INPUT,0.362149983644485,0.032697107642889,0.743251204490662,0.593496382236481,3.12537026405334,1.50667929649353,K,13
OUTPUT,NaN,NaN,NaN,NaN,NaN,NaN

INPUT,0.366270571947098,0.0325225330889225,0.75439578294754,0.547058403491974,3.12387323379517,1.54719567298889,K,14
OUTPUT,NaN,NaN,NaN,NaN,NaN,NaN

INPUT,0.370391190052032,0.032347958534956,0.765540421009064,0.501076579093933,3.12240934371948,1.58816945552826,K,15
OUTPUT,NaN,NaN,NaN,NaN,NaN,NaN

INPUT,0.374099731445313,0.032190840691328,0.775570571422577,0.459995329380035,3.12112283706665,1.62534916400909,K,16
OUTPUT,NaN,NaN,NaN,NaN,NaN,NaN

INPUT,0.376984149217606,0.0320686362683773,0.783371806144714,0.428202897310257,3.12014365196228,1.65442717075348,K,17
OUTPUT,NaN,NaN,NaN,NaN,NaN,NaN

INPUT,0.379044443368912,0.031981348991394,0.788944125175476,0.40556675195694,3.11945652961731,1.67527031898499,K,18
OUTPUT,NaN,NaN,NaN,NaN,NaN,NaN

INPUT,0.380280613899231,0.031928975135088,0.792287468910217,0.392011106014252,3.11904907226563,1.6878023147583,K,19
OUTPUT,NaN,NaN,NaN,NaN,NaN,NaN

INPUT,0.380692690610886,0.0319115184247494,0.793401956558228,0.387496650218964,3.11891412734985,1.69198369979858,K,20
OUTPUT,NaN,NaN,NaN,NaN,NaN,NaN

INPUT,0.361193507909775,0.0387352481484413,0.721267521381378,-2.10504817962646,3.10084939002991,-1.64972281455994,K,11
OUTPUT,NaN,NaN,NaN,NaN,NaN,NaN

INPUT,0.366170853376389,0.039230041205883,0.732448220252991,-2.13003182411194,3.09623122215271,-1.62114608287811,K,12
OUTPUT,NaN,NaN,NaN,NaN,NaN,NaN

INPUT,0.371148228645325,0.0397248342633247,0.743628919124603,-2.15534925460815,3.09164524078369,-1.59289765357971,K,13
OUTPUT,NaN,NaN,NaN,NaN,NaN,NaN

INPUT,0.376125544309616,0.0402196273207664,0.754809558391571,-2.18091535568237,3.08709526062012,-1.56489181518555,K,14
OUTPUT,NaN,NaN,NaN,NaN,NaN,NaN

INPUT,0.381102919578552,0.0407144203782082,0.765990257263184,-2.20667195320129,3.08258414268494,-1.53706979751587,K,15
OUTPUT,NaN,NaN,NaN,NaN,NaN,NaN

INPUT,0.385582536458969,0.0411597341299057,0.776052892208099,-2.22998189926147,3.07856011390686,-1.51215279102325,K,16
OUTPUT,NaN,NaN,NaN,NaN,NaN,NaN

INPUT,0.38906666636467,0.0415060892701149,0.783879339694977,-2.24818110466003,3.0754554271698,-1.49283814430237,K,17
OUTPUT,NaN,NaN,NaN,NaN,NaN,NaN

INPUT,0.391555339097977,0.0417534857988358,0.789469718933105,-2.26121282577515,3.07325220108032,-1.47907173633575,K,18
OUTPUT,NaN,NaN,NaN,NaN,NaN,NaN

INPUT,0.39304855465889,0.0419019237160683,0.792823910713196,-2.26904320716858,3.0719358921051,-1.47082257270813,K,19
OUTPUT,NaN,NaN,NaN,NaN,NaN,NaN

INPUT,0.393546283245087,0.0419514030218124,0.793941974639893,-2.27165532112122,3.07149815559387,-1.46807444095612,K,20
OUTPUT,NaN,NaN,NaN,NaN,NaN,NaN

INPUT,0.377857625484467,0.043124545365572,0.720759153366089,-2.42185187339783,3.03767824172974,-1.82127785682678,K,11
OUTPUT,NaN,NaN,NaN,NaN,NaN,NaN

INPUT,0.384795159101486,0.0441355630755424,0.731880903244019,-2.45669078826904,3.02598667144775,-1.78533673286438,K,12
OUTPUT,NaN,NaN,NaN,NaN,NaN,NaN

INPUT,0.391732722520828,0.0451465807855129,0.743002653121948,-2.49165415763855,3.01443982124329,-1.74947237968445,K,13
OUTPUT,NaN,NaN,NaN,NaN,NaN,NaN

INPUT,0.398670256137848,0.0461575947701931,0.754124402999878,-2.52671790122986,3.0030517578125,-1.71365666389465,K,14
OUTPUT,NaN,NaN,NaN,NaN,NaN,NaN

INPUT,0.40560781955719,0.0471686124801636,0.765246093273163,-2.56186604499817,2.99183750152588,-1.67786979675293,K,15
OUTPUT,NaN,NaN,NaN,NaN,NaN,NaN

INPUT,0.411851614713669,0.0480785258114338,0.775255680084229,-2.59356260299683,2.98190474510193,-1.64567446708679,K,16
OUTPUT,NaN,NaN,NaN,NaN,NaN,NaN

INPUT,0.416707903146744,0.0487862378358841,0.783040881156921,-2.61825323104858,2.9742910861969,-1.62063658237457,K,17
OUTPUT,NaN,NaN,NaN,NaN,NaN,NaN

INPUT,0.420176684856415,0.0492917485535145,0.788601756095886,-2.63590812683105,2.9689154624939,-1.60275208950043,K,18
OUTPUT,NaN,NaN,NaN,NaN,NaN,NaN

INPUT,0.422257930040359,0.0495950542390347,0.791938304901123,-2.64650845527649,2.96571612358093,-1.59202063083649,K,19
OUTPUT,NaN,NaN,NaN,NaN,NaN,NaN

INPUT,0.422951698303223,0.0496961548924446,0.793050467967987,-2.65004301071167,2.96465396881104,-1.58844339847565,K,20
OUTPUT,NaN,NaN,NaN,NaN,NaN,NaN

INPUT,0.359836667776108,0.0355463474988937,0.722376346588135,-2.25555634498596,3.11740875244141,-1.73627388477325,K,11
OUTPUT,NaN,NaN,NaN,NaN,NaN,NaN

INPUT,0.364654213190079,0.0356657169759274,0.733688473701477,-2.28328013420105,3.11472725868225,-1.70292234420776,K,12
OUTPUT,NaN,NaN,NaN,NaN,NaN,NaN

INPUT,0.36947175860405,0.0357850901782513,0.745000600814819,-2.31151366233826,3.1120707988739,-1.67007863521576,K,13
OUTPUT,NaN,NaN,NaN,NaN,NaN,NaN

INPUT,0.374289304018021,0.0359044596552849,0.756312727928162,-2.34012746810913,3.10944151878357,-1.63761270046234,K,14
OUTPUT,NaN,NaN,NaN,NaN,NaN,NaN

INPUT,0.379106849431992,0.0360238291323185,0.767624795436859,-2.36903238296509,3.10684204101563,-1.60543525218964,K,15
OUTPUT,NaN,NaN,NaN,NaN,NaN,NaN

INPUT,0.383442670106888,0.0361312627792358,0.777805745601654,-2.39524292945862,3.10453033447266,-1.57666945457458,K,16
OUTPUT,NaN,NaN,NaN,NaN,NaN,NaN

INPUT,0.386814951896667,0.0362148210406303,0.785724222660065,-2.41573429107666,3.1027512550354,-1.55439972877502,K,17
OUTPUT,NaN,NaN,NaN,NaN,NaN,NaN

INPUT,0.389223724603653,0.0362745076417923,0.791380286216736,-2.43041968345642,3.10149145126343,-1.53854060173035,K,18
OUTPUT,NaN,NaN,NaN,NaN,NaN,NaN

INPUT,0.390668988227844,0.0363103188574314,0.794773876667023,-2.43924832344055,3.10074019432068,-1.52904224395752,K,19
OUTPUT,NaN,NaN,NaN,NaN,NaN,NaN

INPUT,0.391150742769241,0.0363222546875477,0.795905113220215,-2.44219398498535,3.10049033164978,-1.52587878704071,K,20
OUTPUT,NaN,NaN,NaN,NaN,NaN,NaN

INPUT,0.365609794855118,0.0353408381342888,0.722068905830383,-2.62174272537231,3.10078525543213,-1.95450568199158,K,11
OUTPUT,NaN,NaN,NaN,NaN,NaN,NaN

INPUT,0.371106415987015,0.0354361049830914,0.733344674110413,-2.65996146202087,3.09630250930786,-1.9142245054245,K,12
OUTPUT,NaN,NaN,NaN,NaN,NaN,NaN

INPUT,0.376603037118912,0.0355313718318939,0.744620501995087,-2.69836854934692,3.09188961982727,-1.87412416934967,K,13
OUTPUT,NaN,NaN,NaN,NaN,NaN,NaN

INPUT,0.382099628448486,0.0356266349554062,0.755896210670471,-2.7369167804718,3.08755326271057,-1.83415651321411,K,14
OUTPUT,NaN,NaN,NaN,NaN,NaN,NaN

INPUT,0.387596219778061,0.0357219018042088,0.767172038555145,-2.77557420730591,3.08330011367798,-1.79428899288177,K,15
OUTPUT,NaN,NaN,NaN,NaN,NaN,NaN

INPUT,0.392543166875839,0.0358076430857182,0.777320206165314,-2.81044030189514,3.07954883575439,-1.75847411155701,K,16
OUTPUT,NaN,NaN,NaN,NaN,NaN,NaN

INPUT,0.396390795707703,0.0358743295073509,0.785213232040405,-2.83759880065918,3.07668447494507,-1.73065292835236,K,17
OUTPUT,NaN,NaN,NaN,NaN,NaN,NaN

INPUT,0.399139106273651,0.0359219610691071,0.790851175785065,-2.85701656341553,3.07466816902161,-1.71079635620117,K,18
OUTPUT,NaN,NaN,NaN,NaN,NaN,NaN

INPUT,0.400788068771362,0.0359505414962769,0.794233858585358,-2.86867380142212,3.07347083091736,-1.6988879442215,K,19
OUTPUT,NaN,NaN,NaN,NaN,NaN,NaN

INPUT,0.401337742805481,0.03596006706357,0.795361459255219,-2.87256073951721,3.07307386398315,-1.69491946697235,K,20
OUTPUT,NaN,NaN,NaN,NaN,NaN,NaN

INPUT,0.365427643060684,0.0439496375620365,0.721576750278473,-2.0419819355011,3.06294465065002,-1.70254611968994,K,11
OUTPUT,NaN,NaN,NaN,NaN,NaN,NaN

INPUT,0.370903044939041,0.0450576618313789,0.73279470205307,-2.06110668182373,3.05382013320923,-1.68147301673889,K,12
OUTPUT,NaN,NaN,NaN,NaN,NaN,NaN

INPUT,0.376378417015076,0.0461656861007214,0.744012653827667,-2.08038973808289,3.0447461605072,-1.66061007976532,K,13
OUTPUT,NaN,NaN,NaN,NaN,NaN,NaN

INPUT,0.38185378909111,0.0472737103700638,0.755230605602264,-2.09976720809937,3.03573393821716,-1.63992595672607,K,14
OUTPUT,NaN,NaN,NaN,NaN,NaN,NaN

INPUT,0.387329161167145,0.0483817383646965,0.766448497772217,-2.11919045448303,3.02679443359375,-1.61940371990204,K,15
OUTPUT,NaN,NaN,NaN,NaN,NaN,NaN

INPUT,0.392257004976273,0.0493789575994015,0.776544690132141,-2.13667869567871,3.0188193321228,-1.60106599330902,K,16
OUTPUT,NaN,NaN,NaN,NaN,NaN,NaN

INPUT,0.396089762449265,0.0501545742154121,0.78439724445343,-2.1502697467804,3.01266765594482,-1.5868889093399,K,17
OUTPUT,NaN,NaN,NaN,NaN,NaN,NaN

INPUT,0.398827463388443,0.0507085882127285,0.790006220340729,-2.15996551513672,3.00830292701721,-1.57680869102478,K,18
OUTPUT,NaN,NaN,NaN,NaN,NaN,NaN

INPUT,0.400470077991486,0.0510409958660603,0.793371617794037,-2.16577672958374,3.00569653511047,-1.57077920436859,K,19
OUTPUT,NaN,NaN,NaN,NaN,NaN,NaN

INPUT,0.401017606258392,0.0511517971754074,0.79449337720871,-2.16771245002747,3.00482964515686,-1.56877243518829,K,20
OUTPUT,NaN,NaN,NaN,NaN,NaN,NaN

INPUT,0.369574457406998,0.0428269356489182,0.721120178699493,-2.32740449905396,3.05908298492432,-1.70205807685852,K,11
OUTPUT,NaN,NaN,NaN,NaN,NaN,NaN

INPUT,0.375558614730835,0.0437964163720608,0.732277810573578,-2.36347556114197,3.04983472824097,-1.6644629240036,K,12
OUTPUT,NaN,NaN,NaN,NaN,NaN,NaN

INPUT,0.381542801856995,0.0447659008204937,0.743435382843018,-2.39970088005066,3.04071068763733,-1.6269907951355,K,13
OUTPUT,NaN,NaN,NaN,NaN,NaN,NaN

INPUT,0.387526988983154,0.0457353815436363,0.754592955112457,-2.43604588508606,3.0317234992981,-1.58960449695587,K,14
OUTPUT,NaN,NaN,NaN,NaN,NaN,NaN

INPUT,0.393511176109314,0.0467048622667789,0.765750586986542,-2.47248697280884,3.0228853225708,-1.55227839946747,K,15
OUTPUT,NaN,NaN,NaN,NaN,NaN,NaN

INPUT,0.398896932601929,0.0475773960351944,0.775792419910431,-2.50535273551941,3.01506853103638,-1.51872074604034,K,16
OUTPUT,NaN,NaN,NaN,NaN,NaN,NaN

INPUT,0.403085857629776,0.0482560358941555,0.783602714538574,-2.53095412254333,3.00908446311951,-1.49263715744019,K,17
OUTPUT,NaN,NaN,NaN,NaN,NaN,NaN

INPUT,0.406077951192856,0.048740778118372,0.789181530475616,-2.54925990104675,3.00486397743225,-1.47401261329651,K,18
OUTPUT,NaN,NaN,NaN,NaN,NaN,NaN

INPUT,0.407873183488846,0.0490316189825535,0.792528808116913,-2.56025052070618,3.00235390663147,-1.46283996105194,K,19
OUTPUT,NaN,NaN,NaN,NaN,NaN,NaN

INPUT,0.408471614122391,0.049128569662571,0.793644547462463,-2.56391525268555,3.00152087211609,-1.45911598205566,K,20
OUTPUT,NaN,NaN,NaN,NaN,NaN,NaN

INPUT,0.369970232248306,0.0388881601393223,0.730715394020081,-2.15390014648438,3.09247493743896,-1.61518383026123,K,5
OUTPUT,NaN,NaN,NaN,NaN,NaN,NaN

INPUT,0.378132432699203,0.0396055243909359,0.746294677257538,-2.19524455070496,3.08476710319519,-1.56070506572723,K,6
OUTPUT,NaN,NaN,NaN,NaN,NaN,NaN

INPUT,0.384480774402618,0.0401634722948074,0.758411824703217,-2.22838854789734,3.07888221740723,-1.51958835124969,K,7
OUTPUT,NaN,NaN,NaN,NaN,NaN,NaN

INPUT,0.389015346765518,0.0405620038509369,0.767067015171051,-2.25236773490906,3.07475209236145,-1.49079191684723,K,8
OUTPUT,NaN,NaN,NaN,NaN,NaN,NaN

INPUT,0.391736060380936,0.0408011265099049,0.772260069847107,-2.26682758331299,3.07230734825134,-1.47372782230377,K,9
OUTPUT,NaN,NaN,NaN,NaN,NaN,NaN

INPUT,0.378506481647491,0.0419275723397732,0.716897368431091,-2.40952110290527,3.03681874275208,-1.82608842849731,K,4
OUTPUT,NaN,NaN,NaN,NaN,NaN,NaN

INPUT,0.389449894428253,0.0435441359877586,0.731844067573547,-2.47323799133301,3.01696276664734,-1.7634619474411,K,5
OUTPUT,NaN,NaN,NaN,NaN,NaN,NaN

INPUT,0.400393277406693,0.0451606959104538,0.746790826320648,-2.53688383102417,2.99760317802429,-1.70060968399048,K,6
OUTPUT,NaN,NaN,NaN,NaN,NaN,NaN

INPUT,0.408904790878296,0.046418022364378,0.758416056632996,-2.58637976646423,2.98293924331665,-1.65159893035889,K,7
OUTPUT,NaN,NaN,NaN,NaN,NaN,NaN

INPUT,0.414984434843063,0.0473161153495312,0.76671975851059,-2.62174296379089,2.97269773483276,-1.61653125286102,K,8
OUTPUT,NaN,NaN,NaN,NaN,NaN,NaN

INPUT,0.418632239103317,0.0478549674153328,0.771701991558075,-2.64296722412109,2.96665215492249,-1.59546804428101,K,9
OUTPUT,NaN,NaN,NaN,NaN,NaN,NaN

INPUT,0.368504345417023,0.0354387760162354,0.731993675231934,-2.31351280212402,3.11235427856445,-1.69874477386475,K,5
OUTPUT,NaN,NaN,NaN,NaN,NaN,NaN

INPUT,0.376430660486221,0.035566370934248,0.747807919979095,-2.35833144187927,3.10796570777893,-1.63429141044617,K,6
OUTPUT,NaN,NaN,NaN,NaN,NaN,NaN

INPUT,0.38259556889534,0.035665612667799,0.760107815265656,-2.39460778236389,3.10463571548462,-1.58598947525024,K,7
OUTPUT,NaN,NaN,NaN,NaN,NaN,NaN

INPUT,0.386999070644379,0.0357364974915981,0.768893539905548,-2.42096042633057,3.1023120880127,-1.5523316860199,K,8
OUTPUT,NaN,NaN,NaN,NaN,NaN,NaN

INPUT,0.389641165733337,0.0357790291309357,0.774164915084839,-2.43687725067139,3.10094261169434,-1.53245341777802,K,9
OUTPUT,NaN,NaN,NaN,NaN,NaN,NaN

INPUT,0.375160098075867,0.0352657809853554,0.731988430023193,-2.68775629997253,3.09289312362671,-1.89778399467468,K,5
OUTPUT,NaN,NaN,NaN,NaN,NaN,NaN

INPUT,0.38410884141922,0.0353846997022629,0.74761962890625,-2.75353074073792,3.08550810813904,-1.82402324676514,K,6
OUTPUT,NaN,NaN,NaN,NaN,NaN,NaN

INPUT,0.391068965196609,0.0354771912097931,0.759777188301086,-2.80534958839417,3.07995080947876,-1.76729547977448,K,7
OUTPUT,NaN,NaN,NaN,NaN,NaN,NaN

INPUT,0.396040499210358,0.0355432592332363,0.768461227416992,-2.84262037277222,3.07609105110168,-1.72702145576477,K,8
OUTPUT,NaN,NaN,NaN,NaN,NaN,NaN

INPUT,0.399023413658142,0.0355828963220119,0.773671567440033,-2.86506628990173,3.07382225990295,-1.70293617248535,K,9
OUTPUT,NaN,NaN,NaN,NaN,NaN,NaN

INPUT,0.374845951795578,0.0443247444927692,0.731493830680847,-2.07378268241882,3.04681897163391,-1.67363572120667,K,5
OUTPUT,NaN,NaN,NaN,NaN,NaN,NaN

INPUT,0.383715987205505,0.0459706075489521,0.747040927410126,-2.10718941688538,3.03152847290039,-1.63531756401062,K,6
OUTPUT,NaN,NaN,NaN,NaN,NaN,NaN

INPUT,0.390614897012711,0.047250721603632,0.759133040904999,-2.13355851173401,3.01975798606873,-1.60598254203796,K,7
OUTPUT,NaN,NaN,NaN,NaN,NaN,NaN

INPUT,0.395542711019516,0.0481650903820992,0.767770349979401,-2.15251135826111,3.01143288612366,-1.58524322509766,K,8
OUTPUT,NaN,NaN,NaN,NaN,NaN,NaN

INPUT,0.398499369621277,0.0487137101590633,0.772952675819397,-2.16391015052795,3.0064754486084,-1.57288026809692,K,9
OUTPUT,NaN,NaN,NaN,NaN,NaN,NaN

INPUT,0.364303231239319,0.0328362807631493,0.736097037792206,0.609418928623199,3.1257963180542,1.52565276622772,K,5
OUTPUT,NaN,NaN,NaN,NaN,NaN,NaN

INPUT,0.370354622602463,0.03256506472826,0.749528646469116,0.527104556560516,3.12323808670044,1.58310663700104,K,6
OUTPUT,NaN,NaN,NaN,NaN,NaN,NaN

INPUT,0.375061243772507,0.0323541164398193,0.759975492954254,0.465218067169189,3.12130808830261,1.62993097305298,K,7
OUTPUT,NaN,NaN,NaN,NaN,NaN,NaN

INPUT,0.378423094749451,0.0322034396231174,0.767437517642975,0.421825677156448,3.11996531486511,1.66419041156769,K,8
OUTPUT,NaN,NaN,NaN,NaN,NaN,NaN

INPUT,0.380440235137939,0.0321130305528641,0.771914720535278,0.396050274372101,3.11917495727539,1.68500673770905,K,9
OUTPUT,NaN,NaN,NaN,NaN,NaN,NaN

INPUT,0.369969427585602,0.0418312735855579,0.715938568115234,-2.32398581504822,3.05853152275085,-1.7156674861908,K,4
OUTPUT,NaN,NaN,NaN,NaN,NaN,NaN

INPUT,0.379541993141174,0.0433592833578587,0.731265544891357,-2.38647365570068,3.04279661178589,-1.64688360691071,K,5
OUTPUT,NaN,NaN,NaN,NaN,NaN,NaN

INPUT,0.389114558696747,0.0448872931301594,0.746592462062836,-2.44986772537231,3.02748584747314,-1.57890510559082,K,6
OUTPUT,NaN,NaN,NaN,NaN,NaN,NaN

INPUT,0.396559864282608,0.0460757464170456,0.758513450622559,-2.49959349632263,3.01591372489929,-1.52637493610382,K,7
OUTPUT,NaN,NaN,NaN,NaN,NaN,NaN

INPUT,0.401877969503403,0.046924639493227,0.767028450965881,-2.53528094291687,3.00784683227539,-1.48897755146027,K,8
OUTPUT,NaN,NaN,NaN,NaN,NaN,NaN

INPUT,0.405068814754486,0.0474339760839939,0.772137403488159,-2.55675029754639,3.00309133529663,-1.46657741069794,K,9
OUTPUT,NaN,NaN,NaN,NaN,NaN,NaN

INPUT,0.363169342279434,0.0365876443684101,0.733543276786804,-2.71107053756714,3.13724064826965,-1.79240787029266,K,12
OUTPUT,NaN,NaN,NaN,NaN,NaN,NaN

INPUT,0.367830395698547,0.0368041656911373,0.744840025901794,-2.7495584487915,3.13691520690918,-1.73421585559845,K,13
OUTPUT,NaN,NaN,NaN,NaN,NaN,NaN

INPUT,0.372491449117661,0.0370206907391548,0.75613671541214,-2.78930974006653,3.13660049438477,-1.67728710174561,K,14
OUTPUT,NaN,NaN,NaN,NaN,NaN,NaN

INPUT,0.377152502536774,0.0372372157871723,0.76743346452713,-2.83006381988525,3.13629698753357,-1.62136101722717,K,15
OUTPUT,NaN,NaN,NaN,NaN,NaN,NaN

INPUT,0.381347447633743,0.0374320894479752,0.777600526809692,-2.8674373626709,3.1360342502594,-1.57172226905823,K,16
OUTPUT,NaN,NaN,NaN,NaN,NaN,NaN

INPUT,0.384610176086426,0.0375836528837681,0.785508215427399,-2.89688658714294,3.13583707809448,-1.5334951877594,K,17
OUTPUT,NaN,NaN,NaN,NaN,NaN,NaN

INPUT,0.386940717697144,0.037691917270422,0.791156589984894,-2.91809916496277,3.13570022583008,-1.50636756420135,K,18
OUTPUT,NaN,NaN,NaN,NaN,NaN,NaN

INPUT,0.388339012861252,0.0377568751573563,0.794545590877533,-2.93089127540588,3.13561964035034,-1.4901556968689,K,19
OUTPUT,NaN,NaN,NaN,NaN,NaN,NaN

INPUT,0.388805121183395,0.0377785265445709,0.795675277709961,-2.93516540527344,3.13559293746948,-1.48476183414459,K,20
OUTPUT,NaN,NaN,NaN,NaN,NaN,NaN

INPUT,0.368594944477081,0.0477750226855278,0.720303654670715,-2.19993782043457,3.053950548172,-1.70513069629669,K,11
OUTPUT,NaN,NaN,NaN,NaN,NaN,NaN

INPUT,0.374442905187607,0.0493330731987953,0.731371879577637,-2.22826719284058,3.04397368431091,-1.67518401145935,K,12
OUTPUT,NaN,NaN,NaN,NaN,NaN,NaN

INPUT,0.38029083609581,0.0508911274373531,0.742440044879913,-2.25676012039185,3.03407979011536,-1.64537262916565,K,13
OUTPUT,NaN,NaN,NaN,NaN,NaN,NaN

INPUT,0.386138767004013,0.0524491779506207,0.75350821018219,-2.28537917137146,3.02427673339844,-1.61565637588501,K,14
OUTPUT,NaN,NaN,NaN,NaN,NaN,NaN

INPUT,0.391986697912216,0.0540072321891785,0.764576375484467,-2.31409907341003,3.01457357406616,-1.58600747585297,K,15
OUTPUT,NaN,NaN,NaN,NaN,NaN,NaN

INPUT,0.397249847650528,0.0554094798862934,0.774537742137909,-2.34001851081848,3.00593256950378,-1.55936467647552,K,16
OUTPUT,NaN,NaN,NaN,NaN,NaN,NaN

INPUT,0.401343405246735,0.0565001145005226,0.782285451889038,-2.36021900177002,2.99927616119385,-1.5386620759964,K,17
OUTPUT,NaN,NaN,NaN,NaN,NaN,NaN

INPUT,0.404267400503159,0.0572791434824467,0.787819564342499,-2.37466764450073,2.99455761909485,-1.52388250827789,K,18
OUTPUT,NaN,NaN,NaN,NaN,NaN,NaN

INPUT,0.406021773815155,0.0577465556561947,0.791140019893646,-2.3833441734314,2.99174165725708,-1.51501739025116,K,19
OUTPUT,NaN,NaN,NaN,NaN,NaN,NaN

INPUT,0.406606554985046,0.0579023621976376,0.79224681854248,-2.38623762130737,2.99080538749695,-1.51206266880035,K,20
OUTPUT,NaN,NaN,NaN,NaN,NaN,NaN

INPUT,0.365213185548782,0.045347273349762,0.720923900604248,-2.22606205940247,3.05888032913208,-1.74491679668427,K,11
OUTPUT,NaN,NaN,NaN,NaN,NaN,NaN

INPUT,0.37066376209259,0.0466198995709419,0.732064008712769,-2.25360321998596,3.04945707321167,-1.71580159664154,K,12
OUTPUT,NaN,NaN,NaN,NaN,NaN,NaN

INPUT,0.376114308834076,0.0478925257921219,0.743204057216644,-2.28130221366882,3.04010772705078,-1.68681943416595,K,13
OUTPUT,NaN,NaN,NaN,NaN,NaN,NaN

INPUT,0.381564855575562,0.0491651520133018,0.754344165325165,-2.30912208557129,3.03083968162537,-1.65793180465698,K,14
OUTPUT,NaN,NaN,NaN,NaN,NaN,NaN

INPUT,0.387015402317047,0.0504377782344818,0.765484213829041,-2.33703851699829,3.02166056632996,-1.6291116476059,K,15
OUTPUT,NaN,NaN,NaN,NaN,NaN,NaN

INPUT,0.391920924186707,0.051583144813776,0.775510311126709,-2.36223173141479,3.01348161697388,-1.60321521759033,K,16
OUTPUT,NaN,NaN,NaN,NaN,NaN,NaN

INPUT,0.395736306905746,0.0524739846587181,0.783308327198029,-2.38186502456665,3.00717735290527,-1.58309388160706,K,17
OUTPUT,NaN,NaN,NaN,NaN,NaN,NaN

INPUT,0.398461580276489,0.0531102977693081,0.788878381252289,-2.39590764045715,3.00270676612854,-1.56872975826263,K,18
OUTPUT,NaN,NaN,NaN,NaN,NaN,NaN

INPUT,0.400096744298935,0.053492084145546,0.792220413684845,-2.40434002876282,3.0000376701355,-1.56011414527893,K,19
OUTPUT,NaN,NaN,NaN,NaN,NaN,NaN

INPUT,0.400641798973083,0.053619347512722,0.793334424495697,-2.40715193748474,2.99915027618408,-1.55724263191223,K,20
OUTPUT,NaN,NaN,NaN,NaN,NaN,NaN

INPUT,0.369220674037933,0.0498107112944126,0.719910860061646,-2.13259100914001,3.04449057579041,-1.95485472679138,K,11
OUTPUT,NaN,NaN,NaN,NaN,NaN,NaN

INPUT,0.375142574310303,0.051608432084322,0.730931758880615,-2.14245557785034,3.03316783905029,-1.94375264644623,K,12
OUTPUT,NaN,NaN,NaN,NaN,NaN,NaN

INPUT,0.381064474582672,0.0534061528742313,0.74195271730423,-2.15243792533875,3.02186346054077,-1.93276727199554,K,13
OUTPUT,NaN,NaN,NaN,NaN,NaN,NaN

INPUT,0.386986345052719,0.0552038736641407,0.752973675727844,-2.16250514984131,3.01058197021484,-1.92187058925629,K,14
OUTPUT,NaN,NaN,NaN,NaN,NaN,NaN

INPUT,0.392908245325089,0.0570015944540501,0.763994634151459,-2.17263412475586,2.99932742118835,-1.91104388237,K,15
OUTPUT,NaN,NaN,NaN,NaN,NaN,NaN

INPUT,0.398237943649292,0.0586195439100266,0.773913502693176,-2.18178915977478,2.98922514915466,-1.90134954452515,K,16
OUTPUT,NaN,NaN,NaN,NaN,NaN,NaN

INPUT,0.402383267879486,0.0598779506981373,0.781628131866455,-2.18892884254456,2.98138737678528,-1.89383780956268,K,17
OUTPUT,NaN,NaN,NaN,NaN,NaN,NaN

INPUT,0.405344218015671,0.060776811093092,0.787138640880585,-2.19403648376465,2.97580027580261,-1.88848614692688,K,18
OUTPUT,NaN,NaN,NaN,NaN,NaN,NaN

INPUT,0.407120764255524,0.0613161250948906,0.790444910526276,-2.19710350036621,2.97245287895203,-1.88528037071228,K,19
OUTPUT,NaN,NaN,NaN,NaN,NaN,NaN

INPUT,0.40771296620369,0.0614958964288235,0.791547000408173,-2.19812631607056,2.97133779525757,-1.88421273231506,K,20
OUTPUT,NaN,NaN,NaN,NaN,NaN,NaN

INPUT,0.376559555530548,0.0466526821255684,0.706503391265869,-2.43772292137146,2.99539256095886,-1.91171336174011,K,10
OUTPUT,NaN,NaN,NaN,NaN,NaN,NaN

INPUT,0.384249448776245,0.0482690744102001,0.717206239700317,-2.47254419326782,2.97655558586121,-1.87612867355347,K,11
OUTPUT,NaN,NaN,NaN,NaN,NaN,NaN

INPUT,0.391939342021942,0.0498854629695415,0.727909088134766,-2.50749802589417,2.9579222202301,-1.84056723117828,K,12
OUTPUT,NaN,NaN,NaN,NaN,NaN,NaN

INPUT,0.399629235267639,0.0515018552541733,0.738611876964569,-2.54256749153137,2.93951630592346,-1.80500102043152,K,13
OUTPUT,NaN,NaN,NaN,NaN,NaN,NaN

INPUT,0.407319128513336,0.0531182438135147,0.749314725399017,-2.57774329185486,2.92136120796204,-1.76941061019897,K,14
OUTPUT,NaN,NaN,NaN,NaN,NaN,NaN

INPUT,0.415009021759033,0.0547346360981464,0.760017573833466,-2.6130211353302,2.90348029136658,-1.73378074169159,K,15
OUTPUT,NaN,NaN,NaN,NaN,NaN,NaN

INPUT,0.421929925680161,0.0561893880367279,0.769650101661682,-2.64485645294189,2.88764071464539,-1.70167064666748,K,16
OUTPUT,NaN,NaN,NaN,NaN,NaN,NaN

INPUT,0.427312850952148,0.0573208592832088,0.777142107486725,-2.66967248916626,2.87549805641174,-1.67666304111481,K,17
OUTPUT,NaN,NaN,NaN,NaN,NaN,NaN

INPUT,0.431157797574997,0.0581290572881699,0.782493531703949,-2.68742799758911,2.86692428588867,-1.65878105163574,K,18
OUTPUT,NaN,NaN,NaN,NaN,NaN,NaN

INPUT,0.433464765548706,0.0586139708757401,0.785704374313354,-2.69809317588806,2.86182117462158,-1.64804363250732,K,19
OUTPUT,NaN,NaN,NaN,NaN,NaN,NaN

INPUT,0.434233754873276,0.0587756112217903,0.786774635314941,-2.70165014266968,2.86012721061707,-1.64446306228638,K,20
OUTPUT,NaN,NaN,NaN,NaN,NaN,NaN

INPUT,0.378117918968201,0.045675054192543,0.704972207546234,-2.44555521011353,2.98928070068359,-1.90939390659332,K,4
OUTPUT,NaN,NaN,NaN,NaN,NaN,NaN

INPUT,0.391641616821289,0.0485165752470493,0.721539974212646,-2.51240181922913,2.95373106002808,-1.83901047706604,K,5
OUTPUT,NaN,NaN,NaN,NaN,NaN,NaN

INPUT,0.4051653444767,0.0513581000268459,0.738107800483704,-2.58003258705139,2.9190628528595,-1.76895654201508,K,6
OUTPUT,NaN,NaN,NaN,NaN,NaN,NaN

INPUT,0.415683776140213,0.0535681694746017,0.750993847846985,-2.63304376602173,2.89281558990479,-1.714519739151,K,7
OUTPUT,NaN,NaN,NaN,NaN,NaN,NaN

INPUT,0.423196941614151,0.0551467947661877,0.760198175907135,-2.67109942436218,2.87449955940247,-1.67561507225037,K,8
OUTPUT,NaN,NaN,NaN,NaN,NaN,NaN

INPUT,0.427704840898514,0.0560939684510231,0.765720725059509,-2.69400382041931,2.86369609832764,-1.65225398540497,K,9
OUTPUT,NaN,NaN,NaN,NaN,NaN,NaN

INPUT,0.36896938085556,0.0464287549257278,0.714960157871246,-2.19680523872375,3.05332899093628,-1.7167112827301,K,4
OUTPUT,NaN,NaN,NaN,NaN,NaN,NaN

INPUT,0.378353178501129,0.0489206984639168,0.730184316635132,-2.24621963500977,3.03626847267151,-1.66147112846375,K,5
OUTPUT,NaN,NaN,NaN,NaN,NaN,NaN

INPUT,0.38773700594902,0.0514126382768154,0.745408535003662,-2.2964870929718,3.01949548721313,-1.60699081420898,K,6
OUTPUT,NaN,NaN,NaN,NaN,NaN,NaN

INPUT,0.395035535097122,0.0533508136868477,0.757249593734741,-2.33579707145691,3.00673675537109,-1.56513249874115,K,7
OUTPUT,NaN,NaN,NaN,NaN,NaN,NaN

INPUT,0.400248765945435,0.0547352246940136,0.765707492828369,-2.36385560035706,2.99781394004822,-1.53553736209869,K,8
OUTPUT,NaN,NaN,NaN,NaN,NaN,NaN

INPUT,0.403376698493958,0.0555658712983131,0.770782232284546,-2.38064956665039,2.99254608154297,-1.51791369915009,K,9
OUTPUT,NaN,NaN,NaN,NaN,NaN,NaN

INPUT,0.374310821294785,0.0461602434515953,0.730747699737549,-2.27108812332153,3.04224061965942,-1.70239865779877,K,5
OUTPUT,NaN,NaN,NaN,NaN,NaN,NaN

INPUT,0.383031338453293,0.0481605269014835,0.746151864528656,-2.31992340087891,3.02636575698853,-1.6494824886322,K,6
OUTPUT,NaN,NaN,NaN,NaN,NaN,NaN

INPUT,0.389813989400864,0.0497163012623787,0.758132815361023,-2.35811972618103,3.01427435874939,-1.60881888866425,K,7
OUTPUT,NaN,NaN,NaN,NaN,NaN,NaN

INPUT,0.394658714532852,0.0508275665342808,0.766690671443939,-2.38539123535156,3.00580763816833,-1.58006048202515,K,8
OUTPUT,NaN,NaN,NaN,NaN,NaN,NaN

INPUT,0.397565573453903,0.0514943264424801,0.771825432777405,-2.40171837806702,3.00080442428589,-1.56293058395386,K,9
OUTPUT,NaN,NaN,NaN,NaN,NaN,NaN

INPUT,0.369663089513779,0.0481281615793705,0.714628577232361,-2.12416172027588,3.04367995262146,-1.95322072505951,K,4
OUTPUT,NaN,NaN,NaN,NaN,NaN,NaN

INPUT,0.379208594560623,0.0509404689073563,0.729771733283997,-2.14402079582214,3.02445292472839,-1.9352707862854,K,5
OUTPUT,NaN,NaN,NaN,NaN,NaN,NaN

INPUT,0.388754099607468,0.0537527799606323,0.744914948940277,-2.16363215446472,3.00526738166809,-1.9170309305191,K,6
OUTPUT,NaN,NaN,NaN,NaN,NaN,NaN

INPUT,0.396178364753723,0.0559401325881481,0.756693005561829,-2.17877149581909,2.99038982391357,-1.90271806716919,K,7
OUTPUT,NaN,NaN,NaN,NaN,NaN,NaN

INPUT,0.401481419801712,0.0575025267899036,0.765105843544006,-2.18953776359558,2.97979354858398,-1.89244854450226,K,8
OUTPUT,NaN,NaN,NaN,NaN,NaN,NaN

INPUT,0.404663264751434,0.0584399625658989,0.7701535820961,-2.19598126411438,2.97344994544983,-1.88627302646637,K,9
OUTPUT,NaN,NaN,NaN,NaN,NaN,NaN

INPUT,0.363849252462387,0.0364927090704441,0.725664019584656,-2.7521014213562,3.13635563850403,-1.88914823532104,K,4
OUTPUT,NaN,NaN,NaN,NaN,NaN,NaN

INPUT,0.370424121618271,0.0368265621364117,0.738902390003204,-2.79740381240845,3.13611364364624,-1.77894926071167,K,5
OUTPUT,NaN,NaN,NaN,NaN,NaN,NaN

INPUT,0.376998990774155,0.0371604152023792,0.752140760421753,-2.84530687332153,3.13589930534363,-1.67135059833527,K,6
OUTPUT,NaN,NaN,NaN,NaN,NaN,NaN

INPUT,0.382112801074982,0.0374200791120529,0.762437283992767,-2.8839898109436,3.13575339317322,-1.58908796310425,K,7
OUTPUT,NaN,NaN,NaN,NaN,NaN,NaN

INPUT,0.385765492916107,0.0376055538654327,0.769791960716248,-2.91224384307861,3.13566040992737,-1.5309522151947,K,8
OUTPUT,NaN,NaN,NaN,NaN,NaN,NaN

INPUT,0.387957125902176,0.0377168357372284,0.774204730987549,-2.92941069602966,3.13560914993286,-1.49628508090973,K,9
OUTPUT,NaN,NaN,NaN,NaN,NaN,NaN

INPUT,0.359306693077087,0.0367443300783634,0.722379624843597,-2.56616044044495,3.13112807273865,-1.83807826042175,K,11
OUTPUT,NaN,NaN,NaN,NaN,NaN,NaN

INPUT,0.364081859588623,0.0370009616017342,0.733679711818695,-2.60611486434937,3.130042552948,-1.79238390922546,K,12
OUTPUT,NaN,NaN,NaN,NaN,NaN,NaN

INPUT,0.368857026100159,0.0372575931251049,0.744979798793793,-2.6465585231781,3.12897801399231,-1.74717843532562,K,13
OUTPUT,NaN,NaN,NaN,NaN,NaN,NaN

INPUT,0.373632162809372,0.0375142246484756,0.75627988576889,-2.68736982345581,3.12793660163879,-1.70233988761902,K,14
OUTPUT,NaN,NaN,NaN,NaN,NaN,NaN

INPUT,0.378407329320908,0.0377708561718464,0.767579972743988,-2.72846364974976,3.12692022323608,-1.65778350830078,K,15
OUTPUT,NaN,NaN,NaN,NaN,NaN,NaN

INPUT,0.382705003023148,0.038001824170351,0.777750074863434,-2.76563954353333,3.12602853775024,-1.6178731918335,K,16
OUTPUT,NaN,NaN,NaN,NaN,NaN,NaN

INPUT,0.386047601699829,0.0381814651191235,0.785660088062286,-2.79465675354004,3.12535071372986,-1.58693444728851,K,17
OUTPUT,NaN,NaN,NaN,NaN,NaN,NaN

INPUT,0.388435184955597,0.0383097790181637,0.791310131549835,-2.8154308795929,3.12487554550171,-1.56488251686096,K,18
OUTPUT,NaN,NaN,NaN,NaN,NaN,NaN

INPUT,0.389867722988129,0.038386769592762,0.79470020532608,-2.82791233062744,3.12459397315979,-1.55166840553284,K,19
OUTPUT,NaN,NaN,NaN,NaN,NaN,NaN

INPUT,0.390345245599747,0.0384124331176281,0.795830190181732,-2.83207535743713,3.12450075149536,-1.5472663640976,K,20
OUTPUT,NaN,NaN,NaN,NaN,NaN,NaN

INPUT,0.361807137727737,0.0403979048132896,0.732748091220856,-2.18866276741028,3.11066436767578,-1.71551477909088,K,12
OUTPUT,NaN,NaN,NaN,NaN,NaN,NaN

INPUT,0.3663250207901,0.0410153865814209,0.743961215019226,-2.21147966384888,3.10755491256714,-1.68853878974915,K,13
OUTPUT,NaN,NaN,NaN,NaN,NaN,NaN

INPUT,0.37084287405014,0.0416328683495522,0.755174279212952,-2.23464488983154,3.10446643829346,-1.66190850734711,K,14
OUTPUT,NaN,NaN,NaN,NaN,NaN,NaN

INPUT,0.375360757112503,0.0422503501176834,0.766387403011322,-2.25807690620422,3.10140109062195,-1.63554203510284,K,15
OUTPUT,NaN,NaN,NaN,NaN,NaN,NaN

INPUT,0.379426836967468,0.0428060851991177,0.776479184627533,-2.27934551239014,3.09866309165955,-1.61198949813843,K,16
OUTPUT,NaN,NaN,NaN,NaN,NaN,NaN

INPUT,0.382589340209961,0.0432383194565773,0.78432834148407,-2.29598426818848,3.09654855728149,-1.59376549720764,K,17
OUTPUT,NaN,NaN,NaN,NaN,NaN,NaN

INPUT,0.384848266839981,0.0435470603406429,0.789934873580933,-2.30791354179382,3.09504652023315,-1.58079183101654,K,18
OUTPUT,NaN,NaN,NaN,NaN,NaN,NaN

INPUT,0.386203616857529,0.0437323041260242,0.793298780918121,-2.31508708000183,3.09414863586426,-1.5730232000351,K,19
OUTPUT,NaN,NaN,NaN,NaN,NaN,NaN

INPUT,0.386655420064926,0.0437940545380116,0.794420123100281,-2.31748080253601,3.09384989738464,-1.57043623924255,K,20
OUTPUT,NaN,NaN,NaN,NaN,NaN,NaN

INPUT,0.362437158823013,0.0399496331810951,0.722477674484253,-2.50567173957825,3.10283517837524,-1.85604631900787,K,11
OUTPUT,NaN,NaN,NaN,NaN,NaN,NaN

INPUT,0.367560774087906,0.0405869521200657,0.73380172252655,-2.54252099990845,3.09856724739075,-1.81647062301636,K,12
OUTPUT,NaN,NaN,NaN,NaN,NaN,NaN

INPUT,0.372684389352798,0.041224267333746,0.745125770568848,-2.57961845397949,3.09436202049255,-1.77713561058044,K,13
OUTPUT,NaN,NaN,NaN,NaN,NaN,NaN

INPUT,0.377808004617691,0.0418615862727165,0.7564497590065,-2.6169011592865,3.09022545814514,-1.73797881603241,K,14
OUTPUT,NaN,NaN,NaN,NaN,NaN,NaN

INPUT,0.382931619882584,0.0424989014863968,0.767773807048798,-2.65432643890381,3.08616423606873,-1.6989563703537,K,15
OUTPUT,NaN,NaN,NaN,NaN,NaN,NaN

INPUT,0.387542873620987,0.0430724881589413,0.777965486049652,-2.68810606002808,3.08257794380188,-1.66392552852631,K,16
OUTPUT,NaN,NaN,NaN,NaN,NaN,NaN

INPUT,0.391129404306412,0.0435186065733433,0.785892307758331,-2.71443128585815,3.07983660697937,-1.6367267370224,K,17
OUTPUT,NaN,NaN,NaN,NaN,NaN,NaN

INPUT,0.393691211938858,0.0438372679054737,0.79155433177948,-2.7332592010498,3.07790565490723,-1.61732065677643,K,18
OUTPUT,NaN,NaN,NaN,NaN,NaN,NaN

INPUT,0.395228296518326,0.0440284609794617,0.794951498508453,-2.74456477165222,3.07675814628601,-1.60568463802338,K,19
OUTPUT,NaN,NaN,NaN,NaN,NaN,NaN

INPUT,0.395740658044815,0.0440921932458878,0.796083927154541,-2.74833464622498,3.07637739181519,-1.60180699825287,K,20
OUTPUT,NaN,NaN,NaN,NaN,NaN,NaN

INPUT,0.370693951845169,0.0453488193452358,0.719551086425781,-2.1938648223877,3.03696703910828,-1.60469460487366,K,11
OUTPUT,NaN,NaN,NaN,NaN,NaN,NaN

INPUT,0.376789271831512,0.0466215722262859,0.73052966594696,-2.22789597511292,3.02516031265259,-1.56928825378418,K,12
OUTPUT,NaN,NaN,NaN,NaN,NaN,NaN

INPUT,0.382884621620178,0.047894325107336,0.741508305072784,-2.26207685470581,3.01349377632141,-1.53398394584656,K,13
OUTPUT,NaN,NaN,NaN,NaN,NaN,NaN

INPUT,0.388979941606522,0.0491670779883862,0.752486884593964,-2.29637670516968,3.00198125839233,-1.49874711036682,K,14
OUTPUT,NaN,NaN,NaN,NaN,NaN,NaN

INPUT,0.395075261592865,0.0504398308694363,0.763465523719788,-2.33077526092529,2.99063730239868,-1.46355307102203,K,15
OUTPUT,NaN,NaN,NaN,NaN,NaN,NaN

INPUT,0.400561064481735,0.0515853092074394,0.773346245288849,-2.36180639266968,2.98058295249939,-1.43190085887909,K,16
OUTPUT,NaN,NaN,NaN,NaN,NaN,NaN

INPUT,0.404827803373337,0.0524762347340584,0.781031310558319,-2.38598465919495,2.97287130355835,-1.40729033946991,K,17
OUTPUT,NaN,NaN,NaN,NaN,NaN,NaN

INPUT,0.40787547826767,0.0531126111745834,0.786520600318909,-2.40327620506287,2.96742415428162,-1.38971340656281,K,18
OUTPUT,NaN,NaN,NaN,NaN,NaN,NaN

INPUT,0.409704059362411,0.0534944385290146,0.789814174175262,-2.41365909576416,2.9641809463501,-1.3791675567627,K,19
OUTPUT,NaN,NaN,NaN,NaN,NaN,NaN

INPUT,0.410313606262207,0.0536217130720615,0.79091203212738,-2.41712141036987,2.9631040096283,-1.37565219402313,K,20
OUTPUT,NaN,NaN,NaN,NaN,NaN,NaN

INPUT,0.36803811788559,0.0371014028787613,0.731918334960938,-2.65391778945923,3.12873888015747,-1.79156315326691,K,5
OUTPUT,NaN,NaN,NaN,NaN,NaN,NaN

INPUT,0.37595146894455,0.0375358909368515,0.747727632522583,-2.71579146385193,3.12713885307312,-1.70135474205017,K,6
OUTPUT,NaN,NaN,NaN,NaN,NaN,NaN

INPUT,0.382106304168701,0.0378738269209862,0.760023772716522,-2.76587748527527,3.12595009803772,-1.63315343856812,K,7
OUTPUT,NaN,NaN,NaN,NaN,NaN,NaN

INPUT,0.386502593755722,0.0381152108311653,0.768806755542755,-2.80244016647339,3.12513327598572,-1.58522462844849,K,8
OUTPUT,NaN,NaN,NaN,NaN,NaN,NaN

INPUT,0.389140397310257,0.0382600389420986,0.774076521396637,-2.8246374130249,3.12465715408325,-1.55672693252563,K,9
OUTPUT,NaN,NaN,NaN,NaN,NaN,NaN

INPUT,0.371409565210342,0.040640115737915,0.732350707054138,-2.57104396820068,3.09522318840027,-1.80196619033813,K,5
OUTPUT,NaN,NaN,NaN,NaN,NaN,NaN

INPUT,0.379735350608826,0.0417030565440655,0.748109996318817,-2.63391876220703,3.08821368217468,-1.72898173332214,K,6
OUTPUT,NaN,NaN,NaN,NaN,NaN,NaN

INPUT,0.386210978031158,0.0425297915935516,0.760367214679718,-2.68365287780762,3.08292937278748,-1.67303037643433,K,7
OUTPUT,NaN,NaN,NaN,NaN,NaN,NaN

INPUT,0.390836417675018,0.0431203171610832,0.769122362136841,-2.71950078010559,3.07925415039063,-1.63337862491608,K,8
OUTPUT,NaN,NaN,NaN,NaN,NaN,NaN

INPUT,0.393611669540405,0.0434746295213699,0.774375438690186,-2.74111461639404,3.07709121704102,-1.6096887588501,K,9
OUTPUT,NaN,NaN,NaN,NaN,NaN,NaN

INPUT,0.370911538600922,0.0438847132027149,0.714379906654358,-2.1905152797699,3.03610348701477,-1.61821794509888,K,4
OUTPUT,NaN,NaN,NaN,NaN,NaN,NaN

INPUT,0.380637645721436,0.0458392277359962,0.72942841053009,-2.24946904182434,3.01605010032654,-1.55320942401886,K,5
OUTPUT,NaN,NaN,NaN,NaN,NaN,NaN

INPUT,0.390363723039627,0.0477937385439873,0.744476914405823,-2.30932593345642,2.9964771270752,-1.48894941806793,K,6
OUTPUT,NaN,NaN,NaN,NaN,NaN,NaN

INPUT,0.397928446531296,0.0493139140307903,0.756181240081787,-2.3563084602356,2.98163509368896,-1.43927729129791,K,7
OUTPUT,NaN,NaN,NaN,NaN,NaN,NaN

INPUT,0.403331845998764,0.0503997579216957,0.764541506767273,-2.39004373550415,2.97125935554504,-1.4039044380188,K,8
OUTPUT,NaN,NaN,NaN,NaN,NaN,NaN

INPUT,0.406573891639709,0.0510512590408325,0.76955771446228,-2.41034507751465,2.96513032913208,-1.38271200656891,K,9
OUTPUT,NaN,NaN,NaN,NaN,NaN,NaN

INPUT,0.362262815237045,0.039702046662569,0.724732100963593,-2.18566703796387,3.11059021949768,-1.74233162403107,K,4
OUTPUT,NaN,NaN,NaN,NaN,NaN,NaN

INPUT,0.368548095226288,0.0405997857451439,0.737890839576721,-2.21879410743713,3.1060631275177,-1.69485986232758,K,5
OUTPUT,NaN,NaN,NaN,NaN,NaN,NaN

INPUT,0.374833345413208,0.041497528553009,0.75104957818985,-2.25353765487671,3.10159230232239,-1.64899814128876,K,6
OUTPUT,NaN,NaN,NaN,NaN,NaN,NaN

INPUT,0.379721879959106,0.0421957708895206,0.761284172534943,-2.28127384185791,3.09816765785217,-1.61420440673828,K,7
OUTPUT,NaN,NaN,NaN,NaN,NaN,NaN

INPUT,0.383213669061661,0.0426945127546787,0.768594563007355,-2.30133366584778,3.09575605392456,-1.58976125717163,K,8
OUTPUT,NaN,NaN,NaN,NaN,NaN,NaN

INPUT,0.385308772325516,0.0429937615990639,0.772980809211731,-2.31343770027161,3.09432435035706,-1.57524883747101,K,9
OUTPUT,NaN,NaN,NaN,NaN,NaN,NaN

INPUT,0.361478716135025,0.0390604138374329,0.721314966678619,-2.08837294578552,3.11614918708801,-1.55556523799896,K,11
OUTPUT,NaN,NaN,NaN,NaN,NaN,NaN

INPUT,0.36648890376091,0.0395929701626301,0.732503473758698,-2.11637353897095,3.11331462860107,-1.52089738845825,K,12
OUTPUT,NaN,NaN,NaN,NaN,NaN,NaN

INPUT,0.371499091386795,0.0401255264878273,0.743691980838776,-2.14498019218445,3.11050772666931,-1.48683321475983,K,13
OUTPUT,NaN,NaN,NaN,NaN,NaN,NaN

INPUT,0.37650927901268,0.0406580828130245,0.754880487918854,-2.17403817176819,3.10773110389709,-1.45321750640869,K,14
OUTPUT,NaN,NaN,NaN,NaN,NaN,NaN

INPUT,0.381519466638565,0.0411906391382217,0.766068935394287,-2.20344114303589,3.10498738288879,-1.41994416713715,K,15
OUTPUT,NaN,NaN,NaN,NaN,NaN,NaN

INPUT,0.386028647422791,0.0416699424386024,0.776138603687286,-2.23013639450073,3.10254859924316,-1.39022779464722,K,16
OUTPUT,NaN,NaN,NaN,NaN,NaN,NaN

INPUT,0.389535754919052,0.0420427322387695,0.783970534801483,-2.25102400779724,3.10067319869995,-1.36723804473877,K,17
OUTPUT,NaN,NaN,NaN,NaN,NaN,NaN

INPUT,0.392040848731995,0.042309008538723,0.789564788341522,-2.26600122451782,3.09934568405151,-1.35087311267853,K,18
OUTPUT,NaN,NaN,NaN,NaN,NaN,NaN

INPUT,0.393543928861618,0.0424687750637531,0.792921364307404,-2.27500820159912,3.0985541343689,-1.34107446670532,K,19
OUTPUT,NaN,NaN,NaN,NaN,NaN,NaN

INPUT,0.394044935703278,0.0425220318138599,0.794040203094482,-2.27801370620728,3.09829092025757,-1.33781135082245,K,20
OUTPUT,NaN,NaN,NaN,NaN,NaN,NaN

INPUT,0.363103181123734,0.0375474728643894,0.733847260475159,3.10936760902405,3.1412410736084,-2.33507084846497,K,12
OUTPUT,NaN,NaN,NaN,NaN,NaN,NaN

INPUT,0.367757499217987,0.0378649719059467,0.745175898075104,3.04625082015991,3.14131116867065,-2.30991959571838,K,13
OUTPUT,NaN,NaN,NaN,NaN,NaN,NaN

INPUT,0.372411847114563,0.038182470947504,0.756504535675049,2.97044491767883,3.14138174057007,-2.2974579334259,K,14
OUTPUT,NaN,NaN,NaN,NaN,NaN,NaN

INPUT,0.377066195011139,0.0384999737143517,0.767833173274994,2.86269664764404,3.14145255088806,-2.31693863868713,K,15
OUTPUT,NaN,NaN,NaN,NaN,NaN,NaN

INPUT,0.381255090236664,0.0387857221066952,0.778028905391693,2.66716074943542,3.14151501655579,-2.43303346633911,K,16
OUTPUT,NaN,NaN,NaN,NaN,NaN,NaN

INPUT,0.384513139724731,0.0390079729259014,0.785959005355835,2.1279308795929,3.14155793190002,-2.91047596931458,K,17
OUTPUT,NaN,NaN,NaN,NaN,NaN,NaN

INPUT,0.386840313673019,0.0391667224466801,0.791623294353485,0.924269139766693,3.14156341552734,2.2131814956665,K,18
OUTPUT,NaN,NaN,NaN,NaN,NaN,NaN

INPUT,0.388236612081528,0.0392619706690311,0.795021891593933,0.449523359537125,3.14154934883118,1.76491594314575,K,19
OUTPUT,NaN,NaN,NaN,NaN,NaN,NaN

INPUT,0.388702034950256,0.0392937213182449,0.796154737472534,0.356992900371552,3.1415433883667,1.68121230602264,K,20
OUTPUT,NaN,NaN,NaN,NaN,NaN,NaN

INPUT,0.361827462911606,0.0336045958101749,0.733162760734558,0.823033511638641,3.12438249588013,1.39750218391418,K,12
OUTPUT,NaN,NaN,NaN,NaN,NaN,NaN

INPUT,0.366347908973694,0.033507127314806,0.744418561458588,0.789565145969391,3.12254977226257,1.42448592185974,K,13
OUTPUT,NaN,NaN,NaN,NaN,NaN,NaN

INPUT,0.370868355035782,0.033409658819437,0.755674362182617,0.75666332244873,3.12073397636414,1.45203745365143,K,14
OUTPUT,NaN,NaN,NaN,NaN,NaN,NaN

INPUT,0.375388771295547,0.0333121903240681,0.766930162906647,0.72418749332428,3.11893725395203,1.48001599311829,K,15
OUTPUT,NaN,NaN,NaN,NaN,NaN,NaN

INPUT,0.379457175731659,0.0332244671881199,0.777060389518738,0.695241987705231,3.11733770370483,1.50548052787781,K,16
OUTPUT,NaN,NaN,NaN,NaN,NaN,NaN

INPUT,0.382621496915817,0.0331562384963036,0.784939467906952,0.672878682613373,3.1161060333252,1.52543699741364,K,17
OUTPUT,NaN,NaN,NaN,NaN,NaN,NaN

INPUT,0.3848817050457,0.0331075042486191,0.790567398071289,0.656973421573639,3.1152331829071,1.53976035118103,K,18
OUTPUT,NaN,NaN,NaN,NaN,NaN,NaN

INPUT,0.38623782992363,0.0330782607197762,0.793944120407104,0.647454738616943,3.11471223831177,1.54837918281555,K,19
OUTPUT,NaN,NaN,NaN,NaN,NaN,NaN

INPUT,0.386689871549606,0.0330685153603554,0.795069694519043,0.644285678863525,3.11453914642334,1.55125594139099,K,20
OUTPUT,NaN,NaN,NaN,NaN,NaN,NaN

INPUT,0.368009120225906,0.0477534607052803,0.719621479511261,-2.18928289413452,3.06300377845764,-1.75626647472382,K,11
OUTPUT,NaN,NaN,NaN,NaN,NaN,NaN

INPUT,0.373788088560104,0.0493089929223061,0.730609357357025,-2.21389603614807,3.05401492118835,-1.72989881038666,K,12
OUTPUT,NaN,NaN,NaN,NaN,NaN,NaN

INPUT,0.379567086696625,0.0508645251393318,0.741597235202789,-2.23868203163147,3.04508280754089,-1.7036839723587,K,13
OUTPUT,NaN,NaN,NaN,NaN,NaN,NaN

INPUT,0.385346055030823,0.0524200573563576,0.752585113048553,-2.26359939575195,3.03621339797974,-1.67757892608643,K,14
OUTPUT,NaN,NaN,NaN,NaN,NaN,NaN

INPUT,0.391125053167343,0.0539755895733833,0.763572990894318,-2.28862071037292,3.02741241455078,-1.65155375003815,K,15
OUTPUT,NaN,NaN,NaN,NaN,NaN,NaN

INPUT,0.396326154470444,0.0553755722939968,0.773462057113647,-2.31121230125427,3.01955485343933,-1.62818169593811,K,16
OUTPUT,NaN,NaN,NaN,NaN,NaN,NaN

INPUT,0.400371432304382,0.0564644448459148,0.781153619289398,-2.32882404327393,3.01348757743835,-1.61002886295319,K,17
OUTPUT,NaN,NaN,NaN,NaN,NaN,NaN

INPUT,0.403260946273804,0.0572422109544277,0.78664755821228,-2.34142303466797,3.00917863845825,-1.59707343578339,K,18
OUTPUT,NaN,NaN,NaN,NaN,NaN,NaN

INPUT,0.404994636774063,0.0577088706195354,0.789943873882294,-2.34898972511292,3.00660371780396,-1.58930397033691,K,19
OUTPUT,NaN,NaN,NaN,NaN,NaN,NaN

INPUT,0.405572533607483,0.057864423841238,0.791042685508728,-2.35151314735413,3.00574707984924,-1.58671462535858,K,20
OUTPUT,NaN,NaN,NaN,NaN,NaN,NaN

INPUT,0.36345562338829,0.0414825044572353,0.722066819667816,-2.32724714279175,3.09307599067688,-1.93712079524994,K,11
OUTPUT,NaN,NaN,NaN,NaN,NaN,NaN

INPUT,0.368726342916489,0.0422963500022888,0.733325242996216,-2.34971714019775,3.08752584457397,-1.91368126869202,K,12
OUTPUT,NaN,NaN,NaN,NaN,NaN,NaN

INPUT,0.373997062444687,0.0431101955473423,0.744583606719971,-2.37228059768677,3.08200407028198,-1.8903284072876,K,13
OUTPUT,NaN,NaN,NaN,NaN,NaN,NaN

INPUT,0.379267752170563,0.0439240410923958,0.755841970443726,-2.39491438865662,3.07651376724243,-1.86703848838806,K,14
OUTPUT,NaN,NaN,NaN,NaN,NaN,NaN

INPUT,0.384538471698761,0.0447378866374493,0.767100393772125,-2.41760325431824,3.07105779647827,-1.84379529953003,K,15
OUTPUT,NaN,NaN,NaN,NaN,NaN,NaN

INPUT,0.389282137155533,0.0454703494906425,0.777232944965363,-2.43806123733521,3.06617903709412,-1.82290685176849,K,16
OUTPUT,NaN,NaN,NaN,NaN,NaN,NaN

INPUT,0.392971634864807,0.0460400395095348,0.78511381149292,-2.45399379730225,3.06240653991699,-1.80667591094971,K,17
OUTPUT,NaN,NaN,NaN,NaN,NaN,NaN

INPUT,0.395606994628906,0.0464469641447067,0.790742993354797,-2.46538400650024,3.0597243309021,-1.79508948326111,K,18
OUTPUT,NaN,NaN,NaN,NaN,NaN,NaN

INPUT,0.397188186645508,0.0466911196708679,0.79412055015564,-2.47222185134888,3.0581202507019,-1.78813993930817,K,19
OUTPUT,NaN,NaN,NaN,NaN,NaN,NaN

INPUT,0.397715270519257,0.0467725023627281,0.795246362686157,-2.47450160980225,3.0575864315033,-1.78582382202148,K,20
OUTPUT,NaN,NaN,NaN,NaN,NaN,NaN

INPUT,0.363883703947067,0.0397936441004276,0.722229301929474,-2.32967758178711,3.08400726318359,-1.70873749256134,K,11
OUTPUT,NaN,NaN,NaN,NaN,NaN,NaN

INPUT,0.369177460670471,0.0404125973582268,0.733524143695831,-2.36505627632141,3.07758140563965,-1.67104089260101,K,12
OUTPUT,NaN,NaN,NaN,NaN,NaN,NaN

INPUT,0.374471247196198,0.0410315468907356,0.744819045066833,-2.40065264701843,3.07124090194702,-1.63354706764221,K,13
OUTPUT,NaN,NaN,NaN,NaN,NaN,NaN

INPUT,0.379765033721924,0.0416504964232445,0.756113886833191,-2.43641304969788,3.06499433517456,-1.59620106220245,K,14
OUTPUT,NaN,NaN,NaN,NaN,NaN,NaN

INPUT,0.38505882024765,0.0422694459557533,0.767408728599548,-2.47230076789856,3.05884981155396,-1.55896508693695,K,15
OUTPUT,NaN,NaN,NaN,NaN,NaN,NaN

INPUT,0.389823198318481,0.0428265035152435,0.777574121952057,-2.50468730926514,3.05341410636902,-1.52552437782288,K,16
OUTPUT,NaN,NaN,NaN,NaN,NaN,NaN

INPUT,0.39352884888649,0.0432597696781158,0.785480499267578,-2.52992463111877,3.04925179481506,-1.49955213069916,K,17
OUTPUT,NaN,NaN,NaN,NaN,NaN,NaN

INPUT,0.396175742149353,0.0435692444443703,0.791127979755402,-2.54797387123108,3.04631567001343,-1.48101711273193,K,18
OUTPUT,NaN,NaN,NaN,NaN,NaN,NaN

INPUT,0.397763878107071,0.0437549278140068,0.794516384601593,-2.55881142616272,3.04456925392151,-1.46990180015564,K,19
OUTPUT,NaN,NaN,NaN,NaN,NaN,NaN

INPUT,0.398293256759644,0.0438168235123158,0.795645892620087,-2.56242561340332,3.04398965835571,-1.46619760990143,K,20
OUTPUT,NaN,NaN,NaN,NaN,NaN,NaN

INPUT,0.363767862319946,0.0401837155222893,0.721694052219391,-2.36024332046509,3.08464121818542,-1.58622908592224,K,11
OUTPUT,NaN,NaN,NaN,NaN,NaN,NaN

INPUT,0.369048088788986,0.0408486276865005,0.732925891876221,-2.40454292297363,3.07842707633972,-1.53943538665771,K,12
OUTPUT,NaN,NaN,NaN,NaN,NaN,NaN

INPUT,0.374328315258026,0.0415135361254215,0.744157671928406,-2.44907307624817,3.07234382629395,-1.49285411834717,K,13
OUTPUT,NaN,NaN,NaN,NaN,NaN,NaN

INPUT,0.379608541727066,0.0421784482896328,0.755389511585236,-2.49377632141113,3.06640410423279,-1.44642734527588,K,14
OUTPUT,NaN,NaN,NaN,NaN,NaN,NaN

INPUT,0.384888768196106,0.0428433567285538,0.766621291637421,-2.53861451148987,3.06062030792236,-1.40011525154114,K,15
OUTPUT,NaN,NaN,NaN,NaN,NaN,NaN

INPUT,0.389640957117081,0.0434417761862278,0.776729941368103,-2.57906126976013,3.05555820465088,-1.35850882530212,K,16
OUTPUT,NaN,NaN,NaN,NaN,NaN,NaN

INPUT,0.39333713054657,0.0439072139561176,0.78459221124649,-2.61057066917419,3.05172061920166,-1.32618689537048,K,17
OUTPUT,NaN,NaN,NaN,NaN,NaN,NaN

INPUT,0.395977228879929,0.0442396700382233,0.790208160877228,-2.63310122489929,3.04903507232666,-1.30311679840088,K,18
OUTPUT,NaN,NaN,NaN,NaN,NaN,NaN

INPUT,0.397561311721802,0.0444391407072544,0.793577671051025,-2.6466281414032,3.04744672775269,-1.28928077220917,K,19
OUTPUT,NaN,NaN,NaN,NaN,NaN,NaN

INPUT,0.398089319467545,0.0445056334137917,0.794700860977173,-2.65113830566406,3.04692125320435,-1.28466963768005,K,20
OUTPUT,NaN,NaN,NaN,NaN,NaN,NaN

INPUT,0.370467305183411,0.0395185202360153,0.730732321739197,-2.15057277679443,3.11084222793579,-1.51983511447906,K,5
OUTPUT,NaN,NaN,NaN,NaN,NaN,NaN

INPUT,0.378752768039703,0.0403628572821617,0.7463299036026,-2.19451951980591,3.10619425773621,-1.45160174369812,K,6
OUTPUT,NaN,NaN,NaN,NaN,NaN,NaN

INPUT,0.38519698381424,0.0410195663571358,0.758461356163025,-2.23049807548523,3.10267066955566,-1.40077328681946,K,7
OUTPUT,NaN,NaN,NaN,NaN,NaN,NaN

INPUT,0.389800012111664,0.0414886437356472,0.767126679420471,-2.25677704811096,3.10021471977234,-1.36548268795013,K,8
OUTPUT,NaN,NaN,NaN,NaN,NaN,NaN

INPUT,0.392561823129654,0.041770089417696,0.772325873374939,-2.27269172668457,3.09876823425293,-1.34468376636505,K,9
OUTPUT,NaN,NaN,NaN,NaN,NaN,NaN

INPUT,0.368380188941956,0.046500027179718,0.714090406894684,-2.18714714050293,3.06244826316833,-1.76684069633484,K,4
OUTPUT,NaN,NaN,NaN,NaN,NaN,NaN

INPUT,0.37772062420845,0.0489989072084427,0.729214787483215,-2.22983026504517,3.04708862304688,-1.71811366081238,K,5
OUTPUT,NaN,NaN,NaN,NaN,NaN,NaN

INPUT,0.387061059474945,0.0514977872371674,0.744339168071747,-2.27338719367981,3.03192567825317,-1.67019426822662,K,6
OUTPUT,NaN,NaN,NaN,NaN,NaN,NaN

INPUT,0.394325852394104,0.0534413568675518,0.756102621555328,-2.30754375457764,3.02032947540283,-1.63340139389038,K,7
OUTPUT,NaN,NaN,NaN,NaN,NaN,NaN

INPUT,0.399514973163605,0.0548296235501766,0.76450502872467,-2.33198118209839,3.01217794418335,-1.60737574100494,K,8
OUTPUT,NaN,NaN,NaN,NaN,NaN,NaN

INPUT,0.40262845158577,0.0556625835597515,0.769546508789063,-2.34663319587708,3.00734686851501,-1.59186613559723,K,9
OUTPUT,NaN,NaN,NaN,NaN,NaN,NaN

INPUT,0.372615903615952,0.0421340242028236,0.73189115524292,-2.36513352394104,3.08316969871521,-1.90365552902222,K,5
OUTPUT,NaN,NaN,NaN,NaN,NaN,NaN

INPUT,0.381177067756653,0.0434300974011421,0.747524440288544,-2.40427422523499,3.0738205909729,-1.86071693897247,K,6
OUTPUT,NaN,NaN,NaN,NaN,NaN,NaN

INPUT,0.387835711240768,0.0444381535053253,0.759683668613434,-2.43496513366699,3.06664705276489,-1.82772922515869,K,7
OUTPUT,NaN,NaN,NaN,NaN,NaN,NaN

INPUT,0.392591923475266,0.0451581962406635,0.76836884021759,-2.45693302154541,3.06158828735352,-1.80437707901001,K,8
OUTPUT,NaN,NaN,NaN,NaN,NaN,NaN

INPUT,0.395445644855499,0.0455902181565762,0.773579895496368,-2.47011113166809,3.05858302116394,-1.79045116901398,K,9
OUTPUT,NaN,NaN,NaN,NaN,NaN,NaN

INPUT,0.372953534126282,0.0401034727692604,0.732186555862427,-2.39072465896606,3.07262396812439,-1.6559966802597,K,5
OUTPUT,NaN,NaN,NaN,NaN,NaN,NaN

INPUT,0.381488651037216,0.0410562604665756,0.747866153717041,-2.45175623893738,3.06200742721558,-1.58693742752075,K,6
OUTPUT,NaN,NaN,NaN,NaN,NaN,NaN

INPUT,0.388127058744431,0.0417973175644875,0.76006144285202,-2.49990725517273,3.05397963523865,-1.53386974334717,K,7
OUTPUT,NaN,NaN,NaN,NaN,NaN,NaN

INPUT,0.392868757247925,0.0423266440629959,0.76877236366272,-2.53456783294678,3.04838132858276,-1.49620974063873,K,8
OUTPUT,NaN,NaN,NaN,NaN,NaN,NaN

INPUT,0.395713806152344,0.042644239962101,0.773998916149139,-2.55545139312744,3.04508018493652,-1.47369194030762,K,9
OUTPUT,NaN,NaN,NaN,NaN,NaN,NaN

INPUT,0.372768580913544,0.0406601652503014,0.731501460075378,-2.43830609321594,3.07369637489319,-1.52220511436462,K,5
OUTPUT,NaN,NaN,NaN,NaN,NaN,NaN

INPUT,0.381283670663834,0.041723944246769,0.747085511684418,-2.51390838623047,3.06358933448792,-1.43573105335236,K,6
OUTPUT,NaN,NaN,NaN,NaN,NaN,NaN

INPUT,0.387906491756439,0.042551327496767,0.759206414222717,-2.57360053062439,3.05607748031616,-1.36932134628296,K,7
OUTPUT,NaN,NaN,NaN,NaN,NaN,NaN

INPUT,0.392637103796005,0.0431423187255859,0.767864167690277,-2.61658453941345,3.05091762542725,-1.32220828533173,K,8
OUTPUT,NaN,NaN,NaN,NaN,NaN,NaN

INPUT,0.395475476980209,0.0434969142079353,0.773058831691742,-2.64248752593994,3.04790902137756,-1.29404294490814,K,9
OUTPUT,NaN,NaN,NaN,NaN,NaN,NaN

INPUT,0.363866984844208,0.0374143496155739,0.726012706756592,-3.02693867683411,3.1401195526123,-2.2389829158783,K,4
OUTPUT,NaN,NaN,NaN,NaN,NaN,NaN

INPUT,0.370441198348999,0.0379119217395782,0.739285588264465,-3.10389351844788,3.14051485061646,-2.17398571968079,K,5
OUTPUT,NaN,NaN,NaN,NaN,NaN,NaN

INPUT,0.377015441656113,0.0384094901382923,0.752558469772339,3.09530448913574,3.14091563224792,-2.11602067947388,K,6
OUTPUT,NaN,NaN,NaN,NaN,NaN,NaN

INPUT,0.382128715515137,0.038796491920948,0.762881875038147,3.01004123687744,3.1412296295166,-2.09087681770325,K,7
OUTPUT,NaN,NaN,NaN,NaN,NaN,NaN

INPUT,0.385781079530716,0.0390729196369648,0.7702556848526,2.86583518981934,3.14145374298096,-2.15622043609619,K,8
OUTPUT,NaN,NaN,NaN,NaN,NaN,NaN

INPUT,0.387972503900528,0.0392387770116329,0.774680018424988,1.51482343673706,3.14156913757324,2.82327032089233,K,9
OUTPUT,NaN,NaN,NaN,NaN,NaN,NaN

INPUT,0.362212091684341,0.0338727086782455,0.724337577819824,0.886070013046265,3.12582421302795,1.42568778991699,K,4
OUTPUT,NaN,NaN,NaN,NaN,NaN,NaN

INPUT,0.368806004524231,0.0337458476424217,0.737768590450287,0.814968705177307,3.1227650642395,1.45220196247101,K,5
OUTPUT,NaN,NaN,NaN,NaN,NaN,NaN

INPUT,0.37539991736412,0.0336189866065979,0.751199662685394,0.750070512294769,3.11974406242371,1.48492205142975,K,6
OUTPUT,NaN,NaN,NaN,NaN,NaN,NaN

INPUT,0.380528509616852,0.0335203185677528,0.761645972728729,0.702538967132568,3.11743593215942,1.51302123069763,K,7
OUTPUT,NaN,NaN,NaN,NaN,NaN,NaN

INPUT,0.384191811084747,0.0334498398005962,0.769107699394226,0.66982090473175,3.11581563949585,1.53403604030609,K,8
OUTPUT,NaN,NaN,NaN,NaN,NaN,NaN

INPUT,0.386389762163162,0.0334075540304184,0.773584723472595,0.650619447231293,3.11485648155212,1.54692244529724,K,9
OUTPUT,NaN,NaN,NaN,NaN,NaN,NaN

INPUT,0.362535655498505,0.0370554439723492,0.722456097602844,-2.35956048965454,3.10838842391968,-1.63754785060883,K,11
OUTPUT,NaN,NaN,NaN,NaN,NaN,NaN

INPUT,0.367690443992615,0.0373489707708359,0.733765363693237,-2.40071129798889,3.10475730895996,-1.59374928474426,K,12
OUTPUT,NaN,NaN,NaN,NaN,NaN,NaN

INPUT,0.372845232486725,0.0376425012946129,0.74507462978363,-2.44210076332092,3.10119271278381,-1.55018353462219,K,13
OUTPUT,NaN,NaN,NaN,NaN,NaN,NaN

INPUT,0.378000020980835,0.0379360243678093,0.756383895874023,-2.48366808891296,3.09770107269287,-1.50678980350494,K,14
OUTPUT,NaN,NaN,NaN,NaN,NaN,NaN

INPUT,0.383154809474945,0.038229551166296,0.767693161964417,-2.52537202835083,3.09428834915161,-1.4635261297226,K,15
OUTPUT,NaN,NaN,NaN,NaN,NaN,NaN

INPUT,0.387794137001038,0.0384937264025211,0.777871489524841,-2.56299781799316,3.09128999710083,-1.42467522621155,K,16
OUTPUT,NaN,NaN,NaN,NaN,NaN,NaN

INPUT,0.39140248298645,0.0386991947889328,0.785787999629974,-2.59231209754944,3.08900833129883,-1.39450371265411,K,17
OUTPUT,NaN,NaN,NaN,NaN,NaN,NaN

INPUT,0.393979907035828,0.0388459600508213,0.791442632675171,-2.61327385902405,3.087406873703,-1.37297344207764,K,18
OUTPUT,NaN,NaN,NaN,NaN,NaN,NaN

INPUT,0.395526319742203,0.0389340184628963,0.794835388660431,-2.62585926055908,3.0864577293396,-1.36006271839142,K,19
OUTPUT,NaN,NaN,NaN,NaN,NaN,NaN

INPUT,0.396041810512543,0.0389633700251579,0.795966327190399,-2.63005566596985,3.08614325523376,-1.35576033592224,K,20
OUTPUT,NaN,NaN,NaN,NaN,NaN,NaN

INPUT,0.377480804920197,0.0568792372941971,0.718408286571503,-2.18882060050964,2.98797798156738,-1.75461113452911,K,11
OUTPUT,NaN,NaN,NaN,NaN,NaN,NaN

INPUT,0.384374052286148,0.0595084093511105,0.729253470897675,-2.21401858329773,2.97032833099365,-1.72851300239563,K,12
OUTPUT,NaN,NaN,NaN,NaN,NaN,NaN

INPUT,0.391267269849777,0.0621375814080238,0.740098655223846,-2.23933911323547,2.9527907371521,-1.70245981216431,K,13
OUTPUT,NaN,NaN,NaN,NaN,NaN,NaN

INPUT,0.398160487413406,0.0647667497396469,0.750943779945374,-2.26476407051086,2.93537735939026,-1.67642605304718,K,14
OUTPUT,NaN,NaN,NaN,NaN,NaN,NaN

INPUT,0.405053704977036,0.06739591807127,0.761788964271545,-2.29028224945068,2.91809964179993,-1.65039324760437,K,15
OUTPUT,NaN,NaN,NaN,NaN,NaN,NaN

INPUT,0.41125762462616,0.0697621703147888,0.771549642086029,-2.31332278251648,2.90267562866211,-1.62695264816284,K,16
OUTPUT,NaN,NaN,NaN,NaN,NaN,NaN

INPUT,0.416082888841629,0.0716025903820992,0.779141247272491,-2.33128952980042,2.89076709747314,-1.60870850086212,K,17
OUTPUT,NaN,NaN,NaN,NaN,NaN,NaN

INPUT,0.419529497623444,0.072917178273201,0.784563839435577,-2.34414720535278,2.88231062889099,-1.59566819667816,K,18
OUTPUT,NaN,NaN,NaN,NaN,NaN,NaN

INPUT,0.421597450971603,0.0737059265375137,0.787817418575287,-2.35187149047852,2.87725758552551,-1.58783996105194,K,19
OUTPUT,NaN,NaN,NaN,NaN,NaN,NaN

INPUT,0.422286778688431,0.073968842625618,0.788901925086975,-2.35444784164429,2.87557649612427,-1.58522987365723,K,20
OUTPUT,NaN,NaN,NaN,NaN,NaN,NaN

INPUT,0.367613881826401,0.0462935455143452,0.720329344272614,-2.21236133575439,3.05413126945496,-1.88201296329498,K,11
OUTPUT,NaN,NaN,NaN,NaN,NaN,NaN

INPUT,0.373346716165543,0.04767756909132,0.731399536132813,-2.23123407363892,3.04398345947266,-1.86176335811615,K,12
OUTPUT,NaN,NaN,NaN,NaN,NaN,NaN

INPUT,0.379079550504684,0.0490615926682949,0.742469727993011,-2.25021481513977,3.03388929367065,-1.84166610240936,K,13
OUTPUT,NaN,NaN,NaN,NaN,NaN,NaN

INPUT,0.384812384843826,0.0504456125199795,0.75353991985321,-2.26925492286682,3.02386069297791,-1.82170248031616,K,14
OUTPUT,NaN,NaN,NaN,NaN,NaN,NaN

INPUT,0.390545219182968,0.0518296360969543,0.764610111713409,-2.28831672668457,3.01390886306763,-1.8018639087677,K,15
OUTPUT,NaN,NaN,NaN,NaN,NaN,NaN

INPUT,0.395704746246338,0.0530752539634705,0.774573266506195,-2.30546545982361,3.00502729415894,-1.78411471843719,K,16
OUTPUT,NaN,NaN,NaN,NaN,NaN,NaN

INPUT,0.399717748165131,0.05404407158494,0.782322406768799,-2.31878614425659,2.99817371368408,-1.77037978172302,K,17
OUTPUT,NaN,NaN,NaN,NaN,NaN,NaN

INPUT,0.402584165334702,0.0547360815107822,0.787857472896576,-2.32828664779663,2.99330949783325,-1.7606076002121,K,18
OUTPUT,NaN,NaN,NaN,NaN,NaN,NaN

INPUT,0.404303997755051,0.0551512874662876,0.791178524494171,-2.33398008346558,2.99040412902832,-1.75475990772247,K,19
OUTPUT,NaN,NaN,NaN,NaN,NaN,NaN

INPUT,0.4048772752285,0.0552896894514561,0.792285561561584,-2.33587646484375,2.98943781852722,-1.7528133392334,K,20
OUTPUT,NaN,NaN,NaN,NaN,NaN,NaN

INPUT,0.372442364692688,0.0373825766146183,0.721958756446838,-2.82427668571472,3.05990314483643,-1.99723792076111,K,11
OUTPUT,NaN,NaN,NaN,NaN,NaN,NaN

INPUT,0.378743141889572,0.0377179272472858,0.733221769332886,-2.87259411811829,3.05105972290039,-1.9481555223465,K,12
OUTPUT,NaN,NaN,NaN,NaN,NaN,NaN

INPUT,0.385043859481812,0.0380532778799534,0.744484782218933,-2.92099809646606,3.04243063926697,-1.89912116527557,K,13
OUTPUT,NaN,NaN,NaN,NaN,NaN,NaN

INPUT,0.391344606876373,0.0383886322379112,0.755747735500336,-2.96947240829468,3.03403663635254,-1.85011625289917,K,14
OUTPUT,NaN,NaN,NaN,NaN,NaN,NaN

INPUT,0.397645354270935,0.0387239828705788,0.767010748386383,-3.01800632476807,3.02589774131775,-1.80112731456757,K,15
OUTPUT,NaN,NaN,NaN,NaN,NaN,NaN

INPUT,0.403316020965576,0.0390257984399796,0.77714741230011,-3.06173157691956,3.01880693435669,-1.75704348087311,K,16
OUTPUT,NaN,NaN,NaN,NaN,NaN,NaN

INPUT,0.407726556062698,0.0392605438828468,0.785031497478485,-3.09576654434204,3.01345443725586,-1.72275650501251,K,17
OUTPUT,NaN,NaN,NaN,NaN,NaN,NaN

INPUT,0.410876929759979,0.0394282191991806,0.790663003921509,-3.12009048461914,3.0097222328186,-1.6982649564743,K,18
OUTPUT,NaN,NaN,NaN,NaN,NaN,NaN

INPUT,0.412767142057419,0.0395288243889809,0.794041931629181,-3.13468980789185,3.00752019882202,-1.68356931209564,K,19
OUTPUT,NaN,NaN,NaN,NaN,NaN,NaN

INPUT,0.413397222757339,0.0395623594522476,0.795168220996857,-3.1395571231842,3.0067925453186,-1.67867064476013,K,20
OUTPUT,NaN,NaN,NaN,NaN,NaN,NaN

INPUT,0.362919241189957,0.0327682048082352,0.73204493522644,0.708968043327332,3.1370542049408,1.4197655916214,K,12
OUTPUT,NaN,NaN,NaN,NaN,NaN,NaN

INPUT,0.36755445599556,0.0325828641653061,0.743183016777039,0.660098314285278,3.1365168094635,1.4456946849823,K,13
OUTPUT,NaN,NaN,NaN,NaN,NaN,NaN

INPUT,0.372189670801163,0.032397523522377,0.754321098327637,0.613413691520691,3.13598608970642,1.47380888462067,K,14
OUTPUT,NaN,NaN,NaN,NaN,NaN,NaN

INPUT,0.376824885606766,0.0322121828794479,0.76545923948288,0.568325459957123,3.13546299934387,1.50351977348328,K,15
OUTPUT,NaN,NaN,NaN,NaN,NaN,NaN

INPUT,0.380996584892273,0.0320453755557537,0.775483548641205,0.528781771659851,3.13499903678894,1.53129529953003,K,16
OUTPUT,NaN,NaN,NaN,NaN,NaN,NaN

INPUT,0.384241223335266,0.0319156385958195,0.783280193805695,0.498565018177032,3.13464331626892,1.55343794822693,K,17
OUTPUT,NaN,NaN,NaN,NaN,NaN,NaN

INPUT,0.386558830738068,0.0318229682743549,0.788849234580994,0.47722464799881,3.13439202308655,1.56949710845947,K,18
OUTPUT,NaN,NaN,NaN,NaN,NaN,NaN

INPUT,0.387949407100677,0.0317673645913601,0.792190670967102,0.464506804943085,3.13424229621887,1.5792191028595,K,19
OUTPUT,NaN,NaN,NaN,NaN,NaN,NaN

INPUT,0.388412922620773,0.0317488312721252,0.79330450296402,0.460280895233154,3.13419270515442,1.58247315883636,K,20
OUTPUT,NaN,NaN,NaN,NaN,NaN,NaN

INPUT,0.371645301580429,0.0371931008994579,0.732248067855835,-2.43645477294922,3.10177183151245,-1.58163487911224,K,5
OUTPUT,NaN,NaN,NaN,NaN,NaN,NaN

INPUT,0.380080103874207,0.0376350618898869,0.74799770116806,-2.50485563278198,3.09590840339661,-1.49904251098633,K,6
OUTPUT,NaN,NaN,NaN,NaN,NaN,NaN

INPUT,0.38664048910141,0.0379788130521774,0.760247409343719,-2.55919098854065,3.09152483940125,-1.43592500686646,K,7
OUTPUT,NaN,NaN,NaN,NaN,NaN,NaN

INPUT,0.391326487064362,0.0382243469357491,0.768997192382813,-2.59844255447388,3.08849811553955,-1.3912740945816,K,8
OUTPUT,NaN,NaN,NaN,NaN,NaN,NaN

INPUT,0.394138097763062,0.038371667265892,0.774247109889984,-2.62213635444641,3.08672618865967,-1.36462330818176,K,9
OUTPUT,NaN,NaN,NaN,NaN,NaN,NaN

INPUT,0.377847820520401,0.0542686469852924,0.714517951011658,-2.17522239685059,2.98604893684387,-1.75647079944611,K,4
OUTPUT,NaN,NaN,NaN,NaN,NaN,NaN

INPUT,0.388628661632538,0.0584975555539131,0.729099929332733,-2.22312092781067,2.95609140396118,-1.71162605285645,K,5
OUTPUT,NaN,NaN,NaN,NaN,NaN,NaN

INPUT,0.399409502744675,0.0627264678478241,0.743681907653809,-2.27072644233704,2.92653131484985,-1.66623139381409,K,6
OUTPUT,NaN,NaN,NaN,NaN,NaN,NaN

INPUT,0.407794624567032,0.0660156235098839,0.755023419857025,-2.3075225353241,2.90394377708435,-1.63077342510223,K,7
OUTPUT,NaN,NaN,NaN,NaN,NaN,NaN

INPUT,0.413783967494965,0.0683650225400925,0.763124525547028,-2.33365273475647,2.88808083534241,-1.60545063018799,K,8
OUTPUT,NaN,NaN,NaN,NaN,NaN,NaN

INPUT,0.417377591133118,0.0697746574878693,0.767985165119171,-2.34925889968872,2.87868618965149,-1.59028053283691,K,9
OUTPUT,NaN,NaN,NaN,NaN,NaN,NaN

INPUT,0.367994964122772,0.0449561923742294,0.714904367923737,-2.20583701133728,3.05365180969238,-1.88623380661011,K,4
OUTPUT,NaN,NaN,NaN,NaN,NaN,NaN

INPUT,0.377202183008194,0.0471127219498158,0.730154633522034,-2.24008250236511,3.03642392158508,-1.85068762302399,K,5
OUTPUT,NaN,NaN,NaN,NaN,NaN,NaN

INPUT,0.386409401893616,0.0492692515254021,0.745404958724976,-2.27454209327698,3.0193235874176,-1.81529247760773,K,6
OUTPUT,NaN,NaN,NaN,NaN,NaN,NaN

INPUT,0.39357054233551,0.0509465523064137,0.757266283035278,-2.30139303207397,3.00615334510803,-1.78787744045258,K,7
OUTPUT,NaN,NaN,NaN,NaN,NaN,NaN

INPUT,0.398685663938522,0.0521446242928505,0.765738725662231,-2.32056212425232,2.99683332443237,-1.76836884021759,K,8
OUTPUT,NaN,NaN,NaN,NaN,NaN,NaN

INPUT,0.40175473690033,0.0528634674847126,0.770822107791901,-2.33205032348633,2.99128127098083,-1.75669753551483,K,9
OUTPUT,NaN,NaN,NaN,NaN,NaN,NaN

INPUT,0.373005717992783,0.0371834151446819,0.717357873916626,-2.82321929931641,3.06054973602295,-2.01717376708984,K,4
OUTPUT,NaN,NaN,NaN,NaN,NaN,NaN

INPUT,0.382986098527908,0.0378116890788078,0.732708632946014,-2.90562701225281,3.0452299118042,-1.92642331123352,K,5
OUTPUT,NaN,NaN,NaN,NaN,NaN,NaN

INPUT,0.392966479063034,0.0384399592876434,0.748059391975403,-2.98922109603882,3.03062987327576,-1.83673453330994,K,6
OUTPUT,NaN,NaN,NaN,NaN,NaN,NaN

INPUT,0.40072900056839,0.0389286167919636,0.759998917579651,-3.05477833747864,3.01984333992004,-1.76742243766785,K,7
OUTPUT,NaN,NaN,NaN,NaN,NaN,NaN

INPUT,0.406273663043976,0.0392776541411877,0.768527090549469,-3.10181903839111,3.01247382164001,-1.71807539463043,K,8
OUTPUT,NaN,NaN,NaN,NaN,NaN,NaN

INPUT,0.409600436687469,0.0394870787858963,0.773644030094147,-3.13011479377747,3.00819444656372,-1.68851661682129,K,9
OUTPUT,NaN,NaN,NaN,NaN,NaN,NaN

INPUT,0.363122552633286,0.0329559147357941,0.723287761211395,0.884941279888153,3.13807415962219,1.55281519889832,K,4
OUTPUT,NaN,NaN,NaN,NaN,NaN,NaN

INPUT,0.369852155447006,0.0326537936925888,0.736527621746063,0.739557266235352,3.13704252243042,1.52769136428833,K,5
OUTPUT,NaN,NaN,NaN,NaN,NaN,NaN

INPUT,0.376581758260727,0.0323516763746738,0.749767482280731,0.625766634941101,3.13600659370422,1.5341614484787,K,6
OUTPUT,NaN,NaN,NaN,NaN,NaN,NaN

INPUT,0.381815910339355,0.0321166925132275,0.760065197944641,0.549263894557953,3.13520669937134,1.55119502544403,K,7
OUTPUT,NaN,NaN,NaN,NaN,NaN,NaN

INPUT,0.385554581880569,0.03194884583354,0.767420649528503,0.498789757490158,3.13464093208313,1.56753265857697,K,8
OUTPUT,NaN,NaN,NaN,NaN,NaN,NaN

INPUT,0.387797772884369,0.0318481400609016,0.771833956241608,0.469772309064865,3.13430428504944,1.57860219478607,K,9
OUTPUT,NaN,NaN,NaN,NaN,NaN,NaN

INPUT,0.372147917747498,0.0397467613220215,0.72120600938797,-2.4850332736969,3.05033755302429,-1.73949718475342,K,11
OUTPUT,NaN,NaN,NaN,NaN,NaN,NaN

INPUT,0.378413796424866,0.0403604283928871,0.732380092144012,-2.52831220626831,3.04029083251953,-1.69494891166687,K,12
OUTPUT,NaN,NaN,NaN,NaN,NaN,NaN

INPUT,0.384679645299911,0.0409740917384624,0.74355411529541,-2.57172679901123,3.03043937683105,-1.6504921913147,K,13
OUTPUT,NaN,NaN,NaN,NaN,NaN,NaN

INPUT,0.390945494174957,0.0415877588093281,0.754728198051453,-2.61524939537048,3.02080202102661,-1.60609567165375,K,14
OUTPUT,NaN,NaN,NaN,NaN,NaN,NaN

INPUT,0.397211372852325,0.0422014221549034,0.76590222120285,-2.65886092185974,3.01139760017395,-1.56173753738403,K,15
OUTPUT,NaN,NaN,NaN,NaN,NaN,NaN

INPUT,0.40285062789917,0.0427537225186825,0.775958895683289,-2.69817662239075,3.00314784049988,-1.52183544635773,K,16
OUTPUT,NaN,NaN,NaN,NaN,NaN,NaN

INPUT,0.407236725091934,0.0431832857429981,0.783780694007874,-2.72879409790039,2.99688053131104,-1.49080765247345,K,17
OUTPUT,NaN,NaN,NaN,NaN,NaN,NaN

INPUT,0.410369664430618,0.0434901192784309,0.789367735385895,-2.75068259239197,2.99248743057251,-1.46864700317383,K,18
OUTPUT,NaN,NaN,NaN,NaN,NaN,NaN

INPUT,0.4122494161129,0.0436742193996906,0.792719960212708,-2.76382279396057,2.98988604545593,-1.45535111427307,K,19
OUTPUT,NaN,NaN,NaN,NaN,NaN,NaN

INPUT,0.412876009941101,0.0437355861067772,0.793837368488312,-2.76820397377014,2.98902463912964,-1.45091903209686,K,20
OUTPUT,NaN,NaN,NaN,NaN,NaN,NaN

INPUT,0.366500169038773,0.0393753424286842,0.722489893436432,-2.2896511554718,3.09742569923401,-1.53733789920807,K,11
OUTPUT,NaN,NaN,NaN,NaN,NaN,NaN

INPUT,0.372101575136185,0.0399453341960907,0.73381519317627,-2.33221960067749,3.09260392189026,-1.49139010906219,K,12
OUTPUT,NaN,NaN,NaN,NaN,NaN,NaN

INPUT,0.377702981233597,0.0405153259634972,0.745140492916107,-2.37509369850159,3.08787775039673,-1.44573736190796,K,13
OUTPUT,NaN,NaN,NaN,NaN,NaN,NaN

INPUT,0.383304357528687,0.0410853177309036,0.756465792655945,-2.4181957244873,3.08325695991516,-1.40030181407928,K,14
OUTPUT,NaN,NaN,NaN,NaN,NaN,NaN

INPUT,0.388905733823776,0.0416553094983101,0.767791092395782,-2.46147298812866,3.0787501335144,-1.35502958297729,K,15
OUTPUT,NaN,NaN,NaN,NaN,NaN,NaN

INPUT,0.393947005271912,0.0421683043241501,0.777983844280243,-2.50054168701172,3.07479882240295,-1.31439304351807,K,16
OUTPUT,NaN,NaN,NaN,NaN,NaN,NaN

INPUT,0.397867977619171,0.0425672978162766,0.785911560058594,-2.53099250793457,3.07179880142212,-1.28284382820129,K,17
OUTPUT,NaN,NaN,NaN,NaN,NaN,NaN

INPUT,0.400668650865555,0.0428522936999798,0.79157418012619,-2.55277299880981,3.06969666481018,-1.26033449172974,K,18
OUTPUT,NaN,NaN,NaN,NaN,NaN,NaN

INPUT,0.402349084615707,0.0430232919752598,0.794971764087677,-2.56585192680359,3.06845211982727,-1.24683821201324,K,19
OUTPUT,NaN,NaN,NaN,NaN,NaN,NaN

INPUT,0.402909219264984,0.0430802926421165,0.796104311943054,-2.57021331787109,3.06804013252258,-1.24234080314636,K,20
OUTPUT,NaN,NaN,NaN,NaN,NaN,NaN

INPUT,0.3645239174366,0.039556510746479,0.721832036972046,-2.26788711547852,3.09728360176086,-1.57335317134857,K,11
OUTPUT,NaN,NaN,NaN,NaN,NaN,NaN

INPUT,0.369892925024033,0.0401476919651031,0.733080089092255,-2.30706596374512,3.09240293502808,-1.53081512451172,K,12
OUTPUT,NaN,NaN,NaN,NaN,NaN,NaN

INPUT,0.375261932611465,0.0407388731837273,0.744328141212463,-2.34655094146729,3.08760404586792,-1.48857319355011,K,13
OUTPUT,NaN,NaN,NaN,NaN,NaN,NaN

INPUT,0.380630940198898,0.0413300544023514,0.755576193332672,-2.38626408576965,3.08289527893066,-1.44654929637909,K,14
OUTPUT,NaN,NaN,NaN,NaN,NaN,NaN

INPUT,0.385999947786331,0.0419212356209755,0.766824245452881,-2.4261531829834,3.07828450202942,-1.40468990802765,K,15
OUTPUT,NaN,NaN,NaN,NaN,NaN,NaN

INPUT,0.390832036733627,0.042453296482563,0.776947498321533,-2.46217226982117,3.07422471046448,-1.36712551116943,K,16
OUTPUT,NaN,NaN,NaN,NaN,NaN,NaN

INPUT,0.394590348005295,0.042867124080658,0.784821152687073,-2.4902515411377,3.07113003730774,-1.33796608448029,K,17
OUTPUT,NaN,NaN,NaN,NaN,NaN,NaN

INPUT,0.397274851799011,0.04316271468997,0.7904452085495,-2.51033806800842,3.06895446777344,-1.31716406345367,K,18
OUTPUT,NaN,NaN,NaN,NaN,NaN,NaN

INPUT,0.398885548114777,0.0433400683104992,0.793819606304169,-2.52240061759949,3.06766390800476,-1.30469214916229,K,19
OUTPUT,NaN,NaN,NaN,NaN,NaN,NaN

INPUT,0.399422436952591,0.0433991849422455,0.794944405555725,-2.52642345428467,3.06723594665527,-1.30053627490997,K,20
OUTPUT,NaN,NaN,NaN,NaN,NaN,NaN

INPUT,0.370707124471664,0.0429413169622421,0.721149325370789,-2.22336673736572,3.06169891357422,-1.64978337287903,K,11
OUTPUT,NaN,NaN,NaN,NaN,NaN,NaN

INPUT,0.376803934574127,0.0439308881759644,0.732315897941589,-2.25627255439758,3.05268740653992,-1.61514949798584,K,12
OUTPUT,NaN,NaN,NaN,NaN,NaN,NaN

INPUT,0.382900774478912,0.0449204593896866,0.743482530117035,-2.28935027122498,3.04377722740173,-1.58066058158875,K,13
OUTPUT,NaN,NaN,NaN,NaN,NaN,NaN

INPUT,0.388997584581375,0.0459100306034088,0.754649102687836,-2.32255959510803,3.03497838973999,-1.54627394676208,K,14
OUTPUT,NaN,NaN,NaN,NaN,NaN,NaN

INPUT,0.395094394683838,0.046899601817131,0.765815675258636,-2.35587382316589,3.02630138397217,-1.51196074485779,K,15
OUTPUT,NaN,NaN,NaN,NaN,NaN,NaN

INPUT,0.400581538677216,0.0477902181446552,0.775865614414215,-2.38593077659607,3.01860404014587,-1.48112440109253,K,16
OUTPUT,NaN,NaN,NaN,NaN,NaN,NaN

INPUT,0.404849320650101,0.0484829172492027,0.783682227134705,-2.40935015678406,3.01269555091858,-1.45716261863708,K,17
OUTPUT,NaN,NaN,NaN,NaN,NaN,NaN

INPUT,0.407897740602493,0.0489777028560638,0.78926557302475,-2.42609858512878,3.00851917266846,-1.44005620479584,K,18
OUTPUT,NaN,NaN,NaN,NaN,NaN,NaN

INPUT,0.409726768732071,0.0492745712399483,0.792615532875061,-2.43615508079529,3.00603151321411,-1.42979538440704,K,19
OUTPUT,NaN,NaN,NaN,NaN,NaN,NaN

INPUT,0.410336464643478,0.0493735298514366,0.793732166290283,-2.43950843811035,3.00520539283752,-1.42637550830841,K,20
OUTPUT,NaN,NaN,NaN,NaN,NaN,NaN

INPUT,0.37253600358963,0.038956381380558,0.71643078327179,-2.47928810119629,3.05008673667908,-1.75373613834381,K,4
OUTPUT,NaN,NaN,NaN,NaN,NaN,NaN

INPUT,0.382465124130249,0.0399279743432999,0.731688141822815,-2.55488300323486,3.03291893005371,-1.67290651798248,K,5
OUTPUT,NaN,NaN,NaN,NaN,NaN,NaN

INPUT,0.392394214868546,0.0408995673060417,0.74694550037384,-2.6312530040741,3.01641416549683,-1.59270858764648,K,6
OUTPUT,NaN,NaN,NaN,NaN,NaN,NaN

INPUT,0.400116831064224,0.0416552498936653,0.758812308311462,-2.69101762771606,3.00410127639771,-1.5305894613266,K,7
OUTPUT,NaN,NaN,NaN,NaN,NaN,NaN

INPUT,0.405633002519608,0.042195025831461,0.767288625240326,-2.73385667800903,2.99561548233032,-1.48630702495575,K,8
OUTPUT,NaN,NaN,NaN,NaN,NaN,NaN

INPUT,0.408942699432373,0.042518887668848,0.772374391555786,-2.75961112976074,2.99065542221069,-1.45976340770721,K,9
OUTPUT,NaN,NaN,NaN,NaN,NaN,NaN

INPUT,0.367165565490723,0.0388715267181396,0.716875493526459,-2.29792714118958,3.09684324264526,-1.56483995914459,K,4
OUTPUT,NaN,NaN,NaN,NaN,NaN,NaN

INPUT,0.376299858093262,0.0397752188146114,0.732568025588989,-2.3672513961792,3.08872890472412,-1.47676944732666,K,5
OUTPUT,NaN,NaN,NaN,NaN,NaN,NaN

INPUT,0.385434180498123,0.0406789109110832,0.74826055765152,-2.43904972076416,3.0809383392334,-1.39113974571228,K,6
OUTPUT,NaN,NaN,NaN,NaN,NaN,NaN

INPUT,0.392538636922836,0.0413817837834358,0.760465860366821,-2.49600338935852,3.07513475418091,-1.32562470436096,K,7
OUTPUT,NaN,NaN,NaN,NaN,NaN,NaN

INPUT,0.397613257169724,0.0418838337063789,0.769183933734894,-2.53711605072021,3.07113981246948,-1.27924561500549,K,8
OUTPUT,NaN,NaN,NaN,NaN,NaN,NaN

INPUT,0.400658041238785,0.0421850644052029,0.774414777755737,-2.56192350387573,3.06880688667297,-1.25155210494995,K,9
OUTPUT,NaN,NaN,NaN,NaN,NaN,NaN

INPUT,0.373881161212921,0.0399600975215435,0.731625139713287,-2.33967304229736,3.0885055065155,-1.51761865615845,K,5
OUTPUT,NaN,NaN,NaN,NaN,NaN,NaN

INPUT,0.382639229297638,0.0408894941210747,0.747240006923676,-2.40565729141235,3.08055448532104,-1.43825447559357,K,6
OUTPUT,NaN,NaN,NaN,NaN,NaN,NaN

INPUT,0.389451026916504,0.0416123606264591,0.759384870529175,-2.45806932449341,3.0745894908905,-1.37759387493134,K,7
OUTPUT,NaN,NaN,NaN,NaN,NaN,NaN

INPUT,0.394316613674164,0.0421286933124065,0.768059730529785,-2.49593043327332,3.07045817375183,-1.33467543125153,K,8
OUTPUT,NaN,NaN,NaN,NaN,NaN,NaN

INPUT,0.397235959768295,0.0424384921789169,0.773264706134796,-2.51878476142883,3.06803441047668,-1.30905652046204,K,9
OUTPUT,NaN,NaN,NaN,NaN,NaN,NaN

INPUT,0.371178567409515,0.0418530851602554,0.715992450714111,-2.22124552726746,3.06090545654297,-1.66351759433746,K,4
OUTPUT,NaN,NaN,NaN,NaN,NaN,NaN

INPUT,0.380994319915771,0.0433789268136024,0.731325626373291,-2.2778754234314,3.04563522338867,-1.59972941875458,K,5
OUTPUT,NaN,NaN,NaN,NaN,NaN,NaN

INPUT,0.390810072422028,0.0449047721922398,0.746658861637115,-2.33552312850952,3.03071141242981,-1.53687155246735,K,6
OUTPUT,NaN,NaN,NaN,NaN,NaN,NaN

INPUT,0.398444533348083,0.0460915379226208,0.758584678173065,-2.3808286190033,3.01937866210938,-1.48838293552399,K,7
OUTPUT,NaN,NaN,NaN,NaN,NaN,NaN

INPUT,0.403897732496262,0.0469392314553261,0.767103135585785,-2.4133768081665,3.01144671440125,-1.45389652252197,K,8
OUTPUT,NaN,NaN,NaN,NaN,NaN,NaN

INPUT,0.40716964006424,0.0474478453397751,0.772214233875275,-2.43296837806702,3.00675678253174,-1.43325078487396,K,9
OUTPUT,NaN,NaN,NaN,NaN,NaN,NaN

INPUT,0.372557818889618,0.0541611760854721,0.719070434570313,-2.06650853157043,3.00678563117981,-1.7494193315506,K,11
OUTPUT,NaN,NaN,NaN,NaN,NaN,NaN

INPUT,0.378872007131577,0.0564706064760685,0.729993402957916,-2.08477807044983,2.99107217788696,-1.730055809021,K,12
OUTPUT,NaN,NaN,NaN,NaN,NaN,NaN

INPUT,0.385186225175858,0.0587800368666649,0.74091637134552,-2.10314226150513,2.9754376411438,-1.71080482006073,K,13
OUTPUT,NaN,NaN,NaN,NaN,NaN,NaN

INPUT,0.391500413417816,0.0610894672572613,0.751839399337769,-2.12156128883362,2.95990014076233,-1.69165301322937,K,14
OUTPUT,NaN,NaN,NaN,NaN,NaN,NaN

INPUT,0.397814601659775,0.0633988976478577,0.762762367725372,-2.1400032043457,2.94447731971741,-1.6725949048996,K,15
OUTPUT,NaN,NaN,NaN,NaN,NaN,NaN

INPUT,0.403497397899628,0.0654773861169815,0.772593021392822,-2.1565990447998,2.93070888519287,-1.65552282333374,K,16
OUTPUT,NaN,NaN,NaN,NaN,NaN,NaN

INPUT,0.407917350530624,0.0670939832925797,0.780239105224609,-2.16949486732483,2.920081615448,-1.642298579216,K,17
OUTPUT,NaN,NaN,NaN,NaN,NaN,NaN

INPUT,0.411074429750443,0.0682486966252327,0.785700619220734,-2.17869544029236,2.91253757476807,-1.63288283348083,K,18
OUTPUT,NaN,NaN,NaN,NaN,NaN,NaN

INPUT,0.412968695163727,0.0689415261149406,0.78897750377655,-2.18421006202698,2.90803098678589,-1.62724566459656,K,19
OUTPUT,NaN,NaN,NaN,NaN,NaN,NaN

INPUT,0.413600116968155,0.0691724717617035,0.790069818496704,-2.18604731559753,2.90653204917908,-1.62536871433258,K,20
OUTPUT,NaN,NaN,NaN,NaN,NaN,NaN

INPUT,0.377587884664536,0.0397828482091427,0.720569252967834,-2.52182650566101,3.03070187568665,-1.95936977863312,K,11
OUTPUT,NaN,NaN,NaN,NaN,NaN,NaN

INPUT,0.384493678808212,0.0404007099568844,0.731668651103973,-2.55456018447876,3.01816821098328,-1.92579710483551,K,12
OUTPUT,NaN,NaN,NaN,NaN,NaN,NaN

INPUT,0.391399472951889,0.0410185754299164,0.742768108844757,-2.58739614486694,3.00576996803284,-1.89227604866028,K,13
OUTPUT,NaN,NaN,NaN,NaN,NaN,NaN

INPUT,0.398305267095566,0.0416364371776581,0.753867506980896,-2.62031674385071,2.99352097511292,-1.8587840795517,K,14
OUTPUT,NaN,NaN,NaN,NaN,NaN,NaN

INPUT,0.405211091041565,0.0422543026506901,0.76496696472168,-2.65331077575684,2.98143458366394,-1.82530546188354,K,15
OUTPUT,NaN,NaN,NaN,NaN,NaN,NaN

INPUT,0.411426305770874,0.0428103804588318,0.774956405162811,-2.68306183815002,2.97070717811584,-1.79517638683319,K,16
OUTPUT,NaN,NaN,NaN,NaN,NaN,NaN

INPUT,0.416260361671448,0.0432428829371929,0.782725989818573,-2.70623564720154,2.96246862411499,-1.77173936367035,K,17
OUTPUT,NaN,NaN,NaN,NaN,NaN,NaN

INPUT,0.419713258743286,0.0435518175363541,0.788275718688965,-2.72280597686768,2.95664310455322,-1.75499534606934,K,18
OUTPUT,NaN,NaN,NaN,NaN,NaN,NaN

INPUT,0.421784996986389,0.0437371730804443,0.791605532169342,-2.73275518417358,2.95317220687866,-1.7449471950531,K,19
OUTPUT,NaN,NaN,NaN,NaN,NaN,NaN

INPUT,0.422475576400757,0.0437989607453346,0.792715489864349,-2.73607277870178,2.95201921463013,-1.74159753322601,K,20
OUTPUT,NaN,NaN,NaN,NaN,NaN,NaN

INPUT,0.356111615896225,0.0212394762784243,0.732399702072144,1.01889312267303,3.08976244926453,1.4682275056839,K,12
OUTPUT,NaN,NaN,NaN,NaN,NaN,NaN

INPUT,0.360029846429825,0.0198404006659985,0.743575990200043,0.993949472904205,3.08434224128723,1.49058508872986,K,13
OUTPUT,NaN,NaN,NaN,NaN,NaN,NaN

INPUT,0.363948047161102,0.0184413269162178,0.754752278327942,0.969225168228149,3.07895398139954,1.51316952705383,K,14
OUTPUT,NaN,NaN,NaN,NaN,NaN,NaN

INPUT,0.367866277694702,0.017042251303792,0.765928566455841,0.944665908813477,3.07360076904297,1.53592705726624,K,15
OUTPUT,NaN,NaN,NaN,NaN,NaN,NaN

INPUT,0.371392667293549,0.0157830845564604,0.775987207889557,0.922671794891357,3.06881523132324,1.556525349617,K,16
OUTPUT,NaN,NaN,NaN,NaN,NaN,NaN

INPUT,0.374135434627533,0.0148037308827043,0.783810615539551,0.905622899532318,3.06511569023132,1.57260882854462,K,17
OUTPUT,NaN,NaN,NaN,NaN,NaN,NaN

INPUT,0.376094549894333,0.0141041949391365,0.789398729801178,0.893471300601959,3.06248593330383,1.58412611484528,K,18
OUTPUT,NaN,NaN,NaN,NaN,NaN,NaN

INPUT,0.377270013093948,0.0136844720691442,0.792751610279083,0.886189579963684,3.06091356277466,1.59104692935944,K,19
OUTPUT,NaN,NaN,NaN,NaN,NaN,NaN

INPUT,0.377661824226379,0.0135445650666952,0.793869256973267,0.88376384973526,3.06039023399353,1.59335553646088,K,20
OUTPUT,NaN,NaN,NaN,NaN,NaN,NaN

INPUT,0.374670058488846,0.0426286943256855,0.719965040683746,-2.4867799282074,3.03054571151733,-1.7320249080658,K,11
OUTPUT,NaN,NaN,NaN,NaN,NaN,NaN

INPUT,0.381233036518097,0.0435815863311291,0.730992376804352,-2.53076553344727,3.01831579208374,-1.6870288848877,K,12
OUTPUT,NaN,NaN,NaN,NaN,NaN,NaN

INPUT,0.387795984745026,0.0445344746112823,0.742019653320313,-2.57487487792969,3.00632953643799,-1.64209008216858,K,13
OUTPUT,NaN,NaN,NaN,NaN,NaN,NaN

INPUT,0.394358932971954,0.0454873628914356,0.753046989440918,-2.61908650398254,2.99461078643799,-1.59718227386475,K,14
OUTPUT,NaN,NaN,NaN,NaN,NaN,NaN

INPUT,0.400921881198883,0.0464402511715889,0.764074325561523,-2.66338729858398,2.98318290710449,-1.5522872209549,K,15
OUTPUT,NaN,NaN,NaN,NaN,NaN,NaN

INPUT,0.406828552484512,0.0472978502511978,0.773998916149139,-2.7033257484436,2.97316551208496,-1.51188158988953,K,16
OUTPUT,NaN,NaN,NaN,NaN,NaN,NaN

INPUT,0.411422610282898,0.0479648746550083,0.781718015670776,-2.73443031311035,2.96556067466736,-1.48045015335083,K,17
OUTPUT,NaN,NaN,NaN,NaN,NaN,NaN

INPUT,0.414704114198685,0.0484413169324398,0.787231683731079,-2.75666880607605,2.96023297309875,-1.45799458026886,K,18
OUTPUT,NaN,NaN,NaN,NaN,NaN,NaN

INPUT,0.416672974824905,0.0487271845340729,0.790539860725403,-2.77002000808716,2.95707941055298,-1.44451916217804,K,19
OUTPUT,NaN,NaN,NaN,NaN,NaN,NaN

INPUT,0.417329281568527,0.0488224737346172,0.791642606258392,-2.77447175979614,2.95603561401367,-1.44002687931061,K,20
OUTPUT,NaN,NaN,NaN,NaN,NaN,NaN

INPUT,0.38178288936615,0.0512812100350857,0.705084204673767,-2.40725088119507,2.97219395637512,-1.92984688282013,K,10
OUTPUT,NaN,NaN,NaN,NaN,NaN,NaN

INPUT,0.390169024467468,0.053514551371336,0.715599000453949,-2.43889570236206,2.95024061203003,-1.89749920368195,K,11
OUTPUT,NaN,NaN,NaN,NaN,NaN,NaN

INPUT,0.398555129766464,0.0557478927075863,0.726113736629486,-2.47067928314209,2.92848253250122,-1.86515641212463,K,12
OUTPUT,NaN,NaN,NaN,NaN,NaN,NaN

INPUT,0.406941264867783,0.0579812340438366,0.736628472805023,-2.50258874893188,2.90694212913513,-1.83279061317444,K,13
OUTPUT,NaN,NaN,NaN,NaN,NaN,NaN

INPUT,0.415327370166779,0.0602145716547966,0.74714320898056,-2.53461766242981,2.88564276695251,-1.80038166046143,K,14
OUTPUT,NaN,NaN,NaN,NaN,NaN,NaN

INPUT,0.423713475465775,0.0624479129910469,0.757657945156097,-2.56676316261292,2.86460661888123,-1.7679135799408,K,15
OUTPUT,NaN,NaN,NaN,NaN,NaN,NaN

INPUT,0.431261003017426,0.0644579231739044,0.767121195793152,-2.59579372406006,2.84591817855835,-1.7386314868927,K,16
OUTPUT,NaN,NaN,NaN,NaN,NaN,NaN

INPUT,0.437131285667419,0.0660212561488152,0.774481534957886,-2.61843919754028,2.83155345916748,-1.71581125259399,K,17
OUTPUT,NaN,NaN,NaN,NaN,NaN,NaN

INPUT,0.441324323415756,0.0671379268169403,0.779738903045654,-2.63465023040771,2.8213894367218,-1.69948482513428,K,18
OUTPUT,NaN,NaN,NaN,NaN,NaN,NaN

INPUT,0.443840175867081,0.0678079277276993,0.782893300056458,-2.64439129829407,2.81533074378967,-1.68967795372009,K,19
OUTPUT,NaN,NaN,NaN,NaN,NaN,NaN

INPUT,0.444678783416748,0.0680312663316727,0.78394478559494,-2.64764070510864,2.8133180141449,-1.6864070892334,K,20
OUTPUT,NaN,NaN,NaN,NaN,NaN,NaN

INPUT,0.373361855745316,0.0464333072304726,0.721900999546051,-2.34616088867188,3.06067276000977,-1.77343547344208,K,11
OUTPUT,NaN,NaN,NaN,NaN,NaN,NaN

INPUT,0.379770666360855,0.0478334315121174,0.733157217502594,-2.37910223007202,3.05155467987061,-1.73893511295319,K,12
OUTPUT,NaN,NaN,NaN,NaN,NaN,NaN

INPUT,0.386179506778717,0.0492335595190525,0.744413435459137,-2.41220021247864,3.04253888130188,-1.70456373691559,K,13
OUTPUT,NaN,NaN,NaN,NaN,NaN,NaN

INPUT,0.392588347196579,0.0506336875259876,0.75566965341568,-2.4454185962677,3.03363537788391,-1.67028295993805,K,14
OUTPUT,NaN,NaN,NaN,NaN,NaN,NaN

INPUT,0.398997157812119,0.0520338155329227,0.766925811767578,-2.4787335395813,3.02485489845276,-1.63606655597687,K,15
OUTPUT,NaN,NaN,NaN,NaN,NaN,NaN

INPUT,0.404765099287033,0.0532939285039902,0.777056396007538,-2.50878548622131,3.01706552505493,-1.60531079769135,K,16
OUTPUT,NaN,NaN,NaN,NaN,NaN,NaN

INPUT,0.409251302480698,0.0542740188539028,0.784935772418976,-2.53219842910767,3.01108646392822,-1.58140850067139,K,17
OUTPUT,NaN,NaN,NaN,NaN,NaN,NaN

INPUT,0.412455707788467,0.0549740791320801,0.790563881397247,-2.54894065856934,3.00685977935791,-1.56434309482574,K,18
OUTPUT,NaN,NaN,NaN,NaN,NaN,NaN

INPUT,0.414378345012665,0.0553941167891026,0.793940722942352,-2.55899286270142,3.00434231758118,-1.55410623550415,K,19
OUTPUT,NaN,NaN,NaN,NaN,NaN,NaN

INPUT,0.415019243955612,0.0555341318249702,0.795066356658936,-2.562344789505,3.00350618362427,-1.55069434642792,K,20
OUTPUT,NaN,NaN,NaN,NaN,NaN,NaN

INPUT,0.358603447675705,0.0348405987024307,0.734004735946655,0.814541935920715,3.12593674659729,1.3962996006012,K,12
OUTPUT,NaN,NaN,NaN,NaN,NaN,NaN

INPUT,0.362784177064896,0.0348730534315109,0.745350062847137,0.78021228313446,3.12426161766052,1.42318975925446,K,13
OUTPUT,NaN,NaN,NaN,NaN,NaN,NaN

INPUT,0.366964906454086,0.0349055081605911,0.756695330142975,0.746535301208496,3.12260270118713,1.45073342323303,K,14
OUTPUT,NaN,NaN,NaN,NaN,NaN,NaN

INPUT,0.371145635843277,0.0349379628896713,0.768040657043457,0.71334844827652,3.12096118927002,1.47876799106598,K,15
OUTPUT,NaN,NaN,NaN,NaN,NaN,NaN

INPUT,0.374908298254013,0.0349671728909016,0.778251469135284,0.683805286884308,3.11950016021729,1.50432515144348,K,16
OUTPUT,NaN,NaN,NaN,NaN,NaN,NaN

INPUT,0.377834796905518,0.0349898934364319,0.786193192005157,0.660999536514282,3.11837553977966,1.52437579631805,K,17
OUTPUT,NaN,NaN,NaN,NaN,NaN,NaN

INPUT,0.379925161600113,0.035006120800972,0.791865885257721,0.644788265228271,3.11757850646973,1.53877651691437,K,18
OUTPUT,NaN,NaN,NaN,NaN,NaN,NaN

INPUT,0.381179392337799,0.0350158587098122,0.79526948928833,0.635089695453644,3.117103099823,1.54744529724121,K,19
OUTPUT,NaN,NaN,NaN,NaN,NaN,NaN

INPUT,0.381597459316254,0.0350191034376621,0.796404004096985,0.631861209869385,3.11694502830505,1.55033934116364,K,20
OUTPUT,NaN,NaN,NaN,NaN,NaN,NaN

INPUT,0.383403420448303,0.0500164888799191,0.703925967216492,-2.41154861450195,2.96488738059998,-1.92580699920654,K,4
OUTPUT,NaN,NaN,NaN,NaN,NaN,NaN

INPUT,0.398120522499084,0.0539758577942848,0.720095992088318,-2.47338962554932,2.9234516620636,-1.86263918876648,K,5
OUTPUT,NaN,NaN,NaN,NaN,NaN,NaN

INPUT,0.412837624549866,0.0579352341592312,0.736266076564789,-2.53572130203247,2.8828649520874,-1.79939985275269,K,6
OUTPUT,NaN,NaN,NaN,NaN,NaN,NaN

INPUT,0.424284249544144,0.0610147416591644,0.748842775821686,-2.58451271057129,2.85198974609375,-1.75007569789886,K,7
OUTPUT,NaN,NaN,NaN,NaN,NaN,NaN

INPUT,0.432460427284241,0.0632143914699554,0.757826089859009,-2.61952829360962,2.8303542137146,-1.71474325656891,K,8
OUTPUT,NaN,NaN,NaN,NaN,NaN,NaN

INPUT,0.437366127967834,0.0645341873168945,0.763216137886047,-2.64060425758362,2.81755352020264,-1.69349730014801,K,9
OUTPUT,NaN,NaN,NaN,NaN,NaN,NaN

INPUT,0.372894436120987,0.051777295768261,0.7142493724823,-2.05817651748657,3.00553226470947,-1.75315546989441,K,4
OUTPUT,NaN,NaN,NaN,NaN,NaN,NaN

INPUT,0.382957816123962,0.0553749948740005,0.729170978069305,-2.09199237823486,2.97898817062378,-1.71937203407288,K,5
OUTPUT,NaN,NaN,NaN,NaN,NaN,NaN

INPUT,0.393021196126938,0.0589726902544498,0.744092583656311,-2.12587642669678,2.95262932777405,-1.68551111221313,K,6
OUTPUT,NaN,NaN,NaN,NaN,NaN,NaN

INPUT,0.400848299264908,0.0617708973586559,0.755698204040527,-2.15222954750061,2.93231964111328,-1.65917217731476,K,7
OUTPUT,NaN,NaN,NaN,NaN,NaN,NaN

INPUT,0.406439065933228,0.0637696161866188,0.763988018035889,-2.17103052139282,2.91794300079346,-1.6403796672821,K,8
OUTPUT,NaN,NaN,NaN,NaN,NaN,NaN

INPUT,0.409793525934219,0.0649688467383385,0.768961846828461,-2.18229556083679,2.90937685966492,-1.62911903858185,K,9
OUTPUT,NaN,NaN,NaN,NaN,NaN,NaN

INPUT,0.378147423267365,0.0387417934834957,0.716774821281433,-2.50702857971191,3.03025937080383,-1.96071624755859,K,4
OUTPUT,NaN,NaN,NaN,NaN,NaN,NaN

INPUT,0.388964623212814,0.0396868959069252,0.731677532196045,-2.56810903549194,3.00884342193604,-1.90341484546661,K,5
OUTPUT,NaN,NaN,NaN,NaN,NaN,NaN

INPUT,0.399781823158264,0.0406319983303547,0.746580183506012,-2.62875294685364,2.98789119720459,-1.84550988674164,K,6
OUTPUT,NaN,NaN,NaN,NaN,NaN,NaN

INPUT,0.408195227384567,0.0413670800626278,0.758171141147614,-2.67575407028198,2.97196364402771,-1.80017685890198,K,7
OUTPUT,NaN,NaN,NaN,NaN,NaN,NaN

INPUT,0.414204776287079,0.0418921373784542,0.76645040512085,-2.70927476882935,2.96080541610718,-1.76766967773438,K,8
OUTPUT,NaN,NaN,NaN,NaN,NaN,NaN

INPUT,0.417810529470444,0.0422071702778339,0.771417915821075,-2.72937440872192,2.95420360565186,-1.74812078475952,K,9
OUTPUT,NaN,NaN,NaN,NaN,NaN,NaN

INPUT,0.374945789575577,0.0415844172239304,0.715547323226929,-2.47866892814636,3.03027606010437,-1.74462723731995,K,4
OUTPUT,NaN,NaN,NaN,NaN,NaN,NaN

INPUT,0.385253310203552,0.043149795383215,0.730486989021301,-2.55631971359253,3.0093674659729,-1.66366422176361,K,5
OUTPUT,NaN,NaN,NaN,NaN,NaN,NaN

INPUT,0.395560801029205,0.0447151735424995,0.745426595211029,-2.63452339172363,2.98928833007813,-1.5830385684967,K,6
OUTPUT,NaN,NaN,NaN,NaN,NaN,NaN

INPUT,0.403577744960785,0.0459326878190041,0.757046282291412,-2.69562673568726,2.97432708740234,-1.52044486999512,K,7
OUTPUT,NaN,NaN,NaN,NaN,NaN,NaN

INPUT,0.409304141998291,0.0468023419380188,0.765346109867096,-2.73939347267151,2.96402740478516,-1.47576427459717,K,8
OUTPUT,NaN,NaN,NaN,NaN,NaN,NaN

INPUT,0.412739992141724,0.0473241358995438,0.770326018333435,-2.76569700241089,2.958012342453,-1.44896101951599,K,9
OUTPUT,NaN,NaN,NaN,NaN,NaN,NaN

INPUT,0.374021083116531,0.0453243888914585,0.717291951179504,-2.33993983268738,3.05993676185608,-1.78301584720612,K,4
OUTPUT,NaN,NaN,NaN,NaN,NaN,NaN

INPUT,0.384263694286346,0.0476280674338341,0.732635617256165,-2.39817714691162,3.04446768760681,-1.72101759910583,K,5
OUTPUT,NaN,NaN,NaN,NaN,NaN,NaN

INPUT,0.394506305456161,0.0499317497014999,0.74797922372818,-2.45697116851807,3.02934861183167,-1.65948688983917,K,6
OUTPUT,NaN,NaN,NaN,NaN,NaN,NaN

INPUT,0.402472764253616,0.0517234988510609,0.759913146495819,-2.5029628276825,3.01786708831787,-1.61182343959808,K,7
OUTPUT,NaN,NaN,NaN,NaN,NaN,NaN

INPUT,0.408163100481033,0.0530033186078072,0.768437385559082,-2.53592228889465,3.00983023643494,-1.57784640789032,K,8
OUTPUT,NaN,NaN,NaN,NaN,NaN,NaN

INPUT,0.411577314138412,0.0537712126970291,0.773551881313324,-2.55573511123657,3.00507807731628,-1.55748009681702,K,9
OUTPUT,NaN,NaN,NaN,NaN,NaN,NaN

INPUT,0.362362325191498,0.0205908715724945,0.736169159412384,1.00346374511719,3.08364963531494,1.50260436534882,K,5
OUTPUT,NaN,NaN,NaN,NaN,NaN,NaN

INPUT,0.368240565061569,0.0185057204216719,0.749764919281006,0.959068894386292,3.07516312599182,1.53419947624207,K,6
OUTPUT,NaN,NaN,NaN,NaN,NaN,NaN

INPUT,0.372812509536743,0.0168839376419783,0.760339379310608,0.925635874271393,3.06864237785339,1.5597425699234,K,7
OUTPUT,NaN,NaN,NaN,NaN,NaN,NaN

INPUT,0.376078188419342,0.0157255213707685,0.767892599105835,0.902232348918915,3.06403756141663,1.57833421230316,K,8
OUTPUT,NaN,NaN,NaN,NaN,NaN,NaN

INPUT,0.378037601709366,0.0150304716080427,0.772424519062042,0.888360798358917,3.06129884719849,1.58958995342255,K,9
OUTPUT,NaN,NaN,NaN,NaN,NaN,NaN

INPUT,0.359077543020248,0.0350126586854458,0.724941313266754,0.880182266235352,3.12734222412109,1.42658472061157,K,4
OUTPUT,NaN,NaN,NaN,NaN,NaN,NaN

INPUT,0.365143984556198,0.0350914299488068,0.738565444946289,0.806724369525909,3.12452363967896,1.4520081281662,K,5
OUTPUT,NaN,NaN,NaN,NaN,NaN,NaN

INPUT,0.371210426092148,0.0351702012121677,0.752189517021179,0.740043520927429,3.12173986434937,1.484210729599,K,6
OUTPUT,NaN,NaN,NaN,NaN,NaN,NaN

INPUT,0.37592875957489,0.0352314636111259,0.762786030769348,0.691369831562042,3.11961317062378,1.51213979721069,K,7
OUTPUT,NaN,NaN,NaN,NaN,NaN,NaN

INPUT,0.379299014806747,0.035275224596262,0.770354926586151,0.657929301261902,3.1181206703186,1.53311514854431,K,8
OUTPUT,NaN,NaN,NaN,NaN,NaN,NaN

INPUT,0.381321161985397,0.0353014841675758,0.774896323680878,0.638324677944183,3.11723732948303,1.5460022687912,K,9
OUTPUT,NaN,NaN,NaN,NaN,NaN,NaN

INPUT,0.366206735372543,0.040117621421814,0.721460223197937,-2.35805296897888,3.10169792175293,-1.66646289825439,K,11
OUTPUT,NaN,NaN,NaN,NaN,NaN,NaN

INPUT,0.371773719787598,0.0407748520374298,0.732664227485657,-2.39707374572754,3.0973162651062,-1.62411916255951,K,12
OUTPUT,NaN,NaN,NaN,NaN,NaN,NaN

INPUT,0.377340734004974,0.0414320789277554,0.743868231773376,-2.4363956451416,3.09300780296326,-1.58206868171692,K,13
OUTPUT,NaN,NaN,NaN,NaN,NaN,NaN

INPUT,0.382907688617706,0.0420893058180809,0.755072236061096,-2.47594237327576,3.08877968788147,-1.54023444652557,K,14
OUTPUT,NaN,NaN,NaN,NaN,NaN,NaN

INPUT,0.388474673032761,0.0427465364336967,0.766276240348816,-2.5156614780426,3.08463883399963,-1.49856376647949,K,15
OUTPUT,NaN,NaN,NaN,NaN,NaN,NaN

INPUT,0.393484979867935,0.0433380417525768,0.776359856128693,-2.55152559280396,3.08099246025085,-1.46116888523102,K,16
OUTPUT,NaN,NaN,NaN,NaN,NaN,NaN

INPUT,0.397381871938705,0.043798103928566,0.784202635288239,-2.57948279380798,3.07821249961853,-1.4321414232254,K,17
OUTPUT,NaN,NaN,NaN,NaN,NaN,NaN

INPUT,0.400165349245071,0.0441267155110836,0.789804637432098,-2.59948134422302,3.07625794410706,-1.41143381595612,K,18
OUTPUT,NaN,NaN,NaN,NaN,NaN,NaN

INPUT,0.401835441589355,0.0443238876760006,0.793165862560272,-2.61149120330811,3.07509827613831,-1.39901852607727,K,19
OUTPUT,NaN,NaN,NaN,NaN,NaN,NaN

INPUT,0.402392148971558,0.0443896092474461,0.794286251068115,-2.61549615859985,3.07471370697021,-1.3948814868927,K,20
OUTPUT,NaN,NaN,NaN,NaN,NaN,NaN

INPUT,0.358487010002136,0.036628745496273,0.722725450992584,-2.02275371551514,3.12475657463074,-1.69728577136993,K,11
OUTPUT,NaN,NaN,NaN,NaN,NaN,NaN

INPUT,0.363146364688873,0.0368756800889969,0.734077453613281,-2.03758978843689,3.12286114692688,-1.67365288734436,K,12
OUTPUT,NaN,NaN,NaN,NaN,NaN,NaN

INPUT,0.36780571937561,0.037122618407011,0.745429396629333,-2.05320954322815,3.12097525596619,-1.65086019039154,K,13
OUTPUT,NaN,NaN,NaN,NaN,NaN,NaN

INPUT,0.372465044260025,0.0373695529997349,0.756781399250031,-2.06939339637756,3.11910104751587,-1.62871599197388,K,14
OUTPUT,NaN,NaN,NaN,NaN,NaN,NaN

INPUT,0.37712436914444,0.037616491317749,0.768133342266083,-2.0859854221344,3.11724019050598,-1.60709238052368,K,15
OUTPUT,NaN,NaN,NaN,NaN,NaN,NaN

INPUT,0.381317794322968,0.0378387346863747,0.778350114822388,-2.10117244720459,3.1155788898468,-1.58800375461578,K,16
OUTPUT,NaN,NaN,NaN,NaN,NaN,NaN

INPUT,0.384579330682755,0.0380115881562233,0.786296486854553,-2.11310768127441,3.11429619789124,-1.57337057590485,K,17
OUTPUT,NaN,NaN,NaN,NaN,NaN,NaN

INPUT,0.386908978223801,0.0381350554525852,0.791972458362579,-2.12168312072754,3.11338543891907,-1.56302273273468,K,18
OUTPUT,NaN,NaN,NaN,NaN,NaN,NaN

INPUT,0.388306796550751,0.0382091365754604,0.795378088951111,-2.12684464454651,3.11284136772156,-1.55685353279114,K,19
OUTPUT,NaN,NaN,NaN,NaN,NaN,NaN

INPUT,0.38877272605896,0.0382338315248489,0.796513259410858,-2.12856769561768,3.11266040802002,-1.55480349063873,K,20
OUTPUT,NaN,NaN,NaN,NaN,NaN,NaN

INPUT,0.361696094274521,0.0419675447046757,0.722607493400574,-2.27266097068787,3.09957218170166,-1.80594027042389,K,11
OUTPUT,NaN,NaN,NaN,NaN,NaN,NaN

INPUT,0.366732686758041,0.0428426377475262,0.733945667743683,-2.29866313934326,3.09482359886169,-1.77704036235809,K,12
OUTPUT,NaN,NaN,NaN,NaN,NaN,NaN

INPUT,0.371769279241562,0.043717734515667,0.745283901691437,-2.32493495941162,3.09011054039001,-1.74840354919434,K,13
OUTPUT,NaN,NaN,NaN,NaN,NaN,NaN

INPUT,0.376805871725082,0.0445928238332272,0.756622076034546,-2.351407289505,3.08543610572815,-1.71996116638184,K,14
OUTPUT,NaN,NaN,NaN,NaN,NaN,NaN

INPUT,0.381842494010925,0.045467920601368,0.767960250377655,-2.37803435325623,3.08080387115479,-1.69166576862335,K,15
OUTPUT,NaN,NaN,NaN,NaN,NaN,NaN

INPUT,0.386375427246094,0.0462555028498173,0.778164684772491,-2.40210318565369,3.07667374610901,-1.66629803180695,K,16
OUTPUT,NaN,NaN,NaN,NaN,NaN,NaN

INPUT,0.389901041984558,0.0468680709600449,0.786101400852203,-2.42087984085083,3.07348895072937,-1.64661955833435,K,17
OUTPUT,NaN,NaN,NaN,NaN,NaN,NaN

INPUT,0.392419338226318,0.0473056174814701,0.79177051782608,-2.43431782722473,3.07122921943665,-1.63258719444275,K,18
OUTPUT,NaN,NaN,NaN,NaN,NaN,NaN

INPUT,0.393930315971375,0.047568142414093,0.795171976089478,-2.44239020347595,3.06987977027893,-1.62417602539063,K,19
OUTPUT,NaN,NaN,NaN,NaN,NaN,NaN

INPUT,0.394433975219727,0.0476556532084942,0.796305775642395,-2.44508242607117,3.06943106651306,-1.62137377262115,K,20
OUTPUT,NaN,NaN,NaN,NaN,NaN,NaN

INPUT,0.379631668329239,0.043524906039238,0.719384253025055,-2.32854151725769,3.01953411102295,-1.68773078918457,K,11
OUTPUT,NaN,NaN,NaN,NaN,NaN,NaN

INPUT,0.386778384447098,0.0445830635726452,0.730343341827393,-2.36580753326416,3.00584650039673,-1.64941310882568,K,12
OUTPUT,NaN,NaN,NaN,NaN,NaN,NaN

INPUT,0.393925130367279,0.0456412248313427,0.741302371025085,-2.40320420265198,2.99235248565674,-1.61115610599518,K,13
OUTPUT,NaN,NaN,NaN,NaN,NaN,NaN

INPUT,0.401071846485138,0.0466993823647499,0.752261459827423,-2.44070935249329,2.97907137870789,-1.57293200492859,K,14
OUTPUT,NaN,NaN,NaN,NaN,NaN,NaN

INPUT,0.408218562602997,0.0477575436234474,0.763220489025116,-2.4783091545105,2.96602249145508,-1.53472101688385,K,15
OUTPUT,NaN,NaN,NaN,NaN,NaN,NaN

INPUT,0.414650619029999,0.0487098880112171,0.773083686828613,-2.51222157478333,2.95449280738831,-1.50033032894135,K,16
OUTPUT,NaN,NaN,NaN,NaN,NaN,NaN

INPUT,0.419653326272964,0.0494505986571312,0.780755043029785,-2.53864240646362,2.94567441940308,-1.47357618808746,K,17
OUTPUT,NaN,NaN,NaN,NaN,NaN,NaN

INPUT,0.423226684331894,0.0499796792864799,0.786234557628632,-2.557537317276,2.93945980072021,-1.45446085929871,K,18
OUTPUT,NaN,NaN,NaN,NaN,NaN,NaN

INPUT,0.425370723009109,0.0502971261739731,0.789522290229797,-2.56888318061829,2.93576550483704,-1.44298911094666,K,19
OUTPUT,NaN,NaN,NaN,NaN,NaN,NaN

INPUT,0.426085382699966,0.0504029430449009,0.790618181228638,-2.57266640663147,2.93454003334045,-1.43916475772858,K,20
OUTPUT,NaN,NaN,NaN,NaN,NaN,NaN

INPUT,0.359973907470703,0.0361346825957298,0.722377479076385,-2.65826058387756,3.12160873413086,-1.87733173370361,K,11
OUTPUT,NaN,NaN,NaN,NaN,NaN,NaN

INPUT,0.364807546138763,0.0363233238458633,0.733689427375793,-2.70197176933289,3.11950588226318,-1.829185962677,K,12
OUTPUT,NaN,NaN,NaN,NaN,NaN,NaN

INPUT,0.369641214609146,0.0365119688212872,0.745001375675201,-2.74606609344482,3.11744952201843,-1.78142094612122,K,13
OUTPUT,NaN,NaN,NaN,NaN,NaN,NaN

INPUT,0.374474883079529,0.0367006100714207,0.756313383579254,-2.79044651985168,3.11544394493103,-1.73394012451172,K,14
OUTPUT,NaN,NaN,NaN,NaN,NaN,NaN

INPUT,0.379308521747589,0.0368892550468445,0.767625331878662,-2.83504629135132,3.11349368095398,-1.6866762638092,K,15
OUTPUT,NaN,NaN,NaN,NaN,NaN,NaN

INPUT,0.383658826351166,0.0370590314269066,0.777806103229523,-2.8753342628479,3.11178874969482,-1.64428472518921,K,16
OUTPUT,NaN,NaN,NaN,NaN,NaN,NaN

INPUT,0.387042373418808,0.0371910817921162,0.785724461078644,-2.90674877166748,3.11049771308899,-1.61139142513275,K,17
OUTPUT,NaN,NaN,NaN,NaN,NaN,NaN

INPUT,0.389459222555161,0.0372854061424732,0.79138046503067,-2.92922425270081,3.10959529876709,-1.58793199062347,K,18
OUTPUT,NaN,NaN,NaN,NaN,NaN,NaN

INPUT,0.390909314155579,0.0373419970273972,0.794774055480957,-2.94272255897522,3.10906171798706,-1.57386922836304,K,19
OUTPUT,NaN,NaN,NaN,NaN,NaN,NaN

INPUT,0.391392678022385,0.0373608618974686,0.795905232429504,-2.94722414016724,3.10888528823853,-1.56918358802795,K,20
OUTPUT,NaN,NaN,NaN,NaN,NaN,NaN

INPUT,0.375925540924072,0.0407342091202736,0.731229424476624,-2.42904663085938,3.09381103515625,-1.61037170886993,K,5
OUTPUT,NaN,NaN,NaN,NaN,NaN,NaN

INPUT,0.385037392377853,0.0418085306882858,0.746746003627777,-2.49498057365417,3.08667373657227,-1.53163242340088,K,6
OUTPUT,NaN,NaN,NaN,NaN,NaN,NaN

INPUT,0.39212441444397,0.0426441133022308,0.75881439447403,-2.54730272293091,3.08131814002991,-1.47141194343567,K,7
OUTPUT,NaN,NaN,NaN,NaN,NaN,NaN

INPUT,0.397186577320099,0.0432409569621086,0.76743471622467,-2.58507990837097,3.07760810852051,-1.428790807724,K,8
OUTPUT,NaN,NaN,NaN,NaN,NaN,NaN

INPUT,0.400223851203918,0.0435990616679192,0.772606909275055,-2.60787749290466,3.07543110847473,-1.40334475040436,K,9
OUTPUT,NaN,NaN,NaN,NaN,NaN,NaN

INPUT,0.370557367801666,0.0411998927593231,0.721311390399933,-2.34209656715393,3.07047581672668,-1.57900488376617,K,11
OUTPUT,NaN,NaN,NaN,NaN,NaN,NaN

INPUT,0.376654088497162,0.0419798493385315,0.732490301132202,-2.38617920875549,3.06267189979553,-1.53323101997375,K,12
OUTPUT,NaN,NaN,NaN,NaN,NaN,NaN

INPUT,0.382750779390335,0.0427598021924496,0.743669152259827,-2.43042635917664,3.05502700805664,-1.48759424686432,K,13
OUTPUT,NaN,NaN,NaN,NaN,NaN,NaN

INPUT,0.388847440481186,0.0435397513210773,0.754848062992096,-2.4747998714447,3.04755687713623,-1.44205462932587,K,14
OUTPUT,NaN,NaN,NaN,NaN,NaN,NaN

INPUT,0.394944131374359,0.0443197041749954,0.76602691411972,-2.51927375793457,3.04027652740479,-1.39658403396606,K,15
OUTPUT,NaN,NaN,NaN,NaN,NaN,NaN

INPUT,0.40043118596077,0.0450216643512249,0.776087939739227,-2.55937123298645,3.03389859199524,-1.35570335388184,K,16
OUTPUT,NaN,NaN,NaN,NaN,NaN,NaN

INPUT,0.404698848724365,0.0455676317214966,0.783913135528564,-2.5905978679657,3.02905941009521,-1.32392811775208,K,17
OUTPUT,NaN,NaN,NaN,NaN,NaN,NaN

INPUT,0.407747209072113,0.0459576062858105,0.789502620697021,-2.61292171478271,3.02567076683044,-1.30124020576477,K,18
OUTPUT,NaN,NaN,NaN,NaN,NaN,NaN

INPUT,0.409576207399368,0.0461915917694569,0.792856276035309,-2.62632298469543,3.0236656665802,-1.28763031959534,K,19
OUTPUT,NaN,NaN,NaN,NaN,NaN,NaN

INPUT,0.410185873508453,0.0462695881724358,0.793974161148071,-2.63079118728638,3.02300190925598,-1.28309416770935,K,20
OUTPUT,NaN,NaN,NaN,NaN,NaN,NaN

INPUT,0.367044568061829,0.0367491766810417,0.732338190078735,-2.07021760940552,3.12108778953552,-1.68541693687439,K,5
OUTPUT,NaN,NaN,NaN,NaN,NaN,NaN

INPUT,0.374756455421448,0.0371069386601448,0.748244225978851,-2.08829116821289,3.1180248260498,-1.63528883457184,K,6
OUTPUT,NaN,NaN,NaN,NaN,NaN,NaN

INPUT,0.380754590034485,0.0373851954936981,0.760615587234497,-2.10492467880249,3.11566233634949,-1.59897661209106,K,7
OUTPUT,NaN,NaN,NaN,NaN,NaN,NaN

INPUT,0.385039001703262,0.0375839546322823,0.769452273845673,-2.11779952049255,3.11398911476135,-1.57413160800934,K,8
OUTPUT,NaN,NaN,NaN,NaN,NaN,NaN

INPUT,0.387609630823135,0.0377032049000263,0.774754285812378,-2.12584090232849,3.11299180984497,-1.55959355831146,K,9
OUTPUT,NaN,NaN,NaN,NaN,NaN,NaN

INPUT,0.370568484067917,0.0427852943539619,0.73247766494751,-2.31980895996094,3.09099721908569,-1.76755809783936,K,5
OUTPUT,NaN,NaN,NaN,NaN,NaN,NaN

INPUT,0.378761857748032,0.0442055910825729,0.748274505138397,-2.36424732208252,3.08306360244751,-1.71376395225525,K,6
OUTPUT,NaN,NaN,NaN,NaN,NaN,NaN

INPUT,0.385134488344193,0.045310266315937,0.760560929775238,-2.39946484565735,3.07701301574707,-1.67286682128906,K,7
OUTPUT,NaN,NaN,NaN,NaN,NaN,NaN

INPUT,0.3896863758564,0.046099316328764,0.769336998462677,-2.42478847503662,3.07277059555054,-1.64411127567291,K,8
OUTPUT,NaN,NaN,NaN,NaN,NaN,NaN

INPUT,0.39241749048233,0.0465727485716343,0.774602651596069,-2.44000864028931,3.07026124000549,-1.62703585624695,K,9
OUTPUT,NaN,NaN,NaN,NaN,NaN,NaN

INPUT,0.380102545022964,0.0419937483966351,0.715598523616791,-2.31653475761414,3.01813578605652,-1.69460916519165,K,4
OUTPUT,NaN,NaN,NaN,NaN,NaN,NaN

INPUT,0.39135754108429,0.0436333902180195,0.730275630950928,-2.38420510292053,2.99499559402466,-1.62719821929932,K,5
OUTPUT,NaN,NaN,NaN,NaN,NaN,NaN

INPUT,0.402612596750259,0.0452730320394039,0.744952738285065,-2.45195364952087,2.9725227355957,-1.55963921546936,K,6
OUTPUT,NaN,NaN,NaN,NaN,NaN,NaN

INPUT,0.411366492509842,0.0465483069419861,0.756368279457092,-2.504718542099,2.95557165145874,-1.50699067115784,K,7
OUTPUT,NaN,NaN,NaN,NaN,NaN,NaN

INPUT,0.417619287967682,0.0474592186510563,0.76452225446701,-2.54245162010193,2.94377613067627,-1.46932852268219,K,8
OUTPUT,NaN,NaN,NaN,NaN,NaN,NaN

INPUT,0.421370953321457,0.0480057671666145,0.769414603710175,-2.565110206604,2.93683195114136,-1.44670867919922,K,9
OUTPUT,NaN,NaN,NaN,NaN,NaN,NaN

INPUT,0.368670672178268,0.0363642796874046,0.732006311416626,-2.74092960357666,3.11759924888611,-1.81606864929199,K,5
OUTPUT,NaN,NaN,NaN,NaN,NaN,NaN

INPUT,0.376619577407837,0.036677572876215,0.747813820838928,-2.81367874145508,3.11429738998413,-1.7256795167923,K,6
OUTPUT,NaN,NaN,NaN,NaN,NaN,NaN

INPUT,0.382802069187164,0.0369212441146374,0.760108470916748,-2.87158703804016,3.11185264587402,-1.65669763088226,K,7
OUTPUT,NaN,NaN,NaN,NaN,NaN,NaN

INPUT,0.387218117713928,0.0370952971279621,0.768890380859375,-2.91346883773804,3.11017847061157,-1.60794079303741,K,8
OUTPUT,NaN,NaN,NaN,NaN,NaN,NaN

INPUT,0.389867752790451,0.0371997281908989,0.774159550666809,-2.93876671791077,3.10920476913452,-1.57885420322418,K,9
OUTPUT,NaN,NaN,NaN,NaN,NaN,NaN

INPUT,0.371030539274216,0.0404178127646446,0.716133117675781,-2.34248185157776,3.06994366645813,-1.59950387477875,K,4
OUTPUT,NaN,NaN,NaN,NaN,NaN,NaN

INPUT,0.38084876537323,0.0416605994105339,0.731481194496155,-2.41718506813049,3.05670022964478,-1.51426351070404,K,5
OUTPUT,NaN,NaN,NaN,NaN,NaN,NaN

INPUT,0.390667051076889,0.0429033823311329,0.746829211711884,-2.49333238601685,3.04399704933167,-1.43037915229797,K,6
OUTPUT,NaN,NaN,NaN,NaN,NaN,NaN

INPUT,0.3983034491539,0.0438699945807457,0.75876659154892,-2.55321264266968,3.03454351425171,-1.3657238483429,K,7
OUTPUT,NaN,NaN,NaN,NaN,NaN,NaN

INPUT,0.40375804901123,0.044560432434082,0.767293274402618,-2.59624218940735,3.02804231643677,-1.31976163387299,K,8
OUTPUT,NaN,NaN,NaN,NaN,NaN,NaN

INPUT,0.407030791044235,0.0449746921658516,0.77240926027298,-2.6221444606781,3.02424812316895,-1.2922534942627,K,9
OUTPUT,NaN,NaN,NaN,NaN,NaN,NaN

INPUT,0.360796570777893,0.0337956137955189,0.733494102954865,-2.63331413269043,3.12168025970459,-1.78936696052551,K,12
OUTPUT,NaN,NaN,NaN,NaN,NaN,NaN

INPUT,0.365208238363266,0.0337183177471161,0.744784891605377,-2.67555117607117,3.11982107162476,-1.74278295040131,K,13
OUTPUT,NaN,NaN,NaN,NaN,NaN,NaN

INPUT,0.369619905948639,0.0336410216987133,0.756075620651245,-2.71812772750854,3.11800479888916,-1.6965366601944,K,14
OUTPUT,NaN,NaN,NaN,NaN,NaN,NaN

INPUT,0.374031573534012,0.0335637219250202,0.767366349697113,-2.76096487045288,3.11623477935791,-1.65054869651794,K,15
OUTPUT,NaN,NaN,NaN,NaN,NaN,NaN

INPUT,0.37800207734108,0.0334941558539867,0.777528047561646,-2.79969382286072,3.11468458175659,-1.60933375358582,K,16
OUTPUT,NaN,NaN,NaN,NaN,NaN,NaN

INPUT,0.381090253591537,0.0334400460124016,0.785431563854218,-2.82991075515747,3.1135082244873,-1.57737076282501,K,17
OUTPUT,NaN,NaN,NaN,NaN,NaN,NaN

INPUT,0.383296102285385,0.0334013998508453,0.791076958179474,-2.85153770446777,3.11268472671509,-1.55458295345306,K,18
OUTPUT,NaN,NaN,NaN,NaN,NaN,NaN

INPUT,0.3846195936203,0.0333782099187374,0.79446417093277,-2.86452960968018,3.1121973991394,-1.54092562198639,K,19
OUTPUT,NaN,NaN,NaN,NaN,NaN,NaN

INPUT,0.385060757398605,0.0333704799413681,0.79559326171875,-2.86886262893677,3.11203598976135,-1.53637564182281,K,20
OUTPUT,NaN,NaN,NaN,NaN,NaN,NaN

INPUT,0.358589828014374,0.0311581324785948,0.733207643032074,0.780436933040619,3.10728120803833,1.48698842525482,K,12
OUTPUT,NaN,NaN,NaN,NaN,NaN,NaN

INPUT,0.36276912689209,0.0308029856532812,0.744469106197357,0.741476476192474,3.1037654876709,1.52239787578583,K,13
OUTPUT,NaN,NaN,NaN,NaN,NaN,NaN

INPUT,0.366948395967484,0.0304478388279676,0.755730509757996,0.702813804149628,3.10030174255371,1.55810987949371,K,14
OUTPUT,NaN,NaN,NaN,NaN,NaN,NaN

INPUT,0.3711276948452,0.0300926920026541,0.766991913318634,0.664375185966492,3.09689497947693,1.59405112266541,K,15
OUTPUT,NaN,NaN,NaN,NaN,NaN,NaN

INPUT,0.374889075756073,0.0297730602324009,0.777127206325531,0.629929184913635,3.09388160705566,1.62655186653137,K,16
OUTPUT,NaN,NaN,NaN,NaN,NaN,NaN

INPUT,0.377814590930939,0.0295244567096233,0.7850102186203,0.603216588497162,3.09157466888428,1.65191233158112,K,17
OUTPUT,NaN,NaN,NaN,NaN,NaN,NaN

INPUT,0.379904240369797,0.0293468832969666,0.790640950202942,0.584172070026398,3.08994746208191,1.6700644493103,K,18
OUTPUT,NaN,NaN,NaN,NaN,NaN,NaN

INPUT,0.381158024072647,0.0292403399944305,0.794019341468811,0.572758138179779,3.08897972106934,1.68096935749054,K,19
OUTPUT,NaN,NaN,NaN,NaN,NaN,NaN

INPUT,0.38157594203949,0.0292048249393702,0.795145511627197,0.568955481052399,3.08865857124329,1.68460655212402,K,20
OUTPUT,NaN,NaN,NaN,NaN,NaN,NaN

INPUT,0.352957367897034,0.0358881428837776,0.733055174350739,0.456660449504852,3.09391283988953,1.34820210933685,K,12
OUTPUT,NaN,NaN,NaN,NaN,NaN,NaN

INPUT,0.356543987989426,0.036031112074852,0.744299650192261,0.408873021602631,3.08919262886047,1.39428007602692,K,13
OUTPUT,NaN,NaN,NaN,NaN,NaN,NaN

INPUT,0.360130608081818,0.0361740812659264,0.755544126033783,0.361219644546509,3.08458781242371,1.44050371646881,K,14
OUTPUT,NaN,NaN,NaN,NaN,NaN,NaN

INPUT,0.363717198371887,0.0363170504570007,0.766788601875305,0.313665717840195,3.08010864257813,1.48683881759644,K,15
OUTPUT,NaN,NaN,NaN,NaN,NaN,NaN

INPUT,0.366945147514343,0.0364457257091999,0.77690863609314,0.270932137966156,3.07619261741638,1.52861630916595,K,16
OUTPUT,NaN,NaN,NaN,NaN,NaN,NaN

INPUT,0.36945578455925,0.0365458056330681,0.784779787063599,0.237728625535965,3.0732274055481,1.56115090847015,K,17
OUTPUT,NaN,NaN,NaN,NaN,NaN,NaN

INPUT,0.371249079704285,0.0366172902286053,0.790402054786682,0.214026764035225,3.07115411758423,1.58440911769867,K,18
OUTPUT,NaN,NaN,NaN,NaN,NaN,NaN

INPUT,0.37232506275177,0.0366601794958115,0.793775379657745,0.199811026453972,3.06992888450623,1.59837090969086,K,19
OUTPUT,NaN,NaN,NaN,NaN,NaN,NaN

INPUT,0.372683733701706,0.036674477159977,0.794899821281433,0.195073291659355,3.06952357292175,1.60302591323853,K,20
OUTPUT,NaN,NaN,NaN,NaN,NaN,NaN

INPUT,0.361274838447571,0.0337739512324333,0.72529411315918,-2.62563323974609,3.12155246734619,-1.83314776420593,K,4
OUTPUT,NaN,NaN,NaN,NaN,NaN,NaN

INPUT,0.367420434951782,0.0336250066757202,0.738610863685608,-2.6877818107605,3.1188633441925,-1.75236105918884,K,5
OUTPUT,NaN,NaN,NaN,NaN,NaN,NaN

INPUT,0.373566061258316,0.0334760658442974,0.751927673816681,-2.75187110900879,3.11628866195679,-1.67351055145264,K,6
OUTPUT,NaN,NaN,NaN,NaN,NaN,NaN

INPUT,0.378345966339111,0.0333602204918861,0.762285172939301,-2.80266523361206,3.1143741607666,-1.61312615871429,K,7
OUTPUT,NaN,NaN,NaN,NaN,NaN,NaN

INPUT,0.38176017999649,0.0332774743437767,0.769683420658112,-2.83933448791504,3.11305737495422,-1.57038044929504,K,8
OUTPUT,NaN,NaN,NaN,NaN,NaN,NaN

INPUT,0.383808732032776,0.0332278236746788,0.774122357368469,-2.86146593093872,3.1122887134552,-1.54486227035522,K,9
OUTPUT,NaN,NaN,NaN,NaN,NaN,NaN

INPUT,0.365206718444824,0.0311866849660873,0.737381219863892,0.75046294927597,3.10375499725342,1.53437006473541,K,5
OUTPUT,NaN,NaN,NaN,NaN,NaN,NaN

INPUT,0.371420562267303,0.0306784510612488,0.750986456871033,0.683865249156952,3.09817957878113,1.58718717098236,K,6
OUTPUT,NaN,NaN,NaN,NaN,NaN,NaN

INPUT,0.376253575086594,0.0302831586450338,0.761568307876587,0.63316410779953,3.09394812583923,1.62937414646149,K,7
OUTPUT,NaN,NaN,NaN,NaN,NaN,NaN

INPUT,0.37970569729805,0.0300008058547974,0.769126772880554,0.597377896308899,3.09098744392395,1.65994203090668,K,8
OUTPUT,NaN,NaN,NaN,NaN,NaN,NaN

INPUT,0.381776988506317,0.0298313945531845,0.773661851882935,0.576045572757721,3.08923745155334,1.6784245967865,K,9
OUTPUT,NaN,NaN,NaN,NaN,NaN,NaN

INPUT,0.358977198600769,0.0362558513879776,0.73675924539566,0.404014408588409,3.08957099914551,1.39291334152222,K,5
OUTPUT,NaN,NaN,NaN,NaN,NaN,NaN

INPUT,0.364420175552368,0.0365070514380932,0.750508546829224,0.328856468200684,3.08204364776611,1.46858489513397,K,6
OUTPUT,NaN,NaN,NaN,NaN,NaN,NaN

INPUT,0.368653565645218,0.0367024317383766,0.761202454566956,0.270348817110062,3.07642078399658,1.52741169929504,K,7
OUTPUT,NaN,NaN,NaN,NaN,NaN,NaN

INPUT,0.371677458286285,0.0368419848382473,0.768840968608856,0.228535428643227,3.07254076004028,1.56942164897919,K,8
OUTPUT,NaN,NaN,NaN,NaN,NaN,NaN

INPUT,0.373491764068604,0.0369257219135761,0.773424029350281,0.203439682722092,3.0702702999115,1.5946249961853,K,9
OUTPUT,NaN,NaN,NaN,NaN,NaN,NaN

INPUT,0.358323603868484,0.0400986894965172,0.72218930721283,-2.0286705493927,3.10312461853027,-1.72594380378723,K,11
OUTPUT,NaN,NaN,NaN,NaN,NaN,NaN

INPUT,0.362984627485275,0.0407502390444279,0.733466029167175,-2.04530453681946,3.09868407249451,-1.70679998397827,K,12
OUTPUT,NaN,NaN,NaN,NaN,NaN,NaN

INPUT,0.367645621299744,0.0414017885923386,0.744742751121521,-2.06215310096741,3.09426259994507,-1.68791401386261,K,13
OUTPUT,NaN,NaN,NaN,NaN,NaN,NaN

INPUT,0.372306644916534,0.0420533381402493,0.756019473075867,-2.07914423942566,3.08986496925354,-1.6692361831665,K,14
OUTPUT,NaN,NaN,NaN,NaN,NaN,NaN

INPUT,0.376967638731003,0.0427048876881599,0.767296195030212,-2.09622502326965,3.08549499511719,-1.65073597431183,K,15
OUTPUT,NaN,NaN,NaN,NaN,NaN,NaN

INPUT,0.38116255402565,0.0432912819087505,0.777445256710052,-2.1116406917572,3.08158898353577,-1.63422238826752,K,16
OUTPUT,NaN,NaN,NaN,NaN,NaN,NaN

INPUT,0.38442525267601,0.0437473691999912,0.785338997840881,-2.1236424446106,3.07857060432434,-1.62146246433258,K,17
OUTPUT,NaN,NaN,NaN,NaN,NaN,NaN

INPUT,0.386755764484406,0.0440731421113014,0.790977358818054,-2.13221597671509,3.07642579078674,-1.61239182949066,K,18
OUTPUT,NaN,NaN,NaN,NaN,NaN,NaN

INPUT,0.388154059648514,0.0442686080932617,0.794360399246216,-2.13735866546631,3.07514357566833,-1.60696661472321,K,19
OUTPUT,NaN,NaN,NaN,NaN,NaN,NaN

INPUT,0.388620167970657,0.0443337634205818,0.795488059520721,-2.13907265663147,3.07471704483032,-1.60516107082367,K,20
OUTPUT,NaN,NaN,NaN,NaN,NaN,NaN

INPUT,0.376574248075485,0.0621758438646793,0.71731972694397,-2.17777800559998,2.98244643211365,-1.91187012195587,K,11
OUTPUT,NaN,NaN,NaN,NaN,NaN,NaN

INPUT,0.383361399173737,0.0654283761978149,0.728035748004913,-2.19318151473999,2.96385502815247,-1.89571070671082,K,12
OUTPUT,NaN,NaN,NaN,NaN,NaN,NaN

INPUT,0.390148520469666,0.0686809048056602,0.738751769065857,-2.20866203308105,2.94533252716064,-1.87961792945862,K,13
OUTPUT,NaN,NaN,NaN,NaN,NaN,NaN

INPUT,0.396935641765594,0.0719334334135056,0.749467790126801,-2.22419261932373,2.92689561843872,-1.86358106136322,K,14
OUTPUT,NaN,NaN,NaN,NaN,NaN,NaN

INPUT,0.403722763061523,0.0751859694719315,0.760183811187744,-2.23975300788879,2.90856051445007,-1.84759533405304,K,15
OUTPUT,NaN,NaN,NaN,NaN,NaN,NaN

INPUT,0.409831196069717,0.0781132504343987,0.769828259944916,-2.25376868247986,2.89215922355652,-1.8332507610321,K,16
OUTPUT,NaN,NaN,NaN,NaN,NaN,NaN

INPUT,0.414582192897797,0.0803900212049484,0.777329504489899,-2.26467037200928,2.87947607040405,-1.82212245464325,K,17
OUTPUT,NaN,NaN,NaN,NaN,NaN,NaN

INPUT,0.417975753545761,0.0820162892341614,0.782687485218048,-2.27245450019836,2.87045907974243,-1.81418931484222,K,18
OUTPUT,NaN,NaN,NaN,NaN,NaN,NaN

INPUT,0.420011878013611,0.0829920396208763,0.785902321338654,-2.27712345123291,2.86506676673889,-1.80943596363068,K,19
OUTPUT,NaN,NaN,NaN,NaN,NaN,NaN

INPUT,0.420690596103668,0.083317294716835,0.786973893642426,-2.27867937088013,2.86327242851257,-1.80785262584686,K,20
OUTPUT,NaN,NaN,NaN,NaN,NaN,NaN

INPUT,0.366543114185333,0.0313452668488026,0.720973074436188,-2.97216725349426,3.06649851799011,-1.77337384223938,K,11
OUTPUT,NaN,NaN,NaN,NaN,NaN,NaN

INPUT,0.372150152921677,0.0309704970568419,0.732119023799896,-3.04229879379272,3.05905270576477,-1.70234596729279,K,12
OUTPUT,NaN,NaN,NaN,NaN,NaN,NaN

INPUT,0.377757221460342,0.0305957272648811,0.743264973163605,-3.11252379417419,3.05201768875122,-1.6313693523407,K,13
OUTPUT,NaN,NaN,NaN,NaN,NaN,NaN

INPUT,0.383364260196686,0.0302209574729204,0.754410862922668,3.10036182403564,3.04542851448059,-1.56042456626892,K,14
OUTPUT,NaN,NaN,NaN,NaN,NaN,NaN

INPUT,0.388971328735352,0.0298461876809597,0.765556812286377,3.03000044822693,3.03931832313538,-1.48949813842773,K,15
OUTPUT,NaN,NaN,NaN,NaN,NaN,NaN

INPUT,0.394017666578293,0.0295088943094015,0.775588154792786,2.96663069725037,3.03425359725952,-1.42567265033722,K,16
OUTPUT,NaN,NaN,NaN,NaN,NaN,NaN

INPUT,0.39794260263443,0.0292465556412935,0.783390283584595,2.91731786727905,3.03061318397522,-1.37603294849396,K,17
OUTPUT,NaN,NaN,NaN,NaN,NaN,NaN

INPUT,0.400746136903763,0.0290591698139906,0.788963258266449,2.88208198547363,3.02817821502686,-1.34057641029358,K,18
OUTPUT,NaN,NaN,NaN,NaN,NaN,NaN

INPUT,0.402428239583969,0.0289467386901379,0.792307019233704,2.86093640327454,3.02678489685059,-1.31930232048035,K,19
OUTPUT,NaN,NaN,NaN,NaN,NaN,NaN

INPUT,0.402988940477371,0.0289092622697353,0.793421626091003,2.85388684272766,3.02633190155029,-1.31221091747284,K,20
OUTPUT,NaN,NaN,NaN,NaN,NaN,NaN

INPUT,0.360355615615845,0.0309370756149292,0.733508467674255,-2.37119436264038,3.13651466369629,-1.75556337833405,K,12
OUTPUT,NaN,NaN,NaN,NaN,NaN,NaN

INPUT,0.364720195531845,0.0305584669113159,0.744802594184875,-2.39168667793274,3.13608479499817,-1.71127259731293,K,13
OUTPUT,NaN,NaN,NaN,NaN,NaN,NaN

INPUT,0.369084745645523,0.0301798582077026,0.756096720695496,-2.4138925075531,3.13566017150879,-1.6686954498291,K,14
OUTPUT,NaN,NaN,NaN,NaN,NaN,NaN

INPUT,0.373449325561523,0.0298012495040894,0.76739090681076,-2.43745136260986,3.13524127006531,-1.6274710893631,K,15
OUTPUT,NaN,NaN,NaN,NaN,NaN,NaN

INPUT,0.377377450466156,0.0294605009257793,0.777555584907532,-2.4595890045166,3.13486957550049,-1.59130370616913,K,16
OUTPUT,NaN,NaN,NaN,NaN,NaN,NaN

INPUT,0.380432635545731,0.029195474460721,0.785461485385895,-2.47731852531433,3.1345841884613,-1.56368494033813,K,17
OUTPUT,NaN,NaN,NaN,NaN,NaN,NaN

INPUT,0.382614940404892,0.0290061719715595,0.791108548641205,-2.49022078514099,3.13438248634338,-1.54419565200806,K,18
OUTPUT,NaN,NaN,NaN,NaN,NaN,NaN

INPUT,0.383924305438995,0.0288925878703594,0.794496834278107,-2.49804902076721,3.13426232337952,-1.53258883953094,K,19
OUTPUT,NaN,NaN,NaN,NaN,NaN,NaN

INPUT,0.384360760450363,0.0288547277450562,0.795626223087311,-2.50067210197449,3.13422226905823,-1.52873361110687,K,20
OUTPUT,NaN,NaN,NaN,NaN,NaN,NaN

INPUT,0.358557343482971,0.0366113483905792,0.722317576408386,-2.06679534912109,3.11365842819214,-1.59410881996155,K,11
OUTPUT,NaN,NaN,NaN,NaN,NaN,NaN

INPUT,0.363224864006042,0.0368561446666718,0.733621597290039,-2.0918664932251,3.11051726341248,-1.56358540058136,K,12
OUTPUT,NaN,NaN,NaN,NaN,NaN,NaN

INPUT,0.367892384529114,0.0371009409427643,0.744925677776337,-2.11743783950806,3.10739994049072,-1.53355956077576,K,13
OUTPUT,NaN,NaN,NaN,NaN,NaN,NaN

INPUT,0.372559905052185,0.0373457372188568,0.75622969865799,-2.14338159561157,3.10430884361267,-1.50390315055847,K,14
OUTPUT,NaN,NaN,NaN,NaN,NaN,NaN

INPUT,0.377227425575256,0.0375905334949493,0.767533779144287,-2.16960978507996,3.10124635696411,-1.47452831268311,K,15
OUTPUT,NaN,NaN,NaN,NaN,NaN,NaN

INPUT,0.381428182125092,0.0378108508884907,0.777707397937775,-2.19340705871582,3.09851670265198,-1.44827961921692,K,16
OUTPUT,NaN,NaN,NaN,NaN,NaN,NaN

INPUT,0.384695470333099,0.0379822067916393,0.785620272159576,-2.21201920509338,3.09641242027283,-1.42796504497528,K,17
OUTPUT,NaN,NaN,NaN,NaN,NaN,NaN

INPUT,0.387029230594635,0.0381046049296856,0.791272282600403,-2.22536087036133,3.09491944313049,-1.41350090503693,K,18
OUTPUT,NaN,NaN,NaN,NaN,NaN,NaN

INPUT,0.388429462909698,0.0381780453026295,0.794663488864899,-2.23338294029236,3.09402799606323,-1.40483903884888,K,19
OUTPUT,NaN,NaN,NaN,NaN,NaN,NaN

INPUT,0.388896226882935,0.0382025241851807,0.795793890953064,-2.23605966567993,3.09373164176941,-1.40195441246033,K,20
OUTPUT,NaN,NaN,NaN,NaN,NaN,NaN

INPUT,0.367134988307953,0.0373013541102409,0.722294926643372,-2.44970917701721,3.07312774658203,-1.66189444065094,K,11
OUTPUT,NaN,NaN,NaN,NaN,NaN,NaN

INPUT,0.372811526060104,0.037627425044775,0.733596384525299,-2.49518942832947,3.06566166877747,-1.61463141441345,K,12
OUTPUT,NaN,NaN,NaN,NaN,NaN,NaN

INPUT,0.378488063812256,0.0379534959793091,0.744897902011871,-2.54084062576294,3.05835866928101,-1.56751346588135,K,13
OUTPUT,NaN,NaN,NaN,NaN,NaN,NaN

INPUT,0.384164601564407,0.0382795669138432,0.756199359893799,-2.58662271499634,3.05123472213745,-1.52049887180328,K,14
OUTPUT,NaN,NaN,NaN,NaN,NaN,NaN

INPUT,0.389841139316559,0.0386056378483772,0.767500877380371,-2.63250875473022,3.04430484771729,-1.47355818748474,K,15
OUTPUT,NaN,NaN,NaN,NaN,NaN,NaN

INPUT,0.39495000243187,0.0388991013169289,0.777672231197357,-2.67387890815735,3.03824639320374,-1.43135821819305,K,16
OUTPUT,NaN,NaN,NaN,NaN,NaN,NaN

INPUT,0.398923575878143,0.0391273498535156,0.785583257675171,-2.70609617233276,3.03365850448608,-1.39855885505676,K,17
OUTPUT,NaN,NaN,NaN,NaN,NaN,NaN

INPUT,0.40176185965538,0.0392903834581375,0.791234016418457,-2.72912812232971,3.03045058250427,-1.37514019012451,K,18
OUTPUT,NaN,NaN,NaN,NaN,NaN,NaN

INPUT,0.403464823961258,0.0393882058560848,0.794624447822571,-2.74295425415039,3.02855467796326,-1.36109244823456,K,19
OUTPUT,NaN,NaN,NaN,NaN,NaN,NaN

INPUT,0.404032468795776,0.0394208133220673,0.795754611492157,-2.7475643157959,3.02792739868164,-1.35641038417816,K,20
OUTPUT,NaN,NaN,NaN,NaN,NaN,NaN

INPUT,0.365209072828293,0.035725150257349,0.721359074115753,-2.59795331954956,3.0943865776062,-1.77318549156189,K,11
OUTPUT,NaN,NaN,NaN,NaN,NaN,NaN

INPUT,0.370658427476883,0.03586570546031,0.732551395893097,-2.64536881446838,3.08931088447571,-1.72355270385742,K,12
OUTPUT,NaN,NaN,NaN,NaN,NaN,NaN

INPUT,0.376107782125473,0.0360062643885612,0.743743717670441,-2.69298505783081,3.08435821533203,-1.674107670784,K,13
OUTPUT,NaN,NaN,NaN,NaN,NaN,NaN

INPUT,0.381557136774063,0.0361468195915222,0.754936039447784,-2.74075222015381,3.07954001426697,-1.62479972839355,K,14
OUTPUT,NaN,NaN,NaN,NaN,NaN,NaN

INPUT,0.387006491422653,0.0362873747944832,0.766128301620483,-2.78863596916199,3.07486796379089,-1.57559418678284,K,15
OUTPUT,NaN,NaN,NaN,NaN,NaN,NaN

INPUT,0.391910940408707,0.0364138744771481,0.77620142698288,-2.83181095123291,3.07079720497131,-1.53137648105621,K,16
OUTPUT,NaN,NaN,NaN,NaN,NaN,NaN

INPUT,0.39572548866272,0.036512266844511,0.784036040306091,-2.86543488502502,3.06772398948669,-1.49701964855194,K,17
OUTPUT,NaN,NaN,NaN,NaN,NaN,NaN

INPUT,0.398450165987015,0.0365825444459915,0.789632201194763,-2.88947248458862,3.06558084487915,-1.47249460220337,K,18
OUTPUT,NaN,NaN,NaN,NaN,NaN,NaN

INPUT,0.400084972381592,0.0366247110068798,0.79298985004425,-2.90390229225159,3.0643162727356,-1.45778512954712,K,19
OUTPUT,NaN,NaN,NaN,NaN,NaN,NaN

INPUT,0.400629907846451,0.0366387665271759,0.794109106063843,-2.90871334075928,3.06389832496643,-1.45288288593292,K,20
OUTPUT,NaN,NaN,NaN,NaN,NaN,NaN

INPUT,0.36668074131012,0.040470764040947,0.731725990772247,-2.06347417831421,3.09511399269104,-1.70586025714874,K,5
OUTPUT,NaN,NaN,NaN,NaN,NaN,NaN

INPUT,0.37432000041008,0.0414559207856655,0.747496426105499,-2.08964872360229,3.08770537376404,-1.66843390464783,K,6
OUTPUT,NaN,NaN,NaN,NaN,NaN,NaN

INPUT,0.38026162981987,0.0422221533954144,0.759762346744537,-2.11093807220459,3.0819890499115,-1.64033079147339,K,7
OUTPUT,NaN,NaN,NaN,NaN,NaN,NaN

INPUT,0.384505659341812,0.0427694618701935,0.768523693084717,-2.12648463249207,3.07793712615967,-1.62067353725433,K,8
OUTPUT,NaN,NaN,NaN,NaN,NaN,NaN

INPUT,0.387052088975906,0.0430978499352932,0.773780524730682,-2.13591480255127,3.07552027702332,-1.60902261734009,K,9
OUTPUT,NaN,NaN,NaN,NaN,NaN,NaN

INPUT,0.376890480518341,0.0592654868960381,0.713236212730408,-2.16241455078125,2.98092865943909,-1.90786194801331,K,4
OUTPUT,NaN,NaN,NaN,NaN,NaN,NaN

INPUT,0.387538850307465,0.0645270943641663,0.727664589881897,-2.19408226013184,2.94949436187744,-1.88244330883026,K,5
OUTPUT,NaN,NaN,NaN,NaN,NaN,NaN

INPUT,0.398187249898911,0.0697887018322945,0.742093026638031,-2.22496104240417,2.91821455955505,-1.85606348514557,K,6
OUTPUT,NaN,NaN,NaN,NaN,NaN,NaN

INPUT,0.406469315290451,0.073881059885025,0.753315091133118,-2.24861526489258,2.89405179023743,-1.83512318134308,K,7
OUTPUT,NaN,NaN,NaN,NaN,NaN,NaN

INPUT,0.412385106086731,0.0768041759729385,0.761330902576447,-2.26536083221436,2.87690758705139,-1.82001090049744,K,8
OUTPUT,NaN,NaN,NaN,NaN,NaN,NaN

INPUT,0.415934562683105,0.0785580426454544,0.766140401363373,-2.27535605430603,2.86667418479919,-1.81089699268341,K,9
OUTPUT,NaN,NaN,NaN,NaN,NaN,NaN

INPUT,0.366933792829514,0.0316087007522583,0.715520739555359,-2.9823637008667,3.06753087043762,-1.81317520141602,K,4
OUTPUT,NaN,NaN,NaN,NaN,NaN,NaN

INPUT,0.375893980264664,0.031066907569766,0.730882525444031,-3.09792041778564,3.05459070205688,-1.67800164222717,K,5
OUTPUT,NaN,NaN,NaN,NaN,NaN,NaN

INPUT,0.384854167699814,0.0305251143872738,0.746244370937347,3.06720304489136,3.04300880432129,-1.54519963264465,K,6
OUTPUT,NaN,NaN,NaN,NaN,NaN,NaN

INPUT,0.391823172569275,0.0301037188619375,0.758192479610443,2.974285364151,3.03505873680115,-1.44290828704834,K,7
OUTPUT,NaN,NaN,NaN,NaN,NaN,NaN

INPUT,0.396801054477692,0.0298027228564024,0.766726851463318,2.9075038433075,3.02999496459961,-1.37020683288574,K,8
OUTPUT,NaN,NaN,NaN,NaN,NaN,NaN

INPUT,0.399787783622742,0.0296221245080233,0.771847426891327,2.86730527877808,3.02721452713013,-1.32669794559479,K,9
OUTPUT,NaN,NaN,NaN,NaN,NaN,NaN

INPUT,0.366980791091919,0.0365704335272312,0.731867671012878,-2.12212800979614,3.10781931877136,-1.56265294551849,K,5
OUTPUT,NaN,NaN,NaN,NaN,NaN,NaN

INPUT,0.374657720327377,0.0368869751691818,0.747689366340637,-2.16140341758728,3.1026349067688,-1.50252497196198,K,6
OUTPUT,NaN,NaN,NaN,NaN,NaN,NaN

INPUT,0.380628675222397,0.0371331758797169,0.759995102882385,-2.19354867935181,3.09868192672729,-1.45766401290894,K,7
OUTPUT,NaN,NaN,NaN,NaN,NaN,NaN

INPUT,0.384893625974655,0.0373090319335461,0.768784940242767,-2.21704769134521,3.09591174125671,-1.42646110057831,K,8
OUTPUT,NaN,NaN,NaN,NaN,NaN,NaN

INPUT,0.387452602386475,0.0374145470559597,0.774058818817139,-2.23129296302795,3.09427356719971,-1.4080445766449,K,9
OUTPUT,NaN,NaN,NaN,NaN,NaN,NaN

INPUT,0.367613404989243,0.0367591865360737,0.716926753520966,-2.44931888580322,3.07282066345215,-1.6819965839386,K,4
OUTPUT,NaN,NaN,NaN,NaN,NaN,NaN

INPUT,0.376699298620224,0.0372332111001015,0.732532978057861,-2.52670073509216,3.06010150909424,-1.59436869621277,K,5
OUTPUT,NaN,NaN,NaN,NaN,NaN,NaN

INPUT,0.385785192251205,0.0377072356641293,0.748139262199402,-2.60548496246338,3.04793500900269,-1.50805974006653,K,6
OUTPUT,NaN,NaN,NaN,NaN,NaN,NaN

INPUT,0.392851978540421,0.0380759201943874,0.760277450084686,-2.66739559173584,3.03890800476074,-1.44150149822235,K,7
OUTPUT,NaN,NaN,NaN,NaN,NaN,NaN

INPUT,0.397899687290192,0.0383392684161663,0.768947541713715,-2.71186637878418,3.03271651268005,-1.39417350292206,K,8
OUTPUT,NaN,NaN,NaN,NaN,NaN,NaN

INPUT,0.400928318500519,0.0384972766041756,0.774149656295776,-2.73863053321838,3.02911067008972,-1.36584389209747,K,9
OUTPUT,NaN,NaN,NaN,NaN,NaN,NaN

INPUT,0.374554872512817,0.0357089601457119,0.731101930141449,-2.68098092079163,3.08556175231934,-1.70447635650635,K,5
OUTPUT,NaN,NaN,NaN,NaN,NaN,NaN

INPUT,0.383398145437241,0.0359147228300571,0.746606230735779,-2.76200437545776,3.07732605934143,-1.61298215389252,K,6
OUTPUT,NaN,NaN,NaN,NaN,NaN,NaN

INPUT,0.390276223421097,0.0360747575759888,0.758665144443512,-2.82586431503296,3.0712468624115,-1.54263174533844,K,7
OUTPUT,NaN,NaN,NaN,NaN,NaN,NaN

INPUT,0.395189166069031,0.0361890718340874,0.767278671264648,-2.87180471420288,3.06709623336792,-1.49269008636475,K,8
OUTPUT,NaN,NaN,NaN,NaN,NaN,NaN

INPUT,0.398136913776398,0.0362576581537724,0.772446751594543,-2.89947438240051,3.06468725204468,-1.46282374858856,K,9
OUTPUT,NaN,NaN,NaN,NaN,NaN,NaN

INPUT,0.360734969377518,0.0311517231166363,0.724821150302887,-2.44683194160461,3.13579940795898,-1.86920559406281,K,4
OUTPUT,NaN,NaN,NaN,NaN,NaN,NaN

INPUT,0.366957575082779,0.0305203646421432,0.738269686698914,-2.45399069786072,3.13536930084229,-1.77151894569397,K,5
OUTPUT,NaN,NaN,NaN,NaN,NaN,NaN

INPUT,0.37318018078804,0.0298890043050051,0.751718282699585,-2.46696972846985,3.13494515419006,-1.67965233325958,K,6
OUTPUT,NaN,NaN,NaN,NaN,NaN,NaN

INPUT,0.378019988536835,0.0293979477137327,0.762178242206573,-2.48028826713562,3.1346230506897,-1.61179172992706,K,7
OUTPUT,NaN,NaN,NaN,NaN,NaN,NaN

INPUT,0.381476998329163,0.029047193005681,0.769649624824524,-2.49121356010437,3.1343982219696,-1.56509006023407,K,8
OUTPUT,NaN,NaN,NaN,NaN,NaN,NaN

INPUT,0.383551180362701,0.02883674018085,0.774132490158081,-2.49825239181519,3.1342658996582,-1.53774106502533,K,9
OUTPUT,NaN,NaN,NaN,NaN,NaN,NaN

INPUT,0.362391203641891,0.0402759350836277,0.721972584724426,-2.42592334747314,3.09203577041626,-1.78094279766083,K,11
OUTPUT,NaN,NaN,NaN,NaN,NaN,NaN

INPUT,0.367509394884109,0.0409517921507359,0.733236908912659,-2.46268582344055,3.08654141426086,-1.7418133020401,K,12
OUTPUT,NaN,NaN,NaN,NaN,NaN,NaN

INPUT,0.372627586126328,0.041627649217844,0.744501233100891,-2.49966764450073,3.08112621307373,-1.70289146900177,K,13
OUTPUT,NaN,NaN,NaN,NaN,NaN,NaN

INPUT,0.377745747566223,0.0423035062849522,0.755765557289124,-2.53681373596191,3.07579779624939,-1.66412198543549,K,14
OUTPUT,NaN,NaN,NaN,NaN,NaN,NaN

INPUT,0.382863938808441,0.0429793633520603,0.767029821872711,-2.57408738136292,3.07056427001953,-1.62546646595001,K,15
OUTPUT,NaN,NaN,NaN,NaN,NaN,NaN

INPUT,0.387470304965973,0.0435876324772835,0.777167737483978,-2.60772037506104,3.06594133377075,-1.59075152873993,K,16
OUTPUT,NaN,NaN,NaN,NaN,NaN,NaN

INPUT,0.391053020954132,0.0440607331693172,0.78505277633667,-2.63392686843872,3.06240653991699,-1.56379020214081,K,17
OUTPUT,NaN,NaN,NaN,NaN,NaN,NaN

INPUT,0.393612116575241,0.0443986617028713,0.790684938430786,-2.65266799926758,3.05991554260254,-1.54454970359802,K,18
OUTPUT,NaN,NaN,NaN,NaN,NaN,NaN

INPUT,0.395147562026978,0.044601421803236,0.794064223766327,-2.66392064094543,3.0584352016449,-1.53301167488098,K,19
OUTPUT,NaN,NaN,NaN,NaN,NaN,NaN

INPUT,0.395659387111664,0.0446690060198307,0.795190632343292,-2.66767263412476,3.05794405937195,-1.52916669845581,K,20
OUTPUT,NaN,NaN,NaN,NaN,NaN,NaN

INPUT,0.360690414905548,0.0312365479767323,0.73321545124054,1.04094123840332,3.13796615600586,1.51582896709442,K,12
OUTPUT,NaN,NaN,NaN,NaN,NaN,NaN

INPUT,0.365115374326706,0.0308858901262283,0.744462430477142,1.00596761703491,3.13753652572632,1.53083729743958,K,13
OUTPUT,NaN,NaN,NaN,NaN,NaN,NaN

INPUT,0.369540303945541,0.0305352322757244,0.7557093501091,0.972902297973633,3.13710904121399,1.54775393009186,K,14
OUTPUT,NaN,NaN,NaN,NaN,NaN,NaN

INPUT,0.373965263366699,0.0301845744252205,0.766956269741058,0.941238939762115,3.13668417930603,1.56607270240784,K,15
OUTPUT,NaN,NaN,NaN,NaN,NaN,NaN

INPUT,0.377947717905045,0.029868982732296,0.77707850933075,0.913655698299408,3.13630437850952,1.5834733247757,K,16
OUTPUT,NaN,NaN,NaN,NaN,NaN,NaN

INPUT,0.381045162677765,0.0296235233545303,0.784951388835907,0.892679810523987,3.13601064682007,1.59748494625092,K,17
OUTPUT,NaN,NaN,NaN,NaN,NaN,NaN

INPUT,0.383257627487183,0.0294481944292784,0.790574848651886,0.877912878990173,3.13580179214478,1.60770905017853,K,18
OUTPUT,NaN,NaN,NaN,NaN,NaN,NaN

INPUT,0.384585112333298,0.0293429978191853,0.793948948383331,0.869129478931427,3.13567686080933,1.61392045021057,K,19
OUTPUT,NaN,NaN,NaN,NaN,NaN,NaN

INPUT,0.38502761721611,0.0293079316616058,0.795073628425598,0.86621367931366,3.13563537597656,1.61600279808044,K,20
OUTPUT,NaN,NaN,NaN,NaN,NaN,NaN

INPUT,0.359106779098511,0.0273903720080853,0.733730554580688,1.00395834445953,3.09979367256165,1.45804464817047,K,12
OUTPUT,NaN,NaN,NaN,NaN,NaN,NaN

INPUT,0.363340318202972,0.0266387611627579,0.745046973228455,0.978472471237183,3.09540963172913,1.48035192489624,K,13
OUTPUT,NaN,NaN,NaN,NaN,NaN,NaN

INPUT,0.367573827505112,0.0258871484547853,0.756363391876221,0.953259110450745,3.09105181694031,1.5029364824295,K,14
OUTPUT,NaN,NaN,NaN,NaN,NaN,NaN

INPUT,0.371807336807251,0.0251355357468128,0.767679810523987,0.928251087665558,3.08672261238098,1.52573180198669,K,15
OUTPUT,NaN,NaN,NaN,NaN,NaN,NaN

INPUT,0.375617533922195,0.0244590863585472,0.777864634990692,0.905880451202393,3.08285307884216,1.54638874530792,K,16
OUTPUT,NaN,NaN,NaN,NaN,NaN,NaN

INPUT,0.378580987453461,0.0239329561591148,0.785786151885986,0.888553440570831,3.07986211776733,1.56253111362457,K,17
OUTPUT,NaN,NaN,NaN,NaN,NaN,NaN

INPUT,0.380697757005692,0.0235571507364511,0.791444361209869,0.876209855079651,3.07773637771606,1.57409608364105,K,18
OUTPUT,NaN,NaN,NaN,NaN,NaN,NaN

INPUT,0.381967812776566,0.023331668227911,0.794839262962341,0.86881560087204,3.07646512985229,1.58104765415192,K,19
OUTPUT,NaN,NaN,NaN,NaN,NaN,NaN

INPUT,0.382391154766083,0.0232565067708492,0.795970916748047,0.866352677345276,3.07604217529297,1.58336675167084,K,20
OUTPUT,NaN,NaN,NaN,NaN,NaN,NaN

INPUT,0.365468442440033,0.043010301887989,0.721519649028778,-2.02347850799561,3.07373785972595,-1.65832555294037,K,11
OUTPUT,NaN,NaN,NaN,NaN,NaN,NaN

INPUT,0.370948553085327,0.0440078750252724,0.732730984687805,-2.04380750656128,3.06593465805054,-1.63568067550659,K,12
OUTPUT,NaN,NaN,NaN,NaN,NaN,NaN

INPUT,0.376428663730621,0.0450054481625557,0.743942260742188,-2.06435871124268,3.05816626548767,-1.61324560642242,K,13
OUTPUT,NaN,NaN,NaN,NaN,NaN,NaN

INPUT,0.381908744573593,0.0460030175745487,0.75515353679657,-2.08507704734802,3.05043649673462,-1.59096360206604,K,14
OUTPUT,NaN,NaN,NaN,NaN,NaN,NaN

INPUT,0.387388855218887,0.047000590711832,0.766364812850952,-2.10592484474182,3.04274845123291,-1.56879591941833,K,15
OUTPUT,NaN,NaN,NaN,NaN,NaN,NaN

INPUT,0.392320930957794,0.0478984043002129,0.776454985141754,-2.12477660179138,3.03586840629578,-1.54891979694366,K,16
OUTPUT,NaN,NaN,NaN,NaN,NaN,NaN

INPUT,0.396156996488571,0.0485967062413692,0.784302890300751,-2.13948750495911,3.03054428100586,-1.53349947929382,K,17
OUTPUT,NaN,NaN,NaN,NaN,NaN,NaN

INPUT,0.398897051811218,0.0490954890847206,0.789908528327942,-2.15001821517944,3.02675676345825,-1.52250242233276,K,18
OUTPUT,NaN,NaN,NaN,NaN,NaN,NaN

INPUT,0.400541096925735,0.0493947602808475,0.793271899223328,-2.15634489059448,3.02449059486389,-1.5159102678299,K,19
OUTPUT,NaN,NaN,NaN,NaN,NaN,NaN

INPUT,0.4010891020298,0.0494945198297501,0.794393062591553,-2.15845513343811,3.02373623847961,-1.51371371746063,K,20
OUTPUT,NaN,NaN,NaN,NaN,NaN,NaN

INPUT,0.359504371881485,0.0408152341842651,0.722205519676208,-2.0134072303772,3.09332680702209,-1.681725025177,K,11
OUTPUT,NaN,NaN,NaN,NaN,NaN,NaN

INPUT,0.364283412694931,0.0415545701980591,0.733496367931366,-2.03147149085999,3.08775329589844,-1.66055762767792,K,12
OUTPUT,NaN,NaN,NaN,NaN,NaN,NaN

INPUT,0.369062453508377,0.042293906211853,0.744787216186523,-2.04980039596558,3.08220887184143,-1.63971042633057,K,13
OUTPUT,NaN,NaN,NaN,NaN,NaN,NaN

INPUT,0.373841494321823,0.0430332385003567,0.756078004837036,-2.06830334663391,3.07669997215271,-1.61912286281586,K,14
OUTPUT,NaN,NaN,NaN,NaN,NaN,NaN

INPUT,0.378620535135269,0.0437725707888603,0.767368853092194,-2.08691430091858,3.07123303413391,-1.59875810146332,K,15
OUTPUT,NaN,NaN,NaN,NaN,NaN,NaN

INPUT,0.382921665906906,0.044437974691391,0.777530610561371,-2.10371398925781,3.06635332107544,-1.58060193061829,K,16
OUTPUT,NaN,NaN,NaN,NaN,NaN,NaN

INPUT,0.386267006397247,0.0449555069208145,0.785434186458588,-2.11679267883301,3.06258749961853,-1.56658673286438,K,17
OUTPUT,NaN,NaN,NaN,NaN,NaN,NaN

INPUT,0.38865652680397,0.0453251749277115,0.791079640388489,-2.12613391876221,3.05991458892822,-1.55663120746613,K,18
OUTPUT,NaN,NaN,NaN,NaN,NaN,NaN

INPUT,0.390090227127075,0.0455469749867916,0.794466853141785,-2.13173651695251,3.05831789970398,-1.55067980289459,K,19
OUTPUT,NaN,NaN,NaN,NaN,NaN,NaN

INPUT,0.390568137168884,0.0456209070980549,0.795595943927765,-2.13360333442688,3.05778670310974,-1.54869961738586,K,20
OUTPUT,NaN,NaN,NaN,NaN,NaN,NaN

INPUT,0.355446428060532,0.0336847826838493,0.733724236488342,0.395093739032745,3.1245014667511,1.24713158607483,K,12
OUTPUT,NaN,NaN,NaN,NaN,NaN,NaN

INPUT,0.359294712543488,0.0335956364870071,0.745039999485016,0.348166704177856,3.12273240089417,1.28987693786621,K,13
OUTPUT,NaN,NaN,NaN,NaN,NaN,NaN

INPUT,0.363142967224121,0.0335064902901649,0.756355822086334,0.301594376564026,3.12100148200989,1.3329781293869,K,14
OUTPUT,NaN,NaN,NaN,NaN,NaN,NaN

INPUT,0.366991251707077,0.0334173478186131,0.767671585083008,0.255287736654282,3.11931180953979,1.37634670734406,K,15
OUTPUT,NaN,NaN,NaN,NaN,NaN,NaN

INPUT,0.370454698801041,0.0333371162414551,0.777855753898621,0.213787406682968,3.11782908439636,1.41555559635162,K,16
OUTPUT,NaN,NaN,NaN,NaN,NaN,NaN

INPUT,0.373148500919342,0.0332747139036655,0.785776793956757,0.181602299213409,3.11670255661011,1.44614517688751,K,17
OUTPUT,NaN,NaN,NaN,NaN,NaN,NaN

INPUT,0.375072628259659,0.0332301408052444,0.791434705257416,0.158654987812042,3.11591291427612,1.46803760528564,K,18
OUTPUT,NaN,NaN,NaN,NaN,NaN,NaN

INPUT,0.376227110624313,0.0332033969461918,0.794829428195953,0.144901767373085,3.11544513702393,1.48118841648102,K,19
OUTPUT,NaN,NaN,NaN,NaN,NaN,NaN

INPUT,0.376611948013306,0.0331944823265076,0.795961022377014,0.140319734811783,3.11529040336609,1.48557436466217,K,20
OUTPUT,NaN,NaN,NaN,NaN,NaN,NaN

INPUT,0.37120333313942,0.0408618077635765,0.731759905815125,-2.49004864692688,3.08234047889709,-1.72664749622345,K,5
OUTPUT,NaN,NaN,NaN,NaN,NaN,NaN

INPUT,0.379472255706787,0.0419578589498997,0.747420191764832,-2.55315065383911,3.0732729434967,-1.65474915504456,K,6
OUTPUT,NaN,NaN,NaN,NaN,NaN,NaN

INPUT,0.385903626680374,0.0428103432059288,0.759600341320038,-2.60296726226807,3.0664324760437,-1.59953713417053,K,7
OUTPUT,NaN,NaN,NaN,NaN,NaN,NaN

INPUT,0.390497475862503,0.0434192568063736,0.768300473690033,-2.63883757591248,3.06167197227478,-1.56037092208862,K,8
OUTPUT,NaN,NaN,NaN,NaN,NaN,NaN

INPUT,0.393253773450851,0.0437846072018147,0.773520529270172,-2.66045355796814,3.05886912345886,-1.53695821762085,K,9
OUTPUT,NaN,NaN,NaN,NaN,NaN,NaN

INPUT,0.374982714653015,0.043399915099144,0.7313551902771,-2.05966138839722,3.0597140789032,-1.628293633461,K,5
OUTPUT,NaN,NaN,NaN,NaN,NaN,NaN

INPUT,0.383911639451981,0.0448893941938877,0.746898770332336,-2.0946352481842,3.04658985137939,-1.5862352848053,K,6
OUTPUT,NaN,NaN,NaN,NaN,NaN,NaN

INPUT,0.390856355428696,0.0460478775203228,0.758988201618195,-2.12239170074463,3.03650307655334,-1.55419516563416,K,7
OUTPUT,NaN,NaN,NaN,NaN,NaN,NaN

INPUT,0.395816892385483,0.0468753650784492,0.767623543739319,-2.14239239692688,3.02937936782837,-1.53161215782166,K,8
OUTPUT,NaN,NaN,NaN,NaN,NaN,NaN

INPUT,0.39879322052002,0.0473718605935574,0.772804737091064,-2.15443587303162,3.02514219284058,-1.5181747674942,K,9
OUTPUT,NaN,NaN,NaN,NaN,NaN,NaN

INPUT,0.367994427680969,0.0411482453346252,0.731849193572998,-2.04869341850281,3.08338117599487,-1.65710580348969,K,5
OUTPUT,NaN,NaN,NaN,NaN,NaN,NaN

INPUT,0.375799387693405,0.0422486662864685,0.747623264789581,-2.0783064365387,3.07406759262085,-1.6169525384903,K,6
OUTPUT,NaN,NaN,NaN,NaN,NaN,NaN

INPUT,0.381869912147522,0.0431045517325401,0.759892046451569,-2.10220170021057,3.06689357757568,-1.58668065071106,K,7
OUTPUT,NaN,NaN,NaN,NaN,NaN,NaN

INPUT,0.38620600104332,0.0437158979475498,0.76865541934967,-2.11957478523254,3.06181621551514,-1.56546247005463,K,8
OUTPUT,NaN,NaN,NaN,NaN,NaN,NaN

INPUT,0.388807654380798,0.0440827049314976,0.773913443088531,-2.13008737564087,3.0587911605835,-1.5528736114502,K,9
OUTPUT,NaN,NaN,NaN,NaN,NaN,NaN

INPUT,0.361015111207962,0.0315286554396152,0.724407076835632,1.3205988407135,3.13864326477051,1.76658928394318,K,4
OUTPUT,NaN,NaN,NaN,NaN,NaN,NaN

INPUT,0.367391765117645,0.0309648439288139,0.737818956375122,1.15270936489105,3.13787722587585,1.67933118343353,K,5
OUTPUT,NaN,NaN,NaN,NaN,NaN,NaN

INPUT,0.373768448829651,0.0304010342806578,0.751230776309967,1.02918612957001,3.13707780838013,1.63643944263458,K,6
OUTPUT,NaN,NaN,NaN,NaN,NaN,NaN

INPUT,0.378728091716766,0.0299625154584646,0.761662185192108,0.951341807842255,3.13644695281982,1.62114131450653,K,7
OUTPUT,NaN,NaN,NaN,NaN,NaN,NaN

INPUT,0.382270693778992,0.0296492874622345,0.769113183021545,0.902355074882507,3.13599562644958,1.61666631698608,K,8
OUTPUT,NaN,NaN,NaN,NaN,NaN,NaN

INPUT,0.384396255016327,0.0294613521546125,0.773583829402924,0.875024795532227,3.13572525978088,1.61595678329468,K,9
OUTPUT,NaN,NaN,NaN,NaN,NaN,NaN

INPUT,0.359555333852768,0.0283514074981213,0.724406063556671,1.04105377197266,3.10180711746216,1.46852028369904,K,4
OUTPUT,NaN,NaN,NaN,NaN,NaN,NaN

INPUT,0.365824699401855,0.0272669959813356,0.738066911697388,0.991471350193024,3.09487152099609,1.49575114250183,K,5
OUTPUT,NaN,NaN,NaN,NaN,NaN,NaN

INPUT,0.372094035148621,0.02618258446455,0.751727819442749,0.944761455059052,3.08800053596497,1.52586686611176,K,6
OUTPUT,NaN,NaN,NaN,NaN,NaN,NaN

INPUT,0.376970201730728,0.0253391545265913,0.76235294342041,0.909843266010284,3.0827214717865,1.55056571960449,K,7
OUTPUT,NaN,NaN,NaN,NaN,NaN,NaN

INPUT,0.380453199148178,0.0247367043048143,0.769942343235016,0.885505616664886,3.0789942741394,1.56867432594299,K,8
OUTPUT,NaN,NaN,NaN,NaN,NaN,NaN

INPUT,0.382542967796326,0.0243752337992191,0.774495959281921,0.871115982532501,3.07677745819092,1.57967913150787,K,9
OUTPUT,NaN,NaN,NaN,NaN,NaN,NaN

INPUT,0.361509203910828,0.0336802527308464,0.737903237342834,0.350226610898972,3.1233069896698,1.29502749443054,K,5
OUTPUT,NaN,NaN,NaN,NaN,NaN,NaN

INPUT,0.367133677005768,0.0335318595170975,0.751606523990631,0.273813188076019,3.12031960487366,1.36277341842651,K,6
OUTPUT,NaN,NaN,NaN,NaN,NaN,NaN

INPUT,0.37150827050209,0.0334164388477802,0.762264668941498,0.21512845158577,3.11807155609131,1.41621553897858,K,7
OUTPUT,NaN,NaN,NaN,NaN,NaN,NaN

INPUT,0.374633014202118,0.0333339981734753,0.76987761259079,0.173493847250938,3.11651039123535,1.45467340946198,K,8
OUTPUT,NaN,NaN,NaN,NaN,NaN,NaN

INPUT,0.376507818698883,0.0332845337688923,0.774445354938507,0.148603275418282,3.11559295654297,1.4778391122818,K,9
OUTPUT,NaN,NaN,NaN,NaN,NaN,NaN

INPUT,0.360898166894913,0.0377321504056454,0.733120322227478,0.982414484024048,3.13585948944092,1.42093205451965,K,12
OUTPUT,NaN,NaN,NaN,NaN,NaN,NaN

INPUT,0.365320235490799,0.0380690507590771,0.744372546672821,0.948242843151093,3.13519263267517,1.43289935588837,K,13
OUTPUT,NaN,NaN,NaN,NaN,NaN,NaN

INPUT,0.369742304086685,0.0384059511125088,0.755624651908875,0.916162967681885,3.13452863693237,1.44695830345154,K,14
OUTPUT,NaN,NaN,NaN,NaN,NaN,NaN

INPUT,0.374164372682571,0.0387428514659405,0.766876876354218,0.885628342628479,3.1338677406311,1.46256279945374,K,15
OUTPUT,NaN,NaN,NaN,NaN,NaN,NaN

INPUT,0.378144234418869,0.0390460640192032,0.777003824710846,0.8591588139534,3.13327622413635,1.47761857509613,K,16
OUTPUT,NaN,NaN,NaN,NaN,NaN,NaN

INPUT,0.381239682435989,0.0392818935215473,0.784880340099335,0.839102029800415,3.13281846046448,1.48985934257507,K,17
OUTPUT,NaN,NaN,NaN,NaN,NaN,NaN

INPUT,0.383450716733932,0.0394503474235535,0.790506422519684,0.825016021728516,3.13249278068542,1.49884295463562,K,18
OUTPUT,NaN,NaN,NaN,NaN,NaN,NaN

INPUT,0.384777337312698,0.0395514145493507,0.793882071971893,0.816650211811066,3.1322979927063,1.50431883335114,K,19
OUTPUT,NaN,NaN,NaN,NaN,NaN,NaN

INPUT,0.385219544172287,0.03958510607481,0.795007288455963,0.813874900341034,3.13223314285278,1.50615751743317,K,20
OUTPUT,NaN,NaN,NaN,NaN,NaN,NaN

INPUT,0.377765387296677,0.0458017773926258,0.720212697982788,-2.44154572486877,3.01588034629822,-1.77910387516022,K,11
OUTPUT,NaN,NaN,NaN,NaN,NaN,NaN

INPUT,0.384691566228867,0.047127477824688,0.731271743774414,-2.48011922836304,3.00183463096619,-1.73952698707581,K,12
OUTPUT,NaN,NaN,NaN,NaN,NaN,NaN

INPUT,0.391617715358734,0.0484531745314598,0.742330729961395,-2.51882219314575,2.98800158500671,-1.70000290870667,K,13
OUTPUT,NaN,NaN,NaN,NaN,NaN,NaN

INPUT,0.398543894290924,0.049778874963522,0.753389716148376,-2.55763339996338,2.9744029045105,-1.66050469875336,K,14
OUTPUT,NaN,NaN,NaN,NaN,NaN,NaN

INPUT,0.405470073223114,0.0511045716702938,0.764448702335358,-2.59653997421265,2.96105933189392,-1.62101352214813,K,15
OUTPUT,NaN,NaN,NaN,NaN,NaN,NaN

INPUT,0.411703616380692,0.0522977001965046,0.774401783943176,-2.63163018226624,2.94928598403931,-1.58546555042267,K,16
OUTPUT,NaN,NaN,NaN,NaN,NaN,NaN

INPUT,0.416551947593689,0.0532256886363029,0.782143115997314,-2.65896844863892,2.94029307365417,-1.55780804157257,K,17
OUTPUT,NaN,NaN,NaN,NaN,NaN,NaN

INPUT,0.420015037059784,0.0538885369896889,0.787672579288483,-2.67851901054382,2.93396162986755,-1.53804624080658,K,18
OUTPUT,NaN,NaN,NaN,NaN,NaN,NaN

INPUT,0.422092884778976,0.0542862489819527,0.79099029302597,-2.69025874137878,2.93020105361938,-1.52618587017059,K,19
OUTPUT,NaN,NaN,NaN,NaN,NaN,NaN

INPUT,0.422785490751266,0.0544188171625137,0.792096197605133,-2.69417333602905,2.9289538860321,-1.52223181724548,K,20
OUTPUT,NaN,NaN,NaN,NaN,NaN,NaN

INPUT,0.372106969356537,0.0489415749907494,0.7205930352211,-2.23054933547974,3.04819822311401,-1.65253078937531,K,11
OUTPUT,NaN,NaN,NaN,NaN,NaN,NaN

INPUT,0.378367274999619,0.0506367944180965,0.731696546077728,-2.2637836933136,3.03765988349915,-1.61767077445984,K,12
OUTPUT,NaN,NaN,NaN,NaN,NaN,NaN

INPUT,0.384627610445023,0.0523320138454437,0.742800056934357,-2.29718542098999,3.02724194526672,-1.58294105529785,K,13
OUTPUT,NaN,NaN,NaN,NaN,NaN,NaN

INPUT,0.390887916088104,0.0540272295475006,0.753903567790985,-2.33071780204773,3.0169563293457,-1.54830145835876,K,14
OUTPUT,NaN,NaN,NaN,NaN,NaN,NaN

INPUT,0.397148221731186,0.0557224489748478,0.765007078647614,-2.36435532569885,3.00681519508362,-1.51372385025024,K,15
OUTPUT,NaN,NaN,NaN,NaN,NaN,NaN

INPUT,0.402782499790192,0.0572481453418732,0.775000214576721,-2.39470529556274,2.99782156944275,-1.48264050483704,K,16
OUTPUT,NaN,NaN,NaN,NaN,NaN,NaN

INPUT,0.407164722681046,0.0584347993135452,0.782772719860077,-2.41835451126099,2.99091958999634,-1.45848083496094,K,17
OUTPUT,NaN,NaN,NaN,NaN,NaN,NaN

INPUT,0.410294860601425,0.0592824071645737,0.788324475288391,-2.43526792526245,2.98604202270508,-1.44123029708862,K,18
OUTPUT,NaN,NaN,NaN,NaN,NaN,NaN

INPUT,0.412172973155975,0.0597909726202488,0.791655480861664,-2.44542407989502,2.98313689231873,-1.43088185787201,K,19
OUTPUT,NaN,NaN,NaN,NaN,NaN,NaN

INPUT,0.412799000740051,0.0599604956805706,0.792765855789185,-2.44881081581116,2.98217225074768,-1.42743253707886,K,20
OUTPUT,NaN,NaN,NaN,NaN,NaN,NaN

INPUT,0.378335505723953,0.044347021728754,0.71666157245636,-2.4272768497467,3.01487135887146,-1.78410744667053,K,4
OUTPUT,NaN,NaN,NaN,NaN,NaN,NaN

INPUT,0.38909438252449,0.0465297065675259,0.73145467042923,-2.49802613258362,2.99101853370667,-1.71525418758392,K,5
OUTPUT,NaN,NaN,NaN,NaN,NaN,NaN

INPUT,0.399853259325027,0.048712395131588,0.7462477684021,-2.56864285469055,2.96789741516113,-1.6460212469101,K,6
OUTPUT,NaN,NaN,NaN,NaN,NaN,NaN

INPUT,0.408221274614334,0.0504100397229195,0.757753551006317,-2.62354826927185,2.95049357414246,-1.59196484088898,K,7
OUTPUT,NaN,NaN,NaN,NaN,NaN,NaN

INPUT,0.41419842839241,0.0516226403415203,0.765971958637238,-2.66277718544006,2.93840479850769,-1.55325484275818,K,8
OUTPUT,NaN,NaN,NaN,NaN,NaN,NaN

INPUT,0.417784720659256,0.0523502044379711,0.770902991294861,-2.68632292747498,2.93129777908325,-1.52999198436737,K,9
OUTPUT,NaN,NaN,NaN,NaN,NaN,NaN

INPUT,0.372550994157791,0.0475239455699921,0.715688467025757,-2.22666525840759,3.04730677604675,-1.66497945785522,K,4
OUTPUT,NaN,NaN,NaN,NaN,NaN,NaN

INPUT,0.382558196783066,0.0502792149782181,0.730864346027374,-2.28449678421021,3.02943873405457,-1.60130751132965,K,5
OUTPUT,NaN,NaN,NaN,NaN,NaN,NaN

INPUT,0.39256539940834,0.0530344843864441,0.746040225028992,-2.34318375587463,3.0119833946228,-1.53837049007416,K,6
OUTPUT,NaN,NaN,NaN,NaN,NaN,NaN

INPUT,0.400348782539368,0.0551774688065052,0.757843673229218,-2.38923048973083,2.99873399734497,-1.48972725868225,K,7
OUTPUT,NaN,NaN,NaN,NaN,NaN,NaN

INPUT,0.405908346176147,0.056708175688982,0.766274750232697,-2.42228484153748,2.98946380615234,-1.45509219169617,K,8
OUTPUT,NaN,NaN,NaN,NaN,NaN,NaN

INPUT,0.409244060516357,0.0576265975832939,0.771333336830139,-2.44217300415039,2.98398447036743,-1.43434393405914,K,9
OUTPUT,NaN,NaN,NaN,NaN,NaN,NaN

INPUT,0.361283153295517,0.0376468636095524,0.724377751350403,1.15310263633728,3.13672089576721,1.56506383419037,K,4
OUTPUT,NaN,NaN,NaN,NaN,NaN,NaN

INPUT,0.367653280496597,0.0381959453225136,0.737779915332794,1.03436458110809,3.13554620742798,1.52069652080536,K,5
OUTPUT,NaN,NaN,NaN,NaN,NaN,NaN

INPUT,0.374023407697678,0.0387450307607651,0.751182079315186,0.942331433296204,3.13435316085815,1.50303423404694,K,6
OUTPUT,NaN,NaN,NaN,NaN,NaN,NaN

INPUT,0.378977954387665,0.0391720980405807,0.761605978012085,0.881982803344727,3.1334228515625,1.50039851665497,K,7
OUTPUT,NaN,NaN,NaN,NaN,NaN,NaN

INPUT,0.382516920566559,0.0394771471619606,0.769051611423492,0.843055427074432,3.13276052474976,1.50256586074829,K,8
OUTPUT,NaN,NaN,NaN,NaN,NaN,NaN

INPUT,0.384640276432037,0.0396601743996143,0.773519039154053,0.821024417877197,3.13236474990845,1.50512373447418,K,9
OUTPUT,NaN,NaN,NaN,NaN,NaN,NaN

INPUT,0.361244797706604,0.033003818243742,0.73334789276123,0.77064573764801,3.13128519058228,1.37352406978607,K,12
OUTPUT,NaN,NaN,NaN,NaN,NaN,NaN

INPUT,0.365703374147415,0.0328431688249111,0.744623839855194,0.733631551265717,3.13015532493591,1.3999502658844,K,13
OUTPUT,NaN,NaN,NaN,NaN,NaN,NaN

INPUT,0.370161980390549,0.0326825231313705,0.755899727344513,0.697565197944641,3.12903690338135,1.42732441425323,K,14
OUTPUT,NaN,NaN,NaN,NaN,NaN,NaN

INPUT,0.37462055683136,0.03252187743783,0.767175674438477,0.662206292152405,3.12793064117432,1.455406665802,K,15
OUTPUT,NaN,NaN,NaN,NaN,NaN,NaN

INPUT,0.378633290529251,0.0323772914707661,0.777323961257935,0.63085013628006,3.12694692611694,1.48114800453186,K,16
OUTPUT,NaN,NaN,NaN,NaN,NaN,NaN

INPUT,0.38175430893898,0.0322648398578167,0.785217106342316,0.606708765029907,3.12618970870972,1.50141584873199,K,17
OUTPUT,NaN,NaN,NaN,NaN,NaN,NaN

INPUT,0.383983612060547,0.0321845151484013,0.79085510969162,0.589576900005341,3.12565350532532,1.51600515842438,K,18
OUTPUT,NaN,NaN,NaN,NaN,NaN,NaN

INPUT,0.385321170091629,0.0321363210678101,0.794237852096558,0.579337954521179,3.12533378601074,1.52479887008667,K,19
OUTPUT,NaN,NaN,NaN,NaN,NaN,NaN

INPUT,0.385767042636871,0.0321202576160431,0.795365452766418,0.575931191444397,3.12522745132446,1.52773642539978,K,20
OUTPUT,NaN,NaN,NaN,NaN,NaN,NaN

INPUT,0.358411312103271,0.0329489782452583,0.733801543712616,0.629598677158356,3.13496708869934,1.46413397789001,K,12
OUTPUT,NaN,NaN,NaN,NaN,NaN,NaN

INPUT,0.362572222948074,0.0327826514840126,0.745124459266663,0.577942848205566,3.13423275947571,1.50030243396759,K,13
OUTPUT,NaN,NaN,NaN,NaN,NaN,NaN

INPUT,0.366733133792877,0.0326163284480572,0.756447315216064,0.527680933475494,3.13351249694824,1.53786504268646,K,14
OUTPUT,NaN,NaN,NaN,NaN,NaN,NaN

INPUT,0.37089404463768,0.0324500054121017,0.767770230770111,0.478449136018753,3.13280725479126,1.5764582157135,K,15
OUTPUT,NaN,NaN,NaN,NaN,NaN,NaN

INPUT,0.374638855457306,0.0323003120720387,0.77796083688736,0.434814810752869,3.13218688964844,1.61186635494232,K,16
OUTPUT,NaN,NaN,NaN,NaN,NaN,NaN

INPUT,0.3775514960289,0.0321838855743408,0.785886824131012,0.40123063325882,3.13171458244324,1.63975989818573,K,17
OUTPUT,NaN,NaN,NaN,NaN,NaN,NaN

INPUT,0.37963193655014,0.032100722193718,0.791548252105713,0.377401858568192,3.13138270378113,1.65984380245209,K,18
OUTPUT,NaN,NaN,NaN,NaN,NaN,NaN

INPUT,0.380880206823349,0.0320508256554604,0.794945120811462,0.363161474466324,3.13118577003479,1.67195117473602,K,19
OUTPUT,NaN,NaN,NaN,NaN,NaN,NaN

INPUT,0.381296306848526,0.0320341922342777,0.79607743024826,0.35842365026474,3.1311206817627,1.67599582672119,K,20
OUTPUT,NaN,NaN,NaN,NaN,NaN,NaN

INPUT,0.365437597036362,0.0407835617661476,0.722228765487671,-2.24296498298645,3.0737407207489,-1.59529554843903,K,11
OUTPUT,NaN,NaN,NaN,NaN,NaN,NaN

INPUT,0.370914369821548,0.0415191426873207,0.733522474765778,-2.28004264831543,3.06617069244385,-1.5561329126358,K,12
OUTPUT,NaN,NaN,NaN,NaN,NaN,NaN

INPUT,0.376391172409058,0.0422547236084938,0.74481612443924,-2.31732034683228,3.05871033668518,-1.51714825630188,K,13
OUTPUT,NaN,NaN,NaN,NaN,NaN,NaN

INPUT,0.381867915391922,0.0429903045296669,0.756109774112701,-2.35474944114685,3.05137014389038,-1.4782919883728,K,14
OUTPUT,NaN,NaN,NaN,NaN,NaN,NaN

INPUT,0.387344717979431,0.0437258817255497,0.767403423786163,-2.39229774475098,3.04416108131409,-1.4395295381546,K,15
OUTPUT,NaN,NaN,NaN,NaN,NaN,NaN

INPUT,0.392273813486099,0.0443879067897797,0.777567744255066,-2.4261736869812,3.03779363632202,-1.40470349788666,K,16
OUTPUT,NaN,NaN,NaN,NaN,NaN,NaN

INPUT,0.39610755443573,0.0449028126895428,0.78547328710556,-2.45256781578064,3.03292536735535,-1.3776468038559,K,17
OUTPUT,NaN,NaN,NaN,NaN,NaN,NaN

INPUT,0.398845940828323,0.0452706031501293,0.791120171546936,-2.47144246101379,3.02949523925781,-1.35833394527435,K,18
OUTPUT,NaN,NaN,NaN,NaN,NaN,NaN

INPUT,0.400488972663879,0.045491274446249,0.794508218765259,-2.48277521133423,3.02745652198792,-1.34675073623657,K,19
OUTPUT,NaN,NaN,NaN,NaN,NaN,NaN

INPUT,0.401036649942398,0.0455648340284824,0.795637607574463,-2.48655414581299,3.02678036689758,-1.34289038181305,K,20
OUTPUT,NaN,NaN,NaN,NaN,NaN,NaN

INPUT,0.369430065155029,0.0362807624042034,0.72212940454483,-2.72578883171082,3.086745262146,-1.78023195266724,K,11
OUTPUT,NaN,NaN,NaN,NaN,NaN,NaN

INPUT,0.375376105308533,0.0364865735173225,0.733412265777588,-2.78058266639709,3.080974817276,-1.72374415397644,K,12
OUTPUT,NaN,NaN,NaN,NaN,NaN,NaN

INPUT,0.381322175264359,0.0366923846304417,0.744695127010345,-2.83553147315979,3.07539200782776,-1.66739189624786,K,13
OUTPUT,NaN,NaN,NaN,NaN,NaN,NaN

INPUT,0.387268215417862,0.0368981957435608,0.755977988243103,-2.89059734344482,3.07001376152039,-1.61113715171814,K,14
OUTPUT,NaN,NaN,NaN,NaN,NaN,NaN

INPUT,0.393214285373688,0.0371040068566799,0.767260849475861,-2.94575572013855,3.06485724449158,-1.55495321750641,K,15
OUTPUT,NaN,NaN,NaN,NaN,NaN,NaN

INPUT,0.398565739393234,0.0372892357409,0.777415454387665,-2.9954617023468,3.0604190826416,-1.50443303585052,K,16
OUTPUT,NaN,NaN,NaN,NaN,NaN,NaN

INPUT,0.402727961540222,0.0374333038926125,0.785313487052917,-3.03415703773499,3.0571072101593,-1.46516251564026,K,17
OUTPUT,NaN,NaN,NaN,NaN,NaN,NaN

INPUT,0.405701011419296,0.0375362075865269,0.790954887866974,-3.06181311607361,3.05482006072998,-1.43712198734283,K,18
OUTPUT,NaN,NaN,NaN,NaN,NaN,NaN

INPUT,0.407484799623489,0.0375979505479336,0.794339776039124,-3.07841277122498,3.05347967147827,-1.42030119895935,K,19
OUTPUT,NaN,NaN,NaN,NaN,NaN,NaN

INPUT,0.408079415559769,0.0376185327768326,0.795468032360077,-3.08394694328308,3.05303835868835,-1.41469478607178,K,20
OUTPUT,NaN,NaN,NaN,NaN,NaN,NaN

INPUT,0.366729259490967,0.0345196090638638,0.722338378429413,-2.62354302406311,3.08369493484497,-1.66010415554047,K,11
OUTPUT,NaN,NaN,NaN,NaN,NaN,NaN

INPUT,0.37235763669014,0.0345182456076145,0.733645915985107,-2.67925310134888,3.0776150226593,-1.60242009162903,K,12
OUTPUT,NaN,NaN,NaN,NaN,NaN,NaN

INPUT,0.377986043691635,0.0345168858766556,0.744953393936157,-2.73514294624329,3.07174038887024,-1.54489409923553,K,13
OUTPUT,NaN,NaN,NaN,NaN,NaN,NaN

INPUT,0.383614420890808,0.0345155224204063,0.756260871887207,-2.79116868972778,3.06609034538269,-1.48748159408569,K,14
OUTPUT,NaN,NaN,NaN,NaN,NaN,NaN

INPUT,0.389242827892303,0.0345141626894474,0.767568349838257,-2.84730124473572,3.06068301200867,-1.43015205860138,K,15
OUTPUT,NaN,NaN,NaN,NaN,NaN,NaN

INPUT,0.394308358430862,0.0345129370689392,0.777745127677917,-2.89789414405823,3.05603814125061,-1.37860798835754,K,16
OUTPUT,NaN,NaN,NaN,NaN,NaN,NaN

INPUT,0.398248255252838,0.0345119833946228,0.78566038608551,-2.93728470802307,3.052579164505,-1.33854508399963,K,17
OUTPUT,NaN,NaN,NaN,NaN,NaN,NaN

INPUT,0.401062428951263,0.0345113016664982,0.791314125061035,-2.96543979644775,3.05019378662109,-1.30994045734406,K,18
OUTPUT,NaN,NaN,NaN,NaN,NaN,NaN

INPUT,0.402750939130783,0.0345108956098557,0.794706344604492,-2.98233962059021,3.04879784584045,-1.29278159141541,K,19
OUTPUT,NaN,NaN,NaN,NaN,NaN,NaN

INPUT,0.403313785791397,0.0345107577741146,0.795837104320526,-2.98797392845154,3.04833841323853,-1.2870626449585,K,20
OUTPUT,NaN,NaN,NaN,NaN,NaN,NaN

INPUT,0.37718191742897,0.047818124294281,0.719316601753235,-2.28036284446716,3.00875687599182,-1.70561754703522,K,11
OUTPUT,NaN,NaN,NaN,NaN,NaN,NaN

INPUT,0.384040325880051,0.0493813864886761,0.730267703533173,-2.31378555297852,2.99372673034668,-1.67121469974518,K,12
OUTPUT,NaN,NaN,NaN,NaN,NaN,NaN

INPUT,0.390898764133453,0.0509446524083614,0.74121880531311,-2.34733581542969,2.97886610031128,-1.63686418533325,K,13
OUTPUT,NaN,NaN,NaN,NaN,NaN,NaN

INPUT,0.397757172584534,0.0525079108774662,0.752169907093048,-2.38099336624146,2.96419262886047,-1.60253918170929,K,14
OUTPUT,NaN,NaN,NaN,NaN,NaN,NaN

INPUT,0.404615610837936,0.0540711730718613,0.763121008872986,-2.41474556922913,2.9497230052948,-1.56822085380554,K,15
OUTPUT,NaN,NaN,NaN,NaN,NaN,NaN

INPUT,0.410788178443909,0.055478110909462,0.772976994514465,-2.44519662857056,2.93688917160034,-1.53732788562775,K,16
OUTPUT,NaN,NaN,NaN,NaN,NaN,NaN

INPUT,0.415589094161987,0.0565723925828934,0.780642807483673,-2.46892666816711,2.92703890800476,-1.51329052448273,K,17
OUTPUT,NaN,NaN,NaN,NaN,NaN,NaN

INPUT,0.419018298387527,0.0573540255427361,0.78611832857132,-2.48590016365051,2.920077085495,-1.49611389636993,K,18
OUTPUT,NaN,NaN,NaN,NaN,NaN,NaN

INPUT,0.421075820922852,0.0578230023384094,0.789403676986694,-2.49609375,2.91593074798584,-1.48580467700958,K,19
OUTPUT,NaN,NaN,NaN,NaN,NaN,NaN

INPUT,0.42176166176796,0.0579793304204941,0.790498793125153,-2.49949312210083,2.91455364227295,-1.48236763477325,K,20
OUTPUT,NaN,NaN,NaN,NaN,NaN,NaN

INPUT,0.352329790592194,0.0233413949608803,0.73415470123291,0.947257399559021,3.09122276306152,1.49378335475922,K,12
OUTPUT,NaN,NaN,NaN,NaN,NaN,NaN

INPUT,0.355850160121918,0.0221633575856686,0.745515823364258,0.917171120643616,3.0860013961792,1.52123367786407,K,13
OUTPUT,NaN,NaN,NaN,NaN,NaN,NaN

INPUT,0.359370559453964,0.0209853202104568,0.756876945495605,0.887306213378906,3.08082604408264,1.54891359806061,K,14
OUTPUT,NaN,NaN,NaN,NaN,NaN,NaN

INPUT,0.362890928983688,0.0198072828352451,0.768238067626953,0.857607483863831,3.0757007598877,1.57676887512207,K,15
OUTPUT,NaN,NaN,NaN,NaN,NaN,NaN

INPUT,0.366059273481369,0.0187470465898514,0.778463065624237,0.830988585948944,3.07113456726074,1.60195672512054,K,16
OUTPUT,NaN,NaN,NaN,NaN,NaN,NaN

INPUT,0.36852353811264,0.0179224219173193,0.786415874958038,0.810342848300934,3.0676155090332,1.62161087989807,K,17
OUTPUT,NaN,NaN,NaN,NaN,NaN,NaN

INPUT,0.370283722877502,0.0173334013670683,0.792096436023712,0.795622169971466,3.06512022018433,1.63567900657654,K,18
OUTPUT,NaN,NaN,NaN,NaN,NaN,NaN

INPUT,0.371339857578278,0.0169799905270338,0.795504748821259,0.786799132823944,3.0636305809021,1.64413058757782,K,19
OUTPUT,NaN,NaN,NaN,NaN,NaN,NaN

INPUT,0.371691882610321,0.0168621875345707,0.796640872955322,0.783859550952911,3.06313538551331,1.64694941043854,K,20
OUTPUT,NaN,NaN,NaN,NaN,NaN,NaN

INPUT,0.361639529466629,0.033234853297472,0.72455883026123,0.859789133071899,3.1325204372406,1.42583799362183,K,4
OUTPUT,NaN,NaN,NaN,NaN,NaN,NaN

INPUT,0.368098855018616,0.0329869985580444,0.738008379936218,0.772510468959808,3.13054823875427,1.44110870361328,K,5
OUTPUT,NaN,NaN,NaN,NaN,NaN,NaN

INPUT,0.374558240175247,0.0327391400933266,0.751457929611206,0.696107089519501,3.12859511375427,1.46725583076477,K,6
OUTPUT,NaN,NaN,NaN,NaN,NaN,NaN

INPUT,0.379582166671753,0.0325463637709618,0.761918663978577,0.641564846038818,3.12710165977478,1.49213194847107,K,7
OUTPUT,NaN,NaN,NaN,NaN,NaN,NaN

INPUT,0.383170694112778,0.0324086621403694,0.769390642642975,0.604558348655701,3.12605309486389,1.51151788234711,K,8
OUTPUT,NaN,NaN,NaN,NaN,NaN,NaN

INPUT,0.385323822498322,0.0323260463774204,0.773873805999756,0.583012700080872,3.12543272972107,1.52363157272339,K,9
OUTPUT,NaN,NaN,NaN,NaN,NaN,NaN

INPUT,0.365947484970093,0.0399464182555676,0.716664969921112,-2.2445502281189,3.07311248779297,-1.61415255069733,K,4
OUTPUT,NaN,NaN,NaN,NaN,NaN,NaN

INPUT,0.374754816293716,0.0410641729831696,0.732310235500336,-2.30690789222717,3.06028318405151,-1.54074919223785,K,5
OUTPUT,NaN,NaN,NaN,NaN,NaN,NaN

INPUT,0.383562177419662,0.0421819314360619,0.747955501079559,-2.37078905105591,3.04782629013062,-1.46879947185516,K,6
OUTPUT,NaN,NaN,NaN,NaN,NaN,NaN

INPUT,0.390412330627441,0.0430512987077236,0.76012396812439,-2.42116475105286,3.03843259811401,-1.41347527503967,K,7
OUTPUT,NaN,NaN,NaN,NaN,NaN,NaN

INPUT,0.395305275917053,0.0436722747981548,0.768815815448761,-2.45741891860962,3.03189706802368,-1.37419867515564,K,8
OUTPUT,NaN,NaN,NaN,NaN,NaN,NaN

INPUT,0.398241072893143,0.0440448634326458,0.774030864238739,-2.47926020622253,3.0280499458313,-1.35070908069611,K,9
OUTPUT,NaN,NaN,NaN,NaN,NaN,NaN

INPUT,0.370029628276825,0.0361240319907665,0.716877102851868,-2.72933101654053,3.08681321144104,-1.80746245384216,K,4
OUTPUT,NaN,NaN,NaN,NaN,NaN,NaN

INPUT,0.379634201526642,0.0364926606416702,0.732407212257385,-2.82114028930664,3.07692503929138,-1.70152246952057,K,5
OUTPUT,NaN,NaN,NaN,NaN,NaN,NaN

INPUT,0.389238774776459,0.0368612892925739,0.747937321662903,-2.91480946540833,3.06766581535339,-1.59738147258759,K,6
OUTPUT,NaN,NaN,NaN,NaN,NaN,NaN

INPUT,0.396708995103836,0.0371479988098145,0.760016262531281,-2.98848962783813,3.06095790863037,-1.51716446876526,K,7
OUTPUT,NaN,NaN,NaN,NaN,NaN,NaN

INPUT,0.402044862508774,0.0373527929186821,0.768644094467163,-3.04143714904785,3.0564558506012,-1.46016061306,K,8
OUTPUT,NaN,NaN,NaN,NaN,NaN,NaN

INPUT,0.405246406793594,0.0374756678938866,0.773820817470551,-3.07330822944641,3.05387711524963,-1.42605102062225,K,9
OUTPUT,NaN,NaN,NaN,NaN,NaN,NaN

INPUT,0.367261290550232,0.034322090446949,0.716875553131104,-2.62701201438904,3.08365845680237,-1.68789279460907,K,4
OUTPUT,NaN,NaN,NaN,NaN,NaN,NaN

INPUT,0.37631744146347,0.0342965945601463,0.732506036758423,-2.72042274475098,3.0732696056366,-1.57975161075592,K,5
OUTPUT,NaN,NaN,NaN,NaN,NaN,NaN

INPUT,0.385373562574387,0.034271102398634,0.748136520385742,-2.8157639503479,3.0635712146759,-1.47347128391266,K,6
OUTPUT,NaN,NaN,NaN,NaN,NaN,NaN

INPUT,0.392417222261429,0.0342512764036655,0.760293543338776,-2.89077615737915,3.05656909942627,-1.39161682128906,K,7
OUTPUT,NaN,NaN,NaN,NaN,NaN,NaN

INPUT,0.397448390722275,0.0342371128499508,0.768977165222168,-2.94468712806702,3.05188465118408,-1.33345246315002,K,8
OUTPUT,NaN,NaN,NaN,NaN,NaN,NaN

INPUT,0.400467097759247,0.03422861546278,0.774187326431274,-2.97714042663574,3.04920768737793,-1.29864966869354,K,9
OUTPUT,NaN,NaN,NaN,NaN,NaN,NaN

INPUT,0.377512544393539,0.045957375317812,0.715263903141022,-2.26864433288574,3.00728940963745,-1.71145975589752,K,4
OUTPUT,NaN,NaN,NaN,NaN,NaN,NaN

INPUT,0.38827121257782,0.0484259873628616,0.730020761489868,-2.32966923713684,2.98185014724731,-1.65110063552856,K,5
OUTPUT,NaN,NaN,NaN,NaN,NaN,NaN

INPUT,0.3990298807621,0.0508946068584919,0.744777619838715,-2.39072585105896,2.95699763298035,-1.59052860736847,K,6
OUTPUT,NaN,NaN,NaN,NaN,NaN,NaN

INPUT,0.407397717237473,0.0528146401047707,0.756255209445953,-2.43826866149902,2.93813347816467,-1.54328203201294,K,7
OUTPUT,NaN,NaN,NaN,NaN,NaN,NaN

INPUT,0.413374751806259,0.0541860945522785,0.76445347070694,-2.47226715087891,2.92493510246277,-1.50946414470673,K,8
OUTPUT,NaN,NaN,NaN,NaN,NaN,NaN

INPUT,0.41696098446846,0.0550089664757252,0.769372403621674,-2.49268412590027,2.91713380813599,-1.48914515972137,K,9
OUTPUT,NaN,NaN,NaN,NaN,NaN,NaN

INPUT,0.358824461698532,0.0331308208405972,0.724750399589539,0.740922152996063,3.13614439964294,1.52505552768707,K,4
OUTPUT,NaN,NaN,NaN,NaN,NaN,NaN

INPUT,0.364824801683426,0.0328599847853184,0.738337278366089,0.622825562953949,3.13477301597595,1.54816222190857,K,5
OUTPUT,NaN,NaN,NaN,NaN,NaN,NaN

INPUT,0.37082514166832,0.0325891487300396,0.751924097537994,0.520548045635223,3.13342523574829,1.58708894252777,K,6
OUTPUT,NaN,NaN,NaN,NaN,NaN,NaN

INPUT,0.375492095947266,0.0323784984648228,0.762491643428802,0.447353154420853,3.13240051269531,1.6237199306488,K,7
OUTPUT,NaN,NaN,NaN,NaN,NaN,NaN

INPUT,0.378825604915619,0.0322280339896679,0.770039916038513,0.397363483905792,3.13168382644653,1.65217757225037,K,8
OUTPUT,NaN,NaN,NaN,NaN,NaN,NaN

INPUT,0.380825728178024,0.032137755304575,0.774568855762482,0.368081510066986,3.13126063346863,1.6699640750885,K,9
OUTPUT,NaN,NaN,NaN,NaN,NaN,NaN

INPUT,0.358210444450378,0.0228306446224451,0.738088488578796,0.925440490245819,3.08546113967896,1.53227496147156,K,5
OUTPUT,NaN,NaN,NaN,NaN,NaN,NaN

INPUT,0.363463401794434,0.0210804138332605,0.751989483833313,0.873154520988464,3.07726097106934,1.57266366481781,K,6
OUTPUT,NaN,NaN,NaN,NaN,NaN,NaN

INPUT,0.367549031972885,0.0197191257029772,0.7628014087677,0.833567440509796,3.07099843025208,1.60491752624512,K,7
OUTPUT,NaN,NaN,NaN,NaN,NaN,NaN

INPUT,0.370467334985733,0.0187467765063047,0.770524203777313,0.80579400062561,3.06660127639771,1.62821865081787,K,8
OUTPUT,NaN,NaN,NaN,NaN,NaN,NaN

INPUT,0.3722183406353,0.0181633662432432,0.775157868862152,0.789319932460785,3.06399726867676,1.64226174354553,K,9
OUTPUT,NaN,NaN,NaN,NaN,NaN,NaN

INPUT,0.350915908813477,0.0212596990168095,0.7330601811409,0.877228736877441,3.06102228164673,1.19695651531219,K,12
OUTPUT,NaN,NaN,NaN,NaN,NaN,NaN

INPUT,0.354287326335907,0.0198627319186926,0.744305849075317,0.859701633453369,3.05251884460449,1.21319448947906,K,13
OUTPUT,NaN,NaN,NaN,NaN,NaN,NaN

INPUT,0.357658743858337,0.0184657648205757,0.755551517009735,0.842311859130859,3.0440559387207,1.22952127456665,K,14
OUTPUT,NaN,NaN,NaN,NaN,NaN,NaN

INPUT,0.361030161380768,0.0170687977224588,0.766797184944153,0.825041592121124,3.03564119338989,1.24589991569519,K,15
OUTPUT,NaN,NaN,NaN,NaN,NaN,NaN

INPUT,0.364064455032349,0.0158115271478891,0.776918292045593,0.809592187404633,3.02811479568481,1.26066136360168,K,16
OUTPUT,NaN,NaN,NaN,NaN,NaN,NaN

INPUT,0.366424441337585,0.0148336496204138,0.784790277481079,0.797635138034821,3.02229499816895,1.27214443683624,K,17
OUTPUT,NaN,NaN,NaN,NaN,NaN,NaN

INPUT,0.368110179901123,0.0141351651400328,0.79041314125061,0.789125502109528,3.0181577205658,1.28034353256226,K,18
OUTPUT,NaN,NaN,NaN,NaN,NaN,NaN

INPUT,0.369121581315994,0.0137160765007138,0.793786823749542,0.784032225608826,3.01568365097046,1.28526067733765,K,19
OUTPUT,NaN,NaN,NaN,NaN,NaN,NaN

INPUT,0.369458734989166,0.0135763790458441,0.79491138458252,0.782336533069611,3.01486039161682,1.28689920902252,K,20
OUTPUT,NaN,NaN,NaN,NaN,NaN,NaN

INPUT,0.356465995311737,0.0294843073934317,0.732974767684937,0.671257317066193,3.10501646995544,1.41327571868896,K,12
OUTPUT,NaN,NaN,NaN,NaN,NaN,NaN

INPUT,0.360421508550644,0.0289530791342258,0.744211554527283,0.630739092826843,3.10128736495972,1.45086336135864,K,13
OUTPUT,NaN,NaN,NaN,NaN,NaN,NaN

INPUT,0.364377051591873,0.0284218527376652,0.755448341369629,0.590464532375336,3.0976197719574,1.48870038986206,K,14
OUTPUT,NaN,NaN,NaN,NaN,NaN,NaN

INPUT,0.36833256483078,0.0278906244784594,0.766685128211975,0.550373017787933,3.09401917457581,1.52672672271729,K,15
OUTPUT,NaN,NaN,NaN,NaN,NaN,NaN

INPUT,0.371892541646957,0.0274125188589096,0.776798248291016,0.514411807060242,3.09084033966064,1.5610773563385,K,16
OUTPUT,NaN,NaN,NaN,NaN,NaN,NaN

INPUT,0.374661386013031,0.027040658518672,0.784664034843445,0.486506074666977,3.08841109275818,1.58786249160767,K,17
OUTPUT,NaN,NaN,NaN,NaN,NaN,NaN

INPUT,0.376639157533646,0.0267750453203917,0.790282428264618,0.466602474451065,3.08670020103455,1.60702586174011,K,18
OUTPUT,NaN,NaN,NaN,NaN,NaN,NaN

INPUT,0.377825796604156,0.0266156774014235,0.79365348815918,0.454670816659927,3.08568358421326,1.61853516101837,K,19
OUTPUT,NaN,NaN,NaN,NaN,NaN,NaN

INPUT,0.378221362829208,0.0265625547617674,0.794777154922485,0.450695127248764,3.08534646034241,1.62237334251404,K,20
OUTPUT,NaN,NaN,NaN,NaN,NaN,NaN

INPUT,0.361269980669022,0.0377246029675007,0.722474694252014,-2.27942728996277,3.10531187057495,-1.67103230953217,K,11
OUTPUT,NaN,NaN,NaN,NaN,NaN,NaN

INPUT,0.366255939006805,0.0381003394722939,0.733798205852509,-2.31330609321594,3.1012864112854,-1.63334119319916,K,12
OUTPUT,NaN,NaN,NaN,NaN,NaN,NaN

INPUT,0.371241927146912,0.038476075977087,0.745121717453003,-2.34753227233887,3.09731268882751,-1.59599149227142,K,13
OUTPUT,NaN,NaN,NaN,NaN,NaN,NaN

INPUT,0.376227885484695,0.0388518124818802,0.756445229053497,-2.38201689720154,3.0933952331543,-1.55889451503754,K,14
OUTPUT,NaN,NaN,NaN,NaN,NaN,NaN

INPUT,0.381213873624802,0.0392275489866734,0.767768740653992,-2.4167001247406,3.08953976631165,-1.52198898792267,K,15
OUTPUT,NaN,NaN,NaN,NaN,NaN,NaN

INPUT,0.385701268911362,0.0395657122135162,0.777959942817688,-2.44804906845093,3.08612632751465,-1.48890197277069,K,16
OUTPUT,NaN,NaN,NaN,NaN,NaN,NaN

INPUT,0.389191448688507,0.0398287251591682,0.785886406898499,-2.47250366210938,3.08351135253906,-1.46323585510254,K,17
OUTPUT,NaN,NaN,NaN,NaN,NaN,NaN

INPUT,0.391684412956238,0.04001659527421,0.791548132896423,-2.49000453948975,3.08166551589966,-1.4449337720871,K,18
OUTPUT,NaN,NaN,NaN,NaN,NaN,NaN

INPUT,0.393180221319199,0.0401293151080608,0.794945180416107,-2.50051712989807,3.08056712150574,-1.43396365642548,K,19
OUTPUT,NaN,NaN,NaN,NaN,NaN,NaN

INPUT,0.393678814172745,0.0401668883860111,0.79607754945755,-2.50402331352234,3.08020257949829,-1.43030869960785,K,20
OUTPUT,NaN,NaN,NaN,NaN,NaN,NaN

INPUT,0.362550318241119,0.0354753695428371,0.733023226261139,-2.05782222747803,3.12673020362854,-1.63947582244873,K,12
OUTPUT,NaN,NaN,NaN,NaN,NaN,NaN

INPUT,0.367146551609039,0.0355747044086456,0.744265198707581,-2.07505393028259,3.12525963783264,-1.61269044876099,K,13
OUTPUT,NaN,NaN,NaN,NaN,NaN,NaN

INPUT,0.371742814779282,0.0356740355491638,0.755507230758667,-2.09307336807251,3.1237964630127,-1.58669233322144,K,14
OUTPUT,NaN,NaN,NaN,NaN,NaN,NaN

INPUT,0.376339048147202,0.035773366689682,0.766749203205109,-2.11169767379761,3.1223418712616,-1.56129848957062,K,15
OUTPUT,NaN,NaN,NaN,NaN,NaN,NaN

INPUT,0.380475670099258,0.0358627662062645,0.776867032051086,-2.12886810302734,3.12104058265686,-1.53885221481323,K,16
OUTPUT,NaN,NaN,NaN,NaN,NaN,NaN

INPUT,0.383693039417267,0.0359322987496853,0.784736394882202,-2.14244294166565,3.12003374099731,-1.52161347866058,K,17
OUTPUT,NaN,NaN,NaN,NaN,NaN,NaN

INPUT,0.385991156101227,0.0359819643199444,0.790357410907745,-2.15224027633667,3.11931777000427,-1.50940120220184,K,18
OUTPUT,NaN,NaN,NaN,NaN,NaN,NaN

INPUT,0.387370020151138,0.0360117666423321,0.793730020523071,-2.15815544128418,3.11888933181763,-1.50211024284363,K,19
OUTPUT,NaN,NaN,NaN,NaN,NaN,NaN

INPUT,0.387829661369324,0.0360216982662678,0.79485422372818,-2.16013288497925,3.11874675750732,-1.49968576431274,K,20
OUTPUT,NaN,NaN,NaN,NaN,NaN,NaN

INPUT,0.36250376701355,0.0365247651934624,0.732671141624451,-2.42390871047974,3.11198377609253,-1.79622626304626,K,12
OUTPUT,NaN,NaN,NaN,NaN,NaN,NaN

INPUT,0.367094933986664,0.0367346554994583,0.743876039981842,-2.45515441894531,3.1090726852417,-1.7614107131958,K,13
OUTPUT,NaN,NaN,NaN,NaN,NaN,NaN

INPUT,0.371686100959778,0.0369445495307446,0.755080938339233,-2.48669338226318,3.10619688034058,-1.72688555717468,K,14
OUTPUT,NaN,NaN,NaN,NaN,NaN,NaN

INPUT,0.376277267932892,0.0371544398367405,0.766285836696625,-2.51845717430115,3.10335969924927,-1.69258177280426,K,15
OUTPUT,NaN,NaN,NaN,NaN,NaN,NaN

INPUT,0.380409330129623,0.0373433418571949,0.776370227336884,-2.54719614982605,3.1008415222168,-1.66185688972473,K,16
OUTPUT,NaN,NaN,NaN,NaN,NaN,NaN

INPUT,0.383623152971268,0.0374902673065662,0.784213662147522,-2.56963038444519,3.09890794754028,-1.63803946971893,K,17
OUTPUT,NaN,NaN,NaN,NaN,NaN,NaN

INPUT,0.385918706655502,0.0375952124595642,0.789816081523895,-2.58569240570068,3.09754061698914,-1.62106323242188,K,18
OUTPUT,NaN,NaN,NaN,NaN,NaN,NaN

INPUT,0.387296080589294,0.0376581810414791,0.793177545070648,-2.59534311294556,3.09672594070435,-1.61089062690735,K,19
OUTPUT,NaN,NaN,NaN,NaN,NaN,NaN

INPUT,0.387755185365677,0.0376791693270206,0.794298052787781,-2.59856224060059,3.09645533561707,-1.60750186443329,K,20
OUTPUT,NaN,NaN,NaN,NaN,NaN,NaN

INPUT,0.361066788434982,0.041221309453249,0.721162617206573,-2.18291640281677,3.07699012756348,-1.71500420570374,K,11
OUTPUT,NaN,NaN,NaN,NaN,NaN,NaN

INPUT,0.366028308868408,0.0420081093907356,0.732333362102509,-2.20928025245667,3.06964039802551,-1.6862975358963,K,12
OUTPUT,NaN,NaN,NaN,NaN,NaN,NaN

INPUT,0.370989829301834,0.0427949093282223,0.743504106998444,-2.23586773872375,3.06234526634216,-1.65780007839203,K,13
OUTPUT,NaN,NaN,NaN,NaN,NaN,NaN

INPUT,0.375951319932938,0.0435817055404186,0.754674851894379,-2.26262354850769,3.05510997772217,-1.62945508956909,K,14
OUTPUT,NaN,NaN,NaN,NaN,NaN,NaN

INPUT,0.380912840366364,0.0443685054779053,0.765845596790314,-2.28951001167297,3.04794025421143,-1.60122346878052,K,15
OUTPUT,NaN,NaN,NaN,NaN,NaN,NaN

INPUT,0.385378211736679,0.0450766272842884,0.775899291038513,-2.31379771232605,3.04154801368713,-1.57588922977448,K,16
OUTPUT,NaN,NaN,NaN,NaN,NaN,NaN

INPUT,0.388851255178452,0.0456273853778839,0.783718824386597,-2.3327374458313,3.03661870956421,-1.55622327327728,K,17
OUTPUT,NaN,NaN,NaN,NaN,NaN,NaN

INPUT,0.391332030296326,0.0460207834839821,0.789304137229919,-2.34628915786743,3.03312158584595,-1.54219329357147,K,18
OUTPUT,NaN,NaN,NaN,NaN,NaN,NaN

INPUT,0.392820477485657,0.0462568253278732,0.792655408382416,-2.3544282913208,3.03103303909302,-1.53378117084503,K,19
OUTPUT,NaN,NaN,NaN,NaN,NaN,NaN

INPUT,0.393316626548767,0.0463355034589767,0.793772459030151,-2.35714292526245,3.03033852577209,-1.53097808361053,K,20
OUTPUT,NaN,NaN,NaN,NaN,NaN,NaN

INPUT,0.356823623180389,0.0208948701620102,0.736594796180725,0.867827713489532,3.05182075500488,1.22311878204346,K,5
OUTPUT,NaN,NaN,NaN,NaN,NaN,NaN

INPUT,0.362017720937729,0.0189017280936241,0.750446557998657,0.83611798286438,3.03842544555664,1.24520492553711,K,6
OUTPUT,NaN,NaN,NaN,NaN,NaN,NaN

INPUT,0.366057604551315,0.017351508140564,0.761220097541809,0.812254548072815,3.02806949615479,1.26315534114838,K,7
OUTPUT,NaN,NaN,NaN,NaN,NaN,NaN

INPUT,0.368943214416504,0.0162442084401846,0.76891553401947,0.795539915561676,3.02071475982666,1.27627086639404,K,8
OUTPUT,NaN,NaN,NaN,NaN,NaN,NaN

INPUT,0.370674580335617,0.0155798280611634,0.773532807826996,0.785624384880066,3.01632142066956,1.28423225879669,K,9
OUTPUT,NaN,NaN,NaN,NaN,NaN,NaN

INPUT,0.37008199095726,0.0378833785653114,0.732242166996002,-2.34309935569763,3.097989320755,-1.62295019626617,K,5
OUTPUT,NaN,NaN,NaN,NaN,NaN,NaN

INPUT,0.378221899271011,0.0384425036609173,0.748036503791809,-2.3997175693512,3.09140110015869,-1.55230367183685,K,6
OUTPUT,NaN,NaN,NaN,NaN,NaN,NaN

INPUT,0.384552925825119,0.0388773791491985,0.760320961475372,-2.44490385055542,3.08641481399536,-1.49849224090576,K,7
OUTPUT,NaN,NaN,NaN,NaN,NaN,NaN

INPUT,0.389075100421906,0.0391880087554455,0.769095540046692,-2.47762799263,3.08293461799622,-1.46049547195435,K,8
OUTPUT,NaN,NaN,NaN,NaN,NaN,NaN

INPUT,0.391788393259048,0.0393743813037872,0.774360299110413,-2.49740839004517,3.08088111877441,-1.43783962726593,K,9
OUTPUT,NaN,NaN,NaN,NaN,NaN,NaN

INPUT,0.369525045156479,0.0415139570832253,0.73071563243866,-2.22862386703491,3.06395125389099,-1.67532622814178,K,5
OUTPUT,NaN,NaN,NaN,NaN,NaN,NaN

INPUT,0.377524226903915,0.0426850020885468,0.746260583400726,-2.27443552017212,3.05158495903015,-1.62241423130035,K,6
OUTPUT,NaN,NaN,NaN,NaN,NaN,NaN

INPUT,0.383745819330215,0.0435958169400692,0.758351147174835,-2.31054282188416,3.04215431213379,-1.58201086521149,K,7
OUTPUT,NaN,NaN,NaN,NaN,NaN,NaN

INPUT,0.388189822435379,0.0442464016377926,0.766987204551697,-2.33643174171448,3.03554272651672,-1.55353164672852,K,8
OUTPUT,NaN,NaN,NaN,NaN,NaN,NaN

INPUT,0.390856206417084,0.0446367487311363,0.772168874740601,-2.35196733474731,3.0316321849823,-1.53659701347351,K,9
OUTPUT,NaN,NaN,NaN,NaN,NaN,NaN

INPUT,0.362796604633331,0.0292816385626793,0.736912548542023,0.636219263076782,3.10141110420227,1.45939958095551,K,5
OUTPUT,NaN,NaN,NaN,NaN,NaN,NaN

INPUT,0.368713855743408,0.028479078784585,0.750555217266083,0.568526566028595,3.09546208381653,1.51715087890625,K,6
OUTPUT,NaN,NaN,NaN,NaN,NaN,NaN

INPUT,0.373316168785095,0.0278548654168844,0.761166155338287,0.516668140888214,3.09095859527588,1.56287133693695,K,7
OUTPUT,NaN,NaN,NaN,NaN,NaN,NaN

INPUT,0.376603543758392,0.0274089965969324,0.768745362758636,0.479934275150299,3.08781480789185,1.59584355354309,K,8
OUTPUT,NaN,NaN,NaN,NaN,NaN,NaN

INPUT,0.378575950860977,0.0271414779126644,0.773292899131775,0.457993805408478,3.08595943450928,1.6157294511795,K,9
OUTPUT,NaN,NaN,NaN,NaN,NaN,NaN

INPUT,0.362989872694016,0.0352616235613823,0.724804282188416,-2.08997702598572,3.12631130218506,-1.69757163524628,K,4
OUTPUT,NaN,NaN,NaN,NaN,NaN,NaN

INPUT,0.369497895240784,0.0353622809052467,0.738054156303406,-2.10312175750732,3.12428045272827,-1.63961863517761,K,5
OUTPUT,NaN,NaN,NaN,NaN,NaN,NaN

INPUT,0.376005917787552,0.0354629419744015,0.751304090023041,-2.12095808982849,3.12226462364197,-1.58635628223419,K,6
OUTPUT,NaN,NaN,NaN,NaN,NaN,NaN

INPUT,0.38106769323349,0.0355412326753139,0.761609554290771,-2.13715076446533,3.12071323394775,-1.54736375808716,K,7
OUTPUT,NaN,NaN,NaN,NaN,NaN,NaN

INPUT,0.38468325138092,0.0355971567332745,0.768970608711243,-2.14966225624084,3.11961650848389,-1.52056932449341,K,8
OUTPUT,NaN,NaN,NaN,NaN,NaN,NaN

INPUT,0.386852592229843,0.0356307104229927,0.77338719367981,-2.15748047828674,3.11896347999573,-1.50486350059509,K,9
OUTPUT,NaN,NaN,NaN,NaN,NaN,NaN

INPUT,0.362985372543335,0.0361713208258152,0.724847018718719,-2.41240406036377,3.11204433441162,-1.82412421703339,K,4
OUTPUT,NaN,NaN,NaN,NaN,NaN,NaN

INPUT,0.369337558746338,0.0364470183849335,0.737942337989807,-2.46052026748657,3.10775566101074,-1.76513290405273,K,5
OUTPUT,NaN,NaN,NaN,NaN,NaN,NaN

INPUT,0.375689774751663,0.0367227159440517,0.75103771686554,-2.50985264778137,3.1035635471344,-1.70735025405884,K,6
OUTPUT,NaN,NaN,NaN,NaN,NaN,NaN

INPUT,0.380630373954773,0.0369371511042118,0.761223018169403,-2.54862880706787,3.10039210319519,-1.66320085525513,K,7
OUTPUT,NaN,NaN,NaN,NaN,NaN,NaN

INPUT,0.384159356355667,0.0370903164148331,0.768498241901398,-2.57638478279114,3.09818387031555,-1.63210356235504,K,8
OUTPUT,NaN,NaN,NaN,NaN,NaN,NaN

INPUT,0.386276751756668,0.0371822156012058,0.772863328456879,-2.59302234649658,3.09688425064087,-1.61362862586975,K,9
OUTPUT,NaN,NaN,NaN,NaN,NaN,NaN

INPUT,0.367617428302765,0.0446499027311802,0.721317172050476,-2.08806991577148,3.07841205596924,-1.54454123973846,K,11
OUTPUT,NaN,NaN,NaN,NaN,NaN,NaN

INPUT,0.37335017323494,0.0458404757082462,0.732504487037659,-2.11878442764282,3.07126927375793,-1.51128590106964,K,12
OUTPUT,NaN,NaN,NaN,NaN,NaN,NaN

INPUT,0.379082947969437,0.0470310486853123,0.743691861629486,-2.14973998069763,3.06419849395752,-1.47825598716736,K,13
OUTPUT,NaN,NaN,NaN,NaN,NaN,NaN

INPUT,0.384815722703934,0.0482216216623783,0.754879176616669,-2.18087720870972,3.05720663070679,-1.44538998603821,K,14
OUTPUT,NaN,NaN,NaN,NaN,NaN,NaN

INPUT,0.390548497438431,0.0494121946394444,0.766066491603851,-2.21215534210205,3.05030107498169,-1.41264617443085,K,15
OUTPUT,NaN,NaN,NaN,NaN,NaN,NaN

INPUT,0.395707964897156,0.0504837110638618,0.776135087013245,-2.24040246009827,3.04416561126709,-1.383256316185,K,16
OUTPUT,NaN,NaN,NaN,NaN,NaN,NaN

INPUT,0.399720907211304,0.0513171143829823,0.783966243267059,-2.26242542266846,3.03944945335388,-1.36043882369995,K,17
OUTPUT,NaN,NaN,NaN,NaN,NaN,NaN

INPUT,0.402587294578552,0.0519124008715153,0.789559900760651,-2.2781810760498,3.03611183166504,-1.34415900707245,K,18
OUTPUT,NaN,NaN,NaN,NaN,NaN,NaN

INPUT,0.404307126998901,0.0522695742547512,0.792916119098663,-2.28764343261719,3.03412222862244,-1.33439755439758,K,19
OUTPUT,NaN,NaN,NaN,NaN,NaN,NaN

INPUT,0.404880404472351,0.0523886308073997,0.794034838676453,-2.29079914093018,3.03346109390259,-1.33114469051361,K,20
OUTPUT,NaN,NaN,NaN,NaN,NaN,NaN

INPUT,0.368210464715958,0.0515528097748756,0.72015643119812,-2.11296272277832,3.03383827209473,-1.69864118099213,K,11
OUTPUT,NaN,NaN,NaN,NaN,NaN,NaN

INPUT,0.374013662338257,0.0535554140806198,0.731206297874451,-2.13671946525574,3.02145528793335,-1.67356765270233,K,12
OUTPUT,NaN,NaN,NaN,NaN,NaN,NaN

INPUT,0.379816889762878,0.0555580221116543,0.742256164550781,-2.1606171131134,3.00914359092712,-1.64859855175018,K,13
OUTPUT,NaN,NaN,NaN,NaN,NaN,NaN

INPUT,0.3856201171875,0.0575606226921082,0.753305971622467,-2.18462514877319,2.99691081047058,-1.62370038032532,K,14
OUTPUT,NaN,NaN,NaN,NaN,NaN,NaN

INPUT,0.391423344612122,0.0595632307231426,0.764355838298798,-2.20872402191162,2.98476409912109,-1.5988495349884,K,15
OUTPUT,NaN,NaN,NaN,NaN,NaN,NaN

INPUT,0.396646231412888,0.0613655745983124,0.774300694465637,-2.23047924041748,2.97391200065613,-1.57651031017303,K,16
OUTPUT,NaN,NaN,NaN,NaN,NaN,NaN

INPUT,0.400708496570587,0.062767393887043,0.78203558921814,-2.24743843078613,2.96552729606628,-1.55914628505707,K,17
OUTPUT,NaN,NaN,NaN,NaN,NaN,NaN

INPUT,0.403610080480576,0.0637686997652054,0.787560522556305,-2.25957131385803,2.95956993103027,-1.5467472076416,K,18
OUTPUT,NaN,NaN,NaN,NaN,NaN,NaN

INPUT,0.405351042747498,0.0643694773316383,0.790875434875488,-2.26685833930969,2.95600819587708,-1.53930854797363,K,19
OUTPUT,NaN,NaN,NaN,NaN,NaN,NaN

INPUT,0.405931383371353,0.0645697414875031,0.791980445384979,-2.26928853988647,2.95482325553894,-1.53682911396027,K,20
OUTPUT,NaN,NaN,NaN,NaN,NaN,NaN

INPUT,0.361614793539047,0.0396151691675186,0.722875893115997,-2.24944281578064,3.1084840297699,-1.88668358325958,K,11
OUTPUT,NaN,NaN,NaN,NaN,NaN,NaN

INPUT,0.366641908884048,0.0402134731411934,0.734245657920837,-2.2690098285675,3.10472989082336,-1.86358845233917,K,12
OUTPUT,NaN,NaN,NaN,NaN,NaN,NaN

INPUT,0.37166902422905,0.0408117733895779,0.745615422725677,-2.2889039516449,3.10099244117737,-1.84081745147705,K,13
OUTPUT,NaN,NaN,NaN,NaN,NaN,NaN

INPUT,0.376696139574051,0.0414100773632526,0.756985247135162,-2.30904126167297,3.09727334976196,-1.81828677654266,K,14
OUTPUT,NaN,NaN,NaN,NaN,NaN,NaN

INPUT,0.381723254919052,0.0420083813369274,0.768355011940002,-2.32936549186707,3.09357452392578,-1.79593920707703,K,15
OUTPUT,NaN,NaN,NaN,NaN,NaN,NaN

INPUT,0.386247664690018,0.0425468534231186,0.778587818145752,-2.34778308868408,3.09026408195496,-1.77594900131226,K,16
OUTPUT,NaN,NaN,NaN,NaN,NaN,NaN

INPUT,0.38976663351059,0.0429656654596329,0.786546647548676,-2.36217570304871,3.08770227432251,-1.76046657562256,K,17
OUTPUT,NaN,NaN,NaN,NaN,NaN,NaN

INPUT,0.39228019118309,0.0432648174464703,0.792231559753418,-2.37248730659485,3.08587980270386,-1.74943768978119,K,18
OUTPUT,NaN,NaN,NaN,NaN,NaN,NaN

INPUT,0.39378833770752,0.0434443056583405,0.795642495155334,-2.37868571281433,3.08478927612305,-1.74283123016357,K,19
OUTPUT,NaN,NaN,NaN,NaN,NaN,NaN

INPUT,0.394291043281555,0.0435041375458241,0.796779453754425,-2.38075351715088,3.08442616462708,-1.74063062667847,K,20
OUTPUT,NaN,NaN,NaN,NaN,NaN,NaN

INPUT,0.368187874555588,0.0436306111514568,0.715759217739105,-2.09313821792603,3.07763075828552,-1.56433749198914,K,4
OUTPUT,NaN,NaN,NaN,NaN,NaN,NaN

INPUT,0.377523869276047,0.04551937058568,0.731216073036194,-2.14338874816895,3.06556749343872,-1.50061583518982,K,5
OUTPUT,NaN,NaN,NaN,NaN,NaN,NaN

INPUT,0.386859863996506,0.0474081300199032,0.746672868728638,-2.19549560546875,3.05374836921692,-1.43869876861572,K,6
OUTPUT,NaN,NaN,NaN,NaN,NaN,NaN

INPUT,0.394121170043945,0.048877164721489,0.75869482755661,-2.23686218261719,3.04474973678589,-1.39134001731873,K,7
OUTPUT,NaN,NaN,NaN,NaN,NaN,NaN

INPUT,0.39930784702301,0.0499264746904373,0.767282009124756,-2.2667384147644,3.03843712806702,-1.35781788825989,K,8
OUTPUT,NaN,NaN,NaN,NaN,NaN,NaN

INPUT,0.402419835329056,0.0505560636520386,0.772434234619141,-2.28477191925049,3.0346987247467,-1.33780229091644,K,9
OUTPUT,NaN,NaN,NaN,NaN,NaN,NaN

INPUT,0.368563234806061,0.0497353300452232,0.714893043041229,-2.10856246948242,3.03291654586792,-1.70738780498505,K,4
OUTPUT,NaN,NaN,NaN,NaN,NaN,NaN

INPUT,0.377822637557983,0.0529092587530613,0.730096459388733,-2.15057897567749,3.01179790496826,-1.66159951686859,K,5
OUTPUT,NaN,NaN,NaN,NaN,NaN,NaN

INPUT,0.387082070112228,0.0560831911861897,0.745299935340881,-2.19318032264709,2.99092888832092,-1.61627626419067,K,6
OUTPUT,NaN,NaN,NaN,NaN,NaN,NaN

INPUT,0.394283831119537,0.0585518032312393,0.757124841213226,-2.22648406028748,2.97494912147522,-1.58132827281952,K,7
OUTPUT,NaN,NaN,NaN,NaN,NaN,NaN

INPUT,0.399427950382233,0.0603150948882103,0.765571177005768,-2.25027990341187,2.96370363235474,-1.55654168128967,K,8
OUTPUT,NaN,NaN,NaN,NaN,NaN,NaN

INPUT,0.402514398097992,0.0613730736076832,0.770639002323151,-2.26453995704651,2.95703315734863,-1.54174697399139,K,9
OUTPUT,NaN,NaN,NaN,NaN,NaN,NaN

INPUT,0.370598256587982,0.0400943979620934,0.732755541801453,-2.28713965415955,3.10157799720764,-1.85791385173798,K,5
OUTPUT,NaN,NaN,NaN,NaN,NaN,NaN

INPUT,0.378829717636108,0.0410382486879826,0.748615920543671,-2.31993055343628,3.09532260894775,-1.8145444393158,K,6
OUTPUT,NaN,NaN,NaN,NaN,NaN,NaN

INPUT,0.385231971740723,0.0417723581194878,0.76095175743103,-2.34626579284668,3.09051418304443,-1.78177845478058,K,7
OUTPUT,NaN,NaN,NaN,NaN,NaN,NaN

INPUT,0.389804989099503,0.0422967188060284,0.769763112068176,-2.36536145210266,3.08711743354797,-1.75879371166229,K,8
OUTPUT,NaN,NaN,NaN,NaN,NaN,NaN

INPUT,0.392548829317093,0.042611338198185,0.775049865245819,-2.37689781188965,3.08509683609009,-1.74515354633331,K,9
OUTPUT,NaN,NaN,NaN,NaN,NaN,NaN

INPUT,0.36577644944191,0.0401918441057205,0.721593797206879,-2.16612815856934,3.09650802612305,-1.85029113292694,K,11
OUTPUT,NaN,NaN,NaN,NaN,NaN,NaN

INPUT,0.371292650699615,0.0408579111099243,0.732813477516174,-2.18335056304932,3.09131765365601,-1.83017897605896,K,12
OUTPUT,NaN,NaN,NaN,NaN,NaN,NaN

INPUT,0.376808881759644,0.0415239818394184,0.744033098220825,-2.2008204460144,3.08615207672119,-1.81036257743835,K,13
OUTPUT,NaN,NaN,NaN,NaN,NaN,NaN

INPUT,0.382325083017349,0.0421900451183319,0.755252718925476,-2.21845483779907,3.08101654052734,-1.79078459739685,K,14
OUTPUT,NaN,NaN,NaN,NaN,NaN,NaN

INPUT,0.387841284275055,0.042856115847826,0.766472339630127,-2.23619341850281,3.0759162902832,-1.77140986919403,K,15
OUTPUT,NaN,NaN,NaN,NaN,NaN,NaN

INPUT,0.392805904150009,0.0434555746614933,0.776570022106171,-2.25220847129822,3.07136058807373,-1.75412893295288,K,16
OUTPUT,NaN,NaN,NaN,NaN,NaN,NaN

INPUT,0.396667242050171,0.0439218208193779,0.784423768520355,-2.26467943191528,3.06784200668335,-1.74078392982483,K,17
OUTPUT,NaN,NaN,NaN,NaN,NaN,NaN

INPUT,0.399425357580185,0.0442548580467701,0.790033578872681,-2.27358841896057,3.06534314155579,-1.73130142688751,K,18
OUTPUT,NaN,NaN,NaN,NaN,NaN,NaN

INPUT,0.401080220937729,0.044454675167799,0.793399512767792,-2.27893257141113,3.06384992599487,-1.7256315946579,K,19
OUTPUT,NaN,NaN,NaN,NaN,NaN,NaN

INPUT,0.401631832122803,0.0445212833583355,0.794521450996399,-2.28071355819702,3.06335306167603,-1.72374486923218,K,20
OUTPUT,NaN,NaN,NaN,NaN,NaN,NaN

INPUT,0.372581750154495,0.0433527380228043,0.72036337852478,-2.38410878181458,3.05639290809631,-1.73541224002838,K,11
OUTPUT,NaN,NaN,NaN,NaN,NaN,NaN

INPUT,0.378898531198502,0.0443905629217625,0.73143857717514,-2.42157506942749,3.04688024520874,-1.69647765159607,K,12
OUTPUT,NaN,NaN,NaN,NaN,NaN,NaN

INPUT,0.385215282440186,0.045428391546011,0.742513656616211,-2.45919156074524,3.03750586509705,-1.65765917301178,K,13
OUTPUT,NaN,NaN,NaN,NaN,NaN,NaN

INPUT,0.391532063484192,0.0464662164449692,0.753588795661926,-2.49692511558533,3.02828311920166,-1.61892056465149,K,14
OUTPUT,NaN,NaN,NaN,NaN,NaN,NaN

INPUT,0.397848844528198,0.0475040450692177,0.764663934707642,-2.5347535610199,3.01922583580017,-1.58023726940155,K,15
OUTPUT,NaN,NaN,NaN,NaN,NaN,NaN

INPUT,0.403533935546875,0.0484380908310413,0.774631559848785,-2.56886720657349,3.01122641563416,-1.545454621315,K,16
OUTPUT,NaN,NaN,NaN,NaN,NaN,NaN

INPUT,0.407955676317215,0.049164567142725,0.782384157180786,-2.59543919563293,3.0051109790802,-1.51841604709625,K,17
OUTPUT,NaN,NaN,NaN,NaN,NaN,NaN

INPUT,0.411114066839218,0.0496834814548492,0.787921726703644,-2.61443829536438,3.00080251693726,-1.49910819530487,K,18
OUTPUT,NaN,NaN,NaN,NaN,NaN,NaN

INPUT,0.413009077310562,0.0499948300421238,0.791244268417358,-2.62584519386292,2.99824213981628,-1.48752534389496,K,19
OUTPUT,NaN,NaN,NaN,NaN,NaN,NaN

INPUT,0.413640767335892,0.0500986129045486,0.79235178232193,-2.62964844703674,2.99739265441895,-1.48366451263428,K,20
OUTPUT,NaN,NaN,NaN,NaN,NaN,NaN

INPUT,0.368139982223511,0.0475573092699051,0.71993762254715,-2.15771293640137,3.04481720924377,-1.70792722702026,K,11
OUTPUT,NaN,NaN,NaN,NaN,NaN,NaN

INPUT,0.373934626579285,0.0490899458527565,0.730961799621582,-2.18349289894104,3.03374075889587,-1.68071866035461,K,12
OUTPUT,NaN,NaN,NaN,NaN,NaN,NaN

INPUT,0.379729241132736,0.0506225824356079,0.741985976696014,-2.20942091941833,3.02273964881897,-1.65362691879272,K,13
OUTPUT,NaN,NaN,NaN,NaN,NaN,NaN

INPUT,0.38552388548851,0.0521552227437496,0.753010153770447,-2.23546457290649,3.01182198524475,-1.62661612033844,K,14
OUTPUT,NaN,NaN,NaN,NaN,NaN,NaN

INPUT,0.391318500041962,0.053687859326601,0.764034330844879,-2.26160168647766,3.00099563598633,-1.59966111183167,K,15
OUTPUT,NaN,NaN,NaN,NaN,NaN,NaN

INPUT,0.396533668041229,0.0550672337412834,0.773956060409546,-2.28519248962402,2.99133586883545,-1.57543456554413,K,16
OUTPUT,NaN,NaN,NaN,NaN,NaN,NaN

INPUT,0.400589913129807,0.0561400800943375,0.781673014163971,-2.30357933044434,2.98388171195984,-1.55660665035248,K,17
OUTPUT,NaN,NaN,NaN,NaN,NaN,NaN

INPUT,0.403487235307693,0.0569063983857632,0.787185072898865,-2.31673192977905,2.97859048843384,-1.54316365718842,K,18
OUTPUT,NaN,NaN,NaN,NaN,NaN,NaN

INPUT,0.405225604772568,0.0573661886155605,0.790492355823517,-2.32463073730469,2.97542953491211,-1.53509962558746,K,19
OUTPUT,NaN,NaN,NaN,NaN,NaN,NaN

INPUT,0.405805081129074,0.0575194507837296,0.791594743728638,-2.32726454734802,2.97437810897827,-1.53241181373596,K,20
OUTPUT,NaN,NaN,NaN,NaN,NaN,NaN

INPUT,0.362918049097061,0.0398600101470947,0.721467614173889,-2.45822691917419,3.08217334747314,-1.73386561870575,K,11
OUTPUT,NaN,NaN,NaN,NaN,NaN,NaN

INPUT,0.36809840798378,0.0404870063066483,0.732671797275543,-2.49988865852356,3.07564091682434,-1.69027435779572,K,12
OUTPUT,NaN,NaN,NaN,NaN,NaN,NaN

INPUT,0.373278766870499,0.0411140061914921,0.743875980377197,-2.54173183441162,3.06922817230225,-1.64684641361237,K,13
OUTPUT,NaN,NaN,NaN,NaN,NaN,NaN

INPUT,0.378459125757217,0.0417410060763359,0.755080103874207,-2.58371257781982,3.06294679641724,-1.60353660583496,K,14
OUTPUT,NaN,NaN,NaN,NaN,NaN,NaN

INPUT,0.383639484643936,0.0423680022358894,0.766284286975861,-2.62580108642578,3.05680823326111,-1.56031370162964,K,15
OUTPUT,NaN,NaN,NaN,NaN,NaN,NaN

INPUT,0.388301819562912,0.0429323017597198,0.776368081569672,-2.66375541687012,3.05141496658325,-1.52146887779236,K,16
OUTPUT,NaN,NaN,NaN,NaN,NaN,NaN

INPUT,0.391928046941757,0.0433712005615234,0.784210979938507,-2.69331645965576,3.04731154441833,-1.49128472805023,K,17
OUTPUT,NaN,NaN,NaN,NaN,NaN,NaN

INPUT,0.394518226385117,0.0436847023665905,0.789813041687012,-2.71445107460022,3.04443192481995,-1.46973705291748,K,18
OUTPUT,NaN,NaN,NaN,NaN,NaN,NaN

INPUT,0.39607235789299,0.0438727997243404,0.79317432641983,-2.72713899612427,3.04272508621216,-1.45681273937225,K,19
OUTPUT,NaN,NaN,NaN,NaN,NaN,NaN

INPUT,0.396590381860733,0.0439355000853539,0.794294714927673,-2.73136949539185,3.04215979576111,-1.45250535011292,K,20
OUTPUT,NaN,NaN,NaN,NaN,NaN,NaN

INPUT,0.372577667236328,0.0392585322260857,0.719239413738251,-2.58821868896484,3.03504300117493,-1.88420414924622,K,11
OUTPUT,NaN,NaN,NaN,NaN,NaN,NaN

INPUT,0.378894418478012,0.0398147515952587,0.730181455612183,-2.62928867340088,3.02322626113892,-1.84229099750519,K,12
OUTPUT,NaN,NaN,NaN,NaN,NaN,NaN

INPUT,0.385211169719696,0.0403709672391415,0.741123497486115,-2.67046356201172,3.01161289215088,-1.80042493343353,K,13
OUTPUT,NaN,NaN,NaN,NaN,NaN,NaN

INPUT,0.391527891159058,0.0409271866083145,0.752065539360046,-2.71172571182251,3.00022315979004,-1.75858390331268,K,14
OUTPUT,NaN,NaN,NaN,NaN,NaN,NaN

INPUT,0.397844642400742,0.0414834022521973,0.763007581233978,-2.75306344032288,2.98907685279846,-1.716752409935,K,15
OUTPUT,NaN,NaN,NaN,NaN,NaN,NaN

INPUT,0.403529703617096,0.041983999311924,0.772855401039124,-2.79032611846924,2.97926950454712,-1.67910277843475,K,16
OUTPUT,NaN,NaN,NaN,NaN,NaN,NaN

INPUT,0.407951444387436,0.042373351752758,0.78051483631134,-2.81934380531311,2.97179746627808,-1.64981472492218,K,17
OUTPUT,NaN,NaN,NaN,NaN,NaN,NaN

INPUT,0.411109805107117,0.0426514632999897,0.785985827445984,-2.84008884429932,2.966548204422,-1.62889051437378,K,18
OUTPUT,NaN,NaN,NaN,NaN,NaN,NaN

INPUT,0.413004845380783,0.0428183265030384,0.789268434047699,-2.85254311561584,2.96343469619751,-1.61633384227753,K,19
OUTPUT,NaN,NaN,NaN,NaN,NaN,NaN

INPUT,0.41363650560379,0.0428739488124847,0.790362656116486,-2.85669565200806,2.96240282058716,-1.61214792728424,K,20
OUTPUT,NaN,NaN,NaN,NaN,NaN,NaN

INPUT,0.358787834644318,0.0349580347537994,0.73349517583847,0.851902186870575,3.13791465759277,1.51819849014282,K,12
OUTPUT,NaN,NaN,NaN,NaN,NaN,NaN

INPUT,0.362988382577896,0.0350030437111855,0.744785845279694,0.80046421289444,3.13746905326843,1.5368754863739,K,13
OUTPUT,NaN,NaN,NaN,NaN,NaN,NaN

INPUT,0.367188900709152,0.0350480526685715,0.756076574325562,0.752209782600403,3.13702750205994,1.55873608589172,K,14
OUTPUT,NaN,NaN,NaN,NaN,NaN,NaN

INPUT,0.371389418840408,0.0350930616259575,0.767367303371429,0.706272065639496,3.1365909576416,1.58291339874268,K,15
OUTPUT,NaN,NaN,NaN,NaN,NaN,NaN

INPUT,0.375169903039932,0.035133570432663,0.777528941631317,0.666426062583923,3.13620281219482,1.60617101192474,K,16
OUTPUT,NaN,NaN,NaN,NaN,NaN,NaN

INPUT,0.378110259771347,0.0351650789380074,0.785432398319244,0.636212825775146,3.13590455055237,1.62503838539124,K,17
OUTPUT,NaN,NaN,NaN,NaN,NaN,NaN

INPUT,0.380210548639297,0.0351875834167004,0.791077733039856,0.614981770515442,3.13569331169128,1.63886511325836,K,18
OUTPUT,NaN,NaN,NaN,NaN,NaN,NaN

INPUT,0.381470680236816,0.0352010875940323,0.794464945793152,0.602367281913757,3.13556742668152,1.64728510379791,K,19
OUTPUT,NaN,NaN,NaN,NaN,NaN,NaN

INPUT,0.381890743970871,0.0352055877447128,0.795594036579132,0.598181784152985,3.13552570343018,1.65011119842529,K,20
OUTPUT,NaN,NaN,NaN,NaN,NaN,NaN

INPUT,0.362026035785675,0.0406046509742737,0.722318470478058,-2.36533093452454,3.09239959716797,-1.79560697078705,K,11
OUTPUT,NaN,NaN,NaN,NaN,NaN,NaN

INPUT,0.367100358009338,0.0413188971579075,0.733625054359436,-2.39753365516663,3.08689498901367,-1.76077497005463,K,12
OUTPUT,NaN,NaN,NaN,NaN,NaN,NaN

INPUT,0.372174680233002,0.0420331433415413,0.744931638240814,-2.42998075485229,3.0814516544342,-1.72617733478546,K,13
OUTPUT,NaN,NaN,NaN,NaN,NaN,NaN

INPUT,0.377248972654343,0.0427473895251751,0.756238222122192,-2.46261072158813,3.07607579231262,-1.69175159931183,K,14
OUTPUT,NaN,NaN,NaN,NaN,NaN,NaN

INPUT,0.382323294878006,0.0434616357088089,0.767544806003571,-2.4953818321228,3.0707733631134,-1.65745544433594,K,15
OUTPUT,NaN,NaN,NaN,NaN,NaN,NaN

INPUT,0.386890202760696,0.0441044569015503,0.777720749378204,-2.52497220039368,3.06606912612915,-1.62667441368103,K,16
OUTPUT,NaN,NaN,NaN,NaN,NaN,NaN

INPUT,0.390442222356796,0.0446044318377972,0.785635352134705,-2.54803895950317,3.06245756149292,-1.60277843475342,K,17
OUTPUT,NaN,NaN,NaN,NaN,NaN,NaN

INPUT,0.392979383468628,0.0449615530669689,0.791288673877716,-2.56453990936279,3.0599045753479,-1.58573031425476,K,18
OUTPUT,NaN,NaN,NaN,NaN,NaN,NaN

INPUT,0.394501656293869,0.0451758280396461,0.794680655002594,-2.57444930076599,3.05838370323181,-1.57550859451294,K,19
OUTPUT,NaN,NaN,NaN,NaN,NaN,NaN

INPUT,0.395009100437164,0.0452472530305386,0.795811295509338,-2.57775378227234,3.0578784942627,-1.5721024274826,K,20
OUTPUT,NaN,NaN,NaN,NaN,NaN,NaN

INPUT,0.375474274158478,0.0405350252985954,0.731374979019165,-2.19692301750183,3.08720922470093,-1.82395565509796,K,5
OUTPUT,NaN,NaN,NaN,NaN,NaN,NaN

INPUT,0.38452422618866,0.0415432788431644,0.74692976474762,-2.22643709182739,3.07853627204895,-1.78708016872406,K,6
OUTPUT,NaN,NaN,NaN,NaN,NaN,NaN

INPUT,0.391563057899475,0.0423274785280228,0.759027898311615,-2.24998545646667,3.07185029983521,-1.75907480716705,K,7
OUTPUT,NaN,NaN,NaN,NaN,NaN,NaN

INPUT,0.396590799093246,0.0428876206278801,0.767669379711151,-2.267009973526,3.06711435317993,-1.73936128616333,K,8
OUTPUT,NaN,NaN,NaN,NaN,NaN,NaN

INPUT,0.399607419967651,0.0432237051427364,0.772854328155518,-2.27728199958801,3.06429100036621,-1.72763669490814,K,9
OUTPUT,NaN,NaN,NaN,NaN,NaN,NaN

INPUT,0.372961103916168,0.0423703528940678,0.715422391891479,-2.3793830871582,3.05593204498291,-1.74828863143921,K,4
OUTPUT,NaN,NaN,NaN,NaN,NaN,NaN

INPUT,0.38306599855423,0.0440433882176876,0.730546832084656,-2.44473075866699,3.03972220420837,-1.67750680446625,K,5
OUTPUT,NaN,NaN,NaN,NaN,NaN,NaN

INPUT,0.393170922994614,0.0457164235413074,0.745671331882477,-2.51087188720703,3.02398324012756,-1.60740697383881,K,6
OUTPUT,NaN,NaN,NaN,NaN,NaN,NaN

INPUT,0.401030302047729,0.0470176748931408,0.757434844970703,-2.5626847743988,3.01211452484131,-1.55316984653473,K,7
OUTPUT,NaN,NaN,NaN,NaN,NaN,NaN

INPUT,0.4066441655159,0.0479471385478973,0.765837371349335,-2.59984493255615,3.00385713577271,-1.51453065872192,K,8
OUTPUT,NaN,NaN,NaN,NaN,NaN,NaN

INPUT,0.410012453794479,0.0485048182308674,0.770878851413727,-2.62219190597534,2.99899673461914,-1.49137783050537,K,9
OUTPUT,NaN,NaN,NaN,NaN,NaN,NaN

INPUT,0.368453621864319,0.0460554473102093,0.714550971984863,-2.15390777587891,3.04410672187805,-1.71785497665405,K,4
OUTPUT,NaN,NaN,NaN,NaN,NaN,NaN

INPUT,0.377736002206802,0.0484492182731628,0.729724645614624,-2.19918346405029,3.02518033981323,-1.66794526576996,K,5
OUTPUT,NaN,NaN,NaN,NaN,NaN,NaN

INPUT,0.387018382549286,0.0508429929614067,0.744898319244385,-2.24515509605408,3.00651693344116,-1.61862754821777,K,6
OUTPUT,NaN,NaN,NaN,NaN,NaN,NaN

INPUT,0.394237995147705,0.0527048148214817,0.756700038909912,-2.28109908103943,2.99226474761963,-1.58066177368164,K,7
OUTPUT,NaN,NaN,NaN,NaN,NaN,NaN

INPUT,0.399394869804382,0.0540346875786781,0.765129864215851,-2.30677032470703,2.98226070404053,-1.55377221107483,K,8
OUTPUT,NaN,NaN,NaN,NaN,NaN,NaN

INPUT,0.402489006519318,0.054832611232996,0.770187735557556,-2.32214617729187,2.97633814811707,-1.53773868083954,K,9
OUTPUT,NaN,NaN,NaN,NaN,NaN,NaN

INPUT,0.371667116880417,0.0403351858258247,0.731202721595764,-2.53002572059631,3.07080173492432,-1.67267823219299,K,5
OUTPUT,NaN,NaN,NaN,NaN,NaN,NaN

INPUT,0.379984050989151,0.0413462519645691,0.746751427650452,-2.60170960426331,3.06006145477295,-1.59267497062683,K,6
OUTPUT,NaN,NaN,NaN,NaN,NaN,NaN

INPUT,0.386452794075012,0.0421326346695423,0.75884485244751,-2.65816283226013,3.05202794075012,-1.53110492229462,K,7
OUTPUT,NaN,NaN,NaN,NaN,NaN,NaN

INPUT,0.391073316335678,0.0426943339407444,0.767483055591583,-2.69875979423523,3.04647850990295,-1.48737394809723,K,8
OUTPUT,NaN,NaN,NaN,NaN,NaN,NaN

INPUT,0.393845617771149,0.043031357228756,0.772665917873383,-2.7232072353363,3.04322910308838,-1.46121394634247,K,9
OUTPUT,NaN,NaN,NaN,NaN,NaN,NaN

INPUT,0.372669547796249,0.0385050922632217,0.714413702487946,-2.58100414276123,3.03534960746765,-1.89596605300903,K,4
OUTPUT,NaN,NaN,NaN,NaN,NaN,NaN

INPUT,0.38260817527771,0.0393963530659676,0.729308485984802,-2.65337800979614,3.01499271392822,-1.82051181793213,K,5
OUTPUT,NaN,NaN,NaN,NaN,NaN,NaN

INPUT,0.392546832561493,0.0402876101434231,0.744203269481659,-2.72626662254333,2.99532604217529,-1.74538469314575,K,6
OUTPUT,NaN,NaN,NaN,NaN,NaN,NaN

INPUT,0.400276899337769,0.0409808121621609,0.755788087844849,-2.78321504592896,2.98057651519775,-1.6870664358139,K,7
OUTPUT,NaN,NaN,NaN,NaN,NaN,NaN

INPUT,0.405798375606537,0.0414759591221809,0.764063000679016,-2.82400465011597,2.97036480903625,-1.6454404592514,K,8
OUTPUT,NaN,NaN,NaN,NaN,NaN,NaN

INPUT,0.409111261367798,0.0417730435729027,0.769027888774872,-2.84851813316345,2.96437549591064,-1.62047076225281,K,9
OUTPUT,NaN,NaN,NaN,NaN,NaN,NaN

INPUT,0.370811700820923,0.0411785244941711,0.732174873352051,-2.42150068283081,3.08261919021606,-1.7472836971283,K,5
OUTPUT,NaN,NaN,NaN,NaN,NaN,NaN

INPUT,0.379013925790787,0.0423215180635452,0.747909188270569,-2.47693753242493,3.073490858078,-1.68343758583069,K,6
OUTPUT,NaN,NaN,NaN,NaN,NaN,NaN

INPUT,0.385393410921097,0.0432105101644993,0.760147035121918,-2.52076697349548,3.06655621528625,-1.63446640968323,K,7
OUTPUT,NaN,NaN,NaN,NaN,NaN,NaN

INPUT,0.389950215816498,0.0438455082476139,0.768888294696808,-2.55235171318054,3.06170034408569,-1.59975016117096,K,8
OUTPUT,NaN,NaN,NaN,NaN,NaN,NaN

INPUT,0.392684280872345,0.0442265048623085,0.774133086204529,-2.57139301300049,3.05882859230042,-1.57900512218475,K,9
OUTPUT,NaN,NaN,NaN,NaN,NaN,NaN

INPUT,0.359168171882629,0.035009291023016,0.724507510662079,1.10514688491821,3.13877511024475,1.73041272163391,K,4
OUTPUT,NaN,NaN,NaN,NaN,NaN,NaN

INPUT,0.365209519863129,0.035079337656498,0.73803049325943,0.919513046741486,3.13793087005615,1.65831303596497,K,5
OUTPUT,NaN,NaN,NaN,NaN,NaN,NaN

INPUT,0.371250838041306,0.0351493880152702,0.751553535461426,0.782762050628662,3.13706064224243,1.63509654998779,K,6
OUTPUT,NaN,NaN,NaN,NaN,NaN,NaN

INPUT,0.375949651002884,0.0352038703858852,0.762071430683136,0.695367932319641,3.1363832950592,1.63554108142853,K,7
OUTPUT,NaN,NaN,NaN,NaN,NaN,NaN

INPUT,0.379305958747864,0.035242784768343,0.769584178924561,0.639663875102997,3.13590431213379,1.64212489128113,K,8
OUTPUT,NaN,NaN,NaN,NaN,NaN,NaN

INPUT,0.381319731473923,0.0352661348879337,0.774091839790344,0.608325362205505,3.13561987876892,1.64792132377625,K,9
OUTPUT,NaN,NaN,NaN,NaN,NaN,NaN

INPUT,0.366131037473679,0.0479124374687672,0.720811367034912,-2.13804817199707,3.05618524551392,-1.79438030719757,K,11
OUTPUT,NaN,NaN,NaN,NaN,NaN,NaN

INPUT,0.371688425540924,0.0494866333901882,0.731939971446991,-2.15756726264954,3.04627966880798,-1.7731831073761,K,12
OUTPUT,NaN,NaN,NaN,NaN,NaN,NaN

INPUT,0.37724581360817,0.0510608293116093,0.743068635463715,-2.17721891403198,3.03643083572388,-1.75217080116272,K,13
OUTPUT,NaN,NaN,NaN,NaN,NaN,NaN

INPUT,0.382803201675415,0.0526350252330303,0.754197239875793,-2.19694542884827,3.02665114402771,-1.73131883144379,K,14
OUTPUT,NaN,NaN,NaN,NaN,NaN,NaN

INPUT,0.388360589742661,0.0542092211544514,0.765325844287872,-2.21670198440552,3.01695227622986,-1.71061551570892,K,15
OUTPUT,NaN,NaN,NaN,NaN,NaN,NaN

INPUT,0.39336222410202,0.0556259974837303,0.775341629981995,-2.23447895050049,3.00830221176147,-1.69210684299469,K,16
OUTPUT,NaN,NaN,NaN,NaN,NaN,NaN

INPUT,0.397252410650253,0.0567279346287251,0.783131659030914,-2.24828791618347,3.00163125991821,-1.67779302597046,K,17
OUTPUT,NaN,NaN,NaN,NaN,NaN,NaN

INPUT,0.400031089782715,0.0575150363147259,0.788695991039276,-2.25813627243042,2.99689936637878,-1.66761350631714,K,18
OUTPUT,NaN,NaN,NaN,NaN,NaN,NaN

INPUT,0.40169832110405,0.0579872913658619,0.792034566402435,-2.26403760910034,2.99407386779785,-1.66152393817902,K,19
OUTPUT,NaN,NaN,NaN,NaN,NaN,NaN

INPUT,0.402254045009613,0.058144710958004,0.793147444725037,-2.26600337028503,2.99313426017761,-1.65949714183807,K,20
OUTPUT,NaN,NaN,NaN,NaN,NaN,NaN

INPUT,0.36514800786972,0.0387694016098976,0.722296714782715,-2.57370209693909,3.1042103767395,-2.01740622520447,K,11
OUTPUT,NaN,NaN,NaN,NaN,NaN,NaN

INPUT,0.370589792728424,0.0392677374184132,0.733600676059723,-2.60522866249084,3.10005688667297,-1.98349153995514,K,12
OUTPUT,NaN,NaN,NaN,NaN,NaN,NaN

INPUT,0.376031577587128,0.039766076952219,0.744904637336731,-2.6369743347168,3.09594774246216,-1.94979012012482,K,13
OUTPUT,NaN,NaN,NaN,NaN,NaN,NaN

INPUT,0.381473362445831,0.0402644127607346,0.756208598613739,-2.66888356208801,3.09188747406006,-1.91624641418457,K,14
OUTPUT,NaN,NaN,NaN,NaN,NaN,NaN

INPUT,0.386915147304535,0.0407627522945404,0.767512559890747,-2.70091891288757,3.0878803730011,-1.88282215595245,K,15
OUTPUT,NaN,NaN,NaN,NaN,NaN,NaN

INPUT,0.391812741756439,0.0412112548947334,0.77768611907959,-2.72983622550964,3.08432292938232,-1.85281980037689,K,16
OUTPUT,NaN,NaN,NaN,NaN,NaN,NaN

INPUT,0.39562201499939,0.0415600948035717,0.785598933696747,-2.75237393379211,3.08159041404724,-1.82952690124512,K,17
OUTPUT,NaN,NaN,NaN,NaN,NaN,NaN

INPUT,0.398342877626419,0.0418092608451843,0.791250884532928,-2.76849341392517,3.07965755462646,-1.81290817260742,K,18
OUTPUT,NaN,NaN,NaN,NaN,NaN,NaN

INPUT,0.399975419044495,0.0419587641954422,0.794642090797424,-2.77817296981812,3.0785059928894,-1.80294382572174,K,19
OUTPUT,NaN,NaN,NaN,NaN,NaN,NaN

INPUT,0.400519609451294,0.0420085974037647,0.79577249288559,-2.78140068054199,3.07812333106995,-1.79962337017059,K,20
OUTPUT,NaN,NaN,NaN,NaN,NaN,NaN

INPUT,0.353343635797501,0.0319173447787762,0.732432067394257,0.815908968448639,3.08165454864502,1.30632710456848,K,12
OUTPUT,NaN,NaN,NaN,NaN,NaN,NaN

INPUT,0.356970638036728,0.0316421501338482,0.743611812591553,0.789177119731903,3.07540917396545,1.33123302459717,K,13
OUTPUT,NaN,NaN,NaN,NaN,NaN,NaN

INPUT,0.36059758067131,0.0313669629395008,0.754791617393494,0.762596964836121,3.06920766830444,1.35630118846893,K,14
OUTPUT,NaN,NaN,NaN,NaN,NaN,NaN

INPUT,0.364224553108215,0.031091770157218,0.76597136259079,0.736129939556122,3.06305432319641,1.38149404525757,K,15
OUTPUT,NaN,NaN,NaN,NaN,NaN,NaN

INPUT,0.367488831281662,0.030844097957015,0.776033163070679,0.712383687496185,3.05756092071533,1.404252409935,K,16
OUTPUT,NaN,NaN,NaN,NaN,NaN,NaN

INPUT,0.370027720928192,0.0306514650583267,0.783859014511108,0.693952977657318,3.05331969261169,1.42199921607971,K,17
OUTPUT,NaN,NaN,NaN,NaN,NaN,NaN

INPUT,0.371841222047806,0.0305138695985079,0.789448916912079,0.680805504322052,3.0503077507019,1.43469715118408,K,18
OUTPUT,NaN,NaN,NaN,NaN,NaN,NaN

INPUT,0.372929304838181,0.0304313115775585,0.792802810668945,0.672923266887665,3.04850769042969,1.44232368469238,K,19
OUTPUT,NaN,NaN,NaN,NaN,NaN,NaN

INPUT,0.373291999101639,0.0304037928581238,0.793920814990997,0.670296728610992,3.04790902137756,1.44486701488495,K,20
OUTPUT,NaN,NaN,NaN,NaN,NaN,NaN

INPUT,0.362286269664764,0.0410164967179298,0.720349133014679,-2.16914129257202,3.07999563217163,-1.57286071777344,K,11
OUTPUT,NaN,NaN,NaN,NaN,NaN,NaN

INPUT,0.36739194393158,0.0417795293033123,0.731422543525696,-2.20298266410828,3.07308220863342,-1.5365241765976,K,12
OUTPUT,NaN,NaN,NaN,NaN,NaN,NaN

INPUT,0.372497588396072,0.0425425581634045,0.742496013641357,-2.23705983161926,3.06625270843506,-1.50040674209595,K,13
OUTPUT,NaN,NaN,NaN,NaN,NaN,NaN

INPUT,0.377603262662888,0.0433055870234966,0.753569424152374,-2.2713143825531,3.05951595306396,-1.46444880962372,K,14
OUTPUT,NaN,NaN,NaN,NaN,NaN,NaN

INPUT,0.38270890712738,0.0440686158835888,0.764642834663391,-2.30570721626282,3.05288028717041,-1.42860960960388,K,15
OUTPUT,NaN,NaN,NaN,NaN,NaN,NaN

INPUT,0.38730400800705,0.0447553433477879,0.774608969688416,-2.33675527572632,3.04700112342834,-1.39643168449402,K,16
OUTPUT,NaN,NaN,NaN,NaN,NaN,NaN

INPUT,0.390877962112427,0.0452894642949104,0.782360374927521,-2.36095571517944,3.04249358177185,-1.37144434452057,K,17
OUTPUT,NaN,NaN,NaN,NaN,NaN,NaN

INPUT,0.393430799245834,0.0456709787249565,0.787897109985352,-2.37826633453369,3.03931045532227,-1.35361397266388,K,18
OUTPUT,NaN,NaN,NaN,NaN,NaN,NaN

INPUT,0.39496248960495,0.0458998903632164,0.791219115257263,-2.3886616230011,3.03741550445557,-1.34292209148407,K,19
OUTPUT,NaN,NaN,NaN,NaN,NaN,NaN

INPUT,0.395473062992096,0.0459761917591095,0.7923264503479,-2.39212822914124,3.03678631782532,-1.3393589258194,K,20
OUTPUT,NaN,NaN,NaN,NaN,NaN,NaN

INPUT,0.362821668386459,0.0391610711812973,0.72189062833786,-2.37786650657654,3.08818745613098,-1.85941624641418,K,11
OUTPUT,NaN,NaN,NaN,NaN,NaN,NaN

INPUT,0.367990344762802,0.0397057682275772,0.733145415782928,-2.40729880332947,3.08216738700867,-1.82784461975098,K,12
OUTPUT,NaN,NaN,NaN,NaN,NaN,NaN

INPUT,0.373158991336823,0.0402504652738571,0.744400203227997,-2.43693256378174,3.0762026309967,-1.79646348953247,K,13
OUTPUT,NaN,NaN,NaN,NaN,NaN,NaN

INPUT,0.378327667713165,0.040795162320137,0.755654990673065,-2.46671772003174,3.07029891014099,-1.76522183418274,K,14
OUTPUT,NaN,NaN,NaN,NaN,NaN,NaN

INPUT,0.383496314287186,0.0413398556411266,0.766909778118134,-2.49661993980408,3.06446123123169,-1.73408460617065,K,15
OUTPUT,NaN,NaN,NaN,NaN,NaN,NaN

INPUT,0.388148128986359,0.0418300852179527,0.777039051055908,-2.52361226081848,3.05926847457886,-1.70612978935242,K,16
OUTPUT,NaN,NaN,NaN,NaN,NaN,NaN

INPUT,0.39176619052887,0.0422113724052906,0.784917414188385,-2.54465007781982,3.05527257919312,-1.68442285060883,K,17
OUTPUT,NaN,NaN,NaN,NaN,NaN,NaN

INPUT,0.394350498914719,0.0424837209284306,0.790544807910919,-2.55969762802124,3.0524423122406,-1.66893398761749,K,18
OUTPUT,NaN,NaN,NaN,NaN,NaN,NaN

INPUT,0.39590111374855,0.0426471270620823,0.793921291828156,-2.56873345375061,3.05075407028198,-1.6596462726593,K,19
OUTPUT,NaN,NaN,NaN,NaN,NaN,NaN

INPUT,0.39641797542572,0.0427015982568264,0.795046746730804,-2.57174682617188,3.05019283294678,-1.65655124187469,K,20
OUTPUT,NaN,NaN,NaN,NaN,NaN,NaN

INPUT,0.362271577119827,0.0360140837728977,0.72207123041153,-2.32220792770386,3.09636640548706,-1.69488203525543,K,11
OUTPUT,NaN,NaN,NaN,NaN,NaN,NaN

INPUT,0.367375671863556,0.0361885204911232,0.733347237110138,-2.35763764381409,3.0913417339325,-1.6565033197403,K,12
OUTPUT,NaN,NaN,NaN,NaN,NaN,NaN

INPUT,0.372479766607285,0.0363629534840584,0.744623243808746,-2.39333868026733,3.08638548851013,-1.61838662624359,K,13
OUTPUT,NaN,NaN,NaN,NaN,NaN,NaN

INPUT,0.377583861351013,0.0365373864769936,0.755899250507355,-2.42924213409424,3.08150458335876,-1.5804625749588,K,14
OUTPUT,NaN,NaN,NaN,NaN,NaN,NaN

INPUT,0.382687956094742,0.0367118194699287,0.767175197601318,-2.46530175209045,3.07670521736145,-1.54268383979797,K,15
OUTPUT,NaN,NaN,NaN,NaN,NaN,NaN

INPUT,0.387281656265259,0.0368688106536865,0.777323603630066,-2.49786138534546,3.07246112823486,-1.50877928733826,K,16
OUTPUT,NaN,NaN,NaN,NaN,NaN,NaN

INPUT,0.390854507684708,0.0369909144937992,0.785216808319092,-2.52324295043945,3.0692126750946,-1.48245978355408,K,17
OUTPUT,NaN,NaN,NaN,NaN,NaN,NaN

INPUT,0.393406569957733,0.0370781309902668,0.790854811668396,-2.54139924049377,3.06692171096802,-1.46368312835693,K,18
OUTPUT,NaN,NaN,NaN,NaN,NaN,NaN

INPUT,0.394937813282013,0.0371304638683796,0.794237613677979,-2.55230283737183,3.06555938720703,-1.45242536067963,K,19
OUTPUT,NaN,NaN,NaN,NaN,NaN,NaN

INPUT,0.395448207855225,0.037147905677557,0.795365214347839,-2.55593872070313,3.06510734558105,-1.44867396354675,K,20
OUTPUT,NaN,NaN,NaN,NaN,NaN,NaN

INPUT,0.366584122180939,0.0465047024190426,0.715286612510681,-2.13413524627686,3.05560064315796,-1.80164134502411,K,4
OUTPUT,NaN,NaN,NaN,NaN,NaN,NaN

INPUT,0.375524580478668,0.0489845424890518,0.730660974979401,-2.16846251487732,3.038822889328,-1.76336550712585,K,5
OUTPUT,NaN,NaN,NaN,NaN,NaN,NaN

INPUT,0.384465038776398,0.0514643862843513,0.74603533744812,-2.20337343215942,3.02218008041382,-1.72561049461365,K,6
OUTPUT,NaN,NaN,NaN,NaN,NaN,NaN

INPUT,0.391418695449829,0.0533931516110897,0.757993102073669,-2.23073434829712,3.00937223434448,-1.696533203125,K,7
OUTPUT,NaN,NaN,NaN,NaN,NaN,NaN

INPUT,0.396385610103607,0.0547708421945572,0.766534447669983,-2.25032567977905,3.00031590461731,-1.67590880393982,K,8
OUTPUT,NaN,NaN,NaN,NaN,NaN,NaN

INPUT,0.399365782737732,0.0555974543094635,0.771659195423126,-2.26208448410034,2.99492406845093,-1.66359269618988,K,9
OUTPUT,NaN,NaN,NaN,NaN,NaN,NaN

INPUT,0.374680638313293,0.0392780154943466,0.732249736785889,-2.62816762924194,3.0968062877655,-1.96959364414215,K,5
OUTPUT,NaN,NaN,NaN,NaN,NaN,NaN

INPUT,0.383555293083191,0.0401000715792179,0.747932434082031,-2.68262052536011,3.08992028236389,-1.90771198272705,K,6
OUTPUT,NaN,NaN,NaN,NaN,NaN,NaN

INPUT,0.390457808971405,0.0407394468784332,0.760130047798157,-2.72559475898743,3.08468389511108,-1.86018967628479,K,7
OUTPUT,NaN,NaN,NaN,NaN,NaN,NaN

INPUT,0.395388185977936,0.0411961413919926,0.76884263753891,-2.75653314590454,3.08101391792297,-1.82647955417633,K,8
OUTPUT,NaN,NaN,NaN,NaN,NaN,NaN

INPUT,0.398346424102783,0.0414701588451862,0.774070203304291,-2.77517509460449,3.07884216308594,-1.8063291311264,K,9
OUTPUT,NaN,NaN,NaN,NaN,NaN,NaN

INPUT,0.370968461036682,0.0413521751761436,0.729718923568726,-2.22979760169983,3.06773352622986,-1.52439057826996,K,5
OUTPUT,NaN,NaN,NaN,NaN,NaN,NaN

INPUT,0.379238724708557,0.0425036884844303,0.745097160339355,-2.28725361824036,3.05628800392151,-1.45685112476349,K,6
OUTPUT,NaN,NaN,NaN,NaN,NaN,NaN

INPUT,0.385671138763428,0.0433993116021156,0.757057964801788,-2.33280086517334,3.04761242866516,-1.40513813495636,K,7
OUTPUT,NaN,NaN,NaN,NaN,NaN,NaN

INPUT,0.390265733003616,0.0440390408039093,0.765601456165314,-2.3656702041626,3.04155015945435,-1.36851227283478,K,8
OUTPUT,NaN,NaN,NaN,NaN,NaN,NaN

INPUT,0.393022477626801,0.0444228798151016,0.770727515220642,-2.38550162315369,3.03796982765198,-1.3466362953186,K,9
OUTPUT,NaN,NaN,NaN,NaN,NaN,NaN

INPUT,0.371692687273026,0.0394167006015778,0.731685817241669,-2.42778277397156,3.07754683494568,-1.81435430049896,K,5
OUTPUT,NaN,NaN,NaN,NaN,NaN,NaN

INPUT,0.380040466785431,0.0402447208762169,0.747325778007507,-2.47934579849243,3.06743264198303,-1.75659012794495,K,6
OUTPUT,NaN,NaN,NaN,NaN,NaN,NaN

INPUT,0.386533200740814,0.0408887378871441,0.759490251541138,-2.51978754997253,3.05975461006165,-1.71239137649536,K,7
OUTPUT,NaN,NaN,NaN,NaN,NaN,NaN

INPUT,0.391170859336853,0.0413487516343594,0.76817911863327,-2.54868602752686,3.0543954372406,-1.68122553825378,K,8
OUTPUT,NaN,NaN,NaN,NaN,NaN,NaN

INPUT,0.393953442573547,0.0416247583925724,0.77339243888855,-2.56598877906799,3.05123615264893,-1.66269743442535,K,9
OUTPUT,NaN,NaN,NaN,NaN,NaN,NaN

INPUT,0.371138840913773,0.035783477127552,0.731818437576294,-2.38564372062683,3.08737754821777,-1.6431792974472,K,5
OUTPUT,NaN,NaN,NaN,NaN,NaN,NaN

INPUT,0.379431754350662,0.0359705723822117,0.747516334056854,-2.44593238830566,3.07911419868469,-1.57217025756836,K,6
OUTPUT,NaN,NaN,NaN,NaN,NaN,NaN

INPUT,0.385881781578064,0.0361160933971405,0.75972580909729,-2.49371409416199,3.07287049293518,-1.51780831813812,K,7
OUTPUT,NaN,NaN,NaN,NaN,NaN,NaN

INPUT,0.390488922595978,0.0362200364470482,0.768446922302246,-2.52819037437439,3.068519115448,-1.47931218147278,K,8
OUTPUT,NaN,NaN,NaN,NaN,NaN,NaN

INPUT,0.393253237009048,0.036282405257225,0.773679554462433,-2.54898905754089,3.0659544467926,-1.4563215970993,K,9
OUTPUT,NaN,NaN,NaN,NaN,NaN,NaN

INPUT,0.359403908252716,0.0323564559221268,0.736020922660828,0.795075178146362,3.07503294944763,1.33971428871155,K,5
OUTPUT,NaN,NaN,NaN,NaN,NaN,NaN

INPUT,0.364931434392929,0.0320719070732594,0.749696433544159,0.749188601970673,3.06511092185974,1.37689709663391,K,6
OUTPUT,NaN,NaN,NaN,NaN,NaN,NaN

INPUT,0.369230598211288,0.0318505950272083,0.760333001613617,0.714293599128723,3.05750489234924,1.40644776821136,K,7
OUTPUT,NaN,NaN,NaN,NaN,NaN,NaN

INPUT,0.372301459312439,0.0316925160586834,0.767930507659912,0.689736068248749,3.05214595794678,1.42775356769562,K,8
OUTPUT,NaN,NaN,NaN,NaN,NaN,NaN

INPUT,0.374143958091736,0.0315976664423943,0.772489011287689,0.675139725208282,3.04896378517151,1.440584897995,K,9
OUTPUT,NaN,NaN,NaN,NaN,NaN,NaN

INPUT,0.362588375806808,0.0416015349328518,0.722680687904358,-2.15023612976074,3.11806154251099,-1.56085097789764,K,11
OUTPUT,NaN,NaN,NaN,NaN,NaN,NaN

INPUT,0.367729902267456,0.0424335449934006,0.734027504920959,-2.18170237541199,3.1154637336731,-1.52299523353577,K,12
OUTPUT,NaN,NaN,NaN,NaN,NaN,NaN

INPUT,0.372871458530426,0.0432655550539494,0.745374381542206,-2.21374487876892,3.11289691925049,-1.48571312427521,K,13
OUTPUT,NaN,NaN,NaN,NaN,NaN,NaN

INPUT,0.378012984991074,0.0440975688397884,0.756721258163452,-2.24621629714966,3.11036467552185,-1.44885778427124,K,14
OUTPUT,NaN,NaN,NaN,NaN,NaN,NaN

INPUT,0.383154511451721,0.0449295789003372,0.768068075180054,-2.27901601791382,3.10786962509155,-1.41232752799988,K,15
OUTPUT,NaN,NaN,NaN,NaN,NaN,NaN

INPUT,0.387781918048859,0.0456783883273602,0.778280258178711,-2.30875658988953,3.10565876960754,-1.37966895103455,K,16
OUTPUT,NaN,NaN,NaN,NaN,NaN,NaN

INPUT,0.391380995512009,0.0462607964873314,0.78622305393219,-2.33200669288635,3.10396289825439,-1.35438477993011,K,17
OUTPUT,NaN,NaN,NaN,NaN,NaN,NaN

INPUT,0.393951773643494,0.0466768033802509,0.791896522045135,-2.34866857528687,3.10276532173157,-1.33637821674347,K,18
OUTPUT,NaN,NaN,NaN,NaN,NaN,NaN

INPUT,0.395494222640991,0.0469264052808285,0.795300543308258,-2.35868549346924,3.10205221176147,-1.32559359073639,K,19
OUTPUT,NaN,NaN,NaN,NaN,NaN,NaN

INPUT,0.396008372306824,0.0470096059143543,0.796435236930847,-2.3620274066925,3.10181546211243,-1.32200169563293,K,20
OUTPUT,NaN,NaN,NaN,NaN,NaN,NaN

INPUT,0.370613664388657,0.0382050201296806,0.72158807516098,-2.43941879272461,3.06697082519531,-1.79181635379791,K,11
OUTPUT,NaN,NaN,NaN,NaN,NaN,NaN

INPUT,0.376699417829514,0.0386374741792679,0.732806324958801,-2.47680258750916,3.05865120887756,-1.75295424461365,K,12
OUTPUT,NaN,NaN,NaN,NaN,NaN,NaN

INPUT,0.38278517127037,0.0390699319541454,0.744024574756622,-2.51433348655701,3.05045223236084,-1.71421301364899,K,13
OUTPUT,NaN,NaN,NaN,NaN,NaN,NaN

INPUT,0.388870924711227,0.0395023860037327,0.755242824554443,-2.55197739601135,3.04238533973694,-1.67555677890778,K,14
OUTPUT,NaN,NaN,NaN,NaN,NaN,NaN

INPUT,0.394956678152084,0.0399348400533199,0.766461133956909,-2.58971214294434,3.03446292877197,-1.63696098327637,K,15
OUTPUT,NaN,NaN,NaN,NaN,NaN,NaN

INPUT,0.400433868169785,0.0403240509331226,0.776557564735413,-2.62373757362366,3.02746534347534,-1.60226154327393,K,16
OUTPUT,NaN,NaN,NaN,NaN,NaN,NaN

INPUT,0.404693871736526,0.0406267680227757,0.784410357475281,-2.65023851394653,3.02211546897888,-1.57529091835022,K,17
OUTPUT,NaN,NaN,NaN,NaN,NaN,NaN

INPUT,0.407736748456955,0.0408429950475693,0.790019452571869,-2.669184923172,3.01834607124329,-1.55603337287903,K,18
OUTPUT,NaN,NaN,NaN,NaN,NaN,NaN

INPUT,0.409562468528748,0.0409727320075035,0.793384969234467,-2.68055963516235,3.01610589027405,-1.54448103904724,K,19
OUTPUT,NaN,NaN,NaN,NaN,NaN,NaN

INPUT,0.410171061754227,0.0410159789025784,0.794506788253784,-2.68435215950012,3.01536273956299,-1.54063069820404,K,20
OUTPUT,NaN,NaN,NaN,NaN,NaN,NaN

INPUT,0.378730356693268,0.0478495061397552,0.706878066062927,-2.3790295124054,2.99400234222412,-1.85850310325623,K,10
OUTPUT,NaN,NaN,NaN,NaN,NaN,NaN

INPUT,0.386709362268448,0.0496253222227097,0.717632055282593,-2.41343188285828,2.97497224807739,-1.8232274055481,K,11
OUTPUT,NaN,NaN,NaN,NaN,NaN,NaN

INPUT,0.39468839764595,0.0514011345803738,0.728385984897614,-2.44797825813293,2.95614361763,-1.78798544406891,K,12
OUTPUT,NaN,NaN,NaN,NaN,NaN,NaN

INPUT,0.40266740322113,0.0531769469380379,0.739139914512634,-2.4826488494873,2.93754005432129,-1.75274634361267,K,13
OUTPUT,NaN,NaN,NaN,NaN,NaN,NaN

INPUT,0.41064640879631,0.054952759295702,0.74989378452301,-2.51743292808533,2.91918444633484,-1.71748840808868,K,14
OUTPUT,NaN,NaN,NaN,NaN,NaN,NaN

INPUT,0.418625444173813,0.0567285716533661,0.760647773742676,-2.55232405662537,2.90109992027283,-1.68219470977783,K,15
OUTPUT,NaN,NaN,NaN,NaN,NaN,NaN

INPUT,0.425806552171707,0.0583268031477928,0.770326316356659,-2.58381485939026,2.88507461547852,-1.65038931369781,K,16
OUTPUT,NaN,NaN,NaN,NaN,NaN,NaN

INPUT,0.43139186501503,0.0595698729157448,0.777854025363922,-2.60836553573608,2.8727855682373,-1.62562000751495,K,17
OUTPUT,NaN,NaN,NaN,NaN,NaN,NaN

INPUT,0.435381382703781,0.060457780957222,0.783231019973755,-2.62593221664429,2.86410617828369,-1.60790860652924,K,18
OUTPUT,NaN,NaN,NaN,NaN,NaN,NaN

INPUT,0.437775075435638,0.0609905235469341,0.786457180976868,-2.63648462295532,2.85893940925598,-1.59727370738983,K,19
OUTPUT,NaN,NaN,NaN,NaN,NaN,NaN

INPUT,0.438572973012924,0.0611681044101715,0.787532567977905,-2.64000415802002,2.85722398757935,-1.59372735023499,K,20
OUTPUT,NaN,NaN,NaN,NaN,NaN,NaN

INPUT,0.380455702543259,0.0467405915260315,0.70551198720932,-2.38645029067993,2.98753094673157,-1.85615003108978,K,4
OUTPUT,NaN,NaN,NaN,NaN,NaN,NaN

INPUT,0.394537389278412,0.0498454906046391,0.722141861915588,-2.45262002944946,2.95168828964233,-1.78643298149109,K,5
OUTPUT,NaN,NaN,NaN,NaN,NaN,NaN

INPUT,0.408619046211243,0.0529503896832466,0.738771677017212,-2.51957654953003,2.91671919822693,-1.71704375743866,K,6
OUTPUT,NaN,NaN,NaN,NaN,NaN,NaN

INPUT,0.419571459293365,0.0553653128445148,0.751706004142761,-2.57206559181213,2.8902313709259,-1.66312289237976,K,7
OUTPUT,NaN,NaN,NaN,NaN,NaN,NaN

INPUT,0.427394598722458,0.0570902563631535,0.760944783687592,-2.60974955558777,2.87173938751221,-1.62458562850952,K,8
OUTPUT,NaN,NaN,NaN,NaN,NaN,NaN

INPUT,0.432088494300842,0.0581252239644527,0.766488075256348,-2.63243174552917,2.86082887649536,-1.60144484043121,K,9
OUTPUT,NaN,NaN,NaN,NaN,NaN,NaN

INPUT,0.371879279613495,0.0425775423645973,0.732508778572083,-2.21882486343384,3.11313247680664,-1.52104306221008,K,5
OUTPUT,NaN,NaN,NaN,NaN,NaN,NaN

INPUT,0.380362123250961,0.043971810489893,0.748327970504761,-2.26812744140625,3.10894775390625,-1.44714522361755,K,6
OUTPUT,NaN,NaN,NaN,NaN,NaN,NaN

INPUT,0.386959880590439,0.0450562424957752,0.760631799697876,-2.30843949317932,3.10577535629272,-1.39162921905518,K,7
OUTPUT,NaN,NaN,NaN,NaN,NaN,NaN

INPUT,0.39167258143425,0.0458308346569538,0.769420266151428,-2.33800387382507,3.10355806350708,-1.35274171829224,K,8
OUTPUT,NaN,NaN,NaN,NaN,NaN,NaN

INPUT,0.394500195980072,0.046295590698719,0.774693310260773,-2.3559935092926,3.10224843025208,-1.32965898513794,K,9
OUTPUT,NaN,NaN,NaN,NaN,NaN,NaN

INPUT,0.37107640504837,0.0375245027244091,0.716500580310822,-2.43490552902222,3.06660652160645,-1.80455780029297,K,4
OUTPUT,NaN,NaN,NaN,NaN,NaN,NaN

INPUT,0.380826950073242,0.0381544753909111,0.731897294521332,-2.50004911422729,3.05242013931274,-1.73393380641937,K,5
OUTPUT,NaN,NaN,NaN,NaN,NaN,NaN

INPUT,0.390577495098114,0.0387844443321228,0.747294008731842,-2.56597876548767,3.0386438369751,-1.66401147842407,K,6
OUTPUT,NaN,NaN,NaN,NaN,NaN,NaN

INPUT,0.398161262273788,0.0392744205892086,0.759269177913666,-2.61762046813965,3.02825355529785,-1.60992538928986,K,7
OUTPUT,NaN,NaN,NaN,NaN,NaN,NaN

INPUT,0.403578221797943,0.0396244078874588,0.767822921276093,-2.65465331077576,3.0210235118866,-1.57140100002289,K,8
OUTPUT,NaN,NaN,NaN,NaN,NaN,NaN

INPUT,0.4068284034729,0.0398343950510025,0.772955179214478,-2.676922082901,3.01676750183105,-1.54831969738007,K,9
OUTPUT,NaN,NaN,NaN,NaN,NaN,NaN

INPUT,0.374412059783936,0.0578579343855381,0.718194425106049,-2.12602591514587,2.99334907531738,-1.70715832710266,K,11
OUTPUT,NaN,NaN,NaN,NaN,NaN,NaN

INPUT,0.380944460630417,0.060602318495512,0.729014217853546,-2.15026950836182,2.9762921333313,-1.68193507194519,K,12
OUTPUT,NaN,NaN,NaN,NaN,NaN,NaN

INPUT,0.387476861476898,0.0633466988801956,0.739834010601044,-2.1746392250061,2.9593358039856,-1.65676832199097,K,13
OUTPUT,NaN,NaN,NaN,NaN,NaN,NaN

INPUT,0.39400926232338,0.0660910829901695,0.750653803348541,-2.19911456108093,2.94249081611633,-1.63163065910339,K,14
OUTPUT,NaN,NaN,NaN,NaN,NaN,NaN

INPUT,0.400541663169861,0.0688354671001434,0.761473596096039,-2.22368311882019,2.92576789855957,-1.60650277137756,K,15
OUTPUT,NaN,NaN,NaN,NaN,NaN,NaN

INPUT,0.406420826911926,0.0713054090738297,0.771211445331573,-2.24586725234985,2.91083002090454,-1.58388376235962,K,16
OUTPUT,NaN,NaN,NaN,NaN,NaN,NaN

INPUT,0.410993486642838,0.0732264816761017,0.778785288333893,-2.26316666603088,2.8992908000946,-1.56628310680389,K,17
OUTPUT,NaN,NaN,NaN,NaN,NaN,NaN

INPUT,0.414259701967239,0.0745986774563789,0.784195184707642,-2.27554678916931,2.89109325408936,-1.55370461940765,K,18
OUTPUT,NaN,NaN,NaN,NaN,NaN,NaN

INPUT,0.416219413280487,0.0754219889640808,0.787441074848175,-2.28298401832581,2.88619303703308,-1.54615437984467,K,19
OUTPUT,NaN,NaN,NaN,NaN,NaN,NaN

INPUT,0.416872650384903,0.0756964236497879,0.788523077964783,-2.28546452522278,2.88456273078918,-1.54363715648651,K,20
OUTPUT,NaN,NaN,NaN,NaN,NaN,NaN

INPUT,0.362218677997589,0.0375446639955044,0.732473909854889,-2.18003416061401,3.10403609275818,-1.7393935918808,K,12
OUTPUT,NaN,NaN,NaN,NaN,NaN,NaN

INPUT,0.36678022146225,0.037861991673708,0.743657171726227,-2.2016077041626,3.10023140907288,-1.71459329128265,K,13
OUTPUT,NaN,NaN,NaN,NaN,NaN,NaN

INPUT,0.371341735124588,0.0381793193519115,0.754840433597565,-2.22345423698425,3.09644913673401,-1.69006240367889,K,14
OUTPUT,NaN,NaN,NaN,NaN,NaN,NaN

INPUT,0.375903278589249,0.0384966470301151,0.766023695468903,-2.2455096244812,3.09269094467163,-1.66573631763458,K,15
OUTPUT,NaN,NaN,NaN,NaN,NaN,NaN

INPUT,0.380008667707443,0.0387822426855564,0.77608859539032,-2.26550054550171,3.08933115005493,-1.6439802646637,K,16
OUTPUT,NaN,NaN,NaN,NaN,NaN,NaN

INPUT,0.383201718330383,0.0390043742954731,0.783916890621185,-2.28112483024597,3.08673334121704,-1.62713205814362,K,17
OUTPUT,NaN,NaN,NaN,NaN,NaN,NaN

INPUT,0.385482490062714,0.0391630381345749,0.789508521556854,-2.29231977462769,3.0848867893219,-1.61513125896454,K,18
OUTPUT,NaN,NaN,NaN,NaN,NaN,NaN

INPUT,0.386850953102112,0.0392582379281521,0.792863488197327,-2.29904937744141,3.0837824344635,-1.60794270038605,K,19
OUTPUT,NaN,NaN,NaN,NaN,NaN,NaN

INPUT,0.387307107448578,0.0392899699509144,0.793981850147247,-2.30129456520081,3.08341479301453,-1.60554838180542,K,20
OUTPUT,NaN,NaN,NaN,NaN,NaN,NaN

INPUT,0.357594430446625,0.0270990040153265,0.733002543449402,1.1147620677948,3.10031819343567,1.54182553291321,K,12
OUTPUT,NaN,NaN,NaN,NaN,NaN,NaN

INPUT,0.361669152975082,0.0263168569654226,0.744241416454315,1.09060609340668,3.09598660469055,1.56261646747589,K,13
OUTPUT,NaN,NaN,NaN,NaN,NaN,NaN

INPUT,0.365743845701218,0.0255347099155188,0.755480349063873,1.066739320755,3.09167790412903,1.58370077610016,K,14
OUTPUT,NaN,NaN,NaN,NaN,NaN,NaN

INPUT,0.369818538427353,0.0247525610029697,0.766719222068787,1.04309046268463,3.08739447593689,1.60500812530518,K,15
OUTPUT,NaN,NaN,NaN,NaN,NaN,NaN

INPUT,0.373485773801804,0.0240486282855272,0.77683424949646,1.02195155620575,3.08356261253357,1.62433421611786,K,16
OUTPUT,NaN,NaN,NaN,NaN,NaN,NaN

INPUT,0.376338064670563,0.0235011260956526,0.784701466560364,1.00558733940125,3.08059859275818,1.63944566249847,K,17
OUTPUT,NaN,NaN,NaN,NaN,NaN,NaN

INPUT,0.37837541103363,0.0231100525707006,0.790320932865143,0.993933498859406,3.07849049568176,1.65027642250061,K,18
OUTPUT,NaN,NaN,NaN,NaN,NaN,NaN

INPUT,0.379597842693329,0.0228754077106714,0.793692588806152,0.986953854560852,3.07722949981689,1.65678811073303,K,19
OUTPUT,NaN,NaN,NaN,NaN,NaN,NaN

INPUT,0.380005300045013,0.0227971933782101,0.794816493988037,0.984629273414612,3.07680988311768,1.6589607000351,K,20
OUTPUT,NaN,NaN,NaN,NaN,NaN,NaN

INPUT,0.363932400941849,0.0360201857984066,0.733845293521881,-2.07721996307373,3.13680505752563,-1.6947408914566,K,12
OUTPUT,NaN,NaN,NaN,NaN,NaN,NaN

INPUT,0.368674069643021,0.0361768305301666,0.745173811912537,-2.08295726776123,3.13637638092041,-1.66009616851807,K,13
OUTPUT,NaN,NaN,NaN,NaN,NaN,NaN

INPUT,0.37341570854187,0.0363334715366364,0.756502330303192,-2.09086608886719,3.1359498500824,-1.62772130966187,K,14
OUTPUT,NaN,NaN,NaN,NaN,NaN,NaN

INPUT,0.378157377243042,0.0364901162683964,0.767830848693848,-2.10045742988586,3.13552641868591,-1.59716010093689,K,15
OUTPUT,NaN,NaN,NaN,NaN,NaN,NaN

INPUT,0.382424861192703,0.0366310961544514,0.778026521205902,-2.11022615432739,3.13514828681946,-1.57092940807343,K,16
OUTPUT,NaN,NaN,NaN,NaN,NaN,NaN

INPUT,0.385744035243988,0.0367407463490963,0.785956501960754,-2.11842966079712,3.13485622406006,-1.55123889446259,K,17
OUTPUT,NaN,NaN,NaN,NaN,NaN,NaN

INPUT,0.388114869594574,0.0368190705776215,0.791620790958405,-2.12456464767456,3.1346492767334,-1.53751230239868,K,18
OUTPUT,NaN,NaN,NaN,NaN,NaN,NaN

INPUT,0.389537364244461,0.0368660613894463,0.795019328594208,-2.12834358215332,3.13452553749084,-1.52940142154694,K,19
OUTPUT,NaN,NaN,NaN,NaN,NaN,NaN

INPUT,0.390011519193649,0.0368817262351513,0.796152174472809,-2.12961840629578,3.13448429107666,-1.52671766281128,K,20
OUTPUT,NaN,NaN,NaN,NaN,NaN,NaN

INPUT,0.369076013565063,0.0385577492415905,0.721442461013794,-2.52346301078796,3.09287786483765,-1.8119021654129,K,11
OUTPUT,NaN,NaN,NaN,NaN,NaN,NaN

INPUT,0.374980986118317,0.0390315353870392,0.732643485069275,-2.56428456306458,3.08753252029419,-1.76899671554565,K,12
OUTPUT,NaN,NaN,NaN,NaN,NaN,NaN

INPUT,0.38088595867157,0.0395053252577782,0.743844568729401,-2.60529828071594,3.08228182792664,-1.72627127170563,K,13
OUTPUT,NaN,NaN,NaN,NaN,NaN,NaN

INPUT,0.386790931224823,0.0399791114032269,0.755045592784882,-2.64645648002625,3.07713484764099,-1.68367755413055,K,14
OUTPUT,NaN,NaN,NaN,NaN,NaN,NaN

INPUT,0.392695903778076,0.0404528975486755,0.766246676445007,-2.68772649765015,3.07210087776184,-1.64118182659149,K,15
OUTPUT,NaN,NaN,NaN,NaN,NaN,NaN

INPUT,0.39801037311554,0.0408793091773987,0.776327610015869,-2.72494649887085,3.06767416000366,-1.60300016403198,K,16
OUTPUT,NaN,NaN,NaN,NaN,NaN,NaN

INPUT,0.402143865823746,0.0412109605967999,0.784168362617493,-2.7539370059967,3.0643036365509,-1.57333672046661,K,17
OUTPUT,NaN,NaN,NaN,NaN,NaN,NaN

INPUT,0.405096352100372,0.041447851806879,0.789768874645233,-2.77466416358948,3.061936378479,-1.55216372013092,K,18
OUTPUT,NaN,NaN,NaN,NaN,NaN,NaN

INPUT,0.406867831945419,0.0415899902582169,0.793129205703735,-2.78710770606995,3.06053280830383,-1.53946506977081,K,19
OUTPUT,NaN,NaN,NaN,NaN,NaN,NaN

INPUT,0.407458335161209,0.0416373685002327,0.794249296188354,-2.79125666618347,3.06006765365601,-1.53523302078247,K,20
OUTPUT,NaN,NaN,NaN,NaN,NaN,NaN

INPUT,0.372719168663025,0.0414482653141022,0.72070437669754,-2.33397221565247,3.06641125679016,-1.76143825054169,K,11
OUTPUT,NaN,NaN,NaN,NaN,NaN,NaN

INPUT,0.379052132368088,0.0422620959579945,0.731819629669189,-2.36683487892151,3.05794501304626,-1.72689414024353,K,12
OUTPUT,NaN,NaN,NaN,NaN,NaN,NaN

INPUT,0.385385066270828,0.043075930327177,0.742934882640839,-2.39986324310303,3.04957365989685,-1.69249188899994,K,13
OUTPUT,NaN,NaN,NaN,NaN,NaN,NaN

INPUT,0.391718000173569,0.0438897609710693,0.754050076007843,-2.43301844596863,3.04130697250366,-1.65819072723389,K,14
OUTPUT,NaN,NaN,NaN,NaN,NaN,NaN

INPUT,0.398050934076309,0.0447035916149616,0.765165328979492,-2.46627426147461,3.03315401077271,-1.62396240234375,K,15
OUTPUT,NaN,NaN,NaN,NaN,NaN,NaN

INPUT,0.403750598430634,0.0454360395669937,0.775169014930725,-2.4962751865387,3.02592134475708,-1.5932023525238,K,16
OUTPUT,NaN,NaN,NaN,NaN,NaN,NaN

INPUT,0.408183664083481,0.0460057221353054,0.782949686050415,-2.51964902877808,3.02036929130554,-1.56930017471313,K,17
OUTPUT,NaN,NaN,NaN,NaN,NaN,NaN

INPUT,0.411350131034851,0.0464126355946064,0.788507342338562,-2.53636384010315,3.01644468307495,-1.55223667621613,K,18
OUTPUT,NaN,NaN,NaN,NaN,NaN,NaN

INPUT,0.413249999284744,0.0466567873954773,0.791841924190521,-2.54639959335327,3.01410698890686,-1.54200184345245,K,19
OUTPUT,NaN,NaN,NaN,NaN,NaN,NaN

INPUT,0.413883298635483,0.0467381700873375,0.792953431606293,-2.54974627494812,3.01333069801331,-1.53859055042267,K,20
OUTPUT,NaN,NaN,NaN,NaN,NaN,NaN

INPUT,0.360253125429153,0.0346304811537266,0.721842408180237,-2.70209240913391,3.1242516040802,-1.92691600322723,K,11
OUTPUT,NaN,NaN,NaN,NaN,NaN,NaN

INPUT,0.365119695663452,0.0346421301364899,0.733091652393341,-2.74534630775452,3.12244153022766,-1.87899112701416,K,12
OUTPUT,NaN,NaN,NaN,NaN,NaN,NaN

INPUT,0.369986265897751,0.0346537753939629,0.744340896606445,-2.78900051116943,3.12067151069641,-1.83146512508392,K,13
OUTPUT,NaN,NaN,NaN,NaN,NaN,NaN

INPUT,0.37485283613205,0.0346654243767262,0.755590081214905,-2.83295440673828,3.11894464492798,-1.78423738479614,K,14
OUTPUT,NaN,NaN,NaN,NaN,NaN,NaN

INPUT,0.379719406366348,0.0346770696341991,0.766839385032654,-2.87713837623596,3.11726474761963,-1.73723781108856,K,15
OUTPUT,NaN,NaN,NaN,NaN,NaN,NaN

INPUT,0.384099334478378,0.034687552601099,0.776963710784912,-2.91705942153931,3.11579608917236,-1.69509208202362,K,16
OUTPUT,NaN,NaN,NaN,NaN,NaN,NaN

INPUT,0.387505948543549,0.034695703536272,0.784838140010834,-2.94819235801697,3.11468362808228,-1.66239428520203,K,17
OUTPUT,NaN,NaN,NaN,NaN,NaN,NaN

INPUT,0.389939218759537,0.0347015261650085,0.790462791919708,-2.97046875953674,3.11390566825867,-1.63907670974731,K,18
OUTPUT,NaN,NaN,NaN,NaN,NaN,NaN

INPUT,0.391399204730988,0.0347050204873085,0.793837547302246,-2.98384833335876,3.11344575881958,-1.62509965896606,K,19
OUTPUT,NaN,NaN,NaN,NaN,NaN,NaN

INPUT,0.391885846853256,0.0347061865031719,0.794962465763092,-2.98831033706665,3.11329364776611,-1.62044274806976,K,20
OUTPUT,NaN,NaN,NaN,NaN,NaN,NaN

INPUT,0.3746437728405,0.0552672296762466,0.71368932723999,-2.11671853065491,2.99180793762207,-1.71250569820404,K,4
OUTPUT,NaN,NaN,NaN,NaN,NaN,NaN

INPUT,0.38493999838829,0.0596584491431713,0.728378057479858,-2.16136598587036,2.96277832984924,-1.66781139373779,K,5
OUTPUT,NaN,NaN,NaN,NaN,NaN,NaN

INPUT,0.395236223936081,0.064049668610096,0.743066787719727,-2.20613551139832,2.93410444259644,-1.62300777435303,K,6
OUTPUT,NaN,NaN,NaN,NaN,NaN,NaN

INPUT,0.403244405984879,0.0674650594592094,0.754491329193115,-2.2409245967865,2.91216468811035,-1.58819830417633,K,7
OUTPUT,NaN,NaN,NaN,NaN,NaN,NaN

INPUT,0.408964544534683,0.0699046328663826,0.762651741504669,-2.265704870224,2.89673733711243,-1.56340563297272,K,8
OUTPUT,NaN,NaN,NaN,NaN,NaN,NaN

INPUT,0.412396609783173,0.0713683664798737,0.767547965049744,-2.28053092956543,2.88759160041809,-1.54857277870178,K,9
OUTPUT,NaN,NaN,NaN,NaN,NaN,NaN

INPUT,0.361750811338425,0.0369817391037941,0.73329758644104,-2.28357887268066,3.11973261833191,-1.67267417907715,K,12
OUTPUT,NaN,NaN,NaN,NaN,NaN,NaN

INPUT,0.366277188062668,0.0372374728322029,0.744561672210693,-2.31333780288696,3.11758685112,-1.63813507556915,K,13
OUTPUT,NaN,NaN,NaN,NaN,NaN,NaN

INPUT,0.370803564786911,0.0374932065606117,0.755825757980347,-2.34348797798157,3.11546587944031,-1.60398554801941,K,14
OUTPUT,NaN,NaN,NaN,NaN,NaN,NaN

INPUT,0.375329971313477,0.0377489402890205,0.76708984375,-2.37393760681152,3.11337161064148,-1.57013380527496,K,15
OUTPUT,NaN,NaN,NaN,NaN,NaN,NaN

INPUT,0.379403710365295,0.0379791036248207,0.777227520942688,-2.40154409408569,3.11151170730591,-1.53986740112305,K,16
OUTPUT,NaN,NaN,NaN,NaN,NaN,NaN

INPUT,0.382572203874588,0.038158118724823,0.785112380981445,-2.42312455177307,3.11008238792419,-1.51643443107605,K,17
OUTPUT,NaN,NaN,NaN,NaN,NaN,NaN

INPUT,0.38483539223671,0.0382859855890274,0.790744423866272,-2.43858885765076,3.10907101631165,-1.49974584579468,K,18
OUTPUT,NaN,NaN,NaN,NaN,NaN,NaN

INPUT,0.386193305253983,0.0383627042174339,0.794123649597168,-2.44788551330566,3.10846829414368,-1.48975050449371,K,19
OUTPUT,NaN,NaN,NaN,NaN,NaN,NaN

INPUT,0.386645942926407,0.0383882783353329,0.795250058174133,-2.45098733901978,3.10826802253723,-1.48642146587372,K,20
OUTPUT,NaN,NaN,NaN,NaN,NaN,NaN

INPUT,0.369639873504639,0.0381684340536594,0.71599668264389,-2.52494168281555,3.09257769584656,-1.83148801326752,K,4
OUTPUT,NaN,NaN,NaN,NaN,NaN,NaN

INPUT,0.379245698451996,0.0389387160539627,0.731434106826782,-2.59374332427979,3.08348727226257,-1.75143074989319,K,5
OUTPUT,NaN,NaN,NaN,NaN,NaN,NaN

INPUT,0.388851553201675,0.0397089943289757,0.746871471405029,-2.66406679153442,3.07471680641174,-1.67285704612732,K,6
OUTPUT,NaN,NaN,NaN,NaN,NaN,NaN

INPUT,0.396322757005692,0.0403080992400646,0.758878350257874,-2.71944642066956,3.06814861297607,-1.61239838600159,K,7
OUTPUT,NaN,NaN,NaN,NaN,NaN,NaN

INPUT,0.401659309864044,0.0407360307872295,0.76745468378067,-2.75926971435547,3.06360602378845,-1.56946313381195,K,8
OUTPUT,NaN,NaN,NaN,NaN,NaN,NaN

INPUT,0.404861271381378,0.0409927926957607,0.772600471973419,-2.78325033187866,3.06094408035278,-1.54378175735474,K,9
OUTPUT,NaN,NaN,NaN,NaN,NaN,NaN

INPUT,0.373187392950058,0.040546040982008,0.715682566165924,-2.32974457740784,3.0658221244812,-1.77279531955719,K,4
OUTPUT,NaN,NaN,NaN,NaN,NaN,NaN

INPUT,0.383397847414017,0.0418073423206806,0.730885982513428,-2.38710737228394,3.05143475532532,-1.71004211902618,K,5
OUTPUT,NaN,NaN,NaN,NaN,NaN,NaN

INPUT,0.393608301877975,0.0430686436593533,0.746089398860931,-2.44524431228638,3.03737211227417,-1.64798581600189,K,6
OUTPUT,NaN,NaN,NaN,NaN,NaN,NaN

INPUT,0.401549756526947,0.0440496578812599,0.757914304733276,-2.49081921577454,3.02669143676758,-1.60001754760742,K,7
OUTPUT,NaN,NaN,NaN,NaN,NaN,NaN

INPUT,0.407222241163254,0.0447503812611103,0.766360640525818,-2.52351689338684,3.01921439170837,-1.56586372852325,K,8
OUTPUT,NaN,NaN,NaN,NaN,NaN,NaN

INPUT,0.410625725984573,0.0451708137989044,0.771428465843201,-2.54318332672119,3.01479315757751,-1.54540526866913,K,9
OUTPUT,NaN,NaN,NaN,NaN,NaN,NaN

INPUT,0.369015276432037,0.0346118398010731,0.731328010559082,-2.78427600860596,3.12072038650513,-1.86619508266449,K,5
OUTPUT,NaN,NaN,NaN,NaN,NaN,NaN

INPUT,0.37704735994339,0.0346147008240223,0.747039318084717,-2.85619831085205,3.11790609359741,-1.77619874477386,K,6
OUTPUT,NaN,NaN,NaN,NaN,NaN,NaN

INPUT,0.383294522762299,0.0346169210970402,0.759259164333344,-2.91347289085388,3.11582255363464,-1.70753335952759,K,7
OUTPUT,NaN,NaN,NaN,NaN,NaN,NaN

INPUT,0.387756764888763,0.0346185117959976,0.767987668514252,-2.95490837097168,3.1143958568573,-1.65900945663452,K,8
OUTPUT,NaN,NaN,NaN,NaN,NaN,NaN

INPUT,0.390434116125107,0.034619465470314,0.773224771022797,-2.97994089126587,3.11356592178345,-1.63006544113159,K,9
OUTPUT,NaN,NaN,NaN,NaN,NaN,NaN

INPUT,0.36260187625885,0.0369301252067089,0.724485874176025,-2.172443151474,3.10409593582153,-1.7598090171814,K,4
OUTPUT,NaN,NaN,NaN,NaN,NaN,NaN

INPUT,0.368936091661453,0.0373255088925362,0.737596690654755,-2.20542764663696,3.09851908683777,-1.71769118309021,K,5
OUTPUT,NaN,NaN,NaN,NaN,NaN,NaN

INPUT,0.375270336866379,0.0377208888530731,0.750707507133484,-2.23945927619934,3.09300255775452,-1.67661130428314,K,6
OUTPUT,NaN,NaN,NaN,NaN,NaN,NaN

INPUT,0.380196958780289,0.0380284078419209,0.760904848575592,-2.2663745880127,3.08876824378967,-1.64523589611053,K,7
OUTPUT,NaN,NaN,NaN,NaN,NaN,NaN

INPUT,0.383715957403183,0.0382480658590794,0.768188655376434,-2.28574538230896,3.08578038215637,-1.62309992313385,K,8
OUTPUT,NaN,NaN,NaN,NaN,NaN,NaN

INPUT,0.385827362537384,0.0383798591792583,0.772558927536011,-2.29740428924561,3.08400392532349,-1.60992336273193,K,9
OUTPUT,NaN,NaN,NaN,NaN,NaN,NaN

INPUT,0.363981038331985,0.0269848629832268,0.73708164691925,1.10290968418121,3.09533739089966,1.57724559307098,K,5
OUTPUT,NaN,NaN,NaN,NaN,NaN,NaN

INPUT,0.37000760436058,0.025865601375699,0.750681281089783,1.05873203277588,3.08858704566956,1.60526597499847,K,6
OUTPUT,NaN,NaN,NaN,NaN,NaN,NaN

INPUT,0.37469494342804,0.0249950662255287,0.761258780956268,1.02572751045227,3.08339333534241,1.62830281257629,K,7
OUTPUT,NaN,NaN,NaN,NaN,NaN,NaN

INPUT,0.37804302573204,0.0243732556700706,0.768814206123352,1.00272858142853,3.07972145080566,1.64521980285645,K,8
OUTPUT,NaN,NaN,NaN,NaN,NaN,NaN

INPUT,0.380051881074905,0.0240001678466797,0.7733473777771,0.989130616188049,3.07753539085388,1.65551066398621,K,9
OUTPUT,NaN,NaN,NaN,NaN,NaN,NaN

INPUT,0.365048319101334,0.0359150506556034,0.726743042469025,-2.22156190872192,3.13601231575012,-1.8631843328476,K,4
OUTPUT,NaN,NaN,NaN,NaN,NaN,NaN

INPUT,0.371636271476746,0.0361390262842178,0.739822030067444,-2.18660426139832,3.13562774658203,-1.76338839530945,K,5
OUTPUT,NaN,NaN,NaN,NaN,NaN,NaN

INPUT,0.378224223852158,0.0363630056381226,0.752901077270508,-2.1599817276001,3.13522553443909,-1.6719274520874,K,6
OUTPUT,NaN,NaN,NaN,NaN,NaN,NaN

INPUT,0.383348196744919,0.0365372113883495,0.763073623180389,-2.14427828788757,3.13490438461304,-1.60588133335114,K,7
OUTPUT,NaN,NaN,NaN,NaN,NaN,NaN

INPUT,0.387008160352707,0.0366616398096085,0.770339787006378,-2.13542222976685,3.13467168807983,-1.5611515045166,K,8
OUTPUT,NaN,NaN,NaN,NaN,NaN,NaN

INPUT,0.389204144477844,0.0367363020777702,0.774699449539185,-2.13096809387207,3.13453125953674,-1.53521811962128,K,9
OUTPUT,NaN,NaN,NaN,NaN,NaN,NaN

INPUT,0.362269699573517,0.036639142781496,0.725279331207275,-2.28601956367493,3.11948108673096,-1.71331763267517,K,4
OUTPUT,NaN,NaN,NaN,NaN,NaN,NaN

INPUT,0.368586272001266,0.0369897857308388,0.738509833812714,-2.32715702056885,3.11640167236328,-1.65027177333832,K,5
OUTPUT,NaN,NaN,NaN,NaN,NaN,NaN

INPUT,0.374902844429016,0.0373404324054718,0.751740336418152,-2.37066292762756,3.11338806152344,-1.58959019184113,K,6
OUTPUT,NaN,NaN,NaN,NaN,NaN,NaN

INPUT,0.379815697669983,0.0376131571829319,0.76203066110611,-2.40550565719604,3.1111056804657,-1.54375624656677,K,7
OUTPUT,NaN,NaN,NaN,NaN,NaN,NaN

INPUT,0.383324921131134,0.0378079563379288,0.769380927085876,-2.43071269989014,3.10951471328735,-1.51168739795685,K,8
OUTPUT,NaN,NaN,NaN,NaN,NaN,NaN

INPUT,0.385430425405502,0.0379248410463333,0.773791134357452,-2.44591283798218,3.10857748985291,-1.49270570278168,K,9
OUTPUT,NaN,NaN,NaN,NaN,NaN,NaN

INPUT,0.373967558145523,0.0511051565408707,0.720587134361267,-2.11080718040466,3.03605651855469,-1.53283715248108,K,11
OUTPUT,NaN,NaN,NaN,NaN,NaN,NaN

INPUT,0.380447626113892,0.0530549697577953,0.731688797473907,-2.14409804344177,3.02412509918213,-1.49800765514374,K,12
OUTPUT,NaN,NaN,NaN,NaN,NaN,NaN

INPUT,0.38692769408226,0.0550047792494297,0.742790520191193,-2.17755365371704,3.01232981681824,-1.46329534053802,K,13
OUTPUT,NaN,NaN,NaN,NaN,NaN,NaN

INPUT,0.393407732248306,0.0569545887410641,0.753892183303833,-2.2111394405365,3.00068426132202,-1.42866170406342,K,14
OUTPUT,NaN,NaN,NaN,NaN,NaN,NaN

INPUT,0.399887800216675,0.0589044019579887,0.764993906021118,-2.24483251571655,2.98920202255249,-1.39407956600189,K,15
OUTPUT,NaN,NaN,NaN,NaN,NaN,NaN

INPUT,0.405719846487045,0.0606592334806919,0.774985432624817,-2.27523493766785,2.97901916503906,-1.3629834651947,K,16
OUTPUT,NaN,NaN,NaN,NaN,NaN,NaN

INPUT,0.410255908966064,0.0620241016149521,0.782756626605988,-2.29892706871033,2.97120451927185,-1.33880865573883,K,17
OUTPUT,NaN,NaN,NaN,NaN,NaN,NaN

INPUT,0.413495928049088,0.0629990100860596,0.78830748796463,-2.31587266921997,2.96568179130554,-1.32154428958893,K,18
OUTPUT,NaN,NaN,NaN,NaN,NaN,NaN

INPUT,0.415439963340759,0.0635839477181435,0.7916379570961,-2.32604885101318,2.96239256858826,-1.31118631362915,K,19
OUTPUT,NaN,NaN,NaN,NaN,NaN,NaN

INPUT,0.416087955236435,0.063778929412365,0.792748153209686,-2.32944226264954,2.96130037307739,-1.30773365497589,K,20
OUTPUT,NaN,NaN,NaN,NaN,NaN,NaN

INPUT,0.357238262891769,0.0317113026976585,0.73370224237442,0.808422386646271,3.13285660743713,1.51543414592743,K,12
OUTPUT,NaN,NaN,NaN,NaN,NaN,NaN

INPUT,0.361274510622025,0.0314144492149353,0.745016813278198,0.763707101345062,3.13190126419067,1.54512083530426,K,13
OUTPUT,NaN,NaN,NaN,NaN,NaN,NaN

INPUT,0.365310728549957,0.0311175920069218,0.756331384181976,0.720332622528076,3.13095903396606,1.57614874839783,K,14
OUTPUT,NaN,NaN,NaN,NaN,NaN,NaN

INPUT,0.369346976280212,0.0308207366615534,0.767645955085754,0.677956521511078,3.1300311088562,1.60817539691925,K,15
OUTPUT,NaN,NaN,NaN,NaN,NaN,NaN

INPUT,0.372979581356049,0.0305535644292831,0.777829110622406,0.640475690364838,3.12920951843262,1.63765740394592,K,16
OUTPUT,NaN,NaN,NaN,NaN,NaN,NaN

INPUT,0.375804960727692,0.0303457658737898,0.785749316215515,0.611670434474945,3.12857985496521,1.66093480587006,K,17
OUTPUT,NaN,NaN,NaN,NaN,NaN,NaN

INPUT,0.377823084592819,0.030197337269783,0.791406571865082,0.59125292301178,3.12813520431519,1.67771899700165,K,18
OUTPUT,NaN,NaN,NaN,NaN,NaN,NaN

INPUT,0.379033952951431,0.030108280479908,0.794800937175751,0.579058468341827,3.12787079811096,1.68784582614899,K,19
OUTPUT,NaN,NaN,NaN,NaN,NaN,NaN

INPUT,0.379437565803528,0.0300785955041647,0.795932412147522,0.575002491474152,3.12778306007385,1.69123017787933,K,20
OUTPUT,NaN,NaN,NaN,NaN,NaN,NaN

INPUT,0.369957238435745,0.0346669591963291,0.721691489219666,-2.73069953918457,3.07793879508972,-1.7332683801651,K,11
OUTPUT,NaN,NaN,NaN,NaN,NaN,NaN

INPUT,0.375965625047684,0.0346828773617744,0.732922792434692,-2.78863954544067,3.07130026817322,-1.67379701137543,K,12
OUTPUT,NaN,NaN,NaN,NaN,NaN,NaN

INPUT,0.3819739818573,0.0346987992525101,0.744154036045074,-2.8467230796814,3.0649037361145,-1.61444222927094,K,13
OUTPUT,NaN,NaN,NaN,NaN,NaN,NaN

INPUT,0.387982338666916,0.0347147211432457,0.755385279655457,-2.90491676330566,3.05877137184143,-1.55516958236694,K,14
OUTPUT,NaN,NaN,NaN,NaN,NaN,NaN

INPUT,0.393990695476532,0.0347306430339813,0.766616582870483,-2.96319794654846,3.05292439460754,-1.49595510959625,K,15
OUTPUT,NaN,NaN,NaN,NaN,NaN,NaN

INPUT,0.399398237466812,0.0347449705004692,0.776724696159363,-3.01571226119995,3.04792284965515,-1.44269800186157,K,16
OUTPUT,NaN,NaN,NaN,NaN,NaN,NaN

INPUT,0.403604090213776,0.0347561165690422,0.784586608409882,-3.05659079551697,3.04421281814575,-1.40129327774048,K,17
OUTPUT,NaN,NaN,NaN,NaN,NaN,NaN

INPUT,0.406608253717422,0.03476407751441,0.79020220041275,-3.08580613136292,3.04166316986084,-1.37172567844391,K,18
OUTPUT,NaN,NaN,NaN,NaN,NaN,NaN

INPUT,0.408410757780075,0.0347688533365726,0.793571591377258,-3.1033411026001,3.04017472267151,-1.35398757457733,K,19
OUTPUT,NaN,NaN,NaN,NaN,NaN,NaN

INPUT,0.409011602401733,0.0347704440355301,0.794694721698761,-3.10918712615967,3.03968548774719,-1.34807527065277,K,20
OUTPUT,NaN,NaN,NaN,NaN,NaN,NaN

INPUT,0.357462525367737,0.0304482541978359,0.732273101806641,0.884779632091522,3.11773300170898,1.4613573551178,K,12
OUTPUT,NaN,NaN,NaN,NaN,NaN,NaN

INPUT,0.361523121595383,0.0300184153020382,0.7434361577034,0.851797819137573,3.11522579193115,1.48905348777771,K,13
OUTPUT,NaN,NaN,NaN,NaN,NaN,NaN

INPUT,0.365583688020706,0.0295885745435953,0.754599213600159,0.81927216053009,3.11274266242981,1.51720762252808,K,14
OUTPUT,NaN,NaN,NaN,NaN,NaN,NaN

INPUT,0.369644314050674,0.0291587356477976,0.765762269496918,0.787090182304382,3.11028623580933,1.54570770263672,K,15
OUTPUT,NaN,NaN,NaN,NaN,NaN,NaN

INPUT,0.373298823833466,0.0287718791514635,0.775808990001678,0.758355021476746,3.10809969902039,1.57158851623535,K,16
OUTPUT,NaN,NaN,NaN,NaN,NaN,NaN

INPUT,0.376141250133514,0.028470991179347,0.783623158931732,0.736126840114594,3.10641622543335,1.59184062480927,K,17
OUTPUT,NaN,NaN,NaN,NaN,NaN,NaN

INPUT,0.378171563148499,0.0282560717314482,0.789204657077789,0.72030508518219,3.1052234172821,1.60636270046234,K,18
OUTPUT,NaN,NaN,NaN,NaN,NaN,NaN

INPUT,0.379389733076096,0.0281271208077669,0.792553603649139,0.710831761360168,3.10451173782349,1.61509609222412,K,19
OUTPUT,NaN,NaN,NaN,NaN,NaN,NaN

INPUT,0.379795789718628,0.0280841365456581,0.793669879436493,0.707677125930786,3.10427522659302,1.61801028251648,K,20
OUTPUT,NaN,NaN,NaN,NaN,NaN,NaN

INPUT,0.366499602794647,0.0426376052200794,0.721204102039337,-2.1719799041748,3.0953905582428,-1.79824805259705,K,11
OUTPUT,NaN,NaN,NaN,NaN,NaN,NaN

INPUT,0.372101128101349,0.0435911826789379,0.73237818479538,-2.19249033927917,3.09011626243591,-1.77479529380798,K,12
OUTPUT,NaN,NaN,NaN,NaN,NaN,NaN

INPUT,0.377702623605728,0.0445447601377964,0.743552267551422,-2.21327662467957,3.08486652374268,-1.75161242485046,K,13
OUTPUT,NaN,NaN,NaN,NaN,NaN,NaN

INPUT,0.383304119110107,0.0454983375966549,0.754726350307465,-2.23426866531372,3.07964444160461,-1.72862875461578,K,14
OUTPUT,NaN,NaN,NaN,NaN,NaN,NaN

INPUT,0.388905644416809,0.0464519150555134,0.765900433063507,-2.25541877746582,3.07445192337036,-1.70579600334167,K,15
OUTPUT,NaN,NaN,NaN,NaN,NaN,NaN

INPUT,0.393946975469589,0.0473101362586021,0.775957107543945,-2.27456092834473,3.06980657577515,-1.68534696102142,K,16
OUTPUT,NaN,NaN,NaN,NaN,NaN,NaN

INPUT,0.397868037223816,0.0479776374995708,0.783778965473175,-2.28950691223145,3.06621265411377,-1.66949546337128,K,17
OUTPUT,NaN,NaN,NaN,NaN,NaN,NaN

INPUT,0.400668799877167,0.0484544262290001,0.789366006851196,-2.30020952224731,3.06365656852722,-1.65819716453552,K,18
OUTPUT,NaN,NaN,NaN,NaN,NaN,NaN

INPUT,0.402349233627319,0.0487404987215996,0.792718231678009,-2.306640625,3.06212735176086,-1.65142691135406,K,19
OUTPUT,NaN,NaN,NaN,NaN,NaN,NaN

INPUT,0.402909398078918,0.0488358587026596,0.793835639953613,-2.30878591537476,3.06161832809448,-1.64917147159576,K,20
OUTPUT,NaN,NaN,NaN,NaN,NaN,NaN

INPUT,0.374477356672287,0.049336913973093,0.715912342071533,-2.10824036598206,3.03464937210083,-1.54719853401184,K,4
OUTPUT,NaN,NaN,NaN,NaN,NaN,NaN

INPUT,0.384838849306107,0.0524708107113838,0.731042921543121,-2.16564011573792,3.0145218372345,-1.48288667201996,K,5
OUTPUT,NaN,NaN,NaN,NaN,NaN,NaN

INPUT,0.395200341939926,0.0556047074496746,0.746173501014709,-2.22405290603638,2.99486303329468,-1.41943383216858,K,6
OUTPUT,NaN,NaN,NaN,NaN,NaN,NaN

INPUT,0.40325927734375,0.0580421797931194,0.757941722869873,-2.26996278762817,2.97994446754456,-1.37044036388397,K,7
OUTPUT,NaN,NaN,NaN,NaN,NaN,NaN

INPUT,0.409015655517578,0.0597832351922989,0.766347587108612,-2.30295181274414,2.96950817108154,-1.33557236194611,K,8
OUTPUT,NaN,NaN,NaN,NaN,NaN,NaN

INPUT,0.412469506263733,0.0608278661966324,0.771391153335571,-2.3228120803833,2.96334028244019,-1.31468939781189,K,9
OUTPUT,NaN,NaN,NaN,NaN,NaN,NaN

INPUT,0.370473504066467,0.0345438942313194,0.716504275798798,-2.73380446434021,3.07816767692566,-1.76145839691162,K,4
OUTPUT,NaN,NaN,NaN,NaN,NaN,NaN

INPUT,0.380136489868164,0.0345864146947861,0.731935083866119,-2.8311231136322,3.0667610168457,-1.65010845661163,K,5
OUTPUT,NaN,NaN,NaN,NaN,NaN,NaN

INPUT,0.389799445867538,0.0346289314329624,0.747365951538086,-2.93029117584229,3.05616497993469,-1.5405216217041,K,6
OUTPUT,NaN,NaN,NaN,NaN,NaN,NaN

INPUT,0.397315084934235,0.0346620008349419,0.759367704391479,-3.00824284553528,3.04855895042419,-1.45604646205902,K,7
OUTPUT,NaN,NaN,NaN,NaN,NaN,NaN

INPUT,0.40268337726593,0.0346856229007244,0.7679403424263,-3.06423902511597,3.04349803924561,-1.39598977565765,K,8
OUTPUT,NaN,NaN,NaN,NaN,NaN,NaN

INPUT,0.40590438246727,0.0346997976303101,0.773083984851837,-3.09793877601624,3.04061841964722,-1.36004436016083,K,9
OUTPUT,NaN,NaN,NaN,NaN,NaN,NaN

INPUT,0.37631219625473,0.0434236451983452,0.730936527252197,-2.20921754837036,3.08585095405579,-1.76723885536194,K,5
OUTPUT,NaN,NaN,NaN,NaN,NaN,NaN

INPUT,0.385500192642212,0.0449464954435825,0.746403217315674,-2.24437403678894,3.07700610160828,-1.7237936258316,K,6
OUTPUT,NaN,NaN,NaN,NaN,NaN,NaN

INPUT,0.39264640212059,0.046130932867527,0.758432865142822,-2.2723593711853,3.0702121257782,-1.69078600406647,K,7
OUTPUT,NaN,NaN,NaN,NaN,NaN,NaN

INPUT,0.397750854492188,0.0469769611954689,0.767025470733643,-2.2925546169281,3.06541609764099,-1.66755962371826,K,8
OUTPUT,NaN,NaN,NaN,NaN,NaN,NaN

INPUT,0.400813519954681,0.0474845767021179,0.772181034088135,-2.30472350120544,3.06256437301636,-1.65375292301178,K,9
OUTPUT,NaN,NaN,NaN,NaN,NaN,NaN

INPUT,0.357630103826523,0.0320033766329288,0.724464476108551,0.911099076271057,3.13396716117859,1.575523853302,K,4
OUTPUT,NaN,NaN,NaN,NaN,NaN,NaN

INPUT,0.363464027643204,0.0315336361527443,0.738088846206665,0.807718932628632,3.13229274749756,1.59173715114594,K,5
OUTPUT,NaN,NaN,NaN,NaN,NaN,NaN

INPUT,0.369297951459885,0.0310638919472694,0.751713216304779,0.717585444450378,3.13063907623291,1.62119817733765,K,6
OUTPUT,NaN,NaN,NaN,NaN,NaN,NaN

INPUT,0.373835414648056,0.0306985378265381,0.762309968471527,0.653114318847656,3.12937450408936,1.64974546432495,K,7
OUTPUT,NaN,NaN,NaN,NaN,NaN,NaN

INPUT,0.377076476812363,0.0304375700652599,0.769879043102264,0.609169960021973,3.12848520278931,1.672243475914,K,8
OUTPUT,NaN,NaN,NaN,NaN,NaN,NaN

INPUT,0.379021137952805,0.030280988663435,0.774420499801636,0.583471179008484,3.12795782089233,1.68641030788422,K,9
OUTPUT,NaN,NaN,NaN,NaN,NaN,NaN

INPUT,0.363718867301941,0.0303377490490675,0.736219763755798,0.86860591173172,3.11527585983276,1.50828158855438,K,5
OUTPUT,NaN,NaN,NaN,NaN,NaN,NaN

INPUT,0.369710683822632,0.0297010727226734,0.749706864356995,0.808212518692017,3.11123061180115,1.54584109783173,K,6
OUTPUT,NaN,NaN,NaN,NaN,NaN,NaN

INPUT,0.374370962381363,0.0292058791965246,0.76019674539566,0.763307750225067,3.1081440448761,1.5768256187439,K,7
OUTPUT,NaN,NaN,NaN,NaN,NaN,NaN

INPUT,0.377699762582779,0.0288521703332663,0.767689526081085,0.732133805751801,3.10597944259644,1.59956753253937,K,8
OUTPUT,NaN,NaN,NaN,NaN,NaN,NaN

INPUT,0.379697024822235,0.0286399442702532,0.772185206413269,0.713752925395966,3.10469889640808,1.61338305473328,K,9
OUTPUT,NaN,NaN,NaN,NaN,NaN,NaN

INPUT,0.354110151529312,0.0259164609014988,0.733880400657654,1.10246014595032,3.10029268264771,1.44223952293396,K,12
OUTPUT,NaN,NaN,NaN,NaN,NaN,NaN

INPUT,0.357835829257965,0.0250064972788095,0.745201706886292,1.08339941501617,3.09592342376709,1.45904839038849,K,13
OUTPUT,NaN,NaN,NaN,NaN,NaN,NaN

INPUT,0.361561506986618,0.0240965373814106,0.756523013114929,1.06457006931305,3.09157729148865,1.47602200508118,K,14
OUTPUT,NaN,NaN,NaN,NaN,NaN,NaN

INPUT,0.365287184715271,0.0231865737587214,0.767844319343567,1.04593527317047,3.08725833892822,1.49310088157654,K,15
OUTPUT,NaN,NaN,NaN,NaN,NaN,NaN

INPUT,0.368640303611755,0.0223676078021526,0.778033554553986,1.02931153774261,3.08339786529541,1.50852465629578,K,16
OUTPUT,NaN,NaN,NaN,NaN,NaN,NaN

INPUT,0.37124827504158,0.0217306334525347,0.785958468914032,1.01647186279297,3.08041477203369,1.52053797245026,K,17
OUTPUT,NaN,NaN,NaN,NaN,NaN,NaN

INPUT,0.373111128807068,0.0212756525725126,0.791619122028351,1.00734686851501,3.07829475402832,1.52912163734436,K,18
OUTPUT,NaN,NaN,NaN,NaN,NaN,NaN

INPUT,0.374228835105896,0.0210026632994413,0.795015513896942,1.00189006328583,3.0770275592804,1.53427124023438,K,19
OUTPUT,NaN,NaN,NaN,NaN,NaN,NaN

INPUT,0.374601393938065,0.020911667495966,0.796147644519806,1.0000741481781,3.07660603523254,1.53598761558533,K,20
OUTPUT,NaN,NaN,NaN,NaN,NaN,NaN

INPUT,0.380842119455338,0.0373653545975685,0.719192206859589,-2.74815464019775,3.01506567001343,-1.89260733127594,K,11
OUTPUT,NaN,NaN,NaN,NaN,NaN,NaN

INPUT,0.388130873441696,0.037698820233345,0.730129718780518,-2.79830741882324,3.00137519836426,-1.84182119369507,K,12
OUTPUT,NaN,NaN,NaN,NaN,NaN,NaN

INPUT,0.395419657230377,0.0380322821438313,0.741067171096802,-2.84856367111206,2.98804116249084,-1.79104280471802,K,13
OUTPUT,NaN,NaN,NaN,NaN,NaN,NaN

INPUT,0.402708411216736,0.0383657477796078,0.752004683017731,-2.89891195297241,2.97509765625,-1.74025440216064,K,14
OUTPUT,NaN,NaN,NaN,NaN,NaN,NaN

INPUT,0.409997195005417,0.038699209690094,0.762942135334015,-2.9493453502655,2.96257853507996,-1.68944358825684,K,15
OUTPUT,NaN,NaN,NaN,NaN,NaN,NaN

INPUT,0.41655707359314,0.0389993265271187,0.772785842418671,-2.99480390548706,2.95170068740845,-1.6436870098114,K,16
OUTPUT,NaN,NaN,NaN,NaN,NaN,NaN

INPUT,0.421659231185913,0.0392327532172203,0.780442118644714,-3.03020358085632,2.94351053237915,-1.60807752609253,K,17
OUTPUT,NaN,NaN,NaN,NaN,NaN,NaN

INPUT,0.425303608179092,0.0393994860351086,0.785910844802856,-3.05551171302795,2.93781208992004,-1.5826301574707,K,18
OUTPUT,NaN,NaN,NaN,NaN,NaN,NaN

INPUT,0.427490234375,0.0394995249807835,0.789192080497742,-3.07070541381836,2.93445515632629,-1.56735622882843,K,19
OUTPUT,NaN,NaN,NaN,NaN,NaN,NaN

INPUT,0.428219109773636,0.039532870054245,0.79028582572937,-3.07577133178711,2.93334674835205,-1.56226420402527,K,20
OUTPUT,NaN,NaN,NaN,NaN,NaN,NaN

INPUT,0.361034393310547,0.0343102142214775,0.733913779258728,-2.03660488128662,3.12809801101685,-1.5787250995636,K,12
OUTPUT,NaN,NaN,NaN,NaN,NaN,NaN

INPUT,0.365471214056015,0.0342870429158211,0.745248675346375,-2.05547475814819,3.12676954269409,-1.54941701889038,K,13
OUTPUT,NaN,NaN,NaN,NaN,NaN,NaN

INPUT,0.369908034801483,0.0342638753354549,0.756583511829376,-2.0752010345459,3.12544941902161,-1.52096509933472,K,14
OUTPUT,NaN,NaN,NaN,NaN,NaN,NaN

INPUT,0.374344855546951,0.0342407040297985,0.767918407917023,-2.09558510780334,3.12413859367371,-1.49317049980164,K,15
OUTPUT,NaN,NaN,NaN,NaN,NaN,NaN

INPUT,0.378338009119034,0.0342198498547077,0.778119802474976,-2.11437559127808,3.122967004776,-1.4685994386673,K,16
OUTPUT,NaN,NaN,NaN,NaN,NaN,NaN

INPUT,0.3814437687397,0.0342036299407482,0.786054193973541,-2.12922930717468,3.12206196784973,-1.4497275352478,K,17
OUTPUT,NaN,NaN,NaN,NaN,NaN,NaN

INPUT,0.383662194013596,0.03419204428792,0.791721642017365,-2.13994956016541,3.12141871452332,-1.43635749816895,K,18
OUTPUT,NaN,NaN,NaN,NaN,NaN,NaN

INPUT,0.384993225336075,0.0341850928962231,0.795122087001801,-2.14642143249512,3.12103414535522,-1.42837524414063,K,19
OUTPUT,NaN,NaN,NaN,NaN,NaN,NaN

INPUT,0.385436922311783,0.0341827757656574,0.796255588531494,-2.14858484268188,3.12090611457825,-1.42572069168091,K,20
OUTPUT,NaN,NaN,NaN,NaN,NaN,NaN

INPUT,0.360072135925293,0.0256715454161167,0.737923383712769,1.0976802110672,3.09538412094116,1.47472739219666,K,5
OUTPUT,NaN,NaN,NaN,NaN,NaN,NaN

INPUT,0.365555286407471,0.0243514589965343,0.751699328422546,1.06099534034729,3.08857369422913,1.49533116817474,K,6
OUTPUT,NaN,NaN,NaN,NaN,NaN,NaN

INPUT,0.369819939136505,0.0233247242867947,0.762413918972015,1.03379118442535,3.08331203460693,1.51263105869293,K,7
OUTPUT,NaN,NaN,NaN,NaN,NaN,NaN

INPUT,0.372866123914719,0.0225913431495428,0.77006721496582,1.01490616798401,3.07957720756531,1.52547895908356,K,8
OUTPUT,NaN,NaN,NaN,NaN,NaN,NaN

INPUT,0.374693810939789,0.0221513137221336,0.774659216403961,1.00376081466675,3.07734727859497,1.5333434343338,K,9
OUTPUT,NaN,NaN,NaN,NaN,NaN,NaN

INPUT,0.363209635019302,0.0440952517092228,0.721590280532837,-2.26943969726563,3.08116173744202,-1.87357020378113,K,11
OUTPUT,NaN,NaN,NaN,NaN,NaN,NaN

INPUT,0.368443429470062,0.0452175065875053,0.732800245285034,-2.29196071624756,3.07424306869507,-1.84949851036072,K,12
OUTPUT,NaN,NaN,NaN,NaN,NaN,NaN

INPUT,0.373677223920822,0.0463397614657879,0.744010150432587,-2.31463122367859,3.06736087799072,-1.82556533813477,K,13
OUTPUT,NaN,NaN,NaN,NaN,NaN,NaN

INPUT,0.378911048173904,0.0474620163440704,0.755220055580139,-2.33741474151611,3.06051874160767,-1.80173325538635,K,14
OUTPUT,NaN,NaN,NaN,NaN,NaN,NaN

INPUT,0.384144842624664,0.048584271222353,0.766430020332336,-2.36028575897217,3.05372071266174,-1.77797603607178,K,15
OUTPUT,NaN,NaN,NaN,NaN,NaN,NaN

INPUT,0.388855248689651,0.0495943017303944,0.776518940925598,-2.38093042373657,3.04764318466187,-1.7566431760788,K,16
OUTPUT,NaN,NaN,NaN,NaN,NaN,NaN

INPUT,0.392518907785416,0.0503798797726631,0.784365892410278,-2.39702081680298,3.04294466972351,-1.74007594585419,K,17
OUTPUT,NaN,NaN,NaN,NaN,NaN,NaN

INPUT,0.395135819911957,0.0509410090744495,0.789970874786377,-2.40852952003479,3.03960466384888,-1.72825348377228,K,18
OUTPUT,NaN,NaN,NaN,NaN,NaN,NaN

INPUT,0.396705955266953,0.0512776859104633,0.793333828449249,-2.41544055938721,3.03760719299316,-1.72116374969482,K,19
OUTPUT,NaN,NaN,NaN,NaN,NaN,NaN

INPUT,0.397229343652725,0.0513899102807045,0.79445481300354,-2.4177451133728,3.03694248199463,-1.71880114078522,K,20
OUTPUT,NaN,NaN,NaN,NaN,NaN,NaN

INPUT,0.381694257259369,0.0368021279573441,0.716461181640625,-2.73614096641541,3.01552200317383,-1.9036568403244,K,4
OUTPUT,NaN,NaN,NaN,NaN,NaN,NaN

INPUT,0.392917513847351,0.0374529808759689,0.730823278427124,-2.82572102546692,2.99194431304932,-1.81341648101807,K,5
OUTPUT,NaN,NaN,NaN,NaN,NaN,NaN

INPUT,0.404140740633011,0.0381038337945938,0.745185315608978,-2.91554379463196,2.96957349777222,-1.72310924530029,K,6
OUTPUT,NaN,NaN,NaN,NaN,NaN,NaN

INPUT,0.412869930267334,0.0386100523173809,0.756355822086334,-2.98556041717529,2.95312571525574,-1.6527932882309,K,7
OUTPUT,NaN,NaN,NaN,NaN,NaN,NaN

INPUT,0.41910508275032,0.0389716364443302,0.764334738254547,-3.03565168380737,2.94193816184998,-1.60251748561859,K,8
OUTPUT,NaN,NaN,NaN,NaN,NaN,NaN

INPUT,0.422846168279648,0.039188589900732,0.769122064113617,-3.0657377243042,2.93546390533447,-1.57233035564423,K,9
OUTPUT,NaN,NaN,NaN,NaN,NaN,NaN

INPUT,0.361578047275543,0.0341843329370022,0.725631356239319,-2.07620477676392,3.12765407562256,-1.6466920375824,K,4
OUTPUT,NaN,NaN,NaN,NaN,NaN,NaN

INPUT,0.367833822965622,0.0340921878814697,0.739032983779907,-2.08917379379272,3.12583804130554,-1.5818178653717,K,5
OUTPUT,NaN,NaN,NaN,NaN,NaN,NaN

INPUT,0.374089598655701,0.0340000428259373,0.752434611320496,-2.10749077796936,3.12403750419617,-1.52229058742523,K,6
OUTPUT,NaN,NaN,NaN,NaN,NaN,NaN

INPUT,0.378955185413361,0.0339283756911755,0.762858152389526,-2.12438893318176,3.1226544380188,-1.47879302501678,K,7
OUTPUT,NaN,NaN,NaN,NaN,NaN,NaN

INPUT,0.382430613040924,0.033877182751894,0.77030348777771,-2.13753890991211,3.12167859077454,-1.44895040988922,K,8
OUTPUT,NaN,NaN,NaN,NaN,NaN,NaN

INPUT,0.384515881538391,0.0338464677333832,0.774770736694336,-2.1457839012146,3.12109851837158,-1.43147766590118,K,9
OUTPUT,NaN,NaN,NaN,NaN,NaN,NaN

INPUT,0.372184634208679,0.0450134389102459,0.731356084346771,-2.30679249763489,3.06889152526855,-1.83872163295746,K,5
OUTPUT,NaN,NaN,NaN,NaN,NaN,NaN

INPUT,0.3806371986866,0.046810869127512,0.74691104888916,-2.34648180007935,3.05721068382263,-1.79500532150269,K,6
OUTPUT,NaN,NaN,NaN,NaN,NaN,NaN

INPUT,0.387211412191391,0.0482088699936867,0.759009301662445,-2.37762022018433,3.04825162887573,-1.76143383979797,K,7
OUTPUT,NaN,NaN,NaN,NaN,NaN,NaN

INPUT,0.391907304525375,0.04920744150877,0.767650961875916,-2.3999137878418,3.04193663597107,-1.7376743555069,K,8
OUTPUT,NaN,NaN,NaN,NaN,NaN,NaN

INPUT,0.39472484588623,0.0498065873980522,0.772835969924927,-2.41328883171082,3.03818583488464,-1.72350811958313,K,9
OUTPUT,NaN,NaN,NaN,NaN,NaN,NaN

INPUT,0.354014813899994,0.0326351411640644,0.734191596508026,0.644942224025726,3.10830092430115,1.34933388233185,K,12
OUTPUT,NaN,NaN,NaN,NaN,NaN,NaN

INPUT,0.357712358236313,0.032435592263937,0.745556473731995,0.606372773647308,3.10487794876099,1.38490533828735,K,13
OUTPUT,NaN,NaN,NaN,NaN,NaN,NaN

INPUT,0.361409932374954,0.0322360396385193,0.756921291351318,0.568055331707001,3.10150551795959,1.42073321342468,K,14
OUTPUT,NaN,NaN,NaN,NaN,NaN,NaN

INPUT,0.365107476711273,0.0320364907383919,0.768286168575287,0.529927134513855,3.0981879234314,1.45675539970398,K,15
OUTPUT,NaN,NaN,NaN,NaN,NaN,NaN

INPUT,0.36843529343605,0.0318568982183933,0.778514623641968,0.495737284421921,3.09525299072266,1.48930549621582,K,16
OUTPUT,NaN,NaN,NaN,NaN,NaN,NaN

INPUT,0.371023565530777,0.0317172147333622,0.786469995975494,0.469211608171463,3.09300565719604,1.51469171047211,K,17
OUTPUT,NaN,NaN,NaN,NaN,NaN,NaN

INPUT,0.372872352600098,0.0316174365580082,0.792152464389801,0.450294852256775,3.0914204120636,1.53285658359528,K,18
OUTPUT,NaN,NaN,NaN,NaN,NaN,NaN

INPUT,0.37398162484169,0.0315575748682022,0.795561909675598,0.438955724239349,3.09047746658325,1.54376709461212,K,19
OUTPUT,NaN,NaN,NaN,NaN,NaN,NaN

INPUT,0.374351382255554,0.0315376184880733,0.796698391437531,0.435177594423294,3.09016466140747,1.54740571975708,K,20
OUTPUT,NaN,NaN,NaN,NaN,NaN,NaN

INPUT,0.359095901250839,0.0363520309329033,0.73384165763855,-2.93310809135437,3.14096975326538,-1.97650766372681,K,12
OUTPUT,NaN,NaN,NaN,NaN,NaN,NaN

INPUT,0.36332780122757,0.0365435145795345,0.745171070098877,-2.93293452262878,3.14101648330688,-1.87566018104553,K,13
OUTPUT,NaN,NaN,NaN,NaN,NaN,NaN

INPUT,0.3675597012043,0.0367349945008755,0.756500542163849,-2.92387056350708,3.14106297492981,-1.76592254638672,K,14
OUTPUT,NaN,NaN,NaN,NaN,NaN,NaN

INPUT,0.37179160118103,0.0369264781475067,0.767829954624176,-2.90350484848022,3.14110851287842,-1.64488291740417,K,15
OUTPUT,NaN,NaN,NaN,NaN,NaN,NaN

INPUT,0.375600308179855,0.0370988100767136,0.778026461601257,-2.87297677993774,3.14114809036255,-1.52374827861786,K,16
OUTPUT,NaN,NaN,NaN,NaN,NaN,NaN

INPUT,0.37856262922287,0.0372328497469425,0.785957038402557,-2.83944463729858,3.14117741584778,-1.41974437236786,K,17
OUTPUT,NaN,NaN,NaN,NaN,NaN,NaN

INPUT,0.380678564310074,0.037328589707613,0.791621804237366,-2.80937910079956,3.14119744300842,-1.33934199810028,K,18
OUTPUT,NaN,NaN,NaN,NaN,NaN,NaN

INPUT,0.38194814324379,0.0373860336840153,0.795020580291748,-2.78863859176636,3.14120888710022,-1.28839933872223,K,19
OUTPUT,NaN,NaN,NaN,NaN,NaN,NaN

INPUT,0.382371336221695,0.0374051816761494,0.796153545379639,-2.78125,3.14121246337891,-1.27094328403473,K,20
OUTPUT,NaN,NaN,NaN,NaN,NaN,NaN

INPUT,0.36254158616066,0.0405162423849106,0.721096277236938,-2.37457704544067,3.08177495002747,-1.60601615905762,K,11
OUTPUT,NaN,NaN,NaN,NaN,NaN,NaN

INPUT,0.367677241563797,0.0412204302847385,0.732257783412933,-2.41864657402039,3.07523941993713,-1.55962896347046,K,12
OUTPUT,NaN,NaN,NaN,NaN,NaN,NaN

INPUT,0.372812896966934,0.0419246144592762,0.743419289588928,-2.46293187141418,3.06883931159973,-1.5134379863739,K,13
OUTPUT,NaN,NaN,NaN,NaN,NaN,NaN

INPUT,0.377948552370071,0.0426287986338139,0.754580736160278,-2.50738000869751,3.06258797645569,-1.46738922595978,K,14
OUTPUT,NaN,NaN,NaN,NaN,NaN,NaN

INPUT,0.383084207773209,0.0433329865336418,0.765742242336273,-2.55195546150208,3.05649828910828,-1.42144525051117,K,15
OUTPUT,NaN,NaN,NaN,NaN,NaN,NaN

INPUT,0.387706309556961,0.0439667552709579,0.775787591934204,-2.59216094017029,3.05116605758667,-1.38016355037689,K,16
OUTPUT,NaN,NaN,NaN,NaN,NaN,NaN

INPUT,0.391301244497299,0.0444596819579601,0.783600628376007,-2.62347984313965,3.04712200164795,-1.34809052944183,K,17
OUTPUT,NaN,NaN,NaN,NaN,NaN,NaN

INPUT,0.393869072198868,0.0448117777705193,0.789181411266327,-2.64587330818176,3.0442910194397,-1.32519638538361,K,18
OUTPUT,NaN,NaN,NaN,NaN,NaN,NaN

INPUT,0.395409792661667,0.0450230315327644,0.792529821395874,-2.65931749343872,3.04261636734009,-1.3114652633667,K,19
OUTPUT,NaN,NaN,NaN,NaN,NaN,NaN

INPUT,0.395923346281052,0.0450934506952763,0.793645977973938,-2.66380023956299,3.04206204414368,-1.30688905715942,K,20
OUTPUT,NaN,NaN,NaN,NaN,NaN,NaN

INPUT,0.3723084628582,0.0507005341351032,0.72071635723114,-2.23288893699646,3.03854560852051,-1.88527774810791,K,11
OUTPUT,NaN,NaN,NaN,NaN,NaN,NaN

INPUT,0.378593564033508,0.0526029467582703,0.731832087039948,-2.25279307365417,3.02665686607361,-1.86422574520111,K,12
OUTPUT,NaN,NaN,NaN,NaN,NaN,NaN

INPUT,0.384878695011139,0.0545053631067276,0.7429478764534,-2.27281856536865,3.01481628417969,-1.84326720237732,K,13
OUTPUT,NaN,NaN,NaN,NaN,NaN,NaN

INPUT,0.391163796186447,0.0564077757298946,0.754063606262207,-2.29293894767761,3.00302886962891,-1.82237267494202,K,14
OUTPUT,NaN,NaN,NaN,NaN,NaN,NaN

INPUT,0.397448897361755,0.0583101883530617,0.765179395675659,-2.31313633918762,2.99129939079285,-1.80152177810669,K,15
OUTPUT,NaN,NaN,NaN,NaN,NaN,NaN

INPUT,0.403105497360229,0.0600223615765572,0.77518355846405,-2.33137011528015,2.98079681396484,-1.78278136253357,K,16
OUTPUT,NaN,NaN,NaN,NaN,NaN,NaN

INPUT,0.407505065202713,0.0613540485501289,0.782964646816254,-2.34558439254761,2.97266602516174,-1.76821625232697,K,17
OUTPUT,NaN,NaN,NaN,NaN,NaN,NaN

INPUT,0.410647630691528,0.0623052567243576,0.788522481918335,-2.35575342178345,2.96687936782837,-1.75781667232513,K,18
OUTPUT,NaN,NaN,NaN,NaN,NaN,NaN

INPUT,0.412533164024353,0.0628759786486626,0.791857242584229,-2.36186099052429,2.96341609954834,-1.75157785415649,K,19
OUTPUT,NaN,NaN,NaN,NaN,NaN,NaN

INPUT,0.413161665201187,0.0630662217736244,0.792968809604645,-2.36389780044556,2.9622631072998,-1.74949848651886,K,20
OUTPUT,NaN,NaN,NaN,NaN,NaN,NaN

INPUT,0.36896163225174,0.0406397506594658,0.720782458782196,-2.48691439628601,3.07343101501465,-1.91840088367462,K,11
OUTPUT,NaN,NaN,NaN,NaN,NaN,NaN

INPUT,0.374853074550629,0.0413585379719734,0.731905937194824,-2.51967883110046,3.06576776504517,-1.8842453956604,K,12
OUTPUT,NaN,NaN,NaN,NaN,NaN,NaN

INPUT,0.38074454665184,0.042077325284481,0.743029415607452,-2.55257987976074,3.05818915367126,-1.85020732879639,K,13
OUTPUT,NaN,NaN,NaN,NaN,NaN,NaN

INPUT,0.386636018753052,0.0427961125969887,0.754152894020081,-2.58558583259583,3.05070400238037,-1.81625294685364,K,14
OUTPUT,NaN,NaN,NaN,NaN,NaN,NaN

INPUT,0.392527461051941,0.0435148999094963,0.765276372432709,-2.61867451667786,3.04332065582275,-1.7823588848114,K,15
OUTPUT,NaN,NaN,NaN,NaN,NaN,NaN

INPUT,0.397829800844193,0.0441618077456951,0.775287508964539,-2.64851307868958,3.0367693901062,-1.75189208984375,K,16
OUTPUT,NaN,NaN,NaN,NaN,NaN,NaN

INPUT,0.401953816413879,0.0446649603545666,0.783073961734772,-2.67175340652466,3.0317394733429,-1.72821438312531,K,17
OUTPUT,NaN,NaN,NaN,NaN,NaN,NaN

INPUT,0.404899537563324,0.0450243540108204,0.788635730743408,-2.68836951255798,3.0281834602356,-1.71130955219269,K,18
OUTPUT,NaN,NaN,NaN,NaN,NaN,NaN

INPUT,0.406666994094849,0.0452399887144566,0.791972756385803,-2.69834494590759,3.02606511116028,-1.70116937160492,K,19
OUTPUT,NaN,NaN,NaN,NaN,NaN,NaN

INPUT,0.407256126403809,0.0453118681907654,0.793085098266602,-2.70167112350464,3.02536153793335,-1.69778966903687,K,20
OUTPUT,NaN,NaN,NaN,NaN,NaN,NaN

INPUT,0.360901296138763,0.0326781086623669,0.733715236186981,1.00911247730255,3.13026881217957,1.55278706550598,K,12
OUTPUT,NaN,NaN,NaN,NaN,NaN,NaN

INPUT,0.365323781967163,0.0324829816818237,0.745030045509338,0.974365293979645,3.12904214859009,1.57524907588959,K,13
OUTPUT,NaN,NaN,NaN,NaN,NaN,NaN

INPUT,0.369746297597885,0.0322878547012806,0.756344795227051,0.940707981586456,3.12782526016235,1.59880149364471,K,14
OUTPUT,NaN,NaN,NaN,NaN,NaN,NaN

INPUT,0.374168783426285,0.0320927277207375,0.767659604549408,0.907867908477783,3.12661957740784,1.62317180633545,K,15
OUTPUT,NaN,NaN,NaN,NaN,NaN,NaN

INPUT,0.378149062395096,0.0319171138107777,0.777842879295349,0.878853261470795,3.12554454803467,1.64564669132233,K,16
OUTPUT,NaN,NaN,NaN,NaN,NaN,NaN

INPUT,0.38124480843544,0.0317805223166943,0.785763263702393,0.856572926044464,3.12471556663513,1.66341412067413,K,17
OUTPUT,NaN,NaN,NaN,NaN,NaN,NaN

INPUT,0.38345605134964,0.0316829606890678,0.791420638561249,0.840789020061493,3.12412762641907,1.67623591423035,K,18
OUTPUT,NaN,NaN,NaN,NaN,NaN,NaN

INPUT,0.384782791137695,0.0316244214773178,0.794815063476563,0.831365466117859,3.12377667427063,1.6839759349823,K,19
OUTPUT,NaN,NaN,NaN,NaN,NaN,NaN

INPUT,0.385225057601929,0.0316049084067345,0.795946538448334,0.828231632709503,3.12365984916687,1.68656325340271,K,20
OUTPUT,NaN,NaN,NaN,NaN,NaN,NaN

INPUT,0.367580473423004,0.0380423851311207,0.720582544803619,-2.43535780906677,3.08723187446594,-1.76719653606415,K,11
OUTPUT,NaN,NaN,NaN,NaN,NaN,NaN

INPUT,0.373308926820755,0.0384555459022522,0.731683313846588,-2.47359251976013,3.08121490478516,-1.7268031835556,K,12
OUTPUT,NaN,NaN,NaN,NaN,NaN,NaN

INPUT,0.379037410020828,0.038868710398674,0.742784082889557,-2.51202869415283,3.0752911567688,-1.68659734725952,K,13
OUTPUT,NaN,NaN,NaN,NaN,NaN,NaN

INPUT,0.384765863418579,0.0392818711698055,0.753884792327881,-2.55061626434326,3.06946992874146,-1.6465277671814,K,14
OUTPUT,NaN,NaN,NaN,NaN,NaN,NaN

INPUT,0.390494346618652,0.039695031940937,0.76498556137085,-2.58932209014893,3.06376004219055,-1.60655963420868,K,15
OUTPUT,NaN,NaN,NaN,NaN,NaN,NaN

INPUT,0.395649969577789,0.0400668792426586,0.774976253509521,-2.62423801422119,3.05872368812561,-1.5706547498703,K,16
OUTPUT,NaN,NaN,NaN,NaN,NaN,NaN

INPUT,0.399659901857376,0.0403560921549797,0.7827467918396,-2.65143942832947,3.0548779964447,-1.54276299476624,K,17
OUTPUT,NaN,NaN,NaN,NaN,NaN,NaN

INPUT,0.402524143457413,0.0405626744031906,0.788297176361084,-2.67088961601257,3.05217123031616,-1.52285552024841,K,18
OUTPUT,NaN,NaN,NaN,NaN,NaN,NaN

INPUT,0.404242664575577,0.040686622262001,0.791627407073975,-2.68256759643555,3.05056357383728,-1.51091635227203,K,19
OUTPUT,NaN,NaN,NaN,NaN,NaN,NaN

INPUT,0.404815524816513,0.0407279394567013,0.792737483978271,-2.68646144866943,3.05003046989441,-1.5069375038147,K,20
OUTPUT,NaN,NaN,NaN,NaN,NaN,NaN

INPUT,0.371214807033539,0.0410397052764893,0.730704784393311,-2.45195055007935,3.07033491134644,-1.54231107234955,K,5
OUTPUT,NaN,NaN,NaN,NaN,NaN,NaN

INPUT,0.379474580287933,0.0421700812876225,0.746199250221252,-2.5272364616394,3.0596718788147,-1.4566410779953,K,6
OUTPUT,NaN,NaN,NaN,NaN,NaN,NaN

INPUT,0.38589882850647,0.0430492609739304,0.75825047492981,-2.58664965629578,3.05173993110657,-1.39081931114197,K,7
OUTPUT,NaN,NaN,NaN,NaN,NaN,NaN

INPUT,0.39048758149147,0.0436772480607033,0.766858518123627,-2.62942171096802,3.04628753662109,-1.34411096572876,K,8
OUTPUT,NaN,NaN,NaN,NaN,NaN,NaN

INPUT,0.393240809440613,0.0440540388226509,0.772023320198059,-2.655193567276,3.0431067943573,-1.3161838054657,K,9
OUTPUT,NaN,NaN,NaN,NaN,NaN,NaN

INPUT,0.372807949781418,0.0490240305662155,0.715984046459198,-2.22285580635071,3.03761506080627,-1.88649082183838,K,4
OUTPUT,NaN,NaN,NaN,NaN,NaN,NaN

INPUT,0.382816970348358,0.052078515291214,0.731153130531311,-2.26044988632202,3.01736617088318,-1.85045170783997,K,5
OUTPUT,NaN,NaN,NaN,NaN,NaN,NaN

INPUT,0.392825961112976,0.0551330037415028,0.746322274208069,-2.2978732585907,2.99728560447693,-1.81414926052094,K,6
OUTPUT,NaN,NaN,NaN,NaN,NaN,NaN

INPUT,0.400610744953156,0.0575087144970894,0.758120477199554,-2.3268506526947,2.98183798789978,-1.78584861755371,K,7
OUTPUT,NaN,NaN,NaN,NaN,NaN,NaN

INPUT,0.406171321868896,0.0592056512832642,0.766547739505768,-2.34746503829956,2.97091889381409,-1.76564168930054,K,8
OUTPUT,NaN,NaN,NaN,NaN,NaN,NaN

INPUT,0.409507662057877,0.0602238141000271,0.771604120731354,-2.3597948551178,2.96442008018494,-1.75353169441223,K,9
OUTPUT,NaN,NaN,NaN,NaN,NaN,NaN

INPUT,0.369363963603973,0.0399805679917336,0.715427696704865,-2.48285222053528,3.07324147224426,-1.92936432361603,K,4
OUTPUT,NaN,NaN,NaN,NaN,NaN,NaN

INPUT,0.378838717937469,0.0411303266882896,0.730725646018982,-2.53998875617981,3.06012916564941,-1.86737310886383,K,5
OUTPUT,NaN,NaN,NaN,NaN,NaN,NaN

INPUT,0.388313502073288,0.042280089110136,0.746023654937744,-2.59782433509827,3.04730534553528,-1.8060177564621,K,6
OUTPUT,NaN,NaN,NaN,NaN,NaN,NaN

INPUT,0.395682781934738,0.0431743487715721,0.757922053337097,-2.64312815666199,3.03756022453308,-1.75856912136078,K,7
OUTPUT,NaN,NaN,NaN,NaN,NaN,NaN

INPUT,0.40094655752182,0.0438131019473076,0.766420960426331,-2.67561674118042,3.03073477745056,-1.72477734088898,K,8
OUTPUT,NaN,NaN,NaN,NaN,NaN,NaN

INPUT,0.404104799032211,0.044196356087923,0.7715203166008,-2.695152759552,3.02669739723206,-1.70453321933746,K,9
OUTPUT,NaN,NaN,NaN,NaN,NaN,NaN

INPUT,0.360064089298248,0.0327359065413475,0.738288879394531,0.612798869609833,3.10507702827454,1.39420962333679,K,5
OUTPUT,NaN,NaN,NaN,NaN,NaN,NaN

INPUT,0.365543127059937,0.0324605517089367,0.752125859260559,0.547855854034424,3.09957265853882,1.44834852218628,K,6
OUTPUT,NaN,NaN,NaN,NaN,NaN,NaN

INPUT,0.369804620742798,0.0322463884949684,0.762887895107269,0.498219877481461,3.09539270401001,1.49134111404419,K,7
OUTPUT,NaN,NaN,NaN,NaN,NaN,NaN

INPUT,0.372848510742188,0.0320934168994427,0.770575046539307,0.463105648756027,3.09246683120728,1.52239549160004,K,8
OUTPUT,NaN,NaN,NaN,NaN,NaN,NaN

INPUT,0.374674886465073,0.0320016331970692,0.775187373161316,0.442147433757782,3.09073686599731,1.54114067554474,K,9
OUTPUT,NaN,NaN,NaN,NaN,NaN,NaN

INPUT,0.359549522399902,0.0362830087542534,0.725050568580627,-2.95934438705444,3.13994789123535,-2.06068348884583,K,4
OUTPUT,NaN,NaN,NaN,NaN,NaN,NaN

INPUT,0.36558872461319,0.0365793444216251,0.738577842712402,-3.00401282310486,3.14028334617615,-1.94344544410706,K,5
OUTPUT,NaN,NaN,NaN,NaN,NaN,NaN

INPUT,0.371627897024155,0.0368756800889969,0.752105116844177,-3.02330565452576,3.14062428474426,-1.80083215236664,K,6
OUTPUT,NaN,NaN,NaN,NaN,NaN,NaN

INPUT,0.376325041055679,0.0371061637997627,0.76262629032135,-2.99687790870667,3.14088940620422,-1.64847731590271,K,7
OUTPUT,NaN,NaN,NaN,NaN,NaN,NaN

INPUT,0.379680126905441,0.0372707955539227,0.770141422748566,-2.92247915267944,3.14107394218445,-1.484130859375,K,8
OUTPUT,NaN,NaN,NaN,NaN,NaN,NaN

INPUT,0.381693184375763,0.0373695716261864,0.774650514125824,-2.82758331298828,3.14117932319641,-1.33526611328125,K,9
OUTPUT,NaN,NaN,NaN,NaN,NaN,NaN

INPUT,0.361354798078537,0.0329705327749252,0.724978923797607,1.10539710521698,3.13125848770142,1.61607909202576,K,4
OUTPUT,NaN,NaN,NaN,NaN,NaN,NaN

INPUT,0.367737591266632,0.032678984105587,0.738471210002899,1.01932656764984,3.12921571731567,1.62235283851624,K,5
OUTPUT,NaN,NaN,NaN,NaN,NaN,NaN

INPUT,0.374120384454727,0.0323874354362488,0.751963496208191,0.944538712501526,3.12718510627747,1.6399108171463,K,6
OUTPUT,NaN,NaN,NaN,NaN,NaN,NaN

INPUT,0.379084765911102,0.0321606770157814,0.762457489967346,0.891558706760406,3.12562608718872,1.65850472450256,K,7
OUTPUT,NaN,NaN,NaN,NaN,NaN,NaN

INPUT,0.38263076543808,0.0319987051188946,0.769953191280365,0.855799913406372,3.1245276927948,1.67362487316132,K,8
OUTPUT,NaN,NaN,NaN,NaN,NaN,NaN

INPUT,0.384758353233337,0.0319015234708786,0.774450659751892,0.835044085979462,3.12387585639954,1.6832674741745,K,9
OUTPUT,NaN,NaN,NaN,NaN,NaN,NaN

INPUT,0.377324879169464,0.0381856523454189,0.730267941951752,-2.50100088119507,3.07666516304016,-1.71021282672882,K,5
OUTPUT,NaN,NaN,NaN,NaN,NaN,NaN

INPUT,0.386630207300186,0.0388114899396896,0.745587170124054,-2.56700658798218,3.06674146652222,-1.63631975650787,K,6
OUTPUT,NaN,NaN,NaN,NaN,NaN,NaN

INPUT,0.393867671489716,0.0392982475459576,0.75750207901001,-2.61900854110718,3.05927276611328,-1.5794769525528,K,7
OUTPUT,NaN,NaN,NaN,NaN,NaN,NaN

INPUT,0.399037301540375,0.0396459363400936,0.766012787818909,-2.65641283988953,3.05408549308777,-1.53911435604095,K,8
OUTPUT,NaN,NaN,NaN,NaN,NaN,NaN

INPUT,0.402139067649841,0.0398545488715172,0.771119177341461,-2.67893981933594,3.05103611946106,-1.51497340202332,K,9
OUTPUT,NaN,NaN,NaN,NaN,NaN,NaN

INPUT,0.378602027893066,0.0427304394543171,0.718760788440704,-2.57411170005798,3.01652407646179,-1.94712889194489,K,11
OUTPUT,NaN,NaN,NaN,NaN,NaN,NaN

INPUT,0.385627686977386,0.0436952337622643,0.729646384716034,-2.61075472831726,3.00248599052429,-1.90980923175812,K,12
OUTPUT,NaN,NaN,NaN,NaN,NaN,NaN

INPUT,0.392653346061707,0.0446600280702114,0.740532040596008,-2.64749503135681,2.98863768577576,-1.8725152015686,K,13
OUTPUT,NaN,NaN,NaN,NaN,NaN,NaN

INPUT,0.399678975343704,0.0456248261034489,0.751417696475983,-2.68431997299194,2.97499823570251,-1.83522772789001,K,14
OUTPUT,NaN,NaN,NaN,NaN,NaN,NaN

INPUT,0.406704634428024,0.046589620411396,0.762303292751312,-2.72122144699097,2.96158695220947,-1.79793310165405,K,15
OUTPUT,NaN,NaN,NaN,NaN,NaN,NaN

INPUT,0.413027733564377,0.0474579371511936,0.772100389003754,-2.75449395179749,2.94972705841064,-1.76435315608978,K,16
OUTPUT,NaN,NaN,NaN,NaN,NaN,NaN

INPUT,0.417945683002472,0.0481332913041115,0.779720306396484,-2.78041124343872,2.94064927101135,-1.73822176456451,K,17
OUTPUT,NaN,NaN,NaN,NaN,NaN,NaN

INPUT,0.421458512544632,0.0486156903207302,0.785163164138794,-2.79894351959229,2.93424773216248,-1.71954774856567,K,18
OUTPUT,NaN,NaN,NaN,NaN,NaN,NaN

INPUT,0.423566222190857,0.0489051267504692,0.788428843021393,-2.81007075309753,2.93044090270996,-1.70833945274353,K,19
OUTPUT,NaN,NaN,NaN,NaN,NaN,NaN

INPUT,0.424268782138824,0.0490016080439091,0.789517402648926,-2.81378126144409,2.92917776107788,-1.70460271835327,K,20
OUTPUT,NaN,NaN,NaN,NaN,NaN,NaN

INPUT,0.3601253926754,0.0356744416058064,0.722776055335999,-2.23370170593262,3.12153601646423,-1.65591990947723,K,11
OUTPUT,NaN,NaN,NaN,NaN,NaN,NaN

INPUT,0.364976704120636,0.0358089581131935,0.734135031700134,-2.26411628723145,3.11933827400208,-1.61837875843048,K,12
OUTPUT,NaN,NaN,NaN,NaN,NaN,NaN

INPUT,0.36982798576355,0.0359434746205807,0.74549400806427,-2.29516911506653,3.1171658039093,-1.58147442340851,K,13
OUTPUT,NaN,NaN,NaN,NaN,NaN,NaN

INPUT,0.374679267406464,0.0360779874026775,0.756852924823761,-2.32669830322266,3.11502122879028,-1.54504442214966,K,14
OUTPUT,NaN,NaN,NaN,NaN,NaN,NaN

INPUT,0.379530549049377,0.0362125039100647,0.768211901187897,-2.35859203338623,3.11290740966797,-1.5089772939682,K,15
OUTPUT,NaN,NaN,NaN,NaN,NaN,NaN

INPUT,0.383896708488464,0.0363335683941841,0.778434991836548,-2.3875424861908,3.11103296279907,-1.4767609834671,K,16
OUTPUT,NaN,NaN,NaN,NaN,NaN,NaN

INPUT,0.387292623519897,0.036427728831768,0.786386251449585,-2.41019129753113,3.10959482192993,-1.45183455944061,K,17
OUTPUT,NaN,NaN,NaN,NaN,NaN,NaN

INPUT,0.389718264341354,0.0364949889481068,0.792065739631653,-2.42642998695374,3.1085786819458,-1.43409013748169,K,18
OUTPUT,NaN,NaN,NaN,NaN,NaN,NaN

INPUT,0.391173660755157,0.0365353412926197,0.795473456382751,-2.436194896698,3.10797333717346,-1.42346525192261,K,19
OUTPUT,NaN,NaN,NaN,NaN,NaN,NaN

INPUT,0.391658782958984,0.0365487933158875,0.796609342098236,-2.43945336341858,3.10777235031128,-1.41992688179016,K,20
OUTPUT,NaN,NaN,NaN,NaN,NaN,NaN

INPUT,0.376558482646942,0.0403380952775478,0.720476686954498,-2.59108400344849,3.03452253341675,-1.92693078517914,K,11
OUTPUT,NaN,NaN,NaN,NaN,NaN,NaN

INPUT,0.383343636989594,0.0410213060677052,0.731564283370972,-2.62982845306396,3.02257966995239,-1.88738965988159,K,12
OUTPUT,NaN,NaN,NaN,NaN,NaN,NaN

INPUT,0.390128761529922,0.0417045131325722,0.7426518201828,-2.66867256164551,3.01081895828247,-1.84789299964905,K,13
OUTPUT,NaN,NaN,NaN,NaN,NaN,NaN

INPUT,0.396913915872574,0.0423877239227295,0.753739356994629,-2.70759987831116,2.99925851821899,-1.80841982364655,K,14
OUTPUT,NaN,NaN,NaN,NaN,NaN,NaN

INPUT,0.403699070215225,0.0430709347128868,0.764826953411102,-2.74659967422485,2.98791599273682,-1.76895523071289,K,15
OUTPUT,NaN,NaN,NaN,NaN,NaN,NaN

INPUT,0.409805685281754,0.0436858236789703,0.774805784225464,-2.78175592422485,2.97790884971619,-1.73343539237976,K,16
OUTPUT,NaN,NaN,NaN,NaN,NaN,NaN

INPUT,0.414555281400681,0.0441640689969063,0.782567024230957,-2.80913400650024,2.97026586532593,-1.70580351352692,K,17
OUTPUT,NaN,NaN,NaN,NaN,NaN,NaN

INPUT,0.417947858572006,0.0445056743919849,0.788110852241516,-2.82870745658875,2.96488499641418,-1.68606221675873,K,18
OUTPUT,NaN,NaN,NaN,NaN,NaN,NaN

INPUT,0.419983416795731,0.044710636138916,0.791437089443207,-2.84045815467834,2.96168899536133,-1.67421543598175,K,19
OUTPUT,NaN,NaN,NaN,NaN,NaN,NaN

INPUT,0.420661926269531,0.0447789579629898,0.792545855045319,-2.8443763256073,2.96062922477722,-1.67026615142822,K,20
OUTPUT,NaN,NaN,NaN,NaN,NaN,NaN

INPUT,0.356281071901321,0.0329541675746441,0.733373165130615,1.02409064769745,3.12316536903381,1.44808673858643,K,12
OUTPUT,NaN,NaN,NaN,NaN,NaN,NaN

INPUT,0.360216736793518,0.0327879600226879,0.744653165340424,0.997965037822723,3.12118577957153,1.46657466888428,K,13
OUTPUT,NaN,NaN,NaN,NaN,NaN,NaN

INPUT,0.364152371883392,0.0326217487454414,0.755933225154877,0.972513020038605,3.11921620368958,1.48573696613312,K,14
OUTPUT,NaN,NaN,NaN,NaN,NaN,NaN

INPUT,0.368088036775589,0.0324555411934853,0.767213225364685,0.947568118572235,3.11725735664368,1.50540733337402,K,15
OUTPUT,NaN,NaN,NaN,NaN,NaN,NaN

INPUT,0.371630102396011,0.0323059558868408,0.777365207672119,0.92545485496521,3.1155047416687,1.52344882488251,K,16
OUTPUT,NaN,NaN,NaN,NaN,NaN,NaN

INPUT,0.374385058879852,0.0321896113455296,0.785261213779449,0.908434748649597,3.11414861679077,1.53766083717346,K,17
OUTPUT,NaN,NaN,NaN,NaN,NaN,NaN

INPUT,0.376352906227112,0.0321065038442612,0.790901243686676,0.896359145641327,3.11318421363831,1.54789423942566,K,18
OUTPUT,NaN,NaN,NaN,NaN,NaN,NaN

INPUT,0.377533584833145,0.0320566445589066,0.794285237789154,0.889143168926239,3.11260724067688,1.55406379699707,K,19
OUTPUT,NaN,NaN,NaN,NaN,NaN,NaN

INPUT,0.377927154302597,0.0320400223135948,0.795413255691528,0.886742413043976,3.11241507530212,1.55612480640411,K,20
OUTPUT,NaN,NaN,NaN,NaN,NaN,NaN

INPUT,0.358652114868164,0.0360052660107613,0.722772181034088,-2.25943803787231,3.11918592453003,-1.49170875549316,K,11
OUTPUT,NaN,NaN,NaN,NaN,NaN,NaN

INPUT,0.363330453634262,0.0361786857247353,0.734130799770355,-2.30109715461731,3.11678338050842,-1.44306218624115,K,12
OUTPUT,NaN,NaN,NaN,NaN,NaN,NaN

INPUT,0.368008822202682,0.036352101713419,0.745489418506622,-2.34336948394775,3.11443114280701,-1.39502584934235,K,13
OUTPUT,NaN,NaN,NaN,NaN,NaN,NaN

INPUT,0.372687160968781,0.036525521427393,0.756848037242889,-2.38609766960144,3.11213397979736,-1.34744298458099,K,14
OUTPUT,NaN,NaN,NaN,NaN,NaN,NaN

INPUT,0.377365529537201,0.0366989374160767,0.768206655979156,-2.42917490005493,3.10989665985107,-1.30020594596863,K,15
OUTPUT,NaN,NaN,NaN,NaN,NaN,NaN

INPUT,0.381576031446457,0.0368550159037113,0.778429448604584,-2.46817874908447,3.10793828964233,-1.25792443752289,K,16
OUTPUT,NaN,NaN,NaN,NaN,NaN,NaN

INPUT,0.384850889444351,0.036976408213377,0.786380469799042,-2.49864101409912,3.10645318031311,-1.22516262531281,K,17
OUTPUT,NaN,NaN,NaN,NaN,NaN,NaN

INPUT,0.387190043926239,0.0370631143450737,0.792059779167175,-2.52045750617981,3.10541367530823,-1.20181810855865,K,18
OUTPUT,NaN,NaN,NaN,NaN,NaN,NaN

INPUT,0.388593554496765,0.037115141749382,0.79546731710434,-2.53356790542603,3.1047990322113,-1.18783187866211,K,19
OUTPUT,NaN,NaN,NaN,NaN,NaN,NaN

INPUT,0.389061391353607,0.0371324829757214,0.796603202819824,-2.53794145584106,3.10459542274475,-1.1831728219986,K,20
OUTPUT,NaN,NaN,NaN,NaN,NaN,NaN

INPUT,0.378922164440155,0.0416174866259098,0.714991271495819,-2.56049036979675,3.01648497581482,-1.9513179063797,K,4
OUTPUT,NaN,NaN,NaN,NaN,NaN,NaN

INPUT,0.389868974685669,0.0432127490639687,0.729543685913086,-2.62774324417114,2.99238872528076,-1.88656556606293,K,5
OUTPUT,NaN,NaN,NaN,NaN,NaN,NaN

INPUT,0.400815844535828,0.0448080152273178,0.744096040725708,-2.69476962089539,2.96894073486328,-1.82135212421417,K,6
OUTPUT,NaN,NaN,NaN,NaN,NaN,NaN

INPUT,0.409330040216446,0.0460487753152847,0.755414545536041,-2.74683976173401,2.95121836662292,-1.770388007164,K,7
OUTPUT,NaN,NaN,NaN,NaN,NaN,NaN

INPUT,0.415411621332169,0.0469350330531597,0.76349925994873,-2.78402662277222,2.9388644695282,-1.73387444019318,K,8
OUTPUT,NaN,NaN,NaN,NaN,NaN,NaN

INPUT,0.419060558080673,0.0474667847156525,0.768350005149841,-2.80634188652039,2.93158268928528,-1.7119255065918,K,9
OUTPUT,NaN,NaN,NaN,NaN,NaN,NaN

INPUT,0.368920058012009,0.0356453731656075,0.732490181922913,-2.30096244812012,3.11729717254639,-1.6168520450592,K,5
OUTPUT,NaN,NaN,NaN,NaN,NaN,NaN

INPUT,0.376920133829117,0.0358133651316166,0.748377203941345,-2.3484947681427,3.11377811431885,-1.54363977909088,K,6
OUTPUT,NaN,NaN,NaN,NaN,NaN,NaN

INPUT,0.383142381906509,0.0359440259635448,0.760733783245087,-2.38749194145203,3.11110806465149,-1.48872065544128,K,7
OUTPUT,NaN,NaN,NaN,NaN,NaN,NaN

INPUT,0.387586861848831,0.0360373556613922,0.769559919834137,-2.41614484786987,3.10924077033997,-1.45028817653656,K,8
OUTPUT,NaN,NaN,NaN,NaN,NaN,NaN

INPUT,0.390253573656082,0.0360933504998684,0.774855554103851,-2.43359732627869,3.10813736915588,-1.42748832702637,K,9
OUTPUT,NaN,NaN,NaN,NaN,NaN,NaN

INPUT,0.377036839723587,0.0394909717142582,0.716471254825592,-2.57988786697388,3.03450345993042,-1.9339724779129,K,4
OUTPUT,NaN,NaN,NaN,NaN,NaN,NaN

INPUT,0.387673616409302,0.0406116880476475,0.731400966644287,-2.64981079101563,3.0140073299408,-1.86434626579285,K,5
OUTPUT,NaN,NaN,NaN,NaN,NaN,NaN

INPUT,0.398310393095016,0.0417324081063271,0.746330678462982,-2.71978306770325,2.99413108825684,-1.79458928108215,K,6
OUTPUT,NaN,NaN,NaN,NaN,NaN,NaN

INPUT,0.406583428382874,0.0426040776073933,0.757942736148834,-2.77425718307495,2.97916340827942,-1.74024701118469,K,7
OUTPUT,NaN,NaN,NaN,NaN,NaN,NaN

INPUT,0.412492752075195,0.0432266965508461,0.766237020492554,-2.81320023536682,2.96876287460327,-1.70138430595398,K,8
OUTPUT,NaN,NaN,NaN,NaN,NaN,NaN

INPUT,0.416038334369659,0.0436002686619759,0.771213591098785,-2.83658051490784,2.96264672279358,-1.67804801464081,K,9
OUTPUT,NaN,NaN,NaN,NaN,NaN,NaN

INPUT,0.367106080055237,0.0360414981842041,0.7324378490448,-2.34619808197021,3.11462807655334,-1.43712425231934,K,5
OUTPUT,NaN,NaN,NaN,NaN,NaN,NaN

INPUT,0.374790728092194,0.0362830758094788,0.748342275619507,-2.41285276412964,3.11083889007568,-1.343337059021,K,6
OUTPUT,NaN,NaN,NaN,NaN,NaN,NaN

INPUT,0.380767673254013,0.0364709720015526,0.760712385177612,-2.4667706489563,3.10802412033081,-1.27246057987213,K,7
OUTPUT,NaN,NaN,NaN,NaN,NaN,NaN

INPUT,0.385036945343018,0.036605179309845,0.769548237323761,-2.50609350204468,3.10609149932861,-1.22264099121094,K,8
OUTPUT,NaN,NaN,NaN,NaN,NaN,NaN

INPUT,0.387598514556885,0.0366857089102268,0.774849712848663,-2.52995038032532,3.10496520996094,-1.19301080703735,K,9
OUTPUT,NaN,NaN,NaN,NaN,NaN,NaN

INPUT,0.362386703491211,0.0330911502242088,0.73756730556488,1.02475881576538,3.12120604515076,1.49523162841797,K,5
OUTPUT,NaN,NaN,NaN,NaN,NaN,NaN

INPUT,0.368113994598389,0.0328755341470242,0.751194894313812,0.971607625484467,3.11800861358643,1.5138920545578,K,6
OUTPUT,NaN,NaN,NaN,NaN,NaN,NaN

INPUT,0.372568577528,0.0327078364789486,0.761794149875641,0.933263301849365,3.11554408073425,1.53128445148468,K,7
OUTPUT,NaN,NaN,NaN,NaN,NaN,NaN

INPUT,0.3757503926754,0.0325880497694016,0.769365012645721,0.907083451747894,3.11379957199097,1.54480135440826,K,8
OUTPUT,NaN,NaN,NaN,NaN,NaN,NaN

INPUT,0.377659499645233,0.0325161777436733,0.773907542228699,0.891781508922577,3.11276006698608,1.55325651168823,K,9
OUTPUT,NaN,NaN,NaN,NaN,NaN,NaN

INPUT,0.3698950111866,0.0345995724201202,0.721809685230255,-2.74947929382324,3.06429195404053,-1.94571018218994,K,11
OUTPUT,NaN,NaN,NaN,NaN,NaN,NaN

INPUT,0.375895261764526,0.0346075445413589,0.733056008815765,-2.79629921913147,3.05589485168457,-1.89788424968719,K,12
OUTPUT,NaN,NaN,NaN,NaN,NaN,NaN

INPUT,0.381895482540131,0.034615520387888,0.744302272796631,-2.84322476387024,3.04768919944763,-1.85013020038605,K,13
OUTPUT,NaN,NaN,NaN,NaN,NaN,NaN

INPUT,0.387895703315735,0.0346234925091267,0.755548536777496,-2.89023423194885,3.03969407081604,-1.80242431163788,K,14
OUTPUT,NaN,NaN,NaN,NaN,NaN,NaN

INPUT,0.393895924091339,0.0346314683556557,0.766794860363007,-2.93731260299683,3.03192687034607,-1.75474917888641,K,15
OUTPUT,NaN,NaN,NaN,NaN,NaN,NaN

INPUT,0.399296134710312,0.0346386432647705,0.77691650390625,-2.97973370552063,3.02514600753784,-1.71185803413391,K,16
OUTPUT,NaN,NaN,NaN,NaN,NaN,NaN

INPUT,0.403496295213699,0.0346442274749279,0.784788906574249,-3.01275706291199,3.02001762390137,-1.67850482463837,K,17
OUTPUT,NaN,NaN,NaN,NaN,NaN,NaN

INPUT,0.406496405601501,0.0346482135355473,0.790412068367004,-3.0363597869873,3.01643586158752,-1.65468287467957,K,18
OUTPUT,NaN,NaN,NaN,NaN,NaN,NaN

INPUT,0.408296495676041,0.0346506051719189,0.793785929679871,-3.0505268573761,3.01432037353516,-1.64039015769958,K,19
OUTPUT,NaN,NaN,NaN,NaN,NaN,NaN

INPUT,0.408896505832672,0.0346514023840427,0.794910550117493,-3.05525016784668,3.01362085342407,-1.63562595844269,K,20
OUTPUT,NaN,NaN,NaN,NaN,NaN,NaN

INPUT,0.376446038484573,0.0477159284055233,0.719298243522644,-2.38492941856384,3.0041835308075,-1.76048874855042,K,11
OUTPUT,NaN,NaN,NaN,NaN,NaN,NaN

INPUT,0.383218228816986,0.0492670312523842,0.730247139930725,-2.42135524749756,2.98873472213745,-1.72320437431335,K,12
OUTPUT,NaN,NaN,NaN,NaN,NaN,NaN

INPUT,0.389990419149399,0.0508181340992451,0.741196095943451,-2.45790243148804,2.97349286079407,-1.68595504760742,K,13
OUTPUT,NaN,NaN,NaN,NaN,NaN,NaN

INPUT,0.396762579679489,0.0523692332208157,0.752144932746887,-2.4945547580719,2.95847916603088,-1.64871656894684,K,14
OUTPUT,NaN,NaN,NaN,NaN,NaN,NaN

INPUT,0.403534770011902,0.0539203397929668,0.763093888759613,-2.53130149841309,2.9437141418457,-1.61147153377533,K,15
OUTPUT,NaN,NaN,NaN,NaN,NaN,NaN

INPUT,0.409629732370377,0.0553163327276707,0.772947907447815,-2.56444883346558,2.93065547943115,-1.5779345035553,K,16
OUTPUT,NaN,NaN,NaN,NaN,NaN,NaN

INPUT,0.414370268583298,0.0564021021127701,0.780612111091614,-2.59027743339539,2.92065906524658,-1.55183446407318,K,17
OUTPUT,NaN,NaN,NaN,NaN,NaN,NaN

INPUT,0.417756378650665,0.0571776553988457,0.786086559295654,-2.60875105857849,2.91360902786255,-1.5331814289093,K,18
OUTPUT,NaN,NaN,NaN,NaN,NaN,NaN

INPUT,0.419788002967834,0.0576429851353168,0.789371252059937,-2.61984491348267,2.90941619873047,-1.52198493480682,K,19
OUTPUT,NaN,NaN,NaN,NaN,NaN,NaN

INPUT,0.420465230941772,0.0577980950474739,0.790466129779816,-2.62354469299316,2.90802478790283,-1.51825201511383,K,20
OUTPUT,NaN,NaN,NaN,NaN,NaN,NaN

INPUT,0.363654434680939,0.0349108204245567,0.722302377223969,-2.20721793174744,3.11601543426514,-1.60343527793884,K,11
OUTPUT,NaN,NaN,NaN,NaN,NaN,NaN

INPUT,0.368920981884003,0.034955520182848,0.733605623245239,-2.23980832099915,3.1131956577301,-1.56500744819641,K,12
OUTPUT,NaN,NaN,NaN,NaN,NaN,NaN

INPUT,0.374187558889389,0.0350002162158489,0.744908928871155,-2.27292466163635,3.11041164398193,-1.52710282802582,K,13
OUTPUT,NaN,NaN,NaN,NaN,NaN,NaN

INPUT,0.379454106092453,0.0350449122488499,0.756212174892426,-2.30643248558044,3.10766673088074,-1.48958683013916,K,14
OUTPUT,NaN,NaN,NaN,NaN,NaN,NaN

INPUT,0.384720653295517,0.0350896082818508,0.767515420913696,-2.34024000167847,3.10496425628662,-1.45236730575562,K,15
OUTPUT,NaN,NaN,NaN,NaN,NaN,NaN

INPUT,0.389460563659668,0.0351298376917839,0.777688384056091,-2.37086892127991,3.10257148742676,-1.41906845569611,K,16
OUTPUT,NaN,NaN,NaN,NaN,NaN,NaN

INPUT,0.393147140741348,0.0351611264050007,0.785600662231445,-2.39479947090149,3.10073781013489,-1.39327585697174,K,17
OUTPUT,NaN,NaN,NaN,NaN,NaN,NaN

INPUT,0.395780444145203,0.0351834744215012,0.791252315044403,-2.41194272041321,3.09944343566895,-1.37490117549896,K,18
OUTPUT,NaN,NaN,NaN,NaN,NaN,NaN

INPUT,0.397360384464264,0.0351968817412853,0.79464328289032,-2.42224669456482,3.09867334365845,-1.363893866539,K,19
OUTPUT,NaN,NaN,NaN,NaN,NaN,NaN

INPUT,0.397887051105499,0.0352013520896435,0.79577362537384,-2.42568421363831,3.09841752052307,-1.36022758483887,K,20
OUTPUT,NaN,NaN,NaN,NaN,NaN,NaN

INPUT,0.370330214500427,0.0343950986862183,0.716787278652191,-2.74745464324951,3.06471967697144,-1.96421086788177,K,4
OUTPUT,NaN,NaN,NaN,NaN,NaN,NaN

INPUT,0.379865825176239,0.0344046801328659,0.732216119766235,-2.82768797874451,3.05021691322327,-1.87615025043488,K,5
OUTPUT,NaN,NaN,NaN,NaN,NaN,NaN

INPUT,0.389401406049728,0.0344142578542233,0.747645020484924,-2.9090301990509,3.03635907173157,-1.78908920288086,K,6
OUTPUT,NaN,NaN,NaN,NaN,NaN,NaN

INPUT,0.396817982196808,0.0344217084348202,0.759645223617554,-2.97280073165894,3.02609062194824,-1.72179734706879,K,7
OUTPUT,NaN,NaN,NaN,NaN,NaN,NaN

INPUT,0.402115523815155,0.0344270318746567,0.768216788768768,-3.01855134963989,3.01905608177185,-1.67388558387756,K,8
OUTPUT,NaN,NaN,NaN,NaN,NaN,NaN

INPUT,0.405294060707092,0.0344302244484425,0.773359775543213,-3.04606795310974,3.01496315002441,-1.64518582820892,K,9
OUTPUT,NaN,NaN,NaN,NaN,NaN,NaN

INPUT,0.371910452842712,0.0375356748700142,0.720920979976654,-2.6901524066925,3.06981897354126,-2.04725360870361,K,11
OUTPUT,NaN,NaN,NaN,NaN,NaN,NaN

INPUT,0.37814849615097,0.0378892160952091,0.732061624526978,-2.72752022743225,3.0618302822113,-2.00893497467041,K,12
OUTPUT,NaN,NaN,NaN,NaN,NaN,NaN

INPUT,0.384386569261551,0.0382427573204041,0.743202269077301,-2.76498579978943,3.05395579338074,-1.97069048881531,K,13
OUTPUT,NaN,NaN,NaN,NaN,NaN,NaN

INPUT,0.390624582767487,0.038596298545599,0.75434285402298,-2.8025279045105,3.0462064743042,-1.93249678611755,K,14
OUTPUT,NaN,NaN,NaN,NaN,NaN,NaN

INPUT,0.396862655878067,0.0389498397707939,0.765483498573303,-2.84013295173645,3.03859400749207,-1.89433765411377,K,15
OUTPUT,NaN,NaN,NaN,NaN,NaN,NaN

INPUT,0.402476906776428,0.0392680242657661,0.77551007270813,-2.8740222454071,3.03186869621277,-1.86001455783844,K,16
OUTPUT,NaN,NaN,NaN,NaN,NaN,NaN

INPUT,0.406843513250351,0.0395155027508736,0.783308506011963,-2.90040683746338,3.02672529220581,-1.83332753181458,K,17
OUTPUT,NaN,NaN,NaN,NaN,NaN,NaN

INPUT,0.40996253490448,0.0396922752261162,0.788878858089447,-2.91926550865173,3.02310085296631,-1.81426846981049,K,18
OUTPUT,NaN,NaN,NaN,NaN,NaN,NaN

INPUT,0.411833971738815,0.0397983379662037,0.792221009731293,-2.93058562278748,3.02094650268555,-1.80283415317535,K,19
OUTPUT,NaN,NaN,NaN,NaN,NaN,NaN

INPUT,0.412457764148712,0.0398336909711361,0.79333508014679,-2.93435978889465,3.0202317237854,-1.79902279376984,K,20
OUTPUT,NaN,NaN,NaN,NaN,NaN,NaN

INPUT,0.376713037490845,0.0459997095167637,0.715348362922668,-2.37172079086304,3.00314378738403,-1.76592576503754,K,4
OUTPUT,NaN,NaN,NaN,NaN,NaN,NaN

INPUT,0.387229949235916,0.0485160499811172,0.730082154273987,-2.43840670585632,2.976881980896,-1.7008113861084,K,5
OUTPUT,NaN,NaN,NaN,NaN,NaN,NaN

INPUT,0.397746860980988,0.0510323867201805,0.74481588602066,-2.50502014160156,2.95133328437805,-1.63534235954285,K,6
OUTPUT,NaN,NaN,NaN,NaN,NaN,NaN

INPUT,0.405926704406738,0.0529895387589931,0.756275475025177,-2.55684447288513,2.93202757835388,-1.58421850204468,K,7
OUTPUT,NaN,NaN,NaN,NaN,NaN,NaN

INPUT,0.411769419908524,0.0543875060975552,0.764460861682892,-2.59388780593872,2.91857314109802,-1.54760193824768,K,8
OUTPUT,NaN,NaN,NaN,NaN,NaN,NaN

INPUT,0.415275067090988,0.0552262850105762,0.76937210559845,-2.61612844467163,2.9106433391571,-1.52559411525726,K,9
OUTPUT,NaN,NaN,NaN,NaN,NaN,NaN

INPUT,0.373086661100388,0.0346617996692657,0.732061803340912,-2.27459263801575,3.11071610450745,-1.55978751182556,K,5
OUTPUT,NaN,NaN,NaN,NaN,NaN,NaN

INPUT,0.381780326366425,0.0346520841121674,0.747804760932922,-2.32702779769897,3.10616159439087,-1.48599708080292,K,6
OUTPUT,NaN,NaN,NaN,NaN,NaN,NaN

INPUT,0.388542085886002,0.0346445254981518,0.760049283504486,-2.3695216178894,3.10271382331848,-1.43030869960785,K,7
OUTPUT,NaN,NaN,NaN,NaN,NaN,NaN

INPUT,0.393371909856796,0.0346391275525093,0.768795371055603,-2.40054368972778,3.10030698776245,-1.39119672775269,K,8
OUTPUT,NaN,NaN,NaN,NaN,NaN,NaN

INPUT,0.396269798278809,0.0346358902752399,0.774043023586273,-2.41937494277954,3.09888696670532,-1.36794590950012,K,9
OUTPUT,NaN,NaN,NaN,NaN,NaN,NaN

INPUT,0.372342556715012,0.0371571518480778,0.71592104434967,-2.68575716018677,3.07003545761108,-2.05947160720825,K,4
OUTPUT,NaN,NaN,NaN,NaN,NaN,NaN

INPUT,0.38233408331871,0.0377337783575058,0.731157839298248,-2.75082159042358,3.05626606941223,-1.98990321159363,K,5
OUTPUT,NaN,NaN,NaN,NaN,NaN,NaN

INPUT,0.392325609922409,0.0383104011416435,0.746394634246826,-2.8165442943573,3.04288268089294,-1.92091476917267,K,6
OUTPUT,NaN,NaN,NaN,NaN,NaN,NaN

INPUT,0.400096774101257,0.0387588851153851,0.758245408535004,-2.86796545982361,3.03277945518494,-1.86750078201294,K,7
OUTPUT,NaN,NaN,NaN,NaN,NaN,NaN

INPUT,0.4056476354599,0.0390792302787304,0.76671028137207,-2.90481734275818,3.02574396133423,-1.82943570613861,K,8
OUTPUT,NaN,NaN,NaN,NaN,NaN,NaN

INPUT,0.408978134393692,0.0392714403569698,0.771789252758026,-2.92696952819824,3.02159976959229,-1.80662322044373,K,9
OUTPUT,NaN,NaN,NaN,NaN,NaN,NaN

INPUT,0.368458390235901,0.042386319488287,0.721833109855652,-2.32248878479004,3.08005404472351,-1.81708574295044,K,11
OUTPUT,NaN,NaN,NaN,NaN,NaN,NaN

INPUT,0.374289453029633,0.0433102734386921,0.73308277130127,-2.3511598110199,3.07309293746948,-1.78627705574036,K,12
OUTPUT,NaN,NaN,NaN,NaN,NaN,NaN

INPUT,0.380120486021042,0.0442342236638069,0.744332373142242,-2.38003420829773,3.06619238853455,-1.75565767288208,K,13
OUTPUT,NaN,NaN,NaN,NaN,NaN,NaN

INPUT,0.385951548814774,0.045158177614212,0.755581915378571,-2.4090621471405,3.05935859680176,-1.72517621517181,K,14
OUTPUT,NaN,NaN,NaN,NaN,NaN,NaN

INPUT,0.391782581806183,0.0460821278393269,0.766831517219543,-2.43820929527283,3.05259728431702,-1.69479739665985,K,15
OUTPUT,NaN,NaN,NaN,NaN,NaN,NaN

INPUT,0.397030532360077,0.0469136871397495,0.77695620059967,-2.46452355384827,3.04657936096191,-1.66752350330353,K,16
OUTPUT,NaN,NaN,NaN,NaN,NaN,NaN

INPUT,0.401112258434296,0.047560453414917,0.784830927848816,-2.48503565788269,3.0419454574585,-1.64634490013123,K,17
OUTPUT,NaN,NaN,NaN,NaN,NaN,NaN

INPUT,0.404027789831161,0.0480224266648293,0.79045569896698,-2.49970841407776,3.03866195678711,-1.63123273849487,K,18
OUTPUT,NaN,NaN,NaN,NaN,NaN,NaN

INPUT,0.405777096748352,0.0482996143400669,0.793830573558807,-2.50851964950562,3.03670287132263,-1.62217080593109,K,19
OUTPUT,NaN,NaN,NaN,NaN,NaN,NaN

INPUT,0.40636020898819,0.0483920089900494,0.794955551624298,-2.51145792007446,3.03605151176453,-1.61915099620819,K,20
OUTPUT,NaN,NaN,NaN,NaN,NaN,NaN

INPUT,0.370719879865646,0.0365903116762638,0.721132576465607,-2.55338978767395,3.07523083686829,-1.81027710437775,K,11
OUTPUT,NaN,NaN,NaN,NaN,NaN,NaN

INPUT,0.376817613840103,0.0368325747549534,0.732298195362091,-2.59633898735046,3.06795310974121,-1.76575088500977,K,12
OUTPUT,NaN,NaN,NaN,NaN,NaN,NaN

INPUT,0.38291534781456,0.037074837833643,0.74346387386322,-2.63944053649902,3.06081581115723,-1.72135365009308,K,13
OUTPUT,NaN,NaN,NaN,NaN,NaN,NaN

INPUT,0.389013051986694,0.0373171009123325,0.754629492759705,-2.68265843391418,3.05383324623108,-1.67704832553864,K,14
OUTPUT,NaN,NaN,NaN,NaN,NaN,NaN

INPUT,0.395110785961151,0.0375593639910221,0.765795171260834,-2.72596907615662,3.04701828956604,-1.63280880451202,K,15
OUTPUT,NaN,NaN,NaN,NaN,NaN,NaN

INPUT,0.400598764419556,0.0377774015069008,0.775844216346741,-2.76501369476318,3.04103922843933,-1.59303450584412,K,16
OUTPUT,NaN,NaN,NaN,NaN,NaN,NaN

INPUT,0.404867172241211,0.0379469841718674,0.783660173416138,-2.79541802406311,3.03649616241455,-1.56211924552917,K,17
OUTPUT,NaN,NaN,NaN,NaN,NaN,NaN

INPUT,0.407916039228439,0.0380681157112122,0.789243042469025,-2.81715297698975,3.03331136703491,-1.54004561901093,K,18
OUTPUT,NaN,NaN,NaN,NaN,NaN,NaN

INPUT,0.409745335578918,0.0381407961249352,0.792592704296112,-2.8302001953125,3.03142523765564,-1.52680420875549,K,19
OUTPUT,NaN,NaN,NaN,NaN,NaN,NaN

INPUT,0.410355120897293,0.038165021687746,0.793709278106689,-2.83455038070679,3.03080058097839,-1.52239084243774,K,20
OUTPUT,NaN,NaN,NaN,NaN,NaN,NaN

INPUT,0.371291786432266,0.0477395877242088,0.719916582107544,-2.28626990318298,3.0320155620575,-1.66139423847198,K,11
OUTPUT,NaN,NaN,NaN,NaN,NaN,NaN

INPUT,0.377457112073898,0.0492934212088585,0.730939090251923,-2.3224663734436,3.01970934867859,-1.6239275932312,K,12
OUTPUT,NaN,NaN,NaN,NaN,NaN,NaN

INPUT,0.38362243771553,0.0508472509682178,0.741961658000946,-2.35880613327026,3.00756812095642,-1.58654940128326,K,13
OUTPUT,NaN,NaN,NaN,NaN,NaN,NaN

INPUT,0.389787763357162,0.0524010844528675,0.752984225749969,-2.39526104927063,2.99560856819153,-1.54922688007355,K,14
OUTPUT,NaN,NaN,NaN,NaN,NaN,NaN

INPUT,0.395953088998795,0.0539549142122269,0.764006733894348,-2.43181324005127,2.98384714126587,-1.51193749904633,K,15
OUTPUT,NaN,NaN,NaN,NaN,NaN,NaN

INPUT,0.401501893997192,0.0553533658385277,0.77392703294754,-2.46478295326233,2.97344446182251,-1.47839164733887,K,16
OUTPUT,NaN,NaN,NaN,NaN,NaN,NaN

INPUT,0.405817627906799,0.0564410462975502,0.78164279460907,-2.49046921730042,2.96548104286194,-1.45230388641357,K,17
OUTPUT,NaN,NaN,NaN,NaN,NaN,NaN

INPUT,0.408900290727615,0.057217963039875,0.787154078483582,-2.50883817672729,2.95986461639404,-1.43366932868958,K,18
OUTPUT,NaN,NaN,NaN,NaN,NaN,NaN

INPUT,0.410749882459641,0.0576841123402119,0.790460824966431,-2.51986789703369,2.95652413368225,-1.42248797416687,K,19
OUTPUT,NaN,NaN,NaN,NaN,NaN,NaN

INPUT,0.411366403102875,0.0578394941985607,0.791563093662262,-2.52354598045349,2.95541572570801,-1.41876065731049,K,20
OUTPUT,NaN,NaN,NaN,NaN,NaN,NaN

INPUT,0.377100735902786,0.0583498291671276,0.717916071414948,-2.14814853668213,2.978440284729,-1.74749302864075,K,11
OUTPUT,NaN,NaN,NaN,NaN,NaN,NaN

INPUT,0.383949726819992,0.0611522421240807,0.728702306747437,-2.17141175270081,2.95963263511658,-1.72339832782745,K,12
OUTPUT,NaN,NaN,NaN,NaN,NaN,NaN

INPUT,0.390798717737198,0.063954658806324,0.73948860168457,-2.19479274749756,2.94092655181885,-1.69934058189392,K,13
OUTPUT,NaN,NaN,NaN,NaN,NaN,NaN

INPUT,0.397647708654404,0.0667570680379868,0.750274837017059,-2.21827578544617,2.92233276367188,-1.67529582977295,K,14
OUTPUT,NaN,NaN,NaN,NaN,NaN,NaN

INPUT,0.404496699571609,0.0695594847202301,0.761061131954193,-2.24185085296631,2.9038622379303,-1.65124607086182,K,15
OUTPUT,NaN,NaN,NaN,NaN,NaN,NaN

INPUT,0.410660803318024,0.0720816552639008,0.770768761634827,-2.26314258575439,2.88735270500183,-1.62958586215973,K,16
OUTPUT,NaN,NaN,NaN,NaN,NaN,NaN

INPUT,0.415455102920532,0.0740433484315872,0.778319180011749,-2.27974963188171,2.87459206581116,-1.61272358894348,K,17
OUTPUT,NaN,NaN,NaN,NaN,NaN,NaN

INPUT,0.418879598379135,0.0754445567727089,0.783712327480316,-2.2916362285614,2.86552214622498,-1.60066878795624,K,18
OUTPUT,NaN,NaN,NaN,NaN,NaN,NaN

INPUT,0.420934289693832,0.0762852802872658,0.786948204040527,-2.29877805709839,2.86009907722473,-1.59343123435974,K,19
OUTPUT,NaN,NaN,NaN,NaN,NaN,NaN

INPUT,0.421619176864624,0.0765655189752579,0.788026809692383,-2.30116033554077,2.85829448699951,-1.59101796150208,K,20
OUTPUT,NaN,NaN,NaN,NaN,NaN,NaN

INPUT,0.352713614702225,0.0296959485858679,0.732959628105164,0.979603230953217,3.11213803291321,1.60811042785645,K,12
OUTPUT,NaN,NaN,NaN,NaN,NaN,NaN

INPUT,0.356274515390396,0.0291871186345816,0.744194030761719,0.944213569164276,3.10908985137939,1.63886880874634,K,13
OUTPUT,NaN,NaN,NaN,NaN,NaN,NaN

INPUT,0.35983544588089,0.0286782905459404,0.755428433418274,0.909217476844788,3.10607695579529,1.67002379894257,K,14
OUTPUT,NaN,NaN,NaN,NaN,NaN,NaN

INPUT,0.363396346569061,0.0281694605946541,0.766662836074829,0.874518275260925,3.10310292243958,1.70147931575775,K,15
OUTPUT,NaN,NaN,NaN,NaN,NaN,NaN

INPUT,0.366601198911667,0.0277115125209093,0.776773810386658,0.843486607074738,3.10046195983887,1.72999000549316,K,16
OUTPUT,NaN,NaN,NaN,NaN,NaN,NaN

INPUT,0.369093835353851,0.0273553319275379,0.784637928009033,0.819455802440643,3.09843301773071,1.75227224826813,K,17
OUTPUT,NaN,NaN,NaN,NaN,NaN,NaN

INPUT,0.370874285697937,0.0271009169518948,0.790255129337311,0.802338838577271,3.09699773788452,1.76823711395264,K,18
OUTPUT,NaN,NaN,NaN,NaN,NaN,NaN

INPUT,0.371942549943924,0.026948269456625,0.793625473976135,0.792085766792297,3.09614253044128,1.77783370018005,K,19
OUTPUT,NaN,NaN,NaN,NaN,NaN,NaN

INPUT,0.372298657894135,0.0268973857164383,0.794748902320862,0.788670718669891,3.095858335495,1.78103530406952,K,20
OUTPUT,NaN,NaN,NaN,NaN,NaN,NaN

INPUT,0.358058333396912,0.0348276309669018,0.72307950258255,-2.41717648506165,3.1351432800293,-1.83788418769836,K,11
OUTPUT,NaN,NaN,NaN,NaN,NaN,NaN

INPUT,0.362666517496109,0.0348625518381596,0.734474182128906,-2.44237804412842,3.13450646400452,-1.79495739936829,K,12
OUTPUT,NaN,NaN,NaN,NaN,NaN,NaN

INPUT,0.367274701595306,0.0348974727094173,0.745868921279907,-2.46903395652771,3.13387751579285,-1.75348460674286,K,13
OUTPUT,NaN,NaN,NaN,NaN,NaN,NaN

INPUT,0.371882885694504,0.0349323935806751,0.757263541221619,-2.49680042266846,3.13325715065002,-1.71312236785889,K,14
OUTPUT,NaN,NaN,NaN,NaN,NaN,NaN

INPUT,0.376491069793701,0.0349673107266426,0.768658220767975,-2.52543377876282,3.13264608383179,-1.67362689971924,K,15
OUTPUT,NaN,NaN,NaN,NaN,NaN,NaN

INPUT,0.380638420581818,0.0349987410008907,0.77891343832016,-2.55179738998413,3.13210463523865,-1.63867425918579,K,16
OUTPUT,NaN,NaN,NaN,NaN,NaN,NaN

INPUT,0.383864164352417,0.0350231863558292,0.786889731884003,-2.57262492179871,3.13168978691101,-1.61181139945984,K,17
OUTPUT,NaN,NaN,NaN,NaN,NaN,NaN

INPUT,0.386168241500854,0.0350406430661678,0.792587101459503,-2.58765125274658,3.13139677047729,-1.59277307987213,K,18
OUTPUT,NaN,NaN,NaN,NaN,NaN,NaN

INPUT,0.387550711631775,0.0350511223077774,0.796005487442017,-2.59672141075134,3.13122224807739,-1.58140432834625,K,19
OUTPUT,NaN,NaN,NaN,NaN,NaN,NaN

INPUT,0.388011515140533,0.0350546129047871,0.797144949436188,-2.59975337982178,3.13116431236267,-1.57762324810028,K,20
OUTPUT,NaN,NaN,NaN,NaN,NaN,NaN

INPUT,0.363257199525833,0.0369027331471443,0.722404062747955,-2.34420847892761,3.11043047904968,-1.85807502269745,K,11
OUTPUT,NaN,NaN,NaN,NaN,NaN,NaN

INPUT,0.368477344512939,0.0371816381812096,0.733719229698181,-2.37091517448425,3.10694456100464,-1.82760226726532,K,12
OUTPUT,NaN,NaN,NaN,NaN,NaN,NaN

INPUT,0.373697489500046,0.0374605432152748,0.745034456253052,-2.3979663848877,3.10348701477051,-1.79747092723846,K,13
OUTPUT,NaN,NaN,NaN,NaN,NaN,NaN

INPUT,0.378917634487152,0.0377394482493401,0.756349563598633,-2.42527484893799,3.10006046295166,-1.7675929069519,K,14
OUTPUT,NaN,NaN,NaN,NaN,NaN,NaN

INPUT,0.384137779474258,0.0380183532834053,0.767664730548859,-2.4527804851532,3.09666776657104,-1.73790776729584,K,15
OUTPUT,NaN,NaN,NaN,NaN,NaN,NaN

INPUT,0.388835906982422,0.038269367069006,0.777848422527313,-2.47766852378845,3.09364581108093,-1.71132051944733,K,16
OUTPUT,NaN,NaN,NaN,NaN,NaN,NaN

INPUT,0.392490029335022,0.0384646020829678,0.785769045352936,-2.49709725379944,3.09131717681885,-1.69071054458618,K,17
OUTPUT,NaN,NaN,NaN,NaN,NaN,NaN

INPUT,0.395100086927414,0.0386040546000004,0.791426599025726,-2.5110080242157,3.08966588973999,-1.67602074146271,K,18
OUTPUT,NaN,NaN,NaN,NaN,NaN,NaN

INPUT,0.396666139364243,0.0386877246201038,0.79482114315033,-2.51936650276184,3.08868050575256,-1.66721820831299,K,19
OUTPUT,NaN,NaN,NaN,NaN,NaN,NaN

INPUT,0.397188156843185,0.0387156158685684,0.795952677726746,-2.52215456962585,3.0883526802063,-1.66428589820862,K,20
OUTPUT,NaN,NaN,NaN,NaN,NaN,NaN

INPUT,0.369030177593231,0.0415858365595341,0.716467082500458,-2.32008528709412,3.07957673072815,-1.8289338350296,K,4
OUTPUT,NaN,NaN,NaN,NaN,NaN,NaN

INPUT,0.378461062908173,0.0430588386952877,0.73197877407074,-2.36987686157227,3.06768560409546,-1.77210783958435,K,5
OUTPUT,NaN,NaN,NaN,NaN,NaN,NaN

INPUT,0.387891918420792,0.0445318408310413,0.747490525245667,-2.42066025733948,3.05600357055664,-1.71622693538666,K,6
OUTPUT,NaN,NaN,NaN,NaN,NaN,NaN

INPUT,0.395227044820786,0.0456775054335594,0.759555160999298,-2.46041917800903,3.04712510108948,-1.67337965965271,K,7
OUTPUT,NaN,NaN,NaN,NaN,NaN,NaN

INPUT,0.400466442108154,0.0464958399534225,0.768172740936279,-2.48880934715271,3.04092121124268,-1.64312589168549,K,8
OUTPUT,NaN,NaN,NaN,NaN,NaN,NaN

INPUT,0.403610050678253,0.0469868406653404,0.773343324661255,-2.50580334663391,3.03726077079773,-1.62512493133545,K,9
OUTPUT,NaN,NaN,NaN,NaN,NaN,NaN

INPUT,0.37116739153862,0.0361630134284496,0.715938806533813,-2.55130362510681,3.07511043548584,-1.82739949226379,K,4
OUTPUT,NaN,NaN,NaN,NaN,NaN,NaN

INPUT,0.380982637405396,0.0365160405635834,0.731263399124146,-2.62500929832458,3.06266021728516,-1.74550068378448,K,5
OUTPUT,NaN,NaN,NaN,NaN,NaN,NaN

INPUT,0.390797913074493,0.0368690676987171,0.746588051319122,-2.69985246658325,3.05068612098694,-1.66466450691223,K,6
OUTPUT,NaN,NaN,NaN,NaN,NaN,NaN

INPUT,0.398431986570358,0.0371436476707458,0.758507192134857,-2.75857925415039,3.04174947738647,-1.60225045681,K,7
OUTPUT,NaN,NaN,NaN,NaN,NaN,NaN

INPUT,0.403884887695313,0.037339773029089,0.767020881175995,-2.80073046684265,3.03558778762817,-1.55783998966217,K,8
OUTPUT,NaN,NaN,NaN,NaN,NaN,NaN

INPUT,0.407156646251678,0.0374574512243271,0.772129118442535,-2.82608795166016,3.03198528289795,-1.53124737739563,K,9
OUTPUT,NaN,NaN,NaN,NaN,NaN,NaN

INPUT,0.371525853872299,0.0462571904063225,0.714997351169586,-2.28058362007141,3.03126120567322,-1.67349636554718,K,4
OUTPUT,NaN,NaN,NaN,NaN,NaN,NaN

INPUT,0.381273210048676,0.0487552657723427,0.730062127113342,-2.34409260749817,3.01032567024231,-1.60552704334259,K,5
OUTPUT,NaN,NaN,NaN,NaN,NaN,NaN

INPUT,0.391020566225052,0.0512533374130726,0.745126903057098,-2.40829753875732,2.98995566368103,-1.53807544708252,K,6
OUTPUT,NaN,NaN,NaN,NaN,NaN,NaN

INPUT,0.398601830005646,0.0531962811946869,0.7568439245224,-2.45857310295105,2.97456097602844,-1.48581373691559,K,7
OUTPUT,NaN,NaN,NaN,NaN,NaN,NaN

INPUT,0.40401703119278,0.0545840971171856,0.765213251113892,-2.4946277141571,2.96382999420166,-1.44854831695557,K,8
OUTPUT,NaN,NaN,NaN,NaN,NaN,NaN

INPUT,0.407266139984131,0.055416788905859,0.770234823226929,-2.51631045341492,2.9575047492981,-1.42620599269867,K,9
OUTPUT,NaN,NaN,NaN,NaN,NaN,NaN

INPUT,0.37739023566246,0.055500965565443,0.71391350030899,-2.1351261138916,2.97637224197388,-1.74931883811951,K,4
OUTPUT,NaN,NaN,NaN,NaN,NaN,NaN

INPUT,0.388110637664795,0.0599745027720928,0.728448629379272,-2.17947626113892,2.94446277618408,-1.70792877674103,K,5
OUTPUT,NaN,NaN,NaN,NaN,NaN,NaN

INPUT,0.39883103966713,0.0644480437040329,0.742983758449554,-2.22355175018311,2.91291403770447,-1.66599452495575,K,6
OUTPUT,NaN,NaN,NaN,NaN,NaN,NaN

INPUT,0.407169133424759,0.0679274573922157,0.754288911819458,-2.25763893127441,2.8887460231781,-1.63320243358612,K,7
OUTPUT,NaN,NaN,NaN,NaN,NaN,NaN

INPUT,0.413124918937683,0.0704127550125122,0.762363970279694,-2.2818648815155,2.87173295021057,-1.60975766181946,K,8
OUTPUT,NaN,NaN,NaN,NaN,NaN,NaN

INPUT,0.41669836640358,0.0719039365649223,0.767209053039551,-2.29634404182434,2.86163878440857,-1.59570038318634,K,9
OUTPUT,NaN,NaN,NaN,NaN,NaN,NaN

INPUT,0.36659836769104,0.0348430015146732,0.732739925384521,-2.50150108337402,3.13348960876465,-1.81537997722626,K,5
OUTPUT,NaN,NaN,NaN,NaN,NaN,NaN

INPUT,0.374242782592773,0.0348804630339146,0.74872612953186,-2.53267168998718,3.13262796401978,-1.72558772563934,K,6
OUTPUT,NaN,NaN,NaN,NaN,NaN,NaN

INPUT,0.380188405513763,0.0349095948040485,0.761159837245941,-2.56050086021423,3.13197588920593,-1.65933454036713,K,7
OUTPUT,NaN,NaN,NaN,NaN,NaN,NaN

INPUT,0.384435296058655,0.034930408000946,0.770041048526764,-2.58188557624817,3.13152098655701,-1.61351716518402,K,8
OUTPUT,NaN,NaN,NaN,NaN,NaN,NaN

INPUT,0.386983454227448,0.0349428951740265,0.775369822978973,-2.59522819519043,3.1312530040741,-1.58653855323792,K,9
OUTPUT,NaN,NaN,NaN,NaN,NaN,NaN

INPUT,0.35838770866394,0.0295983981341124,0.73676335811615,0.9567911028862,3.10894465446472,1.65415489673615,K,5
OUTPUT,NaN,NaN,NaN,NaN,NaN,NaN

INPUT,0.363627672195435,0.0288595538586378,0.750445663928986,0.894214451313019,3.10410833358765,1.69844615459442,K,6
OUTPUT,NaN,NaN,NaN,NaN,NaN,NaN

INPUT,0.367703169584274,0.0282848961651325,0.761087477207184,0.847230792045593,3.10043549537659,1.73419880867004,K,7
OUTPUT,NaN,NaN,NaN,NaN,NaN,NaN

INPUT,0.370614230632782,0.0278744269162416,0.768688797950745,0.81445300579071,3.09787058830261,1.76014196872711,K,8
OUTPUT,NaN,NaN,NaN,NaN,NaN,NaN

INPUT,0.37236088514328,0.0276281461119652,0.773249566555023,0.795080482959747,3.09635782241821,1.77580428123474,K,9
OUTPUT,NaN,NaN,NaN,NaN,NaN,NaN

INPUT,0.372528910636902,0.0369828715920448,0.732222557067871,-2.39433932304382,3.10401892662048,-1.81891655921936,K,5
OUTPUT,NaN,NaN,NaN,NaN,NaN,NaN

INPUT,0.38109427690506,0.0373842120170593,0.747975587844849,-2.43949103355408,3.09824419021606,-1.7618054151535,K,6
OUTPUT,NaN,NaN,NaN,NaN,NaN,NaN

INPUT,0.38775622844696,0.0376963652670383,0.760227978229523,-2.4754478931427,3.09384799003601,-1.71855807304382,K,7
OUTPUT,NaN,NaN,NaN,NaN,NaN,NaN

INPUT,0.392514765262604,0.0379193350672722,0.768979668617249,-2.50136280059814,3.09077119827271,-1.68822717666626,K,8
OUTPUT,NaN,NaN,NaN,NaN,NaN,NaN

INPUT,0.39536988735199,0.0380531176924706,0.774230659008026,-2.51695442199707,3.08895349502563,-1.67024445533752,K,9
OUTPUT,NaN,NaN,NaN,NaN,NaN,NaN

INPUT,0.356482863426208,0.0286856684833765,0.732641279697418,1.06916427612305,3.10412383079529,1.63686728477478,K,12
OUTPUT,NaN,NaN,NaN,NaN,NaN,NaN

INPUT,0.360440790653229,0.0280704014003277,0.743842124938965,1.03738379478455,3.10024118423462,1.66483962535858,K,13
OUTPUT,NaN,NaN,NaN,NaN,NaN,NaN

INPUT,0.364398688077927,0.0274551343172789,0.755042910575867,1.00592648983002,3.09639549255371,1.69313991069794,K,14
OUTPUT,NaN,NaN,NaN,NaN,NaN,NaN

INPUT,0.368356585502625,0.0268398690968752,0.766243755817413,0.974713146686554,3.09258985519409,1.72168922424316,K,15
OUTPUT,NaN,NaN,NaN,NaN,NaN,NaN

INPUT,0.371918708086014,0.0262861289083958,0.776324510574341,0.946783125400543,3.08920216560364,1.7475506067276,K,16
OUTPUT,NaN,NaN,NaN,NaN,NaN,NaN

INPUT,0.374689251184464,0.0258554425090551,0.78416508436203,0.925145864486694,3.08659315109253,1.76775419712067,K,17
OUTPUT,NaN,NaN,NaN,NaN,NaN,NaN

INPUT,0.376668214797974,0.0255478080362082,0.789765536785126,0.909729957580566,3.08474445343018,1.78222644329071,K,18
OUTPUT,NaN,NaN,NaN,NaN,NaN,NaN

INPUT,0.377855569124222,0.0253632292151451,0.793125748634338,0.900494337081909,3.08364105224609,1.79092454910278,K,19
OUTPUT,NaN,NaN,NaN,NaN,NaN,NaN

INPUT,0.378251373767853,0.0253017023205757,0.794245839118958,0.897418022155762,3.08327436447144,1.79382622241974,K,20
OUTPUT,NaN,NaN,NaN,NaN,NaN,NaN

INPUT,0.361723393201828,0.0396265722811222,0.72239488363266,-2.24993944168091,3.09868454933167,-1.79075229167938,K,11
OUTPUT,NaN,NaN,NaN,NaN,NaN,NaN

INPUT,0.36676287651062,0.0402259938418865,0.733709096908569,-2.27542281150818,3.09383082389832,-1.76221811771393,K,12
OUTPUT,NaN,NaN,NaN,NaN,NaN,NaN

INPUT,0.371802359819412,0.0408254154026508,0.745023310184479,-2.30118989944458,3.08901214599609,-1.73396146297455,K,13
OUTPUT,NaN,NaN,NaN,NaN,NaN,NaN

INPUT,0.376841843128204,0.0414248369634151,0.756337463855743,-2.32716870307922,3.08423137664795,-1.70590972900391,K,14
OUTPUT,NaN,NaN,NaN,NaN,NaN,NaN

INPUT,0.381881326436996,0.0420242585241795,0.767651677131653,-2.35331010818481,3.07949280738831,-1.67801308631897,K,15
OUTPUT,NaN,NaN,NaN,NaN,NaN,NaN

INPUT,0.386416852474213,0.0425637364387512,0.777834475040436,-2.3769474029541,3.07526636123657,-1.65300941467285,K,16
OUTPUT,NaN,NaN,NaN,NaN,NaN,NaN

INPUT,0.389944493770599,0.0429833307862282,0.785754442214966,-2.3953914642334,3.07200622558594,-1.63361704349518,K,17
OUTPUT,NaN,NaN,NaN,NaN,NaN,NaN

INPUT,0.392464220523834,0.0432830415666103,0.791411519050598,-2.40859317779541,3.06969285011292,-1.61979019641876,K,18
OUTPUT,NaN,NaN,NaN,NaN,NaN,NaN

INPUT,0.39397606253624,0.0434628650546074,0.794805765151978,-2.4165244102478,3.06831097602844,-1.61150300502777,K,19
OUTPUT,NaN,NaN,NaN,NaN,NaN,NaN

INPUT,0.394480019807816,0.0435228087007999,0.795937180519104,-2.41916966438293,3.06785130500793,-1.60874199867249,K,20
OUTPUT,NaN,NaN,NaN,NaN,NaN,NaN

INPUT,0.367949455976486,0.0374061986804008,0.720495522022247,-2.51046109199524,3.07425737380981,-1.74839854240417,K,11
OUTPUT,NaN,NaN,NaN,NaN,NaN,NaN

INPUT,0.373721927404404,0.0377444922924042,0.731585264205933,-2.55450510978699,3.0668888092041,-1.70273411273956,K,12
OUTPUT,NaN,NaN,NaN,NaN,NaN,NaN

INPUT,0.379494428634644,0.0380827859044075,0.742675006389618,-2.59870553016663,3.05967020988464,-1.65720176696777,K,13
OUTPUT,NaN,NaN,NaN,NaN,NaN,NaN

INPUT,0.385266870260239,0.0384210832417011,0.753764748573303,-2.64302587509155,3.05261659622192,-1.61176288127899,K,14
OUTPUT,NaN,NaN,NaN,NaN,NaN,NaN

INPUT,0.391039371490479,0.0387593768537045,0.764854490756989,-2.68744134902954,3.04574155807495,-1.56639122962952,K,15
OUTPUT,NaN,NaN,NaN,NaN,NaN,NaN

INPUT,0.396234601736069,0.0390638411045074,0.774835228919983,-2.72748231887817,3.03971886634827,-1.52559888362885,K,16
OUTPUT,NaN,NaN,NaN,NaN,NaN,NaN

INPUT,0.400275319814682,0.0393006466329098,0.782598078250885,-2.7586624622345,3.03514885902405,-1.493891954422,K,17
OUTPUT,NaN,NaN,NaN,NaN,NaN,NaN

INPUT,0.403161555528641,0.0394697934389114,0.788142919540405,-2.7809522151947,3.03194856643677,-1.47125291824341,K,18
OUTPUT,NaN,NaN,NaN,NaN,NaN,NaN

INPUT,0.404893308877945,0.0395712815225124,0.791469871997833,-2.79433250427246,3.03005480766296,-1.45767247676849,K,19
OUTPUT,NaN,NaN,NaN,NaN,NaN,NaN

INPUT,0.405470550060272,0.0396051108837128,0.792578816413879,-2.79879379272461,3.02942800521851,-1.45314598083496,K,20
OUTPUT,NaN,NaN,NaN,NaN,NaN,NaN

INPUT,0.365008324384689,0.032534122467041,0.733752369880676,0.927483201026917,3.13475680351257,1.44338285923004,K,12
OUTPUT,NaN,NaN,NaN,NaN,NaN,NaN

INPUT,0.369862467050552,0.032323781400919,0.745072603225708,0.890479743480682,3.13397741317749,1.46066403388977,K,13
OUTPUT,NaN,NaN,NaN,NaN,NaN,NaN

INPUT,0.374716609716415,0.0321134403347969,0.75639271736145,0.855302631855011,3.13320302963257,1.479771733284,K,14
OUTPUT,NaN,NaN,NaN,NaN,NaN,NaN

INPUT,0.379570752382278,0.0319030955433846,0.767712891101837,0.821479141712189,3.13243436813354,1.50023329257965,K,15
OUTPUT,NaN,NaN,NaN,NaN,NaN,NaN

INPUT,0.383939504623413,0.0317137874662876,0.77790105342865,0.791926562786102,3.13174796104431,1.51953744888306,K,16
OUTPUT,NaN,NaN,NaN,NaN,NaN,NaN

INPUT,0.387337416410446,0.0315665490925312,0.785825192928314,0.769408345222473,3.13121795654297,1.53501892089844,K,17
OUTPUT,NaN,NaN,NaN,NaN,NaN,NaN

INPUT,0.389764487743378,0.031461376696825,0.79148530960083,0.753535568714142,3.13084173202515,1.54628884792328,K,18
OUTPUT,NaN,NaN,NaN,NaN,NaN,NaN

INPUT,0.391220718622208,0.0313982740044594,0.794881343841553,0.744087517261505,3.13061690330505,1.55312645435333,K,19
OUTPUT,NaN,NaN,NaN,NaN,NaN,NaN

INPUT,0.391706138849258,0.0313772410154343,0.796013355255127,0.740949988365173,3.13054203987122,1.55541753768921,K,20
OUTPUT,NaN,NaN,NaN,NaN,NaN,NaN

INPUT,0.378860890865326,0.0302671287208796,0.720470726490021,-2.86766457557678,3.02894043922424,-1.92785096168518,K,11
OUTPUT,NaN,NaN,NaN,NaN,NaN,NaN

INPUT,0.385916501283646,0.0297654084861279,0.731558501720428,-2.9227831363678,3.0169689655304,-1.87215828895569,K,12
OUTPUT,NaN,NaN,NaN,NaN,NaN,NaN

INPUT,0.392972141504288,0.0292636901140213,0.742646336555481,-2.97799181938171,3.00537919998169,-1.81647431850433,K,13
OUTPUT,NaN,NaN,NaN,NaN,NaN,NaN

INPUT,0.400027751922607,0.0287619717419147,0.753734171390533,-3.03328013420105,2.99420690536499,-1.76078402996063,K,14
OUTPUT,NaN,NaN,NaN,NaN,NaN,NaN

INPUT,0.40708339214325,0.0282602533698082,0.764821946620941,-3.08864140510559,2.98348736763,-1.70507657527924,K,15
OUTPUT,NaN,NaN,NaN,NaN,NaN,NaN

INPUT,0.413433432579041,0.0278087053447962,0.774801015853882,-3.13852429389954,2.97425413131714,-1.65491914749146,K,16
OUTPUT,NaN,NaN,NaN,NaN,NaN,NaN

INPUT,0.418372392654419,0.0274575017392635,0.782562494277954,3.10582733154297,2.96735978126526,-1.615891456604,K,17
OUTPUT,NaN,NaN,NaN,NaN,NaN,NaN

INPUT,0.421900182962418,0.0272066425532103,0.788106381893158,3.07807040214539,2.96259546279907,-1.58800494670868,K,18
OUTPUT,NaN,NaN,NaN,NaN,NaN,NaN

INPUT,0.424016863107681,0.0270561277866364,0.791432738304138,3.06140899658203,2.95980310440063,-1.57126903533936,K,19
OUTPUT,NaN,NaN,NaN,NaN,NaN,NaN

INPUT,0.42472243309021,0.0270059555768967,0.79254150390625,3.05585384368896,2.95888328552246,-1.56568968296051,K,20
OUTPUT,NaN,NaN,NaN,NaN,NaN,NaN

INPUT,0.370597511529922,0.0422457531094551,0.720863342285156,-2.30326724052429,3.06166696548462,-1.59853184223175,K,11
OUTPUT,NaN,NaN,NaN,NaN,NaN,NaN

INPUT,0.376698225736618,0.0431485287845135,0.731989920139313,-2.34400606155396,3.05280613899231,-1.55626368522644,K,12
OUTPUT,NaN,NaN,NaN,NaN,NaN,NaN

INPUT,0.382798910140991,0.0440513007342815,0.743116557598114,-2.38489890098572,3.04409790039063,-1.51411712169647,K,13
OUTPUT,NaN,NaN,NaN,NaN,NaN,NaN

INPUT,0.388899564743042,0.0449540764093399,0.754243135452271,-2.42591094970703,3.03555750846863,-1.47205495834351,K,14
OUTPUT,NaN,NaN,NaN,NaN,NaN,NaN

INPUT,0.395000249147415,0.045856848359108,0.765369772911072,-2.46701908111572,3.02719974517822,-1.43005180358887,K,15
OUTPUT,NaN,NaN,NaN,NaN,NaN,NaN

INPUT,0.400490880012512,0.0466693490743637,0.775383710861206,-2.50408506393433,3.01984596252441,-1.39228391647339,K,16
OUTPUT,NaN,NaN,NaN,NaN,NaN,NaN

INPUT,0.404761344194412,0.0473012886941433,0.783172369003296,-2.53295350074768,3.01424360275269,-1.3629252910614,K,17
OUTPUT,NaN,NaN,NaN,NaN,NaN,NaN

INPUT,0.40781170129776,0.0477526746690273,0.788735687732697,-2.55359268188477,3.01030731201172,-1.34196126461029,K,18
OUTPUT,NaN,NaN,NaN,NaN,NaN,NaN

INPUT,0.409641921520233,0.0480235069990158,0.792073667049408,-2.56598329544067,3.00797271728516,-1.32938480377197,K,19
OUTPUT,NaN,NaN,NaN,NaN,NaN,NaN

INPUT,0.410251975059509,0.0481137856841087,0.79318630695343,-2.57011461257935,3.00719904899597,-1.32519292831421,K,20
OUTPUT,NaN,NaN,NaN,NaN,NaN,NaN

INPUT,0.370580792427063,0.0399892032146454,0.732199549674988,-2.29619836807251,3.08992290496826,-1.75289702415466,K,5
OUTPUT,NaN,NaN,NaN,NaN,NaN,NaN

INPUT,0.378786563873291,0.0409105606377125,0.747964680194855,-2.33978247642517,3.08180928230286,-1.69983315467834,K,6
OUTPUT,NaN,NaN,NaN,NaN,NaN,NaN

INPUT,0.385168820619583,0.0416271723806858,0.760226428508759,-2.37435412406921,3.07561707496643,-1.65950810909271,K,7
OUTPUT,NaN,NaN,NaN,NaN,NaN,NaN

INPUT,0.389727592468262,0.0421390384435654,0.768984854221344,-2.3992280960083,3.07127285003662,-1.63115835189819,K,8
OUTPUT,NaN,NaN,NaN,NaN,NaN,NaN

INPUT,0.392462849617004,0.0424461551010609,0.774239897727966,-2.41418313980103,3.06870198249817,-1.61432421207428,K,9
OUTPUT,NaN,NaN,NaN,NaN,NaN,NaN

INPUT,0.368287473917007,0.0369256176054478,0.714995563030243,-2.51000905036926,3.07414603233337,-1.76764297485352,K,4
OUTPUT,NaN,NaN,NaN,NaN,NaN,NaN

INPUT,0.377571940422058,0.0374357178807259,0.730271458625793,-2.58496236801147,3.06154036521912,-1.68301975727081,K,5
OUTPUT,NaN,NaN,NaN,NaN,NaN,NaN

INPUT,0.386856466531754,0.0379458218812943,0.745547354221344,-2.66125059127808,3.04944229125977,-1.59965264797211,K,6
OUTPUT,NaN,NaN,NaN,NaN,NaN,NaN

INPUT,0.394077718257904,0.0383425652980804,0.757428586483002,-2.72118878364563,3.04043364524841,-1.53535485267639,K,7
OUTPUT,NaN,NaN,NaN,NaN,NaN,NaN

INPUT,0.399235785007477,0.038625955581665,0.765915215015411,-2.7642388343811,3.03423547744751,-1.489630818367,K,8
OUTPUT,NaN,NaN,NaN,NaN,NaN,NaN

INPUT,0.402330607175827,0.0387959890067577,0.771007180213928,-2.7901463508606,3.03061699867249,-1.46226036548615,K,9
OUTPUT,NaN,NaN,NaN,NaN,NaN,NaN

INPUT,0.379619687795639,0.0302602257579565,0.717131912708282,-2.86278867721558,3.03001046180725,-1.94724535942078,K,4
OUTPUT,NaN,NaN,NaN,NaN,NaN,NaN

INPUT,0.390600264072418,0.0294811725616455,0.73188728094101,-2.95817303657532,3.00924706459045,-1.84551131725311,K,5
OUTPUT,NaN,NaN,NaN,NaN,NaN,NaN

INPUT,0.40158087015152,0.0287021212279797,0.746642649173737,-3.05452919006348,2.98976516723633,-1.74448645114899,K,6
OUTPUT,NaN,NaN,NaN,NaN,NaN,NaN

INPUT,0.410121321678162,0.0280961915850639,0.758118987083435,-3.12993621826172,2.97562193870544,-1.6661810874939,K,7
OUTPUT,NaN,NaN,NaN,NaN,NaN,NaN

INPUT,0.416221648454666,0.0276633836328983,0.766316413879395,3.09919500350952,2.96611261367798,-1.61033391952515,K,8
OUTPUT,NaN,NaN,NaN,NaN,NaN,NaN

INPUT,0.419881820678711,0.027403699234128,0.77123486995697,3.06669664382935,2.96065807342529,-1.57684862613678,K,9
OUTPUT,NaN,NaN,NaN,NaN,NaN,NaN

INPUT,0.362692594528198,0.0286417677998543,0.736573934555054,1.04806923866272,3.09978008270264,1.67821860313416,K,5
OUTPUT,NaN,NaN,NaN,NaN,NaN,NaN

INPUT,0.36855548620224,0.0277673956006765,0.750148057937622,0.992158830165863,3.09370803833008,1.7186461687088,K,6
OUTPUT,NaN,NaN,NaN,NaN,NaN,NaN

INPUT,0.373115479946136,0.0270873289555311,0.760705709457397,0.95005589723587,3.08907723426819,1.75119602680206,K,7
OUTPUT,NaN,NaN,NaN,NaN,NaN,NaN

INPUT,0.376372635364532,0.0266015660017729,0.76824688911438,0.920616447925568,3.08583045005798,1.77480566501617,K,8
OUTPUT,NaN,NaN,NaN,NaN,NaN,NaN

INPUT,0.378326922655106,0.026310108602047,0.772771596908569,0.903188943862915,3.08390974998474,1.78906309604645,K,9
OUTPUT,NaN,NaN,NaN,NaN,NaN,NaN

INPUT,0.365913033485413,0.0327906012535095,0.726264417171478,1.09746766090393,3.13569188117981,1.58200013637543,K,4
OUTPUT,NaN,NaN,NaN,NaN,NaN,NaN

INPUT,0.372783780097961,0.0324559658765793,0.739433586597443,0.976286768913269,3.13433504104614,1.54842889308929,K,5
OUTPUT,NaN,NaN,NaN,NaN,NaN,NaN

INPUT,0.37965452671051,0.032121330499649,0.752602756023407,0.879603862762451,3.13296246528625,1.53935611248016,K,6
OUTPUT,NaN,NaN,NaN,NaN,NaN,NaN

INPUT,0.384998470544815,0.0318610556423664,0.762845396995544,0.814957082271576,3.13189721107483,1.54263615608215,K,7
OUTPUT,NaN,NaN,NaN,NaN,NaN,NaN

INPUT,0.388815551996231,0.031675148755312,0.770161628723145,0.772782623767853,3.13114166259766,1.54877102375031,K,8
OUTPUT,NaN,NaN,NaN,NaN,NaN,NaN

INPUT,0.391105800867081,0.0315636023879051,0.774551331996918,0.748765468597412,3.13069152832031,1.55362892150879,K,9
OUTPUT,NaN,NaN,NaN,NaN,NaN,NaN

INPUT,0.370996236801147,0.0412945225834846,0.715695142745972,-2.3020966053009,3.06106495857239,-1.61630690097809,K,4
OUTPUT,NaN,NaN,NaN,NaN,NaN,NaN

INPUT,0.380790829658508,0.0427159518003464,0.73096114397049,-2.37167263031006,3.04601812362671,-1.53803169727325,K,5
OUTPUT,NaN,NaN,NaN,NaN,NaN,NaN

INPUT,0.390585392713547,0.0441373772919178,0.746227145195007,-2.44246864318848,3.03149151802063,-1.46087157726288,K,6
OUTPUT,NaN,NaN,NaN,NaN,NaN,NaN

INPUT,0.398203402757645,0.0452429316937923,0.758100688457489,-2.49809074401855,3.02060437202454,-1.40133726596832,K,7
OUTPUT,NaN,NaN,NaN,NaN,NaN,NaN

INPUT,0.403644859790802,0.0460326112806797,0.766581833362579,-2.53804326057434,3.01307058334351,-1.35898971557617,K,8
OUTPUT,NaN,NaN,NaN,NaN,NaN,NaN

INPUT,0.406909704208374,0.0465064197778702,0.771670460700989,-2.56208848953247,3.00865364074707,-1.33363616466522,K,9
OUTPUT,NaN,NaN,NaN,NaN,NaN,NaN

INPUT,0.374670892953873,0.0546808354556561,0.718820571899414,-2.18164134025574,3.00160360336304,-1.75544726848602,K,11
OUTPUT,NaN,NaN,NaN,NaN,NaN,NaN

INPUT,0.381234169006348,0.0570514649152756,0.729713201522827,-2.20632266998291,2.98551344871521,-1.7298196554184,K,12
OUTPUT,NaN,NaN,NaN,NaN,NaN,NaN

INPUT,0.387797474861145,0.0594220943748951,0.74060583114624,-2.23112368583679,2.96952199935913,-1.70424866676331,K,13
OUTPUT,NaN,NaN,NaN,NaN,NaN,NaN

INPUT,0.39436075091362,0.0617927238345146,0.751498460769653,-2.25602436065674,2.95363926887512,-1.67870807647705,K,14
OUTPUT,NaN,NaN,NaN,NaN,NaN,NaN

INPUT,0.400924026966095,0.0641633495688438,0.762391030788422,-2.28101253509521,2.93787527084351,-1.65317952632904,K,15
OUTPUT,NaN,NaN,NaN,NaN,NaN,NaN

INPUT,0.406830996274948,0.0662969201803207,0.772194385528564,-2.30356955528259,2.92379808425903,-1.630202293396,K,16
OUTPUT,NaN,NaN,NaN,NaN,NaN,NaN

INPUT,0.411425292491913,0.0679563581943512,0.779819250106812,-2.3211555480957,2.912926197052,-1.61232495307922,K,17
OUTPUT,NaN,NaN,NaN,NaN,NaN,NaN

INPUT,0.414706945419312,0.0691416785120964,0.785265564918518,-2.33373880386353,2.90520429611206,-1.59955012798309,K,18
OUTPUT,NaN,NaN,NaN,NaN,NaN,NaN

INPUT,0.416675925254822,0.0698528662323952,0.788533329963684,-2.34129691123962,2.90058898925781,-1.59188258647919,K,19
OUTPUT,NaN,NaN,NaN,NaN,NaN,NaN

INPUT,0.417332261800766,0.0700899288058281,0.789622604846954,-2.34381794929504,2.8990535736084,-1.58932626247406,K,20
OUTPUT,NaN,NaN,NaN,NaN,NaN,NaN

INPUT,0.365134954452515,0.0433113351464272,0.722032368183136,-2.16218328475952,3.07769966125488,-1.76984679698944,K,11
OUTPUT,NaN,NaN,NaN,NaN,NaN,NaN

INPUT,0.370603710412979,0.044339869171381,0.733286738395691,-2.18474459648132,3.07036447525024,-1.7462215423584,K,12
OUTPUT,NaN,NaN,NaN,NaN,NaN,NaN

INPUT,0.376072496175766,0.0453684031963348,0.744541108608246,-2.20741105079651,3.06306743621826,-1.72268927097321,K,13
OUTPUT,NaN,NaN,NaN,NaN,NaN,NaN

INPUT,0.38154125213623,0.0463969372212887,0.755795478820801,-2.23015761375427,3.05581188201904,-1.69922387599945,K,14
OUTPUT,NaN,NaN,NaN,NaN,NaN,NaN

INPUT,0.387010008096695,0.0474254712462425,0.767049908638,-2.25296711921692,3.04860234260559,-1.67580711841583,K,15
OUTPUT,NaN,NaN,NaN,NaN,NaN,NaN

INPUT,0.391931921243668,0.0483511537313461,0.777178823947906,-2.27353978157043,3.04215598106384,-1.65476298332214,K,16
OUTPUT,NaN,NaN,NaN,NaN,NaN,NaN

INPUT,0.395760059356689,0.0490711256861687,0.785056889057159,-2.28956532478333,3.03717184066772,-1.63841080665588,K,17
OUTPUT,NaN,NaN,NaN,NaN,NaN,NaN

INPUT,0.39849442243576,0.0495853945612907,0.790684103965759,-2.30102396011353,3.03362822532654,-1.62673723697662,K,18
OUTPUT,NaN,NaN,NaN,NaN,NaN,NaN

INPUT,0.400135070085526,0.0498939529061317,0.794060409069061,-2.3079035282135,3.0315089225769,-1.61973547935486,K,19
OUTPUT,NaN,NaN,NaN,NaN,NaN,NaN

INPUT,0.40068194270134,0.0499968081712723,0.79518586397171,-2.31019735336304,3.03080368041992,-1.61740183830261,K,20
OUTPUT,NaN,NaN,NaN,NaN,NaN,NaN

INPUT,0.360564559698105,0.0386102423071861,0.722427427768707,-2.05154037475586,3.11358118057251,-1.68779921531677,K,11
OUTPUT,NaN,NaN,NaN,NaN,NaN,NaN

INPUT,0.365467846393585,0.0390900298953056,0.733745455741882,-2.07019376754761,3.11040568351746,-1.66367650032043,K,12
OUTPUT,NaN,NaN,NaN,NaN,NaN,NaN

INPUT,0.370371103286743,0.0395698174834251,0.745063483715057,-2.08935260772705,3.10724425315857,-1.64005708694458,K,13
OUTPUT,NaN,NaN,NaN,NaN,NaN,NaN

INPUT,0.375274389982224,0.0400496050715446,0.756381511688232,-2.10888767242432,3.10409832000732,-1.61681175231934,K,14
OUTPUT,NaN,NaN,NaN,NaN,NaN,NaN

INPUT,0.380177646875381,0.0405293926596642,0.767699539661407,-2.12871050834656,3.10096955299377,-1.59385168552399,K,15
OUTPUT,NaN,NaN,NaN,NaN,NaN,NaN

INPUT,0.384590595960617,0.0409612022340298,0.777885735034943,-2.14674520492554,3.09816956520081,-1.57337915897369,K,16
OUTPUT,NaN,NaN,NaN,NaN,NaN,NaN

INPUT,0.388022899627686,0.0412970520555973,0.785808384418488,-2.16087603569031,3.09600257873535,-1.55755853652954,K,17
OUTPUT,NaN,NaN,NaN,NaN,NaN,NaN

INPUT,0.390474528074265,0.0415369458496571,0.791467368602753,-2.17101740837097,3.09446120262146,-1.54630506038666,K,18
OUTPUT,NaN,NaN,NaN,NaN,NaN,NaN

INPUT,0.391945511102676,0.041680883616209,0.794862806797028,-2.1771194934845,3.09353876113892,-1.53956997394562,K,19
OUTPUT,NaN,NaN,NaN,NaN,NaN,NaN

INPUT,0.392435848712921,0.0417288616299629,0.795994579792023,-2.17915630340576,3.09323167800903,-1.53732752799988,K,20
OUTPUT,NaN,NaN,NaN,NaN,NaN,NaN

INPUT,0.374944508075714,0.0523580498993397,0.714399099349976,-2.17079138755798,3.00020337104797,-1.75917744636536,K,4
OUTPUT,NaN,NaN,NaN,NaN,NaN,NaN

INPUT,0.385276913642883,0.0561416521668434,0.729172050952911,-2.21678948402405,2.97280502319336,-1.71439588069916,K,5
OUTPUT,NaN,NaN,NaN,NaN,NaN,NaN

INPUT,0.395609319210052,0.0599252581596375,0.743945002555847,-2.26272344589233,2.94575333595276,-1.66934084892273,K,6
OUTPUT,NaN,NaN,NaN,NaN,NaN,NaN

INPUT,0.403645664453506,0.062868058681488,0.755435049533844,-2.29832601547241,2.92506504058838,-1.63426995277405,K,7
OUTPUT,NaN,NaN,NaN,NaN,NaN,NaN

INPUT,0.4093858897686,0.0649700611829758,0.763642251491547,-2.32364702224731,2.91052412986755,-1.60926914215088,K,8
OUTPUT,NaN,NaN,NaN,NaN,NaN,NaN

INPUT,0.412830024957657,0.0662312656641006,0.76856654882431,-2.33878326416016,2.90190696716309,-1.59430599212646,K,9
OUTPUT,NaN,NaN,NaN,NaN,NaN,NaN

INPUT,0.365715652704239,0.04233667999506,0.716397047042847,-2.16177606582642,3.07704257965088,-1.78074777126312,K,4
OUTPUT,NaN,NaN,NaN,NaN,NaN,NaN

INPUT,0.374577015638351,0.0439318753778934,0.731991231441498,-2.20026826858521,3.06456899642944,-1.73653638362885,K,5
OUTPUT,NaN,NaN,NaN,NaN,NaN,NaN

INPUT,0.383438378572464,0.0455270744860172,0.747585475444794,-2.23957395553589,3.05222654342651,-1.69309914112091,K,6
OUTPUT,NaN,NaN,NaN,NaN,NaN,NaN

INPUT,0.39033055305481,0.04676778241992,0.759714305400848,-2.27042603492737,3.04275846481323,-1.65974926948547,K,7
OUTPUT,NaN,NaN,NaN,NaN,NaN,NaN

INPUT,0.395253539085388,0.047654002904892,0.768377721309662,-2.29252099990845,3.03608345985413,-1.63614857196808,K,8
OUTPUT,NaN,NaN,NaN,NaN,NaN,NaN

INPUT,0.398207306861877,0.0481857322156429,0.773575782775879,-2.30577969551086,3.03211832046509,-1.62207722663879,K,9
OUTPUT,NaN,NaN,NaN,NaN,NaN,NaN

INPUT,0.369424760341644,0.0389099195599556,0.732095658779144,-2.09473633766174,3.10765814781189,-1.66431510448456,K,5
OUTPUT,NaN,NaN,NaN,NaN,NaN,NaN

INPUT,0.377509832382202,0.0396391227841377,0.747907698154449,-2.12341094017029,3.10239768028259,-1.61664152145386,K,6
OUTPUT,NaN,NaN,NaN,NaN,NaN,NaN

INPUT,0.383798211812973,0.0402062833309174,0.760205924510956,-2.14724802970886,3.09835290908813,-1.58123409748077,K,7
OUTPUT,NaN,NaN,NaN,NaN,NaN,NaN

INPUT,0.388289928436279,0.0406113974750042,0.768990397453308,-2.16483616828918,3.09549570083618,-1.55664145946503,K,8
OUTPUT,NaN,NaN,NaN,NaN,NaN,NaN

INPUT,0.390984952449799,0.0408544652163982,0.774261057376862,-2.17555856704712,3.09379577636719,-1.5421279668808,K,9
OUTPUT,NaN,NaN,NaN,NaN,NaN,NaN

INPUT,0.360662877559662,0.0354936271905899,0.721852540969849,-2.23803877830505,3.12395143508911,-1.71648848056793,K,11
OUTPUT,NaN,NaN,NaN,NaN,NaN,NaN

INPUT,0.365577876567841,0.0356070436537266,0.733102023601532,-2.26495218276978,3.1220166683197,-1.68206393718719,K,12
OUTPUT,NaN,NaN,NaN,NaN,NaN,NaN

INPUT,0.370492905378342,0.0357204601168633,0.744351446628571,-2.29253911972046,3.12009978294373,-1.64831173419952,K,13
OUTPUT,NaN,NaN,NaN,NaN,NaN,NaN

INPUT,0.375407934188843,0.0358338765799999,0.755600869655609,-2.32062911987305,3.11820316314697,-1.61506152153015,K,14
OUTPUT,NaN,NaN,NaN,NaN,NaN,NaN

INPUT,0.380322933197021,0.0359472930431366,0.766850352287292,-2.3491051197052,3.11632823944092,-1.58219587802887,K,15
OUTPUT,NaN,NaN,NaN,NaN,NaN,NaN

INPUT,0.384746462106705,0.0360493659973145,0.776974856853485,-2.37499380111694,3.11466097831726,-1.55287575721741,K,16
OUTPUT,NaN,NaN,NaN,NaN,NaN,NaN

INPUT,0.388186991214752,0.0361287593841553,0.784849464893341,-2.3952693939209,3.11337852478027,-1.53021025657654,K,17
OUTPUT,NaN,NaN,NaN,NaN,NaN,NaN

INPUT,0.390644490718842,0.0361854657530785,0.79047417640686,-2.4098162651062,3.1124701499939,-1.51408457756042,K,18
OUTPUT,NaN,NaN,NaN,NaN,NaN,NaN

INPUT,0.392118990421295,0.0362194925546646,0.793849050998688,-2.4185676574707,3.11192846298218,-1.5044322013855,K,19
OUTPUT,NaN,NaN,NaN,NaN,NaN,NaN

INPUT,0.392610490322113,0.0362308323383331,0.794973969459534,-2.42148852348328,3.11174845695496,-1.5012184381485,K,20
OUTPUT,NaN,NaN,NaN,NaN,NaN,NaN

INPUT,0.37362939119339,0.0449875295162201,0.720797061920166,-2.2775731086731,3.05204176902771,-1.87671101093292,K,11
OUTPUT,NaN,NaN,NaN,NaN,NaN,NaN

INPUT,0.380069941282272,0.0462177768349648,0.731922268867493,-2.30053353309631,3.04176473617554,-1.8524614572525,K,12
OUTPUT,NaN,NaN,NaN,NaN,NaN,NaN

INPUT,0.386510521173477,0.0474480204284191,0.743047535419464,-2.32362604141235,3.03154325485229,-1.82831978797913,K,13
OUTPUT,NaN,NaN,NaN,NaN,NaN,NaN

INPUT,0.39295107126236,0.0486782640218735,0.754172742366791,-2.34682083129883,3.02138304710388,-1.80425381660461,K,14
OUTPUT,NaN,NaN,NaN,NaN,NaN,NaN

INPUT,0.399391651153564,0.0499085076153278,0.765297949314117,-2.37009739875793,3.01128959655762,-1.78024101257324,K,15
OUTPUT,NaN,NaN,NaN,NaN,NaN,NaN

INPUT,0.405188173055649,0.0510157272219658,0.775310695171356,-2.39110517501831,3.00226759910583,-1.75866174697876,K,16
OUTPUT,NaN,NaN,NaN,NaN,NaN,NaN

INPUT,0.409696578979492,0.0518768988549709,0.783098340034485,-2.40747785568237,2.99529385566711,-1.74189281463623,K,17
OUTPUT,NaN,NaN,NaN,NaN,NaN,NaN

INPUT,0.412916839122772,0.0524920225143433,0.788660943508148,-2.41918897628784,2.99033713340759,-1.72992098331451,K,18
OUTPUT,NaN,NaN,NaN,NaN,NaN,NaN

INPUT,0.414849013090134,0.0528610944747925,0.791998505592346,-2.4262216091156,2.9873731136322,-1.72273981571198,K,19
OUTPUT,NaN,NaN,NaN,NaN,NaN,NaN

INPUT,0.415493071079254,0.0529841184616089,0.793111026287079,-2.42856693267822,2.98638677597046,-1.72034645080566,K,20
OUTPUT,NaN,NaN,NaN,NaN,NaN,NaN

INPUT,0.37568274140358,0.0443333648145199,0.719874978065491,-2.48410534858704,3.01777362823486,-1.94478344917297,K,11
OUTPUT,NaN,NaN,NaN,NaN,NaN,NaN

INPUT,0.382364958524704,0.045486718416214,0.730891704559326,-2.51553964614868,3.00372576713562,-1.91260290145874,K,12
OUTPUT,NaN,NaN,NaN,NaN,NaN,NaN

INPUT,0.389047145843506,0.0466400720179081,0.741908371448517,-2.54707336425781,2.98981690406799,-1.88046026229858,K,13
OUTPUT,NaN,NaN,NaN,NaN,NaN,NaN

INPUT,0.395729333162308,0.0477934218943119,0.752925038337708,-2.57869148254395,2.97606158256531,-1.84833490848541,K,14
OUTPUT,NaN,NaN,NaN,NaN,NaN,NaN

INPUT,0.402411550283432,0.048946775496006,0.763941764831543,-2.61038422584534,2.96247363090515,-1.81621205806732,K,15
OUTPUT,NaN,NaN,NaN,NaN,NaN,NaN

INPUT,0.408425509929657,0.0499847941100597,0.77385675907135,-2.63896679878235,2.95039963722229,-1.78729438781738,K,16
OUTPUT,NaN,NaN,NaN,NaN,NaN,NaN

INPUT,0.413103044033051,0.0507921390235424,0.781568467617035,-2.66123414039612,2.94111657142639,-1.76479399204254,K,17
OUTPUT,NaN,NaN,NaN,NaN,NaN,NaN

INPUT,0.416444152593613,0.0513688176870346,0.787076771259308,-2.67715859413147,2.93454694747925,-1.74871575832367,K,18
OUTPUT,NaN,NaN,NaN,NaN,NaN,NaN

INPUT,0.418448805809021,0.0517148226499557,0.790381789207458,-2.68672060966492,2.93063020706177,-1.73906600475311,K,19
OUTPUT,NaN,NaN,NaN,NaN,NaN,NaN

INPUT,0.419117033481598,0.0518301576375961,0.791483461856842,-2.68990921974182,2.92932891845703,-1.73584890365601,K,20
OUTPUT,NaN,NaN,NaN,NaN,NaN,NaN

INPUT,0.364696383476257,0.0414845049381256,0.722257435321808,-2.00706696510315,3.09584856033325,-1.59726881980896,K,11
OUTPUT,NaN,NaN,NaN,NaN,NaN,NaN

INPUT,0.370086252689362,0.0423027202486992,0.733554303646088,-2.0294783115387,3.09062600135803,-1.57147359848022,K,12
OUTPUT,NaN,NaN,NaN,NaN,NaN,NaN

INPUT,0.375476121902466,0.0431209355592728,0.744851171970367,-2.05220675468445,3.0854332447052,-1.54598891735077,K,13
OUTPUT,NaN,NaN,NaN,NaN,NaN,NaN

INPUT,0.38086599111557,0.043939147144556,0.756147980690002,-2.07517099380493,3.08027267456055,-1.52073335647583,K,14
OUTPUT,NaN,NaN,NaN,NaN,NaN,NaN

INPUT,0.386255860328674,0.0447573587298393,0.767444849014282,-2.09831666946411,3.07514786720276,-1.49565124511719,K,15
OUTPUT,NaN,NaN,NaN,NaN,NaN,NaN

INPUT,0.391106754541397,0.0454937517642975,0.777612030506134,-2.11927008628845,3.07056832313538,-1.47319293022156,K,16
OUTPUT,NaN,NaN,NaN,NaN,NaN,NaN

INPUT,0.394879639148712,0.0460665002465248,0.78551983833313,-2.13563346862793,3.06702947616577,-1.4557865858078,K,17
OUTPUT,NaN,NaN,NaN,NaN,NaN,NaN

INPUT,0.397574573755264,0.0464756079018116,0.79116827249527,-2.14735198020935,3.06451463699341,-1.44338130950928,K,18
OUTPUT,NaN,NaN,NaN,NaN,NaN,NaN

INPUT,0.399191528558731,0.0467210710048676,0.794557332992554,-2.15439438819885,3.06301116943359,-1.43594813346863,K,19
OUTPUT,NaN,NaN,NaN,NaN,NaN,NaN

INPUT,0.399730533361435,0.046802893280983,0.795687019824982,-2.15674352645874,3.06251072883606,-1.43347203731537,K,20
OUTPUT,NaN,NaN,NaN,NaN,NaN,NaN

INPUT,0.364728838205338,0.0389391779899597,0.721632838249207,-2.47645378112793,3.07659769058228,-1.85807633399963,K,11
OUTPUT,NaN,NaN,NaN,NaN,NaN,NaN

INPUT,0.3701211810112,0.0394575670361519,0.732858717441559,-2.51197266578674,3.06934356689453,-1.82080864906311,K,12
OUTPUT,NaN,NaN,NaN,NaN,NaN,NaN

INPUT,0.375513523817062,0.0399759560823441,0.744084537029266,-2.54765963554382,3.06218504905701,-1.7836902141571,K,13
OUTPUT,NaN,NaN,NaN,NaN,NaN,NaN

INPUT,0.380905836820602,0.0404943451285362,0.755310416221619,-2.58347463607788,3.05513167381287,-1.74667906761169,K,14
OUTPUT,NaN,NaN,NaN,NaN,NaN,NaN

INPUT,0.386298179626465,0.0410127341747284,0.766536235809326,-2.61939024925232,3.04819273948669,-1.7097464799881,K,15
OUTPUT,NaN,NaN,NaN,NaN,NaN,NaN

INPUT,0.391151279211044,0.0414792858064175,0.776639521121979,-2.65178418159485,3.04205322265625,-1.6765570640564,K,16
OUTPUT,NaN,NaN,NaN,NaN,NaN,NaN

INPUT,0.39492592215538,0.04184215888381,0.784497559070587,-2.67701840400696,3.03735160827637,-1.65076839923859,K,17
OUTPUT,NaN,NaN,NaN,NaN,NaN,NaN

INPUT,0.39762207865715,0.0421013534069061,0.790110528469086,-2.69506144523621,3.03403472900391,-1.63235902786255,K,18
OUTPUT,NaN,NaN,NaN,NaN,NaN,NaN

INPUT,0.399239778518677,0.042256873100996,0.79347825050354,-2.70589423179626,3.03206157684326,-1.62131702899933,K,19
OUTPUT,NaN,NaN,NaN,NaN,NaN,NaN

INPUT,0.39977902173996,0.0423087105154991,0.79460084438324,-2.70950627326965,3.03140664100647,-1.6176370382309,K,20
OUTPUT,NaN,NaN,NaN,NaN,NaN,NaN

INPUT,0.372452199459076,0.0450863800942898,0.719980418682098,-2.39739727973938,3.03547263145447,-1.80620288848877,K,11
OUTPUT,NaN,NaN,NaN,NaN,NaN,NaN

INPUT,0.378753811120987,0.0463281646370888,0.731010615825653,-2.43168115615845,3.02351593971252,-1.77080595493317,K,12
OUTPUT,NaN,NaN,NaN,NaN,NaN,NaN

INPUT,0.385055422782898,0.0475699491798878,0.742040753364563,-2.46609139442444,3.01170206069946,-1.73548626899719,K,13
OUTPUT,NaN,NaN,NaN,NaN,NaN,NaN

INPUT,0.391357034444809,0.0488117299973965,0.753070890903473,-2.50060343742371,3.00004601478577,-1.70021545886993,K,14
OUTPUT,NaN,NaN,NaN,NaN,NaN,NaN

INPUT,0.39765864610672,0.0500535145401955,0.764101088047028,-2.53520131111145,2.98856139183044,-1.66497313976288,K,15
OUTPUT,NaN,NaN,NaN,NaN,NaN,NaN

INPUT,0.403330087661743,0.0511711202561855,0.774028182029724,-2.56640386581421,2.97838425636292,-1.63326740264893,K,16
OUTPUT,NaN,NaN,NaN,NaN,NaN,NaN

INPUT,0.407741218805313,0.0520403683185577,0.781749308109283,-2.59071087837219,2.97057914733887,-1.60861015319824,K,17
OUTPUT,NaN,NaN,NaN,NaN,NaN,NaN

INPUT,0.410892009735107,0.0526612587273121,0.787264406681061,-2.60809254646301,2.96506643295288,-1.59099721908569,K,18
OUTPUT,NaN,NaN,NaN,NaN,NaN,NaN

INPUT,0.412782490253448,0.0530337952077389,0.790573418140411,-2.61852884292603,2.96178460121155,-1.58042883872986,K,19
OUTPUT,NaN,NaN,NaN,NaN,NaN,NaN

INPUT,0.413412660360336,0.0531579740345478,0.791676461696625,-2.62200880050659,2.96069478988647,-1.57690572738647,K,20
OUTPUT,NaN,NaN,NaN,NaN,NaN,NaN

INPUT,0.36815544962883,0.0381315499544144,0.722862243652344,-2.39746689796448,3.08102250099182,-1.75838387012482,K,11
OUTPUT,NaN,NaN,NaN,NaN,NaN,NaN

INPUT,0.373951733112335,0.038555134087801,0.734231293201447,-2.43406963348389,3.07427906990051,-1.71977114677429,K,12
OUTPUT,NaN,NaN,NaN,NaN,NaN,NaN

INPUT,0.379747986793518,0.0389787219464779,0.745600342750549,-2.47086310386658,3.06763052940369,-1.68133175373077,K,13
OUTPUT,NaN,NaN,NaN,NaN,NaN,NaN

INPUT,0.385544240474701,0.0394023060798645,0.756969392299652,-2.50780010223389,3.06108641624451,-1.64301812648773,K,14
OUTPUT,NaN,NaN,NaN,NaN,NaN,NaN

INPUT,0.391340494155884,0.0398258902132511,0.76833838224411,-2.54484987258911,3.05465626716614,-1.60479724407196,K,15
OUTPUT,NaN,NaN,NaN,NaN,NaN,NaN

INPUT,0.396557152271271,0.0402071177959442,0.778570532798767,-2.57827234268188,3.04897403717041,-1.57045841217041,K,16
OUTPUT,NaN,NaN,NaN,NaN,NaN,NaN

INPUT,0.400614529848099,0.0405036248266697,0.786528885364532,-2.60431051254272,3.04462766647339,-1.54378128051758,K,17
OUTPUT,NaN,NaN,NaN,NaN,NaN,NaN

INPUT,0.40351265668869,0.0407154187560081,0.792213380336761,-2.62292957305908,3.04156398773193,-1.52473950386047,K,18
OUTPUT,NaN,NaN,NaN,NaN,NaN,NaN

INPUT,0.405251532793045,0.040842492133379,0.795624077320099,-2.63410830497742,3.03974294662476,-1.51331925392151,K,19
OUTPUT,NaN,NaN,NaN,NaN,NaN,NaN

INPUT,0.405831158161163,0.0408848524093628,0.796760976314545,-2.63783574104309,3.03913855552673,-1.50951325893402,K,20
OUTPUT,NaN,NaN,NaN,NaN,NaN,NaN

INPUT,0.369554996490479,0.0354596860706806,0.731339871883392,-2.30088233947754,3.12016201019287,-1.6833359003067,K,5
OUTPUT,NaN,NaN,NaN,NaN,NaN,NaN

INPUT,0.377693474292755,0.0355956181883812,0.747051358222961,-2.34213948249817,3.11704874038696,-1.61488592624664,K,6
OUTPUT,NaN,NaN,NaN,NaN,NaN,NaN

INPUT,0.384023368358612,0.0357013382017612,0.759271383285522,-2.37621092796326,3.11468696594238,-1.56404805183411,K,7
OUTPUT,NaN,NaN,NaN,NaN,NaN,NaN

INPUT,0.388544738292694,0.0357768572866917,0.76800000667572,-2.40121817588806,3.11303949356079,-1.52881443500519,K,8
OUTPUT,NaN,NaN,NaN,NaN,NaN,NaN

INPUT,0.391257584095001,0.0358221679925919,0.77323716878891,-2.41640377044678,3.11206889152527,-1.50806987285614,K,9
OUTPUT,NaN,NaN,NaN,NaN,NaN,NaN

INPUT,0.374144852161407,0.0437022782862186,0.716038942337036,-2.26849865913391,3.05127787590027,-1.87988376617432,K,4
OUTPUT,NaN,NaN,NaN,NaN,NaN,NaN

INPUT,0.38447093963623,0.0456239134073257,0.731209874153137,-2.31097078323364,3.0337553024292,-1.83761537075043,K,5
OUTPUT,NaN,NaN,NaN,NaN,NaN,NaN

INPUT,0.394797056913376,0.0475455448031425,0.746380865573883,-2.35345435142517,3.01642608642578,-1.79527866840363,K,6
OUTPUT,NaN,NaN,NaN,NaN,NaN,NaN

INPUT,0.402828454971313,0.0490401461720467,0.758180499076843,-2.38641428947449,3.00314235687256,-1.76240730285645,K,7
OUTPUT,NaN,NaN,NaN,NaN,NaN,NaN

INPUT,0.408565193414688,0.0501077175140381,0.766608774662018,-2.40987157821655,2.99378395080566,-1.73900365829468,K,8
OUTPUT,NaN,NaN,NaN,NaN,NaN,NaN

INPUT,0.412007242441177,0.0507482625544071,0.771665751934052,-2.42389965057373,2.98822832107544,-1.72500443458557,K,9
OUTPUT,NaN,NaN,NaN,NaN,NaN,NaN

INPUT,0.376002579927444,0.0429917946457863,0.715810120105743,-2.46977877616882,3.01736426353455,-1.94632887840271,K,4
OUTPUT,NaN,NaN,NaN,NaN,NaN,NaN

INPUT,0.386411726474762,0.0448445379734039,0.730665981769562,-2.52846145629883,2.99333381652832,-1.89132761955261,K,5
OUTPUT,NaN,NaN,NaN,NaN,NaN,NaN

INPUT,0.396820932626724,0.0466972887516022,0.74552184343338,-2.58673524856567,2.96978116035461,-1.83571684360504,K,6
OUTPUT,NaN,NaN,NaN,NaN,NaN,NaN

INPUT,0.404916942119598,0.0481383129954338,0.757076442241669,-2.63191199302673,2.95184206962585,-1.79215979576111,K,7
OUTPUT,NaN,NaN,NaN,NaN,NaN,NaN

INPUT,0.410699814558029,0.0491676181554794,0.765329718589783,-2.66413974761963,2.93925404548645,-1.76091516017914,K,8
OUTPUT,NaN,NaN,NaN,NaN,NaN,NaN

INPUT,0.414169549942017,0.0497852005064487,0.770281672477722,-2.68346738815308,2.93179774284363,-1.74212110042572,K,9
OUTPUT,NaN,NaN,NaN,NaN,NaN,NaN

INPUT,0.374267250299454,0.0419872030615807,0.732139945030212,-2.0514440536499,3.0863356590271,-1.56681191921234,K,5
OUTPUT,NaN,NaN,NaN,NaN,NaN,NaN

INPUT,0.383119493722916,0.0432469360530376,0.747839391231537,-2.08829069137573,3.07761573791504,-1.51741051673889,K,6
OUTPUT,NaN,NaN,NaN,NaN,NaN,NaN

INPUT,0.390004575252533,0.0442267283797264,0.760050058364868,-2.11792922019958,3.07093405723572,-1.48015761375427,K,7
OUTPUT,NaN,NaN,NaN,NaN,NaN,NaN

INPUT,0.394922494888306,0.0449265837669373,0.768772006034851,-2.13942337036133,3.06622886657715,-1.4540650844574,K,8
OUTPUT,NaN,NaN,NaN,NaN,NaN,NaN

INPUT,0.397873222827911,0.0453464947640896,0.774005115032196,-2.15240550041199,3.06343626976013,-1.43859767913818,K,9
OUTPUT,NaN,NaN,NaN,NaN,NaN,NaN

INPUT,0.373787820339203,0.0391658172011375,0.731544017791748,-2.53542351722717,3.06399369239807,-1.80369210243225,K,5
OUTPUT,NaN,NaN,NaN,NaN,NaN,NaN

INPUT,0.38242569565773,0.0399657040834427,0.747088134288788,-2.59755682945251,3.05191707611084,-1.73623859882355,K,6
OUTPUT,NaN,NaN,NaN,NaN,NaN,NaN

INPUT,0.389144003391266,0.0405878387391567,0.759178042411804,-2.64634990692139,3.04278135299683,-1.68419468402863,K,7
OUTPUT,NaN,NaN,NaN,NaN,NaN,NaN

INPUT,0.393942832946777,0.0410322248935699,0.767813682556152,-2.68138670921326,3.0364077091217,-1.64717757701874,K,8
OUTPUT,NaN,NaN,NaN,NaN,NaN,NaN

INPUT,0.39682212471962,0.0412988513708115,0.772995054721832,-2.70246934890747,3.03264856338501,-1.62501668930054,K,9
OUTPUT,NaN,NaN,NaN,NaN,NaN,NaN

INPUT,0.372702807188034,0.0438362769782543,0.715212285518646,-2.38895583152771,3.03502535820007,-1.81446194648743,K,4
OUTPUT,NaN,NaN,NaN,NaN,NaN,NaN

INPUT,0.382652163505554,0.0458308607339859,0.730245053768158,-2.45026755332947,3.01460552215576,-1.7514386177063,K,5
OUTPUT,NaN,NaN,NaN,NaN,NaN,NaN

INPUT,0.392601519823074,0.0478254444897175,0.745277881622314,-2.51189351081848,2.99467539787292,-1.6885701417923,K,6
OUTPUT,NaN,NaN,NaN,NaN,NaN,NaN

INPUT,0.400339931249619,0.0493767894804478,0.756970047950745,-2.55999112129211,2.97956275939941,-1.63971495628357,K,7
OUTPUT,NaN,NaN,NaN,NaN,NaN,NaN

INPUT,0.405867338180542,0.0504848919808865,0.765321552753448,-2.59442210197449,2.96899843215942,-1.60482287406921,K,8
OUTPUT,NaN,NaN,NaN,NaN,NaN,NaN

INPUT,0.40918380022049,0.0511497519910336,0.770332515239716,-2.61510896682739,2.96275806427002,-1.58388555049896,K,9
OUTPUT,NaN,NaN,NaN,NaN,NaN,NaN

INPUT,0.36877116560936,0.0375442840158939,0.717577755451202,-2.39590644836426,3.08053374290466,-1.77360022068024,K,4
OUTPUT,NaN,NaN,NaN,NaN,NaN,NaN

INPUT,0.378106951713562,0.0381671786308289,0.733271658420563,-2.45865392684937,3.06908559799194,-1.70248353481293,K,5
OUTPUT,NaN,NaN,NaN,NaN,NaN,NaN

INPUT,0.387442767620087,0.0387900769710541,0.748965561389923,-2.52255821228027,3.05796098709106,-1.63246858119965,K,6
OUTPUT,NaN,NaN,NaN,NaN,NaN,NaN

INPUT,0.394703954458237,0.039274550974369,0.761171936988831,-2.57278561592102,3.04956459999084,-1.57849478721619,K,7
OUTPUT,NaN,NaN,NaN,NaN,NaN,NaN

INPUT,0.399890512228012,0.0396206080913544,0.769890785217285,-2.60886883735657,3.04371857643127,-1.54012429714203,K,8
OUTPUT,NaN,NaN,NaN,NaN,NaN,NaN

INPUT,0.403002470731735,0.0398282371461391,0.775122046470642,-2.63058638572693,3.04027533531189,-1.51715970039368,K,9
OUTPUT,NaN,NaN,NaN,NaN,NaN,NaN

INPUT,0.366276144981384,0.0402739979326725,0.722027242183685,-2.14560413360596,3.0930449962616,-1.65959250926971,K,11
OUTPUT,NaN,NaN,NaN,NaN,NaN,NaN

INPUT,0.37185063958168,0.0409494116902351,0.733299493789673,-2.17257404327393,3.08754920959473,-1.62938153743744,K,12
OUTPUT,NaN,NaN,NaN,NaN,NaN,NaN

INPUT,0.377425134181976,0.0416248254477978,0.744571805000305,-2.1998462677002,3.08209729194641,-1.5994645357132,K,13
OUTPUT,NaN,NaN,NaN,NaN,NaN,NaN

INPUT,0.382999658584595,0.0423002392053604,0.755844056606293,-2.22734427452087,3.07669401168823,-1.56976401805878,K,14
OUTPUT,NaN,NaN,NaN,NaN,NaN,NaN

INPUT,0.388574153184891,0.042975652962923,0.76711630821228,-2.25501561164856,3.07134366035461,-1.54022705554962,K,15
OUTPUT,NaN,NaN,NaN,NaN,NaN,NaN

INPUT,0.393591195344925,0.0435835272073746,0.77726137638092,-2.28003787994385,3.06657719612122,-1.51375234127045,K,16
OUTPUT,NaN,NaN,NaN,NaN,NaN,NaN

INPUT,0.397493362426758,0.0440563149750233,0.785151958465576,-2.29956316947937,3.06290411949158,-1.49321830272675,K,17
OUTPUT,NaN,NaN,NaN,NaN,NaN,NaN

INPUT,0.400280594825745,0.0443940237164497,0.790788114070892,-2.3135392665863,3.06029987335205,-1.47857713699341,K,18
OUTPUT,NaN,NaN,NaN,NaN,NaN,NaN

INPUT,0.40195295214653,0.0445966497063637,0.794169783592224,-2.32193565368652,3.05874514579773,-1.46980178356171,K,19
OUTPUT,NaN,NaN,NaN,NaN,NaN,NaN

INPUT,0.402510404586792,0.0446641892194748,0.795297026634216,-2.32473635673523,3.05822825431824,-1.46687805652618,K,20
OUTPUT,NaN,NaN,NaN,NaN,NaN,NaN

INPUT,0.365131944417953,0.044997226446867,0.721083164215088,-2.2984311580658,3.07413506507874,-1.82038712501526,K,11
OUTPUT,NaN,NaN,NaN,NaN,NaN,NaN

INPUT,0.370572477579117,0.0462285168468952,0.732243001461029,-2.32563996315002,3.06647038459778,-1.79132962226868,K,12
OUTPUT,NaN,NaN,NaN,NaN,NaN,NaN

INPUT,0.37601301074028,0.0474598035216331,0.743402898311615,-2.35302758216858,3.05886507034302,-1.76243460178375,K,13
OUTPUT,NaN,NaN,NaN,NaN,NaN,NaN

INPUT,0.381453543901443,0.0486910901963711,0.754562795162201,-2.38055014610291,3.05132508277893,-1.73365712165833,K,14
OUTPUT,NaN,NaN,NaN,NaN,NaN,NaN

INPUT,0.386894077062607,0.0499223805963993,0.765722692012787,-2.40817856788635,3.04385662078857,-1.7049663066864,K,15
OUTPUT,NaN,NaN,NaN,NaN,NaN,NaN

INPUT,0.391790568828583,0.0510305389761925,0.775766551494598,-2.43311762809753,3.03720092773438,-1.67920053005219,K,16
OUTPUT,NaN,NaN,NaN,NaN,NaN,NaN

INPUT,0.395598948001862,0.0518924407660961,0.783578455448151,-2.45255517959595,3.03207015991211,-1.65918910503387,K,17
OUTPUT,NaN,NaN,NaN,NaN,NaN,NaN

INPUT,0.398319214582443,0.0525080859661102,0.789158403873444,-2.46645832061768,3.02843141555786,-1.64490759372711,K,18
OUTPUT,NaN,NaN,NaN,NaN,NaN,NaN

INPUT,0.39995139837265,0.0528774708509445,0.792506396770477,-2.47480726242065,3.02625894546509,-1.63634300231934,K,19
OUTPUT,NaN,NaN,NaN,NaN,NaN,NaN

INPUT,0.400495439767838,0.0530005991458893,0.793622374534607,-2.4775915145874,3.02553653717041,-1.63348889350891,K,20
OUTPUT,NaN,NaN,NaN,NaN,NaN,NaN

INPUT,0.374374002218246,0.0411458872258663,0.720452189445496,-2.37229442596436,3.04245901107788,-1.70659804344177,K,11
OUTPUT,NaN,NaN,NaN,NaN,NaN,NaN

INPUT,0.380902141332626,0.0419241935014725,0.73153680562973,-2.41089415550232,3.03139877319336,-1.66675555706024,K,12
OUTPUT,NaN,NaN,NaN,NaN,NaN,NaN

INPUT,0.387430280447006,0.0427024997770786,0.74262148141861,-2.44963026046753,3.02050757408142,-1.62700188159943,K,13
OUTPUT,NaN,NaN,NaN,NaN,NaN,NaN

INPUT,0.393958389759064,0.0434808023273945,0.753706097602844,-2.48847532272339,3.00980257987976,-1.58730590343475,K,14
OUTPUT,NaN,NaN,NaN,NaN,NaN,NaN

INPUT,0.400486528873444,0.0442591086030006,0.764790773391724,-2.52741122245789,2.99930024147034,-1.54764568805695,K,15
OUTPUT,NaN,NaN,NaN,NaN,NaN,NaN

INPUT,0.406361848115921,0.044959582388401,0.774766981601715,-2.56252098083496,2.99003505706787,-1.51196908950806,K,16
OUTPUT,NaN,NaN,NaN,NaN,NaN,NaN

INPUT,0.410931557416916,0.0455043986439705,0.782526195049286,-2.58986806869507,2.98295903205872,-1.48422634601593,K,17
OUTPUT,NaN,NaN,NaN,NaN,NaN,NaN

INPUT,0.414195626974106,0.0458935499191284,0.788068532943726,-2.60942149162292,2.97797775268555,-1.46441102027893,K,18
OUTPUT,NaN,NaN,NaN,NaN,NaN,NaN

INPUT,0.416154056787491,0.0461270399391651,0.791393935680389,-2.62116098403931,2.97501921653748,-1.45252168178558,K,19
OUTPUT,NaN,NaN,NaN,NaN,NaN,NaN

INPUT,0.416806876659393,0.0462048724293709,0.792502403259277,-2.62507557868958,2.97403812408447,-1.44855856895447,K,20
OUTPUT,NaN,NaN,NaN,NaN,NaN,NaN

INPUT,0.359263122081757,0.0346495844423771,0.733102858066559,0.706426918506622,3.11755704879761,1.37120258808136,K,12
OUTPUT,NaN,NaN,NaN,NaN,NaN,NaN

INPUT,0.363513112068176,0.0346620492637157,0.744353294372559,0.669224798679352,3.11505007743835,1.40396344661713,K,13
OUTPUT,NaN,NaN,NaN,NaN,NaN,NaN

INPUT,0.367763102054596,0.0346745178103447,0.755603671073914,0.632402777671814,3.11257529258728,1.43710649013519,K,14
OUTPUT,NaN,NaN,NaN,NaN,NaN,NaN

INPUT,0.372013121843338,0.0346869826316833,0.766854047775269,0.595866858959198,3.11013603210449,1.47053813934326,K,15
OUTPUT,NaN,NaN,NaN,NaN,NaN,NaN

INPUT,0.375838130712509,0.0346982032060623,0.776979446411133,0.563174605369568,3.10797333717346,1.50081896781921,K,16
OUTPUT,NaN,NaN,NaN,NaN,NaN,NaN

INPUT,0.378813117742538,0.0347069278359413,0.784854710102081,0.537847936153412,3.10631418228149,1.52447295188904,K,17
OUTPUT,NaN,NaN,NaN,NaN,NaN,NaN

INPUT,0.380938112735748,0.0347131602466106,0.790479898452759,0.519803404808044,3.10514211654663,1.54141545295715,K,18
OUTPUT,NaN,NaN,NaN,NaN,NaN,NaN

INPUT,0.382213115692139,0.0347169004380703,0.793855011463165,0.508993148803711,3.10444402694702,1.55159783363342,K,19
OUTPUT,NaN,NaN,NaN,NaN,NaN,NaN

INPUT,0.38263812661171,0.0347181484103203,0.794980049133301,0.50539231300354,3.10421228408813,1.55499458312988,K,20
OUTPUT,NaN,NaN,NaN,NaN,NaN,NaN

INPUT,0.360785067081451,0.0392718762159348,0.722947001457214,-2.03699541091919,3.1178719997406,-1.79236841201782,K,11
OUTPUT,NaN,NaN,NaN,NaN,NaN,NaN

INPUT,0.365714728832245,0.0398295223712921,0.734325170516968,-2.04845643043518,3.11516880989075,-1.7749844789505,K,12
OUTPUT,NaN,NaN,NaN,NaN,NaN,NaN

INPUT,0.370644420385361,0.0403871685266495,0.745703339576721,-2.06045699119568,3.11247324943542,-1.75816333293915,K,13
OUTPUT,NaN,NaN,NaN,NaN,NaN,NaN

INPUT,0.375574082136154,0.0409448146820068,0.75708144903183,-2.07285022735596,3.10978698730469,-1.74177002906799,K,14
OUTPUT,NaN,NaN,NaN,NaN,NaN,NaN

INPUT,0.380503743886948,0.0415024608373642,0.768459618091583,-2.08553385734558,3.10711169242859,-1.72571396827698,K,15
OUTPUT,NaN,NaN,NaN,NaN,NaN,NaN

INPUT,0.384940445423126,0.0420043431222439,0.778699994087219,-2.09713554382324,3.1047146320343,-1.71149969100952,K,16
OUTPUT,NaN,NaN,NaN,NaN,NaN,NaN

INPUT,0.388391226530075,0.0423946939408779,0.786664724349976,-2.10625314712524,3.10285782814026,-1.70057654380798,K,17
OUTPUT,NaN,NaN,NaN,NaN,NaN,NaN

INPUT,0.390856057405472,0.0426735170185566,0.792353808879852,-2.11280655860901,3.1015362739563,-1.6928379535675,K,18
OUTPUT,NaN,NaN,NaN,NaN,NaN,NaN

INPUT,0.392334967851639,0.0428408123552799,0.795767247676849,-2.11675238609314,3.10074520111084,-1.68821847438812,K,19
OUTPUT,NaN,NaN,NaN,NaN,NaN,NaN

INPUT,0.392827928066254,0.0428965762257576,0.796905040740967,-2.11806964874268,3.10048174858093,-1.68668246269226,K,20
OUTPUT,NaN,NaN,NaN,NaN,NaN,NaN

INPUT,0.376980006694794,0.0511657670140266,0.718766152858734,-2.22618627548218,2.99638628959656,-1.7534157037735,K,11
OUTPUT,NaN,NaN,NaN,NaN,NaN,NaN

INPUT,0.38384211063385,0.0531185790896416,0.729636132717133,-2.25388360023499,2.97974848747253,-1.72527062892914,K,12
OUTPUT,NaN,NaN,NaN,NaN,NaN,NaN

INPUT,0.390704184770584,0.0550713911652565,0.740506052970886,-2.28165984153748,2.96323657035828,-1.69712948799133,K,13
OUTPUT,NaN,NaN,NaN,NaN,NaN,NaN

INPUT,0.397566288709641,0.0570242032408714,0.75137597322464,-2.30950832366943,2.94686341285706,-1.66897809505463,K,14
OUTPUT,NaN,NaN,NaN,NaN,NaN,NaN

INPUT,0.404428392648697,0.0589770153164864,0.762245953083038,-2.33742427825928,2.9306423664093,-1.64080548286438,K,15
OUTPUT,NaN,NaN,NaN,NaN,NaN,NaN

INPUT,0.410604298114777,0.0607345476746559,0.772028863430023,-2.36260557174683,2.91618394851685,-1.61542475223541,K,16
OUTPUT,NaN,NaN,NaN,NaN,NaN,NaN

INPUT,0.415407776832581,0.0621015168726444,0.77963787317276,-2.38222742080688,2.90503692626953,-1.59566414356232,K,17
OUTPUT,NaN,NaN,NaN,NaN,NaN,NaN

INPUT,0.418838828802109,0.0630779266357422,0.785072803497314,-2.39626288414001,2.89713025093079,-1.58153748512268,K,18
OUTPUT,NaN,NaN,NaN,NaN,NaN,NaN

INPUT,0.420897454023361,0.0636637657880783,0.788333773612976,-2.40469217300415,2.89240908622742,-1.57305645942688,K,19
OUTPUT,NaN,NaN,NaN,NaN,NaN,NaN

INPUT,0.421583652496338,0.0638590455055237,0.789420783519745,-2.40750312805176,2.89083933830261,-1.57022845745087,K,20
OUTPUT,NaN,NaN,NaN,NaN,NaN,NaN

INPUT,0.376045167446136,0.0406040139496326,0.731967449188232,-2.19500041007996,3.08309268951416,-1.62009251117706,K,5
OUTPUT,NaN,NaN,NaN,NaN,NaN,NaN

INPUT,0.385162264108658,0.0416286215186119,0.747591078281403,-2.24096488952637,3.07392835617065,-1.56362402439117,K,6
OUTPUT,NaN,NaN,NaN,NaN,NaN,NaN

INPUT,0.392253339290619,0.0424255393445492,0.759742856025696,-2.27744936943054,3.06695127487183,-1.52076232433319,K,7
OUTPUT,NaN,NaN,NaN,NaN,NaN,NaN

INPUT,0.39731839299202,0.0429947674274445,0.768422663211823,-2.30369853973389,3.06206750869751,-1.49065983295441,K,8
OUTPUT,NaN,NaN,NaN,NaN,NaN,NaN

INPUT,0.40035742521286,0.0433363020420074,0.773630499839783,-2.31947636604309,3.05918216705322,-1.47279858589172,K,9
OUTPUT,NaN,NaN,NaN,NaN,NaN,NaN

INPUT,0.374342978000641,0.0460418686270714,0.730875253677368,-2.34345626831055,3.0606164932251,-1.77814483642578,K,5
OUTPUT,NaN,NaN,NaN,NaN,NaN,NaN

INPUT,0.383101284503937,0.048033207654953,0.74631267786026,-2.39153933525085,3.04769778251648,-1.72534096240997,K,6
OUTPUT,NaN,NaN,NaN,NaN,NaN,NaN

INPUT,0.389913290739059,0.0495820268988609,0.758319556713104,-2.42920017242432,3.03785467147827,-1.68482518196106,K,7
OUTPUT,NaN,NaN,NaN,NaN,NaN,NaN

INPUT,0.394778996706009,0.0506883263587952,0.766895890235901,-2.45610952377319,3.03095984458923,-1.65619456768036,K,8
OUTPUT,NaN,NaN,NaN,NaN,NaN,NaN

INPUT,0.397698432207108,0.0513521060347557,0.772041738033295,-2.47222685813904,3.02688431739807,-1.63914799690247,K,9
OUTPUT,NaN,NaN,NaN,NaN,NaN,NaN

INPUT,0.374737977981567,0.0400608852505684,0.715829432010651,-2.36501336097717,3.04179811477661,-1.71781134605408,K,4
OUTPUT,NaN,NaN,NaN,NaN,NaN,NaN

INPUT,0.385106146335602,0.0412512049078941,0.730905294418335,-2.43321943283081,3.02298378944397,-1.64613246917725,K,5
OUTPUT,NaN,NaN,NaN,NaN,NaN,NaN

INPUT,0.395474284887314,0.0424415282905102,0.745981097221375,-2.50197219848633,3.00474834442139,-1.57484638690948,K,6
OUTPUT,NaN,NaN,NaN,NaN,NaN,NaN

INPUT,0.403538405895233,0.0433673337101936,0.757706701755524,-2.55571389198303,2.99102330207825,-1.51955127716064,K,7
OUTPUT,NaN,NaN,NaN,NaN,NaN,NaN

INPUT,0.40929850935936,0.0440286211669445,0.766082167625427,-2.59421491622925,2.98149061203003,-1.4801013469696,K,8
OUTPUT,NaN,NaN,NaN,NaN,NaN,NaN

INPUT,0.412754565477371,0.0444253943860531,0.77110743522644,-2.61735582351685,2.97588634490967,-1.45644319057465,K,9
OUTPUT,NaN,NaN,NaN,NaN,NaN,NaN

INPUT,0.369775295257568,0.039747841656208,0.732745051383972,-2.06945610046387,3.11277794837952,-1.78025829792023,K,5
OUTPUT,NaN,NaN,NaN,NaN,NaN,NaN

INPUT,0.377920269966125,0.04062869399786,0.748648703098297,-2.08506321907043,3.10832667350769,-1.7446049451828,K,6
OUTPUT,NaN,NaN,NaN,NaN,NaN,NaN

INPUT,0.384255230426788,0.0413137972354889,0.7610182762146,-2.09886479377747,3.10488176345825,-1.71857821941376,K,7
OUTPUT,NaN,NaN,NaN,NaN,NaN,NaN

INPUT,0.388780206441879,0.0418031588196754,0.76985365152359,-2.10936522483826,3.10243272781372,-1.70067071914673,K,8
OUTPUT,NaN,NaN,NaN,NaN,NaN,NaN

INPUT,0.391495198011398,0.0420967750251293,0.775154829025269,-2.1158709526062,3.10096883773804,-1.69015371799469,K,9
OUTPUT,NaN,NaN,NaN,NaN,NaN,NaN

INPUT,0.377255827188492,0.0489230826497078,0.714701116085052,-2.21296501159668,2.99482393264771,-1.75633013248444,K,4
OUTPUT,NaN,NaN,NaN,NaN,NaN,NaN

INPUT,0.38801434636116,0.0519966930150986,0.729351282119751,-2.26499605178833,2.96650505065918,-1.70752668380737,K,5
OUTPUT,NaN,NaN,NaN,NaN,NaN,NaN

INPUT,0.398772865533829,0.0550703033804893,0.744001507759094,-2.31670546531677,2.93862962722778,-1.65815281867981,K,6
OUTPUT,NaN,NaN,NaN,NaN,NaN,NaN

INPUT,0.407140612602234,0.0574608892202377,0.755396127700806,-2.35664391517639,2.91739630699158,-1.61962842941284,K,7
OUTPUT,NaN,NaN,NaN,NaN,NaN,NaN

INPUT,0.413117557764053,0.0591684505343437,0.76353508234024,-2.38497686386108,2.90252900123596,-1.59214818477631,K,8
OUTPUT,NaN,NaN,NaN,NaN,NaN,NaN

INPUT,0.416703730821609,0.0601929873228073,0.768418490886688,-2.40188431739807,2.89374375343323,-1.57570135593414,K,9
OUTPUT,NaN,NaN,NaN,NaN,NaN,NaN

INPUT,0.359634548425674,0.0348701626062393,0.723845899105072,0.751534521579742,3.11946988105774,1.37575948238373,K,4
OUTPUT,NaN,NaN,NaN,NaN,NaN,NaN

INPUT,0.365896821022034,0.03492571413517,0.737385153770447,0.682208478450775,3.11528658866882,1.41961359977722,K,5
OUTPUT,NaN,NaN,NaN,NaN,NaN,NaN

INPUT,0.372159123420715,0.0349812656641006,0.750924348831177,0.616349399089813,3.11118459701538,1.46694087982178,K,6
OUTPUT,NaN,NaN,NaN,NaN,NaN,NaN

INPUT,0.377029806375504,0.0350244678556919,0.761454820632935,0.566933572292328,3.1080756187439,1.50510120391846,K,7
OUTPUT,NaN,NaN,NaN,NaN,NaN,NaN

INPUT,0.380508869886398,0.0350553318858147,0.76897656917572,0.532478749752045,3.10590887069702,1.53275310993195,K,8
OUTPUT,NaN,NaN,NaN,NaN,NaN,NaN

INPUT,0.382596284151077,0.035073846578598,0.773489654064178,0.51212477684021,3.10463333129883,1.54942846298218,K,9
OUTPUT,NaN,NaN,NaN,NaN,NaN,NaN

INPUT,0.359733432531357,0.0365756712853909,0.733199059963226,0.467074692249298,3.14059948921204,1.42939925193787,K,12
OUTPUT,NaN,NaN,NaN,NaN,NaN,NaN

INPUT,0.364033460617065,0.0367910489439964,0.744458556175232,0.374847680330276,3.14041304588318,1.43844747543335,K,13
OUTPUT,NaN,NaN,NaN,NaN,NaN,NaN

INPUT,0.368333458900452,0.037006426602602,0.755718052387238,0.293937474489212,3.14022827148438,1.45881271362305,K,14
OUTPUT,NaN,NaN,NaN,NaN,NaN,NaN

INPUT,0.37263348698616,0.0372218042612076,0.766977608203888,0.220213040709496,3.14004588127136,1.48636364936829,K,15
OUTPUT,NaN,NaN,NaN,NaN,NaN,NaN

INPUT,0.376503497362137,0.0374156422913074,0.777111172676086,0.158038973808289,3.13988471031189,1.51533734798431,K,16
OUTPUT,NaN,NaN,NaN,NaN,NaN,NaN

INPUT,0.379513531923294,0.0375664085149765,0.784992814064026,0.111685767769814,3.13976144790649,1.53987693786621,K,17
OUTPUT,NaN,NaN,NaN,NaN,NaN,NaN

INPUT,0.381663531064987,0.0376740954816341,0.790622591972351,0.0794285014271736,3.13967490196228,1.55825746059418,K,18
OUTPUT,NaN,NaN,NaN,NaN,NaN,NaN

INPUT,0.382953554391861,0.037738710641861,0.794000446796417,0.0603662617504597,3.13962340354919,1.56957769393921,K,19
OUTPUT,NaN,NaN,NaN,NaN,NaN,NaN

INPUT,0.383383542299271,0.0377602465450764,0.795126378536224,0.0540566965937614,3.1396062374115,1.57339560985565,K,20
OUTPUT,NaN,NaN,NaN,NaN,NaN,NaN

INPUT,0.355290919542313,0.034673023968935,0.732655644416809,0.51648074388504,3.13754534721375,1.31041622161865,K,12
OUTPUT,NaN,NaN,NaN,NaN,NaN,NaN

INPUT,0.359123051166534,0.0346881560981274,0.743858158588409,0.464670449495316,3.1370542049408,1.34215641021729,K,13
OUTPUT,NaN,NaN,NaN,NaN,NaN,NaN

INPUT,0.362955152988434,0.0347032807767391,0.755060613155365,0.414808183908463,3.1365704536438,1.37584435939789,K,14
OUTPUT,NaN,NaN,NaN,NaN,NaN,NaN

INPUT,0.366787284612656,0.0347184091806412,0.766263127326965,0.366356402635574,3.13609528541565,1.41094303131104,K,15
OUTPUT,NaN,NaN,NaN,NaN,NaN,NaN

INPUT,0.370236188173294,0.0347320251166821,0.776345312595367,0.32365807890892,3.13567566871643,1.4434403181076,K,16
OUTPUT,NaN,NaN,NaN,NaN,NaN,NaN

INPUT,0.372918665409088,0.0347426161170006,0.784187078475952,0.290918916463852,3.13535499572754,1.46918666362762,K,17
OUTPUT,NaN,NaN,NaN,NaN,NaN,NaN

INPUT,0.374834716320038,0.0347501821815968,0.78978830575943,0.267744719982147,3.13512921333313,1.48778784275055,K,18
OUTPUT,NaN,NaN,NaN,NaN,NaN,NaN

INPUT,0.375984340906143,0.0347547195851803,0.793149054050446,0.253915101289749,3.1349949836731,1.49902331829071,K,19
OUTPUT,NaN,NaN,NaN,NaN,NaN,NaN

INPUT,0.376367568969727,0.0347562320530415,0.794269323348999,0.249316826462746,3.1349503993988,1.5027801990509,K,20
OUTPUT,NaN,NaN,NaN,NaN,NaN,NaN

INPUT,0.360250651836395,0.0422754622995853,0.721460819244385,-2.20964765548706,3.09168767929077,-1.73449063301086,K,11
OUTPUT,NaN,NaN,NaN,NaN,NaN,NaN

INPUT,0.365116894245148,0.0431865938007832,0.732665121555328,-2.23621249198914,3.08603310585022,-1.70515155792236,K,12
OUTPUT,NaN,NaN,NaN,NaN,NaN,NaN

INPUT,0.3699831366539,0.044097725301981,0.743869423866272,-2.26303696632385,3.08042216300964,-1.67606353759766,K,13
OUTPUT,NaN,NaN,NaN,NaN,NaN,NaN

INPUT,0.37484934926033,0.0450088568031788,0.755073726177216,-2.29005575180054,3.07485866546631,-1.64716029167175,K,14
OUTPUT,NaN,NaN,NaN,NaN,NaN,NaN

INPUT,0.379715591669083,0.0459199883043766,0.766278028488159,-2.31722402572632,3.0693473815918,-1.61839616298676,K,15
OUTPUT,NaN,NaN,NaN,NaN,NaN,NaN

INPUT,0.384095191955566,0.0467400103807449,0.776361882686615,-2.34177708625793,3.06443524360657,-1.59260070323944,K,16
OUTPUT,NaN,NaN,NaN,NaN,NaN,NaN

INPUT,0.387501567602158,0.0473778024315834,0.78420490026474,-2.36092925071716,3.0606484413147,-1.57258629798889,K,17
OUTPUT,NaN,NaN,NaN,NaN,NaN,NaN

INPUT,0.389934688806534,0.0478333681821823,0.789807021617889,-2.37463474273682,3.05796241760254,-1.55831217765808,K,18
OUTPUT,NaN,NaN,NaN,NaN,NaN,NaN

INPUT,0.391394555568695,0.0481067076325417,0.793168306350708,-2.38286757469177,3.05635857582092,-1.54975557327271,K,19
OUTPUT,NaN,NaN,NaN,NaN,NaN,NaN

INPUT,0.391881167888641,0.0481978207826614,0.794288754463196,-2.38561320304871,3.05582523345947,-1.54690456390381,K,20
OUTPUT,NaN,NaN,NaN,NaN,NaN,NaN

INPUT,0.368705928325653,0.0430024117231369,0.730995059013367,-2.25767111778259,3.08157801628113,-1.69554936885834,K,5
OUTPUT,NaN,NaN,NaN,NaN,NaN,NaN

INPUT,0.376600235700607,0.0444496534764767,0.74660724401474,-2.3030846118927,3.07209730148315,-1.6408611536026,K,6
OUTPUT,NaN,NaN,NaN,NaN,NaN,NaN

INPUT,0.382740259170532,0.0455752871930599,0.758750081062317,-2.33905267715454,3.06487131118774,-1.59927237033844,K,7
OUTPUT,NaN,NaN,NaN,NaN,NaN,NaN

INPUT,0.387125998735428,0.0463793128728867,0.767423510551453,-2.36490392684937,3.05980849266052,-1.57002818584442,K,8
OUTPUT,NaN,NaN,NaN,NaN,NaN,NaN

INPUT,0.389757454395294,0.0468617267906666,0.772627592086792,-2.38043618202209,3.0568151473999,-1.55266273021698,K,9
OUTPUT,NaN,NaN,NaN,NaN,NaN,NaN

INPUT,0.360091209411621,0.0364962965250015,0.724332571029663,2.18580627441406,3.14125680923462,3.08986353874207,K,4
OUTPUT,NaN,NaN,NaN,NaN,NaN,NaN

INPUT,0.366267323493958,0.0368314385414124,0.737778007984161,0.75255161523819,3.14106345176697,1.81947767734528,K,5
OUTPUT,NaN,NaN,NaN,NaN,NaN,NaN

INPUT,0.372443437576294,0.0371665805578232,0.75122344493866,0.348983377218246,3.14055728912354,1.57877802848816,K,6
OUTPUT,NaN,NaN,NaN,NaN,NaN,NaN

INPUT,0.377247095108032,0.0374272502958775,0.761680960655212,0.1956936866045,3.140141248703,1.55216383934021,K,7
OUTPUT,NaN,NaN,NaN,NaN,NaN,NaN

INPUT,0.38067826628685,0.0376134403049946,0.769150674343109,0.112456887960434,3.13984346389771,1.55940973758698,K,8
OUTPUT,NaN,NaN,NaN,NaN,NaN,NaN

INPUT,0.38273698091507,0.0377251543104649,0.77363246679306,0.0681445673108101,3.13966536521912,1.56938695907593,K,9
OUTPUT,NaN,NaN,NaN,NaN,NaN,NaN

INPUT,0.361108958721161,0.0347399711608887,0.736676812171936,0.516341507434845,3.13765907287598,1.39662623405457,K,5
OUTPUT,NaN,NaN,NaN,NaN,NaN,NaN

INPUT,0.366648405790329,0.0347576253116131,0.750210285186768,0.40995380282402,3.13666725158691,1.42458260059357,K,6
OUTPUT,NaN,NaN,NaN,NaN,NaN,NaN

INPUT,0.370956867933273,0.0347713567316532,0.760736286640167,0.336604118347168,3.13590717315674,1.45572280883789,K,7
OUTPUT,NaN,NaN,NaN,NaN,NaN,NaN

INPUT,0.374034345149994,0.0347811654210091,0.76825487613678,0.287347197532654,3.13537240028381,1.4811018705368,K,8
OUTPUT,NaN,NaN,NaN,NaN,NaN,NaN

INPUT,0.375880807638168,0.0347870476543903,0.772766053676605,0.258725583553314,3.13505554199219,1.49726176261902,K,9
OUTPUT,NaN,NaN,NaN,NaN,NaN,NaN

INPUT,0.359953701496124,0.0356203801929951,0.72216784954071,-2.12302041053772,3.1163272857666,-1.733114361763,K,11
OUTPUT,NaN,NaN,NaN,NaN,NaN,NaN

INPUT,0.364785045385361,0.0357485003769398,0.733455300331116,-2.14309000968933,3.11348152160645,-1.70733058452606,K,12
OUTPUT,NaN,NaN,NaN,NaN,NaN,NaN

INPUT,0.369616359472275,0.0358766242861748,0.744742691516876,-2.16368436813354,3.11065006256104,-1.68207001686096,K,13
OUTPUT,NaN,NaN,NaN,NaN,NaN,NaN

INPUT,0.374447703361511,0.0360047444701195,0.756030082702637,-2.18466997146606,3.107834815979,-1.65719878673553,K,14
OUTPUT,NaN,NaN,NaN,NaN,NaN,NaN

INPUT,0.379279017448425,0.0361328683793545,0.767317533493042,-2.20595502853394,3.10503721237183,-1.63262474536896,K,15
OUTPUT,NaN,NaN,NaN,NaN,NaN,NaN

INPUT,0.383627235889435,0.0362481772899628,0.777476191520691,-2.22531342506409,3.10253572463989,-1.61070787906647,K,16
OUTPUT,NaN,NaN,NaN,NaN,NaN,NaN

INPUT,0.387009173631668,0.0363378636538982,0.785377383232117,-2.24047803878784,3.10060167312622,-1.59376835823059,K,17
OUTPUT,NaN,NaN,NaN,NaN,NaN,NaN

INPUT,0.389424830675125,0.0364019237458706,0.791021108627319,-2.25136017799377,3.09922647476196,-1.58171772956848,K,18
OUTPUT,NaN,NaN,NaN,NaN,NaN,NaN

INPUT,0.390874236822128,0.0364403612911701,0.794407308101654,-2.2579071521759,3.09840393066406,-1.57450520992279,K,19
OUTPUT,NaN,NaN,NaN,NaN,NaN,NaN

INPUT,0.391357362270355,0.0364531725645065,0.795536041259766,-2.26009225845337,3.09813022613525,-1.5721036195755,K,20
OUTPUT,NaN,NaN,NaN,NaN,NaN,NaN

INPUT,0.354665160179138,0.0292255580425262,0.733031272888184,0.89228093624115,3.1106288433075,1.41040074825287,K,12
OUTPUT,NaN,NaN,NaN,NaN,NaN,NaN

INPUT,0.358431577682495,0.0286672189831734,0.744273245334625,0.863126933574677,3.10737800598145,1.4357738494873,K,13
OUTPUT,NaN,NaN,NaN,NaN,NaN,NaN

INPUT,0.362198024988174,0.0281088817864656,0.755515217781067,0.834298491477966,3.10415244102478,1.46147561073303,K,14
OUTPUT,NaN,NaN,NaN,NaN,NaN,NaN

INPUT,0.365964442491531,0.0275505445897579,0.766757130622864,0.805715441703796,3.10095453262329,1.48742604255676,K,15
OUTPUT,NaN,NaN,NaN,NaN,NaN,NaN

INPUT,0.369354218244553,0.0270480401813984,0.776874899864197,0.78015398979187,3.09810209274292,1.5109475851059,K,16
OUTPUT,NaN,NaN,NaN,NaN,NaN,NaN

INPUT,0.371990740299225,0.0266572032123804,0.784744262695313,0.760359525680542,3.09590172767639,1.52933096885681,K,17
OUTPUT,NaN,NaN,NaN,NaN,NaN,NaN

INPUT,0.373873949050903,0.026378033682704,0.790365278720856,0.746260106563568,3.09434008598328,1.54250264167786,K,18
OUTPUT,NaN,NaN,NaN,NaN,NaN,NaN

INPUT,0.37500387430191,0.0262105334550142,0.793737828731537,0.737814605236053,3.09340715408325,1.55042028427124,K,19
OUTPUT,NaN,NaN,NaN,NaN,NaN,NaN

INPUT,0.375380516052246,0.0261546988040209,0.794862031936646,0.735001683235168,3.09309697151184,1.55306172370911,K,20
OUTPUT,NaN,NaN,NaN,NaN,NaN,NaN

INPUT,0.360188275575638,0.0351078063249588,0.722889423370361,-2.53689479827881,3.10842394828796,-1.89639902114868,K,11
OUTPUT,NaN,NaN,NaN,NaN,NaN,NaN

INPUT,0.365047693252563,0.0351757369935513,0.73426079750061,-2.5731680393219,3.10478043556213,-1.85732805728912,K,12
OUTPUT,NaN,NaN,NaN,NaN,NaN,NaN

INPUT,0.369907110929489,0.0352436676621437,0.745632171630859,-2.60969400405884,3.10118913650513,-1.81850516796112,K,13
OUTPUT,NaN,NaN,NaN,NaN,NaN,NaN

INPUT,0.374766498804092,0.0353115983307362,0.757003486156464,-2.646409034729,3.0976550579071,-1.77986574172974,K,14
OUTPUT,NaN,NaN,NaN,NaN,NaN,NaN

INPUT,0.379625916481018,0.0353795289993286,0.768374800682068,-2.68326926231384,3.09418344497681,-1.74136567115784,K,15
OUTPUT,NaN,NaN,NaN,NaN,NaN,NaN

INPUT,0.383999407291412,0.0354406647384167,0.778609037399292,-2.71654152870178,3.09111618995667,-1.70680832862854,K,16
OUTPUT,NaN,NaN,NaN,NaN,NaN,NaN

INPUT,0.387400984764099,0.0354882180690765,0.786568939685822,-2.74247312545776,3.08877062797546,-1.67997992038727,K,17
OUTPUT,NaN,NaN,NaN,NaN,NaN,NaN

INPUT,0.389830678701401,0.0355221815407276,0.792254626750946,-2.76101994514465,3.08711767196655,-1.66083920001984,K,18
OUTPUT,NaN,NaN,NaN,NaN,NaN,NaN

INPUT,0.39128851890564,0.0355425626039505,0.795666038990021,-2.77215695381165,3.0861349105835,-1.64936292171478,K,19
OUTPUT,NaN,NaN,NaN,NaN,NaN,NaN

INPUT,0.391774445772171,0.0355493538081646,0.796803176403046,-2.77587056159973,3.08580899238586,-1.64553868770599,K,20
OUTPUT,NaN,NaN,NaN,NaN,NaN,NaN

INPUT,0.365815997123718,0.0341789349913597,0.721314549446106,-2.615638256073,3.07792067527771,-1.82218241691589,K,11
OUTPUT,NaN,NaN,NaN,NaN,NaN,NaN

INPUT,0.371337085962296,0.0341374725103378,0.732501685619354,-2.66155600547791,3.07100248336792,-1.77470374107361,K,12
OUTPUT,NaN,NaN,NaN,NaN,NaN,NaN

INPUT,0.376858174800873,0.0340960100293159,0.743688821792603,-2.70762300491333,3.06423830986023,-1.72735166549683,K,13
OUTPUT,NaN,NaN,NaN,NaN,NaN,NaN

INPUT,0.382379233837128,0.0340545475482941,0.754876017570496,-2.75380420684814,3.05764269828796,-1.68008983135223,K,14
OUTPUT,NaN,NaN,NaN,NaN,NaN,NaN

INPUT,0.387900352478027,0.0340130850672722,0.766063153743744,-2.8000762462616,3.05123019218445,-1.63289296627045,K,15
OUTPUT,NaN,NaN,NaN,NaN,NaN,NaN

INPUT,0.39286932349205,0.0339757688343525,0.776131570339203,-2.84178423881531,3.0456268787384,-1.59045648574829,K,16
OUTPUT,NaN,NaN,NaN,NaN,NaN,NaN

INPUT,0.396734088659286,0.0339467450976372,0.783962607383728,-2.87425923347473,3.04138565063477,-1.55747032165527,K,17
OUTPUT,NaN,NaN,NaN,NaN,NaN,NaN

INPUT,0.399494618177414,0.0339260138571262,0.78955614566803,-2.89747285842896,3.03842163085938,-1.5339173078537,K,18
OUTPUT,NaN,NaN,NaN,NaN,NaN,NaN

INPUT,0.401150941848755,0.0339135751128197,0.792912304401398,-2.91140723228455,3.03666996955872,-1.51978838443756,K,19
OUTPUT,NaN,NaN,NaN,NaN,NaN,NaN

INPUT,0.401703059673309,0.0339094288647175,0.794031023979187,-2.91605281829834,3.0360906124115,-1.51507925987244,K,20
OUTPUT,NaN,NaN,NaN,NaN,NaN,NaN

INPUT,0.360967397689819,0.0464896075427532,0.721530139446259,-1.95927226543427,3.07627487182617,-1.76583504676819,K,11
OUTPUT,NaN,NaN,NaN,NaN,NaN,NaN

INPUT,0.365918099880219,0.0478963144123554,0.732742786407471,-1.96948719024658,3.06867957115173,-1.7532502412796,K,12
OUTPUT,NaN,NaN,NaN,NaN,NaN,NaN

INPUT,0.370868772268295,0.0493030212819576,0.743955433368683,-1.97992253303528,3.0610978603363,-1.74089276790619,K,13
OUTPUT,NaN,NaN,NaN,NaN,NaN,NaN

INPUT,0.375819474458694,0.0507097244262695,0.755168080329895,-1.9905172586441,3.05353331565857,-1.72870767116547,K,14
OUTPUT,NaN,NaN,NaN,NaN,NaN,NaN

INPUT,0.380770146846771,0.0521164312958717,0.766380727291107,-2.00122904777527,3.0459885597229,-1.71665811538696,K,15
OUTPUT,NaN,NaN,NaN,NaN,NaN,NaN

INPUT,0.385225772857666,0.0533824674785137,0.776472091674805,-2.01094436645508,3.03921818733215,-1.70590877532959,K,16
OUTPUT,NaN,NaN,NaN,NaN,NaN,NaN

INPUT,0.388691246509552,0.0543671622872353,0.784320950508118,-2.0185375213623,3.03396654129028,-1.69760167598724,K,17
OUTPUT,NaN,NaN,NaN,NaN,NaN,NaN

INPUT,0.391166597604752,0.0550705157220364,0.789927244186401,-2.02397727966309,3.03022384643555,-1.69169402122498,K,18
OUTPUT,NaN,NaN,NaN,NaN,NaN,NaN

INPUT,0.392651796340942,0.055492527782917,0.793291032314301,-2.02724623680115,3.0279815196991,-1.68815898895264,K,19
OUTPUT,NaN,NaN,NaN,NaN,NaN,NaN

INPUT,0.393146872520447,0.0556331984698772,0.794412314891815,-2.02833676338196,3.02723479270935,-1.68698227405548,K,20
OUTPUT,NaN,NaN,NaN,NaN,NaN,NaN

INPUT,0.370535016059875,0.041105043143034,0.72153902053833,-2.41349172592163,3.06954383850098,-1.74052453041077,K,11
OUTPUT,NaN,NaN,NaN,NaN,NaN,NaN

INPUT,0.376637935638428,0.0418741665780544,0.732736110687256,-2.45270538330078,3.06152153015137,-1.70049369335175,K,12
OUTPUT,NaN,NaN,NaN,NaN,NaN,NaN

INPUT,0.382740825414658,0.0426432900130749,0.743933200836182,-2.49200558662415,3.05362462997437,-1.66052401065826,K,13
OUTPUT,NaN,NaN,NaN,NaN,NaN,NaN

INPUT,0.38884374499321,0.0434124134480953,0.755130290985107,-2.53137397766113,3.04586577415466,-1.62059569358826,K,14
OUTPUT,NaN,NaN,NaN,NaN,NaN,NaN

INPUT,0.39494663476944,0.0441815368831158,0.766327381134033,-2.57079863548279,3.03825712203979,-1.58069407939911,K,15
OUTPUT,NaN,NaN,NaN,NaN,NaN,NaN

INPUT,0.400439262390137,0.0448737479746342,0.776404738426208,-2.6063220500946,3.0315477848053,-1.54479742050171,K,16
OUTPUT,NaN,NaN,NaN,NaN,NaN,NaN

INPUT,0.404711276292801,0.0454121343791485,0.784242749214172,-2.6339750289917,3.02642583847046,-1.51688385009766,K,17
OUTPUT,NaN,NaN,NaN,NaN,NaN,NaN

INPUT,0.407762736082077,0.0457966960966587,0.789841294288635,-2.65373921394348,3.0228214263916,-1.49694716930389,K,18
OUTPUT,NaN,NaN,NaN,NaN,NaN,NaN

INPUT,0.409593611955643,0.0460274331271648,0.793200373649597,-2.66560196876526,3.02068114280701,-1.48498582839966,K,19
OUTPUT,NaN,NaN,NaN,NaN,NaN,NaN

INPUT,0.410203903913498,0.0461043454706669,0.794320106506348,-2.66955709457397,3.01997137069702,-1.48099863529205,K,20
OUTPUT,NaN,NaN,NaN,NaN,NaN,NaN

INPUT,0.369634091854095,0.0395501665771008,0.721027314662933,-2.51144027709961,3.0655210018158,-1.89455211162567,K,11
OUTPUT,NaN,NaN,NaN,NaN,NaN,NaN

INPUT,0.375604718923569,0.0401407703757286,0.732179582118988,-2.54713296890259,3.0570080280304,-1.85761260986328,K,12
OUTPUT,NaN,NaN,NaN,NaN,NaN,NaN

INPUT,0.38157531619072,0.0407313741743565,0.743331849575043,-2.58295178413391,3.04860663414001,-1.82077324390411,K,13
OUTPUT,NaN,NaN,NaN,NaN,NaN,NaN

INPUT,0.38754591345787,0.0413219779729843,0.754484117031097,-2.61886858940125,3.04032778739929,-1.7840039730072,K,14
OUTPUT,NaN,NaN,NaN,NaN,NaN,NaN

INPUT,0.393516510725021,0.0419125817716122,0.765636384487152,-2.65486478805542,3.03218221664429,-1.74728345870972,K,15
OUTPUT,NaN,NaN,NaN,NaN,NaN,NaN

INPUT,0.39889007806778,0.0424441248178482,0.775673449039459,-2.68731760978699,3.02497458457947,-1.7142641544342,K,16
OUTPUT,NaN,NaN,NaN,NaN,NaN,NaN

INPUT,0.403069496154785,0.0428575463593006,0.783479988574982,-2.71259117126465,3.01945447921753,-1.68859589099884,K,17
OUTPUT,NaN,NaN,NaN,NaN,NaN,NaN

INPUT,0.406054794788361,0.0431528463959694,0.789056122303009,-2.73065948486328,3.01555967330933,-1.67026674747467,K,18
OUTPUT,NaN,NaN,NaN,NaN,NaN,NaN

INPUT,0.407845973968506,0.0433300286531448,0.792401850223541,-2.74150633811951,3.01324272155762,-1.65927088260651,K,19
OUTPUT,NaN,NaN,NaN,NaN,NaN,NaN

INPUT,0.408443033695221,0.0433890894055367,0.793517053127289,-2.7451229095459,3.01247382164001,-1.65560591220856,K,20
OUTPUT,NaN,NaN,NaN,NaN,NaN,NaN

INPUT,0.368669450283051,0.0354476571083069,0.73172914981842,-2.16877150535583,3.11098098754883,-1.70729649066925,K,5
OUTPUT,NaN,NaN,NaN,NaN,NaN,NaN

INPUT,0.376638144254684,0.0355682335793972,0.747506439685822,-2.19991898536682,3.106285572052,-1.65659952163696,K,6
OUTPUT,NaN,NaN,NaN,NaN,NaN,NaN

INPUT,0.382836014032364,0.0356620140373707,0.759777665138245,-2.2256965637207,3.10268187522888,-1.61889123916626,K,7
OUTPUT,NaN,NaN,NaN,NaN,NaN,NaN

INPUT,0.387263059616089,0.0357290022075176,0.76854282617569,-2.24466943740845,3.10014081001282,-1.59268653392792,K,8
OUTPUT,NaN,NaN,NaN,NaN,NaN,NaN

INPUT,0.389919310808182,0.0357691943645477,0.773801922798157,-2.25621938705444,3.09863090515137,-1.57721936702728,K,9
OUTPUT,NaN,NaN,NaN,NaN,NaN,NaN

INPUT,0.368773937225342,0.0349820181727409,0.732716739177704,-2.60191869735718,3.10185432434082,-1.84358477592468,K,5
OUTPUT,NaN,NaN,NaN,NaN,NaN,NaN

INPUT,0.376679241657257,0.0350426994264126,0.748599052429199,-2.66355013847351,3.09589099884033,-1.77131319046021,K,6
OUTPUT,NaN,NaN,NaN,NaN,NaN,NaN

INPUT,0.382827788591385,0.0350898951292038,0.760951995849609,-2.71235322952271,3.09139227867126,-1.7159571647644,K,7
OUTPUT,NaN,NaN,NaN,NaN,NaN,NaN

INPUT,0.38721963763237,0.0351236052811146,0.76977550983429,-2.74755024909973,3.08826112747192,-1.67674791812897,K,8
OUTPUT,NaN,NaN,NaN,NaN,NaN,NaN

INPUT,0.389854729175568,0.0351438298821449,0.77506959438324,-2.7687783241272,3.08641743659973,-1.65332925319672,K,9
OUTPUT,NaN,NaN,NaN,NaN,NaN,NaN

INPUT,0.366198360919952,0.033916961401701,0.715714156627655,-2.61556673049927,3.07796168327332,-1.84235501289368,K,4
OUTPUT,NaN,NaN,NaN,NaN,NaN,NaN

INPUT,0.375053286552429,0.0337902903556824,0.731180429458618,-2.69356942176819,3.0660936832428,-1.75429201126099,K,5
OUTPUT,NaN,NaN,NaN,NaN,NaN,NaN

INPUT,0.383908212184906,0.0336636230349541,0.746646642684937,-2.77295279502869,3.05474400520325,-1.66753673553467,K,6
OUTPUT,NaN,NaN,NaN,NaN,NaN,NaN

INPUT,0.390795350074768,0.0335651040077209,0.758675932884216,-2.83531641960144,3.04632592201233,-1.60062658786774,K,7
OUTPUT,NaN,NaN,NaN,NaN,NaN,NaN

INPUT,0.39571475982666,0.0334947295486927,0.767268300056458,-2.88010454177856,3.04055404663086,-1.55304539203644,K,8
OUTPUT,NaN,NaN,NaN,NaN,NaN,NaN

INPUT,0.39866641163826,0.0334525071084499,0.77242374420166,-2.90705704689026,3.03719329833984,-1.52456343173981,K,9
OUTPUT,NaN,NaN,NaN,NaN,NaN,NaN

INPUT,0.369703382253647,0.04748360440135,0.731149733066559,-1.9783079624176,3.06271719932556,-1.7503958940506,K,5
OUTPUT,NaN,NaN,NaN,NaN,NaN,NaN

INPUT,0.377780109643936,0.0496803820133209,0.746771275997162,-1.99572885036469,3.04989576339722,-1.72695767879486,K,6
OUTPUT,NaN,NaN,NaN,NaN,NaN,NaN

INPUT,0.384062021970749,0.0513889864087105,0.758921384811401,-2.00979971885681,3.03995680809021,-1.70925676822662,K,7
OUTPUT,NaN,NaN,NaN,NaN,NaN,NaN

INPUT,0.388549089431763,0.0526094175875187,0.767599999904633,-2.02004718780518,3.0328803062439,-1.6968240737915,K,8
OUTPUT,NaN,NaN,NaN,NaN,NaN,NaN

INPUT,0.3912413418293,0.0533416792750359,0.7728071808815,-2.02625775337219,3.02864480018616,-1.68943476676941,K,9
OUTPUT,NaN,NaN,NaN,NaN,NaN,NaN

INPUT,0.37102085351944,0.0403527952730656,0.716435134410858,-2.4106183052063,3.06913685798645,-1.75549077987671,K,4
OUTPUT,NaN,NaN,NaN,NaN,NaN,NaN

INPUT,0.380820780992508,0.041583213955164,0.731796741485596,-2.47822022438049,3.05547428131104,-1.6820113658905,K,5
OUTPUT,NaN,NaN,NaN,NaN,NaN,NaN

INPUT,0.390620708465576,0.0428136326372623,0.747158288955688,-2.54665803909302,3.04223942756653,-1.60928618907928,K,6
OUTPUT,NaN,NaN,NaN,NaN,NaN,NaN

INPUT,0.398242890834808,0.0437706261873245,0.75910621881485,-2.60027194023132,3.03228378295898,-1.55304396152496,K,7
OUTPUT,NaN,NaN,NaN,NaN,NaN,NaN

INPUT,0.403687298297882,0.0444541908800602,0.767640471458435,-2.63872146606445,3.02537250518799,-1.51298892498016,K,8
OUTPUT,NaN,NaN,NaN,NaN,NaN,NaN

INPUT,0.406953930854797,0.0448643304407597,0.772760987281799,-2.66184234619141,3.02131056785583,-1.48899233341217,K,9
OUTPUT,NaN,NaN,NaN,NaN,NaN,NaN

INPUT,0.370012938976288,0.0388909876346588,0.715830683708191,-2.50641512870789,3.06539797782898,-1.90589082241058,K,4
OUTPUT,NaN,NaN,NaN,NaN,NaN,NaN

INPUT,0.379556804895401,0.039818424731493,0.731144666671753,-2.56887269020081,3.05081367492676,-1.8390349149704,K,5
OUTPUT,NaN,NaN,NaN,NaN,NaN,NaN

INPUT,0.389100700616837,0.0407458618283272,0.74645870923996,-2.6319751739502,3.03660798072815,-1.77273952960968,K,6
OUTPUT,NaN,NaN,NaN,NaN,NaN,NaN

INPUT,0.396523714065552,0.0414672009646893,0.758369565010071,-2.68135476112366,3.02585935592651,-1.72141110897064,K,7
OUTPUT,NaN,NaN,NaN,NaN,NaN,NaN

INPUT,0.401825845241547,0.0419824458658695,0.766877353191376,-2.71674776077271,3.01835966110229,-1.68483185768127,K,8
OUTPUT,NaN,NaN,NaN,NaN,NaN,NaN

INPUT,0.405007153749466,0.0422915890812874,0.77198201417923,-2.73802447319031,3.01393556594849,-1.66290974617004,K,9
OUTPUT,NaN,NaN,NaN,NaN,NaN,NaN

INPUT,0.360637843608856,0.029079046100378,0.736937761306763,0.876857101917267,3.10729241371155,1.4518404006958,K,5
OUTPUT,NaN,NaN,NaN,NaN,NaN,NaN

INPUT,0.366204112768173,0.0282603371888399,0.750598967075348,0.823881208896637,3.10209250450134,1.48674201965332,K,6
OUTPUT,NaN,NaN,NaN,NaN,NaN,NaN

INPUT,0.370533466339111,0.0276235640048981,0.761224329471588,0.784284293651581,3.09811115264893,1.51528298854828,K,7
OUTPUT,NaN,NaN,NaN,NaN,NaN,NaN

INPUT,0.373625844717026,0.0271687246859074,0.768813908100128,0.756698369979858,3.0953094959259,1.5361579656601,K,8
OUTPUT,NaN,NaN,NaN,NaN,NaN,NaN

INPUT,0.375481247901917,0.0268958229571581,0.773367643356323,0.74039626121521,3.09364748001099,1.54882192611694,K,9
OUTPUT,NaN,NaN,NaN,NaN,NaN,NaN

INPUT,0.362492084503174,0.0458754114806652,0.721734344959259,-2.14500641822815,3.07493233680725,-1.88932597637177,K,11
OUTPUT,NaN,NaN,NaN,NaN,NaN,NaN

INPUT,0.367622166872025,0.0472099222242832,0.732971012592316,-2.15910792350769,3.06720280647278,-1.87324118614197,K,12
OUTPUT,NaN,NaN,NaN,NaN,NaN,NaN

INPUT,0.372752249240875,0.0485444329679012,0.744207620620728,-2.17338609695435,3.05949759483337,-1.85735392570496,K,13
OUTPUT,NaN,NaN,NaN,NaN,NaN,NaN

INPUT,0.377882301807404,0.0498789399862289,0.755444288253784,-2.18778586387634,3.05182218551636,-1.84162247180939,K,14
OUTPUT,NaN,NaN,NaN,NaN,NaN,NaN

INPUT,0.383012384176254,0.051213450729847,0.766680955886841,-2.20226740837097,3.04418182373047,-1.82602071762085,K,15
OUTPUT,NaN,NaN,NaN,NaN,NaN,NaN

INPUT,0.387629449367523,0.0524145103991032,0.776793956756592,-2.21534562110901,3.03733968734741,-1.81207609176636,K,16
OUTPUT,NaN,NaN,NaN,NaN,NaN,NaN

INPUT,0.391220510005951,0.0533486679196358,0.784659564495087,-2.22553539276123,3.03204321861267,-1.80128848552704,K,17
OUTPUT,NaN,NaN,NaN,NaN,NaN,NaN

INPUT,0.393785536289215,0.0540159232914448,0.790277898311615,-2.23281908035278,3.02827429771423,-1.79361283779144,K,18
OUTPUT,NaN,NaN,NaN,NaN,NaN,NaN

INPUT,0.395324558019638,0.0544162765145302,0.793648898601532,-2.23719000816345,3.02601909637451,-1.78901898860931,K,19
OUTPUT,NaN,NaN,NaN,NaN,NaN,NaN

INPUT,0.39583757519722,0.054549727588892,0.794772565364838,-2.23864722251892,3.02526831626892,-1.78748953342438,K,20
OUTPUT,NaN,NaN,NaN,NaN,NaN,NaN

INPUT,0.372205466032028,0.0492566823959351,0.720480501651764,-2.22463083267212,3.04111933708191,-1.70156848430634,K,11
OUTPUT,NaN,NaN,NaN,NaN,NaN,NaN

INPUT,0.378478318452835,0.0509890578687191,0.731569528579712,-2.2547459602356,3.02970433235168,-1.67004930973053,K,12
OUTPUT,NaN,NaN,NaN,NaN,NaN,NaN

INPUT,0.38475114107132,0.0527214296162128,0.742658615112305,-2.28500986099243,3.01839542388916,-1.63864004611969,K,13
OUTPUT,NaN,NaN,NaN,NaN,NaN,NaN

INPUT,0.391023993492126,0.0544538013637066,0.753747642040253,-2.31539106369019,3.0072033405304,-1.60730516910553,K,14
OUTPUT,NaN,NaN,NaN,NaN,NaN,NaN

INPUT,0.397296816110611,0.0561861768364906,0.764836668968201,-2.34586811065674,2.99613881111145,-1.57602000236511,K,15
OUTPUT,NaN,NaN,NaN,NaN,NaN,NaN

INPUT,0.402942389249802,0.0577453151345253,0.774816870689392,-2.37336754798889,2.98629879951477,-1.54789102077484,K,16
OUTPUT,NaN,NaN,NaN,NaN,NaN,NaN

INPUT,0.407333374023438,0.0589579753577709,0.782579183578491,-2.39479660987854,2.9787278175354,-1.52602458000183,K,17
OUTPUT,NaN,NaN,NaN,NaN,NaN,NaN

INPUT,0.410469770431519,0.0598241612315178,0.788123726844788,-2.4101231098175,2.97336626052856,-1.51040947437286,K,18
OUTPUT,NaN,NaN,NaN,NaN,NaN,NaN

INPUT,0.41235163807869,0.0603438727557659,0.791450440883636,-2.41932678222656,2.97016835212708,-1.50104141235352,K,19
OUTPUT,NaN,NaN,NaN,NaN,NaN,NaN

INPUT,0.412978917360306,0.0605171099305153,0.792559325695038,-2.42239594459534,2.96910572052002,-1.49791872501373,K,20
OUTPUT,NaN,NaN,NaN,NaN,NaN,NaN

INPUT,0.366653621196747,0.0447490997612476,0.720791459083557,-2.26506853103638,3.07620692253113,-1.78015160560608,K,11
OUTPUT,NaN,NaN,NaN,NaN,NaN,NaN

INPUT,0.372273623943329,0.045951284468174,0.731915950775146,-2.29265236854553,3.06878113746643,-1.75066328048706,K,12
OUTPUT,NaN,NaN,NaN,NaN,NaN,NaN

INPUT,0.377893626689911,0.04715346544981,0.743040502071381,-2.32041954994202,3.06141424179077,-1.72134268283844,K,13
OUTPUT,NaN,NaN,NaN,NaN,NaN,NaN

INPUT,0.383513629436493,0.0483556501567364,0.75416499376297,-2.34832525253296,3.05411267280579,-1.69214403629303,K,14
OUTPUT,NaN,NaN,NaN,NaN,NaN,NaN

INPUT,0.389133602380753,0.0495578311383724,0.765289485454559,-2.37633919715881,3.04688239097595,-1.66303527355194,K,15
OUTPUT,NaN,NaN,NaN,NaN,NaN,NaN

INPUT,0.39419162273407,0.0506397970020771,0.775301575660706,-2.40162658691406,3.04044103622437,-1.63689565658569,K,16
OUTPUT,NaN,NaN,NaN,NaN,NaN,NaN

INPUT,0.398125618696213,0.0514813251793385,0.783088684082031,-2.42133593559265,3.03547692298889,-1.61659479141235,K,17
OUTPUT,NaN,NaN,NaN,NaN,NaN,NaN

INPUT,0.400935620069504,0.0520824193954468,0.788650989532471,-2.43543338775635,3.03195691108704,-1.60210728645325,K,18
OUTPUT,NaN,NaN,NaN,NaN,NaN,NaN

INPUT,0.40262159705162,0.0524430721998215,0.79198831319809,-2.44389915466309,3.02985548973083,-1.5934191942215,K,19
OUTPUT,NaN,NaN,NaN,NaN,NaN,NaN

INPUT,0.403183609247208,0.0525632910430431,0.793100774288177,-2.44672226905823,3.02915692329407,-1.59052395820618,K,20
OUTPUT,NaN,NaN,NaN,NaN,NaN,NaN

INPUT,0.360021144151688,0.0362178310751915,0.733249664306641,-2.4640851020813,3.13024735450745,-1.89364957809448,K,12
OUTPUT,NaN,NaN,NaN,NaN,NaN,NaN

INPUT,0.364350855350494,0.0363954454660416,0.744515419006348,-2.48994493484497,3.12918043136597,-1.85948359966278,K,13
OUTPUT,NaN,NaN,NaN,NaN,NaN,NaN

INPUT,0.368680506944656,0.0365730635821819,0.755781173706055,-2.51645946502686,3.12812423706055,-1.82597219944,K,14
OUTPUT,NaN,NaN,NaN,NaN,NaN,NaN

INPUT,0.373010218143463,0.036750677973032,0.767046928405762,-2.54348039627075,3.12708020210266,-1.79296672344208,K,15
OUTPUT,NaN,NaN,NaN,NaN,NaN,NaN

INPUT,0.376906931400299,0.036910530179739,0.777186095714569,-2.56814336776733,3.12615180015564,-1.76360547542572,K,16
OUTPUT,NaN,NaN,NaN,NaN,NaN,NaN

INPUT,0.379937708377838,0.0370348617434502,0.785072147846222,-2.58751177787781,3.12543725967407,-1.74095475673676,K,17
OUTPUT,NaN,NaN,NaN,NaN,NaN,NaN

INPUT,0.38210254907608,0.0371236689388752,0.790705025196075,-2.60143208503723,3.12493109703064,-1.72486138343811,K,18
OUTPUT,NaN,NaN,NaN,NaN,NaN,NaN

INPUT,0.383401453495026,0.0371769517660141,0.79408472776413,-2.6098153591156,3.1246292591095,-1.71523630619049,K,19
OUTPUT,NaN,NaN,NaN,NaN,NaN,NaN

INPUT,0.383834421634674,0.0371947139501572,0.795211315155029,-2.61261463165283,3.1245288848877,-1.71203279495239,K,20
OUTPUT,NaN,NaN,NaN,NaN,NaN,NaN

INPUT,0.374569833278656,0.0465724281966686,0.720383644104004,-2.3988983631134,3.02934598922729,-1.89231514930725,K,11
OUTPUT,NaN,NaN,NaN,NaN,NaN,NaN

INPUT,0.381120622158051,0.0479891262948513,0.7314612865448,-2.42826747894287,3.01657390594482,-1.86196410655975,K,12
OUTPUT,NaN,NaN,NaN,NaN,NaN,NaN

INPUT,0.387671440839767,0.0494058281183243,0.742538928985596,-2.45775103569031,3.00391316413879,-1.8316798210144,K,13
OUTPUT,NaN,NaN,NaN,NaN,NaN,NaN

INPUT,0.394222259521484,0.050822526216507,0.753616511821747,-2.48732733726501,2.99137496948242,-1.80143666267395,K,14
OUTPUT,NaN,NaN,NaN,NaN,NaN,NaN

INPUT,0.400773048400879,0.0522392280399799,0.764694154262543,-2.51698303222656,2.97897052764893,-1.77121639251709,K,15
OUTPUT,NaN,NaN,NaN,NaN,NaN,NaN

INPUT,0.406668782234192,0.0535142570734024,0.774663984775543,-2.54373288154602,2.96793079376221,-1.74402666091919,K,16
OUTPUT,NaN,NaN,NaN,NaN,NaN,NaN

INPUT,0.411254346370697,0.0545059479773045,0.782418310642242,-2.56457448005676,2.95943069458008,-1.72287976741791,K,17
OUTPUT,NaN,NaN,NaN,NaN,NaN,NaN

INPUT,0.414529740810394,0.0552142970263958,0.78795713186264,-2.57947945594788,2.95340776443481,-1.70777320861816,K,18
OUTPUT,NaN,NaN,NaN,NaN,NaN,NaN

INPUT,0.416494995355606,0.0556393042206764,0.791280448436737,-2.58842968940735,2.9498143196106,-1.69870829582214,K,19
OUTPUT,NaN,NaN,NaN,NaN,NaN,NaN

INPUT,0.41715008020401,0.0557809770107269,0.792388200759888,-2.59141421318054,2.9486198425293,-1.69568645954132,K,20
OUTPUT,NaN,NaN,NaN,NaN,NaN,NaN

INPUT,0.367505639791489,0.0425806641578674,0.720940828323364,-2.33616328239441,3.07276558876038,-1.87559914588928,K,11
OUTPUT,NaN,NaN,NaN,NaN,NaN,NaN

INPUT,0.37322598695755,0.0435277819633484,0.732082903385162,-2.36246466636658,3.06493091583252,-1.84769117832184,K,12
OUTPUT,NaN,NaN,NaN,NaN,NaN,NaN

INPUT,0.378946334123611,0.0444748997688293,0.743224859237671,-2.38892292976379,3.05715227127075,-1.8199235200882,K,13
OUTPUT,NaN,NaN,NaN,NaN,NaN,NaN

INPUT,0.38466665148735,0.0454220175743103,0.754366874694824,-2.4154999256134,3.04943585395813,-1.79225695133209,K,14
OUTPUT,NaN,NaN,NaN,NaN,NaN,NaN

INPUT,0.390386998653412,0.0463691353797913,0.765508890151978,-2.44217038154602,3.04178690910339,-1.76466453075409,K,15
OUTPUT,NaN,NaN,NaN,NaN,NaN,NaN

INPUT,0.395535320043564,0.0472215414047241,0.775536715984344,-2.46623873710632,3.03496551513672,-1.73987901210785,K,16
OUTPUT,NaN,NaN,NaN,NaN,NaN,NaN

INPUT,0.399539560079575,0.0478845238685608,0.783336102962494,-2.48499488830566,3.02970385551453,-1.72062528133392,K,17
OUTPUT,NaN,NaN,NaN,NaN,NaN,NaN

INPUT,0.402399718761444,0.0483580827713013,0.788907110691071,-2.49840927124023,3.02596998214722,-1.70688307285309,K,18
OUTPUT,NaN,NaN,NaN,NaN,NaN,NaN

INPUT,0.404115825891495,0.0486422181129456,0.792249739170074,-2.50646448135376,3.0237398147583,-1.69864130020142,K,19
OUTPUT,NaN,NaN,NaN,NaN,NaN,NaN

INPUT,0.404687851667404,0.0487369298934937,0.793363928794861,-2.50915050506592,3.02299809455872,-1.69589447975159,K,20
OUTPUT,NaN,NaN,NaN,NaN,NaN,NaN

INPUT,0.371363282203674,0.0468725040555,0.731534004211426,-2.16742134094238,3.06125664710999,-1.86586391925812,K,5
OUTPUT,NaN,NaN,NaN,NaN,NaN,NaN

INPUT,0.37965652346611,0.0489801913499832,0.747148513793945,-2.19277381896973,3.0482165813446,-1.83729791641235,K,6
OUTPUT,NaN,NaN,NaN,NaN,NaN,NaN

INPUT,0.386106789112091,0.0506195053458214,0.759293138980865,-2.21275734901428,3.03813314437866,-1.81537556648254,K,7
OUTPUT,NaN,NaN,NaN,NaN,NaN,NaN

INPUT,0.390714138746262,0.0517904423177242,0.767967939376831,-2.22712087631226,3.03097057342529,-1.79984498023987,K,8
OUTPUT,NaN,NaN,NaN,NaN,NaN,NaN

INPUT,0.393478572368622,0.0524930059909821,0.773172736167908,-2.23576331138611,3.02669143676758,-1.79057288169861,K,9
OUTPUT,NaN,NaN,NaN,NaN,NaN,NaN

INPUT,0.372624307870865,0.0477158091962337,0.715634405612946,-2.2185046672821,3.04029369354248,-1.71141970157623,K,4
OUTPUT,NaN,NaN,NaN,NaN,NaN,NaN

INPUT,0.382622808218002,0.0505057908594608,0.730781316757202,-2.2720992565155,3.02079391479492,-1.65415108203888,K,5
OUTPUT,NaN,NaN,NaN,NaN,NaN,NaN

INPUT,0.39262130856514,0.0532957762479782,0.745928227901459,-2.32626533508301,3.00166463851929,-1.59732437133789,K,6
OUTPUT,NaN,NaN,NaN,NaN,NaN,NaN

INPUT,0.400397896766663,0.0554657615721226,0.757709205150604,-2.3684504032135,2.98715496063232,-1.55352807044983,K,7
OUTPUT,NaN,NaN,NaN,NaN,NaN,NaN

INPUT,0.405952632427216,0.0570157505571842,0.766124129295349,-2.39848279953003,2.97703552246094,-1.52252352237701,K,8
OUTPUT,NaN,NaN,NaN,NaN,NaN,NaN

INPUT,0.409285455942154,0.0579457469284534,0.771173119544983,-2.41642904281616,2.97107362747192,-1.50405204296112,K,9
OUTPUT,NaN,NaN,NaN,NaN,NaN,NaN

INPUT,0.367118418216705,0.0438053868710995,0.715196847915649,-2.26390147209167,3.07574725151062,-1.79274332523346,K,4
OUTPUT,NaN,NaN,NaN,NaN,NaN,NaN

INPUT,0.376208811998367,0.0457433313131332,0.730557799339294,-2.31133389472961,3.06305193901062,-1.73788702487946,K,5
OUTPUT,NaN,NaN,NaN,NaN,NaN,NaN

INPUT,0.385299205780029,0.0476812720298767,0.745918750762939,-2.35981845855713,3.05056118965149,-1.6840318441391,K,6
OUTPUT,NaN,NaN,NaN,NaN,NaN,NaN

INPUT,0.392369538545609,0.0491885617375374,0.757866084575653,-2.3978385925293,3.04104995727539,-1.64276158809662,K,7
OUTPUT,NaN,NaN,NaN,NaN,NaN,NaN

INPUT,0.39741975069046,0.050265196710825,0.76639997959137,-2.42501902580261,3.03439140319824,-1.6136212348938,K,8
OUTPUT,NaN,NaN,NaN,NaN,NaN,NaN

INPUT,0.400449901819229,0.0509111769497395,0.771520256996155,-2.44130182266235,3.03045749664307,-1.59627974033356,K,9
OUTPUT,NaN,NaN,NaN,NaN,NaN,NaN

INPUT,0.374971926212311,0.0451517403125763,0.71605783700943,-2.38629674911499,3.02882504463196,-1.89535343647003,K,4
OUTPUT,NaN,NaN,NaN,NaN,NaN,NaN

INPUT,0.38527125120163,0.0474345274269581,0.731067061424255,-2.4410605430603,3.0069043636322,-1.84267902374268,K,5
OUTPUT,NaN,NaN,NaN,NaN,NaN,NaN

INPUT,0.395570605993271,0.0497173145413399,0.746076345443726,-2.49561285972595,2.98537158966064,-1.78963565826416,K,6
OUTPUT,NaN,NaN,NaN,NaN,NaN,NaN

INPUT,0.403581202030182,0.0514928139746189,0.757750153541565,-2.53776717185974,2.96901249885559,-1.74839305877686,K,7
OUTPUT,NaN,NaN,NaN,NaN,NaN,NaN

INPUT,0.409303039312363,0.0527610294520855,0.766088664531708,-2.56766152381897,2.95758557319641,-1.71904850006104,K,8
OUTPUT,NaN,NaN,NaN,NaN,NaN,NaN

INPUT,0.412736147642136,0.0535219572484493,0.771091759204865,-2.58549094200134,2.95084595680237,-1.70151567459106,K,9
OUTPUT,NaN,NaN,NaN,NaN,NaN,NaN

INPUT,0.36794438958168,0.0417039133608341,0.715458512306213,-2.33205389976501,3.07238721847534,-1.88459670543671,K,4
OUTPUT,NaN,NaN,NaN,NaN,NaN,NaN

INPUT,0.377165377140045,0.0431953296065331,0.730823636054993,-2.37839412689209,3.05896830558777,-1.8338075876236,K,5
OUTPUT,NaN,NaN,NaN,NaN,NaN,NaN

INPUT,0.386386334896088,0.044686745852232,0.746188759803772,-2.42537903785706,3.04574370384216,-1.78360986709595,K,6
OUTPUT,NaN,NaN,NaN,NaN,NaN,NaN

INPUT,0.393558204174042,0.0458467341959476,0.758139371871948,-2.46207356452942,3.03565216064453,-1.74497365951538,K,7
OUTPUT,NaN,NaN,NaN,NaN,NaN,NaN

INPUT,0.398680984973907,0.0466752983629704,0.766675531864166,-2.48825883865356,3.02857303619385,-1.71761798858643,K,8
OUTPUT,NaN,NaN,NaN,NaN,NaN,NaN

INPUT,0.401754647493362,0.0471724383533001,0.771797239780426,-2.50393390655518,3.02438402175903,-1.70131123065948,K,9
OUTPUT,NaN,NaN,NaN,NaN,NaN,NaN

INPUT,0.360391736030579,0.0360622815787792,0.724635720252991,-2.47943496704102,3.12976980209351,-1.94424331188202,K,4
OUTPUT,NaN,NaN,NaN,NaN,NaN,NaN

INPUT,0.366519153118134,0.036316454410553,0.738024115562439,-2.5109646320343,3.12833499908447,-1.87868046760559,K,5
OUTPUT,NaN,NaN,NaN,NaN,NaN,NaN

INPUT,0.372646600008011,0.036570630967617,0.751412570476532,-2.5457923412323,3.12692832946777,-1.81641459465027,K,6
OUTPUT,NaN,NaN,NaN,NaN,NaN,NaN

INPUT,0.377412378787994,0.0367683246731758,0.761825799942017,-2.5744469165802,3.12586045265198,-1.76984310150146,K,7
OUTPUT,NaN,NaN,NaN,NaN,NaN,NaN

INPUT,0.380816489458084,0.0369095355272293,0.769263863563538,-2.5955057144165,3.12511444091797,-1.7374541759491,K,8
OUTPUT,NaN,NaN,NaN,NaN,NaN,NaN

INPUT,0.382858961820602,0.0369942598044872,0.773726642131805,-2.60831904411316,3.12467432022095,-1.71834850311279,K,9
OUTPUT,NaN,NaN,NaN,NaN,NaN,NaN

INPUT,0.370832175016403,0.041517585515976,0.72130823135376,-2.46553206443787,3.06242084503174,-1.70819592475891,K,11
OUTPUT,NaN,NaN,NaN,NaN,NaN,NaN

INPUT,0.376943141222,0.0423395298421383,0.732494473457336,-2.50935673713684,3.05373239517212,-1.66283798217773,K,12
OUTPUT,NaN,NaN,NaN,NaN,NaN,NaN

INPUT,0.383054137229919,0.0431614741683006,0.743680715560913,-2.5533344745636,3.04521870613098,-1.61760008335114,K,13
OUTPUT,NaN,NaN,NaN,NaN,NaN,NaN

INPUT,0.389165103435516,0.0439834222197533,0.754867017269135,-2.59743189811707,3.03689622879028,-1.57244539260864,K,14
OUTPUT,NaN,NaN,NaN,NaN,NaN,NaN

INPUT,0.395276069641113,0.0448053665459156,0.766053259372711,-2.64162540435791,3.02878212928772,-1.527348279953,K,15
OUTPUT,NaN,NaN,NaN,NaN,NaN,NaN

INPUT,0.400775969028473,0.0455451160669327,0.776120901107788,-2.68146848678589,3.02167081832886,-1.48679518699646,K,16
OUTPUT,NaN,NaN,NaN,NaN,NaN,NaN

INPUT,0.405053645372391,0.0461204797029495,0.783951282501221,-2.71249675750732,3.01627278327942,-1.4552698135376,K,17
OUTPUT,NaN,NaN,NaN,NaN,NaN,NaN

INPUT,0.408109128475189,0.0465314537286758,0.789544403553009,-2.73467874526978,3.01249170303345,-1.43275809288025,K,18
OUTPUT,NaN,NaN,NaN,NaN,NaN,NaN

INPUT,0.409942418336868,0.0467780344188213,0.792900323867798,-2.74799489974976,3.01025366783142,-1.41925275325775,K,19
OUTPUT,NaN,NaN,NaN,NaN,NaN,NaN

INPUT,0.410553514957428,0.0468602292239666,0.794018924236298,-2.75243496894836,3.00951290130615,-1.41475129127502,K,20
OUTPUT,NaN,NaN,NaN,NaN,NaN,NaN

INPUT,0.359370321035385,0.0362354218959808,0.733180522918701,-2.41605591773987,3.13759899139404,-1.7307825088501,K,12
OUTPUT,NaN,NaN,NaN,NaN,NaN,NaN

INPUT,0.363631069660187,0.036414597183466,0.744440376758575,-2.43690800666809,3.13728404045105,-1.6795209646225,K,13
OUTPUT,NaN,NaN,NaN,NaN,NaN,NaN

INPUT,0.367891818284988,0.0365937724709511,0.75570011138916,-2.45981884002686,3.13697385787964,-1.63031816482544,K,14
OUTPUT,NaN,NaN,NaN,NaN,NaN,NaN

INPUT,0.37215256690979,0.0367729477584362,0.766959965229034,-2.48437285423279,3.13666868209839,-1.58275806903839,K,15
OUTPUT,NaN,NaN,NaN,NaN,NaN,NaN

INPUT,0.375987231731415,0.036934208124876,0.777093768119812,-2.5076162815094,3.136399269104,-1.54109907150269,K,16
OUTPUT,NaN,NaN,NaN,NaN,NaN,NaN

INPUT,0.378969758749008,0.0370596311986446,0.784975647926331,-2.5263249874115,3.13619303703308,-1.50932800769806,K,17
OUTPUT,NaN,NaN,NaN,NaN,NaN,NaN

INPUT,0.381100118160248,0.0371492169797421,0.790605545043945,-2.53998374938965,3.13604784011841,-1.48692989349365,K,18
OUTPUT,NaN,NaN,NaN,NaN,NaN,NaN

INPUT,0.382378339767456,0.0372029691934586,0.793983459472656,-2.54828715324402,3.13596129417419,-1.47359883785248,K,19
OUTPUT,NaN,NaN,NaN,NaN,NaN,NaN

INPUT,0.382804423570633,0.0372208878397942,0.795109450817108,-2.55107164382935,3.1359326839447,-1.4691721200943,K,20
OUTPUT,NaN,NaN,NaN,NaN,NaN,NaN

INPUT,0.362875938415527,0.037695050239563,0.72261506319046,-2.39946985244751,3.10473132133484,-1.71614563465118,K,11
OUTPUT,NaN,NaN,NaN,NaN,NaN,NaN

INPUT,0.368051081895828,0.0380673110485077,0.733955144882202,-2.4379551410675,3.10068821907043,-1.67424273490906,K,12
OUTPUT,NaN,NaN,NaN,NaN,NaN,NaN

INPUT,0.373226195573807,0.0384395681321621,0.745295107364655,-2.47674894332886,3.09671115875244,-1.63264214992523,K,13
OUTPUT,NaN,NaN,NaN,NaN,NaN,NaN

INPUT,0.378401309251785,0.0388118289411068,0.756635129451752,-2.51577281951904,3.0928065776825,-1.59126448631287,K,14
OUTPUT,NaN,NaN,NaN,NaN,NaN,NaN

INPUT,0.383576452732086,0.0391840897500515,0.767975151538849,-2.55497360229492,3.08898067474365,-1.55005598068237,K,15
OUTPUT,NaN,NaN,NaN,NaN,NaN,NaN

INPUT,0.388234078884125,0.0395191237330437,0.778181195259094,-2.59037375450134,3.08560967445374,-1.5130809545517,K,16
OUTPUT,NaN,NaN,NaN,NaN,NaN,NaN

INPUT,0.391856640577316,0.0397797040641308,0.786119163036346,-2.61797165870667,3.08303833007813,-1.48438239097595,K,17
OUTPUT,NaN,NaN,NaN,NaN,NaN,NaN

INPUT,0.394444227218628,0.0399658344686031,0.791789174079895,-2.63771414756775,3.08122992515564,-1.4639105796814,K,18
OUTPUT,NaN,NaN,NaN,NaN,NaN,NaN

INPUT,0.395996749401093,0.0400775112211704,0.79519122838974,-2.64957046508789,3.08015656471252,-1.45163726806641,K,19
OUTPUT,NaN,NaN,NaN,NaN,NaN,NaN

INPUT,0.396514266729355,0.040114738047123,0.796325206756592,-2.65352416038513,3.07980060577393,-1.44754767417908,K,20
OUTPUT,NaN,NaN,NaN,NaN,NaN,NaN

INPUT,0.371266961097717,0.0407686941325665,0.716293156147003,-2.46261501312256,3.06215357780457,-1.72525680065155,K,4
OUTPUT,NaN,NaN,NaN,NaN,NaN,NaN

INPUT,0.38102126121521,0.0421166270971298,0.731619596481323,-2.53810119628906,3.04732298851013,-1.6419929265976,K,5
OUTPUT,NaN,NaN,NaN,NaN,NaN,NaN

INPUT,0.390775561332703,0.0434645637869835,0.746946096420288,-2.61468291282654,3.03308463096619,-1.55971586704254,K,6
OUTPUT,NaN,NaN,NaN,NaN,NaN,NaN

INPUT,0.398362249135971,0.0445129573345184,0.758866667747498,-2.67474842071533,3.02247762680054,-1.49614238739014,K,7
OUTPUT,NaN,NaN,NaN,NaN,NaN,NaN

INPUT,0.403781294822693,0.0452618114650249,0.767381370067596,-2.71785283088684,3.01517701148987,-1.45088613033295,K,8
OUTPUT,NaN,NaN,NaN,NaN,NaN,NaN

INPUT,0.40703272819519,0.0457111224532127,0.77249014377594,-2.74378180503845,3.01091384887695,-1.42377984523773,K,9
OUTPUT,NaN,NaN,NaN,NaN,NaN,NaN

INPUT,0.371984034776688,0.0379296466708183,0.732511103153229,-2.46959924697876,3.09742951393127,-1.66065549850464,K,5
OUTPUT,NaN,NaN,NaN,NaN,NaN,NaN

INPUT,0.380422204732895,0.0385077893733978,0.748297929763794,-2.53462195396423,3.09084677696228,-1.58276760578156,K,6
OUTPUT,NaN,NaN,NaN,NaN,NaN,NaN

INPUT,0.386985242366791,0.038957454264164,0.760576546192169,-2.58623719215393,3.08590316772461,-1.52321410179138,K,7
OUTPUT,NaN,NaN,NaN,NaN,NaN,NaN

INPUT,0.391673117876053,0.0392786450684071,0.769347012042999,-2.62351059913635,3.08247590065002,-1.48107206821442,K,8
OUTPUT,NaN,NaN,NaN,NaN,NaN,NaN

INPUT,0.394485831260681,0.0394713580608368,0.774609267711639,-2.6460063457489,3.08046364784241,-1.45591461658478,K,9
OUTPUT,NaN,NaN,NaN,NaN,NaN,NaN

INPUT,0.359710782766342,0.0361388735473156,0.724325060844421,-2.50490474700928,3.13683724403381,-1.86118161678314,K,4
OUTPUT,NaN,NaN,NaN,NaN,NaN,NaN

INPUT,0.36579892039299,0.0364086031913757,0.737768054008484,-2.51096534729004,3.13658952713013,-1.75125443935394,K,5
OUTPUT,NaN,NaN,NaN,NaN,NaN,NaN

INPUT,0.371887058019638,0.0366783365607262,0.751211047172546,-2.52189016342163,3.13634634017944,-1.64619135856628,K,6
OUTPUT,NaN,NaN,NaN,NaN,NaN,NaN

INPUT,0.376622259616852,0.036888126283884,0.761666774749756,-2.53326821327209,3.1361620426178,-1.5673565864563,K,7
OUTPUT,NaN,NaN,NaN,NaN,NaN,NaN

INPUT,0.380004554986954,0.03703797981143,0.769135117530823,-2.54275012016296,3.13603329658508,-1.51240074634552,K,8
OUTPUT,NaN,NaN,NaN,NaN,NaN,NaN

INPUT,0.382033944129944,0.0371278896927834,0.773616075515747,-2.54893279075623,3.13595771789551,-1.47992098331451,K,9
OUTPUT,NaN,NaN,NaN,NaN,NaN,NaN

