INPUT,0.362467467784882,0.0346152149140835,0.732579231262207,-2.9416606426239,3.12076258659363,-1.88157534599304,K,12
OUTPUT,NaN,NaN,NaN,NaN,NaN,NaN

INPUT,0.367054283618927,0.034623883664608,0.743775486946106,-2.99597525596619,3.1189181804657,-1.82431375980377,K,13
OUTPUT,NaN,NaN,NaN,NaN,NaN,NaN

INPUT,0.371641099452972,0.0346325561404228,0.754971742630005,-3.05050897598267,3.1171441078186,-1.76726913452148,K,14
OUTPUT,NaN,NaN,NaN,NaN,NaN,NaN

INPUT,0.376227915287018,0.0346412248909473,0.766167998313904,-3.10521078109741,3.11544609069824,-1.71038997173309,K,15
OUTPUT,NaN,NaN,NaN,NaN,NaN,NaN

INPUT,0.380356073379517,0.0346490293741226,0.776244699954987,3.1286301612854,3.1139874458313,-1.65930962562561,K,16
OUTPUT,NaN,NaN,NaN,NaN,NaN,NaN

INPUT,0.383566856384277,0.0346550978720188,0.784082055091858,3.09019064903259,3.11290073394775,-1.61963963508606,K,17
OUTPUT,NaN,NaN,NaN,NaN,NaN,NaN

INPUT,0.3858602643013,0.0346594341099262,0.789680182933807,3.06270599365234,3.11215114593506,-1.59133088588715,K,18
OUTPUT,NaN,NaN,NaN,NaN,NaN,NaN

INPUT,0.387236297130585,0.0346620343625546,0.793039083480835,3.0462052822113,3.11171245574951,-1.57435536384583,K,19
OUTPUT,NaN,NaN,NaN,NaN,NaN,NaN

INPUT,0.387694984674454,0.0346629023551941,0.794158697128296,3.04070353507996,3.11156797409058,-1.56869828701019,K,20
OUTPUT,NaN,NaN,NaN,NaN,NaN,NaN

INPUT,0.357412457466125,0.0348943546414375,0.723729848861694,-2.93620824813843,3.13123989105225,-1.99143290519714,K,4
OUTPUT,NaN,NaN,NaN,NaN,NaN,NaN

INPUT,0.363135933876038,0.0349486693739891,0.737190127372742,-3.01076745986938,3.13012480735779,-1.89574790000916,K,5
OUTPUT,NaN,NaN,NaN,NaN,NaN,NaN

INPUT,0.36885941028595,0.0350029803812504,0.750650405883789,-3.0871422290802,3.12909173965454,-1.80187737941742,K,6
OUTPUT,NaN,NaN,NaN,NaN,NaN,NaN

INPUT,0.373310983181,0.0350452251732349,0.761119484901428,3.13573098182678,3.12834978103638,-1.72977590560913,K,7
OUTPUT,NaN,NaN,NaN,NaN,NaN,NaN

INPUT,0.37649068236351,0.0350754000246525,0.768597424030304,3.09227275848389,3.12785506248474,-1.67865228652954,K,8
OUTPUT,NaN,NaN,NaN,NaN,NaN,NaN

INPUT,0.378398507833481,0.035093504935503,0.773084163665771,3.06607103347778,3.12757277488708,-1.64810490608215,K,9
OUTPUT,NaN,NaN,NaN,NaN,NaN,NaN

INPUT,0.358725160360336,0.0343253761529922,0.732870995998383,-2.97709894180298,3.13689064979553,-2.00546097755432,K,12
OUTPUT,NaN,NaN,NaN,NaN,NaN,NaN

INPUT,0.362916737794876,0.0343032814562321,0.744100391864777,-3.02224779129028,3.13655614852905,-1.94835102558136,K,13
OUTPUT,NaN,NaN,NaN,NaN,NaN,NaN

INPUT,0.367108255624771,0.0342811867594719,0.755329847335815,-3.06812858581543,3.13623476028442,-1.89197325706482,K,14
OUTPUT,NaN,NaN,NaN,NaN,NaN,NaN

INPUT,0.371299803256989,0.0342590920627117,0.766559243202209,-3.11459231376648,3.13592720031738,-1.83617806434631,K,15
OUTPUT,NaN,NaN,NaN,NaN,NaN,NaN

INPUT,0.375072211027145,0.0342392064630985,0.77666574716568,3.12637114524841,3.13566279411316,-1.78636705875397,K,16
OUTPUT,NaN,NaN,NaN,NaN,NaN,NaN

INPUT,0.378006279468536,0.0342237390577793,0.784526288509369,3.09331011772156,3.13546586036682,-1.74784684181213,K,17
OUTPUT,NaN,NaN,NaN,NaN,NaN,NaN

INPUT,0.380102068185806,0.0342126898467541,0.790141046047211,3.0695915222168,3.13532996177673,-1.72043585777283,K,18
OUTPUT,NaN,NaN,NaN,NaN,NaN,NaN

INPUT,0.38135951757431,0.0342060625553131,0.793509840965271,3.05532288551331,3.13525032997131,-1.70402669906616,K,19
OUTPUT,NaN,NaN,NaN,NaN,NaN,NaN

INPUT,0.381778687238693,0.0342038534581661,0.794632792472839,3.05056071281433,3.13522410392761,-1.69856309890747,K,20
OUTPUT,NaN,NaN,NaN,NaN,NaN,NaN

INPUT,0.362883150577545,0.0346510894596577,0.724518179893494,-2.92940163612366,3.12084913253784,-1.93369019031525,K,4
OUTPUT,NaN,NaN,NaN,NaN,NaN,NaN

INPUT,0.369292855262756,0.0346702262759209,0.737660706043243,-3.01019835472107,3.11811518669128,-1.83500492572784,K,5
OUTPUT,NaN,NaN,NaN,NaN,NaN,NaN

INPUT,0.37570258975029,0.0346893593668938,0.750803232192993,-3.09281253814697,3.1155686378479,-1.73813188076019,K,6
OUTPUT,NaN,NaN,NaN,NaN,NaN,NaN

INPUT,0.380687922239304,0.0347042419016361,0.761025190353394,3.12524509429932,3.11373090744019,-1.66365432739258,K,7
OUTPUT,NaN,NaN,NaN,NaN,NaN,NaN

INPUT,0.384248852729797,0.0347148701548576,0.768326580524445,3.07837343215942,3.11250066757202,-1.61080586910248,K,8
OUTPUT,NaN,NaN,NaN,NaN,NaN,NaN

INPUT,0.386385440826416,0.0347212478518486,0.772707462310791,3.05013418197632,3.11179685592651,-1.57921230792999,K,9
OUTPUT,NaN,NaN,NaN,NaN,NaN,NaN

INPUT,0.358998596668243,0.0343801081180573,0.723862826824188,-2.96764492988586,3.13613343238831,-2.0548791885376,K,4
OUTPUT,NaN,NaN,NaN,NaN,NaN,NaN

INPUT,0.364995062351227,0.0343365147709846,0.73730206489563,-3.03629779815674,3.13583850860596,-1.95907175540924,K,5
OUTPUT,NaN,NaN,NaN,NaN,NaN,NaN

INPUT,0.370991498231888,0.0342929251492023,0.750741302967072,-3.10619711875916,3.13558173179626,-1.86451029777527,K,6
OUTPUT,NaN,NaN,NaN,NaN,NaN,NaN

INPUT,0.37565541267395,0.034259021282196,0.761193990707397,3.12196016311646,3.13540935516357,-1.79162442684174,K,7
OUTPUT,NaN,NaN,NaN,NaN,NaN,NaN

INPUT,0.378986746072769,0.034234806895256,0.768660247325897,3.08237218856812,3.13530135154724,-1.73984515666962,K,8
OUTPUT,NaN,NaN,NaN,NaN,NaN,NaN

INPUT,0.380985587835312,0.0342202745378017,0.773140013217926,3.05852437019348,3.13524270057678,-1.70887291431427,K,9
OUTPUT,NaN,NaN,NaN,NaN,NaN,NaN

INPUT,0.359061390161514,0.034816425293684,0.7219597697258,-2.77847218513489,3.11037755012512,-2.02642631530762,K,11
OUTPUT,NaN,NaN,NaN,NaN,NaN,NaN

INPUT,0.363787651062012,0.0348499789834023,0.733222484588623,-2.82172608375549,3.10702204704285,-1.98121154308319,K,12
OUTPUT,NaN,NaN,NaN,NaN,NaN,NaN

INPUT,0.368513941764832,0.0348835363984108,0.744485199451447,-2.86515426635742,3.10373425483704,-1.93616628646851,K,13
OUTPUT,NaN,NaN,NaN,NaN,NaN,NaN

INPUT,0.373240202665329,0.034917090088129,0.755747854709625,-2.90871334075928,3.10052037239075,-1.89124619960785,K,14
OUTPUT,NaN,NaN,NaN,NaN,NaN,NaN

INPUT,0.377966493368149,0.0349506437778473,0.767010569572449,-2.95237302780151,3.09738707542419,-1.84642088413239,K,15
OUTPUT,NaN,NaN,NaN,NaN,NaN,NaN

INPUT,0.382220149040222,0.0349808409810066,0.777146995067596,-2.99173498153687,3.09464073181152,-1.80614137649536,K,16
OUTPUT,NaN,NaN,NaN,NaN,NaN,NaN

INPUT,0.385528534650803,0.0350043326616287,0.785030901432037,-3.0223867893219,3.09255576133728,-1.77484595775604,K,17
OUTPUT,NaN,NaN,NaN,NaN,NaN,NaN

INPUT,0.387891680002213,0.0350211076438427,0.790662229061127,-3.04429793357849,3.0910952091217,-1.75250732898712,K,18
OUTPUT,NaN,NaN,NaN,NaN,NaN,NaN

INPUT,0.38930955529213,0.0350311733782291,0.794041037559509,-3.05745077133179,3.09023070335388,-1.73910963535309,K,19
OUTPUT,NaN,NaN,NaN,NaN,NaN,NaN

INPUT,0.389782190322876,0.0350345298647881,0.795167326927185,-3.0618360042572,3.08994460105896,-1.73464453220367,K,20
OUTPUT,NaN,NaN,NaN,NaN,NaN,NaN

INPUT,0.346015781164169,0.033019695430994,0.743416309356689,0.344907939434052,3.0663731098175,1.34245669841766,K,13
OUTPUT,NaN,NaN,NaN,NaN,NaN,NaN

INPUT,0.348598927259445,0.0328755900263786,0.754578173160553,0.296873986721039,3.05981040000916,1.38950955867767,K,14
OUTPUT,NaN,NaN,NaN,NaN,NaN,NaN

INPUT,0.351182073354721,0.0327314846217632,0.765740036964417,0.248899221420288,3.05343246459961,1.43664693832397,K,15
OUTPUT,NaN,NaN,NaN,NaN,NaN,NaN

INPUT,0.353506922721863,0.0326017923653126,0.775785684585571,0.205758795142174,3.04786205291748,1.47912991046906,K,16
OUTPUT,NaN,NaN,NaN,NaN,NaN,NaN

INPUT,0.355315119028091,0.0325009189546108,0.783599019050598,0.172222942113876,3.0436475276947,1.51220524311066,K,17
OUTPUT,NaN,NaN,NaN,NaN,NaN,NaN

INPUT,0.356606721878052,0.032428864389658,0.789179921150208,0.148276373744011,3.04070329666138,1.53584623336792,K,18
OUTPUT,NaN,NaN,NaN,NaN,NaN,NaN

INPUT,0.357381641864777,0.0323856323957443,0.792528510093689,0.13391076028347,3.03896403312683,1.55003678798676,K,19
OUTPUT,NaN,NaN,NaN,NaN,NaN,NaN

INPUT,0.357639968395233,0.0323712229728699,0.793644666671753,0.129122734069824,3.03838896751404,1.55476784706116,K,20
OUTPUT,NaN,NaN,NaN,NaN,NaN,NaN

INPUT,0.353901863098145,0.0380592085421085,0.733250737190247,-0.0358706712722778,3.10970997810364,1.11159825325012,K,12
OUTPUT,NaN,NaN,NaN,NaN,NaN,NaN

INPUT,0.357587069272995,0.0384304039180279,0.74451756477356,-0.0966237708926201,3.10667991638184,1.17163419723511,K,13
OUTPUT,NaN,NaN,NaN,NaN,NaN,NaN

INPUT,0.361272245645523,0.0388015992939472,0.755784392356873,-0.157323718070984,3.10377717018127,1.231729388237,K,14
OUTPUT,NaN,NaN,NaN,NaN,NaN,NaN

INPUT,0.364957422018051,0.0391727983951569,0.767051219940186,-0.2179846316576,3.10101222991943,1.2918701171875,K,15
OUTPUT,NaN,NaN,NaN,NaN,NaN,NaN

INPUT,0.368274092674255,0.0395068749785423,0.777191340923309,-0.272554486989975,3.0986499786377,1.34602761268616,K,16
OUTPUT,NaN,NaN,NaN,NaN,NaN,NaN

INPUT,0.37085372209549,0.03976671397686,0.785078108310699,-0.314984709024429,3.09690022468567,1.38816654682159,K,17
OUTPUT,NaN,NaN,NaN,NaN,NaN,NaN

INPUT,0.372696310281754,0.0399523116648197,0.790711522102356,-0.345286339521408,3.09569883346558,1.41827356815338,K,18
OUTPUT,NaN,NaN,NaN,NaN,NaN,NaN

INPUT,0.37380188703537,0.0400636717677116,0.794091522693634,-0.363465249538422,3.0949981212616,1.43634057044983,K,19
OUTPUT,NaN,NaN,NaN,NaN,NaN,NaN

INPUT,0.374170392751694,0.0401007905602455,0.795218229293823,-0.369524776935577,3.09476804733276,1.4423633813858,K,20
OUTPUT,NaN,NaN,NaN,NaN,NaN,NaN

INPUT,0.339835852384567,0.0396724790334702,0.742647647857666,0.046791423112154,3.03229308128357,1.25464713573456,K,13
OUTPUT,NaN,NaN,NaN,NaN,NaN,NaN

INPUT,0.341830879449844,0.0401620715856552,0.753735601902008,-0.0110182091593742,3.02327108383179,1.31210601329803,K,14
OUTPUT,NaN,NaN,NaN,NaN,NaN,NaN

INPUT,0.343825876712799,0.0406516678631306,0.764823496341705,-0.0688339993357658,3.01464152336121,1.36961948871613,K,15
OUTPUT,NaN,NaN,NaN,NaN,NaN,NaN

INPUT,0.345621407032013,0.0410923026502132,0.774802625179291,-0.120878115296364,3.0072340965271,1.42142426967621,K,16
OUTPUT,NaN,NaN,NaN,NaN,NaN,NaN

INPUT,0.347017914056778,0.0414350181818008,0.782564163208008,-0.161365851759911,3.00172138214111,1.46174275875092,K,17
OUTPUT,NaN,NaN,NaN,NaN,NaN,NaN

INPUT,0.348015397787094,0.0416798144578934,0.788108110427856,-0.190290942788124,2.99792289733887,1.49055504798889,K,18
OUTPUT,NaN,NaN,NaN,NaN,NaN,NaN

INPUT,0.348613917827606,0.0418266952037811,0.791434526443481,-0.207648366689682,2.99570059776306,1.50784742832184,K,19
OUTPUT,NaN,NaN,NaN,NaN,NaN,NaN

INPUT,0.348813414573669,0.0418756529688835,0.792543292045593,-0.213434621691704,2.99496960639954,1.51361238956451,K,20
OUTPUT,NaN,NaN,NaN,NaN,NaN,NaN

INPUT,0.362382173538208,0.0340052545070648,0.721565008163452,-2.99405765533447,3.10765171051025,-2.07575535774231,K,11
OUTPUT,NaN,NaN,NaN,NaN,NaN,NaN

INPUT,0.367497116327286,0.0339428149163723,0.732785403728485,-3.04732942581177,3.10412311553955,-2.02098894119263,K,12
OUTPUT,NaN,NaN,NaN,NaN,NaN,NaN

INPUT,0.372612029314041,0.0338803753256798,0.744005739688873,-3.10073113441467,3.10070395469666,-1.9663462638855,K,13
OUTPUT,NaN,NaN,NaN,NaN,NaN,NaN

INPUT,0.377726942300797,0.0338179357349873,0.755226135253906,3.12895393371582,3.09740400314331,-1.91179418563843,K,14
OUTPUT,NaN,NaN,NaN,NaN,NaN,NaN

INPUT,0.382841855287552,0.0337554961442947,0.766446471214294,3.07537817955017,3.09423303604126,-1.8573100566864,K,15
OUTPUT,NaN,NaN,NaN,NaN,NaN,NaN

INPUT,0.38744530081749,0.0336993001401424,0.776544809341431,3.02710843086243,3.09149694442749,-1.80831909179688,K,16
OUTPUT,NaN,NaN,NaN,NaN,NaN,NaN

INPUT,0.391025751829147,0.0336555950343609,0.784399092197418,2.98953723907471,3.08945035934448,-1.7702385187149,K,17
OUTPUT,NaN,NaN,NaN,NaN,NaN,NaN

INPUT,0.393583208322525,0.0336243733763695,0.790009260177612,2.96268796920776,3.08803415298462,-1.74304854869843,K,18
OUTPUT,NaN,NaN,NaN,NaN,NaN,NaN

INPUT,0.395117670297623,0.0336056426167488,0.793375372886658,2.94657349586487,3.08720302581787,-1.72673833370209,K,19
OUTPUT,NaN,NaN,NaN,NaN,NaN,NaN

INPUT,0.395629167556763,0.0335993990302086,0.794497430324554,2.94120144844055,3.08692908287048,-1.72130215167999,K,20
OUTPUT,NaN,NaN,NaN,NaN,NaN,NaN

INPUT,0.347756564617157,0.0374887883663177,0.731994688510895,0.271182417869568,3.09331107139587,1.2372020483017,K,12
OUTPUT,NaN,NaN,NaN,NaN,NaN,NaN

INPUT,0.350795358419418,0.037800021469593,0.743128418922424,0.219703406095505,3.08859372138977,1.28743362426758,K,13
OUTPUT,NaN,NaN,NaN,NaN,NaN,NaN

INPUT,0.353834182024002,0.038111250847578,0.754262149333954,0.168318882584572,3.08401346206665,1.33777225017548,K,14
OUTPUT,NaN,NaN,NaN,NaN,NaN,NaN

INPUT,0.356872975826263,0.0384224839508533,0.765395820140839,0.117003746330738,3.07958197593689,1.38819336891174,K,15
OUTPUT,NaN,NaN,NaN,NaN,NaN,NaN

INPUT,0.35960790514946,0.038702592253685,0.775416195392609,0.0708646550774574,3.0757303237915,1.43362891674042,K,16
OUTPUT,NaN,NaN,NaN,NaN,NaN,NaN

INPUT,0.361735045909882,0.0389204546809196,0.783209800720215,0.0350016579031944,3.07282948493958,1.46899831295013,K,17
OUTPUT,NaN,NaN,NaN,NaN,NaN,NaN

INPUT,0.363254457712173,0.0390760712325573,0.788776636123657,0.00939528364688158,3.07081079483032,1.49427664279938,K,18
OUTPUT,NaN,NaN,NaN,NaN,NaN,NaN

INPUT,0.364166080951691,0.0391694381833076,0.792116761207581,-0.00596495531499386,3.06962132453918,1.50944888591766,K,19
OUTPUT,NaN,NaN,NaN,NaN,NaN,NaN

INPUT,0.364469975233078,0.0392005629837513,0.79323011636734,-0.0110845165327191,3.0692286491394,1.51450705528259,K,20
OUTPUT,NaN,NaN,NaN,NaN,NaN,NaN

INPUT,0.362890720367432,0.0355119369924068,0.732663810253143,-2.90442419052124,3.11594152450562,-1.85456955432892,K,12
OUTPUT,NaN,NaN,NaN,NaN,NaN,NaN

INPUT,0.367522537708282,0.0356150791049004,0.743867933750153,-2.95845675468445,3.11363577842712,-1.79809844493866,K,13
OUTPUT,NaN,NaN,NaN,NaN,NaN,NaN

INPUT,0.372154355049133,0.0357182212173939,0.755072116851807,-3.01267385482788,3.11141514778137,-1.74180865287781,K,14
OUTPUT,NaN,NaN,NaN,NaN,NaN,NaN

INPUT,0.376786172389984,0.0358213633298874,0.766276240348816,-3.06703233718872,3.10928654670715,-1.6856564283371,K,15
OUTPUT,NaN,NaN,NaN,NaN,NaN,NaN

INPUT,0.380954831838608,0.0359141938388348,0.776359975337982,-3.11605024337769,3.1074550151825,-1.63521146774292,K,16
OUTPUT,NaN,NaN,NaN,NaN,NaN,NaN

INPUT,0.384197115898132,0.0359863936901093,0.784202873706818,3.12895917892456,3.10608863830566,-1.59602522850037,K,17
OUTPUT,NaN,NaN,NaN,NaN,NaN,NaN

INPUT,0.386513024568558,0.0360379628837109,0.789804935455322,3.1016674041748,3.10514497756958,-1.56805741786957,K,18
OUTPUT,NaN,NaN,NaN,NaN,NaN,NaN

INPUT,0.387902557849884,0.0360689051449299,0.793166220188141,3.08528399467468,3.10459208488464,-1.55128479003906,K,19
OUTPUT,NaN,NaN,NaN,NaN,NaN,NaN

INPUT,0.388365745544434,0.0360792204737663,0.794286608695984,3.07982134819031,3.10440993309021,-1.54569506645203,K,20
OUTPUT,NaN,NaN,NaN,NaN,NaN,NaN

INPUT,0.353079348802567,0.0337016843259335,0.732508838176727,0.331024020910263,3.1127245426178,1.26304960250854,K,12
OUTPUT,NaN,NaN,NaN,NaN,NaN,NaN

INPUT,0.356678396463394,0.0336143001914024,0.743696630001068,0.280800431966782,3.10984563827515,1.31092870235443,K,13
OUTPUT,NaN,NaN,NaN,NaN,NaN,NaN

INPUT,0.360277444124222,0.0335269197821617,0.754884421825409,0.230767533183098,3.10704326629639,1.35900270938873,K,14
OUTPUT,NaN,NaN,NaN,NaN,NaN,NaN

INPUT,0.363876491785049,0.0334395356476307,0.766072273254395,0.180877193808556,3.10432386398315,1.40722441673279,K,15
OUTPUT,NaN,NaN,NaN,NaN,NaN,NaN

INPUT,0.367115646600723,0.0333608910441399,0.776141285896301,0.136070236563683,3.10195279121399,1.45072209835052,K,16
OUTPUT,NaN,NaN,NaN,NaN,NaN,NaN

INPUT,0.369634956121445,0.0332997255027294,0.783972799777985,0.101269997656345,3.10016179084778,1.48460638523102,K,17
OUTPUT,NaN,NaN,NaN,NaN,NaN,NaN

INPUT,0.371434479951859,0.0332560352981091,0.789566695690155,0.0764352381229401,3.09891223907471,1.50883328914642,K,18
OUTPUT,NaN,NaN,NaN,NaN,NaN,NaN

INPUT,0.372514218091965,0.0332298204302788,0.792923033237457,0.061542484909296,3.09817481040955,1.5233781337738,K,19
OUTPUT,NaN,NaN,NaN,NaN,NaN,NaN

INPUT,0.372874110937119,0.0332210808992386,0.794041812419891,0.0565794333815575,3.0979311466217,1.52822780609131,K,20
OUTPUT,NaN,NaN,NaN,NaN,NaN,NaN

INPUT,0.367381900548935,0.034820981323719,0.73150110244751,-2.8554048538208,3.10441899299622,-1.96477794647217,K,5
OUTPUT,NaN,NaN,NaN,NaN,NaN,NaN

INPUT,0.375075489282608,0.0348682440817356,0.747230529785156,-2.92877316474915,3.09896779060364,-1.88099920749664,K,6
OUTPUT,NaN,NaN,NaN,NaN,NaN,NaN

INPUT,0.381059378385544,0.0349050052464008,0.759464502334595,-2.9866669178009,3.09490752220154,-1.81665515899658,K,7
OUTPUT,NaN,NaN,NaN,NaN,NaN,NaN

INPUT,0.385333597660065,0.0349312610924244,0.76820307970047,-3.02834177017212,3.09211277961731,-1.77101016044617,K,8
OUTPUT,NaN,NaN,NaN,NaN,NaN,NaN

INPUT,0.387898117303848,0.0349470153450966,0.773446202278137,-3.0534508228302,3.09048080444336,-1.74372470378876,K,9
OUTPUT,NaN,NaN,NaN,NaN,NaN,NaN

INPUT,0.359834611415863,0.0382939130067825,0.737136244773865,-0.122598096728325,3.10744309425354,1.14956653118134,K,5
OUTPUT,NaN,NaN,NaN,NaN,NaN,NaN

INPUT,0.365309745073318,0.0388226695358753,0.750853657722473,-0.209734722971916,3.10254549980164,1.25671446323395,K,6
OUTPUT,NaN,NaN,NaN,NaN,NaN,NaN

INPUT,0.369568198919296,0.039233922958374,0.761522769927979,-0.279054433107376,3.09898614883423,1.33851706981659,K,7
OUTPUT,NaN,NaN,NaN,NaN,NaN,NaN

INPUT,0.372609972953796,0.0395276769995689,0.769143521785736,-0.32915997505188,3.09659075737,1.39636301994324,K,8
OUTPUT,NaN,NaN,NaN,NaN,NaN,NaN

INPUT,0.374435007572174,0.0397039279341698,0.773716032505035,-0.359412729740143,3.09521579742432,1.43088376522064,K,9
OUTPUT,NaN,NaN,NaN,NaN,NaN,NaN

INPUT,0.35032457113266,0.0331785902380943,0.741823673248291,0.315014511346817,3.06364321708679,1.36127126216888,K,5
OUTPUT,NaN,NaN,NaN,NaN,NaN,NaN

INPUT,0.353693693876266,0.03298344835639,0.753317534923553,0.248373910784721,3.05418038368225,1.43116080760956,K,6
OUTPUT,NaN,NaN,NaN,NaN,NaN,NaN

INPUT,0.356314092874527,0.0328316725790501,0.762257158756256,0.196302682161331,3.04709935188293,1.48531746864319,K,7
OUTPUT,NaN,NaN,NaN,NaN,NaN,NaN

INPUT,0.358185827732086,0.0327232591807842,0.768642663955688,0.159008651971817,3.0422031879425,1.52392184734344,K,8
OUTPUT,NaN,NaN,NaN,NaN,NaN,NaN

INPUT,0.359308868646622,0.0326582118868828,0.772473931312561,0.136598140001297,3.03933382034302,1.54705905914307,K,9
OUTPUT,NaN,NaN,NaN,NaN,NaN,NaN

INPUT,0.371349275112152,0.0340301021933556,0.731167912483215,-3.08936643600464,3.10155892372131,-2.00168442726135,K,5
OUTPUT,NaN,NaN,NaN,NaN,NaN,NaN

INPUT,0.379704535007477,0.0339533537626266,0.746777296066284,3.10393118858337,3.09590864181519,-1.89971339702606,K,6
OUTPUT,NaN,NaN,NaN,NaN,NaN,NaN

INPUT,0.386203050613403,0.0338936559855938,0.758917927742004,3.03309202194214,3.09180116653442,-1.8213130235672,K,7
OUTPUT,NaN,NaN,NaN,NaN,NaN,NaN

INPUT,0.390844881534576,0.0338510200381279,0.767589807510376,2.98213601112366,3.08903503417969,-1.76566016674042,K,8
OUTPUT,NaN,NaN,NaN,NaN,NaN,NaN

INPUT,0.393629938364029,0.0338254347443581,0.772792935371399,2.95144772529602,3.08744645118713,-1.73237943649292,K,9
OUTPUT,NaN,NaN,NaN,NaN,NaN,NaN

INPUT,0.353055864572525,0.0378542244434357,0.735264599323273,0.207760453224182,3.08918642997742,1.27905774116516,K,5
OUTPUT,NaN,NaN,NaN,NaN,NaN,NaN

INPUT,0.357685476541519,0.038333136588335,0.748951017856598,0.129637852311134,3.08163523674011,1.36444866657257,K,6
OUTPUT,NaN,NaN,NaN,NaN,NaN,NaN

INPUT,0.361286282539368,0.0387056209146976,0.759596049785614,0.0682975277304649,3.07603573799133,1.43031024932861,K,7
OUTPUT,NaN,NaN,NaN,NaN,NaN,NaN

INPUT,0.363858282566071,0.0389716848731041,0.767199635505676,0.0242569800466299,3.07219696044922,1.4771420955658,K,8
OUTPUT,NaN,NaN,NaN,NaN,NaN,NaN

INPUT,0.36540150642395,0.0391313210129738,0.771761775016785,-0.00224093184806406,3.06996202468872,1.50517332553864,K,9
OUTPUT,NaN,NaN,NaN,NaN,NaN,NaN

INPUT,0.363492459058762,0.0354760512709618,0.72504186630249,-2.89060473442078,3.1162211894989,-1.90458786487579,K,4
OUTPUT,NaN,NaN,NaN,NaN,NaN,NaN

INPUT,0.369880139827728,0.0356478616595268,0.738080859184265,-2.97148108482361,3.11275959014893,-1.80768609046936,K,5
OUTPUT,NaN,NaN,NaN,NaN,NaN,NaN

INPUT,0.376267790794373,0.0358196757733822,0.751119911670685,-3.05403518676758,3.10952401161194,-1.71245324611664,K,6
OUTPUT,NaN,NaN,NaN,NaN,NaN,NaN

INPUT,0.381235986948013,0.0359533056616783,0.761261403560638,-3.11904382705688,3.10718059539795,-1.63917744159698,K,7
OUTPUT,NaN,NaN,NaN,NaN,NaN,NaN

INPUT,0.384784698486328,0.0360487550497055,0.768505334854126,3.11738467216492,3.10560655593872,-1.58715641498566,K,8
OUTPUT,NaN,NaN,NaN,NaN,NaN,NaN

INPUT,0.386913925409317,0.0361060276627541,0.772851645946503,3.08922410011292,3.10470366477966,-1.5560485124588,K,9
OUTPUT,NaN,NaN,NaN,NaN,NaN,NaN

INPUT,0.35885751247406,0.0336900874972343,0.736192464828491,0.274225473403931,3.11041355133057,1.30775916576385,K,5
OUTPUT,NaN,NaN,NaN,NaN,NaN,NaN

INPUT,0.36421725153923,0.0335390157997608,0.749825119972229,0.195993334054947,3.10571527481079,1.38723647594452,K,6
OUTPUT,NaN,NaN,NaN,NaN,NaN,NaN

INPUT,0.368385940790176,0.033421516418457,0.760428249835968,0.135040909051895,3.10221362113953,1.44895601272583,K,7
OUTPUT,NaN,NaN,NaN,NaN,NaN,NaN

INPUT,0.371363580226898,0.0333375856280327,0.768001973628998,0.0914623290300369,3.09980249404907,1.49300527572632,K,8
OUTPUT,NaN,NaN,NaN,NaN,NaN,NaN

INPUT,0.373150140047073,0.0332872308790684,0.772546172142029,0.0653017461299896,3.09839415550232,1.51942336559296,K,9
OUTPUT,NaN,NaN,NaN,NaN,NaN,NaN

INPUT,0.343828529119492,0.0396380424499512,0.74028491973877,-0.00213290913961828,3.02892661094666,1.26415491104126,K,5
OUTPUT,NaN,NaN,NaN,NaN,NaN,NaN

INPUT,0.346651136875153,0.0402207672595978,0.751975178718567,-0.0769380703568459,3.0159227848053,1.3551059961319,K,6
OUTPUT,NaN,NaN,NaN,NaN,NaN,NaN

INPUT,0.348846465349197,0.0406740009784698,0.761067628860474,-0.136207848787308,3.00639486312866,1.42484784126282,K,7
OUTPUT,NaN,NaN,NaN,NaN,NaN,NaN

INPUT,0.350414574146271,0.0409977398812771,0.767562210559845,-0.178988754749298,2.99992823600769,1.47426795959473,K,8
OUTPUT,NaN,NaN,NaN,NaN,NaN,NaN

INPUT,0.351355463266373,0.0411919802427292,0.771458983421326,-0.204806298017502,2.99619102478027,1.50379061698914,K,9
OUTPUT,NaN,NaN,NaN,NaN,NaN,NaN

INPUT,0.361904263496399,0.0338995419442654,0.732695639133453,-2.96144843101501,3.12272357940674,-1.92628049850464,K,12
OUTPUT,NaN,NaN,NaN,NaN,NaN,NaN

INPUT,0.366430699825287,0.0338327437639236,0.743905961513519,-3.01426243782043,3.12105846405029,-1.8701423406601,K,13
OUTPUT,NaN,NaN,NaN,NaN,NaN,NaN

INPUT,0.370957165956497,0.0337659455835819,0.755116283893585,-3.06732273101807,3.1194543838501,-1.81424880027771,K,14
OUTPUT,NaN,NaN,NaN,NaN,NaN,NaN

INPUT,0.375483632087708,0.0336991511285305,0.766326665878296,-3.12057209014893,3.11791586875916,-1.75854218006134,K,15
OUTPUT,NaN,NaN,NaN,NaN,NaN,NaN

INPUT,0.379557430744171,0.0336390323936939,0.776416003704071,3.11456155776978,3.11659121513367,-1.70853209495544,K,16
OUTPUT,NaN,NaN,NaN,NaN,NaN,NaN

INPUT,0.382725954055786,0.0335922762751579,0.784263253211975,3.07711982727051,3.11560225486755,-1.66970241069794,K,17
OUTPUT,NaN,NaN,NaN,NaN,NaN,NaN

INPUT,0.38498917222023,0.0335588753223419,0.789868414402008,3.05034422874451,3.11491894721985,-1.64199769496918,K,18
OUTPUT,NaN,NaN,NaN,NaN,NaN,NaN

INPUT,0.386347115039825,0.0335388369858265,0.79323148727417,3.03426766395569,3.11451840400696,-1.62538599967957,K,19
OUTPUT,NaN,NaN,NaN,NaN,NaN,NaN

INPUT,0.38679975271225,0.0335321575403214,0.794352531433105,3.02890706062317,3.11438632011414,-1.6198502779007,K,20
OUTPUT,NaN,NaN,NaN,NaN,NaN,NaN

INPUT,0.347856283187866,0.0384013690054417,0.732530415058136,0.139063373208046,3.09639048576355,1.22971606254578,K,12
OUTPUT,NaN,NaN,NaN,NaN,NaN,NaN

INPUT,0.350905686616898,0.0388085693120956,0.743720531463623,0.0811168923974037,3.09208631515503,1.28659915924072,K,13
OUTPUT,NaN,NaN,NaN,NaN,NaN,NaN

INPUT,0.353955119848251,0.0392157696187496,0.75491064786911,0.0232481751590967,3.08794522285461,1.34357190132141,K,14
OUTPUT,NaN,NaN,NaN,NaN,NaN,NaN

INPUT,0.357004523277283,0.0396229699254036,0.766100764274597,-0.034563846886158,3.08398079872131,1.40061402320862,K,15
OUTPUT,NaN,NaN,NaN,NaN,NaN,NaN

INPUT,0.359749019145966,0.0399894528090954,0.776171863079071,-0.0865583866834641,3.08057475090027,1.45199906826019,K,16
OUTPUT,NaN,NaN,NaN,NaN,NaN,NaN

INPUT,0.361883610486984,0.0402744933962822,0.784004926681519,-0.126980006694794,3.07803797721863,1.49199104309082,K,17
OUTPUT,NaN,NaN,NaN,NaN,NaN,NaN

INPUT,0.363408297300339,0.040478091686964,0.789600014686584,-0.155844464898109,3.07628846168518,1.52056860923767,K,18
OUTPUT,NaN,NaN,NaN,NaN,NaN,NaN

INPUT,0.364323139190674,0.0406002514064312,0.792957007884979,-0.173160448670387,3.07526445388794,1.53771960735321,K,19
OUTPUT,NaN,NaN,NaN,NaN,NaN,NaN

INPUT,0.364628076553345,0.0406409725546837,0.794076025485992,-0.178931921720505,3.07492756843567,1.54343724250793,K,20
OUTPUT,NaN,NaN,NaN,NaN,NaN,NaN

INPUT,0.354700952768326,0.0345272570848465,0.732598721981049,0.314858287572861,3.12332582473755,1.2640243768692,K,12
OUTPUT,NaN,NaN,NaN,NaN,NaN,NaN

INPUT,0.358470112085342,0.0345265567302704,0.743797361850739,0.262911528348923,3.12146973609924,1.311976313591,K,13
OUTPUT,NaN,NaN,NaN,NaN,NaN,NaN

INPUT,0.362239271402359,0.0345258563756943,0.754996061325073,0.211297556757927,3.11966371536255,1.36026263237,K,14
OUTPUT,NaN,NaN,NaN,NaN,NaN,NaN

INPUT,0.366008430719376,0.0345251560211182,0.766194701194763,0.159932404756546,3.11791229248047,1.40880000591278,K,15
OUTPUT,NaN,NaN,NaN,NaN,NaN,NaN

INPUT,0.369400650262833,0.0345245264470577,0.776273488998413,0.11386826634407,3.11638641357422,1.45264983177185,K,16
OUTPUT,NaN,NaN,NaN,NaN,NaN,NaN

INPUT,0.372039049863815,0.0345240347087383,0.784112572669983,0.0781274139881134,3.11523461341858,1.48684322834015,K,17
OUTPUT,NaN,NaN,NaN,NaN,NaN,NaN

INPUT,0.373923629522324,0.0345236845314503,0.789711892604828,0.0526376999914646,3.11443161964417,1.51130712032318,K,18
OUTPUT,NaN,NaN,NaN,NaN,NaN,NaN

INPUT,0.375054389238358,0.0345234759151936,0.793071508407593,0.0373579449951649,3.11395788192749,1.5259997844696,K,19
OUTPUT,NaN,NaN,NaN,NaN,NaN,NaN

INPUT,0.375431299209595,0.0345234051346779,0.794191360473633,0.0322668552398682,3.11380124092102,1.53089952468872,K,20
OUTPUT,NaN,NaN,NaN,NaN,NaN,NaN

INPUT,0.359141767024994,0.0352001897990704,0.722056269645691,-2.75565552711487,3.12507271766663,-1.94426167011261,K,11
OUTPUT,NaN,NaN,NaN,NaN,NaN,NaN

INPUT,0.363877356052399,0.0352788530290127,0.733330607414246,-2.80114769935608,3.123366355896,-1.89431464672089,K,12
OUTPUT,NaN,NaN,NaN,NaN,NaN,NaN

INPUT,0.368612945079803,0.035357516258955,0.7446049451828,-2.8470184803009,3.12170147895813,-1.84474444389343,K,13
OUTPUT,NaN,NaN,NaN,NaN,NaN,NaN

INPUT,0.373348534107208,0.0354361794888973,0.755879282951355,-2.89317226409912,3.12008166313171,-1.79545593261719,K,14
OUTPUT,NaN,NaN,NaN,NaN,NaN,NaN

INPUT,0.378084093332291,0.0355148427188396,0.76715362071991,-2.93954372406006,3.11851096153259,-1.74638307094574,K,15
OUTPUT,NaN,NaN,NaN,NaN,NaN,NaN

INPUT,0.382346123456955,0.0355856418609619,0.777300536632538,-2.98142457008362,3.11714196205139,-1.7023628950119,K,16
OUTPUT,NaN,NaN,NaN,NaN,NaN,NaN

INPUT,0.385661035776138,0.0356407053768635,0.785192549228668,-3.01407742500305,3.11610841751099,-1.66820287704468,K,17
OUTPUT,NaN,NaN,NaN,NaN,NaN,NaN

INPUT,0.388028830289841,0.0356800407171249,0.790829718112946,-3.03743743896484,3.11538743972778,-1.64383852481842,K,18
OUTPUT,NaN,NaN,NaN,NaN,NaN,NaN

INPUT,0.389449506998062,0.0357036367058754,0.79421204328537,-3.05146622657776,3.11496186256409,-1.62923288345337,K,19
OUTPUT,NaN,NaN,NaN,NaN,NaN,NaN

INPUT,0.389923065900803,0.0357115045189857,0.795339465141296,-3.05614447593689,3.11482119560242,-1.62436628341675,K,20
OUTPUT,NaN,NaN,NaN,NaN,NaN,NaN

INPUT,0.358322620391846,0.0357651263475418,0.732493281364441,0.280210494995117,3.13841009140015,1.24712204933167,K,12
OUTPUT,NaN,NaN,NaN,NaN,NaN,NaN

INPUT,0.36247381567955,0.0358948558568954,0.743679523468018,0.219826951622963,3.13800501823425,1.28849828243256,K,13
OUTPUT,NaN,NaN,NaN,NaN,NaN,NaN

INPUT,0.366624981164932,0.0360245816409588,0.754865646362305,0.161354213953018,3.13760924339294,1.33178508281708,K,14
OUTPUT,NaN,NaN,NaN,NaN,NaN,NaN

INPUT,0.370776146650314,0.0361543111503124,0.766051828861237,0.104240015149117,3.13722324371338,1.37643074989319,K,15
OUTPUT,NaN,NaN,NaN,NaN,NaN,NaN

INPUT,0.374512195587158,0.0362710654735565,0.776119410991669,0.05369907990098,3.13688564300537,1.41747391223907,K,16
OUTPUT,NaN,NaN,NaN,NaN,NaN,NaN

INPUT,0.377418041229248,0.0363618768751621,0.783949732780457,0.0148309050127864,3.13662981987,1.44983768463135,K,17
OUTPUT,NaN,NaN,NaN,NaN,NaN,NaN

INPUT,0.379493623971939,0.0364267416298389,0.789542853832245,-0.0127357905730605,3.13645076751709,1.47315096855164,K,18
OUTPUT,NaN,NaN,NaN,NaN,NaN,NaN

INPUT,0.380738973617554,0.036465659737587,0.792898714542389,-0.0292065609246492,3.13634490966797,1.48720824718475,K,19
OUTPUT,NaN,NaN,NaN,NaN,NaN,NaN

INPUT,0.381154090166092,0.0364786311984062,0.794017314910889,-0.0346861854195595,3.13630986213684,1.4919046163559,K,20
OUTPUT,NaN,NaN,NaN,NaN,NaN,NaN

INPUT,0.36227947473526,0.0339836180210114,0.724461853504181,-2.94939589500427,3.12272143363953,-1.97705936431885,K,4
OUTPUT,NaN,NaN,NaN,NaN,NaN,NaN

INPUT,0.36862701177597,0.0338803082704544,0.737670183181763,-3.0280327796936,3.12027525901794,-1.8804429769516,K,5
OUTPUT,NaN,NaN,NaN,NaN,NaN,NaN

INPUT,0.374974578619003,0.0337769947946072,0.7508784532547,-3.10847353935242,3.11799144744873,-1.78562593460083,K,6
OUTPUT,NaN,NaN,NaN,NaN,NaN,NaN

INPUT,0.379911571741104,0.0336966440081596,0.761151611804962,3.11127638816833,3.1163387298584,-1.7127468585968,K,7
OUTPUT,NaN,NaN,NaN,NaN,NaN,NaN

INPUT,0.383437991142273,0.0336392484605312,0.768489599227905,3.06561207771301,3.11522912979126,-1.66104173660278,K,8
OUTPUT,NaN,NaN,NaN,NaN,NaN,NaN

INPUT,0.385553866624832,0.0336048118770123,0.772892355918884,3.03809642791748,3.1145932674408,-1.63013517856598,K,9
OUTPUT,NaN,NaN,NaN,NaN,NaN,NaN

INPUT,0.356510549783707,0.0342140309512615,0.732253193855286,0.18067292869091,3.12921738624573,1.15609240531921,K,12
OUTPUT,NaN,NaN,NaN,NaN,NaN,NaN

INPUT,0.360470682382584,0.0341806374490261,0.743414044380188,0.127585887908936,3.12793326377869,1.20566296577454,K,13
OUTPUT,NaN,NaN,NaN,NaN,NaN,NaN

INPUT,0.364430814981461,0.0341472439467907,0.754574835300446,0.0747969448566437,3.12668538093567,1.25553274154663,K,14
OUTPUT,NaN,NaN,NaN,NaN,NaN,NaN

INPUT,0.36839097738266,0.0341138504445553,0.765735685825348,0.0222302488982677,3.12547659873962,1.3056253194809,K,15
OUTPUT,NaN,NaN,NaN,NaN,NaN,NaN

INPUT,0.371955096721649,0.0340837948024273,0.775780498981476,-0.0249338056892157,3.12442469596863,1.35085558891296,K,16
OUTPUT,NaN,NaN,NaN,NaN,NaN,NaN

INPUT,0.374727219343185,0.0340604186058044,0.783593058586121,-0.0615401156246662,3.12363195419312,1.38611221313477,K,17
OUTPUT,NaN,NaN,NaN,NaN,NaN,NaN

INPUT,0.376707285642624,0.0340437218546867,0.789173483848572,-0.0876526236534119,3.12307977676392,1.41133058071136,K,18
OUTPUT,NaN,NaN,NaN,NaN,NaN,NaN

INPUT,0.377895325422287,0.0340337008237839,0.792521715164185,-0.103307604789734,3.12275433540344,1.42647409439087,K,19
OUTPUT,NaN,NaN,NaN,NaN,NaN,NaN

INPUT,0.378291338682175,0.0340303629636765,0.793637812137604,-0.108524188399315,3.12264680862427,1.43152391910553,K,20
OUTPUT,NaN,NaN,NaN,NaN,NaN,NaN

INPUT,0.367701411247253,0.0353092439472675,0.731551945209503,-2.84152579307556,3.12171673774719,-1.88052213191986,K,5
OUTPUT,NaN,NaN,NaN,NaN,NaN,NaN

INPUT,0.375509202480316,0.0354376100003719,0.747318029403687,-2.91729760169983,3.11908793449402,-1.78681921958923,K,6
OUTPUT,NaN,NaN,NaN,NaN,NaN,NaN

INPUT,0.381581902503967,0.0355374477803707,0.759580552577972,-2.97753214836121,3.11715292930603,-1.71523714065552,K,7
OUTPUT,NaN,NaN,NaN,NaN,NaN,NaN

INPUT,0.385919541120529,0.0356087610125542,0.768339514732361,-3.02106857299805,3.11583495140076,-1.66461670398712,K,8
OUTPUT,NaN,NaN,NaN,NaN,NaN,NaN

INPUT,0.388522148132324,0.0356515496969223,0.773594856262207,-3.04735708236694,3.11507129669189,-1.63441038131714,K,9
OUTPUT,NaN,NaN,NaN,NaN,NaN,NaN

INPUT,0.353131920099258,0.038739986717701,0.735916197299957,0.063102088868618,3.09281063079834,1.27244651317596,K,5
OUTPUT,NaN,NaN,NaN,NaN,NaN,NaN

INPUT,0.357742518186569,0.0393389761447906,0.7496697306633,-0.0229239221662283,3.08594012260437,1.3710789680481,K,6
OUTPUT,NaN,NaN,NaN,NaN,NaN,NaN

INPUT,0.361328512430191,0.039804857224226,0.760366916656494,-0.0908032655715942,3.08092021942139,1.44684624671936,K,7
OUTPUT,NaN,NaN,NaN,NaN,NaN,NaN

INPUT,0.363889962434769,0.0401376336812973,0.768007755279541,-0.139663934707642,3.07752394676208,1.50060343742371,K,8
OUTPUT,NaN,NaN,NaN,NaN,NaN,NaN

INPUT,0.365426808595657,0.0403372943401337,0.772592306137085,-0.169101476669312,3.07556629180908,1.53274154663086,K,9
OUTPUT,NaN,NaN,NaN,NaN,NaN,NaN

INPUT,0.360586404800415,0.0345806777477264,0.736463010311127,0.25781387090683,3.12208533287048,1.31027030944824,K,5
OUTPUT,NaN,NaN,NaN,NaN,NaN,NaN

INPUT,0.366130530834198,0.0345665141940117,0.750048041343689,0.176409378647804,3.11896896362305,1.38948428630829,K,6
OUTPUT,NaN,NaN,NaN,NaN,NaN,NaN

INPUT,0.370442628860474,0.0345554985105991,0.760614097118378,0.113278307020664,3.11664509773254,1.45128238201141,K,7
OUTPUT,NaN,NaN,NaN,NaN,NaN,NaN

INPUT,0.373522698879242,0.0345476306974888,0.768161356449127,0.0682539641857147,3.11504411697388,1.49549531936646,K,8
OUTPUT,NaN,NaN,NaN,NaN,NaN,NaN

INPUT,0.375370740890503,0.0345429070293903,0.772689700126648,0.041261188685894,3.11410880088806,1.52204585075378,K,9
OUTPUT,NaN,NaN,NaN,NaN,NaN,NaN

INPUT,0.358563512563705,0.0357331447303295,0.723278760910034,0.359576463699341,3.13958835601807,1.26795613765717,K,4
OUTPUT,NaN,NaN,NaN,NaN,NaN,NaN

INPUT,0.364571332931519,0.0359295085072517,0.736709594726563,0.236133724451065,3.13869142532349,1.30815708637238,K,5
OUTPUT,NaN,NaN,NaN,NaN,NaN,NaN

INPUT,0.370579123497009,0.036125872284174,0.750140488147736,0.132256731390953,3.13781118392944,1.36792421340942,K,6
OUTPUT,NaN,NaN,NaN,NaN,NaN,NaN

INPUT,0.375251859426498,0.0362786017358303,0.760586738586426,0.0574287846684456,3.13714289665222,1.42037510871887,K,7
OUTPUT,NaN,NaN,NaN,NaN,NaN,NaN

INPUT,0.378589540719986,0.0363876931369305,0.768048286437988,0.00582313304767013,3.13667607307434,1.45968306064606,K,8
OUTPUT,NaN,NaN,NaN,NaN,NaN,NaN

INPUT,0.38059213757515,0.0364531464874744,0.772525250911713,-0.0246136356145144,3.13640069961548,1.48379456996918,K,9
OUTPUT,NaN,NaN,NaN,NaN,NaN,NaN

INPUT,0.359527558088303,0.0341383181512356,0.732790470123291,-2.91071724891663,3.135498046875,-1.9963390827179,K,12
OUTPUT,NaN,NaN,NaN,NaN,NaN,NaN

INPUT,0.363805413246155,0.0340969562530518,0.744007706642151,-2.95493483543396,3.13501071929932,-1.94432699680328,K,13
OUTPUT,NaN,NaN,NaN,NaN,NaN,NaN

INPUT,0.368083268404007,0.0340555943548679,0.755224943161011,-2.99968266487122,3.13453841209412,-1.89284479618073,K,14
OUTPUT,NaN,NaN,NaN,NaN,NaN,NaN

INPUT,0.372361093759537,0.0340142287313938,0.766442239284515,-3.044846534729,3.13408255577087,-1.84177875518799,K,15
OUTPUT,NaN,NaN,NaN,NaN,NaN,NaN

INPUT,0.376211166381836,0.0339770019054413,0.776537775993347,-3.08578014373779,3.13368701934814,-1.79610502719879,K,16
OUTPUT,NaN,NaN,NaN,NaN,NaN,NaN

INPUT,0.379205673933029,0.0339480489492416,0.784389853477478,-3.11777257919312,3.13338971138,-1.7607364654541,K,17
OUTPUT,NaN,NaN,NaN,NaN,NaN,NaN

INPUT,0.381344586610794,0.0339273661375046,0.789998471736908,-3.14069676399231,3.13318300247192,-1.73554539680481,K,18
OUTPUT,NaN,NaN,NaN,NaN,NaN,NaN

INPUT,0.382627934217453,0.0339149571955204,0.793363690376282,3.12870788574219,3.133061170578,-1.72045695781708,K,19
OUTPUT,NaN,NaN,NaN,NaN,NaN,NaN

INPUT,0.383055716753006,0.0339108221232891,0.79448539018631,3.12411022186279,3.13302087783813,-1.71543157100677,K,20
OUTPUT,NaN,NaN,NaN,NaN,NaN,NaN

INPUT,0.362557113170624,0.0341949164867401,0.73618757724762,0.115419395267963,3.12860727310181,1.19690418243408,K,5
OUTPUT,NaN,NaN,NaN,NaN,NaN,NaN

INPUT,0.36835703253746,0.0341209024190903,0.749670922756195,0.0352886170148849,3.12636613845825,1.28185379505157,K,6
OUTPUT,NaN,NaN,NaN,NaN,NaN,NaN

INPUT,0.372868090867996,0.0340633392333984,0.760158002376556,-0.027469415217638,3.12469387054443,1.34749329090118,K,7
OUTPUT,NaN,NaN,NaN,NaN,NaN,NaN

INPUT,0.376090258359909,0.034022219479084,0.767648816108704,-0.0724580213427544,3.12354135513306,1.39421844482422,K,8
OUTPUT,NaN,NaN,NaN,NaN,NaN,NaN

INPUT,0.378023564815521,0.0339975468814373,0.772143244743347,-0.0995020642876625,3.12286806106567,1.42220306396484,K,9
OUTPUT,NaN,NaN,NaN,NaN,NaN,NaN

INPUT,0.35394611954689,0.0354747623205185,0.733126819133759,0.0997996926307678,3.12142992019653,1.18798542022705,K,12
OUTPUT,NaN,NaN,NaN,NaN,NaN,NaN

INPUT,0.357636362314224,0.0355740413069725,0.744379639625549,0.0415430776774883,3.11945033073425,1.24426257610321,K,13
OUTPUT,NaN,NaN,NaN,NaN,NaN,NaN

INPUT,0.361326605081558,0.0356733202934265,0.755632519721985,-0.016554769128561,3.11754322052002,1.30070090293884,K,14
OUTPUT,NaN,NaN,NaN,NaN,NaN,NaN

INPUT,0.36501681804657,0.0357725992798805,0.76688539981842,-0.0745341330766678,3.11571502685547,1.35726046562195,K,15
OUTPUT,NaN,NaN,NaN,NaN,NaN,NaN

INPUT,0.368338048458099,0.0358619503676891,0.777013003826141,-0.126637548208237,3.11414217948914,1.40824413299561,K,16
OUTPUT,NaN,NaN,NaN,NaN,NaN,NaN

INPUT,0.370921224355698,0.0359314456582069,0.784889996051788,-0.167121529579163,3.11296892166138,1.44794070720673,K,17
OUTPUT,NaN,NaN,NaN,NaN,NaN,NaN

INPUT,0.372766345739365,0.0359810851514339,0.790516436100006,-0.196020022034645,3.11215877532959,1.47631454467773,K,18
OUTPUT,NaN,NaN,NaN,NaN,NaN,NaN

INPUT,0.3738734126091,0.0360108688473701,0.793892323970795,-0.213352665305138,3.11168432235718,1.49334585666656,K,19
OUTPUT,NaN,NaN,NaN,NaN,NaN,NaN

INPUT,0.374242424964905,0.0360207967460155,0.795017600059509,-0.2191291898489,3.11152815818787,1.49902403354645,K,20
OUTPUT,NaN,NaN,NaN,NaN,NaN,NaN

INPUT,0.359793484210968,0.0341984666883945,0.723895072937012,-2.90722584724426,3.1348180770874,-2.04826521873474,K,4
OUTPUT,NaN,NaN,NaN,NaN,NaN,NaN

INPUT,0.36590576171875,0.0341231152415276,0.737286806106567,-2.9718804359436,3.13428044319153,-1.95815134048462,K,5
OUTPUT,NaN,NaN,NaN,NaN,NaN,NaN

INPUT,0.372018039226532,0.0340477675199509,0.750678539276123,-3.03821873664856,3.13378548622131,-1.86972069740295,K,6
OUTPUT,NaN,NaN,NaN,NaN,NaN,NaN

INPUT,0.376772046089172,0.0339891649782658,0.761094391345978,-3.09070539474487,3.13343214988708,-1.80183124542236,K,7
OUTPUT,NaN,NaN,NaN,NaN,NaN,NaN

INPUT,0.380167752504349,0.0339473038911819,0.768534243106842,-3.12857961654663,3.13319754600525,-1.7537225484848,K,8
OUTPUT,NaN,NaN,NaN,NaN,NaN,NaN

INPUT,0.382205188274384,0.0339221879839897,0.772998154163361,3.13174915313721,3.13306427001953,-1.7249892950058,K,9
OUTPUT,NaN,NaN,NaN,NaN,NaN,NaN

INPUT,0.359771132469177,0.0355452075600624,0.737051367759705,0.022486524656415,3.12016153335571,1.22898507118225,K,5
OUTPUT,NaN,NaN,NaN,NaN,NaN,NaN

INPUT,0.365192085504532,0.0356693714857101,0.750722467899323,-0.0633292645215988,3.11686182022095,1.32735848426819,K,6
OUTPUT,NaN,NaN,NaN,NaN,NaN,NaN

INPUT,0.369408339262009,0.0357659459114075,0.761355519294739,-0.131104379892349,3.11443829536438,1.40284645557404,K,7
OUTPUT,NaN,NaN,NaN,NaN,NaN,NaN

INPUT,0.372419953346252,0.0358349271118641,0.768950581550598,-0.179904997348785,3.11279153823853,1.45637965202332,K,8
OUTPUT,NaN,NaN,NaN,NaN,NaN,NaN

INPUT,0.374226927757263,0.03587631508708,0.773507595062256,-0.20930951833725,3.11183929443359,1.48837637901306,K,9
OUTPUT,NaN,NaN,NaN,NaN,NaN,NaN

INPUT,0.34768670797348,0.0382311902940273,0.732412397861481,0.0721328780055046,3.09123802185059,1.2176069021225,K,12
OUTPUT,NaN,NaN,NaN,NaN,NaN,NaN

INPUT,0.350718170404434,0.0386206544935703,0.74358993768692,0.0114316353574395,3.08651947975159,1.2775182723999,K,13
OUTPUT,NaN,NaN,NaN,NaN,NaN,NaN

INPUT,0.353749632835388,0.0390101186931133,0.754767417907715,-0.049216017127037,3.08200120925903,1.33749842643738,K,14
OUTPUT,NaN,NaN,NaN,NaN,NaN,NaN

INPUT,0.356781095266342,0.0393995828926563,0.76594489812851,-0.109825566411018,3.0776994228363,1.3975328207016,K,15
OUTPUT,NaN,NaN,NaN,NaN,NaN,NaN

INPUT,0.359509408473969,0.0397500991821289,0.776004672050476,-0.16435070335865,3.07402586936951,1.45160102844238,K,16
OUTPUT,NaN,NaN,NaN,NaN,NaN,NaN

INPUT,0.36163142323494,0.0400227271020412,0.783828914165497,-0.20674741268158,3.07130599021912,1.49367463588715,K,17
OUTPUT,NaN,NaN,NaN,NaN,NaN,NaN

INPUT,0.363147139549255,0.0402174592018127,0.789417684078217,-0.237025797367096,3.06943941116333,1.52373719215393,K,18
OUTPUT,NaN,NaN,NaN,NaN,NaN,NaN

INPUT,0.364056587219238,0.0403342954814434,0.79277092218399,-0.255191206932068,3.06835103034973,1.54177820682526,K,19
OUTPUT,NaN,NaN,NaN,NaN,NaN,NaN

INPUT,0.364359736442566,0.0403732433915138,0.793888688087463,-0.261246144771576,3.06799340248108,1.54779231548309,K,20
OUTPUT,NaN,NaN,NaN,NaN,NaN,NaN

INPUT,0.358196794986725,0.0343700908124447,0.73284912109375,-2.953852891922,3.13470935821533,-2.02466082572937,K,12
OUTPUT,NaN,NaN,NaN,NaN,NaN,NaN

INPUT,0.362332940101624,0.034352857619524,0.744075357913971,-2.99895310401917,3.13415765762329,-1.9719705581665,K,13
OUTPUT,NaN,NaN,NaN,NaN,NaN,NaN

INPUT,0.366469115018845,0.0343356244266033,0.755301654338837,-3.0445704460144,3.1336236000061,-1.91979730129242,K,14
OUTPUT,NaN,NaN,NaN,NaN,NaN,NaN

INPUT,0.370605289936066,0.0343183912336826,0.766527950763702,-3.0905933380127,3.13310837745667,-1.86802923679352,K,15
OUTPUT,NaN,NaN,NaN,NaN,NaN,NaN

INPUT,0.374327838420868,0.0343028828501701,0.776631593704224,-3.13229203224182,3.13266205787659,-1.82171607017517,K,16
OUTPUT,NaN,NaN,NaN,NaN,NaN,NaN

INPUT,0.377223163843155,0.0342908203601837,0.784489989280701,3.11830973625183,3.13232684135437,-1.78584575653076,K,17
OUTPUT,NaN,NaN,NaN,NaN,NaN,NaN

INPUT,0.379291236400604,0.0342822037637234,0.790103137493134,3.09496545791626,3.13209414482117,-1.76029431819916,K,18
OUTPUT,NaN,NaN,NaN,NaN,NaN,NaN

INPUT,0.380532085895538,0.0342770367860794,0.793470978736877,3.08093357086182,3.13195705413818,-1.74498879909515,K,19
OUTPUT,NaN,NaN,NaN,NaN,NaN,NaN

INPUT,0.380945712327957,0.0342753119766712,0.794593632221222,3.07625246047974,3.13191175460815,-1.7398909330368,K,20
OUTPUT,NaN,NaN,NaN,NaN,NaN,NaN

INPUT,0.346937775611877,0.0362303107976913,0.743131220340729,0.126790404319763,3.0658802986145,1.39783990383148,K,13
OUTPUT,NaN,NaN,NaN,NaN,NaN,NaN

INPUT,0.349608659744263,0.0363920070230961,0.754265964031219,0.0657975748181343,3.0597140789032,1.45800852775574,K,14
OUTPUT,NaN,NaN,NaN,NaN,NaN,NaN

INPUT,0.35227957367897,0.0365537032485008,0.765400767326355,0.00484642945230007,3.0538477897644,1.51824867725372,K,15
OUTPUT,NaN,NaN,NaN,NaN,NaN,NaN

INPUT,0.354683399200439,0.0366992317140102,0.775422155857086,-0.0499854981899261,3.04884266853333,1.57251513004303,K,16
OUTPUT,NaN,NaN,NaN,NaN,NaN,NaN

INPUT,0.356553047895432,0.0368124172091484,0.78321647644043,-0.0926209986209869,3.04513955116272,1.61475074291229,K,17
OUTPUT,NaN,NaN,NaN,NaN,NaN,NaN

INPUT,0.357888519763947,0.0368932671844959,0.78878390789032,-0.123070575296879,3.04260015487671,1.64493262767792,K,18
OUTPUT,NaN,NaN,NaN,NaN,NaN,NaN

INPUT,0.358689785003662,0.0369417741894722,0.792124330997467,-0.141338899731636,3.04112005233765,1.66304659843445,K,19
OUTPUT,NaN,NaN,NaN,NaN,NaN,NaN

INPUT,0.358956873416901,0.0369579456746578,0.793237805366516,-0.147428095340729,3.04063415527344,1.66908550262451,K,20
OUTPUT,NaN,NaN,NaN,NaN,NaN,NaN

INPUT,0.354423254728317,0.0335826836526394,0.732403099536896,0.321333706378937,3.11470103263855,1.21327686309814,K,12
OUTPUT,NaN,NaN,NaN,NaN,NaN,NaN

INPUT,0.358161598443985,0.0334826149046421,0.743583023548126,0.272965133190155,3.11198210716248,1.25879037380219,K,13
OUTPUT,NaN,NaN,NaN,NaN,NaN,NaN

INPUT,0.361899942159653,0.0333825461566448,0.754762947559357,0.224832311272621,3.10932874679565,1.30454325675964,K,14
OUTPUT,NaN,NaN,NaN,NaN,NaN,NaN

INPUT,0.36563828587532,0.0332824774086475,0.765942931175232,0.17687626183033,3.10674619674683,1.35047698020935,K,15
OUTPUT,NaN,NaN,NaN,NaN,NaN,NaN

INPUT,0.369002789258957,0.0331924147903919,0.77600485086441,0.133832842111588,3.10448741912842,1.39193773269653,K,16
OUTPUT,NaN,NaN,NaN,NaN,NaN,NaN

INPUT,0.371619611978531,0.0331223681569099,0.78383082151413,0.100416153669357,3.10277605056763,1.42424929141998,K,17
OUTPUT,NaN,NaN,NaN,NaN,NaN,NaN

INPUT,0.373488783836365,0.0330723337829113,0.789420783519745,0.0765752643346786,3.10157918930054,1.44735813140869,K,18
OUTPUT,NaN,NaN,NaN,NaN,NaN,NaN

INPUT,0.374610275030136,0.033042311668396,0.792774736881256,0.0622805543243885,3.10087180137634,1.46123397350311,K,19
OUTPUT,NaN,NaN,NaN,NaN,NaN,NaN

INPUT,0.374984115362167,0.0330323055386543,0.793892741203308,0.0575173012912273,3.10063767433167,1.46586084365845,K,20
OUTPUT,NaN,NaN,NaN,NaN,NaN,NaN

INPUT,0.364131718873978,0.035721480846405,0.732464849948883,-2.91975426673889,3.12148356437683,-1.89599907398224,K,12
OUTPUT,NaN,NaN,NaN,NaN,NaN,NaN

INPUT,0.368894338607788,0.0358466133475304,0.743648052215576,-2.97219657897949,3.11968731880188,-1.84069037437439,K,13
OUTPUT,NaN,NaN,NaN,NaN,NaN,NaN

INPUT,0.373656988143921,0.0359717458486557,0.754831314086914,-3.02485370635986,3.11795449256897,-1.78559470176697,K,14
OUTPUT,NaN,NaN,NaN,NaN,NaN,NaN

INPUT,0.378419607877731,0.036096878349781,0.766014575958252,-3.07767581939697,3.11629033088684,-1.73066127300262,K,15
OUTPUT,NaN,NaN,NaN,NaN,NaN,NaN

INPUT,0.382705956697464,0.0362094976007938,0.776079535484314,-3.12532663345337,3.11485528945923,-1.68133056163788,K,16
OUTPUT,NaN,NaN,NaN,NaN,NaN,NaN

INPUT,0.386039823293686,0.0362970903515816,0.783907830715179,3.12073755264282,3.11378240585327,-1.64302027225494,K,17
OUTPUT,NaN,NaN,NaN,NaN,NaN,NaN

INPUT,0.38842111825943,0.0363596566021442,0.789499402046204,3.09419512748718,3.11303997039795,-1.61568248271942,K,18
OUTPUT,NaN,NaN,NaN,NaN,NaN,NaN

INPUT,0.389849901199341,0.0363971963524818,0.792854428291321,3.07825970649719,3.11260461807251,-1.59928941726685,K,19
OUTPUT,NaN,NaN,NaN,NaN,NaN,NaN

INPUT,0.390326172113419,0.0364097096025944,0.793972730636597,3.07294654846191,3.11246109008789,-1.5938264131546,K,20
OUTPUT,NaN,NaN,NaN,NaN,NaN,NaN

INPUT,0.354497522115707,0.036556713283062,0.732538104057312,0.169533029198647,3.12061238288879,1.19125747680664,K,12
OUTPUT,NaN,NaN,NaN,NaN,NaN,NaN

INPUT,0.358245044946671,0.0367698334157467,0.743730247020721,0.114533796906471,3.11852335929871,1.24379646778107,K,13
OUTPUT,NaN,NaN,NaN,NaN,NaN,NaN

INPUT,0.361992567777634,0.0369829535484314,0.754922449588776,0.0597347654402256,3.11650085449219,1.29653823375702,K,14
OUTPUT,NaN,NaN,NaN,NaN,NaN,NaN

INPUT,0.365740090608597,0.0371960774064064,0.766114592552185,0.00508554186671972,3.11455106735229,1.3494325876236,K,15
OUTPUT,NaN,NaN,NaN,NaN,NaN,NaN

INPUT,0.369112849235535,0.0373878851532936,0.776187539100647,-0.044000156223774,3.11286282539368,1.39713871479034,K,16
OUTPUT,NaN,NaN,NaN,NaN,NaN,NaN

INPUT,0.371736109256744,0.0375370718538761,0.784022033214569,-0.0821257755160332,3.11159610748291,1.43429684638977,K,17
OUTPUT,NaN,NaN,NaN,NaN,NaN,NaN

INPUT,0.373609870672226,0.0376436300575733,0.789618134498596,-0.109334953129292,3.11071729660034,1.46086287498474,K,18
OUTPUT,NaN,NaN,NaN,NaN,NaN,NaN

INPUT,0.374734103679657,0.0377075672149658,0.792975783348083,-0.125651866197586,3.11020064353943,1.47681128978729,K,19
OUTPUT,NaN,NaN,NaN,NaN,NaN,NaN

INPUT,0.375108867883682,0.0377288796007633,0.794094979763031,-0.131089672446251,3.11003017425537,1.48212862014771,K,20
OUTPUT,NaN,NaN,NaN,NaN,NaN,NaN

INPUT,0.355568617582321,0.0351702980697155,0.732920944690704,-2.8473973274231,3.13976860046387,-1.9746903181076,K,12
OUTPUT,NaN,NaN,NaN,NaN,NaN,NaN

INPUT,0.359429746866226,0.0352374762296677,0.744152188301086,-2.87722063064575,3.1396918296814,-1.91267061233521,K,13
OUTPUT,NaN,NaN,NaN,NaN,NaN,NaN

INPUT,0.363290876150131,0.0353046543896198,0.755383431911469,-2.90826869010925,3.13961863517761,-1.85187590122223,K,14
OUTPUT,NaN,NaN,NaN,NaN,NaN,NaN

INPUT,0.367151975631714,0.035371832549572,0.766614735126495,-2.94035673141479,3.13954901695251,-1.79212081432343,K,15
OUTPUT,NaN,NaN,NaN,NaN,NaN,NaN

INPUT,0.370627015829086,0.035432294011116,0.776722848415375,-2.96999788284302,3.13948965072632,-1.73910319805145,K,16
OUTPUT,NaN,NaN,NaN,NaN,NaN,NaN

INPUT,0.373329788446426,0.0354793183505535,0.784584760665894,-2.99348759651184,3.13944602012634,-1.6983026266098,K,17
OUTPUT,NaN,NaN,NaN,NaN,NaN,NaN

INPUT,0.375260353088379,0.0355129092931747,0.790200352668762,-3.01047492027283,3.13941597938538,-1.66936862468719,K,18
OUTPUT,NaN,NaN,NaN,NaN,NaN,NaN

INPUT,0.376418679952621,0.0355330631136894,0.79356974363327,-3.02074480056763,3.13939833641052,-1.65208554267883,K,19
OUTPUT,NaN,NaN,NaN,NaN,NaN,NaN

INPUT,0.376804798841476,0.0355397798120975,0.794692873954773,-3.02418041229248,3.13939261436462,-1.64633691310883,K,20
OUTPUT,NaN,NaN,NaN,NaN,NaN,NaN

INPUT,0.353629887104034,0.0350067913532257,0.732920587062836,0.251911103725433,3.11134076118469,1.13414335250854,K,12
OUTPUT,NaN,NaN,NaN,NaN,NaN,NaN

INPUT,0.357286274433136,0.0350566059350967,0.744153022766113,0.204588323831558,3.10829329490662,1.17968344688416,K,13
OUTPUT,NaN,NaN,NaN,NaN,NaN,NaN

INPUT,0.36094269156456,0.0351064242422581,0.755385458469391,0.157411277294159,3.10531735420227,1.22537350654602,K,14
OUTPUT,NaN,NaN,NaN,NaN,NaN,NaN

INPUT,0.364599108695984,0.0351562388241291,0.766617953777313,0.110343106091022,3.10241985321045,1.27117776870728,K,15
OUTPUT,NaN,NaN,NaN,NaN,NaN,NaN

INPUT,0.367889881134033,0.0352010726928711,0.776727139949799,0.0680535882711411,3.09988403320313,1.31247782707214,K,16
OUTPUT,NaN,NaN,NaN,NaN,NaN,NaN

INPUT,0.370449364185333,0.035235945135355,0.784589886665344,0.035199623554945,3.09796190261841,1.34464085102081,K,17
OUTPUT,NaN,NaN,NaN,NaN,NaN,NaN

INPUT,0.372277587652206,0.0352608524262905,0.790206074714661,0.0117494678124785,3.0966169834137,1.36763322353363,K,18
OUTPUT,NaN,NaN,NaN,NaN,NaN,NaN

INPUT,0.373374491930008,0.0352757982909679,0.793575823307037,-0.00231446162797511,3.09582161903381,1.38143539428711,K,19
OUTPUT,NaN,NaN,NaN,NaN,NaN,NaN

INPUT,0.373740136623383,0.035280779004097,0.79469907283783,-0.00700154714286327,3.09555840492249,1.38603711128235,K,20
OUTPUT,NaN,NaN,NaN,NaN,NaN,NaN

INPUT,0.352974891662598,0.0384730026125908,0.735745668411255,-0.00962934270501137,3.08730244636536,1.26045298576355,K,5
OUTPUT,NaN,NaN,NaN,NaN,NaN,NaN

INPUT,0.357584923505783,0.0390203408896923,0.749496638774872,-0.0988802760839462,3.0798225402832,1.36518788337708,K,6
OUTPUT,NaN,NaN,NaN,NaN,NaN,NaN

INPUT,0.361170500516891,0.0394460521638393,0.760191857814789,-0.169465392827988,3.07440066337585,1.44551026821136,K,7
OUTPUT,NaN,NaN,NaN,NaN,NaN,NaN

INPUT,0.3637315928936,0.0397501289844513,0.767831265926361,-0.220334857702255,3.07075929641724,1.50244808197021,K,8
OUTPUT,NaN,NaN,NaN,NaN,NaN,NaN

INPUT,0.365268290042877,0.0399325750768185,0.772414922714233,-0.251002192497253,3.06867241859436,1.5364716053009,K,9
OUTPUT,NaN,NaN,NaN,NaN,NaN,NaN

INPUT,0.358458817005157,0.0344192609190941,0.723804533481598,-2.94499635696411,3.13408374786377,-2.07211446762085,K,4
OUTPUT,NaN,NaN,NaN,NaN,NaN,NaN

INPUT,0.364360094070435,0.0343845039606094,0.73724889755249,-3.01244211196899,3.13343691825867,-1.98228323459625,K,5
OUTPUT,NaN,NaN,NaN,NaN,NaN,NaN

INPUT,0.370261341333389,0.0343497432768345,0.750693380832672,-3.08147931098938,3.13283967971802,-1.89404261112213,K,6
OUTPUT,NaN,NaN,NaN,NaN,NaN,NaN

INPUT,0.374851226806641,0.0343227088451385,0.761150121688843,-3.13600587844849,3.13241171836853,-1.82624232769012,K,7
OUTPUT,NaN,NaN,NaN,NaN,NaN,NaN

INPUT,0.378129720687866,0.0343034006655216,0.768619239330292,3.10787582397461,3.1321268081665,-1.77816879749298,K,8
OUTPUT,NaN,NaN,NaN,NaN,NaN,NaN

INPUT,0.380096793174744,0.0342918150126934,0.773100733757019,3.08417224884033,3.13196444511414,-1.74944651126862,K,9
OUTPUT,NaN,NaN,NaN,NaN,NaN,NaN

INPUT,0.351264834403992,0.036214716732502,0.741540312767029,0.0787848904728889,3.06381940841675,1.41135859489441,K,5
OUTPUT,NaN,NaN,NaN,NaN,NaN,NaN

INPUT,0.354751765727997,0.0363756828010082,0.752988040447235,-0.00163564225658774,3.05487704277039,1.50509858131409,K,6
OUTPUT,NaN,NaN,NaN,NaN,NaN,NaN

INPUT,0.357463806867599,0.0365008786320686,0.761891841888428,-0.0650630220770836,3.04837036132813,1.57717406749725,K,7
OUTPUT,NaN,NaN,NaN,NaN,NaN,NaN

INPUT,0.359400987625122,0.0365903042256832,0.768251717090607,-0.110724121332169,3.04398155212402,1.62832510471344,K,8
OUTPUT,NaN,NaN,NaN,NaN,NaN,NaN

INPUT,0.360563308000565,0.036643959581852,0.772067666053772,-0.138238936662674,3.0414571762085,1.65890753269196,K,9
OUTPUT,NaN,NaN,NaN,NaN,NaN,NaN

INPUT,0.360353827476501,0.0335554406046867,0.736149370670319,0.267044454813004,3.11255407333374,1.25612449645996,K,5
OUTPUT,NaN,NaN,NaN,NaN,NaN,NaN

INPUT,0.365915060043335,0.033384058624506,0.749743044376373,0.191628232598305,3.10808897018433,1.33163321018219,K,6
OUTPUT,NaN,NaN,NaN,NaN,NaN,NaN

INPUT,0.370240420103073,0.0332507602870464,0.760315895080566,0.132959932088852,3.10474681854248,1.39035856723785,K,7
OUTPUT,NaN,NaN,NaN,NaN,NaN,NaN

INPUT,0.373329967260361,0.0331555493175983,0.767867922782898,0.0910488814115524,3.10243654251099,1.43230426311493,K,8
OUTPUT,NaN,NaN,NaN,NaN,NaN,NaN

INPUT,0.375183701515198,0.0330984219908714,0.772399187088013,0.0659004598855972,3.10108304023743,1.45747172832489,K,9
OUTPUT,NaN,NaN,NaN,NaN,NaN,NaN

INPUT,0.364792019128799,0.0356833972036839,0.724991917610168,-2.90761256217957,3.12144827842712,-1.94605243206024,K,4
OUTPUT,NaN,NaN,NaN,NaN,NaN,NaN

INPUT,0.371397197246552,0.0358862355351448,0.737959682941437,-2.98574304580688,3.11881852149963,-1.85084688663483,K,5
OUTPUT,NaN,NaN,NaN,NaN,NaN,NaN

INPUT,0.378002405166626,0.0360890701413155,0.750927448272705,-3.06559824943542,3.11635828018188,-1.7573606967926,K,6
OUTPUT,NaN,NaN,NaN,NaN,NaN,NaN

INPUT,0.383139789104462,0.036246832460165,0.761013448238373,-3.1285400390625,3.11457419395447,-1.68547797203064,K,7
OUTPUT,NaN,NaN,NaN,NaN,NaN,NaN

INPUT,0.386809349060059,0.0363595187664032,0.768217742443085,3.10934925079346,3.11337423324585,-1.63446891307831,K,8
OUTPUT,NaN,NaN,NaN,NaN,NaN,NaN

INPUT,0.389011085033417,0.03642712906003,0.772540330886841,3.08205986022949,3.11268544197083,-1.60397458076477,K,9
OUTPUT,NaN,NaN,NaN,NaN,NaN,NaN

INPUT,0.360379010438919,0.0367720425128937,0.736366391181946,0.0998794734477997,3.11920309066772,1.23273026943207,K,5
OUTPUT,NaN,NaN,NaN,NaN,NaN,NaN

INPUT,0.36590701341629,0.0370868034660816,0.749952256679535,0.01749805547297,3.11572360992432,1.32327449321747,K,6
OUTPUT,NaN,NaN,NaN,NaN,NaN,NaN

INPUT,0.370206594467163,0.0373316183686256,0.760519087314606,-0.0472533777356148,3.11314964294434,1.39302575588226,K,7
OUTPUT,NaN,NaN,NaN,NaN,NaN,NaN

INPUT,0.373277693986893,0.0375064834952354,0.768066763877869,-0.0937614217400551,3.11138892173767,1.44259405136108,K,8
OUTPUT,NaN,NaN,NaN,NaN,NaN,NaN

INPUT,0.375120371580124,0.0376114062964916,0.772595405578613,-0.121748618781567,3.11036562919617,1.47225379943848,K,9
OUTPUT,NaN,NaN,NaN,NaN,NaN,NaN

INPUT,0.361388742923737,0.0352639853954315,0.737077832221985,-2.92141771316528,3.13899683952332,-1.95386004447937,K,5
OUTPUT,NaN,NaN,NaN,NaN,NaN,NaN

INPUT,0.366922795772552,0.0353614166378975,0.750619232654572,-2.96218752861023,3.13913035392761,-1.84692680835724,K,6
OUTPUT,NaN,NaN,NaN,NaN,NaN,NaN

INPUT,0.37122705578804,0.0354371964931488,0.761151492595673,-2.9912109375,3.13924145698547,-1.76107013225555,K,7
OUTPUT,NaN,NaN,NaN,NaN,NaN,NaN

INPUT,0.3743015229702,0.0354913212358952,0.768674492835999,-3.01020073890686,3.139324426651,-1.69800305366516,K,8
OUTPUT,NaN,NaN,NaN,NaN,NaN,NaN

INPUT,0.376146227121353,0.0355237983167171,0.773188292980194,-3.02079439163208,3.13937544822693,-1.65936231613159,K,9
OUTPUT,NaN,NaN,NaN,NaN,NaN,NaN

INPUT,0.359528303146362,0.0351029336452484,0.736716389656067,0.195573538541794,3.10889673233032,1.17387020587921,K,5
OUTPUT,NaN,NaN,NaN,NaN,NaN,NaN

INPUT,0.364975869655609,0.0351646356284618,0.750397801399231,0.12304811924696,3.1039023399353,1.25063943862915,K,6
OUTPUT,NaN,NaN,NaN,NaN,NaN,NaN

INPUT,0.36921289563179,0.0352126285433769,0.761038839817047,0.0662871599197388,3.10016131401062,1.3100061416626,K,7
OUTPUT,NaN,NaN,NaN,NaN,NaN,NaN

INPUT,0.372239321470261,0.0352469086647034,0.768639624118805,0.0256076026707888,3.09757399559021,1.35228002071381,K,8
OUTPUT,NaN,NaN,NaN,NaN,NaN,NaN

INPUT,0.374055176973343,0.0352674797177315,0.77320009469986,0.00115564174484462,3.09605765342712,1.37760245800018,K,9
OUTPUT,NaN,NaN,NaN,NaN,NaN,NaN

INPUT,0.350350350141525,0.037087257951498,0.732110619544983,0.0537384226918221,3.09172034263611,1.17161583900452,K,12
OUTPUT,NaN,NaN,NaN,NaN,NaN,NaN

INPUT,0.35366216301918,0.0373563095927238,0.743256330490112,-0.00544799072667956,3.08701276779175,1.23013496398926,K,13
OUTPUT,NaN,NaN,NaN,NaN,NaN,NaN

INPUT,0.356973975896835,0.0376253575086594,0.754401981830597,-0.0645896941423416,3.08249402046204,1.2887134552002,K,14
OUTPUT,NaN,NaN,NaN,NaN,NaN,NaN

INPUT,0.36028578877449,0.0378944091498852,0.765547692775726,-0.123699866235256,3.07818007469177,1.34733879566193,K,15
OUTPUT,NaN,NaN,NaN,NaN,NaN,NaN

INPUT,0.363266408443451,0.0381365567445755,0.775578856468201,-0.176879674196243,3.0744845867157,1.40013444423676,K,16
OUTPUT,NaN,NaN,NaN,NaN,NaN,NaN

INPUT,0.365584701299667,0.0383248925209045,0.78338086605072,-0.218232482671738,3.07174015045166,1.44121587276459,K,17
OUTPUT,NaN,NaN,NaN,NaN,NaN,NaN

INPUT,0.367240607738495,0.0384594202041626,0.788953721523285,-0.247766345739365,3.06985211372375,1.47056829929352,K,18
OUTPUT,NaN,NaN,NaN,NaN,NaN,NaN

INPUT,0.368234127759933,0.0385401360690594,0.792297422885895,-0.265485316514969,3.06874895095825,1.48818290233612,K,19
OUTPUT,NaN,NaN,NaN,NaN,NaN,NaN

INPUT,0.368565320968628,0.0385670401155949,0.79341197013855,-0.271391570568085,3.06838631629944,1.4940550327301,K,20
OUTPUT,NaN,NaN,NaN,NaN,NaN,NaN

INPUT,0.356007695198059,0.0356128141283989,0.732506692409515,0.168576329946518,3.12427473068237,1.19095265865326,K,12
OUTPUT,NaN,NaN,NaN,NaN,NaN,NaN

INPUT,0.359914153814316,0.0357265397906303,0.743695557117462,0.113280922174454,3.12253189086914,1.24326157569885,K,13
OUTPUT,NaN,NaN,NaN,NaN,NaN,NaN

INPUT,0.363820612430573,0.0358402654528618,0.754884421825409,0.0582315810024738,3.1208438873291,1.29581832885742,K,14
OUTPUT,NaN,NaN,NaN,NaN,NaN,NaN

INPUT,0.367727071046829,0.0359539911150932,0.766073346138,0.00336592202074826,3.11921620368958,1.34856045246124,K,15
OUTPUT,NaN,NaN,NaN,NaN,NaN,NaN

INPUT,0.371242880821228,0.0360563471913338,0.776143372058868,-0.0458921305835247,3.11780643463135,1.39615142345428,K,16
OUTPUT,NaN,NaN,NaN,NaN,NaN,NaN

INPUT,0.373977422714233,0.0361359566450119,0.783975601196289,-0.0841400772333145,3.11674833297729,1.43323123455048,K,17
OUTPUT,NaN,NaN,NaN,NaN,NaN,NaN

INPUT,0.375930637121201,0.0361928194761276,0.789570033550262,-0.111431293189526,3.11601400375366,1.45974636077881,K,18
OUTPUT,NaN,NaN,NaN,NaN,NaN,NaN

INPUT,0.377102583646774,0.0362269356846809,0.792926669120789,-0.127795532345772,3.11558222770691,1.47566604614258,K,19
OUTPUT,NaN,NaN,NaN,NaN,NaN,NaN

INPUT,0.377493232488632,0.0362383089959621,0.794045567512512,-0.133248761296272,3.11543989181519,1.4809741973877,K,20
OUTPUT,NaN,NaN,NaN,NaN,NaN,NaN

INPUT,0.357919752597809,0.0362689159810543,0.733248174190521,0.234179362654686,3.13601660728455,1.27756381034851,K,12
OUTPUT,NaN,NaN,NaN,NaN,NaN,NaN

INPUT,0.362027764320374,0.0364515669643879,0.744515180587769,0.173325449228287,3.13538718223572,1.32652056217194,K,13
OUTPUT,NaN,NaN,NaN,NaN,NaN,NaN

INPUT,0.366135776042938,0.0366342142224312,0.755782186985016,0.113554134964943,3.13477611541748,1.37655997276306,K,14
OUTPUT,NaN,NaN,NaN,NaN,NaN,NaN

INPUT,0.370243787765503,0.0368168614804745,0.767049193382263,0.0545721836388111,3.13418555259705,1.42738878726959,K,15
OUTPUT,NaN,NaN,NaN,NaN,NaN,NaN

INPUT,0.373941004276276,0.0369812436401844,0.777189493179321,0.0019989968277514,3.13367295265198,1.47364568710327,K,16
OUTPUT,NaN,NaN,NaN,NaN,NaN,NaN

INPUT,0.376816600561142,0.0371090993285179,0.785076379776001,-0.0386259779334068,3.13328742980957,1.50988864898682,K,17
OUTPUT,NaN,NaN,NaN,NaN,NaN,NaN

INPUT,0.378870606422424,0.0372004210948944,0.790709853172302,-0.0675247237086296,3.13301944732666,1.53589558601379,K,18
OUTPUT,NaN,NaN,NaN,NaN,NaN,NaN

INPUT,0.380103021860123,0.0372552163898945,0.79408997297287,-0.0848218128085136,3.13286185264587,1.55154192447662,K,19
OUTPUT,NaN,NaN,NaN,NaN,NaN,NaN

INPUT,0.380513817071915,0.0372734814882278,0.795216679573059,-0.090581014752388,3.13280987739563,1.55676400661469,K,20
OUTPUT,NaN,NaN,NaN,NaN,NaN,NaN

INPUT,0.359059244394302,0.0346961580216885,0.732852518558502,0.288056552410126,3.13807463645935,1.28928756713867,K,12
OUTPUT,NaN,NaN,NaN,NaN,NaN,NaN

INPUT,0.363287836313248,0.034713439643383,0.744076609611511,0.226055338978767,3.13764047622681,1.33265841007233,K,13
OUTPUT,NaN,NaN,NaN,NaN,NaN,NaN

INPUT,0.367516398429871,0.0347307175397873,0.75530070066452,0.165880039334297,3.13721704483032,1.37785518169403,K,14
OUTPUT,NaN,NaN,NaN,NaN,NaN,NaN

INPUT,0.371744960546494,0.0347479991614819,0.766524732112885,0.107010744512081,3.13680553436279,1.42435824871063,K,15
OUTPUT,NaN,NaN,NaN,NaN,NaN,NaN

INPUT,0.37555068731308,0.0347635485231876,0.776626408100128,0.0548614263534546,3.13644623756409,1.46704411506653,K,16
OUTPUT,NaN,NaN,NaN,NaN,NaN,NaN

INPUT,0.378510683774948,0.0347756445407867,0.784483253955841,0.0147287426516414,3.13617491722107,1.50067210197449,K,17
OUTPUT,NaN,NaN,NaN,NaN,NaN,NaN

INPUT,0.380624979734421,0.0347842872142792,0.790095329284668,-0.0137466806918383,3.13598537445068,1.5248829126358,K,18
OUTPUT,NaN,NaN,NaN,NaN,NaN,NaN

INPUT,0.381893545389175,0.0347894690930843,0.793462514877319,-0.0307646580040455,3.13587355613708,1.5394766330719,K,19
OUTPUT,NaN,NaN,NaN,NaN,NaN,NaN

INPUT,0.382316410541534,0.0347911976277828,0.794584929943085,-0.0364268645644188,3.13583660125732,1.54435157775879,K,20
OUTPUT,NaN,NaN,NaN,NaN,NaN,NaN

INPUT,0.361368328332901,0.0355746485292912,0.732612013816833,-2.89589500427246,3.12118649482727,-1.87872409820557,K,12
OUTPUT,NaN,NaN,NaN,NaN,NaN,NaN

INPUT,0.365839838981628,0.0356844738125801,0.743810653686523,-2.94793677330017,3.11935830116272,-1.82370841503143,K,13
OUTPUT,NaN,NaN,NaN,NaN,NaN,NaN

INPUT,0.370311349630356,0.0357943028211594,0.755009353160858,-3.00020241737366,3.11759376525879,-1.76891422271729,K,14
OUTPUT,NaN,NaN,NaN,NaN,NaN,NaN

INPUT,0.374782860279083,0.0359041281044483,0.766207993030548,-3.05263924598694,3.11589789390564,-1.7142893075943,K,15
OUTPUT,NaN,NaN,NaN,NaN,NaN,NaN

INPUT,0.378807216882706,0.0360029749572277,0.776286840438843,-3.09994792938232,3.11443424224854,-1.66524028778076,K,16
OUTPUT,NaN,NaN,NaN,NaN,NaN,NaN

INPUT,0.381937265396118,0.0360798537731171,0.784125924110413,-3.13680553436279,3.1133394241333,-1.6271516084671,K,17
OUTPUT,NaN,NaN,NaN,NaN,NaN,NaN

INPUT,0.384173035621643,0.0361347645521164,0.789725244045258,3.12002468109131,3.11258149147034,-1.59997308254242,K,18
OUTPUT,NaN,NaN,NaN,NaN,NaN,NaN

INPUT,0.385514467954636,0.0361677147448063,0.793084859848022,3.10420155525208,3.11213660240173,-1.58367586135864,K,19
OUTPUT,NaN,NaN,NaN,NaN,NaN,NaN

INPUT,0.385961621999741,0.0361786969006062,0.794204711914063,3.09892535209656,3.11198997497559,-1.57824504375458,K,20
OUTPUT,NaN,NaN,NaN,NaN,NaN,NaN

INPUT,0.355956137180328,0.0371973514556885,0.7354896068573,-0.0263594426214695,3.08778023719788,1.21310997009277,K,5
OUTPUT,NaN,NaN,NaN,NaN,NaN,NaN

INPUT,0.361002802848816,0.0375492684543133,0.749160945415497,-0.113218747079372,3.08029890060425,1.31556510925293,K,6
OUTPUT,NaN,NaN,NaN,NaN,NaN,NaN

INPUT,0.364927977323532,0.0378229804337025,0.759794175624847,-0.181961953639984,3.07485389709473,1.39409518241882,K,7
OUTPUT,NaN,NaN,NaN,NaN,NaN,NaN

INPUT,0.367731660604477,0.0380184911191463,0.767389357089996,-0.231523096561432,3.07118344306946,1.44974505901337,K,8
OUTPUT,NaN,NaN,NaN,NaN,NaN,NaN

INPUT,0.369413882493973,0.0381357967853546,0.771946489810944,-0.261408001184464,3.06907367706299,1.48299312591553,K,9
OUTPUT,NaN,NaN,NaN,NaN,NaN,NaN

INPUT,0.347327321767807,0.0341782048344612,0.743449807167053,0.288066655397415,3.07709264755249,1.24212253093719,K,13
OUTPUT,NaN,NaN,NaN,NaN,NaN,NaN

INPUT,0.350035399198532,0.0341443382203579,0.754615128040314,0.242128372192383,3.07139754295349,1.28709959983826,K,14
OUTPUT,NaN,NaN,NaN,NaN,NaN,NaN

INPUT,0.352743476629257,0.0341104716062546,0.765780568122864,0.196252331137657,3.06584715843201,1.33215701580048,K,15
OUTPUT,NaN,NaN,NaN,NaN,NaN,NaN

INPUT,0.355180740356445,0.0340799912810326,0.775829434394836,0.155003547668457,3.06098532676697,1.37276422977448,K,16
OUTPUT,NaN,NaN,NaN,NaN,NaN,NaN

INPUT,0.357076406478882,0.0340562835335732,0.783645153045654,0.122940823435783,3.05729651451111,1.40437841415405,K,17
OUTPUT,NaN,NaN,NaN,NaN,NaN,NaN

INPUT,0.358430445194244,0.0340393483638763,0.789227843284607,0.100047521293163,3.05471396446228,1.42697429656982,K,18
OUTPUT,NaN,NaN,NaN,NaN,NaN,NaN

INPUT,0.359242856502533,0.0340291894972324,0.792577505111694,0.0863144546747208,3.05318570137024,1.44053733348846,K,19
OUTPUT,NaN,NaN,NaN,NaN,NaN,NaN

INPUT,0.35951367020607,0.0340258032083511,0.793694019317627,0.081737257540226,3.05268001556396,1.4450591802597,K,20
OUTPUT,NaN,NaN,NaN,NaN,NaN,NaN

INPUT,0.362055838108063,0.0357319712638855,0.736439287662506,0.0990379825234413,3.12321472167969,1.23259675502777,K,5
OUTPUT,NaN,NaN,NaN,NaN,NaN,NaN

INPUT,0.367799907922745,0.0358892381191254,0.749980032444,0.0161029472947121,3.12026929855347,1.32269620895386,K,6
OUTPUT,NaN,NaN,NaN,NaN,NaN,NaN

INPUT,0.372267514467239,0.0360115580260754,0.760511696338654,-0.0490104556083679,3.11808753013611,1.3921685218811,K,7
OUTPUT,NaN,NaN,NaN,NaN,NaN,NaN

INPUT,0.375458657741547,0.0360989272594452,0.768034279346466,-0.0957494899630547,3.11659359931946,1.44156432151794,K,8
OUTPUT,NaN,NaN,NaN,NaN,NaN,NaN

INPUT,0.377373367547989,0.0361513495445251,0.772547841072083,-0.123865969479084,3.11572480201721,1.47112965583801,K,9
OUTPUT,NaN,NaN,NaN,NaN,NaN,NaN

INPUT,0.358267396688461,0.0362051017582417,0.724078476428986,0.271325290203094,3.13736033439636,1.2515469789505,K,4
OUTPUT,NaN,NaN,NaN,NaN,NaN,NaN

INPUT,0.364202469587326,0.0364837013185024,0.73761522769928,0.17084912955761,3.13608884811401,1.32766139507294,K,5
OUTPUT,NaN,NaN,NaN,NaN,NaN,NaN

INPUT,0.370137542486191,0.0367623008787632,0.751152038574219,0.0748962685465813,3.13486003875732,1.40829980373383,K,6
OUTPUT,NaN,NaN,NaN,NaN,NaN,NaN

INPUT,0.374753683805466,0.0369789935648441,0.761680662631989,0.0019366528140381,3.13393974304199,1.47268915176392,K,7
OUTPUT,NaN,NaN,NaN,NaN,NaN,NaN

INPUT,0.378050953149796,0.0371337719261646,0.769201099872589,-0.0496040768921375,3.13330411911011,1.51925528049469,K,8
OUTPUT,NaN,NaN,NaN,NaN,NaN,NaN

INPUT,0.380029320716858,0.0372266359627247,0.773713409900665,-0.080355316400528,3.13293218612671,1.54736828804016,K,9
OUTPUT,NaN,NaN,NaN,NaN,NaN,NaN

INPUT,0.359343588352203,0.0347314514219761,0.723764300346375,0.369270652532578,3.13927960395813,1.30988788604736,K,4
OUTPUT,NaN,NaN,NaN,NaN,NaN,NaN

INPUT,0.365455090999603,0.0347461551427841,0.737216889858246,0.243915468454361,3.13833332061768,1.35398662090302,K,5
OUTPUT,NaN,NaN,NaN,NaN,NaN,NaN

INPUT,0.371566563844681,0.0347608625888824,0.750669479370117,0.136739403009415,3.13740730285645,1.41626501083374,K,6
OUTPUT,NaN,NaN,NaN,NaN,NaN,NaN

INPUT,0.376319944858551,0.0347722992300987,0.761132657527924,0.0591884851455688,3.13670659065247,1.47051203250885,K,7
OUTPUT,NaN,NaN,NaN,NaN,NaN,NaN

INPUT,0.379715234041214,0.0347804725170135,0.768606305122375,0.00563359726220369,3.13621854782104,1.51109874248505,K,8
OUTPUT,NaN,NaN,NaN,NaN,NaN,NaN

INPUT,0.381752401590347,0.034785371273756,0.773090541362762,-0.0259674098342657,3.13593149185181,1.53598272800446,K,9
OUTPUT,NaN,NaN,NaN,NaN,NaN,NaN

INPUT,0.361707538366318,0.0355351753532887,0.724299728870392,-2.88419485092163,3.12125825881958,-1.92881178855896,K,4
OUTPUT,NaN,NaN,NaN,NaN,NaN,NaN

INPUT,0.367971181869507,0.0357122048735619,0.737512230873108,-2.9615740776062,3.11855411529541,-1.83397233486176,K,5
OUTPUT,NaN,NaN,NaN,NaN,NaN,NaN

INPUT,0.374234825372696,0.0358892306685448,0.750724673271179,-3.04074430465698,3.11601948738098,-1.74091851711273,K,6
OUTPUT,NaN,NaN,NaN,NaN,NaN,NaN

INPUT,0.379106551408768,0.0360269173979759,0.76100105047226,-3.103182554245,3.11417746543884,-1.66940140724182,K,7
OUTPUT,NaN,NaN,NaN,NaN,NaN,NaN

INPUT,0.382586359977722,0.0361252687871456,0.768341302871704,3.13505506515503,3.11293601989746,-1.61866438388824,K,8
OUTPUT,NaN,NaN,NaN,NaN,NaN,NaN

INPUT,0.384674221277237,0.0361842773854733,0.772745430469513,3.10797071456909,3.11222267150879,-1.58833706378937,K,9
OUTPUT,NaN,NaN,NaN,NaN,NaN,NaN

INPUT,0.355205118656158,0.0356566458940506,0.732365608215332,0.312899440526962,3.12907719612122,1.29668474197388,K,12
OUTPUT,NaN,NaN,NaN,NaN,NaN,NaN

INPUT,0.359027922153473,0.035775151103735,0.74353814125061,0.258420556783676,3.12778639793396,1.34574413299561,K,13
OUTPUT,NaN,NaN,NaN,NaN,NaN,NaN

INPUT,0.362850695848465,0.0358936563134193,0.754710674285889,0.204399213194847,3.12653255462646,1.39526164531708,K,14
OUTPUT,NaN,NaN,NaN,NaN,NaN,NaN

INPUT,0.366673469543457,0.0360121615231037,0.765883207321167,0.150718703866005,3.12531924247742,1.44512116909027,K,15
OUTPUT,NaN,NaN,NaN,NaN,NaN,NaN

INPUT,0.370113998651505,0.0361188128590584,0.775938510894775,0.102630749344826,3.12426424026489,1.49022006988525,K,16
OUTPUT,NaN,NaN,NaN,NaN,NaN,NaN

INPUT,0.372789949178696,0.0362017676234245,0.783759236335754,0.0653472617268562,3.12346935272217,1.5254157781601,K,17
OUTPUT,NaN,NaN,NaN,NaN,NaN,NaN

INPUT,0.374701321125031,0.0362610220909119,0.789345502853394,0.0387697778642178,3.12291622161865,1.55060946941376,K,18
OUTPUT,NaN,NaN,NaN,NaN,NaN,NaN

INPUT,0.375848174095154,0.0362965725362301,0.792697250843048,0.0228423587977886,3.12259030342102,1.56574487686157,K,19
OUTPUT,NaN,NaN,NaN,NaN,NaN,NaN

INPUT,0.376230448484421,0.0363084226846695,0.793814539909363,0.0175361689180136,3.12248277664185,1.57079303264618,K,20
OUTPUT,NaN,NaN,NaN,NaN,NaN,NaN

INPUT,0.351734846830368,0.0343214645981789,0.742166817188263,0.259391933679581,3.07488465309143,1.25991320610046,K,5
OUTPUT,NaN,NaN,NaN,NaN,NaN,NaN

INPUT,0.355172425508499,0.0342672243714333,0.753545045852661,0.195711970329285,3.06659936904907,1.32680571079254,K,6
OUTPUT,NaN,NaN,NaN,NaN,NaN,NaN

INPUT,0.357846081256866,0.0342250391840935,0.762394785881042,0.145946726202965,3.06037425994873,1.37862384319305,K,7
OUTPUT,NaN,NaN,NaN,NaN,NaN,NaN

INPUT,0.359755843877792,0.0341949053108692,0.768716037273407,0.110302075743675,3.05605483055115,1.41555440425873,K,8
OUTPUT,NaN,NaN,NaN,NaN,NaN,NaN

INPUT,0.360901713371277,0.0341768264770508,0.77250874042511,0.088882252573967,3.05351686477661,1.4376859664917,K,9
OUTPUT,NaN,NaN,NaN,NaN,NaN,NaN

INPUT,0.361903429031372,0.0358279347419739,0.721294403076172,-2.71047210693359,3.10241794586182,-1.89575958251953,K,11
OUTPUT,NaN,NaN,NaN,NaN,NaN,NaN

INPUT,0.366963326931,0.0359801612794399,0.732480704784393,-2.75724387168884,3.09822559356689,-1.84667682647705,K,12
OUTPUT,NaN,NaN,NaN,NaN,NaN,NaN

INPUT,0.37202325463295,0.0361323915421963,0.74366694688797,-2.80422115325928,3.09413266181946,-1.79779148101807,K,13
OUTPUT,NaN,NaN,NaN,NaN,NaN,NaN

INPUT,0.3770831823349,0.0362846180796623,0.754853248596191,-2.85135293006897,3.09014868736267,-1.74905145168304,K,14
OUTPUT,NaN,NaN,NaN,NaN,NaN,NaN

INPUT,0.382143080234528,0.0364368446171284,0.766039490699768,-2.89860391616821,3.08628273010254,-1.70042037963867,K,15
OUTPUT,NaN,NaN,NaN,NaN,NaN,NaN

INPUT,0.386697024106979,0.0365738496184349,0.776107132434845,-2.94121050834656,3.0829119682312,-1.65672492980957,K,16
OUTPUT,NaN,NaN,NaN,NaN,NaN,NaN

INPUT,0.390238970518112,0.0366804078221321,0.783937513828278,-2.9743926525116,3.08036518096924,-1.62277746200562,K,17
OUTPUT,NaN,NaN,NaN,NaN,NaN,NaN

INPUT,0.392768919467926,0.0367565229535103,0.789530634880066,-2.99811458587646,3.07858824729919,-1.59854638576508,K,18
OUTPUT,NaN,NaN,NaN,NaN,NaN,NaN

INPUT,0.394286900758743,0.0368021912872791,0.792886555194855,-3.01235508918762,3.07753920555115,-1.58401381969452,K,19
OUTPUT,NaN,NaN,NaN,NaN,NaN,NaN

INPUT,0.394792884588242,0.0368174128234386,0.794005155563354,-3.01710295677185,3.07719254493713,-1.57917058467865,K,20
OUTPUT,NaN,NaN,NaN,NaN,NaN,NaN

INPUT,0.361083924770355,0.0358219295740128,0.736253261566162,0.25519648194313,3.12842607498169,1.34599173069,K,5
OUTPUT,NaN,NaN,NaN,NaN,NaN,NaN

INPUT,0.366674244403839,0.0359994806349277,0.749776601791382,0.169060841202736,3.12618827819824,1.42633986473083,K,6
OUTPUT,NaN,NaN,NaN,NaN,NaN,NaN

INPUT,0.371022254228592,0.0361375734210014,0.760294795036316,0.10257962346077,3.12452077865601,1.48934769630432,K,7
OUTPUT,NaN,NaN,NaN,NaN,NaN,NaN

INPUT,0.374127984046936,0.0362362116575241,0.76780778169632,0.0552837662398815,3.12337303161621,1.53454518318176,K,8
OUTPUT,NaN,NaN,NaN,NaN,NaN,NaN

INPUT,0.375991433858871,0.0362953953444958,0.772315621376038,0.0269664507359266,3.12270283699036,1.56172454357147,K,9
OUTPUT,NaN,NaN,NaN,NaN,NaN,NaN

INPUT,0.37066513299942,0.03595956787467,0.730830192565918,-2.79334235191345,3.09511280059814,-1.82857894897461,K,5
OUTPUT,NaN,NaN,NaN,NaN,NaN,NaN

INPUT,0.378891348838806,0.0362108573317528,0.746388077735901,-2.87287449836731,3.08830857276917,-1.73779714107513,K,6
OUTPUT,NaN,NaN,NaN,NaN,NaN,NaN

INPUT,0.385289520025253,0.0364063046872616,0.758488655090332,-2.93562889099121,3.08328008651733,-1.66806471347809,K,7
OUTPUT,NaN,NaN,NaN,NaN,NaN,NaN

INPUT,0.389859646558762,0.0365459099411964,0.767131984233856,-2.98080015182495,3.07984328269958,-1.61859083175659,K,8
OUTPUT,NaN,NaN,NaN,NaN,NaN,NaN

INPUT,0.392601698637009,0.0366296730935574,0.772317945957184,-3.00801491737366,3.07784676551819,-1.58901381492615,K,9
OUTPUT,NaN,NaN,NaN,NaN,NaN,NaN

INPUT,0.356406033039093,0.0346813462674618,0.732987344264984,0.139517366886139,3.12459111213684,1.20606446266174,K,12
OUTPUT,NaN,NaN,NaN,NaN,NaN,NaN

INPUT,0.360354602336884,0.034697100520134,0.744226336479187,0.0819623693823814,3.12289571762085,1.26076304912567,K,13
OUTPUT,NaN,NaN,NaN,NaN,NaN,NaN

INPUT,0.364303141832352,0.0347128510475159,0.75546532869339,0.0246407315135002,3.12125897407532,1.3156965970993,K,14
OUTPUT,NaN,NaN,NaN,NaN,NaN,NaN

INPUT,0.368251711130142,0.0347286053001881,0.766704380512238,-0.0325069949030876,3.11968612670898,1.37080609798431,K,15
OUTPUT,NaN,NaN,NaN,NaN,NaN,NaN

INPUT,0.371805399656296,0.0347427800297737,0.776819467544556,-0.0838253572583199,3.1183295249939,1.42052090167999,K,16
OUTPUT,NaN,NaN,NaN,NaN,NaN,NaN

INPUT,0.37456938624382,0.0347538068890572,0.784686803817749,-0.123679377138615,3.1173152923584,1.45924913883209,K,17
OUTPUT,NaN,NaN,NaN,NaN,NaN,NaN

INPUT,0.376543670892715,0.0347616858780384,0.790306270122528,-0.152119293808937,3.1166136264801,1.48694002628326,K,18
OUTPUT,NaN,NaN,NaN,NaN,NaN,NaN

INPUT,0.377728253602982,0.0347664095461369,0.793677985668182,-0.169173404574394,3.11620211601257,1.50356447696686,K,19
OUTPUT,NaN,NaN,NaN,NaN,NaN,NaN

INPUT,0.378123104572296,0.0347679853439331,0.794801890850067,-0.174856618046761,3.11606645584106,1.50910758972168,K,20
OUTPUT,NaN,NaN,NaN,NaN,NaN,NaN

INPUT,0.361574709415436,0.0359877608716488,0.721815407276154,-2.83154773712158,3.11332631111145,-2.02508616447449,K,11
OUTPUT,NaN,NaN,NaN,NaN,NaN,NaN

INPUT,0.366596579551697,0.0361591726541519,0.733061134815216,-2.87798643112183,3.11032795906067,-1.97665655612946,K,12
OUTPUT,NaN,NaN,NaN,NaN,NaN,NaN

INPUT,0.371618419885635,0.0363305807113647,0.744306862354279,-2.92459964752197,3.10739970207214,-1.9283971786499,K,13
OUTPUT,NaN,NaN,NaN,NaN,NaN,NaN

INPUT,0.376640290021896,0.0365019887685776,0.755552589893341,-2.97134375572205,3.10454845428467,-1.88026392459869,K,14
OUTPUT,NaN,NaN,NaN,NaN,NaN,NaN

INPUT,0.381662130355835,0.0366733968257904,0.766798317432404,-3.01818799972534,3.10178065299988,-1.83222615718842,K,15
OUTPUT,NaN,NaN,NaN,NaN,NaN,NaN

INPUT,0.386181801557541,0.03682766482234,0.776919543743134,-3.06041622161865,3.09936594963074,-1.7890557050705,K,16
OUTPUT,NaN,NaN,NaN,NaN,NaN,NaN

INPUT,0.389697104692459,0.0369476526975632,0.784791529178619,-3.09329700469971,3.09754061698914,-1.7555125951767,K,17
OUTPUT,NaN,NaN,NaN,NaN,NaN,NaN

INPUT,0.39220803976059,0.0370333567261696,0.790414392948151,-3.11680006980896,3.09626650810242,-1.7315685749054,K,18
OUTPUT,NaN,NaN,NaN,NaN,NaN,NaN

INPUT,0.39371457695961,0.0370847806334496,0.793788135051727,-3.13090825080872,3.09551429748535,-1.7172075510025,K,19
OUTPUT,NaN,NaN,NaN,NaN,NaN,NaN

INPUT,0.394216775894165,0.0371019206941128,0.794912695884705,-3.13561201095581,3.09526562690735,-1.71242153644562,K,20
OUTPUT,NaN,NaN,NaN,NaN,NaN,NaN

INPUT,0.362065762281418,0.0359091572463512,0.732924520969391,-2.87648963928223,3.13582038879395,-1.93340659141541,K,12
OUTPUT,NaN,NaN,NaN,NaN,NaN,NaN

INPUT,0.366609245538712,0.0360538735985756,0.744158744812012,-2.92006707191467,3.13537454605103,-1.87773132324219,K,13
OUTPUT,NaN,NaN,NaN,NaN,NaN,NaN

INPUT,0.371152728796005,0.0361985862255096,0.755392909049988,-2.96444249153137,3.13494348526001,-1.82285380363464,K,14
OUTPUT,NaN,NaN,NaN,NaN,NaN,NaN

INPUT,0.375696212053299,0.036343302577734,0.766627073287964,-3.00944638252258,3.13452887535095,-1.76860475540161,K,15
OUTPUT,NaN,NaN,NaN,NaN,NaN,NaN

INPUT,0.379785358905792,0.0364735461771488,0.776737868785858,-3.05038332939148,3.13417029380798,-1.7202136516571,K,16
OUTPUT,NaN,NaN,NaN,NaN,NaN,NaN

INPUT,0.382965803146362,0.0365748442709446,0.784601747989655,-3.08245921134949,3.13390159606934,-1.68281209468842,K,17
OUTPUT,NaN,NaN,NaN,NaN,NaN,NaN

INPUT,0.385237544775009,0.0366472005844116,0.790218889713287,-3.1054801940918,3.13371539115906,-1.65620648860931,K,18
OUTPUT,NaN,NaN,NaN,NaN,NaN,NaN

INPUT,0.386600613594055,0.0366906151175499,0.793589115142822,-3.11933255195618,3.13360595703125,-1.64028286933899,K,19
OUTPUT,NaN,NaN,NaN,NaN,NaN,NaN

INPUT,0.387054949998856,0.0367050878703594,0.794712543487549,-3.12395620346069,3.13356971740723,-1.63498115539551,K,20
OUTPUT,NaN,NaN,NaN,NaN,NaN,NaN

INPUT,0.36081075668335,0.0359253585338593,0.721571624279022,-2.80467939376831,3.09833550453186,-1.95896506309509,K,11
OUTPUT,NaN,NaN,NaN,NaN,NaN,NaN

INPUT,0.365742176771164,0.0360890924930573,0.732790410518646,-2.85357904434204,3.09372448921204,-1.90835559368134,K,12
OUTPUT,NaN,NaN,NaN,NaN,NaN,NaN

INPUT,0.370673626661301,0.0362528264522552,0.744009137153625,-2.90263223648071,3.08923172950745,-1.85788953304291,K,13
OUTPUT,NaN,NaN,NaN,NaN,NaN,NaN

INPUT,0.375605046749115,0.0364165604114532,0.75522792339325,-2.95180153846741,3.08486866950989,-1.80752789974213,K,14
OUTPUT,NaN,NaN,NaN,NaN,NaN,NaN

INPUT,0.380536496639252,0.0365802943706512,0.766446650028229,-3.00106120109558,3.08064579963684,-1.75724422931671,K,15
OUTPUT,NaN,NaN,NaN,NaN,NaN,NaN

INPUT,0.384974807500839,0.0367276556789875,0.77654355764389,-3.04545617103577,3.07697415351868,-1.71203970909119,K,16
OUTPUT,NaN,NaN,NaN,NaN,NaN,NaN

INPUT,0.388426810503006,0.03684226796031,0.784396708011627,-3.08001923561096,3.07420754432678,-1.67690718173981,K,17
OUTPUT,NaN,NaN,NaN,NaN,NaN,NaN

INPUT,0.390892505645752,0.036924134939909,0.790006041526794,-3.10472297668457,3.07228112220764,-1.65182411670685,K,18
OUTPUT,NaN,NaN,NaN,NaN,NaN,NaN

INPUT,0.392371952533722,0.0369732566177845,0.793371677398682,-3.11955094337463,3.07114601135254,-1.63677859306335,K,19
OUTPUT,NaN,NaN,NaN,NaN,NaN,NaN

INPUT,0.392865091562271,0.0369896292686462,0.794493556022644,-3.1244945526123,3.07077097892761,-1.6317640542984,K,20
OUTPUT,NaN,NaN,NaN,NaN,NaN,NaN

INPUT,0.370633572340012,0.0333728529512882,0.720530092716217,-2.86198472976685,3.05647730827332,-2.00364565849304,K,11
OUTPUT,NaN,NaN,NaN,NaN,NaN,NaN

INPUT,0.376721322536469,0.0332364775240421,0.731624901294708,-2.91219735145569,3.04731202125549,-1.95276021957397,K,12
OUTPUT,NaN,NaN,NaN,NaN,NaN,NaN

INPUT,0.382809072732925,0.033100102096796,0.742719769477844,-2.96249008178711,3.03838753700256,-1.90191197395325,K,13
OUTPUT,NaN,NaN,NaN,NaN,NaN,NaN

INPUT,0.388896822929382,0.0329637266695499,0.753814578056335,-3.01284956932068,3.02972650527954,-1.85108458995819,K,14
OUTPUT,NaN,NaN,NaN,NaN,NaN,NaN

INPUT,0.394984573125839,0.0328273512423038,0.764909446239471,-3.06326627731323,3.02135133743286,-1.80026602745056,K,15
OUTPUT,NaN,NaN,NaN,NaN,NaN,NaN

INPUT,0.40046352148056,0.0327046141028404,0.774894773960114,-3.10868501663208,3.01407599449158,-1.75453007221222,K,16
OUTPUT,NaN,NaN,NaN,NaN,NaN,NaN

INPUT,0.404724955558777,0.032609149813652,0.782661199569702,3.1391487121582,3.00859904289246,-1.71895515918732,K,17
OUTPUT,NaN,NaN,NaN,NaN,NaN,NaN

INPUT,0.407768845558167,0.032540962100029,0.788208603858948,3.11388421058655,3.00478887557983,-1.69354212284088,K,18
OUTPUT,NaN,NaN,NaN,NaN,NaN,NaN

INPUT,0.409595161676407,0.0325000509619713,0.791537046432495,3.09872055053711,3.00254464149475,-1.67829310894012,K,19
OUTPUT,NaN,NaN,NaN,NaN,NaN,NaN

INPUT,0.41020393371582,0.0324864126741886,0.792646527290344,3.09366512298584,3.0018036365509,-1.67320990562439,K,20
OUTPUT,NaN,NaN,NaN,NaN,NaN,NaN

INPUT,0.355289250612259,0.0353784188628197,0.732477009296417,0.221407413482666,3.11859178543091,1.21734654903412,K,12
OUTPUT,NaN,NaN,NaN,NaN,NaN,NaN

INPUT,0.359120339155197,0.0354673564434052,0.743662893772125,0.167692840099335,3.11630058288574,1.26845824718475,K,13
OUTPUT,NaN,NaN,NaN,NaN,NaN,NaN

INPUT,0.362951457500458,0.0355562940239906,0.754848659038544,0.114190354943275,3.11407876014709,1.31978487968445,K,14
OUTPUT,NaN,NaN,NaN,NaN,NaN,NaN

INPUT,0.366782546043396,0.0356452316045761,0.766034483909607,0.0608464255928993,3.11193227767944,1.37127339839935,K,15
OUTPUT,NaN,NaN,NaN,NaN,NaN,NaN

INPUT,0.37023052573204,0.0357252769172192,0.776101768016815,0.0129415262490511,3.11006999015808,1.41772043704987,K,16
OUTPUT,NaN,NaN,NaN,NaN,NaN,NaN

INPUT,0.37291231751442,0.0357875302433968,0.783931851387024,-0.0242624878883362,3.10866975784302,1.4539030790329,K,17
OUTPUT,NaN,NaN,NaN,NaN,NaN,NaN

INPUT,0.374827861785889,0.0358319990336895,0.789524734020233,-0.0508119948208332,3.1076967716217,1.47977387905121,K,18
OUTPUT,NaN,NaN,NaN,NaN,NaN,NaN

INPUT,0.37597718834877,0.0358586832880974,0.792880475521088,-0.0667325556278229,3.1071240901947,1.4953054189682,K,19
OUTPUT,NaN,NaN,NaN,NaN,NaN,NaN

INPUT,0.376360297203064,0.0358675755560398,0.793999075889587,-0.0720381140708923,3.10693502426147,1.50048410892487,K,20
OUTPUT,NaN,NaN,NaN,NaN,NaN,NaN

INPUT,0.349847376346588,0.0338137969374657,0.732381999492645,0.178652554750443,3.09509372711182,1.2252756357193,K,12
OUTPUT,NaN,NaN,NaN,NaN,NaN,NaN

INPUT,0.353105634450912,0.0337379835546017,0.743558049201965,0.122931510210037,3.09061884880066,1.27975070476532,K,13
OUTPUT,NaN,NaN,NaN,NaN,NaN,NaN

INPUT,0.356363862752914,0.0336621701717377,0.754734098911285,0.0673035010695457,3.08629894256592,1.33433079719543,K,14
OUTPUT,NaN,NaN,NaN,NaN,NaN,NaN

INPUT,0.359622120857239,0.0335863567888737,0.765910148620605,0.0117435865104198,3.08214664459229,1.38899219036102,K,15
OUTPUT,NaN,NaN,NaN,NaN,NaN,NaN

INPUT,0.362554579973221,0.033518124371767,0.775968611240387,-0.0382165499031544,3.07856345176697,1.4382426738739,K,16
OUTPUT,NaN,NaN,NaN,NaN,NaN,NaN

INPUT,0.364835351705551,0.0334650538861752,0.783791780471802,-0.0770518705248833,3.07588315010071,1.47657883167267,K,17
OUTPUT,NaN,NaN,NaN,NaN,NaN,NaN

INPUT,0.366464465856552,0.033427145332098,0.789379835128784,-0.10478138923645,3.0740282535553,1.50397551059723,K,18
OUTPUT,NaN,NaN,NaN,NaN,NaN,NaN

INPUT,0.367441952228546,0.0334044024348259,0.792732656002045,-0.121415719389915,3.0729398727417,1.52041876316071,K,19
OUTPUT,NaN,NaN,NaN,NaN,NaN,NaN

INPUT,0.367767781019211,0.0333968214690685,0.793850243091583,-0.126960009336472,3.07258129119873,1.5259006023407,K,20
OUTPUT,NaN,NaN,NaN,NaN,NaN,NaN

INPUT,0.359743893146515,0.0344252325594425,0.732925713062286,-3.01709604263306,3.13651061058044,-2.00770711898804,K,12
OUTPUT,NaN,NaN,NaN,NaN,NaN,NaN

INPUT,0.364043861627579,0.0344138629734516,0.744158804416656,-3.06595754623413,3.13613796234131,-1.95033705234528,K,13
OUTPUT,NaN,NaN,NaN,NaN,NaN,NaN

INPUT,0.368343830108643,0.034402497112751,0.755391836166382,-3.11535310745239,3.13578081130981,-1.89350116252899,K,14
OUTPUT,NaN,NaN,NaN,NaN,NaN,NaN

INPUT,0.372643798589706,0.0343911275267601,0.766624867916107,3.11801433563232,3.1354398727417,-1.83708739280701,K,15
OUTPUT,NaN,NaN,NaN,NaN,NaN,NaN

INPUT,0.376513779163361,0.0343808978796005,0.77673465013504,3.07288694381714,3.1351478099823,-1.78660607337952,K,16
OUTPUT,NaN,NaN,NaN,NaN,NaN,NaN

INPUT,0.379523754119873,0.034372940659523,0.784597814083099,3.03762888908386,3.13493084907532,-1.74750161170959,K,17
OUTPUT,NaN,NaN,NaN,NaN,NaN,NaN

INPUT,0.381673753261566,0.0343672558665276,0.79021430015564,3.01237082481384,3.13478136062622,-1.71964347362518,K,18
OUTPUT,NaN,NaN,NaN,NaN,NaN,NaN

INPUT,0.382963746786118,0.0343638435006142,0.793584227561951,2.99718952178955,3.13469409942627,-1.70295548439026,K,19
OUTPUT,NaN,NaN,NaN,NaN,NaN,NaN

INPUT,0.383393734693527,0.0343627072870731,0.794707536697388,2.9921247959137,3.1346652507782,-1.69739699363708,K,20
OUTPUT,NaN,NaN,NaN,NaN,NaN,NaN

INPUT,0.37045094370842,0.0362520627677441,0.731414675712585,-2.91467237472534,3.10796093940735,-1.95954728126526,K,5
OUTPUT,NaN,NaN,NaN,NaN,NaN,NaN

INPUT,0.378673225641251,0.0365560166537762,0.747081696987152,-2.99319338798523,3.10314154624939,-1.86957824230194,K,6
OUTPUT,NaN,NaN,NaN,NaN,NaN,NaN

INPUT,0.385068297386169,0.0367924273014069,0.759267151355743,-3.05515670776367,3.09957933425903,-1.8004834651947,K,7
OUTPUT,NaN,NaN,NaN,NaN,NaN,NaN

INPUT,0.389636248350143,0.0369612909853458,0.767971038818359,-3.09976196289063,3.09714412689209,-1.75147008895874,K,8
OUTPUT,NaN,NaN,NaN,NaN,NaN,NaN

INPUT,0.392376989126205,0.0370626077055931,0.773193418979645,-3.12663698196411,3.0957293510437,-1.72217154502869,K,9
OUTPUT,NaN,NaN,NaN,NaN,NaN,NaN

INPUT,0.362537652254105,0.0346895232796669,0.737054407596588,0.0657865405082703,3.12359762191772,1.24830150604248,K,5
OUTPUT,NaN,NaN,NaN,NaN,NaN,NaN

INPUT,0.368329375982285,0.0346858017146587,0.750645875930786,-0.0199904106557369,3.12073063850403,1.34304141998291,K,6
OUTPUT,NaN,NaN,NaN,NaN,NaN,NaN

INPUT,0.372834056615829,0.0346829071640968,0.761216938495636,-0.0874619260430336,3.11861681938171,1.415975689888,K,7
OUTPUT,NaN,NaN,NaN,NaN,NaN,NaN

INPUT,0.376051694154739,0.0346808359026909,0.768767774105072,-0.135940209031105,3.11717557907104,1.46778917312622,K,8
OUTPUT,NaN,NaN,NaN,NaN,NaN,NaN

INPUT,0.377982258796692,0.0346795953810215,0.773298263549805,-0.165117636322975,3.11633992195129,1.49878776073456,K,9
OUTPUT,NaN,NaN,NaN,NaN,NaN,NaN

INPUT,0.362458795309067,0.0358612239360809,0.724503815174103,-2.88000059127808,3.13506937026978,-1.99408841133118,K,4
OUTPUT,NaN,NaN,NaN,NaN,NaN,NaN

INPUT,0.36892706155777,0.0360838510096073,0.737794518470764,-2.94206357002258,3.13461089134216,-1.89651763439178,K,5
OUTPUT,NaN,NaN,NaN,NaN,NaN,NaN

INPUT,0.375395357608795,0.0363064780831337,0.75108528137207,-3.00622510910034,3.13419508934021,-1.80104470252991,K,6
OUTPUT,NaN,NaN,NaN,NaN,NaN,NaN

INPUT,0.380426228046417,0.0364796295762062,0.761422514915466,-3.0572452545166,3.13390302658081,-1.72790479660034,K,7
OUTPUT,NaN,NaN,NaN,NaN,NaN,NaN

INPUT,0.384019732475281,0.0366033129394054,0.768806219100952,-3.09417009353638,3.13371181488037,-1.6761440038681,K,8
OUTPUT,NaN,NaN,NaN,NaN,NaN,NaN

INPUT,0.386175841093063,0.0366775207221508,0.773236453533173,-3.11649084091187,3.1336042881012,-1.64525294303894,K,9
OUTPUT,NaN,NaN,NaN,NaN,NaN,NaN

INPUT,0.369306087493896,0.0361485108733177,0.731161236763,-2.89104652404785,3.09043908119202,-1.88950848579407,K,5
OUTPUT,NaN,NaN,NaN,NaN,NaN,NaN

INPUT,0.377277910709381,0.0364426039159298,0.746778905391693,-2.97411751747131,3.08293986320496,-1.79578399658203,K,6
OUTPUT,NaN,NaN,NaN,NaN,NaN,NaN

INPUT,0.383478224277496,0.0366713404655457,0.758926033973694,-3.03957962989807,3.0774199962616,-1.72371292114258,K,7
OUTPUT,NaN,NaN,NaN,NaN,NaN,NaN

INPUT,0.38790699839592,0.0368347279727459,0.767602503299713,-3.08666729927063,3.0736608505249,-1.67254769802094,K,8
OUTPUT,NaN,NaN,NaN,NaN,NaN,NaN

INPUT,0.390564292669296,0.0369327552616596,0.772808432579041,-3.11502599716187,3.07148337364197,-1.64194893836975,K,9
OUTPUT,NaN,NaN,NaN,NaN,NaN,NaN

INPUT,0.370926886796951,0.0333466269075871,0.715490877628326,-2.86258149147034,3.0573582649231,-2.02590847015381,K,4
OUTPUT,NaN,NaN,NaN,NaN,NaN,NaN

INPUT,0.380586951971054,0.0331542640924454,0.730671942234039,-2.94758892059326,3.04143333435059,-1.93121528625488,K,5
OUTPUT,NaN,NaN,NaN,NaN,NaN,NaN

INPUT,0.390247017145157,0.0329618975520134,0.745853006839752,-3.03396940231323,3.02631402015686,-1.83775544166565,K,6
OUTPUT,NaN,NaN,NaN,NaN,NaN,NaN

INPUT,0.397760391235352,0.0328122824430466,0.757660567760468,-3.10177636146545,3.01519060134888,-1.76558196544647,K,7
OUTPUT,NaN,NaN,NaN,NaN,NaN,NaN

INPUT,0.403127104043961,0.0327054150402546,0.766094505786896,3.13272929191589,3.00762033462524,-1.71421706676483,K,8
OUTPUT,NaN,NaN,NaN,NaN,NaN,NaN

INPUT,0.406347125768661,0.0326412916183472,0.771154820919037,3.103440284729,3.00323724746704,-1.68345558643341,K,9
OUTPUT,NaN,NaN,NaN,NaN,NaN,NaN

INPUT,0.361298739910126,0.0354874059557915,0.73631763458252,0.156199812889099,3.11695551872253,1.26049816608429,K,5
OUTPUT,NaN,NaN,NaN,NaN,NaN,NaN

INPUT,0.366969734430313,0.0356063097715378,0.74988728761673,0.0745219439268112,3.11316299438477,1.34737300872803,K,6
OUTPUT,NaN,NaN,NaN,NaN,NaN,NaN

INPUT,0.371380507946014,0.0356987901031971,0.760441422462463,0.0105652213096619,3.11035132408142,1.4145188331604,K,7
OUTPUT,NaN,NaN,NaN,NaN,NaN,NaN

INPUT,0.37453106045723,0.0357648469507694,0.76798015832901,-0.0352822467684746,3.10842442512512,1.46231949329376,K,8
OUTPUT,NaN,NaN,NaN,NaN,NaN,NaN

INPUT,0.376421391963959,0.0358044840395451,0.772503316402435,-0.0628433227539063,3.10730290412903,1.4909485578537,K,9
OUTPUT,NaN,NaN,NaN,NaN,NaN,NaN

INPUT,0.355385720729828,0.0336939468979836,0.735797882080078,0.107733964920044,3.09129405021667,1.26831150054932,K,5
OUTPUT,NaN,NaN,NaN,NaN,NaN,NaN

INPUT,0.360335767269135,0.0335241183638573,0.749513864517212,0.0241329856216908,3.08414578437805,1.361900806427,K,6
OUTPUT,NaN,NaN,NaN,NaN,NaN,NaN

INPUT,0.364185780286789,0.0333920270204544,0.760181844234467,-0.0416685231029987,3.0788938999176,1.43393814563751,K,7
OUTPUT,NaN,NaN,NaN,NaN,NaN,NaN

INPUT,0.366935819387436,0.0332976765930653,0.767801821231842,-0.0889720097184181,3.0753231048584,1.48510456085205,K,8
OUTPUT,NaN,NaN,NaN,NaN,NaN,NaN

INPUT,0.368585824966431,0.0332410670816898,0.772373855113983,-0.117452032864094,3.0732569694519,1.51571178436279,K,9
OUTPUT,NaN,NaN,NaN,NaN,NaN,NaN

INPUT,0.360041409730911,0.0344783514738083,0.724075973033905,-3.002845287323,3.1357696056366,-2.05461716651917,K,4
OUTPUT,NaN,NaN,NaN,NaN,NaN,NaN

INPUT,0.366186618804932,0.0344531983137131,0.737478613853455,-3.07786583900452,3.135413646698,-1.95878756046295,K,5
OUTPUT,NaN,NaN,NaN,NaN,NaN,NaN

INPUT,0.372331857681274,0.0344280488789082,0.750881195068359,3.12922859191895,3.13510227203369,-1.86402761936188,K,6
OUTPUT,NaN,NaN,NaN,NaN,NaN,NaN

INPUT,0.377111494541168,0.0344084873795509,0.761305451393127,3.06948494911194,3.1348922252655,-1.79088759422302,K,7
OUTPUT,NaN,NaN,NaN,NaN,NaN,NaN

INPUT,0.380525529384613,0.0343945175409317,0.768751323223114,3.02657294273376,3.13476014137268,-1.7388824224472,K,8
OUTPUT,NaN,NaN,NaN,NaN,NaN,NaN

INPUT,0.382573932409286,0.0343861319124699,0.773218870162964,3.00074577331543,3.13468813896179,-1.70775938034058,K,9
OUTPUT,NaN,NaN,NaN,NaN,NaN,NaN

INPUT,0.347645163536072,0.0399041026830673,0.743274390697479,-0.0228348914533854,3.05776643753052,1.1828521490097,K,13
OUTPUT,NaN,NaN,NaN,NaN,NaN,NaN

INPUT,0.350383400917053,0.0404157303273678,0.754422664642334,-0.0804828107357025,3.05081701278687,1.24016213417053,K,14
OUTPUT,NaN,NaN,NaN,NaN,NaN,NaN

INPUT,0.353121638298035,0.0409273542463779,0.765570998191833,-0.138124853372574,3.04416704177856,1.29751336574554,K,15
OUTPUT,NaN,NaN,NaN,NaN,NaN,NaN

INPUT,0.355586051940918,0.041387815028429,0.775604486465454,-0.190002575516701,3.03845643997192,1.34916079044342,K,16
OUTPUT,NaN,NaN,NaN,NaN,NaN,NaN

INPUT,0.357502818107605,0.0417459532618523,0.783408284187317,-0.230353906750679,3.03420472145081,1.3893495798111,K,17
OUTPUT,NaN,NaN,NaN,NaN,NaN,NaN

INPUT,0.358871936798096,0.0420017652213573,0.788982450962067,-0.259178042411804,3.03127408027649,1.41806507110596,K,18
OUTPUT,NaN,NaN,NaN,NaN,NaN,NaN

INPUT,0.35969340801239,0.0421552509069443,0.792326927185059,-0.27647340297699,3.02955913543701,1.43529796600342,K,19
OUTPUT,NaN,NaN,NaN,NaN,NaN,NaN

INPUT,0.359967231750488,0.0422064140439034,0.793441772460938,-0.282238662242889,3.02899479866028,1.44104290008545,K,20
OUTPUT,NaN,NaN,NaN,NaN,NaN,NaN

INPUT,0.36643972992897,0.0349022932350636,0.720983982086182,-2.88651013374329,3.08412623405457,-2.08296871185303,K,11
OUTPUT,NaN,NaN,NaN,NaN,NaN,NaN

INPUT,0.372033447027206,0.0349456258118153,0.732133746147156,-2.93334007263184,3.07791900634766,-2.03522658348083,K,12
OUTPUT,NaN,NaN,NaN,NaN,NaN,NaN

INPUT,0.377627164125443,0.034988958388567,0.743283450603485,-2.98025918006897,3.07185387611389,-1.9875556230545,K,13
OUTPUT,NaN,NaN,NaN,NaN,NaN,NaN

INPUT,0.383220851421356,0.035032294690609,0.754433155059814,-3.02724766731262,3.06594467163086,-1.93993449211121,K,14
OUTPUT,NaN,NaN,NaN,NaN,NaN,NaN

INPUT,0.388814568519592,0.0350756272673607,0.765582859516144,-3.07429194450378,3.06020450592041,-1.89234793186188,K,15
OUTPUT,NaN,NaN,NaN,NaN,NaN,NaN

INPUT,0.393848925828934,0.0351146273314953,0.775617599487305,-3.11667156219482,3.05519390106201,-1.84954118728638,K,16
OUTPUT,NaN,NaN,NaN,NaN,NaN,NaN

INPUT,0.397764533758163,0.0351449586451054,0.783422410488129,3.13352966308594,3.05140423774719,-1.81625699996948,K,17
OUTPUT,NaN,NaN,NaN,NaN,NaN,NaN

INPUT,0.400561392307281,0.0351666249334812,0.788997292518616,3.10995864868164,3.04875779151917,-1.79248642921448,K,18
OUTPUT,NaN,NaN,NaN,NaN,NaN,NaN

INPUT,0.402239501476288,0.0351796261966228,0.792342185974121,3.09581208229065,3.04719471931458,-1.77822554111481,K,19
OUTPUT,NaN,NaN,NaN,NaN,NaN,NaN

INPUT,0.402798861265182,0.03518395870924,0.79345715045929,3.09109568595886,3.04667782783508,-1.77347195148468,K,20
OUTPUT,NaN,NaN,NaN,NaN,NaN,NaN

INPUT,0.353410094976425,0.0364722944796085,0.732661187648773,0.34456792473793,3.11428999900818,1.19548523426056,K,12
OUTPUT,NaN,NaN,NaN,NaN,NaN,NaN

INPUT,0.357043832540512,0.0366766043007374,0.743865072727203,0.298645943403244,3.11152029037476,1.23912525177002,K,13
OUTPUT,NaN,NaN,NaN,NaN,NaN,NaN

INPUT,0.360677599906921,0.0368809141218662,0.755068957805634,0.252912759780884,3.10881066322327,1.2829577922821,K,14
OUTPUT,NaN,NaN,NaN,NaN,NaN,NaN

INPUT,0.364311367273331,0.0370852239429951,0.766272842884064,0.207321330904961,3.10616707801819,1.32693600654602,K,15
OUTPUT,NaN,NaN,NaN,NaN,NaN,NaN

INPUT,0.367581754922867,0.0372691042721272,0.776356339454651,0.166382491588593,3.10384821891785,1.36661338806152,K,16
OUTPUT,NaN,NaN,NaN,NaN,NaN,NaN

INPUT,0.370125383138657,0.0374121218919754,0.784199059009552,0.134590685367584,3.10208678245544,1.39752554893494,K,17
OUTPUT,NaN,NaN,NaN,NaN,NaN,NaN

INPUT,0.371942281723022,0.0375142768025398,0.789801001548767,0.11190452426672,3.10085248947144,1.41962933540344,K,18
OUTPUT,NaN,NaN,NaN,NaN,NaN,NaN

INPUT,0.37303239107132,0.0375755727291107,0.793162167072296,0.0983009859919548,3.10012149810791,1.4329000711441,K,19
OUTPUT,NaN,NaN,NaN,NaN,NaN,NaN

INPUT,0.373395770788193,0.0375960022211075,0.794282555580139,0.0937676951289177,3.09987950325012,1.43732500076294,K,20
OUTPUT,NaN,NaN,NaN,NaN,NaN,NaN

INPUT,0.363766968250275,0.0358474962413311,0.732711255550385,-3.01131963729858,3.11970686912537,-2.0415141582489,K,12
OUTPUT,NaN,NaN,NaN,NaN,NaN,NaN

INPUT,0.368490993976593,0.0359860174357891,0.743920385837555,-3.06157255172729,3.11772012710571,-1.98969423770905,K,13
OUTPUT,NaN,NaN,NaN,NaN,NaN,NaN

INPUT,0.373214989900589,0.0361245386302471,0.755129516124725,-3.11194539070129,3.11579585075378,-1.93799209594727,K,14
OUTPUT,NaN,NaN,NaN,NaN,NaN,NaN

INPUT,0.377939015626907,0.0362630560994148,0.766338646411896,3.12077474594116,3.11393857002258,-1.88637959957123,K,15
OUTPUT,NaN,NaN,NaN,NaN,NaN,NaN

INPUT,0.382190614938736,0.0363877266645432,0.77642685174942,3.07529425621033,3.11232852935791,-1.83998835086823,K,16
OUTPUT,NaN,NaN,NaN,NaN,NaN,NaN

INPUT,0.385497450828552,0.0364846922457218,0.784273266792297,3.03988695144653,3.11111879348755,-1.80393815040588,K,17
OUTPUT,NaN,NaN,NaN,NaN,NaN,NaN

INPUT,0.387859433889389,0.0365539491176605,0.789877831935883,3.01458048820496,3.11027836799622,-1.77820265293121,K,18
OUTPUT,NaN,NaN,NaN,NaN,NaN,NaN

INPUT,0.389276653528214,0.0365955084562302,0.793240547180176,2.99939107894897,3.10978388786316,-1.76276671886444,K,19
OUTPUT,NaN,NaN,NaN,NaN,NaN,NaN

INPUT,0.389749050140381,0.0366093590855598,0.794361472129822,2.99432706832886,3.10962057113647,-1.75762212276459,K,20
OUTPUT,NaN,NaN,NaN,NaN,NaN,NaN

INPUT,0.359989583492279,0.0350788608193398,0.732871532440186,-2.93348503112793,3.13133263587952,-1.92095410823822,K,12
OUTPUT,NaN,NaN,NaN,NaN,NaN,NaN

INPUT,0.364316046237946,0.0351364463567734,0.744097530841827,-2.98414969444275,3.13046383857727,-1.86505544185638,K,13
OUTPUT,NaN,NaN,NaN,NaN,NaN,NaN

INPUT,0.368642508983612,0.0351940281689167,0.755323529243469,-3.03518748283386,3.12962675094604,-1.80952966213226,K,14
OUTPUT,NaN,NaN,NaN,NaN,NaN,NaN

INPUT,0.372968971729279,0.03525160998106,0.766549527645111,-3.08651399612427,3.12882351875305,-1.75429201126099,K,15
OUTPUT,NaN,NaN,NaN,NaN,NaN,NaN

INPUT,0.376862794160843,0.0353034324944019,0.776652932167053,-3.13290357589722,3.12813138961792,-1.70477306842804,K,16
OUTPUT,NaN,NaN,NaN,NaN,NaN,NaN

INPUT,0.37989130616188,0.0353437438607216,0.784511148929596,3.11409592628479,3.12761449813843,-1.66636335849762,K,17
OUTPUT,NaN,NaN,NaN,NaN,NaN,NaN

INPUT,0.382054537534714,0.0353725329041481,0.790124177932739,3.08820033073425,3.12725710868835,-1.63897609710693,K,18
OUTPUT,NaN,NaN,NaN,NaN,NaN,NaN

INPUT,0.383352488279343,0.0353898070752621,0.793491959571838,3.07264566421509,3.12704753875732,-1.62256121635437,K,19
OUTPUT,NaN,NaN,NaN,NaN,NaN,NaN

INPUT,0.383785128593445,0.0353955663740635,0.794614553451538,3.067458152771,3.12697839736938,-1.61709225177765,K,20
OUTPUT,NaN,NaN,NaN,NaN,NaN,NaN

INPUT,0.35210132598877,0.0398665368556976,0.741731524467468,-0.0739321932196617,3.05538463592529,1.18987548351288,K,5
OUTPUT,NaN,NaN,NaN,NaN,NaN,NaN

INPUT,0.355710029602051,0.040483582764864,0.753192842006683,-0.147514685988426,3.04529070854187,1.28163421154022,K,6
OUTPUT,NaN,NaN,NaN,NaN,NaN,NaN

INPUT,0.358516812324524,0.0409635081887245,0.762107133865356,-0.205961465835571,3.03788590431213,1.35183942317963,K,7
OUTPUT,NaN,NaN,NaN,NaN,NaN,NaN

INPUT,0.360521644353867,0.0413063131272793,0.768474519252777,-0.248202547430992,3.03285551071167,1.40152227878571,K,8
OUTPUT,NaN,NaN,NaN,NaN,NaN,NaN

INPUT,0.361724555492401,0.0415119975805283,0.772294938564301,-0.273711234331131,3.02994608879089,1.4311797618866,K,9
OUTPUT,NaN,NaN,NaN,NaN,NaN,NaN

INPUT,0.355437785387039,0.0340441837906837,0.731836497783661,0.131782442331314,3.1278977394104,1.26437771320343,K,12
OUTPUT,NaN,NaN,NaN,NaN,NaN,NaN

INPUT,0.359283298254013,0.0339925400912762,0.742956936359406,0.0698069855570793,3.1265242099762,1.32160747051239,K,13
OUTPUT,NaN,NaN,NaN,NaN,NaN,NaN

INPUT,0.363128811120987,0.0339408963918686,0.75407737493515,0.00822099577635527,3.12520408630371,1.37922775745392,K,14
OUTPUT,NaN,NaN,NaN,NaN,NaN,NaN

INPUT,0.366974323987961,0.033889252692461,0.765197813510895,-0.0530755929648876,3.12394213676453,1.43713879585266,K,15
OUTPUT,NaN,NaN,NaN,NaN,NaN,NaN

INPUT,0.370435297489166,0.0338427759706974,0.775206208229065,-0.108052685856819,3.12285971641541,1.48944997787476,K,16
OUTPUT,NaN,NaN,NaN,NaN,NaN,NaN

INPUT,0.37312713265419,0.0338066257536411,0.782990515232086,-0.150712952017784,3.12205505371094,1.53023660182953,K,17
OUTPUT,NaN,NaN,NaN,NaN,NaN,NaN

INPUT,0.375049889087677,0.0337808020412922,0.788550734519958,-0.181139677762985,3.12150096893311,1.55941534042358,K,18
OUTPUT,NaN,NaN,NaN,NaN,NaN,NaN

INPUT,0.376203566789627,0.0337653085589409,0.791886866092682,-0.199379608035088,3.12117719650269,1.57693862915039,K,19
OUTPUT,NaN,NaN,NaN,NaN,NaN,NaN

INPUT,0.376588106155396,0.0337601453065872,0.792998909950256,-0.205457165837288,3.12107062339783,1.58278226852417,K,20
OUTPUT,NaN,NaN,NaN,NaN,NaN,NaN

INPUT,0.36686310172081,0.0348894521594048,0.715386807918549,-2.88954329490662,3.08449912071228,-2.10595512390137,K,4
OUTPUT,NaN,NaN,NaN,NaN,NaN,NaN

INPUT,0.375874400138855,0.0349927358329296,0.730782151222229,-2.96791625022888,3.07376623153687,-2.01631951332092,K,5
OUTPUT,NaN,NaN,NaN,NaN,NaN,NaN

INPUT,0.384885728359222,0.0350960195064545,0.746177554130554,-3.04783248901367,3.0635097026825,-1.92816734313965,K,6
OUTPUT,NaN,NaN,NaN,NaN,NaN,NaN

INPUT,0.391894519329071,0.0351763479411602,0.758151769638062,-3.11067795753479,3.05590891838074,-1.86024808883667,K,7
OUTPUT,NaN,NaN,NaN,NaN,NaN,NaN

INPUT,0.396900802850723,0.0352337285876274,0.766704797744751,3.1273500919342,3.05070185661316,-1.811976313591,K,8
OUTPUT,NaN,NaN,NaN,NaN,NaN,NaN

INPUT,0.399904549121857,0.0352681539952755,0.771836578845978,3.10016918182373,3.04767155647278,-1.78308975696564,K,9
OUTPUT,NaN,NaN,NaN,NaN,NaN,NaN

INPUT,0.3592349588871,0.0367740467190742,0.736418068408966,0.293722450733185,3.11207604408264,1.2373331785202,K,5
OUTPUT,NaN,NaN,NaN,NaN,NaN,NaN

INPUT,0.364631772041321,0.0370980650186539,0.750055551528931,0.221745207905769,3.10752320289612,1.30932676792145,K,6
OUTPUT,NaN,NaN,NaN,NaN,NaN,NaN

INPUT,0.368829309940338,0.0373500771820545,0.760662496089935,0.165757864713669,3.10410284996033,1.36532425880432,K,7
OUTPUT,NaN,NaN,NaN,NaN,NaN,NaN

INPUT,0.37182754278183,0.0375300832092762,0.76823890209198,0.125764206051826,3.10173106193542,1.40532410144806,K,8
OUTPUT,NaN,NaN,NaN,NaN,NaN,NaN

INPUT,0.373626470565796,0.0376380905508995,0.77278470993042,0.101766921579838,3.10033845901489,1.4293247461319,K,9
OUTPUT,NaN,NaN,NaN,NaN,NaN,NaN

INPUT,0.364635586738586,0.0358317121863365,0.725557744503021,-2.99849939346313,3.11977982521057,-2.08755731582642,K,4
OUTPUT,NaN,NaN,NaN,NaN,NaN,NaN

INPUT,0.371115863323212,0.0360623933374882,0.738479018211365,-3.07372426986694,3.11684513092041,-1.99859499931335,K,5
OUTPUT,NaN,NaN,NaN,NaN,NaN,NaN

INPUT,0.377596139907837,0.0362930744886398,0.751400351524353,3.13280940055847,3.11407613754272,-1.91105353832245,K,6
OUTPUT,NaN,NaN,NaN,NaN,NaN,NaN

INPUT,0.382636368274689,0.0364724881947041,0.761450290679932,3.07250356674194,3.1120491027832,-1.8436496257782,K,7
OUTPUT,NaN,NaN,NaN,NaN,NaN,NaN

INPUT,0.386236518621445,0.0366006456315517,0.768628835678101,3.0291485786438,3.1106743812561,-1.79578077793121,K,8
OUTPUT,NaN,NaN,NaN,NaN,NaN,NaN

INPUT,0.388396620750427,0.0366775393486023,0.772935926914215,3.00304293632507,3.10988020896912,-1.76715159416199,K,9
OUTPUT,NaN,NaN,NaN,NaN,NaN,NaN

INPUT,0.360290467739105,0.0350845865905285,0.724150419235229,-2.92529559135437,3.13087701797485,-1.97416472434998,K,4
OUTPUT,NaN,NaN,NaN,NaN,NaN,NaN

INPUT,0.36643248796463,0.0351726338267326,0.73750913143158,-2.99996137619019,3.12971901893616,-1.87743389606476,K,5
OUTPUT,NaN,NaN,NaN,NaN,NaN,NaN

INPUT,0.372574508190155,0.0352606810629368,0.75086784362793,-3.07652807235718,3.12864708900452,-1.78260290622711,K,6
OUTPUT,NaN,NaN,NaN,NaN,NaN,NaN

INPUT,0.377351641654968,0.0353291667997837,0.761258006095886,-3.13703083992004,3.12787795066833,-1.70979559421539,K,7
OUTPUT,NaN,NaN,NaN,NaN,NaN,NaN

INPUT,0.38076388835907,0.0353780798614025,0.76867949962616,3.102543592453,3.12736558914185,-1.65818464756012,K,8
OUTPUT,NaN,NaN,NaN,NaN,NaN,NaN

INPUT,0.382811218500137,0.0354074314236641,0.77313244342804,3.07624435424805,3.12707328796387,-1.62735044956207,K,9
OUTPUT,NaN,NaN,NaN,NaN,NaN,NaN

INPUT,0.364251494407654,0.0346214957535267,0.732187032699585,-3.02243566513062,3.1268310546875,-1.98028838634491,K,12
OUTPUT,NaN,NaN,NaN,NaN,NaN,NaN

INPUT,0.369026124477386,0.0346308499574661,0.743341863155365,-3.07581782341003,3.12555074691772,-1.92398691177368,K,13
OUTPUT,NaN,NaN,NaN,NaN,NaN,NaN

INPUT,0.373800754547119,0.0346402078866959,0.754496693611145,-3.12941265106201,3.12431859970093,-1.86789739131927,K,14
OUTPUT,NaN,NaN,NaN,NaN,NaN,NaN

INPUT,0.378575384616852,0.0346495620906353,0.765651524066925,3.10001420974731,3.1231381893158,-1.81197023391724,K,15
OUTPUT,NaN,NaN,NaN,NaN,NaN,NaN

INPUT,0.382872551679611,0.0346579812467098,0.775690913200378,3.05152106285095,3.12212347984314,-1.76174521446228,K,16
OUTPUT,NaN,NaN,NaN,NaN,NaN,NaN

INPUT,0.386214792728424,0.0346645303070545,0.783499300479889,3.01374506950378,3.12136673927307,-1.72274005413055,K,17
OUTPUT,NaN,NaN,NaN,NaN,NaN,NaN

INPUT,0.38860210776329,0.0346692055463791,0.789076685905457,2.98673510551453,3.12084436416626,-1.69490587711334,K,18
OUTPUT,NaN,NaN,NaN,NaN,NaN,NaN

INPUT,0.39003449678421,0.0346720144152641,0.792423129081726,2.97051906585693,3.12053847312927,-1.67821502685547,K,19
OUTPUT,NaN,NaN,NaN,NaN,NaN,NaN

INPUT,0.390511959791183,0.034672949463129,0.793538630008698,2.96511244773865,3.12043762207031,-1.67265284061432,K,20
OUTPUT,NaN,NaN,NaN,NaN,NaN,NaN

INPUT,0.361308395862579,0.0339831709861755,0.735602676868439,0.051583718508482,3.1272234916687,1.30730843544006,K,5
OUTPUT,NaN,NaN,NaN,NaN,NaN,NaN

INPUT,0.366953730583191,0.0338727384805679,0.749066829681396,-0.0401540324091911,3.12486743927002,1.40727269649506,K,6
OUTPUT,NaN,NaN,NaN,NaN,NaN,NaN

INPUT,0.371344536542892,0.0337868481874466,0.759538948535919,-0.11221332103014,3.12313985824585,1.48431742191315,K,7
OUTPUT,NaN,NaN,NaN,NaN,NaN,NaN

INPUT,0.374480843544006,0.0337254963815212,0.767019033432007,-0.16394729912281,3.12196826934814,1.53908777236938,K,8
OUTPUT,NaN,NaN,NaN,NaN,NaN,NaN

INPUT,0.37636262178421,0.0336886867880821,0.771507084369659,-0.195070639252663,3.12129163742065,1.57186770439148,K,9
OUTPUT,NaN,NaN,NaN,NaN,NaN,NaN

INPUT,0.358372181653976,0.0346485711634159,0.733169853687286,0.323891818523407,3.13510084152222,1.20712018013,K,12
OUTPUT,NaN,NaN,NaN,NaN,NaN,NaN

INPUT,0.362528562545776,0.0346607975661755,0.74442732334137,0.272684693336487,3.13436961174011,1.24886453151703,K,13
OUTPUT,NaN,NaN,NaN,NaN,NaN,NaN

INPUT,0.366684943437576,0.0346730202436447,0.755684733390808,0.222339913249016,3.13365387916565,1.29147136211395,K,14
OUTPUT,NaN,NaN,NaN,NaN,NaN,NaN

INPUT,0.370841294527054,0.0346852466464043,0.766942203044891,0.17262864112854,3.13295531272888,1.33471179008484,K,15
OUTPUT,NaN,NaN,NaN,NaN,NaN,NaN

INPUT,0.374582052230835,0.0346962474286556,0.777073860168457,0.128300935029984,3.13234233856201,1.37404108047485,K,16
OUTPUT,NaN,NaN,NaN,NaN,NaN,NaN

INPUT,0.377491503953934,0.0347048081457615,0.784954071044922,0.094039298593998,3.13187670707703,1.40484631061554,K,17
OUTPUT,NaN,NaN,NaN,NaN,NaN,NaN

INPUT,0.379569679498672,0.034710917621851,0.790582835674286,0.0696639642119408,3.13155031204224,1.4269472360611,K,18
OUTPUT,NaN,NaN,NaN,NaN,NaN,NaN

INPUT,0.380816608667374,0.034714587032795,0.79396003484726,0.0550733841955662,3.13135695457458,1.44024229049683,K,19
OUTPUT,NaN,NaN,NaN,NaN,NaN,NaN

INPUT,0.381232231855392,0.0347158089280128,0.795085787773132,0.0502152107656002,3.13129305839539,1.44467949867249,K,20
OUTPUT,NaN,NaN,NaN,NaN,NaN,NaN

INPUT,0.364673942327499,0.0346777476370335,0.724248290061951,-3.01010465621948,3.12658953666687,-2.03115725517273,K,4
OUTPUT,NaN,NaN,NaN,NaN,NaN,NaN

INPUT,0.371403157711029,0.034696139395237,0.737296938896179,-3.08975577354431,3.12476992607117,-1.93439257144928,K,5
OUTPUT,NaN,NaN,NaN,NaN,NaN,NaN

INPUT,0.378132402896881,0.0347145311534405,0.750345587730408,3.1121551990509,3.12308025360107,-1.83924865722656,K,6
OUTPUT,NaN,NaN,NaN,NaN,NaN,NaN

INPUT,0.383366256952286,0.0347288325428963,0.760494470596313,3.04814887046814,3.12186431884766,-1.76603901386261,K,7
OUTPUT,NaN,NaN,NaN,NaN,NaN,NaN

INPUT,0.387104719877243,0.034739051014185,0.767743706703186,3.00210618972778,3.12105226516724,-1.71406936645508,K,8
OUTPUT,NaN,NaN,NaN,NaN,NaN,NaN

INPUT,0.389347791671753,0.0347451791167259,0.772093296051025,2.97437310218811,3.1205883026123,-1.68299496173859,K,9
OUTPUT,NaN,NaN,NaN,NaN,NaN,NaN

INPUT,0.358702927827835,0.034695815294981,0.724011063575745,0.373932600021362,3.13646078109741,1.20374369621277,K,4
OUTPUT,NaN,NaN,NaN,NaN,NaN,NaN

INPUT,0.364721029996872,0.0347038432955742,0.737531125545502,0.281775683164597,3.13503694534302,1.26105260848999,K,5
OUTPUT,NaN,NaN,NaN,NaN,NaN,NaN

INPUT,0.370739132165909,0.0347118712961674,0.751051187515259,0.195786446332932,3.13364863395691,1.3245302438736,K,6
OUTPUT,NaN,NaN,NaN,NaN,NaN,NaN

INPUT,0.375419855117798,0.0347181186079979,0.761566758155823,0.131277143955231,3.13259840011597,1.3762731552124,K,7
OUTPUT,NaN,NaN,NaN,NaN,NaN,NaN

INPUT,0.378763258457184,0.0347225777804852,0.769077897071838,0.0860330685973167,3.1318666934967,1.41406691074371,K,8
OUTPUT,NaN,NaN,NaN,NaN,NaN,NaN

INPUT,0.380769282579422,0.0347252562642097,0.773584604263306,0.0591421350836754,3.13143539428711,1.43699884414673,K,9
OUTPUT,NaN,NaN,NaN,NaN,NaN,NaN

INPUT,0.358236819505692,0.0345918871462345,0.732900440692902,-3.05103278160095,3.13663649559021,-1.93382787704468,K,12
OUTPUT,NaN,NaN,NaN,NaN,NaN,NaN

INPUT,0.36237832903862,0.0345980674028397,0.744130432605743,-3.10514402389526,3.13628721237183,-1.87035846710205,K,13
OUTPUT,NaN,NaN,NaN,NaN,NaN,NaN

INPUT,0.366519838571548,0.0346042439341545,0.75536048412323,3.1233651638031,3.13595604896545,-1.80745375156403,K,14
OUTPUT,NaN,NaN,NaN,NaN,NaN,NaN

INPUT,0.370661377906799,0.0346104241907597,0.766590535640717,3.06824469566345,3.13564443588257,-1.74499356746674,K,15
OUTPUT,NaN,NaN,NaN,NaN,NaN,NaN

INPUT,0.374388724565506,0.034615982323885,0.776697516441345,3.01833081245422,3.13538146018982,-1.68908452987671,K,16
OUTPUT,NaN,NaN,NaN,NaN,NaN,NaN

INPUT,0.377287805080414,0.0346203073859215,0.784558534622192,2.97934341430664,3.13518881797791,-1.64576530456543,K,17
OUTPUT,NaN,NaN,NaN,NaN,NaN,NaN

INPUT,0.379358559846878,0.0346233993768692,0.790173590183258,2.95141887664795,3.13505792617798,-1.61489939689636,K,18
OUTPUT,NaN,NaN,NaN,NaN,NaN,NaN

INPUT,0.380600988864899,0.0346252508461475,0.793542563915253,2.93463659286499,3.13498187065125,-1.59640729427338,K,19
OUTPUT,NaN,NaN,NaN,NaN,NaN,NaN

INPUT,0.38101515173912,0.0346258692443371,0.794665575027466,2.92903804779053,3.13495707511902,-1.590247631073,K,20
OUTPUT,NaN,NaN,NaN,NaN,NaN,NaN

INPUT,0.35798567533493,0.035869188606739,0.732334733009338,-2.99291753768921,3.13848257064819,-2.07115793228149,K,12
OUTPUT,NaN,NaN,NaN,NaN,NaN,NaN

INPUT,0.362101256847382,0.0360100194811821,0.743504106998444,-3.03605484962463,3.13828611373901,-2.01728892326355,K,13
OUTPUT,NaN,NaN,NaN,NaN,NaN,NaN

INPUT,0.366216868162155,0.0361508466303349,0.754673480987549,-3.07978343963623,3.13809728622437,-1.96401143074036,K,14
OUTPUT,NaN,NaN,NaN,NaN,NaN,NaN

INPUT,0.370332479476929,0.0362916775047779,0.765842795372009,-3.12399172782898,3.13791680335999,-1.91121339797974,K,15
OUTPUT,NaN,NaN,NaN,NaN,NaN,NaN

INPUT,0.374036520719528,0.0364184230566025,0.775895237922668,3.11906743049622,3.13776159286499,-1.86403393745422,K,16
OUTPUT,NaN,NaN,NaN,NaN,NaN,NaN

INPUT,0.376917451620102,0.0365170054137707,0.783713757991791,3.08767032623291,3.13764572143555,-1.82752656936646,K,17
OUTPUT,NaN,NaN,NaN,NaN,NaN,NaN

INPUT,0.378975242376328,0.0365874208509922,0.789298474788666,3.06515526771545,3.13756585121155,-1.80153846740723,K,18
OUTPUT,NaN,NaN,NaN,NaN,NaN,NaN

INPUT,0.380209922790527,0.0366296693682671,0.792649269104004,3.05161380767822,3.13751912117004,-1.78597795963287,K,19
OUTPUT,NaN,NaN,NaN,NaN,NaN,NaN

INPUT,0.380621492862701,0.0366437509655952,0.79376620054245,3.04709506034851,3.1375036239624,-1.78079617023468,K,20
OUTPUT,NaN,NaN,NaN,NaN,NaN,NaN

INPUT,0.361829489469528,0.0341760851442814,0.733097910881042,-2.93724346160889,3.11960196495056,-1.95589983463287,K,12
OUTPUT,NaN,NaN,NaN,NaN,NaN,NaN

INPUT,0.366349637508392,0.0341387428343296,0.74434757232666,-2.98778367042542,3.11760830879211,-1.90315282344818,K,13
OUTPUT,NaN,NaN,NaN,NaN,NaN,NaN

INPUT,0.370869725942612,0.0341014042496681,0.755597174167633,-3.03849172592163,3.11567831039429,-1.85057163238525,K,14
OUTPUT,NaN,NaN,NaN,NaN,NaN,NaN

INPUT,0.375389873981476,0.0340640619397163,0.766846835613251,-3.0893292427063,3.11381769180298,-1.79811704158783,K,15
OUTPUT,NaN,NaN,NaN,NaN,NaN,NaN

INPUT,0.379457980394363,0.0340304560959339,0.776971518993378,-3.13516998291016,3.11220622062683,-1.75099265575409,K,16
OUTPUT,NaN,NaN,NaN,NaN,NaN,NaN

INPUT,0.382622063159943,0.0340043157339096,0.784846246242523,3.11231470108032,3.11099648475647,-1.71438562870026,K,17
OUTPUT,NaN,NaN,NaN,NaN,NaN,NaN

INPUT,0.384882122278214,0.0339856445789337,0.790471076965332,3.08679270744324,3.11015701293945,-1.68825840950012,K,18
OUTPUT,NaN,NaN,NaN,NaN,NaN,NaN

INPUT,0.386238157749176,0.0339744426310062,0.793845951557159,3.07147192955017,3.10966300964355,-1.67258954048157,K,19
OUTPUT,NaN,NaN,NaN,NaN,NaN,NaN

INPUT,0.38669016957283,0.0339707098901272,0.79497092962265,3.06636381149292,3.10950016975403,-1.66736769676208,K,20
OUTPUT,NaN,NaN,NaN,NaN,NaN,NaN

INPUT,0.356049299240112,0.0361625924706459,0.733473122119904,-3.08157253265381,3.13625645637512,-1.9601616859436,K,12
OUTPUT,NaN,NaN,NaN,NaN,NaN,NaN

INPUT,0.359961122274399,0.036334190517664,0.744762480258942,-3.13712286949158,3.13587045669556,-1.89768898487091,K,13
OUTPUT,NaN,NaN,NaN,NaN,NaN,NaN

INPUT,0.363872915506363,0.0365057922899723,0.756051898002625,3.09008455276489,3.13550424575806,-1.83564376831055,K,14
OUTPUT,NaN,NaN,NaN,NaN,NaN,NaN

INPUT,0.367784738540649,0.0366773903369904,0.767341256141663,3.033771276474,3.1351592540741,-1.77393364906311,K,15
OUTPUT,NaN,NaN,NaN,NaN,NaN,NaN

INPUT,0.371305346488953,0.0368318296968937,0.7775017619133,2.98285961151123,3.13486766815186,-1.71862423419952,K,16
OUTPUT,NaN,NaN,NaN,NaN,NaN,NaN

INPUT,0.374043613672256,0.0369519516825676,0.785404324531555,2.94313740730286,3.13465404510498,-1.67572999000549,K,17
OUTPUT,NaN,NaN,NaN,NaN,NaN,NaN

INPUT,0.375999540090561,0.0370377525687218,0.791049003601074,2.91470718383789,3.13450860977173,-1.64514851570129,K,18
OUTPUT,NaN,NaN,NaN,NaN,NaN,NaN

INPUT,0.377173066139221,0.0370892323553562,0.794435799121857,2.89762830734253,3.13442444801331,-1.62682020664215,K,19
OUTPUT,NaN,NaN,NaN,NaN,NaN,NaN

INPUT,0.377564251422882,0.0371063910424709,0.795564770698547,2.89193224906921,3.13439679145813,-1.62071406841278,K,20
OUTPUT,NaN,NaN,NaN,NaN,NaN,NaN

INPUT,0.353980481624603,0.0373051539063454,0.732419490814209,0.228754833340645,3.11434102058411,1.19980335235596,K,12
OUTPUT,NaN,NaN,NaN,NaN,NaN,NaN

INPUT,0.357674866914749,0.0375971645116806,0.743597030639648,0.176750838756561,3.11163854598999,1.25000810623169,K,13
OUTPUT,NaN,NaN,NaN,NaN,NaN,NaN

INPUT,0.361369222402573,0.0378891751170158,0.754774570465088,0.12489191442728,3.10901427268982,1.30036199092865,K,14
OUTPUT,NaN,NaN,NaN,NaN,NaN,NaN

INPUT,0.365063577890396,0.0381811857223511,0.765952169895172,0.0731414631009102,3.10647487640381,1.35082876682281,K,15
OUTPUT,NaN,NaN,NaN,NaN,NaN,NaN

INPUT,0.368388503789902,0.0384439937770367,0.776012003421783,0.0266375411301851,3.10426783561707,1.39632403850555,K,16
OUTPUT,NaN,NaN,NaN,NaN,NaN,NaN

INPUT,0.370974570512772,0.0386484041810036,0.783836305141449,-0.00949453748762608,3.10260558128357,1.43174958229065,K,17
OUTPUT,NaN,NaN,NaN,NaN,NaN,NaN

INPUT,0.372821748256683,0.0387944094836712,0.789425075054169,-0.035286258906126,3.10144853591919,1.45707178115845,K,18
OUTPUT,NaN,NaN,NaN,NaN,NaN,NaN

INPUT,0.373930066823959,0.0388820096850395,0.792778313159943,-0.0507551394402981,3.10076689720154,1.4722718000412,K,19
OUTPUT,NaN,NaN,NaN,NaN,NaN,NaN

INPUT,0.374299496412277,0.0389112122356892,0.793896079063416,-0.0559105984866619,3.10054183006287,1.47733950614929,K,20
OUTPUT,NaN,NaN,NaN,NaN,NaN,NaN

INPUT,0.35506933927536,0.0368290990591049,0.732515335083008,0.31379160284996,3.13488626480103,1.281329870224,K,12
OUTPUT,NaN,NaN,NaN,NaN,NaN,NaN

INPUT,0.358877331018448,0.0370707176625729,0.743705213069916,0.257368326187134,3.13414216041565,1.32673346996307,K,13
OUTPUT,NaN,NaN,NaN,NaN,NaN,NaN

INPUT,0.362685322761536,0.0373123325407505,0.754895031452179,0.201935216784477,3.13341689109802,1.37312746047974,K,14
OUTPUT,NaN,NaN,NaN,NaN,NaN,NaN

INPUT,0.366493344306946,0.0375539511442184,0.766084849834442,0.147229328751564,3.13271284103394,1.42024910449982,K,15
OUTPUT,NaN,NaN,NaN,NaN,NaN,NaN

INPUT,0.369920551776886,0.0377714075148106,0.776155710220337,0.0984675511717796,3.13209867477417,1.46313238143921,K,16
OUTPUT,NaN,NaN,NaN,NaN,NaN,NaN

INPUT,0.372586131095886,0.037940539419651,0.78398859500885,0.0607888959348202,3.13163471221924,1.49673330783844,K,17
OUTPUT,NaN,NaN,NaN,NaN,NaN,NaN

INPUT,0.374490141868591,0.0380613505840302,0.789583504199982,0.0339869186282158,3.13131093978882,1.5208455324173,K,18
OUTPUT,NaN,NaN,NaN,NaN,NaN,NaN

INPUT,0.375632524490356,0.0381338335573673,0.792940497398376,0.0179453287273645,3.13111996650696,1.5353524684906,K,19
OUTPUT,NaN,NaN,NaN,NaN,NaN,NaN

INPUT,0.376013338565826,0.0381579957902431,0.794059455394745,0.0126043250784278,3.1310567855835,1.540194272995,K,20
OUTPUT,NaN,NaN,NaN,NaN,NaN,NaN

INPUT,0.355762094259262,0.0346102565526962,0.73274701833725,0.363898187875748,3.13011503219604,1.19936084747314,K,12
OUTPUT,NaN,NaN,NaN,NaN,NaN,NaN

INPUT,0.359642833471298,0.0346183404326439,0.743961095809937,0.316893994808197,3.12888693809509,1.24028217792511,K,13
OUTPUT,NaN,NaN,NaN,NaN,NaN,NaN

INPUT,0.363523602485657,0.0346264243125916,0.755175232887268,0.270421236753464,3.12768340110779,1.28173553943634,K,14
OUTPUT,NaN,NaN,NaN,NaN,NaN,NaN

INPUT,0.367404341697693,0.0346345081925392,0.7663893699646,0.224344164133072,3.12650656700134,1.32358551025391,K,15
OUTPUT,NaN,NaN,NaN,NaN,NaN,NaN

INPUT,0.370897024869919,0.0346417874097824,0.776482045650482,0.183135136961937,3.1254723072052,1.36151134967804,K,16
OUTPUT,NaN,NaN,NaN,NaN,NaN,NaN

INPUT,0.37361353635788,0.0346474461257458,0.784331917762756,0.151220962405205,3.12468528747559,1.39114701747894,K,17
OUTPUT,NaN,NaN,NaN,NaN,NaN,NaN

INPUT,0.375553905963898,0.0346514880657196,0.789938986301422,0.128487288951874,3.12413263320923,1.41237783432007,K,18
OUTPUT,NaN,NaN,NaN,NaN,NaN,NaN

INPUT,0.376718133687973,0.0346539132297039,0.793303251266479,0.114869430661201,3.12380528450012,1.42513859272003,K,19
OUTPUT,NaN,NaN,NaN,NaN,NaN,NaN

INPUT,0.377106219530106,0.0346547216176987,0.794424653053284,0.110333532094955,3.12369680404663,1.42939567565918,K,20
OUTPUT,NaN,NaN,NaN,NaN,NaN,NaN

INPUT,0.355135589838028,0.0343116112053394,0.732729494571686,0.377147495746613,3.12013578414917,1.21322929859161,K,12
OUTPUT,NaN,NaN,NaN,NaN,NaN,NaN

INPUT,0.358951061964035,0.0342884436249733,0.743940532207489,0.331595450639725,3.11793327331543,1.25567269325256,K,13
OUTPUT,NaN,NaN,NaN,NaN,NaN,NaN

INPUT,0.362766534090042,0.0342652723193169,0.755151629447937,0.286304891109467,3.11577653884888,1.298379778862,K,14
OUTPUT,NaN,NaN,NaN,NaN,NaN,NaN

INPUT,0.366582006216049,0.0342421047389507,0.76636266708374,0.24121019244194,3.11366963386536,1.34128522872925,K,15
OUTPUT,NaN,NaN,NaN,NaN,NaN,NaN

INPUT,0.370015919208527,0.0342212505638599,0.776452600955963,0.20075486600399,3.11181950569153,1.38003218173981,K,16
OUTPUT,NaN,NaN,NaN,NaN,NaN,NaN

INPUT,0.372686743736267,0.0342050343751907,0.78430038690567,0.169358089566231,3.11041259765625,1.41023874282837,K,17
OUTPUT,NaN,NaN,NaN,NaN,NaN,NaN

INPUT,0.374594479799271,0.0341934487223625,0.789905905723572,0.146963059902191,3.10942578315735,1.43184685707092,K,18
OUTPUT,NaN,NaN,NaN,NaN,NaN,NaN

INPUT,0.375739097595215,0.0341864973306656,0.793269217014313,0.133537158370018,3.10884094238281,1.44482326507568,K,19
OUTPUT,NaN,NaN,NaN,NaN,NaN,NaN

INPUT,0.376120656728745,0.0341841802000999,0.794390320777893,0.129063650965691,3.10864734649658,1.44915044307709,K,20
OUTPUT,NaN,NaN,NaN,NaN,NaN,NaN

INPUT,0.358513087034225,0.0346374586224556,0.723844826221466,-3.03365588188171,3.13590455055237,-1.98414754867554,K,4
OUTPUT,NaN,NaN,NaN,NaN,NaN,NaN

INPUT,0.364435195922852,0.0346418023109436,0.737297534942627,-3.11727595329285,3.135577917099,-1.87866425514221,K,5
OUTPUT,NaN,NaN,NaN,NaN,NaN,NaN

INPUT,0.370357275009155,0.0346461459994316,0.750750184059143,3.08124613761902,3.13530468940735,-1.77422380447388,K,6
OUTPUT,NaN,NaN,NaN,NaN,NaN,NaN

INPUT,0.374963343143463,0.034649521112442,0.761213362216949,3.01486825942993,3.13513016700745,-1.69352102279663,K,7
OUTPUT,NaN,NaN,NaN,NaN,NaN,NaN

INPUT,0.378253370523453,0.0346519351005554,0.768687069416046,2.96724152565002,3.1350269317627,-1.63609039783478,K,8
OUTPUT,NaN,NaN,NaN,NaN,NaN,NaN

INPUT,0.380227416753769,0.0346533805131912,0.773171246051788,2.93859624862671,3.13497352600098,-1.60170078277588,K,9
OUTPUT,NaN,NaN,NaN,NaN,NaN,NaN

INPUT,0.358192563056946,0.0358279757201672,0.723144888877869,-2.97743606567383,3.1376588344574,-2.11150527000427,K,4
OUTPUT,NaN,NaN,NaN,NaN,NaN,NaN

INPUT,0.364108085632324,0.0360459573566914,0.736544728279114,-3.04558157920837,3.13758420944214,-2.02364277839661,K,5
OUTPUT,NaN,NaN,NaN,NaN,NaN,NaN

INPUT,0.370023608207703,0.0362639389932156,0.749944508075714,-3.11403131484985,3.13753366470337,-1.93608462810516,K,6
OUTPUT,NaN,NaN,NaN,NaN,NaN,NaN

INPUT,0.37462455034256,0.0364334844052792,0.760366559028625,3.11578488349915,3.13751101493835,-1.86811423301697,K,7
OUTPUT,NaN,NaN,NaN,NaN,NaN,NaN

INPUT,0.377910941839218,0.0365545861423016,0.767810940742493,3.07762765884399,3.13750386238098,-1.81960046291351,K,8
OUTPUT,NaN,NaN,NaN,NaN,NaN,NaN

INPUT,0.379882782697678,0.0366272442042828,0.772277534008026,3.05472826957703,3.13750338554382,-1.79049730300903,K,9
OUTPUT,NaN,NaN,NaN,NaN,NaN,NaN

INPUT,0.362352192401886,0.0342318303883076,0.725141227245331,-2.92423510551453,3.11973738670349,-2.00250363349915,K,4
OUTPUT,NaN,NaN,NaN,NaN,NaN,NaN

INPUT,0.368625223636627,0.0341754779219627,0.738334178924561,-2.99991750717163,3.11677551269531,-1.91203272342682,K,5
OUTPUT,NaN,NaN,NaN,NaN,NaN,NaN

INPUT,0.374898225069046,0.0341191217303276,0.75152713060379,-3.077143907547,3.11398363113403,-1.82309949398041,K,6
OUTPUT,NaN,NaN,NaN,NaN,NaN,NaN

INPUT,0.37977722287178,0.0340752936899662,0.761788249015808,-3.13795137405396,3.11194229125977,-1.75466775894165,K,7
OUTPUT,NaN,NaN,NaN,NaN,NaN,NaN

INPUT,0.383262246847153,0.0340439863502979,0.769117653369904,3.10149931907654,3.1105592250824,-1.70608627796173,K,8
OUTPUT,NaN,NaN,NaN,NaN,NaN,NaN

INPUT,0.385353267192841,0.0340252034366131,0.773515343666077,3.0751588344574,3.10976099967957,-1.67703628540039,K,9
OUTPUT,NaN,NaN,NaN,NaN,NaN,NaN

INPUT,0.356404691934586,0.0361146740615368,0.724278330802917,-3.06033110618591,3.1355562210083,-2.0068621635437,K,4
OUTPUT,NaN,NaN,NaN,NaN,NaN,NaN

INPUT,0.361968815326691,0.036386601626873,0.737854242324829,3.13629817962646,3.13516712188721,-1.90360581874847,K,5
OUTPUT,NaN,NaN,NaN,NaN,NaN,NaN

INPUT,0.367532998323441,0.0366585254669189,0.751430213451385,3.04885125160217,3.13483548164368,-1.80123996734619,K,6
OUTPUT,NaN,NaN,NaN,NaN,NaN,NaN

INPUT,0.371860653162003,0.0368700213730335,0.761989295482635,2.980384349823,3.13461923599243,-1.72207486629486,K,7
OUTPUT,NaN,NaN,NaN,NaN,NaN,NaN

INPUT,0.374951839447021,0.037021093070507,0.769531488418579,2.93129396438599,3.13448786735535,-1.66571366786957,K,8
OUTPUT,NaN,NaN,NaN,NaN,NaN,NaN

INPUT,0.376806557178497,0.0371117368340492,0.774056851863861,2.90177941322327,3.13441848754883,-1.63195729255676,K,9
OUTPUT,NaN,NaN,NaN,NaN,NaN,NaN

INPUT,0.359862089157104,0.0376259461045265,0.736154735088348,0.165129452943802,3.11228132247925,1.24185657501221,K,5
OUTPUT,NaN,NaN,NaN,NaN,NaN,NaN

INPUT,0.365354597568512,0.0380721315741539,0.749747693538666,0.0861472114920616,3.10784649848938,1.32721173763275,K,6
OUTPUT,NaN,NaN,NaN,NaN,NaN,NaN

INPUT,0.369626522064209,0.0384191647171974,0.760319948196411,0.0241961497813463,3.10455274581909,1.39308702945709,K,7
OUTPUT,NaN,NaN,NaN,NaN,NaN,NaN

INPUT,0.372677892446518,0.0386670418083668,0.767871618270874,-0.0202546175569296,3.10229182243347,1.43994522094727,K,8
OUTPUT,NaN,NaN,NaN,NaN,NaN,NaN

INPUT,0.374508738517761,0.0388157702982426,0.772402584552765,-0.0469894409179688,3.10097432136536,1.46799790859222,K,9
OUTPUT,NaN,NaN,NaN,NaN,NaN,NaN

INPUT,0.360881239175797,0.0371137261390686,0.736481845378876,0.260996758937836,3.13480114936829,1.33374404907227,K,5
OUTPUT,NaN,NaN,NaN,NaN,NaN,NaN

INPUT,0.36640465259552,0.0374906212091446,0.750010192394257,0.169340535998344,3.13340282440186,1.40583050251007,K,6
OUTPUT,NaN,NaN,NaN,NaN,NaN,NaN

INPUT,0.370700627565384,0.03778375685215,0.760532200336456,0.100066736340523,3.13235211372375,1.46391236782074,K,7
OUTPUT,NaN,NaN,NaN,NaN,NaN,NaN

INPUT,0.373769193887711,0.0379931442439556,0.76804792881012,0.0512971505522728,3.13162446022034,1.50611174106598,K,8
OUTPUT,NaN,NaN,NaN,NaN,NaN,NaN

INPUT,0.375610321760178,0.0381187759339809,0.772557377815247,0.0222540237009525,3.13119745254517,1.53165006637573,K,9
OUTPUT,NaN,NaN,NaN,NaN,NaN,NaN

INPUT,0.361735969781876,0.0346798896789551,0.736762881278992,0.320364505052567,3.1295006275177,1.24673366546631,K,5
OUTPUT,NaN,NaN,NaN,NaN,NaN,NaN

INPUT,0.367397308349609,0.0346850156784058,0.750322282314301,0.243457913398743,3.12734603881836,1.31119453907013,K,6
OUTPUT,NaN,NaN,NaN,NaN,NaN,NaN

INPUT,0.371800601482391,0.0346890054643154,0.760868430137634,0.184792920947075,3.12571835517883,1.36248362064362,K,7
OUTPUT,NaN,NaN,NaN,NaN,NaN,NaN

INPUT,0.374945789575577,0.0346918515861034,0.768401443958282,0.143315970897675,3.12458491325378,1.39954614639282,K,8
OUTPUT,NaN,NaN,NaN,NaN,NaN,NaN

INPUT,0.376832902431488,0.0346935614943504,0.7729212641716,0.118564493954182,3.12391710281372,1.42191863059998,K,9
OUTPUT,NaN,NaN,NaN,NaN,NaN,NaN

INPUT,0.361129343509674,0.034382089972496,0.736626505851746,0.330304205417633,3.11848855018616,1.25744128227234,K,5
OUTPUT,NaN,NaN,NaN,NaN,NaN,NaN

INPUT,0.366761416196823,0.0343413688242435,0.750225424766541,0.25745302438736,3.11482286453247,1.32604598999023,K,6
OUTPUT,NaN,NaN,NaN,NaN,NaN,NaN

INPUT,0.371141910552979,0.034309696406126,0.760802328586578,0.201147645711899,3.11206316947937,1.37976634502411,K,7
OUTPUT,NaN,NaN,NaN,NaN,NaN,NaN

INPUT,0.37427082657814,0.0342870689928532,0.768357217311859,0.161065250635147,3.11014604568481,1.41827630996704,K,8
OUTPUT,NaN,NaN,NaN,NaN,NaN,NaN

INPUT,0.376148164272308,0.0342734977602959,0.772890210151672,0.137059271335602,3.1090190410614,1.44142711162567,K,9
OUTPUT,NaN,NaN,NaN,NaN,NaN,NaN

INPUT,0.362416476011276,0.035805806517601,0.733164966106415,-2.91815543174744,3.12492847442627,-1.97558307647705,K,12
OUTPUT,NaN,NaN,NaN,NaN,NaN,NaN

INPUT,0.366996884346008,0.0359397195279598,0.74442446231842,-2.96593236923218,3.12343764305115,-1.92415690422058,K,13
OUTPUT,NaN,NaN,NaN,NaN,NaN,NaN

INPUT,0.37157729268074,0.0360736325383186,0.755683958530426,-3.01398324966431,3.12199115753174,-1.87300360202789,K,14
OUTPUT,NaN,NaN,NaN,NaN,NaN,NaN

INPUT,0.376157701015472,0.0362075455486774,0.766943454742432,-3.06224513053894,3.12059307098389,-1.82205951213837,K,15
OUTPUT,NaN,NaN,NaN,NaN,NaN,NaN

INPUT,0.380280077457428,0.0363280698657036,0.77707701921463,-3.10582327842712,3.11937856674194,-1.77635109424591,K,16
OUTPUT,NaN,NaN,NaN,NaN,NaN,NaN

INPUT,0.383486360311508,0.0364218093454838,0.78495866060257,-3.13979387283325,3.11846470832825,-1.74087584018707,K,17
OUTPUT,NaN,NaN,NaN,NaN,NaN,NaN

INPUT,0.385776579380035,0.036488763988018,0.790588438510895,3.11909151077271,3.11782884597778,-1.71557116508484,K,18
OUTPUT,NaN,NaN,NaN,NaN,NaN,NaN

INPUT,0.387150704860687,0.0365289375185966,0.793966293334961,3.10449886322021,3.11745429039001,-1.70040082931519,K,19
OUTPUT,NaN,NaN,NaN,NaN,NaN,NaN

INPUT,0.387608736753464,0.0365423299372196,0.795092225074768,3.09963250160217,3.11733055114746,-1.69534599781036,K,20
OUTPUT,NaN,NaN,NaN,NaN,NaN,NaN

INPUT,0.362779498100281,0.036117896437645,0.732469320297241,-2.82040143013,3.11243486404419,-1.86315751075745,K,12
OUTPUT,NaN,NaN,NaN,NaN,NaN,NaN

INPUT,0.367399960756302,0.0362849943339825,0.743652164936066,-2.86967039108276,3.10973858833313,-1.8116694688797,K,13
OUTPUT,NaN,NaN,NaN,NaN,NaN,NaN

INPUT,0.372020423412323,0.0364520885050297,0.75483500957489,-2.91911244392395,3.10712313652039,-1.76035058498383,K,14
OUTPUT,NaN,NaN,NaN,NaN,NaN,NaN

INPUT,0.376640886068344,0.0366191864013672,0.766017854213715,-2.96868705749512,3.10459518432617,-1.70915973186493,K,15
OUTPUT,NaN,NaN,NaN,NaN,NaN,NaN

INPUT,0.380799323320389,0.0367695763707161,0.776082456111908,-3.01339387893677,3.10240006446838,-1.66317355632782,K,16
OUTPUT,NaN,NaN,NaN,NaN,NaN,NaN

INPUT,0.384033650159836,0.0368865430355072,0.78391045331955,-3.04821395874023,3.10074806213379,-1.62745201587677,K,17
OUTPUT,NaN,NaN,NaN,NaN,NaN,NaN

INPUT,0.386343866586685,0.0369700938463211,0.789501845836639,-3.07310748100281,3.0995991230011,-1.60195732116699,K,18
OUTPUT,NaN,NaN,NaN,NaN,NaN,NaN

INPUT,0.387730002403259,0.0370202250778675,0.792856693267822,-3.08805179595947,3.09892249107361,-1.58666801452637,K,19
OUTPUT,NaN,NaN,NaN,NaN,NaN,NaN

INPUT,0.388192057609558,0.0370369330048561,0.793974995613098,-3.09303450584412,3.09869909286499,-1.5815726518631,K,20
OUTPUT,NaN,NaN,NaN,NaN,NaN,NaN

INPUT,0.352112829685211,0.0353875011205673,0.732350826263428,0.16499987244606,3.10262274742126,1.22299551963806,K,12
OUTPUT,NaN,NaN,NaN,NaN,NaN,NaN

INPUT,0.355609506368637,0.0354774743318558,0.743523359298706,0.108601123094559,3.09886503219604,1.27797627449036,K,13
OUTPUT,NaN,NaN,NaN,NaN,NaN,NaN

INPUT,0.359106183052063,0.0355674512684345,0.754695892333984,0.0523108094930649,3.09523987770081,1.33307421207428,K,14
OUTPUT,NaN,NaN,NaN,NaN,NaN,NaN

INPUT,0.362602889537811,0.035657424479723,0.765868425369263,-0.00389916752465069,3.09175848960876,1.38826191425323,K,15
OUTPUT,NaN,NaN,NaN,NaN,NaN,NaN

INPUT,0.365749895572662,0.0357384011149406,0.775923728942871,-0.0544356070458889,3.08875679969788,1.43799126148224,K,16
OUTPUT,NaN,NaN,NaN,NaN,NaN,NaN

INPUT,0.368197590112686,0.0358013845980167,0.783744513988495,-0.0937146991491318,3.08651375770569,1.47670209407806,K,17
OUTPUT,NaN,NaN,NaN,NaN,NaN,NaN

INPUT,0.369945913553238,0.035846371203661,0.789330720901489,-0.121759109199047,3.08496260643005,1.50436782836914,K,18
OUTPUT,NaN,NaN,NaN,NaN,NaN,NaN

INPUT,0.370994925498962,0.0358733646571636,0.792682528495789,-0.138581350445747,3.0840528011322,1.52097249031067,K,19
OUTPUT,NaN,NaN,NaN,NaN,NaN,NaN

INPUT,0.371344596147537,0.0358823612332344,0.793799757957458,-0.144188150763512,3.08375310897827,1.52650833129883,K,20
OUTPUT,NaN,NaN,NaN,NaN,NaN,NaN

INPUT,0.336597800254822,0.0416116714477539,0.751944780349731,-0.016144335269928,2.97638964653015,1.24922335147858,K,14
OUTPUT,NaN,NaN,NaN,NaN,NaN,NaN

INPUT,0.338137775659561,0.0422273017466068,0.76287704706192,-0.0715170502662659,2.96416330337524,1.3044126033783,K,15
OUTPUT,NaN,NaN,NaN,NaN,NaN,NaN

INPUT,0.339523762464523,0.0427813678979874,0.772716104984283,-0.121392697095871,2.95362019538879,1.35414302349091,K,16
OUTPUT,NaN,NaN,NaN,NaN,NaN,NaN

INPUT,0.340601742267609,0.0432123094797134,0.780368685722351,-0.160212978720665,2.94573926925659,1.3928610086441,K,17
OUTPUT,NaN,NaN,NaN,NaN,NaN,NaN

INPUT,0.34137174487114,0.0435201227664948,0.785834848880768,-0.187957435846329,2.94028854370117,1.42053699493408,K,18
OUTPUT,NaN,NaN,NaN,NaN,NaN,NaN

INPUT,0.341833740472794,0.0437048114836216,0.789114534854889,-0.204610407352448,2.937091588974,1.43715071678162,K,19
OUTPUT,NaN,NaN,NaN,NaN,NaN,NaN

INPUT,0.341987729072571,0.043766375631094,0.790207743644714,-0.210162490606308,2.93603849411011,1.44269013404846,K,20
OUTPUT,NaN,NaN,NaN,NaN,NaN,NaN

INPUT,0.357304841279984,0.0361472442746162,0.732760012149811,0.137452617287636,3.1320469379425,1.22830605506897,K,12
OUTPUT,NaN,NaN,NaN,NaN,NaN,NaN

INPUT,0.361348658800125,0.036317303776741,0.743974268436432,0.0775779634714127,3.13105583190918,1.28323912620544,K,13
OUTPUT,NaN,NaN,NaN,NaN,NaN,NaN

INPUT,0.365392446517944,0.0364873595535755,0.755188524723053,0.0181216318160295,3.1300995349884,1.3385910987854,K,14
OUTPUT,NaN,NaN,NaN,NaN,NaN,NaN

INPUT,0.369436264038086,0.03665741533041,0.766402781009674,-0.0410249643027782,3.12918090820313,1.39425337314606,K,15
OUTPUT,NaN,NaN,NaN,NaN,NaN,NaN

INPUT,0.373075693845749,0.0368104688823223,0.776495635509491,-0.094054214656353,3.12838888168335,1.44455277919769,K,16
OUTPUT,NaN,NaN,NaN,NaN,NaN,NaN

INPUT,0.375906378030777,0.0369295105338097,0.784345626831055,-0.13519312441349,3.1277973651886,1.48378086090088,K,17
OUTPUT,NaN,NaN,NaN,NaN,NaN,NaN

INPUT,0.377928286790848,0.0370145365595818,0.789952754974365,-0.164530023932457,3.12738823890686,1.51184904575348,K,18
OUTPUT,NaN,NaN,NaN,NaN,NaN,NaN

INPUT,0.379141420125961,0.0370655544102192,0.793317019939423,-0.182115286588669,3.12714838981628,1.5287070274353,K,19
OUTPUT,NaN,NaN,NaN,NaN,NaN,NaN

INPUT,0.37954580783844,0.0370825603604317,0.794438481330872,-0.187974348664284,3.1270694732666,1.5343291759491,K,20
OUTPUT,NaN,NaN,NaN,NaN,NaN,NaN

INPUT,0.363005429506302,0.0357602760195732,0.725284457206726,-2.9071638584137,3.12473917007446,-2.02182006835938,K,4
OUTPUT,NaN,NaN,NaN,NaN,NaN,NaN

INPUT,0.369389772415161,0.0359726771712303,0.738470435142517,-2.97836399078369,3.12260103225708,-1.93344342708588,K,5
OUTPUT,NaN,NaN,NaN,NaN,NaN,NaN

INPUT,0.375774085521698,0.0361850783228874,0.751656353473663,-3.051265001297,3.12058281898499,-1.846764087677,K,6
OUTPUT,NaN,NaN,NaN,NaN,NaN,NaN

INPUT,0.380739659070969,0.036350280046463,0.761912107467651,-3.10879802703857,3.1191041469574,-1.78017699718475,K,7
OUTPUT,NaN,NaN,NaN,NaN,NaN,NaN

INPUT,0.384286493062973,0.0364682823419571,0.769237637519836,3.13295102119446,3.11810064315796,-1.73295509815216,K,8
OUTPUT,NaN,NaN,NaN,NaN,NaN,NaN

INPUT,0.386414617300034,0.0365390814840794,0.773633003234863,3.10797500610352,3.11752033233643,-1.70473551750183,K,9
OUTPUT,NaN,NaN,NaN,NaN,NaN,NaN

INPUT,0.352134108543396,0.0345038436353207,0.732397258281708,0.24811452627182,3.10813331604004,1.23719930648804,K,12
OUTPUT,NaN,NaN,NaN,NaN,NaN,NaN

INPUT,0.35563325881958,0.0345006585121155,0.743574440479279,0.19510942697525,3.10484528541565,1.28831076622009,K,13
OUTPUT,NaN,NaN,NaN,NaN,NaN,NaN

INPUT,0.359132379293442,0.0344974733889103,0.754751563072205,0.142254695296288,3.10165691375732,1.33957886695862,K,14
OUTPUT,NaN,NaN,NaN,NaN,NaN,NaN

INPUT,0.362631499767303,0.0344942919909954,0.765928745269775,0.0895123332738876,3.09857654571533,1.39096581935883,K,15
OUTPUT,NaN,NaN,NaN,NaN,NaN,NaN

INPUT,0.365780711174011,0.0344914235174656,0.775988221168518,0.0421180054545403,3.09590363502502,1.43729376792908,K,16
OUTPUT,NaN,NaN,NaN,NaN,NaN,NaN

INPUT,0.368230104446411,0.0344891957938671,0.78381222486496,0.00529452878981829,3.0938937664032,1.47336912155151,K,17
OUTPUT,NaN,NaN,NaN,NaN,NaN,NaN

INPUT,0.369979679584503,0.0344876050949097,0.789400815963745,-0.0209905970841646,3.09249663352966,1.49915683269501,K,18
OUTPUT,NaN,NaN,NaN,NaN,NaN,NaN

INPUT,0.371029406785965,0.034486647695303,0.792753994464874,-0.0367553234100342,3.09167432785034,1.51463639736176,K,19
OUTPUT,NaN,NaN,NaN,NaN,NaN,NaN

INPUT,0.371379315853119,0.0344863310456276,0.793871700763702,-0.0420093163847923,3.09140300750732,1.51979744434357,K,20
OUTPUT,NaN,NaN,NaN,NaN,NaN,NaN

INPUT,0.363322049379349,0.0359941981732845,0.724820911884308,-2.80495953559875,3.11284232139587,-1.90605449676514,K,4
OUTPUT,NaN,NaN,NaN,NaN,NaN,NaN

INPUT,0.369678556919098,0.0362591966986656,0.737837195396423,-2.87963461875916,3.10877990722656,-1.81859731674194,K,5
OUTPUT,NaN,NaN,NaN,NaN,NaN,NaN

INPUT,0.376035034656525,0.0365241952240467,0.750853419303894,-2.95569396018982,3.10493183135986,-1.73251378536224,K,6
OUTPUT,NaN,NaN,NaN,NaN,NaN,NaN

INPUT,0.380978971719742,0.03673030808568,0.760977149009705,-3.01551270484924,3.10210371017456,-1.66621375083923,K,7
OUTPUT,NaN,NaN,NaN,NaN,NaN,NaN

INPUT,0.384510338306427,0.0368775278329849,0.768208384513855,-3.05850744247437,3.10017895698547,-1.61911940574646,K,8
OUTPUT,NaN,NaN,NaN,NaN,NaN,NaN

INPUT,0.386629164218903,0.0369658619165421,0.772547125816345,-3.084392786026,3.09906387329102,-1.59094953536987,K,9
OUTPUT,NaN,NaN,NaN,NaN,NaN,NaN

INPUT,0.357856571674347,0.0354391112923622,0.735901951789856,0.0927641913294792,3.09955286979675,1.26590049266815,K,5
OUTPUT,NaN,NaN,NaN,NaN,NaN,NaN

INPUT,0.363124161958694,0.035538874566555,0.749557197093964,0.00838300492614508,3.09351277351379,1.36061835289001,K,6
OUTPUT,NaN,NaN,NaN,NaN,NaN,NaN

INPUT,0.367221146821976,0.035616472363472,0.760177969932556,-0.0580555014312267,3.0890781879425,1.43349635601044,K,7
OUTPUT,NaN,NaN,NaN,NaN,NaN,NaN

INPUT,0.370147585868835,0.0356718972325325,0.767764210700989,-0.105824016034603,3.08606505393982,1.48524951934814,K,8
OUTPUT,NaN,NaN,NaN,NaN,NaN,NaN

INPUT,0.371903449296951,0.0357051491737366,0.772315979003906,-0.134585812687874,3.08432269096375,1.51620435714722,K,9
OUTPUT,NaN,NaN,NaN,NaN,NaN,NaN

INPUT,0.363482356071472,0.0363285690546036,0.736908316612244,0.0603647604584694,3.13176345825195,1.26980078220367,K,5
OUTPUT,NaN,NaN,NaN,NaN,NaN,NaN

INPUT,0.369367927312851,0.036580465734005,0.750419914722443,-0.0282703340053558,3.12998247146606,1.36579632759094,K,6
OUTPUT,NaN,NaN,NaN,NaN,NaN,NaN

INPUT,0.373945593833923,0.0367763862013817,0.760928928852081,-0.0978942289948463,3.12866497039795,1.43977522850037,K,7
OUTPUT,NaN,NaN,NaN,NaN,NaN,NaN

INPUT,0.377215325832367,0.0369163267314434,0.768435418605804,-0.147874966263771,3.12776398658752,1.49236881732941,K,8
OUTPUT,NaN,NaN,NaN,NaN,NaN,NaN

INPUT,0.379177182912827,0.0370002947747707,0.772939324378967,-0.177941083908081,3.12724089622498,1.52384746074677,K,9
OUTPUT,NaN,NaN,NaN,NaN,NaN,NaN

INPUT,0.340353548526764,0.0411825813353062,0.744367480278015,-0.0366007685661316,2.97814917564392,1.22723126411438,K,5
OUTPUT,NaN,NaN,NaN,NaN,NaN,NaN

INPUT,0.342379122972488,0.041806161403656,0.753821551799774,-0.0978520959615707,2.9622049331665,1.30585300922394,K,6
OUTPUT,NaN,NaN,NaN,NaN,NaN,NaN

INPUT,0.343954533338547,0.042291171848774,0.761174738407135,-0.146535605192184,2.95039582252502,1.36609399318695,K,7
OUTPUT,NaN,NaN,NaN,NaN,NaN,NaN

INPUT,0.345079869031906,0.0426376052200794,0.766426980495453,-0.181756615638733,2.94230079650879,1.40874981880188,K,8
OUTPUT,NaN,NaN,NaN,NaN,NaN,NaN

INPUT,0.345755040645599,0.0428454652428627,0.769578337669373,-0.203043341636658,2.93758583068848,1.43421900272369,K,9
OUTPUT,NaN,NaN,NaN,NaN,NaN,NaN

INPUT,0.347543984651566,0.0347146950662136,0.743223965167999,0.221320927143097,3.05315208435059,1.27045607566833,K,13
OUTPUT,NaN,NaN,NaN,NaN,NaN,NaN

INPUT,0.350273132324219,0.0347321629524231,0.7543665766716,0.170998722314835,3.04553818702698,1.32017815113068,K,14
OUTPUT,NaN,NaN,NaN,NaN,NaN,NaN

INPUT,0.353002309799194,0.0347496345639229,0.765509188175201,0.120701842010021,3.03816437721252,1.36996185779572,K,15
OUTPUT,NaN,NaN,NaN,NaN,NaN,NaN

INPUT,0.355458557605743,0.0347653590142727,0.775537550449371,0.0754475817084312,3.0317485332489,1.4148120880127,K,16
OUTPUT,NaN,NaN,NaN,NaN,NaN,NaN

INPUT,0.357368975877762,0.0347775854170322,0.783337354660034,0.0402544997632504,3.02691173553467,1.44972169399261,K,17
OUTPUT,NaN,NaN,NaN,NaN,NaN,NaN

INPUT,0.35873356461525,0.0347863212227821,0.788908660411835,0.015117715112865,3.0235424041748,1.47467005252838,K,18
OUTPUT,NaN,NaN,NaN,NaN,NaN,NaN

INPUT,0.359552294015884,0.0347915627062321,0.792251467704773,3.58112374669872E-05,3.02155637741089,1.48964393138885,K,19
OUTPUT,NaN,NaN,NaN,NaN,NaN,NaN

INPUT,0.359825223684311,0.034793309867382,0.793365716934204,-0.00499151786789298,3.0209002494812,1.49463605880737,K,20
OUTPUT,NaN,NaN,NaN,NaN,NaN,NaN

INPUT,0.357829600572586,0.0345279239118099,0.735986948013306,0.183787941932678,3.10546898841858,1.28055858612061,K,5
OUTPUT,NaN,NaN,NaN,NaN,NaN,NaN

INPUT,0.363068401813507,0.0344977825880051,0.749634563922882,0.1030418202281,3.10013937950134,1.36720943450928,K,6
OUTPUT,NaN,NaN,NaN,NaN,NaN,NaN

INPUT,0.367143005132675,0.0344743356108665,0.760249316692352,0.0397650003433228,3.0961925983429,1.43414235115051,K,7
OUTPUT,NaN,NaN,NaN,NaN,NaN,NaN

INPUT,0.370053440332413,0.034457590430975,0.767831265926361,-0.00561628909781575,3.09349036216736,1.48177492618561,K,8
OUTPUT,NaN,NaN,NaN,NaN,NaN,NaN

INPUT,0.37179970741272,0.03444754332304,0.772380471229553,-0.0329045057296753,3.09191846847534,1.51029801368713,K,9
OUTPUT,NaN,NaN,NaN,NaN,NaN,NaN

INPUT,0.360562801361084,0.0345192104578018,0.73243635892868,-3.04529595375061,3.13087725639343,-1.93664860725403,K,12
OUTPUT,NaN,NaN,NaN,NaN,NaN,NaN

INPUT,0.364949494600296,0.0345179364085197,0.743616580963135,-3.10168313980103,3.12999105453491,-1.87635517120361,K,13
OUTPUT,NaN,NaN,NaN,NaN,NaN,NaN

INPUT,0.36933621764183,0.0345166623592377,0.754796743392944,3.12484264373779,3.12914443016052,-1.81633305549622,K,14
OUTPUT,NaN,NaN,NaN,NaN,NaN,NaN

INPUT,0.373722910881042,0.0345153883099556,0.765976965427399,3.06797361373901,3.12834000587463,-1.75652027130127,K,15
OUTPUT,NaN,NaN,NaN,NaN,NaN,NaN

INPUT,0.37767094373703,0.034514244645834,0.776039123535156,3.0166494846344,3.12765431404114,-1.70282995700836,K,16
OUTPUT,NaN,NaN,NaN,NaN,NaN,NaN

INPUT,0.380741626024246,0.0345133543014526,0.78386527299881,2.97665476799011,3.12714767456055,-1.66114640235901,K,17
OUTPUT,NaN,NaN,NaN,NaN,NaN,NaN

INPUT,0.382934987545013,0.0345127172768116,0.789455413818359,2.94805240631104,3.12680053710938,-1.63140714168549,K,18
OUTPUT,NaN,NaN,NaN,NaN,NaN,NaN

INPUT,0.384250998497009,0.0345123335719109,0.79280948638916,2.93087840080261,3.12659811973572,-1.61357617378235,K,19
OUTPUT,NaN,NaN,NaN,NaN,NaN,NaN

INPUT,0.384689658880234,0.0345122069120407,0.793927490711212,2.92515182495117,3.12653160095215,-1.60763418674469,K,20
OUTPUT,NaN,NaN,NaN,NaN,NaN,NaN

INPUT,0.352061986923218,0.0347927995026112,0.741561055183411,0.185066312551498,3.0501401424408,1.28525984287262,K,5
OUTPUT,NaN,NaN,NaN,NaN,NaN,NaN

INPUT,0.35572361946106,0.0347886569797993,0.753063142299652,0.117322981357574,3.03913259506226,1.36124157905579,K,6
OUTPUT,NaN,NaN,NaN,NaN,NaN,NaN

INPUT,0.35857155919075,0.0347854346036911,0.762009143829346,0.0640517398715019,3.03093290328979,1.41981089115143,K,7
OUTPUT,NaN,NaN,NaN,NaN,NaN,NaN

INPUT,0.360605806112289,0.0347831323742867,0.768399178981781,0.0257609747350216,3.02528548240662,1.46143674850464,K,8
OUTPUT,NaN,NaN,NaN,NaN,NaN,NaN

INPUT,0.361826330423355,0.0347817540168762,0.772233188152313,0.00270570302382112,3.02198529243469,1.48634386062622,K,9
OUTPUT,NaN,NaN,NaN,NaN,NaN,NaN

INPUT,0.36080265045166,0.034579299390316,0.723702788352966,-3.03182005882263,3.13047432899475,-1.99037063121796,K,4
OUTPUT,NaN,NaN,NaN,NaN,NaN,NaN

INPUT,0.367047786712646,0.034578662365675,0.736998200416565,-3.11632513999939,3.12927341461182,-1.88721442222595,K,5
OUTPUT,NaN,NaN,NaN,NaN,NaN,NaN

INPUT,0.373292982578278,0.0345780253410339,0.750293552875519,3.08075928688049,3.12818002700806,-1.78565263748169,K,6
OUTPUT,NaN,NaN,NaN,NaN,NaN,NaN

INPUT,0.378150314092636,0.0345775298774242,0.760634422302246,3.01300454139709,3.12741041183472,-1.70744645595551,K,7
OUTPUT,NaN,NaN,NaN,NaN,NaN,NaN

INPUT,0.381619840860367,0.0345771759748459,0.768020749092102,2.9642858505249,3.1269063949585,-1.65190720558167,K,8
OUTPUT,NaN,NaN,NaN,NaN,NaN,NaN

INPUT,0.38370156288147,0.0345769636332989,0.772452533245087,2.93494725227356,3.12662291526794,-1.61869049072266,K,9
OUTPUT,NaN,NaN,NaN,NaN,NaN,NaN

INPUT,0.351898550987244,0.0355251021683216,0.732838749885559,0.125885590910912,3.10900235176086,1.31067156791687,K,12
OUTPUT,NaN,NaN,NaN,NaN,NaN,NaN

INPUT,0.355373233556747,0.0356297418475151,0.74406111240387,0.0627048686146736,3.10594463348389,1.37220907211304,K,13
OUTPUT,NaN,NaN,NaN,NaN,NaN,NaN

INPUT,0.358847945928574,0.0357343815267086,0.755283415317535,-0.00035159892286174,3.10302567481995,1.43387722969055,K,14
OUTPUT,NaN,NaN,NaN,NaN,NaN,NaN

INPUT,0.362322628498077,0.0358390249311924,0.766505777835846,-0.0633161142468452,3.10025644302368,1.4956442117691,K,15
OUTPUT,NaN,NaN,NaN,NaN,NaN,NaN

INPUT,0.365449875593185,0.0359332002699375,0.776605904102325,-0.11992409080267,3.09790134429932,1.55130088329315,K,16
OUTPUT,NaN,NaN,NaN,NaN,NaN,NaN

INPUT,0.367882162332535,0.0360064506530762,0.784461498260498,-0.163921117782593,3.09616422653198,1.59462428092957,K,17
OUTPUT,NaN,NaN,NaN,NaN,NaN,NaN

INPUT,0.369619488716125,0.0360587686300278,0.790072679519653,-0.195333480834961,3.09497618675232,1.62558579444885,K,18
OUTPUT,NaN,NaN,NaN,NaN,NaN,NaN

INPUT,0.370661914348602,0.0360901616513729,0.793439388275146,-0.214176043868065,3.09428524971008,1.64416837692261,K,19
OUTPUT,NaN,NaN,NaN,NaN,NaN,NaN

INPUT,0.37100937962532,0.0361006259918213,0.794561624526978,-0.22045610845089,3.09405851364136,1.65036356449127,K,20
OUTPUT,NaN,NaN,NaN,NaN,NaN,NaN

INPUT,0.354725748300552,0.0337298028171062,0.732486426830292,0.213107407093048,3.11365222930908,1.11521697044373,K,12
OUTPUT,NaN,NaN,NaN,NaN,NaN,NaN

INPUT,0.35849803686142,0.0336455143988132,0.743671655654907,0.164883255958557,3.11084389686584,1.16194450855255,K,13
OUTPUT,NaN,NaN,NaN,NaN,NaN,NaN

INPUT,0.362270325422287,0.0335612297058105,0.754856824874878,0.116781041026115,3.10810470581055,1.20879793167114,K,14
OUTPUT,NaN,NaN,NaN,NaN,NaN,NaN

INPUT,0.366042613983154,0.0334769412875175,0.766042053699493,0.0687700137495995,3.10544085502625,1.25574684143066,K,15
OUTPUT,NaN,NaN,NaN,NaN,NaN,NaN

INPUT,0.369437694549561,0.0334010794758797,0.776108801364899,0.0256199613213539,3.1031129360199,1.29806482791901,K,16
OUTPUT,NaN,NaN,NaN,NaN,NaN,NaN

INPUT,0.3720782995224,0.0333420783281326,0.783938467502594,-0.00790948327630758,3.10135054588318,1.33101296424866,K,17
OUTPUT,NaN,NaN,NaN,NaN,NaN,NaN

INPUT,0.373964428901672,0.0332999341189861,0.789531052112579,-0.0318448953330517,3.10011887550354,1.3545628786087,K,18
OUTPUT,NaN,NaN,NaN,NaN,NaN,NaN

INPUT,0.3750961124897,0.0332746505737305,0.7928866147995,-0.0462010763585567,3.09939122200012,1.36869859695435,K,19
OUTPUT,NaN,NaN,NaN,NaN,NaN,NaN

INPUT,0.375473350286484,0.033266220241785,0.794005155563354,-0.0509856641292572,3.09915041923523,1.37341141700745,K,20
OUTPUT,NaN,NaN,NaN,NaN,NaN,NaN

INPUT,0.353525400161743,0.0377300903201103,0.732302784919739,0.154218837618828,3.102205991745,1.24723148345947,K,12
OUTPUT,NaN,NaN,NaN,NaN,NaN,NaN

INPUT,0.357171386480331,0.0380668118596077,0.743468761444092,0.0960505530238152,3.09844541549683,1.30412971973419,K,13
OUTPUT,NaN,NaN,NaN,NaN,NaN,NaN

INPUT,0.360817402601242,0.0384035371243954,0.7546346783638,0.0379779078066349,3.09482741355896,1.36113262176514,K,14
OUTPUT,NaN,NaN,NaN,NaN,NaN,NaN

INPUT,0.364463418722153,0.0387402586638927,0.765800654888153,-0.0200242418795824,3.09136438369751,1.41821587085724,K,15
OUTPUT,NaN,NaN,NaN,NaN,NaN,NaN

INPUT,0.367744833230972,0.0390433110296726,0.775850057601929,-0.0721803233027458,3.0883891582489,1.46964502334595,K,16
OUTPUT,NaN,NaN,NaN,NaN,NaN,NaN

INPUT,0.370297014713287,0.0392790175974369,0.783666253089905,-0.11272244900465,3.08617353439331,1.50967442989349,K,17
OUTPUT,NaN,NaN,NaN,NaN,NaN,NaN

INPUT,0.372120022773743,0.0394473783671856,0.789249241352081,-0.14167058467865,3.08464574813843,1.53828048706055,K,18
OUTPUT,NaN,NaN,NaN,NaN,NaN,NaN

INPUT,0.373213827610016,0.0395483933389187,0.792599022388458,-0.159035727381706,3.08375144004822,1.55544912815094,K,19
OUTPUT,NaN,NaN,NaN,NaN,NaN,NaN

INPUT,0.373578429222107,0.0395820662379265,0.793715596199036,-0.164823606610298,3.08345723152161,1.56117260456085,K,20
OUTPUT,NaN,NaN,NaN,NaN,NaN,NaN

INPUT,0.352403223514557,0.0360198430716991,0.732409358024597,0.235025227069855,3.10581469535828,1.30946791172028,K,12
OUTPUT,NaN,NaN,NaN,NaN,NaN,NaN

INPUT,0.355930954217911,0.0361765138804913,0.743586719036102,0.177575439214706,3.10237574577332,1.36512398719788,K,13
OUTPUT,NaN,NaN,NaN,NaN,NaN,NaN

INPUT,0.359458684921265,0.0363331809639931,0.754764139652252,0.120264455676079,3.09906220436096,1.42092609405518,K,14
OUTPUT,NaN,NaN,NaN,NaN,NaN,NaN

INPUT,0.362986415624619,0.0364898517727852,0.765941500663757,0.063056580722332,3.0958845615387,1.47683930397034,K,15
OUTPUT,NaN,NaN,NaN,NaN,NaN,NaN

INPUT,0.366161376237869,0.0366308577358723,0.776001155376434,0.0116371009498835,3.09314942359924,1.52723562717438,K,16
OUTPUT,NaN,NaN,NaN,NaN,NaN,NaN

INPUT,0.368630796670914,0.0367405265569687,0.78382533788681,-0.0283204466104507,3.09110832214355,1.56647264957428,K,17
OUTPUT,NaN,NaN,NaN,NaN,NaN,NaN

INPUT,0.370394676923752,0.0368188619613647,0.789414048194885,-0.0568458214402199,3.08969879150391,1.59451746940613,K,18
OUTPUT,NaN,NaN,NaN,NaN,NaN,NaN

INPUT,0.371452987194061,0.0368658602237701,0.792767226696014,-0.0739552900195122,3.0888729095459,1.61135077476501,K,19
OUTPUT,NaN,NaN,NaN,NaN,NaN,NaN

INPUT,0.371805757284164,0.0368815287947655,0.793884992599487,-0.0796576291322708,3.08860087394714,1.61696302890778,K,20
OUTPUT,NaN,NaN,NaN,NaN,NaN,NaN

INPUT,0.343310177326202,0.0392011441290379,0.742656767368317,0.0849494785070419,3.04094696044922,1.23558402061462,K,13
OUTPUT,NaN,NaN,NaN,NaN,NaN,NaN

INPUT,0.345635503530502,0.0396457314491272,0.753746747970581,0.0298406891524792,3.03249979019165,1.29024684429169,K,14
OUTPUT,NaN,NaN,NaN,NaN,NaN,NaN

INPUT,0.347960859537125,0.0400903150439262,0.764836728572845,-0.0252615455538034,3.02438044548035,1.344966173172,K,15
OUTPUT,NaN,NaN,NaN,NaN,NaN,NaN

INPUT,0.350053697824478,0.0404904410243034,0.774817705154419,-0.0748544856905937,3.01737427711487,1.39425623416901,K,16
OUTPUT,NaN,NaN,NaN,NaN,NaN,NaN

INPUT,0.351681441068649,0.0408016480505466,0.782580673694611,-0.113430179655552,3.01213335990906,1.43261861801147,K,17
OUTPUT,NaN,NaN,NaN,NaN,NaN,NaN

INPUT,0.35284411907196,0.0410239398479462,0.78812563419342,-0.14098696410656,3.00850653648376,1.46003317832947,K,18
OUTPUT,NaN,NaN,NaN,NaN,NaN,NaN

INPUT,0.353541702032089,0.041157316416502,0.791452646255493,-0.157522425055504,3.00637817382813,1.47648704051971,K,19
OUTPUT,NaN,NaN,NaN,NaN,NaN,NaN

INPUT,0.35377424955368,0.0412017740309238,0.792561650276184,-0.163034483790398,3.00567698478699,1.4819723367691,K,20
OUTPUT,NaN,NaN,NaN,NaN,NaN,NaN

INPUT,0.359633982181549,0.0364204421639442,0.732712388038635,-2.77706742286682,3.12923169136047,-1.85776555538177,K,12
OUTPUT,NaN,NaN,NaN,NaN,NaN,NaN

INPUT,0.363922417163849,0.036619059741497,0.74392306804657,-2.822190284729,3.12814021110535,-1.8061375617981,K,13
OUTPUT,NaN,NaN,NaN,NaN,NaN,NaN

INPUT,0.368210881948471,0.0368176810443401,0.755133748054504,-2.86779570579529,3.12707996368408,-1.75499141216278,K,14
OUTPUT,NaN,NaN,NaN,NaN,NaN,NaN

INPUT,0.372499316930771,0.0370162986218929,0.766344428062439,-2.91377377510071,3.12605357170105,-1.704216837883,K,15
OUTPUT,NaN,NaN,NaN,NaN,NaN,NaN

INPUT,0.376358926296234,0.0371950566768646,0.776434063911438,-2.95540618896484,3.12516069412231,-1.65877139568329,K,16
OUTPUT,NaN,NaN,NaN,NaN,NaN,NaN

INPUT,0.37936082482338,0.0373340919613838,0.784281492233276,-2.98792266845703,3.12448763847351,-1.6235603094101,K,17
OUTPUT,NaN,NaN,NaN,NaN,NaN,NaN

INPUT,0.381505042314529,0.0374334007501602,0.789886832237244,-3.01121163368225,3.124018907547,-1.59847187995911,K,18
OUTPUT,NaN,NaN,NaN,NaN,NaN,NaN

INPUT,0.382791578769684,0.0374929867684841,0.793250024318695,-3.02520728111267,3.12374258041382,-1.58344125747681,K,19
OUTPUT,NaN,NaN,NaN,NaN,NaN,NaN

INPUT,0.383220434188843,0.0375128500163555,0.794371128082275,-3.02987599372864,3.12365126609802,-1.57843458652496,K,20
OUTPUT,NaN,NaN,NaN,NaN,NaN,NaN

INPUT,0.355478167533875,0.034163985401392,0.732505619525909,0.317237675189972,3.13133811950684,1.25185203552246,K,12
OUTPUT,NaN,NaN,NaN,NaN,NaN,NaN

INPUT,0.35932919383049,0.034125067293644,0.743694543838501,0.264545142650604,3.13024735450745,1.2975218296051,K,13
OUTPUT,NaN,NaN,NaN,NaN,NaN,NaN

INPUT,0.363180190324783,0.0340861529111862,0.754883408546448,0.212462067604065,3.12918400764465,1.3438013792038,K,14
OUTPUT,NaN,NaN,NaN,NaN,NaN,NaN

INPUT,0.367031216621399,0.0340472348034382,0.766072392463684,0.160831168293953,3.12815070152283,1.39053392410278,K,15
OUTPUT,NaN,NaN,NaN,NaN,NaN,NaN

INPUT,0.370497137308121,0.034012209624052,0.776142418384552,0.114660426974297,3.12724828720093,1.4328910112381,K,16
OUTPUT,NaN,NaN,NaN,NaN,NaN,NaN

INPUT,0.373192846775055,0.0339849665760994,0.783974647521973,0.0789058580994606,3.12656569480896,1.46599161624908,K,17
OUTPUT,NaN,NaN,NaN,NaN,NaN,NaN

INPUT,0.375118374824524,0.0339655093848705,0.789569079875946,0.0534375309944153,3.12608885765076,1.48970603942871,K,18
OUTPUT,NaN,NaN,NaN,NaN,NaN,NaN

INPUT,0.376273661851883,0.0339538343250751,0.792925775051117,0.0381817854940891,3.12580728530884,1.5039598941803,K,19
OUTPUT,NaN,NaN,NaN,NaN,NaN,NaN

INPUT,0.376658767461777,0.0339499413967133,0.794044673442841,0.0331004746258259,3.12571430206299,1.50871503353119,K,20
OUTPUT,NaN,NaN,NaN,NaN,NaN,NaN

INPUT,0.350873798131943,0.0354418493807316,0.732427477836609,0.287058264017105,3.10269403457642,1.24922001361847,K,12
OUTPUT,NaN,NaN,NaN,NaN,NaN,NaN

INPUT,0.354240119457245,0.0355374664068222,0.743608117103577,0.235523462295532,3.09886717796326,1.29897463321686,K,13
OUTPUT,NaN,NaN,NaN,NaN,NaN,NaN

INPUT,0.357606470584869,0.0356330871582031,0.7547886967659,0.184129238128662,3.09514999389648,1.34887754917145,K,14
OUTPUT,NaN,NaN,NaN,NaN,NaN,NaN

INPUT,0.360972791910172,0.0357287041842937,0.765969336032867,0.132839545607567,3.09155178070068,1.39889395236969,K,15
OUTPUT,NaN,NaN,NaN,NaN,NaN,NaN

INPUT,0.364002496004105,0.0358147621154785,0.776031911373138,0.0867475345730782,3.08842277526855,1.44398510456085,K,16
OUTPUT,NaN,NaN,NaN,NaN,NaN,NaN

INPUT,0.366358935832977,0.035881694406271,0.783858358860016,0.0509340763092041,3.0860652923584,1.47909677028656,K,17
OUTPUT,NaN,NaN,NaN,NaN,NaN,NaN

INPUT,0.36804211139679,0.0359295047819614,0.7894486784935,0.0253690239042044,3.08442378044128,1.50419545173645,K,18
OUTPUT,NaN,NaN,NaN,NaN,NaN,NaN

INPUT,0.369051992893219,0.0359581895172596,0.79280287027359,0.01003572717309,3.08345651626587,1.51926159858704,K,19
OUTPUT,NaN,NaN,NaN,NaN,NaN,NaN

INPUT,0.36938863992691,0.0359677523374557,0.793920934200287,0.00492550432682037,3.08313703536987,1.52428460121155,K,20
OUTPUT,NaN,NaN,NaN,NaN,NaN,NaN

INPUT,0.357553005218506,0.0355662330985069,0.736511588096619,0.0433799251914024,3.10669207572937,1.35702562332153,K,5
OUTPUT,NaN,NaN,NaN,NaN,NaN,NaN

INPUT,0.362731158733368,0.0356837995350361,0.750217735767365,-0.0504913032054901,3.10177898406982,1.46372032165527,K,6
OUTPUT,NaN,NaN,NaN,NaN,NaN,NaN

INPUT,0.366758584976196,0.0357752442359924,0.760878026485443,-0.124479003250599,3.09823083877563,1.54574108123779,K,7
OUTPUT,NaN,NaN,NaN,NaN,NaN,NaN

INPUT,0.369635313749313,0.0358405597507954,0.768492579460144,-0.177701190114021,3.09585642814636,1.60396075248718,K,8
OUTPUT,NaN,NaN,NaN,NaN,NaN,NaN

INPUT,0.371361374855042,0.0358797498047352,0.773061275482178,-0.209754154086113,3.09449934959412,1.63877582550049,K,9
OUTPUT,NaN,NaN,NaN,NaN,NaN,NaN

INPUT,0.360713273286819,0.0336659997701645,0.736253798007965,0.154386609792709,3.11147022247314,1.15468323230743,K,5
OUTPUT,NaN,NaN,NaN,NaN,NaN,NaN

INPUT,0.366331994533539,0.0335065126419067,0.749850749969482,0.0810098499059677,3.10684943199158,1.23397183418274,K,6
OUTPUT,NaN,NaN,NaN,NaN,NaN,NaN

INPUT,0.370702117681503,0.0333824642002583,0.760426223278046,0.0234496835619211,3.10339403152466,1.29515945911407,K,7
OUTPUT,NaN,NaN,NaN,NaN,NaN,NaN

INPUT,0.373823642730713,0.0332938581705093,0.767980098724365,-0.0178532414138317,3.10100746154785,1.33868110179901,K,8
OUTPUT,NaN,NaN,NaN,NaN,NaN,NaN

INPUT,0.375696539878845,0.03324069455266,0.772512376308441,-0.0426958315074444,3.09961009025574,1.36473536491394,K,9
OUTPUT,NaN,NaN,NaN,NaN,NaN,NaN

INPUT,0.35945987701416,0.0380213558673859,0.735917448997498,0.0789023637771606,3.0991587638855,1.29085004329681,K,5
OUTPUT,NaN,NaN,NaN,NaN,NaN,NaN

INPUT,0.364955246448517,0.0385145731270313,0.749536991119385,-0.00781697034835815,3.09312772750854,1.38916480541229,K,6
OUTPUT,NaN,NaN,NaN,NaN,NaN,NaN

INPUT,0.369229406118393,0.0388981848955154,0.760129928588867,-0.0761623531579971,3.08872008323669,1.46475267410278,K,7
OUTPUT,NaN,NaN,NaN,NaN,NaN,NaN

INPUT,0.372282356023788,0.0391721911728382,0.76769632101059,-0.125326797366142,3.08573746681213,1.51840782165527,K,8
OUTPUT,NaN,NaN,NaN,NaN,NaN,NaN

INPUT,0.374114155769348,0.0393365956842899,0.772236108779907,-0.154937073588371,3.08401823043823,1.55049324035645,K,9
OUTPUT,NaN,NaN,NaN,NaN,NaN,NaN

INPUT,0.3581582903862,0.036186758428812,0.736006081104279,0.163989707827568,3.10303616523743,1.35539317131042,K,5
OUTPUT,NaN,NaN,NaN,NaN,NaN,NaN

INPUT,0.363451540470123,0.0364065282046795,0.749652624130249,0.0769738405942917,3.09750628471375,1.45023632049561,K,6
OUTPUT,NaN,NaN,NaN,NaN,NaN,NaN

INPUT,0.367568492889404,0.0365774631500244,0.760266542434692,0.00868309382349253,3.09345436096191,1.52340614795685,K,7
OUTPUT,NaN,NaN,NaN,NaN,NaN,NaN

INPUT,0.370509177446365,0.0366995558142662,0.767847955226898,-0.040332306176424,3.09070634841919,1.57544207572937,K,8
OUTPUT,NaN,NaN,NaN,NaN,NaN,NaN

INPUT,0.372273594141006,0.0367728136479855,0.772396802902222,-0.0698178485035896,3.08911919593811,1.60659086704254,K,9
OUTPUT,NaN,NaN,NaN,NaN,NaN,NaN

INPUT,0.359904617071152,0.0363112390041351,0.723950147628784,-2.77427577972412,3.1288640499115,-1.91078794002533,K,4
OUTPUT,NaN,NaN,NaN,NaN,NaN,NaN

INPUT,0.365982055664063,0.0366187244653702,0.737297713756561,-2.83911609649658,3.12735986709595,-1.81999588012695,K,5
OUTPUT,NaN,NaN,NaN,NaN,NaN,NaN

INPUT,0.372059494256973,0.0369262099266052,0.750645339488983,-2.90638136863708,3.1259400844574,-1.73162698745728,K,6
OUTPUT,NaN,NaN,NaN,NaN,NaN,NaN

INPUT,0.376786410808563,0.0371653623878956,0.761026799678802,-2.95990633964539,3.1248996257782,-1.66410207748413,K,7
OUTPUT,NaN,NaN,NaN,NaN,NaN,NaN

INPUT,0.38016277551651,0.0373361892998219,0.768442094326019,-2.99863934516907,3.12419319152832,-1.61637020111084,K,8
OUTPUT,NaN,NaN,NaN,NaN,NaN,NaN

INPUT,0.382188588380814,0.0374386832118034,0.772891283035278,-3.02204775810242,3.12378478050232,-1.58789944648743,K,9
OUTPUT,NaN,NaN,NaN,NaN,NaN,NaN

INPUT,0.361376911401749,0.0341680161654949,0.736452400684357,0.264421105384827,3.13088750839233,1.3006911277771,K,5
OUTPUT,NaN,NaN,NaN,NaN,NaN,NaN

INPUT,0.366992622613907,0.0340932942926884,0.749986529350281,0.180035263299942,3.12895250320435,1.37446773052216,K,6
OUTPUT,NaN,NaN,NaN,NaN,NaN,NaN

INPUT,0.371360421180725,0.0340351723134518,0.760513067245483,0.115391373634338,3.12750124931335,1.43284034729004,K,7
OUTPUT,NaN,NaN,NaN,NaN,NaN,NaN

INPUT,0.374480247497559,0.033993661403656,0.768032014369965,0.0695806294679642,3.12649703025818,1.47489893436432,K,8
OUTPUT,NaN,NaN,NaN,NaN,NaN,NaN

INPUT,0.376352161169052,0.0339687541127205,0.772543430328369,0.042208094149828,3.1259081363678,1.50024855136871,K,9
OUTPUT,NaN,NaN,NaN,NaN,NaN,NaN

INPUT,0.35647577047348,0.0355968102812767,0.735942721366882,0.225296691060066,3.09945344924927,1.29227769374847,K,5
OUTPUT,NaN,NaN,NaN,NaN,NaN,NaN

INPUT,0.361545026302338,0.0357324220240116,0.74962717294693,0.146432667970657,3.09328627586365,1.37624835968018,K,6
OUTPUT,NaN,NaN,NaN,NaN,NaN,NaN

INPUT,0.365487813949585,0.035837896168232,0.760270655155182,0.0846829637885094,3.08870887756348,1.4411643743515,K,7
OUTPUT,NaN,NaN,NaN,NaN,NaN,NaN

INPUT,0.368304073810577,0.0359132364392281,0.767873108386993,0.0404160209000111,3.08556771278381,1.48738193511963,K,8
OUTPUT,NaN,NaN,NaN,NaN,NaN,NaN

INPUT,0.369993805885315,0.0359584391117096,0.772434592247009,0.0138039486482739,3.08373761177063,1.51506435871124,K,9
OUTPUT,NaN,NaN,NaN,NaN,NaN,NaN

INPUT,0.347498863935471,0.0392436981201172,0.740514278411865,0.0394287109375,3.03776550292969,1.24578142166138,K,5
OUTPUT,NaN,NaN,NaN,NaN,NaN,NaN

INPUT,0.350720643997192,0.0397902578115463,0.75211775302887,-0.03232092410326,3.02556014060974,1.33185017108917,K,6
OUTPUT,NaN,NaN,NaN,NaN,NaN,NaN

INPUT,0.353226482868195,0.0402153581380844,0.761142611503601,-0.0891051664948463,3.0165581703186,1.39788806438446,K,7
OUTPUT,NaN,NaN,NaN,NaN,NaN,NaN

INPUT,0.355016350746155,0.0405189990997314,0.767588973045349,-0.130066320300102,3.01041293144226,1.44469845294952,K,8
OUTPUT,NaN,NaN,NaN,NaN,NaN,NaN

INPUT,0.356090277433395,0.0407011844217777,0.771456837654114,-0.154777228832245,3.00684571266174,1.47266697883606,K,9
OUTPUT,NaN,NaN,NaN,NaN,NaN,NaN

INPUT,0.373330742120743,0.0358798764646053,0.720550775527954,-2.80511474609375,3.03495216369629,-1.92110919952393,K,11
OUTPUT,NaN,NaN,NaN,NaN,NaN,NaN

INPUT,0.379735738039017,0.0360385701060295,0.731647789478302,-2.85688734054565,3.02349400520325,-1.86867821216583,K,12
OUTPUT,NaN,NaN,NaN,NaN,NaN,NaN

INPUT,0.386140733957291,0.0361972637474537,0.742744863033295,-2.90875244140625,3.01235604286194,-1.81626975536346,K,13
OUTPUT,NaN,NaN,NaN,NaN,NaN,NaN

INPUT,0.392545729875565,0.0363559573888779,0.753841876983643,-2.96069693565369,3.00156855583191,-1.76386702060699,K,14
OUTPUT,NaN,NaN,NaN,NaN,NaN,NaN

INPUT,0.398950695991516,0.036514651030302,0.76493889093399,-3.01271224021912,2.99116110801697,-1.71145761013031,K,15
OUTPUT,NaN,NaN,NaN,NaN,NaN,NaN

INPUT,0.404715210199356,0.0366574749350548,0.774926245212555,-3.05958199501038,2.98214316368103,-1.66427636146545,K,16
OUTPUT,NaN,NaN,NaN,NaN,NaN,NaN

INPUT,0.409198701381683,0.0367685630917549,0.782694160938263,-3.09607076644897,2.97537088394165,-1.62756848335266,K,17
OUTPUT,NaN,NaN,NaN,NaN,NaN,NaN

INPUT,0.41240119934082,0.0368479080498219,0.788242697715759,-3.12215161323547,2.97066903114319,-1.60134136676788,K,18
OUTPUT,NaN,NaN,NaN,NaN,NaN,NaN

INPUT,0.414322674274445,0.0368955172598362,0.791571795940399,-3.1378071308136,2.96790337562561,-1.58560192584991,K,19
OUTPUT,NaN,NaN,NaN,NaN,NaN,NaN

INPUT,0.414963185787201,0.0369113869965076,0.792681515216827,3.14015865325928,2.96699094772339,-1.58035492897034,K,20
OUTPUT,NaN,NaN,NaN,NaN,NaN,NaN

INPUT,0.356181710958481,0.0351976230740547,0.733085155487061,-3.07401442527771,3.14093661308289,-2.13249063491821,K,12
OUTPUT,NaN,NaN,NaN,NaN,NaN,NaN

INPUT,0.360107362270355,0.0352676957845688,0.744333744049072,-3.10604333877563,3.14097905158997,-2.06543278694153,K,13
OUTPUT,NaN,NaN,NaN,NaN,NaN,NaN

INPUT,0.36403301358223,0.0353377722203732,0.755582273006439,-3.13542914390564,3.14102268218994,-1.99573183059692,K,14
OUTPUT,NaN,NaN,NaN,NaN,NaN,NaN

INPUT,0.367958694696426,0.0354078486561775,0.766830801963806,3.12176465988159,3.14106726646423,-1.92263638973236,K,15
OUTPUT,NaN,NaN,NaN,NaN,NaN,NaN

INPUT,0.37149178981781,0.0354709178209305,0.776954472064972,3.10213565826416,3.14110851287842,-1.85308742523193,K,16
OUTPUT,NaN,NaN,NaN,NaN,NaN,NaN

INPUT,0.37423974275589,0.0355199687182903,0.78482848405838,3.09003043174744,3.14114093780518,-1.79583191871643,K,17
OUTPUT,NaN,NaN,NaN,NaN,NaN,NaN

INPUT,0.376202583312988,0.0355550087988377,0.790452718734741,3.08348274230957,3.14116430282593,-1.75283622741699,K,18
OUTPUT,NaN,NaN,NaN,NaN,NaN,NaN

INPUT,0.377380281686783,0.0355760306119919,0.793827295303345,3.08054065704346,3.14117836952209,-1.72605228424072,K,19
OUTPUT,NaN,NaN,NaN,NaN,NaN,NaN

INPUT,0.377772837877274,0.0355830378830433,0.794952154159546,3.07974171638489,3.1411828994751,-1.71694254875183,K,20
OUTPUT,NaN,NaN,NaN,NaN,NaN,NaN

INPUT,0.359503090381622,0.0342235937714577,0.721806526184082,-2.88434863090515,3.11740016937256,-1.94477272033691,K,11
OUTPUT,NaN,NaN,NaN,NaN,NaN,NaN

INPUT,0.364280581474304,0.0341871418058872,0.733052849769592,-2.93821549415588,3.11492228507996,-1.88811159133911,K,12
OUTPUT,NaN,NaN,NaN,NaN,NaN,NaN

INPUT,0.369058102369308,0.0341506935656071,0.744299173355103,-2.99231839179993,3.11252570152283,-1.83168292045593,K,13
OUTPUT,NaN,NaN,NaN,NaN,NaN,NaN

INPUT,0.373835623264313,0.0341142416000366,0.755545496940613,-3.04659748077393,3.11021780967712,-1.77542674541473,K,14
OUTPUT,NaN,NaN,NaN,NaN,NaN,NaN

INPUT,0.378613114356995,0.0340777933597565,0.766791820526123,-3.1010115146637,3.10800576210022,-1.71930181980133,K,15
OUTPUT,NaN,NaN,NaN,NaN,NaN,NaN

INPUT,0.382912874221802,0.0340449884533882,0.776913583278656,3.13311004638672,3.10610246658325,-1.66887676715851,K,16
OUTPUT,NaN,NaN,NaN,NaN,NaN,NaN

INPUT,0.386257141828537,0.034019473940134,0.784785985946655,3.09490084648132,3.10468244552612,-1.62970376014709,K,17
OUTPUT,NaN,NaN,NaN,NaN,NaN,NaN

INPUT,0.388645887374878,0.034001249819994,0.79040914773941,3.06758618354797,3.10370182991028,-1.60174405574799,K,18
OUTPUT,NaN,NaN,NaN,NaN,NaN,NaN

INPUT,0.390079140663147,0.0339903123676777,0.793783068656921,3.05118942260742,3.10312747955322,-1.58497595787048,K,19
OUTPUT,NaN,NaN,NaN,NaN,NaN,NaN

INPUT,0.390556901693344,0.0339866690337658,0.794907689094543,3.04572224617004,3.10293817520142,-1.57938766479492,K,20
OUTPUT,NaN,NaN,NaN,NaN,NaN,NaN

INPUT,0.364283502101898,0.0342971533536911,0.721829056739807,-2.93598175048828,3.09497427940369,-1.95938313007355,K,11
OUTPUT,NaN,NaN,NaN,NaN,NaN,NaN

INPUT,0.369619607925415,0.034269206225872,0.733083546161652,-2.99254202842712,3.09014749526978,-1.90102338790894,K,12
OUTPUT,NaN,NaN,NaN,NaN,NaN,NaN

INPUT,0.374955743551254,0.034241259098053,0.744338035583496,-3.04926156997681,3.08549046516418,-1.84280872344971,K,13
OUTPUT,NaN,NaN,NaN,NaN,NaN,NaN

INPUT,0.380291849374771,0.0342133082449436,0.755592525005341,-3.10610055923462,3.08101868629456,-1.78469944000244,K,14
OUTPUT,NaN,NaN,NaN,NaN,NaN,NaN

INPUT,0.38562798500061,0.0341853611171246,0.766847014427185,3.12015223503113,3.07674670219421,-1.72666811943054,K,15
OUTPUT,NaN,NaN,NaN,NaN,NaN,NaN

INPUT,0.390430480241776,0.0341602079570293,0.776976048946381,3.06884908676147,3.07308459281921,-1.67449045181274,K,16
OUTPUT,NaN,NaN,NaN,NaN,NaN,NaN

INPUT,0.39416578412056,0.0341406464576721,0.784854233264923,3.02891182899475,3.07036256790161,-1.63393378257751,K,17
OUTPUT,NaN,NaN,NaN,NaN,NaN,NaN

INPUT,0.396833837032318,0.0341266728937626,0.790481448173523,3.00036907196045,3.06848859786987,-1.60497641563416,K,18
OUTPUT,NaN,NaN,NaN,NaN,NaN,NaN

INPUT,0.398434668779373,0.0341182872653008,0.79385781288147,2.98323750495911,3.06739282608032,-1.58760595321655,K,19
OUTPUT,NaN,NaN,NaN,NaN,NaN,NaN

INPUT,0.398968279361725,0.0341154932975769,0.794983267784119,2.97752594947815,3.0670325756073,-1.58181643486023,K,20
OUTPUT,NaN,NaN,NaN,NaN,NaN,NaN

INPUT,0.35893526673317,0.0340947173535824,0.733055114746094,-3.12075066566467,3.13895320892334,-2.03389859199524,K,12
OUTPUT,NaN,NaN,NaN,NaN,NaN,NaN

INPUT,0.363150209188461,0.034048430621624,0.744302034378052,3.11130332946777,3.13881945610046,-1.97064387798309,K,13
OUTPUT,NaN,NaN,NaN,NaN,NaN,NaN

INPUT,0.367365151643753,0.0340021401643753,0.75554895401001,3.05963158607483,3.13869452476501,-1.90792989730835,K,14
OUTPUT,NaN,NaN,NaN,NaN,NaN,NaN

INPUT,0.371580094099045,0.0339558534324169,0.766795873641968,3.00751948356628,3.13857913017273,-1.84565591812134,K,15
OUTPUT,NaN,NaN,NaN,NaN,NaN,NaN

INPUT,0.375373542308807,0.0339141935110092,0.776918053627014,2.96030926704407,3.13848376274109,-1.789919257164,K,16
OUTPUT,NaN,NaN,NaN,NaN,NaN,NaN

INPUT,0.378324002027512,0.0338817946612835,0.784790873527527,2.92341923713684,3.13841509819031,-1.74673891067505,K,17
OUTPUT,NaN,NaN,NaN,NaN,NaN,NaN

INPUT,0.380431473255157,0.0338586494326591,0.790414333343506,2.8969898223877,3.13836908340454,-1.71597564220428,K,18
OUTPUT,NaN,NaN,NaN,NaN,NaN,NaN

INPUT,0.381695955991745,0.0338447652757168,0.793788433074951,2.88110327720642,3.13834285736084,-1.69754636287689,K,19
OUTPUT,NaN,NaN,NaN,NaN,NaN,NaN

INPUT,0.382117450237274,0.0338401347398758,0.794913113117218,2.87580323219299,3.13833427429199,-1.69140768051147,K,20
OUTPUT,NaN,NaN,NaN,NaN,NaN,NaN

INPUT,0.373644053936005,0.0356418266892433,0.716110527515411,-2.80232620239258,3.03597331047058,-1.94112169742584,K,4
OUTPUT,NaN,NaN,NaN,NaN,NaN,NaN

INPUT,0.383661806583405,0.0359792038798332,0.731165707111359,-2.8912398815155,3.01608800888062,-1.84467971324921,K,5
OUTPUT,NaN,NaN,NaN,NaN,NaN,NaN

INPUT,0.393679559230804,0.0363165847957134,0.746220886707306,-2.98127436637878,2.9972767829895,-1.74913311004639,K,6
OUTPUT,NaN,NaN,NaN,NaN,NaN,NaN

INPUT,0.401471108198166,0.0365789905190468,0.757930397987366,-3.05182552337646,2.98349404335022,-1.67517566680908,K,7
OUTPUT,NaN,NaN,NaN,NaN,NaN,NaN

INPUT,0.407036542892456,0.0367664210498333,0.766294419765472,-3.10243320465088,2.9741485118866,-1.62246930599213,K,8
OUTPUT,NaN,NaN,NaN,NaN,NaN,NaN

INPUT,0.410375773906708,0.0368788801133633,0.771312773227692,-3.13287019729614,2.96875309944153,-1.59088003635406,K,9
OUTPUT,NaN,NaN,NaN,NaN,NaN,NaN

INPUT,0.360303968191147,0.034958504140377,0.721870899200439,-2.92128801345825,3.11430096626282,-1.96038508415222,K,11
OUTPUT,NaN,NaN,NaN,NaN,NaN,NaN

INPUT,0.365175753831863,0.0350085571408272,0.733124613761902,-2.97668623924255,3.11150455474854,-1.90274286270142,K,12
OUTPUT,NaN,NaN,NaN,NaN,NaN,NaN

INPUT,0.37004753947258,0.0350586138665676,0.744378387928009,-3.03227472305298,3.10880398750305,-1.84528636932373,K,13
OUTPUT,NaN,NaN,NaN,NaN,NaN,NaN

INPUT,0.374919325113297,0.0351086668670177,0.755632102489471,-3.08800554275513,3.10620808601379,-1.7879673242569,K,14
OUTPUT,NaN,NaN,NaN,NaN,NaN,NaN

INPUT,0.379791110754013,0.0351587235927582,0.766885876655579,3.13933992385864,3.10372495651245,-1.73075211048126,K,15
OUTPUT,NaN,NaN,NaN,NaN,NaN,NaN

INPUT,0.384175688028336,0.0352037735283375,0.777014255523682,3.08901047706604,3.10159373283386,-1.67932748794556,K,16
OUTPUT,NaN,NaN,NaN,NaN,NaN,NaN

INPUT,0.387585937976837,0.0352388098835945,0.784891843795776,3.04982590675354,3.10000705718994,-1.63936722278595,K,17
OUTPUT,NaN,NaN,NaN,NaN,NaN,NaN

INPUT,0.390021830797195,0.0352638363838196,0.790518701076508,3.0218186378479,3.09891366958618,-1.61084079742432,K,18
OUTPUT,NaN,NaN,NaN,NaN,NaN,NaN

INPUT,0.39148336648941,0.0352788530290127,0.793894827365875,3.00500798225403,3.09827375411987,-1.59373080730438,K,19
OUTPUT,NaN,NaN,NaN,NaN,NaN,NaN

INPUT,0.391970545053482,0.0352838598191738,0.795020222663879,2.99940323829651,3.09806323051453,-1.58802831172943,K,20
OUTPUT,NaN,NaN,NaN,NaN,NaN,NaN

INPUT,0.368021965026855,0.0342141464352608,0.731292366981506,-2.98215436935425,3.11289167404175,-1.86931419372559,K,5
OUTPUT,NaN,NaN,NaN,NaN,NaN,NaN

INPUT,0.375857561826706,0.0341588892042637,0.746999263763428,-3.07281613349915,3.10902309417725,-1.76370179653168,K,6
OUTPUT,NaN,NaN,NaN,NaN,NaN,NaN

INPUT,0.381951928138733,0.0341159105300903,0.759215712547302,3.13875794410706,3.10622811317444,-1.68264722824097,K,7
OUTPUT,NaN,NaN,NaN,NaN,NaN,NaN

INPUT,0.386305063962936,0.0340852104127407,0.767941772937775,3.08718347549438,3.10435628890991,-1.62517011165619,K,8
OUTPUT,NaN,NaN,NaN,NaN,NaN,NaN

INPUT,0.388916939496994,0.0340667925775051,0.7731773853302,3.05610275268555,3.10328602790833,-1.59081852436066,K,9
OUTPUT,NaN,NaN,NaN,NaN,NaN,NaN

INPUT,0.373489052057266,0.0343713648617268,0.731677770614624,-3.03687071800232,3.08687210083008,-1.88020157814026,K,5
OUTPUT,NaN,NaN,NaN,NaN,NaN,NaN

INPUT,0.382132440805435,0.0343668535351753,0.747287750244141,-3.13250684738159,3.07913684844971,-1.77169728279114,K,6
OUTPUT,NaN,NaN,NaN,NaN,NaN,NaN

INPUT,0.388855069875717,0.0343633405864239,0.759428858757019,3.0753026008606,3.07356429100037,-1.68826472759247,K,7
OUTPUT,NaN,NaN,NaN,NaN,NaN,NaN

INPUT,0.393656969070435,0.034360833466053,0.768101036548615,3.02108263969421,3.06984376907349,-1.62903237342834,K,8
OUTPUT,NaN,NaN,NaN,NaN,NaN,NaN

INPUT,0.396538078784943,0.0343593321740627,0.773304402828217,2.98842859268188,3.06772136688232,-1.59360790252686,K,9
OUTPUT,NaN,NaN,NaN,NaN,NaN,NaN

INPUT,0.362120240926743,0.0352993533015251,0.737319707870483,-3.07677507400513,3.14028072357178,-2.03291606903076,K,5
OUTPUT,NaN,NaN,NaN,NaN,NaN,NaN

INPUT,0.367752224206924,0.0354016609489918,0.750867366790771,3.14089155197144,3.14060091972351,-1.93908357620239,K,6
OUTPUT,NaN,NaN,NaN,NaN,NaN,NaN

INPUT,0.372132688760757,0.0354812331497669,0.761404454708099,3.09849429130554,3.1408543586731,-1.85754108428955,K,7
OUTPUT,NaN,NaN,NaN,NaN,NaN,NaN

INPUT,0.375261574983597,0.0355380736291409,0.768930971622467,3.07917618751526,3.14103674888611,-1.78833091259003,K,8
OUTPUT,NaN,NaN,NaN,NaN,NaN,NaN

INPUT,0.377138882875443,0.0355721786618233,0.77344685792923,3.07738900184631,3.1411464214325,-1.73700106143951,K,9
OUTPUT,NaN,NaN,NaN,NaN,NaN,NaN

INPUT,0.359239429235458,0.0341697037220001,0.724074900150299,-3.08005905151367,3.13808035850525,-2.0590512752533,K,4
OUTPUT,NaN,NaN,NaN,NaN,NaN,NaN

INPUT,0.365278720855713,0.0340869948267937,0.737532079219818,3.11622858047485,3.13810729980469,-1.96198713779449,K,5
OUTPUT,NaN,NaN,NaN,NaN,NaN,NaN

INPUT,0.37131804227829,0.0340042859315872,0.750989258289337,3.02945399284363,3.13816356658936,-1.86479985713959,K,6
OUTPUT,NaN,NaN,NaN,NaN,NaN,NaN

INPUT,0.376015275716782,0.0339399613440037,0.76145601272583,2.96210932731628,3.13822722434998,-1.78906321525574,K,7
OUTPUT,NaN,NaN,NaN,NaN,NaN,NaN

INPUT,0.379370421171188,0.0338940098881721,0.768932223320007,2.91411590576172,3.13828325271606,-1.73485577106476,K,8
OUTPUT,NaN,NaN,NaN,NaN,NaN,NaN

INPUT,0.381383538246155,0.0338664427399635,0.773417949676514,2.88537383079529,3.13832116127014,-1.702277302742,K,9
OUTPUT,NaN,NaN,NaN,NaN,NaN,NaN

INPUT,0.354827702045441,0.0351780131459236,0.732954680919647,0.354407429695129,3.12194848060608,1.30527746677399,K,12
OUTPUT,NaN,NaN,NaN,NaN,NaN,NaN

INPUT,0.358609318733215,0.0352458320558071,0.744192004203796,0.302174687385559,3.11995935440063,1.35312390327454,K,13
OUTPUT,NaN,NaN,NaN,NaN,NaN,NaN

INPUT,0.36239093542099,0.0353136509656906,0.755429327487946,0.250306129455566,3.11802434921265,1.40133655071259,K,14
OUTPUT,NaN,NaN,NaN,NaN,NaN,NaN

INPUT,0.366172552108765,0.0353814698755741,0.766666650772095,0.198710113763809,3.1161482334137,1.44982397556305,K,15
OUTPUT,NaN,NaN,NaN,NaN,NaN,NaN

INPUT,0.369576007127762,0.0354425050318241,0.776780247688293,0.152454197406769,3.11451411247253,1.49364507198334,K,16
OUTPUT,NaN,NaN,NaN,NaN,NaN,NaN

INPUT,0.372223138809204,0.0354899801313877,0.784646332263947,0.116572245955467,3.11328077316284,1.52782452106476,K,17
OUTPUT,NaN,NaN,NaN,NaN,NaN,NaN

INPUT,0.374113947153091,0.0355238877236843,0.790265023708344,0.090985544025898,3.1124210357666,1.55228245258331,K,18
OUTPUT,NaN,NaN,NaN,NaN,NaN,NaN

INPUT,0.375248432159424,0.0355442315340042,0.793636202812195,0.0756490677595139,3.11191391944885,1.56697285175323,K,19
OUTPUT,NaN,NaN,NaN,NaN,NaN,NaN

INPUT,0.375626593828201,0.0355510152876377,0.794759929180145,0.0705392807722092,3.11174631118774,1.5718719959259,K,20
OUTPUT,NaN,NaN,NaN,NaN,NaN,NaN

INPUT,0.368951976299286,0.0351081565022469,0.731425285339355,-3.02140879631042,3.10931730270386,-1.88329756259918,K,5
OUTPUT,NaN,NaN,NaN,NaN,NaN,NaN

INPUT,0.376928508281708,0.0352158099412918,0.747126340866089,-3.11466765403748,3.10492968559265,-1.77581894397736,K,6
OUTPUT,NaN,NaN,NaN,NaN,NaN,NaN

INPUT,0.383132487535477,0.03529953956604,0.759338200092316,3.09493255615234,3.1017689704895,-1.69326436519623,K,7
OUTPUT,NaN,NaN,NaN,NaN,NaN,NaN

INPUT,0.38756388425827,0.0353593453764915,0.768060982227325,3.04196739196777,3.09965848922729,-1.63469505310059,K,8
OUTPUT,NaN,NaN,NaN,NaN,NaN,NaN

INPUT,0.390222728252411,0.0353952310979366,0.773294627666473,3.01005864143372,3.09845399856567,-1.59968101978302,K,9
OUTPUT,NaN,NaN,NaN,NaN,NaN,NaN

INPUT,0.348582357168198,0.0352913215756416,0.732269942760468,0.20234851539135,3.10652494430542,1.14366614818573,K,12
OUTPUT,NaN,NaN,NaN,NaN,NaN,NaN

INPUT,0.351708054542542,0.0353712551295757,0.743432641029358,0.152164578437805,3.10305190086365,1.19257092475891,K,13
OUTPUT,NaN,NaN,NaN,NaN,NaN,NaN

INPUT,0.354833751916885,0.0354511924088001,0.754595279693604,0.102081976830959,3.09967303276062,1.24158334732056,K,14
OUTPUT,NaN,NaN,NaN,NaN,NaN,NaN

INPUT,0.357959449291229,0.0355311259627342,0.765757918357849,0.0520747527480125,3.09639716148376,1.29067802429199,K,15
OUTPUT,NaN,NaN,NaN,NaN,NaN,NaN

INPUT,0.360772579908371,0.0356030650436878,0.775804340839386,0.00711739202961326,3.0935435295105,1.33491885662079,K,16
OUTPUT,NaN,NaN,NaN,NaN,NaN,NaN

INPUT,0.362960547208786,0.0356590189039707,0.783618211746216,-0.027823681011796,3.09138989448547,1.36935806274414,K,17
OUTPUT,NaN,NaN,NaN,NaN,NaN,NaN

INPUT,0.364523410797119,0.0356989875435829,0.789199531078339,-0.0527700930833817,3.08988833427429,1.39397132396698,K,18
OUTPUT,NaN,NaN,NaN,NaN,NaN,NaN

INPUT,0.365461111068726,0.0357229672372341,0.792548298835754,-0.0677337944507599,3.08900260925293,1.40874421596527,K,19
OUTPUT,NaN,NaN,NaN,NaN,NaN,NaN

INPUT,0.365773677825928,0.0357309617102146,0.793664574623108,-0.0727211534976959,3.08870983123779,1.41366934776306,K,20
OUTPUT,NaN,NaN,NaN,NaN,NaN,NaN

INPUT,0.360773116350174,0.0353177785873413,0.736903190612793,0.298650532960892,3.12055516242981,1.35302233695984,K,5
OUTPUT,NaN,NaN,NaN,NaN,NaN,NaN

INPUT,0.366334706544876,0.0354168899357319,0.75053483247757,0.216142475605011,3.11723923683167,1.43141448497772,K,6
OUTPUT,NaN,NaN,NaN,NaN,NaN,NaN

INPUT,0.370660364627838,0.0354939736425877,0.761137187480927,0.152312219142914,3.11476802825928,1.49273300170898,K,7
OUTPUT,NaN,NaN,NaN,NaN,NaN,NaN

INPUT,0.373750150203705,0.0355490334331989,0.768710315227509,0.106848828494549,3.11306667327881,1.53666424751282,K,8
OUTPUT,NaN,NaN,NaN,NaN,NaN,NaN

INPUT,0.375604003667831,0.0355820693075657,0.773254215717316,0.0796121880412102,3.11207294464111,1.56306552886963,K,9
OUTPUT,NaN,NaN,NaN,NaN,NaN,NaN

INPUT,0.35383015871048,0.0353778302669525,0.735671699047089,0.1395193785429,3.10368180274963,1.18330943584442,K,5
OUTPUT,NaN,NaN,NaN,NaN,NaN,NaN

INPUT,0.358509391546249,0.0354773066937923,0.74935919046402,0.0638480931520462,3.09803891181946,1.26695704460144,K,6
OUTPUT,NaN,NaN,NaN,NaN,NaN,NaN

INPUT,0.36214879155159,0.0355546772480011,0.760005056858063,0.00434790132567286,3.09383893013,1.33138465881348,K,7
OUTPUT,NaN,NaN,NaN,NaN,NaN,NaN

INPUT,0.364748358726501,0.0356099382042885,0.767609238624573,-0.0384018011391163,3.09095001220703,1.37716221809387,K,8
OUTPUT,NaN,NaN,NaN,NaN,NaN,NaN

INPUT,0.366308122873306,0.0356430970132351,0.77217173576355,-0.0641322955489159,3.08926367759705,1.40455114841461,K,9
OUTPUT,NaN,NaN,NaN,NaN,NaN,NaN

INPUT,0.354031980037689,0.0351696833968163,0.733169257640839,0.0915904715657234,3.11451506614685,1.02178192138672,K,12
OUTPUT,NaN,NaN,NaN,NaN,NaN,NaN

INPUT,0.357730776071548,0.035236731171608,0.744427442550659,0.0421606115996838,3.11179900169373,1.07026028633118,K,13
OUTPUT,NaN,NaN,NaN,NaN,NaN,NaN

INPUT,0.361429572105408,0.03530378267169,0.75568562746048,-0.00719255721196532,3.10915422439575,1.11881947517395,K,14
OUTPUT,NaN,NaN,NaN,NaN,NaN,NaN

INPUT,0.365128368139267,0.0353708304464817,0.7669438123703,-0.0564886294305325,3.10658717155457,1.16743969917297,K,15
OUTPUT,NaN,NaN,NaN,NaN,NaN,NaN

INPUT,0.368457287549973,0.0354311764240265,0.777076184749603,-0.100817784667015,3.1043484210968,1.21123898029327,K,16
OUTPUT,NaN,NaN,NaN,NaN,NaN,NaN

INPUT,0.371046453714371,0.0354781076312065,0.784956932067871,-0.135276481509209,3.10265707969666,1.24532699584961,K,17
OUTPUT,NaN,NaN,NaN,NaN,NaN,NaN

INPUT,0.372895866632462,0.0355116352438927,0.790586054325104,-0.159881040453911,3.10147666931152,1.26968598365784,K,18
OUTPUT,NaN,NaN,NaN,NaN,NaN,NaN

INPUT,0.374005496501923,0.0355317480862141,0.793963491916656,-0.174640670418739,3.10078001022339,1.28430485725403,K,19
OUTPUT,NaN,NaN,NaN,NaN,NaN,NaN

INPUT,0.374375373125076,0.0355384536087513,0.795089304447174,-0.179560050368309,3.10054969787598,1.28917837142944,K,20
OUTPUT,NaN,NaN,NaN,NaN,NaN,NaN

INPUT,0.358550608158112,0.0333858318626881,0.722207844257355,-2.84780621528625,3.11894035339355,-1.90687000751495,K,11
OUTPUT,NaN,NaN,NaN,NaN,NaN,NaN

INPUT,0.363216280937195,0.033250916749239,0.733500897884369,-2.90153312683105,3.11662554740906,-1.84991085529327,K,12
OUTPUT,NaN,NaN,NaN,NaN,NaN,NaN

INPUT,0.367881953716278,0.0331160053610802,0.744794011116028,-2.95553183555603,3.11438703536987,-1.79322075843811,K,13
OUTPUT,NaN,NaN,NaN,NaN,NaN,NaN

INPUT,0.372547596693039,0.0329810902476311,0.756087124347687,-3.0097336769104,3.11223196983337,-1.73673033714294,K,14
OUTPUT,NaN,NaN,NaN,NaN,NaN,NaN

INPUT,0.377213269472122,0.0328461788594723,0.767380177974701,-3.06409096717834,3.11016654968262,-1.68039190769196,K,15
OUTPUT,NaN,NaN,NaN,NaN,NaN,NaN

INPUT,0.381412357091904,0.0327247567474842,0.777543962001801,-3.11311721801758,3.10838985443115,-1.62978875637054,K,16
OUTPUT,NaN,NaN,NaN,NaN,NaN,NaN

INPUT,0.384678333997726,0.0326303169131279,0.785449147224426,3.13188076019287,3.10706472396851,-1.59048473834991,K,17
OUTPUT,NaN,NaN,NaN,NaN,NaN,NaN

INPUT,0.387011170387268,0.0325628593564034,0.791095674037933,3.10457825660706,3.10614967346191,-1.56243526935577,K,18
OUTPUT,NaN,NaN,NaN,NaN,NaN,NaN

INPUT,0.388410866260529,0.0325223878026009,0.794483602046967,3.08818769454956,3.10561370849609,-1.545614361763,K,19
OUTPUT,NaN,NaN,NaN,NaN,NaN,NaN

INPUT,0.388877421617508,0.0325088948011398,0.795612931251526,3.08272266387939,3.10543727874756,-1.54000866413116,K,20
OUTPUT,NaN,NaN,NaN,NaN,NaN,NaN

INPUT,0.35797780752182,0.0353553108870983,0.732958495616913,0.208665460348129,3.13634943962097,1.21614813804626,K,12
OUTPUT,NaN,NaN,NaN,NaN,NaN,NaN

INPUT,0.362091988325119,0.0354419648647308,0.744194447994232,0.150374814867973,3.13574743270874,1.26388800144196,K,13
OUTPUT,NaN,NaN,NaN,NaN,NaN,NaN

INPUT,0.36620619893074,0.0355286151170731,0.755430400371552,0.0930582657456398,3.13516187667847,1.31260228157043,K,14
OUTPUT,NaN,NaN,NaN,NaN,NaN,NaN

INPUT,0.370320379734039,0.0356152690947056,0.766666352748871,0.0364501588046551,3.13459444046021,1.36202526092529,K,15
OUTPUT,NaN,NaN,NaN,NaN,NaN,NaN

INPUT,0.374023169279099,0.0356932580471039,0.776778757572174,-0.0140391364693642,3.13410019874573,1.40696394443512,K,16
OUTPUT,NaN,NaN,NaN,NaN,NaN,NaN

INPUT,0.376903086900711,0.0357539132237434,0.784643948078156,-0.0530711337924004,3.13372778892517,1.44215393066406,K,17
OUTPUT,NaN,NaN,NaN,NaN,NaN,NaN

INPUT,0.378960192203522,0.0357972420752048,0.790261924266815,-0.0808446332812309,3.13346815109253,1.46739637851715,K,18
OUTPUT,NaN,NaN,NaN,NaN,NaN,NaN

INPUT,0.380194455385208,0.0358232371509075,0.793632686138153,-0.097470834851265,3.13331508636475,1.48257958889008,K,19
OUTPUT,NaN,NaN,NaN,NaN,NaN,NaN

INPUT,0.38060587644577,0.0358319021761417,0.794756293296814,-0.103007063269615,3.13326454162598,1.48764646053314,K,20
OUTPUT,NaN,NaN,NaN,NaN,NaN,NaN

INPUT,0.358860045671463,0.0349633023142815,0.732946813106537,-2.97320747375488,3.13852119445801,-2.01130104064941,K,12
OUTPUT,NaN,NaN,NaN,NaN,NaN,NaN

INPUT,0.363066971302032,0.0350085645914078,0.744181990623474,-3.01610493659973,3.13833475112915,-1.95296514034271,K,13
OUTPUT,NaN,NaN,NaN,NaN,NaN,NaN

INPUT,0.36727386713028,0.0350538268685341,0.755417168140411,-3.05982160568237,3.13815665245056,-1.8954484462738,K,14
OUTPUT,NaN,NaN,NaN,NaN,NaN,NaN

INPUT,0.371480792760849,0.0350990891456604,0.766652345657349,-3.10420322418213,3.13798713684082,-1.8385968208313,K,15
OUTPUT,NaN,NaN,NaN,NaN,NaN,NaN

INPUT,0.375267028808594,0.0351398214697838,0.776764035224915,3.13856863975525,3.13784217834473,-1.78790032863617,K,16
OUTPUT,NaN,NaN,NaN,NaN,NaN,NaN

INPUT,0.378211855888367,0.0351715050637722,0.784628629684448,3.10687518119812,3.13773488998413,-1.74873042106628,K,17
OUTPUT,NaN,NaN,NaN,NaN,NaN,NaN

INPUT,0.380315333604813,0.0351941362023354,0.790246248245239,3.08411407470703,3.13766121864319,-1.72087466716766,K,18
OUTPUT,NaN,NaN,NaN,NaN,NaN,NaN

INPUT,0.381577402353287,0.0352077148854733,0.793616771697998,3.0704128742218,3.13761830329895,-1.70420610904694,K,19
OUTPUT,NaN,NaN,NaN,NaN,NaN,NaN

INPUT,0.381998091936111,0.0352122411131859,0.794740319252014,3.06583857536316,3.1376039981842,-1.69865691661835,K,20
OUTPUT,NaN,NaN,NaN,NaN,NaN,NaN

INPUT,0.358631759881973,0.0347087532281876,0.732531607151031,-2.89694809913635,3.13932919502258,-2.00447058677673,K,12
OUTPUT,NaN,NaN,NaN,NaN,NaN,NaN

INPUT,0.362813264131546,0.0347271822392941,0.743725061416626,-2.92961049079895,3.13922095298767,-1.9432076215744,K,13
OUTPUT,NaN,NaN,NaN,NaN,NaN,NaN

INPUT,0.366994798183441,0.0347456149756908,0.75491851568222,-2.96349453926086,3.13911771774292,-1.88316655158997,K,14
OUTPUT,NaN,NaN,NaN,NaN,NaN,NaN

INPUT,0.371176302433014,0.0347640439867973,0.766111969947815,-2.99840354919434,3.13901948928833,-1.8241503238678,K,15
OUTPUT,NaN,NaN,NaN,NaN,NaN,NaN

INPUT,0.374939680099487,0.0347806289792061,0.776186108589172,-3.03056478500366,3.13893556594849,-1.7717787027359,K,16
OUTPUT,NaN,NaN,NaN,NaN,NaN,NaN

INPUT,0.377866744995117,0.0347935296595097,0.784021496772766,-3.05600047111511,3.13887333869934,-1.73146665096283,K,17
OUTPUT,NaN,NaN,NaN,NaN,NaN,NaN

INPUT,0.379957526922226,0.0348027460277081,0.789618253707886,-3.07437014579773,3.13883066177368,-1.70287358760834,K,18
OUTPUT,NaN,NaN,NaN,NaN,NaN,NaN

INPUT,0.381211966276169,0.034808274358511,0.792976260185242,-3.08546590805054,3.13880586624146,-1.68579196929932,K,19
OUTPUT,NaN,NaN,NaN,NaN,NaN,NaN

INPUT,0.381630122661591,0.0348101183772087,0.794095635414124,-3.08917641639709,3.13879752159119,-1.68010985851288,K,20
OUTPUT,NaN,NaN,NaN,NaN,NaN,NaN

INPUT,0.352806806564331,0.0373112037777901,0.733004033565521,0.146093472838402,3.11728501319885,1.10822415351868,K,12
OUTPUT,NaN,NaN,NaN,NaN,NaN,NaN

INPUT,0.356377124786377,0.0376038178801537,0.744243979454041,0.0947139114141464,3.11485457420349,1.1581118106842,K,13
OUTPUT,NaN,NaN,NaN,NaN,NaN,NaN

INPUT,0.359947443008423,0.0378964319825172,0.75548392534256,0.0434555672109127,3.11249279975891,1.20812404155731,K,14
OUTPUT,NaN,NaN,NaN,NaN,NaN,NaN

INPUT,0.363517761230469,0.0381890498101711,0.766723871231079,-0.00771209364756942,3.11020565032959,1.25823020935059,K,15
OUTPUT,NaN,NaN,NaN,NaN,NaN,NaN

INPUT,0.366731077432632,0.0384524017572403,0.776839852333069,-0.0537035465240479,3.10821557044983,1.30338859558105,K,16
OUTPUT,NaN,NaN,NaN,NaN,NaN,NaN

INPUT,0.369230300188065,0.0386572331190109,0.78470778465271,-0.0894432067871094,3.1067156791687,1.33854508399963,K,17
OUTPUT,NaN,NaN,NaN,NaN,NaN,NaN

INPUT,0.371015459299088,0.0388035401701927,0.790327787399292,-0.114957444369793,3.10567092895508,1.36367213726044,K,18
OUTPUT,NaN,NaN,NaN,NaN,NaN,NaN

INPUT,0.372086554765701,0.0388913229107857,0.793699741363525,-0.130260810256004,3.10505509376526,1.37875390052795,K,19
OUTPUT,NaN,NaN,NaN,NaN,NaN,NaN

INPUT,0.372443586587906,0.0389205850660801,0.7948237657547,-0.135361194610596,3.10485172271729,1.38378202915192,K,20
OUTPUT,NaN,NaN,NaN,NaN,NaN,NaN

INPUT,0.355979293584824,0.0370515659451485,0.73259836435318,0.173431545495987,3.12393498420715,1.24204802513123,K,12
OUTPUT,NaN,NaN,NaN,NaN,NaN,NaN

INPUT,0.359883069992065,0.0373165681958199,0.743796944618225,0.115546002984047,3.12217783927917,1.29663527011871,K,13
OUTPUT,NaN,NaN,NaN,NaN,NaN,NaN

INPUT,0.36378687620163,0.0375815741717815,0.754995584487915,0.0579293482005596,3.1204822063446,1.35149300098419,K,14
OUTPUT,NaN,NaN,NaN,NaN,NaN,NaN

INPUT,0.367690652608871,0.0378465764224529,0.766194224357605,0.000513431034050882,3.1188530921936,1.4065535068512,K,15
OUTPUT,NaN,NaN,NaN,NaN,NaN,NaN

INPUT,0.371204078197479,0.0380850769579411,0.77627295255661,-0.0510289594531059,3.11744832992554,1.45624196529388,K,16
OUTPUT,NaN,NaN,NaN,NaN,NaN,NaN

INPUT,0.373936742544174,0.0382705815136433,0.78411203622818,-0.0910477265715599,3.11639809608459,1.49495923519135,K,17
OUTPUT,NaN,NaN,NaN,NaN,NaN,NaN

INPUT,0.375888615846634,0.038403082638979,0.78971129655838,-0.119601063430309,3.11567187309265,1.52264654636383,K,18
OUTPUT,NaN,NaN,NaN,NaN,NaN,NaN

INPUT,0.377059757709503,0.0384825803339481,0.793070912361145,-0.136721879243851,3.11524605751038,1.53927028179169,K,19
OUTPUT,NaN,NaN,NaN,NaN,NaN,NaN

INPUT,0.37745013833046,0.0385090820491314,0.794190764427185,-0.1424271017313,3.11510562896729,1.54481339454651,K,20
OUTPUT,NaN,NaN,NaN,NaN,NaN,NaN

INPUT,0.363345086574554,0.032653734087944,0.732572674751282,-3.01442718505859,3.11352872848511,-1.99917876720428,K,12
OUTPUT,NaN,NaN,NaN,NaN,NaN,NaN

INPUT,0.368024051189423,0.032455924898386,0.743768513202667,-3.06708788871765,3.11098265647888,-1.94497621059418,K,13
OUTPUT,NaN,NaN,NaN,NaN,NaN,NaN

INPUT,0.372703015804291,0.032258115708828,0.754964351654053,-3.11986708641052,3.10852384567261,-1.89088821411133,K,14
OUTPUT,NaN,NaN,NaN,NaN,NaN,NaN

INPUT,0.377381980419159,0.0320603102445602,0.766160130500793,3.1104474067688,3.10615944862366,-1.83688700199127,K,15
OUTPUT,NaN,NaN,NaN,NaN,NaN,NaN

INPUT,0.38159304857254,0.031882282346487,0.776236414909363,3.0628023147583,3.10411763191223,-1.78834402561188,K,16
OUTPUT,NaN,NaN,NaN,NaN,NaN,NaN

INPUT,0.384868323802948,0.0317438170313835,0.78407347202301,3.02571177482605,3.10258936882019,-1.75061881542206,K,17
OUTPUT,NaN,NaN,NaN,NaN,NaN,NaN

INPUT,0.387207806110382,0.0316449105739594,0.789671361446381,2.99920320510864,3.10153079032898,-1.72368633747101,K,18
OUTPUT,NaN,NaN,NaN,NaN,NaN,NaN

INPUT,0.388611495494843,0.0315855704247952,0.793030142784119,2.98329281806946,3.10090947151184,-1.70753180980682,K,19
OUTPUT,NaN,NaN,NaN,NaN,NaN,NaN

INPUT,0.389079391956329,0.0315657891333103,0.794149696826935,2.97798848152161,3.10070466995239,-1.70214772224426,K,20
OUTPUT,NaN,NaN,NaN,NaN,NaN,NaN

INPUT,0.366913020610809,0.0332068428397179,0.731746196746826,-2.94601106643677,3.11467123031616,-1.8315726518631,K,5
OUTPUT,NaN,NaN,NaN,NaN,NaN,NaN

INPUT,0.374560385942459,0.0329708941280842,0.747542917728424,-3.036288022995,3.11107921600342,-1.72529315948486,K,6
OUTPUT,NaN,NaN,NaN,NaN,NaN,NaN

INPUT,0.380508363246918,0.0327873788774014,0.75982928276062,-3.10766649246216,3.10848617553711,-1.6437873840332,K,7
OUTPUT,NaN,NaN,NaN,NaN,NaN,NaN

INPUT,0.38475689291954,0.0326562970876694,0.76860523223877,3.12408471107483,3.10675120353699,-1.58601462841034,K,8
OUTPUT,NaN,NaN,NaN,NaN,NaN,NaN

INPUT,0.387306034564972,0.0325776450335979,0.773870825767517,3.09307909011841,3.10575938224792,-1.55149435997009,K,9
OUTPUT,NaN,NaN,NaN,NaN,NaN,NaN

INPUT,0.359953999519348,0.0351994559168816,0.737059772014618,0.0256702546030283,3.1124746799469,1.05702900886536,K,5
OUTPUT,NaN,NaN,NaN,NaN,NaN,NaN

INPUT,0.365436375141144,0.0352687314152718,0.750756442546844,-0.0470932461321354,3.10799121856689,1.14171171188354,K,6
OUTPUT,NaN,NaN,NaN,NaN,NaN,NaN

INPUT,0.36970043182373,0.0353226140141487,0.76140946149826,-0.10467167943716,3.10464596748352,1.20659935474396,K,7
OUTPUT,NaN,NaN,NaN,NaN,NaN,NaN

INPUT,0.372746199369431,0.0353611037135124,0.769018709659576,-0.146176517009735,3.10234045982361,1.2525749206543,K,8
OUTPUT,NaN,NaN,NaN,NaN,NaN,NaN

INPUT,0.374573647975922,0.0353841967880726,0.773584306240082,-0.171200826764107,3.10099267959595,1.2800407409668,K,9
OUTPUT,NaN,NaN,NaN,NaN,NaN,NaN

INPUT,0.358280181884766,0.0353454910218716,0.723743498325348,0.23812872171402,3.13767123222351,1.18462121486664,K,4
OUTPUT,NaN,NaN,NaN,NaN,NaN,NaN

INPUT,0.364233791828156,0.0354697145521641,0.737247049808502,0.144578218460083,3.13644599914551,1.26158308982849,K,5
OUTPUT,NaN,NaN,NaN,NaN,NaN,NaN

INPUT,0.370187371969223,0.0355939380824566,0.750750601291656,0.0541870854794979,3.13525795936584,1.34170496463776,K,6
OUTPUT,NaN,NaN,NaN,NaN,NaN,NaN

INPUT,0.374817937612534,0.0356905534863472,0.761253416538239,-0.0149687845259905,3.13436508178711,1.40517067909241,K,7
OUTPUT,NaN,NaN,NaN,NaN,NaN,NaN

INPUT,0.37812551856041,0.0357595682144165,0.768755376338959,-0.0639751926064491,3.13374662399292,1.45089411735535,K,8
OUTPUT,NaN,NaN,NaN,NaN,NaN,NaN

INPUT,0.380110025405884,0.0358009748160839,0.773256599903107,-0.0932616516947746,3.13338398933411,1.47844588756561,K,9
OUTPUT,NaN,NaN,NaN,NaN,NaN,NaN

INPUT,0.358415216207504,0.0349451377987862,0.733221352100372,-2.90622329711914,3.14135122299194,-2.06197738647461,K,12
OUTPUT,NaN,NaN,NaN,NaN,NaN,NaN

INPUT,0.362601608037949,0.0349838025867939,0.744468748569489,-2.95106744766235,3.14139699935913,-2.01795601844788,K,13
OUTPUT,NaN,NaN,NaN,NaN,NaN,NaN

INPUT,0.366787999868393,0.0350224673748016,0.75571608543396,-2.99616503715515,3.14144325256348,-1.97418785095215,K,14
OUTPUT,NaN,NaN,NaN,NaN,NaN,NaN

INPUT,0.370974391698837,0.0350611321628094,0.766963422298431,-3.04186105728149,3.1414897441864,-1.93101835250854,K,15
OUTPUT,NaN,NaN,NaN,NaN,NaN,NaN

INPUT,0.374742180109024,0.0350959300994873,0.777086079120636,-3.08463931083679,3.14153170585632,-1.89381766319275,K,16
OUTPUT,NaN,NaN,NaN,NaN,NaN,NaN

INPUT,0.377672642469406,0.0351229980587959,0.784959256649017,-3.12366795539856,3.14156436920166,-1.87064039707184,K,17
OUTPUT,NaN,NaN,NaN,NaN,NaN,NaN

INPUT,0.379765838384628,0.0351423285901546,0.790582895278931,3.06505560874939,3.14158797264099,-1.92066943645477,K,18
OUTPUT,NaN,NaN,NaN,NaN,NaN,NaN

INPUT,0.381021767854691,0.0351539291441441,0.793957114219666,0.0417633578181267,3.14158344268799,1.36588323116302,K,19
OUTPUT,NaN,NaN,NaN,NaN,NaN,NaN

INPUT,0.381440401077271,0.0351577959954739,0.795081853866577,0.0223615951836109,3.14157867431641,1.35536813735962,K,20
OUTPUT,NaN,NaN,NaN,NaN,NaN,NaN

INPUT,0.359150916337967,0.0349784307181835,0.723953783512115,-2.9652636051178,3.13767004013062,-2.06162977218628,K,4
OUTPUT,NaN,NaN,NaN,NaN,NaN,NaN

INPUT,0.365177631378174,0.0350419208407402,0.737397313117981,-3.0317325592041,3.13761711120605,-1.9652898311615,K,5
OUTPUT,NaN,NaN,NaN,NaN,NaN,NaN

INPUT,0.371204376220703,0.0351054109632969,0.750840842723846,-3.09850168228149,3.13758945465088,-1.86924993991852,K,6
OUTPUT,NaN,NaN,NaN,NaN,NaN,NaN

INPUT,0.375891834497452,0.035154789686203,0.761296927928925,3.13266849517822,3.13758587837219,-1.79463589191437,K,7
OUTPUT,NaN,NaN,NaN,NaN,NaN,NaN

INPUT,0.37924000620842,0.0351900607347488,0.768765568733215,3.09552383422852,3.13759279251099,-1.74133098125458,K,8
OUTPUT,NaN,NaN,NaN,NaN,NaN,NaN

INPUT,0.38124892115593,0.0352112241089344,0.773246705532074,3.07325625419617,3.1376006603241,-1.7093288898468,K,9
OUTPUT,NaN,NaN,NaN,NaN,NaN,NaN

INPUT,0.358861267566681,0.034735444933176,0.723419964313507,-2.90916609764099,3.13844013214111,-2.0707471370697,K,4
OUTPUT,NaN,NaN,NaN,NaN,NaN,NaN

INPUT,0.36487352848053,0.0347544364631176,0.736834168434143,-2.95910668373108,3.13851380348206,-1.96963381767273,K,5
OUTPUT,NaN,NaN,NaN,NaN,NaN,NaN

INPUT,0.370885819196701,0.0347734279930592,0.750248312950134,-3.00765180587769,3.13860321044922,-1.86712515354156,K,6
OUTPUT,NaN,NaN,NaN,NaN,NaN,NaN

INPUT,0.37556204199791,0.0347881987690926,0.760681569576263,-3.04418396949768,3.13868284225464,-1.78617107868195,K,7
OUTPUT,NaN,NaN,NaN,NaN,NaN,NaN

INPUT,0.378902167081833,0.0347987487912178,0.768133878707886,-3.06948471069336,3.13874483108521,-1.72755300998688,K,8
OUTPUT,NaN,NaN,NaN,NaN,NaN,NaN

INPUT,0.380906283855438,0.0348050817847252,0.772605240345001,-3.0843026638031,3.13878417015076,-1.69201970100403,K,9
OUTPUT,NaN,NaN,NaN,NaN,NaN,NaN

INPUT,0.358528435230255,0.0375989340245724,0.736820220947266,0.0796395912766457,3.11552739143372,1.14642560482025,K,5
OUTPUT,NaN,NaN,NaN,NaN,NaN,NaN

INPUT,0.363799929618835,0.0380390360951424,0.750506341457367,0.00316937593743205,3.11150169372559,1.23279535770416,K,6
OUTPUT,NaN,NaN,NaN,NaN,NaN,NaN

INPUT,0.367899984121323,0.0383813418447971,0.761151134967804,-0.0571262910962105,3.10850644111633,1.29915952682495,K,7
OUTPUT,NaN,NaN,NaN,NaN,NaN,NaN

INPUT,0.370828628540039,0.0386258438229561,0.768754541873932,-0.100507564842701,3.10644745826721,1.34625339508057,K,8
OUTPUT,NaN,NaN,NaN,NaN,NaN,NaN

INPUT,0.372585773468018,0.0387725420296192,0.773316562175751,-0.126636669039726,3.1052463054657,1.37441074848175,K,9
OUTPUT,NaN,NaN,NaN,NaN,NaN,NaN

INPUT,0.362037599086761,0.0373235195875168,0.736556768417358,0.100621372461319,3.12287163734436,1.2854460477829,K,5
OUTPUT,NaN,NaN,NaN,NaN,NaN,NaN

INPUT,0.367774844169617,0.0377232544124126,0.75010746717453,0.013810864649713,3.11991333961487,1.37950026988983,K,6
OUTPUT,NaN,NaN,NaN,NaN,NaN,NaN

INPUT,0.372237175703049,0.0380341596901417,0.760646939277649,-0.0543157458305359,3.11773347854614,1.45204997062683,K,7
OUTPUT,NaN,NaN,NaN,NaN,NaN,NaN

INPUT,0.375424563884735,0.0382562354207039,0.76817512512207,-0.103206604719162,3.11624813079834,1.50364422798157,K,8
OUTPUT,NaN,NaN,NaN,NaN,NaN,NaN

INPUT,0.377336978912354,0.038389477878809,0.772692084312439,-0.132613986730576,3.1153872013092,1.53452908992767,K,9
OUTPUT,NaN,NaN,NaN,NaN,NaN,NaN

INPUT,0.364016056060791,0.0328345261514187,0.725152730941772,-3.00071287155151,3.11399722099304,-2.04712128639221,K,4
OUTPUT,NaN,NaN,NaN,NaN,NaN,NaN

INPUT,0.37043696641922,0.0325339287519455,0.738126933574677,-3.07958340644836,3.11013579368591,-1.95409071445465,K,5
OUTPUT,NaN,NaN,NaN,NaN,NaN,NaN

INPUT,0.376857846975327,0.0322333350777626,0.751101136207581,3.12321496009827,3.10650539398193,-1.86256670951843,K,6
OUTPUT,NaN,NaN,NaN,NaN,NaN,NaN

INPUT,0.381851881742477,0.0319995395839214,0.761192202568054,3.05996942520142,3.10385870933533,-1.79209649562836,K,7
OUTPUT,NaN,NaN,NaN,NaN,NaN,NaN

INPUT,0.385419070720673,0.031832542270422,0.768400073051453,3.01450347900391,3.10207056999207,-1.7420471906662,K,8
OUTPUT,NaN,NaN,NaN,NaN,NaN,NaN

INPUT,0.387559354305267,0.0317323468625546,0.772724807262421,2.98712801933289,3.10104060173035,-1.71211206912994,K,9
OUTPUT,NaN,NaN,NaN,NaN,NaN,NaN

INPUT,0.358726620674133,0.0349641479551792,0.724187910556793,-2.94512414932251,3.14035820960999,-2.15200448036194,K,4
OUTPUT,NaN,NaN,NaN,NaN,NaN,NaN

INPUT,0.364739179611206,0.0350154116749763,0.737659811973572,-3.01697373390198,3.14068365097046,-2.0809428691864,K,5
OUTPUT,NaN,NaN,NaN,NaN,NaN,NaN

INPUT,0.370751708745956,0.0350666716694832,0.751131772994995,-3.08926939964294,3.14101362228394,-2.01032710075378,K,6
OUTPUT,NaN,NaN,NaN,NaN,NaN,NaN

INPUT,0.375428140163422,0.0351065434515476,0.76160991191864,3.13648414611816,3.14127254486084,-1.95660591125488,K,7
OUTPUT,NaN,NaN,NaN,NaN,NaN,NaN

INPUT,0.378768414258957,0.0351350195705891,0.769094347953796,3.09108734130859,3.14145803451538,-1.92260766029358,K,8
OUTPUT,NaN,NaN,NaN,NaN,NaN,NaN

INPUT,0.380772620439529,0.0351521074771881,0.773585021495819,3.02019286155701,3.14156937599182,-1.94586479663849,K,9
OUTPUT,NaN,NaN,NaN,NaN,NaN,NaN

INPUT,0.361135423183441,0.0358809009194374,0.733251214027405,-2.80145645141602,3.12214708328247,-1.90797936916351,K,12
OUTPUT,NaN,NaN,NaN,NaN,NaN,NaN

INPUT,0.365581870079041,0.0360226407647133,0.744518876075745,-2.84656023979187,3.12036418914795,-1.85904633998871,K,13
OUTPUT,NaN,NaN,NaN,NaN,NaN,NaN

INPUT,0.370028346776962,0.0361643768846989,0.755786538124084,-2.89195823669434,3.11862826347351,-1.81040596961975,K,14
OUTPUT,NaN,NaN,NaN,NaN,NaN,NaN

INPUT,0.374474793672562,0.0363061167299747,0.767054200172424,-2.93758225440979,3.11694288253784,-1.76198959350586,K,15
OUTPUT,NaN,NaN,NaN,NaN,NaN,NaN

INPUT,0.378476619720459,0.036433681845665,0.77719509601593,-2.97879648208618,3.11547255516052,-1.71856594085693,K,16
OUTPUT,NaN,NaN,NaN,NaN,NaN,NaN

INPUT,0.381589114665985,0.0365329012274742,0.785082459449768,-3.0109338760376,3.11436104774475,-1.6848726272583,K,17
OUTPUT,NaN,NaN,NaN,NaN,NaN,NaN

INPUT,0.383812367916107,0.0366037711501122,0.790716290473938,-3.03392696380615,3.11358523368835,-1.6608430147171,K,18
OUTPUT,NaN,NaN,NaN,NaN,NaN,NaN

INPUT,0.385146290063858,0.0366462916135788,0.79409658908844,-3.04773640632629,3.1131272315979,-1.6464387178421,K,19
OUTPUT,NaN,NaN,NaN,NaN,NaN,NaN

INPUT,0.385590940713882,0.0366604663431644,0.795223355293274,-3.05234146118164,3.11297559738159,-1.64163935184479,K,20
OUTPUT,NaN,NaN,NaN,NaN,NaN,NaN

INPUT,0.356869250535965,0.0357500985264778,0.73292338848114,0.174209520220757,3.13804721832275,1.22989666461945,K,12
OUTPUT,NaN,NaN,NaN,NaN,NaN,NaN

INPUT,0.360867351293564,0.0358782708644867,0.744154870510101,0.111585818231106,3.13761138916016,1.27837729454041,K,13
OUTPUT,NaN,NaN,NaN,NaN,NaN,NaN

INPUT,0.36486542224884,0.0360064394772053,0.755386412143707,0.0503416247665882,3.13718795776367,1.32823765277863,K,14
OUTPUT,NaN,NaN,NaN,NaN,NaN,NaN

INPUT,0.368863493204117,0.0361346080899239,0.766617894172668,-0.00991697888821363,3.13677763938904,1.37908399105072,K,15
OUTPUT,NaN,NaN,NaN,NaN,NaN,NaN

INPUT,0.372461795806885,0.0362499617040157,0.776726245880127,-0.0635221228003502,3.13642120361328,1.42547309398651,K,16
OUTPUT,NaN,NaN,NaN,NaN,NaN,NaN

INPUT,0.375260442495346,0.0363396815955639,0.78458833694458,-0.104893162846565,3.13615274429321,1.46187555789948,K,17
OUTPUT,NaN,NaN,NaN,NaN,NaN,NaN

INPUT,0.377259492874146,0.0364037677645683,0.790204107761383,-0.134300455451012,3.13596606254578,1.48802077770233,K,18
OUTPUT,NaN,NaN,NaN,NaN,NaN,NaN

INPUT,0.378458917140961,0.0364422164857388,0.793573498725891,-0.151894211769104,3.13585591316223,1.50375843048096,K,19
OUTPUT,NaN,NaN,NaN,NaN,NaN,NaN

INPUT,0.378858715295792,0.0364550352096558,0.794696688652039,-0.157751008868217,3.13581967353821,1.50901210308075,K,20
OUTPUT,NaN,NaN,NaN,NaN,NaN,NaN

INPUT,0.355173796415329,0.0358843393623829,0.732429146766663,0.255546569824219,3.13092756271362,1.24429452419281,K,12
OUTPUT,NaN,NaN,NaN,NaN,NaN,NaN

INPUT,0.358993500471115,0.0360265597701073,0.743608832359314,0.200686126947403,3.12981081008911,1.29349482059479,K,13
OUTPUT,NaN,NaN,NaN,NaN,NaN,NaN

INPUT,0.362813204526901,0.0361687764525414,0.754788458347321,0.146309614181519,3.1287260055542,1.3431795835495,K,14
OUTPUT,NaN,NaN,NaN,NaN,NaN,NaN

INPUT,0.366632908582687,0.0363109968602657,0.765968084335327,0.092292532324791,3.12767601013184,1.39322471618652,K,15
OUTPUT,NaN,NaN,NaN,NaN,NaN,NaN

INPUT,0.370070666074753,0.0364389941096306,0.776029765605927,0.043913546949625,3.12676286697388,1.43850195407867,K,16
OUTPUT,NaN,NaN,NaN,NaN,NaN,NaN

INPUT,0.372744470834732,0.0365385487675667,0.783855497837067,0.00640930840745568,3.12607526779175,1.47384214401245,K,17
OUTPUT,NaN,NaN,NaN,NaN,NaN,NaN

INPUT,0.374654322862625,0.0366096571087837,0.789445340633392,-0.020323246717453,3.12559652328491,1.49914145469666,K,18
OUTPUT,NaN,NaN,NaN,NaN,NaN,NaN

INPUT,0.375800222158432,0.036652322858572,0.792799234390259,-0.0363427102565765,3.12531447410583,1.51434111595154,K,19
OUTPUT,NaN,NaN,NaN,NaN,NaN,NaN

INPUT,0.376182198524475,0.0366665460169315,0.793917179107666,-0.041679423302412,3.12522125244141,1.51941096782684,K,20
OUTPUT,NaN,NaN,NaN,NaN,NaN,NaN

INPUT,0.359994381666183,0.0355738662183285,0.721732020378113,-2.85736155509949,3.1053307056427,-2.00975203514099,K,11
OUTPUT,NaN,NaN,NaN,NaN,NaN,NaN

INPUT,0.364830315113068,0.0356964580714703,0.732968211174011,-2.90643930435181,3.10148286819458,-1.95910930633545,K,12
OUTPUT,NaN,NaN,NaN,NaN,NaN,NaN

INPUT,0.369666278362274,0.035819049924612,0.74420440196991,-2.95565581321716,3.09773468971252,-1.90859830379486,K,13
OUTPUT,NaN,NaN,NaN,NaN,NaN,NaN

INPUT,0.374502211809158,0.0359416417777538,0.755440592765808,-3.0049774646759,3.0940957069397,-1.85818386077881,K,14
OUTPUT,NaN,NaN,NaN,NaN,NaN,NaN

INPUT,0.379338145256042,0.0360642299056053,0.766676783561707,-3.05437970161438,3.09057450294495,-1.80784177780151,K,15
OUTPUT,NaN,NaN,NaN,NaN,NaN,NaN

INPUT,0.383690506219864,0.0361745655536652,0.776789367198944,-3.09889698028564,3.08751368522644,-1.76258158683777,K,16
OUTPUT,NaN,NaN,NaN,NaN,NaN,NaN

INPUT,0.387075662612915,0.0362603776156902,0.784654676914215,-3.13355159759521,3.08520817756653,-1.72740423679352,K,17
OUTPUT,NaN,NaN,NaN,NaN,NaN,NaN

INPUT,0.389493644237518,0.0363216735422611,0.790272772312164,3.1248664855957,3.08360314369202,-1.7022887468338,K,18
OUTPUT,NaN,NaN,NaN,NaN,NaN,NaN

INPUT,0.390944421291351,0.0363584496080875,0.793643653392792,3.11000108718872,3.08265733718872,-1.68722343444824,K,19
OUTPUT,NaN,NaN,NaN,NaN,NaN,NaN

INPUT,0.391428023576736,0.0363707095384598,0.794767260551453,3.10504531860352,3.0823450088501,-1.68220221996307,K,20
OUTPUT,NaN,NaN,NaN,NaN,NaN,NaN

INPUT,0.356952011585236,0.0372494906187057,0.732445955276489,0.119238272309303,3.12308359146118,1.12786793708801,K,12
OUTPUT,NaN,NaN,NaN,NaN,NaN,NaN

INPUT,0.360958814620972,0.0375355258584023,0.74362713098526,0.0651920512318611,3.12122559547424,1.17997944355011,K,13
OUTPUT,NaN,NaN,NaN,NaN,NaN,NaN

INPUT,0.364965587854385,0.0378215573728085,0.754808306694031,0.0113044697791338,3.11942505836487,1.23225140571594,K,14
OUTPUT,NaN,NaN,NaN,NaN,NaN,NaN

INPUT,0.368972390890121,0.038107592612505,0.765989482402802,-0.0424645580351353,3.11768674850464,1.28464424610138,K,15
OUTPUT,NaN,NaN,NaN,NaN,NaN,NaN

INPUT,0.372578501701355,0.0383650250732899,0.776052534580231,-0.090778686106205,3.11617970466614,1.33187770843506,K,16
OUTPUT,NaN,NaN,NaN,NaN,NaN,NaN

INPUT,0.375383257865906,0.0385652482509613,0.783879399299622,-0.128315150737762,3.11504745483398,1.36865723133087,K,17
OUTPUT,NaN,NaN,NaN,NaN,NaN,NaN

INPUT,0.377386659383774,0.0387082658708096,0.789469957351685,-0.155108287930489,3.11426115036011,1.39494752883911,K,18
OUTPUT,NaN,NaN,NaN,NaN,NaN,NaN

INPUT,0.378588676452637,0.0387940779328346,0.792824327945709,-0.171177566051483,3.11379837989807,1.41072857379913,K,19
OUTPUT,NaN,NaN,NaN,NaN,NaN,NaN

INPUT,0.378989368677139,0.0388226807117462,0.793942451477051,-0.176532939076424,3.11364579200745,1.41598999500275,K,20
OUTPUT,NaN,NaN,NaN,NaN,NaN,NaN

INPUT,0.368432074785233,0.0357814878225327,0.731286525726318,-2.94466805458069,3.09866166114807,-1.94081723690033,K,5
OUTPUT,NaN,NaN,NaN,NaN,NaN,NaN

INPUT,0.376284569501877,0.0360091850161552,0.7469522356987,-3.02772927284241,3.09243559837341,-1.84675061702728,K,6
OUTPUT,NaN,NaN,NaN,NaN,NaN,NaN

INPUT,0.382392048835754,0.0361862853169441,0.759136617183685,-3.09320020675659,3.08785629272461,-1.77443766593933,K,7
OUTPUT,NaN,NaN,NaN,NaN,NaN,NaN

INPUT,0.386754542589188,0.0363127812743187,0.767839789390564,-3.14030003547668,3.08473968505859,-1.72311007976532,K,8
OUTPUT,NaN,NaN,NaN,NaN,NaN,NaN

INPUT,0.389372050762177,0.0363886840641499,0.773061692714691,3.11451721191406,3.08293533325195,-1.69241786003113,K,9
OUTPUT,NaN,NaN,NaN,NaN,NaN,NaN

INPUT,0.36162057518959,0.0357888080179691,0.725107133388519,-2.79089307785034,3.1220874786377,-1.95176005363464,K,4
OUTPUT,NaN,NaN,NaN,NaN,NaN,NaN

INPUT,0.367814779281616,0.0360060408711433,0.738375306129456,-2.85809254646301,3.11948990821838,-1.86766803264618,K,5
OUTPUT,NaN,NaN,NaN,NaN,NaN,NaN

INPUT,0.374009013175964,0.0362232699990273,0.751643538475037,-2.92703676223755,3.1170175075531,-1.78531634807587,K,6
OUTPUT,NaN,NaN,NaN,NaN,NaN,NaN

INPUT,0.37882673740387,0.0363922268152237,0.761963248252869,-2.9815092086792,3.11519026756287,-1.72211074829102,K,7
OUTPUT,NaN,NaN,NaN,NaN,NaN,NaN

INPUT,0.382267981767654,0.0365129113197327,0.769334495067596,-3.02076506614685,3.11394047737122,-1.67730939388275,K,8
OUTPUT,NaN,NaN,NaN,NaN,NaN,NaN

INPUT,0.384332716464996,0.0365853235125542,0.773757219314575,-3.04443454742432,3.11321401596069,-1.65054392814636,K,9
OUTPUT,NaN,NaN,NaN,NaN,NaN,NaN

INPUT,0.362939119338989,0.0359046645462513,0.737133383750916,0.100570395588875,3.13831329345703,1.27100610733032,K,5
OUTPUT,NaN,NaN,NaN,NaN,NaN,NaN

INPUT,0.368711203336716,0.0360962674021721,0.750656306743622,0.00617034360766411,3.13738417625427,1.35528349876404,K,6
OUTPUT,NaN,NaN,NaN,NaN,NaN,NaN

INPUT,0.373200625181198,0.0362452939152718,0.761174082756042,-0.0659468322992325,3.13668417930603,1.42213797569275,K,7
OUTPUT,NaN,NaN,NaN,NaN,NaN,NaN

INPUT,0.376407355070114,0.03635174036026,0.768686830997467,-0.117046661674976,3.13619875907898,1.47030377388,K,8
OUTPUT,NaN,NaN,NaN,NaN,NaN,NaN

INPUT,0.378331393003464,0.0364156067371368,0.773194491863251,-0.147587403655052,3.13591361045837,1.49932241439819,K,9
OUTPUT,NaN,NaN,NaN,NaN,NaN,NaN

INPUT,0.361032843589783,0.0360603332519531,0.7363440990448,0.194146871566772,3.13047337532043,1.29041981697083,K,5
OUTPUT,NaN,NaN,NaN,NaN,NaN,NaN

INPUT,0.366604387760162,0.0362736582756042,0.749871373176575,0.108930326998234,3.12849807739258,1.37253570556641,K,6
OUTPUT,NaN,NaN,NaN,NaN,NaN,NaN

INPUT,0.370937794446945,0.0364395789802074,0.760392606258392,0.0429352149367332,3.12702441215515,1.43668937683105,K,7
OUTPUT,NaN,NaN,NaN,NaN,NaN,NaN

INPUT,0.374033093452454,0.0365580916404724,0.767907738685608,-0.00409981003031135,3.12600922584534,1.48261857032776,K,8
OUTPUT,NaN,NaN,NaN,NaN,NaN,NaN

INPUT,0.375890284776688,0.0366291999816895,0.772416830062866,-0.032288134098053,3.12541627883911,1.51020932197571,K,9
OUTPUT,NaN,NaN,NaN,NaN,NaN,NaN

INPUT,0.354314118623734,0.0368443354964256,0.733029842376709,0.169616490602493,3.11526274681091,1.20567297935486,K,12
OUTPUT,NaN,NaN,NaN,NaN,NaN,NaN

INPUT,0.358042657375336,0.0370876863598824,0.74427342414856,0.114101588726044,3.11267757415771,1.25921070575714,K,13
OUTPUT,NaN,NaN,NaN,NaN,NaN,NaN

INPUT,0.36177122592926,0.0373310334980488,0.755517065525055,0.0587449483573437,3.11017847061157,1.31291031837463,K,14
OUTPUT,NaN,NaN,NaN,NaN,NaN,NaN

INPUT,0.365499764680862,0.0375743806362152,0.766760647296906,0.00350618548691273,3.10777258872986,1.36673223972321,K,15
OUTPUT,NaN,NaN,NaN,NaN,NaN,NaN

INPUT,0.368855476379395,0.0377933941781521,0.776879906654358,-0.0461309924721718,3.10569310188293,1.41525340080261,K,16
OUTPUT,NaN,NaN,NaN,NaN,NaN,NaN

INPUT,0.371465474367142,0.0379637368023396,0.784750401973724,-0.0846966877579689,3.10413527488708,1.45303535461426,K,17
OUTPUT,NaN,NaN,NaN,NaN,NaN,NaN

INPUT,0.373329728841782,0.0380854122340679,0.790372252464294,-0.112225316464901,3.10305571556091,1.48004233837128,K,18
OUTPUT,NaN,NaN,NaN,NaN,NaN,NaN

INPUT,0.374448299407959,0.0381584167480469,0.793745279312134,-0.128735765814781,3.10242176055908,1.49625360965729,K,19
OUTPUT,NaN,NaN,NaN,NaN,NaN,NaN

INPUT,0.374821156263351,0.0381827503442764,0.794869661331177,-0.134238332509995,3.10221266746521,1.50165843963623,K,20
OUTPUT,NaN,NaN,NaN,NaN,NaN,NaN

INPUT,0.363147497177124,0.0375286638736725,0.736424446105957,0.0479970201849937,3.12191987037659,1.16630017757416,K,5
OUTPUT,NaN,NaN,NaN,NaN,NaN,NaN

INPUT,0.369048625230789,0.0379591770470142,0.74993371963501,-0.0317643322050571,3.11878895759583,1.25725269317627,K,6
OUTPUT,NaN,NaN,NaN,NaN,NaN,NaN

INPUT,0.373638421297073,0.0382940210402012,0.760440945625305,-0.0947457179427147,3.11646723747253,1.32705271244049,K,7
OUTPUT,NaN,NaN,NaN,NaN,NaN,NaN

INPUT,0.376916825771332,0.0385331958532333,0.767946124076843,-0.140089482069016,3.11487579345703,1.37655520439148,K,8
OUTPUT,NaN,NaN,NaN,NaN,NaN,NaN

INPUT,0.378883868455887,0.0386766977608204,0.772449254989624,-0.16740956902504,3.11394953727722,1.40614366531372,K,9
OUTPUT,NaN,NaN,NaN,NaN,NaN,NaN

INPUT,0.357024401426315,0.0353008583188057,0.732762336730957,0.296644568443298,3.13956737518311,1.19615542888641,K,12
OUTPUT,NaN,NaN,NaN,NaN,NaN,NaN

INPUT,0.361037969589233,0.0353817082941532,0.743978142738342,0.234216213226318,3.13926672935486,1.22839200496674,K,13
OUTPUT,NaN,NaN,NaN,NaN,NaN,NaN

INPUT,0.365051507949829,0.0354625545442104,0.755193889141083,0.175222456455231,3.13897109031677,1.2640632390976,K,14
OUTPUT,NaN,NaN,NaN,NaN,NaN,NaN

INPUT,0.369065076112747,0.035543404519558,0.766409635543823,0.118575781583786,3.13868069648743,1.30208158493042,K,15
OUTPUT,NaN,NaN,NaN,NaN,NaN,NaN

INPUT,0.37267729640007,0.0356161706149578,0.77650386095047,0.0690384283661842,3.13842487335205,1.33774292469025,K,16
OUTPUT,NaN,NaN,NaN,NaN,NaN,NaN

INPUT,0.375486791133881,0.035672765225172,0.78435492515564,0.0312324836850166,3.13822984695435,1.36620259284973,K,17
OUTPUT,NaN,NaN,NaN,NaN,NaN,NaN

INPUT,0.377493560314178,0.0357131883502007,0.789962768554688,0.00454487465322018,3.13809251785278,1.38684737682343,K,18
OUTPUT,NaN,NaN,NaN,NaN,NaN,NaN

INPUT,0.378697633743286,0.0357374437153339,0.793327510356903,-0.0113572161644697,3.13801121711731,1.39934492111206,K,19
OUTPUT,NaN,NaN,NaN,NaN,NaN,NaN

INPUT,0.379098981618881,0.0357455275952816,0.794449090957642,-0.0166407953947783,3.13798427581787,1.40352773666382,K,20
OUTPUT,NaN,NaN,NaN,NaN,NaN,NaN

INPUT,0.360261768102646,0.0370816290378571,0.736920297145844,0.0991589725017548,3.11336421966553,1.24792110919952,K,5
OUTPUT,NaN,NaN,NaN,NaN,NaN,NaN

INPUT,0.365784049034119,0.0374400950968266,0.750587642192841,0.0159585028886795,3.10912132263184,1.34007847309113,K,6
OUTPUT,NaN,NaN,NaN,NaN,NaN,NaN

INPUT,0.370079189538956,0.037718903273344,0.761217832565308,-0.0494769141077995,3.10599160194397,1.41104066371918,K,7
OUTPUT,NaN,NaN,NaN,NaN,NaN,NaN

INPUT,0.373147130012512,0.0379180498421192,0.7688108086586,-0.0964934527873993,3.10385656356812,1.4614554643631,K,8
OUTPUT,NaN,NaN,NaN,NaN,NaN,NaN

INPUT,0.374987870454788,0.0380375385284424,0.773366570472717,-0.124792315065861,3.10261821746826,1.49161720275879,K,9
OUTPUT,NaN,NaN,NaN,NaN,NaN,NaN

INPUT,0.363087236881256,0.0354148261249065,0.736955523490906,0.272530078887939,3.13994956016541,1.26982665061951,K,5
OUTPUT,NaN,NaN,NaN,NaN,NaN,NaN

INPUT,0.368877440690994,0.0355334468185902,0.750453293323517,0.153411641716957,3.13923072814941,1.3029420375824,K,6
OUTPUT,NaN,NaN,NaN,NaN,NaN,NaN

INPUT,0.373380929231644,0.0356257073581219,0.760951519012451,0.0753454342484474,3.13867926597595,1.34328007698059,K,7
OUTPUT,NaN,NaN,NaN,NaN,NaN,NaN

INPUT,0.376597702503204,0.0356916077435017,0.768450260162354,0.0234171934425831,3.1382908821106,1.37592613697052,K,8
OUTPUT,NaN,NaN,NaN,NaN,NaN,NaN

INPUT,0.378527790307999,0.0357311479747295,0.772949457168579,-0.00672759488224983,3.13806056976318,1.39652609825134,K,9
OUTPUT,NaN,NaN,NaN,NaN,NaN,NaN

INPUT,0.362534165382385,0.0324797853827477,0.721890509128571,-2.96653699874878,3.10968923568726,-2.01112747192383,K,11
OUTPUT,NaN,NaN,NaN,NaN,NaN,NaN

INPUT,0.36766842007637,0.0322382897138596,0.733146369457245,-3.02195477485657,3.10639691352844,-1.95414578914642,K,12
OUTPUT,NaN,NaN,NaN,NaN,NaN,NaN

INPUT,0.372802674770355,0.0319967977702618,0.744402229785919,-3.07750773429871,3.10321545600891,-1.89729285240173,K,13
OUTPUT,NaN,NaN,NaN,NaN,NaN,NaN

INPUT,0.377936899662018,0.0317553021013737,0.755658030509949,-3.13316202163696,3.10015511512756,-1.84053456783295,K,14
OUTPUT,NaN,NaN,NaN,NaN,NaN,NaN

INPUT,0.383071154356003,0.0315138101577759,0.766913890838623,3.09429097175598,3.09722590446472,-1.78384721279144,K,15
OUTPUT,NaN,NaN,NaN,NaN,NaN,NaN

INPUT,0.387691974639893,0.0312964655458927,0.777044117450714,3.04407906532288,3.09470891952515,-1.73287534713745,K,16
OUTPUT,NaN,NaN,NaN,NaN,NaN,NaN

INPUT,0.391285955905914,0.0311274193227291,0.784923195838928,3.00499677658081,3.09283399581909,-1.69325530529022,K,17
OUTPUT,NaN,NaN,NaN,NaN,NaN,NaN

INPUT,0.393853068351746,0.0310066714882851,0.790551126003265,2.97706747055054,3.09154081344604,-1.66496610641479,K,18
OUTPUT,NaN,NaN,NaN,NaN,NaN,NaN

INPUT,0.395393341779709,0.0309342239052057,0.793927907943726,2.9603054523468,3.09078359603882,-1.64799666404724,K,19
OUTPUT,NaN,NaN,NaN,NaN,NaN,NaN

INPUT,0.395906776189804,0.0309100747108459,0.795053482055664,2.95471715927124,3.09053444862366,-1.6423407793045,K,20
OUTPUT,NaN,NaN,NaN,NaN,NaN,NaN

INPUT,0.352676093578339,0.035817839205265,0.732325196266174,0.193968325853348,3.11217021942139,1.17247343063354,K,12
OUTPUT,NaN,NaN,NaN,NaN,NaN,NaN

INPUT,0.356232732534409,0.0359532237052917,0.743493556976318,0.141684144735336,3.10926198959351,1.22318589687347,K,13
OUTPUT,NaN,NaN,NaN,NaN,NaN,NaN

INPUT,0.359789401292801,0.0360886119306087,0.754661858081818,0.0895256698131561,3.1064395904541,1.27402865886688,K,14
OUTPUT,NaN,NaN,NaN,NaN,NaN,NaN

INPUT,0.363346040248871,0.0362240001559258,0.765830159187317,0.0374611169099808,3.10371017456055,1.32497048377991,K,15
OUTPUT,NaN,NaN,NaN,NaN,NaN,NaN

INPUT,0.366547018289566,0.0363458506762981,0.775881707668304,-0.00933533255010843,3.10133934020996,1.37088441848755,K,16
OUTPUT,NaN,NaN,NaN,NaN,NaN,NaN

INPUT,0.369036674499512,0.036440622061491,0.783699512481689,-0.0457001775503159,3.09955501556396,1.40663039684296,K,17
OUTPUT,NaN,NaN,NaN,NaN,NaN,NaN

INPUT,0.370815008878708,0.0365083143115044,0.789283692836761,-0.0716604143381119,3.09831380844116,1.43217968940735,K,18
OUTPUT,NaN,NaN,NaN,NaN,NaN,NaN

INPUT,0.371881991624832,0.0365489311516285,0.792634189128876,-0.0872313529253006,3.09758257865906,1.44751489162445,K,19
OUTPUT,NaN,NaN,NaN,NaN,NaN,NaN

INPUT,0.372237652540207,0.0365624688565731,0.793751001358032,-0.0924208536744118,3.09734129905701,1.45262765884399,K,20
OUTPUT,NaN,NaN,NaN,NaN,NaN,NaN

INPUT,0.355789422988892,0.0366588570177555,0.732496440410614,0.118245393037796,3.11387348175049,1.22414064407349,K,12
OUTPUT,NaN,NaN,NaN,NaN,NaN,NaN

INPUT,0.359673678874969,0.0368828736245632,0.743682742118835,0.0592457875609398,3.11120390892029,1.2815465927124,K,13
OUTPUT,NaN,NaN,NaN,NaN,NaN,NaN

INPUT,0.363557934761047,0.0371068902313709,0.754868984222412,0.000370453955838457,3.10863709449768,1.33908152580261,K,14
OUTPUT,NaN,NaN,NaN,NaN,NaN,NaN

INPUT,0.367442190647125,0.0373309068381786,0.766055345535278,-0.0584121942520142,3.10618185997009,1.39671397209167,K,15
OUTPUT,NaN,NaN,NaN,NaN,NaN,NaN

INPUT,0.370938003063202,0.0375325232744217,0.776122987270355,-0.111255802214146,3.10407471656799,1.44864809513092,K,16
OUTPUT,NaN,NaN,NaN,NaN,NaN,NaN

INPUT,0.373656988143921,0.0376893319189548,0.783953428268433,-0.152324602007866,3.10250639915466,1.48907601833344,K,17
OUTPUT,NaN,NaN,NaN,NaN,NaN,NaN

INPUT,0.37559911608696,0.0378013402223587,0.789546549320221,-0.181645154953003,3.10142588615417,1.51796877384186,K,18
OUTPUT,NaN,NaN,NaN,NaN,NaN,NaN

INPUT,0.376764386892319,0.0378685481846333,0.79290246963501,-0.199232414364815,3.10079383850098,1.53531014919281,K,19
OUTPUT,NaN,NaN,NaN,NaN,NaN,NaN

INPUT,0.377152800559998,0.0378909483551979,0.79402107000351,-0.205094024538994,3.1005859375,1.54109156131744,K,20
OUTPUT,NaN,NaN,NaN,NaN,NaN,NaN

INPUT,0.359984219074249,0.0362400263547897,0.73207950592041,-2.99790692329407,3.13389468193054,-1.93653464317322,K,12
OUTPUT,NaN,NaN,NaN,NaN,NaN,NaN

INPUT,0.364310055971146,0.0364198721945286,0.743222177028656,-3.05074620246887,3.13327813148499,-1.87767040729523,K,13
OUTPUT,NaN,NaN,NaN,NaN,NaN,NaN

INPUT,0.36863586306572,0.0365997180342674,0.754364788532257,-3.1039936542511,3.13268756866455,-1.81921434402466,K,14
OUTPUT,NaN,NaN,NaN,NaN,NaN,NaN

INPUT,0.372961699962616,0.0367795638740063,0.765507459640503,3.1256263256073,3.13212466239929,-1.76107537746429,K,15
OUTPUT,NaN,NaN,NaN,NaN,NaN,NaN

INPUT,0.376854926347733,0.0369414240121841,0.775535821914673,3.0772020816803,3.13164329528809,-1.7089661359787,K,16
OUTPUT,NaN,NaN,NaN,NaN,NaN,NaN

INPUT,0.379883021116257,0.0370673164725304,0.78333568572998,3.03942203521729,3.13128614425659,-1.6685528755188,K,17
OUTPUT,NaN,NaN,NaN,NaN,NaN,NaN

INPUT,0.382045924663544,0.0371572375297546,0.788906991481781,3.0123827457428,3.13104057312012,-1.63973987102509,K,18
OUTPUT,NaN,NaN,NaN,NaN,NaN,NaN

INPUT,0.383343666791916,0.0372111909091473,0.792249798774719,2.99613976478577,3.13089728355408,-1.62247145175934,K,19
OUTPUT,NaN,NaN,NaN,NaN,NaN,NaN

INPUT,0.383776247501373,0.0372291766107082,0.79336404800415,2.99072241783142,3.13085007667542,-1.61671829223633,K,20
OUTPUT,NaN,NaN,NaN,NaN,NaN,NaN

INPUT,0.356042414903641,0.0337971895933151,0.732925891876221,0.35437336564064,3.1361026763916,1.41002810001373,K,12
OUTPUT,NaN,NaN,NaN,NaN,NaN,NaN

INPUT,0.359953314065933,0.0337199084460735,0.744157612323761,0.291311979293823,3.13549137115479,1.45806789398193,K,13
OUTPUT,NaN,NaN,NaN,NaN,NaN,NaN

INPUT,0.363864213228226,0.0336426272988319,0.755389273166656,0.229601323604584,3.13489890098572,1.50745832920074,K,14
OUTPUT,NaN,NaN,NaN,NaN,NaN,NaN

INPUT,0.367775112390518,0.0335653424263,0.766620993614197,0.168877840042114,3.13432669639587,1.55783629417419,K,15
OUTPUT,NaN,NaN,NaN,NaN,NaN,NaN

INPUT,0.371294915676117,0.0334957912564278,0.77672952413559,0.114867024123669,3.13383078575134,1.60381698608398,K,16
OUTPUT,NaN,NaN,NaN,NaN,NaN,NaN

INPUT,0.374032557010651,0.0334416925907135,0.784591734409332,0.0731913223862648,3.13345837593079,1.63991272449493,K,17
OUTPUT,NaN,NaN,NaN,NaN,NaN,NaN

INPUT,0.375988006591797,0.0334030501544476,0.79020756483078,0.043572686612606,3.13319969177246,1.66584491729736,K,18
OUTPUT,NaN,NaN,NaN,NaN,NaN,NaN

INPUT,0.377161264419556,0.0333798676729202,0.793577075004578,0.0258545149117708,3.13304758071899,1.68145740032196,K,19
OUTPUT,NaN,NaN,NaN,NaN,NaN,NaN

INPUT,0.377552360296249,0.0333721376955509,0.794700264930725,0.0199565887451172,3.13299751281738,1.68666970729828,K,20
OUTPUT,NaN,NaN,NaN,NaN,NaN,NaN

INPUT,0.361903071403503,0.0339334234595299,0.721161067485809,-2.99191403388977,3.09979701042175,-2.09322595596313,K,11
OUTPUT,NaN,NaN,NaN,NaN,NaN,NaN

INPUT,0.366962879896164,0.0338628850877285,0.73233163356781,-3.0443058013916,3.09539723396301,-2.03987717628479,K,12
OUTPUT,NaN,NaN,NaN,NaN,NaN,NaN

INPUT,0.372022718191147,0.0337923429906368,0.743502140045166,-3.09678506851196,3.09112644195557,-1.98660564422607,K,13
OUTPUT,NaN,NaN,NaN,NaN,NaN,NaN

INPUT,0.377082526683807,0.0337218046188354,0.754672706127167,3.13385486602783,3.08699655532837,-1.93338930606842,K,14
OUTPUT,NaN,NaN,NaN,NaN,NaN,NaN

INPUT,0.382142335176468,0.0336512625217438,0.765843272209167,3.08125686645508,3.08301949501038,-1.88021349906921,K,15
OUTPUT,NaN,NaN,NaN,NaN,NaN,NaN

INPUT,0.386696189641953,0.0335877798497677,0.775896728038788,3.03388237953186,3.0795795917511,-1.83238112926483,K,16
OUTPUT,NaN,NaN,NaN,NaN,NaN,NaN

INPUT,0.390238076448441,0.0335384011268616,0.783716142177582,2.99701571464539,3.07700085639954,-1.79519140720367,K,17
OUTPUT,NaN,NaN,NaN,NaN,NaN,NaN

INPUT,0.39276796579361,0.0335031300783157,0.78930139541626,2.97067284584045,3.07521295547485,-1.76863300800323,K,18
OUTPUT,NaN,NaN,NaN,NaN,NaN,NaN

INPUT,0.394285917282104,0.0334819704294205,0.792652547359467,2.95486378669739,3.07416224479675,-1.75269997119904,K,19
OUTPUT,NaN,NaN,NaN,NaN,NaN,NaN

INPUT,0.394791901111603,0.0334749147295952,0.793769598007202,2.94959354400635,3.07381582260132,-1.74738931655884,K,20
OUTPUT,NaN,NaN,NaN,NaN,NaN,NaN

INPUT,0.353851050138474,0.035657923668623,0.73256516456604,0.143704250454903,3.11934566497803,1.26882553100586,K,12
OUTPUT,NaN,NaN,NaN,NaN,NaN,NaN

INPUT,0.357530802488327,0.0357762537896633,0.743760347366333,0.0831754207611084,3.11718821525574,1.32672190666199,K,13
OUTPUT,NaN,NaN,NaN,NaN,NaN,NaN

INPUT,0.361210554838181,0.035894587635994,0.754955470561981,0.0228555239737034,3.11511635780334,1.38482999801636,K,14
OUTPUT,NaN,NaN,NaN,NaN,NaN,NaN

INPUT,0.364890307188034,0.0360129177570343,0.766150653362274,-0.0373086854815483,3.11313724517822,1.4430969953537,K,15
OUTPUT,NaN,NaN,NaN,NaN,NaN,NaN

INPUT,0.368202090263367,0.0361194163560867,0.776226282119751,-0.0913537815213203,3.11144113540649,1.49564266204834,K,16
OUTPUT,NaN,NaN,NaN,NaN,NaN,NaN

INPUT,0.370777904987335,0.036202248185873,0.784062922000885,-0.133335024118423,3.11018085479736,1.53656733036041,K,17
OUTPUT,NaN,NaN,NaN,NaN,NaN,NaN

INPUT,0.372617781162262,0.0362614132463932,0.789660513401031,-0.163297384977341,3.10931348800659,1.5658243894577,K,18
OUTPUT,NaN,NaN,NaN,NaN,NaN,NaN

INPUT,0.373721718788147,0.0362969152629375,0.793018996715546,-0.181266009807587,3.10880661010742,1.5833877325058,K,19
OUTPUT,NaN,NaN,NaN,NaN,NaN,NaN

INPUT,0.374089688062668,0.0363087467849255,0.794138550758362,-0.187254324555397,3.10863995552063,1.58924376964569,K,20
OUTPUT,NaN,NaN,NaN,NaN,NaN,NaN

INPUT,0.359832227230072,0.0349391624331474,0.732685387134552,-2.93970084190369,3.13063383102417,-1.95786547660828,K,12
OUTPUT,NaN,NaN,NaN,NaN,NaN,NaN

INPUT,0.364142149686813,0.0349819734692574,0.743891894817352,-2.98909735679626,3.12969255447388,-1.90392959117889,K,13
OUTPUT,NaN,NaN,NaN,NaN,NaN,NaN

INPUT,0.368452101945877,0.0350247845053673,0.755098342895508,-3.03882217407227,3.12878274917603,-1.85032141208649,K,14
OUTPUT,NaN,NaN,NaN,NaN,NaN,NaN

INPUT,0.372762054204941,0.0350675955414772,0.766304850578308,-3.08880066871643,3.12790727615356,-1.7969663143158,K,15
OUTPUT,NaN,NaN,NaN,NaN,NaN,NaN

INPUT,0.376641005277634,0.0351061262190342,0.776390671730042,-3.13395309448242,3.1271505355835,-1.74911797046661,K,16
OUTPUT,NaN,NaN,NaN,NaN,NaN,NaN

INPUT,0.379657953977585,0.035136092454195,0.784235179424286,3.11402106285095,3.12658333778381,-1.71199476718903,K,17
OUTPUT,NaN,NaN,NaN,NaN,NaN,NaN

INPUT,0.381812930107117,0.03515749797225,0.789838433265686,3.08882761001587,3.12619018554688,-1.68552052974701,K,18
OUTPUT,NaN,NaN,NaN,NaN,NaN,NaN

INPUT,0.383105903863907,0.0351703427731991,0.793200373649597,3.07369613647461,3.1259593963623,-1.66965138912201,K,19
OUTPUT,NaN,NaN,NaN,NaN,NaN,NaN

INPUT,0.383536905050278,0.035174623131752,0.794321000576019,3.06865000724792,3.12588310241699,-1.66436398029327,K,20
OUTPUT,NaN,NaN,NaN,NaN,NaN,NaN

INPUT,0.371576011180878,0.0322117619216442,0.731563091278076,-3.0658483505249,3.10395479202271,-1.93423891067505,K,5
OUTPUT,NaN,NaN,NaN,NaN,NaN,NaN

INPUT,0.379974037408829,0.03181142359972,0.747229039669037,3.12388181686401,3.09873461723328,-1.82808649539948,K,6
OUTPUT,NaN,NaN,NaN,NaN,NaN,NaN

INPUT,0.38650581240654,0.0315000526607037,0.759413659572601,3.05023789405823,3.09496569633484,-1.74646544456482,K,7
OUTPUT,NaN,NaN,NaN,NaN,NaN,NaN

INPUT,0.391171395778656,0.0312776416540146,0.76811695098877,2.9972677230835,3.0924437046051,-1.68852400779724,K,8
OUTPUT,NaN,NaN,NaN,NaN,NaN,NaN

INPUT,0.393970727920532,0.0311441961675882,0.773338913917542,2.96536779403687,3.09100246429443,-1.65387392044067,K,9
OUTPUT,NaN,NaN,NaN,NaN,NaN,NaN

INPUT,0.358393758535385,0.0359577983617783,0.735952854156494,0.128504410386086,3.10991406440735,1.21349000930786,K,5
OUTPUT,NaN,NaN,NaN,NaN,NaN,NaN

INPUT,0.363694697618484,0.0361460857093334,0.749567270278931,0.0497116036713123,3.10515928268433,1.30030739307404,K,6
OUTPUT,NaN,NaN,NaN,NaN,NaN,NaN

INPUT,0.367817670106888,0.0362925305962563,0.760156214237213,-0.0122219286859035,3.10163164138794,1.36719107627869,K,7
OUTPUT,NaN,NaN,NaN,NaN,NaN,NaN

INPUT,0.370762646198273,0.0363971367478371,0.767719745635986,-0.0567105710506439,3.0992124080658,1.41472041606903,K,8
OUTPUT,NaN,NaN,NaN,NaN,NaN,NaN

INPUT,0.372529625892639,0.0364598967134953,0.77225786447525,-0.0834842771291733,3.09780359268188,1.44315946102142,K,9
OUTPUT,NaN,NaN,NaN,NaN,NaN,NaN

INPUT,0.361909747123718,0.0368418470025063,0.736340820789337,0.0408689901232719,3.11192417144775,1.26703023910522,K,5
OUTPUT,NaN,NaN,NaN,NaN,NaN,NaN

INPUT,0.367686241865158,0.0371594093739986,0.749911785125732,-0.0465735383331776,3.10757040977478,1.36678457260132,K,6
OUTPUT,NaN,NaN,NaN,NaN,NaN,NaN

INPUT,0.372179061174393,0.0374064035713673,0.760466933250427,-0.115556471049786,3.1043872833252,1.44340825080872,K,7
OUTPUT,NaN,NaN,NaN,NaN,NaN,NaN

INPUT,0.375388205051422,0.0375828258693218,0.768006384372711,-0.165201723575592,3.10223317146301,1.49777293205261,K,8
OUTPUT,NaN,NaN,NaN,NaN,NaN,NaN

INPUT,0.377313703298569,0.0376886799931526,0.772530019283295,-0.195107817649841,3.10099124908447,1.53027474880219,K,9
OUTPUT,NaN,NaN,NaN,NaN,NaN,NaN

INPUT,0.352216631174088,0.0337373465299606,0.732381641864777,0.336189180612564,3.10744953155518,1.18775498867035,K,12
OUTPUT,NaN,NaN,NaN,NaN,NaN,NaN

INPUT,0.355724811553955,0.0336538031697273,0.743556022644043,0.29048565030098,3.10401105880737,1.23168885707855,K,13
OUTPUT,NaN,NaN,NaN,NaN,NaN,NaN

INPUT,0.3592329621315,0.0335702560842037,0.754730403423309,0.244926363229752,3.10064816474915,1.27577245235443,K,14
OUTPUT,NaN,NaN,NaN,NaN,NaN,NaN

INPUT,0.362741112709045,0.0334867127239704,0.765904784202576,0.199474677443504,3.09736752510071,1.31997001171112,K,15
OUTPUT,NaN,NaN,NaN,NaN,NaN,NaN

INPUT,0.365898460149765,0.0334115251898766,0.775961756706238,0.158639088273048,3.09449052810669,1.35982418060303,K,16
OUTPUT,NaN,NaN,NaN,NaN,NaN,NaN

INPUT,0.368354171514511,0.0333530455827713,0.783783853054047,0.126915544271469,3.0923056602478,1.39086294174194,K,17
OUTPUT,NaN,NaN,NaN,NaN,NaN,NaN

INPUT,0.370108246803284,0.0333112701773643,0.789371013641357,0.104272723197937,3.09077453613281,1.41305232048035,K,18
OUTPUT,NaN,NaN,NaN,NaN,NaN,NaN

INPUT,0.371160715818405,0.0332862101495266,0.79272335767746,0.0906929224729538,3.08986830711365,1.42637276649475,K,19
OUTPUT,NaN,NaN,NaN,NaN,NaN,NaN

INPUT,0.371511518955231,0.0332778543233871,0.793840765953064,0.0861672908067703,3.08956813812256,1.43081402778625,K,20
OUTPUT,NaN,NaN,NaN,NaN,NaN,NaN

INPUT,0.370642483234406,0.0339612662792206,0.730679333209991,-3.08536863327026,3.09236097335815,-2.02092671394348,K,5
OUTPUT,NaN,NaN,NaN,NaN,NaN,NaN

INPUT,0.378857612609863,0.0338792279362679,0.746208369731903,3.10944938659668,3.08523106575012,-1.92149257659912,K,6
OUTPUT,NaN,NaN,NaN,NaN,NaN,NaN

INPUT,0.38524717092514,0.0338154211640358,0.758286476135254,3.03984689712524,3.08002471923828,-1.8450026512146,K,7
OUTPUT,NaN,NaN,NaN,NaN,NaN,NaN

INPUT,0.389811128377914,0.0337698459625244,0.766913712024689,2.98979496955872,3.076504945755,-1.79068875312805,K,8
OUTPUT,NaN,NaN,NaN,NaN,NaN,NaN

INPUT,0.392549514770508,0.0337424986064434,0.772090077400208,2.95965576171875,3.07447719573975,-1.75820279121399,K,9
OUTPUT,NaN,NaN,NaN,NaN,NaN,NaN

INPUT,0.360165446996689,0.036182627081871,0.723159313201904,-2.98646712303162,3.13332319259644,-1.9894198179245,K,4
OUTPUT,NaN,NaN,NaN,NaN,NaN,NaN

INPUT,0.366359144449234,0.0364682003855705,0.736449122428894,-3.06560134887695,3.13256406784058,-1.88889980316162,K,5
OUTPUT,NaN,NaN,NaN,NaN,NaN,NaN

INPUT,0.372552841901779,0.0367537774145603,0.749738872051239,3.13685750961304,3.13187694549561,-1.78997123241425,K,6
OUTPUT,NaN,NaN,NaN,NaN,NaN,NaN

INPUT,0.377370148897171,0.0369758903980255,0.760075390338898,3.07326221466064,3.13139581680298,-1.71383440494537,K,7
OUTPUT,NaN,NaN,NaN,NaN,NaN,NaN

INPUT,0.380811095237732,0.0371345467865467,0.767458617687225,3.02750015258789,3.13108229637146,-1.659787774086,K,8
OUTPUT,NaN,NaN,NaN,NaN,NaN,NaN

INPUT,0.38287565112114,0.037229735404253,0.771888554096222,2.99992966651917,3.13090658187866,-1.62747299671173,K,9
OUTPUT,NaN,NaN,NaN,NaN,NaN,NaN

INPUT,0.362002491950989,0.0337554737925529,0.737045645713806,0.306413292884827,3.13615155220032,1.4768408536911,K,5
OUTPUT,NaN,NaN,NaN,NaN,NaN,NaN

INPUT,0.367662340402603,0.0336187072098255,0.750601530075073,0.199028134346008,3.13496828079224,1.54811811447144,K,6
OUTPUT,NaN,NaN,NaN,NaN,NaN,NaN

INPUT,0.372064411640167,0.0335123352706432,0.761145055294037,0.119369484484196,3.13408279418945,1.60741913318634,K,7
OUTPUT,NaN,NaN,NaN,NaN,NaN,NaN

INPUT,0.375208765268326,0.0334363542497158,0.768676161766052,0.06380745023489,3.13347196578979,1.65111458301544,K,8
OUTPUT,NaN,NaN,NaN,NaN,NaN,NaN

INPUT,0.377095371484756,0.0333907641470432,0.773194789886475,0.0308758579194546,3.1331148147583,1.67773747444153,K,9
OUTPUT,NaN,NaN,NaN,NaN,NaN,NaN

INPUT,0.359648466110229,0.0357548110187054,0.736348986625671,0.0657013356685638,3.11789703369141,1.31317412853241,K,5
OUTPUT,NaN,NaN,NaN,NaN,NaN,NaN

INPUT,0.365080386400223,0.0359100662171841,0.749957144260406,-0.0244374815374613,3.11433839797974,1.41347646713257,K,6
OUTPUT,NaN,NaN,NaN,NaN,NaN,NaN

INPUT,0.369305193424225,0.0360308215022087,0.760541260242462,-0.0953618958592415,3.11173939704895,1.49067902565002,K,7
OUTPUT,NaN,NaN,NaN,NaN,NaN,NaN

INPUT,0.372322916984558,0.036117073148489,0.768101334571838,-0.146332055330276,3.10998225212097,1.54551732540131,K,8
OUTPUT,NaN,NaN,NaN,NaN,NaN,NaN

INPUT,0.374133557081223,0.0361688248813152,0.77263742685318,-0.17701281607151,3.10897016525269,1.57832276821136,K,9
OUTPUT,NaN,NaN,NaN,NaN,NaN,NaN

INPUT,0.360094845294952,0.0349530316889286,0.723907232284546,-2.93040537834167,3.1302273273468,-2.00810837745667,K,4
OUTPUT,NaN,NaN,NaN,NaN,NaN,NaN

INPUT,0.366217136383057,0.0350177511572838,0.737252712249756,-3.00355052947998,3.12895083427429,-1.91505324840546,K,5
OUTPUT,NaN,NaN,NaN,NaN,NaN,NaN

INPUT,0.372339457273483,0.0350824669003487,0.750598192214966,-3.07847189903259,3.12776064872742,-1.82377302646637,K,6
OUTPUT,NaN,NaN,NaN,NaN,NaN,NaN

INPUT,0.377101242542267,0.0351328030228615,0.760977983474731,-3.13762998580933,3.12689971923828,-1.75366258621216,K,7
OUTPUT,NaN,NaN,NaN,NaN,NaN,NaN

INPUT,0.380502551794052,0.0351687557995319,0.768392145633698,3.10293197631836,3.12632203102112,-1.70395052433014,K,8
OUTPUT,NaN,NaN,NaN,NaN,NaN,NaN

INPUT,0.382543295621872,0.0351903289556503,0.772840619087219,3.07723450660706,3.12599086761475,-1.67424666881561,K,9
OUTPUT,NaN,NaN,NaN,NaN,NaN,NaN

INPUT,0.357938528060913,0.0337529852986336,0.735967993736267,0.284509569406509,3.10454058647156,1.22888231277466,K,5
OUTPUT,NaN,NaN,NaN,NaN,NaN,NaN

INPUT,0.363197803497314,0.0336141586303711,0.749611914157867,0.213260695338249,3.09894752502441,1.30171680450439,K,6
OUTPUT,NaN,NaN,NaN,NaN,NaN,NaN

INPUT,0.367288380861282,0.0335061848163605,0.760223865509033,0.157710283994675,3.09474873542786,1.35824286937714,K,7
OUTPUT,NaN,NaN,NaN,NaN,NaN,NaN

INPUT,0.370210230350494,0.0334290601313114,0.767803847789764,0.117978520691395,3.09183883666992,1.39857232570648,K,8
OUTPUT,NaN,NaN,NaN,NaN,NaN,NaN

INPUT,0.371963322162628,0.0333827845752239,0.772351861000061,0.0941220298409462,3.09013080596924,1.42275524139404,K,9
OUTPUT,NaN,NaN,NaN,NaN,NaN,NaN

INPUT,0.355524718761444,0.036136694252491,0.73284250497818,0.259033292531967,3.1335301399231,1.27599561214447,K,12
OUTPUT,NaN,NaN,NaN,NaN,NaN,NaN

INPUT,0.359381139278412,0.0363056510686874,0.744065582752228,0.201637670397758,3.13266682624817,1.3256288766861,K,13
OUTPUT,NaN,NaN,NaN,NaN,NaN,NaN

INPUT,0.363237589597702,0.0364746041595936,0.755288541316986,0.144918128848076,3.13182878494263,1.37593853473663,K,14
OUTPUT,NaN,NaN,NaN,NaN,NaN,NaN

INPUT,0.36709401011467,0.03664356097579,0.766511559486389,0.0886978283524513,3.13101863861084,1.42674815654755,K,15
OUTPUT,NaN,NaN,NaN,NaN,NaN,NaN

INPUT,0.370564818382263,0.0367956198751926,0.776612281799316,0.0384259521961212,3.13031530380249,1.4728034734726,K,16
OUTPUT,NaN,NaN,NaN,NaN,NaN,NaN

INPUT,0.373264312744141,0.0369138903915882,0.784468412399292,-0.000503600633237511,3.12978625297546,1.50879538059235,K,17
OUTPUT,NaN,NaN,NaN,NaN,NaN,NaN

INPUT,0.375192552804947,0.0369983687996864,0.790079951286316,-0.0282332357019186,3.12941837310791,1.53458118438721,K,18
OUTPUT,NaN,NaN,NaN,NaN,NaN,NaN

INPUT,0.376349478960037,0.0370490550994873,0.793446838855743,-0.0448436476290226,3.12920188903809,1.55008006095886,K,19
OUTPUT,NaN,NaN,NaN,NaN,NaN,NaN

INPUT,0.376735121011734,0.0370659492909908,0.794569134712219,-0.0503761135041714,3.12913036346436,1.55525064468384,K,20
OUTPUT,NaN,NaN,NaN,NaN,NaN,NaN

INPUT,0.359737694263458,0.0342910103499889,0.721634805202484,-3.01835179328918,3.11636924743652,-1.94206130504608,K,11
OUTPUT,NaN,NaN,NaN,NaN,NaN,NaN

INPUT,0.364542871713638,0.0342623591423035,0.732861459255219,-3.08054161071777,3.11386895179749,-1.87763571739197,K,12
OUTPUT,NaN,NaN,NaN,NaN,NaN,NaN

INPUT,0.369348049163818,0.0342337042093277,0.744088053703308,3.1402702331543,3.11147952079773,-1.81338965892792,K,13
OUTPUT,NaN,NaN,NaN,NaN,NaN,NaN

INPUT,0.374153196811676,0.0342050530016422,0.755314648151398,3.0777599811554,3.109210729599,-1.74927616119385,K,14
OUTPUT,NaN,NaN,NaN,NaN,NaN,NaN

INPUT,0.378958374261856,0.0341764017939568,0.766541242599487,3.01514506340027,3.1070716381073,-1.68526244163513,K,15
OUTPUT,NaN,NaN,NaN,NaN,NaN,NaN

INPUT,0.383283048868179,0.0341506116092205,0.776645183563232,2.95872139930725,3.10526442527771,-1.62771666049957,K,16
OUTPUT,NaN,NaN,NaN,NaN,NaN,NaN

INPUT,0.386646658182144,0.0341305546462536,0.784503817558289,2.91479873657227,3.10394024848938,-1.58299374580383,K,17
OUTPUT,NaN,NaN,NaN,NaN,NaN,NaN

INPUT,0.389049232006073,0.034116230905056,0.790117144584656,2.88340854644775,3.10303926467896,-1.55106461048126,K,18
OUTPUT,NaN,NaN,NaN,NaN,NaN,NaN

INPUT,0.390490800142288,0.0341076329350471,0.793485105037689,2.86456799507141,3.1025173664093,-1.53191292285919,K,19
OUTPUT,NaN,NaN,NaN,NaN,NaN,NaN

INPUT,0.390971302986145,0.0341047681868076,0.794607758522034,2.85828709602356,3.10234642028809,-1.52552974224091,K,20
OUTPUT,NaN,NaN,NaN,NaN,NaN,NaN

INPUT,0.355876863002777,0.0349556468427181,0.732647776603699,0.148494109511375,3.12421584129333,1.10258650779724,K,12
OUTPUT,NaN,NaN,NaN,NaN,NaN,NaN

INPUT,0.359769850969315,0.0350000560283661,0.743851602077484,0.0970940515398979,3.12244153022766,1.15160322189331,K,13
OUTPUT,NaN,NaN,NaN,NaN,NaN,NaN

INPUT,0.363662838935852,0.0350444652140141,0.75505542755127,0.0458931215107441,3.12071561813354,1.20082032680511,K,14
OUTPUT,NaN,NaN,NaN,NaN,NaN,NaN

INPUT,0.36755582690239,0.035088874399662,0.766259253025055,-0.00515942741185427,3.11904215812683,1.25018811225891,K,15
OUTPUT,NaN,NaN,NaN,NaN,NaN,NaN

INPUT,0.371059507131577,0.0351288430392742,0.776342749595642,-0.0510085411369801,3.1175844669342,1.29471850395203,K,16
OUTPUT,NaN,NaN,NaN,NaN,NaN,NaN

INPUT,0.373784601688385,0.0351599268615246,0.784185409545898,-0.0866173356771469,3.11648464202881,1.32940602302551,K,17
OUTPUT,NaN,NaN,NaN,NaN,NaN,NaN

INPUT,0.375731080770493,0.0351821333169937,0.789787292480469,-0.112028807401657,3.11571788787842,1.35420680046082,K,18
OUTPUT,NaN,NaN,NaN,NaN,NaN,NaN

INPUT,0.376898974180222,0.035195454955101,0.793148458003998,-0.127267271280289,3.11526560783386,1.36909592151642,K,19
OUTPUT,NaN,NaN,NaN,NaN,NaN,NaN

INPUT,0.377288281917572,0.0351998955011368,0.794268846511841,-0.132345512509346,3.11511611938477,1.37406027317047,K,20
OUTPUT,NaN,NaN,NaN,NaN,NaN,NaN

INPUT,0.349590241909027,0.035662867128849,0.74380099773407,0.175442278385162,3.07463359832764,1.38849484920502,K,13
OUTPUT,NaN,NaN,NaN,NaN,NaN,NaN

INPUT,0.352514326572418,0.0357705429196358,0.754998803138733,0.117178969085217,3.0690803527832,1.4458372592926,K,14
OUTPUT,NaN,NaN,NaN,NaN,NaN,NaN

INPUT,0.355438411235809,0.0358782187104225,0.766196608543396,0.0589686445891857,3.06376934051514,1.50325548648834,K,15
OUTPUT,NaN,NaN,NaN,NaN,NaN,NaN

INPUT,0.358070105314255,0.0359751284122467,0.776274681091309,0.00661181565374136,3.05921101570129,1.55498456954956,K,16
OUTPUT,NaN,NaN,NaN,NaN,NaN,NaN

INPUT,0.360116958618164,0.0360505022108555,0.784113168716431,-0.0340939313173294,3.05581903457642,1.59524738788605,K,17
OUTPUT,NaN,NaN,NaN,NaN,NaN,NaN

INPUT,0.36157900094986,0.0361043401062489,0.789712071418762,-0.0631628483533859,3.05348181724548,1.62402033805847,K,18
OUTPUT,NaN,NaN,NaN,NaN,NaN,NaN

INPUT,0.362456202507019,0.0361366458237171,0.793071389198303,-0.080601878464222,3.05211472511292,1.64128911495209,K,19
OUTPUT,NaN,NaN,NaN,NaN,NaN,NaN

INPUT,0.362748622894287,0.0361474119126797,0.794191181659698,-0.086414597928524,3.05166506767273,1.64704620838165,K,20
OUTPUT,NaN,NaN,NaN,NaN,NaN,NaN

INPUT,0.360389053821564,0.0364544801414013,0.732563972473145,-2.90679478645325,3.12694931030273,-1.97020828723907,K,12
OUTPUT,NaN,NaN,NaN,NaN,NaN,NaN

INPUT,0.364757090806961,0.0366567075252533,0.743758857250214,-2.95414781570435,3.12564659118652,-1.91898989677429,K,13
OUTPUT,NaN,NaN,NaN,NaN,NaN,NaN

INPUT,0.369125127792358,0.0368589386343956,0.754953742027283,-3.00178980827332,3.12438249588013,-1.86805927753448,K,14
OUTPUT,NaN,NaN,NaN,NaN,NaN,NaN

INPUT,0.373493134975433,0.0370611697435379,0.766148626804352,-3.04965400695801,3.12316012382507,-1.81734991073608,K,15
OUTPUT,NaN,NaN,NaN,NaN,NaN,NaN

INPUT,0.377424359321594,0.0372431762516499,0.77622401714325,-3.09288239479065,3.12209820747375,-1.77186107635498,K,16
OUTPUT,NaN,NaN,NaN,NaN,NaN,NaN

INPUT,0.380481988191605,0.0373847372829914,0.784060418605804,-3.12658524513245,3.12129878997803,-1.73656094074249,K,17
OUTPUT,NaN,NaN,NaN,NaN,NaN,NaN

INPUT,0.382665991783142,0.0374858528375626,0.789657890796661,3.13248944282532,3.1207423210144,-1.7113835811615,K,18
OUTPUT,NaN,NaN,NaN,NaN,NaN,NaN

INPUT,0.383976399898529,0.037546519190073,0.793016314506531,3.11800980567932,3.12041449546814,-1.6962902545929,K,19
OUTPUT,NaN,NaN,NaN,NaN,NaN,NaN

INPUT,0.384413212537766,0.0375667437911034,0.794135808944702,3.11318111419678,3.12030625343323,-1.69126129150391,K,20
OUTPUT,NaN,NaN,NaN,NaN,NaN,NaN

INPUT,0.368309170007706,0.034375999122858,0.731093645095825,-3.13131856918335,3.11190128326416,-1.85647964477539,K,5
OUTPUT,NaN,NaN,NaN,NaN,NaN,NaN

INPUT,0.376196295022964,0.0343573242425919,0.746764302253723,3.04744601249695,3.10807704925537,-1.73608136177063,K,6
OUTPUT,NaN,NaN,NaN,NaN,NaN,NaN

INPUT,0.382330745458603,0.0343427956104279,0.758952558040619,2.96511244773865,3.10539150238037,-1.6435467004776,K,7
OUTPUT,NaN,NaN,NaN,NaN,NaN,NaN

INPUT,0.386712491512299,0.0343324206769466,0.767658412456512,2.90587663650513,3.10364103317261,-1.5778716802597,K,8
OUTPUT,NaN,NaN,NaN,NaN,NaN,NaN

INPUT,0.389341533184052,0.0343261957168579,0.772881984710693,2.87019920349121,3.1026611328125,-1.53860056400299,K,9
OUTPUT,NaN,NaN,NaN,NaN,NaN,NaN

INPUT,0.361437946557999,0.0363396257162094,0.736899256706238,0.197552919387817,3.13334178924561,1.3250904083252,K,5
OUTPUT,NaN,NaN,NaN,NaN,NaN,NaN

INPUT,0.367034524679184,0.0365965813398361,0.750460982322693,0.107410505414009,3.13175845146179,1.40705895423889,K,6
OUTPUT,NaN,NaN,NaN,NaN,NaN,NaN

INPUT,0.371387451887131,0.0367964394390583,0.761008977890015,0.0380960740149021,3.13057661056519,1.47160947322845,K,7
OUTPUT,NaN,NaN,NaN,NaN,NaN,NaN

INPUT,0.374496668577194,0.0369391962885857,0.768543303012848,-0.0111278919503093,3.12976241111755,1.51800382137299,K,8
OUTPUT,NaN,NaN,NaN,NaN,NaN,NaN

INPUT,0.376362174749374,0.0370248481631279,0.773063838481903,-0.0405736528337002,3.12928676605225,1.5459291934967,K,9
OUTPUT,NaN,NaN,NaN,NaN,NaN,NaN

INPUT,0.361917614936829,0.0350023992359638,0.736600518226624,0.0827802196145058,3.12311673164368,1.14063203334808,K,5
OUTPUT,NaN,NaN,NaN,NaN,NaN,NaN

INPUT,0.367639988660812,0.0350483469665051,0.750163674354553,0.0061324005946517,3.12010788917542,1.22545909881592,K,6
OUTPUT,NaN,NaN,NaN,NaN,NaN,NaN

INPUT,0.372090727090836,0.0350840799510479,0.760712742805481,-0.0541874021291733,3.11786341667175,1.29073429107666,K,7
OUTPUT,NaN,NaN,NaN,NaN,NaN,NaN

INPUT,0.375269860029221,0.035109605640173,0.768247842788696,-0.0975389778614044,3.1163170337677,1.3370954990387,K,8
OUTPUT,NaN,NaN,NaN,NaN,NaN,NaN

INPUT,0.377177298069,0.0351249240338802,0.772768914699554,-0.123634546995163,3.11541318893433,1.36482834815979,K,9
OUTPUT,NaN,NaN,NaN,NaN,NaN,NaN

INPUT,0.350767314434052,0.0356127433478832,0.731823861598969,0.210441693663597,3.08138561248779,1.31619727611542,K,4
OUTPUT,NaN,NaN,NaN,NaN,NaN,NaN

INPUT,0.354412496089935,0.0357132405042648,0.743060111999512,0.133369490504265,3.07281708717346,1.40521442890167,K,5
OUTPUT,NaN,NaN,NaN,NaN,NaN,NaN

INPUT,0.358057707548141,0.0358137339353561,0.7542964220047,0.0549791231751442,3.06472039222717,1.49296128749847,K,6
OUTPUT,NaN,NaN,NaN,NaN,NaN,NaN

INPUT,0.360892862081528,0.0358918979763985,0.763035774230957,-0.00662321364507079,3.05878567695618,1.56061089038849,K,7
OUTPUT,NaN,NaN,NaN,NaN,NaN,NaN

INPUT,0.362917959690094,0.0359477289021015,0.769278109073639,-0.0508814379572868,3.05475616455078,1.60869467258453,K,8
OUTPUT,NaN,NaN,NaN,NaN,NaN,NaN

INPUT,0.364133030176163,0.0359812304377556,0.773023545742035,-0.0775217413902283,3.05242657661438,1.63746690750122,K,9
OUTPUT,NaN,NaN,NaN,NaN,NaN,NaN

INPUT,0.351147353649139,0.0340927876532078,0.732799530029297,0.219603255391121,3.10914731025696,1.15159666538239,K,12
OUTPUT,NaN,NaN,NaN,NaN,NaN,NaN

INPUT,0.354542553424835,0.0340465158224106,0.744018912315369,0.169764518737793,3.10591769218445,1.19986188411713,K,13
OUTPUT,NaN,NaN,NaN,NaN,NaN,NaN

INPUT,0.357937753200531,0.0340002439916134,0.755238234996796,0.120052449405193,3.10277366638184,1.24825894832611,K,14
OUTPUT,NaN,NaN,NaN,NaN,NaN,NaN

INPUT,0.361332923173904,0.0339539684355259,0.766457557678223,0.0704344436526299,3.09972333908081,1.29675626754761,K,15
OUTPUT,NaN,NaN,NaN,NaN,NaN,NaN

INPUT,0.36438861489296,0.0339123234152794,0.776555001735687,0.02584033831954,3.09706377983093,1.34047102928162,K,16
OUTPUT,NaN,NaN,NaN,NaN,NaN,NaN

INPUT,0.366765260696411,0.0338799320161343,0.784408569335938,-0.00881151761859655,3.09505486488342,1.37450766563416,K,17
OUTPUT,NaN,NaN,NaN,NaN,NaN,NaN

INPUT,0.368462860584259,0.0338567979633808,0.790018200874329,-0.0335482060909271,3.09365344047546,1.39883589744568,K,18
OUTPUT,NaN,NaN,NaN,NaN,NaN,NaN

INPUT,0.369481414556503,0.0338429138064384,0.79338401556015,-0.0483849756419659,3.09282636642456,1.41343891620636,K,19
OUTPUT,NaN,NaN,NaN,NaN,NaN,NaN

INPUT,0.369820922613144,0.0338382869958878,0.794505953788757,-0.0533298030495644,3.09255313873291,1.4183075428009,K,20
OUTPUT,NaN,NaN,NaN,NaN,NaN,NaN

INPUT,0.360661864280701,0.0363659337162971,0.723936557769775,-2.89698648452759,3.12673354148865,-2.01723122596741,K,4
OUTPUT,NaN,NaN,NaN,NaN,NaN,NaN

INPUT,0.366836369037628,0.0366869941353798,0.737225770950317,-2.96721267700195,3.12487888336182,-1.92890501022339,K,5
OUTPUT,NaN,NaN,NaN,NaN,NaN,NaN

INPUT,0.373010843992233,0.0370080582797527,0.750515043735504,-3.03920698165894,3.12312793731689,-1.84234499931335,K,6
OUTPUT,NaN,NaN,NaN,NaN,NaN,NaN

INPUT,0.377813220024109,0.0372577719390392,0.760851144790649,-3.09607172012329,3.12184524536133,-1.77588784694672,K,7
OUTPUT,NaN,NaN,NaN,NaN,NaN,NaN

INPUT,0.381243467330933,0.0374361425638199,0.768234014511108,-3.13704681396484,3.12097430229187,-1.72877478599548,K,8
OUTPUT,NaN,NaN,NaN,NaN,NaN,NaN

INPUT,0.383301645517349,0.0375431627035141,0.772663772106171,3.12143397331238,3.12047100067139,-1.70062613487244,K,9
OUTPUT,NaN,NaN,NaN,NaN,NaN,NaN

INPUT,0.35558146238327,0.0360545814037323,0.732800781726837,0.201758742332458,3.12229871749878,1.12897968292236,K,12
OUTPUT,NaN,NaN,NaN,NaN,NaN,NaN

INPUT,0.359443336725235,0.0362146161496639,0.744020998477936,0.151659861207008,3.12033081054688,1.17647016048431,K,13
OUTPUT,NaN,NaN,NaN,NaN,NaN,NaN

INPUT,0.3633052110672,0.0363746546208858,0.755241215229034,0.101778760552406,3.11841344833374,1.22418022155762,K,14
OUTPUT,NaN,NaN,NaN,NaN,NaN,NaN

INPUT,0.367167085409164,0.0365346893668175,0.766461431980133,0.0520602576434612,3.11655116081238,1.27205514907837,K,15
OUTPUT,NaN,NaN,NaN,NaN,NaN,NaN

INPUT,0.370642781257629,0.0366787239909172,0.776559591293335,0.00742122996598482,3.11492609977722,1.31525206565857,K,16
OUTPUT,NaN,NaN,NaN,NaN,NaN,NaN

INPUT,0.373346090316772,0.0367907471954823,0.784413754940033,-0.0272414162755013,3.11369729042053,1.34890758991241,K,17
OUTPUT,NaN,NaN,NaN,NaN,NaN,NaN

INPUT,0.375277042388916,0.0368707664310932,0.790023863315582,-0.0519747324287891,3.1128396987915,1.37297368049622,K,18
OUTPUT,NaN,NaN,NaN,NaN,NaN,NaN

INPUT,0.376435607671738,0.0369187779724598,0.793389856815338,-0.0668055787682533,3.11233305931091,1.3874226808548,K,19
OUTPUT,NaN,NaN,NaN,NaN,NaN,NaN

INPUT,0.376821786165237,0.036934781819582,0.794511914253235,-0.0717477425932884,3.11216568946838,1.39224052429199,K,20
OUTPUT,NaN,NaN,NaN,NaN,NaN,NaN

INPUT,0.356724590063095,0.0340643748641014,0.736427068710327,0.158495679497719,3.1065411567688,1.19194984436035,K,5
OUTPUT,NaN,NaN,NaN,NaN,NaN,NaN

INPUT,0.361791700124741,0.0339641682803631,0.750144124031067,0.0828339755535126,3.10127568244934,1.2740193605423,K,6
OUTPUT,NaN,NaN,NaN,NaN,NaN,NaN

INPUT,0.365732818841934,0.033886231482029,0.760812938213348,0.0234636031091213,3.09735178947449,1.33733999729156,K,7
OUTPUT,NaN,NaN,NaN,NaN,NaN,NaN

INPUT,0.368547886610031,0.033830564469099,0.768433511257172,-0.019145630300045,3.09465003013611,1.38237345218658,K,8
OUTPUT,NaN,NaN,NaN,NaN,NaN,NaN

INPUT,0.370236903429031,0.033797163516283,0.773005902767181,-0.0447764992713928,3.09307169914246,1.40933084487915,K,9
OUTPUT,NaN,NaN,NaN,NaN,NaN,NaN

INPUT,0.361619412899017,0.0362375155091286,0.736763477325439,0.140503287315369,3.12098836898804,1.16859352588654,K,5
OUTPUT,NaN,NaN,NaN,NaN,NaN,NaN

INPUT,0.3673035800457,0.0364733450114727,0.750356018543243,0.0645858347415924,3.1176769733429,1.2495938539505,K,6
OUTPUT,NaN,NaN,NaN,NaN,NaN,NaN

INPUT,0.37172457575798,0.0366567671298981,0.76092803478241,0.00510410871356726,3.11520218849182,1.3121634721756,K,7
OUTPUT,NaN,NaN,NaN,NaN,NaN,NaN

INPUT,0.374882429838181,0.0367877818644047,0.768479466438293,-0.0375480316579342,3.11349391937256,1.35669326782227,K,8
OUTPUT,NaN,NaN,NaN,NaN,NaN,NaN

INPUT,0.376777142286301,0.0368663929402828,0.77301037311554,-0.0631920248270035,3.11249446868896,1.38335943222046,K,9
OUTPUT,NaN,NaN,NaN,NaN,NaN,NaN

INPUT,0.355474591255188,0.035524096339941,0.732527792453766,0.213722556829453,3.12706971168518,1.22160971164703,K,12
OUTPUT,NaN,NaN,NaN,NaN,NaN,NaN

INPUT,0.359325885772705,0.0356285199522972,0.743717432022095,0.158865943551064,3.12559175491333,1.27282989025116,K,13
OUTPUT,NaN,NaN,NaN,NaN,NaN,NaN

INPUT,0.363177210092545,0.0357329435646534,0.754907131195068,0.104312248528004,3.12415862083435,1.32435429096222,K,14
OUTPUT,NaN,NaN,NaN,NaN,NaN,NaN

INPUT,0.367028534412384,0.0358373671770096,0.766096770763397,0.049984697252512,3.12277483940125,1.37610614299774,K,15
OUTPUT,NaN,NaN,NaN,NaN,NaN,NaN

INPUT,0.370494723320007,0.0359313488006592,0.776167452335358,0.00123880908358842,3.12157416343689,1.42283272743225,K,16
OUTPUT,NaN,NaN,NaN,NaN,NaN,NaN

INPUT,0.373190641403198,0.0360044427216053,0.784000277519226,-0.036596305668354,3.12067198753357,1.45925498008728,K,17
OUTPUT,NaN,NaN,NaN,NaN,NaN,NaN

INPUT,0.375116318464279,0.0360566563904285,0.789595067501068,-0.0635857656598091,3.12004494667053,1.48530685901642,K,18
OUTPUT,NaN,NaN,NaN,NaN,NaN,NaN

INPUT,0.376271694898605,0.0360879823565483,0.792952001094818,-0.0797666311264038,3.11967611312866,1.50095081329346,K,19
OUTPUT,NaN,NaN,NaN,NaN,NaN,NaN

INPUT,0.376656830310822,0.0360984243452549,0.794070959091187,-0.0851583555340767,3.11955428123474,1.5061674118042,K,20
OUTPUT,NaN,NaN,NaN,NaN,NaN,NaN

INPUT,0.352749913930893,0.0381333604454994,0.732372224330902,0.14712780714035,3.1069598197937,1.10459911823273,K,12
OUTPUT,NaN,NaN,NaN,NaN,NaN,NaN

INPUT,0.356313794851303,0.0385124310851097,0.743546485900879,0.0961672514677048,3.10353589057922,1.15442752838135,K,13
OUTPUT,NaN,NaN,NaN,NaN,NaN,NaN

INPUT,0.359877675771713,0.03889150172472,0.754720687866211,0.0452958308160305,3.1002082824707,1.20435118675232,K,14
OUTPUT,NaN,NaN,NaN,NaN,NaN,NaN

INPUT,0.363441556692123,0.0392705723643303,0.765895009040833,-0.00550957629457116,3.09698581695557,1.25434827804565,K,15
OUTPUT,NaN,NaN,NaN,NaN,NaN,NaN

INPUT,0.366649061441422,0.0396117344498634,0.77595180273056,-0.0511911623179913,3.09418225288391,1.29939460754395,K,16
OUTPUT,NaN,NaN,NaN,NaN,NaN,NaN

INPUT,0.369143784046173,0.0398770831525326,0.78377377986908,-0.0866989269852638,3.09206867218018,1.33445727825165,K,17
OUTPUT,NaN,NaN,NaN,NaN,NaN,NaN

INPUT,0.370925694704056,0.0400666184723377,0.78936094045639,-0.112051405012608,3.0905966758728,1.35951435565948,K,18
OUTPUT,NaN,NaN,NaN,NaN,NaN,NaN

INPUT,0.371994882822037,0.0401803366839886,0.792713224887848,-0.127259477972984,3.08972883224487,1.37455308437347,K,19
OUTPUT,NaN,NaN,NaN,NaN,NaN,NaN

INPUT,0.372351258993149,0.0402182452380657,0.793830633163452,-0.132328286767006,3.08944225311279,1.37956655025482,K,20
OUTPUT,NaN,NaN,NaN,NaN,NaN,NaN

INPUT,0.35297903418541,0.0353574082255363,0.732696294784546,0.318528592586517,3.12384915351868,1.32812094688416,K,12
OUTPUT,NaN,NaN,NaN,NaN,NaN,NaN

INPUT,0.356567114591599,0.0354442223906517,0.743904709815979,0.263221859931946,3.12206745147705,1.37907314300537,K,13
OUTPUT,NaN,NaN,NaN,NaN,NaN,NaN

INPUT,0.360155165195465,0.0355310328304768,0.755113124847412,0.208273679018021,3.1203408241272,1.43038558959961,K,14
OUTPUT,NaN,NaN,NaN,NaN,NaN,NaN

INPUT,0.363743245601654,0.0356178469955921,0.76632159948349,0.15359354019165,3.1186740398407,1.48196804523468,K,15
OUTPUT,NaN,NaN,NaN,NaN,NaN,NaN

INPUT,0.366972535848618,0.0356959775090218,0.776409149169922,0.104558579623699,3.11722898483276,1.52857112884521,K,16
OUTPUT,NaN,NaN,NaN,NaN,NaN,NaN

INPUT,0.369484186172485,0.0357567481696606,0.784255087375641,0.0665137320756912,3.11614346504211,1.56491243839264,K,17
OUTPUT,NaN,NaN,NaN,NaN,NaN,NaN

INPUT,0.37127822637558,0.0358001552522182,0.789859294891357,0.0393809787929058,3.115389585495,1.59091353416443,K,18
OUTPUT,NaN,NaN,NaN,NaN,NaN,NaN

INPUT,0.372354626655579,0.0358261987566948,0.793221771717072,0.0231165587902069,3.11494612693787,1.60652947425842,K,19
OUTPUT,NaN,NaN,NaN,NaN,NaN,NaN

INPUT,0.372713446617126,0.0358348786830902,0.794342637062073,0.017697399482131,3.1147997379303,1.61173725128174,K,20
OUTPUT,NaN,NaN,NaN,NaN,NaN,NaN

INPUT,0.35291713476181,0.034401323646307,0.732583284378052,0.288630276918411,3.10803318023682,1.27715766429901,K,12
OUTPUT,NaN,NaN,NaN,NaN,NaN,NaN

INPUT,0.35649910569191,0.0343876145780087,0.743778884410858,0.235629320144653,3.10473990440369,1.32821369171143,K,13
OUTPUT,NaN,NaN,NaN,NaN,NaN,NaN

INPUT,0.360081076622009,0.0343739092350006,0.754974544048309,0.18278294801712,3.10154628753662,1.37943029403687,K,14
OUTPUT,NaN,NaN,NaN,NaN,NaN,NaN

INPUT,0.363663047552109,0.0343602001667023,0.766170144081116,0.130051806569099,3.09846091270447,1.43076884746552,K,15
OUTPUT,NaN,NaN,NaN,NaN,NaN,NaN

INPUT,0.366886824369431,0.0343478620052338,0.776246190071106,0.0826696082949638,3.09578371047974,1.47705507278442,K,16
OUTPUT,NaN,NaN,NaN,NaN,NaN,NaN

INPUT,0.369394183158875,0.0343382693827152,0.784083127975464,0.0458566173911095,3.09377074241638,1.51309943199158,K,17
OUTPUT,NaN,NaN,NaN,NaN,NaN,NaN

INPUT,0.371185183525085,0.0343314148485661,0.789680957794189,0.0195795055478811,3.09237146377563,1.53886520862579,K,18
OUTPUT,NaN,NaN,NaN,NaN,NaN,NaN

INPUT,0.372259765863419,0.0343273021280766,0.793039619922638,0.0038196612149477,3.09154772758484,1.55433201789856,K,19
OUTPUT,NaN,NaN,NaN,NaN,NaN,NaN

INPUT,0.372617959976196,0.0343259312212467,0.794159173965454,-0.00143258727621287,3.09127593040466,1.55948865413666,K,20
OUTPUT,NaN,NaN,NaN,NaN,NaN,NaN

INPUT,0.354919970035553,0.0347411520779133,0.733288645744324,0.0429903417825699,3.13501262664795,1.12954592704773,K,12
OUTPUT,NaN,NaN,NaN,NaN,NaN,NaN

INPUT,0.358712255954742,0.0347628854215145,0.744560122489929,-0.0168053116649389,3.13428950309753,1.18410587310791,K,13
OUTPUT,NaN,NaN,NaN,NaN,NaN,NaN

INPUT,0.362504512071609,0.0347846113145351,0.75583153963089,-0.076135665178299,3.13358998298645,1.2391312122345,K,14
OUTPUT,NaN,NaN,NaN,NaN,NaN,NaN

INPUT,0.366296768188477,0.0348063409328461,0.767102956771851,-0.135125666856766,3.13291692733765,1.29449737071991,K,15
OUTPUT,NaN,NaN,NaN,NaN,NaN,NaN

INPUT,0.36970978975296,0.034825898706913,0.777247250080109,-0.187995955348015,3.13233518600464,1.34454774856567,K,16
OUTPUT,NaN,NaN,NaN,NaN,NaN,NaN

INPUT,0.372364401817322,0.0348411090672016,0.785137236118317,-0.229002505540848,3.13189959526062,1.38359093666077,K,17
OUTPUT,NaN,NaN,NaN,NaN,NaN,NaN

INPUT,0.374260514974594,0.0348519757390022,0.790772974491119,-0.258241206407547,3.13159799575806,1.41153073310852,K,18
OUTPUT,NaN,NaN,NaN,NaN,NaN,NaN

INPUT,0.375398188829422,0.0348584949970245,0.794154405593872,-0.27576607465744,3.13142085075378,1.4283127784729,K,19
OUTPUT,NaN,NaN,NaN,NaN,NaN,NaN

INPUT,0.375777423381805,0.0348606668412685,0.795281529426575,-0.281604886054993,3.1313624382019,1.4339097738266,K,20
OUTPUT,NaN,NaN,NaN,NaN,NaN,NaN

INPUT,0.355125337839127,0.0341089256107807,0.732396245002747,0.184005931019783,3.12207555770874,1.18908619880676,K,12
OUTPUT,NaN,NaN,NaN,NaN,NaN,NaN

INPUT,0.358939915895462,0.0340643189847469,0.743572235107422,0.129882752895355,3.120121717453,1.24074828624725,K,13
OUTPUT,NaN,NaN,NaN,NaN,NaN,NaN

INPUT,0.36275452375412,0.0340197123587132,0.754748284816742,0.0759614035487175,3.11822819709778,1.2926139831543,K,14
OUTPUT,NaN,NaN,NaN,NaN,NaN,NaN

INPUT,0.366569131612778,0.0339751020073891,0.765924274921417,0.0221905335783958,3.11639976501465,1.34463274478912,K,15
OUTPUT,NaN,NaN,NaN,NaN,NaN,NaN

INPUT,0.370002269744873,0.0339349582791328,0.775982677936554,-0.0261037331074476,3.11481428146362,1.39155101776123,K,16
OUTPUT,NaN,NaN,NaN,NaN,NaN,NaN

INPUT,0.372672468423843,0.0339037328958511,0.783805906772614,-0.0636136382818222,3.11362290382385,1.42809700965881,K,17
OUTPUT,NaN,NaN,NaN,NaN,NaN,NaN

INPUT,0.374579757452011,0.0338814295828342,0.789393901824951,-0.0903826728463173,3.11279511451721,1.45422542095184,K,18
OUTPUT,NaN,NaN,NaN,NaN,NaN,NaN

INPUT,0.375724136829376,0.0338680446147919,0.792746722698212,-0.106435604393482,3.11230826377869,1.4699113368988,K,19
OUTPUT,NaN,NaN,NaN,NaN,NaN,NaN

INPUT,0.376105606555939,0.0338635854423046,0.79386430978775,-0.111785277724266,3.11214756965637,1.47514140605927,K,20
OUTPUT,NaN,NaN,NaN,NaN,NaN,NaN

INPUT,0.361645191907883,0.0352283418178558,0.732560396194458,-2.97072744369507,3.12081456184387,-2.01260638237,K,12
OUTPUT,NaN,NaN,NaN,NaN,NaN,NaN

INPUT,0.366145342588425,0.035301435738802,0.743754923343658,-3.02002882957458,3.11893224716187,-1.96106481552124,K,13
OUTPUT,NaN,NaN,NaN,NaN,NaN,NaN

INPUT,0.370645463466644,0.0353745333850384,0.754949510097504,-3.06950092315674,3.117107629776,-1.90969181060791,K,14
OUTPUT,NaN,NaN,NaN,NaN,NaN,NaN

INPUT,0.375145614147186,0.0354476273059845,0.766144096851349,-3.11910367012024,3.11534523963928,-1.85844779014587,K,15
OUTPUT,NaN,NaN,NaN,NaN,NaN,NaN

INPUT,0.379195749759674,0.035513412207365,0.776219189167023,3.11935043334961,3.11381578445435,-1.81241428852081,K,16
OUTPUT,NaN,NaN,NaN,NaN,NaN,NaN

INPUT,0.382345855236053,0.0355645790696144,0.784055411815643,3.08451199531555,3.11266565322876,-1.77665686607361,K,17
OUTPUT,NaN,NaN,NaN,NaN,NaN,NaN

INPUT,0.384595930576324,0.0356011278927326,0.789652705192566,3.05960583686829,3.11186623573303,-1.75113689899445,K,18
OUTPUT,NaN,NaN,NaN,NaN,NaN,NaN

INPUT,0.385945975780487,0.0356230549514294,0.793011069297791,3.04465413093567,3.11139559745789,-1.73583257198334,K,19
OUTPUT,NaN,NaN,NaN,NaN,NaN,NaN

INPUT,0.386395990848541,0.0356303639709949,0.794130504131317,3.03966879844666,3.11124014854431,-1.7307323217392,K,20
OUTPUT,NaN,NaN,NaN,NaN,NaN,NaN

INPUT,0.362389326095581,0.0342246405780315,0.732571721076965,-3.02128005027771,3.12332320213318,-2.03953242301941,K,12
OUTPUT,NaN,NaN,NaN,NaN,NaN,NaN

INPUT,0.366968363523483,0.0341923236846924,0.743766129016876,-3.07202386856079,3.12168669700623,-1.98694932460785,K,13
OUTPUT,NaN,NaN,NaN,NaN,NaN,NaN

INPUT,0.371547371149063,0.0341600105166435,0.754960596561432,-3.12290620803833,3.12010335922241,-1.93450319766998,K,14
OUTPUT,NaN,NaN,NaN,NaN,NaN,NaN

INPUT,0.376126408576965,0.0341276898980141,0.766155004501343,3.10928988456726,3.11857748031616,-1.88216173648834,K,15
OUTPUT,NaN,NaN,NaN,NaN,NaN,NaN

INPUT,0.380247533321381,0.034098606556654,0.776230037212372,3.06332802772522,3.11725640296936,-1.83512473106384,K,16
OUTPUT,NaN,NaN,NaN,NaN,NaN,NaN

INPUT,0.383452832698822,0.0340759828686714,0.784066140651703,3.0275411605835,3.11626529693604,-1.79857790470123,K,17
OUTPUT,NaN,NaN,NaN,NaN,NaN,NaN

INPUT,0.385742336511612,0.034059826284647,0.789663314819336,3.00196146965027,3.11557745933533,-1.77249050140381,K,18
OUTPUT,NaN,NaN,NaN,NaN,NaN,NaN

INPUT,0.38711604475975,0.0340501293540001,0.793021678924561,2.98660731315613,3.11517310142517,-1.75684404373169,K,19
OUTPUT,NaN,NaN,NaN,NaN,NaN,NaN

INPUT,0.387573957443237,0.0340468995273113,0.794141113758087,2.98148798942566,3.11503958702087,-1.75162959098816,K,20
OUTPUT,NaN,NaN,NaN,NaN,NaN,NaN

INPUT,0.361421912908554,0.0356504172086716,0.736451745033264,0.1479681879282,3.12626218795776,1.26546680927277,K,5
OUTPUT,NaN,NaN,NaN,NaN,NaN,NaN

INPUT,0.367064565420151,0.0357982032001019,0.749996364116669,0.0643765330314636,3.12372779846191,1.35244965553284,K,6
OUTPUT,NaN,NaN,NaN,NaN,NaN,NaN

INPUT,0.371453315019608,0.0359131507575512,0.76053112745285,-0.000934906012844294,3.12184572219849,1.41980981826782,K,7
OUTPUT,NaN,NaN,NaN,NaN,NaN,NaN

INPUT,0.374588131904602,0.035995252430439,0.768055975437164,-0.0476967468857765,3.12055373191833,1.46781468391418,K,8
OUTPUT,NaN,NaN,NaN,NaN,NaN,NaN

INPUT,0.376469016075134,0.0360445156693459,0.772570848464966,-0.0757891312241554,3.11980128288269,1.49658298492432,K,9
OUTPUT,NaN,NaN,NaN,NaN,NaN,NaN

INPUT,0.358545124530792,0.0384923070669174,0.735994935035706,0.0809704288840294,3.10420083999634,1.14262855052948,K,5
OUTPUT,NaN,NaN,NaN,NaN,NaN,NaN

INPUT,0.363887369632721,0.0390641242265701,0.749625563621521,0.00513927638530731,3.09862995147705,1.22886562347412,K,6
OUTPUT,NaN,NaN,NaN,NaN,NaN,NaN

INPUT,0.368042439222336,0.0395088717341423,0.760227203369141,-0.0546797551214695,3.09448933601379,1.29511249065399,K,7
OUTPUT,NaN,NaN,NaN,NaN,NaN,NaN

INPUT,0.371010363101959,0.0398265495896339,0.76779979467392,-0.097731739282608,3.09164524078369,1.34211504459381,K,8
OUTPUT,NaN,NaN,NaN,NaN,NaN,NaN

INPUT,0.372791111469269,0.0400171540677547,0.772343337535858,-0.123667567968369,3.08998680114746,1.37021493911743,K,9
OUTPUT,NaN,NaN,NaN,NaN,NaN,NaN

INPUT,0.358628034591675,0.0354954525828362,0.736491680145264,0.257267266511917,3.12269234657288,1.37671029567719,K,5
OUTPUT,NaN,NaN,NaN,NaN,NaN,NaN

INPUT,0.363891631364822,0.0356210581958294,0.750120639801025,0.17083315551281,3.119704246521,1.46112608909607,K,6
OUTPUT,NaN,NaN,NaN,NaN,NaN,NaN

INPUT,0.367985546588898,0.0357187539339066,0.760720908641815,0.103773728013039,3.11748957633972,1.52695381641388,K,7
OUTPUT,NaN,NaN,NaN,NaN,NaN,NaN

INPUT,0.370909750461578,0.035788532346487,0.768292486667633,0.0559372045099735,3.11597228050232,1.5740385055542,K,8
OUTPUT,NaN,NaN,NaN,NaN,NaN,NaN

INPUT,0.372664302587509,0.0358304046094418,0.772835493087769,0.0272551868110895,3.11508941650391,1.60231029987335,K,9
OUTPUT,NaN,NaN,NaN,NaN,NaN,NaN

INPUT,0.357637375593185,0.0356964617967606,0.732491672039032,-3.02678656578064,3.1407413482666,-2.06950187683105,K,12
OUTPUT,NaN,NaN,NaN,NaN,NaN,NaN

INPUT,0.361715644598007,0.0358189567923546,0.74367880821228,-3.05452513694763,3.14076805114746,-1.9964941740036,K,13
OUTPUT,NaN,NaN,NaN,NaN,NaN,NaN

INPUT,0.365793913602829,0.0359414517879486,0.754865884780884,-3.08070397377014,3.14079618453979,-1.92192697525024,K,14
OUTPUT,NaN,NaN,NaN,NaN,NaN,NaN

INPUT,0.369872182607651,0.0360639430582523,0.766053020954132,-3.10505080223083,3.14082598686218,-1.84552764892578,K,15
OUTPUT,NaN,NaN,NaN,NaN,NaN,NaN

INPUT,0.373542636632919,0.036174189299345,0.776121437549591,-3.12512946128845,3.14085388183594,-1.77493476867676,K,16
OUTPUT,NaN,NaN,NaN,NaN,NaN,NaN

INPUT,0.376397401094437,0.0362599343061447,0.783952414989471,-3.13936018943787,3.14087653160095,-1.71864295005798,K,17
OUTPUT,NaN,NaN,NaN,NaN,NaN,NaN

INPUT,0.378436535596848,0.0363211818039417,0.789546012878418,3.13449597358704,3.14089274406433,-1.67759919166565,K,18
OUTPUT,NaN,NaN,NaN,NaN,NaN,NaN

INPUT,0.379660040140152,0.0363579317927361,0.792902112007141,3.1292622089386,3.14090275764465,-1.65260899066925,K,19
OUTPUT,NaN,NaN,NaN,NaN,NaN,NaN

INPUT,0.380067855119705,0.0363701805472374,0.79402083158493,3.12758159637451,3.14090609550476,-1.64421498775482,K,20
OUTPUT,NaN,NaN,NaN,NaN,NaN,NaN

INPUT,0.358730435371399,0.0344394370913506,0.736248016357422,0.225919529795647,3.10533952713013,1.32209920883179,K,5
OUTPUT,NaN,NaN,NaN,NaN,NaN,NaN

INPUT,0.364092081785202,0.0343980565667152,0.749905169010162,0.144477427005768,3.10001015663147,1.40794789791107,K,6
OUTPUT,NaN,NaN,NaN,NaN,NaN,NaN

INPUT,0.368262231349945,0.0343658700585365,0.760527372360229,0.080779105424881,3.09606432914734,1.47437679767609,K,7
OUTPUT,NaN,NaN,NaN,NaN,NaN,NaN

INPUT,0.371240943670273,0.0343428812921047,0.768114626407623,0.035142607986927,3.09336256980896,1.52169561386108,K,8
OUTPUT,NaN,NaN,NaN,NaN,NaN,NaN

INPUT,0.373028129339218,0.0343290865421295,0.772666990756989,0.00771612208336592,3.0917911529541,1.55004489421844,K,9
OUTPUT,NaN,NaN,NaN,NaN,NaN,NaN

INPUT,0.360754609107971,0.0347651429474354,0.737415671348572,-0.0468573458492756,3.1349925994873,1.15779328346252,K,5
OUTPUT,NaN,NaN,NaN,NaN,NaN,NaN

INPUT,0.366233587265015,0.0347790606319904,0.751047730445862,-0.129162326455116,3.13362383842468,1.25939846038818,K,6
OUTPUT,NaN,NaN,NaN,NaN,NaN,NaN

INPUT,0.370494991540909,0.0347898900508881,0.761650443077087,-0.195168718695641,3.1326048374176,1.33643388748169,K,7
OUTPUT,NaN,NaN,NaN,NaN,NaN,NaN

INPUT,0.373538881540298,0.0347976200282574,0.769223868846893,-0.243014052510262,3.13190460205078,1.3907618522644,K,8
OUTPUT,NaN,NaN,NaN,NaN,NaN,NaN

INPUT,0.375365197658539,0.0348022617399693,0.77376788854599,-0.271934270858765,3.13149642944336,1.42314565181732,K,9
OUTPUT,NaN,NaN,NaN,NaN,NaN,NaN

INPUT,0.361062675714493,0.0340689942240715,0.736224770545959,0.116882972419262,3.12079095840454,1.23128223419189,K,5
OUTPUT,NaN,NaN,NaN,NaN,NaN,NaN

INPUT,0.366688787937164,0.0339714027941227,0.749778151512146,0.0352027118206024,3.11751961708069,1.31970596313477,K,6
OUTPUT,NaN,NaN,NaN,NaN,NaN,NaN

INPUT,0.371064633131027,0.0338954962790012,0.760319650173187,-0.028891297057271,3.11509418487549,1.38791942596436,K,7
OUTPUT,NaN,NaN,NaN,NaN,NaN,NaN

INPUT,0.374190241098404,0.0338412746787071,0.767849266529083,-0.0748872682452202,3.11343216896057,1.43643152713776,K,8
OUTPUT,NaN,NaN,NaN,NaN,NaN,NaN

INPUT,0.376065611839294,0.033808745443821,0.772367060184479,-0.102553226053715,3.11246490478516,1.46547138690948,K,9
OUTPUT,NaN,NaN,NaN,NaN,NaN,NaN

INPUT,0.361991792917252,0.0352305844426155,0.724298000335693,-2.95817065238953,3.12093997001648,-2.05820393562317,K,4
OUTPUT,NaN,NaN,NaN,NaN,NaN,NaN

INPUT,0.368291914463043,0.0353527590632439,0.737491369247437,-3.03195214271545,3.11814546585083,-1.96977639198303,K,5
OUTPUT,NaN,NaN,NaN,NaN,NaN,NaN

INPUT,0.374592006206512,0.0354749299585819,0.750684797763824,-3.107262134552,3.11550378799438,-1.88287222385406,K,6
OUTPUT,NaN,NaN,NaN,NaN,NaN,NaN

INPUT,0.379492074251175,0.0355699509382248,0.760946333408356,3.11661195755005,3.11356663703918,-1.81601309776306,K,7
OUTPUT,NaN,NaN,NaN,NaN,NaN,NaN

INPUT,0.382992148399353,0.0356378220021725,0.76827597618103,3.07394766807556,3.11225056648254,-1.76855361461639,K,8
OUTPUT,NaN,NaN,NaN,NaN,NaN,NaN

INPUT,0.385092198848724,0.0356785468757153,0.772673785686493,3.0482497215271,3.11148905754089,-1.74017667770386,K,9
OUTPUT,NaN,NaN,NaN,NaN,NaN,NaN

INPUT,0.362769931554794,0.0343039445579052,0.724400699138641,-3.00845241546631,3.12331390380859,-2.0862500667572,K,4
OUTPUT,NaN,NaN,NaN,NaN,NaN,NaN

INPUT,0.369196951389313,0.0342583134770393,0.737569153308868,-3.08440947532654,3.12091374397278,-1.99601328372955,K,5
OUTPUT,NaN,NaN,NaN,NaN,NaN,NaN

INPUT,0.375623971223831,0.0342126786708832,0.750737607479095,3.12136673927307,3.11865568161011,-1.9072242975235,K,6
OUTPUT,NaN,NaN,NaN,NaN,NaN,NaN

INPUT,0.380622744560242,0.0341771878302097,0.76097971200943,3.0604567527771,3.11700749397278,-1.83886647224426,K,7
OUTPUT,NaN,NaN,NaN,NaN,NaN,NaN

INPUT,0.384193301200867,0.0341518335044384,0.768295526504517,3.01666355133057,3.11589241027832,-1.79032361507416,K,8
OUTPUT,NaN,NaN,NaN,NaN,NaN,NaN

INPUT,0.386335641145706,0.0341366231441498,0.772684991359711,2.9902925491333,3.11524939537048,-1.76129257678986,K,9
OUTPUT,NaN,NaN,NaN,NaN,NaN,NaN

INPUT,0.363741934299469,0.0358518697321415,0.736692547798157,-3.05485582351685,3.14006876945496,-1.99352538585663,K,5
OUTPUT,NaN,NaN,NaN,NaN,NaN,NaN

INPUT,0.369614332914352,0.0360385328531265,0.750130712985992,-3.11072278022766,3.14036512374878,-1.887371301651,K,6
OUTPUT,NaN,NaN,NaN,NaN,NaN,NaN

INPUT,0.374181717634201,0.0361837111413479,0.760582685470581,3.1395001411438,3.14060044288635,-1.7943172454834,K,7
OUTPUT,NaN,NaN,NaN,NaN,NaN,NaN

INPUT,0.377444177865982,0.0362874120473862,0.768048346042633,3.12653231620789,3.14076995849609,-1.71727347373962,K,8
OUTPUT,NaN,NaN,NaN,NaN,NaN,NaN

INPUT,0.379401624202728,0.0363496355712414,0.772527694702148,3.12600684165955,3.14087224006653,-1.66379201412201,K,9
OUTPUT,NaN,NaN,NaN,NaN,NaN,NaN

INPUT,0.358231782913208,0.0367074199020863,0.732379555702209,0.198626324534416,3.13830924034119,1.23487937450409,K,12
OUTPUT,NaN,NaN,NaN,NaN,NaN,NaN

INPUT,0.362372636795044,0.0369362086057663,0.743555247783661,0.135145947337151,3.1378927230835,1.28045833110809,K,13
OUTPUT,NaN,NaN,NaN,NaN,NaN,NaN

INPUT,0.36651349067688,0.037164993584156,0.754730939865112,0.0734576210379601,3.13748717308044,1.3278294801712,K,14
OUTPUT,NaN,NaN,NaN,NaN,NaN,NaN

INPUT,0.370654344558716,0.0373937785625458,0.765906631946564,0.0130407772958279,3.13709354400635,1.37647235393524,K,15
OUTPUT,NaN,NaN,NaN,NaN,NaN,NaN

INPUT,0.374381095170975,0.0375996865332127,0.775964796543121,-0.0405288152396679,3.1367506980896,1.42105650901794,K,16
OUTPUT,NaN,NaN,NaN,NaN,NaN,NaN

INPUT,0.377279698848724,0.0377598367631435,0.783787786960602,-0.0817823484539986,3.13649201393127,1.4561448097229,K,17
OUTPUT,NaN,NaN,NaN,NaN,NaN,NaN

INPUT,0.379350125789642,0.0378742292523384,0.789375603199005,-0.11106638610363,3.13631153106689,1.48139071464539,K,18
OUTPUT,NaN,NaN,NaN,NaN,NaN,NaN

INPUT,0.380592375993729,0.0379428677260876,0.792728304862976,-0.128572404384613,3.13620519638062,1.49660265445709,K,19
OUTPUT,NaN,NaN,NaN,NaN,NaN,NaN

INPUT,0.381006449460983,0.0379657447338104,0.793845891952515,-0.134397804737091,3.13617014884949,1.50168323516846,K,20
OUTPUT,NaN,NaN,NaN,NaN,NaN,NaN

INPUT,0.351976424455643,0.0361313819885254,0.732962131500244,0.168398395180702,3.10492181777954,1.27985155582428,K,12
OUTPUT,NaN,NaN,NaN,NaN,NaN,NaN

INPUT,0.355459481477737,0.0362996645271778,0.74419766664505,0.109134621918201,3.10142874717712,1.33759224414825,K,13
OUTPUT,NaN,NaN,NaN,NaN,NaN,NaN

INPUT,0.358942568302155,0.0364679433405399,0.755433261394501,0.0499868057668209,3.09807324409485,1.39545679092407,K,14
OUTPUT,NaN,NaN,NaN,NaN,NaN,NaN

INPUT,0.362425625324249,0.0366362258791924,0.766668856143951,-0.00907509960234165,3.09486651420593,1.45341563224792,K,15
OUTPUT,NaN,NaN,NaN,NaN,NaN,NaN

INPUT,0.365560382604599,0.0367876812815666,0.776780843734741,-0.0621749348938465,3.09211683273315,1.50564193725586,K,16
OUTPUT,NaN,NaN,NaN,NaN,NaN,NaN

INPUT,0.367998510599136,0.0369054786860943,0.784645736217499,-0.10344547778368,3.09007263183594,1.54629635810852,K,17
OUTPUT,NaN,NaN,NaN,NaN,NaN,NaN

INPUT,0.369740039110184,0.0369896218180656,0.790263533592224,-0.132911503314972,3.0886652469635,1.57535088062286,K,18
OUTPUT,NaN,NaN,NaN,NaN,NaN,NaN

INPUT,0.370784968137741,0.0370401069521904,0.793634235858917,-0.150586560368538,3.08784246444702,1.59278917312622,K,19
OUTPUT,NaN,NaN,NaN,NaN,NaN,NaN

INPUT,0.371133267879486,0.0370569340884686,0.794757783412933,-0.156477496027946,3.08757185935974,1.59860277175903,K,20
OUTPUT,NaN,NaN,NaN,NaN,NaN,NaN

INPUT,0.359944015741348,0.0345707572996616,0.732416570186615,-3.01690053939819,3.13823747634888,-1.85623967647552,K,12
OUTPUT,NaN,NaN,NaN,NaN,NaN,NaN

INPUT,0.364265143871307,0.0345746353268623,0.743596076965332,-3.06896305084229,3.13803958892822,-1.78614723682404,K,13
OUTPUT,NaN,NaN,NaN,NaN,NaN,NaN

INPUT,0.368586272001266,0.0345785096287727,0.754775583744049,-3.12194848060608,3.13785481452942,-1.71697795391083,K,14
OUTPUT,NaN,NaN,NaN,NaN,NaN,NaN

INPUT,0.372907400131226,0.0345823876559734,0.765955090522766,3.10751438140869,3.13768362998962,-1.64854538440704,K,15
OUTPUT,NaN,NaN,NaN,NaN,NaN,NaN

INPUT,0.376796424388885,0.0345858745276928,0.776016652584076,3.05865359306335,3.13754200935364,-1.58746659755707,K,16
OUTPUT,NaN,NaN,NaN,NaN,NaN,NaN

INPUT,0.379821211099625,0.0345885902643204,0.783842265605927,3.02037286758423,3.13743996620178,-1.54023873806,K,17
OUTPUT,NaN,NaN,NaN,NaN,NaN,NaN

INPUT,0.381981790065765,0.0345905274152756,0.789432048797607,2.99290108680725,3.13737177848816,-1.5066329240799,K,18
OUTPUT,NaN,NaN,NaN,NaN,NaN,NaN

INPUT,0.383278131484985,0.0345916897058487,0.792785882949829,2.9763720035553,3.13733291625977,-1.48651564121246,K,19
OUTPUT,NaN,NaN,NaN,NaN,NaN,NaN

INPUT,0.383710235357285,0.0345920771360397,0.793903827667236,2.97085499763489,3.13732004165649,-1.47981703281403,K,20
OUTPUT,NaN,NaN,NaN,NaN,NaN,NaN

INPUT,0.36084109544754,0.0350296497344971,0.721698880195618,-2.81027150154114,3.11136412620544,-2.00264835357666,K,11
OUTPUT,NaN,NaN,NaN,NaN,NaN,NaN

INPUT,0.365775644779205,0.0350881069898605,0.732932806015015,-2.85663247108459,3.10815525054932,-1.95400142669678,K,12
OUTPUT,NaN,NaN,NaN,NaN,NaN,NaN

INPUT,0.370710223913193,0.035146564245224,0.744166672229767,-2.90319442749023,3.10502171516418,-1.90555000305176,K,13
OUTPUT,NaN,NaN,NaN,NaN,NaN,NaN

INPUT,0.37564480304718,0.0352050215005875,0.755400598049164,-2.94990611076355,3.10197043418884,-1.85724353790283,K,14
OUTPUT,NaN,NaN,NaN,NaN,NaN,NaN

INPUT,0.380579382181168,0.0352634787559509,0.766634464263916,-2.99673342704773,3.09900879859924,-1.809046626091,K,15
OUTPUT,NaN,NaN,NaN,NaN,NaN,NaN

INPUT,0.38502049446106,0.0353160910308361,0.776744961738586,-3.03895616531372,3.0964252948761,-1.76574277877808,K,16
OUTPUT,NaN,NaN,NaN,NaN,NaN,NaN

INPUT,0.388474702835083,0.0353570096194744,0.784608721733093,-3.07183814048767,3.09447264671326,-1.73210048675537,K,17
OUTPUT,NaN,NaN,NaN,NaN,NaN,NaN

INPUT,0.390941977500916,0.0353862382471561,0.790225684642792,-3.09534478187561,3.09310960769653,-1.70808804035187,K,18
OUTPUT,NaN,NaN,NaN,NaN,NaN,NaN

INPUT,0.39242234826088,0.0354037769138813,0.793595850467682,-3.10945606231689,3.09230494499207,-1.6936868429184,K,19
OUTPUT,NaN,NaN,NaN,NaN,NaN,NaN

INPUT,0.392915815114975,0.0354096218943596,0.794719219207764,-3.11416077613831,3.09203886985779,-1.68888735771179,K,20
OUTPUT,NaN,NaN,NaN,NaN,NaN,NaN

INPUT,0.346028029918671,0.0385461524128914,0.743662655353546,0.0609102286398411,3.05983543395996,1.22994744777679,K,13
OUTPUT,NaN,NaN,NaN,NaN,NaN,NaN

INPUT,0.348612755537033,0.0389285311102867,0.754847168922424,0.00495720421895385,3.05299162864685,1.28545010089874,K,14
OUTPUT,NaN,NaN,NaN,NaN,NaN,NaN

INPUT,0.351197481155396,0.039310909807682,0.766031682491302,-0.0509807467460632,3.04642224311829,1.34100103378296,K,15
OUTPUT,NaN,NaN,NaN,NaN,NaN,NaN

INPUT,0.353523731231689,0.0396550521254539,0.776097774505615,-0.101318344473839,3.04076194763184,1.3910323381424,K,16
OUTPUT,NaN,NaN,NaN,NaN,NaN,NaN

INPUT,0.355333030223846,0.0399227142333984,0.783926963806152,-0.140468284487724,3.03653407096863,1.42996656894684,K,17
OUTPUT,NaN,NaN,NaN,NaN,NaN,NaN

INPUT,0.356625407934189,0.0401139035820961,0.789519190788269,-0.168432667851448,3.033611536026,1.45778703689575,K,18
OUTPUT,NaN,NaN,NaN,NaN,NaN,NaN

INPUT,0.357400804758072,0.0402286201715469,0.792874574661255,-0.185211509466171,3.03189826011658,1.47448313236237,K,19
OUTPUT,NaN,NaN,NaN,NaN,NaN,NaN

INPUT,0.35765928030014,0.0402668565511703,0.79399299621582,-0.190804615616798,3.03133392333984,1.48004925251007,K,20
OUTPUT,NaN,NaN,NaN,NaN,NaN,NaN

INPUT,0.369529515504837,0.0351043306291103,0.731245875358582,-2.89312386512756,3.10566163063049,-1.93664360046387,K,5
OUTPUT,NaN,NaN,NaN,NaN,NaN,NaN

INPUT,0.377592086791992,0.0352044552564621,0.746905148029327,-2.97165417671204,3.10049057006836,-1.84642398357391,K,6
OUTPUT,NaN,NaN,NaN,NaN,NaN,NaN

INPUT,0.383862942457199,0.0352823249995708,0.759084522724152,-3.03364753723145,3.09666800498962,-1.7771555185318,K,7
OUTPUT,NaN,NaN,NaN,NaN,NaN,NaN

INPUT,0.388342142105103,0.0353379510343075,0.767784118652344,-3.07828259468079,3.09405469894409,-1.72802567481995,K,8
OUTPUT,NaN,NaN,NaN,NaN,NaN,NaN

INPUT,0.391029685735703,0.0353713259100914,0.773003876209259,-3.10517859458923,3.09253644943237,-1.69865942001343,K,9
OUTPUT,NaN,NaN,NaN,NaN,NaN,NaN

INPUT,0.364460170269012,0.0369672141969204,0.736566305160522,0.129156559705734,3.138592004776,1.27804887294769,K,5
OUTPUT,NaN,NaN,NaN,NaN,NaN,NaN

INPUT,0.370455533266068,0.0373214520514011,0.749987065792084,0.0313874632120132,3.13769197463989,1.35566747188568,K,6
OUTPUT,NaN,NaN,NaN,NaN,NaN,NaN

INPUT,0.375118553638458,0.0375969745218754,0.760425388813019,-0.041955579072237,3.13701248168945,1.41873729228973,K,7
OUTPUT,NaN,NaN,NaN,NaN,NaN,NaN

INPUT,0.378449320793152,0.0377937741577625,0.767881393432617,-0.0935077518224716,3.13653969764709,1.46462297439575,K,8
OUTPUT,NaN,NaN,NaN,NaN,NaN,NaN

INPUT,0.380447775125504,0.0379118509590626,0.772354960441589,-0.124200135469437,3.13626170158386,1.49239337444305,K,9
OUTPUT,NaN,NaN,NaN,NaN,NaN,NaN

INPUT,0.35770782828331,0.0362625122070313,0.736644566059113,0.0925566405057907,3.10213947296143,1.32495021820068,K,5
OUTPUT,NaN,NaN,NaN,NaN,NaN,NaN

INPUT,0.362924993038177,0.0364879183471203,0.750375807285309,0.00384838809259236,3.09653115272522,1.42438876628876,K,6
OUTPUT,NaN,NaN,NaN,NaN,NaN,NaN

INPUT,0.366982787847519,0.0366632342338562,0.761055707931519,-0.0659760534763336,3.09244132041931,1.50091624259949,K,7
OUTPUT,NaN,NaN,NaN,NaN,NaN,NaN

INPUT,0.369881212711334,0.0367884635925293,0.768684148788452,-0.116170041263103,3.08967971801758,1.55526828765869,K,8
OUTPUT,NaN,NaN,NaN,NaN,NaN,NaN

INPUT,0.371620267629623,0.036863598972559,0.773261249065399,-0.146389275789261,3.08809018135071,1.5877799987793,K,9
OUTPUT,NaN,NaN,NaN,NaN,NaN,NaN

INPUT,0.360166668891907,0.0346141457557678,0.723463714122772,-3.00575733184814,3.13740110397339,-1.91543281078339,K,4
OUTPUT,NaN,NaN,NaN,NaN,NaN,NaN

INPUT,0.366376519203186,0.0346121490001678,0.736815571784973,-3.08653402328491,3.13732409477234,-1.79974770545959,K,5
OUTPUT,NaN,NaN,NaN,NaN,NaN,NaN

INPUT,0.372586339712143,0.0346101485192776,0.750167429447174,3.11541128158569,3.137286901474,-1.68452608585358,K,6
OUTPUT,NaN,NaN,NaN,NaN,NaN,NaN

INPUT,0.37741619348526,0.0346085950732231,0.760552167892456,3.05211496353149,3.1372857093811,-1.59501874446869,K,7
OUTPUT,NaN,NaN,NaN,NaN,NaN,NaN

INPUT,0.380866080522537,0.0346074812114239,0.767969846725464,3.0069363117218,3.13729977607727,-1.53105223178864,K,8
OUTPUT,NaN,NaN,NaN,NaN,NaN,NaN

INPUT,0.382936030626297,0.0346068181097507,0.772420465946198,2.97986841201782,3.1373143196106,-1.49263274669647,K,9
OUTPUT,NaN,NaN,NaN,NaN,NaN,NaN

INPUT,0.352157771587372,0.0347517803311348,0.732784807682037,0.237551391124725,3.10933232307434,1.18498122692108,K,12
OUTPUT,NaN,NaN,NaN,NaN,NaN,NaN

INPUT,0.355659276247025,0.0347748883068562,0.744002521038055,0.186825379729271,3.10613131523132,1.23398387432098,K,13
OUTPUT,NaN,NaN,NaN,NaN,NaN,NaN

INPUT,0.359160751104355,0.0347979925572872,0.755220234394073,0.13623771071434,3.10301852226257,1.28313040733337,K,14
OUTPUT,NaN,NaN,NaN,NaN,NaN,NaN

INPUT,0.362662255764008,0.0348211005330086,0.766437947750092,0.0857531651854515,3.10000133514404,1.33238613605499,K,15
OUTPUT,NaN,NaN,NaN,NaN,NaN,NaN

INPUT,0.365813583135605,0.0348418951034546,0.776533901691437,0.0403851605951786,3.09737420082092,1.37678933143616,K,16
OUTPUT,NaN,NaN,NaN,NaN,NaN,NaN

INPUT,0.368264645338058,0.0348580703139305,0.784386277198792,0.005134426523,3.09539198875427,1.41136431694031,K,17
OUTPUT,NaN,NaN,NaN,NaN,NaN,NaN

INPUT,0.370015382766724,0.034869622439146,0.789995133876801,-0.0200285855680704,3.09401059150696,1.43607878684998,K,18
OUTPUT,NaN,NaN,NaN,NaN,NaN,NaN

INPUT,0.371065825223923,0.0348765552043915,0.793360471725464,-0.0351206213235855,3.09319591522217,1.4509140253067,K,19
OUTPUT,NaN,NaN,NaN,NaN,NaN,NaN

INPUT,0.371415972709656,0.0348788648843765,0.794482231140137,-0.0401504300534725,3.09292674064636,1.45586001873016,K,20
OUTPUT,NaN,NaN,NaN,NaN,NaN,NaN

INPUT,0.350376069545746,0.0385679490864277,0.742068648338318,0.0143645973876119,3.05743837356567,1.23990964889526,K,5
OUTPUT,NaN,NaN,NaN,NaN,NaN,NaN

INPUT,0.353775888681412,0.0390293039381504,0.753605127334595,-0.058330662548542,3.04749417304993,1.32746052742004,K,6
OUTPUT,NaN,NaN,NaN,NaN,NaN,NaN

INPUT,0.35642021894455,0.0393881388008595,0.762578010559082,-0.115877449512482,3.04017066955566,1.3945996761322,K,7
OUTPUT,NaN,NaN,NaN,NaN,NaN,NaN

INPUT,0.358309000730515,0.0396444462239742,0.76898717880249,-0.15739132463932,3.03517770767212,1.44217467308044,K,8
OUTPUT,NaN,NaN,NaN,NaN,NaN,NaN

INPUT,0.359442293643951,0.0397982336580753,0.772832632064819,-0.182436004281044,3.03228187561035,1.47059452533722,K,9
OUTPUT,NaN,NaN,NaN,NaN,NaN,NaN

INPUT,0.359453141689301,0.0338021479547024,0.721126437187195,-3.00773048400879,3.11052083969116,-1.99192750453949,K,11
OUTPUT,NaN,NaN,NaN,NaN,NaN,NaN

INPUT,0.364224851131439,0.0337161011993885,0.732293009757996,-3.06667399406433,3.10736417770386,-1.9313657283783,K,12
OUTPUT,NaN,NaN,NaN,NaN,NaN,NaN

INPUT,0.3689965903759,0.0336300544440746,0.743459522724152,-3.12575483322144,3.10432982444763,-1.8709352016449,K,13
OUTPUT,NaN,NaN,NaN,NaN,NaN,NaN

INPUT,0.373768270015717,0.0335440114140511,0.754625976085663,3.09824633598328,3.10142827033997,-1.81060123443604,K,14
OUTPUT,NaN,NaN,NaN,NaN,NaN,NaN

INPUT,0.378540009260178,0.0334579646587372,0.765792489051819,3.03898310661316,3.09867000579834,-1.75033950805664,K,15
OUTPUT,NaN,NaN,NaN,NaN,NaN,NaN

INPUT,0.382834553718567,0.0333805233240128,0.775842368602753,2.98559260368347,3.09631848335266,-1.69615173339844,K,16
OUTPUT,NaN,NaN,NaN,NaN,NaN,NaN

INPUT,0.386174738407135,0.0333202928304672,0.783658921718597,2.94403767585754,3.09457969665527,-1.65403079986572,K,17
OUTPUT,NaN,NaN,NaN,NaN,NaN,NaN

INPUT,0.388560593128204,0.0332772694528103,0.789242208003998,2.91434240341187,3.09338784217834,-1.62395560741425,K,18
OUTPUT,NaN,NaN,NaN,NaN,NaN,NaN

INPUT,0.389992117881775,0.0332514569163322,0.792592167854309,2.89652037620544,3.09269332885742,-1.60591435432434,K,19
OUTPUT,NaN,NaN,NaN,NaN,NaN,NaN

INPUT,0.390469282865524,0.0332428514957428,0.793708801269531,2.89057898521423,3.09246516227722,-1.59990131855011,K,20
OUTPUT,NaN,NaN,NaN,NaN,NaN,NaN

INPUT,0.35786759853363,0.0348031595349312,0.7364621758461,0.175953388214111,3.10675263404846,1.22653079032898,K,5
OUTPUT,NaN,NaN,NaN,NaN,NaN,NaN

INPUT,0.363094985485077,0.0348163545131683,0.750157952308655,0.0986960530281067,3.10153961181641,1.30961465835571,K,6
OUTPUT,NaN,NaN,NaN,NaN,NaN,NaN

INPUT,0.367160737514496,0.0348266176879406,0.760810196399689,0.0381335243582726,3.097660779953,1.37377297878265,K,7
OUTPUT,NaN,NaN,NaN,NaN,NaN,NaN

INPUT,0.370064824819565,0.034833949059248,0.768418967723846,-0.00530885485932231,3.09499406814575,1.4194233417511,K,8
OUTPUT,NaN,NaN,NaN,NaN,NaN,NaN

INPUT,0.371807307004929,0.0348383449018002,0.772984206676483,-0.0314334854483604,3.09343791007996,1.44675707817078,K,9
OUTPUT,NaN,NaN,NaN,NaN,NaN,NaN

INPUT,0.367856174707413,0.0338065922260284,0.730472803115845,-3.11419034004211,3.10503840446472,-1.91100692749023,K,5
OUTPUT,NaN,NaN,NaN,NaN,NaN,NaN

INPUT,0.375654399394989,0.0336914695799351,0.746046483516693,3.06994318962097,3.10008692741394,-1.79784941673279,K,6
OUTPUT,NaN,NaN,NaN,NaN,NaN,NaN

INPUT,0.381719678640366,0.0336019285023212,0.758159279823303,2.99186587333679,3.09655451774597,-1.71086072921753,K,7
OUTPUT,NaN,NaN,NaN,NaN,NaN,NaN

INPUT,0.386052042245865,0.0335379727184772,0.766811311244965,2.9356997013092,3.09421706199646,-1.64911496639252,K,8
OUTPUT,NaN,NaN,NaN,NaN,NaN,NaN

INPUT,0.388651430606842,0.0334995985031128,0.772002518177032,2.90187311172485,3.09289312362671,-1.61219108104706,K,9
OUTPUT,NaN,NaN,NaN,NaN,NaN,NaN

INPUT,0.359179437160492,0.035838071256876,0.732659518718719,0.131075203418732,3.13568496704102,1.16428589820862,K,12
OUTPUT,NaN,NaN,NaN,NaN,NaN,NaN

INPUT,0.363420188426971,0.0359754711389542,0.743864119052887,0.0730101019144058,3.1350212097168,1.2149600982666,K,13
OUTPUT,NaN,NaN,NaN,NaN,NaN,NaN

INPUT,0.367660909891129,0.0361128747463226,0.75506865978241,0.0156148634850979,3.13437652587891,1.26630425453186,K,14
OUTPUT,NaN,NaN,NaN,NaN,NaN,NaN

INPUT,0.371901661157608,0.0362502746284008,0.766273260116577,-0.0412911362946033,3.13375329971313,1.31813776493073,K,15
OUTPUT,NaN,NaN,NaN,NaN,NaN,NaN

INPUT,0.375718325376511,0.0363739356398582,0.776357412338257,-0.0921897366642952,3.13321208953857,1.36510527133942,K,16
OUTPUT,NaN,NaN,NaN,NaN,NaN,NaN

INPUT,0.378686845302582,0.0364701189100742,0.784200608730316,-0.13161289691925,3.13280510902405,1.40180027484894,K,17
OUTPUT,NaN,NaN,NaN,NaN,NaN,NaN

INPUT,0.380807220935822,0.0365388207137585,0.7898029088974,-0.159698262810707,3.13252210617065,1.42808508872986,K,18
OUTPUT,NaN,NaN,NaN,NaN,NaN,NaN

INPUT,0.382079422473907,0.0365800410509109,0.793164312839508,-0.176523223519325,3.13235545158386,1.44388210773468,K,19
OUTPUT,NaN,NaN,NaN,NaN,NaN,NaN

INPUT,0.382503509521484,0.0365937799215317,0.794284760951996,-0.182127445936203,3.13230037689209,1.44915199279785,K,20
OUTPUT,NaN,NaN,NaN,NaN,NaN,NaN

INPUT,0.357633382081985,0.0354565605521202,0.7332763671875,-2.92763376235962,3.12637782096863,-1.88358247280121,K,12
OUTPUT,NaN,NaN,NaN,NaN,NaN,NaN

INPUT,0.361711293458939,0.0355539135634899,0.744545817375183,-2.98055791854858,3.12505269050598,-1.82662296295166,K,13
OUTPUT,NaN,NaN,NaN,NaN,NaN,NaN

INPUT,0.365789204835892,0.0356512665748596,0.755815207958221,-3.0337769985199,3.12377738952637,-1.76995730400085,K,14
OUTPUT,NaN,NaN,NaN,NaN,NaN,NaN

INPUT,0.369867116212845,0.0357486195862293,0.767084658145905,-3.08722305297852,3.12255573272705,-1.7135169506073,K,15
OUTPUT,NaN,NaN,NaN,NaN,NaN,NaN

INPUT,0.373537242412567,0.0358362346887589,0.777227163314819,-3.13547730445862,3.12150526046753,-1.6628725528717,K,16
OUTPUT,NaN,NaN,NaN,NaN,NaN,NaN

INPUT,0.376391768455505,0.0359043814241886,0.785115778446198,3.11009526252747,3.1207218170166,-1.62356340885162,K,17
OUTPUT,NaN,NaN,NaN,NaN,NaN,NaN

INPUT,0.378430724143982,0.0359530597925186,0.790750503540039,3.08319139480591,3.12018132209778,-1.5955228805542,K,18
OUTPUT,NaN,NaN,NaN,NaN,NaN,NaN

INPUT,0.379654109477997,0.0359822660684586,0.794131338596344,3.06703543663025,3.11986470222473,-1.57871186733246,K,19
OUTPUT,NaN,NaN,NaN,NaN,NaN,NaN

INPUT,0.380061894655228,0.0359920002520084,0.795258283615112,3.06164813041687,3.11976027488708,-1.57311022281647,K,20
OUTPUT,NaN,NaN,NaN,NaN,NaN,NaN

INPUT,0.357550293207169,0.0347735323011875,0.722041070461273,-3.01337337493896,3.11599779129028,-2.06657934188843,K,11
OUTPUT,NaN,NaN,NaN,NaN,NaN,NaN

INPUT,0.362098187208176,0.0348018929362297,0.733314573764801,-3.06830835342407,3.1133759021759,-2.01013612747192,K,12
OUTPUT,NaN,NaN,NaN,NaN,NaN,NaN

INPUT,0.366646111011505,0.0348302498459816,0.744588077068329,-3.12337183952332,3.11084151268005,-1.95381760597229,K,13
OUTPUT,NaN,NaN,NaN,NaN,NaN,NaN

INPUT,0.37119397521019,0.0348586104810238,0.755861580371857,3.10465383529663,3.10840249061584,-1.8975909948349,K,14
OUTPUT,NaN,NaN,NaN,NaN,NaN,NaN

INPUT,0.375741899013519,0.0348869673907757,0.767135083675385,3.04942011833191,3.10606622695923,-1.84143388271332,K,15
OUTPUT,NaN,NaN,NaN,NaN,NaN,NaN

INPUT,0.37983500957489,0.0349124930799007,0.777281284332275,2.9996600151062,3.1040575504303,-1.79093849658966,K,16
OUTPUT,NaN,NaN,NaN,NaN,NaN,NaN

INPUT,0.383018523454666,0.0349323451519012,0.785172760486603,2.96093058586121,3.10256028175354,-1.75168859958649,K,17
OUTPUT,NaN,NaN,NaN,NaN,NaN,NaN

INPUT,0.38529247045517,0.0349465236067772,0.790809512138367,2.93325448036194,3.10152697563171,-1.72366404533386,K,18
OUTPUT,NaN,NaN,NaN,NaN,NaN,NaN

INPUT,0.386656850576401,0.0349550321698189,0.794191539287567,2.91664433479309,3.10092186927795,-1.7068532705307,K,19
OUTPUT,NaN,NaN,NaN,NaN,NaN,NaN

INPUT,0.387111634016037,0.034957867115736,0.795318901538849,2.91110682487488,3.10072255134583,-1.70125031471252,K,20
OUTPUT,NaN,NaN,NaN,NaN,NaN,NaN

INPUT,0.362360239028931,0.0320656821131706,0.732992053031921,-3.07452845573425,3.12139868736267,-1.99335896968842,K,12
OUTPUT,NaN,NaN,NaN,NaN,NaN,NaN

INPUT,0.366935610771179,0.0318059138953686,0.744231998920441,-3.13047552108765,3.1196277141571,-1.93551027774811,K,13
OUTPUT,NaN,NaN,NaN,NaN,NaN,NaN

INPUT,0.371510982513428,0.0315461456775665,0.755472004413605,3.09662246704102,3.11792802810669,-1.87780010700226,K,14
OUTPUT,NaN,NaN,NaN,NaN,NaN,NaN

INPUT,0.376086354255676,0.0312863774597645,0.766711950302124,3.04042720794678,3.11630463600159,-1.82019543647766,K,15
OUTPUT,NaN,NaN,NaN,NaN,NaN,NaN

INPUT,0.380204200744629,0.0310525838285685,0.776827931404114,2.98977899551392,3.11491346359253,-1.76842176914215,K,16
OUTPUT,NaN,NaN,NaN,NaN,NaN,NaN

INPUT,0.383406966924667,0.0308707449585199,0.7846959233284,2.95034694671631,3.11387968063354,-1.72819101810455,K,17
OUTPUT,NaN,NaN,NaN,NaN,NaN,NaN

INPUT,0.385694652795792,0.0307408608496189,0.790315926074982,2.92216348648071,3.11316800117493,-1.69947183132172,K,18
OUTPUT,NaN,NaN,NaN,NaN,NaN,NaN

INPUT,0.387067258358002,0.0306629296392202,0.793687880039215,2.9052472114563,3.11275196075439,-1.6822464466095,K,19
OUTPUT,NaN,NaN,NaN,NaN,NaN,NaN

INPUT,0.38752481341362,0.0306369531899691,0.794811904430389,2.89960718154907,3.11261510848999,-1.67650556564331,K,20
OUTPUT,NaN,NaN,NaN,NaN,NaN,NaN

INPUT,0.3499456346035,0.0382469780743122,0.732717275619507,0.110280372202396,3.10418105125427,1.20157206058502,K,12
OUTPUT,NaN,NaN,NaN,NaN,NaN,NaN

INPUT,0.353214204311371,0.0386377647519112,0.743928551673889,0.0521842800080776,3.10059571266174,1.25835990905762,K,13
OUTPUT,NaN,NaN,NaN,NaN,NaN,NaN

INPUT,0.356482803821564,0.0390285477042198,0.755139827728271,-0.00581222353503108,3.09714579582214,1.31525504589081,K,14
OUTPUT,NaN,NaN,NaN,NaN,NaN,NaN

INPUT,0.359751403331757,0.0394193306565285,0.766351103782654,-0.063735231757164,3.09384226799011,1.37223255634308,K,15
OUTPUT,NaN,NaN,NaN,NaN,NaN,NaN

INPUT,0.362693130970001,0.0397710390388966,0.776441276073456,-0.115818120539188,3.09100341796875,1.42356777191162,K,16
OUTPUT,NaN,NaN,NaN,NaN,NaN,NaN

INPUT,0.364981144666672,0.0400445871055126,0.784289181232452,-0.156302243471146,3.08888864517212,1.46352481842041,K,17
OUTPUT,NaN,NaN,NaN,NaN,NaN,NaN

INPUT,0.366615444421768,0.0402399785816669,0.789894819259644,-0.185208454728127,3.08743000030518,1.49207925796509,K,18
OUTPUT,NaN,NaN,NaN,NaN,NaN,NaN

INPUT,0.367596000432968,0.0403572134673595,0.793258249759674,-0.202548280358315,3.08657622337341,1.50921702384949,K,19
OUTPUT,NaN,NaN,NaN,NaN,NaN,NaN

INPUT,0.367922872304916,0.0403962917625904,0.794379353523254,-0.208327651023865,3.08629512786865,1.51493036746979,K,20
OUTPUT,NaN,NaN,NaN,NaN,NaN,NaN

INPUT,0.356798052787781,0.0376433283090591,0.733116328716278,0.247875541448593,3.13326072692871,1.2913384437561,K,12
OUTPUT,NaN,NaN,NaN,NaN,NaN,NaN

INPUT,0.36078804731369,0.0379706136882305,0.744369447231293,0.188807919621468,3.13237261772156,1.34209060668945,K,13
OUTPUT,NaN,NaN,NaN,NaN,NaN,NaN

INPUT,0.364778012037277,0.0382979027926922,0.755622506141663,0.130461260676384,3.13151240348816,1.3935638666153,K,14
OUTPUT,NaN,NaN,NaN,NaN,NaN,NaN

INPUT,0.368768006563187,0.0386251918971539,0.766875565052032,0.0726466104388237,3.13068246841431,1.44556987285614,K,15
OUTPUT,NaN,NaN,NaN,NaN,NaN,NaN

INPUT,0.37235900759697,0.0389197506010532,0.777003347873688,0.0209611244499683,3.12996339797974,1.49272346496582,K,16
OUTPUT,NaN,NaN,NaN,NaN,NaN,NaN

INPUT,0.375151991844177,0.0391488522291183,0.784880518913269,-0.0190568119287491,3.12942361831665,1.52958071231842,K,17
OUTPUT,NaN,NaN,NaN,NaN,NaN,NaN

INPUT,0.37714695930481,0.0393124967813492,0.790507078170776,-0.0475587919354439,3.12904906272888,1.55598938465118,K,18
OUTPUT,NaN,NaN,NaN,NaN,NaN,NaN

INPUT,0.378343969583511,0.0394106805324554,0.793882966041565,-0.064630851149559,3.12882900238037,1.57186388969421,K,19
OUTPUT,NaN,NaN,NaN,NaN,NaN,NaN

INPUT,0.378742963075638,0.0394434109330177,0.795008301734924,-0.0703170225024223,3.12875628471375,1.57716000080109,K,20
OUTPUT,NaN,NaN,NaN,NaN,NaN,NaN

INPUT,0.346582621335983,0.0350986793637276,0.732322216033936,0.269710183143616,3.09029412269592,1.21059095859528,K,12
OUTPUT,NaN,NaN,NaN,NaN,NaN,NaN

INPUT,0.349497824907303,0.0351583510637283,0.74349045753479,0.219615504145622,3.08526253700256,1.25956523418427,K,13
OUTPUT,NaN,NaN,NaN,NaN,NaN,NaN

INPUT,0.352413028478622,0.0352180264890194,0.754658639431,0.169604882597923,3.08036875724792,1.30863702297211,K,14
OUTPUT,NaN,NaN,NaN,NaN,NaN,NaN

INPUT,0.355328232049942,0.0352777019143105,0.765826821327209,0.119655355811119,3.07562518119812,1.35778474807739,K,15
OUTPUT,NaN,NaN,NaN,NaN,NaN,NaN

INPUT,0.357951909303665,0.0353314094245434,0.775878190994263,0.0747397691011429,3.07149410247803,1.40207004547119,K,16
OUTPUT,NaN,NaN,NaN,NaN,NaN,NaN

INPUT,0.359992563724518,0.03537318110466,0.783695936203003,0.0398254133760929,3.06837677955627,1.43654263019562,K,17
OUTPUT,NaN,NaN,NaN,NaN,NaN,NaN

INPUT,0.361450165510178,0.0354030169546604,0.78928005695343,0.0148952370509505,3.06620407104492,1.4611793756485,K,18
OUTPUT,NaN,NaN,NaN,NaN,NaN,NaN

INPUT,0.362324714660645,0.0354209206998348,0.7926304936409,-5.98667174926959E-05,3.06492233276367,1.47596633434296,K,19
OUTPUT,NaN,NaN,NaN,NaN,NaN,NaN

INPUT,0.362616240978241,0.035426888614893,0.793747305870056,-0.00504443189129233,3.06449890136719,1.48089611530304,K,20
OUTPUT,NaN,NaN,NaN,NaN,NaN,NaN

INPUT,0.355582118034363,0.0349982380867004,0.733615100383759,0.271138668060303,3.12439274787903,1.22345983982086,K,12
OUTPUT,NaN,NaN,NaN,NaN,NaN,NaN

INPUT,0.35944464802742,0.0350473187863827,0.74491935968399,0.219318374991417,3.12264251708984,1.27186870574951,K,13
OUTPUT,NaN,NaN,NaN,NaN,NaN,NaN

INPUT,0.363307178020477,0.0350963994860649,0.756223678588867,0.167782634496689,3.1209397315979,1.32056355476379,K,14
OUTPUT,NaN,NaN,NaN,NaN,NaN,NaN

INPUT,0.367169737815857,0.0351454801857471,0.767527937889099,0.11645944416523,3.11928868293762,1.36947298049927,K,15
OUTPUT,NaN,NaN,NaN,NaN,NaN,NaN

INPUT,0.37064602971077,0.0351896546781063,0.777701795101166,0.0704089924693108,3.11785054206848,1.41363346576691,K,16
OUTPUT,NaN,NaN,NaN,NaN,NaN,NaN

INPUT,0.373349785804749,0.0352240093052387,0.785614788532257,0.0346661061048508,3.11676526069641,1.44805562496185,K,17
OUTPUT,NaN,NaN,NaN,NaN,NaN,NaN

INPUT,0.375281065702438,0.035248551517725,0.791266918182373,0.00916922092437744,3.11600852012634,1.47267711162567,K,18
OUTPUT,NaN,NaN,NaN,NaN,NaN,NaN

INPUT,0.376439809799194,0.0352632738649845,0.794658243656158,-0.00611694809049368,3.11556220054626,1.4874621629715,K,19
OUTPUT,NaN,NaN,NaN,NaN,NaN,NaN

INPUT,0.376826077699661,0.0352681837975979,0.795788645744324,-0.0112105021253228,3.11541485786438,1.49239253997803,K,20
OUTPUT,NaN,NaN,NaN,NaN,NaN,NaN

INPUT,0.365677148103714,0.0349292531609535,0.731520056724548,-3.11218523979187,3.11130571365356,-1.99073278903961,K,5
OUTPUT,NaN,NaN,NaN,NaN,NaN,NaN

INPUT,0.37310716509819,0.0350067615509033,0.747293651103973,3.07851505279541,3.10718941688538,-1.88545429706573,K,6
OUTPUT,NaN,NaN,NaN,NaN,NaN,NaN

INPUT,0.378886044025421,0.035067044198513,0.759562015533447,3.0056369304657,3.10421752929688,-1.80450749397278,K,7
OUTPUT,NaN,NaN,NaN,NaN,NaN,NaN

INPUT,0.383013844490051,0.035110104829073,0.768325090408325,2.95321655273438,3.10222864151001,-1.74704766273499,K,8
OUTPUT,NaN,NaN,NaN,NaN,NaN,NaN

INPUT,0.385490506887436,0.0351359397172928,0.773582994937897,2.92164707183838,3.10109186172485,-1.71268701553345,K,9
OUTPUT,NaN,NaN,NaN,NaN,NaN,NaN

INPUT,0.359447479248047,0.0357921682298183,0.723529279232025,0.138010606169701,3.13706064224243,1.10865807533264,K,4
OUTPUT,NaN,NaN,NaN,NaN,NaN,NaN

INPUT,0.365598917007446,0.0359954498708248,0.736964821815491,0.0549180433154106,3.13573050498962,1.20043778419495,K,5
OUTPUT,NaN,NaN,NaN,NaN,NaN,NaN

INPUT,0.371750384569168,0.0361987315118313,0.750400304794312,-0.0297643281519413,3.13444495201111,1.29062819480896,K,6
OUTPUT,NaN,NaN,NaN,NaN,NaN,NaN

INPUT,0.376534819602966,0.0363568365573883,0.760850131511688,-0.0962215885519981,3.13348245620728,1.36018359661102,K,7
OUTPUT,NaN,NaN,NaN,NaN,NaN,NaN

INPUT,0.379952311515808,0.0364697724580765,0.768314301967621,-0.143896117806435,3.13281750679016,1.40966129302979,K,8
OUTPUT,NaN,NaN,NaN,NaN,NaN,NaN

INPUT,0.382002800703049,0.0365375317633152,0.772792756557465,-0.172562956809998,3.13242840766907,1.43928599357605,K,9
OUTPUT,NaN,NaN,NaN,NaN,NaN,NaN

INPUT,0.357955992221832,0.0354367680847645,0.724388778209686,-2.91757321357727,3.12621307373047,-1.93686652183533,K,4
OUTPUT,NaN,NaN,NaN,NaN,NaN,NaN

INPUT,0.363692343235016,0.0355929732322693,0.737855494022369,-2.99577665328979,3.12430834770203,-1.83832430839539,K,5
OUTPUT,NaN,NaN,NaN,NaN,NaN,NaN

INPUT,0.369428724050522,0.0357491746544838,0.751322209835052,-3.07594323158264,3.12253665924072,-1.74174273014069,K,6
OUTPUT,NaN,NaN,NaN,NaN,NaN,NaN

INPUT,0.373890340328217,0.0358706675469875,0.761796355247498,-3.1392502784729,3.12126040458679,-1.66757678985596,K,7
OUTPUT,NaN,NaN,NaN,NaN,NaN,NaN

INPUT,0.3770771920681,0.0359574444591999,0.76927787065506,3.09832668304443,3.12040662765503,-1.61498928070068,K,8
OUTPUT,NaN,NaN,NaN,NaN,NaN,NaN

INPUT,0.378989309072495,0.0360095128417015,0.773766756057739,3.07083225250244,3.11991882324219,-1.58356559276581,K,9
OUTPUT,NaN,NaN,NaN,NaN,NaN,NaN

INPUT,0.362316697835922,0.0351375937461853,0.732672452926636,-2.94008421897888,3.13370800018311,-1.97777116298676,K,12
OUTPUT,NaN,NaN,NaN,NaN,NaN,NaN

INPUT,0.366887599229813,0.0352011173963547,0.743879079818726,-2.98726105690002,3.133061170578,-1.92367053031921,K,13
OUTPUT,NaN,NaN,NaN,NaN,NaN,NaN

INPUT,0.371458470821381,0.035264641046524,0.755085706710815,-3.03491854667664,3.13243627548218,-1.87005090713501,K,14
OUTPUT,NaN,NaN,NaN,NaN,NaN,NaN

INPUT,0.376029342412949,0.0353281646966934,0.766292333602905,-3.08295106887817,3.1318347454071,-1.81680548191071,K,15
OUTPUT,NaN,NaN,NaN,NaN,NaN,NaN

INPUT,0.380143135786057,0.0353853367269039,0.776378273963928,-3.12643599510193,3.13131475448608,-1.76914036273956,K,16
OUTPUT,NaN,NaN,NaN,NaN,NaN,NaN

INPUT,0.383342742919922,0.0354298055171967,0.784222960472107,3.12278890609741,3.13092494010925,-1.73220598697662,K,17
OUTPUT,NaN,NaN,NaN,NaN,NaN,NaN

INPUT,0.385628193616867,0.0354615673422813,0.789826273918152,3.09846758842468,3.13065457344055,-1.70588827133179,K,18
OUTPUT,NaN,NaN,NaN,NaN,NaN,NaN

INPUT,0.38699945807457,0.0354806259274483,0.793188214302063,3.08385157585144,3.13049578666687,-1.69012069702148,K,19
OUTPUT,NaN,NaN,NaN,NaN,NaN,NaN

INPUT,0.38745653629303,0.0354869775474072,0.79430890083313,3.07897591590881,3.13044333457947,-1.68486845493317,K,20
OUTPUT,NaN,NaN,NaN,NaN,NaN,NaN

INPUT,0.362868964672089,0.0322993211448193,0.725024163722992,-3.06164956092834,3.12149000167847,-2.04603958129883,K,4
OUTPUT,NaN,NaN,NaN,NaN,NaN,NaN

INPUT,0.369246602058411,0.0318960398435593,0.73820549249649,3.13820433616638,3.11886143684387,-1.94634413719177,K,5
OUTPUT,NaN,NaN,NaN,NaN,NaN,NaN

INPUT,0.37562420964241,0.0314927585422993,0.751386821269989,3.05322313308716,3.1164219379425,-1.84829318523407,K,6
OUTPUT,NaN,NaN,NaN,NaN,NaN,NaN

INPUT,0.380584597587585,0.0311790946871042,0.761638998985291,2.98633575439453,3.11466860771179,-1.77281880378723,K,7
OUTPUT,NaN,NaN,NaN,NaN,NaN,NaN

INPUT,0.384127736091614,0.0309550501406193,0.76896196603775,2.93823981285095,3.11349892616272,-1.71922528743744,K,8
OUTPUT,NaN,NaN,NaN,NaN,NaN,NaN

INPUT,0.386253595352173,0.0308206230401993,0.773355722427368,2.90927720069885,3.11283159255981,-1.68717384338379,K,9
OUTPUT,NaN,NaN,NaN,NaN,NaN,NaN

INPUT,0.355405330657959,0.0385694056749344,0.736264169216156,0.0332531556487083,3.10132145881653,1.24325454235077,K,5
OUTPUT,NaN,NaN,NaN,NaN,NaN,NaN

INPUT,0.360300987958908,0.0391447804868221,0.749996662139893,-0.0525538548827171,3.0955536365509,1.34219884872437,K,6
OUTPUT,NaN,NaN,NaN,NaN,NaN,NaN

INPUT,0.364108711481094,0.0395922958850861,0.760677456855774,-0.120313338935375,3.09133553504944,1.41815102100372,K,7
OUTPUT,NaN,NaN,NaN,NaN,NaN,NaN

INPUT,0.36682853102684,0.0399119481444359,0.768306612968445,-0.169106006622314,3.08847975730896,1.47201836109161,K,8
OUTPUT,NaN,NaN,NaN,NaN,NaN,NaN

INPUT,0.368460416793823,0.0401037409901619,0.772884130477905,-0.198508277535439,3.08683276176453,1.50421595573425,K,9
OUTPUT,NaN,NaN,NaN,NaN,NaN,NaN

INPUT,0.362930119037628,0.0380070507526398,0.737342178821564,0.183184534311295,3.13306188583374,1.34010195732117,K,5
OUTPUT,NaN,NaN,NaN,NaN,NaN,NaN

INPUT,0.368714958429337,0.0385176464915276,0.750902593135834,0.0911098495125771,3.13143873214722,1.42462742328644,K,6
OUTPUT,NaN,NaN,NaN,NaN,NaN,NaN

INPUT,0.373214244842529,0.0389147773385048,0.761449575424194,0.0202261824160814,3.13023042678833,1.4911003112793,K,7
OUTPUT,NaN,NaN,NaN,NaN,NaN,NaN

INPUT,0.376428037881851,0.0391984432935715,0.768983125686646,-0.0301424637436867,3.12939977645874,1.53884434700012,K,8
OUTPUT,NaN,NaN,NaN,NaN,NaN,NaN

INPUT,0.37835630774498,0.0393686406314373,0.773503303527832,-0.0602822154760361,3.12891530990601,1.5675722360611,K,9
OUTPUT,NaN,NaN,NaN,NaN,NaN,NaN

INPUT,0.351783990859985,0.0352111682295799,0.735588550567627,0.208307862281799,3.08583641052246,1.25175619125366,K,5
OUTPUT,NaN,NaN,NaN,NaN,NaN,NaN

INPUT,0.356238126754761,0.0352860279381275,0.74934709072113,0.132134914398193,3.0777850151062,1.3348445892334,K,6
OUTPUT,NaN,NaN,NaN,NaN,NaN,NaN

INPUT,0.359702438116074,0.0353442542254925,0.760048151016235,0.0723359063267708,3.0717990398407,1.39894258975983,K,7
OUTPUT,NaN,NaN,NaN,NaN,NaN,NaN

INPUT,0.362176954746246,0.0353858470916748,0.767691791057587,0.0294051188975573,3.06768584251404,1.4445253610611,K,8
OUTPUT,NaN,NaN,NaN,NaN,NaN,NaN

INPUT,0.363661676645279,0.0354107990860939,0.77227795124054,0.0035758635494858,3.06528663635254,1.47181057929993,K,9
OUTPUT,NaN,NaN,NaN,NaN,NaN,NaN

INPUT,0.361658036708832,0.0350894406437874,0.737779855728149,0.212796330451965,3.1232898235321,1.26872909069061,K,5
OUTPUT,NaN,NaN,NaN,NaN,NaN,NaN

INPUT,0.367307007312775,0.0351516753435135,0.751465439796448,0.132141172885895,3.12032794952393,1.34923088550568,K,6
OUTPUT,NaN,NaN,NaN,NaN,NaN,NaN

INPUT,0.371700614690781,0.0352000817656517,0.762109816074371,0.0694210231304169,3.11811876296997,1.41185808181763,K,7
OUTPUT,NaN,NaN,NaN,NaN,NaN,NaN

INPUT,0.374838918447495,0.0352346561849117,0.76971298456192,0.0246246960014105,3.11659669876099,1.45659780502319,K,8
OUTPUT,NaN,NaN,NaN,NaN,NaN,NaN

INPUT,0.376721888780594,0.0352554023265839,0.774274826049805,-0.00225183647125959,3.11570715904236,1.48344361782074,K,9
OUTPUT,NaN,NaN,NaN,NaN,NaN,NaN

INPUT,0.362665563821793,0.0351417697966099,0.724258601665497,-2.93313789367676,3.13308811187744,-2.02916526794434,K,4
OUTPUT,NaN,NaN,NaN,NaN,NaN,NaN

INPUT,0.369168967008591,0.0352368429303169,0.737507581710815,-3.00278544425964,3.13229990005493,-1.93592202663422,K,5
OUTPUT,NaN,NaN,NaN,NaN,NaN,NaN

INPUT,0.375672370195389,0.0353319123387337,0.750756502151489,-3.07421803474426,3.13157224655151,-1.84446322917938,K,6
OUTPUT,NaN,NaN,NaN,NaN,NaN,NaN

INPUT,0.380730599164963,0.0354058593511581,0.761061251163483,-3.13069653511047,3.13105130195618,-1.77424800395966,K,7
OUTPUT,NaN,NaN,NaN,NaN,NaN,NaN

INPUT,0.384343594312668,0.0354586765170097,0.768421828746796,3.11175751686096,3.13070487976074,-1.72448348999023,K,8
OUTPUT,NaN,NaN,NaN,NaN,NaN,NaN

INPUT,0.386511415243149,0.0354903675615788,0.772838115692139,3.08718633651733,3.13050746917725,-1.69475722312927,K,9
OUTPUT,NaN,NaN,NaN,NaN,NaN,NaN

INPUT,0.359944880008698,0.0337090119719505,0.721824288368225,-2.90311861038208,3.11216568946838,-1.96022009849548,K,11
OUTPUT,NaN,NaN,NaN,NaN,NaN,NaN

INPUT,0.364774435758591,0.033611886203289,0.73307329416275,-2.95744609832764,3.10913109779358,-1.90362238883972,K,12
OUTPUT,NaN,NaN,NaN,NaN,NaN,NaN

INPUT,0.369603991508484,0.0335147604346275,0.74432235956192,-3.01196789741516,3.10619616508484,-1.84721350669861,K,13
OUTPUT,NaN,NaN,NaN,NaN,NaN,NaN

INPUT,0.374433547258377,0.0334176383912563,0.755571365356445,-3.0666344165802,3.10337018966675,-1.79094409942627,K,14
OUTPUT,NaN,NaN,NaN,NaN,NaN,NaN

INPUT,0.37926310300827,0.0333205126225948,0.76682037115097,-3.12141227722168,3.10066151618958,-1.73478007316589,K,15
OUTPUT,NaN,NaN,NaN,NaN,NaN,NaN

INPUT,0.383609712123871,0.0332331024110317,0.776944518089294,3.11239767074585,3.09833121299744,-1.68430233001709,K,16
OUTPUT,NaN,NaN,NaN,NaN,NaN,NaN

INPUT,0.386990398168564,0.0331651158630848,0.784818828105927,3.07395434379578,3.09659314155579,-1.64507901668549,K,17
OUTPUT,NaN,NaN,NaN,NaN,NaN,NaN

INPUT,0.389405190944672,0.033116552978754,0.790443360805511,3.04647612571716,3.09539270401001,-1.61707901954651,K,18
OUTPUT,NaN,NaN,NaN,NaN,NaN,NaN

INPUT,0.390854060649872,0.0330874137580395,0.793818056583405,3.02998232841492,3.09468960762024,-1.60028517246246,K,19
OUTPUT,NaN,NaN,NaN,NaN,NaN,NaN

INPUT,0.391337007284164,0.0330777019262314,0.79494297504425,3.02448344230652,3.09445810317993,-1.59468805789948,K,20
OUTPUT,NaN,NaN,NaN,NaN,NaN,NaN

INPUT,0.354356050491333,0.037754699587822,0.732698857784271,0.0126497307792306,3.11640620231628,1.10596001148224,K,12
OUTPUT,NaN,NaN,NaN,NaN,NaN,NaN

INPUT,0.358088850975037,0.038093775510788,0.743907988071442,-0.0454565696418285,3.11395645141602,1.16293263435364,K,13
OUTPUT,NaN,NaN,NaN,NaN,NaN,NaN

INPUT,0.361821621656418,0.0384328551590443,0.755117177963257,-0.103473842144012,3.11159825325012,1.21999824047089,K,14
OUTPUT,NaN,NaN,NaN,NaN,NaN,NaN

INPUT,0.365554392337799,0.0387719348073006,0.766326308250427,-0.16142512857914,3.10933923721313,1.27713394165039,K,15
OUTPUT,NaN,NaN,NaN,NaN,NaN,NaN

INPUT,0.368913888931274,0.0390771068632603,0.776414573192596,-0.213538095355034,3.10739707946777,1.32860279083252,K,16
OUTPUT,NaN,NaN,NaN,NaN,NaN,NaN

INPUT,0.371526837348938,0.0393144600093365,0.784260928630829,-0.254047691822052,3.10594964027405,1.3686591386795,K,17
OUTPUT,NaN,NaN,NaN,NaN,NaN,NaN

INPUT,0.37339323759079,0.0394840016961098,0.789865553379059,-0.282972902059555,3.10495114326477,1.39728212356567,K,18
OUTPUT,NaN,NaN,NaN,NaN,NaN,NaN

INPUT,0.374513059854507,0.0395857244729996,0.793228268623352,-0.300324410200119,3.10436654090881,1.41445994377136,K,19
OUTPUT,NaN,NaN,NaN,NaN,NaN,NaN

INPUT,0.374886333942413,0.0396196320652962,0.794349193572998,-0.306107729673386,3.10417413711548,1.42018663883209,K,20
OUTPUT,NaN,NaN,NaN,NaN,NaN,NaN

INPUT,0.359299033880234,0.0365317165851593,0.73311060667038,-2.83642292022705,3.13590025901794,-1.87240159511566,K,12
OUTPUT,NaN,NaN,NaN,NaN,NaN,NaN

INPUT,0.363552808761597,0.0367422178387642,0.744361758232117,-2.88124465942383,3.13545513153076,-1.81576752662659,K,13
OUTPUT,NaN,NaN,NaN,NaN,NaN,NaN

INPUT,0.367806524038315,0.0369527228176594,0.755612850189209,-2.92685270309448,3.1350257396698,-1.75992012023926,K,14
OUTPUT,NaN,NaN,NaN,NaN,NaN,NaN

INPUT,0.372060298919678,0.0371632240712643,0.766864001750946,-2.97307896614075,3.13461303710938,-1.7046902179718,K,15
OUTPUT,NaN,NaN,NaN,NaN,NaN,NaN

INPUT,0.375888675451279,0.0373526774346828,0.776990056037903,-3.01510667800903,3.1342568397522,-1.65540766716003,K,16
OUTPUT,NaN,NaN,NaN,NaN,NaN,NaN

INPUT,0.378866285085678,0.0375000275671482,0.784865856170654,-3.04802584648132,3.13399028778076,-1.61730754375458,K,17
OUTPUT,NaN,NaN,NaN,NaN,NaN,NaN

INPUT,0.380993157625198,0.0376052781939507,0.7904914021492,-3.07164669036865,3.13380575180054,-1.59020018577576,K,18
OUTPUT,NaN,NaN,NaN,NaN,NaN,NaN

INPUT,0.382269293069839,0.0376684293150902,0.793866753578186,-3.08585786819458,3.13369727134705,-1.57397449016571,K,19
OUTPUT,NaN,NaN,NaN,NaN,NaN,NaN

INPUT,0.382694661617279,0.0376894809305668,0.794991850852966,-3.09060096740723,3.13366150856018,-1.56857204437256,K,20
OUTPUT,NaN,NaN,NaN,NaN,NaN,NaN

INPUT,0.347699403762817,0.036624051630497,0.732770621776581,0.247002840042114,3.09691452980042,1.27500689029694,K,12
OUTPUT,NaN,NaN,NaN,NaN,NaN,NaN

INPUT,0.350732266902924,0.0368442386388779,0.743986010551453,0.192190676927567,3.09259939193726,1.32842600345612,K,13
OUTPUT,NaN,NaN,NaN,NaN,NaN,NaN

INPUT,0.353765159845352,0.0370644219219685,0.755201458930969,0.137484028935432,3.08842730522156,1.38196170330048,K,14
OUTPUT,NaN,NaN,NaN,NaN,NaN,NaN

INPUT,0.356798022985458,0.0372846089303493,0.766416907310486,0.0828553065657616,3.08441090583801,1.43558728694916,K,15
OUTPUT,NaN,NaN,NaN,NaN,NaN,NaN

INPUT,0.359527587890625,0.037482775747776,0.776510775089264,0.0337398946285248,3.08093905448914,1.48391115665436,K,16
OUTPUT,NaN,NaN,NaN,NaN,NaN,NaN

INPUT,0.361650615930557,0.0376369059085846,0.784361600875854,-0.00443489663302898,3.07833766937256,1.52152943611145,K,17
OUTPUT,NaN,NaN,NaN,NaN,NaN,NaN

INPUT,0.36316704750061,0.037746999412775,0.789969325065613,-0.0316910892724991,3.07653498649597,1.54841482639313,K,18
OUTPUT,NaN,NaN,NaN,NaN,NaN,NaN

INPUT,0.364076882600784,0.0378130525350571,0.793333947658539,-0.0480407029390335,3.07547616958618,1.56455159187317,K,19
OUTPUT,NaN,NaN,NaN,NaN,NaN,NaN

INPUT,0.364380180835724,0.0378350727260113,0.794455468654633,-0.0534899607300758,3.07512712478638,1.5699315071106,K,20
OUTPUT,NaN,NaN,NaN,NaN,NaN,NaN

INPUT,0.358249515295029,0.0350675508379936,0.732458829879761,0.408540964126587,3.12496018409729,1.20631861686707,K,12
OUTPUT,NaN,NaN,NaN,NaN,NaN,NaN

INPUT,0.362390995025635,0.0351236835122108,0.743644595146179,0.364039152860641,3.12321186065674,1.24577820301056,K,13
OUTPUT,NaN,NaN,NaN,NaN,NaN,NaN

INPUT,0.366532444953918,0.0351798087358475,0.754830360412598,0.319971323013306,3.12149596214294,1.28567326068878,K,14
OUTPUT,NaN,NaN,NaN,NaN,NaN,NaN

INPUT,0.370673924684525,0.0352359376847744,0.766016125679016,0.276228100061417,3.11981534957886,1.32589435577393,K,15
OUTPUT,NaN,NaN,NaN,NaN,NaN,NaN

INPUT,0.374401241540909,0.0352864563465118,0.776083290576935,0.237073987722397,3.11833548545837,1.36230933666229,K,16
OUTPUT,NaN,NaN,NaN,NaN,NaN,NaN

INPUT,0.377300262451172,0.0353257469832897,0.783913373947144,0.206734031438828,3.11720752716064,1.39074635505676,K,17
OUTPUT,NaN,NaN,NaN,NaN,NaN,NaN

INPUT,0.379370987415314,0.035353809595108,0.789506256580353,0.185114294290543,3.11641430854797,1.41111052036285,K,18
OUTPUT,NaN,NaN,NaN,NaN,NaN,NaN

INPUT,0.380613416433334,0.0353706479072571,0.792861938476563,0.172160878777504,3.11594390869141,1.42334771156311,K,19
OUTPUT,NaN,NaN,NaN,NaN,NaN,NaN

INPUT,0.381027579307556,0.0353762619197369,0.793980538845062,0.167845889925957,3.11578798294067,1.42742967605591,K,20
OUTPUT,NaN,NaN,NaN,NaN,NaN,NaN

INPUT,0.368481934070587,0.0336205959320068,0.731359720230103,-3.00095772743225,3.10680365562439,-1.88419044017792,K,5
OUTPUT,NaN,NaN,NaN,NaN,NaN,NaN

INPUT,0.376372843980789,0.0334647931158543,0.747057676315308,-3.0925726890564,3.10200953483582,-1.77881276607513,K,6
OUTPUT,NaN,NaN,NaN,NaN,NaN,NaN

INPUT,0.382510215044022,0.0333436131477356,0.759267210960388,3.11832594871521,3.0985426902771,-1.69787049293518,K,7
OUTPUT,NaN,NaN,NaN,NaN,NaN,NaN

INPUT,0.386894047260284,0.0332570523023605,0.767988324165344,3.06629610061646,3.09621953964233,-1.64044439792633,K,8
OUTPUT,NaN,NaN,NaN,NaN,NaN,NaN

INPUT,0.3895243704319,0.0332051180303097,0.773220956325531,3.03495073318481,3.09489011764526,-1.6061133146286,K,9
OUTPUT,NaN,NaN,NaN,NaN,NaN,NaN

INPUT,0.360259354114532,0.0380174592137337,0.736532330513,-0.0691403746604919,3.11468315124512,1.1430070400238,K,5
OUTPUT,NaN,NaN,NaN,NaN,NaN,NaN

INPUT,0.365781903266907,0.038513071835041,0.750151455402374,-0.152842447161674,3.11065864562988,1.24438798427582,K,6
OUTPUT,NaN,NaN,NaN,NaN,NaN,NaN

INPUT,0.370077192783356,0.0388985499739647,0.760744094848633,-0.21935972571373,3.10770869255066,1.32183158397675,K,7
OUTPUT,NaN,NaN,NaN,NaN,NaN,NaN

INPUT,0.373145282268524,0.0391738899052143,0.768310308456421,-0.267411381006241,3.10570740699768,1.37661361694336,K,8
OUTPUT,NaN,NaN,NaN,NaN,NaN,NaN

INPUT,0.37498614192009,0.0393390953540802,0.772849977016449,-0.2964146733284,3.1045515537262,1.40931212902069,K,9
OUTPUT,NaN,NaN,NaN,NaN,NaN,NaN

INPUT,0.359632581472397,0.0364407934248447,0.724276006221771,-2.84428071975708,3.13518214225769,-1.93869817256927,K,4
OUTPUT,NaN,NaN,NaN,NaN,NaN,NaN

INPUT,0.36569532752037,0.0367691889405251,0.737700939178467,-2.90669822692871,3.13471674919128,-1.83793914318085,K,5
OUTPUT,NaN,NaN,NaN,NaN,NaN,NaN

INPUT,0.371758073568344,0.0370975844562054,0.751125931739807,-2.97144770622253,3.13429474830627,-1.73951148986816,K,6
OUTPUT,NaN,NaN,NaN,NaN,NaN,NaN

INPUT,0.376473516225815,0.0373530015349388,0.761567533016205,-3.02304196357727,3.13399863243103,-1.66419017314911,K,7
OUTPUT,NaN,NaN,NaN,NaN,NaN,NaN

INPUT,0.379841715097427,0.0375354439020157,0.769025802612305,-3.06042504310608,3.13380527496338,-1.61091935634613,K,8
OUTPUT,NaN,NaN,NaN,NaN,NaN,NaN

INPUT,0.381862640380859,0.0376449078321457,0.773500800132751,-3.08303642272949,3.13369655609131,-1.57913815975189,K,9
OUTPUT,NaN,NaN,NaN,NaN,NaN,NaN

INPUT,0.352974355220795,0.0368657410144806,0.736193180084229,0.17895919084549,3.0932354927063,1.31893765926361,K,5
OUTPUT,NaN,NaN,NaN,NaN,NaN,NaN

INPUT,0.357557982206345,0.0371891334652901,0.749983489513397,0.0960029363632202,3.08633422851563,1.40999209880829,K,6
OUTPUT,NaN,NaN,NaN,NaN,NaN,NaN

INPUT,0.361123025417328,0.0374406613409519,0.760709285736084,0.0308463387191296,3.08125233650208,1.48019897937775,K,7
OUTPUT,NaN,NaN,NaN,NaN,NaN,NaN

INPUT,0.363669455051422,0.0376203246414661,0.768370628356934,-0.0159411747008562,3.07779002189636,1.53011226654053,K,8
OUTPUT,NaN,NaN,NaN,NaN,NaN,NaN

INPUT,0.365197330713272,0.0377281196415424,0.772967398166656,-0.0440937913954258,3.07578372955322,1.55998492240906,K,9
OUTPUT,NaN,NaN,NaN,NaN,NaN,NaN

INPUT,0.350539416074753,0.0354460887610912,0.732871770858765,0.196034267544746,3.11936640739441,1.12079656124115,K,12
OUTPUT,NaN,NaN,NaN,NaN,NaN,NaN

INPUT,0.353870570659637,0.0355422832071781,0.744098603725433,0.14634782075882,3.11711716651917,1.16844213008881,K,13
OUTPUT,NaN,NaN,NaN,NaN,NaN,NaN

INPUT,0.357201725244522,0.0356384739279747,0.755325496196747,0.0968300551176071,3.11492609977722,1.21625888347626,K,14
OUTPUT,NaN,NaN,NaN,NaN,NaN,NaN

INPUT,0.360532909631729,0.0357346683740616,0.76655238866806,0.0474383197724819,3.11279797554016,1.26420450210571,K,15
OUTPUT,NaN,NaN,NaN,NaN,NaN,NaN

INPUT,0.363530963659286,0.0358212403953075,0.776656568050385,0.00306906714104116,3.11094093322754,1.30744159221649,K,16
OUTPUT,NaN,NaN,NaN,NaN,NaN,NaN

INPUT,0.365862756967545,0.0358885787427425,0.784515380859375,-0.031396359205246,3.10953688621521,1.3411158323288,K,17
OUTPUT,NaN,NaN,NaN,NaN,NaN,NaN

INPUT,0.367528349161148,0.0359366722404957,0.790128827095032,-0.0559946969151497,3.10855674743652,1.36518967151642,K,18
OUTPUT,NaN,NaN,NaN,NaN,NaN,NaN

INPUT,0.368527680635452,0.0359655320644379,0.79349684715271,-0.070746585726738,3.10797810554504,1.37964153289795,K,19
OUTPUT,NaN,NaN,NaN,NaN,NaN,NaN

INPUT,0.368860810995102,0.0359751507639885,0.794619560241699,-0.0756627395749092,3.10778665542603,1.38445997238159,K,20
OUTPUT,NaN,NaN,NaN,NaN,NaN,NaN

INPUT,0.36461815237999,0.0352186895906925,0.736541032791138,0.367210268974304,3.12377667427063,1.25185763835907,K,5
OUTPUT,NaN,NaN,NaN,NaN,NaN,NaN

INPUT,0.370708703994751,0.0353064499795437,0.750021636486053,0.294377982616425,3.12081408500671,1.31399881839752,K,6
OUTPUT,NaN,NaN,NaN,NaN,NaN,NaN

INPUT,0.375445812940598,0.0353747084736824,0.760506570339203,0.23866805434227,3.11857414245605,1.36327087879181,K,7
OUTPUT,NaN,NaN,NaN,NaN,NaN,NaN

INPUT,0.378829449415207,0.0354234650731087,0.767995774745941,0.199229449033737,3.11701250076294,1.39882099628448,K,8
OUTPUT,NaN,NaN,NaN,NaN,NaN,NaN

INPUT,0.380859643220901,0.0354527160525322,0.772489309310913,0.175679370760918,3.11609196662903,1.42026495933533,K,9
OUTPUT,NaN,NaN,NaN,NaN,NaN,NaN

INPUT,0.35410863161087,0.0345549620687962,0.732805013656616,0.154447495937347,3.12476468086243,1.09101212024689,K,12
OUTPUT,NaN,NaN,NaN,NaN,NaN,NaN

INPUT,0.357816129922867,0.0345573127269745,0.744024038314819,0.104107901453972,3.12304162979126,1.13924312591553,K,13
OUTPUT,NaN,NaN,NaN,NaN,NaN,NaN

INPUT,0.361523658037186,0.0345596596598625,0.755243003368378,0.0539448857307434,3.12136363983154,1.18765211105347,K,14
OUTPUT,NaN,NaN,NaN,NaN,NaN,NaN

INPUT,0.365231186151505,0.0345620065927505,0.766462028026581,0.00391375459730625,3.1197350025177,1.23619484901428,K,15
OUTPUT,NaN,NaN,NaN,NaN,NaN,NaN

INPUT,0.368567943572998,0.0345641188323498,0.776559114456177,-0.0410273671150208,3.11831426620483,1.27997148036957,K,16
OUTPUT,NaN,NaN,NaN,NaN,NaN,NaN

INPUT,0.371163219213486,0.0345657654106617,0.784412443637848,-0.0759357661008835,3.11724066734314,1.31406700611115,K,17
OUTPUT,NaN,NaN,NaN,NaN,NaN,NaN

INPUT,0.373016983270645,0.0345669388771057,0.790021955966949,-0.100849509239197,3.11649179458618,1.33844220638275,K,18
OUTPUT,NaN,NaN,NaN,NaN,NaN,NaN

INPUT,0.374129235744476,0.0345676429569721,0.793387651443481,-0.115790449082851,3.11604952812195,1.35307490825653,K,19
OUTPUT,NaN,NaN,NaN,NaN,NaN,NaN

INPUT,0.374499976634979,0.0345678776502609,0.794509530067444,-0.120769508183002,3.11590337753296,1.35795366764069,K,20
OUTPUT,NaN,NaN,NaN,NaN,NaN,NaN

INPUT,0.355921983718872,0.0355579257011414,0.736548542976379,0.134406372904778,3.11776351928711,1.15978133678436,K,5
OUTPUT,NaN,NaN,NaN,NaN,NaN,NaN

INPUT,0.36082261800766,0.0356897301971912,0.750258266925812,0.059401348233223,3.11401700973511,1.24127840995789,K,6
OUTPUT,NaN,NaN,NaN,NaN,NaN,NaN

INPUT,0.364634245634079,0.0357922464609146,0.76092129945755,0.000518137996550649,3.11121821403503,1.30412435531616,K,7
OUTPUT,NaN,NaN,NaN,NaN,NaN,NaN

INPUT,0.367356806993484,0.0358654707670212,0.768537759780884,-0.0417495518922806,3.10928750038147,1.34880912303925,K,8
OUTPUT,NaN,NaN,NaN,NaN,NaN,NaN

INPUT,0.368990361690521,0.0359094068408012,0.773107647895813,-0.0671770647168159,3.10815811157227,1.37555456161499,K,9
OUTPUT,NaN,NaN,NaN,NaN,NaN,NaN

INPUT,0.35990634560585,0.0345619842410088,0.736686646938324,0.0903815999627113,3.1237096786499,1.12880218029022,K,5
OUTPUT,NaN,NaN,NaN,NaN,NaN,NaN

INPUT,0.365343660116196,0.0345418229699135,0.750305235385895,0.0151565531268716,3.12077927589417,1.21208190917969,K,6
OUTPUT,NaN,NaN,NaN,NaN,NaN,NaN

INPUT,0.369572669267654,0.0345261469483376,0.760897517204285,-0.0440495349466801,3.11858940124512,1.27616024017334,K,7
OUTPUT,NaN,NaN,NaN,NaN,NaN,NaN

INPUT,0.372593373060226,0.0345149450004101,0.768463373184204,-0.0866028070449829,3.11707830429077,1.32166934013367,K,8
OUTPUT,NaN,NaN,NaN,NaN,NaN,NaN

INPUT,0.374405801296234,0.0345082245767117,0.773002922534943,-0.112218603491783,3.11619424819946,1.34889161586761,K,9
OUTPUT,NaN,NaN,NaN,NaN,NaN,NaN

INPUT,0.361610770225525,0.0339131206274033,0.732308328151703,-3.13522553443909,3.12633895874023,-1.99526381492615,K,12
OUTPUT,NaN,NaN,NaN,NaN,NaN,NaN

INPUT,0.366107821464539,0.0338481105864048,0.743474841117859,3.08883547782898,3.12504506111145,-1.93440854549408,K,13
OUTPUT,NaN,NaN,NaN,NaN,NaN,NaN

INPUT,0.370604872703552,0.0337831005454063,0.75464129447937,3.0295877456665,3.12381076812744,-1.87367570400238,K,14
OUTPUT,NaN,NaN,NaN,NaN,NaN,NaN

INPUT,0.375101923942566,0.0337180905044079,0.765807807445526,2.97024488449097,3.12264060974121,-1.81303632259369,K,15
OUTPUT,NaN,NaN,NaN,NaN,NaN,NaN

INPUT,0.379149258136749,0.0336595810949802,0.775857627391815,2.91677260398865,3.12164545059204,-1.75852358341217,K,16
OUTPUT,NaN,NaN,NaN,NaN,NaN,NaN

INPUT,0.382297217845917,0.0336140729486942,0.78367418050766,2.87514901161194,3.12091159820557,-1.71615827083588,K,17
OUTPUT,NaN,NaN,NaN,NaN,NaN,NaN

INPUT,0.384545743465424,0.0335815660655499,0.789257407188416,2.84540224075317,3.12040948867798,-1.68591260910034,K,18
OUTPUT,NaN,NaN,NaN,NaN,NaN,NaN

INPUT,0.38589483499527,0.0335620641708374,0.792607367038727,2.82754850387573,3.12011742591858,-1.66777050495148,K,19
OUTPUT,NaN,NaN,NaN,NaN,NaN,NaN

INPUT,0.3863445520401,0.0335555635392666,0.793724000453949,2.82159638404846,3.12002158164978,-1.66172409057617,K,20
OUTPUT,NaN,NaN,NaN,NaN,NaN,NaN

INPUT,0.361352950334549,0.0354658588767052,0.721377313137054,-2.85393190383911,3.10049223899841,-2.02053952217102,K,11
OUTPUT,NaN,NaN,NaN,NaN,NaN,NaN

INPUT,0.366348713636398,0.0355758555233479,0.732571542263031,-2.90229320526123,3.09610342979431,-1.97084701061249,K,12
OUTPUT,NaN,NaN,NaN,NaN,NaN,NaN

INPUT,0.371344447135925,0.0356858558952808,0.743765771389008,-2.95077514648438,3.09182405471802,-1.92126536369324,K,13
OUTPUT,NaN,NaN,NaN,NaN,NaN,NaN

INPUT,0.376340180635452,0.0357958525419235,0.754960000514984,-2.99934840202332,3.08766436576843,-1.87176489830017,K,14
OUTPUT,NaN,NaN,NaN,NaN,NaN,NaN

INPUT,0.381335943937302,0.0359058529138565,0.766154289245605,-3.04799246788025,3.0836341381073,-1.82232427597046,K,15
OUTPUT,NaN,NaN,NaN,NaN,NaN,NaN

INPUT,0.385832101106644,0.0360048487782478,0.776229083538055,-3.09182095527649,3.08012557029724,-1.77786684036255,K,16
OUTPUT,NaN,NaN,NaN,NaN,NaN,NaN

INPUT,0.389329135417938,0.0360818468034267,0.784065067768097,-3.12593626976013,3.07747936248779,-1.74330925941467,K,17
OUTPUT,NaN,NaN,NaN,NaN,NaN,NaN

INPUT,0.391826987266541,0.0361368469893932,0.789662182331085,3.13286828994751,3.07563519477844,-1.71863400936127,K,18
OUTPUT,NaN,NaN,NaN,NaN,NaN,NaN

INPUT,0.393325716257095,0.036169845610857,0.79302042722702,3.11823534965515,3.07454752922058,-1.70383214950562,K,19
OUTPUT,NaN,NaN,NaN,NaN,NaN,NaN

INPUT,0.39382529258728,0.0361808463931084,0.794139862060547,3.11335706710815,3.07418823242188,-1.69889867305756,K,20
OUTPUT,NaN,NaN,NaN,NaN,NaN,NaN

INPUT,0.349715620279312,0.0383255630731583,0.732835650444031,0.169680669903755,3.09625053405762,1.21166455745697,K,12
OUTPUT,NaN,NaN,NaN,NaN,NaN,NaN

INPUT,0.352960616350174,0.0387249551713467,0.744057714939117,0.114300347864628,3.09188485145569,1.26598858833313,K,13
OUTPUT,NaN,NaN,NaN,NaN,NaN,NaN

INPUT,0.356205612421036,0.0391243435442448,0.755279779434204,0.0589982643723488,3.08766889572144,1.32040226459503,K,14
OUTPUT,NaN,NaN,NaN,NaN,NaN,NaN

INPUT,0.359450578689575,0.0395237319171429,0.766501843929291,0.00375346303917468,3.08361482620239,1.37488555908203,K,15
OUTPUT,NaN,NaN,NaN,NaN,NaN,NaN

INPUT,0.36237108707428,0.0398831851780415,0.776601672172546,-0.0459304340183735,3.08011507987976,1.42396807670593,K,16
OUTPUT,NaN,NaN,NaN,NaN,NaN,NaN

INPUT,0.364642590284348,0.0401627570390701,0.784457147121429,-0.0845544189214706,3.07749605178833,1.46216905117035,K,17
OUTPUT,NaN,NaN,NaN,NaN,NaN,NaN

INPUT,0.366265088319778,0.0403624512255192,0.79006814956665,-0.112135030329227,3.07568311691284,1.48946785926819,K,18
OUTPUT,NaN,NaN,NaN,NaN,NaN,NaN

INPUT,0.367238581180573,0.0404822677373886,0.793434798717499,-0.128680467605591,3.07461905479431,1.50585126876831,K,19
OUTPUT,NaN,NaN,NaN,NaN,NaN,NaN

INPUT,0.36756306886673,0.0405222065746784,0.794556975364685,-0.134195193648338,3.07426834106445,1.51131319999695,K,20
OUTPUT,NaN,NaN,NaN,NaN,NaN,NaN

INPUT,0.361168712377548,0.0328975506126881,0.721656084060669,-2.86511421203613,3.11107230186462,-1.96629059314728,K,11
OUTPUT,NaN,NaN,NaN,NaN,NaN,NaN

INPUT,0.366142928600311,0.0327052026987076,0.732883393764496,-2.91698479652405,3.1078839302063,-1.91242182254791,K,12
OUTPUT,NaN,NaN,NaN,NaN,NaN,NaN

INPUT,0.371117144823074,0.0325128585100174,0.744110703468323,-2.96902871131897,3.1047899723053,-1.85872066020966,K,13
OUTPUT,NaN,NaN,NaN,NaN,NaN,NaN

INPUT,0.376091331243515,0.0323205143213272,0.755337953567505,-3.02120232582092,3.10179853439331,-1.80514335632324,K,14
OUTPUT,NaN,NaN,NaN,NaN,NaN,NaN

INPUT,0.381065547466278,0.032128170132637,0.766565263271332,-3.07347559928894,3.09891843795776,-1.75165951251984,K,15
OUTPUT,NaN,NaN,NaN,NaN,NaN,NaN

INPUT,0.385542333126068,0.0319550596177578,0.776669859886169,-3.12058877944946,3.09642791748047,-1.70358598232269,K,16
OUTPUT,NaN,NaN,NaN,NaN,NaN,NaN

INPUT,0.389024287462234,0.0318204164505005,0.784528970718384,3.12591648101807,3.09456157684326,-1.66622817516327,K,17
OUTPUT,NaN,NaN,NaN,NaN,NaN,NaN

INPUT,0.391511380672455,0.0317242443561554,0.790142595767975,3.09969973564148,3.0932674407959,-1.63955891132355,K,18
OUTPUT,NaN,NaN,NaN,NaN,NaN,NaN

INPUT,0.393003642559052,0.0316665396094322,0.793510794639587,3.08396339416504,3.09250736236572,-1.6235625743866,K,19
OUTPUT,NaN,NaN,NaN,NaN,NaN,NaN

INPUT,0.393501073122025,0.0316473059356213,0.794633507728577,3.07871723175049,3.09225654602051,-1.6182314157486,K,20
OUTPUT,NaN,NaN,NaN,NaN,NaN,NaN

INPUT,0.348848640918732,0.035046674311161,0.732387244701385,0.321650445461273,3.10116529464722,1.23518335819244,K,12
OUTPUT,NaN,NaN,NaN,NaN,NaN,NaN

INPUT,0.35200160741806,0.0351007729768753,0.743563592433929,0.272694259881973,3.09715461730957,1.28239846229553,K,13
OUTPUT,NaN,NaN,NaN,NaN,NaN,NaN

INPUT,0.355154603719711,0.0351548679172993,0.754739880561829,0.223876476287842,3.0932469367981,1.32976019382477,K,14
OUTPUT,NaN,NaN,NaN,NaN,NaN,NaN

INPUT,0.35830757021904,0.0352089665830135,0.765916228294373,0.175161823630333,3.08945083618164,1.37723398208618,K,15
OUTPUT,NaN,NaN,NaN,NaN,NaN,NaN

INPUT,0.361145228147507,0.0352576524019241,0.775974929332733,0.131385996937752,3.08613729476929,1.4200359582901,K,16
OUTPUT,NaN,NaN,NaN,NaN,NaN,NaN

INPUT,0.363352328538895,0.0352955237030983,0.783798336982727,0.0973734334111214,3.08363151550293,1.45336711406708,K,17
OUTPUT,NaN,NaN,NaN,NaN,NaN,NaN

INPUT,0.364928811788559,0.0353225693106651,0.789386510848999,0.0730946436524391,3.08188152313232,1.47719383239746,K,18
OUTPUT,NaN,NaN,NaN,NaN,NaN,NaN

INPUT,0.3658746778965,0.0353388004004955,0.792739391326904,0.0585330538451672,3.0808482170105,1.49149656295776,K,19
OUTPUT,NaN,NaN,NaN,NaN,NaN,NaN

INPUT,0.366189986467361,0.0353442095220089,0.793857038021088,0.0536799766123295,3.08050656318665,1.49626529216766,K,20
OUTPUT,NaN,NaN,NaN,NaN,NaN,NaN

INPUT,0.355558097362518,0.033691480755806,0.73287832736969,0.248152628540993,3.13384008407593,1.21608948707581,K,12
OUTPUT,NaN,NaN,NaN,NaN,NaN,NaN

INPUT,0.359417498111725,0.0336027964949608,0.744106709957123,0.193137034773827,3.13299226760864,1.26294338703156,K,13
OUTPUT,NaN,NaN,NaN,NaN,NaN,NaN

INPUT,0.363276839256287,0.0335141085088253,0.755335092544556,0.138845756649971,3.13216686248779,1.31052160263062,K,14
OUTPUT,NaN,NaN,NaN,NaN,NaN,NaN

INPUT,0.367136210203171,0.0334254205226898,0.766563534736633,0.0850881040096283,3.13136577606201,1.35863399505615,K,15
OUTPUT,NaN,NaN,NaN,NaN,NaN,NaN

INPUT,0.370609670877457,0.033345602452755,0.776669085025787,0.0370544828474522,3.13066720962524,1.40228390693665,K,16
OUTPUT,NaN,NaN,NaN,NaN,NaN,NaN

INPUT,0.373311221599579,0.0332835204899311,0.784528970718384,-0.000122716082842089,3.13013982772827,1.43641626834869,K,17
OUTPUT,NaN,NaN,NaN,NaN,NaN,NaN

INPUT,0.37524089217186,0.0332391783595085,0.790143191814423,-0.0265958402305841,3.12977170944214,1.46087872982025,K,18
OUTPUT,NaN,NaN,NaN,NaN,NaN,NaN

INPUT,0.376398712396622,0.0332125723361969,0.793511688709259,-0.0424503013491631,3.12955474853516,1.47558546066284,K,19
OUTPUT,NaN,NaN,NaN,NaN,NaN,NaN

INPUT,0.376784652471542,0.0332037024199963,0.794634521007538,-0.0477305389940739,3.12948298454285,1.48049235343933,K,20
OUTPUT,NaN,NaN,NaN,NaN,NaN,NaN

INPUT,0.358765095472336,0.0345376096665859,0.7216956615448,-2.93125796318054,3.1188862323761,-1.89985728263855,K,11
OUTPUT,NaN,NaN,NaN,NaN,NaN,NaN

INPUT,0.363455504179001,0.0345382206141949,0.732928931713104,-2.99043083190918,3.11661744117737,-1.83770060539246,K,12
OUTPUT,NaN,NaN,NaN,NaN,NaN,NaN

INPUT,0.368145942687988,0.0345388278365135,0.744162261486053,-3.04984998703003,3.11444067955017,-1.77578628063202,K,13
OUTPUT,NaN,NaN,NaN,NaN,NaN,NaN

INPUT,0.372836381196976,0.0345394387841225,0.755395591259003,-3.10945224761963,3.11236357688904,-1.7140519618988,K,14
OUTPUT,NaN,NaN,NaN,NaN,NaN,NaN

INPUT,0.377526789903641,0.0345400460064411,0.766628921031952,3.11399078369141,3.11039423942566,-1.65245401859283,K,15
OUTPUT,NaN,NaN,NaN,NaN,NaN,NaN

INPUT,0.381748169660568,0.034540593624115,0.776738882064819,3.06012845039368,3.10871958732605,-1.59710681438446,K,16
OUTPUT,NaN,NaN,NaN,NaN,NaN,NaN

INPUT,0.385031491518021,0.0345410220324993,0.784602224826813,3.01818561553955,3.1074845790863,-1.55410706996918,K,17
OUTPUT,NaN,NaN,NaN,NaN,NaN,NaN

INPUT,0.387376695871353,0.0345413275063038,0.790218889713287,2.98820328712463,3.10663986206055,-1.52341496944427,K,18
OUTPUT,NaN,NaN,NaN,NaN,NaN,NaN

INPUT,0.388783842325211,0.0345415100455284,0.793588876724243,2.97020578384399,3.10614848136902,-1.50500738620758,K,19
OUTPUT,NaN,NaN,NaN,NaN,NaN,NaN

INPUT,0.389252871274948,0.0345415696501732,0.79471218585968,2.96420526504517,3.10598731040955,-1.49887275695801,K,20
OUTPUT,NaN,NaN,NaN,NaN,NaN,NaN

INPUT,0.362340658903122,0.0365023612976074,0.732753336429596,-2.91808319091797,3.11585474014282,-1.95068681240082,K,12
OUTPUT,NaN,NaN,NaN,NaN,NaN,NaN

INPUT,0.366913974285126,0.0367095619440079,0.743968427181244,-2.96785163879395,3.11350154876709,-1.89863169193268,K,13
OUTPUT,NaN,NaN,NaN,NaN,NaN,NaN

INPUT,0.371487259864807,0.036916758865118,0.755183577537537,-3.0177960395813,3.11122107505798,-1.84674942493439,K,14
OUTPUT,NaN,NaN,NaN,NaN,NaN,NaN

INPUT,0.376060605049133,0.0371239595115185,0.766398727893829,-3.06787586212158,3.10901927947998,-1.79499888420105,K,15
OUTPUT,NaN,NaN,NaN,NaN,NaN,NaN

INPUT,0.380176573991776,0.0373104363679886,0.776492297649384,-3.11303853988647,3.10710978507996,-1.7485111951828,K,16
OUTPUT,NaN,NaN,NaN,NaN,NaN,NaN

INPUT,0.383377909660339,0.0374554768204689,0.784342885017395,3.13497138023376,3.10567450523376,-1.7124011516571,K,17
OUTPUT,NaN,NaN,NaN,NaN,NaN,NaN

INPUT,0.38566455245018,0.0375590734183788,0.789950489997864,3.10982346534729,3.1046769618988,-1.6866295337677,K,18
OUTPUT,NaN,NaN,NaN,NaN,NaN,NaN

INPUT,0.387036561965942,0.037621233612299,0.7933149933815,3.0947265625,3.10408997535706,-1.67117428779602,K,19
OUTPUT,NaN,NaN,NaN,NaN,NaN,NaN

INPUT,0.387493878602982,0.037641953676939,0.794436514377594,3.08969306945801,3.10389614105225,-1.66602373123169,K,20
OUTPUT,NaN,NaN,NaN,NaN,NaN,NaN

INPUT,0.36998063325882,0.0356456413865089,0.730924546718597,-2.93941116333008,3.09297347068787,-1.9524233341217,K,5
OUTPUT,NaN,NaN,NaN,NaN,NaN,NaN

INPUT,0.378079950809479,0.0358520038425922,0.74649840593338,-3.02143573760986,3.08582425117493,-1.8602591753006,K,6
OUTPUT,NaN,NaN,NaN,NaN,NaN,NaN

INPUT,0.384379416704178,0.0360125117003918,0.758611440658569,-3.0860447883606,3.08055233955383,-1.78936505317688,K,7
OUTPUT,NaN,NaN,NaN,NaN,NaN,NaN

INPUT,0.388879060745239,0.0361271612346172,0.76726359128952,-3.13250780105591,3.07695651054382,-1.73902690410614,K,8
OUTPUT,NaN,NaN,NaN,NaN,NaN,NaN

INPUT,0.391578853130341,0.0361959487199783,0.772454857826233,3.12269854545593,3.07487106323242,-1.70892012119293,K,9
OUTPUT,NaN,NaN,NaN,NaN,NaN,NaN

INPUT,0.361871808767319,0.0340396650135517,0.723798930644989,-3.12083458900452,3.12621545791626,-2.04994106292725,K,4
OUTPUT,NaN,NaN,NaN,NaN,NaN,NaN

INPUT,0.368241488933563,0.0339474380016327,0.737015604972839,3.07388949394226,3.12434124946594,-1.94544351100922,K,5
OUTPUT,NaN,NaN,NaN,NaN,NaN,NaN

INPUT,0.374611169099808,0.033855214715004,0.750232338905334,2.98390960693359,3.12262654304504,-1.84246158599854,K,6
OUTPUT,NaN,NaN,NaN,NaN,NaN,NaN

INPUT,0.379565387964249,0.0337834842503071,0.760511994361877,2.9131932258606,3.12141370773315,-1.76309430599213,K,7
OUTPUT,NaN,NaN,NaN,NaN,NaN,NaN

INPUT,0.383104085922241,0.0337322503328323,0.767854571342468,2.86238622665405,3.12061643600464,-1.70669770240784,K,8
OUTPUT,NaN,NaN,NaN,NaN,NaN,NaN

INPUT,0.38522732257843,0.0337015092372894,0.772260129451752,2.83180475234985,3.12016677856445,-1.67295670509338,K,9
OUTPUT,NaN,NaN,NaN,NaN,NaN,NaN

INPUT,0.355256736278534,0.0386888235807419,0.736354947090149,0.098254106938839,3.09257531166077,1.25366878509521,K,5
OUTPUT,NaN,NaN,NaN,NaN,NaN,NaN

INPUT,0.360167026519775,0.0392840355634689,0.750123977661133,0.0155513668432832,3.0855872631073,1.34736967086792,K,6
OUTPUT,NaN,NaN,NaN,NaN,NaN,NaN

INPUT,0.363986164331436,0.0397469811141491,0.760833263397217,-0.0496308095753193,3.08044934272766,1.41941332817078,K,7
OUTPUT,NaN,NaN,NaN,NaN,NaN,NaN

INPUT,0.366714090108871,0.0400776527822018,0.768482744693756,-0.0965223610401154,3.07695364952087,1.47055327892303,K,8
OUTPUT,NaN,NaN,NaN,NaN,NaN,NaN

INPUT,0.368350863456726,0.0402760580182076,0.773072421550751,-0.124765023589134,3.07493019104004,1.50113451480865,K,9
OUTPUT,NaN,NaN,NaN,NaN,NaN,NaN

INPUT,0.358314216136932,0.0353111587464809,0.732329726219177,0.188883483409882,3.13829016685486,1.11742424964905,K,12
OUTPUT,NaN,NaN,NaN,NaN,NaN,NaN

INPUT,0.362464338541031,0.0353932343423367,0.743498623371124,0.133997485041618,3.13786864280701,1.16025865077972,K,13
OUTPUT,NaN,NaN,NaN,NaN,NaN,NaN

INPUT,0.366614460945129,0.0354753099381924,0.754667460918427,0.0803266912698746,3.13745594024658,1.20430791378021,K,14
OUTPUT,NaN,NaN,NaN,NaN,NaN,NaN

INPUT,0.370764583349228,0.0355573855340481,0.765836417675018,0.0275198295712471,3.13705325126648,1.24922156333923,K,15
OUTPUT,NaN,NaN,NaN,NaN,NaN,NaN

INPUT,0.374499678611755,0.035631250590086,0.775888383388519,-0.0194574259221554,3.13669991493225,1.29019260406494,K,16
OUTPUT,NaN,NaN,NaN,NaN,NaN,NaN

INPUT,0.377404779195786,0.0356887020170689,0.783706605434418,-0.0557142272591591,3.13643145561218,1.32234013080597,K,17
OUTPUT,NaN,NaN,NaN,NaN,NaN,NaN

INPUT,0.379479825496674,0.0357297398149967,0.789291083812714,-0.0814870446920395,3.13624334335327,1.34542775154114,K,18
OUTPUT,NaN,NaN,NaN,NaN,NaN,NaN

INPUT,0.380724877119064,0.0357543639838696,0.792641758918762,-0.096906453371048,3.13613224029541,1.35932433605194,K,19
OUTPUT,NaN,NaN,NaN,NaN,NaN,NaN

INPUT,0.381139874458313,0.0357625707983971,0.793758630752563,-0.102039471268654,3.13609528541565,1.3639634847641,K,20
OUTPUT,NaN,NaN,NaN,NaN,NaN,NaN

INPUT,0.369923949241638,0.0326330736279488,0.731198072433472,-2.9580602645874,3.10544538497925,-1.89353084564209,K,5
OUTPUT,NaN,NaN,NaN,NaN,NaN,NaN

INPUT,0.378057330846786,0.0323005095124245,0.746843576431274,-3.04567408561707,3.10036611557007,-1.79334700107574,K,6
OUTPUT,NaN,NaN,NaN,NaN,NaN,NaN

INPUT,0.384383320808411,0.0320418439805508,0.759012341499329,-3.11477780342102,3.09666347503662,-1.71637284755707,K,7
OUTPUT,NaN,NaN,NaN,NaN,NaN,NaN

INPUT,0.388901859521866,0.0318570882081985,0.76770430803299,3.11867761611938,3.09416389465332,-1.66175413131714,K,8
OUTPUT,NaN,NaN,NaN,NaN,NaN,NaN

INPUT,0.391613006591797,0.0317462310194969,0.772919476032257,3.08872056007385,3.0927255153656,-1.62909924983978,K,9
OUTPUT,NaN,NaN,NaN,NaN,NaN,NaN

INPUT,0.367161720991135,0.0346160903573036,0.731118440628052,-3.03930878639221,3.1147346496582,-1.81767761707306,K,5
OUTPUT,NaN,NaN,NaN,NaN,NaN,NaN

INPUT,0.374862253665924,0.0346344895660877,0.746816754341125,-3.13865160942078,3.11126613616943,-1.70157861709595,K,6
OUTPUT,NaN,NaN,NaN,NaN,NaN,NaN

INPUT,0.380851566791534,0.0346488021314144,0.759026527404785,3.06608963012695,3.10880827903748,-1.61244940757751,K,7
OUTPUT,NaN,NaN,NaN,NaN,NaN,NaN

INPUT,0.385129630565643,0.0346590243279934,0.767747819423676,3.00960612297058,3.10719227790833,-1.54923367500305,K,8
OUTPUT,NaN,NaN,NaN,NaN,NaN,NaN

INPUT,0.387696474790573,0.0346651561558247,0.772980570793152,2.97557139396667,3.106281042099,-1.51144731044769,K,9
OUTPUT,NaN,NaN,NaN,NaN,NaN,NaN

INPUT,0.354207813739777,0.0351918376982212,0.735801577568054,0.264107048511505,3.0976984500885,1.27720975875854,K,5
OUTPUT,NaN,NaN,NaN,NaN,NaN,NaN

INPUT,0.358960300683975,0.0352702736854553,0.749514997005463,0.188707798719406,3.09123373031616,1.35640203952789,K,6
OUTPUT,NaN,NaN,NaN,NaN,NaN,NaN

INPUT,0.362656682729721,0.0353312827646732,0.760180950164795,0.129754319787025,3.08641147613525,1.41770327091217,K,7
OUTPUT,NaN,NaN,NaN,NaN,NaN,NaN

INPUT,0.365296989679337,0.0353748574852943,0.767799496650696,0.0875233858823776,3.08308792114258,1.46137821674347,K,8
OUTPUT,NaN,NaN,NaN,NaN,NaN,NaN

INPUT,0.366881132125854,0.0354010052978992,0.772370636463165,0.0621452480554581,3.08114528656006,1.48754751682281,K,9
OUTPUT,NaN,NaN,NaN,NaN,NaN,NaN

INPUT,0.361467093229294,0.0336297899484634,0.736934304237366,0.189193800091743,3.13366317749023,1.26237726211548,K,5
OUTPUT,NaN,NaN,NaN,NaN,NaN,NaN

INPUT,0.367068499326706,0.0334722362458706,0.75050687789917,0.102935798466206,3.13209962844849,1.33993256092072,K,6
OUTPUT,NaN,NaN,NaN,NaN,NaN,NaN

INPUT,0.371425151824951,0.033349696546793,0.76106333732605,0.036713145673275,3.13092660903931,1.4011207818985,K,7
OUTPUT,NaN,NaN,NaN,NaN,NaN,NaN

INPUT,0.37453705072403,0.0332621708512306,0.768603682518005,-0.0102786598727107,3.13011527061462,1.44513726234436,K,8
OUTPUT,NaN,NaN,NaN,NaN,NaN,NaN

INPUT,0.376404166221619,0.0332096517086029,0.773127913475037,-0.0383778810501099,3.12963962554932,1.47164332866669,K,9
OUTPUT,NaN,NaN,NaN,NaN,NaN,NaN

INPUT,0.362903207540512,0.0364069268107414,0.725004434585571,-2.90446138381958,3.11616849899292,-1.99587643146515,K,4
OUTPUT,NaN,NaN,NaN,NaN,NaN,NaN

INPUT,0.369213223457336,0.0367441959679127,0.738093137741089,-2.97922873497009,3.11263346672058,-1.90683329105377,K,5
OUTPUT,NaN,NaN,NaN,NaN,NaN,NaN

INPUT,0.375523269176483,0.0370814651250839,0.751181900501251,-3.05551981925964,3.10929131507874,-1.81930553913116,K,6
OUTPUT,NaN,NaN,NaN,NaN,NaN,NaN

INPUT,0.380431085824966,0.0373437851667404,0.761362016201019,-3.11558699607849,3.10684013366699,-1.75195240974426,K,7
OUTPUT,NaN,NaN,NaN,NaN,NaN,NaN

INPUT,0.383936673402786,0.0375311560928822,0.768633484840393,3.12439799308777,3.10517454147339,-1.70413482189178,K,8
OUTPUT,NaN,NaN,NaN,NaN,NaN,NaN

INPUT,0.38604000210762,0.0376435816287994,0.772996425628662,3.09838032722473,3.10421109199524,-1.67554068565369,K,9
OUTPUT,NaN,NaN,NaN,NaN,NaN,NaN

INPUT,0.364545047283173,0.0354216173291206,0.736497342586517,0.125861883163452,3.1385600566864,1.15534031391144,K,5
OUTPUT,NaN,NaN,NaN,NaN,NaN,NaN

INPUT,0.370558559894562,0.0355403311550617,0.749911546707153,0.0424156114459038,3.13765001296997,1.22904253005981,K,6
OUTPUT,NaN,NaN,NaN,NaN,NaN,NaN

INPUT,0.375235736370087,0.0356326624751091,0.760344743728638,-0.0211784467101097,3.13695859909058,1.28767549991608,K,7
OUTPUT,NaN,NaN,NaN,NaN,NaN,NaN

INPUT,0.378576576709747,0.0356986112892628,0.767797112464905,-0.0661964789032936,3.13647508621216,1.32996237277985,K,8
OUTPUT,NaN,NaN,NaN,NaN,NaN,NaN

INPUT,0.380581080913544,0.035738181322813,0.77226847410202,-0.0930908098816872,3.13618969917297,1.35545110702515,K,9
OUTPUT,NaN,NaN,NaN,NaN,NaN,NaN

INPUT,0.358714044094086,0.0335333570837975,0.732020854949951,0.118931449949741,3.13473701477051,1.14359843730927,K,12
OUTPUT,NaN,NaN,NaN,NaN,NaN,NaN

INPUT,0.362906336784363,0.0334281660616398,0.743157386779785,0.0622897334396839,3.13398504257202,1.1947968006134,K,13
OUTPUT,NaN,NaN,NaN,NaN,NaN,NaN

INPUT,0.36709862947464,0.0333229787647724,0.754293859004974,0.00613160664215684,3.13325500488281,1.24647903442383,K,14
OUTPUT,NaN,NaN,NaN,NaN,NaN,NaN

INPUT,0.371290892362595,0.0332177877426147,0.765430390834808,-0.0496714785695076,3.13254928588867,1.29851651191711,K,15
OUTPUT,NaN,NaN,NaN,NaN,NaN,NaN

INPUT,0.375063955783844,0.0331231169402599,0.775453269481659,-0.0996631905436516,3.13193655014038,1.34558188915253,K,16
OUTPUT,NaN,NaN,NaN,NaN,NaN,NaN

INPUT,0.377998560667038,0.0330494865775108,0.783248782157898,-0.138425052165985,3.13147568702698,1.38230895996094,K,17
OUTPUT,NaN,NaN,NaN,NaN,NaN,NaN

INPUT,0.380094707012177,0.0329968929290771,0.788817048072815,-0.166057750582695,3.13115501403809,1.40859687328339,K,18
OUTPUT,NaN,NaN,NaN,NaN,NaN,NaN

INPUT,0.38135239481926,0.0329653359949589,0.792158007621765,-0.182618215680122,3.13096642494202,1.42438900470734,K,19
OUTPUT,NaN,NaN,NaN,NaN,NaN,NaN

INPUT,0.381771624088287,0.032954815775156,0.793271660804749,-0.188135281205177,3.13090419769287,1.42965602874756,K,20
OUTPUT,NaN,NaN,NaN,NaN,NaN,NaN

INPUT,0.351159453392029,0.0379877910017967,0.732652842998505,0.0772557333111763,3.10811758041382,1.18008518218994,K,12
OUTPUT,NaN,NaN,NaN,NaN,NaN,NaN

INPUT,0.354555815458298,0.0383513979613781,0.743857145309448,0.0185710415244102,3.10490655899048,1.23749256134033,K,13
OUTPUT,NaN,NaN,NaN,NaN,NaN,NaN

INPUT,0.357952207326889,0.0387150086462498,0.755061507225037,-0.0400157421827316,3.10181927680969,1.29500424861908,K,14
OUTPUT,NaN,NaN,NaN,NaN,NaN,NaN

INPUT,0.361348569393158,0.0390786156058311,0.76626580953598,-0.0985302552580833,3.09886598587036,1.35259556770325,K,15
OUTPUT,NaN,NaN,NaN,NaN,NaN,NaN

INPUT,0.364405304193497,0.0394058637320995,0.776349723339081,-0.151145905256271,3.0963306427002,1.40448117256165,K,16
OUTPUT,NaN,NaN,NaN,NaN,NaN,NaN

INPUT,0.366782784461975,0.0396603904664516,0.784192740917206,-0.192044615745544,3.09444379806519,1.44486522674561,K,17
OUTPUT,NaN,NaN,NaN,NaN,NaN,NaN

INPUT,0.368480980396271,0.0398421958088875,0.789794921875,-0.221247032284737,3.09314346313477,1.47372400760651,K,18
OUTPUT,NaN,NaN,NaN,NaN,NaN,NaN

INPUT,0.369499891996384,0.0399512760341167,0.793156206607819,-0.238764554262161,3.09238290786743,1.49104404449463,K,19
OUTPUT,NaN,NaN,NaN,NaN,NaN,NaN

INPUT,0.369839519262314,0.03998763859272,0.794276654720306,-0.244603201746941,3.09213256835938,1.4968181848526,K,20
OUTPUT,NaN,NaN,NaN,NaN,NaN,NaN

INPUT,0.356816977262497,0.0339543223381042,0.732455968856812,0.0927360355854034,3.13267707824707,1.06822144985199,K,12
OUTPUT,NaN,NaN,NaN,NaN,NaN,NaN

INPUT,0.360809415578842,0.0338935814797878,0.743638277053833,0.0398730374872684,3.13172125816345,1.11802160739899,K,13
OUTPUT,NaN,NaN,NaN,NaN,NaN,NaN

INPUT,0.364801853895187,0.0338328406214714,0.754820585250854,-0.0127227641642094,3.13079118728638,1.16808927059174,K,14
OUTPUT,NaN,NaN,NaN,NaN,NaN,NaN

INPUT,0.368794292211533,0.0337721034884453,0.766002893447876,-0.0651210471987724,3.12988972663879,1.21835517883301,K,15
OUTPUT,NaN,NaN,NaN,NaN,NaN,NaN

INPUT,0.37238746881485,0.0337174348533154,0.776066958904266,-0.112150110304356,3.12910461425781,1.2637243270874,K,16
OUTPUT,NaN,NaN,NaN,NaN,NaN,NaN

INPUT,0.375182181596756,0.033674918115139,0.783894538879395,-0.148660615086555,3.12851238250732,1.29907929897308,K,17
OUTPUT,NaN,NaN,NaN,NaN,NaN,NaN

INPUT,0.377178400754929,0.0336445495486259,0.789485692977905,-0.174708858132362,3.12809944152832,1.32436370849609,K,18
OUTPUT,NaN,NaN,NaN,NaN,NaN,NaN

INPUT,0.378376126289368,0.0336263254284859,0.792840361595154,-0.19032695889473,3.12785601615906,1.33954524993896,K,19
OUTPUT,NaN,NaN,NaN,NaN,NaN,NaN

INPUT,0.378775358200073,0.0336202532052994,0.793958604335785,-0.195531338453293,3.1277756690979,1.34460759162903,K,20
OUTPUT,NaN,NaN,NaN,NaN,NaN,NaN

INPUT,0.365709513425827,0.034025639295578,0.721634328365326,-2.87513303756714,3.08630061149597,-2.0286066532135,K,11
OUTPUT,NaN,NaN,NaN,NaN,NaN,NaN

INPUT,0.371216952800751,0.0339660048484802,0.732860505580902,-2.92441439628601,3.08037781715393,-1.97826135158539,K,12
OUTPUT,NaN,NaN,NaN,NaN,NaN,NaN

INPUT,0.376724392175674,0.0339063704013824,0.744086623191833,-2.97379732131958,3.07460689544678,-1.92799985408783,K,13
OUTPUT,NaN,NaN,NaN,NaN,NaN,NaN

INPUT,0.382231801748276,0.0338467359542847,0.75531280040741,-3.02325868606567,3.06900191307068,-1.87779784202576,K,14
OUTPUT,NaN,NaN,NaN,NaN,NaN,NaN

INPUT,0.387739241123199,0.0337871015071869,0.766538918018341,-3.07278203964233,3.06357717514038,-1.82763803005219,K,15
OUTPUT,NaN,NaN,NaN,NaN,NaN,NaN

INPUT,0.392695933580399,0.0337334312498569,0.776642441749573,-3.11739730834961,3.05886006355286,-1.78252053260803,K,16
OUTPUT,NaN,NaN,NaN,NaN,NaN,NaN

INPUT,0.396551132202148,0.0336916856467724,0.784500777721405,3.13106274604797,3.05530571937561,-1.74744164943695,K,17
OUTPUT,NaN,NaN,NaN,NaN,NaN,NaN

INPUT,0.399304866790771,0.0336618684232235,0.790113866329193,3.10624718666077,3.05283093452454,-1.72239077091217,K,18
OUTPUT,NaN,NaN,NaN,NaN,NaN,NaN

INPUT,0.400957077741623,0.0336439795792103,0.793481707572937,3.09135365486145,3.05137252807617,-1.70736217498779,K,19
OUTPUT,NaN,NaN,NaN,NaN,NaN,NaN

INPUT,0.401507824659348,0.0336380153894424,0.794604301452637,3.0863881111145,3.05089068412781,-1.70235288143158,K,20
OUTPUT,NaN,NaN,NaN,NaN,NaN,NaN

INPUT,0.360218852758408,0.0350363068282604,0.721285939216614,-2.88655185699463,3.11013221740723,-2.00658416748047,K,11
OUTPUT,NaN,NaN,NaN,NaN,NaN,NaN

INPUT,0.365080773830414,0.0350954867899418,0.732471108436584,-2.93734788894653,3.10683512687683,-1.95385801792145,K,12
OUTPUT,NaN,NaN,NaN,NaN,NaN,NaN

INPUT,0.369942724704742,0.0351546667516232,0.743656277656555,-2.9883120059967,3.10363101959229,-1.90129423141479,K,13
OUTPUT,NaN,NaN,NaN,NaN,NaN,NaN

INPUT,0.374804615974426,0.0352138467133045,0.754841446876526,-3.03940176963806,3.10052871704102,-1.84885013103485,K,14
OUTPUT,NaN,NaN,NaN,NaN,NaN,NaN

INPUT,0.379666537046432,0.0352730266749859,0.766026616096497,-3.09058880805969,3.09753632545471,-1.79649651050568,K,15
OUTPUT,NaN,NaN,NaN,NaN,NaN,NaN

INPUT,0.384042292833328,0.035326287150383,0.776093244552612,-3.13672280311584,3.09494376182556,-1.74943804740906,K,16
OUTPUT,NaN,NaN,NaN,NaN,NaN,NaN

INPUT,0.387445628643036,0.0353677161037922,0.783922910690308,3.11054515838623,3.0929970741272,-1.71286880970001,K,17
OUTPUT,NaN,NaN,NaN,NaN,NaN,NaN

INPUT,0.389876574277878,0.0353973060846329,0.789515495300293,3.08487367630005,3.09164547920227,-1.68676209449768,K,18
OUTPUT,NaN,NaN,NaN,NaN,NaN,NaN

INPUT,0.391335159540176,0.035415057092905,0.792870998382568,3.06946468353271,3.09085059165955,-1.67110323905945,K,19
OUTPUT,NaN,NaN,NaN,NaN,NaN,NaN

INPUT,0.391821354627609,0.0354209765791893,0.793989539146423,3.06432747840881,3.09058833122253,-1.6658843755722,K,20
OUTPUT,NaN,NaN,NaN,NaN,NaN,NaN

INPUT,0.366190701723099,0.0340380109846592,0.716025412082672,-2.87868070602417,3.08660840988159,-2.05316662788391,K,4
OUTPUT,NaN,NaN,NaN,NaN,NaN,NaN

INPUT,0.375060558319092,0.033958587795496,0.731553316116333,-2.96104955673218,3.0763852596283,-1.95854938030243,K,5
OUTPUT,NaN,NaN,NaN,NaN,NaN,NaN

INPUT,0.383930414915085,0.0338791646063328,0.747081279754639,-3.04507660865784,3.06667017936707,-1.86553263664246,K,6
OUTPUT,NaN,NaN,NaN,NaN,NaN,NaN

INPUT,0.390829175710678,0.0338173918426037,0.759158551692963,-3.11116909980774,3.05951499938965,-1.79388177394867,K,7
OUTPUT,NaN,NaN,NaN,NaN,NaN,NaN

INPUT,0.395756870508194,0.0337732695043087,0.76778519153595,3.12452125549316,3.05464005470276,-1.74296426773071,K,8
OUTPUT,NaN,NaN,NaN,NaN,NaN,NaN

INPUT,0.398713499307632,0.0337467938661575,0.7729611992836,3.09593176841736,3.05181503295898,-1.71249663829803,K,9
OUTPUT,NaN,NaN,NaN,NaN,NaN,NaN

INPUT,0.3650022149086,0.0334379747509956,0.736093640327454,0.0434923134744167,3.13467979431152,1.17954051494598,K,5
OUTPUT,NaN,NaN,NaN,NaN,NaN,NaN

INPUT,0.371114790439606,0.0332496464252472,0.749478101730347,-0.0389149710536003,3.13326263427734,1.27056002616882,K,6
OUTPUT,NaN,NaN,NaN,NaN,NaN,NaN

INPUT,0.375869035720825,0.0331031642854214,0.759888291358948,-0.103891789913177,3.13220310211182,1.34047091007233,K,7
OUTPUT,NaN,NaN,NaN,NaN,NaN,NaN

INPUT,0.379264920949936,0.0329985395073891,0.767324149608612,-0.150615379214287,3.13147211074829,1.39009642601013,K,8
OUTPUT,NaN,NaN,NaN,NaN,NaN,NaN

INPUT,0.381302446126938,0.0329357609152794,0.771785616874695,-0.178745046257973,3.13104462623596,1.41977643966675,K,9
OUTPUT,NaN,NaN,NaN,NaN,NaN,NaN

INPUT,0.356724560260773,0.0382735654711723,0.73626184463501,-0.0018363855779171,3.10563898086548,1.22092056274414,K,5
OUTPUT,NaN,NaN,NaN,NaN,NaN,NaN

INPUT,0.36179131269455,0.0388044267892838,0.749956011772156,-0.087948314845562,3.10044980049133,1.32151067256927,K,6
OUTPUT,NaN,NaN,NaN,NaN,NaN,NaN

INPUT,0.365732133388519,0.0392173193395138,0.760607004165649,-0.156053513288498,3.09665822982788,1.39863133430481,K,7
OUTPUT,NaN,NaN,NaN,NaN,NaN,NaN

INPUT,0.368546992540359,0.0395122431218624,0.768214821815491,-0.205133229494095,3.09409308433533,1.4532915353775,K,8
OUTPUT,NaN,NaN,NaN,NaN,NaN,NaN

INPUT,0.370235919952393,0.0396891944110394,0.772779524326324,-0.234720394015312,3.0926148891449,1.48595142364502,K,9
OUTPUT,NaN,NaN,NaN,NaN,NaN,NaN

INPUT,0.362884372472763,0.0338967964053154,0.736485302448273,0.0195752121508121,3.13240933418274,1.10110151767731,K,5
OUTPUT,NaN,NaN,NaN,NaN,NaN,NaN

INPUT,0.368702709674835,0.0337779112160206,0.749976396560669,-0.056456882506609,3.13067269325256,1.19016861915588,K,6
OUTPUT,NaN,NaN,NaN,NaN,NaN,NaN

INPUT,0.373228073120117,0.0336854495108128,0.760469436645508,-0.116851329803467,3.12937259674072,1.258185505867,K,7
OUTPUT,NaN,NaN,NaN,NaN,NaN,NaN

INPUT,0.376460492610931,0.033619400113821,0.767964482307434,-0.160445958375931,3.12847447395325,1.30631399154663,K,8
OUTPUT,NaN,NaN,NaN,NaN,NaN,NaN

INPUT,0.378399938344955,0.0335797742009163,0.772461533546448,-0.186744585633278,3.12794876098633,1.33504951000214,K,9
OUTPUT,NaN,NaN,NaN,NaN,NaN,NaN

INPUT,0.356553614139557,0.0363969914615154,0.732795774936676,0.241525679826736,3.13040637969971,1.14632904529572,K,12
OUTPUT,NaN,NaN,NaN,NaN,NaN,NaN

INPUT,0.360517799854279,0.0365932993590832,0.744014620780945,0.19159622490406,3.12921857833862,1.19162368774414,K,13
OUTPUT,NaN,NaN,NaN,NaN,NaN,NaN

INPUT,0.364481985569,0.0367896035313606,0.755233526229858,0.142068520188332,3.12805891036987,1.23732042312622,K,14
OUTPUT,NaN,NaN,NaN,NaN,NaN,NaN

INPUT,0.368446171283722,0.0369859114289284,0.766452431678772,0.092839427292347,3.12692975997925,1.28331673145294,K,15
OUTPUT,NaN,NaN,NaN,NaN,NaN,NaN

INPUT,0.372013926506042,0.0371625870466232,0.776549398899078,0.0487294383347034,3.12594199180603,1.32491028308868,K,16
OUTPUT,NaN,NaN,NaN,NaN,NaN,NaN

INPUT,0.374788880348206,0.0373000018298626,0.78440260887146,0.0145249972119927,3.12519335746765,1.35736477375031,K,17
OUTPUT,NaN,NaN,NaN,NaN,NaN,NaN

INPUT,0.376770973205566,0.0373981557786465,0.790012061595917,-0.00985987484455109,3.12466979026794,1.38059341907501,K,18
OUTPUT,NaN,NaN,NaN,NaN,NaN,NaN

INPUT,0.377960205078125,0.0374570451676846,0.793377757072449,-0.0244741588830948,3.12436032295227,1.39454746246338,K,19
OUTPUT,NaN,NaN,NaN,NaN,NaN,NaN

INPUT,0.378356635570526,0.0374766774475574,0.794499635696411,-0.0293429605662823,3.12425780296326,1.39920139312744,K,20
OUTPUT,NaN,NaN,NaN,NaN,NaN,NaN

INPUT,0.36875331401825,0.0351711586117744,0.730708956718445,-2.9775538444519,3.10434579849243,-1.93533885478973,K,5
OUTPUT,NaN,NaN,NaN,NaN,NaN,NaN

INPUT,0.376691848039627,0.03528942912817,0.74629932641983,-3.06334686279297,3.09906530380249,-1.83727645874023,K,6
OUTPUT,NaN,NaN,NaN,NaN,NaN,NaN

INPUT,0.382866233587265,0.0353814139962196,0.758425176143646,-3.13101959228516,3.09520363807678,-1.76193726062775,K,7
OUTPUT,NaN,NaN,NaN,NaN,NaN,NaN

INPUT,0.387276530265808,0.0354471169412136,0.767086505889893,3.10346364974976,3.0925886631012,-1.70848035812378,K,8
OUTPUT,NaN,NaN,NaN,NaN,NaN,NaN

INPUT,0.389922708272934,0.0354865416884422,0.772283256053925,3.07412433624268,3.09108066558838,-1.67652082443237,K,9
OUTPUT,NaN,NaN,NaN,NaN,NaN,NaN

INPUT,0.354363888502121,0.0360917821526527,0.732476234436035,0.161407694220543,3.12151169776917,1.14019250869751,K,12
OUTPUT,NaN,NaN,NaN,NaN,NaN,NaN

INPUT,0.358097553253174,0.0362557806074619,0.743661999702454,0.108742013573647,3.11948871612549,1.19054460525513,K,13
OUTPUT,NaN,NaN,NaN,NaN,NaN,NaN

INPUT,0.361831247806549,0.0364197827875614,0.754847705364227,0.0562667921185493,3.11752438545227,1.24108958244324,K,14
OUTPUT,NaN,NaN,NaN,NaN,NaN,NaN

INPUT,0.365564942359924,0.0365837812423706,0.766033470630646,0.00393396010622382,3.11562395095825,1.29177904129028,K,15
OUTPUT,NaN,NaN,NaN,NaN,NaN,NaN

INPUT,0.368925243616104,0.036731380969286,0.776100695133209,-0.0430715680122375,3.11397218704224,1.33749616146088,K,16
OUTPUT,NaN,NaN,NaN,NaN,NaN,NaN

INPUT,0.371538817882538,0.0368461832404137,0.783930718898773,-0.0795819759368896,3.11272835731506,1.37310457229614,K,17
OUTPUT,NaN,NaN,NaN,NaN,NaN,NaN

INPUT,0.373405665159225,0.0369281843304634,0.789523601531982,-0.10563836991787,3.11186265945435,1.39856243133545,K,18
OUTPUT,NaN,NaN,NaN,NaN,NaN,NaN

INPUT,0.374525785446167,0.0369773842394352,0.792879283428192,-0.121264167129993,3.11135268211365,1.41384530067444,K,19
OUTPUT,NaN,NaN,NaN,NaN,NaN,NaN

INPUT,0.37489914894104,0.036993782967329,0.793997883796692,-0.126471504569054,3.1111843585968,1.41894102096558,K,20
OUTPUT,NaN,NaN,NaN,NaN,NaN,NaN

INPUT,0.362647831439972,0.0366309285163879,0.736888408660889,0.184960722923279,3.12988257408142,1.18817055225372,K,5
OUTPUT,NaN,NaN,NaN,NaN,NaN,NaN

INPUT,0.368427753448486,0.0369317382574081,0.750429511070251,0.107657052576542,3.12778306007385,1.26398551464081,K,6
OUTPUT,NaN,NaN,NaN,NaN,NaN,NaN

INPUT,0.372923254966736,0.0371657013893127,0.760961532592773,0.0476695671677589,3.12620544433594,1.32309150695801,K,7
OUTPUT,NaN,NaN,NaN,NaN,NaN,NaN

INPUT,0.376134306192398,0.0373328141868114,0.768484354019165,0.00487174699082971,3.12511157989502,1.36536157131195,K,8
OUTPUT,NaN,NaN,NaN,NaN,NaN,NaN

INPUT,0.378060966730118,0.0374330841004848,0.772998094558716,-0.0207910295575857,3.12446928024292,1.39073967933655,K,9
OUTPUT,NaN,NaN,NaN,NaN,NaN,NaN

INPUT,0.360213428735733,0.0362586155533791,0.73628705739975,0.0943717285990715,3.1201605796814,1.17961275577545,K,5
OUTPUT,NaN,NaN,NaN,NaN,NaN,NaN

INPUT,0.365717440843582,0.0364956632256508,0.749866306781769,0.0156518295407295,3.11677312850952,1.26654851436615,K,6
OUTPUT,NaN,NaN,NaN,NaN,NaN,NaN

INPUT,0.36999836564064,0.0366800352931023,0.760427951812744,-0.0462661534547806,3.11425447463989,1.33347833156586,K,7
OUTPUT,NaN,NaN,NaN,NaN,NaN,NaN

INPUT,0.373056143522263,0.0368117280304432,0.767971992492676,-0.0907556638121605,3.11252450942993,1.38102579116821,K,8
OUTPUT,NaN,NaN,NaN,NaN,NaN,NaN

INPUT,0.374890834093094,0.0368907451629639,0.772498369216919,-0.117533251643181,3.11151552200317,1.40947127342224,K,9
OUTPUT,NaN,NaN,NaN,NaN,NaN,NaN

INPUT,0.351235121488571,0.0363329909741879,0.73233163356781,0.114809632301331,3.10865378379822,1.16720104217529,K,12
OUTPUT,NaN,NaN,NaN,NaN,NaN,NaN

INPUT,0.35464009642601,0.0365226417779922,0.743500530719757,0.0588387064635754,3.10546088218689,1.22201001644135,K,13
OUTPUT,NaN,NaN,NaN,NaN,NaN,NaN

INPUT,0.358045041561127,0.0367122925817966,0.754669487476349,0.0029576881788671,3.10237860679626,1.27691507339478,K,14
OUTPUT,NaN,NaN,NaN,NaN,NaN,NaN

INPUT,0.361449986696243,0.036901943385601,0.765838384628296,-0.0528568364679813,3.09941673278809,1.33189332485199,K,15
OUTPUT,NaN,NaN,NaN,NaN,NaN,NaN

INPUT,0.36451444029808,0.037072628736496,0.775890409946442,-0.1030463129282,3.09686136245728,1.381422996521,K,16
OUTPUT,NaN,NaN,NaN,NaN,NaN,NaN

INPUT,0.366897910833359,0.037205383181572,0.783708691596985,-0.142059907317162,3.09495043754578,1.41997241973877,K,17
OUTPUT,NaN,NaN,NaN,NaN,NaN,NaN

INPUT,0.368600398302078,0.037300206720829,0.789293169975281,-0.169916749000549,3.09362816810608,1.4475200176239,K,18
OUTPUT,NaN,NaN,NaN,NaN,NaN,NaN

INPUT,0.369621872901917,0.0373571030795574,0.792643785476685,-0.186627328395844,3.09285235404968,1.46405303478241,K,19
OUTPUT,NaN,NaN,NaN,NaN,NaN,NaN

INPUT,0.369962364435196,0.0373760685324669,0.793760716915131,-0.192196920514107,3.09259676933289,1.46956467628479,K,20
OUTPUT,NaN,NaN,NaN,NaN,NaN,NaN

INPUT,0.360032618045807,0.0354052819311619,0.721341252326965,-2.78843712806702,3.10423254966736,-1.99430024623871,K,11
OUTPUT,NaN,NaN,NaN,NaN,NaN,NaN

INPUT,0.364873230457306,0.0355080775916576,0.732531309127808,-2.83429408073425,3.10022354125977,-1.94672834873199,K,12
OUTPUT,NaN,NaN,NaN,NaN,NaN,NaN

INPUT,0.369713872671127,0.0356108769774437,0.743721306324005,-2.88030505180359,3.09630489349365,-1.89930260181427,K,13
OUTPUT,NaN,NaN,NaN,NaN,NaN,NaN

INPUT,0.374554485082626,0.0357136726379395,0.754911303520203,-2.92643165588379,3.09248495101929,-1.85198438167572,K,14
OUTPUT,NaN,NaN,NaN,NaN,NaN,NaN

INPUT,0.379395127296448,0.0358164682984352,0.7661013007164,-2.97264742851257,3.08877229690552,-1.80474650859833,K,15
OUTPUT,NaN,NaN,NaN,NaN,NaN,NaN

INPUT,0.383751690387726,0.0359089858829975,0.776172339916229,-3.01430249214172,3.085529088974,-1.76228582859039,K,16
OUTPUT,NaN,NaN,NaN,NaN,NaN,NaN

INPUT,0.38714012503624,0.0359809435904026,0.784005343914032,-3.04673385620117,3.08307480812073,-1.72928869724274,K,17
OUTPUT,NaN,NaN,NaN,NaN,NaN,NaN

INPUT,0.389560431241989,0.0360323414206505,0.789600312709808,-3.06991481781006,3.08135986328125,-1.70573174953461,K,18
OUTPUT,NaN,NaN,NaN,NaN,NaN,NaN

INPUT,0.391012638807297,0.0360631830990314,0.792957305908203,-3.08382868766785,3.08034682273865,-1.69160211086273,K,19
OUTPUT,NaN,NaN,NaN,NaN,NaN,NaN

INPUT,0.391496688127518,0.0360734611749649,0.794076323509216,-3.08846759796143,3.08001160621643,-1.68689286708832,K,20
OUTPUT,NaN,NaN,NaN,NaN,NaN,NaN

INPUT,0.353493243455887,0.0359659604728222,0.733087539672852,0.224172741174698,3.11906123161316,1.19047200679779,K,12
OUTPUT,NaN,NaN,NaN,NaN,NaN,NaN

INPUT,0.357135236263275,0.0361169502139091,0.744337141513824,0.172102615237236,3.11680221557617,1.2401065826416,K,13
OUTPUT,NaN,NaN,NaN,NaN,NaN,NaN

INPUT,0.360777229070663,0.0362679399549961,0.755586683750153,0.120232202112675,3.11460733413696,1.28994357585907,K,14
OUTPUT,NaN,NaN,NaN,NaN,NaN,NaN

INPUT,0.364419221878052,0.0364189296960831,0.766836285591125,0.0685110837221146,3.11248207092285,1.33993291854858,K,15
OUTPUT,NaN,NaN,NaN,NaN,NaN,NaN

INPUT,0.36769700050354,0.0365548208355904,0.776960909366608,0.0220606010407209,3.11063361167908,1.38502466678619,K,16
OUTPUT,NaN,NaN,NaN,NaN,NaN,NaN

INPUT,0.370246410369873,0.0366605147719383,0.784835636615753,-0.0140154808759689,3.10924053192139,1.42014980316162,K,17
OUTPUT,NaN,NaN,NaN,NaN,NaN,NaN

INPUT,0.372067391872406,0.036736011505127,0.790460407733917,-0.0397605933248997,3.10827040672302,1.44526350498199,K,18
OUTPUT,NaN,NaN,NaN,NaN,NaN,NaN

INPUT,0.373160004615784,0.036781307309866,0.793835282325745,-0.0551991909742355,3.10769867897034,1.46034073829651,K,19
OUTPUT,NaN,NaN,NaN,NaN,NaN,NaN

INPUT,0.373524188995361,0.0367964059114456,0.794960260391235,-0.0603441074490547,3.10750985145569,1.46536779403687,K,20
OUTPUT,NaN,NaN,NaN,NaN,NaN,NaN

INPUT,0.355477929115295,0.0359180085361004,0.733267307281494,0.360874712467194,3.1383695602417,1.25197911262512,K,12
OUTPUT,NaN,NaN,NaN,NaN,NaN,NaN

INPUT,0.359329611063004,0.0360638201236725,0.744535028934479,0.303455859422684,3.13795804977417,1.28834056854248,K,13
OUTPUT,NaN,NaN,NaN,NaN,NaN,NaN

INPUT,0.363181293010712,0.0362096279859543,0.755802690982819,0.248163416981697,3.13755393028259,1.32682800292969,K,14
OUTPUT,NaN,NaN,NaN,NaN,NaN,NaN

INPUT,0.36703297495842,0.0363554358482361,0.767070412635803,0.19438536465168,3.13715863227844,1.36683022975922,K,15
OUTPUT,NaN,NaN,NaN,NaN,NaN,NaN

INPUT,0.370499491691589,0.0364866629242897,0.777211368083954,0.146947905421257,3.13681101799011,1.40379500389099,K,16
OUTPUT,NaN,NaN,NaN,NaN,NaN,NaN

INPUT,0.373195677995682,0.0365887321531773,0.785098791122437,0.110545821487904,3.13654661178589,1.4330393075943,K,17
OUTPUT,NaN,NaN,NaN,NaN,NaN,NaN

INPUT,0.375121533870697,0.0366616360843182,0.790732622146606,0.0847641080617905,3.13636088371277,1.45414781570435,K,18
OUTPUT,NaN,NaN,NaN,NaN,NaN,NaN

INPUT,0.376277029514313,0.0367053784430027,0.794112920761108,0.069372646510601,3.13625073432922,1.46689033508301,K,19
OUTPUT,NaN,NaN,NaN,NaN,NaN,NaN

INPUT,0.376662194728851,0.0367199592292309,0.795239686965942,0.0642541870474815,3.13621425628662,1.47114992141724,K,20
OUTPUT,NaN,NaN,NaN,NaN,NaN,NaN

INPUT,0.352633833885193,0.0350298546254635,0.732563018798828,0.22530061006546,3.12067365646362,1.22626626491547,K,12
OUTPUT,NaN,NaN,NaN,NaN,NaN,NaN

INPUT,0.356185227632523,0.0350821949541569,0.743757843971252,0.171179622411728,3.1185827255249,1.27749836444855,K,13
OUTPUT,NaN,NaN,NaN,NaN,NaN,NaN

INPUT,0.359736621379852,0.03513453155756,0.754952609539032,0.117294885218143,3.11655569076538,1.3289692401886,K,14
OUTPUT,NaN,NaN,NaN,NaN,NaN,NaN

INPUT,0.363288015127182,0.0351868718862534,0.766147375106812,0.0635869428515434,3.11459803581238,1.38061964511871,K,15
OUTPUT,NaN,NaN,NaN,NaN,NaN,NaN

INPUT,0.366484254598618,0.0352339781820774,0.776222705841064,0.0153665719553828,3.11290001869202,1.42722404003143,K,16
OUTPUT,NaN,NaN,NaN,NaN,NaN,NaN

INPUT,0.36897024512291,0.0352706126868725,0.784059047698975,-0.0220767259597778,3.11162376403809,1.46353495121002,K,17
OUTPUT,NaN,NaN,NaN,NaN,NaN,NaN

INPUT,0.370745927095413,0.0352967828512192,0.789656460285187,-0.0487939566373825,3.11073684692383,1.48950004577637,K,18
OUTPUT,NaN,NaN,NaN,NaN,NaN,NaN

INPUT,0.371811360120773,0.0353124849498272,0.793014883995056,-0.0648143887519836,3.11021494865417,1.5050892829895,K,19
OUTPUT,NaN,NaN,NaN,NaN,NaN,NaN

INPUT,0.372166484594345,0.0353177189826965,0.794134378433228,-0.0701529458165169,3.11004281044006,1.51028740406036,K,20
OUTPUT,NaN,NaN,NaN,NaN,NaN,NaN

INPUT,0.362037152051926,0.0337410606443882,0.732963562011719,-2.90239000320435,3.12345504760742,-1.8520073890686,K,12
OUTPUT,NaN,NaN,NaN,NaN,NaN,NaN

INPUT,0.366578578948975,0.0336575545370579,0.744200706481934,-2.95572996139526,3.12185859680176,-1.7947940826416,K,13
OUTPUT,NaN,NaN,NaN,NaN,NaN,NaN

INPUT,0.371120005846024,0.0335740484297276,0.755437850952148,-3.0093560218811,3.12032246589661,-1.73786532878876,K,14
OUTPUT,NaN,NaN,NaN,NaN,NaN,NaN

INPUT,0.375661462545395,0.0334905423223972,0.766674995422363,-3.06320142745972,3.11885118484497,-1.68115389347076,K,15
OUTPUT,NaN,NaN,NaN,NaN,NaN,NaN

INPUT,0.3797487616539,0.0334153845906258,0.776788473129272,-3.11180996894836,3.11758613586426,-1.63025987148285,K,16
OUTPUT,NaN,NaN,NaN,NaN,NaN,NaN

INPUT,0.382927745580673,0.0333569310605526,0.784654498100281,3.13348984718323,3.11664319038391,-1.59075355529785,K,17
OUTPUT,NaN,NaN,NaN,NaN,NaN,NaN

INPUT,0.385198473930359,0.0333151742815971,0.790273070335388,3.10639238357544,3.11599254608154,-1.56257033348083,K,18
OUTPUT,NaN,NaN,NaN,NaN,NaN,NaN

INPUT,0.386560887098312,0.0332901254296303,0.793644189834595,3.0901210308075,3.11561131477356,-1.54567337036133,K,19
OUTPUT,NaN,NaN,NaN,NaN,NaN,NaN

INPUT,0.387015044689178,0.0332817733287811,0.794767916202545,3.0846951007843,3.11548590660095,-1.54004299640656,K,20
OUTPUT,NaN,NaN,NaN,NaN,NaN,NaN

INPUT,0.350606590509415,0.0348235890269279,0.732906103134155,0.266584098339081,3.10203576087952,1.23662030696869,K,12
OUTPUT,NaN,NaN,NaN,NaN,NaN,NaN

INPUT,0.353945434093475,0.0348542258143425,0.744135797023773,0.214766100049019,3.09815549850464,1.28692138195038,K,13
OUTPUT,NaN,NaN,NaN,NaN,NaN,NaN

INPUT,0.357284247875214,0.0348848663270473,0.755365431308746,0.163066729903221,3.09438848495483,1.33734929561615,K,14
OUTPUT,NaN,NaN,NaN,NaN,NaN,NaN

INPUT,0.360623091459274,0.0349155068397522,0.766595125198364,0.111455522477627,3.09074449539185,1.38787460327148,K,15
OUTPUT,NaN,NaN,NaN,NaN,NaN,NaN

INPUT,0.363628059625626,0.0349430814385414,0.776701867580414,0.0650630816817284,3.0875780582428,1.43341290950775,K,16
OUTPUT,NaN,NaN,NaN,NaN,NaN,NaN

INPUT,0.365965247154236,0.0349645279347897,0.784562647342682,0.029009997844696,3.0851936340332,1.46886682510376,K,17
OUTPUT,NaN,NaN,NaN,NaN,NaN,NaN

INPUT,0.367634654045105,0.0349798463284969,0.790177464485168,0.00327134202234447,3.08353447914124,1.49420738220215,K,18
OUTPUT,NaN,NaN,NaN,NaN,NaN,NaN

INPUT,0.368636310100555,0.0349890403449535,0.793546378612518,-0.012167246080935,3.0825572013855,1.50941753387451,K,19
OUTPUT,NaN,NaN,NaN,NaN,NaN,NaN

INPUT,0.368970185518265,0.0349921025335789,0.794669330120087,-0.0173127371817827,3.08223438262939,1.514488697052,K,20
OUTPUT,NaN,NaN,NaN,NaN,NaN,NaN

INPUT,0.361795544624329,0.0332946218550205,0.721245467662811,-2.98685836791992,3.09564161300659,-2.02166652679443,K,11
OUTPUT,NaN,NaN,NaN,NaN,NaN,NaN

INPUT,0.366843461990356,0.0331490784883499,0.732424437999725,-3.04317879676819,3.09085488319397,-1.96441304683685,K,12
OUTPUT,NaN,NaN,NaN,NaN,NaN,NaN

INPUT,0.371891379356384,0.033003531396389,0.743603467941284,-3.09958529472351,3.08623170852661,-1.90723204612732,K,13
OUTPUT,NaN,NaN,NaN,NaN,NaN,NaN

INPUT,0.376939296722412,0.0328579843044281,0.754782497882843,3.12712788581848,3.081787109375,-1.85010266304016,K,14
OUTPUT,NaN,NaN,NaN,NaN,NaN,NaN

INPUT,0.38198721408844,0.0327124372124672,0.765961468219757,3.07060360908508,3.0775351524353,-1.79301047325134,K,15
OUTPUT,NaN,NaN,NaN,NaN,NaN,NaN

INPUT,0.386530369520187,0.0325814485549927,0.776022613048553,3.019695520401,3.07388472557068,-1.74165081977844,K,16
OUTPUT,NaN,NaN,NaN,NaN,NaN,NaN

INPUT,0.390063911676407,0.03247956559062,0.78384792804718,2.98008036613464,3.07116723060608,-1.70171594619751,K,17
OUTPUT,NaN,NaN,NaN,NaN,NaN,NaN

INPUT,0.392587870359421,0.0324067920446396,0.789437413215637,2.95177412033081,3.06929421424866,-1.67319595813751,K,18
OUTPUT,NaN,NaN,NaN,NaN,NaN,NaN

INPUT,0.394102245569229,0.0323631279170513,0.792791128158569,2.9347870349884,3.06819820404053,-1.65608584880829,K,19
OUTPUT,NaN,NaN,NaN,NaN,NaN,NaN

INPUT,0.394607037305832,0.0323485732078552,0.793909013271332,2.92912411689758,3.06783747673035,-1.6503826379776,K,20
OUTPUT,NaN,NaN,NaN,NaN,NaN,NaN

INPUT,0.36843678355217,0.0355192497372627,0.730799078941345,-2.86959886550903,3.09726309776306,-1.92913925647736,K,5
OUTPUT,NaN,NaN,NaN,NaN,NaN,NaN

INPUT,0.376295864582062,0.0356952399015427,0.746392548084259,-2.94745326042175,3.09073257446289,-1.84101641178131,K,6
OUTPUT,NaN,NaN,NaN,NaN,NaN,NaN

INPUT,0.382408499717712,0.035832118242979,0.758520781993866,-3.00882959365845,3.08589220046997,-1.77328097820282,K,7
OUTPUT,NaN,NaN,NaN,NaN,NaN,NaN

INPUT,0.386774659156799,0.0359298884868622,0.767183840274811,-3.05298829078674,3.08257532119751,-1.72520637512207,K,8
OUTPUT,NaN,NaN,NaN,NaN,NaN,NaN

INPUT,0.389394342899323,0.0359885506331921,0.772381663322449,-3.07958626747131,3.08064484596252,-1.69646036624908,K,9
OUTPUT,NaN,NaN,NaN,NaN,NaN,NaN

INPUT,0.356791317462921,0.0364696606993675,0.735873460769653,0.0410708226263523,3.10616087913513,1.20793390274048,K,5
OUTPUT,NaN,NaN,NaN,NaN,NaN,NaN

INPUT,0.361879020929337,0.0367286093533039,0.749521493911743,-0.0417883396148682,3.10098361968994,1.30322206020355,K,6
OUTPUT,NaN,NaN,NaN,NaN,NaN,NaN

INPUT,0.365836143493652,0.036930013448,0.760136663913727,-0.107215985655785,3.09717679023743,1.37636566162109,K,7
OUTPUT,NaN,NaN,NaN,NaN,NaN,NaN

INPUT,0.368662655353546,0.0370738729834557,0.767718911170959,-0.154327601194382,3.09458661079407,1.42824053764343,K,8
OUTPUT,NaN,NaN,NaN,NaN,NaN,NaN

INPUT,0.370358556509018,0.0371601916849613,0.772268235683441,-0.182716131210327,3.0930871963501,1.4592467546463,K,9
OUTPUT,NaN,NaN,NaN,NaN,NaN,NaN

INPUT,0.359293609857559,0.0361426323652267,0.736966133117676,0.161145716905594,3.1174533367157,1.23258340358734,K,5
OUTPUT,NaN,NaN,NaN,NaN,NaN,NaN

INPUT,0.364661514759064,0.0363631956279278,0.750648260116577,0.0818832293152809,3.11370277404785,1.31685209274292,K,6
OUTPUT,NaN,NaN,NaN,NaN,NaN,NaN

INPUT,0.368836581707001,0.0365347415208817,0.761289834976196,0.0198174212127924,3.11091303825378,1.38198292255402,K,7
OUTPUT,NaN,NaN,NaN,NaN,NaN,NaN

INPUT,0.371818751096725,0.036657277494669,0.768890976905823,-0.0246746931225061,3.10899567604065,1.42834889888763,K,8
OUTPUT,NaN,NaN,NaN,NaN,NaN,NaN

INPUT,0.37360805273056,0.0367307960987091,0.773451685905457,-0.0514211282134056,3.1078770160675,1.4561185836792,K,9
OUTPUT,NaN,NaN,NaN,NaN,NaN,NaN

INPUT,0.357742458581924,0.0360325537621975,0.733026325702667,-0.0128826620057225,3.13968348503113,1.17136645317078,K,12
OUTPUT,NaN,NaN,NaN,NaN,NaN,NaN

INPUT,0.361831903457642,0.0361902937293053,0.744270086288452,-0.0835928097367287,3.13939809799194,1.22529399394989,K,13
OUTPUT,NaN,NaN,NaN,NaN,NaN,NaN

INPUT,0.365921348333359,0.036348033696413,0.755513846874237,-0.152393415570259,3.13912105560303,1.28113102912903,K,14
OUTPUT,NaN,NaN,NaN,NaN,NaN,NaN

INPUT,0.370010763406754,0.0365057736635208,0.766757607460022,-0.219905495643616,3.13885354995728,1.33825707435608,K,15
OUTPUT,NaN,NaN,NaN,NaN,NaN,NaN

INPUT,0.373691260814667,0.0366477370262146,0.776876986026764,-0.279881417751312,3.13862180709839,1.39045536518097,K,16
OUTPUT,NaN,NaN,NaN,NaN,NaN,NaN

INPUT,0.376553863286972,0.036758154630661,0.784747660160065,-0.326139688491821,3.13844799995422,1.43144357204437,K,17
OUTPUT,NaN,NaN,NaN,NaN,NaN,NaN

INPUT,0.378598600625992,0.03683702647686,0.790369510650635,-0.359011918306351,3.1383273601532,1.46089029312134,K,18
OUTPUT,NaN,NaN,NaN,NaN,NaN,NaN

INPUT,0.379825413227081,0.0368843488395214,0.793742656707764,-0.378676354885101,3.13825654983521,1.47861707210541,K,19
OUTPUT,NaN,NaN,NaN,NaN,NaN,NaN

INPUT,0.380234360694885,0.0369001217186451,0.794867038726807,-0.385222136974335,3.13823318481445,1.48453509807587,K,20
OUTPUT,NaN,NaN,NaN,NaN,NaN,NaN

INPUT,0.370471179485321,0.0332290567457676,0.730800867080688,-3.08763980865479,3.08763647079468,-1.94443154335022,K,5
OUTPUT,NaN,NaN,NaN,NaN,NaN,NaN

INPUT,0.378641456365585,0.0330239646136761,0.746339380741119,3.10069799423218,3.07993674278259,-1.8375506401062,K,6
OUTPUT,NaN,NaN,NaN,NaN,NaN,NaN

INPUT,0.384996145963669,0.0328644439578056,0.758424878120422,3.02599143981934,3.07437610626221,-1.75532591342926,K,7
OUTPUT,NaN,NaN,NaN,NaN,NaN,NaN

INPUT,0.389535188674927,0.0327505059540272,0.767057359218597,2.97227096557617,3.07065486907959,-1.69693517684937,K,8
OUTPUT,NaN,NaN,NaN,NaN,NaN,NaN

INPUT,0.392258614301682,0.0326821394264698,0.772236883640289,2.93992328643799,3.068528175354,-1.66200888156891,K,9
OUTPUT,NaN,NaN,NaN,NaN,NaN,NaN

INPUT,0.361370027065277,0.0361043885350227,0.737465739250183,0.337850660085678,3.13862419128418,1.32584154605865,K,5
OUTPUT,NaN,NaN,NaN,NaN,NaN,NaN

INPUT,0.366913855075836,0.0363284796476364,0.751064479351044,0.230038702487946,3.13773798942566,1.36883509159088,K,6
OUTPUT,NaN,NaN,NaN,NaN,NaN,NaN

INPUT,0.371225714683533,0.0365027748048306,0.761641263961792,0.154873043298721,3.13706183433533,1.4109628200531,K,7
OUTPUT,NaN,NaN,NaN,NaN,NaN,NaN

INPUT,0.374305605888367,0.0366272702813148,0.769196152687073,0.103893138468266,3.13658761978149,1.44376385211945,K,8
OUTPUT,NaN,NaN,NaN,NaN,NaN,NaN

INPUT,0.376153558492661,0.0367019660770893,0.773729026317596,0.0740828439593315,3.13630700111389,1.46422231197357,K,9
OUTPUT,NaN,NaN,NaN,NaN,NaN,NaN

INPUT,0.358260154724121,0.0351021289825439,0.736287832260132,0.159813657402992,3.11923599243164,1.26967525482178,K,5
OUTPUT,NaN,NaN,NaN,NaN,NaN,NaN

INPUT,0.363492995500565,0.0351638197898865,0.749916195869446,0.0774716064333916,3.11575627326965,1.35673487186432,K,6
OUTPUT,NaN,NaN,NaN,NaN,NaN,NaN

INPUT,0.367562979459763,0.0352118015289307,0.760515987873077,0.0130348792299628,3.11317682266235,1.42405998706818,K,7
OUTPUT,NaN,NaN,NaN,NaN,NaN,NaN

INPUT,0.370470106601715,0.0352460779249668,0.768087327480316,-0.0331410765647888,3.11140918731689,1.4720025062561,K,8
OUTPUT,NaN,NaN,NaN,NaN,NaN,NaN

INPUT,0.372214406728745,0.0352666415274143,0.772630095481873,-0.060894787311554,3.11038017272949,1.50072133541107,K,9
OUTPUT,NaN,NaN,NaN,NaN,NaN,NaN

INPUT,0.362488746643066,0.0338190346956253,0.724848031997681,-2.89131736755371,3.12336921691895,-1.90472853183746,K,4
OUTPUT,NaN,NaN,NaN,NaN,NaN,NaN

INPUT,0.368843019008636,0.033684678375721,0.738063931465149,-2.97039556503296,3.12104511260986,-1.80596768856049,K,5
OUTPUT,NaN,NaN,NaN,NaN,NaN,NaN

INPUT,0.375197321176529,0.0335503183305264,0.751279830932617,-3.05142045021057,3.1188817024231,-1.70914912223816,K,6
OUTPUT,NaN,NaN,NaN,NaN,NaN,NaN

INPUT,0.380139529705048,0.0334458202123642,0.761558830738068,-3.11538076400757,3.11732125282288,-1.63478410243988,K,7
OUTPUT,NaN,NaN,NaN,NaN,NaN,NaN

INPUT,0.383669674396515,0.0333711765706539,0.768900990486145,3.12173700332642,3.11627721786499,-1.58204638957977,K,8
OUTPUT,NaN,NaN,NaN,NaN,NaN,NaN

INPUT,0.385787785053253,0.0333263911306858,0.773306310176849,3.09396982192993,3.11567997932434,-1.55052971839905,K,9
OUTPUT,NaN,NaN,NaN,NaN,NaN,NaN

INPUT,0.356204748153687,0.0348975732922554,0.736495494842529,0.203945204615593,3.09875655174255,1.27964699268341,K,5
OUTPUT,NaN,NaN,NaN,NaN,NaN,NaN

INPUT,0.36122739315033,0.0349242091178894,0.750250816345215,0.124837391078472,3.09250593185425,1.3647129535675,K,6
OUTPUT,NaN,NaN,NaN,NaN,NaN,NaN

INPUT,0.365133851766586,0.0349449254572392,0.760949313640594,0.0628318712115288,3.08787035942078,1.43041503429413,K,7
OUTPUT,NaN,NaN,NaN,NaN,NaN,NaN

INPUT,0.367924183607101,0.0349597223103046,0.768591105937958,0.0183567423373461,3.08469223976135,1.47716903686523,K,8
OUTPUT,NaN,NaN,NaN,NaN,NaN,NaN

INPUT,0.369598388671875,0.0349686034023762,0.773176193237305,-0.00838878843933344,3.08284163475037,1.50516498088837,K,9
OUTPUT,NaN,NaN,NaN,NaN,NaN,NaN

INPUT,0.35805007815361,0.0359743349254131,0.723848760128021,-0.197971895337105,3.14080667495728,0.914523303508759,K,4
OUTPUT,NaN,NaN,NaN,NaN,NaN,NaN

INPUT,0.363938868045807,0.0362127125263214,0.737353622913361,-0.181622236967087,3.14010548591614,1.13132441043854,K,5
OUTPUT,NaN,NaN,NaN,NaN,NaN,NaN

INPUT,0.369827657938004,0.0364510901272297,0.7508584856987,-0.23991784453392,3.13941192626953,1.27348053455353,K,6
OUTPUT,NaN,NaN,NaN,NaN,NaN,NaN

INPUT,0.374407827854156,0.0366364978253841,0.761362314224243,-0.299946129322052,3.13888573646545,1.36935913562775,K,7
OUTPUT,NaN,NaN,NaN,NaN,NaN,NaN

INPUT,0.377679377794266,0.0367689281702042,0.768864989280701,-0.346537351608276,3.13851952552795,1.43413007259369,K,8
OUTPUT,NaN,NaN,NaN,NaN,NaN,NaN

INPUT,0.379642307758331,0.0368483886122704,0.773366630077362,-0.375455439090729,3.13830423355103,1.47202944755554,K,9
OUTPUT,NaN,NaN,NaN,NaN,NaN,NaN

INPUT,0.351308643817902,0.0357631631195545,0.732523620128632,0.238909766077995,3.10861873626709,1.1737893819809,K,12
OUTPUT,NaN,NaN,NaN,NaN,NaN,NaN

INPUT,0.354720890522003,0.0358924455940723,0.743714451789856,0.188825324177742,3.10533905029297,1.22211444377899,K,13
OUTPUT,NaN,NaN,NaN,NaN,NaN,NaN

INPUT,0.358133137226105,0.0360217280685902,0.75490528345108,0.138882577419281,3.10214686393738,1.2705864906311,K,14
OUTPUT,NaN,NaN,NaN,NaN,NaN,NaN

INPUT,0.361545383930206,0.036151010543108,0.766096174716949,0.0890452712774277,3.09905004501343,1.31917035579681,K,15
OUTPUT,NaN,NaN,NaN,NaN,NaN,NaN

INPUT,0.364616423845291,0.0362673625349998,0.776167929172516,0.0442612655460835,3.09635066986084,1.36297082901001,K,16
OUTPUT,NaN,NaN,NaN,NaN,NaN,NaN

INPUT,0.367004990577698,0.0363578610122204,0.784001529216766,0.0094656478613615,3.0943124294281,1.39707803726196,K,17
OUTPUT,NaN,NaN,NaN,NaN,NaN,NaN

INPUT,0.368711143732071,0.0364225022494793,0.789596974849701,-0.0153718600049615,3.09289073944092,1.42145872116089,K,18
OUTPUT,NaN,NaN,NaN,NaN,NaN,NaN

INPUT,0.369734793901443,0.0364612899720669,0.792954206466675,-0.0302686132490635,3.09205174446106,1.43609368801117,K,19
OUTPUT,NaN,NaN,NaN,NaN,NaN,NaN

INPUT,0.370076030492783,0.0364742167294025,0.794073283672333,-0.0352332666516304,3.09177446365356,1.44097316265106,K,20
OUTPUT,NaN,NaN,NaN,NaN,NaN,NaN

INPUT,0.353422522544861,0.0358297377824783,0.733104050159454,0.0600402615964413,3.12138366699219,1.20629000663757,K,12
OUTPUT,NaN,NaN,NaN,NaN,NaN,NaN

INPUT,0.357057005167007,0.0359662361443043,0.744355797767639,-0.00135722116101533,3.1194224357605,1.26553964614868,K,13
OUTPUT,NaN,NaN,NaN,NaN,NaN,NaN

INPUT,0.360691487789154,0.0361027307808399,0.755607604980469,-0.0625844672322273,3.11754179000854,1.32496190071106,K,14
OUTPUT,NaN,NaN,NaN,NaN,NaN,NaN

INPUT,0.364325970411301,0.0362392291426659,0.766859352588654,-0.12368455529213,3.1157488822937,1.38451385498047,K,15
OUTPUT,NaN,NaN,NaN,NaN,NaN,NaN

INPUT,0.367596983909607,0.0363620780408382,0.776985943317413,-0.17859148979187,3.11421513557434,1.43819642066956,K,16
OUTPUT,NaN,NaN,NaN,NaN,NaN,NaN

INPUT,0.370141118764877,0.0364576242864132,0.784862220287323,-0.221252992749214,3.11307787895203,1.47999489307404,K,17
OUTPUT,NaN,NaN,NaN,NaN,NaN,NaN

INPUT,0.371958374977112,0.0365258753299713,0.790488123893738,-0.251705795526505,3.11229658126831,1.50987136363983,K,18
OUTPUT,NaN,NaN,NaN,NaN,NaN,NaN

INPUT,0.373048722743988,0.036566823720932,0.793863654136658,-0.269970536231995,3.11184072494507,1.52780449390411,K,19
OUTPUT,NaN,NaN,NaN,NaN,NaN,NaN

INPUT,0.373412162065506,0.0365804731845856,0.794988811016083,-0.276057660579681,3.11169075965881,1.53378343582153,K,20
OUTPUT,NaN,NaN,NaN,NaN,NaN,NaN

INPUT,0.346898436546326,0.0357502214610577,0.732932269573212,0.240875154733658,3.07955861091614,1.14944469928741,K,12
OUTPUT,NaN,NaN,NaN,NaN,NaN,NaN

INPUT,0.349846363067627,0.0358781963586807,0.744166076183319,0.192583739757538,3.07345056533813,1.19684278964996,K,13
OUTPUT,NaN,NaN,NaN,NaN,NaN,NaN

INPUT,0.352794319391251,0.0360061712563038,0.755399942398071,0.144355192780495,3.06749868392944,1.2443231344223,K,14
OUTPUT,NaN,NaN,NaN,NaN,NaN,NaN

INPUT,0.355742275714874,0.0361341424286366,0.766633749008179,0.0961711183190346,3.06171631813049,1.2918689250946,K,15
OUTPUT,NaN,NaN,NaN,NaN,NaN,NaN

INPUT,0.358395427465439,0.0362493209540844,0.776744186878204,0.0528327859938145,3.05666780471802,1.33470618724823,K,16
OUTPUT,NaN,NaN,NaN,NaN,NaN,NaN

INPUT,0.360458999872208,0.0363389030098915,0.784607887268066,0.0191382523626089,3.05284976959229,1.36804962158203,K,17
OUTPUT,NaN,NaN,NaN,NaN,NaN,NaN

INPUT,0.361932963132858,0.0364028885960579,0.79022479057312,-0.0049237641505897,3.05018329620361,1.39187872409821,K,18
OUTPUT,NaN,NaN,NaN,NaN,NaN,NaN

INPUT,0.362817347049713,0.0364412814378738,0.79359495639801,-0.0193590689450502,3.04860854148865,1.40618062019348,K,19
OUTPUT,NaN,NaN,NaN,NaN,NaN,NaN

INPUT,0.363112151622772,0.0364540778100491,0.794718325138092,-0.0241706445813179,3.04808783531189,1.41094875335693,K,20
OUTPUT,NaN,NaN,NaN,NaN,NaN,NaN

INPUT,0.361884921789169,0.0338311903178692,0.721367180347443,-3.08475971221924,3.09584379196167,-2.11591005325317,K,11
OUTPUT,NaN,NaN,NaN,NaN,NaN,NaN

INPUT,0.366943717002869,0.0337489098310471,0.732559561729431,-3.14155220985413,3.09108114242554,-2.05869889259338,K,12
OUTPUT,NaN,NaN,NaN,NaN,NaN,NaN

INPUT,0.372002512216568,0.0336666256189346,0.74375194311142,3.08479857444763,3.08648228645325,-2.00151681900024,K,13
OUTPUT,NaN,NaN,NaN,NaN,NaN,NaN

INPUT,0.377061277627945,0.0335843451321125,0.754944264888763,3.02793049812317,3.08206272125244,-1.94435393810272,K,14
OUTPUT,NaN,NaN,NaN,NaN,NaN,NaN

INPUT,0.382120072841644,0.0335020609200001,0.766136646270752,2.97103500366211,3.07783627510071,-1.88720369338989,K,15
OUTPUT,NaN,NaN,NaN,NaN,NaN,NaN

INPUT,0.386672973632813,0.033428005874157,0.776209771633148,2.91980934143066,3.07420945167542,-1.83577537536621,K,16
OUTPUT,NaN,NaN,NaN,NaN,NaN,NaN

INPUT,0.390214145183563,0.0333704091608524,0.784044444561005,2.87995600700378,3.07151055335999,-1.79577839374542,K,17
OUTPUT,NaN,NaN,NaN,NaN,NaN,NaN

INPUT,0.392743527889252,0.0333292670547962,0.789640605449677,2.85148358345032,3.06965088844299,-1.76721012592316,K,18
OUTPUT,NaN,NaN,NaN,NaN,NaN,NaN

INPUT,0.394261181354523,0.0333045832812786,0.792998313903809,2.83439826965332,3.06856298446655,-1.75006949901581,K,19
OUTPUT,NaN,NaN,NaN,NaN,NaN,NaN

INPUT,0.394767045974731,0.0332963541150093,0.794117569923401,2.82870268821716,3.06820511817932,-1.74435591697693,K,20
OUTPUT,NaN,NaN,NaN,NaN,NaN,NaN

INPUT,0.362995535135269,0.0338735468685627,0.732397437095642,-3.03256797790527,3.11620664596558,-1.99537658691406,K,12
OUTPUT,NaN,NaN,NaN,NaN,NaN,NaN

INPUT,0.367638498544693,0.0338042341172695,0.743573486804962,-3.08642864227295,3.11392211914063,-1.94006717205048,K,13
OUTPUT,NaN,NaN,NaN,NaN,NaN,NaN

INPUT,0.372281461954117,0.0337349213659763,0.754749476909637,-3.14039969444275,3.11171984672546,-1.88486480712891,K,14
OUTPUT,NaN,NaN,NaN,NaN,NaN,NaN

INPUT,0.376924425363541,0.0336656123399734,0.765925526618958,3.08872985839844,3.10960650444031,-1.82974398136139,K,15
OUTPUT,NaN,NaN,NaN,NaN,NaN,NaN

INPUT,0.381103098392487,0.0336032286286354,0.775983989238739,3.04002213478088,3.10778570175171,-1.78018915653229,K,16
OUTPUT,NaN,NaN,NaN,NaN,NaN,NaN

INPUT,0.384353190660477,0.0335547104477882,0.783807158470154,3.00210762023926,3.10642576217651,-1.74167537689209,K,17
OUTPUT,NaN,NaN,NaN,NaN,NaN,NaN

INPUT,0.386674672365189,0.0335200540721416,0.789395213127136,2.97501182556152,3.10548567771912,-1.71417856216431,K,18
OUTPUT,NaN,NaN,NaN,NaN,NaN,NaN

INPUT,0.388067573308945,0.0334992632269859,0.792748034000397,2.95874905586243,3.10493469238281,-1.69768512248993,K,19
OUTPUT,NaN,NaN,NaN,NaN,NaN,NaN

INPUT,0.388531863689423,0.0334923304617405,0.793865621089935,2.95332741737366,3.10475301742554,-1.69218802452087,K,20
OUTPUT,NaN,NaN,NaN,NaN,NaN,NaN

INPUT,0.370611041784286,0.0339490845799446,0.730958104133606,3.09595417976379,3.08792543411255,-2.03959465026855,K,5
OUTPUT,NaN,NaN,NaN,NaN,NaN,NaN

INPUT,0.378804922103882,0.0338765978813171,0.746514916419983,3.00082278251648,3.08025288581848,-1.9322704076767,K,6
OUTPUT,NaN,NaN,NaN,NaN,NaN,NaN

INPUT,0.385177940130234,0.0338202193379402,0.758614599704742,2.92588186264038,3.07471418380737,-1.84971415996552,K,7
OUTPUT,NaN,NaN,NaN,NaN,NaN,NaN

INPUT,0.389730095863342,0.0337799526751041,0.767257273197174,2.87198948860168,3.07100915908813,-1.79109168052673,K,8
OUTPUT,NaN,NaN,NaN,NaN,NaN,NaN

INPUT,0.392461389303207,0.0337557904422283,0.772442877292633,2.83953738212585,3.06889247894287,-1.75602793693542,K,9
OUTPUT,NaN,NaN,NaN,NaN,NaN,NaN

INPUT,0.35690301656723,0.03592499345541,0.736108839511871,0.177817463874817,3.10595560073853,1.21448540687561,K,5
OUTPUT,NaN,NaN,NaN,NaN,NaN,NaN

INPUT,0.36200362443924,0.0361100807785988,0.749785006046295,0.101669229567051,3.10061550140381,1.29655587673187,K,6
OUTPUT,NaN,NaN,NaN,NaN,NaN,NaN

INPUT,0.365970760583878,0.0362540408968925,0.760421991348267,0.0419605635106564,3.09663724899292,1.35991764068604,K,7
OUTPUT,NaN,NaN,NaN,NaN,NaN,NaN

INPUT,0.368804425001144,0.036356870085001,0.768019795417786,-0.000875159748829901,3.09389901161194,1.40499591827393,K,8
OUTPUT,NaN,NaN,NaN,NaN,NaN,NaN

INPUT,0.370504647493362,0.0364185646176338,0.772578537464142,-0.0266370456665754,3.0922999382019,1.43198502063751,K,9
OUTPUT,NaN,NaN,NaN,NaN,NaN,NaN

INPUT,0.359167635440826,0.035919688642025,0.736996173858643,-0.023702222853899,3.12015199661255,1.24715101718903,K,5
OUTPUT,NaN,NaN,NaN,NaN,NaN,NaN

INPUT,0.364502787590027,0.0360988974571228,0.75067675113678,-0.113168157637119,3.11689376831055,1.35171401500702,K,6
OUTPUT,NaN,NaN,NaN,NaN,NaN,NaN

INPUT,0.36865234375,0.0362382829189301,0.761317193508148,-0.183974131941795,3.1145179271698,1.43182468414307,K,7
OUTPUT,NaN,NaN,NaN,NaN,NaN,NaN

INPUT,0.371616303920746,0.0363378450274467,0.768917500972748,-0.235011085867882,3.11291408538818,1.48858797550201,K,8
OUTPUT,NaN,NaN,NaN,NaN,NaN,NaN

INPUT,0.373394668102264,0.0363975800573826,0.773477733135223,-0.265779942274094,3.11199140548706,1.52250063419342,K,9
OUTPUT,NaN,NaN,NaN,NaN,NaN,NaN

INPUT,0.352305203676224,0.0359149761497974,0.736282527446747,0.180723696947098,3.07402300834656,1.18839156627655,K,5
OUTPUT,NaN,NaN,NaN,NaN,NaN,NaN

INPUT,0.356867760419846,0.0360928066074848,0.750150859355927,0.107677772641182,3.06426811218262,1.26917707920074,K,6
OUTPUT,NaN,NaN,NaN,NaN,NaN,NaN

INPUT,0.360416412353516,0.0362311154603958,0.760937333106995,0.050240084528923,3.05699348449707,1.33142483234406,K,7
OUTPUT,NaN,NaN,NaN,NaN,NaN,NaN

INPUT,0.362951159477234,0.036329910159111,0.768641948699951,0.00896725337952375,3.05198073387146,1.37566375732422,K,8
OUTPUT,NaN,NaN,NaN,NaN,NaN,NaN

INPUT,0.364472031593323,0.0363891869783401,0.773264765739441,-0.0158772263675928,3.04905104637146,1.40213537216187,K,9
OUTPUT,NaN,NaN,NaN,NaN,NaN,NaN

INPUT,0.363427191972733,0.0339857824146748,0.732765972614288,-2.97311878204346,3.11574339866638,-1.91626811027527,K,12
OUTPUT,NaN,NaN,NaN,NaN,NaN,NaN

INPUT,0.368115037679672,0.0339282266795635,0.743981897830963,-3.02767968177795,3.11342835426331,-1.85958850383759,K,13
OUTPUT,NaN,NaN,NaN,NaN,NaN,NaN

INPUT,0.372802883386612,0.0338706709444523,0.755197823047638,-3.08240056037903,3.11120009422302,-1.80306553840637,K,14
OUTPUT,NaN,NaN,NaN,NaN,NaN,NaN

INPUT,0.377490729093552,0.033813115209341,0.766413688659668,-3.13724422454834,3.10906600952148,-1.74666154384613,K,15
OUTPUT,NaN,NaN,NaN,NaN,NaN,NaN

INPUT,0.381709814071655,0.0337613150477409,0.776508033275604,3.09649920463562,3.10723090171814,-1.69597744941711,K,16
OUTPUT,NaN,NaN,NaN,NaN,NaN,NaN

INPUT,0.384991317987442,0.0337210260331631,0.784359157085419,3.05800008773804,3.10586309432983,-1.65659856796265,K,17
OUTPUT,NaN,NaN,NaN,NaN,NaN,NaN

INPUT,0.387335240840912,0.0336922481656075,0.789967119693756,3.03048038482666,3.10491895675659,-1.62849009037018,K,18
OUTPUT,NaN,NaN,NaN,NaN,NaN,NaN

INPUT,0.388741582632065,0.0336749814450741,0.793331921100616,3.01396131515503,3.10436630249023,-1.61163187026978,K,19
OUTPUT,NaN,NaN,NaN,NaN,NaN,NaN

INPUT,0.389210373163223,0.033669225871563,0.794453501701355,3.0084536075592,3.1041841506958,-1.60601341724396,K,20
OUTPUT,NaN,NaN,NaN,NaN,NaN,NaN

INPUT,0.363461345434189,0.0339881926774979,0.724561035633087,-3.01973700523376,3.11658787727356,-2.0454843044281,K,4
OUTPUT,NaN,NaN,NaN,NaN,NaN,NaN

INPUT,0.36990612745285,0.0338934287428856,0.737615823745728,-3.10001254081726,3.11313199996948,-1.95016121864319,K,5
OUTPUT,NaN,NaN,NaN,NaN,NaN,NaN

INPUT,0.376350909471512,0.0337986648082733,0.750670671463013,3.10130429267883,3.10989379882813,-1.85642266273499,K,6
OUTPUT,NaN,NaN,NaN,NaN,NaN,NaN

INPUT,0.381363481283188,0.0337249562144279,0.760824382305145,3.03687000274658,3.10754227638245,-1.78426778316498,K,7
OUTPUT,NaN,NaN,NaN,NaN,NaN,NaN

INPUT,0.384943932294846,0.0336723104119301,0.76807701587677,2.99054050445557,3.10595893859863,-1.73303043842316,K,8
OUTPUT,NaN,NaN,NaN,NaN,NaN,NaN

INPUT,0.387092173099518,0.0336407199501991,0.772428631782532,2.962641954422,3.10504937171936,-1.70238757133484,K,9
OUTPUT,NaN,NaN,NaN,NaN,NaN,NaN

INPUT,0.360788762569427,0.0347453244030476,0.732941627502441,-2.97432994842529,3.13458824157715,-1.98949706554413,K,12
OUTPUT,NaN,NaN,NaN,NaN,NaN,NaN

INPUT,0.365198761224747,0.0347676202654839,0.74417632818222,-3.02265596389771,3.13402915000916,-1.93417584896088,K,13
OUTPUT,NaN,NaN,NaN,NaN,NaN,NaN

INPUT,0.369608759880066,0.0347899198532104,0.755411028862,-3.07145595550537,3.13349008560181,-1.87932860851288,K,14
OUTPUT,NaN,NaN,NaN,NaN,NaN,NaN

INPUT,0.374018758535385,0.0348122157156467,0.766645729541779,-3.12062692642212,3.13297295570374,-1.82485175132751,K,15
OUTPUT,NaN,NaN,NaN,NaN,NaN,NaN

INPUT,0.377987772226334,0.0348322838544846,0.776757001876831,3.11805105209351,3.13252687454224,-1.77607595920563,K,16
OUTPUT,NaN,NaN,NaN,NaN,NaN,NaN

INPUT,0.381074786186218,0.0348478928208351,0.784621298313141,3.08329677581787,3.13219380378723,-1.73827660083771,K,17
OUTPUT,NaN,NaN,NaN,NaN,NaN,NaN

INPUT,0.383279770612717,0.0348590426146984,0.790238618850708,3.05840873718262,3.13196325302124,-1.71134054660797,K,18
OUTPUT,NaN,NaN,NaN,NaN,NaN,NaN

INPUT,0.384602785110474,0.0348657295107841,0.793609023094177,3.04345297813416,3.13182806968689,-1.6952018737793,K,19
OUTPUT,NaN,NaN,NaN,NaN,NaN,NaN

INPUT,0.385043770074844,0.0348679609596729,0.794732511043549,3.03846406936646,3.1317834854126,-1.68982589244843,K,20
OUTPUT,NaN,NaN,NaN,NaN,NaN,NaN

INPUT,0.364324420690536,0.0340710133314133,0.725684344768524,-2.95917201042175,3.11600208282471,-1.9665412902832,K,4
OUTPUT,NaN,NaN,NaN,NaN,NaN,NaN

INPUT,0.370715618133545,0.0339909419417381,0.738597512245178,-3.0408501625061,3.1125316619873,-1.8692672252655,K,5
OUTPUT,NaN,NaN,NaN,NaN,NaN,NaN

INPUT,0.377106845378876,0.033910870552063,0.751510679721832,-3.12415242195129,3.10929203033447,-1.77360868453979,K,6
OUTPUT,NaN,NaN,NaN,NaN,NaN,NaN

INPUT,0.382077783346176,0.0338485911488533,0.761554300785065,3.09346699714661,3.10694932937622,-1.69997680187225,K,7
OUTPUT,NaN,NaN,NaN,NaN,NaN,NaN

INPUT,0.385628461837769,0.0338041074573994,0.768728256225586,3.04632210731506,3.1053774356842,-1.64769124984741,K,8
OUTPUT,NaN,NaN,NaN,NaN,NaN,NaN

INPUT,0.387758880853653,0.0337774157524109,0.773032665252686,3.01793241500854,3.10447716712952,-1.61642146110535,K,9
OUTPUT,NaN,NaN,NaN,NaN,NaN,NaN

INPUT,0.361121207475662,0.0347767733037472,0.724299132823944,-2.96486377716064,3.13393998146057,-2.03972125053406,K,4
OUTPUT,NaN,NaN,NaN,NaN,NaN,NaN

INPUT,0.367402017116547,0.0348062589764595,0.737649440765381,-3.03709769248962,3.13328671455383,-1.9452565908432,K,5
OUTPUT,NaN,NaN,NaN,NaN,NaN,NaN

INPUT,0.373682796955109,0.0348357409238815,0.750999689102173,-3.11089205741882,3.1326904296875,-1.85235166549683,K,6
OUTPUT,NaN,NaN,NaN,NaN,NaN,NaN

INPUT,0.378567844629288,0.0348586738109589,0.761383235454559,3.114089012146,3.13226866722107,-1.78090071678162,K,7
OUTPUT,NaN,NaN,NaN,NaN,NaN,NaN

INPUT,0.382057160139084,0.0348750501871109,0.768800020217896,3.07217121124268,3.13199090957642,-1.7302074432373,K,8
OUTPUT,NaN,NaN,NaN,NaN,NaN,NaN

INPUT,0.384150773286819,0.0348848812282085,0.773250102996826,3.04690408706665,3.13183426856995,-1.69990801811218,K,9
OUTPUT,NaN,NaN,NaN,NaN,NaN,NaN

INPUT,0.348020285367966,0.0354169197380543,0.733264565467834,0.199488580226898,3.08544111251831,1.16843259334564,K,12
OUTPUT,NaN,NaN,NaN,NaN,NaN,NaN

INPUT,0.351086258888245,0.0355100519955158,0.744532763957977,0.148021847009659,3.07997012138367,1.21900057792664,K,13
OUTPUT,NaN,NaN,NaN,NaN,NaN,NaN

INPUT,0.354152232408524,0.0356031805276871,0.755800902843475,0.0966190919280052,3.07465934753418,1.26964938640594,K,14
OUTPUT,NaN,NaN,NaN,NaN,NaN,NaN

INPUT,0.357218205928802,0.0356963127851486,0.767069101333618,0.0452619269490242,3.06952285766602,1.32036173343658,K,15
OUTPUT,NaN,NaN,NaN,NaN,NaN,NaN

INPUT,0.359977602958679,0.035780131816864,0.777210474014282,-0.000931122922338545,3.06505990028381,1.36604714393616,K,16
OUTPUT,NaN,NaN,NaN,NaN,NaN,NaN

INPUT,0.362123787403107,0.0358453206717968,0.785098195075989,-0.0368449911475182,3.06169986724854,1.40160477161407,K,17
OUTPUT,NaN,NaN,NaN,NaN,NaN,NaN

INPUT,0.363656759262085,0.0358918868005276,0.790732324123383,-0.0624918676912785,3.05936193466187,1.42701494693756,K,18
OUTPUT,NaN,NaN,NaN,NaN,NaN,NaN

INPUT,0.364576548337936,0.035919826477766,0.794112741947174,-0.0778780356049538,3.05798482894897,1.44226515293121,K,19
OUTPUT,NaN,NaN,NaN,NaN,NaN,NaN

INPUT,0.364883154630661,0.0359291397035122,0.795239567756653,-0.0830064192414284,3.05753016471863,1.44734942913055,K,20
OUTPUT,NaN,NaN,NaN,NaN,NaN,NaN

INPUT,0.356757611036301,0.0363430790603161,0.733315050601959,0.310468822717667,3.13060593605042,1.34056210517883,K,12
OUTPUT,NaN,NaN,NaN,NaN,NaN,NaN

INPUT,0.360743939876556,0.0365337878465652,0.744587540626526,0.252980917692184,3.12947177886963,1.391486287117,K,13
OUTPUT,NaN,NaN,NaN,NaN,NaN,NaN

INPUT,0.36473023891449,0.0367244966328144,0.755860030651093,0.196046710014343,3.12837338447571,1.44296503067017,K,14
OUTPUT,NaN,NaN,NaN,NaN,NaN,NaN

INPUT,0.368716567754745,0.0369152016937733,0.767132520675659,0.139524459838867,3.1273136138916,1.49485659599304,K,15
OUTPUT,NaN,NaN,NaN,NaN,NaN,NaN

INPUT,0.372304290533066,0.0370868407189846,0.777277767658234,0.0889251828193665,3.12639546394348,1.54183030128479,K,16
OUTPUT,NaN,NaN,NaN,NaN,NaN,NaN

INPUT,0.375094711780548,0.03722033649683,0.785168528556824,0.0497123710811138,3.1257061958313,1.57850801944733,K,17
OUTPUT,NaN,NaN,NaN,NaN,NaN,NaN

INPUT,0.377087861299515,0.0373156890273094,0.790804803371429,0.021767558529973,3.12522792816162,1.60477113723755,K,18
OUTPUT,NaN,NaN,NaN,NaN,NaN,NaN

INPUT,0.378283768892288,0.0373729020357132,0.794186532497406,0.005023711360991,3.12494659423828,1.62055194377899,K,19
OUTPUT,NaN,NaN,NaN,NaN,NaN,NaN

INPUT,0.378682404756546,0.037391971796751,0.795313775539398,-0.000553991761989892,3.12485384941101,1.62581586837769,K,20
OUTPUT,NaN,NaN,NaN,NaN,NaN,NaN

INPUT,0.346555233001709,0.0380379594862461,0.732164442539215,0.144061520695686,3.09138774871826,1.16184794902802,K,12
OUTPUT,NaN,NaN,NaN,NaN,NaN,NaN

INPUT,0.349467009305954,0.0384069718420506,0.743316948413849,0.090028740465641,3.08653473854065,1.21498131752014,K,13
OUTPUT,NaN,NaN,NaN,NaN,NaN,NaN

INPUT,0.352378785610199,0.038775984197855,0.754469454288483,0.0360608845949173,3.08183932304382,1.26819348335266,K,14
OUTPUT,NaN,NaN,NaN,NaN,NaN,NaN

INPUT,0.355290591716766,0.0391449965536594,0.765621900558472,-0.0178602989763021,3.07731556892395,1.32146739959717,K,15
OUTPUT,NaN,NaN,NaN,NaN,NaN,NaN

INPUT,0.357911199331284,0.0394771099090576,0.775659203529358,-0.0663597509264946,3.07340168952942,1.36945652961731,K,16
OUTPUT,NaN,NaN,NaN,NaN,NaN,NaN

INPUT,0.359949439764023,0.0397354178130627,0.783465921878815,-0.104066923260689,3.07046675682068,1.40680456161499,K,17
OUTPUT,NaN,NaN,NaN,NaN,NaN,NaN

INPUT,0.361405342817307,0.0399199277162552,0.789042174816132,-0.130994275212288,3.06843113899231,1.43349301815033,K,18
OUTPUT,NaN,NaN,NaN,NaN,NaN,NaN

INPUT,0.362278878688812,0.0400306284427643,0.792387902736664,-0.147148460149765,3.06723499298096,1.44950997829437,K,19
OUTPUT,NaN,NaN,NaN,NaN,NaN,NaN

INPUT,0.36257004737854,0.0400675311684608,0.793503165245056,-0.152532890439034,3.06684064865112,1.45484960079193,K,20
OUTPUT,NaN,NaN,NaN,NaN,NaN,NaN

INPUT,0.356204956769943,0.0354748032987118,0.73276561498642,0.176401779055595,3.13492035865784,1.11671710014343,K,12
OUTPUT,NaN,NaN,NaN,NaN,NaN,NaN

INPUT,0.360132366418839,0.0355738513171673,0.743982076644897,0.123476937413216,3.1341700553894,1.16275358200073,K,13
OUTPUT,NaN,NaN,NaN,NaN,NaN,NaN

INPUT,0.364059805870056,0.0356728993356228,0.75519859790802,0.0711781233549118,3.13343811035156,1.20941615104675,K,14
OUTPUT,NaN,NaN,NaN,NaN,NaN,NaN

INPUT,0.367987245321274,0.0357719473540783,0.766415059566498,0.0193381402641535,3.13272595405579,1.25653803348541,K,15
OUTPUT,NaN,NaN,NaN,NaN,NaN,NaN

INPUT,0.371521949768066,0.0358610898256302,0.776509881019592,-0.0270194951444864,3.13210344314575,1.29924631118774,K,16
OUTPUT,NaN,NaN,NaN,NaN,NaN,NaN

INPUT,0.374271154403687,0.0359304249286652,0.78436142206192,-0.0629198774695396,3.13163208961487,1.33261966705322,K,17
OUTPUT,NaN,NaN,NaN,NaN,NaN,NaN

INPUT,0.376234859228134,0.0359799489378929,0.789969682693481,-0.0884929671883583,3.13130283355713,1.35652792453766,K,18
OUTPUT,NaN,NaN,NaN,NaN,NaN,NaN

INPUT,0.377413094043732,0.0360096618533134,0.793334603309631,-0.103811800479889,3.13110828399658,1.37089776992798,K,19
OUTPUT,NaN,NaN,NaN,NaN,NaN,NaN

INPUT,0.377805829048157,0.0360195674002171,0.794456243515015,-0.108914256095886,3.13104391098022,1.37569165229797,K,20
OUTPUT,NaN,NaN,NaN,NaN,NaN,NaN

INPUT,0.363424867391586,0.0363738685846329,0.732790052890778,-2.91126012802124,3.12119174003601,-1.97397351264954,K,12
OUTPUT,NaN,NaN,NaN,NaN,NaN,NaN

INPUT,0.368112325668335,0.0365675836801529,0.744008779525757,-2.95921540260315,3.11933565139771,-1.92327976226807,K,13
OUTPUT,NaN,NaN,NaN,NaN,NaN,NaN

INPUT,0.372799754142761,0.0367613025009632,0.755227446556091,-3.00737977027893,3.11753344535828,-1.87279319763184,K,14
OUTPUT,NaN,NaN,NaN,NaN,NaN,NaN

INPUT,0.37748721241951,0.0369550175964832,0.766446232795715,-3.05570507049561,3.11578989028931,-1.82246494293213,K,15
OUTPUT,NaN,NaN,NaN,NaN,NaN,NaN

INPUT,0.381705909967422,0.0371293611824512,0.776543080806732,-3.0993058681488,3.11427426338196,-1.77727627754211,K,16
OUTPUT,NaN,NaN,NaN,NaN,NaN,NaN

INPUT,0.384987115859985,0.0372649617493153,0.784396171569824,-3.13327598571777,3.11313247680664,-1.7421863079071,K,17
OUTPUT,NaN,NaN,NaN,NaN,NaN,NaN

INPUT,0.387330830097198,0.0373618192970753,0.790005505084991,3.12561821937561,3.11233758926392,-1.71714818477631,K,18
OUTPUT,NaN,NaN,NaN,NaN,NaN,NaN

INPUT,0.388737082481384,0.0374199338257313,0.793371140956879,3.11103391647339,3.11186909675598,-1.7021347284317,K,19
OUTPUT,NaN,NaN,NaN,NaN,NaN,NaN

INPUT,0.389205813407898,0.0374393053352833,0.794493019580841,3.10617089271545,3.11171436309814,-1.69713175296783,K,20
OUTPUT,NaN,NaN,NaN,NaN,NaN,NaN

INPUT,0.361170709133148,0.0361716151237488,0.733110308647156,-2.91039323806763,3.1339385509491,-1.9741222858429,K,12
OUTPUT,NaN,NaN,NaN,NaN,NaN,NaN

INPUT,0.365621507167816,0.0363441854715347,0.744361460208893,-2.95634627342224,3.13330435752869,-1.92154026031494,K,13
OUTPUT,NaN,NaN,NaN,NaN,NaN,NaN

INPUT,0.370072305202484,0.0365167558193207,0.75561261177063,-3.00276374816895,3.13269019126892,-1.86942291259766,K,14
OUTPUT,NaN,NaN,NaN,NaN,NaN,NaN

INPUT,0.374523103237152,0.0366893261671066,0.766863822937012,-3.04954409599304,3.13209772109985,-1.81766748428345,K,15
OUTPUT,NaN,NaN,NaN,NaN,NaN,NaN

INPUT,0.378528833389282,0.0368446409702301,0.776989877223969,-3.09189367294312,3.13158392906189,-1.77133476734161,K,16
OUTPUT,NaN,NaN,NaN,NaN,NaN,NaN

INPUT,0.381644368171692,0.036965437233448,0.78486567735672,-3.12496590614319,3.13119792938232,-1.73543214797974,K,17
OUTPUT,NaN,NaN,NaN,NaN,NaN,NaN

INPUT,0.383869767189026,0.037051722407341,0.790491282939911,3.13453412055969,3.13092994689941,-1.70984923839569,K,18
OUTPUT,NaN,NaN,NaN,NaN,NaN,NaN

INPUT,0.385205000638962,0.037103496491909,0.793866634368896,3.12030076980591,3.13077211380005,-1.69452178478241,K,19
OUTPUT,NaN,NaN,NaN,NaN,NaN,NaN

INPUT,0.385650098323822,0.0371207520365715,0.794991731643677,3.1155526638031,3.13071990013123,-1.68941617012024,K,20
OUTPUT,NaN,NaN,NaN,NaN,NaN,NaN

INPUT,0.365276902914047,0.0362976267933846,0.722049534320831,-2.83049702644348,3.07609796524048,-1.96283674240112,K,11
OUTPUT,NaN,NaN,NaN,NaN,NaN,NaN

INPUT,0.370733588933945,0.0365052185952663,0.733324527740479,-2.88102579116821,3.06908702850342,-1.91122663021088,K,12
OUTPUT,NaN,NaN,NaN,NaN,NaN,NaN

INPUT,0.37619024515152,0.0367128141224384,0.744599521160126,-2.93166160583496,3.06226491928101,-1.85969817638397,K,13
OUTPUT,NaN,NaN,NaN,NaN,NaN,NaN

INPUT,0.381646931171417,0.0369204059243202,0.755874514579773,-2.98238039016724,3.05564951896667,-1.80822587013245,K,14
OUTPUT,NaN,NaN,NaN,NaN,NaN,NaN

INPUT,0.387103587388992,0.037127997726202,0.76714950799942,-3.03316688537598,3.04925847053528,-1.75679206848145,K,15
OUTPUT,NaN,NaN,NaN,NaN,NaN,NaN

INPUT,0.392014592885971,0.0373148322105408,0.777297019958496,-3.07892274856567,3.04371166229248,-1.71052479743958,K,16
OUTPUT,NaN,NaN,NaN,NaN,NaN,NaN

INPUT,0.395834267139435,0.0374601446092129,0.785189509391785,-3.11453819274902,3.03954029083252,-1.67454934120178,K,17
OUTPUT,NaN,NaN,NaN,NaN,NaN,NaN

INPUT,0.398562610149384,0.0375639423727989,0.790827035903931,-3.13999080657959,3.03664016723633,-1.64885687828064,K,18
OUTPUT,NaN,NaN,NaN,NaN,NaN,NaN

INPUT,0.400199621915817,0.0376262217760086,0.794209539890289,3.12791800498962,3.03493285179138,-1.63344252109528,K,19
OUTPUT,NaN,NaN,NaN,NaN,NaN,NaN

INPUT,0.400745272636414,0.0376469790935516,0.795337021350861,3.12282490730286,3.03436923027039,-1.62830448150635,K,20
OUTPUT,NaN,NaN,NaN,NaN,NaN,NaN

INPUT,0.359968662261963,0.0357929393649101,0.733192384243011,0.210162028670311,3.13411426544189,1.16651391983032,K,12
OUTPUT,NaN,NaN,NaN,NaN,NaN,NaN

INPUT,0.364293068647385,0.035925567150116,0.744452178478241,0.156640604138374,3.13329482078552,1.21364176273346,K,13
OUTPUT,NaN,NaN,NaN,NaN,NaN,NaN

INPUT,0.368617504835129,0.0360581949353218,0.755712032318115,0.103687644004822,3.13249635696411,1.26133835315704,K,14
OUTPUT,NaN,NaN,NaN,NaN,NaN,NaN

INPUT,0.372941911220551,0.0361908227205276,0.766971826553345,0.0511536672711372,3.13172078132629,1.30945432186127,K,15
OUTPUT,NaN,NaN,NaN,NaN,NaN,NaN

INPUT,0.376833885908127,0.0363101847469807,0.777105689048767,0.00414648186415434,3.1310441493988,1.35303235054016,K,16
OUTPUT,NaN,NaN,NaN,NaN,NaN,NaN

INPUT,0.379860997200012,0.0364030227065086,0.784987509250641,-0.0322717912495136,3.13053274154663,1.38706958293915,K,17
OUTPUT,NaN,NaN,NaN,NaN,NaN,NaN

INPUT,0.382023215293884,0.0364693365991116,0.7906174659729,-0.0582202337682247,3.13017582893372,1.4114465713501,K,18
OUTPUT,NaN,NaN,NaN,NaN,NaN,NaN

INPUT,0.383320540189743,0.0365091264247894,0.793995380401611,-0.07376629114151,3.12996506690979,1.42609572410583,K,19
OUTPUT,NaN,NaN,NaN,NaN,NaN,NaN

INPUT,0.383752971887589,0.036522388458252,0.795121371746063,-0.0789447277784348,3.12989544868469,1.4309823513031,K,20
OUTPUT,NaN,NaN,NaN,NaN,NaN,NaN

INPUT,0.353499591350555,0.035492829978466,0.736737608909607,0.134363397955894,3.08060431480408,1.20889127254486,K,5
OUTPUT,NaN,NaN,NaN,NaN,NaN,NaN

INPUT,0.358200132846832,0.0355997793376446,0.75062370300293,0.0569470152258873,3.07186913490295,1.29552912712097,K,6
OUTPUT,NaN,NaN,NaN,NaN,NaN,NaN

INPUT,0.36185610294342,0.0356829613447189,0.76142406463623,-0.00399668514728546,3.06539535522461,1.36221671104431,K,7
OUTPUT,NaN,NaN,NaN,NaN,NaN,NaN

INPUT,0.36446750164032,0.0357423759996891,0.76913857460022,-0.0478141717612743,3.06095910072327,1.40958309173584,K,8
OUTPUT,NaN,NaN,NaN,NaN,NaN,NaN

INPUT,0.366034358739853,0.0357780270278454,0.773767232894897,-0.074197955429554,3.0583770275116,1.43791723251343,K,9
OUTPUT,NaN,NaN,NaN,NaN,NaN,NaN

INPUT,0.362922728061676,0.0365798845887184,0.737553775310516,0.251334100961685,3.13013529777527,1.39345741271973,K,5
OUTPUT,NaN,NaN,NaN,NaN,NaN,NaN

INPUT,0.368716716766357,0.0368721708655357,0.751148402690887,0.159759342670441,3.12813997268677,1.47620940208435,K,6
OUTPUT,NaN,NaN,NaN,NaN,NaN,NaN

INPUT,0.373223185539246,0.0370995029807091,0.761721968650818,0.0893313214182854,3.12665772438049,1.54137015342712,K,7
OUTPUT,NaN,NaN,NaN,NaN,NaN,NaN

INPUT,0.376442074775696,0.0372618809342384,0.769274532794952,0.0393192023038864,3.12564063072205,1.58820843696594,K,8
OUTPUT,NaN,NaN,NaN,NaN,NaN,NaN

INPUT,0.378373384475708,0.0373593084514141,0.773806095123291,0.00940435379743576,3.12504816055298,1.61640381813049,K,9
OUTPUT,NaN,NaN,NaN,NaN,NaN,NaN

INPUT,0.35171827673912,0.038343146443367,0.735413253307343,0.073392279446125,3.08722400665283,1.20197904109955,K,5
OUTPUT,NaN,NaN,NaN,NaN,NaN,NaN

INPUT,0.356156378984451,0.0388822257518768,0.749145746231079,-0.00688877189531922,3.07946515083313,1.29402816295624,K,6
OUTPUT,NaN,NaN,NaN,NaN,NaN,NaN

INPUT,0.359608262777328,0.0393015071749687,0.75982654094696,-0.0702506974339485,3.07374501228333,1.36472868919373,K,7
OUTPUT,NaN,NaN,NaN,NaN,NaN,NaN

INPUT,0.362073868513107,0.039600994437933,0.767455637454987,-0.115867279469967,3.06984400749207,1.4148862361908,K,8
OUTPUT,NaN,NaN,NaN,NaN,NaN,NaN

INPUT,0.363553255796432,0.0397806838154793,0.772033154964447,-0.14335361123085,3.06758141517639,1.44487082958221,K,9
OUTPUT,NaN,NaN,NaN,NaN,NaN,NaN

INPUT,0.361187189817429,0.0369583703577518,0.732534408569336,-2.88250517845154,3.10877513885498,-1.93547224998474,K,12
OUTPUT,NaN,NaN,NaN,NaN,NaN,NaN

INPUT,0.365639626979828,0.0372138433158398,0.743724822998047,-2.93149638175964,3.10572576522827,-1.8847770690918,K,13
OUTPUT,NaN,NaN,NaN,NaN,NaN,NaN

INPUT,0.370092064142227,0.0374693162739277,0.754915237426758,-2.98062229156494,3.10276556015015,-1.83421111106873,K,14
OUTPUT,NaN,NaN,NaN,NaN,NaN,NaN

INPUT,0.374544471502304,0.0377247929573059,0.766105711460114,-3.02985143661499,3.09990167617798,-1.7837427854538,K,15
OUTPUT,NaN,NaN,NaN,NaN,NaN,NaN

INPUT,0.378551661968231,0.037954717874527,0.776177108287811,-3.07422780990601,3.09741258621216,-1.73838639259338,K,16
OUTPUT,NaN,NaN,NaN,NaN,NaN,NaN

INPUT,0.381668359041214,0.0381335504353046,0.784010410308838,-3.1087806224823,3.09553790092468,-1.70314359664917,K,17
OUTPUT,NaN,NaN,NaN,NaN,NaN,NaN

INPUT,0.383894592523575,0.0382612869143486,0.789605617523193,-3.13347840309143,3.09423279762268,-1.67798566818237,K,18
OUTPUT,NaN,NaN,NaN,NaN,NaN,NaN

INPUT,0.385230302810669,0.0383379273116589,0.792962789535522,3.13488173484802,3.09346389770508,-1.66289663314819,K,19
OUTPUT,NaN,NaN,NaN,NaN,NaN,NaN

INPUT,0.385675549507141,0.0383634753525257,0.794081807136536,3.12993907928467,3.09320998191833,-1.65786778926849,K,20
OUTPUT,NaN,NaN,NaN,NaN,NaN,NaN

INPUT,0.365729242563248,0.0361964330077171,0.716557562351227,-2.83324575424194,3.07655477523804,-1.98728632926941,K,4
OUTPUT,NaN,NaN,NaN,NaN,NaN,NaN

INPUT,0.374431729316711,0.0365910306572914,0.732147216796875,-2.91802477836609,3.06443166732788,-1.89057159423828,K,5
OUTPUT,NaN,NaN,NaN,NaN,NaN,NaN

INPUT,0.383134216070175,0.036985632032156,0.747736930847168,-3.00443410873413,3.05294108390808,-1.79540431499481,K,6
OUTPUT,NaN,NaN,NaN,NaN,NaN,NaN

INPUT,0.389902800321579,0.0372925437986851,0.759862244129181,-3.07236933708191,3.04450273513794,-1.72205185890198,K,7
OUTPUT,NaN,NaN,NaN,NaN,NaN,NaN

INPUT,0.394737511873245,0.0375117659568787,0.768523156642914,-3.12117743492126,3.03876900672913,-1.66990578174591,K,8
OUTPUT,NaN,NaN,NaN,NaN,NaN,NaN

INPUT,0.397638350725174,0.0376433022320271,0.773719727993011,3.13263082504272,3.03545308113098,-1.63869643211365,K,9
OUTPUT,NaN,NaN,NaN,NaN,NaN,NaN

INPUT,0.362193703651428,0.0355978831648827,0.73685896396637,0.111402966082096,3.13485431671143,1.15394926071167,K,5
OUTPUT,NaN,NaN,NaN,NaN,NaN,NaN

INPUT,0.367889583110809,0.0357414335012436,0.750394344329834,0.0321667231619358,3.13343477249146,1.23385369777679,K,6
OUTPUT,NaN,NaN,NaN,NaN,NaN,NaN

INPUT,0.37231969833374,0.0358530841767788,0.760921895503998,-0.0295318234711885,3.13236570358276,1.29593169689178,K,7
OUTPUT,NaN,NaN,NaN,NaN,NaN,NaN

INPUT,0.375484049320221,0.0359328351914883,0.768441617488861,-0.0736270099878311,3.1316237449646,1.34024894237518,K,8
OUTPUT,NaN,NaN,NaN,NaN,NaN,NaN

INPUT,0.377382665872574,0.0359806828200817,0.772953391075134,-0.100091636180878,3.13118767738342,1.36683177947998,K,9
OUTPUT,NaN,NaN,NaN,NaN,NaN,NaN

INPUT,0.364128798246384,0.0362886898219585,0.725301742553711,-2.8988139629364,3.12116742134094,-2.01848149299622,K,4
OUTPUT,NaN,NaN,NaN,NaN,NaN,NaN

INPUT,0.370608776807785,0.0365988686680794,0.738325297832489,-2.97068619728088,3.11845088005066,-1.93165624141693,K,5
OUTPUT,NaN,NaN,NaN,NaN,NaN,NaN

INPUT,0.377088755369186,0.0369090437889099,0.751348912715912,-3.04409861564636,3.11587905883789,-1.84636604785919,K,6
OUTPUT,NaN,NaN,NaN,NaN,NaN,NaN

INPUT,0.382128745317459,0.037150289863348,0.761478364467621,-3.10194373130798,3.11398935317993,-1.78077256679535,K,7
OUTPUT,NaN,NaN,NaN,NaN,NaN,NaN

INPUT,0.385728746652603,0.037322610616684,0.768713653087616,3.13961911201477,3.11270308494568,-1.73422241210938,K,8
OUTPUT,NaN,NaN,NaN,NaN,NaN,NaN

INPUT,0.387888729572296,0.0374260023236275,0.773054838180542,3.11454439163208,3.11195826530457,-1.70639312267303,K,9
OUTPUT,NaN,NaN,NaN,NaN,NaN,NaN

INPUT,0.36156839132309,0.036108560860157,0.724624037742615,-2.9057879447937,3.13330698013306,-2.02627921104431,K,4
OUTPUT,NaN,NaN,NaN,NaN,NaN,NaN

INPUT,0.367885410785675,0.0363779924809933,0.737957000732422,-2.97293710708618,3.1325409412384,-1.93494760990143,K,5
OUTPUT,NaN,NaN,NaN,NaN,NaN,NaN

INPUT,0.37420243024826,0.0366474241018295,0.751289904117584,-3.04191493988037,3.13183069229126,-1.8454442024231,K,6
OUTPUT,NaN,NaN,NaN,NaN,NaN,NaN

INPUT,0.379115700721741,0.0368569828569889,0.761659920215607,-3.09651041030884,3.13131999969482,-1.77677619457245,K,7
OUTPUT,NaN,NaN,NaN,NaN,NaN,NaN

INPUT,0.382625162601471,0.0370066687464714,0.769067108631134,-3.13590955734253,3.13097858428955,-1.72812974452972,K,8
OUTPUT,NaN,NaN,NaN,NaN,NaN,NaN

INPUT,0.384730815887451,0.0370964780449867,0.773511409759521,3.12349891662598,3.13078331947327,-1.69907903671265,K,9
OUTPUT,NaN,NaN,NaN,NaN,NaN,NaN

INPUT,0.360323280096054,0.0357598103582859,0.724233984947205,0.234324797987938,3.13558268547058,1.13280248641968,K,4
OUTPUT,NaN,NaN,NaN,NaN,NaN,NaN

INPUT,0.366586983203888,0.0359567850828171,0.737704515457153,0.150276586413383,3.1340000629425,1.21060705184937,K,5
OUTPUT,NaN,NaN,NaN,NaN,NaN,NaN

INPUT,0.372850686311722,0.0361537635326385,0.751175105571747,0.0672936663031578,3.13246703147888,1.28947794437408,K,6
OUTPUT,NaN,NaN,NaN,NaN,NaN,NaN

INPUT,0.377722471952438,0.0363069660961628,0.761652231216431,0.00316819897852838,3.13131546974182,1.35123956203461,K,7
OUTPUT,NaN,NaN,NaN,NaN,NaN,NaN

INPUT,0.381202310323715,0.0364163964986801,0.76913583278656,-0.0424875244498253,3.13051772117615,1.39550340175629,K,8
OUTPUT,NaN,NaN,NaN,NaN,NaN,NaN

INPUT,0.383290201425552,0.0364820547401905,0.773626029491425,-0.0698354467749596,3.13004970550537,1.42210781574249,K,9
OUTPUT,NaN,NaN,NaN,NaN,NaN,NaN

INPUT,0.361595243215561,0.0368069782853127,0.724544644355774,-2.86744999885559,3.10949301719666,-1.97808289527893,K,4
OUTPUT,NaN,NaN,NaN,NaN,NaN,NaN

INPUT,0.367713391780853,0.0372219756245613,0.737663626670837,-2.94156622886658,3.10483288764954,-1.89180362224579,K,5
OUTPUT,NaN,NaN,NaN,NaN,NaN,NaN

INPUT,0.37383159995079,0.0376369766891003,0.750782608985901,-3.01703071594238,3.10040760040283,-1.80685901641846,K,6
OUTPUT,NaN,NaN,NaN,NaN,NaN,NaN

INPUT,0.378590166568756,0.0379597507417202,0.76098620891571,-3.07636618614197,3.09714698791504,-1.74142229557037,K,7
OUTPUT,NaN,NaN,NaN,NaN,NaN,NaN

INPUT,0.381989151239395,0.0381903052330017,0.768274545669556,-3.11900687217712,3.09492301940918,-1.69493460655212,K,8
OUTPUT,NaN,NaN,NaN,NaN,NaN,NaN

INPUT,0.384028553962708,0.0383286364376545,0.772647559642792,3.13850855827332,3.09363269805908,-1.66712510585785,K,9
OUTPUT,NaN,NaN,NaN,NaN,NaN,NaN

INPUT,0.360513657331467,0.0364341139793396,0.732011735439301,-3.01286363601685,3.13835692405701,-2.02449607849121,K,12
OUTPUT,NaN,NaN,NaN,NaN,NaN,NaN

INPUT,0.364894598722458,0.0366342402994633,0.743148505687714,-3.05838704109192,3.1381573677063,-1.96600079536438,K,13
OUTPUT,NaN,NaN,NaN,NaN,NaN,NaN

INPUT,0.369275540113449,0.0368343666195869,0.754285275936127,-3.10460710525513,3.13796710968018,-1.90820276737213,K,14
OUTPUT,NaN,NaN,NaN,NaN,NaN,NaN

INPUT,0.373656451702118,0.0370344929397106,0.76542204618454,3.1317937374115,3.1377866268158,-1.85096871852875,K,15
OUTPUT,NaN,NaN,NaN,NaN,NaN,NaN

INPUT,0.37759929895401,0.037214607000351,0.775445163249969,3.08929085731506,3.13763284683228,-1.79985463619232,K,16
OUTPUT,NaN,NaN,NaN,NaN,NaN,NaN

INPUT,0.380665957927704,0.0373546928167343,0.783240914344788,3.05601382255554,3.13751912117004,-1.76031875610352,K,17
OUTPUT,NaN,NaN,NaN,NaN,NaN,NaN

INPUT,0.382856428623199,0.0374547578394413,0.788809299468994,3.03214168548584,3.13744115829468,-1.73218166828156,K,18
OUTPUT,NaN,NaN,NaN,NaN,NaN,NaN

INPUT,0.384170711040497,0.0375147946178913,0.792150318622589,3.01778078079224,3.13739585876465,-1.71533715724945,K,19
OUTPUT,NaN,NaN,NaN,NaN,NaN,NaN

INPUT,0.384608805179596,0.0375348068773746,0.793264031410217,3.01298785209656,3.13738083839417,-1.70972812175751,K,20
OUTPUT,NaN,NaN,NaN,NaN,NaN,NaN

INPUT,0.354074478149414,0.0355391874909401,0.733194887638092,0.261228740215302,3.11415028572083,1.32599520683289,K,12
OUTPUT,NaN,NaN,NaN,NaN,NaN,NaN

INPUT,0.357777655124664,0.035644993185997,0.744456350803375,0.203826084733009,3.11147999763489,1.38066959381104,K,13
OUTPUT,NaN,NaN,NaN,NaN,NaN,NaN

INPUT,0.361480832099915,0.0357507951557636,0.755717754364014,0.146640241146088,3.10890412330627,1.43556499481201,K,14
OUTPUT,NaN,NaN,NaN,NaN,NaN,NaN

INPUT,0.365184009075165,0.0358566008508205,0.766979157924652,0.0896164029836655,3.10643100738525,1.49062716960907,K,15
OUTPUT,NaN,NaN,NaN,NaN,NaN,NaN

INPUT,0.368516892194748,0.0359518229961395,0.777114450931549,0.0384019166231155,3.10429930686951,1.54029417037964,K,16
OUTPUT,NaN,NaN,NaN,NaN,NaN,NaN

INPUT,0.371109127998352,0.0360258892178535,0.784997463226318,-0.00137549545615911,3.10270643234253,1.57898283004761,K,17
OUTPUT,NaN,NaN,NaN,NaN,NaN,NaN

INPUT,0.372960716485977,0.0360787883400917,0.79062819480896,-0.0297623835504055,3.10160517692566,1.60664451122284,K,18
OUTPUT,NaN,NaN,NaN,NaN,NaN,NaN

INPUT,0.374071657657623,0.0361105315387249,0.794006586074829,-0.046785544604063,3.10095953941345,1.62325119972229,K,19
OUTPUT,NaN,NaN,NaN,NaN,NaN,NaN

INPUT,0.374441981315613,0.0361211113631725,0.795132756233215,-0.0524585098028183,3.10074687004089,1.62878823280334,K,20
OUTPUT,NaN,NaN,NaN,NaN,NaN,NaN

INPUT,0.350026190280914,0.0367225632071495,0.743233561515808,0.164079904556274,3.07629704475403,1.24326574802399,K,13
OUTPUT,NaN,NaN,NaN,NaN,NaN,NaN

INPUT,0.35299089550972,0.0369311682879925,0.754378437995911,0.112260386347771,3.07068562507629,1.29428899288177,K,14
OUTPUT,NaN,NaN,NaN,NaN,NaN,NaN

INPUT,0.355955600738525,0.0371397770941257,0.765523374080658,0.0604882501065731,3.06526136398315,1.34537994861603,K,15
OUTPUT,NaN,NaN,NaN,NaN,NaN,NaN

INPUT,0.358623832464218,0.0373275242745876,0.77555376291275,0.0139228235930204,3.060551404953,1.39140892028809,K,16
OUTPUT,NaN,NaN,NaN,NaN,NaN,NaN

INPUT,0.360699146986008,0.037473551928997,0.783355236053467,-0.0222803670912981,3.05700778961182,1.42723548412323,K,17
OUTPUT,NaN,NaN,NaN,NaN,NaN,NaN

INPUT,0.362181484699249,0.0375778563320637,0.788927674293518,-0.0481338612735271,3.05454349517822,1.45283854007721,K,18
OUTPUT,NaN,NaN,NaN,NaN,NaN,NaN

INPUT,0.363070905208588,0.0376404374837875,0.792271137237549,-0.0636439099907875,3.05309224128723,1.46820485591888,K,19
OUTPUT,NaN,NaN,NaN,NaN,NaN,NaN

INPUT,0.3633673787117,0.0376612991094589,0.793385624885559,-0.0688136294484138,3.05261325836182,1.47332775592804,K,20
OUTPUT,NaN,NaN,NaN,NaN,NaN,NaN

INPUT,0.362368226051331,0.0360826291143894,0.721114039421082,-2.83667898178101,3.10276341438293,-2.01860094070435,K,11
OUTPUT,NaN,NaN,NaN,NaN,NaN,NaN

INPUT,0.367483675479889,0.0362649634480476,0.732277631759644,-2.88405275344849,3.0986123085022,-1.96972548961639,K,12
OUTPUT,NaN,NaN,NaN,NaN,NaN,NaN

INPUT,0.37259915471077,0.0364472940564156,0.743441224098206,-2.93156147003174,3.0945611000061,-1.92097687721252,K,13
OUTPUT,NaN,NaN,NaN,NaN,NaN,NaN

INPUT,0.377714604139328,0.0366296246647835,0.754604756832123,-2.97917222976685,3.0906183719635,-1.87232089042664,K,14
OUTPUT,NaN,NaN,NaN,NaN,NaN,NaN

INPUT,0.382830083370209,0.0368119552731514,0.76576828956604,-3.02686142921448,3.08679389953613,-1.82373416423798,K,15
OUTPUT,NaN,NaN,NaN,NaN,NaN,NaN

INPUT,0.387434005737305,0.0369760543107986,0.775815486907959,-3.06983590126038,3.08346009254456,-1.78005146980286,K,16
OUTPUT,NaN,NaN,NaN,NaN,NaN,NaN

INPUT,0.391014814376831,0.0371036864817142,0.783630013465881,-3.10328984260559,3.08094215393066,-1.74609982967377,K,17
OUTPUT,NaN,NaN,NaN,NaN,NaN,NaN

INPUT,0.39357253909111,0.0371948517858982,0.789211809635162,-3.12719917297363,3.07918572425842,-1.72185933589935,K,18
OUTPUT,NaN,NaN,NaN,NaN,NaN,NaN

INPUT,0.395107179880142,0.0372495539486408,0.792560875415802,-3.14154982566833,3.07814908027649,-1.70731866359711,K,19
OUTPUT,NaN,NaN,NaN,NaN,NaN,NaN

INPUT,0.395618736743927,0.0372677855193615,0.7936772108078,3.13685131072998,3.07780647277832,-1.702472448349,K,20
OUTPUT,NaN,NaN,NaN,NaN,NaN,NaN

INPUT,0.361536890268326,0.0372680462896824,0.732644140720367,-3.0735559463501,3.12595987319946,-1.98642861843109,K,12
OUTPUT,NaN,NaN,NaN,NaN,NaN,NaN

INPUT,0.366026252508163,0.0375560596585274,0.74384617805481,-3.12967967987061,3.12461137771606,-1.92813360691071,K,13
OUTPUT,NaN,NaN,NaN,NaN,NaN,NaN

INPUT,0.370515614748001,0.0378440730273724,0.755048215389252,3.09722423553467,3.1233184337616,-1.8699951171875,K,14
OUTPUT,NaN,NaN,NaN,NaN,NaN,NaN

INPUT,0.375005006790161,0.0381320863962173,0.766250193119049,3.04082226753235,3.12208533287048,-1.81197607517242,K,15
OUTPUT,NaN,NaN,NaN,NaN,NaN,NaN

INPUT,0.379045456647873,0.0383912995457649,0.776332020759583,2.9899787902832,3.1210298538208,-1.75983941555023,K,16
OUTPUT,NaN,NaN,NaN,NaN,NaN,NaN

INPUT,0.382188022136688,0.0385929085314274,0.784173429012299,2.95039033889771,3.12024664878845,-1.71933138370514,K,17
OUTPUT,NaN,NaN,NaN,NaN,NaN,NaN

INPUT,0.384432703256607,0.038736917078495,0.789774477481842,2.9220929145813,3.11970806121826,-1.69041669368744,K,18
OUTPUT,NaN,NaN,NaN,NaN,NaN,NaN

INPUT,0.385779500007629,0.0388233214616776,0.793135046958923,2.90510725975037,3.11939334869385,-1.67307496070862,K,19
OUTPUT,NaN,NaN,NaN,NaN,NaN,NaN

INPUT,0.386228442192078,0.038852121680975,0.794255256652832,2.89944434165955,3.11928987503052,-1.66729545593262,K,20
OUTPUT,NaN,NaN,NaN,NaN,NaN,NaN

INPUT,0.37122368812561,0.0363587513566017,0.730626106262207,-2.92047476768494,3.09560370445251,-1.95162975788116,K,5
OUTPUT,NaN,NaN,NaN,NaN,NaN,NaN

INPUT,0.379546970129013,0.0366881787776947,0.746139168739319,-3.00085186958313,3.08884453773499,-1.86102747917175,K,6
OUTPUT,NaN,NaN,NaN,NaN,NaN,NaN

INPUT,0.386020600795746,0.0369444042444229,0.758204817771912,-3.06418538093567,3.08385038375854,-1.79135656356812,K,7
OUTPUT,NaN,NaN,NaN,NaN,NaN,NaN

INPUT,0.390644639730453,0.0371274203062057,0.766823172569275,-3.10973954200745,3.08043789863586,-1.74189639091492,K,8
OUTPUT,NaN,NaN,NaN,NaN,NaN,NaN

INPUT,0.393419086933136,0.0372372269630432,0.771994233131409,-3.13717412948608,3.07845592498779,-1.71231758594513,K,9
OUTPUT,NaN,NaN,NaN,NaN,NaN,NaN

INPUT,0.360694944858551,0.0363609790802002,0.723078310489655,-2.99607276916504,3.13752269744873,-2.0675790309906,K,4
OUTPUT,NaN,NaN,NaN,NaN,NaN,NaN

INPUT,0.367002964019775,0.0366745591163635,0.736362814903259,-3.06828999519348,3.13744521141052,-1.97250866889954,K,5
OUTPUT,NaN,NaN,NaN,NaN,NaN,NaN

INPUT,0.373311012983322,0.0369881391525269,0.749647259712219,-3.14085102081299,3.13739633560181,-1.87778198719025,K,6
OUTPUT,NaN,NaN,NaN,NaN,NaN,NaN

INPUT,0.378217250108719,0.0372320301830769,0.759979665279388,3.08576488494873,3.13737845420837,-1.80423867702484,K,7
OUTPUT,NaN,NaN,NaN,NaN,NaN,NaN

INPUT,0.381721705198288,0.0374062433838844,0.767359972000122,3.04533123970032,3.13737630844116,-1.75173473358154,K,8
OUTPUT,NaN,NaN,NaN,NaN,NaN,NaN

INPUT,0.383824378252029,0.0375107675790787,0.771788120269775,3.02107262611389,3.13737916946411,-1.7202308177948,K,9
OUTPUT,NaN,NaN,NaN,NaN,NaN,NaN

INPUT,0.360011398792267,0.0356748439371586,0.737095475196838,0.192637711763382,3.11213207244873,1.373286485672,K,5
OUTPUT,NaN,NaN,NaN,NaN,NaN,NaN

INPUT,0.365500003099442,0.035820085555315,0.750794947147369,0.104819163680077,3.10778212547302,1.46567177772522,K,6
OUTPUT,NaN,NaN,NaN,NaN,NaN,NaN

INPUT,0.369768917560577,0.0359330475330353,0.761450052261353,0.0361502505838871,3.10458660125732,1.53717005252838,K,7
OUTPUT,NaN,NaN,NaN,NaN,NaN,NaN

INPUT,0.372818171977997,0.0360137373209,0.769060850143433,-0.0130396317690611,3.10241436958313,1.58810460567474,K,8
OUTPUT,NaN,NaN,NaN,NaN,NaN,NaN

INPUT,0.374647706747055,0.0360621511936188,0.773627281188965,-0.0425988212227821,3.10115766525269,1.61862206459045,K,9
OUTPUT,NaN,NaN,NaN,NaN,NaN,NaN

INPUT,0.351064085960388,0.0365831106901169,0.731145799160004,0.194592788815498,3.08295798301697,1.17833971977234,K,4
OUTPUT,NaN,NaN,NaN,NaN,NaN,NaN

INPUT,0.354790180921555,0.0368361659348011,0.742347836494446,0.126317918300629,3.07438182830811,1.25781512260437,K,5
OUTPUT,NaN,NaN,NaN,NaN,NaN,NaN

INPUT,0.358516275882721,0.0370892211794853,0.753549993038177,0.0567761920392513,3.06617045402527,1.3360652923584,K,6
OUTPUT,NaN,NaN,NaN,NaN,NaN,NaN

INPUT,0.361414313316345,0.0372860431671143,0.76226270198822,0.00207942840643227,3.06006526947021,1.39634823799133,K,7
OUTPUT,NaN,NaN,NaN,NaN,NaN,NaN

INPUT,0.363484382629395,0.0374266281723976,0.768486082553864,-0.0372374504804611,3.05586791038513,1.4391770362854,K,8
OUTPUT,NaN,NaN,NaN,NaN,NaN,NaN

INPUT,0.364726394414902,0.0375109799206257,0.772220134735107,-0.0609102472662926,3.05341815948486,1.46479856967926,K,9
OUTPUT,NaN,NaN,NaN,NaN,NaN,NaN

INPUT,0.362222850322723,0.035057220607996,0.732915699481964,-2.97981286048889,3.12809157371521,-2.00025248527527,K,12
OUTPUT,NaN,NaN,NaN,NaN,NaN,NaN

INPUT,0.366784423589706,0.0351125597953796,0.744146287441254,-3.02984738349915,3.12690758705139,-1.94719302654266,K,13
OUTPUT,NaN,NaN,NaN,NaN,NaN,NaN

INPUT,0.371345967054367,0.0351678989827633,0.755376756191254,-3.08010482788086,3.12576270103455,-1.89435577392578,K,14
OUTPUT,NaN,NaN,NaN,NaN,NaN,NaN

INPUT,0.37590754032135,0.0352232381701469,0.766607284545898,-3.13053393363953,3.12465977668762,-1.84168934822083,K,15
OUTPUT,NaN,NaN,NaN,NaN,NaN,NaN

INPUT,0.380012929439545,0.0352730415761471,0.77671480178833,3.10714888572693,3.12370562553406,-1.79440462589264,K,16
OUTPUT,NaN,NaN,NaN,NaN,NaN,NaN

INPUT,0.38320603966713,0.0353117808699608,0.784576177597046,3.07169580459595,3.12298989295959,-1.75768971443176,K,17
OUTPUT,NaN,NaN,NaN,NaN,NaN,NaN

INPUT,0.38548681139946,0.0353394486010075,0.790191411972046,3.04634356498718,3.12249350547791,-1.73149299621582,K,18
OUTPUT,NaN,NaN,NaN,NaN,NaN,NaN

INPUT,0.386855274438858,0.0353560522198677,0.793560564517975,3.03112196922302,3.12220168113708,-1.71578538417816,K,19
OUTPUT,NaN,NaN,NaN,NaN,NaN,NaN

INPUT,0.387311428785324,0.0353615842759609,0.794683635234833,3.02604627609253,3.12210536003113,-1.71055102348328,K,20
OUTPUT,NaN,NaN,NaN,NaN,NaN,NaN

INPUT,0.361905962228775,0.0371764078736305,0.724300861358643,-3.06068444252014,3.12582516670227,-2.03944492340088,K,4
OUTPUT,NaN,NaN,NaN,NaN,NaN,NaN

INPUT,0.368229627609253,0.0376482903957367,0.737525403499603,3.13882446289063,3.12387585639954,-1.93910050392151,K,5
OUTPUT,NaN,NaN,NaN,NaN,NaN,NaN

INPUT,0.374553322792053,0.0381201729178429,0.750749945640564,3.0535454750061,3.12207555770874,-1.84035551548004,K,6
OUTPUT,NaN,NaN,NaN,NaN,NaN,NaN

INPUT,0.379471749067307,0.0384871885180473,0.761035680770874,2.98644137382507,3.12078833580017,-1.76432764530182,K,7
OUTPUT,NaN,NaN,NaN,NaN,NaN,NaN

INPUT,0.382984906435013,0.0387493446469307,0.768382668495178,2.93819546699524,3.11993336677551,-1.71033549308777,K,8
OUTPUT,NaN,NaN,NaN,NaN,NaN,NaN

INPUT,0.385092824697495,0.038906641304493,0.772790849208832,2.90914368629456,3.11944723129272,-1.67804384231567,K,9
OUTPUT,NaN,NaN,NaN,NaN,NaN,NaN

INPUT,0.356408149003983,0.0331490077078342,0.732708930969238,0.198679879307747,3.1351203918457,1.28272843360901,K,12
OUTPUT,NaN,NaN,NaN,NaN,NaN,NaN

INPUT,0.360357582569122,0.0330034606158733,0.74391782283783,0.137177273631096,3.13441562652588,1.33531630039215,K,13
OUTPUT,NaN,NaN,NaN,NaN,NaN,NaN

INPUT,0.364307045936584,0.0328579097986221,0.755126714706421,0.0764608830213547,3.13373398780823,1.38869047164917,K,14
OUTPUT,NaN,NaN,NaN,NaN,NaN,NaN

INPUT,0.368256479501724,0.0327123627066612,0.766335606575012,0.01632110029459,3.13307809829712,1.44264161586761,K,15
OUTPUT,NaN,NaN,NaN,NaN,NaN,NaN

INPUT,0.371810972690582,0.0325813703238964,0.776423573493958,-0.0374302044510841,3.13251113891602,1.49157249927521,K,16
OUTPUT,NaN,NaN,NaN,NaN,NaN,NaN

INPUT,0.374575585126877,0.0324794836342335,0.7842698097229,-0.0790414735674858,3.13208651542664,1.529825091362,K,17
OUTPUT,NaN,NaN,NaN,NaN,NaN,NaN

INPUT,0.376550316810608,0.032406710088253,0.789874255657196,-0.108676128089428,3.1317925453186,1.5572361946106,K,18
OUTPUT,NaN,NaN,NaN,NaN,NaN,NaN

INPUT,0.377735137939453,0.0323630459606647,0.793236911296844,-0.126425892114639,3.13162016868591,1.57371413707733,K,19
OUTPUT,NaN,NaN,NaN,NaN,NaN,NaN

INPUT,0.378130078315735,0.0323484912514687,0.79435783624649,-0.132337540388107,3.13156318664551,1.57921159267426,K,20
OUTPUT,NaN,NaN,NaN,NaN,NaN,NaN

INPUT,0.3626609146595,0.0350735075771809,0.724722564220428,-2.96829581260681,3.12778520584106,-2.04814600944519,K,4
OUTPUT,NaN,NaN,NaN,NaN,NaN,NaN

INPUT,0.36908358335495,0.0351616553962231,0.737948536872864,-3.04295110702515,3.12612652778625,-1.95698225498199,K,5
OUTPUT,NaN,NaN,NaN,NaN,NaN,NaN

INPUT,0.375506222248077,0.0352498032152653,0.751174569129944,-3.11916518211365,3.12457323074341,-1.86737513542175,K,6
OUTPUT,NaN,NaN,NaN,NaN,NaN,NaN

INPUT,0.380501627922058,0.0353183671832085,0.761461436748505,3.10397434234619,3.1234450340271,-1.79844772815704,K,7
OUTPUT,NaN,NaN,NaN,NaN,NaN,NaN

INPUT,0.38406977057457,0.0353673361241817,0.768809199333191,3.06076836585999,3.12268495559692,-1.74952924251556,K,8
OUTPUT,NaN,NaN,NaN,NaN,NaN,NaN

INPUT,0.386210680007935,0.035396721214056,0.773217856884003,3.03473877906799,3.12224793434143,-1.72028362751007,K,9
OUTPUT,NaN,NaN,NaN,NaN,NaN,NaN

INPUT,0.36240941286087,0.0330200977623463,0.736787140369415,0.128372237086296,3.13510704040527,1.33026278018951,K,5
OUTPUT,NaN,NaN,NaN,NaN,NaN,NaN

INPUT,0.368140429258347,0.032768789678812,0.750312983989716,0.033893957734108,3.13377046585083,1.41926085948944,K,6
OUTPUT,NaN,NaN,NaN,NaN,NaN,NaN

INPUT,0.372597903013229,0.0325733311474323,0.760833024978638,-0.0390265770256519,3.13277554512024,1.48904466629028,K,7
OUTPUT,NaN,NaN,NaN,NaN,NaN,NaN

INPUT,0.375781804323196,0.0324337147176266,0.768347382545471,-0.0909154489636421,3.13209223747253,1.53908777236938,K,8
OUTPUT,NaN,NaN,NaN,NaN,NaN,NaN

INPUT,0.377692133188248,0.0323499478399754,0.772855997085571,-0.121988482773304,3.13169384002686,1.56917417049408,K,9
OUTPUT,NaN,NaN,NaN,NaN,NaN,NaN

INPUT,0.362795978784561,0.0352227613329887,0.732850909233093,-2.98898935317993,3.11414909362793,-1.90905320644379,K,12
OUTPUT,NaN,NaN,NaN,NaN,NaN,NaN

INPUT,0.36741715669632,0.0352955013513565,0.744075655937195,-3.04485630989075,3.11169838905334,-1.85124802589417,K,13
OUTPUT,NaN,NaN,NaN,NaN,NaN,NaN

INPUT,0.372038304805756,0.0353682413697243,0.755300343036652,-3.10086941719055,3.10934448242188,-1.79358518123627,K,14
OUTPUT,NaN,NaN,NaN,NaN,NaN,NaN

INPUT,0.376659482717514,0.035440981388092,0.766525030136108,3.12619018554688,3.10709452629089,-1.73603022098541,K,15
OUTPUT,NaN,NaN,NaN,NaN,NaN,NaN

INPUT,0.380818545818329,0.0355064496397972,0.7766273021698,3.07560157775879,3.10516452789307,-1.68430256843567,K,16
OUTPUT,NaN,NaN,NaN,NaN,NaN,NaN

INPUT,0.384053349494934,0.0355573669075966,0.784484624862671,3.03621435165405,3.1037290096283,-1.64410805702209,K,17
OUTPUT,NaN,NaN,NaN,NaN,NaN,NaN

INPUT,0.386363953351974,0.0355937406420708,0.790096938610077,3.00806212425232,3.10274028778076,-1.61541521549225,K,18
OUTPUT,NaN,NaN,NaN,NaN,NaN,NaN

INPUT,0.387750297784805,0.0356155596673489,0.793464362621307,2.99116396903992,3.10216212272644,-1.59820544719696,K,19
OUTPUT,NaN,NaN,NaN,NaN,NaN,NaN

INPUT,0.388212412595749,0.0356228351593018,0.794586837291718,2.98553037643433,3.10197186470032,-1.59246981143951,K,20
OUTPUT,NaN,NaN,NaN,NaN,NaN,NaN

INPUT,0.360836684703827,0.0351642221212387,0.721438765525818,-2.80759787559509,3.11830258369446,-1.97233438491821,K,11
OUTPUT,NaN,NaN,NaN,NaN,NaN,NaN

INPUT,0.365771234035492,0.0352384820580482,0.732641696929932,-2.8551881313324,3.11586809158325,-1.92167091369629,K,12
OUTPUT,NaN,NaN,NaN,NaN,NaN,NaN

INPUT,0.370705783367157,0.0353127457201481,0.74384468793869,-2.90304255485535,3.11349582672119,-1.87126886844635,K,13
OUTPUT,NaN,NaN,NaN,NaN,NaN,NaN

INPUT,0.375640332698822,0.0353870056569576,0.755047619342804,-2.95109438896179,3.1111912727356,-1.82106125354767,K,14
OUTPUT,NaN,NaN,NaN,NaN,NaN,NaN

INPUT,0.380574882030487,0.0354612655937672,0.766250610351563,-2.99929809570313,3.10895991325378,-1.77100157737732,K,15
OUTPUT,NaN,NaN,NaN,NaN,NaN,NaN

INPUT,0.385015994310379,0.0355281010270119,0.776333272457123,-3.04278326034546,3.10701894760132,-1.72604727745056,K,16
OUTPUT,NaN,NaN,NaN,NaN,NaN,NaN

INPUT,0.38847017288208,0.0355800837278366,0.784175336360931,-3.07666015625,3.10555577278137,-1.69113564491272,K,17
OUTPUT,NaN,NaN,NaN,NaN,NaN,NaN

INPUT,0.390937447547913,0.0356172136962414,0.789776802062988,-3.10088324546814,3.10453653335571,-1.66622292995453,K,18
OUTPUT,NaN,NaN,NaN,NaN,NaN,NaN

INPUT,0.392417788505554,0.0356394946575165,0.793137729167938,-3.11542630195618,3.10393595695496,-1.65128397941589,K,19
OUTPUT,NaN,NaN,NaN,NaN,NaN,NaN

INPUT,0.39291125535965,0.0356469191610813,0.794257998466492,-3.12027525901794,3.10373735427856,-1.64630568027496,K,20
OUTPUT,NaN,NaN,NaN,NaN,NaN,NaN

INPUT,0.356459826231003,0.0357006452977657,0.732813715934753,0.0422930158674717,3.13963580131531,1.13562190532684,K,12
OUTPUT,NaN,NaN,NaN,NaN,NaN,NaN

INPUT,0.360413998365402,0.0358237363398075,0.744034469127655,-0.0231084581464529,3.13934540748596,1.18528664112091,K,13
OUTPUT,NaN,NaN,NaN,NaN,NaN,NaN

INPUT,0.364368170499802,0.0359468273818493,0.755255162715912,-0.0867268517613411,3.13906240463257,1.23673439025879,K,14
OUTPUT,NaN,NaN,NaN,NaN,NaN,NaN

INPUT,0.368322372436523,0.0360699184238911,0.766475915908813,-0.149135336279869,3.13878750801086,1.28939235210419,K,15
OUTPUT,NaN,NaN,NaN,NaN,NaN,NaN

INPUT,0.371881127357483,0.0361807011067867,0.776574611663818,-0.204562321305275,3.13854813575745,1.33752501010895,K,16
OUTPUT,NaN,NaN,NaN,NaN,NaN,NaN

INPUT,0.374649077653885,0.0362668633460999,0.784429132938385,-0.247303321957588,3.13836765289307,1.37533068656921,K,17
OUTPUT,NaN,NaN,NaN,NaN,NaN,NaN

INPUT,0.376626163721085,0.0363284088671207,0.790039479732513,-0.277671545743942,3.1382417678833,1.40249574184418,K,18
OUTPUT,NaN,NaN,NaN,NaN,NaN,NaN

INPUT,0.377812415361404,0.0363653376698494,0.793405711650848,-0.295836448669434,3.1381676197052,1.41885077953339,K,19
OUTPUT,NaN,NaN,NaN,NaN,NaN,NaN

INPUT,0.378207832574844,0.0363776460289955,0.794527769088745,-0.301882773637772,3.13814306259155,1.42431104183197,K,20
OUTPUT,NaN,NaN,NaN,NaN,NaN,NaN

INPUT,0.361754953861237,0.0348591879010201,0.722084581851959,-2.8093421459198,3.10550785064697,-1.97188532352448,K,11
OUTPUT,NaN,NaN,NaN,NaN,NaN,NaN

INPUT,0.366797477006912,0.034897442907095,0.733363926410675,-2.857590675354,3.10167551040649,-1.92160737514496,K,12
OUTPUT,NaN,NaN,NaN,NaN,NaN,NaN

INPUT,0.371840000152588,0.0349356941878796,0.744643211364746,-2.90601849555969,3.09793996810913,-1.87150168418884,K,13
OUTPUT,NaN,NaN,NaN,NaN,NaN,NaN

INPUT,0.376882523298264,0.0349739491939545,0.755922555923462,-2.95458102226257,3.09431028366089,-1.82152259349823,K,14
OUTPUT,NaN,NaN,NaN,NaN,NaN,NaN

INPUT,0.381925046443939,0.0350122042000294,0.767201900482178,-3.00324726104736,3.09079527854919,-1.77163898944855,K,15
OUTPUT,NaN,NaN,NaN,NaN,NaN,NaN

INPUT,0.386463314294815,0.0350466333329678,0.777353286743164,-3.04711747169495,3.08773708343506,-1.72680687904358,K,16
OUTPUT,NaN,NaN,NaN,NaN,NaN,NaN

INPUT,0.389993071556091,0.0350734107196331,0.785248816013336,-3.08127689361572,3.08543109893799,-1.69197070598602,K,17
OUTPUT,NaN,NaN,NaN,NaN,NaN,NaN

INPUT,0.392514318227768,0.0350925363600254,0.790888488292694,-3.10569429397583,3.08382487297058,-1.66710269451141,K,18
OUTPUT,NaN,NaN,NaN,NaN,NaN,NaN

INPUT,0.394027084112167,0.035104013979435,0.794272243976593,-3.1203510761261,3.08287787437439,-1.65218710899353,K,19
OUTPUT,NaN,NaN,NaN,NaN,NaN,NaN

INPUT,0.394531339406967,0.0351078398525715,0.795400202274323,-3.12523746490479,3.08256506919861,-1.64721608161926,K,20
OUTPUT,NaN,NaN,NaN,NaN,NaN,NaN

INPUT,0.359607756137848,0.0350619368255138,0.721955835819244,-2.8265974521637,3.11061525344849,-2.00443601608276,K,11
OUTPUT,NaN,NaN,NaN,NaN,NaN,NaN

INPUT,0.364398300647736,0.035124309360981,0.733218431472778,-2.87397623062134,3.10732865333557,-1.95509576797485,K,12
OUTPUT,NaN,NaN,NaN,NaN,NaN,NaN

INPUT,0.369188845157623,0.0351866818964481,0.744481027126312,-2.92152738571167,3.10412216186523,-1.90592277050018,K,13
OUTPUT,NaN,NaN,NaN,NaN,NaN,NaN

INPUT,0.373979389667511,0.0352490544319153,0.755743622779846,-2.96920800209045,3.10100340843201,-1.85687339305878,K,14
OUTPUT,NaN,NaN,NaN,NaN,NaN,NaN

INPUT,0.378769934177399,0.0353114269673824,0.76700621843338,-3.01698780059814,3.09797930717468,-1.80791711807251,K,15
OUTPUT,NaN,NaN,NaN,NaN,NaN,NaN

INPUT,0.383081436157227,0.0353675596415997,0.777142584323883,-3.0600574016571,3.09534478187561,-1.76391875743866,K,16
OUTPUT,NaN,NaN,NaN,NaN,NaN,NaN

INPUT,0.386434823274612,0.0354112200438976,0.785026371479034,-3.09359192848206,3.09335589408875,-1.72973048686981,K,17
OUTPUT,NaN,NaN,NaN,NaN,NaN,NaN

INPUT,0.388830095529556,0.0354424081742764,0.790657699108124,-3.11756229400635,3.09196901321411,-1.70532524585724,K,18
OUTPUT,NaN,NaN,NaN,NaN,NaN,NaN

INPUT,0.39026728272438,0.0354611203074455,0.794036507606506,-3.13195037841797,3.09115076065063,-1.69068741798401,K,19
OUTPUT,NaN,NaN,NaN,NaN,NaN,NaN

INPUT,0.39074632525444,0.0354673564434052,0.795162737369537,-3.13674759864807,3.09088039398193,-1.68580889701843,K,20
OUTPUT,NaN,NaN,NaN,NaN,NaN,NaN

INPUT,0.361510068178177,0.0328639969229698,0.732455909252167,-2.87346482276917,3.13161039352417,-1.92053997516632,K,12
OUTPUT,NaN,NaN,NaN,NaN,NaN,NaN

INPUT,0.365996539592743,0.0326884724199772,0.743638217449188,-2.92064881324768,3.13075423240662,-1.86743533611298,K,13
OUTPUT,NaN,NaN,NaN,NaN,NaN,NaN

INPUT,0.370483011007309,0.0325129516422749,0.75482052564621,-2.96826028823853,3.12992548942566,-1.81475806236267,K,14
OUTPUT,NaN,NaN,NaN,NaN,NaN,NaN

INPUT,0.374969482421875,0.0323374234139919,0.766002833843231,-3.01620292663574,3.12912583351135,-1.762411236763,K,15
OUTPUT,NaN,NaN,NaN,NaN,NaN,NaN

INPUT,0.379007309675217,0.0321794524788857,0.776066899299622,-3.0595760345459,3.12843298912048,-1.71552360057831,K,16
OUTPUT,NaN,NaN,NaN,NaN,NaN,NaN

INPUT,0.38214784860611,0.0320565849542618,0.78389447927475,-3.09343218803406,3.1279125213623,-1.67917633056641,K,17
OUTPUT,NaN,NaN,NaN,NaN,NaN,NaN

INPUT,0.384391099214554,0.0319688245654106,0.78948563337326,-3.11767077445984,3.12755107879639,-1.65326976776123,K,18
OUTPUT,NaN,NaN,NaN,NaN,NaN,NaN

INPUT,0.385737031698227,0.0319161675870419,0.792840301990509,-3.1322340965271,3.12733840942383,-1.63774597644806,K,19
OUTPUT,NaN,NaN,NaN,NaN,NaN,NaN

INPUT,0.386185675859451,0.0318986140191555,0.79395854473114,-3.13709187507629,3.12726807594299,-1.63257443904877,K,20
OUTPUT,NaN,NaN,NaN,NaN,NaN,NaN

INPUT,0.363313466310501,0.0333895981311798,0.721346974372864,-2.89263224601746,3.09387564659119,-2.00389313697815,K,11
OUTPUT,NaN,NaN,NaN,NaN,NaN,NaN

INPUT,0.368540316820145,0.0332553759217262,0.732537031173706,-2.94439625740051,3.08881521224976,-1.95107865333557,K,12
OUTPUT,NaN,NaN,NaN,NaN,NaN,NaN

INPUT,0.373767137527466,0.0331211537122726,0.743727087974548,-2.99625825881958,3.08389902114868,-1.89834809303284,K,13
OUTPUT,NaN,NaN,NaN,NaN,NaN,NaN

INPUT,0.378993958234787,0.0329869352281094,0.754917085170746,-3.04819464683533,3.07914018630981,-1.84567749500275,K,14
OUTPUT,NaN,NaN,NaN,NaN,NaN,NaN

INPUT,0.384220808744431,0.0328527130186558,0.766107082366943,-3.10018992424011,3.07455229759216,-1.79305028915405,K,15
OUTPUT,NaN,NaN,NaN,NaN,NaN,NaN

INPUT,0.388924956321716,0.0327319130301476,0.776178121566772,3.13615870475769,3.07057952880859,-1.74571347236633,K,16
OUTPUT,NaN,NaN,NaN,NaN,NaN,NaN

INPUT,0.392583727836609,0.0326379612088203,0.784011125564575,3.09970736503601,3.06759810447693,-1.70890963077545,K,17
OUTPUT,NaN,NaN,NaN,NaN,NaN,NaN

INPUT,0.395197153091431,0.0325708501040936,0.789606153964996,3.07365989685059,3.06552886962891,-1.68262708187103,K,18
OUTPUT,NaN,NaN,NaN,NaN,NaN,NaN

INPUT,0.396765202283859,0.0325305834412575,0.792963147163391,3.05802750587463,3.06431221961975,-1.66685962677002,K,19
OUTPUT,NaN,NaN,NaN,NaN,NaN,NaN

INPUT,0.397287875413895,0.0325171612203121,0.794082164764404,3.05281615257263,3.06391072273254,-1.66160404682159,K,20
OUTPUT,NaN,NaN,NaN,NaN,NaN,NaN

INPUT,0.356487363576889,0.0366237163543701,0.732605278491974,0.191867858171463,3.13585901260376,1.13527834415436,K,12
OUTPUT,NaN,NaN,NaN,NaN,NaN,NaN

INPUT,0.360445111989975,0.0368439666926861,0.743803262710571,0.138513699173927,3.13520479202271,1.18121004104614,K,13
OUTPUT,NaN,NaN,NaN,NaN,NaN,NaN

INPUT,0.364402830600739,0.0370642133057117,0.755001246929169,0.0858422070741653,3.13456630706787,1.22782456874847,K,14
OUTPUT,NaN,NaN,NaN,NaN,NaN,NaN

INPUT,0.368360579013824,0.0372844599187374,0.766199231147766,0.033669501543045,3.13394522666931,1.27493822574615,K,15
OUTPUT,NaN,NaN,NaN,NaN,NaN,NaN

INPUT,0.371922552585602,0.0374826826155186,0.776277422904968,-0.0129625387489796,3.13340210914612,1.31766414642334,K,16
OUTPUT,NaN,NaN,NaN,NaN,NaN,NaN

INPUT,0.37469294667244,0.0376368574798107,0.78411602973938,-0.0490635894238949,3.13299083709717,1.35106360912323,K,17
OUTPUT,NaN,NaN,NaN,NaN,NaN,NaN

INPUT,0.376671820878983,0.0377469807863235,0.789715051651001,-0.0747744515538216,3.13270354270935,1.37499630451202,K,18
OUTPUT,NaN,NaN,NaN,NaN,NaN,NaN

INPUT,0.377859145402908,0.0378130562603474,0.793074429035187,-0.0901739522814751,3.13253378868103,1.38938271999359,K,19
OUTPUT,NaN,NaN,NaN,NaN,NaN,NaN

INPUT,0.378254920244217,0.0378350801765919,0.794194221496582,-0.0953029841184616,3.13247752189636,1.39418244361877,K,20
OUTPUT,NaN,NaN,NaN,NaN,NaN,NaN

INPUT,0.369614869356155,0.0352766215801239,0.730881094932556,-2.89417839050293,3.1138219833374,-1.90492284297943,K,5
OUTPUT,NaN,NaN,NaN,NaN,NaN,NaN

INPUT,0.377729147672653,0.0354041233658791,0.746501922607422,-2.97435474395752,3.10997247695923,-1.81061124801636,K,6
OUTPUT,NaN,NaN,NaN,NaN,NaN,NaN

INPUT,0.384040236473083,0.0355032868683338,0.758651494979858,-3.03778100013733,3.10714221000671,-1.73831784725189,K,7
OUTPUT,NaN,NaN,NaN,NaN,NaN,NaN

INPUT,0.388548165559769,0.0355741195380688,0.767329752445221,-3.083500623703,3.10521674156189,-1.68709075450897,K,8
OUTPUT,NaN,NaN,NaN,NaN,NaN,NaN

INPUT,0.391252934932709,0.0356166176497936,0.77253669500351,-3.1110668182373,3.10410189628601,-1.65648722648621,K,9
OUTPUT,NaN,NaN,NaN,NaN,NaN,NaN

INPUT,0.363585650920868,0.0352427884936333,0.72553950548172,-2.97548794746399,3.11454510688782,-1.96115219593048,K,4
OUTPUT,NaN,NaN,NaN,NaN,NaN,NaN

INPUT,0.369897335767746,0.0353759825229645,0.738526821136475,-3.05883765220642,3.1108386516571,-1.86164402961731,K,5
OUTPUT,NaN,NaN,NaN,NaN,NaN,NaN

INPUT,0.376209050416946,0.0355091765522957,0.751514077186584,3.13930249214172,3.10738754272461,-1.7638213634491,K,6
OUTPUT,NaN,NaN,NaN,NaN,NaN,NaN

INPUT,0.381118148565292,0.0356127731502056,0.76161527633667,3.07235074043274,3.10489869117737,-1.68853569030762,K,7
OUTPUT,NaN,NaN,NaN,NaN,NaN,NaN

INPUT,0.384624630212784,0.035686768591404,0.768830418586731,3.02420473098755,3.10323333740234,-1.6350793838501,K,8
OUTPUT,NaN,NaN,NaN,NaN,NaN,NaN

INPUT,0.386728525161743,0.035731166601181,0.773159503936768,2.99521088600159,3.10228133201599,-1.60311055183411,K,9
OUTPUT,NaN,NaN,NaN,NaN,NaN,NaN

INPUT,0.362441599369049,0.0358469039201736,0.736979842185974,-0.094387486577034,3.14004325866699,1.11776661872864,K,5
OUTPUT,NaN,NaN,NaN,NaN,NaN,NaN

INPUT,0.368141144514084,0.0360305868089199,0.750497162342072,-0.159340068697929,3.13934135437012,1.23786818981171,K,6
OUTPUT,NaN,NaN,NaN,NaN,NaN,NaN

INPUT,0.372574150562286,0.0361734516918659,0.761010587215424,-0.219367206096649,3.13880777359009,1.32177209854126,K,7
OUTPUT,NaN,NaN,NaN,NaN,NaN,NaN

INPUT,0.375740557909012,0.0362754985690117,0.76852023601532,-0.264688611030579,3.13843512535095,1.3792587518692,K,8
OUTPUT,NaN,NaN,NaN,NaN,NaN,NaN

INPUT,0.377640426158905,0.0363367237150669,0.773025989532471,-0.292520552873611,3.1382155418396,1.41311156749725,K,9
OUTPUT,NaN,NaN,NaN,NaN,NaN,NaN

INPUT,0.349169671535492,0.0350324772298336,0.743478775024414,0.140812754631042,3.082111120224,1.33367645740509,K,13
OUTPUT,NaN,NaN,NaN,NaN,NaN,NaN

INPUT,0.352053612470627,0.0350802019238472,0.754645824432373,0.0835356116294861,3.07713937759399,1.39006066322327,K,14
OUTPUT,NaN,NaN,NaN,NaN,NaN,NaN

INPUT,0.354937553405762,0.0351279228925705,0.765812873840332,0.026312293484807,3.07237577438354,1.44651663303375,K,15
OUTPUT,NaN,NaN,NaN,NaN,NaN,NaN

INPUT,0.357533097267151,0.0351708754897118,0.775863170623779,-0.0251548159867525,3.06827878952026,1.49737656116486,K,16
OUTPUT,NaN,NaN,NaN,NaN,NaN,NaN

INPUT,0.359551846981049,0.0352042801678181,0.783680081367493,-0.0651679784059525,3.06522464752197,1.53696131706238,K,17
OUTPUT,NaN,NaN,NaN,NaN,NaN,NaN

INPUT,0.360993802547455,0.03522814437747,0.789263606071472,-0.0937414690852165,3.06311655044556,1.56524908542633,K,18
OUTPUT,NaN,NaN,NaN,NaN,NaN,NaN

INPUT,0.361858993768692,0.035242460668087,0.792613744735718,-0.110883124172688,3.06188201904297,1.58222651481628,K,19
OUTPUT,NaN,NaN,NaN,NaN,NaN,NaN

INPUT,0.362147390842438,0.0352472327649593,0.793730437755585,-0.116596676409245,3.06147575378418,1.58788645267487,K,20
OUTPUT,NaN,NaN,NaN,NaN,NaN,NaN

INPUT,0.370568931102753,0.0348991267383099,0.731805145740509,-2.89494156837463,3.09882712364197,-1.90315723419189,K,5
OUTPUT,NaN,NaN,NaN,NaN,NaN,NaN

INPUT,0.378770709037781,0.0349673181772232,0.747511923313141,-2.97684001922607,3.09263038635254,-1.81003332138062,K,6
OUTPUT,NaN,NaN,NaN,NaN,NaN,NaN

INPUT,0.385149866342545,0.0350203514099121,0.759728252887726,-3.04142332077026,3.08806657791138,-1.73847055435181,K,7
OUTPUT,NaN,NaN,NaN,NaN,NaN,NaN

INPUT,0.389706403017044,0.0350582376122475,0.768454253673553,-3.08789587020874,3.08495688438416,-1.68768620491028,K,8
OUTPUT,NaN,NaN,NaN,NaN,NaN,NaN

INPUT,0.392440348863602,0.0350809656083584,0.773689866065979,-3.11589002609253,3.08315491676331,-1.65732181072235,K,9
OUTPUT,NaN,NaN,NaN,NaN,NaN,NaN

INPUT,0.368048518896103,0.0351545289158821,0.731520175933838,-2.91124606132507,3.10480046272278,-1.93753850460052,K,5
OUTPUT,NaN,NaN,NaN,NaN,NaN,NaN

INPUT,0.375854760408401,0.0352653786540031,0.747240781784058,-2.99140357971191,3.09950590133667,-1.84590971469879,K,6
OUTPUT,NaN,NaN,NaN,NaN,NaN,NaN

INPUT,0.381926298141479,0.0353515930473804,0.759467899799347,-3.05464553833008,3.09559965133667,-1.77552700042725,K,7
OUTPUT,NaN,NaN,NaN,NaN,NaN,NaN

INPUT,0.386263102293015,0.0354131758213043,0.768201529979706,-3.10016560554504,3.09293389320374,-1.72559380531311,K,8
OUTPUT,NaN,NaN,NaN,NaN,NaN,NaN

INPUT,0.388865172863007,0.0354501269757748,0.773441731929779,-3.1275897026062,3.09138703346252,-1.69574308395386,K,9
OUTPUT,NaN,NaN,NaN,NaN,NaN,NaN

INPUT,0.37225741147995,0.0332386270165443,0.73100757598877,-2.98395609855652,3.0853488445282,-1.93140780925751,K,5
OUTPUT,NaN,NaN,NaN,NaN,NaN,NaN

INPUT,0.380711823701859,0.0330284386873245,0.746536195278168,-3.07173156738281,3.07712292671204,-1.83338797092438,K,6
OUTPUT,NaN,NaN,NaN,NaN,NaN,NaN

INPUT,0.387287497520447,0.0328649580478668,0.75861394405365,-3.14082098007202,3.07110476493835,-1.75793707370758,K,7
OUTPUT,NaN,NaN,NaN,NaN,NaN,NaN

INPUT,0.391984403133392,0.0327481888234615,0.767240941524506,3.09269905090332,3.06702899932861,-1.70434105396271,K,8
OUTPUT,NaN,NaN,NaN,NaN,NaN,NaN

INPUT,0.394802540540695,0.0326781235635281,0.77241712808609,3.06279826164246,3.06467819213867,-1.67227792739868,K,9
OUTPUT,NaN,NaN,NaN,NaN,NaN,NaN

INPUT,0.361757546663284,0.0329949297010899,0.723836421966553,-2.86847949028015,3.13112497329712,-1.97336196899414,K,4
OUTPUT,NaN,NaN,NaN,NaN,NaN,NaN

INPUT,0.368147969245911,0.0327043868601322,0.737104594707489,-2.93716621398926,3.12999558448792,-1.8807384967804,K,5
OUTPUT,NaN,NaN,NaN,NaN,NaN,NaN

INPUT,0.374538421630859,0.0324138440191746,0.750372767448425,-3.00792050361633,3.12893986701965,-1.79018139839172,K,6
OUTPUT,NaN,NaN,NaN,NaN,NaN,NaN

INPUT,0.37950873374939,0.0321878679096699,0.760692417621613,-3.06399416923523,3.12817478179932,-1.72078990936279,K,7
OUTPUT,NaN,NaN,NaN,NaN,NaN,NaN

INPUT,0.383058995008469,0.0320264548063278,0.768063604831696,-3.10448265075684,3.12766003608704,-1.67166018486023,K,8
OUTPUT,NaN,NaN,NaN,NaN,NaN,NaN

INPUT,0.385189145803452,0.0319296084344387,0.772486329078674,-3.12892270088196,3.12736439704895,-1.64232909679413,K,9
OUTPUT,NaN,NaN,NaN,NaN,NaN,NaN

INPUT,0.362499833106995,0.0368738062679768,0.736693680286407,0.128409296274185,3.13589000701904,1.17438471317291,K,5
OUTPUT,NaN,NaN,NaN,NaN,NaN,NaN

INPUT,0.368236988782883,0.0372136197984219,0.750194191932678,0.0476500503718853,3.13462018966675,1.25328850746155,K,6
OUTPUT,NaN,NaN,NaN,NaN,NaN,NaN

INPUT,0.372699230909348,0.0374779179692268,0.760694563388824,-0.0149604789912701,3.13366293907166,1.31486070156097,K,7
OUTPUT,NaN,NaN,NaN,NaN,NaN,NaN

INPUT,0.375886529684067,0.037666704505682,0.768194854259491,-0.0596125423908234,3.13299751281738,1.35891091823578,K,8
OUTPUT,NaN,NaN,NaN,NaN,NaN,NaN

INPUT,0.377798914909363,0.037779975682497,0.772695004940033,-0.0863827243447304,3.13260650634766,1.38536238670349,K,9
OUTPUT,NaN,NaN,NaN,NaN,NaN,NaN

INPUT,0.350277155637741,0.0350110158324242,0.731462419033051,0.173294693231583,3.08827567100525,1.26056635379791,K,4
OUTPUT,NaN,NaN,NaN,NaN,NaN,NaN

INPUT,0.353840112686157,0.0350242555141449,0.742668032646179,0.0982325971126556,3.08057975769043,1.34883046150208,K,5
OUTPUT,NaN,NaN,NaN,NaN,NaN,NaN

INPUT,0.357403039932251,0.0350374914705753,0.753873586654663,0.0217037163674831,3.07328820228577,1.43566513061523,K,6
OUTPUT,NaN,NaN,NaN,NaN,NaN,NaN

INPUT,0.360174208879471,0.0350477881729603,0.762589037418365,-0.0385187268257141,3.06792855262756,1.50253009796143,K,7
OUTPUT,NaN,NaN,NaN,NaN,NaN,NaN

INPUT,0.362153619527817,0.0350551456212997,0.768814325332642,-0.0818179994821548,3.06428027153015,1.55002272129059,K,8
OUTPUT,NaN,NaN,NaN,NaN,NaN,NaN

INPUT,0.363341242074966,0.0350595563650131,0.772549510002136,-0.107891440391541,3.06216716766357,1.57843029499054,K,9
OUTPUT,NaN,NaN,NaN,NaN,NaN,NaN

INPUT,0.358809471130371,0.0341959893703461,0.732444167137146,-3.0248441696167,3.14078283309937,-2.07370543479919,K,12
OUTPUT,NaN,NaN,NaN,NaN,NaN,NaN

INPUT,0.363011717796326,0.0341606810688972,0.743625164031982,-3.05420589447021,3.14080953598022,-2.00296831130981,K,13
OUTPUT,NaN,NaN,NaN,NaN,NaN,NaN

INPUT,0.367213934659958,0.0341253764927387,0.754806101322174,-3.08205652236938,3.14083790779114,-1.93072021007538,K,14
OUTPUT,NaN,NaN,NaN,NaN,NaN,NaN

INPUT,0.37141615152359,0.0340900719165802,0.76598709821701,-3.10812377929688,3.1408679485321,-1.85668897628784,K,15
OUTPUT,NaN,NaN,NaN,NaN,NaN,NaN

INPUT,0.375198185443878,0.0340582989156246,0.776049971580505,-3.12978982925415,3.14089584350586,-1.78826606273651,K,16
OUTPUT,NaN,NaN,NaN,NaN,NaN,NaN

INPUT,0.378139734268188,0.0340335816144943,0.783876657485962,3.13790893554688,3.14091849327087,-1.73368358612061,K,17
OUTPUT,NaN,NaN,NaN,NaN,NaN,NaN

INPUT,0.380240857601166,0.0340159311890602,0.78946715593338,3.1276741027832,3.14093470573425,-1.69386911392212,K,18
OUTPUT,NaN,NaN,NaN,NaN,NaN,NaN

INPUT,0.381501525640488,0.0340053401887417,0.792821407318115,3.12189483642578,3.14094471931458,-1.66961860656738,K,19
OUTPUT,NaN,NaN,NaN,NaN,NaN,NaN

INPUT,0.381921738386154,0.0340018086135387,0.793939530849457,3.12003231048584,3.14094805717468,-1.66147136688232,K,20
OUTPUT,NaN,NaN,NaN,NaN,NaN,NaN

INPUT,0.358463704586029,0.0366359241306782,0.733033835887909,0.289230763912201,3.13968372344971,1.34152090549469,K,12
OUTPUT,NaN,NaN,NaN,NaN,NaN,NaN

INPUT,0.362628906965256,0.0368572100996971,0.744278311729431,0.214100733399391,3.13940119743347,1.37713825702667,K,13
OUTPUT,NaN,NaN,NaN,NaN,NaN,NaN

INPUT,0.366794139146805,0.0370784923434258,0.755522787570953,0.143447831273079,3.13912439346313,1.41723275184631,K,14
OUTPUT,NaN,NaN,NaN,NaN,NaN,NaN

INPUT,0.370959341526031,0.0372997745871544,0.766767263412476,0.0758427232503891,3.13885498046875,1.4603750705719,K,15
OUTPUT,NaN,NaN,NaN,NaN,NaN,NaN

INPUT,0.374708026647568,0.0374989286065102,0.77688729763031,0.0168676357716322,3.13861918449402,1.50107288360596,K,16
OUTPUT,NaN,NaN,NaN,NaN,NaN,NaN

INPUT,0.377623677253723,0.0376538299024105,0.784758448600769,-0.0280689764767885,3.13844084739685,1.5336594581604,K,17
OUTPUT,NaN,NaN,NaN,NaN,NaN,NaN

INPUT,0.379706293344498,0.0377644710242748,0.790380716323853,-0.0597592741250992,3.13831639289856,1.55734300613403,K,18
OUTPUT,NaN,NaN,NaN,NaN,NaN,NaN

INPUT,0.380955845117569,0.0378308556973934,0.793754041194916,-0.0786313861608505,3.13824272155762,1.57169508934021,K,19
OUTPUT,NaN,NaN,NaN,NaN,NaN,NaN

INPUT,0.381372362375259,0.0378529839217663,0.794878482818604,-0.0849002972245216,3.13821840286255,1.57650101184845,K,20
OUTPUT,NaN,NaN,NaN,NaN,NaN,NaN

INPUT,0.355397522449493,0.0373000875115395,0.733186006546021,0.367811292409897,3.13853335380554,1.28794145584106,K,12
OUTPUT,NaN,NaN,NaN,NaN,NaN,NaN

INPUT,0.35923969745636,0.0375914350152016,0.744446516036987,0.306687563657761,3.13813638687134,1.32365310192108,K,13
OUTPUT,NaN,NaN,NaN,NaN,NaN,NaN

INPUT,0.363081872463226,0.037882786244154,0.755706965923309,0.248162373900414,3.13774681091309,1.36196327209473,K,14
OUTPUT,NaN,NaN,NaN,NaN,NaN,NaN

INPUT,0.366924047470093,0.0381741374731064,0.766967475414276,0.191478937864304,3.13736605644226,1.40211534500122,K,15
OUTPUT,NaN,NaN,NaN,NaN,NaN,NaN

INPUT,0.370382010936737,0.0384363532066345,0.777101933956146,0.14162977039814,3.13703179359436,1.43941819667816,K,16
OUTPUT,NaN,NaN,NaN,NaN,NaN,NaN

INPUT,0.373071521520615,0.0386402979493141,0.784984290599823,0.103454262018204,3.13677740097046,1.46902751922607,K,17
OUTPUT,NaN,NaN,NaN,NaN,NaN,NaN

INPUT,0.374992609024048,0.0387859754264355,0.790614545345306,0.0764507129788399,3.13659930229187,1.49044167995453,K,18
OUTPUT,NaN,NaN,NaN,NaN,NaN,NaN

INPUT,0.376145273447037,0.038873378187418,0.793992698192596,0.060341902077198,3.13649368286133,1.50338363647461,K,19
OUTPUT,NaN,NaN,NaN,NaN,NaN,NaN

INPUT,0.376529484987259,0.0389025136828423,0.795118749141693,0.0549866929650307,3.1364586353302,1.50771200656891,K,20
OUTPUT,NaN,NaN,NaN,NaN,NaN,NaN

INPUT,0.374450027942657,0.0329481512308121,0.719496011734009,-2.92830729484558,3.03430414199829,-2.02860999107361,K,11
OUTPUT,NaN,NaN,NaN,NaN,NaN,NaN

INPUT,0.380986869335175,0.0327617786824703,0.730469226837158,-2.98111176490784,3.02281618118286,-1.97535753250122,K,12
OUTPUT,NaN,NaN,NaN,NaN,NaN,NaN

INPUT,0.387523740530014,0.0325754061341286,0.741442382335663,-3.03399085998535,3.01166152954102,-1.92210829257965,K,13
OUTPUT,NaN,NaN,NaN,NaN,NaN,NaN

INPUT,0.394060611724854,0.0323890335857868,0.752415537834167,-3.08693671226501,3.00087189674377,-1.86885011196136,K,14
OUTPUT,NaN,NaN,NaN,NaN,NaN,NaN

INPUT,0.400597482919693,0.0322026610374451,0.763388693332672,-3.13994383811951,2.99047803878784,-1.81557393074036,K,15
OUTPUT,NaN,NaN,NaN,NaN,NaN,NaN

INPUT,0.406480669975281,0.0320349261164665,0.773264527320862,3.09548497200012,2.98148655891418,-1.76760518550873,K,16
OUTPUT,NaN,NaN,NaN,NaN,NaN,NaN

INPUT,0.411056458950043,0.0319044664502144,0.780945777893066,3.05831027030945,2.97474455833435,-1.73028039932251,K,17
OUTPUT,NaN,NaN,NaN,NaN,NaN,NaN

INPUT,0.414324909448624,0.0318112820386887,0.786432385444641,3.03174066543579,2.97006940841675,-1.70361089706421,K,18
OUTPUT,NaN,NaN,NaN,NaN,NaN,NaN

INPUT,0.416285961866379,0.031755369156599,0.789724290370941,3.01579260826111,2.96732234954834,-1.68760526180267,K,19
OUTPUT,NaN,NaN,NaN,NaN,NaN,NaN

INPUT,0.41693964600563,0.0317367315292358,0.790821611881256,3.01047539710999,2.96641635894775,-1.68226957321167,K,20
OUTPUT,NaN,NaN,NaN,NaN,NaN,NaN

INPUT,0.359244674444199,0.0353125780820847,0.732639074325562,-3.04951572418213,3.13743138313293,-2.05452179908752,K,12
OUTPUT,NaN,NaN,NaN,NaN,NaN,NaN

INPUT,0.363492697477341,0.0353948138654232,0.743840575218201,-3.09829211235046,3.13714075088501,-1.99858260154724,K,13
OUTPUT,NaN,NaN,NaN,NaN,NaN,NaN

INPUT,0.367740750312805,0.0354770459234715,0.755042016506195,3.13568615913391,3.1368625164032,-1.94307434558868,K,14
OUTPUT,NaN,NaN,NaN,NaN,NaN,NaN

INPUT,0.371988773345947,0.0355592779815197,0.766243517398834,3.08613610267639,3.13659715652466,-1.88790893554688,K,15
OUTPUT,NaN,NaN,NaN,NaN,NaN,NaN

INPUT,0.375811994075775,0.0356332883238792,0.776324868202209,3.04130291938782,3.13636994361877,-1.83849811553955,K,16
OUTPUT,NaN,NaN,NaN,NaN,NaN,NaN

INPUT,0.378785640001297,0.0356908515095711,0.784165859222412,3.00630211830139,3.13620114326477,-1.80019795894623,K,17
OUTPUT,NaN,NaN,NaN,NaN,NaN,NaN

INPUT,0.380909651517868,0.0357319675385952,0.789766609668732,2.98124051094055,3.13608503341675,-1.77290165424347,K,18
OUTPUT,NaN,NaN,NaN,NaN,NaN,NaN

INPUT,0.382184058427811,0.0357566401362419,0.793127059936523,2.96618175506592,3.1360170841217,-1.75654602050781,K,19
OUTPUT,NaN,NaN,NaN,NaN,NaN,NaN

INPUT,0.382608860731125,0.0357648618519306,0.794247210025787,2.96115851402283,3.13599467277527,-1.7510974407196,K,20
OUTPUT,NaN,NaN,NaN,NaN,NaN,NaN

INPUT,0.374685049057007,0.0330181308090687,0.714996159076691,-2.9293806552887,3.03578662872314,-2.05242371559143,K,4
OUTPUT,NaN,NaN,NaN,NaN,NaN,NaN

INPUT,0.38495534658432,0.0327995680272579,0.72985452413559,-3.01860666275024,3.01573848724365,-1.95312190055847,K,5
OUTPUT,NaN,NaN,NaN,NaN,NaN,NaN

INPUT,0.395225614309311,0.0325810052454472,0.744712889194489,-3.10930347442627,2.99680376052856,-1.85505938529968,K,6
OUTPUT,NaN,NaN,NaN,NaN,NaN,NaN

INPUT,0.403213620185852,0.0324110127985477,0.756269335746765,3.10266423225403,2.98295640945435,-1.77929222583771,K,7
OUTPUT,NaN,NaN,NaN,NaN,NaN,NaN

INPUT,0.408919334411621,0.0322895906865597,0.764523983001709,3.05152297019958,2.97358369827271,-1.72534835338593,K,8
OUTPUT,NaN,NaN,NaN,NaN,NaN,NaN

INPUT,0.41234278678894,0.0322167351841927,0.769476771354675,3.020747423172,2.96817970275879,-1.69303381443024,K,9
OUTPUT,NaN,NaN,NaN,NaN,NaN,NaN

INPUT,0.359025835990906,0.0342574454843998,0.723314583301544,-2.9911904335022,3.13981771469116,-2.09765696525574,K,4
OUTPUT,NaN,NaN,NaN,NaN,NaN,NaN

INPUT,0.36508309841156,0.0341898500919342,0.736715316772461,-3.0563383102417,3.14010643959045,-2.00182437896729,K,5
OUTPUT,NaN,NaN,NaN,NaN,NaN,NaN

INPUT,0.371140390634537,0.0341222546994686,0.750116050243378,-3.11391091346741,3.14040446281433,-1.89841663837433,K,6
OUTPUT,NaN,NaN,NaN,NaN,NaN,NaN

INPUT,0.375851601362228,0.0340696834027767,0.760538816452026,3.13451385498047,3.14064073562622,-1.80797028541565,K,7
OUTPUT,NaN,NaN,NaN,NaN,NaN,NaN

INPUT,0.379216730594635,0.0340321287512779,0.767983675003052,3.1200532913208,3.14081144332886,-1.73299717903137,K,8
OUTPUT,NaN,NaN,NaN,NaN,NaN,NaN

INPUT,0.381235837936401,0.0340095981955528,0.772450566291809,3.11868619918823,3.14091396331787,-1.680703997612,K,9
OUTPUT,NaN,NaN,NaN,NaN,NaN,NaN

INPUT,0.358781844377518,0.036549836397171,0.723950803279877,0.502223253250122,3.14079523086548,1.49078845977783,K,4
OUTPUT,NaN,NaN,NaN,NaN,NaN,NaN

INPUT,0.364779472351074,0.0368932709097862,0.737431704998016,0.261161923408508,3.14010334014893,1.42783057689667,K,5
OUTPUT,NaN,NaN,NaN,NaN,NaN,NaN

INPUT,0.370777130126953,0.0372367091476917,0.750912606716156,0.116734281182289,3.13941073417664,1.46150660514832,K,6
OUTPUT,NaN,NaN,NaN,NaN,NaN,NaN

INPUT,0.37544196844101,0.0375038273632526,0.76139771938324,0.0238116923719645,3.13888120651245,1.50710916519165,K,7
OUTPUT,NaN,NaN,NaN,NaN,NaN,NaN

INPUT,0.378773987293243,0.0376946218311787,0.768887102603912,-0.0376280769705772,3.13851022720337,1.54461598396301,K,8
OUTPUT,NaN,NaN,NaN,NaN,NaN,NaN

INPUT,0.380773186683655,0.0378091037273407,0.773380756378174,-0.0732094720005989,3.1382908821106,1.56840240955353,K,9
OUTPUT,NaN,NaN,NaN,NaN,NaN,NaN

INPUT,0.361274421215057,0.0376353152096272,0.737371206283569,0.344254672527313,3.13880372047424,1.36442399024963,K,5
OUTPUT,NaN,NaN,NaN,NaN,NaN,NaN

INPUT,0.366803169250488,0.0380935370922089,0.750960409641266,0.22922383248806,3.13794112205505,1.40511310100555,K,6
OUTPUT,NaN,NaN,NaN,NaN,NaN,NaN

INPUT,0.371103286743164,0.0384499356150627,0.761529803276062,0.149952784180641,3.13728284835815,1.44695770740509,K,7
OUTPUT,NaN,NaN,NaN,NaN,NaN,NaN

INPUT,0.374174803495407,0.0387045033276081,0.769079327583313,0.096464104950428,3.13682150840759,1.47998034954071,K,8
OUTPUT,NaN,NaN,NaN,NaN,NaN,NaN

INPUT,0.376017689704895,0.0388572439551353,0.773609101772308,0.0652634352445602,3.1365487575531,1.50068640708923,K,9
OUTPUT,NaN,NaN,NaN,NaN,NaN,NaN

INPUT,0.35041531920433,0.036025907844305,0.74355137348175,0.206141293048859,3.07569336891174,1.32671880722046,K,13
OUTPUT,NaN,NaN,NaN,NaN,NaN,NaN

INPUT,0.353417873382568,0.0361682772636414,0.754725217819214,0.152314841747284,3.07009291648865,1.37968099117279,K,14
OUTPUT,NaN,NaN,NaN,NaN,NaN,NaN

INPUT,0.356420457363129,0.0363106466829777,0.765899002552032,0.0985395610332489,3.0646960735321,1.43271541595459,K,15
OUTPUT,NaN,NaN,NaN,NaN,NaN,NaN

INPUT,0.359122782945633,0.0364387780427933,0.775955438613892,0.0501736626029015,3.06002593040466,1.48049676418304,K,16
OUTPUT,NaN,NaN,NaN,NaN,NaN,NaN

INPUT,0.361224591732025,0.0365384370088577,0.783777117729187,0.0125713152810931,3.0565230846405,1.51768803596497,K,17
OUTPUT,NaN,NaN,NaN,NaN,NaN,NaN

INPUT,0.362725883722305,0.0366096198558807,0.789364039897919,-0.0142809450626373,3.05409359931946,1.54426646232605,K,18
OUTPUT,NaN,NaN,NaN,NaN,NaN,NaN

INPUT,0.363626658916473,0.0366523303091526,0.792716145515442,-0.0303901229053736,3.05266571044922,1.56021845340729,K,19
OUTPUT,NaN,NaN,NaN,NaN,NaN,NaN

INPUT,0.363926917314529,0.0366665683686733,0.793833553791046,-0.0357594825327396,3.05219483375549,1.56553661823273,K,20
OUTPUT,NaN,NaN,NaN,NaN,NaN,NaN

INPUT,0.359495967626572,0.0353115051984787,0.723660349845886,-3.02792406082153,3.13665533065796,-2.09320545196533,K,4
OUTPUT,NaN,NaN,NaN,NaN,NaN,NaN

INPUT,0.365584909915924,0.0354368314146996,0.737051069736481,-3.10513186454773,3.13642883300781,-2.00200462341309,K,5
OUTPUT,NaN,NaN,NaN,NaN,NaN,NaN

INPUT,0.371673882007599,0.0355621539056301,0.750441789627075,3.10030126571655,3.13623881340027,-1.91134810447693,K,6
OUTPUT,NaN,NaN,NaN,NaN,NaN,NaN

INPUT,0.376409739255905,0.0356596298515797,0.760856807231903,3.03954362869263,3.13611698150635,-1.84112119674683,K,7
OUTPUT,NaN,NaN,NaN,NaN,NaN,NaN

INPUT,0.379792511463165,0.0357292518019676,0.768296122550964,2.99602770805359,3.13604426383972,-1.79107654094696,K,8
OUTPUT,NaN,NaN,NaN,NaN,NaN,NaN

INPUT,0.381822168827057,0.0357710272073746,0.772759675979614,2.96988010406494,3.13600635528564,-1.76108801364899,K,9
OUTPUT,NaN,NaN,NaN,NaN,NaN,NaN

INPUT,0.359994560480118,0.0351706072688103,0.732481420040131,-3.00190401077271,3.13013601303101,-2.02748250961304,K,12
OUTPUT,NaN,NaN,NaN,NaN,NaN,NaN

INPUT,0.364321023225784,0.0352375172078609,0.743667840957642,-3.05130672454834,3.1291515827179,-1.97433173656464,K,13
OUTPUT,NaN,NaN,NaN,NaN,NaN,NaN

INPUT,0.368647485971451,0.0353044271469116,0.754854202270508,-3.10098075866699,3.12819981575012,-1.92145192623138,K,14
OUTPUT,NaN,NaN,NaN,NaN,NaN,NaN

INPUT,0.372973948717117,0.0353713370859623,0.766040623188019,3.13232064247131,3.12728309631348,-1.86878097057343,K,15
OUTPUT,NaN,NaN,NaN,NaN,NaN,NaN

INPUT,0.376867771148682,0.0354315564036369,0.776108384132385,3.08728313446045,3.12649011611938,-1.82151854038239,K,16
OUTPUT,NaN,NaN,NaN,NaN,NaN,NaN

INPUT,0.379896283149719,0.0354783944785595,0.783938884735107,3.05217742919922,3.12589573860168,-1.78483533859253,K,17
OUTPUT,NaN,NaN,NaN,NaN,NaN,NaN

INPUT,0.382059514522552,0.03551185131073,0.789532065391541,3.02706670761108,3.12548327445984,-1.75866794586182,K,18
OUTPUT,NaN,NaN,NaN,NaN,NaN,NaN

INPUT,0.383357465267181,0.0355319231748581,0.792887985706329,3.01198744773865,3.12524104118347,-1.74298012256622,K,19
OUTPUT,NaN,NaN,NaN,NaN,NaN,NaN

INPUT,0.383790105581284,0.0355386137962341,0.794006645679474,3.0069591999054,3.12516093254089,-1.73775291442871,K,20
OUTPUT,NaN,NaN,NaN,NaN,NaN,NaN

INPUT,0.35171902179718,0.0359911173582077,0.731945514678955,0.242072507739067,3.08235907554626,1.26364850997925,K,4
OUTPUT,NaN,NaN,NaN,NaN,NaN,NaN

INPUT,0.355422884225845,0.0361530184745789,0.743054628372192,0.169628217816353,3.07378268241882,1.34459686279297,K,5
OUTPUT,NaN,NaN,NaN,NaN,NaN,NaN

INPUT,0.35912674665451,0.0363149158656597,0.754163801670074,0.0962249711155891,3.06560397148132,1.42463004589081,K,6
OUTPUT,NaN,NaN,NaN,NaN,NaN,NaN

INPUT,0.36200749874115,0.036440834403038,0.762804269790649,0.0386712849140167,3.05954885482788,1.48644745349884,K,7
OUTPUT,NaN,NaN,NaN,NaN,NaN,NaN

INPUT,0.364065200090408,0.0365307778120041,0.768976032733917,-0.00262716342695057,3.05540084838867,1.53043186664581,K,8
OUTPUT,NaN,NaN,NaN,NaN,NaN,NaN

INPUT,0.365299820899963,0.0365847423672676,0.772679090499878,-0.0274693071842194,3.05298686027527,1.55676674842834,K,9
OUTPUT,NaN,NaN,NaN,NaN,NaN,NaN

INPUT,0.360230624675751,0.0351805612444878,0.723694086074829,-2.98942852020264,3.12977361679077,-2.07407426834106,K,4
OUTPUT,NaN,NaN,NaN,NaN,NaN,NaN

INPUT,0.366380751132965,0.0352870151400566,0.73701286315918,-3.06359791755676,3.12842226028442,-1.98330235481262,K,5
OUTPUT,NaN,NaN,NaN,NaN,NaN,NaN

INPUT,0.372530877590179,0.0353934690356255,0.750331580638885,-3.13927149772644,3.1271595954895,-1.89403319358826,K,6
OUTPUT,NaN,NaN,NaN,NaN,NaN,NaN

INPUT,0.377314329147339,0.0354762710630894,0.760690629482269,3.08430790901184,3.12624454498291,-1.8253493309021,K,7
OUTPUT,NaN,NaN,NaN,NaN,NaN,NaN

INPUT,0.380731076002121,0.0355354100465775,0.768089890480042,3.04142236709595,3.12562918663025,-1.77659893035889,K,8
OUTPUT,NaN,NaN,NaN,NaN,NaN,NaN

INPUT,0.382781118154526,0.0355708971619606,0.772529482841492,3.01558661460876,3.1252760887146,-1.74745261669159,K,9
OUTPUT,NaN,NaN,NaN,NaN,NaN,NaN

INPUT,0.356357604265213,0.0347077585756779,0.732041716575623,0.106204561889172,3.13863730430603,1.088942527771,K,12
OUTPUT,NaN,NaN,NaN,NaN,NaN,NaN

INPUT,0.36030176281929,0.0347263291478157,0.743180215358734,0.0495325736701488,3.13825154304504,1.13569533824921,K,13
OUTPUT,NaN,NaN,NaN,NaN,NaN,NaN

INPUT,0.364245921373367,0.0347448997199535,0.75431877374649,-0.00612182728946209,3.13787436485291,1.18346607685089,K,14
OUTPUT,NaN,NaN,NaN,NaN,NaN,NaN

INPUT,0.368190079927444,0.0347634665668011,0.765457272529602,-0.0610581412911415,3.13750720024109,1.23195505142212,K,15
OUTPUT,NaN,NaN,NaN,NaN,NaN,NaN

INPUT,0.37173980474472,0.0347801819443703,0.775481939315796,-0.110047869384289,3.13718605041504,1.27604806423187,K,16
OUTPUT,NaN,NaN,NaN,NaN,NaN,NaN

INPUT,0.374500721693039,0.0347931794822216,0.78327888250351,-0.147919997572899,3.13694262504578,1.31057357788086,K,17
OUTPUT,NaN,NaN,NaN,NaN,NaN,NaN

INPUT,0.376472800970078,0.0348024629056454,0.788848161697388,-0.174869239330292,3.13677263259888,1.33533716201782,K,18
OUTPUT,NaN,NaN,NaN,NaN,NaN,NaN

INPUT,0.377656042575836,0.0348080359399319,0.792189717292786,-0.191002681851387,3.1366720199585,1.3502311706543,K,19
OUTPUT,NaN,NaN,NaN,NaN,NaN,NaN

INPUT,0.378050446510315,0.0348098911345005,0.793303549289703,-0.19637493789196,3.136638879776,1.35520160198212,K,20
OUTPUT,NaN,NaN,NaN,NaN,NaN,NaN

INPUT,0.3502117395401,0.0352491550147533,0.732492446899414,0.294072806835175,3.10826945304871,1.2374814748764,K,12
OUTPUT,NaN,NaN,NaN,NaN,NaN,NaN

INPUT,0.353509068489075,0.0353247113525867,0.743678390979767,0.243501737713814,3.10496854782104,1.28621649742126,K,13
OUTPUT,NaN,NaN,NaN,NaN,NaN,NaN

INPUT,0.356806367635727,0.0354002714157104,0.754864275455475,0.193077847361565,3.10175776481628,1.3351047039032,K,14
OUTPUT,NaN,NaN,NaN,NaN,NaN,NaN

INPUT,0.360103666782379,0.0354758277535439,0.766050159931183,0.142763838171959,3.09864497184753,1.38410890102386,K,15
OUTPUT,NaN,NaN,NaN,NaN,NaN,NaN

INPUT,0.363071233034134,0.035543829202652,0.776117503643036,0.0975536406040192,3.09593391418457,1.42829084396362,K,16
OUTPUT,NaN,NaN,NaN,NaN,NaN,NaN

INPUT,0.365379363298416,0.0355967208743095,0.783947587013245,0.0624280944466591,3.0938880443573,1.46269607543945,K,17
OUTPUT,NaN,NaN,NaN,NaN,NaN,NaN

INPUT,0.367027997970581,0.0356344990432262,0.789540588855743,0.0373555310070515,3.09246182441711,1.48729050159454,K,18
OUTPUT,NaN,NaN,NaN,NaN,NaN,NaN

INPUT,0.368017196655273,0.0356571674346924,0.792896330356598,0.0223180409520864,3.09162068367004,1.50205409526825,K,19
OUTPUT,NaN,NaN,NaN,NaN,NaN,NaN

INPUT,0.368346929550171,0.0356647223234177,0.794014930725098,0.0173064712435007,3.09134268760681,1.5069762468338,K,20
OUTPUT,NaN,NaN,NaN,NaN,NaN,NaN

INPUT,0.365366965532303,0.0302637759596109,0.721010148525238,-3.10799646377563,3.08552050590515,-1.95906019210815,K,11
OUTPUT,NaN,NaN,NaN,NaN,NaN,NaN

INPUT,0.370834529399872,0.029761478304863,0.732162654399872,3.10794949531555,3.07992076873779,-1.89107358455658,K,12
OUTPUT,NaN,NaN,NaN,NaN,NaN,NaN

INPUT,0.376302093267441,0.0292591787874699,0.743315100669861,3.0406379699707,3.07460284233093,-1.82313656806946,K,13
OUTPUT,NaN,NaN,NaN,NaN,NaN,NaN

INPUT,0.38176965713501,0.0287568811327219,0.75446754693985,2.97326993942261,3.06959104537964,-1.75523269176483,K,14
OUTPUT,NaN,NaN,NaN,NaN,NaN,NaN

INPUT,0.387237221002579,0.0282545834779739,0.765619993209839,2.90585613250732,3.0649082660675,-1.68735074996948,K,15
OUTPUT,NaN,NaN,NaN,NaN,NaN,NaN

INPUT,0.392158031463623,0.0278025139123201,0.77565723657608,2.84515142440796,3.06099271774292,-1.62626957893372,K,16
OUTPUT,NaN,NaN,NaN,NaN,NaN,NaN

INPUT,0.395985335111618,0.027450904250145,0.783463954925537,2.79791831970215,3.05815315246582,-1.5787672996521,K,17
OUTPUT,NaN,NaN,NaN,NaN,NaN,NaN

INPUT,0.398719131946564,0.0271997563540936,0.789040148258209,2.76417183876038,3.05623888969421,-1.54483926296234,K,18
OUTPUT,NaN,NaN,NaN,NaN,NaN,NaN

INPUT,0.400359392166138,0.0270490664988756,0.792385876178741,2.74392080307007,3.05513715744019,-1.52448296546936,K,19
OUTPUT,NaN,NaN,NaN,NaN,NaN,NaN

INPUT,0.400906145572662,0.0269988365471363,0.793501138687134,2.73716974258423,3.0547776222229,-1.51769757270813,K,20
OUTPUT,NaN,NaN,NaN,NaN,NaN,NaN

INPUT,0.357541888952255,0.0369080826640129,0.733726024627686,0.179970011115074,3.13883399963379,1.28456795215607,K,12
OUTPUT,NaN,NaN,NaN,NaN,NaN,NaN

INPUT,0.361610800027847,0.0371581353247166,0.745042085647583,0.111713320016861,3.13847517967224,1.33256411552429,K,13
OUTPUT,NaN,NaN,NaN,NaN,NaN,NaN

INPUT,0.365679711103439,0.0374081879854202,0.75635814666748,0.0455238707363605,3.13812661170959,1.38262748718262,K,14
OUTPUT,NaN,NaN,NaN,NaN,NaN,NaN

INPUT,0.369748651981354,0.0376582406461239,0.767674207687378,-0.0192125178873539,3.13778972625732,1.43414425849915,K,15
OUTPUT,NaN,NaN,NaN,NaN,NaN,NaN

INPUT,0.373410671949387,0.0378832891583443,0.777858674526215,-0.0765614062547684,3.13749718666077,1.48142313957214,K,16
OUTPUT,NaN,NaN,NaN,NaN,NaN,NaN

INPUT,0.376258939504623,0.0380583256483078,0.785779893398285,-0.120701894164085,3.13727736473083,1.51865983009338,K,17
OUTPUT,NaN,NaN,NaN,NaN,NaN,NaN

INPUT,0.378293395042419,0.0381833538413048,0.791437923908234,-0.152025640010834,3.13712477684021,1.54546272754669,K,18
OUTPUT,NaN,NaN,NaN,NaN,NaN,NaN

INPUT,0.379514068365097,0.0382583700120449,0.794832766056061,-0.170747846364975,3.13703489303589,1.56161642074585,K,19
OUTPUT,NaN,NaN,NaN,NaN,NaN,NaN

INPUT,0.379920959472656,0.0382833741605282,0.795964360237122,-0.176977410912514,3.13700532913208,1.56701219081879,K,20
OUTPUT,NaN,NaN,NaN,NaN,NaN,NaN

INPUT,0.365675508975983,0.0340751819312572,0.720561027526855,-2.88022494316101,3.07994651794434,-1.96868669986725,K,11
OUTPUT,NaN,NaN,NaN,NaN,NaN,NaN

INPUT,0.371179968118668,0.0340214110910892,0.731659531593323,-2.93339061737061,3.07340860366821,-1.91455817222595,K,12
OUTPUT,NaN,NaN,NaN,NaN,NaN,NaN

INPUT,0.376684427261353,0.0339676402509212,0.74275803565979,-2.9866509437561,3.06706690788269,-1.86050093173981,K,13
OUTPUT,NaN,NaN,NaN,NaN,NaN,NaN

INPUT,0.382188886404037,0.0339138694107533,0.753856539726257,-3.0399854183197,3.06093955039978,-1.80649292469025,K,14
OUTPUT,NaN,NaN,NaN,NaN,NaN,NaN

INPUT,0.387693345546722,0.0338600985705853,0.764955043792725,-3.09337973594666,3.05504417419434,-1.75251853466034,K,15
OUTPUT,NaN,NaN,NaN,NaN,NaN,NaN

INPUT,0.392647385597229,0.0338117033243179,0.774943649768829,-3.14147734642029,3.04995107650757,-1.70396149158478,K,16
OUTPUT,NaN,NaN,NaN,NaN,NaN,NaN

INPUT,0.396500498056412,0.0337740667164326,0.782712638378143,3.10427451133728,3.0461368560791,-1.66620373725891,K,17
OUTPUT,NaN,NaN,NaN,NaN,NaN,NaN

INPUT,0.399252712726593,0.0337471812963486,0.788261830806732,3.07752466201782,3.04349446296692,-1.63923752307892,K,18
OUTPUT,NaN,NaN,NaN,NaN,NaN,NaN

INPUT,0.400904059410095,0.0337310470640659,0.79159140586853,3.06147027015686,3.04194307327271,-1.62305891513824,K,19
OUTPUT,NaN,NaN,NaN,NaN,NaN,NaN

INPUT,0.401454508304596,0.0337256714701653,0.792701244354248,3.05611801147461,3.04143142700195,-1.61766612529755,K,20
OUTPUT,NaN,NaN,NaN,NaN,NaN,NaN

INPUT,0.358879119157791,0.0338279455900192,0.732431411743164,-2.9808406829834,3.13690280914307,-1.93712866306305,K,12
OUTPUT,NaN,NaN,NaN,NaN,NaN,NaN

INPUT,0.363088697195053,0.0337538346648216,0.743611037731171,-3.0306224822998,3.13656544685364,-1.87706661224365,K,13
OUTPUT,NaN,NaN,NaN,NaN,NaN,NaN

INPUT,0.367298275232315,0.033679723739624,0.754790663719177,-3.08103775978088,3.13624334335327,-1.81763815879822,K,14
OUTPUT,NaN,NaN,NaN,NaN,NaN,NaN

INPUT,0.371507853269577,0.0336056128144264,0.765970349311829,-3.13195419311523,3.13593721389771,-1.7587103843689,K,15
OUTPUT,NaN,NaN,NaN,NaN,NaN,NaN

INPUT,0.375296503305435,0.0335389152169228,0.776032030582428,3.10506105422974,3.13567590713501,-1.70602059364319,K,16
OUTPUT,NaN,NaN,NaN,NaN,NaN,NaN

INPUT,0.378243207931519,0.0334870368242264,0.783857762813568,3.06896281242371,3.13548278808594,-1.66522789001465,K,17
OUTPUT,NaN,NaN,NaN,NaN,NaN,NaN

INPUT,0.38034799695015,0.0334499813616276,0.789447605609894,3.04309129714966,3.13535046577454,-1.63617742061615,K,18
OUTPUT,NaN,NaN,NaN,NaN,NaN,NaN

INPUT,0.381610870361328,0.0334277488291264,0.79280149936676,3.02753663063049,3.13527321815491,-1.61877882480621,K,19
OUTPUT,NaN,NaN,NaN,NaN,NaN,NaN

INPUT,0.382031828165054,0.0334203392267227,0.793919444084167,3.02234697341919,3.13524770736694,-1.61298418045044,K,20
OUTPUT,NaN,NaN,NaN,NaN,NaN,NaN

INPUT,0.349456995725632,0.0364334881305695,0.732580125331879,0.216466933488846,3.09742522239685,1.22081363201141,K,12
OUTPUT,NaN,NaN,NaN,NaN,NaN,NaN

INPUT,0.352674961090088,0.0366335287690163,0.743775546550751,0.162980273365974,3.09313464164734,1.27306652069092,K,13
OUTPUT,NaN,NaN,NaN,NaN,NaN,NaN

INPUT,0.355892896652222,0.0368335694074631,0.754970908164978,0.109587386250496,3.08897924423218,1.32542383670807,K,14
OUTPUT,NaN,NaN,NaN,NaN,NaN,NaN

INPUT,0.359110891819,0.0370336100459099,0.76616632938385,0.0562633909285069,3.08497095108032,1.37786161899567,K,15
OUTPUT,NaN,NaN,NaN,NaN,NaN,NaN

INPUT,0.362007051706314,0.0372136458754539,0.776242256164551,0.00831628311425447,3.08149838447571,1.42511010169983,K,16
OUTPUT,NaN,NaN,NaN,NaN,NaN,NaN

INPUT,0.364259630441666,0.0373536758124828,0.784079015254974,-0.0289528593420982,3.07889103889465,1.46188855171204,K,17
OUTPUT,NaN,NaN,NaN,NaN,NaN,NaN

INPUT,0.365868598222733,0.0374536961317062,0.78967672586441,-0.0555634796619415,3.07708120346069,1.48817265033722,K,18
OUTPUT,NaN,NaN,NaN,NaN,NaN,NaN

INPUT,0.366833984851837,0.0375137068331242,0.793035328388214,-0.0715263932943344,3.07601690292358,1.50394833087921,K,19
OUTPUT,NaN,NaN,NaN,NaN,NaN,NaN

INPUT,0.367155790328979,0.0375337116420269,0.79415488243103,-0.0768468305468559,3.07566571235657,1.50920760631561,K,20
OUTPUT,NaN,NaN,NaN,NaN,NaN,NaN

INPUT,0.355098932981491,0.0340883806347847,0.732982933521271,0.322274535894394,3.1326220035553,1.38316428661346,K,12
OUTPUT,NaN,NaN,NaN,NaN,NaN,NaN

INPUT,0.358910024166107,0.0340414941310883,0.744222164154053,0.261655002832413,3.13168025016785,1.43419909477234,K,13
OUTPUT,NaN,NaN,NaN,NaN,NaN,NaN

INPUT,0.362721115350723,0.0339946076273918,0.755461394786835,0.201855644583702,3.13076949119568,1.48605453968048,K,14
OUTPUT,NaN,NaN,NaN,NaN,NaN,NaN

INPUT,0.366532206535339,0.0339477211236954,0.766700625419617,0.142663225531578,3.12989187240601,1.53851711750031,K,15
OUTPUT,NaN,NaN,NaN,NaN,NaN,NaN

INPUT,0.369962185621262,0.0339055210351944,0.776815950870514,0.0897870659828186,3.1291332244873,1.58613133430481,K,16
OUTPUT,NaN,NaN,NaN,NaN,NaN,NaN

INPUT,0.372629970312119,0.0338727012276649,0.784683406352997,0.0488691441714764,3.12856483459473,1.62337291240692,K,17
OUTPUT,NaN,NaN,NaN,NaN,NaN,NaN

INPUT,0.374535501003265,0.0338492579758167,0.79030305147171,0.0197360794991255,3.12817072868347,1.65006816387177,K,18
OUTPUT,NaN,NaN,NaN,NaN,NaN,NaN

INPUT,0.375678837299347,0.0338351912796497,0.793674826622009,0.00228956039063632,3.12793946266174,1.66611862182617,K,19
OUTPUT,NaN,NaN,NaN,NaN,NaN,NaN

INPUT,0.376059949398041,0.033830501139164,0.794798731803894,-0.0035207171458751,3.12786316871643,1.67147397994995,K,20
OUTPUT,NaN,NaN,NaN,NaN,NaN,NaN

INPUT,0.374719500541687,0.0298486854881048,0.730726838111877,3.05274772644043,3.07646489143372,-1.86943864822388,K,5
OUTPUT,NaN,NaN,NaN,NaN,NaN,NaN

INPUT,0.383572787046432,0.029068386182189,0.746152698993683,2.94043278694153,3.06768894195557,-1.74158275127411,K,6
OUTPUT,NaN,NaN,NaN,NaN,NaN,NaN

INPUT,0.390458643436432,0.0284614879637957,0.758150577545166,2.85193300247192,3.06159019470215,-1.64323270320892,K,7
OUTPUT,NaN,NaN,NaN,NaN,NaN,NaN

INPUT,0.39537712931633,0.0280279889702797,0.766720473766327,2.78828763961792,3.05765676498413,-1.57338750362396,K,8
OUTPUT,NaN,NaN,NaN,NaN,NaN,NaN

INPUT,0.398328244686127,0.0277678910642862,0.77186244726181,2.74996399879456,3.05547475814819,-1.53160643577576,K,9
OUTPUT,NaN,NaN,NaN,NaN,NaN,NaN

INPUT,0.362268447875977,0.0347470231354237,0.735994815826416,0.0179789662361145,3.13893604278564,1.10753524303436,K,5
OUTPUT,NaN,NaN,NaN,NaN,NaN,NaN

INPUT,0.367984980344772,0.0347626954317093,0.749426066875458,-0.0566473752260208,3.13808631896973,1.19923603534698,K,6
OUTPUT,NaN,NaN,NaN,NaN,NaN,NaN

INPUT,0.372431129217148,0.0347748883068562,0.759872555732727,-0.117078579962254,3.13744187355042,1.26817035675049,K,7
OUTPUT,NaN,NaN,NaN,NaN,NaN,NaN

INPUT,0.375606954097748,0.0347835943102837,0.767334342002869,-0.160965472459793,3.13699173927307,1.31668770313263,K,8
OUTPUT,NaN,NaN,NaN,NaN,NaN,NaN

INPUT,0.377512454986572,0.0347888208925724,0.771811425685883,-0.187501505017281,3.13672661781311,1.34559416770935,K,9
OUTPUT,NaN,NaN,NaN,NaN,NaN,NaN

INPUT,0.355664610862732,0.0353865921497345,0.736017346382141,0.234309241175652,3.10555481910706,1.2804673910141,K,5
OUTPUT,NaN,NaN,NaN,NaN,NaN,NaN

INPUT,0.36059182882309,0.035492978990078,0.74970555305481,0.156576856970787,3.10019659996033,1.36238372325897,K,6
OUTPUT,NaN,NaN,NaN,NaN,NaN,NaN

INPUT,0.364424109458923,0.0355757214128971,0.760351955890656,0.0957779586315155,3.09620976448059,1.42576777935028,K,7
OUTPUT,NaN,NaN,NaN,NaN,NaN,NaN

INPUT,0.367161482572556,0.0356348268687725,0.767956495285034,0.052217923104763,3.0934681892395,1.47091662883759,K,8
OUTPUT,NaN,NaN,NaN,NaN,NaN,NaN

INPUT,0.368803888559341,0.0356702879071236,0.77251923084259,0.0260391607880592,3.09186816215515,1.49796581268311,K,9
OUTPUT,NaN,NaN,NaN,NaN,NaN,NaN

INPUT,0.356033682823181,0.0353369861841202,0.732514083385468,0.369862526655197,3.11706137657166,1.33353328704834,K,12
OUTPUT,NaN,NaN,NaN,NaN,NaN,NaN

INPUT,0.359942853450775,0.0354216620326042,0.743703663349152,0.317442089319229,3.11461424827576,1.38254308700562,K,13
OUTPUT,NaN,NaN,NaN,NaN,NaN,NaN

INPUT,0.363852053880692,0.0355063378810883,0.75489330291748,0.265300244092941,3.11223649978638,1.4318345785141,K,14
OUTPUT,NaN,NaN,NaN,NaN,NaN,NaN

INPUT,0.367761224508286,0.0355910137295723,0.766082882881165,0.213367193937302,3.10993409156799,1.48133873939514,K,15
OUTPUT,NaN,NaN,NaN,NaN,NaN,NaN

INPUT,0.37127947807312,0.0356672219932079,0.776153564453125,0.166765764355659,3.10793137550354,1.52603375911713,K,16
OUTPUT,NaN,NaN,NaN,NaN,NaN,NaN

INPUT,0.374015927314758,0.0357264950871468,0.783986270427704,0.130593001842499,3.10642218589783,1.56087136268616,K,17
OUTPUT,NaN,NaN,NaN,NaN,NaN,NaN

INPUT,0.375970512628555,0.0357688330113888,0.789581120014191,0.104788400232792,3.10537099838257,1.58578968048096,K,18
OUTPUT,NaN,NaN,NaN,NaN,NaN,NaN

INPUT,0.377143263816833,0.035794235765934,0.792937994003296,0.0893174856901169,3.10475134849548,1.60075294971466,K,19
OUTPUT,NaN,NaN,NaN,NaN,NaN,NaN

INPUT,0.377534180879593,0.0358027033507824,0.794056951999664,0.0841623023152351,3.10454678535461,1.6057425737381,K,20
OUTPUT,NaN,NaN,NaN,NaN,NaN,NaN

INPUT,0.374884247779846,0.0340472534298897,0.730222940444946,-2.97344136238098,3.06912207603455,-1.89392960071564,K,5
OUTPUT,NaN,NaN,NaN,NaN,NaN,NaN

INPUT,0.383732229471207,0.0339929461479187,0.74555116891861,-3.0638256072998,3.05846309661865,-1.79362666606903,K,6
OUTPUT,NaN,NaN,NaN,NaN,NaN,NaN

INPUT,0.390613973140717,0.0339507088065147,0.757473170757294,-3.13493251800537,3.05068850517273,-1.71636521816254,K,7
OUTPUT,NaN,NaN,NaN,NaN,NaN,NaN

INPUT,0.395529508590698,0.0339205376803875,0.765988826751709,3.09715008735657,3.04543828964233,-1.66145968437195,K,8
OUTPUT,NaN,NaN,NaN,NaN,NaN,NaN

INPUT,0.398478806018829,0.0339024364948273,0.771098256111145,3.06638717651367,3.0424165725708,-1.62860488891602,K,9
OUTPUT,NaN,NaN,NaN,NaN,NaN,NaN

INPUT,0.359086066484451,0.0339141078293324,0.723359882831573,-2.97196245193481,3.13615942001343,-1.99149632453918,K,4
OUTPUT,NaN,NaN,NaN,NaN,NaN,NaN

INPUT,0.365126609802246,0.0337873995304108,0.73674339056015,-3.04694747924805,3.13585567474365,-1.88981997966766,K,5
OUTPUT,NaN,NaN,NaN,NaN,NaN,NaN

INPUT,0.371167123317719,0.0336606949567795,0.750126898288727,-3.12318754196167,3.13559556007385,-1.78939843177795,K,6
OUTPUT,NaN,NaN,NaN,NaN,NaN,NaN

INPUT,0.375865310430527,0.0335621424019337,0.760536313056946,3.10004758834839,3.13542485237122,-1.71194505691528,K,7
OUTPUT,NaN,NaN,NaN,NaN,NaN,NaN

INPUT,0.379221141338348,0.0334917493164539,0.767971575260162,3.0569543838501,3.13532066345215,-1.65689301490784,K,8
OUTPUT,NaN,NaN,NaN,NaN,NaN,NaN

INPUT,0.381234645843506,0.03344951197505,0.772432744503021,3.03100872039795,3.13526511192322,-1.62395143508911,K,9
OUTPUT,NaN,NaN,NaN,NaN,NaN,NaN

INPUT,0.354941666126251,0.0366363823413849,0.736038625240326,0.149342864751816,3.09377861022949,1.26306676864624,K,5
OUTPUT,NaN,NaN,NaN,NaN,NaN,NaN

INPUT,0.359811693429947,0.0369230061769485,0.749776124954224,0.068700835108757,3.0868968963623,1.35243594646454,K,6
OUTPUT,NaN,NaN,NaN,NaN,NaN,NaN

INPUT,0.363599479198456,0.0371459349989891,0.76046085357666,0.00529087847098708,3.08181428909302,1.42127799987793,K,7
OUTPUT,NaN,NaN,NaN,NaN,NaN,NaN

INPUT,0.366305023431778,0.0373051688075066,0.768092811107635,-0.0402697212994099,3.07834219932556,1.47019517421722,K,8
OUTPUT,NaN,NaN,NaN,NaN,NaN,NaN

INPUT,0.367928355932236,0.0374007113277912,0.772671937942505,-0.0676929876208305,3.07632613182068,1.49946355819702,K,9
OUTPUT,NaN,NaN,NaN,NaN,NaN,NaN

INPUT,0.360963523387909,0.0340780690312386,0.737026631832123,0.262695223093033,3.13233757019043,1.43894863128662,K,5
OUTPUT,NaN,NaN,NaN,NaN,NaN,NaN

INPUT,0.366497069597244,0.0339885950088501,0.750625252723694,0.165247857570648,3.13064575195313,1.52104675769806,K,6
OUTPUT,NaN,NaN,NaN,NaN,NaN,NaN

INPUT,0.370800942182541,0.0339190065860748,0.761201977729797,0.0908944979310036,3.129390001297,1.58634090423584,K,7
OUTPUT,NaN,NaN,NaN,NaN,NaN,NaN

INPUT,0.373875170946121,0.0338693000376225,0.768756747245789,0.0383077785372734,3.12852883338928,1.63350307941437,K,8
OUTPUT,NaN,NaN,NaN,NaN,NaN,NaN

INPUT,0.375719666481018,0.033839475363493,0.773289620876312,0.00691873021423817,3.12802767753601,1.66196358203888,K,9
OUTPUT,NaN,NaN,NaN,NaN,NaN,NaN

INPUT,0.362171292304993,0.0355097763240337,0.736401200294495,0.312918573617935,3.11518311500549,1.38152515888214,K,5
OUTPUT,NaN,NaN,NaN,NaN,NaN,NaN

INPUT,0.367967665195465,0.0356376469135284,0.749962210655212,0.230385452508926,3.11116862297058,1.46205377578735,K,6
OUTPUT,NaN,NaN,NaN,NaN,NaN,NaN

INPUT,0.372475951910019,0.0357371009886265,0.760509669780731,0.166352719068527,3.10818457603455,1.52485346794128,K,7
OUTPUT,NaN,NaN,NaN,NaN,NaN,NaN

INPUT,0.375696122646332,0.0358081385493279,0.768043577671051,0.120675526559353,3.10613465309143,1.56977462768555,K,8
OUTPUT,NaN,NaN,NaN,NaN,NaN,NaN

INPUT,0.377628266811371,0.0358507633209229,0.772563874721527,0.0932884514331818,3.10493922233582,1.59674835205078,K,9
OUTPUT,NaN,NaN,NaN,NaN,NaN,NaN

INPUT,0.362784117460251,0.0342611744999886,0.721462488174438,-3.00674390792847,3.10254788398743,-2.03358268737793,K,11
OUTPUT,NaN,NaN,NaN,NaN,NaN,NaN

INPUT,0.367948293685913,0.0342293679714203,0.732666909694672,-3.0634925365448,3.09850549697876,-1.97583270072937,K,12
OUTPUT,NaN,NaN,NaN,NaN,NaN,NaN

INPUT,0.373112440109253,0.0341975577175617,0.743871331214905,-3.12033104896545,3.09460401535034,-1.91816234588623,K,13
OUTPUT,NaN,NaN,NaN,NaN,NaN,NaN

INPUT,0.378276586532593,0.0341657511889935,0.755075812339783,3.10594797134399,3.09085655212402,-1.86054968833923,K,14
OUTPUT,NaN,NaN,NaN,NaN,NaN,NaN

INPUT,0.383440762758255,0.0341339409351349,0.766280233860016,3.04898881912231,3.08727550506592,-1.80297923088074,K,15
OUTPUT,NaN,NaN,NaN,NaN,NaN,NaN

INPUT,0.388088494539261,0.0341053158044815,0.776364207267761,2.99768924713135,3.08420419692993,-1.75119304656982,K,16
OUTPUT,NaN,NaN,NaN,NaN,NaN,NaN

INPUT,0.391703426837921,0.0340830497443676,0.784207344055176,2.9577693939209,3.08192038536072,-1.71092879772186,K,17
OUTPUT,NaN,NaN,NaN,NaN,NaN,NaN

INPUT,0.394285500049591,0.0340671427547932,0.78980952501297,2.9292459487915,3.08034753799438,-1.68217468261719,K,18
OUTPUT,NaN,NaN,NaN,NaN,NaN,NaN

INPUT,0.395834743976593,0.0340576022863388,0.793170869350433,2.91212844848633,3.07942795753479,-1.66492450237274,K,19
OUTPUT,NaN,NaN,NaN,NaN,NaN,NaN

INPUT,0.396351158618927,0.0340544208884239,0.794291317462921,2.90642189979553,3.07912540435791,-1.65917456150055,K,20
OUTPUT,NaN,NaN,NaN,NaN,NaN,NaN

INPUT,0.356225401163101,0.0339906103909016,0.732214748859406,0.243645831942558,3.12678599357605,1.15343904495239,K,12
OUTPUT,NaN,NaN,NaN,NaN,NaN,NaN

INPUT,0.360155552625656,0.0339336916804314,0.743371665477753,0.194103643298149,3.12525177001953,1.1996476650238,K,13
OUTPUT,NaN,NaN,NaN,NaN,NaN,NaN

INPUT,0.364085674285889,0.0338767692446709,0.754528522491455,0.144844114780426,3.12375497817993,1.24613988399506,K,14
OUTPUT,NaN,NaN,NaN,NaN,NaN,NaN

INPUT,0.368015825748444,0.0338198505342007,0.765685439109802,0.0957956612110138,3.12229895591736,1.29284465312958,K,15
OUTPUT,NaN,NaN,NaN,NaN,NaN,NaN

INPUT,0.37155294418335,0.0337686203420162,0.775726675987244,0.0517913624644279,3.12102627754211,1.33501923084259,K,16
OUTPUT,NaN,NaN,NaN,NaN,NaN,NaN

INPUT,0.37430402636528,0.0337287783622742,0.783536493778229,0.0176392607390881,3.12006282806396,1.3678959608078,K,17
OUTPUT,NaN,NaN,NaN,NaN,NaN,NaN

INPUT,0.376269102096558,0.0337003171443939,0.789114892482758,-0.00672184117138386,3.119389295578,1.39141309261322,K,18
OUTPUT,NaN,NaN,NaN,NaN,NaN,NaN

INPUT,0.37744814157486,0.0336832404136658,0.79246199131012,-0.0213265791535378,3.1189911365509,1.40553545951843,K,19
OUTPUT,NaN,NaN,NaN,NaN,NaN,NaN

INPUT,0.377841144800186,0.0336775481700897,0.793577671051025,-0.0261929370462894,3.11885952949524,1.41024470329285,K,20
OUTPUT,NaN,NaN,NaN,NaN,NaN,NaN

INPUT,0.359809339046478,0.0352313183248043,0.733279943466187,-2.92091846466064,3.13763380050659,-1.94883584976196,K,12
OUTPUT,NaN,NaN,NaN,NaN,NaN,NaN

INPUT,0.364116191864014,0.0353047624230385,0.744550585746765,-2.96447658538818,3.13736295700073,-1.89008963108063,K,13
OUTPUT,NaN,NaN,NaN,NaN,NaN,NaN

INPUT,0.368423014879227,0.0353782065212727,0.755821168422699,-3.00893306732178,3.13710284233093,-1.83224141597748,K,14
OUTPUT,NaN,NaN,NaN,NaN,NaN,NaN

INPUT,0.37272983789444,0.0354516543447971,0.767091751098633,-3.0541079044342,3.13685441017151,-1.77511167526245,K,15
OUTPUT,NaN,NaN,NaN,NaN,NaN,NaN

INPUT,0.376606017351151,0.0355177521705627,0.777235329151154,-3.09526681900024,3.13664102554321,-1.72419631481171,K,16
OUTPUT,NaN,NaN,NaN,NaN,NaN,NaN

INPUT,0.379620790481567,0.0355691649019718,0.785124719142914,-3.12755489349365,3.13648247718811,-1.68487095832825,K,17
OUTPUT,NaN,NaN,NaN,NaN,NaN,NaN

INPUT,0.381774216890335,0.0356058888137341,0.790760040283203,3.13243865966797,3.1363730430603,-1.65691030025482,K,18
OUTPUT,NaN,NaN,NaN,NaN,NaN,NaN

INPUT,0.383066266775131,0.0356279201805592,0.794141232967377,3.11847686767578,3.1363091468811,-1.64018082618713,K,19
OUTPUT,NaN,NaN,NaN,NaN,NaN,NaN

INPUT,0.383496940135956,0.0356352664530277,0.795268297195435,3.11381554603577,3.13628792762756,-1.63461172580719,K,20
OUTPUT,NaN,NaN,NaN,NaN,NaN,NaN

INPUT,0.357635736465454,0.0347233600914478,0.733242988586426,-3.03651928901672,3.13853406906128,-1.96197938919067,K,12
OUTPUT,NaN,NaN,NaN,NaN,NaN,NaN

INPUT,0.361714988946915,0.034743569791317,0.744507193565369,-3.08694124221802,3.13835072517395,-1.89931309223175,K,13
OUTPUT,NaN,NaN,NaN,NaN,NaN,NaN

INPUT,0.365794211626053,0.0347637757658958,0.755771398544312,-3.13800239562988,3.13817763328552,-1.83728611469269,K,14
OUTPUT,NaN,NaN,NaN,NaN,NaN,NaN

INPUT,0.369873434305191,0.034783985465765,0.767035603523254,3.09360766410828,3.13801527023315,-1.77577292919159,K,15
OUTPUT,NaN,NaN,NaN,NaN,NaN,NaN

INPUT,0.373544752597809,0.0348021723330021,0.777173399925232,3.04683065414429,3.13787889480591,-1.72077035903931,K,16
OUTPUT,NaN,NaN,NaN,NaN,NaN,NaN

INPUT,0.376400202512741,0.0348163172602654,0.785058319568634,3.01025104522705,3.13777947425842,-1.67818796634674,K,17
OUTPUT,NaN,NaN,NaN,NaN,NaN,NaN

INPUT,0.378439843654633,0.0348264202475548,0.790690422058105,2.98403096199036,3.13771200180054,-1.64786410331726,K,18
OUTPUT,NaN,NaN,NaN,NaN,NaN,NaN

INPUT,0.379663586616516,0.0348324850201607,0.794069707393646,2.96826553344727,3.13767313957214,-1.62970280647278,K,19
OUTPUT,NaN,NaN,NaN,NaN,NaN,NaN

INPUT,0.380071520805359,0.0348345041275024,0.795196115970612,2.96300506591797,3.13766026496887,-1.62365436553955,K,20
OUTPUT,NaN,NaN,NaN,NaN,NaN,NaN

INPUT,0.348282873630524,0.0386237055063248,0.744126081466675,0.113226287066936,3.06733512878418,1.25828874111176,K,13
OUTPUT,NaN,NaN,NaN,NaN,NaN,NaN

INPUT,0.351082324981689,0.0390134640038013,0.755354702472687,0.0583586841821671,3.06107211112976,1.31256723403931,K,14
OUTPUT,NaN,NaN,NaN,NaN,NaN,NaN

INPUT,0.353881776332855,0.0394032187759876,0.766583383083344,0.00351947406306863,3.05504894256592,1.3669011592865,K,15
OUTPUT,NaN,NaN,NaN,NaN,NaN,NaN

INPUT,0.356401264667511,0.0397540032863617,0.776689171791077,-0.0458201579749584,3.04984760284424,1.41584134101868,K,16
OUTPUT,NaN,NaN,NaN,NaN,NaN,NaN

INPUT,0.358360886573792,0.0400268323719501,0.784549176692963,-0.0841884016990662,3.04595446586609,1.45392847061157,K,17
OUTPUT,NaN,NaN,NaN,NaN,NaN,NaN

INPUT,0.359760612249374,0.0402217097580433,0.790163516998291,-0.111591972410679,3.04325866699219,1.48114466667175,K,18
OUTPUT,NaN,NaN,NaN,NaN,NaN,NaN

INPUT,0.36060044169426,0.0403386391699314,0.793532073497772,-0.128033310174942,3.04167628288269,1.49747848510742,K,19
OUTPUT,NaN,NaN,NaN,NaN,NaN,NaN

INPUT,0.360880374908447,0.0403776131570339,0.794654965400696,-0.13351371884346,3.0411548614502,1.50292372703552,K,20
OUTPUT,NaN,NaN,NaN,NaN,NaN,NaN

INPUT,0.371773660182953,0.034369021654129,0.73108184337616,-3.10866570472717,3.09569382667542,-1.95599901676178,K,5
OUTPUT,NaN,NaN,NaN,NaN,NaN,NaN

INPUT,0.380184471607208,0.0343604944646358,0.746651291847229,3.07908916473389,3.08923578262329,-1.84808671474457,K,6
OUTPUT,NaN,NaN,NaN,NaN,NaN,NaN

INPUT,0.386726200580597,0.0343538671731949,0.758760869503021,3.00391101837158,3.08458232879639,-1.76508688926697,K,7
OUTPUT,NaN,NaN,NaN,NaN,NaN,NaN

INPUT,0.391398847103119,0.0343491286039352,0.767410576343536,2.94984674453735,3.08147430419922,-1.70615446567535,K,8
OUTPUT,NaN,NaN,NaN,NaN,NaN,NaN

INPUT,0.394202440977097,0.0343462862074375,0.77260035276413,2.91729116439819,3.07970094680786,-1.67090725898743,K,9
OUTPUT,NaN,NaN,NaN,NaN,NaN,NaN

INPUT,0.362257540225983,0.0339656956493855,0.736103177070618,0.186651542782784,3.125896692276,1.19541168212891,K,5
OUTPUT,NaN,NaN,NaN,NaN,NaN,NaN

INPUT,0.36803126335144,0.0338576771318913,0.749595880508423,0.110118165612221,3.12326335906982,1.27283895015717,K,6
OUTPUT,NaN,NaN,NaN,NaN,NaN,NaN

INPUT,0.372521907091141,0.03377366065979,0.760090172290802,0.0505121164023876,3.12128949165344,1.33298254013062,K,7
OUTPUT,NaN,NaN,NaN,NaN,NaN,NaN

INPUT,0.375729501247406,0.0337136499583721,0.767586052417755,0.00790621899068356,3.11992383003235,1.37591338157654,K,8
OUTPUT,NaN,NaN,NaN,NaN,NaN,NaN

INPUT,0.377654075622559,0.0336776450276375,0.772083640098572,-0.0176671203225851,3.11912322044373,1.40166294574738,K,9
OUTPUT,NaN,NaN,NaN,NaN,NaN,NaN

INPUT,0.360174089670181,0.0352285653352737,0.724510729312897,-2.92309927940369,3.1368100643158,-2.00992107391357,K,4
OUTPUT,NaN,NaN,NaN,NaN,NaN,NaN

INPUT,0.366319715976715,0.0353370010852814,0.737946629524231,-2.98686003684998,3.13662648200989,-1.90914618968964,K,5
OUTPUT,NaN,NaN,NaN,NaN,NaN,NaN

INPUT,0.372465312480927,0.035445436835289,0.751382529735565,-3.05183291435242,3.13647484779358,-1.80958306789398,K,6
OUTPUT,NaN,NaN,NaN,NaN,NaN,NaN

INPUT,0.377245247364044,0.0355297774076462,0.761832654476166,-3.10299801826477,3.1363799571991,-1.73277604579926,K,7
OUTPUT,NaN,NaN,NaN,NaN,NaN,NaN

INPUT,0.380659490823746,0.0355900190770626,0.769297063350677,-3.13980317115784,3.13632464408875,-1.67817211151123,K,8
OUTPUT,NaN,NaN,NaN,NaN,NaN,NaN

INPUT,0.382708013057709,0.0356261655688286,0.773775696754456,3.12121605873108,3.13629651069641,-1.64549291133881,K,9
OUTPUT,NaN,NaN,NaN,NaN,NaN,NaN

INPUT,0.357957422733307,0.0347565598785877,0.724148094654083,-3.01748442649841,3.13769102096558,-2.00804662704468,K,4
OUTPUT,NaN,NaN,NaN,NaN,NaN,NaN

INPUT,0.363790661096573,0.034780889749527,0.737660825252533,-3.09747409820557,3.13763809204102,-1.90615999698639,K,5
OUTPUT,NaN,NaN,NaN,NaN,NaN,NaN

INPUT,0.369623899459839,0.0348052196204662,0.751173555850983,3.10551834106445,3.13761734962463,-1.80447661876678,K,6
OUTPUT,NaN,NaN,NaN,NaN,NaN,NaN

INPUT,0.374160885810852,0.0348241440951824,0.761683523654938,3.04312014579773,3.13762354850769,-1.72541570663452,K,7
OUTPUT,NaN,NaN,NaN,NaN,NaN,NaN

INPUT,0.377401560544968,0.0348376594483852,0.769190609455109,2.99858641624451,3.13763999938965,-1.66890680789948,K,8
OUTPUT,NaN,NaN,NaN,NaN,NaN,NaN

INPUT,0.37934598326683,0.034845769405365,0.773694813251495,2.97189545631409,3.13765454292297,-1.63497233390808,K,9
OUTPUT,NaN,NaN,NaN,NaN,NaN,NaN

INPUT,0.362995386123657,0.0341761261224747,0.732587039470673,-2.98993992805481,3.12243866920471,-2.00105738639832,K,12
OUTPUT,NaN,NaN,NaN,NaN,NaN,NaN

INPUT,0.367637485265732,0.0341387018561363,0.743784070014954,-3.04083037376404,3.1207230091095,-1.94786894321442,K,13
OUTPUT,NaN,NaN,NaN,NaN,NaN,NaN

INPUT,0.372279584407806,0.0341012813150883,0.754981100559235,-3.09189391136169,3.11906409263611,-1.89485192298889,K,14
OUTPUT,NaN,NaN,NaN,NaN,NaN,NaN

INPUT,0.376921683549881,0.0340638607740402,0.766178131103516,3.14009499549866,3.11746597290039,-1.84196555614471,K,15
OUTPUT,NaN,NaN,NaN,NaN,NaN,NaN

INPUT,0.381099581718445,0.0340301804244518,0.776255488395691,3.09392881393433,3.11608338356018,-1.79445588588715,K,16
OUTPUT,NaN,NaN,NaN,NaN,NaN,NaN

INPUT,0.384349048137665,0.0340039879083633,0.784093379974365,3.05797338485718,3.11504673957825,-1.75755095481873,K,17
OUTPUT,NaN,NaN,NaN,NaN,NaN,NaN

INPUT,0.386670112609863,0.0339852757751942,0.789691925048828,3.03226900100708,3.1143274307251,-1.73121178150177,K,18
OUTPUT,NaN,NaN,NaN,NaN,NaN,NaN

INPUT,0.388062745332718,0.0339740514755249,0.793051064014435,3.01683831214905,3.11390495300293,-1.71541595458984,K,19
OUTPUT,NaN,NaN,NaN,NaN,NaN,NaN

INPUT,0.388526946306229,0.0339703075587749,0.794170737266541,3.01169347763062,3.11376547813416,-1.71015191078186,K,20
OUTPUT,NaN,NaN,NaN,NaN,NaN,NaN

INPUT,0.352954506874084,0.0387440845370293,0.743081569671631,0.0700442269444466,3.06519722938538,1.2705283164978,K,5
OUTPUT,NaN,NaN,NaN,NaN,NaN,NaN

INPUT,0.356523334980011,0.0392360538244247,0.754484295845032,-0.00226372014731169,3.05606460571289,1.35511028766632,K,6
OUTPUT,NaN,NaN,NaN,NaN,NaN,NaN

INPUT,0.359299093484879,0.039618693292141,0.763353049755096,-0.0593429543077946,3.04932022094727,1.42009747028351,K,7
OUTPUT,NaN,NaN,NaN,NaN,NaN,NaN

INPUT,0.361281782388687,0.0398920103907585,0.76968789100647,-0.100455217063427,3.0447108745575,1.46619820594788,K,8
OUTPUT,NaN,NaN,NaN,NaN,NaN,NaN

INPUT,0.362471371889114,0.0400560013949871,0.773488819599152,-0.125236213207245,3.04203248023987,1.49375402927399,K,9
OUTPUT,NaN,NaN,NaN,NaN,NaN,NaN

INPUT,0.360845059156418,0.0347486734390259,0.721854388713837,-2.87305378913879,3.10273742675781,-2.01322746276855,K,11
OUTPUT,NaN,NaN,NaN,NaN,NaN,NaN

INPUT,0.365781128406525,0.0347742140293121,0.733104944229126,-2.92293047904968,3.09861636161804,-1.9619425535202,K,12
OUTPUT,NaN,NaN,NaN,NaN,NaN,NaN

INPUT,0.370717227458954,0.0347997508943081,0.744355499744415,-2.9729335308075,3.09460496902466,-1.91077518463135,K,13
OUTPUT,NaN,NaN,NaN,NaN,NaN,NaN

INPUT,0.375653266906738,0.0348252914845943,0.755606055259705,-3.02303147315979,3.09071397781372,-1.85969364643097,K,14
OUTPUT,NaN,NaN,NaN,NaN,NaN,NaN

INPUT,0.380589336156845,0.0348508283495903,0.766856610774994,-3.07320356369019,3.08695316314697,-1.80867576599121,K,15
OUTPUT,NaN,NaN,NaN,NaN,NaN,NaN

INPUT,0.385031819343567,0.0348738133907318,0.776982128620148,-3.11840867996216,3.08368754386902,-1.76280164718628,K,16
OUTPUT,NaN,NaN,NaN,NaN,NaN,NaN

INPUT,0.388487070798874,0.0348916910588741,0.784857511520386,3.12958955764771,3.08123016357422,-1.72714340686798,K,17
OUTPUT,NaN,NaN,NaN,NaN,NaN,NaN

INPUT,0.390955090522766,0.0349044613540173,0.790482819080353,3.10444307327271,3.07952117919922,-1.70168304443359,K,18
OUTPUT,NaN,NaN,NaN,NaN,NaN,NaN

INPUT,0.392435908317566,0.0349121205508709,0.793857991695404,3.08935046195984,3.07851481437683,-1.68641018867493,K,19
OUTPUT,NaN,NaN,NaN,NaN,NaN,NaN

INPUT,0.392929524183273,0.0349146761000156,0.79498302936554,3.08431887626648,3.07818245887756,-1.68131971359253,K,20
OUTPUT,NaN,NaN,NaN,NaN,NaN,NaN

INPUT,0.36344912648201,0.0342504903674126,0.72461861371994,-2.97733283042908,3.12244343757629,-2.04845952987671,K,4
OUTPUT,NaN,NaN,NaN,NaN,NaN,NaN

INPUT,0.369941294193268,0.0341954044997692,0.737737417221069,-3.05341792106628,3.11992335319519,-1.95713329315186,K,5
OUTPUT,NaN,NaN,NaN,NaN,NaN,NaN

INPUT,0.376433491706848,0.0341403186321259,0.750856220722198,-3.13105511665344,3.11755394935608,-1.86735475063324,K,6
OUTPUT,NaN,NaN,NaN,NaN,NaN,NaN

INPUT,0.38148295879364,0.0340974740684032,0.761059701442719,3.09099531173706,3.11582612991333,-1.79827427864075,K,7
OUTPUT,NaN,NaN,NaN,NaN,NaN,NaN

INPUT,0.385089755058289,0.0340668708086014,0.768347918987274,3.04702234268188,3.11465811729431,-1.74923431873322,K,8
OUTPUT,NaN,NaN,NaN,NaN,NaN,NaN

INPUT,0.387253791093826,0.0340485088527203,0.772720873355865,3.02053689956665,3.11398506164551,-1.7199113368988,K,9
OUTPUT,NaN,NaN,NaN,NaN,NaN,NaN

INPUT,0.36942645907402,0.0348193794488907,0.731489241123199,-2.96152853965759,3.09565091133118,-1.94320976734161,K,5
OUTPUT,NaN,NaN,NaN,NaN,NaN,NaN

INPUT,0.37743204832077,0.0348798036575317,0.747161507606506,-3.04600191116333,3.0889744758606,-1.84798848628998,K,6
OUTPUT,NaN,NaN,NaN,NaN,NaN,NaN

INPUT,0.383658647537231,0.0349267981946468,0.759351015090942,-3.112553358078,3.08407139778137,-1.77475643157959,K,7
OUTPUT,NaN,NaN,NaN,NaN,NaN,NaN

INPUT,0.388106197118759,0.0349603667855263,0.768057763576508,3.12276721000671,3.08073949813843,-1.72276413440704,K,8
OUTPUT,NaN,NaN,NaN,NaN,NaN,NaN

INPUT,0.390774726867676,0.0349805094301701,0.773281872272491,3.09394264221191,3.07881236076355,-1.69166970252991,K,9
OUTPUT,NaN,NaN,NaN,NaN,NaN,NaN

INPUT,0.360591411590576,0.035937275737524,0.732467412948608,-2.97814011573792,3.13378643989563,-2.00164103507996,K,12
OUTPUT,NaN,NaN,NaN,NaN,NaN,NaN

INPUT,0.364980012178421,0.036083746701479,0.743656694889069,-3.02517771720886,3.13316464424133,-1.94590270519257,K,13
OUTPUT,NaN,NaN,NaN,NaN,NaN,NaN

INPUT,0.369368582963943,0.0362302139401436,0.754845917224884,-3.07280373573303,3.13256478309631,-1.89075291156769,K,14
OUTPUT,NaN,NaN,NaN,NaN,NaN,NaN

INPUT,0.373757183551788,0.0363766811788082,0.766035199165344,-3.12089037895203,3.1319887638092,-1.83606350421906,K,15
OUTPUT,NaN,NaN,NaN,NaN,NaN,NaN

INPUT,0.377706915140152,0.0365085043013096,0.776105523109436,3.11870121955872,3.13149189949036,-1.78715813159943,K,16
OUTPUT,NaN,NaN,NaN,NaN,NaN,NaN

INPUT,0.380778938531876,0.0366110317409039,0.783937990665436,3.08462405204773,3.13112044334412,-1.74929177761078,K,17
OUTPUT,NaN,NaN,NaN,NaN,NaN,NaN

INPUT,0.382973223924637,0.036684263497591,0.789532601833344,3.06020379066467,3.13086318969727,-1.72232329845428,K,18
OUTPUT,NaN,NaN,NaN,NaN,NaN,NaN

INPUT,0.384289801120758,0.0367282032966614,0.792889416217804,3.04552316665649,3.13071227073669,-1.70617091655731,K,19
OUTPUT,NaN,NaN,NaN,NaN,NaN,NaN

INPUT,0.384728670120239,0.0367428511381149,0.794008314609528,3.04062509536743,3.13066244125366,-1.70079123973846,K,20
OUTPUT,NaN,NaN,NaN,NaN,NaN,NaN

INPUT,0.359546691179276,0.0351853556931019,0.721163809299469,-2.9737696647644,3.11237049102783,-2.06428813934326,K,11
OUTPUT,NaN,NaN,NaN,NaN,NaN,NaN

INPUT,0.364329606294632,0.0352620966732502,0.732334196567535,-3.02652478218079,3.10933518409729,-2.01005125045776,K,12
OUTPUT,NaN,NaN,NaN,NaN,NaN,NaN

INPUT,0.369112521409988,0.0353388376533985,0.743504524230957,-3.07940816879272,3.10639238357544,-1.95593726634979,K,13
OUTPUT,NaN,NaN,NaN,NaN,NaN,NaN

INPUT,0.373895436525345,0.0354155786335468,0.754674851894379,-3.13238787651062,3.10355019569397,-1.90191423892975,K,14
OUTPUT,NaN,NaN,NaN,NaN,NaN,NaN

INPUT,0.378678321838379,0.0354923196136951,0.765845239162445,3.09774351119995,3.10081696510315,-1.84795987606049,K,15
OUTPUT,NaN,NaN,NaN,NaN,NaN,NaN

INPUT,0.382982939481735,0.0355613864958286,0.775898516178131,3.04994463920593,3.09845638275146,-1.79944610595703,K,16
OUTPUT,NaN,NaN,NaN,NaN,NaN,NaN

INPUT,0.386330991983414,0.0356151051819324,0.783717751502991,3.01274061203003,3.09668946266174,-1.7617369890213,K,17
OUTPUT,NaN,NaN,NaN,NaN,NaN,NaN

INPUT,0.388722449541092,0.0356534756720066,0.789302945137024,2.98615384101868,3.09546566009521,-1.73481273651123,K,18
OUTPUT,NaN,NaN,NaN,NaN,NaN,NaN

INPUT,0.39015731215477,0.0356764979660511,0.792654037475586,2.97019720077515,3.09474730491638,-1.71866202354431,K,19
OUTPUT,NaN,NaN,NaN,NaN,NaN,NaN

INPUT,0.39063560962677,0.0356841720640659,0.793771088123322,2.96487736701965,3.09451031684875,-1.71327900886536,K,20
OUTPUT,NaN,NaN,NaN,NaN,NaN,NaN

INPUT,0.360779911279678,0.0350727811455727,0.721362113952637,-2.90133023262024,3.1007091999054,-2.10177040100098,K,11
OUTPUT,NaN,NaN,NaN,NaN,NaN,NaN

INPUT,0.365707695484161,0.0351364091038704,0.732555687427521,-2.94780492782593,3.09632253646851,-2.05417251586914,K,12
OUTPUT,NaN,NaN,NaN,NaN,NaN,NaN

INPUT,0.370635449886322,0.0352000370621681,0.743749260902405,-2.99438261985779,3.09203624725342,-2.00666832923889,K,13
OUTPUT,NaN,NaN,NaN,NaN,NaN,NaN

INPUT,0.375563234090805,0.0352636650204659,0.754942834377289,-3.04103803634644,3.08785939216614,-1.95923233032227,K,14
OUTPUT,NaN,NaN,NaN,NaN,NaN,NaN

INPUT,0.380490988492966,0.0353272929787636,0.766136407852173,-3.08775424957275,3.08380150794983,-1.91184651851654,K,15
OUTPUT,NaN,NaN,NaN,NaN,NaN,NaN

INPUT,0.384925991296768,0.0353845581412315,0.77621066570282,-3.12984085083008,3.0802583694458,-1.86923217773438,K,16
OUTPUT,NaN,NaN,NaN,NaN,NaN,NaN

INPUT,0.38837543129921,0.0354290977120399,0.784046173095703,3.12058734893799,3.07757830619812,-1.83610427379608,K,17
OUTPUT,NaN,NaN,NaN,NaN,NaN,NaN

INPUT,0.390839338302612,0.0354609116911888,0.789642930030823,3.09717845916748,3.07570624351501,-1.81244897842407,K,18
OUTPUT,NaN,NaN,NaN,NaN,NaN,NaN

INPUT,0.392317652702332,0.0354800000786781,0.793000996112823,3.08312940597534,3.07460045814514,-1.79825854301453,K,19
OUTPUT,NaN,NaN,NaN,NaN,NaN,NaN

INPUT,0.392810434103012,0.0354863628745079,0.794120371341705,3.07844567298889,3.0742347240448,-1.79352867603302,K,20
OUTPUT,NaN,NaN,NaN,NaN,NaN,NaN

INPUT,0.355617940425873,0.0347907692193985,0.732479929924011,0.291546702384949,3.12622117996216,1.31534683704376,K,12
OUTPUT,NaN,NaN,NaN,NaN,NaN,NaN

INPUT,0.359484434127808,0.0348179079592228,0.743664622306824,0.235425159335136,3.12467050552368,1.36697816848755,K,13
OUTPUT,NaN,NaN,NaN,NaN,NaN,NaN

INPUT,0.36335089802742,0.0348450466990471,0.754849314689636,0.179674908518791,3.1231689453125,1.41898202896118,K,14
OUTPUT,NaN,NaN,NaN,NaN,NaN,NaN

INPUT,0.367217391729355,0.0348721854388714,0.766034007072449,0.124201975762844,3.12172079086304,1.47126483917236,K,15
OUTPUT,NaN,NaN,NaN,NaN,NaN,NaN

INPUT,0.370697230100632,0.0348966084420681,0.776100218296051,0.0744591876864433,3.12046670913696,1.51850342750549,K,16
OUTPUT,NaN,NaN,NaN,NaN,NaN,NaN

INPUT,0.373403757810593,0.0349156074225903,0.783929526805878,0.0358666628599167,3.11952543258667,1.55534183979034,K,17
OUTPUT,NaN,NaN,NaN,NaN,NaN,NaN

INPUT,0.37533700466156,0.0349291749298573,0.789521872997284,0.00834428425878286,3.11887216567993,1.58169889450073,K,18
OUTPUT,NaN,NaN,NaN,NaN,NaN,NaN

INPUT,0.376496940851212,0.0349373184144497,0.79287725687027,-0.00815363321453333,3.118488073349,1.59752905368805,K,19
OUTPUT,NaN,NaN,NaN,NaN,NaN,NaN

INPUT,0.37688359618187,0.034940030425787,0.79399573802948,-0.0136505719274282,3.1183614730835,1.60280823707581,K,20
OUTPUT,NaN,NaN,NaN,NaN,NaN,NaN

INPUT,0.355214446783066,0.0329787246882915,0.733538031578064,0.262852042913437,3.1180682182312,1.29547929763794,K,12
OUTPUT,NaN,NaN,NaN,NaN,NaN,NaN

INPUT,0.359038501977921,0.0328150652348995,0.744834303855896,0.207101449370384,3.11575078964233,1.34841740131378,K,13
OUTPUT,NaN,NaN,NaN,NaN,NaN,NaN

INPUT,0.362862586975098,0.0326514020562172,0.756130635738373,0.151577547192574,3.1135094165802,1.40158534049988,K,14
OUTPUT,NaN,NaN,NaN,NaN,NaN,NaN

INPUT,0.366686671972275,0.0324877426028252,0.767426908016205,0.0962231978774071,3.11135101318359,1.45492649078369,K,15
OUTPUT,NaN,NaN,NaN,NaN,NaN,NaN

INPUT,0.370128333568573,0.0323404483497143,0.777593553066254,0.0465163066983223,3.10948467254639,1.5030483007431,K,16
OUTPUT,NaN,NaN,NaN,NaN,NaN,NaN

INPUT,0.372805207967758,0.032225888222456,0.785501003265381,0.00791440531611443,3.1080858707428,1.54053735733032,K,17
OUTPUT,NaN,NaN,NaN,NaN,NaN,NaN

INPUT,0.374717235565186,0.03214405849576,0.791149139404297,-0.0196317173540592,3.10711646080017,1.56734311580658,K,18
OUTPUT,NaN,NaN,NaN,NaN,NaN,NaN

INPUT,0.3758644759655,0.0320949591696262,0.794538021087646,-0.0361497737467289,3.1065468788147,1.58343648910522,K,19
OUTPUT,NaN,NaN,NaN,NaN,NaN,NaN

INPUT,0.376246869564056,0.0320785939693451,0.79566764831543,-0.0416543446481228,3.10635900497437,1.58880245685577,K,20
OUTPUT,NaN,NaN,NaN,NaN,NaN,NaN

INPUT,0.358002752065659,0.034594789147377,0.732739508152008,0.173228651285172,3.12373900413513,1.19360077381134,K,12
OUTPUT,NaN,NaN,NaN,NaN,NaN,NaN

INPUT,0.362120032310486,0.0346014201641083,0.743951618671417,0.118217654526234,3.12194895744324,1.24598300457001,K,13
OUTPUT,NaN,NaN,NaN,NaN,NaN,NaN

INPUT,0.366237282752991,0.0346080549061298,0.755163669586182,0.0634225010871887,3.12021541595459,1.29858291149139,K,14
OUTPUT,NaN,NaN,NaN,NaN,NaN,NaN

INPUT,0.370354562997818,0.0346146859228611,0.766375720500946,0.00878848414868116,3.11854338645935,1.35134601593018,K,15
OUTPUT,NaN,NaN,NaN,NaN,NaN,NaN

INPUT,0.374060124158859,0.0346206538379192,0.776466608047485,-0.0402758046984673,3.11709547042847,1.39894080162048,K,16
OUTPUT,NaN,NaN,NaN,NaN,NaN,NaN

INPUT,0.376942217350006,0.0346252955496311,0.784315049648285,-0.0783809944987297,3.11600852012634,1.43601620197296,K,17
OUTPUT,NaN,NaN,NaN,NaN,NaN,NaN

INPUT,0.379000842571259,0.0346286110579967,0.78992110490799,-0.105573564767838,3.11525416374207,1.4625244140625,K,18
OUTPUT,NaN,NaN,NaN,NaN,NaN,NaN

INPUT,0.380236029624939,0.0346306003630161,0.793284714221954,-0.121880121529102,3.11481070518494,1.47843873500824,K,19
OUTPUT,NaN,NaN,NaN,NaN,NaN,NaN

INPUT,0.380647748708725,0.0346312634646893,0.794405937194824,-0.127314195036888,3.11466431617737,1.48374497890472,K,20
OUTPUT,NaN,NaN,NaN,NaN,NaN,NaN

INPUT,0.359051704406738,0.033789049834013,0.733238756656647,-3.07335734367371,3.13594245910645,-1.96354460716248,K,12
OUTPUT,NaN,NaN,NaN,NaN,NaN,NaN

INPUT,0.363278687000275,0.0337107740342617,0.744504690170288,-3.12804126739502,3.13552975654602,-1.90142571926117,K,13
OUTPUT,NaN,NaN,NaN,NaN,NaN,NaN

INPUT,0.367505639791489,0.0336324945092201,0.755770564079285,3.09999656677246,3.1351375579834,-1.83977067470551,K,14
OUTPUT,NaN,NaN,NaN,NaN,NaN,NaN

INPUT,0.371732622385025,0.0335542149841785,0.767036557197571,3.04448533058167,3.13476729393005,-1.77847898006439,K,15
OUTPUT,NaN,NaN,NaN,NaN,NaN,NaN

INPUT,0.375536888837814,0.0334837660193443,0.777175903320313,2.99427652359009,3.13445377349854,-1.72356522083282,K,16
OUTPUT,NaN,NaN,NaN,NaN,NaN,NaN

INPUT,0.378495782613754,0.0334289707243443,0.78506201505661,2.95509028434753,3.1342236995697,-1.68098902702332,K,17
OUTPUT,NaN,NaN,NaN,NaN,NaN,NaN

INPUT,0.380609273910522,0.0333898328244686,0.790695011615753,2.92703819274902,3.13406682014465,-1.65063977241516,K,18
OUTPUT,NaN,NaN,NaN,NaN,NaN,NaN

INPUT,0.381877362728119,0.0333663485944271,0.794074773788452,2.91018438339233,3.13397550582886,-1.63245248794556,K,19
OUTPUT,NaN,NaN,NaN,NaN,NaN,NaN

INPUT,0.382300049066544,0.03335852175951,0.795201361179352,2.90456295013428,3.13394570350647,-1.62639355659485,K,20
OUTPUT,NaN,NaN,NaN,NaN,NaN,NaN

INPUT,0.357464879751205,0.0344588980078697,0.732974469661713,0.150506734848022,3.12731957435608,1.19309937953949,K,12
OUTPUT,NaN,NaN,NaN,NaN,NaN,NaN

INPUT,0.361524999141693,0.0344509445130825,0.744212746620178,0.0938436314463615,3.12586951255798,1.24616730213165,K,13
OUTPUT,NaN,NaN,NaN,NaN,NaN,NaN

INPUT,0.365585118532181,0.0344429947435856,0.755451023578644,0.0374793410301208,3.12446665763855,1.2995353937149,K,14
OUTPUT,NaN,NaN,NaN,NaN,NaN,NaN

INPUT,0.369645267724991,0.0344350375235081,0.766689300537109,-0.018662367016077,3.1231153011322,1.35312736034393,K,15
OUTPUT,NaN,NaN,NaN,NaN,NaN,NaN

INPUT,0.373299390077591,0.0344278812408447,0.77680379152298,-0.0690432414412498,3.12194633483887,1.40150785446167,K,16
OUTPUT,NaN,NaN,NaN,NaN,NaN,NaN

INPUT,0.376141458749771,0.0344223119318485,0.78467059135437,-0.108151465654373,3.12107014656067,1.43921494483948,K,17
OUTPUT,NaN,NaN,NaN,NaN,NaN,NaN

INPUT,0.378171533346176,0.0344183370471001,0.790289700031281,-0.136050999164581,3.1204628944397,1.46618378162384,K,18
OUTPUT,NaN,NaN,NaN,NaN,NaN,NaN

INPUT,0.379389554262161,0.0344159491360188,0.793661177158356,-0.152778327465057,3.12010598182678,1.48237752914429,K,19
OUTPUT,NaN,NaN,NaN,NaN,NaN,NaN

INPUT,0.379795581102371,0.0344151556491852,0.794785022735596,-0.158352106809616,3.11998844146729,1.48777747154236,K,20
OUTPUT,NaN,NaN,NaN,NaN,NaN,NaN

