INPUT,0.356126874685287,0.0326485335826874,0.733959197998047,0.608455955982208,3.12237405776978,1.39822506904602,K,12
OUTPUT,NaN,NaN,NaN,NaN,NaN,NaN

INPUT,0.360046893358231,0.0324502028524876,0.745299756526947,0.564228892326355,3.12038588523865,1.43711698055267,K,13
OUTPUT,NaN,NaN,NaN,NaN,NaN,NaN

INPUT,0.363966882228851,0.0322518721222878,0.756640315055847,0.520455002784729,3.11843395233154,1.47646343708038,K,14
OUTPUT,NaN,NaN,NaN,NaN,NaN,NaN

INPUT,0.367886900901794,0.0320535413920879,0.767980873584747,0.477021247148514,3.11652207374573,1.51615226268768,K,15
OUTPUT,NaN,NaN,NaN,NaN,NaN,NaN

INPUT,0.371414929628372,0.0318750441074371,0.778187394142151,0.438156276941299,3.11483812332153,1.55209922790527,K,16
OUTPUT,NaN,NaN,NaN,NaN,NaN,NaN

INPUT,0.374158948659897,0.0317362099885941,0.786125779151917,0.408047527074814,3.11355400085449,1.58017861843109,K,17
OUTPUT,NaN,NaN,NaN,NaN,NaN,NaN

INPUT,0.376118957996368,0.0316370464861393,0.791796088218689,0.386595606803894,3.11265134811401,1.6002904176712,K,18
OUTPUT,NaN,NaN,NaN,NaN,NaN,NaN

INPUT,0.377294957637787,0.0315775461494923,0.795198261737823,0.373744040727615,3.11211585998535,1.61237728595734,K,19
OUTPUT,NaN,NaN,NaN,NaN,NaN,NaN

INPUT,0.377686947584152,0.0315577127039433,0.79633229970932,0.369463175535202,3.11193823814392,1.61640918254852,K,20
OUTPUT,NaN,NaN,NaN,NaN,NaN,NaN

INPUT,0.359489321708679,0.0375162437558174,0.722986459732056,-2.23379802703857,3.13408017158508,-1.72135090827942,K,11
OUTPUT,NaN,NaN,NaN,NaN,NaN,NaN

INPUT,0.364266335964203,0.0378675051033497,0.734369337558746,-2.25507092475891,3.13330364227295,-1.68235969543457,K,12
OUTPUT,NaN,NaN,NaN,NaN,NaN,NaN

INPUT,0.369043350219727,0.0382187701761723,0.745752155780792,-2.27785611152649,3.13253426551819,-1.64488041400909,K,13
OUTPUT,NaN,NaN,NaN,NaN,NaN,NaN

INPUT,0.373820334672928,0.0385700315237045,0.757134974002838,-2.30178713798523,3.13177251815796,-1.60854661464691,K,14
OUTPUT,NaN,NaN,NaN,NaN,NaN,NaN

INPUT,0.378597348928452,0.0389212928712368,0.768517792224884,-2.32660675048828,3.13101935386658,-1.57310116291046,K,15
OUTPUT,NaN,NaN,NaN,NaN,NaN,NaN

INPUT,0.382896661758423,0.0392374284565449,0.778762340545654,-2.34954929351807,3.13034963607788,-1.54180526733398,K,16
OUTPUT,NaN,NaN,NaN,NaN,NaN,NaN

INPUT,0.386240571737289,0.0394833125174046,0.786730349063873,-2.36772108078003,3.12983417510986,-1.51779115200043,K,17
OUTPUT,NaN,NaN,NaN,NaN,NaN,NaN

INPUT,0.388629078865051,0.0396589450538158,0.792421758174896,-2.38085246086121,3.12946915626526,-1.50078976154327,K,18
OUTPUT,NaN,NaN,NaN,NaN,NaN,NaN

INPUT,0.390062183141708,0.0397643223404884,0.795836627483368,-2.38878607749939,3.12925148010254,-1.49064362049103,K,19
OUTPUT,NaN,NaN,NaN,NaN,NaN,NaN

INPUT,0.390539884567261,0.0397994481027126,0.796974897384644,-2.39143919944763,3.12917900085449,-1.48727023601532,K,20
OUTPUT,NaN,NaN,NaN,NaN,NaN,NaN

INPUT,0.360577046871185,0.0412403456866741,0.72151654958725,-2.1832811832428,3.09020709991455,-1.75260591506958,K,11
OUTPUT,NaN,NaN,NaN,NaN,NaN,NaN

INPUT,0.365482121706009,0.0420297533273697,0.732726454734802,-2.20732140541077,3.08435606956482,-1.72597670555115,K,12
OUTPUT,NaN,NaN,NaN,NaN,NaN,NaN

INPUT,0.37038716673851,0.0428191609680653,0.743936359882355,-2.23160529136658,3.07854175567627,-1.699582695961,K,13
OUTPUT,NaN,NaN,NaN,NaN,NaN,NaN

INPUT,0.375292211771011,0.0436085686087608,0.755146205425262,-2.25607132911682,3.07276797294617,-1.67336177825928,K,14
OUTPUT,NaN,NaN,NaN,NaN,NaN,NaN

INPUT,0.380197256803513,0.0443979762494564,0.76635617017746,-2.28067803382874,3.0670382976532,-1.64727115631104,K,15
OUTPUT,NaN,NaN,NaN,NaN,NaN,NaN

INPUT,0.384611815214157,0.0451084449887276,0.776445090770721,-2.3029191493988,3.06192231178284,-1.62387573719025,K,16
OUTPUT,NaN,NaN,NaN,NaN,NaN,NaN

INPUT,0.388045370578766,0.0456610321998596,0.784291982650757,-2.32026982307434,3.05797171592712,-1.60572481155396,K,17
OUTPUT,NaN,NaN,NaN,NaN,NaN,NaN

INPUT,0.390497893095016,0.0460557341575623,0.789896965026855,-2.33268737792969,3.05516576766968,-1.59278035163879,K,18
OUTPUT,NaN,NaN,NaN,NaN,NaN,NaN

INPUT,0.391969382762909,0.0462925583124161,0.793259918689728,-2.34014654159546,3.05348896980286,-1.58502101898193,K,19
OUTPUT,NaN,NaN,NaN,NaN,NaN,NaN

INPUT,0.392459899187088,0.0463714972138405,0.794380903244019,-2.3426342010498,3.05293107032776,-1.58243572711945,K,20
OUTPUT,NaN,NaN,NaN,NaN,NaN,NaN

INPUT,0.359318256378174,0.0323385708034039,0.733597457408905,0.609100759029388,3.13230681419373,1.40917682647705,K,12
OUTPUT,NaN,NaN,NaN,NaN,NaN,NaN

INPUT,0.363574355840683,0.0321079231798649,0.744899153709412,0.561728239059448,3.13130378723145,1.44600248336792,K,13
OUTPUT,NaN,NaN,NaN,NaN,NaN,NaN

INPUT,0.367830455303192,0.0318772792816162,0.756200790405273,0.515285730361938,3.13031888008118,1.48375833034515,K,14
OUTPUT,NaN,NaN,NaN,NaN,NaN,NaN

INPUT,0.372086554765701,0.0316466353833675,0.767502427101135,0.469534903764725,3.12935376167297,1.52220642566681,K,15
OUTPUT,NaN,NaN,NaN,NaN,NaN,NaN

INPUT,0.375917047262192,0.0314390547573566,0.777673959732056,0.428814560174942,3.12850332260132,1.55726552009583,K,16
OUTPUT,NaN,NaN,NaN,NaN,NaN,NaN

INPUT,0.378896296024323,0.0312776044011116,0.785585105419159,0.397383093833923,3.12785482406616,1.58477389812469,K,17
OUTPUT,NaN,NaN,NaN,NaN,NaN,NaN

INPUT,0.381024360656738,0.0311622824519873,0.79123592376709,0.375040769577026,3.12739896774292,1.60453188419342,K,18
OUTPUT,NaN,NaN,NaN,NaN,NaN,NaN

INPUT,0.382301181554794,0.0310930907726288,0.794626414775848,0.361674398183823,3.12712836265564,1.61642551422119,K,19
OUTPUT,NaN,NaN,NaN,NaN,NaN,NaN

INPUT,0.382726788520813,0.0310700256377459,0.795756578445435,0.35722491145134,3.1270387172699,1.62039613723755,K,20
OUTPUT,NaN,NaN,NaN,NaN,NaN,NaN

INPUT,0.36018830537796,0.0391808301210403,0.72223311662674,-2.26015281677246,3.12838840484619,-1.63422000408173,K,11
OUTPUT,NaN,NaN,NaN,NaN,NaN,NaN

INPUT,0.36504727602005,0.039727758616209,0.733528316020966,-2.2914879322052,3.12697958946228,-1.59193706512451,K,12
OUTPUT,NaN,NaN,NaN,NaN,NaN,NaN

INPUT,0.369906276464462,0.0402746871113777,0.744823455810547,-2.32378053665161,3.12559008598328,-1.55061101913452,K,13
OUTPUT,NaN,NaN,NaN,NaN,NaN,NaN

INPUT,0.374765247106552,0.0408216156065464,0.756118655204773,-2.35679054260254,3.12422204017639,-1.51000154018402,K,14
OUTPUT,NaN,NaN,NaN,NaN,NaN,NaN

INPUT,0.379624217748642,0.0413685441017151,0.767413854598999,-2.39035177230835,3.12287735939026,-1.46994233131409,K,15
OUTPUT,NaN,NaN,NaN,NaN,NaN,NaN

INPUT,0.383997321128845,0.0418607816100121,0.777579545974731,-2.42092943191528,3.12168860435486,-1.43426084518433,K,16
OUTPUT,NaN,NaN,NaN,NaN,NaN,NaN

INPUT,0.387398600578308,0.0422436334192753,0.785486161708832,-2.44491219520569,3.12077903747559,-1.40670824050903,K,17
OUTPUT,NaN,NaN,NaN,NaN,NaN,NaN

INPUT,0.389828085899353,0.0425170958042145,0.791133761405945,-2.46213507652283,3.1201376914978,-1.38711965084076,K,18
OUTPUT,NaN,NaN,NaN,NaN,NaN,NaN

INPUT,0.39128577709198,0.0426811762154102,0.794522345066071,-2.47250199317932,3.11975622177124,-1.37539982795715,K,19
OUTPUT,NaN,NaN,NaN,NaN,NaN,NaN

INPUT,0.391771674156189,0.042735867202282,0.795651853084564,-2.47596287727356,3.11962962150574,-1.37149822711945,K,20
OUTPUT,NaN,NaN,NaN,NaN,NaN,NaN

INPUT,0.359730094671249,0.0355729982256889,0.732864081859589,-2.55964827537537,3.13780784606934,-1.94846248626709,K,12
OUTPUT,NaN,NaN,NaN,NaN,NaN,NaN

INPUT,0.364029288291931,0.0356826260685921,0.744089365005493,-2.5806896686554,3.13751721382141,-1.90518963336945,K,13
OUTPUT,NaN,NaN,NaN,NaN,NaN,NaN

INPUT,0.368328452110291,0.0357922539114952,0.755314648151398,-2.60320258140564,3.13723039627075,-1.86338829994202,K,14
OUTPUT,NaN,NaN,NaN,NaN,NaN,NaN

INPUT,0.37262761592865,0.0359018817543983,0.766539931297302,-2.62689781188965,3.13694787025452,-1.82276916503906,K,15
OUTPUT,NaN,NaN,NaN,NaN,NaN,NaN

INPUT,0.376496881246567,0.0360005497932434,0.776642680168152,-2.64905261993408,3.13669729232788,-1.78704118728638,K,16
OUTPUT,NaN,NaN,NaN,NaN,NaN,NaN

INPUT,0.379506289958954,0.0360772907733917,0.784500420093536,-2.66674327850342,3.13650512695313,-1.75971174240112,K,17
OUTPUT,NaN,NaN,NaN,NaN,NaN,NaN

INPUT,0.381655901670456,0.0361321046948433,0.790113031864166,-2.67959547042847,3.13636946678162,-1.74040675163269,K,18
OUTPUT,NaN,NaN,NaN,NaN,NaN,NaN

INPUT,0.382945626974106,0.0361649915575981,0.793480634689331,-2.68738579750061,3.1362886428833,-1.72890269756317,K,19
OUTPUT,NaN,NaN,NaN,NaN,NaN,NaN

INPUT,0.383375555276871,0.0361759550869465,0.794603168964386,-2.68999481201172,3.13626170158386,-1.72508037090302,K,20
OUTPUT,NaN,NaN,NaN,NaN,NaN,NaN

INPUT,0.368320018053055,0.0379858165979385,0.732687830924988,-2.31552648544312,3.13223004341125,-1.70860934257507,K,5
OUTPUT,NaN,NaN,NaN,NaN,NaN,NaN

INPUT,0.37625378370285,0.0385777950286865,0.748631715774536,-2.33811902999878,3.13110375404358,-1.6235009431839,K,6
OUTPUT,NaN,NaN,NaN,NaN,NaN,NaN

INPUT,0.382424503564835,0.0390382185578346,0.761032521724701,-2.35983443260193,3.13024711608887,-1.56184685230255,K,7
OUTPUT,NaN,NaN,NaN,NaN,NaN,NaN

INPUT,0.386832147836685,0.0393670946359634,0.769890308380127,-2.37696981430054,3.12964844703674,-1.51982069015503,K,8
OUTPUT,NaN,NaN,NaN,NaN,NaN,NaN

INPUT,0.389476746320724,0.0395644195377827,0.77520489692688,-2.38776612281799,3.12929558753967,-1.49532318115234,K,9
OUTPUT,NaN,NaN,NaN,NaN,NaN,NaN

INPUT,0.369103789329529,0.0417250394821167,0.731074690818787,-2.22651338577271,3.07973718643188,-1.71712565422058,K,5
OUTPUT,NaN,NaN,NaN,NaN,NaN,NaN

INPUT,0.37706732749939,0.0429408960044384,0.746693193912506,-2.26769185066223,3.069908618927,-1.66762280464172,K,6
OUTPUT,NaN,NaN,NaN,NaN,NaN,NaN

INPUT,0.383261203765869,0.0438865572214127,0.758840918540955,-2.30032706260681,3.06238985061646,-1.62994694709778,K,7
OUTPUT,NaN,NaN,NaN,NaN,NaN,NaN

INPUT,0.387685418128967,0.0445620305836201,0.767517924308777,-2.32380628585815,3.05710315704346,-1.60342681407928,K,8
OUTPUT,NaN,NaN,NaN,NaN,NaN,NaN

INPUT,0.390339940786362,0.0449673160910606,0.772724092006683,-2.33792567253113,3.05396914482117,-1.58766484260559,K,9
OUTPUT,NaN,NaN,NaN,NaN,NaN,NaN

INPUT,0.36905711889267,0.03989028185606,0.7317995429039,-2.3388888835907,3.12548351287842,-1.59762859344482,K,5
OUTPUT,NaN,NaN,NaN,NaN,NaN,NaN

INPUT,0.377109974622726,0.0408170446753502,0.747588098049164,-2.38492131233215,3.12330913543701,-1.51290965080261,K,6
OUTPUT,NaN,NaN,NaN,NaN,NaN,NaN

INPUT,0.383373320102692,0.0415378585457802,0.759868144989014,-2.42360329627991,3.1216676235199,-1.44989466667175,K,7
OUTPUT,NaN,NaN,NaN,NaN,NaN,NaN

INPUT,0.387847155332565,0.0420527271926403,0.76863956451416,-2.45238089561462,3.12052488327026,-1.40603053569794,K,8
OUTPUT,NaN,NaN,NaN,NaN,NaN,NaN

INPUT,0.390531450510025,0.0423616468906403,0.773902416229248,-2.47002530097961,3.11985182762146,-1.38008916378021,K,9
OUTPUT,NaN,NaN,NaN,NaN,NaN,NaN

INPUT,0.36232191324234,0.0326178595423698,0.738235056400299,0.575742542743683,3.12078332901001,1.45161271095276,K,5
OUTPUT,NaN,NaN,NaN,NaN,NaN,NaN

INPUT,0.368052393198013,0.0323132984340191,0.75195324420929,0.499714642763138,3.11750149726868,1.50916743278503,K,6
OUTPUT,NaN,NaN,NaN,NaN,NaN,NaN

INPUT,0.372509449720383,0.0320764146745205,0.762622892856598,0.442136079072952,3.11502146720886,1.55549001693726,K,7
OUTPUT,NaN,NaN,NaN,NaN,NaN,NaN

INPUT,0.375693053007126,0.0319072157144547,0.770244121551514,0.401604533195496,3.11329317092896,1.58917558193207,K,8
OUTPUT,NaN,NaN,NaN,NaN,NaN,NaN

INPUT,0.377603203058243,0.031805694103241,0.774816870689392,0.3774773478508,3.11227464675903,1.60957956314087,K,9
OUTPUT,NaN,NaN,NaN,NaN,NaN,NaN

INPUT,0.359711408615112,0.0325743220746517,0.724579751491547,0.689806997776031,3.13362598419189,1.44161629676819,K,4
OUTPUT,NaN,NaN,NaN,NaN,NaN,NaN

INPUT,0.365875899791718,0.0322030670940876,0.738127112388611,0.591526865959167,3.13182044029236,1.47869491577148,K,5
OUTPUT,NaN,NaN,NaN,NaN,NaN,NaN

INPUT,0.372040390968323,0.0318318121135235,0.751674473285675,0.502722144126892,3.13005328178406,1.52525007724762,K,6
OUTPUT,NaN,NaN,NaN,NaN,NaN,NaN

INPUT,0.376834988594055,0.0315430574119091,0.762211322784424,0.437613010406494,3.12871217727661,1.5654217004776,K,7
OUTPUT,NaN,NaN,NaN,NaN,NaN,NaN

INPUT,0.380259692668915,0.0313368067145348,0.769737660884857,0.392573148012161,3.12777495384216,1.59558296203613,K,8
OUTPUT,NaN,NaN,NaN,NaN,NaN,NaN

INPUT,0.382314532995224,0.031213054433465,0.77425342798233,0.366011381149292,3.12722158432007,1.61414229869843,K,9
OUTPUT,NaN,NaN,NaN,NaN,NaN,NaN

INPUT,0.360020071268082,0.0355247557163239,0.723985612392426,-2.6216938495636,3.13701486587524,-2.04816555976868,K,4
OUTPUT,NaN,NaN,NaN,NaN,NaN,NaN

INPUT,0.366177022457123,0.0356848165392876,0.737384438514709,-2.63588404655457,3.1368043422699,-1.95829510688782,K,5
OUTPUT,NaN,NaN,NaN,NaN,NaN,NaN

INPUT,0.372333943843842,0.0358448773622513,0.750783264636993,-2.65321588516235,3.13660049438477,-1.87156617641449,K,6
OUTPUT,NaN,NaN,NaN,NaN,NaN,NaN

INPUT,0.377122670412064,0.035969365388155,0.761204600334167,-2.66849446296692,3.13644814491272,-1.80626773834229,K,7
OUTPUT,NaN,NaN,NaN,NaN,NaN,NaN

INPUT,0.380543202161789,0.0360582880675793,0.768648386001587,-2.68021035194397,3.13634324073792,-1.76077926158905,K,8
OUTPUT,NaN,NaN,NaN,NaN,NaN,NaN

INPUT,0.382595509290695,0.0361116416752338,0.773114681243896,-2.68751740455627,3.13628196716309,-1.73394751548767,K,9
OUTPUT,NaN,NaN,NaN,NaN,NaN,NaN

INPUT,0.35050231218338,0.0248383693397045,0.740571558475494,0.620744287967682,3.03982615470886,1.39536535739899,K,5
OUTPUT,NaN,NaN,NaN,NaN,NaN,NaN

INPUT,0.3540059030056,0.0236284751445055,0.752075433731079,0.567914068698883,3.02727460861206,1.44388282299042,K,6
OUTPUT,NaN,NaN,NaN,NaN,NaN,NaN

INPUT,0.356730937957764,0.0226874481886625,0.761022865772247,0.527271568775177,3.01775336265564,1.48177933692932,K,7
OUTPUT,NaN,NaN,NaN,NaN,NaN,NaN

INPUT,0.358677357435226,0.0220152847468853,0.767413854598999,0.498517751693726,3.01110672950745,1.50882434844971,K,8
OUTPUT,NaN,NaN,NaN,NaN,NaN,NaN

INPUT,0.359845250844955,0.021611986681819,0.771248459815979,0.481388598680496,3.0071873664856,1.52501356601715,K,9
OUTPUT,NaN,NaN,NaN,NaN,NaN,NaN

INPUT,0.34882664680481,0.0297842603176832,0.74370139837265,0.563486337661743,3.06390357017517,1.31082653999329,K,13
OUTPUT,NaN,NaN,NaN,NaN,NaN,NaN

INPUT,0.35167795419693,0.0293321684002876,0.754889845848083,0.527328252792358,3.05681943893433,1.34590566158295,K,14
OUTPUT,NaN,NaN,NaN,NaN,NaN,NaN

INPUT,0.35452926158905,0.028880076482892,0.766078233718872,0.491242170333862,3.04984259605408,1.38107812404633,K,15
OUTPUT,NaN,NaN,NaN,NaN,NaN,NaN

INPUT,0.357095450162888,0.0284731946885586,0.776147782802582,0.458810180425644,3.04366278648376,1.41279816627502,K,16
OUTPUT,NaN,NaN,NaN,NaN,NaN,NaN

INPUT,0.359091371297836,0.0281567294150591,0.783979713916779,0.433608025312424,3.03892540931702,1.43750536441803,K,17
OUTPUT,NaN,NaN,NaN,NaN,NaN,NaN

INPUT,0.360517024993896,0.0279306843876839,0.789573907852173,0.415616363286972,3.03558039665222,1.4551705121994,K,18
OUTPUT,NaN,NaN,NaN,NaN,NaN,NaN

INPUT,0.361372441053391,0.0277950558811426,0.792930424213409,0.404824644327164,3.03358960151672,1.465775847435,K,19
OUTPUT,NaN,NaN,NaN,NaN,NaN,NaN

INPUT,0.361657559871674,0.0277498476207256,0.794049263000488,0.401227921247482,3.03292870521545,1.46931207180023,K,20
OUTPUT,NaN,NaN,NaN,NaN,NaN,NaN

INPUT,0.355676084756851,0.0333530567586422,0.733203291893005,0.574236035346985,3.1167094707489,1.48866546154022,K,12
OUTPUT,NaN,NaN,NaN,NaN,NaN,NaN

INPUT,0.359546840190887,0.0332285575568676,0.744467496871948,0.523580431938171,3.1142098903656,1.53425765037537,K,13
OUTPUT,NaN,NaN,NaN,NaN,NaN,NaN

INPUT,0.363417565822601,0.0331040546298027,0.755731642246246,0.473342448472977,3.11177372932434,1.58027029037476,K,14
OUTPUT,NaN,NaN,NaN,NaN,NaN,NaN

INPUT,0.367288321256638,0.0329795517027378,0.766995847225189,0.423417955636978,3.10940647125244,1.62659990787506,K,15
OUTPUT,NaN,NaN,NaN,NaN,NaN,NaN

INPUT,0.370772004127502,0.0328674986958504,0.777133643627167,0.378693580627441,3.10733938217163,1.66850769519806,K,16
OUTPUT,NaN,NaN,NaN,NaN,NaN,NaN

INPUT,0.373481512069702,0.0327803492546082,0.785018563270569,0.344017922878265,3.10577583312988,1.70121431350708,K,17
OUTPUT,NaN,NaN,NaN,NaN,NaN,NaN

INPUT,0.375416904687881,0.0327180959284306,0.790650606155396,0.319299459457397,3.1046838760376,1.72462737560272,K,18
OUTPUT,NaN,NaN,NaN,NaN,NaN,NaN

INPUT,0.376578122377396,0.0326807461678982,0.794029891490936,0.304486274719238,3.10403895378113,1.73869347572327,K,19
OUTPUT,NaN,NaN,NaN,NaN,NaN,NaN

INPUT,0.376965194940567,0.0326682962477207,0.795156300067902,0.299551367759705,3.10382556915283,1.74338507652283,K,20
OUTPUT,NaN,NaN,NaN,NaN,NaN,NaN

INPUT,0.360023885965347,0.0295556411147118,0.732837080955505,0.819631338119507,3.12454128265381,1.49114739894867,K,12
OUTPUT,NaN,NaN,NaN,NaN,NaN,NaN

INPUT,0.364354133605957,0.029031828045845,0.744059503078461,0.780652642250061,3.12274670600891,1.52283751964569,K,13
OUTPUT,NaN,NaN,NaN,NaN,NaN,NaN

INPUT,0.368684351444244,0.0285080168396235,0.755281865596771,0.742303669452667,3.12097549438477,1.55515837669373,K,14
OUTPUT,NaN,NaN,NaN,NaN,NaN,NaN

INPUT,0.373014599084854,0.0279842037707567,0.766504287719727,0.70442795753479,3.11922979354858,1.58795404434204,K,15
OUTPUT,NaN,NaN,NaN,NaN,NaN,NaN

INPUT,0.376911789178848,0.0275127720087767,0.776604473590851,0.670653998851776,3.11768245697021,1.61778545379639,K,16
OUTPUT,NaN,NaN,NaN,NaN,NaN,NaN

INPUT,0.379942953586578,0.02714610286057,0.784460186958313,0.644551932811737,3.11649560928345,1.64115488529205,K,17
OUTPUT,NaN,NaN,NaN,NaN,NaN,NaN

INPUT,0.382108092308044,0.0268841981887817,0.790071368217468,0.625983536243439,3.11565709114075,1.65792381763458,K,18
OUTPUT,NaN,NaN,NaN,NaN,NaN,NaN

INPUT,0.383407145738602,0.0267270542681217,0.793438076972961,0.614869773387909,3.11515784263611,1.66801249980927,K,19
OUTPUT,NaN,NaN,NaN,NaN,NaN,NaN

INPUT,0.383840173482895,0.026674672961235,0.794560313224792,0.611169338226318,3.11499214172363,1.67137980461121,K,20
OUTPUT,NaN,NaN,NaN,NaN,NaN,NaN

INPUT,0.36180704832077,0.0334076732397079,0.737229347229004,0.52762359380722,3.11459875106812,1.5417457818985,K,5
OUTPUT,NaN,NaN,NaN,NaN,NaN,NaN

INPUT,0.367523729801178,0.0332217216491699,0.750888168811798,0.444452285766602,3.11055064201355,1.61326217651367,K,6
OUTPUT,NaN,NaN,NaN,NaN,NaN,NaN

INPUT,0.371970057487488,0.0330770909786224,0.761511743068695,0.380699634552002,3.10752892494202,1.66982841491699,K,7
OUTPUT,NaN,NaN,NaN,NaN,NaN,NaN

INPUT,0.375145971775055,0.0329737849533558,0.769099950790405,0.335521876811981,3.10544490814209,1.71059656143188,K,8
OUTPUT,NaN,NaN,NaN,NaN,NaN,NaN

INPUT,0.377051562070847,0.0329117998480797,0.773652911186218,0.308531194925308,3.1042263507843,1.73517501354218,K,9
OUTPUT,NaN,NaN,NaN,NaN,NaN,NaN

INPUT,0.360316634178162,0.0300608165562153,0.723672330379486,0.882054030895233,3.12597632408142,1.51249611377716,K,4
OUTPUT,NaN,NaN,NaN,NaN,NaN,NaN

INPUT,0.366658747196198,0.0292452834546566,0.737144589424133,0.803443014621735,3.12296843528748,1.54825019836426,K,5
OUTPUT,NaN,NaN,NaN,NaN,NaN,NaN

INPUT,0.373000919818878,0.0284297522157431,0.750616788864136,0.730750799179077,3.12001514434814,1.58992624282837,K,6
OUTPUT,NaN,NaN,NaN,NaN,NaN,NaN

INPUT,0.3779336810112,0.0277954488992691,0.76109516620636,0.67712813615799,3.11777567863464,1.62478232383728,K,7
OUTPUT,NaN,NaN,NaN,NaN,NaN,NaN

INPUT,0.381457090377808,0.0273423753678799,0.768579721450806,0.640102207660675,3.11621451377869,1.65049266815186,K,8
OUTPUT,NaN,NaN,NaN,NaN,NaN,NaN

INPUT,0.383571147918701,0.0270705316215754,0.773070454597473,0.618347525596619,3.11529541015625,1.66613745689392,K,9
OUTPUT,NaN,NaN,NaN,NaN,NaN,NaN

INPUT,0.353507161140442,0.0301468260586262,0.742566823959351,0.550431847572327,3.06025505065918,1.33485746383667,K,5
OUTPUT,NaN,NaN,NaN,NaN,NaN,NaN

INPUT,0.357160151004791,0.029588870704174,0.753942966461182,0.495910227298737,3.05014204978943,1.38301479816437,K,6
OUTPUT,NaN,NaN,NaN,NaN,NaN,NaN

INPUT,0.3600013256073,0.0291549041867256,0.762791097164154,0.454114645719528,3.04247426986694,1.42076480388641,K,7
OUTPUT,NaN,NaN,NaN,NaN,NaN,NaN

INPUT,0.362030774354935,0.028844928368926,0.769111156463623,0.42460885643959,3.0371241569519,1.44775581359863,K,8
OUTPUT,NaN,NaN,NaN,NaN,NaN,NaN

INPUT,0.363248437643051,0.0286589432507753,0.772903203964233,0.407053709030151,3.03397011756897,1.46392798423767,K,9
OUTPUT,NaN,NaN,NaN,NaN,NaN,NaN

INPUT,0.362005442380905,0.0315417349338531,0.73273116350174,1.33604919910431,3.1251974105835,1.56342792510986,K,12
OUTPUT,NaN,NaN,NaN,NaN,NaN,NaN

INPUT,0.366544425487518,0.031227258965373,0.743941605091095,1.31945943832397,3.12342405319214,1.57078182697296,K,13
OUTPUT,NaN,NaN,NaN,NaN,NaN,NaN

INPUT,0.371083408594131,0.0309127811342478,0.75515204668045,1.30370366573334,3.12165427207947,1.57894945144653,K,14
OUTPUT,NaN,NaN,NaN,NaN,NaN,NaN

INPUT,0.375622421503067,0.0305983051657677,0.766362428665161,1.28858292102814,3.11988949775696,1.58772504329681,K,15
OUTPUT,NaN,NaN,NaN,NaN,NaN,NaN

INPUT,0.379707515239716,0.0303152743726969,0.776451826095581,1.27540254592896,3.11830568313599,1.596022605896,K,16
OUTPUT,NaN,NaN,NaN,NaN,NaN,NaN

INPUT,0.382884800434113,0.0300951395183802,0.78429913520813,1.26538228988647,3.11707711219788,1.60268533229828,K,17
OUTPUT,NaN,NaN,NaN,NaN,NaN,NaN

INPUT,0.38515430688858,0.0299379006028175,0.789904356002808,1.25833213329315,3.11620163917542,1.6075382232666,K,18
OUTPUT,NaN,NaN,NaN,NaN,NaN,NaN

INPUT,0.386516004800797,0.029843557626009,0.793267488479614,1.25414109230042,3.11567735671997,1.61048328876495,K,19
OUTPUT,NaN,NaN,NaN,NaN,NaN,NaN

INPUT,0.386969894170761,0.0298121105879545,0.79438853263855,1.25275015830994,3.11550259590149,1.61147022247314,K,20
OUTPUT,NaN,NaN,NaN,NaN,NaN,NaN

INPUT,0.362353414297104,0.0301753748208284,0.734325289726257,0.908888459205627,3.1170756816864,1.50926959514618,K,12
OUTPUT,NaN,NaN,NaN,NaN,NaN,NaN

INPUT,0.366929054260254,0.0297170355916023,0.745703518390656,0.874734282493591,3.1145122051239,1.53829884529114,K,13
OUTPUT,NaN,NaN,NaN,NaN,NaN,NaN

INPUT,0.371504664421082,0.0292586982250214,0.757081747055054,0.841020166873932,3.11197566986084,1.56777036190033,K,14
OUTPUT,NaN,NaN,NaN,NaN,NaN,NaN

INPUT,0.376080334186554,0.0288003589957952,0.768459975719452,0.807637929916382,3.10946846008301,1.59757614135742,K,15
OUTPUT,NaN,NaN,NaN,NaN,NaN,NaN

INPUT,0.380198389291763,0.0283878538757563,0.778700351715088,0.777814745903015,3.10723948478699,1.62462413311005,K,16
OUTPUT,NaN,NaN,NaN,NaN,NaN,NaN

INPUT,0.383401334285736,0.0280670169740915,0.786665141582489,0.754736125469208,3.10552477836609,1.64578020572662,K,17
OUTPUT,NaN,NaN,NaN,NaN,NaN,NaN

INPUT,0.385689169168472,0.0278378464281559,0.792354226112366,0.738304853439331,3.1043107509613,1.66094601154327,K,18
OUTPUT,NaN,NaN,NaN,NaN,NaN,NaN

INPUT,0.38706186413765,0.0277003459632397,0.795767724514008,0.728465259075165,3.10358667373657,1.67006492614746,K,19
OUTPUT,NaN,NaN,NaN,NaN,NaN,NaN

INPUT,0.387519419193268,0.0276545118540525,0.796905517578125,0.725188374519348,3.10334610939026,1.67310774326324,K,20
OUTPUT,NaN,NaN,NaN,NaN,NaN,NaN

INPUT,0.357427388429642,0.0325127840042114,0.733715116977692,0.379392385482788,3.11859560012817,1.42692816257477,K,12
OUTPUT,NaN,NaN,NaN,NaN,NaN,NaN

INPUT,0.361484199762344,0.0323002859950066,0.745029985904694,0.322352647781372,3.11634039878845,1.48014545440674,K,13
OUTPUT,NaN,NaN,NaN,NaN,NaN,NaN

INPUT,0.365540981292725,0.0320877842605114,0.756344854831696,0.265620350837708,3.1141619682312,1.53367304801941,K,14
OUTPUT,NaN,NaN,NaN,NaN,NaN,NaN

INPUT,0.369597792625427,0.0318752862513065,0.767659723758698,0.209118247032166,3.11206698417664,1.5874342918396,K,15
OUTPUT,NaN,NaN,NaN,NaN,NaN,NaN

INPUT,0.373248934745789,0.0316840335726738,0.777843117713928,0.158418610692024,3.11025762557983,1.63597440719604,K,16
OUTPUT,NaN,NaN,NaN,NaN,NaN,NaN

INPUT,0.376088708639145,0.0315352827310562,0.785763561725616,0.119065560400486,3.10890364646912,1.6738098859787,K,17
OUTPUT,NaN,NaN,NaN,NaN,NaN,NaN

INPUT,0.378117114305496,0.0314290337264538,0.791420996189117,0.0909927636384964,3.10796618461609,1.70087242126465,K,18
OUTPUT,NaN,NaN,NaN,NaN,NaN,NaN

INPUT,0.379334151744843,0.0313652828335762,0.794815480709076,0.0741620063781738,3.10741591453552,1.71712350845337,K,19
OUTPUT,NaN,NaN,NaN,NaN,NaN,NaN

INPUT,0.379739820957184,0.0313440337777138,0.795946955680847,0.0685537308454514,3.10723447799683,1.72254264354706,K,20
OUTPUT,NaN,NaN,NaN,NaN,NaN,NaN

INPUT,0.353631436824799,0.0289935991168022,0.733157336711884,0.895586669445038,3.10474920272827,1.51871371269226,K,12
OUTPUT,NaN,NaN,NaN,NaN,NaN,NaN

INPUT,0.3572878241539,0.0284104980528355,0.744414687156677,0.860913455486298,3.10094118118286,1.54962944984436,K,13
OUTPUT,NaN,NaN,NaN,NaN,NaN,NaN

INPUT,0.360944211483002,0.027827400714159,0.755671977996826,0.8265580534935,3.09717679023743,1.58086800575256,K,14
OUTPUT,NaN,NaN,NaN,NaN,NaN,NaN

INPUT,0.364600598812103,0.0272442996501923,0.76692932844162,0.79244202375412,3.09346008300781,1.61235153675079,K,15
OUTPUT,NaN,NaN,NaN,NaN,NaN,NaN

INPUT,0.367891371250153,0.0267195105552673,0.777060925960541,0.761896789073944,3.09015893936157,1.64085078239441,K,16
OUTPUT,NaN,NaN,NaN,NaN,NaN,NaN

INPUT,0.370450854301453,0.0263113398104906,0.784941077232361,0.738223612308502,3.08762216567993,1.66310453414917,K,17
OUTPUT,NaN,NaN,NaN,NaN,NaN,NaN

INPUT,0.372279047966003,0.0260197911411524,0.790569722652435,0.721352696418762,3.08582758903503,1.67904031276703,K,18
OUTPUT,NaN,NaN,NaN,NaN,NaN,NaN

INPUT,0.373375952243805,0.0258448608219624,0.793946921825409,0.711243689060211,3.08475804328918,1.68861639499664,K,19
OUTPUT,NaN,NaN,NaN,NaN,NaN,NaN

INPUT,0.37374159693718,0.0257865507155657,0.795072674751282,0.707876324653625,3.08440279960632,1.69181060791016,K,20
OUTPUT,NaN,NaN,NaN,NaN,NaN,NaN

INPUT,0.370931923389435,0.0446172505617142,0.720912516117096,-2.34239792823792,3.0663480758667,-1.69019389152527,K,11
OUTPUT,NaN,NaN,NaN,NaN,NaN,NaN

INPUT,0.377054661512375,0.0458037853240967,0.732052445411682,-2.37990546226501,3.05795907974243,-1.65091109275818,K,12
OUTPUT,NaN,NaN,NaN,NaN,NaN,NaN

INPUT,0.383177429437637,0.0469903163611889,0.743192374706268,-2.41758728027344,3.04969334602356,-1.61177563667297,K,13
OUTPUT,NaN,NaN,NaN,NaN,NaN,NaN

INPUT,0.389300167560577,0.0481768436729908,0.75433224439621,-2.45540261268616,3.04156279563904,-1.57274496555328,K,14
OUTPUT,NaN,NaN,NaN,NaN,NaN,NaN

INPUT,0.395422905683517,0.049363374710083,0.765472173690796,-2.49332404136658,3.03357982635498,-1.53378927707672,K,15
OUTPUT,NaN,NaN,NaN,NaN,NaN,NaN

INPUT,0.400933384895325,0.0504312552511692,0.77549809217453,-2.52752804756165,3.02653098106384,-1.4987758398056,K,16
OUTPUT,NaN,NaN,NaN,NaN,NaN,NaN

INPUT,0.405219316482544,0.0512618273496628,0.783296048641205,-2.5541729927063,3.02114319801331,-1.47156608104706,K,17
OUTPUT,NaN,NaN,NaN,NaN,NaN,NaN

INPUT,0.408280700445175,0.0518550910055637,0.788865983486176,-2.57322549819946,3.01734805107117,-1.45214009284973,K,18
OUTPUT,NaN,NaN,NaN,NaN,NaN,NaN

INPUT,0.410117506980896,0.0522110499441624,0.792207956314087,-2.5846643447876,3.01509284973145,-1.44048774242401,K,19
OUTPUT,NaN,NaN,NaN,NaN,NaN,NaN

INPUT,0.410729795694351,0.0523297041654587,0.793321967124939,-2.58847856521606,3.01434469223022,-1.43660402297974,K,20
OUTPUT,NaN,NaN,NaN,NaN,NaN,NaN

INPUT,0.360854774713516,0.0351418070495129,0.721545815467834,-2.73516798019409,3.11641716957092,-1.86090815067291,K,11
OUTPUT,NaN,NaN,NaN,NaN,NaN,NaN

INPUT,0.365790009498596,0.0352131873369217,0.732763469219208,-2.78460574150085,3.11379814147949,-1.807501912117,K,12
OUTPUT,NaN,NaN,NaN,NaN,NaN,NaN

INPUT,0.370725244283676,0.0352845713496208,0.743981122970581,-2.83438324928284,3.11125230789185,-1.75443160533905,K,13
OUTPUT,NaN,NaN,NaN,NaN,NaN,NaN

INPUT,0.375660508871078,0.0353559516370296,0.75519871711731,-2.88441395759583,3.10878682136536,-1.70161092281342,K,14
OUTPUT,NaN,NaN,NaN,NaN,NaN,NaN

INPUT,0.380595743656158,0.0354273319244385,0.766416370868683,-2.9346387386322,3.10640788078308,-1.64898014068604,K,15
OUTPUT,NaN,NaN,NaN,NaN,NaN,NaN

INPUT,0.385037451982498,0.0354915782809258,0.776512265205383,-2.97997212409973,3.10434627532959,-1.60173952579498,K,16
OUTPUT,NaN,NaN,NaN,NaN,NaN,NaN

INPUT,0.38849213719368,0.035541545599699,0.784364581108093,-3.01530122756958,3.10279774665833,-1.5650646686554,K,17
OUTPUT,NaN,NaN,NaN,NaN,NaN,NaN

INPUT,0.390959739685059,0.0355772338807583,0.789973437786102,-3.04056859016418,3.101722240448,-1.5388993024826,K,18
OUTPUT,NaN,NaN,NaN,NaN,NaN,NaN

INPUT,0.392440319061279,0.0355986505746841,0.793338716030121,-3.05574059486389,3.10108947753906,-1.52321112155914,K,19
OUTPUT,NaN,NaN,NaN,NaN,NaN,NaN

INPUT,0.39293384552002,0.035605788230896,0.794460475444794,-3.06079983711243,3.10088062286377,-1.51798343658447,K,20
OUTPUT,NaN,NaN,NaN,NaN,NaN,NaN

INPUT,0.371392786502838,0.0436636582016945,0.715790450572968,-2.34028363227844,3.06582283973694,-1.70556080341339,K,4
OUTPUT,NaN,NaN,NaN,NaN,NaN,NaN

INPUT,0.381233870983124,0.0456046611070633,0.731062173843384,-2.4047429561615,3.05156016349792,-1.63325524330139,K,5
OUTPUT,NaN,NaN,NaN,NaN,NaN,NaN

INPUT,0.391074925661087,0.0475456677377224,0.746333956718445,-2.47030639648438,3.03771686553955,-1.561967253685,K,6
OUTPUT,NaN,NaN,NaN,NaN,NaN,NaN

INPUT,0.398729085922241,0.0490553379058838,0.758211970329285,-2.52180504798889,3.02728199958801,-1.50695979595184,K,7
OUTPUT,NaN,NaN,NaN,NaN,NaN,NaN

INPUT,0.404196321964264,0.0501336716115475,0.766696333885193,-2.5587911605835,3.02002477645874,-1.4678316116333,K,8
OUTPUT,NaN,NaN,NaN,NaN,NaN,NaN

INPUT,0.4074766933918,0.0507806725800037,0.771786868572235,-2.58104920387268,3.01575398445129,-1.44440543651581,K,9
OUTPUT,NaN,NaN,NaN,NaN,NaN,NaN

INPUT,0.362296968698502,0.0320095457136631,0.723944365978241,1.40459585189819,3.12595629692078,1.61865019798279,K,4
OUTPUT,NaN,NaN,NaN,NaN,NaN,NaN

INPUT,0.368871212005615,0.0315590538084507,0.737299084663391,1.35558187961578,3.12319087982178,1.60795176029205,K,5
OUTPUT,NaN,NaN,NaN,NaN,NaN,NaN

INPUT,0.375445485115051,0.0311085619032383,0.750653743743896,1.31437540054321,3.12042021751404,1.60506200790405,K,6
OUTPUT,NaN,NaN,NaN,NaN,NaN,NaN

INPUT,0.380558788776398,0.0307581778615713,0.761040687561035,1.28596353530884,3.11826610565186,1.60643458366394,K,7
OUTPUT,NaN,NaN,NaN,NaN,NaN,NaN

INPUT,0.384211182594299,0.03050790540874,0.768459916114807,1.26711821556091,3.11672973632813,1.60884642601013,K,8
OUTPUT,NaN,NaN,NaN,NaN,NaN,NaN

INPUT,0.386402577161789,0.0303577408194542,0.772911489009857,1.25628864765167,3.11580920219421,1.61076211929321,K,9
OUTPUT,NaN,NaN,NaN,NaN,NaN,NaN

INPUT,0.362959861755371,0.030754741281271,0.725764811038971,0.965031743049622,3.11858582496643,1.52915894985199,K,4
OUTPUT,NaN,NaN,NaN,NaN,NaN,NaN

INPUT,0.369612395763397,0.0300683602690697,0.739305913448334,0.895976185798645,3.11443567276001,1.56211972236633,K,5
OUTPUT,NaN,NaN,NaN,NaN,NaN,NaN

INPUT,0.376264959573746,0.0293819792568684,0.752847015857697,0.831675291061401,3.11034989356995,1.5998409986496,K,6
OUTPUT,NaN,NaN,NaN,NaN,NaN,NaN

INPUT,0.381439179182053,0.0288481283932924,0.763378977775574,0.784030020236969,3.10723781585693,1.63121163845062,K,7
OUTPUT,NaN,NaN,NaN,NaN,NaN,NaN

INPUT,0.385135054588318,0.0284668058156967,0.770901799201965,0.751032114028931,3.10505890846252,1.65432524681091,K,8
OUTPUT,NaN,NaN,NaN,NaN,NaN,NaN

INPUT,0.387352555990219,0.0282380115240812,0.775415539741516,0.731605112552643,3.10377168655396,1.66839253902435,K,9
OUTPUT,NaN,NaN,NaN,NaN,NaN,NaN

INPUT,0.363831698894501,0.0323762148618698,0.737975180149078,0.319029062986374,3.11692357063293,1.48060894012451,K,5
OUTPUT,NaN,NaN,NaN,NaN,NaN,NaN

INPUT,0.369805365800858,0.0320215709507465,0.751649260520935,0.22852036356926,3.11323142051697,1.56735944747925,K,6
OUTPUT,NaN,NaN,NaN,NaN,NaN,NaN

INPUT,0.374451577663422,0.0317457392811775,0.762284696102142,0.158422514796257,3.11051201820374,1.63513612747192,K,7
OUTPUT,NaN,NaN,NaN,NaN,NaN,NaN

INPUT,0.377770274877548,0.0315487124025822,0.769881427288055,0.108465783298016,3.10865950584412,1.6836644411087,K,8
OUTPUT,NaN,NaN,NaN,NaN,NaN,NaN

INPUT,0.379761517047882,0.0314305014908314,0.774439454078674,0.0785277783870697,3.10758590698242,1.71281898021698,K,9
OUTPUT,NaN,NaN,NaN,NaN,NaN,NaN

INPUT,0.359530508518219,0.0288795661181211,0.737008929252625,0.870428442955017,3.10075736045837,1.56192290782928,K,5
OUTPUT,NaN,NaN,NaN,NaN,NaN,NaN

INPUT,0.364959180355072,0.0280336737632751,0.750723600387573,0.810226500034332,3.0947151184082,1.60764527320862,K,6
OUTPUT,NaN,NaN,NaN,NaN,NaN,NaN

INPUT,0.369181454181671,0.0273757576942444,0.761390626430511,0.764770567417145,3.09012508392334,1.64420509338379,K,7
OUTPUT,NaN,NaN,NaN,NaN,NaN,NaN

INPUT,0.372197389602661,0.0269058179110289,0.769009947776794,0.732954204082489,3.08691883087158,1.67060661315918,K,8
OUTPUT,NaN,NaN,NaN,NaN,NaN,NaN

INPUT,0.374006927013397,0.0266238525509834,0.773581504821777,0.714114844799042,3.08502745628357,1.68650603294373,K,9
OUTPUT,NaN,NaN,NaN,NaN,NaN,NaN

INPUT,0.369614511728287,0.0352179631590843,0.731027245521545,-2.82586359977722,3.11162972450256,-1.7904611825943,K,5
OUTPUT,NaN,NaN,NaN,NaN,NaN,NaN

INPUT,0.37771737575531,0.0353339314460754,0.746669173240662,-2.90904760360718,3.10750150680542,-1.69098699092865,K,6
OUTPUT,NaN,NaN,NaN,NaN,NaN,NaN

INPUT,0.384019613265991,0.0354241244494915,0.758835136890411,-2.97496724128723,3.10448431968689,-1.61483108997345,K,7
OUTPUT,NaN,NaN,NaN,NaN,NaN,NaN

INPUT,0.388521194458008,0.0354885533452034,0.76752507686615,-3.02252626419067,3.10244226455688,-1.56090247631073,K,8
OUTPUT,NaN,NaN,NaN,NaN,NaN,NaN

INPUT,0.391222149133682,0.0355272069573402,0.772739052772522,-3.05121445655823,3.10126495361328,-1.52869653701782,K,9
OUTPUT,NaN,NaN,NaN,NaN,NaN,NaN

INPUT,0.361184030771255,0.0355930253863335,0.721538662910461,-2.46344542503357,3.12482571601868,-1.84205102920532,K,11
OUTPUT,NaN,NaN,NaN,NaN,NaN,NaN

INPUT,0.366158038377762,0.0357174351811409,0.732755661010742,-2.49613904953003,3.1230354309082,-1.8016574382782,K,12
OUTPUT,NaN,NaN,NaN,NaN,NaN,NaN

INPUT,0.371132016181946,0.0358418449759483,0.743972718715668,-2.52950692176819,3.1212694644928,-1.76193690299988,K,13
OUTPUT,NaN,NaN,NaN,NaN,NaN,NaN

INPUT,0.37610599398613,0.0359662547707558,0.755189716815948,-2.56338000297546,3.11953043937683,-1.72272050380707,K,14
OUTPUT,NaN,NaN,NaN,NaN,NaN,NaN

INPUT,0.381080001592636,0.0360906645655632,0.766406774520874,-2.5976414680481,3.11782097816467,-1.68389081954956,K,15
OUTPUT,NaN,NaN,NaN,NaN,NaN,NaN

INPUT,0.385556578636169,0.0362026356160641,0.776502072811127,-2.62873911857605,3.11630916595459,-1.649205327034,K,16
OUTPUT,NaN,NaN,NaN,NaN,NaN,NaN

INPUT,0.389038383960724,0.0362897217273712,0.784354031085968,-2.65306758880615,3.11515235900879,-1.6223680973053,K,17
OUTPUT,NaN,NaN,NaN,NaN,NaN,NaN

INPUT,0.391525357961655,0.0363519266247749,0.789962530136108,-2.67051005363464,3.1143364906311,-1.60326302051544,K,18
OUTPUT,NaN,NaN,NaN,NaN,NaN,NaN

INPUT,0.393017560243607,0.0363892465829849,0.793327629566193,-2.68099880218506,3.11385130882263,-1.59182333946228,K,19
OUTPUT,NaN,NaN,NaN,NaN,NaN,NaN

INPUT,0.393514961004257,0.0364016890525818,0.794449329376221,-2.68449878692627,3.11369013786316,-1.58801376819611,K,20
OUTPUT,NaN,NaN,NaN,NaN,NaN,NaN

INPUT,0.370224684476852,0.0427956655621529,0.720017194747925,-2.3233630657196,3.04330325126648,-1.67587554454803,K,11
OUTPUT,NaN,NaN,NaN,NaN,NaN,NaN

INPUT,0.376263529062271,0.0437676273286343,0.731053471565247,-2.36076307296753,3.0323121547699,-1.63698017597198,K,12
OUTPUT,NaN,NaN,NaN,NaN,NaN,NaN

INPUT,0.382302403450012,0.0447395890951157,0.742089807987213,-2.39832162857056,3.021479845047,-1.59819793701172,K,13
OUTPUT,NaN,NaN,NaN,NaN,NaN,NaN

INPUT,0.388341248035431,0.0457115471363068,0.753126084804535,-2.43600511550903,3.01082229614258,-1.55949151515961,K,14
OUTPUT,NaN,NaN,NaN,NaN,NaN,NaN

INPUT,0.394380122423172,0.0466835089027882,0.764162421226501,-2.47379159927368,3.00035500526428,-1.52083492279053,K,15
OUTPUT,NaN,NaN,NaN,NaN,NaN,NaN

INPUT,0.399815082550049,0.0475582741200924,0.774095058441162,-2.50787448883057,2.99111008644104,-1.48607134819031,K,16
OUTPUT,NaN,NaN,NaN,NaN,NaN,NaN

INPUT,0.404042303562164,0.0482386462390423,0.781820476055145,-2.53442692756653,2.98404169082642,-1.45904397964478,K,17
OUTPUT,NaN,NaN,NaN,NaN,NaN,NaN

INPUT,0.407061725854874,0.0487246289849281,0.787338674068451,-2.55341482162476,2.97906160354614,-1.43974220752716,K,18
OUTPUT,NaN,NaN,NaN,NaN,NaN,NaN

INPUT,0.408873379230499,0.0490162149071693,0.79064953327179,-2.56481552124023,2.97610187530518,-1.42816185951233,K,19
OUTPUT,NaN,NaN,NaN,NaN,NaN,NaN

INPUT,0.409477263689041,0.0491134114563465,0.791753172874451,-2.56861734390259,2.97512006759644,-1.42430186271667,K,20
OUTPUT,NaN,NaN,NaN,NaN,NaN,NaN

INPUT,0.362884342670441,0.0345868542790413,0.734311938285828,-2.23436617851257,3.13502335548401,-1.66982686519623,K,12
OUTPUT,NaN,NaN,NaN,NaN,NaN,NaN

INPUT,0.367515504360199,0.0345927327871323,0.745689690113068,-2.25413227081299,3.13442873954773,-1.63018870353699,K,13
OUTPUT,NaN,NaN,NaN,NaN,NaN,NaN

INPUT,0.372146666049957,0.0345986075699329,0.757067441940308,-2.27541470527649,3.13384008407593,-1.59206712245941,K,14
OUTPUT,NaN,NaN,NaN,NaN,NaN,NaN

INPUT,0.376777827739716,0.0346044860780239,0.768445193767548,-2.29788064956665,3.13325762748718,-1.55512845516205,K,15
OUTPUT,NaN,NaN,NaN,NaN,NaN,NaN

INPUT,0.380945861339569,0.0346097759902477,0.778685212135315,-2.31890964508057,3.13273930549622,-1.52269315719604,K,16
OUTPUT,NaN,NaN,NaN,NaN,NaN,NaN

INPUT,0.384187698364258,0.0346138887107372,0.786649644374847,-2.3357048034668,3.13234043121338,-1.49790513515472,K,17
OUTPUT,NaN,NaN,NaN,NaN,NaN,NaN

INPUT,0.386503279209137,0.0346168279647827,0.792338490486145,-2.34790539741516,3.13205790519714,-1.48040342330933,K,18
OUTPUT,NaN,NaN,NaN,NaN,NaN,NaN

INPUT,0.387892603874207,0.0346185900270939,0.795751810073853,-2.35529971122742,3.13188934326172,-1.46997618675232,K,19
OUTPUT,NaN,NaN,NaN,NaN,NaN,NaN

INPUT,0.388355731964111,0.034619178622961,0.79688960313797,-2.35777616500854,3.13183331489563,-1.46651208400726,K,20
OUTPUT,NaN,NaN,NaN,NaN,NaN,NaN

INPUT,0.361433923244476,0.0389232188463211,0.721640706062317,-2.41634774208069,3.11003136634827,-1.80919301509857,K,11
OUTPUT,NaN,NaN,NaN,NaN,NaN,NaN

INPUT,0.366439431905746,0.0394399240612984,0.732866168022156,-2.45020866394043,3.10654997825623,-1.77163434028625,K,12
OUTPUT,NaN,NaN,NaN,NaN,NaN,NaN

INPUT,0.371444940567017,0.0399566292762756,0.744091629981995,-2.48440432548523,3.10311317443848,-1.73440587520599,K,13
OUTPUT,NaN,NaN,NaN,NaN,NaN,NaN

INPUT,0.376450449228287,0.0404733307659626,0.755317091941833,-2.51884937286377,3.09972548484802,-1.69742226600647,K,14
OUTPUT,NaN,NaN,NaN,NaN,NaN,NaN

INPUT,0.381455957889557,0.0409900359809399,0.766542553901672,-2.55348563194275,3.09639096260071,-1.66062486171722,K,15
OUTPUT,NaN,NaN,NaN,NaN,NaN,NaN

INPUT,0.385960936546326,0.0414550676941872,0.776645481586456,-2.58478760719299,3.09343910217285,-1.6276319026947,K,16
OUTPUT,NaN,NaN,NaN,NaN,NaN,NaN

INPUT,0.389464795589447,0.0418167598545551,0.784503281116486,-2.60920286178589,3.09117746353149,-1.60203695297241,K,17
OUTPUT,NaN,NaN,NaN,NaN,NaN,NaN

INPUT,0.391967535018921,0.0420751124620438,0.790116012096405,-2.62667465209961,3.08958125114441,-1.58378529548645,K,18
OUTPUT,NaN,NaN,NaN,NaN,NaN,NaN

INPUT,0.39346918463707,0.0422301255166531,0.793483674526215,-2.63716912269592,3.08863139152527,-1.5728452205658,K,19
OUTPUT,NaN,NaN,NaN,NaN,NaN,NaN

INPUT,0.393969744443893,0.0422817952930927,0.79460620880127,-2.64066910743713,3.08831596374512,-1.5692001581192,K,20
OUTPUT,NaN,NaN,NaN,NaN,NaN,NaN

INPUT,0.367282748222351,0.041489377617836,0.72156810760498,-2.32464098930359,3.07956218719482,-1.78201687335968,K,11
OUTPUT,NaN,NaN,NaN,NaN,NaN,NaN

INPUT,0.372976154088974,0.0423079505562782,0.732785046100616,-2.35555768013,3.0725691318512,-1.74907147884369,K,12
OUTPUT,NaN,NaN,NaN,NaN,NaN,NaN

INPUT,0.378669530153275,0.0431265234947205,0.744001984596252,-2.38666796684265,3.0656464099884,-1.71630418300629,K,13
OUTPUT,NaN,NaN,NaN,NaN,NaN,NaN

INPUT,0.384362906217575,0.0439450964331627,0.755218923091888,-2.41792416572571,3.05880093574524,-1.68366634845734,K,14
OUTPUT,NaN,NaN,NaN,NaN,NaN,NaN

INPUT,0.390056282281876,0.0447636730968952,0.766435861587524,-2.44929432868958,3.05203986167908,-1.65112435817719,K,15
OUTPUT,NaN,NaN,NaN,NaN,NaN,NaN

INPUT,0.395180344581604,0.045500386506319,0.776531100273132,-2.47760605812073,3.04603266716003,-1.62189877033234,K,16
OUTPUT,NaN,NaN,NaN,NaN,NaN,NaN

INPUT,0.399165719747543,0.0460733883082867,0.784382939338684,-2.49966955184937,3.04141497612,-1.5991997718811,K,17
OUTPUT,NaN,NaN,NaN,NaN,NaN,NaN

INPUT,0.402012407779694,0.0464826785027981,0.789991438388824,-2.51544976234436,3.03814697265625,-1.58300030231476,K,18
OUTPUT,NaN,NaN,NaN,NaN,NaN,NaN

INPUT,0.403720408678055,0.0467282496392727,0.793356478214264,-2.52492523193359,3.03619885444641,-1.5732855796814,K,19
OUTPUT,NaN,NaN,NaN,NaN,NaN,NaN

INPUT,0.404289752244949,0.0468101054430008,0.794478178024292,-2.52808499336243,3.03555154800415,-1.57004809379578,K,20
OUTPUT,NaN,NaN,NaN,NaN,NaN,NaN

INPUT,0.369429618120193,0.0421086773276329,0.720492959022522,-2.24671077728271,3.05243611335754,-1.7617461681366,K,11
OUTPUT,NaN,NaN,NaN,NaN,NaN,NaN

INPUT,0.375375688076019,0.043000154197216,0.731583476066589,-2.27451825141907,3.04227948188782,-1.73243474960327,K,12
OUTPUT,NaN,NaN,NaN,NaN,NaN,NaN

INPUT,0.381321787834167,0.0438916347920895,0.742673993110657,-2.30247926712036,3.03220367431641,-1.70324766635895,K,13
OUTPUT,NaN,NaN,NaN,NaN,NaN,NaN

INPUT,0.387267887592316,0.0447831116616726,0.753764510154724,-2.33055877685547,3.02221703529358,-1.67414784431458,K,14
OUTPUT,NaN,NaN,NaN,NaN,NaN,NaN

INPUT,0.393213957548141,0.045674592256546,0.764854967594147,-2.35873365402222,3.01232767105103,-1.64510953426361,K,15
OUTPUT,NaN,NaN,NaN,NaN,NaN,NaN

INPUT,0.39856544137001,0.046476922929287,0.774836480617523,-2.38415932655334,3.00351738929749,-1.61901211738586,K,16
OUTPUT,NaN,NaN,NaN,NaN,NaN,NaN

INPUT,0.402727693319321,0.0471009574830532,0.782599806785583,-2.40397357940674,2.99672770500183,-1.59873127937317,K,17
OUTPUT,NaN,NaN,NaN,NaN,NaN,NaN

INPUT,0.405700743198395,0.0475466959178448,0.788145065307617,-2.41814541816711,2.99191331863403,-1.58425199985504,K,18
OUTPUT,NaN,NaN,NaN,NaN,NaN,NaN

INPUT,0.40748456120491,0.047814141958952,0.791472196578979,-2.42665553092957,2.98903942108154,-1.57556653022766,K,19
OUTPUT,NaN,NaN,NaN,NaN,NaN,NaN

INPUT,0.40807917714119,0.0479032881557941,0.792581260204315,-2.42949342727661,2.9880838394165,-1.57267165184021,K,20
OUTPUT,NaN,NaN,NaN,NaN,NaN,NaN

INPUT,0.363541036844254,0.0352158807218075,0.72250896692276,-2.54272532463074,3.1118631362915,-1.79842281341553,K,11
OUTPUT,NaN,NaN,NaN,NaN,NaN,NaN

INPUT,0.368794232606888,0.0352964699268341,0.733836591243744,-2.58470249176025,3.1086585521698,-1.75284433364868,K,12
OUTPUT,NaN,NaN,NaN,NaN,NaN,NaN

INPUT,0.374047428369522,0.0353770591318607,0.745164215564728,-2.62699866294861,3.10551714897156,-1.70758020877838,K,13
OUTPUT,NaN,NaN,NaN,NaN,NaN,NaN

INPUT,0.379300624132156,0.0354576483368874,0.756491780281067,-2.66953301429749,3.10244464874268,-1.66254937648773,K,14
OUTPUT,NaN,NaN,NaN,NaN,NaN,NaN

INPUT,0.384553819894791,0.035538237541914,0.767819404602051,-2.7122495174408,3.09944701194763,-1.61769556999207,K,15
OUTPUT,NaN,NaN,NaN,NaN,NaN,NaN

INPUT,0.389281719923019,0.035610768944025,0.778014242649078,-2.75081777572632,3.09681820869446,-1.57744574546814,K,16
OUTPUT,NaN,NaN,NaN,NaN,NaN,NaN

INPUT,0.392958968877792,0.0356671810150146,0.785943567752838,-2.78088140487671,3.0948212146759,-1.54620325565338,K,17
OUTPUT,NaN,NaN,NaN,NaN,NaN,NaN

INPUT,0.395585566759109,0.0357074774801731,0.79160737991333,-2.80238580703735,3.09342169761658,-1.52391588687897,K,18
OUTPUT,NaN,NaN,NaN,NaN,NaN,NaN

INPUT,0.397161513566971,0.0357316546142101,0.795005619525909,-2.81529951095581,3.09259295463562,-1.5105539560318,K,19
OUTPUT,NaN,NaN,NaN,NaN,NaN,NaN

INPUT,0.397686839103699,0.0357397124171257,0.796138405799866,-2.81960582733154,3.09231853485107,-1.50610148906708,K,20
OUTPUT,NaN,NaN,NaN,NaN,NaN,NaN

INPUT,0.370143622159958,0.0356595516204834,0.730981945991516,-2.53194379806519,3.12128520011902,-1.79606795310974,K,5
OUTPUT,NaN,NaN,NaN,NaN,NaN,NaN

INPUT,0.378377050161362,0.0358380675315857,0.746633052825928,-2.58474397659302,3.11846399307251,-1.71905279159546,K,6
OUTPUT,NaN,NaN,NaN,NaN,NaN,NaN

INPUT,0.384780824184418,0.0359769128262997,0.758806049823761,-2.62765622138977,3.11633443832397,-1.66099441051483,K,7
OUTPUT,NaN,NaN,NaN,NaN,NaN,NaN

INPUT,0.389354944229126,0.0360760875046253,0.767501056194305,-2.65903806686401,3.11485171318054,-1.6202529668808,K,8
OUTPUT,NaN,NaN,NaN,NaN,NaN,NaN

INPUT,0.392099440097809,0.036135595291853,0.772718071937561,-2.67810678482056,3.11397838592529,-1.59604692459106,K,9
OUTPUT,NaN,NaN,NaN,NaN,NaN,NaN

INPUT,0.370442539453506,0.0416407436132431,0.714874744415283,-2.31872367858887,3.04276180267334,-1.68918263912201,K,4
OUTPUT,NaN,NaN,NaN,NaN,NaN,NaN

INPUT,0.38003808259964,0.0431432090699673,0.730003952980042,-2.38390922546387,3.02403354644775,-1.61832368373871,K,5
OUTPUT,NaN,NaN,NaN,NaN,NaN,NaN

INPUT,0.389633655548096,0.0446456745266914,0.745133221149445,-2.44993925094604,3.0058479309082,-1.54816150665283,K,6
OUTPUT,NaN,NaN,NaN,NaN,NaN,NaN

INPUT,0.397096872329712,0.045814260840416,0.756900429725647,-2.50169491767883,2.99213290214539,-1.49387633800507,K,7
OUTPUT,NaN,NaN,NaN,NaN,NaN,NaN

INPUT,0.402427762746811,0.0466489642858505,0.765305519104004,-2.53882765769958,2.982590675354,-1.45520031452179,K,8
OUTPUT,NaN,NaN,NaN,NaN,NaN,NaN

INPUT,0.405626267194748,0.0471497848629951,0.770348608493805,-2.56116342544556,2.97697377204895,-1.43202352523804,K,9
OUTPUT,NaN,NaN,NaN,NaN,NaN,NaN

INPUT,0.370268970727921,0.0394311472773552,0.731194972991943,-2.47934484481812,3.10368847846985,-1.76052749156952,K,5
OUTPUT,NaN,NaN,NaN,NaN,NaN,NaN

INPUT,0.378464937210083,0.0402732565999031,0.746833264827728,-2.53618621826172,3.09799432754517,-1.69042837619781,K,6
OUTPUT,NaN,NaN,NaN,NaN,NaN,NaN

INPUT,0.384839594364166,0.0409282259643078,0.758996307849884,-2.58147692680359,3.09368491172791,-1.63697695732117,K,7
OUTPUT,NaN,NaN,NaN,NaN,NaN,NaN

INPUT,0.389392912387848,0.0413960628211498,0.767684280872345,-2.61424875259399,3.09067702293396,-1.59921264648438,K,8
OUTPUT,NaN,NaN,NaN,NaN,NaN,NaN

INPUT,0.392124891281128,0.0416767634451389,0.772897005081177,-2.63404893875122,3.08890247344971,-1.57668840885162,K,9
OUTPUT,NaN,NaN,NaN,NaN,NaN,NaN

INPUT,0.367797195911407,0.0407248102128506,0.716071546077728,-2.32309055328369,3.07914328575134,-1.79577314853668,K,4
OUTPUT,NaN,NaN,NaN,NaN,NaN,NaN

INPUT,0.376998841762543,0.0420130118727684,0.731561839580536,-2.37640976905823,3.06717538833618,-1.7345370054245,K,5
OUTPUT,NaN,NaN,NaN,NaN,NaN,NaN

INPUT,0.386200487613678,0.0433012172579765,0.747052133083344,-2.43084263801575,3.0554506778717,-1.67436361312866,K,6
OUTPUT,NaN,NaN,NaN,NaN,NaN,NaN

INPUT,0.393357306718826,0.0443031527101994,0.759100198745728,-2.47344970703125,3.04657244682312,-1.6282776594162,K,7
OUTPUT,NaN,NaN,NaN,NaN,NaN,NaN

INPUT,0.39846932888031,0.0450188182294369,0.767705917358398,-2.50385165214539,3.04039001464844,-1.59577584266663,K,8
OUTPUT,NaN,NaN,NaN,NaN,NaN,NaN

INPUT,0.401536554098129,0.0454482212662697,0.772869348526001,-2.5220365524292,3.03675174713135,-1.57645606994629,K,9
OUTPUT,NaN,NaN,NaN,NaN,NaN,NaN

INPUT,0.369766741991043,0.0409374833106995,0.715217769145966,-2.24127840995789,3.05184745788574,-1.77077865600586,K,4
OUTPUT,NaN,NaN,NaN,NaN,NaN,NaN

INPUT,0.379295468330383,0.0422524213790894,0.730464458465576,-2.29066967964172,3.03446936607361,-1.71759831905365,K,5
OUTPUT,NaN,NaN,NaN,NaN,NaN,NaN

INPUT,0.388824224472046,0.0435673631727695,0.745711207389832,-2.34063339233398,3.01737260818481,-1.66489589214325,K,6
OUTPUT,NaN,NaN,NaN,NaN,NaN,NaN

INPUT,0.396235466003418,0.0445900931954384,0.75756973028183,-2.37959122657776,3.00435614585876,-1.62428200244904,K,7
OUTPUT,NaN,NaN,NaN,NaN,NaN,NaN

INPUT,0.4015291929245,0.0453206151723862,0.766040086746216,-2.40735936164856,2.99524521827698,-1.59551572799683,K,8
OUTPUT,NaN,NaN,NaN,NaN,NaN,NaN

INPUT,0.404705435037613,0.0457589253783226,0.771122336387634,-2.42396831512451,2.98986315727234,-1.57836759090424,K,9
OUTPUT,NaN,NaN,NaN,NaN,NaN,NaN

INPUT,0.372845113277435,0.0351596996188164,0.732371091842651,-2.6194896697998,3.10602259635925,-1.73816680908203,K,5
OUTPUT,NaN,NaN,NaN,NaN,NaN,NaN

INPUT,0.381451725959778,0.0352562814950943,0.748136043548584,-2.69027066230774,3.10086464881897,-1.65337681770325,K,6
OUTPUT,NaN,NaN,NaN,NaN,NaN,NaN

INPUT,0.38814577460289,0.0353313982486725,0.760397672653198,-2.74642634391785,3.09702062606812,-1.58852207660675,K,7
OUTPUT,NaN,NaN,NaN,NaN,NaN,NaN

INPUT,0.392927229404449,0.0353850536048412,0.769155979156494,-2.78696703910828,3.09437322616577,-1.54262030124664,K,8
OUTPUT,NaN,NaN,NaN,NaN,NaN,NaN

INPUT,0.395796090364456,0.0354172475636005,0.774410963058472,-2.81143069267273,3.09282684326172,-1.51521599292755,K,9
OUTPUT,NaN,NaN,NaN,NaN,NaN,NaN

INPUT,0.363946467638016,0.0345545262098312,0.72701495885849,-2.31657862663269,3.13423275947571,-1.78690040111542,K,4
OUTPUT,NaN,NaN,NaN,NaN,NaN,NaN

INPUT,0.370371162891388,0.0345351621508598,0.740217328071594,-2.31930994987488,3.13358569145203,-1.6935567855835,K,5
OUTPUT,NaN,NaN,NaN,NaN,NaN,NaN

INPUT,0.37679585814476,0.0345158018171787,0.753419697284698,-2.32880139350891,3.13294291496277,-1.60697305202484,K,6
OUTPUT,NaN,NaN,NaN,NaN,NaN,NaN

INPUT,0.381792813539505,0.0345007441937923,0.763688206672668,-2.33986258506775,3.1324508190155,-1.54359173774719,K,7
OUTPUT,NaN,NaN,NaN,NaN,NaN,NaN

INPUT,0.385362088680267,0.0344899892807007,0.771022856235504,-2.34936261177063,3.13210535049438,-1.50019502639771,K,8
OUTPUT,NaN,NaN,NaN,NaN,NaN,NaN

INPUT,0.387503653764725,0.0344835333526134,0.775423645973206,-2.35561060905457,3.13190102577209,-1.47484993934631,K,9
OUTPUT,NaN,NaN,NaN,NaN,NaN,NaN

INPUT,0.355367451906204,0.0337846167385578,0.732435166835785,0.549516975879669,3.12509751319885,1.42327487468719,K,12
OUTPUT,NaN,NaN,NaN,NaN,NaN,NaN

INPUT,0.359205424785614,0.0337056145071983,0.743619084358215,0.499861508607864,3.12339186668396,1.46557915210724,K,13
OUTPUT,NaN,NaN,NaN,NaN,NaN,NaN

INPUT,0.363043397665024,0.0336266160011292,0.754803061485291,0.450829297304153,3.12172484397888,1.50850796699524,K,14
OUTPUT,NaN,NaN,NaN,NaN,NaN,NaN

INPUT,0.366881370544434,0.03354761749506,0.765987038612366,0.402263790369034,3.12009954452515,1.5519050359726,K,15
OUTPUT,NaN,NaN,NaN,NaN,NaN,NaN

INPUT,0.370335549116135,0.0334765166044235,0.776052594184875,0.35886350274086,3.11867523193359,1.59127235412598,K,16
OUTPUT,NaN,NaN,NaN,NaN,NaN,NaN

INPUT,0.373022109270096,0.0334212183952332,0.783881366252899,0.325270742177963,3.11759448051453,1.62205541133881,K,17
OUTPUT,NaN,NaN,NaN,NaN,NaN,NaN

INPUT,0.374941110610962,0.0333817191421986,0.789473354816437,0.301350146532059,3.11683773994446,1.64411795139313,K,18
OUTPUT,NaN,NaN,NaN,NaN,NaN,NaN

INPUT,0.376092493534088,0.0333580188453197,0.792828500270844,0.287024289369583,3.11638998985291,1.65738213062286,K,19
OUTPUT,NaN,NaN,NaN,NaN,NaN,NaN

INPUT,0.376476287841797,0.0333501175045967,0.793946921825409,0.282253086566925,3.1162416934967,1.66180777549744,K,20
OUTPUT,NaN,NaN,NaN,NaN,NaN,NaN

INPUT,0.355467259883881,0.0244090221822262,0.732693135738373,0.957372665405273,3.09268712997437,1.3902884721756,K,12
OUTPUT,NaN,NaN,NaN,NaN,NaN,NaN

INPUT,0.359317123889923,0.0233432501554489,0.743901789188385,0.933215379714966,3.08755421638489,1.41170239448547,K,13
OUTPUT,NaN,NaN,NaN,NaN,NaN,NaN

INPUT,0.363166958093643,0.0222774818539619,0.755110502243042,0.90929239988327,3.08244919776917,1.43335676193237,K,14
OUTPUT,NaN,NaN,NaN,NaN,NaN,NaN

INPUT,0.367016792297363,0.0212117116898298,0.766319155693054,0.885545611381531,3.07737493515015,1.45519435405731,K,15
OUTPUT,NaN,NaN,NaN,NaN,NaN,NaN

INPUT,0.370481669902802,0.0202525183558464,0.776406943798065,0.864290535449982,3.07283639907837,1.47497141361237,K,16
OUTPUT,NaN,NaN,NaN,NaN,NaN,NaN

INPUT,0.373176574707031,0.0195064786821604,0.784253060817719,0.847820580005646,3.06932640075684,1.49041962623596,K,17
OUTPUT,NaN,NaN,NaN,NaN,NaN,NaN

INPUT,0.37510147690773,0.0189735926687717,0.789857387542725,0.836084306240082,3.06683039665222,1.50148487091064,K,18
OUTPUT,NaN,NaN,NaN,NaN,NaN,NaN

INPUT,0.376256436109543,0.0186538640409708,0.793219983577728,0.829052686691284,3.06533741950989,1.50813484191895,K,19
OUTPUT,NaN,NaN,NaN,NaN,NaN,NaN

INPUT,0.376641422510147,0.018547285348177,0.794340848922729,0.826710283756256,3.06484055519104,1.5103532075882,K,20
OUTPUT,NaN,NaN,NaN,NaN,NaN,NaN

INPUT,0.365269124507904,0.0407157726585865,0.720738053321838,-2.35954189300537,3.06582760810852,-1.66171503067017,K,11
OUTPUT,NaN,NaN,NaN,NaN,NaN,NaN

INPUT,0.37072566151619,0.0414433255791664,0.731857299804688,-2.39974141120911,3.05743432044983,-1.61974990367889,K,12
OUTPUT,NaN,NaN,NaN,NaN,NaN,NaN

INPUT,0.376182228326797,0.0421708822250366,0.742976486682892,-2.44011425971985,3.04918313026428,-1.57792937755585,K,13
OUTPUT,NaN,NaN,NaN,NaN,NaN,NaN

INPUT,0.381638765335083,0.0428984388709068,0.754095733165741,-2.48062038421631,3.04108762741089,-1.53621101379395,K,14
OUTPUT,NaN,NaN,NaN,NaN,NaN,NaN

INPUT,0.387095302343369,0.043625995516777,0.765214920043945,-2.52123236656189,3.03316164016724,-1.49456548690796,K,15
OUTPUT,NaN,NaN,NaN,NaN,NaN,NaN

INPUT,0.392006188631058,0.044280793517828,0.77522224187851,-2.55785822868347,3.02618455886841,-1.45712959766388,K,16
OUTPUT,NaN,NaN,NaN,NaN,NaN,NaN

INPUT,0.395825773477554,0.044790081679821,0.783005654811859,-2.58638715744019,3.02086663246155,-1.42803466320038,K,17
OUTPUT,NaN,NaN,NaN,NaN,NaN,NaN

INPUT,0.398554056882858,0.0451538600027561,0.788565278053284,-2.6067852973938,3.01712894439697,-1.40726172924042,K,18
OUTPUT,NaN,NaN,NaN,NaN,NaN,NaN

INPUT,0.400191009044647,0.0453721284866333,0.791901051998138,-2.61903166770935,3.01491165161133,-1.39480090141296,K,19
OUTPUT,NaN,NaN,NaN,NaN,NaN,NaN

INPUT,0.400736659765244,0.0454448834061623,0.793012976646423,-2.62311506271362,3.01417660713196,-1.39064764976501,K,20
OUTPUT,NaN,NaN,NaN,NaN,NaN,NaN

INPUT,0.374300599098206,0.0410495698451996,0.730477333068848,-2.42753767967224,3.05118179321289,-1.60192060470581,K,5
OUTPUT,NaN,NaN,NaN,NaN,NaN,NaN

INPUT,0.383022904396057,0.0421784892678261,0.745848536491394,-2.49725031852722,3.03734874725342,-1.52526104450226,K,6
OUTPUT,NaN,NaN,NaN,NaN,NaN,NaN

INPUT,0.389806926250458,0.0430565364658833,0.757803916931152,-2.55207657814026,3.02697062492371,-1.46617102622986,K,7
OUTPUT,NaN,NaN,NaN,NaN,NaN,NaN

INPUT,0.394652634859085,0.0436837151646614,0.766343474388123,-2.59147715568542,3.01978278160095,-1.42416250705719,K,8
OUTPUT,NaN,NaN,NaN,NaN,NaN,NaN

INPUT,0.397560089826584,0.0440600216388702,0.771467208862305,-2.6151967048645,3.01556587219238,-1.39901971817017,K,9
OUTPUT,NaN,NaN,NaN,NaN,NaN,NaN

INPUT,0.361310422420502,0.0338293313980103,0.736323118209839,0.508285462856293,3.12387228012085,1.4772070646286,K,5
OUTPUT,NaN,NaN,NaN,NaN,NaN,NaN

INPUT,0.366945415735245,0.0337076485157013,0.749870002269745,0.425126403570175,3.12102293968201,1.54187202453613,K,6
OUTPUT,NaN,NaN,NaN,NaN,NaN,NaN

INPUT,0.371328204870224,0.0336130037903786,0.760406494140625,0.362023741006851,3.11888289451599,1.59374642372131,K,7
OUTPUT,NaN,NaN,NaN,NaN,NaN,NaN

INPUT,0.374458760023117,0.0335454009473324,0.767932534217834,0.317549169063568,3.11739945411682,1.63140022754669,K,8
OUTPUT,NaN,NaN,NaN,NaN,NaN,NaN

INPUT,0.376337081193924,0.0335048362612724,0.772448182106018,0.291056036949158,3.11652851104736,1.65418469905853,K,9
OUTPUT,NaN,NaN,NaN,NaN,NaN,NaN

INPUT,0.361649692058563,0.0240252371877432,0.736494481563568,0.943545818328857,3.08703255653381,1.4243973493576,K,5
OUTPUT,NaN,NaN,NaN,NaN,NaN,NaN

INPUT,0.367420643568039,0.0224593374878168,0.750140368938446,0.900101482868195,3.07894444465637,1.45416212081909,K,6
OUTPUT,NaN,NaN,NaN,NaN,NaN,NaN

INPUT,0.371909141540527,0.0212414171546698,0.760753870010376,0.867482602596283,3.07272338867188,1.47836923599243,K,7
OUTPUT,NaN,NaN,NaN,NaN,NaN,NaN

INPUT,0.375115215778351,0.0203714724630117,0.768334925174713,0.844684839248657,3.0683262348175,1.49604463577271,K,8
OUTPUT,NaN,NaN,NaN,NaN,NaN,NaN

INPUT,0.377038866281509,0.0198495052754879,0.772883534431458,0.831183135509491,3.06570911407471,1.50676429271698,K,9
OUTPUT,NaN,NaN,NaN,NaN,NaN,NaN

INPUT,0.37031427025795,0.0515169687569141,0.720913469791412,-2.14118480682373,3.03927397727966,-1.67135083675385,K,11
OUTPUT,NaN,NaN,NaN,NaN,NaN,NaN

INPUT,0.376364380121231,0.0535153672099113,0.732053339481354,-2.16814398765564,3.02757978439331,-1.64294648170471,K,12
OUTPUT,NaN,NaN,NaN,NaN,NaN,NaN

INPUT,0.382414489984512,0.0555137693881989,0.743193209171295,-2.19525527954102,3.01597285270691,-1.61465764045715,K,13
OUTPUT,NaN,NaN,NaN,NaN,NaN,NaN

INPUT,0.388464570045471,0.0575121678411961,0.754333078861237,-2.22248578071594,3.00446200370789,-1.58644783496857,K,14
OUTPUT,NaN,NaN,NaN,NaN,NaN,NaN

INPUT,0.394514679908752,0.0595105662941933,0.765472948551178,-2.24981355667114,2.99305629730225,-1.55829167366028,K,15
OUTPUT,NaN,NaN,NaN,NaN,NaN,NaN

INPUT,0.399959772825241,0.0613091289997101,0.775498807430267,-2.27447915077209,2.9828884601593,-1.53298163414001,K,16
OUTPUT,NaN,NaN,NaN,NaN,NaN,NaN

INPUT,0.404194861650467,0.0627080053091049,0.783296763896942,-2.29370450973511,2.97504806518555,-1.51330924034119,K,17
OUTPUT,NaN,NaN,NaN,NaN,NaN,NaN

INPUT,0.407219916582108,0.063707210123539,0.788866639137268,-2.30745697021484,2.96948599815369,-1.49926221370697,K,18
OUTPUT,NaN,NaN,NaN,NaN,NaN,NaN

INPUT,0.409034937620163,0.064306728541851,0.792208611965179,-2.3157160282135,2.96616458892822,-1.49083530902863,K,19
OUTPUT,NaN,NaN,NaN,NaN,NaN,NaN

INPUT,0.409639954566956,0.0645065680146217,0.793322622776031,-2.31847023963928,2.96505999565125,-1.48802649974823,K,20
OUTPUT,NaN,NaN,NaN,NaN,NaN,NaN

INPUT,0.367871284484863,0.0479731261730194,0.721221685409546,-2.14635515213013,3.06192374229431,-1.84229576587677,K,11
OUTPUT,NaN,NaN,NaN,NaN,NaN,NaN

INPUT,0.373633950948715,0.0495545081794262,0.7323979139328,-2.16349124908447,3.05267858505249,-1.82346498966217,K,12
OUTPUT,NaN,NaN,NaN,NaN,NaN,NaN

INPUT,0.37939664721489,0.051135890185833,0.743574142456055,-2.1807701587677,3.04347515106201,-1.80481171607971,K,13
OUTPUT,NaN,NaN,NaN,NaN,NaN,NaN

INPUT,0.385159283876419,0.0527172647416592,0.754750370979309,-2.19813871383667,3.03432202339172,-1.78630614280701,K,14
OUTPUT,NaN,NaN,NaN,NaN,NaN,NaN

INPUT,0.390921950340271,0.0542986467480659,0.765926599502563,-2.21555733680725,3.02522802352905,-1.76793122291565,K,15
OUTPUT,NaN,NaN,NaN,NaN,NaN,NaN

INPUT,0.396108359098434,0.0557218864560127,0.775985240936279,-2.23125100135803,3.01710152626038,-1.75149834156036,K,16
OUTPUT,NaN,NaN,NaN,NaN,NaN,NaN

INPUT,0.400142222642899,0.0568288527429104,0.783808588981628,-2.24345541000366,3.01082301139832,-1.73878371715546,K,17
OUTPUT,NaN,NaN,NaN,NaN,NaN,NaN

INPUT,0.403023570775986,0.0576195418834686,0.789396703243256,-2.25216722488403,3.0063624382019,-1.72973740100861,K,18
OUTPUT,NaN,NaN,NaN,NaN,NaN,NaN

INPUT,0.404752373695374,0.0580939576029778,0.792749583721161,-2.25739073753357,3.00369644165039,-1.72432374954224,K,19
OUTPUT,NaN,NaN,NaN,NaN,NaN,NaN

INPUT,0.405328631401062,0.0582520961761475,0.793867230415344,-2.25913119316101,3.00280928611755,-1.7225216627121,K,20
OUTPUT,NaN,NaN,NaN,NaN,NaN,NaN

INPUT,0.355716049671173,0.0330388471484184,0.733272433280945,0.58066314458847,3.12250518798828,1.54826557636261,K,12
OUTPUT,NaN,NaN,NaN,NaN,NaN,NaN

INPUT,0.359592080116272,0.0328813642263412,0.744542300701141,0.52650785446167,3.12059116363525,1.5959507226944,K,13
OUTPUT,NaN,NaN,NaN,NaN,NaN,NaN

INPUT,0.363468110561371,0.0327238850295544,0.755812168121338,0.472885608673096,3.11873149871826,1.64417088031769,K,14
OUTPUT,NaN,NaN,NaN,NaN,NaN,NaN

INPUT,0.36734414100647,0.0325664021074772,0.767082035541534,0.419663071632385,3.11693096160889,1.69279277324677,K,15
OUTPUT,NaN,NaN,NaN,NaN,NaN,NaN

INPUT,0.370832592248917,0.0324246697127819,0.777224898338318,0.372027426958084,3.11536502838135,1.73681902885437,K,16
OUTPUT,NaN,NaN,NaN,NaN,NaN,NaN

INPUT,0.373545825481415,0.0323144309222698,0.78511381149292,0.335117369890213,3.11418485641479,1.77120292186737,K,17
OUTPUT,NaN,NaN,NaN,NaN,NaN,NaN

INPUT,0.375483840703964,0.0322356894612312,0.790748715400696,0.308816522359848,3.11336302757263,1.79582703113556,K,18
OUTPUT,NaN,NaN,NaN,NaN,NaN,NaN

INPUT,0.376646637916565,0.0321884453296661,0.79412966966629,0.293058753013611,3.11287879943848,1.81062436103821,K,19
OUTPUT,NaN,NaN,NaN,NaN,NaN,NaN

INPUT,0.377034246921539,0.0321726985275745,0.795256674289703,0.287809669971466,3.1127188205719,1.81556046009064,K,20
OUTPUT,NaN,NaN,NaN,NaN,NaN,NaN

INPUT,0.36830872297287,0.0410188585519791,0.721416592597961,-2.30468893051147,3.07308888435364,-1.6934427022934,K,11
OUTPUT,NaN,NaN,NaN,NaN,NaN,NaN

INPUT,0.374122202396393,0.0417818650603294,0.732617199420929,-2.33961248397827,3.06541895866394,-1.65641248226166,K,12
OUTPUT,NaN,NaN,NaN,NaN,NaN,NaN

INPUT,0.379935652017593,0.0425448678433895,0.743817806243896,-2.37473821640015,3.05784749984741,-1.61956346035004,K,13
OUTPUT,NaN,NaN,NaN,NaN,NaN,NaN

INPUT,0.385749131441116,0.0433078743517399,0.755018413066864,-2.4100170135498,3.0503842830658,-1.58284509181976,K,14
OUTPUT,NaN,NaN,NaN,NaN,NaN,NaN

INPUT,0.391562610864639,0.0440708808600903,0.766219019889832,-2.44541621208191,3.04303908348083,-1.54622268676758,K,15
OUTPUT,NaN,NaN,NaN,NaN,NaN,NaN

INPUT,0.396794736385345,0.0447575859725475,0.77629953622818,-2.4773588180542,3.03653740882874,-1.5133239030838,K,16
OUTPUT,NaN,NaN,NaN,NaN,NaN,NaN

INPUT,0.400864154100418,0.0452916882932186,0.78413999080658,-2.5022497177124,3.03155612945557,-1.48776710033417,K,17
OUTPUT,NaN,NaN,NaN,NaN,NaN,NaN

INPUT,0.40377089381218,0.0456731915473938,0.789740264415741,-2.52005052566528,3.02804088592529,-1.46952593326569,K,18
OUTPUT,NaN,NaN,NaN,NaN,NaN,NaN

INPUT,0.405514925718307,0.0459020920097828,0.793100476264954,-2.53073930740356,3.02594923973083,-1.45858585834503,K,19
OUTPUT,NaN,NaN,NaN,NaN,NaN,NaN

INPUT,0.406096279621124,0.0459783934056759,0.794220507144928,-2.53430366516113,3.02525496482849,-1.45493984222412,K,20
OUTPUT,NaN,NaN,NaN,NaN,NaN,NaN

INPUT,0.358674734830856,0.030272901058197,0.733920156955719,0.757154405117035,3.12503027915955,1.43910241127014,K,12
OUTPUT,NaN,NaN,NaN,NaN,NaN,NaN

INPUT,0.362863183021545,0.0298247914761305,0.745255708694458,0.717933356761932,3.12328505516052,1.47164738178253,K,13
OUTPUT,NaN,NaN,NaN,NaN,NaN,NaN

INPUT,0.367051631212234,0.0293766818940639,0.756591200828552,0.679289579391479,3.12156343460083,1.50477075576782,K,14
OUTPUT,NaN,NaN,NaN,NaN,NaN,NaN

INPUT,0.371240109205246,0.0289285723119974,0.767926812171936,0.641079246997833,3.1198673248291,1.5383288860321,K,15
OUTPUT,NaN,NaN,NaN,NaN,NaN,NaN

INPUT,0.375009715557098,0.0285252723842859,0.778128802776337,0.606977701187134,3.11836457252502,1.56881988048553,K,16
OUTPUT,NaN,NaN,NaN,NaN,NaN,NaN

INPUT,0.377941638231277,0.0282115954905748,0.786063671112061,0.580606639385223,3.11721253395081,1.59268844127655,K,17
OUTPUT,NaN,NaN,NaN,NaN,NaN,NaN

INPUT,0.380035877227783,0.0279875416308641,0.791731417179108,0.561839699745178,3.11639904975891,1.60980725288391,K,18
OUTPUT,NaN,NaN,NaN,NaN,NaN,NaN

INPUT,0.381292402744293,0.0278531089425087,0.795132100582123,0.550604403018951,3.11591458320618,1.62010359764099,K,19
OUTPUT,NaN,NaN,NaN,NaN,NaN,NaN

INPUT,0.38171124458313,0.0278082974255085,0.796265661716461,0.546863198280334,3.11575388908386,1.623539686203,K,20
OUTPUT,NaN,NaN,NaN,NaN,NaN,NaN

INPUT,0.357389479875565,0.0329027697443962,0.733792245388031,0.862653255462646,3.12377715110779,1.3486293554306,K,12
OUTPUT,NaN,NaN,NaN,NaN,NaN,NaN

INPUT,0.361442357301712,0.0327312685549259,0.745115101337433,0.83385169506073,3.12186408042908,1.37096560001373,K,13
OUTPUT,NaN,NaN,NaN,NaN,NaN,NaN

INPUT,0.365495204925537,0.0325597636401653,0.756437957286835,0.805619776248932,3.11996364593506,1.39387202262878,K,14
OUTPUT,NaN,NaN,NaN,NaN,NaN,NaN

INPUT,0.369548082351685,0.032388262450695,0.767760813236237,0.777815878391266,3.11807703971863,1.41720795631409,K,15
OUTPUT,NaN,NaN,NaN,NaN,NaN,NaN

INPUT,0.373195677995682,0.0322339087724686,0.777951419353485,0.75307697057724,3.1163923740387,1.43849563598633,K,16
OUTPUT,NaN,NaN,NaN,NaN,NaN,NaN

INPUT,0.376032680273056,0.0321138575673103,0.785877406597137,0.733986377716064,3.11509108543396,1.45520436763763,K,17
OUTPUT,NaN,NaN,NaN,NaN,NaN,NaN

INPUT,0.37805911898613,0.03202810510993,0.791538894176483,0.720419049263,3.11416673660278,1.46720814704895,K,18
OUTPUT,NaN,NaN,NaN,NaN,NaN,NaN

INPUT,0.379274994134903,0.031976655125618,0.794935703277588,0.712303340435028,3.113614320755,1.47443532943726,K,19
OUTPUT,NaN,NaN,NaN,NaN,NaN,NaN

INPUT,0.379680275917053,0.0319595038890839,0.796068012714386,0.709601938724518,3.11343050003052,1.47684824466705,K,20
OUTPUT,NaN,NaN,NaN,NaN,NaN,NaN

INPUT,0.370782494544983,0.0497949197888374,0.715920925140381,-2.13658332824707,3.03826665878296,-1.68135213851929,K,4
OUTPUT,NaN,NaN,NaN,NaN,NaN,NaN

INPUT,0.38043612241745,0.0530074313282967,0.731197774410248,-2.18417310714722,3.01834654808044,-1.6293853521347,K,5
OUTPUT,NaN,NaN,NaN,NaN,NaN,NaN

INPUT,0.390089780092239,0.0562199391424656,0.746474623680115,-2.23242878913879,2.99873113632202,-1.57796275615692,K,6
OUTPUT,NaN,NaN,NaN,NaN,NaN,NaN

INPUT,0.397598147392273,0.0587185584008694,0.758356630802155,-2.27011823654175,2.9837794303894,-1.53835678100586,K,7
OUTPUT,NaN,NaN,NaN,NaN,NaN,NaN

INPUT,0.402961283922195,0.0605032853782177,0.766843795776367,-2.29701352119446,2.97330284118652,-1.51030564308167,K,8
OUTPUT,NaN,NaN,NaN,NaN,NaN,NaN

INPUT,0.406179159879684,0.0615741200745106,0.771936058998108,-2.31311273574829,2.96710848808289,-1.49358201026917,K,9
OUTPUT,NaN,NaN,NaN,NaN,NaN,NaN

INPUT,0.368417978286743,0.0466230995953083,0.715847611427307,-2.14178967475891,3.0612416267395,-1.84757792949677,K,4
OUTPUT,NaN,NaN,NaN,NaN,NaN,NaN

INPUT,0.377723217010498,0.0491357445716858,0.731256604194641,-2.17241096496582,3.04559659957886,-1.81399309635162,K,5
OUTPUT,NaN,NaN,NaN,NaN,NaN,NaN

INPUT,0.387028425931931,0.0516483895480633,0.74666565656662,-2.20347046852112,3.03005027770996,-1.7807981967926,K,6
OUTPUT,NaN,NaN,NaN,NaN,NaN,NaN

INPUT,0.394265830516815,0.0536026693880558,0.758650481700897,-2.22778820991516,3.01805877685547,-1.75519192218781,K,7
OUTPUT,NaN,NaN,NaN,NaN,NaN,NaN

INPUT,0.39943540096283,0.0549985840916634,0.767211079597473,-2.24519729614258,3.00956082344055,-1.73700678348541,K,8
OUTPUT,NaN,NaN,NaN,NaN,NaN,NaN

INPUT,0.402537137269974,0.055836133658886,0.772347390651703,-2.25564789772034,3.00449299812317,-1.72613763809204,K,9
OUTPUT,NaN,NaN,NaN,NaN,NaN,NaN

INPUT,0.368782639503479,0.0401997454464436,0.716018855571747,-2.30378532409668,3.07253479957581,-1.70888185501099,K,4
OUTPUT,NaN,NaN,NaN,NaN,NaN,NaN

INPUT,0.378155112266541,0.0413787141442299,0.731460928916931,-2.36342167854309,3.05951046943665,-1.64037919044495,K,5
OUTPUT,NaN,NaN,NaN,NaN,NaN,NaN

INPUT,0.387527644634247,0.0425576902925968,0.74690306186676,-2.42429399490356,3.04682159423828,-1.57304489612579,K,6
OUTPUT,NaN,NaN,NaN,NaN,NaN,NaN

INPUT,0.394817352294922,0.0434746667742729,0.758913576602936,-2.47220087051392,3.03721833229065,-1.52118360996246,K,7
OUTPUT,NaN,NaN,NaN,NaN,NaN,NaN

INPUT,0.40002429485321,0.0441296510398388,0.767492532730103,-2.50664210319519,3.03051590919495,-1.48433172702789,K,8
OUTPUT,NaN,NaN,NaN,NaN,NaN,NaN

INPUT,0.403148472309113,0.0445226430892944,0.77263993024826,-2.52737998962402,3.02656149864197,-1.46228122711182,K,9
OUTPUT,NaN,NaN,NaN,NaN,NaN,NaN

INPUT,0.361795485019684,0.0330220013856888,0.737354397773743,0.533676624298096,3.12103152275085,1.60668098926544,K,5
OUTPUT,NaN,NaN,NaN,NaN,NaN,NaN

INPUT,0.367480754852295,0.0327752567827702,0.751002252101898,0.443652540445328,3.11789417266846,1.68036019802094,K,6
OUTPUT,NaN,NaN,NaN,NaN,NaN,NaN

INPUT,0.371902614831924,0.0325833410024643,0.761617183685303,0.374965131282806,3.11556196212769,1.73900163173676,K,7
OUTPUT,NaN,NaN,NaN,NaN,NaN,NaN

INPUT,0.375061094760895,0.0324462577700615,0.769199311733246,0.326411247253418,3.11395978927612,1.78139936923981,K,8
OUTPUT,NaN,NaN,NaN,NaN,NaN,NaN

INPUT,0.376956194639206,0.0323640108108521,0.773748636245728,0.297442078590393,3.1130256652832,1.80700206756592,K,9
OUTPUT,NaN,NaN,NaN,NaN,NaN,NaN

INPUT,0.359112501144409,0.0307171698659658,0.724781036376953,0.818539321422577,3.12650275230408,1.4595799446106,K,4
OUTPUT,NaN,NaN,NaN,NaN,NaN,NaN

INPUT,0.365211367607117,0.0300182998180389,0.738411068916321,0.740299105644226,3.12357258796692,1.49665057659149,K,5
OUTPUT,NaN,NaN,NaN,NaN,NaN,NaN

INPUT,0.371310204267502,0.029319429770112,0.752041161060333,0.667777299880981,3.1206967830658,1.53944265842438,K,6
OUTPUT,NaN,NaN,NaN,NaN,NaN,NaN

INPUT,0.376053750514984,0.0287758652120829,0.762642323970795,0.613906025886536,3.11850523948669,1.57526230812073,K,7
OUTPUT,NaN,NaN,NaN,NaN,NaN,NaN

INPUT,0.379442006349564,0.0283876042813063,0.770214557647705,0.576401472091675,3.11696696281433,1.60182392597198,K,8
OUTPUT,NaN,NaN,NaN,NaN,NaN,NaN

INPUT,0.38147497177124,0.0281546469777822,0.774757921695709,0.554212987422943,3.116055727005,1.61807596683502,K,9
OUTPUT,NaN,NaN,NaN,NaN,NaN,NaN

INPUT,0.357818335294724,0.0332240462303162,0.72451114654541,0.92217618227005,3.12521195411682,1.3788925409317,K,4
OUTPUT,NaN,NaN,NaN,NaN,NaN,NaN

INPUT,0.363718390464783,0.0329864397644997,0.738160669803619,0.85897958278656,3.12204194068909,1.39812040328979,K,5
OUTPUT,NaN,NaN,NaN,NaN,NaN,NaN

INPUT,0.369618475437164,0.0327488332986832,0.751810193061829,0.801898181438446,3.11889815330505,1.42346596717834,K,6
OUTPUT,NaN,NaN,NaN,NaN,NaN,NaN

INPUT,0.374207437038422,0.0325640328228474,0.762426435947418,0.760348260402679,3.11648321151733,1.44584882259369,K,7
OUTPUT,NaN,NaN,NaN,NaN,NaN,NaN

INPUT,0.377485275268555,0.0324320271611214,0.770009517669678,0.73183012008667,3.1147792339325,1.46282279491425,K,8
OUTPUT,NaN,NaN,NaN,NaN,NaN,NaN

INPUT,0.379451960325241,0.0323528274893761,0.774559378623962,0.715113699436188,3.11376643180847,1.47330975532532,K,9
OUTPUT,NaN,NaN,NaN,NaN,NaN,NaN

INPUT,0.360761135816574,0.0334307737648487,0.733669579029083,-2.73041820526123,3.13712930679321,-1.65056180953979,K,12
OUTPUT,NaN,NaN,NaN,NaN,NaN,NaN

INPUT,0.365168929100037,0.0333148799836636,0.744979679584503,-2.77620697021484,3.13680672645569,-1.58270227909088,K,13
OUTPUT,NaN,NaN,NaN,NaN,NaN,NaN

INPUT,0.369576722383499,0.0331989899277687,0.756289660930634,-2.82336139678955,3.13649916648865,-1.51620841026306,K,14
OUTPUT,NaN,NaN,NaN,NaN,NaN,NaN

INPUT,0.373984515666962,0.0330830961465836,0.767599701881409,-2.87159204483032,3.13620758056641,-1.45079040527344,K,15
OUTPUT,NaN,NaN,NaN,NaN,NaN,NaN

INPUT,0.377951502799988,0.0329787917435169,0.777778744697571,-2.91573977470398,3.13595962524414,-1.39265465736389,K,16
OUTPUT,NaN,NaN,NaN,NaN,NaN,NaN

INPUT,0.381036967039108,0.0328976698219776,0.785695791244507,-2.95047903060913,3.13577651977539,-1.34783983230591,K,17
OUTPUT,NaN,NaN,NaN,NaN,NaN,NaN

INPUT,0.383240878582001,0.032839722931385,0.791350841522217,-2.97547912597656,3.13565158843994,-1.31601548194885,K,18
OUTPUT,NaN,NaN,NaN,NaN,NaN,NaN

INPUT,0.384563207626343,0.0328049547970295,0.794743835926056,-2.99054622650146,3.13557863235474,-1.29698801040649,K,19
OUTPUT,NaN,NaN,NaN,NaN,NaN,NaN

INPUT,0.385003983974457,0.032793365418911,0.795874834060669,-2.99557900428772,3.13555479049683,-1.29065608978271,K,20
OUTPUT,NaN,NaN,NaN,NaN,NaN,NaN

INPUT,0.370527416467667,0.0496727302670479,0.720332860946655,-2.08256340026855,3.02529096603394,-1.6103595495224,K,11
OUTPUT,NaN,NaN,NaN,NaN,NaN,NaN

INPUT,0.376603096723557,0.0514541864395142,0.731403470039368,-2.10975551605225,3.01198434829712,-1.58187580108643,K,12
OUTPUT,NaN,NaN,NaN,NaN,NaN,NaN

INPUT,0.382678806781769,0.0532356463372707,0.742474019527435,-2.13709163665771,2.99877786636353,-1.55348765850067,K,13
OUTPUT,NaN,NaN,NaN,NaN,NaN,NaN

INPUT,0.388754516839981,0.055017102509737,0.753544628620148,-2.16454243659973,2.98568201065063,-1.52516210079193,K,14
OUTPUT,NaN,NaN,NaN,NaN,NaN,NaN

INPUT,0.394830197095871,0.0567985624074936,0.764615178108215,-2.19208908081055,2.97270679473877,-1.49687540531158,K,15
OUTPUT,NaN,NaN,NaN,NaN,NaN,NaN

INPUT,0.400298327207565,0.0584018751978874,0.77457869052887,-2.216952085495,2.96114110946655,-1.47143650054932,K,16
OUTPUT,NaN,NaN,NaN,NaN,NaN,NaN

INPUT,0.404551327228546,0.0596488937735558,0.782328128814697,-2.23633241653442,2.952223777771,-1.45165681838989,K,17
OUTPUT,NaN,NaN,NaN,NaN,NaN,NaN

INPUT,0.407589167356491,0.0605396255850792,0.787863433361053,-2.25019645690918,2.94589805603027,-1.43752944469452,K,18
OUTPUT,NaN,NaN,NaN,NaN,NaN,NaN

INPUT,0.409411877393723,0.0610740594565868,0.791184604167938,-2.2585232257843,2.94212102890015,-1.42905294895172,K,19
OUTPUT,NaN,NaN,NaN,NaN,NaN,NaN

INPUT,0.41001945734024,0.0612522065639496,0.792291641235352,-2.2613000869751,2.94086503982544,-1.4262273311615,K,20
OUTPUT,NaN,NaN,NaN,NaN,NaN,NaN

INPUT,0.364231914281845,0.0350829884409904,0.733204305171967,-2.4167914390564,3.12755751609802,-1.72247874736786,K,12
OUTPUT,NaN,NaN,NaN,NaN,NaN,NaN

INPUT,0.369004875421524,0.0351410545408726,0.744465529918671,-2.44926810264587,3.12623381614685,-1.68188834190369,K,13
OUTPUT,NaN,NaN,NaN,NaN,NaN,NaN

INPUT,0.373777836561203,0.0351991169154644,0.75572669506073,-2.48238444328308,3.1249303817749,-1.64193737506866,K,14
OUTPUT,NaN,NaN,NaN,NaN,NaN,NaN

INPUT,0.378550797700882,0.0352571830153465,0.766987919807434,-2.51599383354187,3.12364912033081,-1.60247814655304,K,15
OUTPUT,NaN,NaN,NaN,NaN,NaN,NaN

INPUT,0.382846474647522,0.0353094413876534,0.777123034000397,-2.54657530784607,3.12251615524292,-1.56729745864868,K,16
OUTPUT,NaN,NaN,NaN,NaN,NaN,NaN

INPUT,0.386187553405762,0.0353500880300999,0.785005867481232,-2.5705406665802,3.12164902687073,-1.54011380672455,K,17
OUTPUT,NaN,NaN,NaN,NaN,NaN,NaN

INPUT,0.388574033975601,0.0353791192173958,0.790636479854584,-2.58774137496948,3.12103772163391,-1.5207793712616,K,18
OUTPUT,NaN,NaN,NaN,NaN,NaN,NaN

INPUT,0.390005946159363,0.0353965386748314,0.794014871120453,-2.59809160232544,3.12067413330078,-1.50920855998993,K,19
OUTPUT,NaN,NaN,NaN,NaN,NaN,NaN

INPUT,0.390483230352402,0.0354023464024067,0.795140981674194,-2.6015465259552,3.12055349349976,-1.50535619258881,K,20
OUTPUT,NaN,NaN,NaN,NaN,NaN,NaN

INPUT,0.361724495887756,0.0344375744462013,0.722746610641479,-2.57266139984131,3.11352491378784,-1.82099711894989,K,11
OUTPUT,NaN,NaN,NaN,NaN,NaN,NaN

INPUT,0.366764187812805,0.0344265252351761,0.734102249145508,-2.61503648757935,3.11051058769226,-1.77495133876801,K,12
OUTPUT,NaN,NaN,NaN,NaN,NaN,NaN

INPUT,0.371803879737854,0.0344154722988605,0.745457828044891,-2.65773510932922,3.10755681991577,-1.72922539710999,K,13
OUTPUT,NaN,NaN,NaN,NaN,NaN,NaN

INPUT,0.37684354186058,0.034404419362545,0.75681346654892,-2.70067548751831,3.10466933250427,-1.68373680114746,K,14
OUTPUT,NaN,NaN,NaN,NaN,NaN,NaN

INPUT,0.381883233785629,0.0343933701515198,0.768169045448303,-2.74380111694336,3.10185408592224,-1.63842856884003,K,15
OUTPUT,NaN,NaN,NaN,NaN,NaN,NaN

INPUT,0.386418968439102,0.0343834236264229,0.778389096260071,-2.78273916244507,3.09938645362854,-1.59777188301086,K,16
OUTPUT,NaN,NaN,NaN,NaN,NaN,NaN

INPUT,0.389946758747101,0.034375686198473,0.786338031291962,-2.81309127807617,3.09751343727112,-1.56621444225311,K,17
OUTPUT,NaN,NaN,NaN,NaN,NaN,NaN

INPUT,0.392466604709625,0.0343701615929604,0.792015850543976,-2.8348023891449,3.09620118141174,-1.54370272159576,K,18
OUTPUT,NaN,NaN,NaN,NaN,NaN,NaN

INPUT,0.393978506326675,0.0343668460845947,0.795422494411469,-2.84784007072449,3.09542441368103,-1.53020632266998,K,19
OUTPUT,NaN,NaN,NaN,NaN,NaN,NaN

INPUT,0.394482463598251,0.0343657396733761,0.796558082103729,-2.85218787193298,3.09516716003418,-1.52570915222168,K,20
OUTPUT,NaN,NaN,NaN,NaN,NaN,NaN

INPUT,0.360864669084549,0.0328924208879471,0.733911216259003,0.94392317533493,3.12837481498718,1.41410374641418,K,12
OUTPUT,NaN,NaN,NaN,NaN,NaN,NaN

INPUT,0.36528354883194,0.0327200628817081,0.74524587392807,0.914626717567444,3.12693858146667,1.43427991867065,K,13
OUTPUT,NaN,NaN,NaN,NaN,NaN,NaN

INPUT,0.369702458381653,0.0325477048754692,0.756580471992493,0.886142194271088,3.12551093101501,1.45526826381683,K,14
OUTPUT,NaN,NaN,NaN,NaN,NaN,NaN

INPUT,0.374121367931366,0.0323753468692303,0.76791512966156,0.858266830444336,3.12409281730652,1.47686648368835,K,15
OUTPUT,NaN,NaN,NaN,NaN,NaN,NaN

INPUT,0.378098368644714,0.032220222055912,0.778116345405579,0.833582818508148,3.12282562255859,1.49670922756195,K,16
OUTPUT,NaN,NaN,NaN,NaN,NaN,NaN

INPUT,0.381191611289978,0.0320995710790157,0.786050617694855,0.814598143100739,3.12184643745422,1.51235675811768,K,17
OUTPUT,NaN,NaN,NaN,NaN,NaN,NaN

INPUT,0.383401066064835,0.0320133939385414,0.791717946529388,0.801135122776031,3.12115049362183,1.52363133430481,K,18
OUTPUT,NaN,NaN,NaN,NaN,NaN,NaN

INPUT,0.384726732969284,0.0319616869091988,0.79511833190918,0.793092310428619,3.12073445320129,1.53043103218079,K,19
OUTPUT,NaN,NaN,NaN,NaN,NaN,NaN

INPUT,0.385168612003326,0.0319444499909878,0.796251773834229,0.790416777133942,3.12059593200684,1.53270316123962,K,20
OUTPUT,NaN,NaN,NaN,NaN,NaN,NaN

INPUT,0.363783001899719,0.043327059596777,0.720890998840332,-2.39335989952087,3.07374238967896,-1.74104762077332,K,11
OUTPUT,NaN,NaN,NaN,NaN,NaN,NaN

INPUT,0.369065195322037,0.0443619936704636,0.732027292251587,-2.43087840080261,3.0661883354187,-1.70177948474884,K,12
OUTPUT,NaN,NaN,NaN,NaN,NaN,NaN

INPUT,0.374347418546677,0.0453969314694405,0.743163526058197,-2.46856594085693,3.05874514579773,-1.66265881061554,K,13
OUTPUT,NaN,NaN,NaN,NaN,NaN,NaN

INPUT,0.379629611968994,0.0464318692684174,0.754299819469452,-2.50638246536255,3.05142402648926,-1.62364363670349,K,14
OUTPUT,NaN,NaN,NaN,NaN,NaN,NaN

INPUT,0.384911805391312,0.0474668070673943,0.765436053276062,-2.54430103302002,3.04423594474792,-1.58470511436462,K,15
OUTPUT,NaN,NaN,NaN,NaN,NaN,NaN

INPUT,0.389665812253952,0.0483982488512993,0.775458693504333,-2.57849884033203,3.03788900375366,-1.54970896244049,K,16
OUTPUT,NaN,NaN,NaN,NaN,NaN,NaN

INPUT,0.393363356590271,0.0491227060556412,0.783254086971283,-2.60513687133789,3.0330376625061,-1.52251398563385,K,17
OUTPUT,NaN,NaN,NaN,NaN,NaN,NaN

INPUT,0.396004438400269,0.0496401749551296,0.78882223367691,-2.62418293952942,3.02962040901184,-1.50309932231903,K,18
OUTPUT,NaN,NaN,NaN,NaN,NaN,NaN

INPUT,0.397589117288589,0.0499506555497646,0.792163074016571,-2.63561773300171,3.02758979797363,-1.49145412445068,K,19
OUTPUT,NaN,NaN,NaN,NaN,NaN,NaN

INPUT,0.398117333650589,0.0500541478395462,0.793276727199554,-2.63943028450012,3.02691626548767,-1.4875727891922,K,20
OUTPUT,NaN,NaN,NaN,NaN,NaN,NaN

INPUT,0.362456768751144,0.0356153473258018,0.733539521694183,-2.195876121521,3.11935210227966,-1.705078125,K,12
OUTPUT,NaN,NaN,NaN,NaN,NaN,NaN

INPUT,0.367043077945709,0.035729318857193,0.744836032390594,-2.21878361701965,3.11714100837708,-1.67633867263794,K,13
OUTPUT,NaN,NaN,NaN,NaN,NaN,NaN

INPUT,0.371629357337952,0.0358432941138744,0.756132483482361,-2.24217414855957,3.11494612693787,-1.64808082580566,K,14
OUTPUT,NaN,NaN,NaN,NaN,NaN,NaN

INPUT,0.376215666532516,0.0359572656452656,0.767428934574127,-2.26593422889709,3.11276912689209,-1.62019109725952,K,15
OUTPUT,NaN,NaN,NaN,NaN,NaN,NaN

INPUT,0.380343347787857,0.0360598377883434,0.777595818042755,-2.28756809234619,3.11082577705383,-1.59533858299255,K,16
OUTPUT,NaN,NaN,NaN,NaN,NaN,NaN

INPUT,0.383553773164749,0.0361396186053753,0.785503327846527,-2.30452823638916,3.10932588577271,-1.57614195346832,K,17
OUTPUT,NaN,NaN,NaN,NaN,NaN,NaN

INPUT,0.385846942663193,0.0361966043710709,0.791151583194733,-2.31670427322388,3.10826086997986,-1.56249105930328,K,18
OUTPUT,NaN,NaN,NaN,NaN,NaN,NaN

INPUT,0.387222826480865,0.0362307988107204,0.794540524482727,-2.32403230667114,3.10762453079224,-1.55432271957397,K,19
OUTPUT,NaN,NaN,NaN,NaN,NaN,NaN

INPUT,0.38768145442009,0.0362421944737434,0.79567015171051,-2.32647848129272,3.10741281509399,-1.55160331726074,K,20
OUTPUT,NaN,NaN,NaN,NaN,NaN,NaN

INPUT,0.370884299278259,0.0477646067738533,0.715299427509308,-2.07836294174194,3.02410793304443,-1.62129485607147,K,4
OUTPUT,NaN,NaN,NaN,NaN,NaN,NaN

INPUT,0.380571305751801,0.0505211018025875,0.730491876602173,-2.12616896629333,3.0014476776123,-1.56884706020355,K,5
OUTPUT,NaN,NaN,NaN,NaN,NaN,NaN

INPUT,0.390258282423019,0.0532775968313217,0.745684385299683,-2.17469596862793,2.97913813591003,-1.51696181297302,K,6
OUTPUT,NaN,NaN,NaN,NaN,NaN,NaN

INPUT,0.397792607545853,0.0554215349256992,0.757500767707825,-2.21262192726135,2.96213865280151,-1.47700321674347,K,7
OUTPUT,NaN,NaN,NaN,NaN,NaN,NaN

INPUT,0.4031742811203,0.0569529235363007,0.765941083431244,-2.23969578742981,2.95023083686829,-1.44870340824127,K,8
OUTPUT,NaN,NaN,NaN,NaN,NaN,NaN

INPUT,0.40640327334404,0.0578717514872551,0.771005213260651,-2.25590538978577,2.94319248199463,-1.43183183670044,K,9
OUTPUT,NaN,NaN,NaN,NaN,NaN,NaN

INPUT,0.37068372964859,0.0342688634991646,0.732578158378601,-2.65043616294861,3.10800981521606,-1.7603588104248,K,5
OUTPUT,NaN,NaN,NaN,NaN,NaN,NaN

INPUT,0.378931015729904,0.0342083796858788,0.748418688774109,-2.72177767753601,3.10317063331604,-1.67460858821869,K,6
OUTPUT,NaN,NaN,NaN,NaN,NaN,NaN

INPUT,0.385345578193665,0.0341613404452801,0.760739088058472,-2.77839398384094,3.09956812858582,-1.6090327501297,K,7
OUTPUT,NaN,NaN,NaN,NaN,NaN,NaN

INPUT,0.389927417039871,0.0341277383267879,0.769539356231689,-2.81927347183228,3.09708952903748,-1.5626266002655,K,8
OUTPUT,NaN,NaN,NaN,NaN,NaN,NaN

INPUT,0.392676532268524,0.0341075770556927,0.774819552898407,-2.84394359588623,3.09564256668091,-1.53492295742035,K,9
OUTPUT,NaN,NaN,NaN,NaN,NaN,NaN

INPUT,0.372613877058029,0.0442468672990799,0.730571746826172,-2.45709466934204,3.0605776309967,-1.68524372577667,K,5
OUTPUT,NaN,NaN,NaN,NaN,NaN,NaN

INPUT,0.381072968244553,0.0459409467875957,0.745992839336395,-2.52205848693848,3.04805898666382,-1.61347675323486,K,6
OUTPUT,NaN,NaN,NaN,NaN,NaN,NaN

INPUT,0.387652277946472,0.0472585633397102,0.757987022399902,-2.57317614555359,3.03862071037292,-1.55819416046143,K,7
OUTPUT,NaN,NaN,NaN,NaN,NaN,NaN

INPUT,0.392351776361465,0.0481997206807137,0.766554296016693,-2.60992097854614,3.03205537796021,-1.51890802383423,K,8
OUTPUT,NaN,NaN,NaN,NaN,NaN,NaN

INPUT,0.395171463489532,0.0487644113600254,0.771694660186768,-2.63204455375671,3.02819132804871,-1.49539971351624,K,9
OUTPUT,NaN,NaN,NaN,NaN,NaN,NaN

INPUT,0.361219346523285,0.0335276275873184,0.725148141384125,-2.76771783828735,3.13631319999695,-1.75334775447845,K,4
OUTPUT,NaN,NaN,NaN,NaN,NaN,NaN

INPUT,0.367483675479889,0.033328615128994,0.738575875759125,-2.82466697692871,3.13605451583862,-1.62750363349915,K,5
OUTPUT,NaN,NaN,NaN,NaN,NaN,NaN

INPUT,0.373747974634171,0.0331295989453793,0.75200366973877,-2.88447093963623,3.13583636283875,-1.50451421737671,K,6
OUTPUT,NaN,NaN,NaN,NaN,NaN,NaN

INPUT,0.378620207309723,0.0329748094081879,0.762447476387024,-2.93246912956238,3.13569593429565,-1.41033971309662,K,7
OUTPUT,NaN,NaN,NaN,NaN,NaN,NaN

INPUT,0.382100373506546,0.0328642465174198,0.769907295703888,-2.96736645698547,3.13561201095581,-1.34368479251862,K,8
OUTPUT,NaN,NaN,NaN,NaN,NaN,NaN

INPUT,0.38418847322464,0.0327979102730751,0.774383246898651,-2.98850417137146,3.13556838035583,-1.30389153957367,K,9
OUTPUT,NaN,NaN,NaN,NaN,NaN,NaN

INPUT,0.365206688642502,0.0349651388823986,0.726107180118561,-2.42948842048645,3.12694191932678,-1.77759897708893,K,4
OUTPUT,NaN,NaN,NaN,NaN,NaN,NaN

INPUT,0.371802002191544,0.0350236035883427,0.739087879657745,-2.47117829322815,3.12517189979553,-1.70168232917786,K,5
OUTPUT,NaN,NaN,NaN,NaN,NaN,NaN

INPUT,0.378397345542908,0.0350820682942867,0.75206857919693,-2.51615977287292,3.12345457077026,-1.62905538082123,K,6
OUTPUT,NaN,NaN,NaN,NaN,NaN,NaN

INPUT,0.383527040481567,0.0351275429129601,0.762164711952209,-2.55281043052673,3.12215995788574,-1.57423174381256,K,7
OUTPUT,NaN,NaN,NaN,NaN,NaN,NaN

INPUT,0.387191087007523,0.0351600237190723,0.769376218318939,-2.57968950271606,3.1212592124939,-1.53577136993408,K,8
OUTPUT,NaN,NaN,NaN,NaN,NaN,NaN

INPUT,0.389389544725418,0.0351795107126236,0.773703098297119,-2.59605503082275,3.1207287311554,-1.51293301582336,K,9
OUTPUT,NaN,NaN,NaN,NaN,NaN,NaN

INPUT,0.361352145671844,0.0331883430480957,0.725185394287109,1.02619826793671,3.12951374053955,1.46804070472717,K,4
OUTPUT,NaN,NaN,NaN,NaN,NaN,NaN

INPUT,0.36773470044136,0.0329380668699741,0.738704085350037,0.953296363353729,3.12712454795837,1.47487330436707,K,5
OUTPUT,NaN,NaN,NaN,NaN,NaN,NaN

INPUT,0.374117255210876,0.0326877906918526,0.752222895622253,0.889742970466614,3.12474727630615,1.49105596542358,K,6
OUTPUT,NaN,NaN,NaN,NaN,NaN,NaN

INPUT,0.37908148765564,0.0324931293725967,0.762737452983856,0.844580769538879,3.12291598320007,1.50774967670441,K,7
OUTPUT,NaN,NaN,NaN,NaN,NaN,NaN

INPUT,0.382627338171005,0.0323540866374969,0.770247876644135,0.814022600650787,3.12162160873413,1.5212162733078,K,8
OUTPUT,NaN,NaN,NaN,NaN,NaN,NaN

INPUT,0.384754866361618,0.0322706624865532,0.774754106998444,0.796254098415375,3.12085151672363,1.52977919578552,K,9
OUTPUT,NaN,NaN,NaN,NaN,NaN,NaN

INPUT,0.363150149583817,0.0353168211877346,0.725836455821991,-2.20186877250671,3.1189866065979,-1.74177038669586,K,4
OUTPUT,NaN,NaN,NaN,NaN,NaN,NaN

INPUT,0.369519650936127,0.0354300998151302,0.739030838012695,-2.23205089569092,3.11585068702698,-1.6883956193924,K,5
OUTPUT,NaN,NaN,NaN,NaN,NaN,NaN

INPUT,0.375889182090759,0.0355433784425259,0.7522252202034,-2.26473999023438,3.11275720596313,-1.63752424716949,K,6
OUTPUT,NaN,NaN,NaN,NaN,NaN,NaN

INPUT,0.380843251943588,0.0356314852833748,0.762487471103668,-2.29132604598999,3.11039113998413,-1.59930300712585,K,7
OUTPUT,NaN,NaN,NaN,NaN,NaN,NaN

INPUT,0.384381860494614,0.0356944166123867,0.769817709922791,-2.31074929237366,3.10872673988342,-1.57261633872986,K,8
OUTPUT,NaN,NaN,NaN,NaN,NaN,NaN

INPUT,0.386505037546158,0.0357321761548519,0.774215817451477,-2.32253289222717,3.10773992538452,-1.55682957172394,K,9
OUTPUT,NaN,NaN,NaN,NaN,NaN,NaN

INPUT,0.367338955402374,0.0436613224446774,0.720894753932953,-2.43018674850464,3.07232165336609,-1.78830170631409,K,11
OUTPUT,NaN,NaN,NaN,NaN,NaN,NaN

INPUT,0.373038440942764,0.0447351597249508,0.732033908367157,-2.46706056594849,3.06460428237915,-1.74961221218109,K,12
OUTPUT,NaN,NaN,NaN,NaN,NaN,NaN

INPUT,0.378737926483154,0.0458089970052242,0.743173122406006,-2.50411009788513,3.0569965839386,-1.71107590198517,K,13
OUTPUT,NaN,NaN,NaN,NaN,NaN,NaN

INPUT,0.384437382221222,0.0468828342854977,0.75431227684021,-2.54129314422607,3.04950952529907,-1.67264938354492,K,14
OUTPUT,NaN,NaN,NaN,NaN,NaN,NaN

INPUT,0.390136867761612,0.0479566678404808,0.765451490879059,-2.57858228683472,3.04215383529663,-1.63430261611938,K,15
OUTPUT,NaN,NaN,NaN,NaN,NaN,NaN

INPUT,0.39526641368866,0.0489231236279011,0.7754767537117,-2.61221623420715,3.03565502166748,-1.59984111785889,K,16
OUTPUT,NaN,NaN,NaN,NaN,NaN,NaN

INPUT,0.399256020784378,0.0496748089790344,0.783274173736572,-2.63841700553894,3.03068470954895,-1.57306277751923,K,17
OUTPUT,NaN,NaN,NaN,NaN,NaN,NaN

INPUT,0.402105778455734,0.0502117276191711,0.788843750953674,-2.65715169906616,3.02718186378479,-1.55394625663757,K,18
OUTPUT,NaN,NaN,NaN,NaN,NaN,NaN

INPUT,0.403815627098083,0.0505338758230209,0.792185544967651,-2.66839981079102,3.02509951591492,-1.54248011112213,K,19
OUTPUT,NaN,NaN,NaN,NaN,NaN,NaN

INPUT,0.404385566711426,0.0506412610411644,0.793299436569214,-2.67215037345886,3.02440881729126,-1.538658618927,K,20
OUTPUT,NaN,NaN,NaN,NaN,NaN,NaN

INPUT,0.368081152439117,0.0385324470698833,0.720953583717346,-2.36665272712708,3.07975053787231,-1.7052925825119,K,11
OUTPUT,NaN,NaN,NaN,NaN,NaN,NaN

INPUT,0.373867988586426,0.0390028990805149,0.732099652290344,-2.40445566177368,3.07288455963135,-1.66525387763977,K,12
OUTPUT,NaN,NaN,NaN,NaN,NaN,NaN

INPUT,0.379654824733734,0.0394733510911465,0.743245720863342,-2.44246935844421,3.06612253189087,-1.62540805339813,K,13
OUTPUT,NaN,NaN,NaN,NaN,NaN,NaN

INPUT,0.38544163107872,0.039943803101778,0.754391729831696,-2.48064255714417,3.05947494506836,-1.58570170402527,K,14
OUTPUT,NaN,NaN,NaN,NaN,NaN,NaN

INPUT,0.391228467226028,0.0404142551124096,0.765537798404694,-2.51894021034241,3.05295157432556,-1.54609870910645,K,15
OUTPUT,NaN,NaN,NaN,NaN,NaN,NaN

INPUT,0.396436601877213,0.0408376604318619,0.775569260120392,-2.55349373817444,3.04719519615173,-1.51052272319794,K,16
OUTPUT,NaN,NaN,NaN,NaN,NaN,NaN

INPUT,0.400487393140793,0.0411669798195362,0.78337150812149,-2.58041620254517,3.04279756546021,-1.48288691043854,K,17
OUTPUT,NaN,NaN,NaN,NaN,NaN,NaN

INPUT,0.403380781412125,0.041402205824852,0.78894454240799,-2.5996687412262,3.03970122337341,-1.46316230297089,K,18
OUTPUT,NaN,NaN,NaN,NaN,NaN,NaN

INPUT,0.405116826295853,0.0415433384478092,0.792288362979889,-2.61122846603394,3.03786206245422,-1.4513326883316,K,19
OUTPUT,NaN,NaN,NaN,NaN,NaN,NaN

INPUT,0.405695527791977,0.0415903851389885,0.793402969837189,-2.61508297920227,3.0372519493103,-1.44739031791687,K,20
OUTPUT,NaN,NaN,NaN,NaN,NaN,NaN

INPUT,0.362106531858444,0.0366327352821827,0.722076952457428,-2.36254692077637,3.10432052612305,-1.67922270298004,K,11
OUTPUT,NaN,NaN,NaN,NaN,NaN,NaN

INPUT,0.36719137430191,0.0368797555565834,0.733353853225708,-2.40094757080078,3.10022902488708,-1.63723397254944,K,12
OUTPUT,NaN,NaN,NaN,NaN,NaN,NaN

INPUT,0.372276186943054,0.0371267758309841,0.744630753993988,-2.43967223167419,3.09620404243469,-1.59556257724762,K,13
OUTPUT,NaN,NaN,NaN,NaN,NaN,NaN

INPUT,0.377360999584198,0.0373737998306751,0.755907595157623,-2.4786388874054,3.09225249290466,-1.55412566661835,K,14
OUTPUT,NaN,NaN,NaN,NaN,NaN,NaN

INPUT,0.382445812225342,0.0376208201050758,0.767184495925903,-2.51779079437256,3.08838033676147,-1.51286637783051,K,15
OUTPUT,NaN,NaN,NaN,NaN,NaN,NaN

INPUT,0.387022167444229,0.0378431379795074,0.777333676815033,-2.5531530380249,3.08496880531311,-1.47585153579712,K,16
OUTPUT,NaN,NaN,NaN,NaN,NaN,NaN

INPUT,0.390581548213959,0.0380160547792912,0.785227537155151,-2.58072447776794,3.08236646652222,-1.44712495803833,K,17
OUTPUT,NaN,NaN,NaN,NaN,NaN,NaN

INPUT,0.393123954534531,0.0381395630538464,0.790865957736969,-2.60044980049133,3.08053612709045,-1.4266345500946,K,18
OUTPUT,NaN,NaN,NaN,NaN,NaN,NaN

INPUT,0.394649386405945,0.0382136702537537,0.794249057769775,-2.61229610443115,3.07944989204407,-1.41435062885284,K,19
OUTPUT,NaN,NaN,NaN,NaN,NaN,NaN

INPUT,0.395157873630524,0.0382383726537228,0.795376718044281,-2.61624670028687,3.07908964157104,-1.41025757789612,K,20
OUTPUT,NaN,NaN,NaN,NaN,NaN,NaN

INPUT,0.367742568254471,0.0428826026618481,0.71543961763382,-2.42856216430664,3.07205820083618,-1.80357217788696,K,4
OUTPUT,NaN,NaN,NaN,NaN,NaN,NaN

INPUT,0.376890182495117,0.0446563512086868,0.730791807174683,-2.49177217483521,3.05887961387634,-1.7322860956192,K,5
OUTPUT,NaN,NaN,NaN,NaN,NaN,NaN

INPUT,0.386037766933441,0.0464300997555256,0.746143937110901,-2.55611610412598,3.04607367515564,-1.66206157207489,K,6
OUTPUT,NaN,NaN,NaN,NaN,NaN,NaN

INPUT,0.393152564764023,0.0478096827864647,0.75808447599411,-2.60667681694031,3.0364089012146,-1.60790252685547,K,7
OUTPUT,NaN,NaN,NaN,NaN,NaN,NaN

INPUT,0.398234575986862,0.0487951003015041,0.76661342382431,-2.64299559593201,3.02968001365662,-1.56938934326172,K,8
OUTPUT,NaN,NaN,NaN,NaN,NaN,NaN

INPUT,0.401283770799637,0.0493863485753536,0.771730840206146,-2.66485404968262,3.02571702003479,-1.5463353395462,K,9
OUTPUT,NaN,NaN,NaN,NaN,NaN,NaN

INPUT,0.36852103471756,0.0379148721694946,0.715435028076172,-2.36690711975098,3.07932734489441,-1.7228672504425,K,4
OUTPUT,NaN,NaN,NaN,NaN,NaN,NaN

INPUT,0.37788462638855,0.0386107191443443,0.730808258056641,-2.43101763725281,3.06765460968018,-1.6484512090683,K,5
OUTPUT,NaN,NaN,NaN,NaN,NaN,NaN

INPUT,0.38724821805954,0.039306566119194,0.746181547641754,-2.49654698371887,3.05633473396301,-1.57539463043213,K,6
OUTPUT,NaN,NaN,NaN,NaN,NaN,NaN

INPUT,0.394531011581421,0.0398477762937546,0.758138537406921,-2.5481550693512,3.04780983924866,-1.51916873455048,K,7
OUTPUT,NaN,NaN,NaN,NaN,NaN,NaN

INPUT,0.399733006954193,0.0402343571186066,0.766679227352142,-2.58526945114136,3.04188561439514,-1.47923290729523,K,8
OUTPUT,NaN,NaN,NaN,NaN,NaN,NaN

INPUT,0.402854204177856,0.04046630859375,0.771803617477417,-2.60762047767639,3.03840136528015,-1.45534312725067,K,9
OUTPUT,NaN,NaN,NaN,NaN,NaN,NaN

INPUT,0.371027737855911,0.0366475209593773,0.731786608695984,-2.43311810493469,3.09693503379822,-1.62418985366821,K,5
OUTPUT,NaN,NaN,NaN,NaN,NaN,NaN

INPUT,0.37932550907135,0.0369946844875813,0.747493088245392,-2.49778723716736,3.09027171134949,-1.54593873023987,K,6
OUTPUT,NaN,NaN,NaN,NaN,NaN,NaN

INPUT,0.385779321193695,0.0372646972537041,0.759709298610687,-2.54918622970581,3.08526754379272,-1.48616099357605,K,7
OUTPUT,NaN,NaN,NaN,NaN,NaN,NaN

INPUT,0.390389204025269,0.0374575667083263,0.768435120582581,-2.58632755279541,3.08179783821106,-1.44388127326965,K,8
OUTPUT,NaN,NaN,NaN,NaN,NaN,NaN

INPUT,0.393155127763748,0.0375732891261578,0.773670613765717,-2.60875153541565,3.07976102828979,-1.41864860057831,K,9
OUTPUT,NaN,NaN,NaN,NaN,NaN,NaN

INPUT,0.362075358629227,0.037533063441515,0.722483098506927,-2.36807942390442,3.11764550209045,-1.68035209178925,K,11
OUTPUT,NaN,NaN,NaN,NaN,NaN,NaN

INPUT,0.367156654596329,0.0378864333033562,0.733806669712067,-2.40588712692261,3.11504912376404,-1.6372663974762,K,12
OUTPUT,NaN,NaN,NaN,NaN,NaN,NaN

INPUT,0.372237950563431,0.0382398031651974,0.745130300521851,-2.44416308403015,3.11249589920044,-1.59464633464813,K,13
OUTPUT,NaN,NaN,NaN,NaN,NaN,NaN

INPUT,0.377319246530533,0.0385931730270386,0.756453931331635,-2.48278832435608,3.10999035835266,-1.55237245559692,K,14
OUTPUT,NaN,NaN,NaN,NaN,NaN,NaN

INPUT,0.382400542497635,0.0389465428888798,0.767777502536774,-2.52168083190918,3.10753631591797,-1.51036274433136,K,15
OUTPUT,NaN,NaN,NaN,NaN,NaN,NaN

INPUT,0.386973708868027,0.0392645783722401,0.777968764305115,-2.55686402320862,3.10537505149841,-1.47273111343384,K,16
OUTPUT,NaN,NaN,NaN,NaN,NaN,NaN

INPUT,0.390530616044998,0.0395119376480579,0.78589528799057,-2.58432555198669,3.10372710227966,-1.44355690479279,K,17
OUTPUT,NaN,NaN,NaN,NaN,NaN,NaN

INPUT,0.393071264028549,0.0396886207163334,0.791557133197784,-2.60398530960083,3.10256862640381,-1.42276167869568,K,18
OUTPUT,NaN,NaN,NaN,NaN,NaN,NaN

INPUT,0.39459565281868,0.0397946313023567,0.794954180717468,-2.61579728126526,3.10188102722168,-1.41030013561249,K,19
OUTPUT,NaN,NaN,NaN,NaN,NaN,NaN

INPUT,0.39510378241539,0.0398299694061279,0.796086549758911,-2.61973714828491,3.10165309906006,-1.40614867210388,K,20
OUTPUT,NaN,NaN,NaN,NaN,NaN,NaN

INPUT,0.381703734397888,0.0416574515402317,0.705729246139526,-2.52522969245911,2.9775652885437,-1.87621343135834,K,10
OUTPUT,NaN,NaN,NaN,NaN,NaN,NaN

INPUT,0.390079587697983,0.0426078923046589,0.716328799724579,-2.56838750839233,2.95674204826355,-1.83240067958832,K,11
OUTPUT,NaN,NaN,NaN,NaN,NaN,NaN

INPUT,0.398455411195755,0.0435583330690861,0.726928472518921,-2.6116943359375,2.93626689910889,-1.78857052326202,K,12
OUTPUT,NaN,NaN,NaN,NaN,NaN,NaN

INPUT,0.40683126449585,0.0445087738335133,0.737528026103973,-2.65513920783997,2.91617965698242,-1.74469602108002,K,13
OUTPUT,NaN,NaN,NaN,NaN,NaN,NaN

INPUT,0.415207087993622,0.0454592108726501,0.748127639293671,-2.69871711730957,2.89651918411255,-1.70075821876526,K,14
OUTPUT,NaN,NaN,NaN,NaN,NaN,NaN

INPUT,0.423582911491394,0.0464096516370773,0.758727252483368,-2.74242615699768,2.87732434272766,-1.65674161911011,K,15
OUTPUT,NaN,NaN,NaN,NaN,NaN,NaN

INPUT,0.431121170520782,0.0472650490701199,0.768266916275024,-2.78187608718872,2.86047863960266,-1.61705005168915,K,16
OUTPUT,NaN,NaN,NaN,NaN,NaN,NaN

INPUT,0.436984241008759,0.0479303561151028,0.775686621665955,-2.81263327598572,2.84767603874207,-1.58612418174744,K,17
OUTPUT,NaN,NaN,NaN,NaN,NaN,NaN

INPUT,0.441172182559967,0.0484055764973164,0.780986428260803,-2.83464217185974,2.83869957923889,-1.56400299072266,K,18
OUTPUT,NaN,NaN,NaN,NaN,NaN,NaN

INPUT,0.443684905767441,0.0486907102167606,0.78416633605957,-2.84786343574524,2.83338332176208,-1.55071759223938,K,19
OUTPUT,NaN,NaN,NaN,NaN,NaN,NaN

INPUT,0.444522500038147,0.0487857535481453,0.785226285457611,-2.85227346420288,2.831622838974,-1.54628694057465,K,20
OUTPUT,NaN,NaN,NaN,NaN,NaN,NaN

INPUT,0.364602237939835,0.038222961127758,0.721234560012817,-2.45365977287292,3.09963202476501,-1.59504592418671,K,11
OUTPUT,NaN,NaN,NaN,NaN,NaN,NaN

INPUT,0.369979709386826,0.0386569276452065,0.7324138879776,-2.50245666503906,3.09515237808228,-1.54281795024872,K,12
OUTPUT,NaN,NaN,NaN,NaN,NaN,NaN

INPUT,0.375357180833817,0.0390908978879452,0.743593215942383,-2.55155754089355,3.09079098701477,-1.49088335037231,K,13
OUTPUT,NaN,NaN,NaN,NaN,NaN,NaN

INPUT,0.380734652280807,0.0395248681306839,0.754772484302521,-2.60088491439819,3.08655905723572,-1.43916451931,K,14
OUTPUT,NaN,NaN,NaN,NaN,NaN,NaN

INPUT,0.386112123727798,0.0399588346481323,0.765951812267303,-2.65038633346558,3.08246755599976,-1.38760805130005,K,15
OUTPUT,NaN,NaN,NaN,NaN,NaN,NaN

INPUT,0.390951842069626,0.0403494089841843,0.776013195514679,-2.69505548477173,3.07891368865967,-1.34131491184235,K,16
OUTPUT,NaN,NaN,NaN,NaN,NaN,NaN

INPUT,0.394716084003448,0.0406531877815723,0.783838748931885,-2.72986173629761,3.07623887062073,-1.30536580085754,K,17
OUTPUT,NaN,NaN,NaN,NaN,NaN,NaN

INPUT,0.397404819726944,0.0408701710402966,0.789428412914276,-2.75475287437439,3.07437825202942,-1.27971351146698,K,18
OUTPUT,NaN,NaN,NaN,NaN,NaN,NaN

INPUT,0.399018049240112,0.0410003624856472,0.792782187461853,-2.76969790458679,3.07328224182129,-1.26433122158051,K,19
OUTPUT,NaN,NaN,NaN,NaN,NaN,NaN

INPUT,0.399555802345276,0.041043758392334,0.79390013217926,-2.77468132972717,3.07292032241821,-1.25920522212982,K,20
OUTPUT,NaN,NaN,NaN,NaN,NaN,NaN

INPUT,0.361847758293152,0.0378749631345272,0.732789635658264,-2.31064558029175,3.12299132347107,-1.6386753320694,K,12
OUTPUT,NaN,NaN,NaN,NaN,NaN,NaN

INPUT,0.366370171308517,0.038227055221796,0.744006216526031,-2.34274172782898,3.12119579315186,-1.60005497932434,K,13
OUTPUT,NaN,NaN,NaN,NaN,NaN,NaN

INPUT,0.370892584323883,0.0385791473090649,0.755222737789154,-2.37536311149597,3.11942529678345,-1.56195890903473,K,14
OUTPUT,NaN,NaN,NaN,NaN,NaN,NaN

INPUT,0.375414997339249,0.0389312393963337,0.766439318656921,-2.40838766098022,3.11768269538879,-1.52426397800446,K,15
OUTPUT,NaN,NaN,NaN,NaN,NaN,NaN

INPUT,0.379485189914703,0.0392481237649918,0.776534199714661,-2.43838143348694,3.11613941192627,-1.49060940742493,K,16
OUTPUT,NaN,NaN,NaN,NaN,NaN,NaN

INPUT,0.382650882005692,0.039494588971138,0.784385800361633,-2.4618558883667,3.11495685577393,-1.46457874774933,K,17
OUTPUT,NaN,NaN,NaN,NaN,NaN,NaN

INPUT,0.384912073612213,0.0396706350147724,0.789994120597839,-2.47869062423706,3.11412215232849,-1.44605219364166,K,18
OUTPUT,NaN,NaN,NaN,NaN,NaN,NaN

INPUT,0.386268794536591,0.039776261895895,0.793359100818634,-2.48881578445435,3.11362552642822,-1.43496036529541,K,19
OUTPUT,NaN,NaN,NaN,NaN,NaN,NaN

INPUT,0.386721044778824,0.0398114733397961,0.794480741024017,-2.49219465255737,3.11346054077148,-1.43126678466797,K,20
OUTPUT,NaN,NaN,NaN,NaN,NaN,NaN

INPUT,0.366391897201538,0.0389814339578152,0.721479475498199,-2.36576437950134,3.08095598220825,-1.83264052867889,K,11
OUTPUT,NaN,NaN,NaN,NaN,NaN,NaN

INPUT,0.371980428695679,0.0395049639046192,0.732686042785645,-2.39616107940674,3.07411813735962,-1.80029571056366,K,12
OUTPUT,NaN,NaN,NaN,NaN,NaN,NaN

INPUT,0.377568989992142,0.0400284938514233,0.743892550468445,-2.42674350738525,3.0673463344574,-1.7681223154068,K,13
OUTPUT,NaN,NaN,NaN,NaN,NaN,NaN

INPUT,0.383157551288605,0.040552020072937,0.755099058151245,-2.45746612548828,3.06064772605896,-1.73607349395752,K,14
OUTPUT,NaN,NaN,NaN,NaN,NaN,NaN

INPUT,0.388746082782745,0.0410755462944508,0.766305565834045,-2.48829793930054,3.05402851104736,-1.70411682128906,K,15
OUTPUT,NaN,NaN,NaN,NaN,NaN,NaN

INPUT,0.393775790929794,0.0415467247366905,0.776391446590424,-2.51612210273743,3.04814505577087,-1.67541587352753,K,16
OUTPUT,NaN,NaN,NaN,NaN,NaN,NaN

INPUT,0.397687762975693,0.0419131927192211,0.784236013889313,-2.53780436515808,3.04362010955811,-1.65312361717224,K,17
OUTPUT,NaN,NaN,NaN,NaN,NaN,NaN

INPUT,0.400482058525085,0.0421749576926231,0.789839267730713,-2.55331134796143,3.0404167175293,-1.63721442222595,K,18
OUTPUT,NaN,NaN,NaN,NaN,NaN,NaN

INPUT,0.402158617973328,0.0423320159316063,0.793201267719269,-2.56262278556824,3.03850674629211,-1.62767362594604,K,19
OUTPUT,NaN,NaN,NaN,NaN,NaN,NaN

INPUT,0.402717471122742,0.0423843674361706,0.794321894645691,-2.56572771072388,3.03787207603455,-1.62449407577515,K,20
OUTPUT,NaN,NaN,NaN,NaN,NaN,NaN

INPUT,0.363530427217484,0.0322979427874088,0.733187437057495,-2.50723671913147,3.11876058578491,-1.7224862575531,K,12
OUTPUT,NaN,NaN,NaN,NaN,NaN,NaN

INPUT,0.368229478597641,0.0320629440248013,0.744446694850922,-2.5462167263031,3.11658883094788,-1.67887461185455,K,13
OUTPUT,NaN,NaN,NaN,NaN,NaN,NaN

INPUT,0.372928500175476,0.031827948987484,0.755705952644348,-2.58556461334229,3.1144597530365,-1.63562893867493,K,14
OUTPUT,NaN,NaN,NaN,NaN,NaN,NaN

INPUT,0.377627521753311,0.0315929502248764,0.76696515083313,-2.62519502639771,3.11237668991089,-1.59266304969788,K,15
OUTPUT,NaN,NaN,NaN,NaN,NaN,NaN

INPUT,0.381856679916382,0.0313814543187618,0.777098476886749,-2.66105246543884,3.11054444313049,-1.55418181419373,K,16
OUTPUT,NaN,NaN,NaN,NaN,NaN,NaN

INPUT,0.385145992040634,0.0312169548124075,0.784979939460754,-2.68904376029968,3.10914897918701,-1.52435278892517,K,17
OUTPUT,NaN,NaN,NaN,NaN,NaN,NaN

INPUT,0.387495517730713,0.0310994554311037,0.79060959815979,-2.70908451080322,3.10816860198975,-1.50309252738953,K,18
OUTPUT,NaN,NaN,NaN,NaN,NaN,NaN

INPUT,0.388905227184296,0.0310289561748505,0.793987333774567,-2.72112584114075,3.10758709907532,-1.4903529882431,K,19
OUTPUT,NaN,NaN,NaN,NaN,NaN,NaN

INPUT,0.389375120401382,0.0310054570436478,0.795113265514374,-2.72514247894287,3.1073944568634,-1.48610901832581,K,20
OUTPUT,NaN,NaN,NaN,NaN,NaN,NaN

INPUT,0.383250772953033,0.040726974606514,0.70456862449646,-2.53536057472229,2.9710385799408,-1.87346863746643,K,4
OUTPUT,NaN,NaN,NaN,NaN,NaN,NaN

INPUT,0.39792200922966,0.0423994585871696,0.720877349376678,-2.61805701255798,2.93182229995728,-1.78669691085815,K,5
OUTPUT,NaN,NaN,NaN,NaN,NaN,NaN

INPUT,0.412593245506287,0.0440719462931156,0.737186133861542,-2.70172834396362,2.8941056728363,-1.70021331310272,K,6
OUTPUT,NaN,NaN,NaN,NaN,NaN,NaN

INPUT,0.424004226922989,0.0453727692365646,0.749870717525482,-2.76733350753784,2.86598706245422,-1.63294041156769,K,7
OUTPUT,NaN,NaN,NaN,NaN,NaN,NaN

INPUT,0.432154923677444,0.046301931142807,0.7589311003685,-2.81444406509399,2.84663271903992,-1.58482885360718,K,8
OUTPUT,NaN,NaN,NaN,NaN,NaN,NaN

INPUT,0.437045335769653,0.0468594245612621,0.764367341995239,-2.84280467033386,2.83533453941345,-1.55592739582062,K,9
OUTPUT,NaN,NaN,NaN,NaN,NaN,NaN

INPUT,0.371184468269348,0.0378581695258617,0.732236981391907,-2.44299507141113,3.11275506019592,-1.62867653369904,K,5
OUTPUT,NaN,NaN,NaN,NaN,NaN,NaN

INPUT,0.379546195268631,0.0384247079491615,0.748028576374054,-2.50482416152954,3.10860443115234,-1.54677712917328,K,6
OUTPUT,NaN,NaN,NaN,NaN,NaN,NaN

INPUT,0.386049777269363,0.0388653501868248,0.760310888290405,-2.55448508262634,3.10549092292786,-1.48464274406433,K,7
OUTPUT,NaN,NaN,NaN,NaN,NaN,NaN

INPUT,0.390695184469223,0.0391800925135612,0.769083976745605,-2.590571641922,3.10333466529846,-1.44087159633636,K,8
OUTPUT,NaN,NaN,NaN,NaN,NaN,NaN

INPUT,0.39348241686821,0.0393689386546612,0.774347841739655,-2.61242341995239,3.10206985473633,-1.41480731964111,K,9
OUTPUT,NaN,NaN,NaN,NaN,NaN,NaN

INPUT,0.373914837837219,0.0385900102555752,0.73088002204895,-2.54191374778748,3.09168863296509,-1.52535569667816,K,5
OUTPUT,NaN,NaN,NaN,NaN,NaN,NaN

INPUT,0.382684409618378,0.0392961278557777,0.746384263038635,-2.62440872192383,3.08451294898987,-1.42827200889587,K,6
OUTPUT,NaN,NaN,NaN,NaN,NaN,NaN

INPUT,0.389505207538605,0.0398453287780285,0.758443117141724,-2.68971347808838,3.07924485206604,-1.35388004779816,K,7
OUTPUT,NaN,NaN,NaN,NaN,NaN,NaN

INPUT,0.394377201795578,0.0402376130223274,0.767056584358215,-2.73680067062378,3.07566618919373,-1.30117034912109,K,8
OUTPUT,NaN,NaN,NaN,NaN,NaN,NaN

INPUT,0.397300392389297,0.0404729843139648,0.77222466468811,-2.76519560813904,3.07359671592712,-1.26968133449554,K,9
OUTPUT,NaN,NaN,NaN,NaN,NaN,NaN

INPUT,0.366872400045395,0.0383318774402142,0.715887427330017,-2.36358618736267,3.08061075210571,-1.8454065322876,K,4
OUTPUT,NaN,NaN,NaN,NaN,NaN,NaN

INPUT,0.375901073217392,0.0391061082482338,0.731383800506592,-2.4162483215332,3.06889295578003,-1.78557014465332,K,5
OUTPUT,NaN,NaN,NaN,NaN,NaN,NaN

INPUT,0.384929746389389,0.0398803390562534,0.746880233287811,-2.46992254257202,3.05740427970886,-1.72669839859009,K,6
OUTPUT,NaN,NaN,NaN,NaN,NaN,NaN

INPUT,0.391952037811279,0.0404825173318386,0.758933007717133,-2.51190567016602,3.04869604110718,-1.68156731128693,K,7
OUTPUT,NaN,NaN,NaN,NaN,NaN,NaN

INPUT,0.396967977285385,0.0409126468002796,0.767542123794556,-2.5418553352356,3.04262614250183,-1.64971792697906,K,8
OUTPUT,NaN,NaN,NaN,NaN,NaN,NaN

INPUT,0.399977535009384,0.0411707237362862,0.772707581520081,-2.55976939201355,3.03905177116394,-1.63077771663666,K,9
OUTPUT,NaN,NaN,NaN,NaN,NaN,NaN

INPUT,0.362234264612198,0.0375240780413151,0.724529504776001,-2.31769227981567,3.12271165847778,-1.68770408630371,K,4
OUTPUT,NaN,NaN,NaN,NaN,NaN,NaN

INPUT,0.368597447872162,0.0380395129323006,0.737753987312317,-2.36062908172607,3.12014985084534,-1.61596047878265,K,5
OUTPUT,NaN,NaN,NaN,NaN,NaN,NaN

INPUT,0.374960660934448,0.0385549515485764,0.750978469848633,-2.40660953521729,3.1176552772522,-1.54725790023804,K,6
OUTPUT,NaN,NaN,NaN,NaN,NaN,NaN

INPUT,0.379909813404083,0.038955844938755,0.761264145374298,-2.44366788864136,3.11577725410461,-1.4955962896347,K,7
OUTPUT,NaN,NaN,NaN,NaN,NaN,NaN

INPUT,0.383444905281067,0.0392422005534172,0.768611073493958,-2.47054958343506,3.11447548866272,-1.45957338809967,K,8
OUTPUT,NaN,NaN,NaN,NaN,NaN,NaN

INPUT,0.385565966367722,0.0394140146672726,0.773019254207611,-2.48677587509155,3.11371207237244,-1.43830108642578,K,9
OUTPUT,NaN,NaN,NaN,NaN,NaN,NaN

INPUT,0.364397883415222,0.0322938188910484,0.725995898246765,-2.49851584434509,3.11848163604736,-1.76186108589172,K,4
OUTPUT,NaN,NaN,NaN,NaN,NaN,NaN

INPUT,0.370843946933746,0.0318795591592789,0.739000678062439,-2.55643892288208,3.1153769493103,-1.68680942058563,K,5
OUTPUT,NaN,NaN,NaN,NaN,NaN,NaN

INPUT,0.377290040254593,0.031465295702219,0.752005398273468,-2.61615204811096,3.11238646507263,-1.61354219913483,K,6
OUTPUT,NaN,NaN,NaN,NaN,NaN,NaN

INPUT,0.382303655147552,0.031143095344305,0.762120187282562,-2.6634726524353,3.11014842987061,-1.55742990970612,K,7
OUTPUT,NaN,NaN,NaN,NaN,NaN,NaN

INPUT,0.385884821414948,0.0309129506349564,0.769345104694366,-2.69763398170471,3.10860061645508,-1.51770806312561,K,8
OUTPUT,NaN,NaN,NaN,NaN,NaN,NaN

INPUT,0.388033509254456,0.0307748652994633,0.773679971694946,-2.71825170516968,3.10769319534302,-1.49399518966675,K,9
OUTPUT,NaN,NaN,NaN,NaN,NaN,NaN

INPUT,0.359893083572388,0.0384187512099743,0.722273826599121,-2.55627608299255,3.11982583999634,-1.87318587303162,K,11
OUTPUT,NaN,NaN,NaN,NaN,NaN,NaN

INPUT,0.364717155694962,0.0388760045170784,0.733573794364929,-2.59417653083801,3.11748623847961,-1.83073890209198,K,12
OUTPUT,NaN,NaN,NaN,NaN,NaN,NaN

INPUT,0.369541198015213,0.0393332578241825,0.744873821735382,-2.63247752189636,3.11518549919128,-1.78869020938873,K,13
OUTPUT,NaN,NaN,NaN,NaN,NaN,NaN

INPUT,0.374365270137787,0.0397905074059963,0.756173729896545,-2.67107772827148,3.11292719841003,-1.74693834781647,K,14
OUTPUT,NaN,NaN,NaN,NaN,NaN,NaN

INPUT,0.379189312458038,0.0402477607131004,0.767473757266998,-2.70990753173828,3.11071515083313,-1.70541334152222,K,15
OUTPUT,NaN,NaN,NaN,NaN,NaN,NaN

INPUT,0.383530974388123,0.0406592898070812,0.777643740177155,-2.74500894546509,3.10876679420471,-1.66819322109222,K,16
OUTPUT,NaN,NaN,NaN,NaN,NaN,NaN

INPUT,0.386907815933228,0.0409793667495251,0.785553693771362,-2.77239346504211,3.10728073120117,-1.63932597637177,K,17
OUTPUT,NaN,NaN,NaN,NaN,NaN,NaN

INPUT,0.389319866895676,0.041207991540432,0.791203677654266,-2.79199194908142,3.10623598098755,-1.61874389648438,K,18
OUTPUT,NaN,NaN,NaN,NaN,NaN,NaN

INPUT,0.390767067670822,0.0413451679050922,0.794593691825867,-2.80376482009888,3.10561585426331,-1.60640823841095,K,19
OUTPUT,NaN,NaN,NaN,NaN,NaN,NaN

INPUT,0.391249477863312,0.0413908921182156,0.795723676681519,-2.8076913356781,3.10541033744812,-1.60229825973511,K,20
OUTPUT,NaN,NaN,NaN,NaN,NaN,NaN

INPUT,0.368327915668488,0.0391366854310036,0.721051871776581,-2.70861315727234,3.07453608512878,-2.04574918746948,K,11
OUTPUT,NaN,NaN,NaN,NaN,NaN,NaN

INPUT,0.374144852161407,0.0396786741912365,0.732207059860229,-2.74715828895569,3.06709814071655,-2.00626707077026,K,12
OUTPUT,NaN,NaN,NaN,NaN,NaN,NaN

INPUT,0.379961788654327,0.0402206629514694,0.743362247943878,-2.7857985496521,3.05977320671082,-1.96685862541199,K,13
OUTPUT,NaN,NaN,NaN,NaN,NaN,NaN

INPUT,0.385778725147247,0.0407626517117023,0.754517376422882,-2.82451295852661,3.05257296562195,-1.92750132083893,K,14
OUTPUT,NaN,NaN,NaN,NaN,NaN,NaN

INPUT,0.391595661640167,0.0413046404719353,0.765672564506531,-2.86328744888306,3.04550814628601,-1.88817918300629,K,15
OUTPUT,NaN,NaN,NaN,NaN,NaN,NaN

INPUT,0.396830916404724,0.0417924299836159,0.775712251663208,-2.89822769165039,3.0392746925354,-1.85281002521515,K,16
OUTPUT,NaN,NaN,NaN,NaN,NaN,NaN

INPUT,0.400902777910233,0.0421718247234821,0.783520877361298,-2.92542839050293,3.03451323509216,-1.82531023025513,K,17
OUTPUT,NaN,NaN,NaN,NaN,NaN,NaN

INPUT,0.403811246156693,0.0424428209662437,0.7890984416008,-2.94486927986145,3.03116106987,-1.80567121505737,K,18
OUTPUT,NaN,NaN,NaN,NaN,NaN,NaN

INPUT,0.405556321144104,0.0426054149866104,0.792445003986359,-2.95653867721558,3.02916979789734,-1.79388880729675,K,19
OUTPUT,NaN,NaN,NaN,NaN,NaN,NaN

INPUT,0.406138002872467,0.0426596142351627,0.79356050491333,-2.96042895317078,3.02850937843323,-1.7899614572525,K,20
OUTPUT,NaN,NaN,NaN,NaN,NaN,NaN

INPUT,0.361034840345383,0.0348260812461376,0.721679866313934,-2.84480595588684,3.10866785049438,-1.95990645885468,K,11
OUTPUT,NaN,NaN,NaN,NaN,NaN,NaN

INPUT,0.365993291139603,0.0348607152700424,0.732910096645355,-2.89588499069214,3.10520958900452,-1.90688192844391,K,12
OUTPUT,NaN,NaN,NaN,NaN,NaN,NaN

INPUT,0.370951741933823,0.0348953492939472,0.744140267372131,-2.94713401794434,3.1018500328064,-1.8540210723877,K,13
OUTPUT,NaN,NaN,NaN,NaN,NaN,NaN

INPUT,0.375910192728043,0.034929983317852,0.755370438098907,-2.99851036071777,3.09859776496887,-1.80128085613251,K,14
OUTPUT,NaN,NaN,NaN,NaN,NaN,NaN

INPUT,0.380868643522263,0.0349646173417568,0.766600668430328,-3.04998469352722,3.09546208381653,-1.74863123893738,K,15
OUTPUT,NaN,NaN,NaN,NaN,NaN,NaN

INPUT,0.385331243276596,0.0349957905709743,0.776707828044891,-3.09637832641602,3.09274673461914,-1.70130670070648,K,16
OUTPUT,NaN,NaN,NaN,NaN,NaN,NaN

INPUT,0.388802170753479,0.0350200347602367,0.784568965435028,-3.13249778747559,3.0907084941864,-1.66453051567078,K,17
OUTPUT,NaN,NaN,NaN,NaN,NaN,NaN

INPUT,0.391281396150589,0.035037349909544,0.790184080600739,3.12487125396729,3.08929371833801,-1.63827621936798,K,18
OUTPUT,NaN,NaN,NaN,NaN,NaN,NaN

INPUT,0.392768919467926,0.0350477397441864,0.793553113937378,3.10937523841858,3.08846187591553,-1.62252855300903,K,19
OUTPUT,NaN,NaN,NaN,NaN,NaN,NaN

INPUT,0.393264770507813,0.035051204264164,0.794676125049591,3.10420918464661,3.08818745613098,-1.61728024482727,K,20
OUTPUT,NaN,NaN,NaN,NaN,NaN,NaN

INPUT,0.362603545188904,0.0390560328960419,0.722294688224792,-2.20891094207764,3.11264610290527,-1.80041611194611,K,11
OUTPUT,NaN,NaN,NaN,NaN,NaN,NaN

INPUT,0.367746651172638,0.0395882092416286,0.733597218990326,-2.23061418533325,3.10938477516174,-1.77407658100128,K,12
OUTPUT,NaN,NaN,NaN,NaN,NaN,NaN

INPUT,0.37288972735405,0.0401203855872154,0.744899749755859,-2.25274395942688,3.10614204406738,-1.74816107749939,K,13
OUTPUT,NaN,NaN,NaN,NaN,NaN,NaN

INPUT,0.378032833337784,0.0406525582075119,0.756202280521393,-2.27519130706787,3.10291957855225,-1.7225604057312,K,14
OUTPUT,NaN,NaN,NaN,NaN,NaN,NaN

INPUT,0.383175909519196,0.0411847345530987,0.767504811286926,-2.29788208007813,3.09971928596497,-1.69720017910004,K,15
OUTPUT,NaN,NaN,NaN,NaN,NaN,NaN

INPUT,0.387804687023163,0.0416636951267719,0.777677118778229,-2.31846785545349,3.09685969352722,-1.67453730106354,K,16
OUTPUT,NaN,NaN,NaN,NaN,NaN,NaN

INPUT,0.391404867172241,0.0420362167060375,0.785588920116425,-2.33456707000732,3.09464979171753,-1.65699696540833,K,17
OUTPUT,NaN,NaN,NaN,NaN,NaN,NaN

INPUT,0.393976420164108,0.0423023030161858,0.791240155696869,-2.34610724449158,3.09307932853699,-1.64450752735138,K,18
OUTPUT,NaN,NaN,NaN,NaN,NaN,NaN

INPUT,0.395519345998764,0.0424619577825069,0.794630944728851,-2.35304594039917,3.09214067459106,-1.63702809810638,K,19
OUTPUT,NaN,NaN,NaN,NaN,NaN,NaN

INPUT,0.396033644676208,0.0425151735544205,0.795761168003082,-2.35536122322083,3.09182810783386,-1.63453722000122,K,20
OUTPUT,NaN,NaN,NaN,NaN,NaN,NaN

INPUT,0.37549352645874,0.0441124550998211,0.720765471458435,-2.41858077049255,3.04335975646973,-1.86187636852264,K,11
OUTPUT,NaN,NaN,NaN,NaN,NaN,NaN

INPUT,0.382152885198593,0.0452397018671036,0.731887996196747,-2.45081090927124,3.03225541114807,-1.82851314544678,K,12
OUTPUT,NaN,NaN,NaN,NaN,NaN,NaN

INPUT,0.388812243938446,0.0463669523596764,0.743010580539703,-2.48316502571106,3.02126860618591,-1.79523384571075,K,13
OUTPUT,NaN,NaN,NaN,NaN,NaN,NaN

INPUT,0.395471602678299,0.0474941954016685,0.754133105278015,-2.51561760902405,3.01041102409363,-1.76201021671295,K,14
OUTPUT,NaN,NaN,NaN,NaN,NaN,NaN

INPUT,0.402130961418152,0.048621442168951,0.765255630016327,-2.54815196990967,2.99969482421875,-1.72882163524628,K,15
OUTPUT,NaN,NaN,NaN,NaN,NaN,NaN

INPUT,0.408124387264252,0.0496359653770924,0.77526593208313,-2.57749342918396,2.99018025398254,-1.698970079422,K,16
OUTPUT,NaN,NaN,NaN,NaN,NaN,NaN

INPUT,0.412785947322845,0.0504250377416611,0.783051729202271,-2.60035014152527,2.98287129402161,-1.6757584810257,K,17
OUTPUT,NaN,NaN,NaN,NaN,NaN,NaN

INPUT,0.416115611791611,0.0509886629879475,0.788613021373749,-2.61669397354126,2.97770166397095,-1.65918028354645,K,18
OUTPUT,NaN,NaN,NaN,NaN,NaN,NaN

INPUT,0.418113440275192,0.0513268336653709,0.79194974899292,-2.62650728225708,2.9746208190918,-1.64923357963562,K,19
OUTPUT,NaN,NaN,NaN,NaN,NaN,NaN

INPUT,0.418779373168945,0.0514395609498024,0.793062031269073,-2.62977933883667,2.97359752655029,-1.64591789245605,K,20
OUTPUT,NaN,NaN,NaN,NaN,NaN,NaN

INPUT,0.362991809844971,0.0433423183858395,0.72129499912262,-2.13186383247375,3.07477569580078,-1.63025343418121,K,11
OUTPUT,NaN,NaN,NaN,NaN,NaN,NaN

INPUT,0.368180692195892,0.0443788282573223,0.732479870319366,-2.16023993492126,3.06718873977661,-1.5995888710022,K,12
OUTPUT,NaN,NaN,NaN,NaN,NaN,NaN

INPUT,0.373369574546814,0.0454153344035149,0.743664741516113,-2.18883562088013,3.05966663360596,-1.56912708282471,K,13
OUTPUT,NaN,NaN,NaN,NaN,NaN,NaN

INPUT,0.378558486700058,0.0464518405497074,0.754849553108215,-2.21759629249573,3.05221581459045,-1.53881251811981,K,14
OUTPUT,NaN,NaN,NaN,NaN,NaN,NaN

INPUT,0.38374736905098,0.0474883466959,0.766034424304962,-2.24648594856262,3.04484295845032,-1.50860702991486,K,15
OUTPUT,NaN,NaN,NaN,NaN,NaN,NaN

INPUT,0.388417363166809,0.0484212040901184,0.776100814342499,-2.27257537841797,3.03827929496765,-1.48149287700653,K,16
OUTPUT,NaN,NaN,NaN,NaN,NaN,NaN

INPUT,0.392049610614777,0.0491467602550983,0.78393018245697,-2.29291582107544,3.03322434425354,-1.46044075489044,K,17
OUTPUT,NaN,NaN,NaN,NaN,NaN,NaN

INPUT,0.394644051790237,0.0496650114655495,0.789522647857666,-2.30746793746948,3.02964186668396,-1.44541954994202,K,18
OUTPUT,NaN,NaN,NaN,NaN,NaN,NaN

INPUT,0.396200716495514,0.0499759651720524,0.792878091335297,-2.31620764732361,3.02750420570374,-1.43641245365143,K,19
OUTPUT,NaN,NaN,NaN,NaN,NaN,NaN

INPUT,0.396719604730606,0.0500796139240265,0.793996572494507,-2.31912207603455,3.02679347991943,-1.43341100215912,K,20
OUTPUT,NaN,NaN,NaN,NaN,NaN,NaN

INPUT,0.347967267036438,0.0330156832933426,0.73363196849823,0.3093221783638,3.08447527885437,1.33437955379486,K,12
OUTPUT,NaN,NaN,NaN,NaN,NaN,NaN

INPUT,0.351028203964233,0.032856147736311,0.744938135147095,0.254706621170044,3.0789852142334,1.38770997524261,K,13
OUTPUT,NaN,NaN,NaN,NaN,NaN,NaN

INPUT,0.354089140892029,0.0326966121792793,0.756244242191315,0.200183868408203,3.07367753982544,1.4411518573761,K,14
OUTPUT,NaN,NaN,NaN,NaN,NaN,NaN

INPUT,0.357150077819824,0.0325370766222477,0.767550408840179,0.145728707313538,3.06856751441956,1.49468016624451,K,15
OUTPUT,NaN,NaN,NaN,NaN,NaN,NaN

INPUT,0.359904915094376,0.0323934927582741,0.7777259349823,0.0967619270086288,3.06414985656738,1.54291546344757,K,16
OUTPUT,NaN,NaN,NaN,NaN,NaN,NaN

INPUT,0.362047582864761,0.0322818197309971,0.785640239715576,0.0586981438100338,3.06083965301514,1.58046448230743,K,17
OUTPUT,NaN,NaN,NaN,NaN,NaN,NaN

INPUT,0.363578051328659,0.0322020500898361,0.791293323040009,0.0315190479159355,3.05854558944702,1.60730075836182,K,18
OUTPUT,NaN,NaN,NaN,NaN,NaN,NaN

INPUT,0.364496320486069,0.0321541912853718,0.794685125350952,0.0152148632332683,3.05719804763794,1.62340807914734,K,19
OUTPUT,NaN,NaN,NaN,NaN,NaN,NaN

INPUT,0.364802420139313,0.0321382358670235,0.795815765857697,0.00978061929345131,3.05675387382507,1.62877810001373,K,20
OUTPUT,NaN,NaN,NaN,NaN,NaN,NaN

INPUT,0.368554592132568,0.0390005186200142,0.731887102127075,-2.62883687019348,3.115403175354,-1.81990802288055,K,5
OUTPUT,NaN,NaN,NaN,NaN,NaN,NaN

INPUT,0.37647870182991,0.0397756956517696,0.747672915458679,-2.69171452522278,3.11166763305664,-1.74006569385529,K,6
OUTPUT,NaN,NaN,NaN,NaN,NaN,NaN

INPUT,0.38264188170433,0.0403786078095436,0.759950816631317,-2.74193835258484,3.10886526107788,-1.67927956581116,K,7
OUTPUT,NaN,NaN,NaN,NaN,NaN,NaN

INPUT,0.387044131755829,0.0408092588186264,0.768720746040344,-2.77832913398743,3.10692429542542,-1.63637459278107,K,8
OUTPUT,NaN,NaN,NaN,NaN,NaN,NaN

INPUT,0.38968551158905,0.0410676524043083,0.77398270368576,-2.80033206939697,3.10578560829163,-1.61079883575439,K,9
OUTPUT,NaN,NaN,NaN,NaN,NaN,NaN

INPUT,0.368726193904877,0.0387709774076939,0.71571159362793,-2.70643353462219,3.07478022575378,-2.06050682067871,K,4
OUTPUT,NaN,NaN,NaN,NaN,NaN,NaN

INPUT,0.378041684627533,0.039692685008049,0.731058359146118,-2.77266311645508,3.06195163726807,-1.98799109458923,K,5
OUTPUT,NaN,NaN,NaN,NaN,NaN,NaN

INPUT,0.387357205152512,0.0406143963336945,0.746405065059662,-2.83979034423828,3.04950547218323,-1.91630280017853,K,6
OUTPUT,NaN,NaN,NaN,NaN,NaN,NaN

INPUT,0.394602596759796,0.0413312800228596,0.758341431617737,-2.89240765571594,3.04012823104858,-1.86089932918549,K,7
OUTPUT,NaN,NaN,NaN,NaN,NaN,NaN

INPUT,0.399777859449387,0.0418433398008347,0.766867399215698,-2.93015313148499,3.03360939025879,-1.82145595550537,K,8
OUTPUT,NaN,NaN,NaN,NaN,NaN,NaN

INPUT,0.402883023023605,0.0421505756676197,0.771983027458191,-2.95285391807556,3.02977442741394,-1.79783082008362,K,9
OUTPUT,NaN,NaN,NaN,NaN,NaN,NaN

INPUT,0.369731783866882,0.0348978266119957,0.731242895126343,-2.93620872497559,3.10260939598083,-1.88818883895874,K,5
OUTPUT,NaN,NaN,NaN,NaN,NaN,NaN

INPUT,0.3778195977211,0.0349674075841904,0.746889114379883,-3.02252626419067,3.09707045555115,-1.78960263729095,K,6
OUTPUT,NaN,NaN,NaN,NaN,NaN,NaN

INPUT,0.38411009311676,0.0350215248763561,0.75905841588974,-3.0906093120575,3.09302186965942,-1.71385669708252,K,7
OUTPUT,NaN,NaN,NaN,NaN,NaN,NaN

INPUT,0.388603329658508,0.0350601822137833,0.76775074005127,-3.13960528373718,3.09028220176697,-1.66010904312134,K,8
OUTPUT,NaN,NaN,NaN,NaN,NaN,NaN

INPUT,0.391299277544022,0.0350833758711815,0.772966146469116,3.11406493186951,3.088702917099,-1.62797498703003,K,9
OUTPUT,NaN,NaN,NaN,NaN,NaN,NaN

INPUT,0.371811717748642,0.039483554661274,0.732039928436279,-2.25341773033142,3.10657930374146,-1.76996469497681,K,5
OUTPUT,NaN,NaN,NaN,NaN,NaN,NaN

INPUT,0.380278587341309,0.0403214730322361,0.747788488864899,-2.2888491153717,3.10118055343628,-1.71959888935089,K,6
OUTPUT,NaN,NaN,NaN,NaN,NaN,NaN

INPUT,0.38686391711235,0.0409731864929199,0.760037362575531,-2.31756520271301,3.09704375267029,-1.6817798614502,K,7
OUTPUT,NaN,NaN,NaN,NaN,NaN,NaN

INPUT,0.391567707061768,0.0414386950433254,0.768786549568176,-2.33847332000732,3.09413027763367,-1.65535748004913,K,8
OUTPUT,NaN,NaN,NaN,NaN,NaN,NaN

INPUT,0.394389986991882,0.0417179986834526,0.774036109447479,-2.35112857818604,3.09240126609802,-1.63971698284149,K,9
OUTPUT,NaN,NaN,NaN,NaN,NaN,NaN

INPUT,0.376007437705994,0.0429530814290047,0.716440558433533,-2.40805220603943,3.04274916648865,-1.8671201467514,K,4
OUTPUT,NaN,NaN,NaN,NaN,NaN,NaN

INPUT,0.386557638645172,0.0447659641504288,0.731503129005432,-2.46667838096619,3.02383255958557,-1.80869352817535,K,5
OUTPUT,NaN,NaN,NaN,NaN,NaN,NaN

INPUT,0.397107869386673,0.0465788468718529,0.746565699577332,-2.52534198760986,3.00531840324402,-1.75017488002777,K,6
OUTPUT,NaN,NaN,NaN,NaN,NaN,NaN

INPUT,0.405313581228256,0.0479888655245304,0.758280992507935,-2.57100701332092,2.99123811721802,-1.70459818840027,K,7
OUTPUT,NaN,NaN,NaN,NaN,NaN,NaN

INPUT,0.411174803972244,0.0489960238337517,0.766649067401886,-2.60364937782288,2.98137021064758,-1.67200946807861,K,8
OUTPUT,NaN,NaN,NaN,NaN,NaN,NaN

INPUT,0.414691537618637,0.0496003180742264,0.771669924259186,-2.62324547767639,2.97553014755249,-1.65244257450104,K,9
OUTPUT,NaN,NaN,NaN,NaN,NaN,NaN

INPUT,0.371866762638092,0.0439498797059059,0.730977177619934,-2.18184161186218,3.06125974655151,-1.58870959281921,K,5
OUTPUT,NaN,NaN,NaN,NaN,NaN,NaN

INPUT,0.380252629518509,0.0455521903932095,0.746511518955231,-2.23077273368835,3.04853701591492,-1.53170216083527,K,6
OUTPUT,NaN,NaN,NaN,NaN,NaN,NaN

INPUT,0.386774957180023,0.0467984341084957,0.758593797683716,-2.26935458183289,3.03886389732361,-1.48822903633118,K,7
OUTPUT,NaN,NaN,NaN,NaN,NaN,NaN

INPUT,0.391433775424957,0.0476886071264744,0.767224013805389,-2.29700946807861,3.03210234642029,-1.45762312412262,K,8
OUTPUT,NaN,NaN,NaN,NaN,NaN,NaN

INPUT,0.394229054450989,0.0482227094471455,0.772402167320251,-2.3135974407196,3.02811193466187,-1.43944096565247,K,9
OUTPUT,NaN,NaN,NaN,NaN,NaN,NaN

INPUT,0.353466719388962,0.0329259783029556,0.737162530422211,0.243334665894508,3.07954907417297,1.38019752502441,K,5
OUTPUT,NaN,NaN,NaN,NaN,NaN,NaN

INPUT,0.358157634735107,0.0326483547687531,0.751103579998016,0.159844815731049,3.07085633277893,1.47022974491119,K,6
OUTPUT,NaN,NaN,NaN,NaN,NaN,NaN

INPUT,0.361806154251099,0.0324324294924736,0.761946678161621,0.0943939983844757,3.06445932388306,1.53977608680725,K,7
OUTPUT,NaN,NaN,NaN,NaN,NaN,NaN

INPUT,0.364412218332291,0.0322781950235367,0.769691705703735,0.047441154718399,3.06010317802429,1.58926939964294,K,8
OUTPUT,NaN,NaN,NaN,NaN,NaN,NaN

INPUT,0.365975856781006,0.0321856550872326,0.774338722229004,0.0192031431943178,3.0575795173645,1.61890733242035,K,9
OUTPUT,NaN,NaN,NaN,NaN,NaN,NaN

INPUT,0.361955851316452,0.0360080935060978,0.722429990768433,-2.21930718421936,3.11251640319824,-1.77644717693329,K,11
OUTPUT,NaN,NaN,NaN,NaN,NaN,NaN

INPUT,0.367023020982742,0.0361820161342621,0.733747363090515,-2.24313879013062,3.10924768447876,-1.74819362163544,K,12
OUTPUT,NaN,NaN,NaN,NaN,NaN,NaN

INPUT,0.372090190649033,0.0363559387624264,0.745064735412598,-2.26737666130066,3.10600113868713,-1.72034335136414,K,13
OUTPUT,NaN,NaN,NaN,NaN,NaN,NaN

INPUT,0.377157330513,0.0365298613905907,0.75638210773468,-2.291916847229,3.10277843475342,-1.69279253482819,K,14
OUTPUT,NaN,NaN,NaN,NaN,NaN,NaN

INPUT,0.382224500179291,0.036703784018755,0.767699480056763,-2.31668877601624,3.0995819568634,-1.66547024250031,K,15
OUTPUT,NaN,NaN,NaN,NaN,NaN,NaN

INPUT,0.386784940958023,0.0368603132665157,0.777885138988495,-2.33913946151733,3.09672927856445,-1.641033411026,K,16
OUTPUT,NaN,NaN,NaN,NaN,NaN,NaN

INPUT,0.390331953763962,0.0369820594787598,0.785807311534882,-2.35668516159058,3.09452772140503,-1.62210869789124,K,17
OUTPUT,NaN,NaN,NaN,NaN,NaN,NaN

INPUT,0.392865538597107,0.0370690189301968,0.791465938091278,-2.36925649642944,3.09296441078186,-1.60862874984741,K,18
OUTPUT,NaN,NaN,NaN,NaN,NaN,NaN

INPUT,0.394385665655136,0.037121195346117,0.794861197471619,-2.37681317329407,3.09203052520752,-1.60055422782898,K,19
OUTPUT,NaN,NaN,NaN,NaN,NaN,NaN

INPUT,0.394892394542694,0.0371385887265205,0.795992910861969,-2.37933444976807,3.09171986579895,-1.59786474704742,K,20
OUTPUT,NaN,NaN,NaN,NaN,NaN,NaN

INPUT,0.356722563505173,0.0374224931001663,0.723719775676727,-2.32512927055359,3.12646746635437,-1.71066200733185,K,11
OUTPUT,NaN,NaN,NaN,NaN,NaN,NaN

INPUT,0.361174076795578,0.0377627536654472,0.735188841819763,-2.35706615447998,3.12484240531921,-1.67032992839813,K,12
OUTPUT,NaN,NaN,NaN,NaN,NaN,NaN

INPUT,0.365625590085983,0.0381030142307281,0.746657967567444,-2.38974213600159,3.12323904037476,-1.63073563575745,K,13
OUTPUT,NaN,NaN,NaN,NaN,NaN,NaN

INPUT,0.370077103376389,0.0384432747960091,0.75812703371048,-2.42297077178955,3.12165951728821,-1.59169328212738,K,14
OUTPUT,NaN,NaN,NaN,NaN,NaN,NaN

INPUT,0.374528616666794,0.03878353536129,0.76959615945816,-2.45662403106689,3.1201057434082,-1.5530743598938,K,15
OUTPUT,NaN,NaN,NaN,NaN,NaN,NaN

INPUT,0.378534972667694,0.0390897691249847,0.779918372631073,-2.4871985912323,3.11873126029968,-1.51860284805298,K,16
OUTPUT,NaN,NaN,NaN,NaN,NaN,NaN

INPUT,0.381651043891907,0.0393279530107975,0.787946701049805,-2.51113295555115,3.11767888069153,-1.49194490909576,K,17
OUTPUT,NaN,NaN,NaN,NaN,NaN,NaN

INPUT,0.383876800537109,0.039498083293438,0.793681263923645,-2.52829957008362,3.11693620681763,-1.47297418117523,K,18
OUTPUT,NaN,NaN,NaN,NaN,NaN,NaN

INPUT,0.385212242603302,0.0396001599729061,0.797122001647949,-2.53862547874451,3.11649465560913,-1.46161723136902,K,19
OUTPUT,NaN,NaN,NaN,NaN,NaN,NaN

INPUT,0.385657399892807,0.0396341867744923,0.798268914222717,-2.54207134246826,3.11634802818298,-1.4578355550766,K,20
OUTPUT,NaN,NaN,NaN,NaN,NaN,NaN

INPUT,0.360573202371597,0.0397683195769787,0.722382009029388,-2.27259469032288,3.10691404342651,-1.79398107528687,K,11
OUTPUT,NaN,NaN,NaN,NaN,NaN,NaN

INPUT,0.365477472543716,0.0403843186795712,0.733694732189178,-2.29887437820435,3.10301685333252,-1.76396346092224,K,12
OUTPUT,NaN,NaN,NaN,NaN,NaN,NaN

INPUT,0.370381742715836,0.0410003215074539,0.745007514953613,-2.32549786567688,3.09915018081665,-1.73428559303284,K,13
OUTPUT,NaN,NaN,NaN,NaN,NaN,NaN

INPUT,0.375286012887955,0.0416163206100464,0.756320238113403,-2.35237789154053,3.09531712532043,-1.70485961437225,K,14
OUTPUT,NaN,NaN,NaN,NaN,NaN,NaN

INPUT,0.380190283060074,0.0422323234379292,0.767632961273193,-2.37945413589478,3.09152054786682,-1.6756249666214,K,15
OUTPUT,NaN,NaN,NaN,NaN,NaN,NaN

INPUT,0.384604126214981,0.0427867248654366,0.777814447879791,-2.40395545959473,3.08813738822937,-1.64944183826447,K,16
OUTPUT,NaN,NaN,NaN,NaN,NaN,NaN

INPUT,0.388037115335464,0.0432179234921932,0.785733342170715,-2.42308354377747,3.08552980422974,-1.62914562225342,K,17
OUTPUT,NaN,NaN,NaN,NaN,NaN,NaN

INPUT,0.390489250421524,0.0435259230434895,0.791389763355255,-2.43677949905396,3.08368039131165,-1.61467945575714,K,18
OUTPUT,NaN,NaN,NaN,NaN,NaN,NaN

INPUT,0.39196053147316,0.0437107235193253,0.794783532619476,-2.44500875473022,3.08257627487183,-1.60601091384888,K,19
OUTPUT,NaN,NaN,NaN,NaN,NaN,NaN

INPUT,0.392450958490372,0.0437723249197006,0.795914828777313,-2.44775390625,3.08220911026001,-1.6031231880188,K,20
OUTPUT,NaN,NaN,NaN,NaN,NaN,NaN

INPUT,0.371020019054413,0.0358897037804127,0.732167840003967,-2.26746606826782,3.10644435882568,-1.7433135509491,K,5
OUTPUT,NaN,NaN,NaN,NaN,NaN,NaN

INPUT,0.379354476928711,0.0360914394259453,0.747953832149506,-2.30651569366455,3.10103940963745,-1.68928980827332,K,6
OUTPUT,NaN,NaN,NaN,NaN,NaN,NaN

INPUT,0.385836809873581,0.0362483412027359,0.760231792926788,-2.33802056312561,3.09690880775452,-1.64865517616272,K,7
OUTPUT,NaN,NaN,NaN,NaN,NaN,NaN

INPUT,0.390467077493668,0.0363604165613651,0.76900178194046,-2.36089491844177,3.09400749206543,-1.62024962902069,K,8
OUTPUT,NaN,NaN,NaN,NaN,NaN,NaN

INPUT,0.393245220184326,0.0364276617765427,0.774263799190521,-2.37471580505371,3.09228897094727,-1.6034334897995,K,9
OUTPUT,NaN,NaN,NaN,NaN,NaN,NaN

INPUT,0.364920645952225,0.0378033369779587,0.733531475067139,-2.39903998374939,3.12318634986877,-1.67137956619263,K,5
OUTPUT,NaN,NaN,NaN,NaN,NaN,NaN

INPUT,0.372235834598541,0.0383598953485489,0.749639272689819,-2.4478554725647,3.1206488609314,-1.59183084964752,K,6
OUTPUT,NaN,NaN,NaN,NaN,NaN,NaN

INPUT,0.377925425767899,0.0387927740812302,0.762167513370514,-2.48815059661865,3.11873149871826,-1.53228509426117,K,7
OUTPUT,NaN,NaN,NaN,NaN,NaN,NaN

INPUT,0.381989419460297,0.0391019731760025,0.771116256713867,-2.51785683631897,3.11739540100098,-1.4906747341156,K,8
OUTPUT,NaN,NaN,NaN,NaN,NaN,NaN

INPUT,0.384427815675735,0.0392874926328659,0.776485502719879,-2.53598380088806,3.11660814285278,-1.46601152420044,K,9
OUTPUT,NaN,NaN,NaN,NaN,NaN,NaN

INPUT,0.369278967380524,0.0402889549732208,0.732097208499908,-2.32246398925781,3.09979820251465,-1.75600981712341,K,5
OUTPUT,NaN,NaN,NaN,NaN,NaN,NaN

INPUT,0.377292364835739,0.0412697046995163,0.747884273529053,-2.36665010452271,3.09332013130188,-1.69949901103973,K,6
OUTPUT,NaN,NaN,NaN,NaN,NaN,NaN

INPUT,0.383525013923645,0.0420325100421906,0.760163068771362,-2.4019021987915,3.0883846282959,-1.6567474603653,K,7
OUTPUT,NaN,NaN,NaN,NaN,NaN,NaN

INPUT,0.387976914644241,0.0425773747265339,0.768933594226837,-2.42733526229858,3.08492803573608,-1.62677645683289,K,8
OUTPUT,NaN,NaN,NaN,NaN,NaN,NaN

INPUT,0.390648037195206,0.0429042913019657,0.774195969104767,-2.44264602661133,3.08288478851318,-1.60900986194611,K,9
OUTPUT,NaN,NaN,NaN,NaN,NaN,NaN

INPUT,0.358193397521973,0.0313013643026352,0.733087539672852,0.84759795665741,3.12912702560425,1.43735110759735,K,12
OUTPUT,NaN,NaN,NaN,NaN,NaN,NaN

INPUT,0.36235311627388,0.0309568289667368,0.744322180747986,0.81399804353714,3.12779927253723,1.46582770347595,K,13
OUTPUT,NaN,NaN,NaN,NaN,NaN,NaN

INPUT,0.366512805223465,0.0306122954934835,0.755556762218475,0.780845999717712,3.12648463249207,1.49475276470184,K,14
OUTPUT,NaN,NaN,NaN,NaN,NaN,NaN

INPUT,0.370672523975372,0.0302677601575851,0.76679140329361,0.748030424118042,3.12518453598022,1.52401494979858,K,15
OUTPUT,NaN,NaN,NaN,NaN,NaN,NaN

INPUT,0.374416261911392,0.0299576781690121,0.776902616024017,0.718719661235809,3.124027967453,1.5505747795105,K,16
OUTPUT,NaN,NaN,NaN,NaN,NaN,NaN

INPUT,0.37732806801796,0.0297165047377348,0.784766852855682,0.69604080915451,3.12313771247864,1.57135128974915,K,17
OUTPUT,NaN,NaN,NaN,NaN,NaN,NaN

INPUT,0.379407912492752,0.029544236138463,0.79038417339325,0.6798956990242,3.12250709533691,1.58624577522278,K,18
OUTPUT,NaN,NaN,NaN,NaN,NaN,NaN

INPUT,0.380655825138092,0.029440876096487,0.793754518032074,0.670227944850922,3.12213087081909,1.59520196914673,K,19
OUTPUT,NaN,NaN,NaN,NaN,NaN,NaN

INPUT,0.381071805953979,0.0294064227491617,0.794878005981445,0.667008399963379,3.12200593948364,1.59819042682648,K,20
OUTPUT,NaN,NaN,NaN,NaN,NaN,NaN

INPUT,0.357178598642349,0.0292152184993029,0.733475148677826,0.964609026908875,3.104088306427,1.2280285358429,K,12
OUTPUT,NaN,NaN,NaN,NaN,NaN,NaN

INPUT,0.361209243535995,0.0286555662751198,0.744764804840088,0.949202418327332,3.10007882118225,1.24038422107697,K,13
OUTPUT,NaN,NaN,NaN,NaN,NaN,NaN

INPUT,0.365239918231964,0.028095917776227,0.756054520606995,0.934080839157104,3.09608221054077,1.25299453735352,K,14
OUTPUT,NaN,NaN,NaN,NaN,NaN,NaN

INPUT,0.369270592927933,0.0275362655520439,0.767344176769257,0.919183790683746,3.0921003818512,1.26578843593597,K,15
OUTPUT,NaN,NaN,NaN,NaN,NaN,NaN

INPUT,0.372898191213608,0.0270325802266598,0.777504861354828,0.905934453010559,3.08853125572205,1.27741718292236,K,16
OUTPUT,NaN,NaN,NaN,NaN,NaN,NaN

INPUT,0.375719636678696,0.0266408249735832,0.785407662391663,0.895718812942505,3.08576607704163,1.28651738166809,K,17
OUTPUT,NaN,NaN,NaN,NaN,NaN,NaN

INPUT,0.377734959125519,0.0263609997928143,0.791052460670471,0.888465225696564,3.08379697799683,1.2930406332016,K,18
OUTPUT,NaN,NaN,NaN,NaN,NaN,NaN

INPUT,0.378944158554077,0.0261931046843529,0.794439375400543,0.884129345417023,3.08261823654175,1.29696214199066,K,19
OUTPUT,NaN,NaN,NaN,NaN,NaN,NaN

INPUT,0.379347234964371,0.0261371396481991,0.795568346977234,0.882686674594879,3.08222579956055,1.29827046394348,K,20
OUTPUT,NaN,NaN,NaN,NaN,NaN,NaN

INPUT,0.355040788650513,0.0291573517024517,0.732991099357605,0.880931258201599,3.10703825950623,1.48701667785645,K,12
OUTPUT,NaN,NaN,NaN,NaN,NaN,NaN

INPUT,0.358846545219421,0.0285915303975344,0.744229793548584,0.847176253795624,3.10345458984375,1.51705431938171,K,13
OUTPUT,NaN,NaN,NaN,NaN,NaN,NaN

INPUT,0.362652331590652,0.0280257109552622,0.755468428134918,0.813736975193024,3.09991002082825,1.54741179943085,K,14
OUTPUT,NaN,NaN,NaN,NaN,NaN,NaN

INPUT,0.366458088159561,0.02745989151299,0.766707062721252,0.780535519123077,3.09640741348267,1.5780121088028,K,15
OUTPUT,NaN,NaN,NaN,NaN,NaN,NaN

INPUT,0.369883269071579,0.0269506517797709,0.776821911334991,0.750812530517578,3.09329438209534,1.60571467876434,K,16
OUTPUT,NaN,NaN,NaN,NaN,NaN,NaN

INPUT,0.372547298669815,0.0265545770525932,0.784688949584961,0.727778315544128,3.09090042114258,1.62734794616699,K,17
OUTPUT,NaN,NaN,NaN,NaN,NaN,NaN

INPUT,0.374450176954269,0.0262716673314571,0.79030829668045,0.711363554000854,3.0892059803009,1.64284014701843,K,18
OUTPUT,NaN,NaN,NaN,NaN,NaN,NaN

INPUT,0.375591903924942,0.0261019207537174,0.793679893016815,0.701528429985046,3.08819556236267,1.6521497964859,K,19
OUTPUT,NaN,NaN,NaN,NaN,NaN,NaN

INPUT,0.375972479581833,0.0260453391820192,0.794803738594055,0.698252141475677,3.0878598690033,1.6552551984787,K,20
OUTPUT,NaN,NaN,NaN,NaN,NaN,NaN

INPUT,0.359506666660309,0.0350377820432186,0.733372211456299,1.03747069835663,3.13928198814392,1.63545739650726,K,12
OUTPUT,NaN,NaN,NaN,NaN,NaN,NaN

INPUT,0.363782286643982,0.035091120749712,0.744650959968567,0.974929332733154,3.13898134231567,1.63584077358246,K,13
OUTPUT,NaN,NaN,NaN,NaN,NaN,NaN

INPUT,0.368057906627655,0.0351444594562054,0.755929708480835,0.918801188468933,3.13868141174316,1.64263725280762,K,14
OUTPUT,NaN,NaN,NaN,NaN,NaN,NaN

INPUT,0.372333526611328,0.0351977981626987,0.767208456993103,0.867273390293121,3.13838267326355,1.65403413772583,K,15
OUTPUT,NaN,NaN,NaN,NaN,NaN,NaN

INPUT,0.376181602478027,0.035245805978775,0.777359306812286,0.823835611343384,3.13811588287354,1.66722857952118,K,16
OUTPUT,NaN,NaN,NaN,NaN,NaN,NaN

INPUT,0.379174530506134,0.0352831445634365,0.785254418849945,0.791561126708984,3.13790965080261,1.67900145053864,K,17
OUTPUT,NaN,NaN,NaN,NaN,NaN,NaN

INPUT,0.381312340497971,0.0353098139166832,0.790893793106079,0.769181907176971,3.13776326179504,1.68808460235596,K,18
OUTPUT,NaN,NaN,NaN,NaN,NaN,NaN

INPUT,0.382595002651215,0.0353258140385151,0.794277369976044,0.755992472171783,3.13767576217651,1.69377255439758,K,19
OUTPUT,NaN,NaN,NaN,NaN,NaN,NaN

INPUT,0.383022576570511,0.0353311486542225,0.795405268669128,0.751632869243622,3.13764667510986,1.69570553302765,K,20
OUTPUT,NaN,NaN,NaN,NaN,NaN,NaN

INPUT,0.363905608654022,0.0323513746261597,0.732931554317474,2.99821209907532,3.14134120941162,-2.65213680267334,K,12
OUTPUT,NaN,NaN,NaN,NaN,NaN,NaN

INPUT,0.368644624948502,0.0321220457553864,0.744163036346436,2.81259083747864,3.14141082763672,-2.77116560935974,K,13
OUTPUT,NaN,NaN,NaN,NaN,NaN,NaN

INPUT,0.373383611440659,0.031892716884613,0.755394577980042,2.45876407623291,3.14147162437439,-3.05839991569519,K,14
OUTPUT,NaN,NaN,NaN,NaN,NaN,NaN

INPUT,0.378122597932816,0.0316633880138397,0.766626060009003,1.73597097396851,3.14150261878967,2.56858491897583,K,15
OUTPUT,NaN,NaN,NaN,NaN,NaN,NaN

INPUT,0.382387697696686,0.0314569920301437,0.776734411716461,1.03276252746582,3.14148139953613,1.92530953884125,K,16
OUTPUT,NaN,NaN,NaN,NaN,NaN,NaN

INPUT,0.38570499420166,0.0312964618206024,0.784596502780914,0.712735176086426,3.14144325256348,1.65189695358276,K,17
OUTPUT,NaN,NaN,NaN,NaN,NaN,NaN

INPUT,0.388074487447739,0.0311817992478609,0.790212273597717,0.567830145359039,3.1414110660553,1.54028820991516,K,18
OUTPUT,NaN,NaN,NaN,NaN,NaN,NaN

INPUT,0.389496207237244,0.0311130005866289,0.79358172416687,0.501034617424011,3.14139080047607,1.49347043037415,K,19
OUTPUT,NaN,NaN,NaN,NaN,NaN,NaN

INPUT,0.38997009396553,0.0310900676995516,0.794704854488373,0.481248795986176,3.14138388633728,1.48034381866455,K,20
OUTPUT,NaN,NaN,NaN,NaN,NaN,NaN

INPUT,0.358495801687241,0.0316648706793785,0.723832011222839,0.923543512821198,3.13035178184509,1.47734797000885,K,4
OUTPUT,NaN,NaN,NaN,NaN,NaN,NaN

INPUT,0.364553272724152,0.0311311893165112,0.737345218658447,0.847107112407684,3.128089427948,1.50121438503265,K,5
OUTPUT,NaN,NaN,NaN,NaN,NaN,NaN

INPUT,0.370610743761063,0.0305975116789341,0.750858426094055,0.778182029724121,3.12585425376892,1.53259384632111,K,6
OUTPUT,NaN,NaN,NaN,NaN,NaN,NaN

INPUT,0.375322103500366,0.0301824286580086,0.761368632316589,0.728078722953796,3.12414693832397,1.56018435955048,K,7
OUTPUT,NaN,NaN,NaN,NaN,NaN,NaN

INPUT,0.378687351942062,0.0298859402537346,0.768875956535339,0.693737983703613,3.12294912338257,1.58102548122406,K,8
OUTPUT,NaN,NaN,NaN,NaN,NaN,NaN

INPUT,0.380706518888474,0.0297080464661121,0.773380398750305,0.673632860183716,3.12224054336548,1.59386467933655,K,9
OUTPUT,NaN,NaN,NaN,NaN,NaN,NaN

INPUT,0.35074257850647,0.0313295423984528,0.732861638069153,0.73699676990509,3.11917400360107,1.37398636341095,K,12
OUTPUT,NaN,NaN,NaN,NaN,NaN,NaN

INPUT,0.354095697402954,0.0309924408793449,0.744086623191833,0.701047539710999,3.11682271957397,1.40507411956787,K,13
OUTPUT,NaN,NaN,NaN,NaN,NaN,NaN

INPUT,0.357448846101761,0.0306553393602371,0.755311608314514,0.665516674518585,3.11449933052063,1.43658220767975,K,14
OUTPUT,NaN,NaN,NaN,NaN,NaN,NaN

INPUT,0.360801964998245,0.0303182378411293,0.766536593437195,0.63030070066452,3.11220598220825,1.46840739250183,K,15
OUTPUT,NaN,NaN,NaN,NaN,NaN,NaN

INPUT,0.363819777965546,0.0300148464739323,0.776639103889465,0.598815500736237,3.1101701259613,1.49726116657257,K,16
OUTPUT,NaN,NaN,NaN,NaN,NaN,NaN

INPUT,0.366166949272156,0.0297788754105568,0.784496545791626,0.574438095092773,3.10860657691956,1.519815325737,K,17
OUTPUT,NaN,NaN,NaN,NaN,NaN,NaN

INPUT,0.367843508720398,0.0296103246510029,0.790109038352966,0.557076156139374,3.1075005531311,1.53597664833069,K,18
OUTPUT,NaN,NaN,NaN,NaN,NaN,NaN

INPUT,0.368849456310272,0.0295091941952705,0.793476521968842,0.54667717218399,3.10684156417847,1.5456919670105,K,19
OUTPUT,NaN,NaN,NaN,NaN,NaN,NaN

INPUT,0.369184762239456,0.0294754840433598,0.794599056243896,0.543213605880737,3.10662269592285,1.54893314838409,K,20
OUTPUT,NaN,NaN,NaN,NaN,NaN,NaN

INPUT,0.36354923248291,0.0292269457131624,0.737625956535339,0.966337084770203,3.0997838973999,1.2588723897934,K,5
OUTPUT,NaN,NaN,NaN,NaN,NaN,NaN

INPUT,0.369507819414139,0.0284445974975824,0.751297950744629,0.934331357479095,3.09343719482422,1.27120745182037,K,6
OUTPUT,NaN,NaN,NaN,NaN,NaN,NaN

INPUT,0.37414225935936,0.0278361067175865,0.761931657791138,0.911078214645386,3.08851838111877,1.28241789340973,K,7
OUTPUT,NaN,NaN,NaN,NaN,NaN,NaN

INPUT,0.377452582120895,0.0274014677852392,0.769527196884155,0.895125448703766,3.08501768112183,1.2910567522049,K,8
OUTPUT,NaN,NaN,NaN,NaN,NaN,NaN

INPUT,0.379438787698746,0.027140686288476,0.774084508419037,0.885771811008453,3.08292293548584,1.29644441604614,K,9
OUTPUT,NaN,NaN,NaN,NaN,NaN,NaN

INPUT,0.361105144023895,0.0290310010313988,0.736892700195313,0.85788881778717,3.10332131385803,1.53045010566711,K,5
OUTPUT,NaN,NaN,NaN,NaN,NaN,NaN

INPUT,0.366753578186035,0.028204757720232,0.750551104545593,0.798663556575775,3.09761786460876,1.57421863079071,K,6
OUTPUT,NaN,NaN,NaN,NaN,NaN,NaN

INPUT,0.37114679813385,0.0275621246546507,0.761174261569977,0.75403892993927,3.09327912330627,1.60935974121094,K,7
OUTPUT,NaN,NaN,NaN,NaN,NaN,NaN

INPUT,0.374284833669662,0.0271030999720097,0.768762230873108,0.72283536195755,3.09024429321289,1.63479590415955,K,8
OUTPUT,NaN,NaN,NaN,NaN,NaN,NaN

INPUT,0.376167625188828,0.0268276855349541,0.773315012454987,0.70436692237854,3.08845210075378,1.65013444423676,K,9
OUTPUT,NaN,NaN,NaN,NaN,NaN,NaN

INPUT,0.35987800359726,0.0350760780274868,0.724480986595154,1.51847589015961,3.13984894752502,2.07977819442749,K,4
OUTPUT,NaN,NaN,NaN,NaN,NaN,NaN

INPUT,0.366019785404205,0.0351578593254089,0.737960934638977,1.208829164505,3.13934922218323,1.87188184261322,K,5
OUTPUT,NaN,NaN,NaN,NaN,NaN,NaN

INPUT,0.372161537408829,0.0352396443486214,0.751440942287445,0.99967622756958,3.13876175880432,1.76447916030884,K,6
OUTPUT,NaN,NaN,NaN,NaN,NaN,NaN

INPUT,0.376938462257385,0.0353032536804676,0.761925399303436,0.877526044845581,3.13827872276306,1.72113227844238,K,7
OUTPUT,NaN,NaN,NaN,NaN,NaN,NaN

INPUT,0.380350559949875,0.0353486910462379,0.769414305686951,0.804182231426239,3.1379280090332,1.70374870300293,K,8
OUTPUT,NaN,NaN,NaN,NaN,NaN,NaN

INPUT,0.382397830486298,0.0353759527206421,0.773907601833344,0.764329314231873,3.1377170085907,1.69729995727539,K,9
OUTPUT,NaN,NaN,NaN,NaN,NaN,NaN

INPUT,0.36434680223465,0.0325312688946724,0.72470235824585,-3.01191782951355,3.14028239250183,-2.41806745529175,K,4
OUTPUT,NaN,NaN,NaN,NaN,NaN,NaN

INPUT,0.371130406856537,0.032150287181139,0.737938284873962,-3.0978536605835,3.14067482948303,-2.39622354507446,K,5
OUTPUT,NaN,NaN,NaN,NaN,NaN,NaN

INPUT,0.377914041280746,0.0317693017423153,0.75117427110672,3.05139112472534,3.14106774330139,-2.42238450050354,K,6
OUTPUT,NaN,NaN,NaN,NaN,NaN,NaN

INPUT,0.383190184831619,0.031472984701395,0.761468887329102,2.7592351436615,3.14136338233948,-2.63111090660095,K,7
OUTPUT,NaN,NaN,NaN,NaN,NaN,NaN

INPUT,0.386958837509155,0.0312613248825073,0.768822252750397,1.48049879074097,3.14149522781372,2.43254160881042,K,8
OUTPUT,NaN,NaN,NaN,NaN,NaN,NaN

INPUT,0.389220058917999,0.0311343315988779,0.773234188556671,0.604605495929718,3.14142107963562,1.59196650981903,K,9
OUTPUT,NaN,NaN,NaN,NaN,NaN,NaN

INPUT,0.356122434139252,0.0312339402735233,0.736552834510803,0.714020133018494,3.11707043647766,1.42058408260345,K,5
OUTPUT,NaN,NaN,NaN,NaN,NaN,NaN

INPUT,0.361040383577347,0.0307310130447149,0.750253856182098,0.650314450263977,3.11321043968201,1.46527397632599,K,6
OUTPUT,NaN,NaN,NaN,NaN,NaN,NaN

INPUT,0.364865452051163,0.0303398482501507,0.760910272598267,0.602597594261169,3.11027789115906,1.50146245956421,K,7
OUTPUT,NaN,NaN,NaN,NaN,NaN,NaN

INPUT,0.367597609758377,0.0300604458898306,0.768521964550018,0.569348275661469,3.108229637146,1.52775168418884,K,8
OUTPUT,NaN,NaN,NaN,NaN,NaN,NaN

INPUT,0.369236946105957,0.0298928041011095,0.773088932037354,0.549709558486938,3.10702157020569,1.54362940788269,K,9
OUTPUT,NaN,NaN,NaN,NaN,NaN,NaN

INPUT,0.368680983781815,0.0416634455323219,0.720592260360718,-2.46557426452637,3.05734729766846,-1.79669094085693,K,11
OUTPUT,NaN,NaN,NaN,NaN,NaN,NaN

INPUT,0.374538987874985,0.0425025075674057,0.731694459915161,-2.50428485870361,3.04797387123108,-1.75662517547607,K,12
OUTPUT,NaN,NaN,NaN,NaN,NaN,NaN

INPUT,0.380397021770477,0.0433415696024895,0.742796659469604,-2.54313516616821,3.03874564170837,-1.71666467189789,K,13
OUTPUT,NaN,NaN,NaN,NaN,NaN,NaN

INPUT,0.386255025863647,0.0441806279122829,0.753898859024048,-2.58209490776062,3.02967667579651,-1.67677628993988,K,14
OUTPUT,NaN,NaN,NaN,NaN,NaN,NaN

INPUT,0.392113029956818,0.0450196899473667,0.765001058578491,-2.62114334106445,3.02078151702881,-1.63693702220917,K,15
OUTPUT,NaN,NaN,NaN,NaN,NaN,NaN

INPUT,0.397385239601135,0.0457748472690582,0.774993002414703,-2.65635085105896,3.01293563842773,-1.60110998153687,K,16
OUTPUT,NaN,NaN,NaN,NaN,NaN,NaN

INPUT,0.401485860347748,0.0463621914386749,0.782764554023743,-2.68377184867859,3.00694489479065,-1.57325708866119,K,17
OUTPUT,NaN,NaN,NaN,NaN,NaN,NaN

INPUT,0.404414862394333,0.0467817187309265,0.788315653800964,-2.70337605476379,3.00272822380066,-1.55336666107178,K,18
OUTPUT,NaN,NaN,NaN,NaN,NaN,NaN

INPUT,0.406172275543213,0.0470334365963936,0.791646301746368,-2.71514558792114,3.00022411346436,-1.54143369197845,K,19
OUTPUT,NaN,NaN,NaN,NaN,NaN,NaN

INPUT,0.406758069992065,0.0471173450350761,0.7927565574646,-2.71906971931458,2.99939370155334,-1.53745627403259,K,20
OUTPUT,NaN,NaN,NaN,NaN,NaN,NaN

INPUT,0.363580822944641,0.0388378910720348,0.721437513828278,-2.2937638759613,3.10095357894897,-1.90177655220032,K,11
OUTPUT,NaN,NaN,NaN,NaN,NaN,NaN

INPUT,0.368839174509048,0.0393446870148182,0.73263818025589,-2.31543612480164,3.09633755683899,-1.87734222412109,K,12
OUTPUT,NaN,NaN,NaN,NaN,NaN,NaN

INPUT,0.374097526073456,0.0398514866828918,0.743838787078857,-2.3373658657074,3.09174561500549,-1.85316061973572,K,13
OUTPUT,NaN,NaN,NaN,NaN,NaN,NaN

INPUT,0.379355847835541,0.0403582826256752,0.755039393901825,-2.35948777198792,3.0871798992157,-1.82916581630707,K,14
OUTPUT,NaN,NaN,NaN,NaN,NaN,NaN

INPUT,0.384614229202271,0.0408650785684586,0.766240060329437,-2.38175702095032,3.08264327049255,-1.8053126335144,K,15
OUTPUT,NaN,NaN,NaN,NaN,NaN,NaN

INPUT,0.389346748590469,0.0413211956620216,0.77632063627243,-2.40189909934998,3.07858681678772,-1.78393936157227,K,16
OUTPUT,NaN,NaN,NaN,NaN,NaN,NaN

INPUT,0.393027573823929,0.0416759550571442,0.784161031246185,-2.41761898994446,3.07545065879822,-1.76736605167389,K,17
OUTPUT,NaN,NaN,NaN,NaN,NaN,NaN

INPUT,0.395656764507294,0.0419293530285358,0.789761364459991,-2.42887258529663,3.07322096824646,-1.75555074214935,K,18
OUTPUT,NaN,NaN,NaN,NaN,NaN,NaN

INPUT,0.397234261035919,0.042081393301487,0.793121516704559,-2.43563365936279,3.07188749313354,-1.74846982955933,K,19
OUTPUT,NaN,NaN,NaN,NaN,NaN,NaN

INPUT,0.397760093212128,0.0421320721507072,0.794241607189178,-2.43788886070251,3.07144355773926,-1.74611067771912,K,20
OUTPUT,NaN,NaN,NaN,NaN,NaN,NaN

INPUT,0.357713341712952,0.0321870036423206,0.733922839164734,0.46316197514534,3.10227131843567,1.29919958114624,K,12
OUTPUT,NaN,NaN,NaN,NaN,NaN,NaN

INPUT,0.361800312995911,0.0319401100277901,0.745259582996368,0.4181087911129,3.0983202457428,1.34215581417084,K,13
OUTPUT,NaN,NaN,NaN,NaN,NaN,NaN

INPUT,0.365887314081192,0.0316932164132595,0.756596267223358,0.373225688934326,3.09445309638977,1.38528943061829,K,14
OUTPUT,NaN,NaN,NaN,NaN,NaN,NaN

INPUT,0.369974285364151,0.0314463190734386,0.767933011054993,0.328469961881638,3.09067678451538,1.42855858802795,K,15
OUTPUT,NaN,NaN,NaN,NaN,NaN,NaN

INPUT,0.373652547597885,0.031224112957716,0.778136074542999,0.288273572921753,3.08736252784729,1.46759164333344,K,16
OUTPUT,NaN,NaN,NaN,NaN,NaN,NaN

INPUT,0.376513451337814,0.0310512874275446,0.78607177734375,0.257053822278976,3.08484315872192,1.49799954891205,K,17
OUTPUT,NaN,NaN,NaN,NaN,NaN,NaN

INPUT,0.378556936979294,0.0309278387576342,0.79174017906189,0.234773859381676,3.08307647705078,1.51974213123322,K,18
OUTPUT,NaN,NaN,NaN,NaN,NaN,NaN

INPUT,0.379783004522324,0.030853770673275,0.795141160488129,0.221412941813469,3.08202981948853,1.5327957868576,K,19
OUTPUT,NaN,NaN,NaN,NaN,NaN,NaN

INPUT,0.380191713571548,0.0308290813118219,0.796274840831757,0.21696038544178,3.08168339729309,1.53714823722839,K,20
OUTPUT,NaN,NaN,NaN,NaN,NaN,NaN

INPUT,0.354885786771774,0.0319572314620018,0.732840895652771,0.960836827754974,3.1303379535675,1.37341284751892,K,12
OUTPUT,NaN,NaN,NaN,NaN,NaN,NaN

INPUT,0.358675122261047,0.0316862799227238,0.744063794612885,0.933606922626495,3.12909555435181,1.38959169387817,K,13
OUTPUT,NaN,NaN,NaN,NaN,NaN,NaN

INPUT,0.36246445775032,0.0314153283834457,0.755286693572998,0.907374262809753,3.12785887718201,1.4067679643631,K,14
OUTPUT,NaN,NaN,NaN,NaN,NaN,NaN

INPUT,0.366253793239594,0.0311443768441677,0.766509592533112,0.881887912750244,3.12662863731384,1.42469108104706,K,15
OUTPUT,NaN,NaN,NaN,NaN,NaN,NaN

INPUT,0.369664192199707,0.0309005193412304,0.776610195636749,0.85944390296936,3.12552690505981,1.44131588935852,K,16
OUTPUT,NaN,NaN,NaN,NaN,NaN,NaN

INPUT,0.372316718101501,0.0307108536362648,0.784466207027435,0.842248797416687,3.12467432022095,1.45450782775879,K,17
OUTPUT,NaN,NaN,NaN,NaN,NaN,NaN

INPUT,0.374211370944977,0.0305753778666258,0.79007762670517,0.830085515975952,3.12406778335571,1.46404981613159,K,18
OUTPUT,NaN,NaN,NaN,NaN,NaN,NaN

INPUT,0.375348180532455,0.0304940938949585,0.793444514274597,0.822830200195313,3.12370467185974,1.46981751918793,K,19
OUTPUT,NaN,NaN,NaN,NaN,NaN,NaN

INPUT,0.375727117061615,0.0304669979959726,0.794566810131073,0.820418357849121,3.12358379364014,1.47174680233002,K,20
OUTPUT,NaN,NaN,NaN,NaN,NaN,NaN

INPUT,0.355859726667404,0.0332648158073425,0.73286646604538,0.887890994548798,3.11434030532837,1.66110062599182,K,12
OUTPUT,NaN,NaN,NaN,NaN,NaN,NaN

INPUT,0.359751969575882,0.0331315994262695,0.744091033935547,0.8447105884552,3.11156988143921,1.69930064678192,K,13
OUTPUT,NaN,NaN,NaN,NaN,NaN,NaN

INPUT,0.36364421248436,0.0329983793199062,0.755315661430359,0.801946043968201,3.10884928703308,1.73791992664337,K,14
OUTPUT,NaN,NaN,NaN,NaN,NaN,NaN

INPUT,0.367536455392838,0.0328651629388332,0.766540288925171,0.759495079517365,3.10618281364441,1.77685630321503,K,15
OUTPUT,NaN,NaN,NaN,NaN,NaN,NaN

INPUT,0.371039479970932,0.0327452681958675,0.776642441749573,0.721497595310211,3.10383272171021,1.81211066246033,K,16
OUTPUT,NaN,NaN,NaN,NaN,NaN,NaN

INPUT,0.373764038085938,0.0326520167291164,0.784499704837799,0.692054510116577,3.10203981399536,1.83964347839355,K,17
OUTPUT,NaN,NaN,NaN,NaN,NaN,NaN

INPUT,0.375710159540176,0.0325854085385799,0.790112018585205,0.671074151992798,3.10077857971191,1.85936141014099,K,18
OUTPUT,NaN,NaN,NaN,NaN,NaN,NaN

INPUT,0.376877844333649,0.032545443624258,0.793479382991791,0.658503949642181,3.10002994537354,1.87121069431305,K,19
OUTPUT,NaN,NaN,NaN,NaN,NaN,NaN

INPUT,0.377267062664032,0.0325321219861507,0.794601857662201,0.654316663742065,3.09978175163269,1.87516331672668,K,20
OUTPUT,NaN,NaN,NaN,NaN,NaN,NaN

INPUT,0.363542944192886,0.0381957143545151,0.722897052764893,-2.29982376098633,3.11145520210266,-1.73568320274353,K,11
OUTPUT,NaN,NaN,NaN,NaN,NaN,NaN

INPUT,0.368796676397324,0.0386267714202404,0.734270393848419,-2.33080101013184,3.10811066627502,-1.70030331611633,K,12
OUTPUT,NaN,NaN,NaN,NaN,NaN,NaN

INPUT,0.374050378799438,0.0390578247606754,0.745643675327301,-2.3621780872345,3.10480284690857,-1.66531944274902,K,13
OUTPUT,NaN,NaN,NaN,NaN,NaN,NaN

INPUT,0.379304111003876,0.0394888818264008,0.757016956806183,-2.39385342597961,3.10153532028198,-1.63062965869904,K,14
OUTPUT,NaN,NaN,NaN,NaN,NaN,NaN

INPUT,0.384557843208313,0.0399199388921261,0.768390238285065,-2.42575669288635,3.09831213951111,-1.59616363048553,K,15
OUTPUT,NaN,NaN,NaN,NaN,NaN,NaN

INPUT,0.389286190271378,0.0403078906238079,0.778626203536987,-2.45462369918823,3.09545159339905,-1.56529426574707,K,16
OUTPUT,NaN,NaN,NaN,NaN,NaN,NaN

INPUT,0.392963796854019,0.0406096279621124,0.786587536334991,-2.47715854644775,3.09325504302979,-1.54136478900909,K,17
OUTPUT,NaN,NaN,NaN,NaN,NaN,NaN

INPUT,0.395590662956238,0.0408251583576202,0.792274177074432,-2.49329304695129,3.09170198440552,-1.52430903911591,K,18
OUTPUT,NaN,NaN,NaN,NaN,NaN,NaN

INPUT,0.397166788578033,0.0409544743597507,0.795686185359955,-2.50298762321472,3.09077668190002,-1.51408863067627,K,19
OUTPUT,NaN,NaN,NaN,NaN,NaN,NaN

INPUT,0.397692143917084,0.0409975796937943,0.796823501586914,-2.50622129440308,3.09046936035156,-1.5106840133667,K,20
OUTPUT,NaN,NaN,NaN,NaN,NaN,NaN

INPUT,0.36443504691124,0.0411523692309856,0.721813917160034,-2.10343599319458,3.07489800453186,-1.62484765052795,K,11
OUTPUT,NaN,NaN,NaN,NaN,NaN,NaN

INPUT,0.369792520999908,0.0419310964643955,0.733061254024506,-2.13037538528442,3.06730794906616,-1.59545648097992,K,12
OUTPUT,NaN,NaN,NaN,NaN,NaN,NaN

INPUT,0.3751500248909,0.0427098199725151,0.744308590888977,-2.1575493812561,3.05977654457092,-1.56628382205963,K,13
OUTPUT,NaN,NaN,NaN,NaN,NaN,NaN

INPUT,0.380507498979568,0.0434885397553444,0.755555927753448,-2.18489956855774,3.0523099899292,-1.53727030754089,K,14
OUTPUT,NaN,NaN,NaN,NaN,NaN,NaN

INPUT,0.38586500287056,0.044267263263464,0.76680326461792,-2.21238708496094,3.04491424560547,-1.50837528705597,K,15
OUTPUT,NaN,NaN,NaN,NaN,NaN,NaN

INPUT,0.390686750411987,0.0449681170284748,0.77692586183548,-2.23721981048584,3.03832340240479,-1.48244690895081,K,16
OUTPUT,NaN,NaN,NaN,NaN,NaN,NaN

INPUT,0.394436985254288,0.0455132238566875,0.784798979759216,-2.2565860748291,3.03324317932129,-1.4623202085495,K,17
OUTPUT,NaN,NaN,NaN,NaN,NaN,NaN

INPUT,0.397115737199783,0.0459025837481022,0.79042261838913,-2.27044343948364,3.02963995933533,-1.44796180725098,K,18
OUTPUT,NaN,NaN,NaN,NaN,NaN,NaN

INPUT,0.398722976446152,0.046136200428009,0.793796837329865,-2.27876687049866,3.02748847007751,-1.43935298919678,K,19
OUTPUT,NaN,NaN,NaN,NaN,NaN,NaN

INPUT,0.399258732795715,0.0462140738964081,0.794921576976776,-2.28154277801514,3.02677321434021,-1.43648433685303,K,20
OUTPUT,NaN,NaN,NaN,NaN,NaN,NaN

INPUT,0.368967324495316,0.0408511869609356,0.715331554412842,-2.46141982078552,3.05720257759094,-1.8103928565979,K,4
OUTPUT,NaN,NaN,NaN,NaN,NaN,NaN

INPUT,0.378286451101303,0.0422022119164467,0.730585694313049,-2.52866697311401,3.0411524772644,-1.73735570907593,K,5
OUTPUT,NaN,NaN,NaN,NaN,NaN,NaN

INPUT,0.387605577707291,0.0435532405972481,0.745839893817902,-2.59675812721252,3.02559518814087,-1.66505134105682,K,6
OUTPUT,NaN,NaN,NaN,NaN,NaN,NaN

INPUT,0.394853800535202,0.0446040369570255,0.757704257965088,-2.65010976791382,3.01388549804688,-1.60912084579468,K,7
OUTPUT,NaN,NaN,NaN,NaN,NaN,NaN

INPUT,0.400031089782715,0.0453546047210693,0.766178786754608,-2.68837666511536,3.00575232505798,-1.5692800283432,K,8
OUTPUT,NaN,NaN,NaN,NaN,NaN,NaN

INPUT,0.403137475252151,0.0458049476146698,0.771263480186462,-2.71139049530029,3.00097060203552,-1.54540872573853,K,9
OUTPUT,NaN,NaN,NaN,NaN,NaN,NaN

INPUT,0.372788488864899,0.0390993729233742,0.731063008308411,-2.33243680000305,3.09262371063232,-1.8686785697937,K,5
OUTPUT,NaN,NaN,NaN,NaN,NaN,NaN

INPUT,0.381393492221832,0.039864607155323,0.746625006198883,-2.36979627609253,3.0848822593689,-1.8236540555954,K,6
OUTPUT,NaN,NaN,NaN,NaN,NaN,NaN

INPUT,0.388086259365082,0.0404597893357277,0.758728802204132,-2.39942693710327,3.07894325256348,-1.78937602043152,K,7
OUTPUT,NaN,NaN,NaN,NaN,NaN,NaN

INPUT,0.39286682009697,0.0408849194645882,0.767374336719513,-2.42076396942139,3.07475590705872,-1.76523292064667,K,8
OUTPUT,NaN,NaN,NaN,NaN,NaN,NaN

INPUT,0.395735144615173,0.0411399975419044,0.77256166934967,-2.43360471725464,3.07226848602295,-1.75087547302246,K,9
OUTPUT,NaN,NaN,NaN,NaN,NaN,NaN

INPUT,0.372921675443649,0.0385161861777306,0.732857823371887,-2.35950517654419,3.10526394844055,-1.69169175624847,K,5
OUTPUT,NaN,NaN,NaN,NaN,NaN,NaN

INPUT,0.381542921066284,0.0391911305487156,0.748694896697998,-2.41090893745422,3.09980583190918,-1.62512683868408,K,6
OUTPUT,NaN,NaN,NaN,NaN,NaN,NaN

INPUT,0.388248324394226,0.0397160872817039,0.761012554168701,-2.45212554931641,3.09565901756287,-1.57458126544952,K,7
OUTPUT,NaN,NaN,NaN,NaN,NaN,NaN

INPUT,0.393037915229797,0.0400910601019859,0.769810914993286,-2.48204922676086,3.09275507926941,-1.53895509243011,K,8
OUTPUT,NaN,NaN,NaN,NaN,NaN,NaN

INPUT,0.395911663770676,0.0403160415589809,0.775089979171753,-2.50016069412231,3.09103775024414,-1.51773452758789,K,9
OUTPUT,NaN,NaN,NaN,NaN,NaN,NaN

INPUT,0.373654246330261,0.0413248874247074,0.73168671131134,-2.15083003044128,3.06130599975586,-1.58501839637756,K,5
OUTPUT,NaN,NaN,NaN,NaN,NaN,NaN

INPUT,0.382333725690842,0.0424598343670368,0.747298657894135,-2.19736361503601,3.04858732223511,-1.53049731254578,K,6
OUTPUT,NaN,NaN,NaN,NaN,NaN,NaN

INPUT,0.38908439874649,0.0433425717055798,0.759441316127777,-2.23409724235535,3.03889751434326,-1.48892593383789,K,7
OUTPUT,NaN,NaN,NaN,NaN,NaN,NaN

INPUT,0.393906325101852,0.0439730994403362,0.768114626407623,-2.26045227050781,3.03211092948914,-1.45965158939362,K,8
OUTPUT,NaN,NaN,NaN,NaN,NaN,NaN

INPUT,0.396799474954605,0.0443514138460159,0.773318588733673,-2.27627205848694,3.02809953689575,-1.44225490093231,K,9
OUTPUT,NaN,NaN,NaN,NaN,NaN,NaN

INPUT,0.364349812269211,0.0321459844708443,0.738128185272217,0.41727140545845,3.09869527816772,1.3445873260498,K,5
OUTPUT,NaN,NaN,NaN,NaN,NaN,NaN

INPUT,0.370473891496658,0.0317646972835064,0.751873910427094,0.344857811927795,3.09234523773193,1.41358804702759,K,6
OUTPUT,NaN,NaN,NaN,NaN,NaN,NaN

INPUT,0.375237047672272,0.0314681380987167,0.762565016746521,0.288801521062851,3.08757495880127,1.46753537654877,K,7
OUTPUT,NaN,NaN,NaN,NaN,NaN,NaN

INPUT,0.378639280796051,0.0312563143670559,0.770201563835144,0.248862892389297,3.08426666259766,1.50617945194244,K,8
OUTPUT,NaN,NaN,NaN,NaN,NaN,NaN

INPUT,0.380680650472641,0.0311292186379433,0.774783432483673,0.224932387471199,3.08232378959656,1.52940201759338,K,9
OUTPUT,NaN,NaN,NaN,NaN,NaN,NaN

INPUT,0.360696494579315,0.0318682752549648,0.736835241317749,0.973751366138458,3.12934017181396,1.43141210079193,K,5
OUTPUT,NaN,NaN,NaN,NaN,NaN,NaN

INPUT,0.366195946931839,0.0314586497843266,0.750419735908508,0.913160681724548,3.12725186347961,1.44073128700256,K,6
OUTPUT,NaN,NaN,NaN,NaN,NaN,NaN

INPUT,0.370473265647888,0.0311400536447763,0.760985493659973,0.870746433734894,3.1256377696991,1.45258271694183,K,7
OUTPUT,NaN,NaN,NaN,NaN,NaN,NaN

INPUT,0.373528510332108,0.0309124831110239,0.768532454967499,0.842289805412292,3.12449312210083,1.46278071403503,K,8
OUTPUT,NaN,NaN,NaN,NaN,NaN,NaN

INPUT,0.375361680984497,0.0307759419083595,0.77306067943573,0.825818657875061,3.12381052970886,1.46944582462311,K,9
OUTPUT,NaN,NaN,NaN,NaN,NaN,NaN

INPUT,0.361980050802231,0.0334778241813183,0.736845254898071,0.855816781520844,3.1115710735321,1.71354377269745,K,5
OUTPUT,NaN,NaN,NaN,NaN,NaN,NaN

INPUT,0.367722183465958,0.0333205349743366,0.750443935394287,0.78169310092926,3.10719394683838,1.77013444900513,K,6
OUTPUT,NaN,NaN,NaN,NaN,NaN,NaN

INPUT,0.37218827009201,0.0331982001662254,0.761020660400391,0.725425720214844,3.10388851165771,1.81554043292999,K,7
OUTPUT,NaN,NaN,NaN,NaN,NaN,NaN

INPUT,0.375378310680389,0.0331108160316944,0.768575489521027,0.685775756835938,3.10158610343933,1.84851813316345,K,8
OUTPUT,NaN,NaN,NaN,NaN,NaN,NaN

INPUT,0.377292364835739,0.0330583862960339,0.77310836315155,0.662161946296692,3.10022974014282,1.86848223209381,K,9
OUTPUT,NaN,NaN,NaN,NaN,NaN,NaN

INPUT,0.377947598695755,0.0408019013702869,0.709085464477539,-2.58688116073608,3.02052688598633,-1.95033633708954,K,10
OUTPUT,NaN,NaN,NaN,NaN,NaN,NaN

INPUT,0.385822325944901,0.0416379161179066,0.720133781433105,-2.62901639938354,3.00516724586487,-1.90737915039063,K,11
OUTPUT,NaN,NaN,NaN,NaN,NaN,NaN

INPUT,0.393697053194046,0.0424739308655262,0.731182038784027,-2.67127871513367,2.99005365371704,-1.86446011066437,K,12
OUTPUT,NaN,NaN,NaN,NaN,NaN,NaN

INPUT,0.401571810245514,0.0433099493384361,0.742230296134949,-2.71364831924438,2.97521448135376,-1.82155168056488,K,13
OUTPUT,NaN,NaN,NaN,NaN,NaN,NaN

INPUT,0.409446507692337,0.0441459603607655,0.753278613090515,-2.7561137676239,2.96067643165588,-1.77863478660583,K,14
OUTPUT,NaN,NaN,NaN,NaN,NaN,NaN

INPUT,0.417321264743805,0.0449819788336754,0.764326870441437,-2.79866814613342,2.94646692276001,-1.73569524288177,K,15
OUTPUT,NaN,NaN,NaN,NaN,NaN,NaN

INPUT,0.4244085252285,0.0457343906164169,0.774270296096802,-2.83703947067261,2.93398070335388,-1.69702172279358,K,16
OUTPUT,NaN,NaN,NaN,NaN,NaN,NaN

INPUT,0.429920822381973,0.0463196001946926,0.782004117965698,-2.86692976951599,2.92448019981384,-1.66692006587982,K,17
OUTPUT,NaN,NaN,NaN,NaN,NaN,NaN

INPUT,0.433858186006546,0.0467376075685024,0.787528216838837,-2.88830399513245,2.91781210899353,-1.64540553092957,K,18
OUTPUT,NaN,NaN,NaN,NaN,NaN,NaN

INPUT,0.436220616102219,0.0469884127378464,0.790842711925507,-2.90113854408264,2.91386032104492,-1.63249111175537,K,19
OUTPUT,NaN,NaN,NaN,NaN,NaN,NaN

INPUT,0.437008082866669,0.0470720157027245,0.791947543621063,-2.90541791915894,2.91255116462708,-1.62818539142609,K,20
OUTPUT,NaN,NaN,NaN,NaN,NaN,NaN

INPUT,0.359788656234741,0.0370994992554188,0.721428990364075,-2.3469386100769,3.1125636100769,-1.67886531352997,K,11
OUTPUT,NaN,NaN,NaN,NaN,NaN,NaN

INPUT,0.364600360393524,0.0374016463756561,0.732629716396332,-2.38391065597534,3.10938954353333,-1.63725161552429,K,12
OUTPUT,NaN,NaN,NaN,NaN,NaN,NaN

INPUT,0.369412064552307,0.0377037972211838,0.743830442428589,-2.42129850387573,3.10626482963562,-1.5960499048233,K,13
OUTPUT,NaN,NaN,NaN,NaN,NaN,NaN

INPUT,0.37422376871109,0.0380059443414211,0.755031228065491,-2.45899605751038,3.10319471359253,-1.55515360832214,K,14
OUTPUT,NaN,NaN,NaN,NaN,NaN,NaN

INPUT,0.379035472869873,0.0383080951869488,0.766231954097748,-2.4969310760498,3.10018372535706,-1.51448976993561,K,15
OUTPUT,NaN,NaN,NaN,NaN,NaN,NaN

INPUT,0.383366018533707,0.0385800264775753,0.776312589645386,-2.53123211860657,3.09752821922302,-1.47804808616638,K,16
OUTPUT,NaN,NaN,NaN,NaN,NaN,NaN

INPUT,0.386734217405319,0.0387915298342705,0.784153163433075,-2.55799674987793,3.09550094604492,-1.44978773593903,K,17
OUTPUT,NaN,NaN,NaN,NaN,NaN,NaN

INPUT,0.389140039682388,0.0389426052570343,0.789753496646881,-2.57715392112732,3.094074010849,-1.42963981628418,K,18
OUTPUT,NaN,NaN,NaN,NaN,NaN,NaN

INPUT,0.390583574771881,0.0390332490205765,0.793113708496094,-2.58866238594055,3.09322667121887,-1.41756474971771,K,19
OUTPUT,NaN,NaN,NaN,NaN,NaN,NaN

INPUT,0.39106473326683,0.0390634648501873,0.794233798980713,-2.59250092506409,3.09294557571411,-1.41354179382324,K,20
OUTPUT,NaN,NaN,NaN,NaN,NaN,NaN

INPUT,0.35778135061264,0.0353057719767094,0.733874201774597,-2.34046363830566,3.14038014411926,-1.81054663658142,K,12
OUTPUT,NaN,NaN,NaN,NaN,NaN,NaN

INPUT,0.361875414848328,0.0353873036801815,0.745205879211426,-2.31956672668457,3.14033842086792,-1.73389041423798,K,13
OUTPUT,NaN,NaN,NaN,NaN,NaN,NaN

INPUT,0.365969508886337,0.0354688353836536,0.75653749704361,-2.30188274383545,3.14029479026794,-1.6604471206665,K,14
OUTPUT,NaN,NaN,NaN,NaN,NaN,NaN

INPUT,0.370063573122025,0.0355503633618355,0.767869174480438,-2.28721141815186,3.14024972915649,-1.59001648426056,K,15
OUTPUT,NaN,NaN,NaN,NaN,NaN,NaN

INPUT,0.373748242855072,0.0356237441301346,0.778067648410797,-2.27641034126282,3.14020800590515,-1.52903187274933,K,16
OUTPUT,NaN,NaN,NaN,NaN,NaN,NaN

INPUT,0.376614093780518,0.035680815577507,0.785999834537506,-2.26948094367981,3.14017510414124,-1.4830709695816,K,17
OUTPUT,NaN,NaN,NaN,NaN,NaN,NaN

INPUT,0.378661125898361,0.0357215814292431,0.79166567325592,-2.26527619361877,3.14015126228333,-1.45098650455475,K,18
OUTPUT,NaN,NaN,NaN,NaN,NaN,NaN

INPUT,0.379889339208603,0.0357460379600525,0.795065104961395,-2.26303887367249,3.14013671875,-1.4320216178894,K,19
OUTPUT,NaN,NaN,NaN,NaN,NaN,NaN

INPUT,0.380298763513565,0.0357541926205158,0.796198308467865,-2.26233959197998,3.14013195037842,-1.42574644088745,K,20
OUTPUT,NaN,NaN,NaN,NaN,NaN,NaN

INPUT,0.379870384931564,0.040280569344759,0.707767248153687,-2.59911370277405,3.01580166816711,-1.94902849197388,K,4
OUTPUT,NaN,NaN,NaN,NaN,NaN,NaN

INPUT,0.393826425075531,0.0417970567941666,0.724894404411316,-2.6789562702179,2.98684501647949,-1.86340713500977,K,5
OUTPUT,NaN,NaN,NaN,NaN,NaN,NaN

INPUT,0.40778249502182,0.0433135405182838,0.74202162027359,-2.75987935066223,2.95894432067871,-1.77850139141083,K,6
OUTPUT,NaN,NaN,NaN,NaN,NaN,NaN

INPUT,0.418637216091156,0.044493030756712,0.755342721939087,-2.82333111763,2.93809843063354,-1.71269106864929,K,7
OUTPUT,NaN,NaN,NaN,NaN,NaN,NaN

INPUT,0.426390558481216,0.0453355237841606,0.764857828617096,-2.86887145042419,2.92372131347656,-1.66573703289032,K,8
OUTPUT,NaN,NaN,NaN,NaN,NaN,NaN

INPUT,0.431042581796646,0.0458410196006298,0.770566880702972,-2.89627242088318,2.9153151512146,-1.63757300376892,K,9
OUTPUT,NaN,NaN,NaN,NaN,NaN,NaN

INPUT,0.368317604064941,0.0372802652418613,0.730835676193237,-2.41835689544678,3.10672783851624,-1.62737536430359,K,5
OUTPUT,NaN,NaN,NaN,NaN,NaN,NaN

INPUT,0.376207917928696,0.037739485502243,0.746467530727386,-2.47945165634155,3.10158944129944,-1.54881107807159,K,6
OUTPUT,NaN,NaN,NaN,NaN,NaN,NaN

INPUT,0.382344841957092,0.0380966551601887,0.758625626564026,-2.52836728096008,3.0977246761322,-1.48909306526184,K,7
OUTPUT,NaN,NaN,NaN,NaN,NaN,NaN

INPUT,0.386728346347809,0.0383517779409885,0.767309963703156,-2.56385159492493,3.09504199028015,-1.44697642326355,K,8
OUTPUT,NaN,NaN,NaN,NaN,NaN,NaN

INPUT,0.389358460903168,0.0385048501193523,0.77252060174942,-2.58531904220581,3.09346532821655,-1.42188107967377,K,9
OUTPUT,NaN,NaN,NaN,NaN,NaN,NaN

INPUT,0.358201771974564,0.0352875366806984,0.724890410900116,-2.59746408462524,3.13949203491211,-2.10001277923584,K,4
OUTPUT,NaN,NaN,NaN,NaN,NaN,NaN

INPUT,0.364046037197113,0.0354051068425179,0.738471865653992,-2.54299235343933,3.13969612121582,-1.95547008514404,K,5
OUTPUT,NaN,NaN,NaN,NaN,NaN,NaN

INPUT,0.369890332221985,0.0355226770043373,0.752053439617157,-2.46582198143005,3.13988065719604,-1.78822863101959,K,6
OUTPUT,NaN,NaN,NaN,NaN,NaN,NaN

INPUT,0.374435871839523,0.0356141217052937,0.762616813182831,-2.38757371902466,3.14000511169434,-1.64015829563141,K,7
OUTPUT,NaN,NaN,NaN,NaN,NaN,NaN

INPUT,0.377682685852051,0.0356794372200966,0.770162105560303,-2.32134652137756,3.14008092880249,-1.5242862701416,K,8
OUTPUT,NaN,NaN,NaN,NaN,NaN,NaN

INPUT,0.379630774259567,0.0357186272740364,0.774689257144928,-2.2775707244873,3.14012002944946,-1.45084369182587,K,9
OUTPUT,NaN,NaN,NaN,NaN,NaN,NaN

INPUT,0.349679112434387,0.0371326245367527,0.731890022754669,0.323813140392303,3.08011531829834,1.46037149429321,K,12
OUTPUT,NaN,NaN,NaN,NaN,NaN,NaN

INPUT,0.352920174598694,0.0374065339565277,0.743012487888336,0.263271629810333,3.07437300682068,1.51953113079071,K,13
OUTPUT,NaN,NaN,NaN,NaN,NaN,NaN

INPUT,0.356161206960678,0.037680447101593,0.754134953022003,0.202825680375099,3.06887149810791,1.57880902290344,K,14
OUTPUT,NaN,NaN,NaN,NaN,NaN,NaN

INPUT,0.359402269124985,0.037954356521368,0.76525741815567,0.142448231577873,3.06363010406494,1.63817882537842,K,15
OUTPUT,NaN,NaN,NaN,NaN,NaN,NaN

INPUT,0.362319231033325,0.0382008776068687,0.775267660617828,0.0881519690155983,3.05915117263794,1.69167530536652,K,16
OUTPUT,NaN,NaN,NaN,NaN,NaN,NaN

INPUT,0.364587962627411,0.0383926145732403,0.783053398132324,0.0459429062902927,3.05583214759827,1.73331868648529,K,17
OUTPUT,NaN,NaN,NaN,NaN,NaN,NaN

INPUT,0.366208493709564,0.0385295711457729,0.788614571094513,0.015802938491106,3.05355334281921,1.76308035850525,K,18
OUTPUT,NaN,NaN,NaN,NaN,NaN,NaN

INPUT,0.367180824279785,0.0386117435991764,0.791951358318329,-0.0022778999991715,3.05222368240356,1.7809431552887,K,19
OUTPUT,NaN,NaN,NaN,NaN,NaN,NaN

INPUT,0.367504924535751,0.038639135658741,0.793063580989838,-0.00830440036952496,3.05178689956665,1.78689849376678,K,20
OUTPUT,NaN,NaN,NaN,NaN,NaN,NaN

INPUT,0.373352289199829,0.0421060770750046,0.720708131790161,-2.34258651733398,3.05461835861206,-1.79354345798492,K,11
OUTPUT,NaN,NaN,NaN,NaN,NaN,NaN

INPUT,0.379759162664413,0.0429970771074295,0.731825590133667,-2.37415146827698,3.04478812217712,-1.76044356822968,K,12
OUTPUT,NaN,NaN,NaN,NaN,NaN,NaN

INPUT,0.386166036128998,0.0438880771398544,0.742943048477173,-2.40587258338928,3.03505897521973,-1.72746920585632,K,13
OUTPUT,NaN,NaN,NaN,NaN,NaN,NaN

INPUT,0.392572939395905,0.0447790771722794,0.754060506820679,-2.43771457672119,3.02544093132019,-1.69458258152008,K,14
OUTPUT,NaN,NaN,NaN,NaN,NaN,NaN

INPUT,0.398979812860489,0.0456700772047043,0.765177965164185,-2.46965408325195,3.015944480896,-1.66175723075867,K,15
OUTPUT,NaN,NaN,NaN,NaN,NaN,NaN

INPUT,0.404745995998383,0.0464719794690609,0.77518367767334,-2.49846911430359,3.00750970840454,-1.63225126266479,K,16
OUTPUT,NaN,NaN,NaN,NaN,NaN,NaN

INPUT,0.409230828285217,0.0470956787467003,0.782965898513794,-2.52092051506042,3.00102758407593,-1.60931932926178,K,17
OUTPUT,NaN,NaN,NaN,NaN,NaN,NaN

INPUT,0.412434279918671,0.0475411787629128,0.788524627685547,-2.53697657585144,2.99644136428833,-1.59294617176056,K,18
OUTPUT,NaN,NaN,NaN,NaN,NaN,NaN

INPUT,0.41435632109642,0.047808475792408,0.791859865188599,-2.54661774635315,2.99370789527893,-1.58312439918518,K,19
OUTPUT,NaN,NaN,NaN,NaN,NaN,NaN

INPUT,0.414997011423111,0.0478975772857666,0.792971611022949,-2.54983258247375,2.99279975891113,-1.57985079288483,K,20
OUTPUT,NaN,NaN,NaN,NaN,NaN,NaN

INPUT,0.346053749322891,0.0231599155813456,0.743093907833099,0.65936404466629,3.03412818908691,1.58273136615753,K,13
OUTPUT,NaN,NaN,NaN,NaN,NaN,NaN

INPUT,0.348640441894531,0.0220767259597778,0.754225552082062,0.614754498004913,3.02466154098511,1.62623357772827,K,14
OUTPUT,NaN,NaN,NaN,NaN,NaN,NaN

INPUT,0.351227104663849,0.0209935363382101,0.765357196331024,0.570202708244324,3.01542162895203,1.66984212398529,K,15
OUTPUT,NaN,NaN,NaN,NaN,NaN,NaN

INPUT,0.353555113077164,0.0200186651200056,0.775375723838806,0.530139327049255,3.00731420516968,1.70916616916656,K,16
OUTPUT,NaN,NaN,NaN,NaN,NaN,NaN

INPUT,0.355365782976151,0.0192604307085276,0.783167898654938,0.498993307352066,3.00115346908569,1.73979532718658,K,17
OUTPUT,NaN,NaN,NaN,NaN,NaN,NaN

INPUT,0.356659114360809,0.0187188368290663,0.788733720779419,0.476751357316971,2.99683451652527,1.7616947889328,K,18
OUTPUT,NaN,NaN,NaN,NaN,NaN,NaN

INPUT,0.357435137033463,0.0183938797563314,0.79207319021225,0.463407754898071,2.99427676200867,1.77484250068665,K,19
OUTPUT,NaN,NaN,NaN,NaN,NaN,NaN

INPUT,0.357693791389465,0.0182855613529682,0.793186366558075,0.458959996700287,2.9934298992157,1.77922642230988,K,20
OUTPUT,NaN,NaN,NaN,NaN,NaN,NaN

INPUT,0.358274936676025,0.0297792125493288,0.733082175254822,0.648242890834808,3.11385560035706,1.40522837638855,K,12
OUTPUT,NaN,NaN,NaN,NaN,NaN,NaN

INPUT,0.362420827150345,0.0292790401726961,0.744330406188965,0.606506526470184,3.11101222038269,1.44316518306732,K,13
OUTPUT,NaN,NaN,NaN,NaN,NaN,NaN

INPUT,0.366566717624664,0.0287788696587086,0.755578577518463,0.565089404582977,3.10821723937988,1.48142457008362,K,14
OUTPUT,NaN,NaN,NaN,NaN,NaN,NaN

INPUT,0.370712608098984,0.0282786972820759,0.766826808452606,0.523912489414215,3.10547518730164,1.51992774009705,K,15
OUTPUT,NaN,NaN,NaN,NaN,NaN,NaN

INPUT,0.374443918466568,0.0278285406529903,0.776950180530548,0.487012684345245,3.10305619239807,1.55474352836609,K,16
OUTPUT,NaN,NaN,NaN,NaN,NaN,NaN

INPUT,0.377346038818359,0.0274784211069345,0.784823954105377,0.45839723944664,3.10120868682861,1.58190906047821,K,17
OUTPUT,NaN,NaN,NaN,NaN,NaN,NaN

INPUT,0.379418969154358,0.0272283349186182,0.790448069572449,0.437996119260788,3.09990835189819,1.6013525724411,K,18
OUTPUT,NaN,NaN,NaN,NaN,NaN,NaN

INPUT,0.380662739276886,0.0270782839506865,0.793822526931763,0.425769060850143,3.0991358757019,1.61303317546844,K,19
OUTPUT,NaN,NaN,NaN,NaN,NaN,NaN

INPUT,0.381077319383621,0.0270282663404942,0.794947326183319,0.421695619821548,3.09887981414795,1.61692881584167,K,20
OUTPUT,NaN,NaN,NaN,NaN,NaN,NaN

INPUT,0.370507895946503,0.0396950021386147,0.721262335777283,-2.58494591712952,3.07356238365173,-1.85769939422607,K,11
OUTPUT,NaN,NaN,NaN,NaN,NaN,NaN

INPUT,0.376580834388733,0.040302462875843,0.732443273067474,-2.62703323364258,3.06608271598816,-1.81417572498322,K,12
OUTPUT,NaN,NaN,NaN,NaN,NaN,NaN

INPUT,0.382653802633286,0.0409099236130714,0.743624210357666,-2.66926097869873,3.05874109268188,-1.77076852321625,K,13
OUTPUT,NaN,NaN,NaN,NaN,NaN,NaN

INPUT,0.388726741075516,0.0415173843502998,0.754805147647858,-2.71159672737122,3.0515513420105,-1.72744369506836,K,14
OUTPUT,NaN,NaN,NaN,NaN,NaN,NaN

INPUT,0.394799709320068,0.0421248413622379,0.765986084938049,-2.75401854515076,3.04452633857727,-1.68417739868164,K,15
OUTPUT,NaN,NaN,NaN,NaN,NaN,NaN

INPUT,0.400265365839005,0.0426715575158596,0.776048958301544,-2.79225921630859,3.03835582733154,-1.6452739238739,K,16
OUTPUT,NaN,NaN,NaN,NaN,NaN,NaN

INPUT,0.40451642870903,0.0430967807769775,0.783875644207001,-2.82203602790833,3.03366184234619,-1.61503338813782,K,17
OUTPUT,NaN,NaN,NaN,NaN,NaN,NaN

INPUT,0.407552897930145,0.0434005111455917,0.789466083049774,-2.84332180023193,3.03036832809448,-1.59344005584717,K,18
OUTPUT,NaN,NaN,NaN,NaN,NaN,NaN

INPUT,0.409374803304672,0.0435827486217022,0.792820394039154,-2.85609936714172,3.02841663360596,-1.580486536026,K,19
OUTPUT,NaN,NaN,NaN,NaN,NaN,NaN

INPUT,0.409982085227966,0.0436434932053089,0.793938457965851,-2.86035943031311,3.02777004241943,-1.57616901397705,K,20
OUTPUT,NaN,NaN,NaN,NaN,NaN,NaN

INPUT,0.355360716581345,0.0374736227095127,0.73515772819519,0.249079972505569,3.07499670982361,1.50959420204163,K,5
OUTPUT,NaN,NaN,NaN,NaN,NaN,NaN

INPUT,0.360378354787827,0.0378878451883793,0.748832821846008,0.157168000936508,3.06600308418274,1.6101142168045,K,6
OUTPUT,NaN,NaN,NaN,NaN,NaN,NaN

INPUT,0.364280939102173,0.0382100194692612,0.759469032287598,0.0850288420915604,3.05948638916016,1.68768751621246,K,7
OUTPUT,NaN,NaN,NaN,NaN,NaN,NaN

INPUT,0.367068529129028,0.0384401418268681,0.767066359519958,0.0332454033195972,3.05511045455933,1.7428652048111,K,8
OUTPUT,NaN,NaN,NaN,NaN,NaN,NaN

INPUT,0.368741065263748,0.0385782159864902,0.771624743938446,0.00209237518720329,3.05260276794434,1.77589821815491,K,9
OUTPUT,NaN,NaN,NaN,NaN,NaN,NaN

INPUT,0.362533241510391,0.0358830168843269,0.721663773059845,-2.59660673141479,3.0953643321991,-1.65809631347656,K,11
OUTPUT,NaN,NaN,NaN,NaN,NaN,NaN

INPUT,0.367667227983475,0.0360418893396854,0.732893228530884,-2.65048336982727,3.09050583839417,-1.60153830051422,K,12
OUTPUT,NaN,NaN,NaN,NaN,NaN,NaN

INPUT,0.372801184654236,0.0362007580697536,0.744122684001923,-2.70459651947021,3.08580279350281,-1.54520344734192,K,13
OUTPUT,NaN,NaN,NaN,NaN,NaN,NaN

INPUT,0.377935141324997,0.0363596305251122,0.755352139472961,-2.75888681411743,3.08126974105835,-1.48903155326843,K,14
OUTPUT,NaN,NaN,NaN,NaN,NaN,NaN

INPUT,0.38306912779808,0.0365184992551804,0.766581594944,-2.81331372261047,3.07692050933838,-1.43298149108887,K,15
OUTPUT,NaN,NaN,NaN,NaN,NaN,NaN

INPUT,0.387689679861069,0.0366614833474159,0.776688158512115,-2.86239075660706,3.07317423820496,-1.38261604309082,K,16
OUTPUT,NaN,NaN,NaN,NaN,NaN,NaN

INPUT,0.391283452510834,0.0367726944386959,0.784548759460449,-2.90061187744141,3.07037711143494,-1.34348475933075,K,17
OUTPUT,NaN,NaN,NaN,NaN,NaN,NaN

INPUT,0.393850445747375,0.03685212880373,0.790163457393646,-2.92793607711792,3.06844401359558,-1.31555223464966,K,18
OUTPUT,NaN,NaN,NaN,NaN,NaN,NaN

INPUT,0.395390629768372,0.0368997901678085,0.793532311916351,-2.94433903694153,3.06731081008911,-1.2987996339798,K,19
OUTPUT,NaN,NaN,NaN,NaN,NaN,NaN

INPUT,0.395904034376144,0.0369156785309315,0.79465526342392,-2.94980812072754,3.06693744659424,-1.2932163476944,K,20
OUTPUT,NaN,NaN,NaN,NaN,NaN,NaN

INPUT,0.373792052268982,0.0410528481006622,0.715879797935486,-2.33566355705261,3.05397439002991,-1.80195248126984,K,4
OUTPUT,NaN,NaN,NaN,NaN,NaN,NaN

INPUT,0.384047865867615,0.0424268990755081,0.731050848960876,-2.39182281494141,3.03725504875183,-1.74277746677399,K,5
OUTPUT,NaN,NaN,NaN,NaN,NaN,NaN

INPUT,0.394303679466248,0.0438009463250637,0.746221899986267,-2.44844508171082,3.02088189125061,-1.6839656829834,K,6
OUTPUT,NaN,NaN,NaN,NaN,NaN,NaN

INPUT,0.402280449867249,0.0448696501553059,0.758021533489227,-2.49270749092102,3.00842213630676,-1.6383683681488,K,7
OUTPUT,NaN,NaN,NaN,NaN,NaN,NaN

INPUT,0.407978117465973,0.0456330105662346,0.766449928283691,-2.52441692352295,2.99968504905701,-1.60584759712219,K,8
OUTPUT,NaN,NaN,NaN,NaN,NaN,NaN

INPUT,0.411396741867065,0.0460910238325596,0.771506905555725,-2.54347491264343,2.99451208114624,-1.58634853363037,K,9
OUTPUT,NaN,NaN,NaN,NaN,NaN,NaN

INPUT,0.370974481105804,0.0391960144042969,0.716125249862671,-2.58262395858765,3.07352638244629,-1.87416255474091,K,4
OUTPUT,NaN,NaN,NaN,NaN,NaN,NaN

INPUT,0.380722343921661,0.0402064062654972,0.731462955474854,-2.65494537353516,3.06070613861084,-1.79419922828674,K,5
OUTPUT,NaN,NaN,NaN,NaN,NaN,NaN

INPUT,0.390470236539841,0.0412167981266975,0.746800780296326,-2.72833657264709,3.04835319519043,-1.71522831916809,K,6
OUTPUT,NaN,NaN,NaN,NaN,NaN,NaN

INPUT,0.398051917552948,0.0420026555657387,0.758730113506317,-2.78590416908264,3.03911519050598,-1.65423321723938,K,7
OUTPUT,NaN,NaN,NaN,NaN,NaN,NaN

INPUT,0.403467386960983,0.0425639860332012,0.767251074314117,-2.82721614837646,3.03273463249207,-1.61082351207733,K,8
OUTPUT,NaN,NaN,NaN,NaN,NaN,NaN

INPUT,0.406716674566269,0.0429007820785046,0.772363662719727,-2.85206651687622,3.02899932861328,-1.58482718467712,K,9
OUTPUT,NaN,NaN,NaN,NaN,NaN,NaN

INPUT,0.364785641431808,0.0295249782502651,0.737218260765076,0.614873826503754,3.11125993728638,1.45452499389648,K,5
OUTPUT,NaN,NaN,NaN,NaN,NaN,NaN

INPUT,0.370931148529053,0.0287519991397858,0.750807285308838,0.544067084789276,3.10667276382446,1.51171875,K,6
OUTPUT,NaN,NaN,NaN,NaN,NaN,NaN

INPUT,0.375710994005203,0.0281507931649685,0.761376559734344,0.490101933479309,3.10320210456848,1.55731630325317,K,7
OUTPUT,NaN,NaN,NaN,NaN,NaN,NaN

INPUT,0.37912517786026,0.0277213603258133,0.768926024436951,0.451984107494354,3.10078048706055,1.59031867980957,K,8
OUTPUT,NaN,NaN,NaN,NaN,NaN,NaN

INPUT,0.381173670291901,0.0274637006223202,0.773455679416656,0.429252356290817,3.09935188293457,1.61026072502136,K,9
OUTPUT,NaN,NaN,NaN,NaN,NaN,NaN

INPUT,0.350526988506317,0.0234555788338184,0.741216063499451,0.636044442653656,3.02895164489746,1.60541784763336,K,5
OUTPUT,NaN,NaN,NaN,NaN,NaN,NaN

INPUT,0.354059934616089,0.0220652427524328,0.752804279327393,0.572233438491821,3.01570725440979,1.66783499717712,K,6
OUTPUT,NaN,NaN,NaN,NaN,NaN,NaN

INPUT,0.356807768344879,0.0209838692098856,0.761817276477814,0.522659361362457,3.00574922561646,1.71650958061218,K,7
OUTPUT,NaN,NaN,NaN,NaN,NaN,NaN

INPUT,0.358770489692688,0.0202114600688219,0.768255174160004,0.487267225980759,2.99883532524109,1.75133490562439,K,8
OUTPUT,NaN,NaN,NaN,NaN,NaN,NaN

INPUT,0.359948128461838,0.0197480153292418,0.772117912769318,0.466036379337311,2.99477052688599,1.7722510099411,K,9
OUTPUT,NaN,NaN,NaN,NaN,NaN,NaN

INPUT,0.37135910987854,0.0359359458088875,0.731355428695679,-2.69251656532288,3.08693385124207,-1.58126080036163,K,5
OUTPUT,NaN,NaN,NaN,NaN,NaN,NaN

INPUT,0.379668116569519,0.0361862890422344,0.746963441371918,-2.78396320343018,3.07918739318848,-1.47642707824707,K,6
OUTPUT,NaN,NaN,NaN,NaN,NaN,NaN

INPUT,0.386130660772324,0.0363809987902641,0.759103000164032,-2.85612368583679,3.07357215881348,-1.39589393138885,K,7
OUTPUT,NaN,NaN,NaN,NaN,NaN,NaN

INPUT,0.390746772289276,0.0365200787782669,0.767774105072021,-2.90806531906128,3.06980133056641,-1.33875107765198,K,8
OUTPUT,NaN,NaN,NaN,NaN,NaN,NaN

INPUT,0.393516451120377,0.0366035252809525,0.772976756095886,-2.93935823440552,3.06764030456543,-1.30458676815033,K,9
OUTPUT,NaN,NaN,NaN,NaN,NaN,NaN

INPUT,0.354912847280502,0.0299314763396978,0.733452141284943,0.73049795627594,3.0982518196106,1.33901572227478,K,12
OUTPUT,NaN,NaN,NaN,NaN,NaN,NaN

INPUT,0.358705312013626,0.0294474009424448,0.744738399982452,0.697307825088501,3.09377026557922,1.36988162994385,K,13
OUTPUT,NaN,NaN,NaN,NaN,NaN,NaN

INPUT,0.36249777674675,0.0289633274078369,0.756024658679962,0.664312481880188,3.08933758735657,1.40094900131226,K,14
OUTPUT,NaN,NaN,NaN,NaN,NaN,NaN

INPUT,0.366290241479874,0.0284792520105839,0.767310917377472,0.631463289260864,3.08495831489563,1.43217015266418,K,15
OUTPUT,NaN,NaN,NaN,NaN,NaN,NaN

INPUT,0.369703471660614,0.0280435848981142,0.777468621730804,0.601995706558228,3.08106660842896,1.46037256717682,K,16
OUTPUT,NaN,NaN,NaN,NaN,NaN,NaN

INPUT,0.372358173131943,0.0277047324925661,0.785368978977203,0.579127550125122,3.07807445526123,1.48236346244812,K,17
OUTPUT,NaN,NaN,NaN,NaN,NaN,NaN

INPUT,0.374254405498505,0.0274626947939396,0.791012108325958,0.562816202640533,3.07595658302307,1.49809694290161,K,18
OUTPUT,NaN,NaN,NaN,NaN,NaN,NaN

INPUT,0.3753921687603,0.0273174736648798,0.794398009777069,0.553037583827972,3.07469391822815,1.50754630565643,K,19
OUTPUT,NaN,NaN,NaN,NaN,NaN,NaN

INPUT,0.375771403312683,0.0272690653800964,0.795526623725891,0.549779295921326,3.07427430152893,1.51069748401642,K,20
OUTPUT,NaN,NaN,NaN,NaN,NaN,NaN

INPUT,0.361061245203018,0.037822138518095,0.721655189990997,-2.19854331016541,3.13358020782471,-1.84331750869751,K,11
OUTPUT,NaN,NaN,NaN,NaN,NaN,NaN

INPUT,0.366022974252701,0.0382092669606209,0.732882440090179,-2.21128630638123,3.13273310661316,-1.81403183937073,K,12
OUTPUT,NaN,NaN,NaN,NaN,NaN,NaN

INPUT,0.370984703302383,0.038596399128437,0.744109630584717,-2.22544503211975,3.13189077377319,-1.78623569011688,K,13
OUTPUT,NaN,NaN,NaN,NaN,NaN,NaN

INPUT,0.375946462154388,0.0389835275709629,0.755336821079254,-2.24064970016479,3.13105440139771,-1.75959622859955,K,14
OUTPUT,NaN,NaN,NaN,NaN,NaN,NaN

INPUT,0.380908191204071,0.0393706560134888,0.766564071178436,-2.25663566589355,3.13022541999817,-1.73388481140137,K,15
OUTPUT,NaN,NaN,NaN,NaN,NaN,NaN

INPUT,0.385373771190643,0.039719071239233,0.776668548583984,-2.27152824401855,3.12948632240295,-1.71140432357788,K,16
OUTPUT,NaN,NaN,NaN,NaN,NaN,NaN

INPUT,0.38884699344635,0.0399900637567043,0.784527599811554,-2.28336787223816,3.1289165019989,-1.6942937374115,K,17
OUTPUT,NaN,NaN,NaN,NaN,NaN,NaN

INPUT,0.391327857971191,0.0401836261153221,0.790141224861145,-2.29193568229675,3.1285126209259,-1.682253241539,K,18
OUTPUT,NaN,NaN,NaN,NaN,NaN,NaN

INPUT,0.392816364765167,0.040299765765667,0.793509364128113,-2.29711413383484,3.12827157974243,-1.6750967502594,K,19
OUTPUT,NaN,NaN,NaN,NaN,NaN,NaN

INPUT,0.3933125436306,0.0403384789824486,0.794632077217102,-2.29884600639343,3.12819123268127,-1.67272210121155,K,20
OUTPUT,NaN,NaN,NaN,NaN,NaN,NaN

INPUT,0.370332539081573,0.0444339700043201,0.721367955207825,-2.32484006881714,3.06810879707336,-1.63281667232513,K,11
OUTPUT,NaN,NaN,NaN,NaN,NaN,NaN

INPUT,0.376384198665619,0.0455986745655537,0.732563138008118,-2.36455631256104,3.05996441841125,-1.59105587005615,K,12
OUTPUT,NaN,NaN,NaN,NaN,NaN,NaN

INPUT,0.382435828447342,0.0467633791267872,0.743758261203766,-2.40447020530701,3.05195546150208,-1.5494658946991,K,13
OUTPUT,NaN,NaN,NaN,NaN,NaN,NaN

INPUT,0.388487428426743,0.0479280836880207,0.754953324794769,-2.44453477859497,3.04409527778625,-1.50799787044525,K,14
OUTPUT,NaN,NaN,NaN,NaN,NaN,NaN

INPUT,0.394539058208466,0.0490927882492542,0.766148447990417,-2.48471879959106,3.03639674186707,-1.46661794185638,K,15
OUTPUT,NaN,NaN,NaN,NaN,NaN,NaN

INPUT,0.399985551834106,0.0501410253345966,0.776224076747894,-2.52096772193909,3.02961707115173,-1.42943155765533,K,16
OUTPUT,NaN,NaN,NaN,NaN,NaN,NaN

INPUT,0.404221683740616,0.0509563200175762,0.784060657024384,-2.54920792579651,3.02444767951965,-1.40053641796112,K,17
OUTPUT,NaN,NaN,NaN,NaN,NaN,NaN

INPUT,0.407247483730316,0.051538672298193,0.78965824842453,-2.56940174102783,3.02081346511841,-1.37990880012512,K,18
OUTPUT,NaN,NaN,NaN,NaN,NaN,NaN

INPUT,0.40906298160553,0.0518880821764469,0.793016791343689,-2.58152627944946,3.01865673065186,-1.36753630638123,K,19
OUTPUT,NaN,NaN,NaN,NaN,NaN,NaN

INPUT,0.409668147563934,0.0520045533776283,0.79413628578186,-2.58556914329529,3.01794195175171,-1.36341261863708,K,20
OUTPUT,NaN,NaN,NaN,NaN,NaN,NaN

INPUT,0.34887683391571,0.0257766842842102,0.743921399116516,0.687437295913696,3.05151081085205,1.41337537765503,K,13
OUTPUT,NaN,NaN,NaN,NaN,NaN,NaN

INPUT,0.35173237323761,0.0249427612870932,0.755131959915161,0.652230560779572,3.0432870388031,1.44739329814911,K,14
OUTPUT,NaN,NaN,NaN,NaN,NaN,NaN

INPUT,0.354587882757187,0.0241088382899761,0.766342461109161,0.61710113286972,3.03518104553223,1.48151612281799,K,15
OUTPUT,NaN,NaN,NaN,NaN,NaN,NaN

INPUT,0.357157856225967,0.0233583077788353,0.776431918144226,0.585532784461975,3.02799415588379,1.51230013370514,K,16
OUTPUT,NaN,NaN,NaN,NaN,NaN,NaN

INPUT,0.35915669798851,0.0227745622396469,0.784279346466064,0.561003506183624,3.02248024940491,1.5362845659256,K,17
OUTPUT,NaN,NaN,NaN,NaN,NaN,NaN

INPUT,0.36058446764946,0.0223575998097658,0.789884567260742,0.543492555618286,3.01858425140381,1.55343592166901,K,18
OUTPUT,NaN,NaN,NaN,NaN,NaN,NaN

INPUT,0.361441105604172,0.0221074242144823,0.793247759342194,0.532989382743835,3.01626443862915,1.56373405456543,K,19
OUTPUT,NaN,NaN,NaN,NaN,NaN,NaN

INPUT,0.361726671457291,0.0220240317285061,0.794368803501129,0.529488801956177,3.01549410820007,1.56716799736023,K,20
OUTPUT,NaN,NaN,NaN,NaN,NaN,NaN

INPUT,0.360297203063965,0.0357727147638798,0.733049094676971,0.966449856758118,3.13182735443115,1.33121907711029,K,12
OUTPUT,NaN,NaN,NaN,NaN,NaN,NaN

INPUT,0.364655464887619,0.0359031893312931,0.744295239448547,0.940562784671783,3.13072872161865,1.34383249282837,K,13
OUTPUT,NaN,NaN,NaN,NaN,NaN,NaN

INPUT,0.369013726711273,0.0360336601734161,0.755541384220123,0.915946841239929,3.12963604927063,1.35763144493103,K,14
OUTPUT,NaN,NaN,NaN,NaN,NaN,NaN

INPUT,0.373371988534927,0.0361641310155392,0.766787528991699,0.892304122447968,3.12855076789856,1.37229025363922,K,15
OUTPUT,NaN,NaN,NaN,NaN,NaN,NaN

INPUT,0.377294421195984,0.0362815596163273,0.776909053325653,0.871690392494202,3.12758111953735,1.38602828979492,K,16
OUTPUT,NaN,NaN,NaN,NaN,NaN,NaN

INPUT,0.380345195531845,0.0363728888332844,0.784781336784363,0.856022477149963,3.1268322467804,1.39698696136475,K,17
OUTPUT,NaN,NaN,NaN,NaN,NaN,NaN

INPUT,0.382524311542511,0.036438126116991,0.790404379367828,0.845003604888916,3.126300573349,1.40493261814117,K,18
OUTPUT,NaN,NaN,NaN,NaN,NaN,NaN

INPUT,0.383831799030304,0.036477267742157,0.793778240680695,0.83845591545105,3.12598276138306,1.40974020957947,K,19
OUTPUT,NaN,NaN,NaN,NaN,NaN,NaN

INPUT,0.384267628192902,0.0364903137087822,0.794902861118317,0.836283504962921,3.12587714195251,1.41134881973267,K,20
OUTPUT,NaN,NaN,NaN,NaN,NaN,NaN

INPUT,0.352981775999069,0.0338592492043972,0.734004020690918,0.536711096763611,3.11508393287659,1.34346961975098,K,12
OUTPUT,NaN,NaN,NaN,NaN,NaN,NaN

INPUT,0.356570690870285,0.0337884426116943,0.74534946680069,0.492498219013214,3.11237859725952,1.38416922092438,K,13
OUTPUT,NaN,NaN,NaN,NaN,NaN,NaN

INPUT,0.360159575939178,0.0337176322937012,0.756694912910461,0.448579251766205,3.10972595214844,1.42516577243805,K,14
OUTPUT,NaN,NaN,NaN,NaN,NaN,NaN

INPUT,0.363748490810394,0.0336468257009983,0.768040299415588,0.404880881309509,3.10713052749634,1.46638667583466,K,15
OUTPUT,NaN,NaN,NaN,NaN,NaN,NaN

INPUT,0.366978496313095,0.0335830971598625,0.778251230716705,0.365698575973511,3.10484766960144,1.50363516807556,K,16
OUTPUT,NaN,NaN,NaN,NaN,NaN,NaN

INPUT,0.369490742683411,0.0335335321724415,0.786193013191223,0.335300952196121,3.10310888290405,1.53268563747406,K,17
OUTPUT,NaN,NaN,NaN,NaN,NaN,NaN

INPUT,0.371285200119019,0.0334981270134449,0.791865706443787,0.313623577356339,3.10188770294189,1.5534725189209,K,18
OUTPUT,NaN,NaN,NaN,NaN,NaN,NaN

INPUT,0.372361868619919,0.0334768854081631,0.795269370079041,0.300629913806915,3.10116338729858,1.56595754623413,K,19
OUTPUT,NaN,NaN,NaN,NaN,NaN,NaN

INPUT,0.372720748186111,0.0334698036313057,0.796403884887695,0.296300530433655,3.10092353820801,1.57012140750885,K,20
OUTPUT,NaN,NaN,NaN,NaN,NaN,NaN

INPUT,0.360512644052505,0.0381925590336323,0.721714973449707,-2.41495537757874,3.10903310775757,-1.71563649177551,K,11
OUTPUT,NaN,NaN,NaN,NaN,NaN,NaN

INPUT,0.365409880876541,0.0386231690645218,0.732949256896973,-2.45414400100708,3.10548210144043,-1.67255938053131,K,12
OUTPUT,NaN,NaN,NaN,NaN,NaN,NaN

INPUT,0.370307117700577,0.0390537790954113,0.744183540344238,-2.49368119239807,3.10199213027954,-1.62982511520386,K,13
OUTPUT,NaN,NaN,NaN,NaN,NaN,NaN

INPUT,0.375204354524612,0.0394843854010105,0.755417883396149,-2.53347778320313,3.0985689163208,-1.58734500408173,K,14
OUTPUT,NaN,NaN,NaN,NaN,NaN,NaN

INPUT,0.38010162115097,0.0399149991571903,0.766652166843414,-2.57347345352173,3.09521865844727,-1.54505777359009,K,15
OUTPUT,NaN,NaN,NaN,NaN,NaN,NaN

INPUT,0.384509116411209,0.0403025448322296,0.776763021945953,-2.60960388183594,3.09227013587952,-1.50712811946869,K,16
OUTPUT,NaN,NaN,NaN,NaN,NaN,NaN

INPUT,0.387937188148499,0.0406039729714394,0.784627079963684,-2.63777756690979,3.09002327919006,-1.47769582271576,K,17
OUTPUT,NaN,NaN,NaN,NaN,NaN,NaN

INPUT,0.390385806560516,0.0408192798495293,0.790244221687317,-2.65793490409851,3.08844447135925,-1.45670425891876,K,18
OUTPUT,NaN,NaN,NaN,NaN,NaN,NaN

INPUT,0.391855001449585,0.040948461741209,0.793614506721497,-2.67004132270813,3.08750796318054,-1.44412040710449,K,19
OUTPUT,NaN,NaN,NaN,NaN,NaN,NaN

INPUT,0.39234471321106,0.040991522371769,0.794737935066223,-2.67407870292664,3.08719754219055,-1.43992757797241,K,20
OUTPUT,NaN,NaN,NaN,NaN,NaN,NaN

INPUT,0.370152682065964,0.0383291691541672,0.731082141399384,-2.2607569694519,3.13163876533508,-1.84068429470062,K,5
OUTPUT,NaN,NaN,NaN,NaN,NaN,NaN

INPUT,0.378426045179367,0.03898049518466,0.746760785579681,-2.26989269256592,3.13038563728333,-1.77541279792786,K,6
OUTPUT,NaN,NaN,NaN,NaN,NaN,NaN

INPUT,0.384860843420029,0.0394870825111866,0.758955240249634,-2.28095436096191,3.12941861152649,-1.72873342037201,K,7
OUTPUT,NaN,NaN,NaN,NaN,NaN,NaN

INPUT,0.389457166194916,0.0398489311337471,0.76766562461853,-2.2904589176178,3.12873435020447,-1.69712328910828,K,8
OUTPUT,NaN,NaN,NaN,NaN,NaN,NaN

INPUT,0.392214953899384,0.0400660373270512,0.772891819477081,-2.2966902256012,3.1283266544342,-1.67875385284424,K,9
OUTPUT,NaN,NaN,NaN,NaN,NaN,NaN

INPUT,0.370832115411758,0.0434995032846928,0.716225385665894,-2.32402157783508,3.06753468513489,-1.6504420042038,K,4
OUTPUT,NaN,NaN,NaN,NaN,NaN,NaN

INPUT,0.380557656288147,0.0454062037169933,0.731595158576965,-2.39176368713379,3.05370950698853,-1.57310044765472,K,5
OUTPUT,NaN,NaN,NaN,NaN,NaN,NaN

INPUT,0.390283167362213,0.0473129041492939,0.746964931488037,-2.46083736419678,3.04034471511841,-1.49700391292572,K,6
OUTPUT,NaN,NaN,NaN,NaN,NaN,NaN

INPUT,0.397847473621368,0.0487958900630474,0.758919239044189,-2.51516723632813,3.03031396865845,-1.43835771083832,K,7
OUTPUT,NaN,NaN,NaN,NaN,NaN,NaN

INPUT,0.40325054526329,0.0498551689088345,0.767458021640778,-2.55421423912048,3.02336406707764,-1.39666950702667,K,8
OUTPUT,NaN,NaN,NaN,NaN,NaN,NaN

INPUT,0.406492382287979,0.0504907369613647,0.772581279277802,-2.57772159576416,3.01928567886353,-1.37171995639801,K,9
OUTPUT,NaN,NaN,NaN,NaN,NaN,NaN

INPUT,0.369144141674042,0.0385765582323074,0.731250882148743,-2.48800539970398,3.10258936882019,-1.660031914711,K,5
OUTPUT,NaN,NaN,NaN,NaN,NaN,NaN

INPUT,0.377146899700165,0.039269533008337,0.746916890144348,-2.55362105369568,3.09683060646057,-1.57944011688232,K,6
OUTPUT,NaN,NaN,NaN,NaN,NaN,NaN

INPUT,0.383371263742447,0.0398085117340088,0.759101510047913,-2.6058554649353,3.09251379966736,-1.51794540882111,K,7
OUTPUT,NaN,NaN,NaN,NaN,NaN,NaN

INPUT,0.387817233800888,0.0401934944093227,0.767804861068726,-2.64363265037537,3.08952641487122,-1.47448003292084,K,8
OUTPUT,NaN,NaN,NaN,NaN,NaN,NaN

INPUT,0.390484839677811,0.0404244847595692,0.773026883602142,-2.66645050048828,3.08777451515198,-1.44854927062988,K,9
OUTPUT,NaN,NaN,NaN,NaN,NaN,NaN

INPUT,0.361114799976349,0.0298985559493303,0.737379908561707,0.704188823699951,3.09371852874756,1.37949335575104,K,5
OUTPUT,NaN,NaN,NaN,NaN,NaN,NaN

INPUT,0.366804122924805,0.029204998165369,0.751129031181335,0.647326767444611,3.08654379844666,1.42604875564575,K,6
OUTPUT,NaN,NaN,NaN,NaN,NaN,NaN

INPUT,0.37122917175293,0.028665566816926,0.761822819709778,0.604120850563049,3.08108735084534,1.46293818950653,K,7
OUTPUT,NaN,NaN,NaN,NaN,NaN,NaN

INPUT,0.374389916658401,0.0282802563160658,0.769461214542389,0.573764801025391,3.0772716999054,1.48945558071136,K,8
OUTPUT,NaN,NaN,NaN,NaN,NaN,NaN

INPUT,0.37628635764122,0.0280490703880787,0.774044275283813,0.555750668048859,3.07501888275146,1.50538730621338,K,9
OUTPUT,NaN,NaN,NaN,NaN,NaN,NaN

INPUT,0.360641270875931,0.0358532033860683,0.724123954772949,1.06781554222107,3.13287377357483,1.41012477874756,K,4
OUTPUT,NaN,NaN,NaN,NaN,NaN,NaN

INPUT,0.366951048374176,0.0360835939645767,0.737566113471985,0.991570830345154,3.13102006912231,1.39558744430542,K,5
OUTPUT,NaN,NaN,NaN,NaN,NaN,NaN

INPUT,0.373260855674744,0.0363139882683754,0.751008212566376,0.928886353969574,3.12916135787964,1.39461100101471,K,6
OUTPUT,NaN,NaN,NaN,NaN,NaN,NaN

INPUT,0.37816846370697,0.036493182182312,0.761463224887848,0.886089861392975,3.12771940231323,1.39973485469818,K,7
OUTPUT,NaN,NaN,NaN,NaN,NaN,NaN

INPUT,0.3816739320755,0.0366211757063866,0.768931031227112,0.857810080051422,3.12669372558594,1.40561044216156,K,8
OUTPUT,NaN,NaN,NaN,NaN,NaN,NaN

INPUT,0.383777171373367,0.0366979725658894,0.773411750793457,0.841582834720612,3.12608098983765,1.40983760356903,K,9
OUTPUT,NaN,NaN,NaN,NaN,NaN,NaN

INPUT,0.358814537525177,0.0339741446077824,0.73803436756134,0.496273815631866,3.11277842521667,1.39102792739868,K,5
OUTPUT,NaN,NaN,NaN,NaN,NaN,NaN

INPUT,0.364100754261017,0.0338780544698238,0.751853346824646,0.423421680927277,3.10836911201477,1.4546309709549,K,6
OUTPUT,NaN,NaN,NaN,NaN,NaN,NaN

INPUT,0.368212252855301,0.0338033214211464,0.762601435184479,0.3675157725811,3.10504508018494,1.50486350059509,K,7
OUTPUT,NaN,NaN,NaN,NaN,NaN,NaN

INPUT,0.371149033308029,0.0337499380111694,0.770278632640839,0.327874451875687,3.10273313522339,1.54103922843933,K,8
OUTPUT,NaN,NaN,NaN,NaN,NaN,NaN

INPUT,0.372911125421524,0.0337179079651833,0.77488499879837,0.304183602333069,3.10137248039246,1.56284022331238,K,9
OUTPUT,NaN,NaN,NaN,NaN,NaN,NaN

INPUT,0.353615164756775,0.0262022335082293,0.742729067802429,0.675938904285431,3.04675960540771,1.43830811977386,K,5
OUTPUT,NaN,NaN,NaN,NaN,NaN,NaN

INPUT,0.357316821813583,0.0251554436981678,0.754176557064056,0.622350037097931,3.03520369529724,1.48432993888855,K,6
OUTPUT,NaN,NaN,NaN,NaN,NaN,NaN

INPUT,0.360195875167847,0.0243412759155035,0.76308012008667,0.581336975097656,3.02643132209778,1.52051472663879,K,7
OUTPUT,NaN,NaN,NaN,NaN,NaN,NaN

INPUT,0.362252354621887,0.0237597264349461,0.769439816474915,0.552405893802643,3.02030372619629,1.54643702507019,K,8
OUTPUT,NaN,NaN,NaN,NaN,NaN,NaN

INPUT,0.363486230373383,0.0234107952564955,0.77325564622879,0.535198628902435,3.01668834686279,1.56198787689209,K,9
OUTPUT,NaN,NaN,NaN,NaN,NaN,NaN

INPUT,0.366182029247284,0.0454766228795052,0.721308588981628,-2.15729022026062,3.06795573234558,-1.65502071380615,K,11
OUTPUT,NaN,NaN,NaN,NaN,NaN,NaN

INPUT,0.371768563985825,0.0467599369585514,0.732481420040131,-2.18623089790344,3.05957579612732,-1.62481594085693,K,12
OUTPUT,NaN,NaN,NaN,NaN,NaN,NaN

INPUT,0.377355068922043,0.0480432510375977,0.743654251098633,-2.21529841423035,3.05126738548279,-1.59471786022186,K,13
OUTPUT,NaN,NaN,NaN,NaN,NaN,NaN

INPUT,0.382941603660583,0.0493265651166439,0.75482714176178,-2.2444634437561,3.04303789138794,-1.56469523906708,K,14
OUTPUT,NaN,NaN,NaN,NaN,NaN,NaN

INPUT,0.388528108596802,0.0506098791956902,0.765999972820282,-2.27370619773865,3.03489470481873,-1.53472626209259,K,15
OUTPUT,NaN,NaN,NaN,NaN,NaN,NaN

INPUT,0.393555998802185,0.051764864474535,0.776055514812469,-2.3000795841217,3.02764534950256,-1.5077873468399,K,16
OUTPUT,NaN,NaN,NaN,NaN,NaN,NaN

INPUT,0.397466570138931,0.0526631847023964,0.783876538276672,-2.32062339782715,3.0220627784729,-1.48685097694397,K,17
OUTPUT,NaN,NaN,NaN,NaN,NaN,NaN

INPUT,0.40025982260704,0.0533048398792744,0.789462924003601,-2.33531260490417,3.01810622215271,-1.47190296649933,K,18
OUTPUT,NaN,NaN,NaN,NaN,NaN,NaN

INPUT,0.401935786008835,0.0536898337304592,0.792814791202545,-2.34413170814514,3.01574540138245,-1.46293640136719,K,19
OUTPUT,NaN,NaN,NaN,NaN,NaN,NaN

INPUT,0.402494430541992,0.0538181662559509,0.79393208026886,-2.34707236289978,3.01496052742004,-1.45994782447815,K,20
OUTPUT,NaN,NaN,NaN,NaN,NaN,NaN

INPUT,0.360738426446915,0.0342194214463234,0.734151482582092,3.13932776451111,3.14126253128052,-2.43369269371033,K,12
OUTPUT,NaN,NaN,NaN,NaN,NaN,NaN

INPUT,0.365143835544586,0.0341865420341492,0.745512247085571,3.06813979148865,3.14133334159851,-2.43014764785767,K,13
OUTPUT,NaN,NaN,NaN,NaN,NaN,NaN

INPUT,0.369549185037613,0.0341536663472652,0.75687301158905,2.97156429290771,3.1414041519165,-2.45199012756348,K,14
OUTPUT,NaN,NaN,NaN,NaN,NaN,NaN

INPUT,0.373954594135284,0.0341207906603813,0.768233776092529,2.80507922172546,3.14147353172302,-2.54374217987061,K,15
OUTPUT,NaN,NaN,NaN,NaN,NaN,NaN

INPUT,0.377919435501099,0.0340912006795406,0.778458416461945,2.41046953201294,3.14153075218201,-2.87109184265137,K,16
OUTPUT,NaN,NaN,NaN,NaN,NaN,NaN

INPUT,0.381003201007843,0.0340681858360767,0.786410927772522,1.43157565593719,3.14155244827271,2.48551273345947,K,17
OUTPUT,NaN,NaN,NaN,NaN,NaN,NaN

INPUT,0.383205890655518,0.0340517461299896,0.792091310024261,0.717967748641968,3.14153647422791,1.80927121639252,K,18
OUTPUT,NaN,NaN,NaN,NaN,NaN,NaN

INPUT,0.384527504444122,0.0340418852865696,0.795499563217163,0.494226336479187,3.14151954650879,1.60794973373413,K,19
OUTPUT,NaN,NaN,NaN,NaN,NaN,NaN

INPUT,0.384968042373657,0.0340385958552361,0.796635627746582,0.440580636262894,3.14151334762573,1.56177735328674,K,20
OUTPUT,NaN,NaN,NaN,NaN,NaN,NaN

INPUT,0.349733680486679,0.029341496527195,0.743303596973419,0.529653310775757,3.05788898468018,1.27401924133301,K,13
OUTPUT,NaN,NaN,NaN,NaN,NaN,NaN

INPUT,0.352671205997467,0.0288472902029753,0.754454076290131,0.493706285953522,3.05025815963745,1.30903875827789,K,14
OUTPUT,NaN,NaN,NaN,NaN,NaN,NaN

INPUT,0.355608761310577,0.0283530820161104,0.765604496002197,0.457817912101746,3.04274225234985,1.34414160251617,K,15
OUTPUT,NaN,NaN,NaN,NaN,NaN,NaN

INPUT,0.35825252532959,0.0279082972556353,0.775639891624451,0.425554603338242,3.03608393669128,1.3757928609848,K,16
OUTPUT,NaN,NaN,NaN,NaN,NaN,NaN

INPUT,0.360308796167374,0.0275623518973589,0.783445239067078,0.400478631258011,3.03097915649414,1.40044331550598,K,17
OUTPUT,NaN,NaN,NaN,NaN,NaN,NaN

INPUT,0.361777573823929,0.0273152478039265,0.789020478725433,0.382574528455734,3.02737474441528,1.41806674003601,K,18
OUTPUT,NaN,NaN,NaN,NaN,NaN,NaN

INPUT,0.362658828496933,0.0271669868379831,0.792365550994873,0.371834456920624,3.02522897720337,1.42864656448364,K,19
OUTPUT,NaN,NaN,NaN,NaN,NaN,NaN

INPUT,0.362952589988708,0.0271175652742386,0.793480634689331,0.368254750967026,3.02451682090759,1.43217420578003,K,20
OUTPUT,NaN,NaN,NaN,NaN,NaN,NaN

INPUT,0.366665035486221,0.0443430878221989,0.715750932693481,-2.15744853019714,3.06732225418091,-1.66977107524872,K,4
OUTPUT,NaN,NaN,NaN,NaN,NaN,NaN

INPUT,0.375680834054947,0.0463741235435009,0.731194257736206,-2.20665121078491,3.05302214622498,-1.61284244060516,K,5
OUTPUT,NaN,NaN,NaN,NaN,NaN,NaN

INPUT,0.384696632623672,0.0484051592648029,0.746637523174286,-2.25695395469666,3.03896999359131,-1.55694711208344,K,6
OUTPUT,NaN,NaN,NaN,NaN,NaN,NaN

INPUT,0.391708940267563,0.0499848499894142,0.758648931980133,-2.29639220237732,3.02828788757324,-1.51412308216095,K,7
OUTPUT,NaN,NaN,NaN,NaN,NaN,NaN

INPUT,0.396717727184296,0.0511132031679153,0.767228543758392,-2.32457637786865,3.02082180976868,-1.48389661312103,K,8
OUTPUT,NaN,NaN,NaN,NaN,NaN,NaN

INPUT,0.399722993373871,0.051790215075016,0.772376298904419,-2.34145498275757,3.01641607284546,-1.4659149646759,K,9
OUTPUT,NaN,NaN,NaN,NaN,NaN,NaN

INPUT,0.361300855875015,0.034283597022295,0.725703239440918,-2.99923157691956,3.14020586013794,-2.33204960823059,K,4
OUTPUT,NaN,NaN,NaN,NaN,NaN,NaN

INPUT,0.367566078901291,0.0342189222574234,0.739185333251953,-3.06987428665161,3.14058709144592,-2.28251194953918,K,5
OUTPUT,NaN,NaN,NaN,NaN,NaN,NaN

INPUT,0.373831301927567,0.0341542512178421,0.752667486667633,3.12964630126953,3.14097189903259,-2.24599647521973,K,6
OUTPUT,NaN,NaN,NaN,NaN,NaN,NaN

INPUT,0.378704249858856,0.034103948622942,0.763153553009033,3.02538776397705,3.1412718296051,-2.25678133964539,K,7
OUTPUT,NaN,NaN,NaN,NaN,NaN,NaN

INPUT,0.38218492269516,0.0340680181980133,0.770643591880798,2.75736522674561,3.14148306846619,-2.45803689956665,K,8
OUTPUT,NaN,NaN,NaN,NaN,NaN,NaN

INPUT,0.3842733502388,0.0340464599430561,0.775137662887573,0.909367978572845,3.14154648780823,2.01721119880676,K,9
OUTPUT,NaN,NaN,NaN,NaN,NaN,NaN

INPUT,0.354474008083344,0.0296735651791096,0.74202698469162,0.515096545219421,3.05403852462769,1.29639935493469,K,5
OUTPUT,NaN,NaN,NaN,NaN,NaN,NaN

INPUT,0.35831093788147,0.0290561616420746,0.753399610519409,0.461562186479568,3.04311561584473,1.34515619277954,K,6
OUTPUT,NaN,NaN,NaN,NaN,NaN,NaN

INPUT,0.361295193433762,0.0285759605467319,0.762244999408722,0.420418262481689,3.03483200073242,1.38326501846313,K,7
OUTPUT,NaN,NaN,NaN,NaN,NaN,NaN

INPUT,0.363426834344864,0.0282329581677914,0.768563151359558,0.39132833480835,3.02905082702637,1.4104688167572,K,8
OUTPUT,NaN,NaN,NaN,NaN,NaN,NaN

INPUT,0.364705801010132,0.028027156367898,0.772354006767273,0.374005764722824,3.02564239501953,1.42675447463989,K,9
OUTPUT,NaN,NaN,NaN,NaN,NaN,NaN

INPUT,0.362978428602219,0.037736963480711,0.722098767757416,-2.53075218200684,3.10014748573303,-1.74522948265076,K,11
OUTPUT,NaN,NaN,NaN,NaN,NaN,NaN

INPUT,0.36816480755806,0.0381140559911728,0.733379006385803,-2.57554006576538,3.09567141532898,-1.69759607315063,K,12
OUTPUT,NaN,NaN,NaN,NaN,NaN,NaN

INPUT,0.373351216316223,0.0384911485016346,0.744659185409546,-2.62058329582214,3.09129309654236,-1.6502081155777,K,13
OUTPUT,NaN,NaN,NaN,NaN,NaN,NaN

INPUT,0.378537625074387,0.0388682447373867,0.755939364433289,-2.66581702232361,3.08702230453491,-1.6030011177063,K,14
OUTPUT,NaN,NaN,NaN,NaN,NaN,NaN

INPUT,0.383724004030228,0.0392453372478485,0.767219543457031,-2.71119785308838,3.08286786079407,-1.55593037605286,K,15
OUTPUT,NaN,NaN,NaN,NaN,NaN,NaN

INPUT,0.388391762971878,0.0395847223699093,0.777371764183044,-2.75214028358459,3.07923579216003,-1.51365661621094,K,16
OUTPUT,NaN,NaN,NaN,NaN,NaN,NaN

INPUT,0.392022252082825,0.0398486889898777,0.785267889499664,-2.78403806686401,3.07648491859436,-1.48082482814789,K,17
OUTPUT,NaN,NaN,NaN,NaN,NaN,NaN

INPUT,0.394615441560745,0.0400372371077538,0.790907979011536,-2.80684733390808,3.07456183433533,-1.45739483833313,K,18
OUTPUT,NaN,NaN,NaN,NaN,NaN,NaN

INPUT,0.396171361207962,0.0401503629982471,0.794292032718658,-2.8205418586731,3.07342481613159,-1.44334447383881,K,19
OUTPUT,NaN,NaN,NaN,NaN,NaN,NaN

INPUT,0.396690011024475,0.0401880741119385,0.795420050621033,-2.82510805130005,3.07304883003235,-1.43866229057312,K,20
OUTPUT,NaN,NaN,NaN,NaN,NaN,NaN

INPUT,0.375087767839432,0.0408172905445099,0.719665169715881,-2.47279906272888,3.04125499725342,-1.7890397310257,K,11
OUTPUT,NaN,NaN,NaN,NaN,NaN,NaN

INPUT,0.381700038909912,0.0415569357573986,0.73065721988678,-2.51254653930664,3.03009390830994,-1.74821221828461,K,12
OUTPUT,NaN,NaN,NaN,NaN,NaN,NaN

INPUT,0.38831228017807,0.042296577244997,0.741649270057678,-2.55241632461548,3.01911354064941,-1.70745754241943,K,13
OUTPUT,NaN,NaN,NaN,NaN,NaN,NaN

INPUT,0.394924521446228,0.0430362224578857,0.752641320228577,-2.59238529205322,3.00833201408386,-1.666748046875,K,14
OUTPUT,NaN,NaN,NaN,NaN,NaN,NaN

INPUT,0.401536762714386,0.0437758639454842,0.763633370399475,-2.63243794441223,2.99776649475098,-1.62606453895569,K,15
OUTPUT,NaN,NaN,NaN,NaN,NaN,NaN

INPUT,0.407487809658051,0.0444415472447872,0.773526251316071,-2.66854786872864,2.9884569644928,-1.5894603729248,K,16
OUTPUT,NaN,NaN,NaN,NaN,NaN,NaN

INPUT,0.412116378545761,0.044959295541048,0.781220674514771,-2.69667077064514,2.98135495185852,-1.56099236011505,K,17
OUTPUT,NaN,NaN,NaN,NaN,NaN,NaN

INPUT,0.41542249917984,0.0453291162848473,0.786716759204865,-2.71677732467651,2.97636008262634,-1.5406574010849,K,18
OUTPUT,NaN,NaN,NaN,NaN,NaN,NaN

INPUT,0.417406171560287,0.0455510094761848,0.790014326572418,-2.72884845733643,2.97339534759521,-1.52845561504364,K,19
OUTPUT,NaN,NaN,NaN,NaN,NaN,NaN

INPUT,0.418067395687103,0.0456249751150608,0.791113555431366,-2.73287343978882,2.97241258621216,-1.52438807487488,K,20
OUTPUT,NaN,NaN,NaN,NaN,NaN,NaN

INPUT,0.361079275608063,0.0384530164301395,0.721872866153717,-2.34328436851501,3.11793398857117,-1.91884076595306,K,11
OUTPUT,NaN,NaN,NaN,NaN,NaN,NaN

INPUT,0.366040915250778,0.038913793861866,0.733129322528839,-2.36545062065125,3.11530470848083,-1.89108848571777,K,12
OUTPUT,NaN,NaN,NaN,NaN,NaN,NaN

INPUT,0.371002554893494,0.0393745750188828,0.744385778903961,-2.38812446594238,3.1126914024353,-1.86384201049805,K,13
OUTPUT,NaN,NaN,NaN,NaN,NaN,NaN

INPUT,0.375964194536209,0.0398353524506092,0.755642175674438,-2.41117715835571,3.1100959777832,-1.83697271347046,K,14
OUTPUT,NaN,NaN,NaN,NaN,NaN,NaN

INPUT,0.380925834178925,0.0402961298823357,0.766898572444916,-2.43452048301697,3.10752010345459,-1.81039190292358,K,15
OUTPUT,NaN,NaN,NaN,NaN,NaN,NaN

INPUT,0.385391294956207,0.0407108291983604,0.777029395103455,-2.45572566986084,3.10521984100342,-1.78666353225708,K,16
OUTPUT,NaN,NaN,NaN,NaN,NaN,NaN

INPUT,0.388864457607269,0.0410333760082722,0.784908890724182,-2.47232413291931,3.10344338417053,-1.76831233501434,K,17
OUTPUT,NaN,NaN,NaN,NaN,NaN,NaN

INPUT,0.391345262527466,0.0412637628614902,0.790537059307098,-2.48422884941101,3.10218167304993,-1.75525212287903,K,18
OUTPUT,NaN,NaN,NaN,NaN,NaN,NaN

INPUT,0.392833769321442,0.0414019972085953,0.793914020061493,-2.49138903617859,3.10142755508423,-1.74743330478668,K,19
OUTPUT,NaN,NaN,NaN,NaN,NaN,NaN

INPUT,0.393329918384552,0.041448075324297,0.795039653778076,-2.49377870559692,3.10117650032043,-1.74482977390289,K,20
OUTPUT,NaN,NaN,NaN,NaN,NaN,NaN

INPUT,0.352837532758713,0.0285722631961107,0.733028709888458,0.748957097530365,3.09678554534912,1.36652565002441,K,12
OUTPUT,NaN,NaN,NaN,NaN,NaN,NaN

INPUT,0.356410652399063,0.0279446691274643,0.744272828102112,0.715129554271698,3.09215664863586,1.39771056175232,K,13
OUTPUT,NaN,NaN,NaN,NaN,NaN,NaN

INPUT,0.359983772039413,0.0273170750588179,0.755516827106476,0.681523442268372,3.08757996559143,1.42912411689758,K,14
OUTPUT,NaN,NaN,NaN,NaN,NaN,NaN

INPUT,0.363556891679764,0.0266894809901714,0.766760945320129,0.648083686828613,3.08306002616882,1.46071219444275,K,15
OUTPUT,NaN,NaN,NaN,NaN,NaN,NaN

INPUT,0.366772711277008,0.0261246468871832,0.776880621910095,0.618097841739655,3.07904505729675,1.48925876617432,K,16
OUTPUT,NaN,NaN,NaN,NaN,NaN,NaN

INPUT,0.369273871183395,0.0256853308528662,0.784751415252686,0.594833552837372,3.07595896720886,1.51152455806732,K,17
OUTPUT,NaN,NaN,NaN,NaN,NaN,NaN

INPUT,0.371060431003571,0.0253715347498655,0.79037344455719,0.578242421150208,3.07377552986145,1.5274578332901,K,18
OUTPUT,NaN,NaN,NaN,NaN,NaN,NaN

INPUT,0.372132390737534,0.0251832567155361,0.793746709823608,0.568297207355499,3.07247400283813,1.5370284318924,K,19
OUTPUT,NaN,NaN,NaN,NaN,NaN,NaN

INPUT,0.37248969078064,0.0251204967498779,0.794871091842651,0.564983606338501,3.07204151153564,1.54022014141083,K,20
OUTPUT,NaN,NaN,NaN,NaN,NaN,NaN

INPUT,0.37042111158371,0.0334646925330162,0.721003234386444,-2.70936799049377,3.06198906898499,-1.75463712215424,K,11
OUTPUT,NaN,NaN,NaN,NaN,NaN,NaN

INPUT,0.376484274864197,0.0333393253386021,0.732152760028839,-2.76500272750854,3.05357956886292,-1.69783902168274,K,12
OUTPUT,NaN,NaN,NaN,NaN,NaN,NaN

INPUT,0.382547408342361,0.0332139581441879,0.743302285671234,-2.82075786590576,3.04544806480408,-1.64112043380737,K,13
OUTPUT,NaN,NaN,NaN,NaN,NaN,NaN

INPUT,0.388610541820526,0.0330885872244835,0.754451811313629,-2.87660837173462,3.03761982917786,-1.58445417881012,K,14
OUTPUT,NaN,NaN,NaN,NaN,NaN,NaN

INPUT,0.394673675298691,0.0329632200300694,0.765601336956024,-2.93253755569458,3.03012037277222,-1.52782166004181,K,15
OUTPUT,NaN,NaN,NaN,NaN,NaN,NaN

INPUT,0.4001305103302,0.0328503884375095,0.775635898113251,-2.9829306602478,3.0236713886261,-1.47686994075775,K,16
OUTPUT,NaN,NaN,NaN,NaN,NaN,NaN

INPUT,0.404374688863754,0.0327626317739487,0.783440589904785,-3.02215838432312,3.01886367797852,-1.43724775314331,K,17
OUTPUT,NaN,NaN,NaN,NaN,NaN,NaN

INPUT,0.407406270503998,0.0326999463140965,0.789015352725983,-3.05019402503967,3.01554560661316,-1.40894818305969,K,18
OUTPUT,NaN,NaN,NaN,NaN,NaN,NaN

INPUT,0.409225195646286,0.0326623357832432,0.792360186576843,-3.06702160835266,3.01360249519348,-1.39196908473969,K,19
OUTPUT,NaN,NaN,NaN,NaN,NaN,NaN

INPUT,0.409831523895264,0.0326498001813889,0.793475151062012,-3.07263159751892,3.01296281814575,-1.38630926609039,K,20
OUTPUT,NaN,NaN,NaN,NaN,NaN,NaN

INPUT,0.371992111206055,0.0380580350756645,0.731902480125427,-2.61046481132507,3.09223818778992,-1.68043196201324,K,5
OUTPUT,NaN,NaN,NaN,NaN,NaN,NaN

INPUT,0.380414724349976,0.0386713743209839,0.747585773468018,-2.68664813041687,3.08498120307922,-1.59233605861664,K,6
OUTPUT,NaN,NaN,NaN,NaN,NaN,NaN

INPUT,0.38696563243866,0.0391484163701534,0.759783804416656,-2.74685549736023,3.07959747314453,-1.52474844455719,K,7
OUTPUT,NaN,NaN,NaN,NaN,NaN,NaN

INPUT,0.391644865274429,0.0394891612231731,0.768496692180634,-2.7902307510376,3.07590508460999,-1.47682869434357,K,8
OUTPUT,NaN,NaN,NaN,NaN,NaN,NaN

INPUT,0.394452393054962,0.0396936051547527,0.773724436759949,-2.8163754940033,3.07375454902649,-1.44819128513336,K,9
OUTPUT,NaN,NaN,NaN,NaN,NaN,NaN

INPUT,0.37281721830368,0.0462639108300209,0.722257435321808,-2.26989507675171,3.05745053291321,-1.75339984893799,K,11
OUTPUT,NaN,NaN,NaN,NaN,NaN,NaN

INPUT,0.379161983728409,0.0476440601050854,0.733555436134338,-2.29951977729797,3.04790163040161,-1.72219944000244,K,12
OUTPUT,NaN,NaN,NaN,NaN,NaN,NaN

INPUT,0.385506749153137,0.0490242093801498,0.744853436946869,-2.32930278778076,3.03843903541565,-1.69113075733185,K,13
OUTPUT,NaN,NaN,NaN,NaN,NaN,NaN

INPUT,0.391851514577866,0.050404354929924,0.756151378154755,-2.35920834541321,3.02907156944275,-1.66015470027924,K,14
OUTPUT,NaN,NaN,NaN,NaN,NaN,NaN

INPUT,0.398196280002594,0.0517845042049885,0.767449378967285,-2.38921141624451,3.0198085308075,-1.62924444675446,K,15
OUTPUT,NaN,NaN,NaN,NaN,NaN,NaN

INPUT,0.403906583786011,0.0530266389250755,0.777617573738098,-2.41628384590149,3.01156783103943,-1.60146546363831,K,16
OUTPUT,NaN,NaN,NaN,NaN,NaN,NaN

INPUT,0.408347904682159,0.0539927408099174,0.785526156425476,-2.43737959861755,3.00522541999817,-1.57987892627716,K,17
OUTPUT,NaN,NaN,NaN,NaN,NaN,NaN

INPUT,0.411520302295685,0.0546828173100948,0.791175127029419,-2.45246696472168,3.00073289871216,-1.56446778774261,K,18
OUTPUT,NaN,NaN,NaN,NaN,NaN,NaN

INPUT,0.413423717021942,0.0550968609750271,0.794564545154572,-2.46152663230896,2.99805307388306,-1.5552237033844,K,19
OUTPUT,NaN,NaN,NaN,NaN,NaN,NaN

INPUT,0.414058208465576,0.0552348755300045,0.795694351196289,-2.46454763412476,2.99716234207153,-1.55214262008667,K,20
OUTPUT,NaN,NaN,NaN,NaN,NaN,NaN

INPUT,0.375368058681488,0.0398732908070087,0.715071797370911,-2.46491742134094,3.04098415374756,-1.7998788356781,K,4
OUTPUT,NaN,NaN,NaN,NaN,NaN,NaN

INPUT,0.385852873325348,0.0410415269434452,0.729981958866119,-2.53529953956604,3.02189874649048,-1.72664642333984,K,5
OUTPUT,NaN,NaN,NaN,NaN,NaN,NaN

INPUT,0.396337658166885,0.0422097630798817,0.744892120361328,-2.60614943504333,3.00342917442322,-1.65372025966644,K,6
OUTPUT,NaN,NaN,NaN,NaN,NaN,NaN

INPUT,0.404492497444153,0.0431183874607086,0.756488919258118,-2.66148781776428,2.98955154418945,-1.59710955619812,K,7
OUTPUT,NaN,NaN,NaN,NaN,NaN,NaN

INPUT,0.410317361354828,0.0437674075365067,0.764772355556488,-2.70111680030823,2.97992706298828,-1.55670344829559,K,8
OUTPUT,NaN,NaN,NaN,NaN,NaN,NaN

INPUT,0.413812309503555,0.0441568195819855,0.769742369651794,-2.72493004798889,2.97427535057068,-1.53246641159058,K,9
OUTPUT,NaN,NaN,NaN,NaN,NaN,NaN

INPUT,0.369976997375488,0.0388991795480251,0.731433987617493,-2.38883280754089,3.11297035217285,-1.88635540008545,K,5
OUTPUT,NaN,NaN,NaN,NaN,NaN,NaN

INPUT,0.378152072429657,0.0396412312984467,0.747137904167175,-2.4252610206604,3.10864758491516,-1.83366584777832,K,6
OUTPUT,NaN,NaN,NaN,NaN,NaN,NaN

INPUT,0.384510457515717,0.0402183793485165,0.759352087974548,-2.45482969284058,3.10533952713013,-1.79414284229279,K,7
OUTPUT,NaN,NaN,NaN,NaN,NaN,NaN

INPUT,0.389052152633667,0.0406306311488152,0.768076479434967,-2.47637295722961,3.10301303863525,-1.76655399799347,K,8
OUTPUT,NaN,NaN,NaN,NaN,NaN,NaN

INPUT,0.391777187585831,0.0408779829740524,0.773311138153076,-2.48941612243652,3.10163354873657,-1.75023305416107,K,9
OUTPUT,NaN,NaN,NaN,NaN,NaN,NaN

INPUT,0.370776355266571,0.0332851186394691,0.715914487838745,-2.70946002006531,3.06240105628967,-1.77906548976898,K,4
OUTPUT,NaN,NaN,NaN,NaN,NaN,NaN

INPUT,0.380436986684799,0.0330701544880867,0.731194853782654,-2.80391979217529,3.04790854454041,-1.67361509799957,K,5
OUTPUT,NaN,NaN,NaN,NaN,NaN,NaN

INPUT,0.390097618103027,0.032855186611414,0.746475279331207,-2.89988160133362,3.03434824943542,-1.56953549385071,K,6
OUTPUT,NaN,NaN,NaN,NaN,NaN,NaN

INPUT,0.39761146903038,0.0326879881322384,0.758360028266907,-2.97519493103027,3.02453422546387,-1.48916471004486,K,7
OUTPUT,NaN,NaN,NaN,NaN,NaN,NaN

INPUT,0.402978479862213,0.0325685627758503,0.766849100589752,-3.02925515174866,3.01795363426208,-1.431969165802,K,8
OUTPUT,NaN,NaN,NaN,NaN,NaN,NaN

INPUT,0.406198710203171,0.0324969068169594,0.771942555904388,-3.0617778301239,3.01418709754944,-1.39771723747253,K,9
OUTPUT,NaN,NaN,NaN,NaN,NaN,NaN

INPUT,0.35873955488205,0.0284119062125683,0.736750483512878,0.721285939216614,3.09207630157471,1.4066436290741,K,5
OUTPUT,NaN,NaN,NaN,NaN,NaN,NaN

INPUT,0.364112228155136,0.0274948943406343,0.750491321086884,0.663751542568207,3.08467769622803,1.45408880710602,K,6
OUTPUT,NaN,NaN,NaN,NaN,NaN,NaN

INPUT,0.368290960788727,0.0267816632986069,0.761178612709045,0.620010614395142,3.07905530929565,1.49164307117462,K,7
OUTPUT,NaN,NaN,NaN,NaN,NaN,NaN

INPUT,0.371275752782822,0.0262722130864859,0.768812417984009,0.589272320270538,3.07512617111206,1.51862013339996,K,8
OUTPUT,NaN,NaN,NaN,NaN,NaN,NaN

INPUT,0.373066633939743,0.0259665437042713,0.773392677307129,0.571030497550964,3.0728075504303,1.53482127189636,K,9
OUTPUT,NaN,NaN,NaN,NaN,NaN,NaN

INPUT,0.373501271009445,0.0450289770960808,0.71762478351593,-2.2631311416626,3.05659985542297,-1.76201975345612,K,4
OUTPUT,NaN,NaN,NaN,NaN,NaN,NaN

INPUT,0.3836430311203,0.0472531691193581,0.733051240444183,-2.3161563873291,3.04033303260803,-1.70576429367065,K,5
OUTPUT,NaN,NaN,NaN,NaN,NaN,NaN

INPUT,0.393784791231155,0.049477357417345,0.748477697372437,-2.36966991424561,3.02436804771423,-1.64990794658661,K,6
OUTPUT,NaN,NaN,NaN,NaN,NaN,NaN

INPUT,0.401672810316086,0.0512072816491127,0.760476112365723,-2.41131472587585,3.0122504234314,-1.60684287548065,K,7
OUTPUT,NaN,NaN,NaN,NaN,NaN,NaN

INPUT,0.407307118177414,0.052442941814661,0.769046366214752,-2.44095253944397,3.00379347801208,-1.57634794712067,K,8
OUTPUT,NaN,NaN,NaN,NaN,NaN,NaN

INPUT,0.41068771481514,0.05318433791399,0.77418851852417,-2.458660364151,2.99880838394165,-1.55817675590515,K,9
OUTPUT,NaN,NaN,NaN,NaN,NaN,NaN

INPUT,0.377391010522842,0.0476506538689137,0.717962026596069,-2.35298776626587,2.99408340454102,-1.62553191184998,K,11
OUTPUT,NaN,NaN,NaN,NaN,NaN,NaN

INPUT,0.384273022413254,0.0491938926279545,0.728756248950958,-2.39544773101807,2.97773313522339,-1.58207058906555,K,12
OUTPUT,NaN,NaN,NaN,NaN,NaN,NaN

INPUT,0.391155004501343,0.050737127661705,0.739550471305847,-2.43805480003357,2.96168422698975,-1.53864204883575,K,13
OUTPUT,NaN,NaN,NaN,NaN,NaN,NaN

INPUT,0.398037016391754,0.0522803664207458,0.750344693660736,-2.48079013824463,2.94596695899963,-1.49521839618683,K,14
OUTPUT,NaN,NaN,NaN,NaN,NaN,NaN

INPUT,0.404918998479843,0.0538236014544964,0.761138916015625,-2.52364182472229,2.93061089515686,-1.45177960395813,K,15
OUTPUT,NaN,NaN,NaN,NaN,NaN,NaN

INPUT,0.411112815141678,0.0552125163376331,0.770853757858276,-2.56230115890503,2.91712331771851,-1.41265916824341,K,16
OUTPUT,NaN,NaN,NaN,NaN,NaN,NaN

INPUT,0.415930211544037,0.0562927797436714,0.778409719467163,-2.59242796897888,2.90686511993408,-1.3822101354599,K,17
OUTPUT,NaN,NaN,NaN,NaN,NaN,NaN

INPUT,0.41937118768692,0.0570643991231918,0.783806800842285,-2.61397743225098,2.89966797828674,-1.36044681072235,K,18
OUTPUT,NaN,NaN,NaN,NaN,NaN,NaN

INPUT,0.421435803174973,0.0575273707509041,0.787045061588287,-2.62691903114319,2.89540338516235,-1.34738278388977,K,19
OUTPUT,NaN,NaN,NaN,NaN,NaN,NaN

INPUT,0.422123998403549,0.0576816946268082,0.78812450170517,-2.63123512268066,2.89399099349976,-1.34302711486816,K,20
OUTPUT,NaN,NaN,NaN,NaN,NaN,NaN

INPUT,0.361657351255417,0.0373507663607597,0.72152978181839,-2.27006363868713,3.10142874717712,-1.51382088661194,K,11
OUTPUT,NaN,NaN,NaN,NaN,NaN,NaN

INPUT,0.366689115762711,0.0376825369894505,0.732742190361023,-2.31264019012451,3.09705257415771,-1.46742451190948,K,12
OUTPUT,NaN,NaN,NaN,NaN,NaN,NaN

INPUT,0.371720850467682,0.0380143113434315,0.743954658508301,-2.35556030273438,3.09276461601257,-1.4213627576828,K,13
OUTPUT,NaN,NaN,NaN,NaN,NaN,NaN

INPUT,0.376752614974976,0.0383460819721222,0.755167067050934,-2.39873600006104,3.08857297897339,-1.3755476474762,K,14
OUTPUT,NaN,NaN,NaN,NaN,NaN,NaN

INPUT,0.381784349679947,0.0386778563261032,0.766379475593567,-2.44210767745972,3.08448600769043,-1.32991886138916,K,15
OUTPUT,NaN,NaN,NaN,NaN,NaN,NaN

INPUT,0.386312931776047,0.0389764532446861,0.776470720767975,-2.48127508163452,3.08090424537659,-1.2889769077301,K,16
OUTPUT,NaN,NaN,NaN,NaN,NaN,NaN

INPUT,0.389835149049759,0.0392086915671825,0.784319400787354,-2.51180982589722,3.07818555831909,-1.2571986913681,K,17
OUTPUT,NaN,NaN,NaN,NaN,NaN,NaN

INPUT,0.392351031303406,0.039374578744173,0.789925634860992,-2.5336537361145,3.07628083229065,-1.23452961444855,K,18
OUTPUT,NaN,NaN,NaN,NaN,NaN,NaN

INPUT,0.393860548734665,0.0394741110503674,0.793289363384247,-2.54677176475525,3.07515358924866,-1.22093892097473,K,19
OUTPUT,NaN,NaN,NaN,NaN,NaN,NaN

INPUT,0.394363731145859,0.0395072884857655,0.794410586357117,-2.5511462688446,3.07478046417236,-1.21641027927399,K,20
OUTPUT,NaN,NaN,NaN,NaN,NaN,NaN

INPUT,0.363734394311905,0.0392365083098412,0.720873892307281,-2.64035081863403,3.10747694969177,-1.93128967285156,K,11
OUTPUT,NaN,NaN,NaN,NaN,NaN,NaN

INPUT,0.369010865688324,0.039790216833353,0.732008218765259,-2.68087291717529,3.10376763343811,-1.88839840888977,K,12
OUTPUT,NaN,NaN,NaN,NaN,NaN,NaN

INPUT,0.374287307262421,0.0403439253568649,0.743142545223236,-2.72160792350769,3.10012412071228,-1.84571444988251,K,13
OUTPUT,NaN,NaN,NaN,NaN,NaN,NaN

INPUT,0.379563748836517,0.0408976338803768,0.754276812076569,-2.76250195503235,3.09655261039734,-1.80318331718445,K,14
OUTPUT,NaN,NaN,NaN,NaN,NaN,NaN

INPUT,0.384840220212936,0.0414513424038887,0.765411138534546,-2.80351853370667,3.09305953979492,-1.76076805591583,K,15
OUTPUT,NaN,NaN,NaN,NaN,NaN,NaN

INPUT,0.389589041471481,0.0419496782124043,0.775432050228119,-2.84051656723022,3.0899875164032,-1.72267138957977,K,16
OUTPUT,NaN,NaN,NaN,NaN,NaN,NaN

INPUT,0.393282532691956,0.0423372760415077,0.783226013183594,-2.86933755874634,3.08764839172363,-1.69308137893677,K,17
OUTPUT,NaN,NaN,NaN,NaN,NaN,NaN

INPUT,0.395920783281326,0.0426141284406185,0.788793206214905,-2.88994455337524,3.08600568771362,-1.67196416854858,K,18
OUTPUT,NaN,NaN,NaN,NaN,NaN,NaN

INPUT,0.397503703832626,0.0427802428603172,0.792133510112762,-2.90231657028198,3.08503150939941,-1.65930044651031,K,19
OUTPUT,NaN,NaN,NaN,NaN,NaN,NaN

INPUT,0.3980313539505,0.0428356118500233,0.793246924877167,-2.9064416885376,3.08470869064331,-1.65508031845093,K,20
OUTPUT,NaN,NaN,NaN,NaN,NaN,NaN

INPUT,0.346408426761627,0.0342893786728382,0.733769774436951,0.288743436336517,3.0901243686676,1.22241449356079,K,12
OUTPUT,NaN,NaN,NaN,NaN,NaN,NaN

INPUT,0.349303394556046,0.0342634655535221,0.745094120502472,0.238837495446205,3.08505821228027,1.27082002162933,K,13
OUTPUT,NaN,NaN,NaN,NaN,NaN,NaN

INPUT,0.352198332548141,0.034237552434206,0.756418466567993,0.189046815037727,3.08012866973877,1.31935441493988,K,14
OUTPUT,NaN,NaN,NaN,NaN,NaN,NaN

INPUT,0.35509330034256,0.0342116393148899,0.767742872238159,0.139340683817863,3.07534742355347,1.3679883480072,K,15
OUTPUT,NaN,NaN,NaN,NaN,NaN,NaN

INPUT,0.357698738574982,0.0341883152723312,0.777934789657593,0.0946599468588829,3.07118105888367,1.4118264913559,K,16
OUTPUT,NaN,NaN,NaN,NaN,NaN,NaN

INPUT,0.359725207090378,0.034170176833868,0.785861849784851,0.0599363930523396,3.06803512573242,1.44595992565155,K,17
OUTPUT,NaN,NaN,NaN,NaN,NaN,NaN

INPUT,0.361172705888748,0.03415722027421,0.791524052619934,0.0351462326943874,3.06584119796753,1.47035801410675,K,18
OUTPUT,NaN,NaN,NaN,NaN,NaN,NaN

INPUT,0.362041175365448,0.0341494455933571,0.794921338558197,0.0202765502035618,3.06454682350159,1.48500323295593,K,19
OUTPUT,NaN,NaN,NaN,NaN,NaN,NaN

INPUT,0.362330675125122,0.0341468527913094,0.796053767204285,0.0153206493705511,3.06411910057068,1.48988592624664,K,20
OUTPUT,NaN,NaN,NaN,NaN,NaN,NaN

INPUT,0.361112505197525,0.0306438412517309,0.733119070529938,1.03125381469727,3.13018393516541,1.6394647359848,K,12
OUTPUT,NaN,NaN,NaN,NaN,NaN,NaN

INPUT,0.365557074546814,0.0302347466349602,0.744371175765991,0.992837250232697,3.12896108627319,1.66505014896393,K,13
OUTPUT,NaN,NaN,NaN,NaN,NaN,NaN

INPUT,0.370001673698425,0.0298256501555443,0.755623281002045,0.955548167228699,3.12775087356567,1.69176340103149,K,14
OUTPUT,NaN,NaN,NaN,NaN,NaN,NaN

INPUT,0.374446243047714,0.0294165555387735,0.766875326633453,0.919104993343353,3.12655448913574,1.71932327747345,K,15
OUTPUT,NaN,NaN,NaN,NaN,NaN,NaN

INPUT,0.378446370363235,0.0290483701974154,0.777002215385437,0.886866867542267,3.12549066543579,1.74468839168549,K,16
OUTPUT,NaN,NaN,NaN,NaN,NaN,NaN

INPUT,0.381557583808899,0.0287620034068823,0.784878671169281,0.862089872360229,3.12467217445374,1.76471424102783,K,17
OUTPUT,NaN,NaN,NaN,NaN,NaN,NaN

INPUT,0.383779883384705,0.0285574551671743,0.79050475358963,0.844527423381805,3.12409281730652,1.77915394306183,K,18
OUTPUT,NaN,NaN,NaN,NaN,NaN,NaN

INPUT,0.38511323928833,0.0284347273409367,0.793880343437195,0.834038376808167,3.1237473487854,1.78786623477936,K,19
OUTPUT,NaN,NaN,NaN,NaN,NaN,NaN

INPUT,0.38555771112442,0.0283938180655241,0.795005559921265,0.830549597740173,3.12363243103027,1.79077804088593,K,20
OUTPUT,NaN,NaN,NaN,NaN,NaN,NaN

INPUT,0.356643557548523,0.033746000379324,0.732639133930206,0.379210621118546,3.11601567268372,1.34500539302826,K,12
OUTPUT,NaN,NaN,NaN,NaN,NaN,NaN

INPUT,0.360617101192474,0.0336631387472153,0.74384218454361,0.32668125629425,3.11346936225891,1.39413094520569,K,13
OUTPUT,NaN,NaN,NaN,NaN,NaN,NaN

INPUT,0.364590615034103,0.0335802771151066,0.755045175552368,0.27442929148674,3.11099553108215,1.44353759288788,K,14
OUTPUT,NaN,NaN,NaN,NaN,NaN,NaN

INPUT,0.368564128875732,0.0334974154829979,0.766248226165771,0.222385317087173,3.10860061645508,1.49315595626831,K,15
OUTPUT,NaN,NaN,NaN,NaN,NaN,NaN

INPUT,0.372140288352966,0.033422838896513,0.776331007480621,0.175683468580246,3.10651803016663,1.53795349597931,K,16
OUTPUT,NaN,NaN,NaN,NaN,NaN,NaN

INPUT,0.374921768903732,0.0333648361265659,0.784173130989075,0.139432311058044,3.1049485206604,1.57287085056305,K,17
OUTPUT,NaN,NaN,NaN,NaN,NaN,NaN

INPUT,0.376908510923386,0.0333234034478664,0.789774656295776,0.113571509718895,3.10385584831238,1.59784603118896,K,18
OUTPUT,NaN,NaN,NaN,NaN,NaN,NaN

INPUT,0.378100574016571,0.0332985445857048,0.793135523796082,0.0980667620897293,3.10321187973022,1.61284327507019,K,19
OUTPUT,NaN,NaN,NaN,NaN,NaN,NaN

INPUT,0.378497928380966,0.033290259540081,0.79425585269928,0.0929004549980164,3.10299921035767,1.61784434318542,K,20
OUTPUT,NaN,NaN,NaN,NaN,NaN,NaN

INPUT,0.352058917284012,0.0260374862700701,0.732257544994354,1.0551450252533,3.099276304245,1.47215330600739,K,12
OUTPUT,NaN,NaN,NaN,NaN,NaN,NaN

INPUT,0.355550676584244,0.025143351405859,0.743418991565704,1.03157734870911,3.09482741355896,1.49247550964355,K,13
OUTPUT,NaN,NaN,NaN,NaN,NaN,NaN

INPUT,0.359042406082153,0.0242492184042931,0.75458037853241,1.00828862190247,3.09040093421936,1.51308119297028,K,14
OUTPUT,NaN,NaN,NaN,NaN,NaN,NaN

INPUT,0.362534165382385,0.023355083540082,0.76574182510376,0.985210537910461,3.08599877357483,1.5339024066925,K,15
OUTPUT,NaN,NaN,NaN,NaN,NaN,NaN

INPUT,0.365676730871201,0.0225503630936146,0.775787115097046,0.964580178260803,3.08205986022949,1.55278599262238,K,16
OUTPUT,NaN,NaN,NaN,NaN,NaN,NaN

INPUT,0.368120968341827,0.0219244677573442,0.783600091934204,0.948608577251434,3.07901215553284,1.5675505399704,K,17
OUTPUT,NaN,NaN,NaN,NaN,NaN,NaN

INPUT,0.369866847991943,0.0214774012565613,0.789180815219879,0.937234044075012,3.07684421539307,1.57813239097595,K,18
OUTPUT,NaN,NaN,NaN,NaN,NaN,NaN

INPUT,0.370914369821548,0.0212091617286205,0.792529225349426,0.930421471595764,3.07554721832275,1.58449423313141,K,19
OUTPUT,NaN,NaN,NaN,NaN,NaN,NaN

INPUT,0.371263533830643,0.0211197473108768,0.79364538192749,0.928152441978455,3.075115442276,1.58661687374115,K,20
OUTPUT,NaN,NaN,NaN,NaN,NaN,NaN

INPUT,0.35990983247757,0.0344371646642685,0.722217857837677,-2.2570207118988,3.12962222099304,-1.77178406715393,K,11
OUTPUT,NaN,NaN,NaN,NaN,NaN,NaN

INPUT,0.364762455224991,0.0344230160117149,0.733494281768799,-2.28294992446899,3.12831592559814,-1.74063718318939,K,12
OUTPUT,NaN,NaN,NaN,NaN,NaN,NaN

INPUT,0.36961504817009,0.0344088673591614,0.744770705699921,-2.30934500694275,3.12702035903931,-1.70995569229126,K,13
OUTPUT,NaN,NaN,NaN,NaN,NaN,NaN

INPUT,0.374467641115189,0.0343947224318981,0.756047070026398,-2.33608889579773,3.12573647499084,-1.67962276935577,K,14
OUTPUT,NaN,NaN,NaN,NaN,NaN,NaN

INPUT,0.37932026386261,0.0343805737793446,0.76732349395752,-2.36310076713562,3.12446570396423,-1.64955711364746,K,15
OUTPUT,NaN,NaN,NaN,NaN,NaN,NaN

INPUT,0.383687615394592,0.0343678407371044,0.777472257614136,-2.38759279251099,3.12333369255066,-1.62267863750458,K,16
OUTPUT,NaN,NaN,NaN,NaN,NaN,NaN

INPUT,0.387084424495697,0.0343579351902008,0.785365760326385,-2.40673923492432,3.12246155738831,-1.60187005996704,K,17
OUTPUT,NaN,NaN,NaN,NaN,NaN,NaN

INPUT,0.389510720968246,0.034350860863924,0.791003942489624,-2.42046022415161,3.1218433380127,-1.58705151081085,K,18
OUTPUT,NaN,NaN,NaN,NaN,NaN,NaN

INPUT,0.390966504812241,0.0343466177582741,0.794386863708496,-2.42870903015137,3.12147426605225,-1.57817649841309,K,19
OUTPUT,NaN,NaN,NaN,NaN,NaN,NaN

INPUT,0.391451776027679,0.0343452021479607,0.795514523983002,-2.43146109580994,3.12135148048401,-1.57522070407867,K,20
OUTPUT,NaN,NaN,NaN,NaN,NaN,NaN

INPUT,0.377442419528961,0.0458425059914589,0.713901817798615,-2.34225177764893,2.99294114112854,-1.63625240325928,K,4
OUTPUT,NaN,NaN,NaN,NaN,NaN,NaN

INPUT,0.388137757778168,0.0483426041901112,0.728416323661804,-2.41823840141296,2.96517705917358,-1.55867052078247,K,5
OUTPUT,NaN,NaN,NaN,NaN,NaN,NaN

INPUT,0.398833096027374,0.0508427023887634,0.742930829524994,-2.49462366104126,2.93844938278198,-1.48111701011658,K,6
OUTPUT,NaN,NaN,NaN,NaN,NaN,NaN

INPUT,0.40715166926384,0.0527872256934643,0.754219949245453,-2.55426979064941,2.91848134994507,-1.42075145244598,K,7
OUTPUT,NaN,NaN,NaN,NaN,NaN,NaN

INPUT,0.413093537092209,0.0541761703789234,0.762283563613892,-2.59699106216431,2.90470290184021,-1.37758922576904,K,8
OUTPUT,NaN,NaN,NaN,NaN,NaN,NaN

INPUT,0.416658639907837,0.0550095364451408,0.767121732234955,-2.62266850471497,2.89664220809937,-1.35167062282562,K,9
OUTPUT,NaN,NaN,NaN,NaN,NaN,NaN

INPUT,0.37044483423233,0.0374259799718857,0.731080234050751,-2.34969568252563,3.09355115890503,-1.45447015762329,K,5
OUTPUT,NaN,NaN,NaN,NaN,NaN,NaN

INPUT,0.378656327724457,0.0379076339304447,0.746695220470428,-2.42074990272522,3.08647990226746,-1.3673278093338,K,6
OUTPUT,NaN,NaN,NaN,NaN,NaN,NaN

INPUT,0.385043054819107,0.0382822565734386,0.758840203285217,-2.47730088233948,3.08121418952942,-1.30081617832184,K,7
OUTPUT,NaN,NaN,NaN,NaN,NaN,NaN

INPUT,0.389604985713959,0.0385498441755772,0.767515182495117,-2.5181930065155,3.07759094238281,-1.25379502773285,K,8
OUTPUT,NaN,NaN,NaN,NaN,NaN,NaN

INPUT,0.392342150211334,0.0387103967368603,0.772720217704773,-2.5428900718689,3.07547545433044,-1.22573912143707,K,9
OUTPUT,NaN,NaN,NaN,NaN,NaN,NaN

INPUT,0.372935354709625,0.0399371832609177,0.730358958244324,-2.7126190662384,3.10088539123535,-1.87300360202789,K,5
OUTPUT,NaN,NaN,NaN,NaN,NaN,NaN

INPUT,0.381571829319,0.0408852435648441,0.745810270309448,-2.78141498565674,3.09482717514038,-1.79358959197998,K,6
OUTPUT,NaN,NaN,NaN,NaN,NaN,NaN

INPUT,0.388289093971252,0.0416226275265217,0.757827937602997,-2.83578133583069,3.09029030799866,-1.73266756534576,K,7
OUTPUT,NaN,NaN,NaN,NaN,NaN,NaN

INPUT,0.393087148666382,0.0421493276953697,0.766412019729614,-2.87494802474976,3.08715271949768,-1.68947732448578,K,8
OUTPUT,NaN,NaN,NaN,NaN,NaN,NaN

INPUT,0.395965963602066,0.0424653477966785,0.771562457084656,-2.89855623245239,3.08531403541565,-1.66366791725159,K,9
OUTPUT,NaN,NaN,NaN,NaN,NaN,NaN

INPUT,0.351656198501587,0.0343338996171951,0.737297713756561,0.22853647172451,3.08561396598816,1.26402020454407,K,5
OUTPUT,NaN,NaN,NaN,NaN,NaN,NaN

INPUT,0.356056183576584,0.0342750996351242,0.751271486282349,0.152291789650917,3.07750964164734,1.34580886363983,K,6
OUTPUT,NaN,NaN,NaN,NaN,NaN,NaN

INPUT,0.359478414058685,0.0342293679714203,0.762139976024628,0.0925428494811058,3.07147979736328,1.40900206565857,K,7
OUTPUT,NaN,NaN,NaN,NaN,NaN,NaN

INPUT,0.361922860145569,0.0341967009007931,0.769903182983398,0.0496890284121037,3.06733345985413,1.45397973060608,K,8
OUTPUT,NaN,NaN,NaN,NaN,NaN,NaN

INPUT,0.363389551639557,0.0341771021485329,0.774561107158661,0.0239191651344299,3.0649139881134,1.48091506958008,K,9
OUTPUT,NaN,NaN,NaN,NaN,NaN,NaN

INPUT,0.361453413963318,0.0310606192797422,0.724252343177795,1.12660050392151,3.13114452362061,1.69772434234619,K,4
OUTPUT,NaN,NaN,NaN,NaN,NaN,NaN

INPUT,0.367898106575012,0.0304248984903097,0.737687826156616,1.03587341308594,3.12911200523376,1.71044421195984,K,5
OUTPUT,NaN,NaN,NaN,NaN,NaN,NaN

INPUT,0.374342769384384,0.029789175838232,0.751123428344727,0.956035017967224,3.12709927558899,1.73405408859253,K,6
OUTPUT,NaN,NaN,NaN,NaN,NaN,NaN

INPUT,0.379355281591415,0.0292947273701429,0.761573255062103,0.899031043052673,3.12556099891663,1.75715792179108,K,7
OUTPUT,NaN,NaN,NaN,NaN,NaN,NaN

INPUT,0.382935672998428,0.028941547498107,0.769037425518036,0.860398650169373,3.12448167800903,1.77540135383606,K,8
OUTPUT,NaN,NaN,NaN,NaN,NaN,NaN

INPUT,0.385083913803101,0.0287296399474144,0.773515939712524,0.837930083274841,3.12384343147278,1.78687787055969,K,9
OUTPUT,NaN,NaN,NaN,NaN,NaN,NaN

INPUT,0.362882673740387,0.0337542854249477,0.736576318740845,0.322675585746765,3.11402487754822,1.39365172386169,K,5
OUTPUT,NaN,NaN,NaN,NaN,NaN,NaN

INPUT,0.368780791759491,0.0336130075156689,0.750146329402924,0.239734783768654,3.10986137390137,1.47412979602814,K,6
OUTPUT,NaN,NaN,NaN,NaN,NaN,NaN

INPUT,0.373368203639984,0.0335031226277351,0.760700762271881,0.175420939922333,3.1067681312561,1.53692674636841,K,7
OUTPUT,NaN,NaN,NaN,NaN,NaN,NaN

INPUT,0.376644909381866,0.0334246344864368,0.768239676952362,0.12955678999424,3.10464382171631,1.58186006546021,K,8
OUTPUT,NaN,NaN,NaN,NaN,NaN,NaN

INPUT,0.37861093878746,0.033377543091774,0.772763013839722,0.102061927318573,3.10340571403503,1.60884547233582,K,9
OUTPUT,NaN,NaN,NaN,NaN,NaN,NaN

INPUT,0.357659727334976,0.0257818214595318,0.735841691493988,1.04279804229736,3.09433650970459,1.50592398643494,K,5
OUTPUT,NaN,NaN,NaN,NaN,NaN,NaN

INPUT,0.362843751907349,0.0244863461703062,0.749466955661774,1.00002574920654,3.08733797073364,1.53365838527679,K,6
OUTPUT,NaN,NaN,NaN,NaN,NaN,NaN

INPUT,0.366875737905502,0.0234787557274103,0.760064363479614,0.968033790588379,3.08194994926453,1.556401014328,K,7
OUTPUT,NaN,NaN,NaN,NaN,NaN,NaN

INPUT,0.369755744934082,0.0227590464055538,0.767633974552155,0.945721805095673,3.07813882827759,1.57307958602905,K,8
OUTPUT,NaN,NaN,NaN,NaN,NaN,NaN

INPUT,0.371483772993088,0.022327221930027,0.77217572927475,0.932522892951965,3.07586908340454,1.5832188129425,K,9
OUTPUT,NaN,NaN,NaN,NaN,NaN,NaN

INPUT,0.368768274784088,0.0342840105295181,0.731719017028809,-2.32632780075073,3.12688446044922,-1.75168883800507,K,5
OUTPUT,NaN,NaN,NaN,NaN,NaN,NaN

INPUT,0.376823842525482,0.0342110358178616,0.74748682975769,-2.36165881156921,3.12484431266785,-1.68505787849426,K,6
OUTPUT,NaN,NaN,NaN,NaN,NaN,NaN

INPUT,0.383089274168015,0.0341542772948742,0.759750723838806,-2.39140009880066,3.12329149246216,-1.6358323097229,K,7
OUTPUT,NaN,NaN,NaN,NaN,NaN,NaN

INPUT,0.387564599514008,0.034113734960556,0.768510639667511,-2.41346073150635,3.12220501899719,-1.60181736946106,K,8
OUTPUT,NaN,NaN,NaN,NaN,NaN,NaN

INPUT,0.390249788761139,0.0340894125401974,0.77376663684845,-2.42693686485291,3.12156367301941,-1.58182084560394,K,9
OUTPUT,NaN,NaN,NaN,NaN,NaN,NaN

INPUT,0.361031353473663,0.0275254752486944,0.733133554458618,1.05662107467651,3.11525225639343,1.47384488582611,K,12
OUTPUT,NaN,NaN,NaN,NaN,NaN,NaN

INPUT,0.365467399358749,0.0267880167812109,0.744387269020081,1.03206133842468,3.11245656013489,1.49318814277649,K,13
OUTPUT,NaN,NaN,NaN,NaN,NaN,NaN

INPUT,0.369903445243835,0.0260505601763725,0.755640923976898,1.00795650482178,3.10967493057251,1.51298797130585,K,14
OUTPUT,NaN,NaN,NaN,NaN,NaN,NaN

INPUT,0.374339491128922,0.0253130998462439,0.766894578933716,0.984195053577423,3.10690832138062,1.53313326835632,K,15
OUTPUT,NaN,NaN,NaN,NaN,NaN,NaN

INPUT,0.378331929445267,0.0246493890881538,0.777022898197174,0.963038325309753,3.10443258285522,1.55149435997009,K,16
OUTPUT,NaN,NaN,NaN,NaN,NaN,NaN

INPUT,0.38143715262413,0.0241331681609154,0.784900486469269,0.946704626083374,3.10251688957214,1.56589794158936,K,17
OUTPUT,NaN,NaN,NaN,NaN,NaN,NaN

INPUT,0.383655160665512,0.0237644389271736,0.79052734375,0.93509316444397,3.10115432739258,1.57624244689941,K,18
OUTPUT,NaN,NaN,NaN,NaN,NaN,NaN

INPUT,0.384985983371735,0.0235432013869286,0.793903410434723,0.928146243095398,3.10033893585205,1.5824693441391,K,19
OUTPUT,NaN,NaN,NaN,NaN,NaN,NaN

INPUT,0.385429590940475,0.0234694555401802,0.795028805732727,0.925833761692047,3.10006761550903,1.58454811573029,K,20
OUTPUT,NaN,NaN,NaN,NaN,NaN,NaN

INPUT,0.37601625919342,0.0429615415632725,0.721126735210419,-2.46147513389587,3.0491578578949,-1.80422258377075,K,11
OUTPUT,NaN,NaN,NaN,NaN,NaN,NaN

INPUT,0.382735162973404,0.0439528748393059,0.7322958111763,-2.49945497512817,3.03885579109192,-1.76477265357971,K,12
OUTPUT,NaN,NaN,NaN,NaN,NaN,NaN

INPUT,0.38945409655571,0.0449442118406296,0.743464946746826,-2.53758811950684,3.02870774269104,-1.7254353761673,K,13
OUTPUT,NaN,NaN,NaN,NaN,NaN,NaN

INPUT,0.396173000335693,0.0459355488419533,0.754633963108063,-2.57584190368652,3.01872849464417,-1.68617475032806,K,14
OUTPUT,NaN,NaN,NaN,NaN,NaN,NaN

INPUT,0.402891933917999,0.046926885843277,0.765803098678589,-2.61419439315796,3.00893330574036,-1.64696526527405,K,15
OUTPUT,NaN,NaN,NaN,NaN,NaN,NaN

INPUT,0.408938944339752,0.047819085419178,0.775855243206024,-2.64878296852112,3.0002875328064,-1.6117057800293,K,16
OUTPUT,NaN,NaN,NaN,NaN,NaN,NaN

INPUT,0.413642197847366,0.0485130213201046,0.783673644065857,-2.67572665214539,2.99368143081665,-1.58429408073425,K,17
OUTPUT,NaN,NaN,NaN,NaN,NaN,NaN

INPUT,0.417001664638519,0.0490086898207664,0.789258182048798,-2.69499254226685,2.98902893066406,-1.56471848487854,K,18
OUTPUT,NaN,NaN,NaN,NaN,NaN,NaN

INPUT,0.419017314910889,0.0493060909211636,0.792608857154846,-2.70655965805054,2.98626494407654,-1.55297422409058,K,19
OUTPUT,NaN,NaN,NaN,NaN,NaN,NaN

INPUT,0.419689208269119,0.0494052246212959,0.793725788593292,-2.71041679382324,2.98534822463989,-1.5490597486496,K,20
OUTPUT,NaN,NaN,NaN,NaN,NaN,NaN

INPUT,0.376615613698959,0.0419803969562054,0.716896772384644,-2.45256423950195,3.04863405227661,-1.81333649158478,K,4
OUTPUT,NaN,NaN,NaN,NaN,NaN,NaN

INPUT,0.387269020080566,0.0436014905571938,0.732004225254059,-2.52035737037659,3.03108525276184,-1.74311435222626,K,5
OUTPUT,NaN,NaN,NaN,NaN,NaN,NaN

INPUT,0.397922456264496,0.0452225804328918,0.747111678123474,-2.58854532241821,3.01406192779541,-1.67315530776978,K,6
OUTPUT,NaN,NaN,NaN,NaN,NaN,NaN

INPUT,0.406208455562592,0.0464834272861481,0.75886195898056,-2.64177703857422,3.00123739242554,-1.61883819103241,K,7
OUTPUT,NaN,NaN,NaN,NaN,NaN,NaN

INPUT,0.412127017974854,0.0473840311169624,0.767255008220673,-2.67988514900208,2.99232244491577,-1.58006751537323,K,8
OUTPUT,NaN,NaN,NaN,NaN,NaN,NaN

INPUT,0.415678143501282,0.0479243956506252,0.772290825843811,-2.70278024673462,2.98707818984985,-1.55681121349335,K,9
OUTPUT,NaN,NaN,NaN,NaN,NaN,NaN

INPUT,0.361370742321014,0.0283235944807529,0.724088132381439,1.10629653930664,3.11664128303528,1.49884736537933,K,4
OUTPUT,NaN,NaN,NaN,NaN,NaN,NaN

INPUT,0.36787137389183,0.027214303612709,0.737576961517334,1.05320358276367,3.11219763755798,1.5163471698761,K,5
OUTPUT,NaN,NaN,NaN,NaN,NaN,NaN

INPUT,0.374372035264969,0.02610501088202,0.751065850257874,1.00477075576782,3.10778379440308,1.53851175308228,K,6
OUTPUT,NaN,NaN,NaN,NaN,NaN,NaN

INPUT,0.379428088665009,0.0252422280609608,0.761557161808014,0.969316780567169,3.10438346862793,1.55785751342773,K,7
OUTPUT,NaN,NaN,NaN,NaN,NaN,NaN

INPUT,0.383039534091949,0.0246259551495314,0.7690509557724,0.944903552532196,3.10197710990906,1.57247841358185,K,8
OUTPUT,NaN,NaN,NaN,NaN,NaN,NaN

INPUT,0.385206431150436,0.0242561921477318,0.773547232151031,0.930565595626831,3.10054349899292,1.58150339126587,K,9
OUTPUT,NaN,NaN,NaN,NaN,NaN,NaN

INPUT,0.366856008768082,0.03756457939744,0.722036063671112,-2.59017491340637,3.07633280754089,-1.96268713474274,K,11
OUTPUT,NaN,NaN,NaN,NaN,NaN,NaN

INPUT,0.372499406337738,0.0379214063286781,0.733307898044586,-2.62644505500793,3.06906008720398,-1.92509818077087,K,12
OUTPUT,NaN,NaN,NaN,NaN,NaN,NaN

INPUT,0.378142803907394,0.0382782369852066,0.744579672813416,-2.66284441947937,3.06188607215881,-1.88761901855469,K,13
OUTPUT,NaN,NaN,NaN,NaN,NaN,NaN

INPUT,0.383786171674728,0.0386350639164448,0.75585150718689,-2.69934272766113,3.05482077598572,-1.85021781921387,K,14
OUTPUT,NaN,NaN,NaN,NaN,NaN,NaN

INPUT,0.389429569244385,0.038991890847683,0.767123341560364,-2.73591995239258,3.04787373542786,-1.812873005867,K,15
OUTPUT,NaN,NaN,NaN,NaN,NaN,NaN

INPUT,0.394508630037308,0.0393130369484425,0.77726799249649,-2.7688946723938,3.04173040390015,-1.77929759025574,K,16
OUTPUT,NaN,NaN,NaN,NaN,NaN,NaN

INPUT,0.398458987474442,0.039562813937664,0.785158276557922,-2.7945728302002,3.03702831268311,-1.75320053100586,K,17
OUTPUT,NaN,NaN,NaN,NaN,NaN,NaN

INPUT,0.401280701160431,0.0397412292659283,0.790794193744659,-2.81292963027954,3.03371238708496,-1.73456716537476,K,18
OUTPUT,NaN,NaN,NaN,NaN,NaN,NaN

INPUT,0.402973711490631,0.0398482754826546,0.794175744056702,-2.82394909858704,3.03174042701721,-1.72338950634003,K,19
OUTPUT,NaN,NaN,NaN,NaN,NaN,NaN

INPUT,0.403538048267365,0.0398839600384235,0.795302927494049,-2.82762312889099,3.03108596801758,-1.71966397762299,K,20
OUTPUT,NaN,NaN,NaN,NaN,NaN,NaN

INPUT,0.363824605941772,0.0360333994030952,0.733228087425232,-2.56432557106018,3.13742184638977,-1.89065456390381,K,12
OUTPUT,NaN,NaN,NaN,NaN,NaN,NaN

INPUT,0.368555307388306,0.0361915715038776,0.744490742683411,-2.58972430229187,3.13709211349487,-1.84516191482544,K,13
OUTPUT,NaN,NaN,NaN,NaN,NaN,NaN

INPUT,0.373285979032516,0.03634974360466,0.755753338336945,-2.61648464202881,3.13676786422729,-1.80103087425232,K,14
OUTPUT,NaN,NaN,NaN,NaN,NaN,NaN

INPUT,0.37801668047905,0.0365079157054424,0.767015993595123,-2.6443305015564,3.13644933700562,-1.75798535346985,K,15
OUTPUT,NaN,NaN,NaN,NaN,NaN,NaN

INPUT,0.382274299860001,0.0366502702236176,0.777152359485626,-2.67014837265015,3.13616800308228,-1.72000074386597,K,16
OUTPUT,NaN,NaN,NaN,NaN,NaN,NaN

INPUT,0.385585784912109,0.0367609933018684,0.785036206245422,-2.69064521789551,3.13595271110535,-1.69087338447571,K,17
OUTPUT,NaN,NaN,NaN,NaN,NaN,NaN

INPUT,0.387951135635376,0.0368400774896145,0.790667533874512,-2.7054808139801,3.13580107688904,-1.67026329040527,K,18
OUTPUT,NaN,NaN,NaN,NaN,NaN,NaN

INPUT,0.389370322227478,0.0368875302374363,0.79404628276825,-2.71445345878601,3.13571095466614,-1.65796852111816,K,19
OUTPUT,NaN,NaN,NaN,NaN,NaN,NaN

INPUT,0.38984340429306,0.0369033478200436,0.795172572135925,-2.71745562553406,3.13568091392517,-1.65388131141663,K,20
OUTPUT,NaN,NaN,NaN,NaN,NaN,NaN

INPUT,0.356636106967926,0.0290809962898493,0.7329922914505,0.865794718265533,3.09453511238098,1.52776050567627,K,12
OUTPUT,NaN,NaN,NaN,NaN,NaN,NaN

INPUT,0.360609650611877,0.0285073071718216,0.744231104850769,0.829563856124878,3.08971762657166,1.56121850013733,K,13
OUTPUT,NaN,NaN,NaN,NaN,NaN,NaN

INPUT,0.364583224058151,0.0279336161911488,0.755469858646393,0.793563008308411,3.08496308326721,1.59491515159607,K,14
OUTPUT,NaN,NaN,NaN,NaN,NaN,NaN

INPUT,0.368556767702103,0.0273599252104759,0.766708672046661,0.757734656333923,3.08027720451355,1.62879383563995,K,15
OUTPUT,NaN,NaN,NaN,NaN,NaN,NaN

INPUT,0.372132956981659,0.0268436037003994,0.776823580265045,0.725603461265564,3.07612323760986,1.65940725803375,K,16
OUTPUT,NaN,NaN,NaN,NaN,NaN,NaN

INPUT,0.374914437532425,0.0264420211315155,0.784690737724304,0.700672626495361,3.07293677330017,1.68328368663788,K,17
OUTPUT,NaN,NaN,NaN,NaN,NaN,NaN

INPUT,0.376901209354401,0.0261551756411791,0.790310144424438,0.682892024517059,3.07068562507629,1.70036864280701,K,18
OUTPUT,NaN,NaN,NaN,NaN,NaN,NaN

INPUT,0.378093272447586,0.0259830690920353,0.793681740760803,0.672233462333679,3.06934523582458,1.7106306552887,K,19
OUTPUT,NaN,NaN,NaN,NaN,NaN,NaN

INPUT,0.378490626811981,0.025925699621439,0.794805645942688,0.668682098388672,3.0689001083374,1.7140531539917,K,20
OUTPUT,NaN,NaN,NaN,NaN,NaN,NaN

INPUT,0.375537574291229,0.0458382368087769,0.720162153244019,-2.21601557731628,3.03552865982056,-1.49951255321503,K,11
OUTPUT,NaN,NaN,NaN,NaN,NaN,NaN

INPUT,0.382236957550049,0.0471666008234024,0.731186091899872,-2.25816011428833,3.02374243736267,-1.45719397068024,K,12
OUTPUT,NaN,NaN,NaN,NaN,NaN,NaN

INPUT,0.388936340808868,0.048494964838028,0.74221009016037,-2.30034923553467,3.01216602325439,-1.41486203670502,K,13
OUTPUT,NaN,NaN,NaN,NaN,NaN,NaN

INPUT,0.395635724067688,0.0498233288526535,0.753234088420868,-2.34258127212524,3.00082039833069,-1.37251043319702,K,14
OUTPUT,NaN,NaN,NaN,NaN,NaN,NaN

INPUT,0.402335107326508,0.0511516928672791,0.764258086681366,-2.3848557472229,2.98972582817078,-1.3301340341568,K,15
OUTPUT,NaN,NaN,NaN,NaN,NaN,NaN

INPUT,0.408364534378052,0.052347220480442,0.774179637432098,-2.42293882369995,2.97997188568115,-1.29197108745575,K,16
OUTPUT,NaN,NaN,NaN,NaN,NaN,NaN

INPUT,0.41305410861969,0.0532770752906799,0.781896412372589,-2.45258235931396,2.97254657745361,-1.26227152347565,K,17
OUTPUT,NaN,NaN,NaN,NaN,NaN,NaN

INPUT,0.4164038002491,0.0539412572979927,0.787408411502838,-2.47376942634583,2.96733331680298,-1.24104762077332,K,18
OUTPUT,NaN,NaN,NaN,NaN,NaN,NaN

INPUT,0.418413609266281,0.0543397665023804,0.790715634822845,-2.4864866733551,2.96424245834351,-1.2283091545105,K,19
OUTPUT,NaN,NaN,NaN,NaN,NaN,NaN

INPUT,0.419083565473557,0.0544726029038429,0.791818022727966,-2.49072647094727,2.96321845054626,-1.22406232357025,K,20
OUTPUT,NaN,NaN,NaN,NaN,NaN,NaN

INPUT,0.346858948469162,0.0209191255271435,0.743283092975616,0.782483518123627,3.02384567260742,1.37831151485443,K,13
OUTPUT,NaN,NaN,NaN,NaN,NaN,NaN

INPUT,0.349522262811661,0.0196225456893444,0.754432737827301,0.753578066825867,3.01293683052063,1.40628266334534,K,14
OUTPUT,NaN,NaN,NaN,NaN,NaN,NaN

INPUT,0.352185547351837,0.0183259658515453,0.765582382678986,0.724725306034088,3.00213193893433,1.43434643745422,K,15
OUTPUT,NaN,NaN,NaN,NaN,NaN,NaN

INPUT,0.354582518339157,0.0171590447425842,0.775617063045502,0.698788166046143,2.99250340461731,1.45967066287994,K,16
OUTPUT,NaN,NaN,NaN,NaN,NaN,NaN

INPUT,0.356446832418442,0.0162514373660088,0.783421814441681,0.678628087043762,2.98508167266846,1.47940576076508,K,17
OUTPUT,NaN,NaN,NaN,NaN,NaN,NaN

INPUT,0.357778489589691,0.0156031474471092,0.788996636867523,0.664232909679413,2.97981834411621,1.49352121353149,K,18
OUTPUT,NaN,NaN,NaN,NaN,NaN,NaN

INPUT,0.358577460050583,0.0152141749858856,0.792341530323029,0.655597150325775,2.97667598724365,1.501997590065,K,19
OUTPUT,NaN,NaN,NaN,NaN,NaN,NaN

INPUT,0.358843803405762,0.0150845162570477,0.793456494808197,0.652718722820282,2.97563123703003,1.50482428073883,K,20
OUTPUT,NaN,NaN,NaN,NaN,NaN,NaN

INPUT,0.360223799943924,0.0324145369231701,0.73216587305069,1.26527166366577,3.14121437072754,2.09847736358643,K,12
OUTPUT,NaN,NaN,NaN,NaN,NaN,NaN

INPUT,0.364575356245041,0.0321917235851288,0.743316769599915,1.01026570796967,3.14113330841064,1.93115592002869,K,13
OUTPUT,NaN,NaN,NaN,NaN,NaN,NaN

INPUT,0.368926882743835,0.0319689102470875,0.754467606544495,0.822782218456268,3.14103889465332,1.83135688304901,K,14
OUTPUT,NaN,NaN,NaN,NaN,NaN,NaN

INPUT,0.373278439044952,0.0317460969090462,0.765618503093719,0.678396344184875,3.1409375667572,1.77465569972992,K,15
OUTPUT,NaN,NaN,NaN,NaN,NaN,NaN

INPUT,0.377194851636887,0.03154556453228,0.775654315948486,0.572137832641602,3.14084315299988,1.74731314182281,K,16
OUTPUT,NaN,NaN,NaN,NaN,NaN,NaN

INPUT,0.380240947008133,0.031389594078064,0.783459961414337,0.50014990568161,3.1407687664032,1.73670446872711,K,17
OUTPUT,NaN,NaN,NaN,NaN,NaN,NaN

INPUT,0.382416725158691,0.0312781892716885,0.789035379886627,0.453030914068222,3.14071536064148,1.73342776298523,K,18
OUTPUT,NaN,NaN,NaN,NaN,NaN,NaN

INPUT,0.383722186088562,0.031211344525218,0.792380630970001,0.426181644201279,3.1406831741333,1.73288381099701,K,19
OUTPUT,NaN,NaN,NaN,NaN,NaN,NaN

INPUT,0.384157329797745,0.0311890635639429,0.793495714664459,0.417444258928299,3.14067244529724,1.73291492462158,K,20
OUTPUT,NaN,NaN,NaN,NaN,NaN,NaN

INPUT,0.367321491241455,0.0371251739561558,0.716634631156921,-2.58669209480286,3.07629442214966,-1.97547399997711,K,4
OUTPUT,NaN,NaN,NaN,NaN,NaN,NaN

INPUT,0.376352906227112,0.0376751273870468,0.732196748256683,-2.64956593513489,3.06381916999817,-1.90695106983185,K,5
OUTPUT,NaN,NaN,NaN,NaN,NaN,NaN

INPUT,0.385384351015091,0.0382250845432281,0.747758865356445,-2.71324419975281,3.05167889595032,-1.83916974067688,K,6
OUTPUT,NaN,NaN,NaN,NaN,NaN,NaN

INPUT,0.392408788204193,0.0386528261005878,0.759862780570984,-2.76313877105713,3.04250168800354,-1.7867693901062,K,7
OUTPUT,NaN,NaN,NaN,NaN,NaN,NaN

INPUT,0.397426277399063,0.0389583557844162,0.76850837469101,-2.79892349243164,3.03610372543335,-1.74945855140686,K,8
OUTPUT,NaN,NaN,NaN,NaN,NaN,NaN

INPUT,0.400436729192734,0.0391416735947132,0.773695766925812,-2.82044267654419,3.03233170509338,-1.72710859775543,K,9
OUTPUT,NaN,NaN,NaN,NaN,NaN,NaN

INPUT,0.375928610563278,0.0443733260035515,0.715623736381531,-2.21243333816528,3.03432416915894,-1.51615762710571,K,4
OUTPUT,NaN,NaN,NaN,NaN,NaN,NaN

INPUT,0.3866046667099,0.0464775450527668,0.730582714080811,-2.28519439697266,3.01441168785095,-1.43821001052856,K,5
OUTPUT,NaN,NaN,NaN,NaN,NaN,NaN

INPUT,0.397280752658844,0.0485817641019821,0.74554169178009,-2.35874152183533,2.99521923065186,-1.36086058616638,K,6
OUTPUT,NaN,NaN,NaN,NaN,NaN,NaN

INPUT,0.405584365129471,0.0502183772623539,0.757176399230957,-2.4163236618042,2.98086071014404,-1.30093622207642,K,7
OUTPUT,NaN,NaN,NaN,NaN,NaN,NaN

INPUT,0.411515533924103,0.0513873882591724,0.7654869556427,-2.45761322975159,2.97094011306763,-1.25821101665497,K,8
OUTPUT,NaN,NaN,NaN,NaN,NaN,NaN

INPUT,0.415074229240417,0.0520887933671474,0.770473301410675,-2.48244166374207,2.96513032913208,-1.23259747028351,K,9
OUTPUT,NaN,NaN,NaN,NaN,NaN,NaN

INPUT,0.364450722932816,0.0359603725373745,0.725348055362701,-2.62803816795349,3.13655233383179,-1.99606013298035,K,4
OUTPUT,NaN,NaN,NaN,NaN,NaN,NaN

INPUT,0.371143788099289,0.0361971035599709,0.738537013530731,-2.64768743515015,3.1363046169281,-1.90084838867188,K,5
OUTPUT,NaN,NaN,NaN,NaN,NaN,NaN

INPUT,0.377836853265762,0.0364338383078575,0.751725971698761,-2.67065405845642,3.13606739044189,-1.80895388126373,K,6
OUTPUT,NaN,NaN,NaN,NaN,NaN,NaN

INPUT,0.383042573928833,0.036617960780859,0.76198399066925,-2.69034600257874,3.13589215278625,-1.73979222774506,K,7
OUTPUT,NaN,NaN,NaN,NaN,NaN,NaN

INPUT,0.386760950088501,0.0367494784295559,0.769311189651489,-2.70519375801086,3.13577270507813,-1.69164276123047,K,8
OUTPUT,NaN,NaN,NaN,NaN,NaN,NaN

INPUT,0.388991951942444,0.0368283875286579,0.773707509040833,-2.71436166763306,3.13570356369019,-1.6632581949234,K,9
OUTPUT,NaN,NaN,NaN,NaN,NaN,NaN

INPUT,0.363048613071442,0.0290786977857351,0.736925721168518,0.835965514183044,3.08939146995544,1.57067978382111,K,5
OUTPUT,NaN,NaN,NaN,NaN,NaN,NaN

INPUT,0.369018048048019,0.0282678082585335,0.750581562519073,0.774376153945923,3.081791639328,1.62169587612152,K,6
OUTPUT,NaN,NaN,NaN,NaN,NaN,NaN

INPUT,0.373660922050476,0.0276371147483587,0.761202692985535,0.727546691894531,3.07603931427002,1.6620090007782,K,7
OUTPUT,NaN,NaN,NaN,NaN,NaN,NaN

INPUT,0.376977294683456,0.0271866209805012,0.768789231777191,0.694654881954193,3.07203435897827,1.69092690944672,K,8
OUTPUT,NaN,NaN,NaN,NaN,NaN,NaN

INPUT,0.378967076539993,0.0269163232296705,0.773341178894043,0.675146520137787,3.06967759132385,1.70827531814575,K,9
OUTPUT,NaN,NaN,NaN,NaN,NaN,NaN

INPUT,0.360399007797241,0.0325903333723545,0.723124742507935,2.94894671440125,3.14068913459778,-2.55146932601929,K,4
OUTPUT,NaN,NaN,NaN,NaN,NaN,NaN

INPUT,0.366692423820496,0.0322213843464851,0.736458241939545,2.52333784103394,3.14104819297791,-2.83606886863708,K,5
OUTPUT,NaN,NaN,NaN,NaN,NaN,NaN

INPUT,0.372985869646072,0.0318524353206158,0.749791741371155,1.53209900856018,3.14119791984558,2.59688687324524,K,6
OUTPUT,NaN,NaN,NaN,NaN,NaN,NaN

INPUT,0.377880752086639,0.0315654762089252,0.760162234306335,0.827792048454285,3.14103507995605,2.00225377082825,K,7
OUTPUT,NaN,NaN,NaN,NaN,NaN,NaN

INPUT,0.381377100944519,0.0313605032861233,0.767569720745087,0.559220671653748,3.1408429145813,1.81202065944672,K,8
OUTPUT,NaN,NaN,NaN,NaN,NaN,NaN

INPUT,0.383474886417389,0.0312375202775002,0.772014260292053,0.448848336935043,3.14071583747864,1.74865126609802,K,9
OUTPUT,NaN,NaN,NaN,NaN,NaN,NaN

INPUT,0.351413547992706,0.0215077083557844,0.741507530212402,0.772802591323853,3.01725840568542,1.39921426773071,K,5
OUTPUT,NaN,NaN,NaN,NaN,NaN,NaN

INPUT,0.355033367872238,0.0199177656322718,0.753108084201813,0.728947341442108,3.00200629234314,1.43684101104736,K,6
OUTPUT,NaN,NaN,NaN,NaN,NaN,NaN

INPUT,0.357848793268204,0.0186811462044716,0.762130737304688,0.695333182811737,2.99033403396606,1.46648263931274,K,7
OUTPUT,NaN,NaN,NaN,NaN,NaN,NaN

INPUT,0.359859794378281,0.0177978444844484,0.768575489521027,0.671574771404266,2.98211979866028,1.48776602745056,K,8
OUTPUT,NaN,NaN,NaN,NaN,NaN,NaN

INPUT,0.361066401004791,0.0172678641974926,0.77244234085083,0.657420039176941,2.97724604606628,1.50055837631226,K,9
OUTPUT,NaN,NaN,NaN,NaN,NaN,NaN

INPUT,0.365175545215607,0.0353399105370045,0.722079634666443,-2.52165746688843,3.09170722961426,-1.72334325313568,K,11
OUTPUT,NaN,NaN,NaN,NaN,NaN,NaN

INPUT,0.370621830224991,0.0354350805282593,0.733355581760406,-2.56752252578735,3.08630561828613,-1.67526829242706,K,12
OUTPUT,NaN,NaN,NaN,NaN,NaN,NaN

INPUT,0.376068145036697,0.0355302505195141,0.74463152885437,-2.61358952522278,3.08102607727051,-1.62738120555878,K,13
OUTPUT,NaN,NaN,NaN,NaN,NaN,NaN

INPUT,0.381514430046082,0.0356254242360592,0.755907535552979,-2.65980815887451,3.07588005065918,-1.57963109016418,K,14
OUTPUT,NaN,NaN,NaN,NaN,NaN,NaN

INPUT,0.386960744857788,0.035720594227314,0.767183482646942,-2.70614433288574,3.07087874412537,-1.53198301792145,K,15
OUTPUT,NaN,NaN,NaN,NaN,NaN,NaN

INPUT,0.391862422227859,0.0358062461018562,0.777331829071045,-2.74792766571045,3.06651067733765,-1.48916614055634,K,16
OUTPUT,NaN,NaN,NaN,NaN,NaN,NaN

INPUT,0.395674824714661,0.0358728654682636,0.785225033760071,-2.78046989440918,3.06320571899414,-1.45589888095856,K,17
OUTPUT,NaN,NaN,NaN,NaN,NaN,NaN

INPUT,0.398397982120514,0.0359204523265362,0.79086297750473,-2.80373477935791,3.06089687347412,-1.43215215206146,K,18
OUTPUT,NaN,NaN,NaN,NaN,NaN,NaN

INPUT,0.400031864643097,0.0359490029513836,0.794245779514313,-2.8177011013031,3.0595326423645,-1.41790926456451,K,19
OUTPUT,NaN,NaN,NaN,NaN,NaN,NaN

INPUT,0.400576502084732,0.0359585210680962,0.795373380184174,-2.82235789299011,3.05908155441284,-1.41316246986389,K,20
OUTPUT,NaN,NaN,NaN,NaN,NaN,NaN

INPUT,0.360624521970749,0.0384762361645699,0.722474157810211,-2.53115510940552,3.11063289642334,-1.8769097328186,K,11
OUTPUT,NaN,NaN,NaN,NaN,NaN,NaN

INPUT,0.365534871816635,0.0389402247965336,0.733797669410706,-2.56800580024719,3.10724711418152,-1.83679974079132,K,12
OUTPUT,NaN,NaN,NaN,NaN,NaN,NaN

INPUT,0.370445221662521,0.0394042134284973,0.7451211810112,-2.60514950752258,3.10391187667847,-1.79697811603546,K,13
OUTPUT,NaN,NaN,NaN,NaN,NaN,NaN

INPUT,0.375355541706085,0.039868202060461,0.756444692611694,-2.64251160621643,3.1006326675415,-1.75737047195435,K,14
OUTPUT,NaN,NaN,NaN,NaN,NaN,NaN

INPUT,0.380265861749649,0.0403321906924248,0.767768204212189,-2.68004155158997,3.09741401672363,-1.71792507171631,K,15
OUTPUT,NaN,NaN,NaN,NaN,NaN,NaN

INPUT,0.384685188531876,0.0407497808337212,0.777959406375885,-2.71393179893494,3.09457278251648,-1.68253302574158,K,16
OUTPUT,NaN,NaN,NaN,NaN,NaN,NaN

INPUT,0.388122409582138,0.0410745702683926,0.785885870456696,-2.7403519153595,3.09240198135376,-1.65506386756897,K,17
OUTPUT,NaN,NaN,NaN,NaN,NaN,NaN

INPUT,0.390577584505081,0.0413065664470196,0.79154759645462,-2.75925159454346,3.09087300300598,-1.63546943664551,K,18
OUTPUT,NaN,NaN,NaN,NaN,NaN,NaN

INPUT,0.392050683498383,0.0414457619190216,0.794944643974304,-2.77060174942017,3.0899646282196,-1.62372219562531,K,19
OUTPUT,NaN,NaN,NaN,NaN,NaN,NaN

INPUT,0.392541706562042,0.0414921604096889,0.796077013015747,-2.7743866443634,3.08966326713562,-1.61980795860291,K,20
OUTPUT,NaN,NaN,NaN,NaN,NaN,NaN

INPUT,0.350187003612518,0.0286864191293716,0.74421089887619,0.449336022138596,3.04368948936462,1.48335945606232,K,13
OUTPUT,NaN,NaN,NaN,NaN,NaN,NaN

INPUT,0.353168040513992,0.0281297210603952,0.755447685718536,0.399557799100876,3.03524994850159,1.53221678733826,K,14
OUTPUT,NaN,NaN,NaN,NaN,NaN,NaN

INPUT,0.356149047613144,0.0275730229914188,0.766684532165527,0.349824398756027,3.02706861495972,1.58116281032562,K,15
OUTPUT,NaN,NaN,NaN,NaN,NaN,NaN

INPUT,0.358831942081451,0.0270719937980175,0.776797711849213,0.305089503526688,3.01994276046753,1.62527811527252,K,16
OUTPUT,NaN,NaN,NaN,NaN,NaN,NaN

INPUT,0.360918641090393,0.0266823060810566,0.784663498401642,0.270306199789047,3.01456522941589,1.65962672233582,K,17
OUTPUT,NaN,NaN,NaN,NaN,NaN,NaN

INPUT,0.362409174442291,0.0264039561152458,0.790281891822815,0.245464712381363,3.01081657409668,1.68417930603027,K,18
OUTPUT,NaN,NaN,NaN,NaN,NaN,NaN

INPUT,0.363303452730179,0.0262369457632303,0.793652951717377,0.230560854077339,3.00860524177551,1.69891762733459,K,19
OUTPUT,NaN,NaN,NaN,NaN,NaN,NaN

INPUT,0.363601565361023,0.0261812768876553,0.794776618480682,0.225593060255051,3.00787472724915,1.70383155345917,K,20
OUTPUT,NaN,NaN,NaN,NaN,NaN,NaN

INPUT,0.369123131036758,0.0317653864622116,0.72150045633316,-2.859943151474,3.07756304740906,-1.82680308818817,K,11
OUTPUT,NaN,NaN,NaN,NaN,NaN,NaN

INPUT,0.375032067298889,0.0314398296177387,0.732710957527161,-2.92010021209717,3.07095050811768,-1.76534295082092,K,12
OUTPUT,NaN,NaN,NaN,NaN,NaN,NaN

INPUT,0.38094100356102,0.0311142690479755,0.743921458721161,-2.98038077354431,3.06459879875183,-1.70397841930389,K,13
OUTPUT,NaN,NaN,NaN,NaN,NaN,NaN

INPUT,0.386849939823151,0.0307887103408575,0.755131900310516,-3.0407567024231,3.05853176116943,-1.64268052577972,K,14
OUTPUT,NaN,NaN,NaN,NaN,NaN,NaN

INPUT,0.392758876085281,0.0304631516337395,0.766342401504517,-3.10120940208435,3.05277156829834,-1.5814288854599,K,15
OUTPUT,NaN,NaN,NaN,NaN,NaN,NaN

INPUT,0.398076921701431,0.0301701482385397,0.776431858539581,3.12751507759094,3.04786777496338,-1.52633035182953,K,16
OUTPUT,NaN,NaN,NaN,NaN,NaN,NaN

INPUT,0.402213156223297,0.0299422573298216,0.78427916765213,3.0851263999939,3.04424715042114,-1.48348903656006,K,17
OUTPUT,NaN,NaN,NaN,NaN,NaN,NaN

INPUT,0.405167639255524,0.02977947704494,0.789884448051453,3.05483460426331,3.0417685508728,-1.45289361476898,K,18
OUTPUT,NaN,NaN,NaN,NaN,NaN,NaN

INPUT,0.406940311193466,0.0296818092465401,0.793247580528259,3.03665399551392,3.04032564163208,-1.43453800678253,K,19
OUTPUT,NaN,NaN,NaN,NaN,NaN,NaN

INPUT,0.407531201839447,0.0296492539346218,0.794368624687195,3.03059315681458,3.03985214233398,-1.42841982841492,K,20
OUTPUT,NaN,NaN,NaN,NaN,NaN,NaN

INPUT,0.378295630216599,0.0488621816039085,0.719653904438019,-2.30791616439819,3.00656390190125,-1.69865393638611,K,11
OUTPUT,NaN,NaN,NaN,NaN,NaN,NaN

INPUT,0.385284721851349,0.0505481548607349,0.730645596981049,-2.34337282180786,2.99135160446167,-1.66220188140869,K,12
OUTPUT,NaN,NaN,NaN,NaN,NaN,NaN

INPUT,0.392273783683777,0.0522341281175613,0.741637289524078,-2.37896156311035,2.97633290290833,-1.62580001354218,K,13
OUTPUT,NaN,NaN,NaN,NaN,NaN,NaN

INPUT,0.399262875318527,0.0539200976490974,0.752628982067108,-2.41466164588928,2.96152758598328,-1.58942079544067,K,14
OUTPUT,NaN,NaN,NaN,NaN,NaN,NaN

INPUT,0.406251937150955,0.0556060709059238,0.763620674610138,-2.45046091079712,2.94695496559143,-1.55304479598999,K,15
OUTPUT,NaN,NaN,NaN,NaN,NaN,NaN

INPUT,0.412542134523392,0.0571234486997128,0.773513197898865,-2.48275780677795,2.93405485153198,-1.52029716968536,K,16
OUTPUT,NaN,NaN,NaN,NaN,NaN,NaN

INPUT,0.417434483766556,0.0583036281168461,0.781207382678986,-2.50792574882507,2.92417144775391,-1.49481523036957,K,17
OUTPUT,NaN,NaN,NaN,NaN,NaN,NaN

INPUT,0.42092901468277,0.0591466128826141,0.7867032289505,-2.52592778205872,2.91719651222229,-1.47660577297211,K,18
OUTPUT,NaN,NaN,NaN,NaN,NaN,NaN

INPUT,0.423025757074356,0.0596524067223072,0.790000736713409,-2.53673887252808,2.91304636001587,-1.46567618846893,K,19
OUTPUT,NaN,NaN,NaN,NaN,NaN,NaN

INPUT,0.42372465133667,0.0598210021853447,0.791099905967712,-2.54034423828125,2.91166877746582,-1.46203243732452,K,20
OUTPUT,NaN,NaN,NaN,NaN,NaN,NaN

INPUT,0.354952871799469,0.0316892229020596,0.734197854995728,0.852184355258942,3.10957026481628,1.54555451869965,K,12
OUTPUT,NaN,NaN,NaN,NaN,NaN,NaN

INPUT,0.358748644590378,0.0313897654414177,0.745564818382263,0.813520073890686,3.10628008842468,1.57987105846405,K,13
OUTPUT,NaN,NaN,NaN,NaN,NaN,NaN

INPUT,0.362544417381287,0.0310903117060661,0.756931841373444,0.77522212266922,3.10303664207458,1.61455798149109,K,14
OUTPUT,NaN,NaN,NaN,NaN,NaN,NaN

INPUT,0.366340190172195,0.0307908579707146,0.768298804759979,0.737200021743774,3.09984445571899,1.64952540397644,K,15
OUTPUT,NaN,NaN,NaN,NaN,NaN,NaN

INPUT,0.369756400585175,0.030521348118782,0.778529107570648,0.70316356420517,3.09701895713806,1.68118369579315,K,16
OUTPUT,NaN,NaN,NaN,NaN,NaN,NaN

INPUT,0.37241342663765,0.0303117297589779,0.786485970020294,0.676788151264191,3.0948543548584,1.70590686798096,K,17
OUTPUT,NaN,NaN,NaN,NaN,NaN,NaN

INPUT,0.374311327934265,0.030162001028657,0.792169511318207,0.657992839813232,3.09332656860352,1.72361218929291,K,18
OUTPUT,NaN,NaN,NaN,NaN,NaN,NaN

INPUT,0.375450074672699,0.0300721656531096,0.795579552650452,0.646731495857239,3.09241771697998,1.73425197601318,K,19
OUTPUT,NaN,NaN,NaN,NaN,NaN,NaN

INPUT,0.375829637050629,0.0300422199070454,0.796716272830963,0.642980217933655,3.09211611747742,1.73780107498169,K,20
OUTPUT,NaN,NaN,NaN,NaN,NaN,NaN

INPUT,0.375218123197556,0.0450226701796055,0.70783144235611,-2.41986727714539,3.02229166030884,-1.86524033546448,K,10
OUTPUT,NaN,NaN,NaN,NaN,NaN,NaN

INPUT,0.382727980613708,0.04642129316926,0.718713998794556,-2.45638084411621,3.00699424743652,-1.82762050628662,K,11
OUTPUT,NaN,NaN,NaN,NaN,NaN,NaN

INPUT,0.390237867832184,0.0478199124336243,0.729596495628357,-2.49304461479187,2.99188137054443,-1.79007506370544,K,12
OUTPUT,NaN,NaN,NaN,NaN,NaN,NaN

INPUT,0.397747725248337,0.0492185354232788,0.740479052066803,-2.52983021736145,2.97697401046753,-1.75256776809692,K,13
OUTPUT,NaN,NaN,NaN,NaN,NaN,NaN

INPUT,0.40525758266449,0.0506171546876431,0.751361548900604,-2.56672096252441,2.96229314804077,-1.71507477760315,K,14
OUTPUT,NaN,NaN,NaN,NaN,NaN,NaN

INPUT,0.412767469882965,0.0520157776772976,0.762244045734406,-2.60370540618896,2.94785904884338,-1.67757821083069,K,15
OUTPUT,NaN,NaN,NaN,NaN,NaN,NaN

INPUT,0.419526338577271,0.0532745383679867,0.772038340568542,-2.63706564903259,2.93509650230408,-1.64381742477417,K,16
OUTPUT,NaN,NaN,NaN,NaN,NaN,NaN

INPUT,0.424783259630203,0.0542535707354546,0.779656052589417,-2.66305923461914,2.92532896995544,-1.61754477024078,K,17
OUTPUT,NaN,NaN,NaN,NaN,NaN,NaN

INPUT,0.428538173437119,0.0549528822302818,0.785097360610962,-2.68165016174316,2.91844177246094,-1.59876918792725,K,18
OUTPUT,NaN,NaN,NaN,NaN,NaN,NaN

INPUT,0.430791139602661,0.0553724691271782,0.788362085819244,-2.69281435012817,2.91434645652771,-1.58749961853027,K,19
OUTPUT,NaN,NaN,NaN,NaN,NaN,NaN

INPUT,0.431542128324509,0.0555123314261436,0.789450347423553,-2.69653725624084,2.91298747062683,-1.58374238014221,K,20
OUTPUT,NaN,NaN,NaN,NaN,NaN,NaN

INPUT,0.377553224563599,0.0423593446612358,0.720208764076233,-2.53737354278564,3.04320025444031,-1.86231529712677,K,11
OUTPUT,NaN,NaN,NaN,NaN,NaN,NaN

INPUT,0.384455025196075,0.0432802923023701,0.731265723705292,-2.57663178443909,3.03224992752075,-1.82203006744385,K,12
OUTPUT,NaN,NaN,NaN,NaN,NaN,NaN

INPUT,0.391356855630875,0.0442012399435043,0.742322683334351,-2.61600661277771,3.02147221565247,-1.78181385993958,K,13
OUTPUT,NaN,NaN,NaN,NaN,NaN,NaN

INPUT,0.398258686065674,0.0451221875846386,0.753379583358765,-2.65547561645508,3.01088452339172,-1.74164092540741,K,14
OUTPUT,NaN,NaN,NaN,NaN,NaN,NaN

INPUT,0.405160516500473,0.0460431352257729,0.764436542987823,-2.69502425193787,3.00050330162048,-1.70149278640747,K,15
OUTPUT,NaN,NaN,NaN,NaN,NaN,NaN

INPUT,0.411372154951096,0.0468719899654388,0.774387776851654,-2.73067784309387,2.99135088920593,-1.66536974906921,K,16
OUTPUT,NaN,NaN,NaN,NaN,NaN,NaN

INPUT,0.416203439235687,0.047516655176878,0.782127678394318,-2.75844383239746,2.98436522483826,-1.63727593421936,K,17
OUTPUT,NaN,NaN,NaN,NaN,NaN,NaN

INPUT,0.419654369354248,0.0479771271348,0.787656128406525,-2.77829456329346,2.9794499874115,-1.61720812320709,K,18
OUTPUT,NaN,NaN,NaN,NaN,NaN,NaN

INPUT,0.421724885702133,0.0482534132897854,0.790973246097565,-2.79021191596985,2.97653150558472,-1.60516679286957,K,19
OUTPUT,NaN,NaN,NaN,NaN,NaN,NaN

INPUT,0.42241507768631,0.0483455061912537,0.792078912258148,-2.79418540000916,2.97556376457214,-1.6011528968811,K,20
OUTPUT,NaN,NaN,NaN,NaN,NaN,NaN

INPUT,0.390367299318314,0.0467179715633392,0.72304892539978,-2.49975848197937,2.98838901519775,-1.78952813148499,K,5
OUTPUT,NaN,NaN,NaN,NaN,NaN,NaN

INPUT,0.403717517852783,0.0491815023124218,0.739940762519836,-2.5699987411499,2.96037244796753,-1.71517622470856,K,6
OUTPUT,NaN,NaN,NaN,NaN,NaN,NaN

INPUT,0.414101034402847,0.0510975793004036,0.753078818321228,-2.62514114379883,2.93922638893127,-1.65761005878448,K,7
OUTPUT,NaN,NaN,NaN,NaN,NaN,NaN

INPUT,0.421517819166183,0.0524662062525749,0.7624631524086,-2.66474342346191,2.92450952529907,-1.61656129360199,K,8
OUTPUT,NaN,NaN,NaN,NaN,NaN,NaN

INPUT,0.425967901945114,0.0532873794436455,0.768093764781952,-2.68858003616333,2.91584634780884,-1.59194612503052,K,9
OUTPUT,NaN,NaN,NaN,NaN,NaN,NaN

INPUT,0.37452819943428,0.0351563766598701,0.732022047042847,-2.60154151916504,3.08225345611572,-1.65647351741791,K,5
OUTPUT,NaN,NaN,NaN,NaN,NaN,NaN

INPUT,0.383342176675797,0.035258911550045,0.747653007507324,-2.68011975288391,3.07347726821899,-1.56800961494446,K,6
OUTPUT,NaN,NaN,NaN,NaN,NaN,NaN

INPUT,0.390197455883026,0.0353386625647545,0.759810447692871,-2.74203824996948,3.06697559356689,-1.49997317790985,K,7
OUTPUT,NaN,NaN,NaN,NaN,NaN,NaN

INPUT,0.395094126462936,0.0353956297039986,0.768494307994843,-2.78657722473145,3.06252241134644,-1.45166838169098,K,8
OUTPUT,NaN,NaN,NaN,NaN,NaN,NaN

INPUT,0.39803209900856,0.035429809242487,0.773704648017883,-2.81340146064758,3.05993127822876,-1.42277872562408,K,9
OUTPUT,NaN,NaN,NaN,NaN,NaN,NaN

INPUT,0.369320064783096,0.0389814227819443,0.732215881347656,-2.59830546379089,3.10449004173279,-1.82365226745605,K,5
OUTPUT,NaN,NaN,NaN,NaN,NaN,NaN

INPUT,0.377331048250198,0.0397511161863804,0.748015582561493,-2.660564661026,3.09897065162659,-1.74915242195129,K,6
OUTPUT,NaN,NaN,NaN,NaN,NaN,NaN

INPUT,0.383561819791794,0.0403497703373432,0.760304272174835,-2.70997714996338,3.09481334686279,-1.69218635559082,K,7
OUTPUT,NaN,NaN,NaN,NaN,NaN,NaN

INPUT,0.388012379407883,0.0407773815095425,0.769081890583038,-2.74565720558167,3.09192371368408,-1.65187525749207,K,8
OUTPUT,NaN,NaN,NaN,NaN,NaN,NaN

INPUT,0.390682697296143,0.0410339459776878,0.774348437786102,-2.76719045639038,3.09022402763367,-1.62781119346619,K,9
OUTPUT,NaN,NaN,NaN,NaN,NaN,NaN

INPUT,0.369610816240311,0.0318565666675568,0.716213822364807,-2.86501049995422,3.07805037498474,-1.85759437084198,K,4
OUTPUT,NaN,NaN,NaN,NaN,NaN,NaN

INPUT,0.379114151000977,0.0313318409025669,0.731635093688965,-2.96538138389587,3.06662964820862,-1.7418909072876,K,5
OUTPUT,NaN,NaN,NaN,NaN,NaN,NaN

INPUT,0.388617545366287,0.0308071132749319,0.747056424617767,-3.06776571273804,3.05607914924622,-1.62811207771301,K,6
OUTPUT,NaN,NaN,NaN,NaN,NaN,NaN

INPUT,0.396009027957916,0.0303989928215742,0.759050786495209,3.13489770889282,3.04855513572693,-1.54044306278229,K,7
OUTPUT,NaN,NaN,NaN,NaN,NaN,NaN

INPUT,0.401288688182831,0.0301074776798487,0.767618179321289,3.07704091072083,3.04357957839966,-1.47812914848328,K,8
OUTPUT,NaN,NaN,NaN,NaN,NaN,NaN

INPUT,0.404456466436386,0.0299325678497553,0.772758603096008,3.04221701622009,3.04076242446899,-1.44083666801453,K,9
OUTPUT,NaN,NaN,NaN,NaN,NaN,NaN

INPUT,0.378796756267548,0.046967688947916,0.716017425060272,-2.29444599151611,3.00485134124756,-1.703777551651,K,4
OUTPUT,NaN,NaN,NaN,NaN,NaN,NaN

INPUT,0.389694452285767,0.0496875271201134,0.730737388134003,-2.35957407951355,2.97916746139526,-1.64021873474121,K,5
OUTPUT,NaN,NaN,NaN,NaN,NaN,NaN

INPUT,0.40059220790863,0.0524073652923107,0.745457351207733,-2.42462301254272,2.95415425300598,-1.57631552219391,K,6
OUTPUT,NaN,NaN,NaN,NaN,NaN,NaN

INPUT,0.409068197011948,0.0545227937400341,0.756906270980835,-2.47522473335266,2.93523073196411,-1.52641594409943,K,7
OUTPUT,NaN,NaN,NaN,NaN,NaN,NaN

INPUT,0.415122479200363,0.0560338161885738,0.765084028244019,-2.51139116287231,2.92202854156494,-1.49067771434784,K,8
OUTPUT,NaN,NaN,NaN,NaN,NaN,NaN

INPUT,0.418755054473877,0.0569404289126396,0.769990682601929,-2.53310418128967,2.91424131393433,-1.46919822692871,K,9
OUTPUT,NaN,NaN,NaN,NaN,NaN,NaN

INPUT,0.361087173223495,0.0317839607596397,0.738393247127533,0.82411128282547,3.1062183380127,1.59340310096741,K,5
OUTPUT,NaN,NaN,NaN,NaN,NaN,NaN

INPUT,0.366679430007935,0.031370434910059,0.752198338508606,0.75742906332016,3.10101532936096,1.64390027523041,K,6
OUTPUT,NaN,NaN,NaN,NaN,NaN,NaN

INPUT,0.371028989553452,0.0310488063842058,0.762935638427734,0.706853806972504,3.09706258773804,1.68447279930115,K,7
OUTPUT,NaN,NaN,NaN,NaN,NaN,NaN

INPUT,0.374135792255402,0.03081907145679,0.770605146884918,0.671233177185059,3.09429478645325,1.71396267414093,K,8
OUTPUT,NaN,NaN,NaN,NaN,NaN,NaN

INPUT,0.37599989771843,0.0306812301278114,0.775206804275513,0.650025188922882,3.09265780448914,1.7318229675293,K,9
OUTPUT,NaN,NaN,NaN,NaN,NaN,NaN

INPUT,0.355169147253036,0.028856448829174,0.743000268936157,0.421041667461395,3.03970456123352,1.50598502159119,K,5
OUTPUT,NaN,NaN,NaN,NaN,NaN,NaN

INPUT,0.359140396118164,0.0281081013381481,0.754504024982452,0.350800633430481,3.02772688865662,1.57724547386169,K,6
OUTPUT,NaN,NaN,NaN,NaN,NaN,NaN

INPUT,0.362229138612747,0.0275260545313358,0.763451397418976,0.296068847179413,3.01880121231079,1.63263523578644,K,7
OUTPUT,NaN,NaN,NaN,NaN,NaN,NaN

INPUT,0.364435374736786,0.0271103046834469,0.769842386245728,0.256929337978363,3.01265144348145,1.67219018936157,K,8
OUTPUT,NaN,NaN,NaN,NaN,NaN,NaN

INPUT,0.365759134292603,0.0268608573824167,0.773676931858063,0.233429089188576,3.00905680656433,1.69592130184174,K,9
OUTPUT,NaN,NaN,NaN,NaN,NaN,NaN

INPUT,0.378085941076279,0.0414500124752522,0.716143369674683,-2.52758002281189,3.04295778274536,-1.87095284461975,K,4
OUTPUT,NaN,NaN,NaN,NaN,NaN,NaN

INPUT,0.388997435569763,0.0429774075746536,0.731022655963898,-2.59785652160645,3.02422523498535,-1.79946720600128,K,5
OUTPUT,NaN,NaN,NaN,NaN,NaN,NaN

INPUT,0.39990895986557,0.0445047989487648,0.745901942253113,-2.66837430000305,3.00608158111572,-1.72806906700134,K,6
OUTPUT,NaN,NaN,NaN,NaN,NaN,NaN

INPUT,0.408395677804947,0.0456927716732025,0.757474660873413,-2.72335290908813,2.99243569374084,-1.67255115509033,K,7
OUTPUT,NaN,NaN,NaN,NaN,NaN,NaN

INPUT,0.414457648992538,0.0465413257479668,0.765740931034088,-2.76268529891968,2.98296427726746,-1.63288974761963,K,8
OUTPUT,NaN,NaN,NaN,NaN,NaN,NaN

INPUT,0.4180948138237,0.0470504574477673,0.770700693130493,-2.78630781173706,2.97739863395691,-1.60908794403076,K,9
OUTPUT,NaN,NaN,NaN,NaN,NaN,NaN

INPUT,0.362826257944107,0.0385074876248837,0.722174823284149,-2.22111773490906,3.12003302574158,-1.65333664417267,K,11
OUTPUT,NaN,NaN,NaN,NaN,NaN,NaN

INPUT,0.367995411157608,0.0389752797782421,0.733463108539581,-2.25115895271301,3.11766076087952,-1.61659801006317,K,12
OUTPUT,NaN,NaN,NaN,NaN,NaN,NaN

INPUT,0.373164564371109,0.0394430682063103,0.744751393795013,-2.2818021774292,3.11531519889832,-1.58045971393585,K,13
OUTPUT,NaN,NaN,NaN,NaN,NaN,NaN

INPUT,0.37833371758461,0.0399108529090881,0.756039679050446,-2.31289434432983,3.11299848556519,-1.54476833343506,K,14
OUTPUT,NaN,NaN,NaN,NaN,NaN,NaN

INPUT,0.383502870798111,0.0403786413371563,0.767327904701233,-2.34433054924011,3.11071372032166,-1.50941836833954,K,15
OUTPUT,NaN,NaN,NaN,NaN,NaN,NaN

INPUT,0.388155102729797,0.0407996512949467,0.777487397193909,-2.37285447120667,3.10868644714355,-1.47783327102661,K,16
OUTPUT,NaN,NaN,NaN,NaN,NaN,NaN

INPUT,0.391773521900177,0.0411271043121815,0.785389184951782,-2.39516448974609,3.10713028907776,-1.45339012145996,K,17
OUTPUT,NaN,NaN,NaN,NaN,NaN,NaN

INPUT,0.394358098506927,0.0413610003888607,0.791033327579498,-2.41115713119507,3.10603022575378,-1.43598711490631,K,18
OUTPUT,NaN,NaN,NaN,NaN,NaN,NaN

INPUT,0.395908832550049,0.0415013357996941,0.794419765472412,-2.42077350616455,3.10537481307983,-1.42556571960449,K,19
OUTPUT,NaN,NaN,NaN,NaN,NaN,NaN

INPUT,0.396425753831863,0.0415481142699718,0.795548617839813,-2.42398238182068,3.10515713691711,-1.42209506034851,K,20
OUTPUT,NaN,NaN,NaN,NaN,NaN,NaN

INPUT,0.368799299001694,0.0456512682139874,0.720145404338837,-2.19595909118652,3.05848836898804,-1.68677604198456,K,11
OUTPUT,NaN,NaN,NaN,NaN,NaN,NaN

INPUT,0.374671757221222,0.0469595864415169,0.731193959712982,-2.22511100769043,3.04904413223267,-1.65596747398376,K,12
OUTPUT,NaN,NaN,NaN,NaN,NaN,NaN

INPUT,0.38054421544075,0.0482679046690464,0.742242574691772,-2.25442862510681,3.03968286514282,-1.62529873847961,K,13
OUTPUT,NaN,NaN,NaN,NaN,NaN,NaN

INPUT,0.386416673660278,0.0495762228965759,0.753291189670563,-2.28387355804443,3.03041315078735,-1.59472894668579,K,14
OUTPUT,NaN,NaN,NaN,NaN,NaN,NaN

INPUT,0.392289131879807,0.0508845411241055,0.764339745044708,-2.31342029571533,3.02124333381653,-1.56422972679138,K,15
OUTPUT,NaN,NaN,NaN,NaN,NaN,NaN

INPUT,0.397574365139008,0.052062027156353,0.774283528327942,-2.34008383750916,3.01308298110962,-1.53682398796082,K,16
OUTPUT,NaN,NaN,NaN,NaN,NaN,NaN

INPUT,0.40168508887291,0.0529778487980366,0.782017529010773,-2.36086297035217,3.00680041313171,-1.51552975177765,K,17
OUTPUT,NaN,NaN,NaN,NaN,NaN,NaN

INPUT,0.404621303081512,0.0536320097744465,0.787541806697845,-2.37572455406189,3.00234913825989,-1.50032818317413,K,18
OUTPUT,NaN,NaN,NaN,NaN,NaN,NaN

INPUT,0.406383037567139,0.0540245026350021,0.790856420993805,-2.38464903831482,2.99969339370728,-1.49121010303497,K,19
OUTPUT,NaN,NaN,NaN,NaN,NaN,NaN

INPUT,0.406970292329788,0.0541553348302841,0.791961252689362,-2.38762497901917,2.99881052970886,-1.48817121982574,K,20
OUTPUT,NaN,NaN,NaN,NaN,NaN,NaN

INPUT,0.363923758268356,0.0428482294082642,0.72176992893219,-2.13103699684143,3.07904076576233,-1.63497889041901,K,11
OUTPUT,NaN,NaN,NaN,NaN,NaN,NaN

INPUT,0.369248747825623,0.0438225455582142,0.732993900775909,-2.15960144996643,3.07192516326904,-1.60514736175537,K,12
OUTPUT,NaN,NaN,NaN,NaN,NaN,NaN

INPUT,0.374573737382889,0.0447968617081642,0.744217872619629,-2.18829035758972,3.06486892700195,-1.57542562484741,K,13
OUTPUT,NaN,NaN,NaN,NaN,NaN,NaN

INPUT,0.379898697137833,0.0457711778581142,0.755441904067993,-2.21707344055176,3.05787825584412,-1.54578268527985,K,14
OUTPUT,NaN,NaN,NaN,NaN,NaN,NaN

INPUT,0.385223686695099,0.0467454940080643,0.766665875911713,-2.24593114852905,3.05095887184143,-1.51619708538055,K,15
OUTPUT,NaN,NaN,NaN,NaN,NaN,NaN

INPUT,0.390016168355942,0.0476223789155483,0.776767432689667,-2.27195525169373,3.04479718208313,-1.48960661888123,K,16
OUTPUT,NaN,NaN,NaN,NaN,NaN,NaN

INPUT,0.39374366402626,0.0483043976128101,0.784624218940735,-2.2922248840332,3.04005098342896,-1.46894335746765,K,17
OUTPUT,NaN,NaN,NaN,NaN,NaN,NaN

INPUT,0.396406143903732,0.0487915575504303,0.790236234664917,-2.30671739578247,3.03668665885925,-1.4541916847229,K,18
OUTPUT,NaN,NaN,NaN,NaN,NaN,NaN

INPUT,0.39800363779068,0.0490838512778282,0.793603420257568,-2.31541776657104,3.03467869758606,-1.44534337520599,K,19
OUTPUT,NaN,NaN,NaN,NaN,NaN,NaN

INPUT,0.398536145687103,0.0491812825202942,0.794725835323334,-2.31831884384155,3.03401112556458,-1.44239437580109,K,20
OUTPUT,NaN,NaN,NaN,NaN,NaN,NaN

INPUT,0.372138112783432,0.0389678999781609,0.731864511966705,-2.28647994995117,3.11549496650696,-1.61423981189728,K,5
OUTPUT,NaN,NaN,NaN,NaN,NaN,NaN

INPUT,0.380684077739716,0.0397243052721024,0.747595548629761,-2.33378720283508,3.1116795539856,-1.54288017749786,K,6
OUTPUT,NaN,NaN,NaN,NaN,NaN,NaN

INPUT,0.387330919504166,0.040312621742487,0.759830832481384,-2.37249612808228,3.10878157615662,-1.48928809165955,K,7
OUTPUT,NaN,NaN,NaN,NaN,NaN,NaN

INPUT,0.392078667879105,0.0407328493893147,0.768570303916931,-2.40089750289917,3.1067533493042,-1.45175743103027,K,8
OUTPUT,NaN,NaN,NaN,NaN,NaN,NaN

INPUT,0.394927322864532,0.0409849844872952,0.773813962936401,-2.41818380355835,3.10555386543274,-1.42948353290558,K,9
OUTPUT,NaN,NaN,NaN,NaN,NaN,NaN

INPUT,0.369166374206543,0.0444224961102009,0.71474152803421,-2.19370532035828,3.05789303779602,-1.6995233297348,K,4
OUTPUT,NaN,NaN,NaN,NaN,NaN,NaN

INPUT,0.378624141216278,0.0464831441640854,0.729941785335541,-2.24420380592346,3.04174256324768,-1.64235413074493,K,5
OUTPUT,NaN,NaN,NaN,NaN,NaN,NaN

INPUT,0.388081878423691,0.0485437996685505,0.745142042636871,-2.29566788673401,3.02588057518005,-1.58606398105621,K,6
OUTPUT,NaN,NaN,NaN,NaN,NaN,NaN

INPUT,0.395437896251678,0.0501465275883675,0.756964504718781,-2.33594179153442,3.01383066177368,-1.54286897182465,K,7
OUTPUT,NaN,NaN,NaN,NaN,NaN,NaN

INPUT,0.400692224502563,0.0512913353741169,0.765409111976624,-2.3646924495697,3.00541424751282,-1.51235663890839,K,8
OUTPUT,NaN,NaN,NaN,NaN,NaN,NaN

INPUT,0.403844803571701,0.0519782193005085,0.7704758644104,-2.3818998336792,3.00045013427734,-1.49419796466827,K,9
OUTPUT,NaN,NaN,NaN,NaN,NaN,NaN

INPUT,0.373099982738495,0.0434206277132034,0.731573939323425,-2.18153834342957,3.06631088256836,-1.59491336345673,K,5
OUTPUT,NaN,NaN,NaN,NaN,NaN,NaN

INPUT,0.381731450557709,0.0449274964630604,0.747150301933289,-2.23038244247437,3.05439424514771,-1.53901529312134,K,6
OUTPUT,NaN,NaN,NaN,NaN,NaN,NaN

INPUT,0.388444811105728,0.0460995025932789,0.759265184402466,-2.26881241798401,3.04532980918884,-1.49631285667419,K,7
OUTPUT,NaN,NaN,NaN,NaN,NaN,NaN

INPUT,0.393240064382553,0.0469366535544395,0.767918705940247,-2.29632925987244,3.03899049758911,-1.46621823310852,K,8
OUTPUT,NaN,NaN,NaN,NaN,NaN,NaN

INPUT,0.396117210388184,0.0474389418959618,0.773110806941986,-2.31282567977905,3.03524804115295,-1.44832873344421,K,9
OUTPUT,NaN,NaN,NaN,NaN,NaN,NaN

INPUT,0.363456577062607,0.0322783477604389,0.733138918876648,-2.68244099617004,3.13701033592224,-1.78756272792816,K,12
OUTPUT,NaN,NaN,NaN,NaN,NaN,NaN

INPUT,0.368147999048233,0.0320411995053291,0.744393169879913,-2.71981692314148,3.13666009902954,-1.73076188564301,K,13
OUTPUT,NaN,NaN,NaN,NaN,NaN,NaN

INPUT,0.372839391231537,0.0318040549755096,0.755647420883179,-2.75846409797668,3.13632035255432,-1.67523229122162,K,14
OUTPUT,NaN,NaN,NaN,NaN,NaN,NaN

INPUT,0.377530813217163,0.0315669067203999,0.766901612281799,-2.79811811447144,3.13599181175232,-1.62070953845978,K,15
OUTPUT,NaN,NaN,NaN,NaN,NaN,NaN

INPUT,0.381753087043762,0.0313534773886204,0.777030467987061,-2.83450388908386,3.13570666313171,-1.5723363161087,K,16
OUTPUT,NaN,NaN,NaN,NaN,NaN,NaN

INPUT,0.385037064552307,0.0311874728649855,0.784908413887024,-2.86318564414978,3.13549208641052,-1.53509402275085,K,17
OUTPUT,NaN,NaN,NaN,NaN,NaN,NaN

INPUT,0.38738277554512,0.0310689006000757,0.790535509586334,-2.88385033607483,3.13534259796143,-1.50867009162903,K,18
OUTPUT,NaN,NaN,NaN,NaN,NaN,NaN

INPUT,0.388790190219879,0.0309977568686008,0.793911814689636,-2.89631390571594,3.13525462150574,-1.49288058280945,K,19
OUTPUT,NaN,NaN,NaN,NaN,NaN,NaN

INPUT,0.389259338378906,0.0309740416705608,0.79503720998764,-2.90047836303711,3.13522553443909,-1.48762738704681,K,20
OUTPUT,NaN,NaN,NaN,NaN,NaN,NaN

INPUT,0.361809134483337,0.0359411835670471,0.721707165241241,-2.40656495094299,3.10579371452332,-1.70067048072815,K,11
OUTPUT,NaN,NaN,NaN,NaN,NaN,NaN

INPUT,0.366858035326004,0.0361068062484264,0.73294198513031,-2.44618129730225,3.10188627243042,-1.65724301338196,K,12
OUTPUT,NaN,NaN,NaN,NaN,NaN,NaN

INPUT,0.371906965970993,0.0362724252045155,0.744176805019379,-2.48614001274109,3.09804701805115,-1.61415135860443,K,13
OUTPUT,NaN,NaN,NaN,NaN,NaN,NaN

INPUT,0.37695586681366,0.0364380478858948,0.755411565303802,-2.52635359764099,3.09428262710571,-1.57130789756775,K,14
OUTPUT,NaN,NaN,NaN,NaN,NaN,NaN

INPUT,0.382004797458649,0.0366036668419838,0.766646385192871,-2.56676316261292,3.09060001373291,-1.52865278720856,K,15
OUTPUT,NaN,NaN,NaN,NaN,NaN,NaN

INPUT,0.386548817157745,0.0367527268826962,0.776757717132568,-2.60326361656189,3.08736038208008,-1.49038887023926,K,16
OUTPUT,NaN,NaN,NaN,NaN,NaN,NaN

INPUT,0.390083074569702,0.0368686579167843,0.784622073173523,-2.63172435760498,3.08489274978638,-1.46069467067719,K,17
OUTPUT,NaN,NaN,NaN,NaN,NaN,NaN

INPUT,0.392607539892197,0.0369514711201191,0.79023951292038,-2.65208601951599,3.08315944671631,-1.43951499462128,K,18
OUTPUT,NaN,NaN,NaN,NaN,NaN,NaN

INPUT,0.394122213125229,0.0370011553168297,0.793609917163849,-2.66431498527527,3.0821316242218,-1.42681813240051,K,19
OUTPUT,NaN,NaN,NaN,NaN,NaN,NaN

INPUT,0.394627094268799,0.0370177179574966,0.79473340511322,-2.66839337348938,3.08179092407227,-1.42258751392365,K,20
OUTPUT,NaN,NaN,NaN,NaN,NaN,NaN

INPUT,0.359449684619904,0.037538468837738,0.733075320720673,-2.16353940963745,3.10535454750061,-1.65711212158203,K,12
OUTPUT,NaN,NaN,NaN,NaN,NaN,NaN

INPUT,0.36371985077858,0.0378550887107849,0.744321882724762,-2.18841958045959,3.1017062664032,-1.62869226932526,K,13
OUTPUT,NaN,NaN,NaN,NaN,NaN,NaN

INPUT,0.367990016937256,0.0381717123091221,0.755568444728851,-2.21359705924988,3.09808611869812,-1.60056614875793,K,14
OUTPUT,NaN,NaN,NaN,NaN,NaN,NaN

INPUT,0.372260183095932,0.038488332182169,0.766815006732941,-2.23900246620178,3.09449672698975,-1.57266354560852,K,15
OUTPUT,NaN,NaN,NaN,NaN,NaN,NaN

INPUT,0.376103341579437,0.0387732908129692,0.776936888694763,-2.26202082633972,3.09129476547241,-1.54770112037659,K,16
OUTPUT,NaN,NaN,NaN,NaN,NaN,NaN

INPUT,0.379092454910278,0.0389949269592762,0.784809529781342,-2.28000664710999,3.08882403373718,-1.52836561203003,K,17
OUTPUT,NaN,NaN,NaN,NaN,NaN,NaN

INPUT,0.381227552890778,0.0391532368957996,0.790432810783386,-2.29289174079895,3.08707070350647,-1.51459121704102,K,18
OUTPUT,NaN,NaN,NaN,NaN,NaN,NaN

INPUT,0.382508605718613,0.0392482243478298,0.793806731700897,-2.30063652992249,3.0860230922699,-1.50633978843689,K,19
OUTPUT,NaN,NaN,NaN,NaN,NaN,NaN

INPUT,0.382935613393784,0.0392798855900764,0.794931411743164,-2.30322027206421,3.08567476272583,-1.50359129905701,K,20
OUTPUT,NaN,NaN,NaN,NaN,NaN,NaN

INPUT,0.375237196683884,0.0393491983413696,0.720282137393951,-2.48848724365234,3.04769515991211,-1.73225855827332,K,11
OUTPUT,NaN,NaN,NaN,NaN,NaN,NaN

INPUT,0.381864458322525,0.039915531873703,0.731351494789124,-2.53229808807373,3.03738117218018,-1.68697202205658,K,12
OUTPUT,NaN,NaN,NaN,NaN,NaN,NaN

INPUT,0.388491749763489,0.0404818691313267,0.742420852184296,-2.57626438140869,3.02727389335632,-1.64179348945618,K,13
OUTPUT,NaN,NaN,NaN,NaN,NaN,NaN

INPUT,0.395118981599808,0.0410482063889503,0.753490209579468,-2.62035322189331,3.01739311218262,-1.59668695926666,K,14
OUTPUT,NaN,NaN,NaN,NaN,NaN,NaN

INPUT,0.401746273040771,0.0416145399212837,0.76455956697464,-2.66454362869263,3.0077588558197,-1.55162739753723,K,15
OUTPUT,NaN,NaN,NaN,NaN,NaN,NaN

INPUT,0.407710790634155,0.0421242415904999,0.774521946907043,-2.70438861846924,2.99931478500366,-1.51109910011292,K,16
OUTPUT,NaN,NaN,NaN,NaN,NaN,NaN

INPUT,0.412349879741669,0.0425206795334816,0.782270491123199,-2.73542237281799,2.99290490150452,-1.47958707809448,K,17
OUTPUT,NaN,NaN,NaN,NaN,NaN,NaN

INPUT,0.415663510560989,0.0428038462996483,0.787805199623108,-2.75761008262634,2.9884147644043,-1.45708179473877,K,18
OUTPUT,NaN,NaN,NaN,NaN,NaN,NaN

INPUT,0.417651683092117,0.0429737456142902,0.791126012802124,-2.77093100547791,2.98575711250305,-1.44357931613922,K,19
OUTPUT,NaN,NaN,NaN,NaN,NaN,NaN

INPUT,0.418314427137375,0.0430303812026978,0.792232930660248,-2.77537250518799,2.98487734794617,-1.43907845020294,K,20
OUTPUT,NaN,NaN,NaN,NaN,NaN,NaN

INPUT,0.339931905269623,0.0226603094488382,0.751134395599365,0.427203416824341,2.96279978752136,1.54293870925903,K,14
OUTPUT,NaN,NaN,NaN,NaN,NaN,NaN

INPUT,0.341761767864227,0.0216280184686184,0.76199609041214,0.37817645072937,2.94904208183289,1.59148561954498,K,15
OUTPUT,NaN,NaN,NaN,NaN,NaN,NaN

INPUT,0.343408674001694,0.0206989571452141,0.771771609783173,0.334024876356125,2.93704915046692,1.63525927066803,K,16
OUTPUT,NaN,NaN,NaN,NaN,NaN,NaN

INPUT,0.344689577817917,0.0199763532727957,0.779374778270721,0.299662321805954,2.92799162864685,1.66935670375824,K,17
OUTPUT,NaN,NaN,NaN,NaN,NaN,NaN

INPUT,0.345604538917542,0.0194602068513632,0.784805655479431,0.275104314088821,2.92167377471924,1.69373857975006,K,18
OUTPUT,NaN,NaN,NaN,NaN,NaN,NaN

INPUT,0.346153497695923,0.0191505216062069,0.788064122200012,0.260363668203354,2.91794538497925,1.70837819576263,K,19
OUTPUT,NaN,NaN,NaN,NaN,NaN,NaN

INPUT,0.346336483955383,0.0190472919493914,0.789150297641754,0.255449205636978,2.91671323776245,1.71325981616974,K,20
OUTPUT,NaN,NaN,NaN,NaN,NaN,NaN

INPUT,0.370656102895737,0.035878624767065,0.731303334236145,-2.47931885719299,3.09874820709229,-1.64361023902893,K,5
OUTPUT,NaN,NaN,NaN,NaN,NaN,NaN

INPUT,0.378902643918991,0.0360925905406475,0.746951043605804,-2.54609298706055,3.09239935874939,-1.56276977062225,K,6
OUTPUT,NaN,NaN,NaN,NaN,NaN,NaN

INPUT,0.385316580533981,0.0362590067088604,0.759121477603912,-2.59916043281555,3.08764362335205,-1.50101041793823,K,7
OUTPUT,NaN,NaN,NaN,NaN,NaN,NaN

INPUT,0.389898002147675,0.0363778732717037,0.767814636230469,-2.63750576972961,3.08435392379761,-1.45732760429382,K,8
OUTPUT,NaN,NaN,NaN,NaN,NaN,NaN

INPUT,0.392646849155426,0.0364491939544678,0.773030579090118,-2.66065549850464,3.08242583274841,-1.43125712871552,K,9
OUTPUT,NaN,NaN,NaN,NaN,NaN,NaN

INPUT,0.375618129968643,0.0385471284389496,0.715732753276825,-2.48200345039368,3.04740691184998,-1.74611675739288,K,4
OUTPUT,NaN,NaN,NaN,NaN,NaN,NaN

INPUT,0.386148631572723,0.0394379906356335,0.730753540992737,-2.55878591537476,3.02979183197021,-1.66419291496277,K,5
OUTPUT,NaN,NaN,NaN,NaN,NaN,NaN

INPUT,0.396679103374481,0.0403288528323174,0.745774388313293,-2.63633394241333,3.01287889480591,-1.58288145065308,K,6
OUTPUT,NaN,NaN,NaN,NaN,NaN,NaN

INPUT,0.404869467020035,0.0410217493772507,0.757457256317139,-2.69701194763184,3.00027894973755,-1.51988589763641,K,7
OUTPUT,NaN,NaN,NaN,NaN,NaN,NaN

INPUT,0.410719722509384,0.0415166728198528,0.765802145004272,-2.74050331115723,2.99160623550415,-1.47497320175171,K,8
OUTPUT,NaN,NaN,NaN,NaN,NaN,NaN

INPUT,0.414229899644852,0.0418136268854141,0.770809054374695,-2.76664924621582,2.9865415096283,-1.44804966449738,K,9
OUTPUT,NaN,NaN,NaN,NaN,NaN,NaN

INPUT,0.363948851823807,0.0324408151209354,0.725006401538849,-2.72381496429443,3.13617444038391,-1.88321316242218,K,4
OUTPUT,NaN,NaN,NaN,NaN,NaN,NaN

INPUT,0.37061595916748,0.0320445038378239,0.738249957561493,-2.76688432693481,3.13588356971741,-1.77480518817902,K,5
OUTPUT,NaN,NaN,NaN,NaN,NaN,NaN

INPUT,0.377283066511154,0.031648188829422,0.751493513584137,-2.81298661231995,3.1356201171875,-1.66942942142487,K,6
OUTPUT,NaN,NaN,NaN,NaN,NaN,NaN

INPUT,0.382468581199646,0.0313399471342564,0.761794090270996,-2.85051512718201,3.13543558120728,-1.5891420841217,K,7
OUTPUT,NaN,NaN,NaN,NaN,NaN,NaN

INPUT,0.386172533035278,0.0311197731643915,0.769151628017426,-2.87806010246277,3.13531494140625,-1.53253269195557,K,8
OUTPUT,NaN,NaN,NaN,NaN,NaN,NaN

INPUT,0.388394892215729,0.0309876687824726,0.773566126823425,-2.89484429359436,3.13524723052979,-1.49882423877716,K,9
OUTPUT,NaN,NaN,NaN,NaN,NaN,NaN

INPUT,0.359775483608246,0.0369513481855392,0.724628508090973,-2.15851068496704,3.10549187660217,-1.68411457538605,K,4
OUTPUT,NaN,NaN,NaN,NaN,NaN,NaN

INPUT,0.365708261728287,0.0373477227985859,0.73795223236084,-2.19524502754211,3.10011672973633,-1.63450837135315,K,5
OUTPUT,NaN,NaN,NaN,NaN,NaN,NaN

INPUT,0.371641039848328,0.0377440974116325,0.751276016235352,-2.23345303535461,3.09481763839722,-1.58636581897736,K,6
OUTPUT,NaN,NaN,NaN,NaN,NaN,NaN

INPUT,0.376255422830582,0.0380523838102818,0.761638879776001,-2.26379060745239,3.09076738357544,-1.54974102973938,K,7
OUTPUT,NaN,NaN,NaN,NaN,NaN,NaN

INPUT,0.379551410675049,0.0382725931704044,0.769041001796722,-2.28565788269043,3.08792090415955,-1.52397584915161,K,8
OUTPUT,NaN,NaN,NaN,NaN,NaN,NaN

INPUT,0.381529003381729,0.03840471804142,0.773482263088226,-2.29882574081421,3.08623361587524,-1.50866866111755,K,9
OUTPUT,NaN,NaN,NaN,NaN,NaN,NaN

INPUT,0.34385758638382,0.023375291377306,0.743523478507996,0.420304208993912,2.96340298652649,1.5362354516983,K,5
OUTPUT,NaN,NaN,NaN,NaN,NaN,NaN

INPUT,0.346303403377533,0.0222228933125734,0.752930402755737,0.361385673284531,2.94592714309692,1.60020816326141,K,6
OUTPUT,NaN,NaN,NaN,NaN,NaN,NaN

INPUT,0.348205715417862,0.0213265847414732,0.760246932506561,0.315202444791794,2.93283891677856,1.64974915981293,K,7
OUTPUT,NaN,NaN,NaN,NaN,NaN,NaN

INPUT,0.349564492702484,0.0206863638013601,0.765473008155823,0.282053768634796,2.92377924919128,1.68505382537842,K,8
OUTPUT,NaN,NaN,NaN,NaN,NaN,NaN

INPUT,0.350379765033722,0.0203022304922342,0.768608629703522,0.262107074260712,2.91846418380737,1.70621109008789,K,9
OUTPUT,NaN,NaN,NaN,NaN,NaN,NaN

INPUT,0.350867390632629,0.0226267892867327,0.742000460624695,0.775051414966583,3.04595899581909,1.3436039686203,K,13
OUTPUT,NaN,NaN,NaN,NaN,NaN,NaN

INPUT,0.353942066431046,0.021490816026926,0.753004133701324,0.747959077358246,3.03708910942078,1.37074387073517,K,14
OUTPUT,NaN,NaN,NaN,NaN,NaN,NaN

INPUT,0.357016712427139,0.0203548446297646,0.764007866382599,0.72085040807724,3.02829623222351,1.39789259433746,K,15
OUTPUT,NaN,NaN,NaN,NaN,NaN,NaN

INPUT,0.359783917665482,0.0193324685096741,0.77391117811203,0.696438610553741,3.02045345306396,1.42233550548553,K,16
OUTPUT,NaN,NaN,NaN,NaN,NaN,NaN

INPUT,0.361936181783676,0.0185372866690159,0.781613826751709,0.67744243144989,3.0144031047821,1.44135320186615,K,17
OUTPUT,NaN,NaN,NaN,NaN,NaN,NaN

INPUT,0.363473534584045,0.01796929910779,0.787115633487701,0.66386866569519,3.01010942459106,1.4549412727356,K,18
OUTPUT,NaN,NaN,NaN,NaN,NaN,NaN

INPUT,0.364395916461945,0.0176285095512867,0.790416777133942,0.655722379684448,3.00754475593567,1.46309554576874,K,19
OUTPUT,NaN,NaN,NaN,NaN,NaN,NaN

INPUT,0.364703387022018,0.0175149105489254,0.79151713848114,0.653006553649902,3.00669193267822,1.46581399440765,K,20
OUTPUT,NaN,NaN,NaN,NaN,NaN,NaN

INPUT,0.358445048332214,0.0366036333143711,0.733118236064911,-2.56350541114807,3.13655066490173,-1.92606270313263,K,12
OUTPUT,NaN,NaN,NaN,NaN,NaN,NaN

INPUT,0.36260911822319,0.0368215441703796,0.744370460510254,-2.58842277526855,3.13613438606262,-1.88390111923218,K,13
OUTPUT,NaN,NaN,NaN,NaN,NaN,NaN

INPUT,0.366773188114166,0.0370394550263882,0.755622684955597,-2.61455488204956,3.13572406768799,-1.84295403957367,K,14
OUTPUT,NaN,NaN,NaN,NaN,NaN,NaN

INPUT,0.370937258005142,0.0372573658823967,0.76687490940094,-2.64164876937866,3.13531994819641,-1.80296862125397,K,15
OUTPUT,NaN,NaN,NaN,NaN,NaN,NaN

INPUT,0.374684929847717,0.0374534875154495,0.777001917362213,-2.66669964790344,3.13496208190918,-1.76764833927155,K,16
OUTPUT,NaN,NaN,NaN,NaN,NaN,NaN

INPUT,0.377599775791168,0.0376060232520103,0.784878492355347,-2.68654918670654,3.13468766212463,-1.74054229259491,K,17
OUTPUT,NaN,NaN,NaN,NaN,NaN,NaN

INPUT,0.379681825637817,0.0377149805426598,0.790504634380341,-2.70089817047119,3.1344940662384,-1.72135162353516,K,18
OUTPUT,NaN,NaN,NaN,NaN,NaN,NaN

INPUT,0.380931049585342,0.0377803519368172,0.79388028383255,-2.70956993103027,3.1343789100647,-1.7098993062973,K,19
OUTPUT,NaN,NaN,NaN,NaN,NaN,NaN

INPUT,0.381347447633743,0.0378021448850632,0.79500550031662,-2.71247005462646,3.13434052467346,-1.70609176158905,K,20
OUTPUT,NaN,NaN,NaN,NaN,NaN,NaN

INPUT,0.351488292217255,0.0237386208027601,0.73303759098053,0.957481920719147,3.08538556098938,1.39719974994659,K,12
OUTPUT,NaN,NaN,NaN,NaN,NaN,NaN

INPUT,0.354919910430908,0.0226025152951479,0.744281232357025,0.933209180831909,3.07950401306152,1.41922032833099,K,13
OUTPUT,NaN,NaN,NaN,NaN,NaN,NaN

INPUT,0.358351558446884,0.0214664097875357,0.755524873733521,0.909126579761505,3.07365536689758,1.44143950939178,K,14
OUTPUT,NaN,NaN,NaN,NaN,NaN,NaN

INPUT,0.36178320646286,0.0203303042799234,0.766768455505371,0.885186553001404,3.06784319877625,1.46381044387817,K,15
OUTPUT,NaN,NaN,NaN,NaN,NaN,NaN

INPUT,0.364871680736542,0.0193078089505434,0.776887714862823,0.863734781742096,3.06264591217041,1.48404693603516,K,16
OUTPUT,NaN,NaN,NaN,NaN,NaN,NaN

INPUT,0.367273837327957,0.0185125358402729,0.784758269786835,0.847099542617798,3.05862712860107,1.49984192848206,K,17
OUTPUT,NaN,NaN,NaN,NaN,NaN,NaN

INPUT,0.368989646434784,0.0179444830864668,0.79038006067276,0.835239708423615,3.05576992034912,1.51114964485168,K,18
OUTPUT,NaN,NaN,NaN,NaN,NaN,NaN

INPUT,0.370019137859344,0.0176036506891251,0.793753147125244,0.82813173532486,3.05406093597412,1.51794350147247,K,19
OUTPUT,NaN,NaN,NaN,NaN,NaN,NaN

INPUT,0.370362311601639,0.0174900405108929,0.794877529144287,0.825763642787933,3.05349230766296,1.52020967006683,K,20
OUTPUT,NaN,NaN,NaN,NaN,NaN,NaN

INPUT,0.359375596046448,0.0343828983604908,0.721993803977966,-2.49114537239075,3.11554288864136,-1.85951769351959,K,11
OUTPUT,NaN,NaN,NaN,NaN,NaN,NaN

INPUT,0.364136755466461,0.0343648232519627,0.733264982700348,-2.52582812309265,3.11270904541016,-1.81990325450897,K,12
OUTPUT,NaN,NaN,NaN,NaN,NaN,NaN

INPUT,0.368897944688797,0.0343467518687248,0.744536161422729,-2.560950756073,3.10991501808167,-1.7807252407074,K,13
OUTPUT,NaN,NaN,NaN,NaN,NaN,NaN

INPUT,0.37365910410881,0.0343286767601967,0.755807340145111,-2.59640145301819,3.10716462135315,-1.74187219142914,K,14
OUTPUT,NaN,NaN,NaN,NaN,NaN,NaN

INPUT,0.378420293331146,0.0343106053769588,0.767078518867493,-2.63210368156433,3.10446166992188,-1.70326721668243,K,15
OUTPUT,NaN,NaN,NaN,NaN,NaN,NaN

INPUT,0.382705330848694,0.0342943370342255,0.777222573757172,-2.66440534591675,3.1020724773407,-1.66868937015533,K,16
OUTPUT,NaN,NaN,NaN,NaN,NaN,NaN

INPUT,0.386038154363632,0.0342816859483719,0.785112380981445,-2.68962049484253,3.10024476051331,-1.64188456535339,K,17
OUTPUT,NaN,NaN,NaN,NaN,NaN,NaN

INPUT,0.388418763875961,0.0342726521193981,0.790747940540314,-2.70767331123352,3.09895634651184,-1.62277925014496,K,18
OUTPUT,NaN,NaN,NaN,NaN,NaN,NaN

INPUT,0.389847099781036,0.0342672280967236,0.794129312038422,-2.71851992607117,3.09819006919861,-1.61133074760437,K,19
OUTPUT,NaN,NaN,NaN,NaN,NaN,NaN

INPUT,0.390323221683502,0.0342654213309288,0.795256435871124,-2.72213792800903,3.09793591499329,-1.60751688480377,K,20
OUTPUT,NaN,NaN,NaN,NaN,NaN,NaN

INPUT,0.367106378078461,0.0384774170815945,0.721438050270081,-2.29028534889221,3.08639597892761,-1.61811816692352,K,11
OUTPUT,NaN,NaN,NaN,NaN,NaN,NaN

INPUT,0.372779548168182,0.0389416702091694,0.732638776302338,-2.32859516143799,3.08027672767639,-1.57732665538788,K,12
OUTPUT,NaN,NaN,NaN,NaN,NaN,NaN

INPUT,0.378452688455582,0.0394059233367443,0.74383944272995,-2.36713576316833,3.07425355911255,-1.53675138950348,K,13
OUTPUT,NaN,NaN,NaN,NaN,NaN,NaN

INPUT,0.384125858545303,0.0398701764643192,0.755040168762207,-2.40585041046143,3.06833529472351,-1.49633395671844,K,14
OUTPUT,NaN,NaN,NaN,NaN,NaN,NaN

INPUT,0.389799028635025,0.0403344295918941,0.766240835189819,-2.44469952583313,3.06253170967102,-1.45603430271149,K,15
OUTPUT,NaN,NaN,NaN,NaN,NaN,NaN

INPUT,0.394904881715775,0.0407522581517696,0.776321470737457,-2.47975611686707,3.05741405487061,-1.41984152793884,K,16
OUTPUT,NaN,NaN,NaN,NaN,NaN,NaN

INPUT,0.398876070976257,0.041077233850956,0.784161925315857,-2.50707268714905,3.05350708961487,-1.39173150062561,K,17
OUTPUT,NaN,NaN,NaN,NaN,NaN,NaN

INPUT,0.401712656021118,0.0413093604147434,0.789762318134308,-2.52660822868347,3.05075740814209,-1.37167084217072,K,18
OUTPUT,NaN,NaN,NaN,NaN,NaN,NaN

INPUT,0.403414607048035,0.041448637843132,0.793122470378876,-2.53833818435669,3.0491247177124,-1.35964071750641,K,19
OUTPUT,NaN,NaN,NaN,NaN,NaN,NaN

INPUT,0.403981924057007,0.0414950624108315,0.794242560863495,-2.54224944114685,3.04858326911926,-1.35563158988953,K,20
OUTPUT,NaN,NaN,NaN,NaN,NaN,NaN

INPUT,0.370238661766052,0.0400451868772507,0.72131359577179,-2.51818084716797,3.05784487724304,-1.75332367420197,K,11
OUTPUT,NaN,NaN,NaN,NaN,NaN,NaN

INPUT,0.376280605792999,0.0406939424574375,0.732499480247498,-2.56257510185242,3.04866123199463,-1.70763731002808,K,12
OUTPUT,NaN,NaN,NaN,NaN,NaN,NaN

INPUT,0.382322520017624,0.0413426980376244,0.74368542432785,-2.60710382461548,3.03966617584229,-1.66204714775085,K,13
OUTPUT,NaN,NaN,NaN,NaN,NaN,NaN

INPUT,0.388364434242249,0.0419914573431015,0.754871368408203,-2.6517379283905,3.03087735176086,-1.61652171611786,K,14
OUTPUT,NaN,NaN,NaN,NaN,NaN,NaN

INPUT,0.394406348466873,0.0426402129232883,0.766057312488556,-2.69645857810974,3.02231335639954,-1.57103931903839,K,15
OUTPUT,NaN,NaN,NaN,NaN,NaN,NaN

INPUT,0.399844080209732,0.0432240925729275,0.776124656200409,-2.73676991462708,3.01481246948242,-1.53012907505035,K,16
OUTPUT,NaN,NaN,NaN,NaN,NaN,NaN

INPUT,0.404073417186737,0.0436782240867615,0.783954799175262,-2.76815938949585,3.00912165641785,-1.49831998348236,K,17
OUTPUT,NaN,NaN,NaN,NaN,NaN,NaN

INPUT,0.407094389200211,0.0440026037395,0.789547801017761,-2.79059839248657,3.00513744354248,-1.47560262680054,K,18
OUTPUT,NaN,NaN,NaN,NaN,NaN,NaN

INPUT,0.40890696644783,0.0441972278058529,0.792903542518616,-2.80406856536865,3.0027801990509,-1.46197307109833,K,19
OUTPUT,NaN,NaN,NaN,NaN,NaN,NaN

INPUT,0.409511148929596,0.0442621037364006,0.794022142887115,-2.80855965614319,3.0019998550415,-1.45743000507355,K,20
OUTPUT,NaN,NaN,NaN,NaN,NaN,NaN

INPUT,0.363196820020676,0.0339542180299759,0.732913672924042,-2.53971028327942,3.12182450294495,-1.89740061759949,K,12
OUTPUT,NaN,NaN,NaN,NaN,NaN,NaN

INPUT,0.367860168218613,0.0338932611048222,0.744145750999451,-2.57105803489685,3.11992287635803,-1.86115229129791,K,13
OUTPUT,NaN,NaN,NaN,NaN,NaN,NaN

INPUT,0.37252351641655,0.0338323079049587,0.75537782907486,-2.60279965400696,3.11804628372192,-1.82529652118683,K,14
OUTPUT,NaN,NaN,NaN,NaN,NaN,NaN

INPUT,0.377186894416809,0.0337713547050953,0.766609847545624,-2.63484358787537,3.1161961555481,-1.78974175453186,K,15
OUTPUT,NaN,NaN,NaN,NaN,NaN,NaN

INPUT,0.381383925676346,0.0337164960801601,0.776718735694885,-2.6638879776001,3.11455583572388,-1.75794577598572,K,16
OUTPUT,NaN,NaN,NaN,NaN,NaN,NaN

INPUT,0.384648263454437,0.0336738266050816,0.784581184387207,-2.68658804893494,3.11329746246338,-1.73332476615906,K,17
OUTPUT,NaN,NaN,NaN,NaN,NaN,NaN

INPUT,0.386979937553406,0.0336433500051498,0.790197193622589,-2.70285296440125,3.11240792274475,-1.7157883644104,K,18
OUTPUT,NaN,NaN,NaN,NaN,NaN,NaN

INPUT,0.388378947973251,0.0336250625550747,0.793566823005676,-2.71263027191162,3.11187839508057,-1.70528471469879,K,19
OUTPUT,NaN,NaN,NaN,NaN,NaN,NaN

INPUT,0.388845294713974,0.0336189679801464,0.794690012931824,-2.71589231491089,3.11170244216919,-1.70178627967834,K,20
OUTPUT,NaN,NaN,NaN,NaN,NaN,NaN

INPUT,0.356901705265045,0.0326343439519405,0.73331892490387,0.557662427425385,3.12959384918213,1.36223483085632,K,12
OUTPUT,NaN,NaN,NaN,NaN,NaN,NaN

INPUT,0.360903829336166,0.0324346087872982,0.744591295719147,0.511520504951477,3.12832140922546,1.40076589584351,K,13
OUTPUT,NaN,NaN,NaN,NaN,NaN,NaN

INPUT,0.364905953407288,0.0322348736226559,0.755863666534424,0.466038972139359,3.12707257270813,1.43995797634125,K,14
OUTPUT,NaN,NaN,NaN,NaN,NaN,NaN

INPUT,0.368908077478409,0.0320351384580135,0.767136037349701,0.421050667762756,3.12584972381592,1.47964441776276,K,15
OUTPUT,NaN,NaN,NaN,NaN,NaN,NaN

INPUT,0.372509986162186,0.0318553745746613,0.777281224727631,0.380886882543564,3.12477326393127,1.51568841934204,K,16
OUTPUT,NaN,NaN,NaN,NaN,NaN,NaN

INPUT,0.375311464071274,0.0317155607044697,0.785171866416931,0.349820524454117,3.12395262718201,1.5438951253891,K,17
OUTPUT,NaN,NaN,NaN,NaN,NaN,NaN

INPUT,0.377312541007996,0.0316156893968582,0.790808022022247,0.32770836353302,3.12337589263916,1.56412124633789,K,18
OUTPUT,NaN,NaN,NaN,NaN,NaN,NaN

INPUT,0.378513157367706,0.0315557718276978,0.794189751148224,0.314468890428543,3.12303376197815,1.57628488540649,K,19
OUTPUT,NaN,NaN,NaN,NaN,NaN,NaN

INPUT,0.378913372755051,0.0315357968211174,0.795316994190216,0.310060143470764,3.1229202747345,1.58034372329712,K,20
OUTPUT,NaN,NaN,NaN,NaN,NaN,NaN

INPUT,0.367854475975037,0.0341577529907227,0.731521606445313,-2.55661344528198,3.11029553413391,-1.80871403217316,K,5
OUTPUT,NaN,NaN,NaN,NaN,NaN,NaN

INPUT,0.375656247138977,0.0340685397386551,0.747272968292236,-2.61476969718933,3.10570406913757,-1.73486030101776,K,6
OUTPUT,NaN,NaN,NaN,NaN,NaN,NaN

INPUT,0.381724268198013,0.0339991524815559,0.759524047374725,-2.66125440597534,3.10223889350891,-1.67866313457489,K,7
OUTPUT,NaN,NaN,NaN,NaN,NaN,NaN

INPUT,0.38605859875679,0.0339495912194252,0.76827484369278,-2.6949474811554,3.0998260974884,-1.63900768756866,K,8
OUTPUT,NaN,NaN,NaN,NaN,NaN,NaN

INPUT,0.388659179210663,0.0339198522269726,0.773525297641754,-2.71532249450684,3.09840512275696,-1.61537206172943,K,9
OUTPUT,NaN,NaN,NaN,NaN,NaN,NaN

INPUT,0.367624282836914,0.0378762148320675,0.715825378894806,-2.29378795623779,3.08585619926453,-1.6391316652298,K,4
OUTPUT,NaN,NaN,NaN,NaN,NaN,NaN

INPUT,0.376842379570007,0.0385567806661129,0.731311678886414,-2.35756278038025,3.07549738883972,-1.56216335296631,K,5
OUTPUT,NaN,NaN,NaN,NaN,NaN,NaN

INPUT,0.386060446500778,0.0392373465001583,0.746797919273376,-2.42312812805176,3.06546330451965,-1.48693776130676,K,6
OUTPUT,NaN,NaN,NaN,NaN,NaN,NaN

INPUT,0.393230080604553,0.0397666767239571,0.758842766284943,-2.47492933273315,3.05791616439819,-1.42919898033142,K,7
OUTPUT,NaN,NaN,NaN,NaN,NaN,NaN

INPUT,0.39835125207901,0.0401447676122189,0.767446219921112,-2.51224493980408,3.05267715454102,-1.38825082778931,K,8
OUTPUT,NaN,NaN,NaN,NaN,NaN,NaN

INPUT,0.401423931121826,0.040371622890234,0.77260833978653,-2.53473687171936,3.04959845542908,-1.36377596855164,K,9
OUTPUT,NaN,NaN,NaN,NaN,NaN,NaN

INPUT,0.370618492364883,0.0393645763397217,0.716294944286346,-2.51439094543457,3.05774521827698,-1.76969611644745,K,4
OUTPUT,NaN,NaN,NaN,NaN,NaN,NaN

INPUT,0.380217462778091,0.0404201708734035,0.73162716627121,-2.59115886688232,3.0420229434967,-1.68611776828766,K,5
OUTPUT,NaN,NaN,NaN,NaN,NaN,NaN

INPUT,0.389816433191299,0.0414757654070854,0.746959388256073,-2.66890263557434,3.02693867683411,-1.60339212417603,K,6
OUTPUT,NaN,NaN,NaN,NaN,NaN,NaN

INPUT,0.397282272577286,0.0422967858612537,0.758884489536285,-2.72982048988342,3.0157105922699,-1.53940737247467,K,7
OUTPUT,NaN,NaN,NaN,NaN,NaN,NaN

INPUT,0.402615040540695,0.0428832285106182,0.767402410507202,-2.77351427078247,3.00798773765564,-1.4938325881958,K,8
OUTPUT,NaN,NaN,NaN,NaN,NaN,NaN

INPUT,0.405814707279205,0.0432350933551788,0.772513151168823,-2.79979133605957,3.00348043441772,-1.46652662754059,K,9
OUTPUT,NaN,NaN,NaN,NaN,NaN,NaN

INPUT,0.358762294054031,0.0364842899143696,0.724148452281952,-2.60729098320007,3.13582253456116,-2.00920224189758,K,4
OUTPUT,NaN,NaN,NaN,NaN,NaN,NaN

INPUT,0.364705801010132,0.0368171595036983,0.737610697746277,-2.63056492805481,3.13540887832642,-1.92387914657593,K,5
OUTPUT,NaN,NaN,NaN,NaN,NaN,NaN

INPUT,0.370649307966232,0.0371500290930271,0.751073002815247,-2.65767788887024,3.13500809669495,-1.84239494800568,K,6
OUTPUT,NaN,NaN,NaN,NaN,NaN,NaN

INPUT,0.375272065401077,0.0374089293181896,0.761543691158295,-2.6808032989502,3.13470816612244,-1.78146374225616,K,7
OUTPUT,NaN,NaN,NaN,NaN,NaN,NaN

INPUT,0.378574013710022,0.0375938564538956,0.769022762775421,-2.69816875457764,3.13450121879578,-1.73918688297272,K,8
OUTPUT,NaN,NaN,NaN,NaN,NaN,NaN

INPUT,0.380555182695389,0.0377048142254353,0.773510158061981,-2.70886468887329,3.13438034057617,-1.71430575847626,K,9
OUTPUT,NaN,NaN,NaN,NaN,NaN,NaN

INPUT,0.357221603393555,0.0233701281249523,0.736684322357178,0.941685795783997,3.07888698577881,1.43017542362213,K,5
OUTPUT,NaN,NaN,NaN,NaN,NaN,NaN

INPUT,0.362381786108017,0.0217189621180296,0.75046181678772,0.898778259754181,3.06962704658508,1.46162176132202,K,6
OUTPUT,NaN,NaN,NaN,NaN,NaN,NaN

INPUT,0.366395235061646,0.0204347223043442,0.761177599430084,0.866394519805908,3.06250786781311,1.48695254325867,K,7
OUTPUT,NaN,NaN,NaN,NaN,NaN,NaN

INPUT,0.369261980056763,0.0195174068212509,0.768831789493561,0.843693971633911,3.05747818946838,1.50535583496094,K,8
OUTPUT,NaN,NaN,NaN,NaN,NaN,NaN

INPUT,0.370982050895691,0.0189670193940401,0.77342426776886,0.830227911472321,3.05448532104492,1.51648724079132,K,9
OUTPUT,NaN,NaN,NaN,NaN,NaN,NaN

INPUT,0.363747030496597,0.033883485943079,0.725119173526764,-2.53367447853088,3.12160396575928,-1.93139290809631,K,4
OUTPUT,NaN,NaN,NaN,NaN,NaN,NaN

INPUT,0.370246589183807,0.0337481275200844,0.738243222236633,-2.58010029792786,3.11887121200562,-1.86827671527863,K,5
OUTPUT,NaN,NaN,NaN,NaN,NaN,NaN

INPUT,0.376746147871017,0.0336127690970898,0.751367330551147,-2.62830209732056,3.1162052154541,-1.80693340301514,K,6
OUTPUT,NaN,NaN,NaN,NaN,NaN,NaN

INPUT,0.38180136680603,0.0335074923932552,0.761574923992157,-2.66647672653198,3.11419320106506,-1.76032269001007,K,7
OUTPUT,NaN,NaN,NaN,NaN,NaN,NaN

INPUT,0.385412245988846,0.0334322936832905,0.768866062164307,-2.69391512870789,3.11279511451721,-1.72760725021362,K,8
OUTPUT,NaN,NaN,NaN,NaN,NaN,NaN

INPUT,0.387578755617142,0.0333871729671955,0.773240745067596,-2.71039867401123,3.11197328567505,-1.70821189880371,K,9
OUTPUT,NaN,NaN,NaN,NaN,NaN,NaN

INPUT,0.363085865974426,0.0325371846556664,0.737543106079102,0.528906643390656,3.12883448600769,1.42108106613159,K,5
OUTPUT,NaN,NaN,NaN,NaN,NaN,NaN

INPUT,0.368911802768707,0.0322177037596703,0.751142978668213,0.447383910417557,3.12664318084717,1.47567570209503,K,6
OUTPUT,NaN,NaN,NaN,NaN,NaN,NaN

INPUT,0.373443067073822,0.031969215720892,0.761720597743988,0.386401623487473,3.12498474121094,1.52056396007538,K,7
OUTPUT,NaN,NaN,NaN,NaN,NaN,NaN

INPUT,0.376679718494415,0.031791727989912,0.769276082515717,0.343752205371857,3.12382793426514,1.55353724956512,K,8
OUTPUT,NaN,NaN,NaN,NaN,NaN,NaN

INPUT,0.37862166762352,0.0316852331161499,0.773809373378754,0.318451523780823,3.12314558029175,1.57361030578613,K,9
OUTPUT,NaN,NaN,NaN,NaN,NaN,NaN

INPUT,0.355546236038208,0.0230997838079929,0.740445733070374,0.769201755523682,3.04057431221008,1.36675477027893,K,5
OUTPUT,NaN,NaN,NaN,NaN,NaN,NaN

INPUT,0.359611928462982,0.0216775722801685,0.751696825027466,0.726660072803497,3.02818036079407,1.40192258358002,K,6
OUTPUT,NaN,NaN,NaN,NaN,NaN,NaN

INPUT,0.362774133682251,0.020571406930685,0.76044774055481,0.694146156311035,3.01868081092834,1.4297331571579,K,7
OUTPUT,NaN,NaN,NaN,NaN,NaN,NaN

INPUT,0.365032851696014,0.0197812896221876,0.766698360443115,0.671201109886169,3.01198625564575,1.44974803924561,K,8
OUTPUT,NaN,NaN,NaN,NaN,NaN,NaN

INPUT,0.366388082504272,0.0193072184920311,0.770448684692383,0.657541871070862,3.00801014900208,1.46179437637329,K,9
OUTPUT,NaN,NaN,NaN,NaN,NaN,NaN

INPUT,0.368736088275909,0.0394871681928635,0.721045196056366,-2.51675891876221,3.08112263679504,-1.82545495033264,K,11
OUTPUT,NaN,NaN,NaN,NaN,NaN,NaN

INPUT,0.374600648880005,0.0400701873004436,0.732200741767883,-2.55655241012573,3.07444643974304,-1.78388500213623,K,12
OUTPUT,NaN,NaN,NaN,NaN,NaN,NaN

INPUT,0.380465239286423,0.0406532064080238,0.743356227874756,-2.59651470184326,3.0678813457489,-1.74246549606323,K,13
OUTPUT,NaN,NaN,NaN,NaN,NaN,NaN

INPUT,0.386329829692841,0.041236225515604,0.754511713981628,-2.63660454750061,3.06143808364868,-1.70115447044373,K,14
OUTPUT,NaN,NaN,NaN,NaN,NaN,NaN

INPUT,0.392194420099258,0.0418192446231842,0.765667200088501,-2.67679500579834,3.05512738227844,-1.65992307662964,K,15
OUTPUT,NaN,NaN,NaN,NaN,NaN,NaN

INPUT,0.397472560405731,0.0423439629375935,0.775707185268402,-2.71303629875183,3.04957008361816,-1.62286579608917,K,16
OUTPUT,NaN,NaN,NaN,NaN,NaN,NaN

INPUT,0.401577770709991,0.0427520759403706,0.783516049385071,-2.74126243591309,3.04533243179321,-1.59406936168671,K,17
OUTPUT,NaN,NaN,NaN,NaN,NaN,NaN

INPUT,0.404510051012039,0.0430435836315155,0.789093792438507,-2.76144218444824,3.04235339164734,-1.57351171970367,K,18
OUTPUT,NaN,NaN,NaN,NaN,NaN,NaN

INPUT,0.406269431114197,0.0432184897363186,0.792440414428711,-2.77355694770813,3.0405855178833,-1.56118094921112,K,19
OUTPUT,NaN,NaN,NaN,NaN,NaN,NaN

INPUT,0.406855881214142,0.0432767905294895,0.793555974960327,-2.77759623527527,3.03999948501587,-1.55707132816315,K,20
OUTPUT,NaN,NaN,NaN,NaN,NaN,NaN

INPUT,0.359503537416458,0.029096532613039,0.734129667282104,0.84734582901001,3.0927677154541,1.61398673057556,K,12
OUTPUT,NaN,NaN,NaN,NaN,NaN,NaN

INPUT,0.363779217004776,0.028524624183774,0.74548727273941,0.805658102035522,3.08785128593445,1.65301287174225,K,13
OUTPUT,NaN,NaN,NaN,NaN,NaN,NaN

INPUT,0.368054896593094,0.027952715754509,0.756844878196716,0.764186441898346,3.08302211761475,1.69226586818695,K,14
OUTPUT,NaN,NaN,NaN,NaN,NaN,NaN

INPUT,0.372330576181412,0.0273808073252439,0.768202424049377,0.722876608371735,3.07828831672668,1.73169195652008,K,15
OUTPUT,NaN,NaN,NaN,NaN,NaN,NaN

INPUT,0.376178711652756,0.0268660895526409,0.778424263000488,0.685804486274719,3.07411575317383,1.76729249954224,K,16
OUTPUT,NaN,NaN,NaN,NaN,NaN,NaN

INPUT,0.379171699285507,0.0264657530933619,0.786374568939209,0.657026708126068,3.07093167304993,1.79504477977753,K,17
OUTPUT,NaN,NaN,NaN,NaN,NaN,NaN

INPUT,0.381309539079666,0.0261797979474068,0.792053401470184,0.636496424674988,3.06869173049927,1.814896941185,K,18
OUTPUT,NaN,NaN,NaN,NaN,NaN,NaN

INPUT,0.382592231035233,0.0260082259774208,0.795460641384125,0.624187231063843,3.06736183166504,1.8268187046051,K,19
OUTPUT,NaN,NaN,NaN,NaN,NaN,NaN

INPUT,0.383019804954529,0.0259510353207588,0.79659640789032,0.620085597038269,3.06692099571228,1.83079433441162,K,20
OUTPUT,NaN,NaN,NaN,NaN,NaN,NaN

INPUT,0.361261904239655,0.0366117171943188,0.733211278915405,-2.23747658729553,3.12658977508545,-1.81183528900146,K,12
OUTPUT,NaN,NaN,NaN,NaN,NaN,NaN

INPUT,0.365722477436066,0.0368306748569012,0.744473099708557,-2.25592708587646,3.12511825561523,-1.78550088405609,K,13
OUTPUT,NaN,NaN,NaN,NaN,NaN,NaN

INPUT,0.370183050632477,0.0370496325194836,0.755734860897064,-2.27502274513245,3.12365484237671,-1.75981116294861,K,14
OUTPUT,NaN,NaN,NaN,NaN,NaN,NaN

INPUT,0.374643623828888,0.037268590182066,0.766996681690216,-2.2946150302887,3.12220025062561,-1.73461735248566,K,15
OUTPUT,NaN,NaN,NaN,NaN,NaN,NaN

INPUT,0.378658145666122,0.0374656543135643,0.777132272720337,-2.31258392333984,3.12089920043945,-1.71227824687958,K,16
OUTPUT,NaN,NaN,NaN,NaN,NaN,NaN

INPUT,0.381780534982681,0.0376189239323139,0.78501558303833,-2.32674050331116,3.11989307403564,-1.69508373737335,K,17
OUTPUT,NaN,NaN,NaN,NaN,NaN,NaN

INPUT,0.384010821580887,0.0377284027636051,0.790646433830261,-2.3369357585907,3.11917757987976,-1.6828852891922,K,18
OUTPUT,NaN,NaN,NaN,NaN,NaN,NaN

INPUT,0.385349005460739,0.0377940870821476,0.794025003910065,-2.34308290481567,3.11874961853027,-1.67559611797333,K,19
OUTPUT,NaN,NaN,NaN,NaN,NaN,NaN

INPUT,0.385795056819916,0.037815984338522,0.795151174068451,-2.34513688087463,3.11860704421997,-1.67317116260529,K,20
OUTPUT,NaN,NaN,NaN,NaN,NaN,NaN

INPUT,0.369191467761993,0.0389800630509853,0.715632975101471,-2.51587772369385,3.08093070983887,-1.84240782260895,K,4
OUTPUT,NaN,NaN,NaN,NaN,NaN,NaN

INPUT,0.378659725189209,0.0399262830615044,0.73099285364151,-2.58378148078918,3.06952619552612,-1.76558935642242,K,5
OUTPUT,NaN,NaN,NaN,NaN,NaN,NaN

INPUT,0.388127952814102,0.0408724993467331,0.746352732181549,-2.6529176235199,3.05849766731262,-1.68994450569153,K,6
OUTPUT,NaN,NaN,NaN,NaN,NaN,NaN

INPUT,0.395492136478424,0.0416084490716457,0.758299231529236,-2.70724630355835,3.05021715164185,-1.63162136077881,K,7
OUTPUT,NaN,NaN,NaN,NaN,NaN,NaN

INPUT,0.400752276182175,0.042134128510952,0.766832530498505,-2.74627065658569,3.04447817802429,-1.59015464782715,K,8
OUTPUT,NaN,NaN,NaN,NaN,NaN,NaN

INPUT,0.403908371925354,0.0424495339393616,0.771952450275421,-2.76975679397583,3.04110956192017,-1.56533539295197,K,9
OUTPUT,NaN,NaN,NaN,NaN,NaN,NaN

INPUT,0.360052645206451,0.0299134757369757,0.724787473678589,0.882423222064972,3.09532690048218,1.60375046730042,K,4
OUTPUT,NaN,NaN,NaN,NaN,NaN,NaN

INPUT,0.366453617811203,0.0290941037237644,0.738516330718994,0.811168134212494,3.08746838569641,1.6619975566864,K,5
OUTPUT,NaN,NaN,NaN,NaN,NaN,NaN

INPUT,0.372854590415955,0.0282747317105532,0.752245247364044,0.74153071641922,3.0798351764679,1.72188949584961,K,6
OUTPUT,NaN,NaN,NaN,NaN,NaN,NaN

INPUT,0.377833098173141,0.027637442573905,0.762923240661621,0.688108742237091,3.07407450675964,1.76923322677612,K,7
OUTPUT,NaN,NaN,NaN,NaN,NaN,NaN

INPUT,0.381389200687408,0.0271822363138199,0.770550429821014,0.650240421295166,3.07006359100342,1.80335211753845,K,8
OUTPUT,NaN,NaN,NaN,NaN,NaN,NaN

INPUT,0.383522868156433,0.0269091110676527,0.775126755237579,0.62761378288269,3.06770086288452,1.82392275333405,K,9
OUTPUT,NaN,NaN,NaN,NaN,NaN,NaN

INPUT,0.361689567565918,0.036353588104248,0.724855244159698,-2.25598645210266,3.12618255615234,-1.85668098926544,K,4
OUTPUT,NaN,NaN,NaN,NaN,NaN,NaN

INPUT,0.367985367774963,0.036653708666563,0.738170266151428,-2.27562165260315,3.12414360046387,-1.8039882183075,K,5
OUTPUT,NaN,NaN,NaN,NaN,NaN,NaN

INPUT,0.374281138181686,0.036953829228878,0.751485288143158,-2.29870343208313,3.12212371826172,-1.75474095344543,K,6
OUTPUT,NaN,NaN,NaN,NaN,NaN,NaN

INPUT,0.379177868366241,0.0371872521936893,0.761841416358948,-2.31834244728088,3.12057161331177,-1.71824395656586,K,7
OUTPUT,NaN,NaN,NaN,NaN,NaN,NaN

INPUT,0.382675498723984,0.0373539850115776,0.769238650798798,-2.33304762840271,3.11947560310364,-1.69297003746033,K,8
OUTPUT,NaN,NaN,NaN,NaN,NaN,NaN

INPUT,0.38477411866188,0.0374540276825428,0.773676991462708,-2.34209036827087,3.11882352828979,-1.67808783054352,K,9
OUTPUT,NaN,NaN,NaN,NaN,NaN,NaN

INPUT,0.364663988351822,0.0366862304508686,0.721780002117157,-2.74974870681763,3.11538910865784,-1.89947640895844,K,11
OUTPUT,NaN,NaN,NaN,NaN,NaN,NaN

INPUT,0.37004941701889,0.0369396582245827,0.733021855354309,-2.79825043678284,3.11263751983643,-1.84795677661896,K,12
OUTPUT,NaN,NaN,NaN,NaN,NaN,NaN

INPUT,0.375434845685959,0.0371930822730064,0.744263768196106,-2.84701323509216,3.10995817184448,-1.79669415950775,K,13
OUTPUT,NaN,NaN,NaN,NaN,NaN,NaN

INPUT,0.380820274353027,0.0374465100467205,0.755505621433258,-2.89597105979919,3.1073579788208,-1.74562215805054,K,14
OUTPUT,NaN,NaN,NaN,NaN,NaN,NaN

INPUT,0.386205703020096,0.0376999340951443,0.76674747467041,-2.94507789611816,3.10484337806702,-1.69469499588013,K,15
OUTPUT,NaN,NaN,NaN,NaN,NaN,NaN

INPUT,0.391052603721619,0.0379280187189579,0.776865124702454,-2.98937511444092,3.10265874862671,-1.64895749092102,K,16
OUTPUT,NaN,NaN,NaN,NaN,NaN,NaN

INPUT,0.394822388887405,0.0381054170429707,0.784734487533569,-3.02388215065002,3.10101366043091,-1.61343538761139,K,17
OUTPUT,NaN,NaN,NaN,NaN,NaN,NaN

INPUT,0.397515118122101,0.0382321327924728,0.790355384349823,-3.04855513572693,3.09986901283264,-1.58808588981628,K,18
OUTPUT,NaN,NaN,NaN,NaN,NaN,NaN

INPUT,0.399130761623383,0.0383081585168839,0.793727934360504,-3.06336808204651,3.09919476509094,-1.57288455963135,K,19
OUTPUT,NaN,NaN,NaN,NaN,NaN,NaN

INPUT,0.399669289588928,0.0383335016667843,0.794852137565613,-3.0683069229126,3.09897208213806,-1.56781888008118,K,20
OUTPUT,NaN,NaN,NaN,NaN,NaN,NaN

INPUT,0.359792768955231,0.0348055250942707,0.733694016933441,-3.013995885849,3.14119672775269,-2.30793499946594,K,12
OUTPUT,NaN,NaN,NaN,NaN,NaN,NaN

INPUT,0.36409866809845,0.0348342843353748,0.745006620883942,-3.03699636459351,3.14126133918762,-2.25663423538208,K,13
OUTPUT,NaN,NaN,NaN,NaN,NaN,NaN

INPUT,0.368404537439346,0.0348630398511887,0.756319284439087,-3.05310297012329,3.14132642745972,-2.19843935966492,K,14
OUTPUT,NaN,NaN,NaN,NaN,NaN,NaN

INPUT,0.372710436582565,0.0348917953670025,0.767631888389587,-3.05557298660278,3.14139151573181,-2.12660813331604,K,15
OUTPUT,NaN,NaN,NaN,NaN,NaN,NaN

INPUT,0.376585751771927,0.0349176749587059,0.777813255786896,-3.03067016601563,3.14145016670227,-2.03483438491821,K,16
OUTPUT,NaN,NaN,NaN,NaN,NaN,NaN

INPUT,0.379599869251251,0.0349378064274788,0.785732090473175,-2.96308064460754,3.14149498939514,-1.91523361206055,K,17
OUTPUT,NaN,NaN,NaN,NaN,NaN,NaN

INPUT,0.381752818822861,0.0349521823227406,0.791388392448425,-2.83818578720093,3.141526222229,-1.75318813323975,K,18
OUTPUT,NaN,NaN,NaN,NaN,NaN,NaN

INPUT,0.383044600486755,0.0349608100950718,0.794782221317291,-2.67850685119629,3.1415433883667,-1.57121908664703,K,19
OUTPUT,NaN,NaN,NaN,NaN,NaN,NaN

INPUT,0.383475184440613,0.0349636860191822,0.795913457870483,-2.59632444381714,3.14154863357544,-1.48160648345947,K,20
OUTPUT,NaN,NaN,NaN,NaN,NaN,NaN

INPUT,0.361692816019058,0.036129679530859,0.721904039382935,-2.48716831207275,3.10086727142334,-1.86266422271729,K,11
OUTPUT,NaN,NaN,NaN,NaN,NaN,NaN

INPUT,0.366728603839874,0.0363177582621574,0.733160495758057,-2.52260994911194,3.0963613986969,-1.82463526725769,K,12
OUTPUT,NaN,NaN,NaN,NaN,NaN,NaN

INPUT,0.37176439166069,0.0365058369934559,0.744416952133179,-2.55828809738159,3.09191632270813,-1.78683543205261,K,13
OUTPUT,NaN,NaN,NaN,NaN,NaN,NaN

INPUT,0.376800149679184,0.0366939194500446,0.755673348903656,-2.59414339065552,3.08753824234009,-1.7492048740387,K,14
OUTPUT,NaN,NaN,NaN,NaN,NaN,NaN

INPUT,0.3818359375,0.0368819981813431,0.766929805278778,-2.63013529777527,3.08323311805725,-1.71170210838318,K,15
OUTPUT,NaN,NaN,NaN,NaN,NaN,NaN

INPUT,0.386368155479431,0.0370512679219246,0.777060568332672,-2.66262054443359,3.079425573349,-1.67803418636322,K,16
OUTPUT,NaN,NaN,NaN,NaN,NaN,NaN

INPUT,0.38989320397377,0.0371829271316528,0.784940123558044,-2.68793678283691,3.07651090621948,-1.65189301967621,K,17
OUTPUT,NaN,NaN,NaN,NaN,NaN,NaN

INPUT,0.392411082983017,0.0372769646346569,0.790568292140961,-2.7060432434082,3.07445549964905,-1.63324093818665,K,18
OUTPUT,NaN,NaN,NaN,NaN,NaN,NaN

INPUT,0.393921822309494,0.0373333878815174,0.793945252895355,-2.71691536903381,3.07323288917542,-1.62205696105957,K,19
OUTPUT,NaN,NaN,NaN,NaN,NaN,NaN

INPUT,0.394425392150879,0.0373521968722343,0.795070886611938,-2.72054100036621,3.07282710075378,-1.61833012104034,K,20
OUTPUT,NaN,NaN,NaN,NaN,NaN,NaN

INPUT,0.363134115934372,0.0386258512735367,0.733265459537506,-2.10668897628784,3.11647701263428,-1.57038187980652,K,12
OUTPUT,NaN,NaN,NaN,NaN,NaN,NaN

INPUT,0.367792099714279,0.0390568971633911,0.74453204870224,-2.13217115402222,3.11397290229797,-1.53942549228668,K,13
OUTPUT,NaN,NaN,NaN,NaN,NaN,NaN

INPUT,0.372450113296509,0.0394879393279552,0.755798637866974,-2.15810799598694,3.11149096488953,-1.50892162322998,K,14
OUTPUT,NaN,NaN,NaN,NaN,NaN,NaN

INPUT,0.377108097076416,0.0399189814925194,0.767065227031708,-2.18439197540283,3.10903263092041,-1.47876298427582,K,15
OUTPUT,NaN,NaN,NaN,NaN,NaN,NaN

INPUT,0.381300300359726,0.04030691832304,0.777205169200897,-2.20828199386597,3.10684204101563,-1.45185256004333,K,16
OUTPUT,NaN,NaN,NaN,NaN,NaN,NaN

INPUT,0.384560883045197,0.0406086519360542,0.785091757774353,-2.22698855400085,3.10515379905701,-1.43104660511017,K,17
OUTPUT,NaN,NaN,NaN,NaN,NaN,NaN

INPUT,0.38688987493515,0.0408241711556911,0.79072505235672,-2.24040842056274,3.10395646095276,-1.41624212265015,K,18
OUTPUT,NaN,NaN,NaN,NaN,NaN,NaN

INPUT,0.388287276029587,0.0409534834325314,0.794105052947998,-2.24848103523254,3.10324168205261,-1.40738010406494,K,19
OUTPUT,NaN,NaN,NaN,NaN,NaN,NaN

INPUT,0.388753086328506,0.0409965887665749,0.795231699943542,-2.25117516517639,3.10300397872925,-1.40442931652069,K,20
OUTPUT,NaN,NaN,NaN,NaN,NaN,NaN

INPUT,0.361042529344559,0.030539944767952,0.733789324760437,0.814944326877594,3.12614393234253,1.42380034923553,K,12
OUTPUT,NaN,NaN,NaN,NaN,NaN,NaN

INPUT,0.365476310253143,0.0301189161837101,0.745117783546448,0.77795946598053,3.12448525428772,1.45089101791382,K,13
OUTPUT,NaN,NaN,NaN,NaN,NaN,NaN

INPUT,0.369910091161728,0.0296978875994682,0.756446242332458,0.741844952106476,3.12284374237061,1.47885310649872,K,14
OUTPUT,NaN,NaN,NaN,NaN,NaN,NaN

INPUT,0.374343872070313,0.0292768590152264,0.767774760723114,0.706383049488068,3.12122130393982,1.50746858119965,K,15
OUTPUT,NaN,NaN,NaN,NaN,NaN,NaN

INPUT,0.378334283828735,0.0288979336619377,0.777970373630524,0.674899637699127,3.11977887153625,1.53365576267242,K,16
OUTPUT,NaN,NaN,NaN,NaN,NaN,NaN

INPUT,0.38143789768219,0.0286032129079103,0.785900354385376,0.65064138174057,3.11866927146912,1.55425310134888,K,17
OUTPUT,NaN,NaN,NaN,NaN,NaN,NaN

INPUT,0.383654803037643,0.0283926986157894,0.791564583778381,0.633418381214142,3.11788368225098,1.5690701007843,K,18
OUTPUT,NaN,NaN,NaN,NaN,NaN,NaN

INPUT,0.384984940290451,0.0282663907855749,0.794963121414185,0.623121976852417,3.11741518974304,1.57799780368805,K,19
OUTPUT,NaN,NaN,NaN,NaN,NaN,NaN

INPUT,0.385428309440613,0.0282242875546217,0.796095967292786,0.619695603847504,3.11725950241089,1.58097958564758,K,20
OUTPUT,NaN,NaN,NaN,NaN,NaN,NaN

INPUT,0.374208897352219,0.0370445065200329,0.731498062610626,-2.83783864974976,3.11038494110107,-1.83085632324219,K,5
OUTPUT,NaN,NaN,NaN,NaN,NaN,NaN

INPUT,0.383068680763245,0.0374860838055611,0.747112035751343,-2.91957759857178,3.1060209274292,-1.73494505882263,K,6
OUTPUT,NaN,NaN,NaN,NaN,NaN,NaN

INPUT,0.389959633350372,0.0378295294940472,0.759256303310394,-2.98423004150391,3.10281753540039,-1.66141617298126,K,7
OUTPUT,NaN,NaN,NaN,NaN,NaN,NaN

INPUT,0.394881725311279,0.0380748510360718,0.767930746078491,-3.03082823753357,3.10064172744751,-1.60930824279785,K,8
OUTPUT,NaN,NaN,NaN,NaN,NaN,NaN

INPUT,0.397834986448288,0.0382220409810543,0.773135364055634,-3.058922290802,3.09938335418701,-1.57817661762238,K,9
OUTPUT,NaN,NaN,NaN,NaN,NaN,NaN

INPUT,0.370446026325226,0.0360886268317699,0.731580078601837,-2.54953932762146,3.09285974502563,-1.81025350093842,K,5
OUTPUT,NaN,NaN,NaN,NaN,NaN,NaN

INPUT,0.378627091646194,0.0363413095474243,0.747253835201263,-2.61022090911865,3.08542895317078,-1.74030637741089,K,6
OUTPUT,NaN,NaN,NaN,NaN,NaN,NaN

INPUT,0.384990125894547,0.0365378372371197,0.75944447517395,-2.65818691253662,3.07981252670288,-1.68665409088135,K,7
OUTPUT,NaN,NaN,NaN,NaN,NaN,NaN

INPUT,0.389535158872604,0.0366782173514366,0.768152117729187,-2.6927478313446,3.07589745521545,-1.64861977100372,K,8
OUTPUT,NaN,NaN,NaN,NaN,NaN,NaN

INPUT,0.392262190580368,0.0367624424397945,0.773376703262329,-2.71358180046082,3.07358932495117,-1.62589228153229,K,9
OUTPUT,NaN,NaN,NaN,NaN,NaN,NaN

INPUT,0.360223323106766,0.0348313339054585,0.724949717521667,-2.96338772773743,3.14017105102539,-2.30005764961243,K,4
OUTPUT,NaN,NaN,NaN,NaN,NaN,NaN

INPUT,0.366378009319305,0.0348662473261356,0.738440155982971,-3.01694464683533,3.14053344726563,-2.23412942886353,K,5
OUTPUT,NaN,NaN,NaN,NaN,NaN,NaN

INPUT,0.372532725334167,0.0349011607468128,0.75193053483963,-3.06399726867676,3.14089965820313,-2.16169714927673,K,6
OUTPUT,NaN,NaN,NaN,NaN,NaN,NaN

INPUT,0.377319723367691,0.0349283181130886,0.762423098087311,-3.08474612236023,3.14118599891663,-2.08951330184937,K,7
OUTPUT,NaN,NaN,NaN,NaN,NaN,NaN

INPUT,0.380739003419876,0.0349477156996727,0.769917726516724,-3.05488872528076,3.1413905620575,-1.99327516555786,K,8
OUTPUT,NaN,NaN,NaN,NaN,NaN,NaN

INPUT,0.382790595293045,0.0349593535065651,0.774414539337158,-2.88421487808228,3.1415114402771,-1.7827730178833,K,9
OUTPUT,NaN,NaN,NaN,NaN,NaN,NaN

INPUT,0.363946616649628,0.038084976375103,0.725867092609406,-2.11399054527283,3.11606216430664,-1.61140871047974,K,4
OUTPUT,NaN,NaN,NaN,NaN,NaN,NaN

INPUT,0.370384573936462,0.0386969335377216,0.73893815279007,-2.14734220504761,3.11250805854797,-1.55335283279419,K,5
OUTPUT,NaN,NaN,NaN,NaN,NaN,NaN

INPUT,0.376822501420975,0.0393088907003403,0.752009212970734,-2.18336892127991,3.10901093482971,-1.49796772003174,K,6
OUTPUT,NaN,NaN,NaN,NaN,NaN,NaN

INPUT,0.381829768419266,0.0397848561406136,0.762175559997559,-2.21260643005371,3.10634517669678,-1.45634734630585,K,7
OUTPUT,NaN,NaN,NaN,NaN,NaN,NaN

INPUT,0.385406404733658,0.0401248335838318,0.769437253475189,-2.23393034934998,3.10447597503662,-1.42729520797729,K,8
OUTPUT,NaN,NaN,NaN,NaN,NaN,NaN

INPUT,0.387552380561829,0.0403288193047047,0.773794293403625,-2.24685144424438,3.10336995124817,-1.41011536121368,K,9
OUTPUT,NaN,NaN,NaN,NaN,NaN,NaN

INPUT,0.361499518156052,0.030977426096797,0.724969685077667,0.885120213031769,3.12752270698547,1.45689535140991,K,4
OUTPUT,NaN,NaN,NaN,NaN,NaN,NaN

INPUT,0.367938458919525,0.0303234662860632,0.738504707813263,0.806081175804138,3.12473559379578,1.48141002655029,K,5
OUTPUT,NaN,NaN,NaN,NaN,NaN,NaN

INPUT,0.374377429485321,0.0296695046126842,0.752039730548859,0.734741508960724,3.1219847202301,1.51362669467926,K,6
OUTPUT,NaN,NaN,NaN,NaN,NaN,NaN

INPUT,0.379385501146317,0.0291608702391386,0.762566924095154,0.682880520820618,3.11988639831543,1.54195713996887,K,7
OUTPUT,NaN,NaN,NaN,NaN,NaN,NaN

INPUT,0.382962673902512,0.0287975575774908,0.770086407661438,0.647345244884491,3.11841607093811,1.56335687637329,K,8
OUTPUT,NaN,NaN,NaN,NaN,NaN,NaN

INPUT,0.385109007358551,0.0285795703530312,0.774598062038422,0.62654721736908,3.11754679679871,1.57653880119324,K,9
OUTPUT,NaN,NaN,NaN,NaN,NaN,NaN

INPUT,0.362688630819321,0.0346651673316956,0.723140597343445,-2.41141986846924,3.10961699485779,-1.74000251293182,K,11
OUTPUT,NaN,NaN,NaN,NaN,NaN,NaN

INPUT,0.367839843034744,0.0346804112195969,0.734546184539795,-2.44864964485168,3.10612487792969,-1.69824874401093,K,12
OUTPUT,NaN,NaN,NaN,NaN,NaN,NaN

INPUT,0.37299108505249,0.0346956513822079,0.74595183134079,-2.48628449440002,3.10268807411194,-1.65689516067505,K,13
OUTPUT,NaN,NaN,NaN,NaN,NaN,NaN

INPUT,0.378142327070236,0.0347108952701092,0.75735741853714,-2.52422189712524,3.09931182861328,-1.61583876609802,K,14
OUTPUT,NaN,NaN,NaN,NaN,NaN,NaN

INPUT,0.38329353928566,0.0347261354327202,0.768763065338135,-2.56239056587219,3.09600138664246,-1.57500815391541,K,15
OUTPUT,NaN,NaN,NaN,NaN,NaN,NaN

INPUT,0.387929648160934,0.0347398556768894,0.779028117656708,-2.59689855575562,3.09308266639709,-1.53841185569763,K,16
OUTPUT,NaN,NaN,NaN,NaN,NaN,NaN

INPUT,0.391535520553589,0.0347505249083042,0.787012040615082,-2.62382221221924,3.09085464477539,-1.51002860069275,K,17
OUTPUT,NaN,NaN,NaN,NaN,NaN,NaN

INPUT,0.394111126661301,0.0347581431269646,0.792714834213257,-2.64309191703796,3.08928680419922,-1.4897917509079,K,18
OUTPUT,NaN,NaN,NaN,NaN,NaN,NaN

INPUT,0.395656496286392,0.0347627177834511,0.796136558055878,-2.65466785430908,3.08835601806641,-1.47766280174255,K,19
OUTPUT,NaN,NaN,NaN,NaN,NaN,NaN

INPUT,0.396171629428864,0.0347642414271832,0.797277092933655,-2.65852880477905,3.08804726600647,-1.47362184524536,K,20
OUTPUT,NaN,NaN,NaN,NaN,NaN,NaN

INPUT,0.354677945375443,0.027504488825798,0.732334494590759,1.03717112541199,3.11658215522766,1.64976632595062,K,12
OUTPUT,NaN,NaN,NaN,NaN,NaN,NaN

INPUT,0.358445167541504,0.0267648864537477,0.743503987789154,1.00198185443878,3.11398148536682,1.67904710769653,K,13
OUTPUT,NaN,NaN,NaN,NaN,NaN,NaN

INPUT,0.362212419509888,0.0260252840816975,0.754673540592194,0.967297732830048,3.11140942573547,1.70883524417877,K,14
OUTPUT,NaN,NaN,NaN,NaN,NaN,NaN

INPUT,0.365979641675949,0.025285679847002,0.765843033790588,0.932994842529297,3.10886836051941,1.73900711536407,K,15
OUTPUT,NaN,NaN,NaN,NaN,NaN,NaN

INPUT,0.369370132684708,0.0246200375258923,0.775895595550537,0.902376055717468,3.10661029815674,1.7664178609848,K,16
OUTPUT,NaN,NaN,NaN,NaN,NaN,NaN

INPUT,0.372007191181183,0.0241023153066635,0.783714234828949,0.878696203231812,3.1048743724823,1.7878737449646,K,17
OUTPUT,NaN,NaN,NaN,NaN,NaN,NaN

INPUT,0.373890817165375,0.0237325131893158,0.789299011230469,0.861843705177307,3.10364580154419,1.80326187610626,K,18
OUTPUT,NaN,NaN,NaN,NaN,NaN,NaN

INPUT,0.375020980834961,0.0235106330364943,0.792649865150452,0.851754248142242,3.10291337966919,1.8125171661377,K,19
OUTPUT,NaN,NaN,NaN,NaN,NaN,NaN

INPUT,0.375397711992264,0.0234366729855537,0.793766796588898,0.848394513130188,3.10266995429993,1.81560575962067,K,20
OUTPUT,NaN,NaN,NaN,NaN,NaN,NaN

INPUT,0.360776275396347,0.0412257686257362,0.721456289291382,-2.2219603061676,3.10327529907227,-1.70816123485565,K,11
OUTPUT,NaN,NaN,NaN,NaN,NaN,NaN

INPUT,0.365703523159027,0.0420131161808968,0.732661485671997,-2.25024580955505,3.0989727973938,-1.67600572109222,K,12
OUTPUT,NaN,NaN,NaN,NaN,NaN,NaN

INPUT,0.370630770921707,0.0428004637360573,0.743866682052612,-2.27888751029968,3.09470891952515,-1.64420104026794,K,13
OUTPUT,NaN,NaN,NaN,NaN,NaN,NaN

INPUT,0.375558018684387,0.0435878112912178,0.755071878433228,-2.30779480934143,3.09048795700073,-1.61265575885773,K,14
OUTPUT,NaN,NaN,NaN,NaN,NaN,NaN

INPUT,0.380485266447067,0.0443751588463783,0.766277074813843,-2.33690547943115,3.08631348609924,-1.58130764961243,K,15
OUTPUT,NaN,NaN,NaN,NaN,NaN,NaN

INPUT,0.384919792413712,0.0450837723910809,0.776361763477325,-2.36324286460876,3.08259963989258,-1.55322587490082,K,16
OUTPUT,NaN,NaN,NaN,NaN,NaN,NaN

INPUT,0.388368874788284,0.0456349141895771,0.784205377101898,-2.38380146026611,3.07974100112915,-1.53145468235016,K,17
OUTPUT,NaN,NaN,NaN,NaN,NaN,NaN

INPUT,0.390832513570786,0.0460285879671574,0.789807975292206,-2.39852023124695,3.07771587371826,-1.51593554019928,K,18
OUTPUT,NaN,NaN,NaN,NaN,NaN,NaN

INPUT,0.392310678958893,0.0462647937238216,0.793169558048248,-2.40736413002014,3.07650780677795,-1.50663566589355,K,19
OUTPUT,NaN,NaN,NaN,NaN,NaN,NaN

INPUT,0.392803400754929,0.0463435277342796,0.794290065765381,-2.41031408309937,3.07610630989075,-1.50353741645813,K,20
OUTPUT,NaN,NaN,NaN,NaN,NaN,NaN

INPUT,0.360077977180481,0.034450750797987,0.733349084854126,0.819327831268311,3.1378219127655,1.43488109111786,K,12
OUTPUT,NaN,NaN,NaN,NaN,NaN,NaN

INPUT,0.3644138276577,0.0344421938061714,0.744625449180603,0.771301448345184,3.13735914230347,1.45162892341614,K,13
OUTPUT,NaN,NaN,NaN,NaN,NaN,NaN

INPUT,0.368749678134918,0.0344336368143559,0.755901753902435,0.726348459720612,3.13689970970154,1.47145020961761,K,14
OUTPUT,NaN,NaN,NaN,NaN,NaN,NaN

INPUT,0.373085498809814,0.0344250835478306,0.767178058624268,0.683627247810364,3.13644480705261,1.49350333213806,K,15
OUTPUT,NaN,NaN,NaN,NaN,NaN,NaN

INPUT,0.376987755298615,0.0344173833727837,0.777326762676239,0.646618604660034,3.13603949546814,1.51479172706604,K,16
OUTPUT,NaN,NaN,NaN,NaN,NaN,NaN

INPUT,0.3800228536129,0.0344113931059837,0.785220205783844,0.618581593036652,3.1357274055481,1.53209686279297,K,17
OUTPUT,NaN,NaN,NaN,NaN,NaN,NaN

INPUT,0.382190763950348,0.0344071164727211,0.790858387947083,0.598891019821167,3.13550615310669,1.54479360580444,K,18
OUTPUT,NaN,NaN,NaN,NaN,NaN,NaN

INPUT,0.383491516113281,0.0344045497477055,0.79424124956131,0.587195694446564,3.13537406921387,1.55253064632416,K,19
OUTPUT,NaN,NaN,NaN,NaN,NaN,NaN

INPUT,0.3839251101017,0.0344036929309368,0.795368909835815,0.583315849304199,3.13533020019531,1.55512821674347,K,20
OUTPUT,NaN,NaN,NaN,NaN,NaN,NaN

INPUT,0.367243409156799,0.041066188365221,0.721204042434692,-2.23602414131165,3.07117366790771,-1.54836797714233,K,11
OUTPUT,NaN,NaN,NaN,NaN,NaN,NaN

INPUT,0.372932612895966,0.0418351255357265,0.732377231121063,-2.27546286582947,3.06335639953613,-1.50685262680054,K,12
OUTPUT,NaN,NaN,NaN,NaN,NaN,NaN

INPUT,0.378621846437454,0.0426040627062321,0.743550360202789,-2.315101146698,3.05566740036011,-1.46551239490509,K,13
OUTPUT,NaN,NaN,NaN,NaN,NaN,NaN

INPUT,0.38431105017662,0.0433729998767376,0.75472354888916,-2.35489130020142,3.04811906814575,-1.42429757118225,K,14
OUTPUT,NaN,NaN,NaN,NaN,NaN,NaN

INPUT,0.390000283718109,0.0441419370472431,0.765896677970886,-2.39480137825012,3.04072380065918,-1.38317382335663,K,15
OUTPUT,NaN,NaN,NaN,NaN,NaN,NaN

INPUT,0.395120561122894,0.0448339842259884,0.775952577590942,-2.43080353736877,3.03420901298523,-1.34622061252594,K,16
OUTPUT,NaN,NaN,NaN,NaN,NaN,NaN

INPUT,0.39910301566124,0.0453722402453423,0.78377377986908,-2.45885181427002,3.02924013137817,-1.31750810146332,K,17
OUTPUT,NaN,NaN,NaN,NaN,NaN,NaN

INPUT,0.401947647333145,0.045756708830595,0.789360344409943,-2.47890830039978,3.02574586868286,-1.2970118522644,K,18
OUTPUT,NaN,NaN,NaN,NaN,NaN,NaN

INPUT,0.403654396533966,0.0459873899817467,0.792712330818176,-2.49095034599304,3.02367210388184,-1.2847181558609,K,19
OUTPUT,NaN,NaN,NaN,NaN,NaN,NaN

INPUT,0.404223322868347,0.0460642836987972,0.793829619884491,-2.49496579170227,3.02298474311829,-1.28062105178833,K,20
OUTPUT,NaN,NaN,NaN,NaN,NaN,NaN

INPUT,0.365592807531357,0.0466795898973942,0.721064507961273,-2.19956588745117,3.06949925422668,-1.78520882129669,K,11
OUTPUT,NaN,NaN,NaN,NaN,NaN,NaN

INPUT,0.371087938547134,0.0481088906526566,0.732221245765686,-2.22305631637573,3.06124687194824,-1.75992608070374,K,12
OUTPUT,NaN,NaN,NaN,NaN,NaN,NaN

INPUT,0.376583069562912,0.0495381914079189,0.743377983570099,-2.2467212677002,3.05304217338562,-1.73480188846588,K,13
OUTPUT,NaN,NaN,NaN,NaN,NaN,NaN

INPUT,0.382078170776367,0.050967488437891,0.754534721374512,-2.27051854133606,3.04489016532898,-1.70979201793671,K,14
OUTPUT,NaN,NaN,NaN,NaN,NaN,NaN

INPUT,0.387573301792145,0.0523967929184437,0.765691459178925,-2.29441905021667,3.0367956161499,-1.68486642837524,K,15
OUTPUT,NaN,NaN,NaN,NaN,NaN,NaN

INPUT,0.392518907785416,0.0536831617355347,0.775732517242432,-2.31600141525269,3.02956366539001,-1.66248774528503,K,16
OUTPUT,NaN,NaN,NaN,NaN,NaN,NaN

INPUT,0.396365493535995,0.0546836741268635,0.783542215824127,-2.33282780647278,3.02397608757019,-1.6451096534729,K,17
OUTPUT,NaN,NaN,NaN,NaN,NaN,NaN

INPUT,0.399113059043884,0.0553983226418495,0.789120554924011,-2.34486532211304,3.02000594139099,-1.63270878791809,K,18
OUTPUT,NaN,NaN,NaN,NaN,NaN,NaN

INPUT,0.40076157450676,0.0558271110057831,0.792467594146729,-2.35209488868713,3.01763224601746,-1.62527251243591,K,19
OUTPUT,NaN,NaN,NaN,NaN,NaN,NaN

INPUT,0.401311099529266,0.0559700429439545,0.793583273887634,-2.35450577735901,3.01684260368347,-1.62279438972473,K,20
OUTPUT,NaN,NaN,NaN,NaN,NaN,NaN

INPUT,0.357851535081863,0.0331784710288048,0.734087288379669,0.536571443080902,3.13516020774841,1.24854362010956,K,12
OUTPUT,NaN,NaN,NaN,NaN,NaN,NaN

INPUT,0.36195296049118,0.0330360308289528,0.745441317558289,0.492699325084686,3.13442254066467,1.27959537506104,K,13
OUTPUT,NaN,NaN,NaN,NaN,NaN,NaN

INPUT,0.366054385900497,0.0328935906291008,0.756795346736908,0.450016498565674,3.13369488716125,1.31183660030365,K,14
OUTPUT,NaN,NaN,NaN,NaN,NaN,NaN

INPUT,0.370155841112137,0.0327511504292488,0.768149375915527,0.408209085464478,3.1329779624939,1.34495341777802,K,15
OUTPUT,NaN,NaN,NaN,NaN,NaN,NaN

INPUT,0.373847126960754,0.0326229520142078,0.77836799621582,0.371153682470322,3.13234305381775,1.37532997131348,K,16
OUTPUT,NaN,NaN,NaN,NaN,NaN,NaN

INPUT,0.376718133687973,0.0325232446193695,0.78631579875946,0.342631787061691,3.13185620307922,1.39925539493561,K,17
OUTPUT,NaN,NaN,NaN,NaN,NaN,NaN

INPUT,0.378768861293793,0.0324520207941532,0.791992783546448,0.322394102811813,3.13151264190674,1.41648018360138,K,18
OUTPUT,NaN,NaN,NaN,NaN,NaN,NaN

INPUT,0.379999279975891,0.0324092917144299,0.795399010181427,0.310299605131149,3.13130831718445,1.42686319351196,K,19
OUTPUT,NaN,NaN,NaN,NaN,NaN,NaN

INPUT,0.380409419536591,0.0323950462043285,0.796534419059753,0.306275606155396,3.1312403678894,1.43033170700073,K,20
OUTPUT,NaN,NaN,NaN,NaN,NaN,NaN

INPUT,0.371004521846771,0.0394519753754139,0.722255110740662,-2.65133047103882,3.07857656478882,-1.85139751434326,K,11
OUTPUT,NaN,NaN,NaN,NaN,NaN,NaN

INPUT,0.377135187387466,0.0400305278599262,0.733554661273956,-2.69759893417358,3.07174468040466,-1.80350708961487,K,12
OUTPUT,NaN,NaN,NaN,NaN,NaN,NaN

INPUT,0.383265882730484,0.0406090766191483,0.744854211807251,-2.74402165412903,3.06506752967834,-1.75574862957001,K,13
OUTPUT,NaN,NaN,NaN,NaN,NaN,NaN

INPUT,0.389396548271179,0.0411876291036606,0.756153762340546,-2.79056239128113,3.05855989456177,-1.70808434486389,K,14
OUTPUT,NaN,NaN,NaN,NaN,NaN,NaN

INPUT,0.395527213811874,0.0417661778628826,0.76745331287384,-2.83719611167908,3.05223631858826,-1.66048812866211,K,15
OUTPUT,NaN,NaN,NaN,NaN,NaN,NaN

INPUT,0.401044845581055,0.0422868728637695,0.777622878551483,-2.87923169136047,3.04671382904053,-1.61769425868988,K,16
OUTPUT,NaN,NaN,NaN,NaN,NaN,NaN

INPUT,0.405336320400238,0.0426918603479862,0.785532593727112,-2.91196250915527,3.04253602027893,-1.58443140983582,K,17
OUTPUT,NaN,NaN,NaN,NaN,NaN,NaN

INPUT,0.408401668071747,0.0429811365902424,0.791182339191437,-2.93535900115967,3.03961777687073,-1.56068134307861,K,18
OUTPUT,NaN,NaN,NaN,NaN,NaN,NaN

INPUT,0.410240858793259,0.043154701590538,0.794572234153748,-2.94940328598022,3.03789353370667,-1.54643440246582,K,19
OUTPUT,NaN,NaN,NaN,NaN,NaN,NaN

INPUT,0.410853922367096,0.0432125553488731,0.795702159404755,-2.9540855884552,3.03732347488403,-1.54168593883514,K,20
OUTPUT,NaN,NaN,NaN,NaN,NaN,NaN

INPUT,0.37183666229248,0.0343999564647675,0.733136177062988,-2.48033714294434,3.10322737693787,-1.6854373216629,K,5
OUTPUT,NaN,NaN,NaN,NaN,NaN,NaN

INPUT,0.380255997180939,0.0343521125614643,0.749037265777588,-2.54312992095947,3.09756517410278,-1.60784292221069,K,6
OUTPUT,NaN,NaN,NaN,NaN,NaN,NaN

INPUT,0.38680437207222,0.0343148969113827,0.761404752731323,-2.59315514564514,3.0933084487915,-1.54866659641266,K,7
OUTPUT,NaN,NaN,NaN,NaN,NaN,NaN

INPUT,0.391481786966324,0.0342883132398129,0.770238637924194,-2.62935018539429,3.09035468101501,-1.50685381889343,K,8
OUTPUT,NaN,NaN,NaN,NaN,NaN,NaN

INPUT,0.394288212060928,0.0342723652720451,0.775538980960846,-2.65121746063232,3.08861947059631,-1.48191356658936,K,9
OUTPUT,NaN,NaN,NaN,NaN,NaN,NaN

INPUT,0.369454056024551,0.0419429615139961,0.730957925319672,-2.27576589584351,3.09547638893127,-1.66769576072693,K,5
OUTPUT,NaN,NaN,NaN,NaN,NaN,NaN

INPUT,0.377509117126465,0.0432125143706799,0.746572911739349,-2.32326030731201,3.08831715583801,-1.60697102546692,K,6
OUTPUT,NaN,NaN,NaN,NaN,NaN,NaN

INPUT,0.383774191141129,0.0441999435424805,0.758717954158783,-2.36112713813782,3.08288049697876,-1.56105864048004,K,7
OUTPUT,NaN,NaN,NaN,NaN,NaN,NaN

INPUT,0.388249218463898,0.044905249029398,0.767392933368683,-2.38842105865479,3.07908415794373,-1.52889800071716,K,8
OUTPUT,NaN,NaN,NaN,NaN,NaN,NaN

INPUT,0.390934258699417,0.0453284308314323,0.772597968578339,-2.40483927726746,3.07684564590454,-1.50984704494476,K,9
OUTPUT,NaN,NaN,NaN,NaN,NaN,NaN

INPUT,0.367676317691803,0.0401987992227077,0.71568089723587,-2.23821353912354,3.07055854797363,-1.56886827945709,K,4
OUTPUT,NaN,NaN,NaN,NaN,NaN,NaN

INPUT,0.376850545406342,0.0413739904761314,0.731110394001007,-2.30435490608215,3.05730581283569,-1.49086213111877,K,5
OUTPUT,NaN,NaN,NaN,NaN,NaN,NaN

INPUT,0.386024743318558,0.0425491854548454,0.746539890766144,-2.37212800979614,3.04448819160461,-1.41440832614899,K,6
OUTPUT,NaN,NaN,NaN,NaN,NaN,NaN

INPUT,0.393160253763199,0.043463222682476,0.758540630340576,-2.42557883262634,3.03486323356628,-1.35562252998352,K,7
OUTPUT,NaN,NaN,NaN,NaN,NaN,NaN

INPUT,0.39825701713562,0.0441161058843136,0.767112553119659,-2.4640486240387,3.02819180488586,-1.3138884305954,K,8
OUTPUT,NaN,NaN,NaN,NaN,NaN,NaN

INPUT,0.401315093040466,0.0445078387856483,0.772255718708038,-2.48722577095032,3.02427530288696,-1.28892910480499,K,9
OUTPUT,NaN,NaN,NaN,NaN,NaN,NaN

INPUT,0.374937444925308,0.0478348955512047,0.730885744094849,-2.2383508682251,3.05484485626221,-1.74864196777344,K,5
OUTPUT,NaN,NaN,NaN,NaN,NaN,NaN

INPUT,0.38379955291748,0.0501290038228035,0.74631279706955,-2.27989792823792,3.04092907905579,-1.70274341106415,K,6
OUTPUT,NaN,NaN,NaN,NaN,NaN,NaN

INPUT,0.390692293643951,0.0519133061170578,0.758311629295349,-2.3125011920929,3.03027105331421,-1.66751039028168,K,7
OUTPUT,NaN,NaN,NaN,NaN,NaN,NaN

INPUT,0.395615696907043,0.0531878098845482,0.766882240772247,-2.33584117889404,3.02276873588562,-1.64258551597595,K,8
OUTPUT,NaN,NaN,NaN,NaN,NaN,NaN

INPUT,0.398569732904434,0.0539525151252747,0.772024571895599,-2.34984183311462,3.01831746101379,-1.62772953510284,K,9
OUTPUT,NaN,NaN,NaN,NaN,NaN,NaN

INPUT,0.371622502803802,0.0390679612755775,0.717277944087982,-2.6504590511322,3.0785756111145,-1.87091648578644,K,4
OUTPUT,NaN,NaN,NaN,NaN,NaN,NaN

INPUT,0.381465911865234,0.0400623455643654,0.732771933078766,-2.7293655872345,3.06686687469482,-1.78240656852722,K,5
OUTPUT,NaN,NaN,NaN,NaN,NaN,NaN

INPUT,0.391309350728989,0.0410567298531532,0.74826592206955,-2.80958700180054,3.05567979812622,-1.69513988494873,K,6
OUTPUT,NaN,NaN,NaN,NaN,NaN,NaN

INPUT,0.398965358734131,0.0418301373720169,0.760316789150238,-2.87257361412048,3.04739022254944,-1.62780404090881,K,7
OUTPUT,NaN,NaN,NaN,NaN,NaN,NaN

INPUT,0.404433935880661,0.0423825718462467,0.768924593925476,-2.91779565811157,3.0417115688324,-1.57990860939026,K,8
OUTPUT,NaN,NaN,NaN,NaN,NaN,NaN

INPUT,0.407715082168579,0.0427140332758427,0.774089217185974,-2.94500470161438,3.03840732574463,-1.55123460292816,K,9
OUTPUT,NaN,NaN,NaN,NaN,NaN,NaN

INPUT,0.360524863004684,0.0271318312734365,0.73612904548645,1.01800060272217,3.11385321617126,1.69766318798065,K,5
OUTPUT,NaN,NaN,NaN,NaN,NaN,NaN

INPUT,0.366064339876175,0.0260117650032043,0.74968409538269,0.954471349716187,3.10972714424133,1.73827111721039,K,6
OUTPUT,NaN,NaN,NaN,NaN,NaN,NaN

INPUT,0.370372802019119,0.0251406040042639,0.760226905345917,0.907117784023285,3.10658860206604,1.77155721187592,K,7
OUTPUT,NaN,NaN,NaN,NaN,NaN,NaN

INPUT,0.37345027923584,0.0245183445513248,0.767757475376129,0.874214351177216,3.10439372062683,1.79590439796448,K,8
OUTPUT,NaN,NaN,NaN,NaN,NaN,NaN

INPUT,0.375296771526337,0.0241449885070324,0.772275865077972,0.854809045791626,3.10309815406799,1.81066608428955,K,9
OUTPUT,NaN,NaN,NaN,NaN,NaN,NaN

INPUT,0.360453277826309,0.0345343314111233,0.724501311779022,1.06086409091949,3.1387243270874,1.63863670825958,K,4
OUTPUT,NaN,NaN,NaN,NaN,NaN,NaN

INPUT,0.366694092750549,0.0345180109143257,0.737966358661652,0.884495317935944,3.13784217834473,1.56704020500183,K,5
OUTPUT,NaN,NaN,NaN,NaN,NaN,NaN

INPUT,0.372934877872467,0.0345016904175282,0.751431405544281,0.755881786346436,3.13693475723267,1.5431991815567,K,6
OUTPUT,NaN,NaN,NaN,NaN,NaN,NaN

INPUT,0.377788841724396,0.0344889983534813,0.761904239654541,0.674079895019531,3.13622784614563,1.542520403862,K,7
OUTPUT,NaN,NaN,NaN,NaN,NaN,NaN

INPUT,0.381255954504013,0.0344799309968948,0.769384801387787,0.622040212154388,3.13572692871094,1.5480682849884,K,8
OUTPUT,NaN,NaN,NaN,NaN,NaN,NaN

INPUT,0.383336246013641,0.0344744920730591,0.773873150348663,0.592783689498901,3.13542890548706,1.55317664146423,K,9
OUTPUT,NaN,NaN,NaN,NaN,NaN,NaN

INPUT,0.358302056789398,0.0333391390740871,0.725018322467804,0.630644917488098,3.13641166687012,1.299635887146,K,4
OUTPUT,NaN,NaN,NaN,NaN,NaN,NaN

INPUT,0.364206254482269,0.0331057533621788,0.738655209541321,0.529811918735504,3.13501310348511,1.31926047801971,K,5
OUTPUT,NaN,NaN,NaN,NaN,NaN,NaN

INPUT,0.370110481977463,0.0328723713755608,0.752292096614838,0.443163573741913,3.13363122940063,1.35307013988495,K,6
OUTPUT,NaN,NaN,NaN,NaN,NaN,NaN

INPUT,0.374702632427216,0.0326908528804779,0.762898623943329,0.381326049566269,3.13257336616516,1.38492274284363,K,7
OUTPUT,NaN,NaN,NaN,NaN,NaN,NaN

INPUT,0.37798273563385,0.0325611978769302,0.770474672317505,0.33913180232048,3.13182878494263,1.40965032577515,K,8
OUTPUT,NaN,NaN,NaN,NaN,NaN,NaN

INPUT,0.379950821399689,0.0324834026396275,0.77502030134201,0.31442391872406,3.13138675689697,1.4250955581665,K,9
OUTPUT,NaN,NaN,NaN,NaN,NaN,NaN

INPUT,0.355504214763641,0.0263125989586115,0.732651829719543,0.99976909160614,3.10065317153931,1.49522697925568,K,12
OUTPUT,NaN,NaN,NaN,NaN,NaN,NaN

INPUT,0.359358906745911,0.0254475921392441,0.74385392665863,0.972106218338013,3.09637641906738,1.51971292495728,K,13
OUTPUT,NaN,NaN,NaN,NaN,NaN,NaN

INPUT,0.36321359872818,0.0245825834572315,0.755055963993073,0.944714486598969,3.09213042259216,1.5444747209549,K,14
OUTPUT,NaN,NaN,NaN,NaN,NaN,NaN

INPUT,0.367068260908127,0.0237175766378641,0.766258001327515,0.917527139186859,3.0879180431366,1.5694465637207,K,15
OUTPUT,NaN,NaN,NaN,NaN,NaN,NaN

INPUT,0.370537489652634,0.0229390691965818,0.776339888572693,0.893194496631622,3.08415770530701,1.59206223487854,K,16
OUTPUT,NaN,NaN,NaN,NaN,NaN,NaN

INPUT,0.373235762119293,0.0223335642367601,0.784181296825409,0.874340891838074,3.08125495910645,1.6097275018692,K,17
OUTPUT,NaN,NaN,NaN,NaN,NaN,NaN

INPUT,0.375163108110428,0.0219010598957539,0.789782345294952,0.860906898975372,3.07919359207153,1.62238025665283,K,18
OUTPUT,NaN,NaN,NaN,NaN,NaN,NaN

INPUT,0.376319527626038,0.0216415580362082,0.793142974376678,0.852858245372772,3.07796192169189,1.62998449802399,K,19
OUTPUT,NaN,NaN,NaN,NaN,NaN,NaN

INPUT,0.3767049908638,0.0215550567954779,0.794263184070587,0.85017716884613,3.077552318573,1.63252115249634,K,20
OUTPUT,NaN,NaN,NaN,NaN,NaN,NaN

INPUT,0.366732120513916,0.0422420464456081,0.72133207321167,-2.20546698570251,3.07281947135925,-1.6090943813324,K,11
OUTPUT,NaN,NaN,NaN,NaN,NaN,NaN

INPUT,0.372360706329346,0.0431491881608963,0.732521295547485,-2.23948335647583,3.06509470939636,-1.57290875911713,K,12
OUTPUT,NaN,NaN,NaN,NaN,NaN,NaN

INPUT,0.377989262342453,0.0440563298761845,0.743710458278656,-2.27370810508728,3.05746412277222,-1.53691053390503,K,13
OUTPUT,NaN,NaN,NaN,NaN,NaN,NaN

INPUT,0.38361781835556,0.0449634678661823,0.754899621009827,-2.30809044837952,3.0499370098114,-1.50104796886444,K,14
OUTPUT,NaN,NaN,NaN,NaN,NaN,NaN

INPUT,0.38924640417099,0.0458706095814705,0.766088843345642,-2.34259653091431,3.0425226688385,-1.46528470516205,K,15
OUTPUT,NaN,NaN,NaN,NaN,NaN,NaN

INPUT,0.394312113523483,0.0466870367527008,0.776159107685089,-2.37373757362366,3.03595399856567,-1.43316185474396,K,16
OUTPUT,NaN,NaN,NaN,NaN,NaN,NaN

INPUT,0.398252129554749,0.0473220348358154,0.783991575241089,-2.39800596237183,3.03091788291931,-1.40820968151093,K,17
OUTPUT,NaN,NaN,NaN,NaN,NaN,NaN

INPUT,0.401066392660141,0.0477756038308144,0.789586126804352,-2.415363073349,3.02736115455627,-1.39040100574493,K,18
OUTPUT,NaN,NaN,NaN,NaN,NaN,NaN

INPUT,0.402754962444305,0.0480477474629879,0.792942881584167,-2.42578554153442,3.02524399757385,-1.37972068786621,K,19
OUTPUT,NaN,NaN,NaN,NaN,NaN,NaN

INPUT,0.403317838907242,0.0481384620070457,0.794061839580536,-2.42926120758057,3.02454113960266,-1.3761613368988,K,20
OUTPUT,NaN,NaN,NaN,NaN,NaN,NaN

INPUT,0.35865843296051,0.0382011160254478,0.722693622112274,-2.44571375846863,3.1201388835907,-1.77522790431976,K,11
OUTPUT,NaN,NaN,NaN,NaN,NaN,NaN

INPUT,0.363337248563766,0.0386329479515553,0.734042882919312,-2.48242115974426,3.11782360076904,-1.73307180404663,K,12
OUTPUT,NaN,NaN,NaN,NaN,NaN,NaN

INPUT,0.368016064167023,0.039064783602953,0.745392143726349,-2.5196099281311,3.11554527282715,-1.69139516353607,K,13
OUTPUT,NaN,NaN,NaN,NaN,NaN,NaN

INPUT,0.372694849967957,0.0394966192543507,0.756741404533386,-2.55715799331665,3.11330723762512,-1.65007567405701,K,14
OUTPUT,NaN,NaN,NaN,NaN,NaN,NaN

INPUT,0.377373665571213,0.0399284549057484,0.768090665340424,-2.59498167037964,3.11111307144165,-1.60902893543243,K,15
OUTPUT,NaN,NaN,NaN,NaN,NaN,NaN

INPUT,0.381584584712982,0.040317103266716,0.778304994106293,-2.62920880317688,3.1091787815094,-1.57227063179016,K,16
OUTPUT,NaN,NaN,NaN,NaN,NaN,NaN

INPUT,0.384859770536423,0.0406193882226944,0.78624951839447,-2.65592932701111,3.10770225524902,-1.54377889633179,K,17
OUTPUT,NaN,NaN,NaN,NaN,NaN,NaN

INPUT,0.38719916343689,0.0408353060483932,0.791924118995667,-2.67506146430969,3.10666346549988,-1.52347278594971,K,18
OUTPUT,NaN,NaN,NaN,NaN,NaN,NaN

INPUT,0.388602823019028,0.0409648567438126,0.795328915119171,-2.68655729293823,3.10604667663574,-1.51130545139313,K,19
OUTPUT,NaN,NaN,NaN,NaN,NaN,NaN

INPUT,0.389070689678192,0.0410080403089523,0.796463847160339,-2.6903920173645,3.10584211349487,-1.50725209712982,K,20
OUTPUT,NaN,NaN,NaN,NaN,NaN,NaN

INPUT,0.367205142974854,0.0413133911788464,0.715772449970245,-2.20705103874207,3.07216310501099,-1.62673938274384,K,4
OUTPUT,NaN,NaN,NaN,NaN,NaN,NaN

INPUT,0.37629646062851,0.0427159257233143,0.73123824596405,-2.26420545578003,3.0590705871582,-1.55884349346161,K,5
OUTPUT,NaN,NaN,NaN,NaN,NaN,NaN

INPUT,0.385387778282166,0.0441184602677822,0.74670398235321,-2.32285046577454,3.04629850387573,-1.49237108230591,K,6
OUTPUT,NaN,NaN,NaN,NaN,NaN,NaN

INPUT,0.392458766698837,0.0452093183994293,0.758732914924622,-2.36913895606995,3.03661894798279,-1.44129478931427,K,7
OUTPUT,NaN,NaN,NaN,NaN,NaN,NaN

INPUT,0.397509515285492,0.0459885038435459,0.767325043678284,-2.40246820449829,3.02985548973083,-1.40504801273346,K,8
OUTPUT,NaN,NaN,NaN,NaN,NaN,NaN

INPUT,0.400539934635162,0.046456016600132,0.772480309009552,-2.42255306243896,3.02586150169373,-1.38337481021881,K,9
OUTPUT,NaN,NaN,NaN,NaN,NaN,NaN

INPUT,0.361616402864456,0.0260381400585175,0.736490249633789,0.983121156692505,3.09594655036926,1.53319776058197,K,5
OUTPUT,NaN,NaN,NaN,NaN,NaN,NaN

INPUT,0.367352336645126,0.0247704554349184,0.750103294849396,0.93371194601059,3.0892162322998,1.56772196292877,K,6
OUTPUT,NaN,NaN,NaN,NaN,NaN,NaN

INPUT,0.371813625097275,0.023784477263689,0.760691165924072,0.89658123254776,3.08405804634094,1.5956928730011,K,7
OUTPUT,NaN,NaN,NaN,NaN,NaN,NaN

INPUT,0.375000268220901,0.0230802074074745,0.768253982067108,0.870630383491516,3.08042430877686,1.61606311798096,K,8
OUTPUT,NaN,NaN,NaN,NaN,NaN,NaN

INPUT,0.376912236213684,0.0226576458662748,0.772791683673859,0.855265974998474,3.07826733589172,1.62839579582214,K,9
OUTPUT,NaN,NaN,NaN,NaN,NaN,NaN

INPUT,0.367103815078735,0.0387016460299492,0.732356548309326,-2.51867842674255,3.11573171615601,-1.72471415996552,K,5
OUTPUT,NaN,NaN,NaN,NaN,NaN,NaN

INPUT,0.374780297279358,0.0394197329878807,0.748239815235138,-2.57871079444885,3.11204051971436,-1.6446498632431,K,6
OUTPUT,NaN,NaN,NaN,NaN,NaN,NaN

INPUT,0.380750894546509,0.0399782434105873,0.760593414306641,-2.62696075439453,3.10926723480225,-1.58393108844757,K,7
OUTPUT,NaN,NaN,NaN,NaN,NaN,NaN

INPUT,0.385015606880188,0.0403771810233593,0.769417405128479,-2.66203641891479,3.10734391212463,-1.54116868972778,K,8
OUTPUT,NaN,NaN,NaN,NaN,NaN,NaN

INPUT,0.387574434280396,0.0406165421009064,0.774711847305298,-2.68328094482422,3.10621452331543,-1.51570916175842,K,9
OUTPUT,NaN,NaN,NaN,NaN,NaN,NaN

INPUT,0.353398263454437,0.0189168881624937,0.741554260253906,0.91111147403717,3.05516028404236,1.41463840007782,K,13
OUTPUT,NaN,NaN,NaN,NaN,NaN,NaN

INPUT,0.356685072183609,0.0174296945333481,0.752538204193115,0.886447906494141,3.04705882072449,1.43797934055328,K,14
OUTPUT,NaN,NaN,NaN,NaN,NaN,NaN

INPUT,0.359971910715103,0.0159424990415573,0.763522088527679,0.861879169940948,3.03901147842407,1.46143352985382,K,15
OUTPUT,NaN,NaN,NaN,NaN,NaN,NaN

INPUT,0.362930059432983,0.0146040236577392,0.773407578468323,0.839828431606293,3.03181934356689,1.48262023925781,K,16
OUTPUT,NaN,NaN,NaN,NaN,NaN,NaN

INPUT,0.365230858325958,0.0135629866272211,0.781096339225769,0.822709143161774,3.02626085281372,1.49914181232452,K,17
OUTPUT,NaN,NaN,NaN,NaN,NaN,NaN

INPUT,0.366874277591705,0.0128193879500031,0.786588251590729,0.810494840145111,3.02231001853943,1.51096320152283,K,18
OUTPUT,NaN,NaN,NaN,NaN,NaN,NaN

INPUT,0.367860317230225,0.0123732313513756,0.789883434772491,0.803170919418335,3.01994800567627,1.51806342601776,K,19
OUTPUT,NaN,NaN,NaN,NaN,NaN,NaN

INPUT,0.368189007043839,0.0122245103120804,0.790981829166412,0.800730407238007,3.01916193962097,1.5204313993454,K,20
OUTPUT,NaN,NaN,NaN,NaN,NaN,NaN

INPUT,0.369028598070145,0.0448034554719925,0.721075415611267,-2.21274209022522,3.0530948638916,-1.60967409610748,K,11
OUTPUT,NaN,NaN,NaN,NaN,NaN,NaN

INPUT,0.374927371740341,0.0460119619965553,0.732234418392181,-2.24741888046265,3.04313993453979,-1.573317527771,K,12
OUTPUT,NaN,NaN,NaN,NaN,NaN,NaN

INPUT,0.380826145410538,0.0472204722464085,0.743393421173096,-2.28226613998413,3.03330898284912,-1.53709709644318,K,13
OUTPUT,NaN,NaN,NaN,NaN,NaN,NaN

INPUT,0.386724919080734,0.048428975045681,0.75455242395401,-2.31724572181702,3.02361464500427,-1.50097131729126,K,14
OUTPUT,NaN,NaN,NaN,NaN,NaN,NaN

INPUT,0.392623692750931,0.0496374852955341,0.765711426734924,-2.35233211517334,3.0140688419342,-1.46491158008575,K,15
OUTPUT,NaN,NaN,NaN,NaN,NaN,NaN

INPUT,0.397932589054108,0.0507251396775246,0.775754511356354,-2.38398599624634,3.005615234375,-1.43249750137329,K,16
OUTPUT,NaN,NaN,NaN,NaN,NaN,NaN

INPUT,0.402061730623245,0.0515710934996605,0.783565819263458,-2.4086492061615,2.99913573265076,-1.40730488300323,K,17
OUTPUT,NaN,NaN,NaN,NaN,NaN,NaN

INPUT,0.405011117458344,0.0521753467619419,0.789145290851593,-2.42628693580627,2.99456143379211,-1.38931727409363,K,18
OUTPUT,NaN,NaN,NaN,NaN,NaN,NaN

INPUT,0.406780749559402,0.0525378994643688,0.792492985725403,-2.43687748908997,2.99183917045593,-1.37852704524994,K,19
OUTPUT,NaN,NaN,NaN,NaN,NaN,NaN

INPUT,0.407370626926422,0.0526587516069412,0.793608903884888,-2.4404091835022,2.99093532562256,-1.37493062019348,K,20
OUTPUT,NaN,NaN,NaN,NaN,NaN,NaN

INPUT,0.352672189474106,0.0315605476498604,0.733572900295258,0.489534974098206,3.10238933563232,1.43798172473907,K,12
OUTPUT,NaN,NaN,NaN,NaN,NaN,NaN

INPUT,0.356228530406952,0.0312477387487888,0.744872808456421,0.438367933034897,3.09853506088257,1.48665952682495,K,13
OUTPUT,NaN,NaN,NaN,NaN,NaN,NaN

INPUT,0.35978490114212,0.0309349317103624,0.756172716617584,0.387398988008499,3.09478807449341,1.53554356098175,K,14
OUTPUT,NaN,NaN,NaN,NaN,NaN,NaN

INPUT,0.363341242074966,0.030622124671936,0.767472624778748,0.336578160524368,3.09115767478943,1.58458435535431,K,15
OUTPUT,NaN,NaN,NaN,NaN,NaN,NaN

INPUT,0.36654195189476,0.0303405970335007,0.777642548084259,0.290937036275864,3.08799743652344,1.628826379776,K,16
OUTPUT,NaN,NaN,NaN,NaN,NaN,NaN

INPUT,0.369031399488449,0.0301216319203377,0.785552442073822,0.255489468574524,3.08561396598816,1.66329324245453,K,17
OUTPUT,NaN,NaN,NaN,NaN,NaN,NaN

INPUT,0.370809584856033,0.0299652274698019,0.791202425956726,0.230192944407463,3.08395314216614,1.68793833255768,K,18
OUTPUT,NaN,NaN,NaN,NaN,NaN,NaN

INPUT,0.37187647819519,0.0298713855445385,0.794592380523682,0.215023323893547,3.08297395706177,1.70273470878601,K,19
OUTPUT,NaN,NaN,NaN,NaN,NaN,NaN

INPUT,0.372232109308243,0.0298401042819023,0.795722365379333,0.209968045353889,3.08265042304993,1.70766842365265,K,20
OUTPUT,NaN,NaN,NaN,NaN,NaN,NaN

INPUT,0.348127484321594,0.0333005897700787,0.733106136322021,0.393168359994888,3.08778309822083,1.30883955955505,K,12
OUTPUT,NaN,NaN,NaN,NaN,NaN,NaN

INPUT,0.351205289363861,0.0331710651516914,0.74435693025589,0.344235569238663,3.0824875831604,1.35632514953613,K,13
OUTPUT,NaN,NaN,NaN,NaN,NaN,NaN

INPUT,0.354283094406128,0.0330415442585945,0.755607783794403,0.295413106679916,3.07732939720154,1.40393567085266,K,14
OUTPUT,NaN,NaN,NaN,NaN,NaN,NaN

INPUT,0.357360929250717,0.0329120196402073,0.766858577728271,0.24667164683342,3.07232022285461,1.45164322853088,K,15
OUTPUT,NaN,NaN,NaN,NaN,NaN,NaN

INPUT,0.360130935907364,0.0327954478561878,0.77698427438736,0.202856361865997,3.06794953346252,1.49464619159698,K,16
OUTPUT,NaN,NaN,NaN,NaN,NaN,NaN

INPUT,0.362285405397415,0.0327047817409039,0.784859895706177,0.16880464553833,3.06464552879333,1.52812922000885,K,17
OUTPUT,NaN,NaN,NaN,NaN,NaN,NaN

INPUT,0.363824307918549,0.0326400175690651,0.790485262870789,0.144493639469147,3.06233882904053,1.55206263065338,K,18
OUTPUT,NaN,NaN,NaN,NaN,NaN,NaN

INPUT,0.364747673273087,0.0326011627912521,0.793860495090485,0.129911229014397,3.06097674369812,1.56642866134644,K,19
OUTPUT,NaN,NaN,NaN,NaN,NaN,NaN

INPUT,0.365055441856384,0.0325882099568844,0.794985592365265,0.125051125884056,3.06052660942078,1.57121849060059,K,20
OUTPUT,NaN,NaN,NaN,NaN,NaN,NaN

INPUT,0.364788413047791,0.0405090488493443,0.721953630447388,-2.21984148025513,3.08678507804871,-1.62077152729034,K,11
OUTPUT,NaN,NaN,NaN,NaN,NaN,NaN

INPUT,0.370188385248184,0.041212297976017,0.733215928077698,-2.25374579429626,3.08064842224121,-1.58417987823486,K,12
OUTPUT,NaN,NaN,NaN,NaN,NaN,NaN

INPUT,0.3755883872509,0.04191555082798,0.744478285312653,-2.2879011631012,3.07458758354187,-1.54782617092133,K,13
OUTPUT,NaN,NaN,NaN,NaN,NaN,NaN

INPUT,0.380988329648972,0.0426187999546528,0.755740523338318,-2.32224488258362,3.06860971450806,-1.51164662837982,K,14
OUTPUT,NaN,NaN,NaN,NaN,NaN,NaN

INPUT,0.386388301849365,0.0433220490813255,0.767002880573273,-2.35673427581787,3.0627224445343,-1.47559750080109,K,15
OUTPUT,NaN,NaN,NaN,NaN,NaN,NaN

INPUT,0.391248285770416,0.0439549759030342,0.777138948440552,-2.38787436485291,3.05750751495361,-1.44323897361755,K,16
OUTPUT,NaN,NaN,NaN,NaN,NaN,NaN

INPUT,0.39502826333046,0.0444472506642342,0.785022556781769,-2.41214847564697,3.05350971221924,-1.4181159734726,K,17
OUTPUT,NaN,NaN,NaN,NaN,NaN,NaN

INPUT,0.397728264331818,0.0447988770902157,0.790653705596924,-2.42951273918152,3.05068683624268,-1.40019094944,K,18
OUTPUT,NaN,NaN,NaN,NaN,NaN,NaN

INPUT,0.399348258972168,0.0450098514556885,0.794032394886017,-2.43994045257568,3.04900670051575,-1.38944315910339,K,19
OUTPUT,NaN,NaN,NaN,NaN,NaN,NaN

INPUT,0.399888247251511,0.0450801774859428,0.795158624649048,-2.44341778755188,3.04844880104065,-1.38586151599884,K,20
OUTPUT,NaN,NaN,NaN,NaN,NaN,NaN

INPUT,0.369426250457764,0.0435695499181747,0.715839385986328,-2.2108211517334,3.05229663848877,-1.62453329563141,K,4
OUTPUT,NaN,NaN,NaN,NaN,NaN,NaN

INPUT,0.378863215446472,0.0454629100859165,0.731191277503967,-2.27036905288696,3.03540968894958,-1.5574038028717,K,5
OUTPUT,NaN,NaN,NaN,NaN,NaN,NaN

INPUT,0.388300210237503,0.0473562739789486,0.746543169021606,-2.33100318908691,3.01894736289978,-1.49124813079834,K,6
OUTPUT,NaN,NaN,NaN,NaN,NaN,NaN

INPUT,0.395640075206757,0.0488288849592209,0.758483588695526,-2.37866520881653,3.00647950172424,-1.44020926952362,K,7
OUTPUT,NaN,NaN,NaN,NaN,NaN,NaN

INPUT,0.400882840156555,0.0498807542026043,0.767012417316437,-2.4129114151001,2.99777269363403,-1.40390503406525,K,8
OUTPUT,NaN,NaN,NaN,NaN,NaN,NaN

INPUT,0.404028475284576,0.0505118742585182,0.772129714488983,-2.43352699279785,2.99263381958008,-1.38216912746429,K,9
OUTPUT,NaN,NaN,NaN,NaN,NaN,NaN

INPUT,0.374119341373444,0.0408811122179031,0.731844663619995,-2.28015851974487,3.07580256462097,-1.57137298583984,K,5
OUTPUT,NaN,NaN,NaN,NaN,NaN,NaN

INPUT,0.382883161306381,0.0419622994959354,0.747468888759613,-2.33797979354858,3.06568193435669,-1.50368010997772,K,6
OUTPUT,NaN,NaN,NaN,NaN,NaN,NaN

INPUT,0.38969948887825,0.0428032241761684,0.75962108373642,-2.38378405570984,3.05801367759705,-1.45182967185974,K,7
OUTPUT,NaN,NaN,NaN,NaN,NaN,NaN

INPUT,0.394568264484406,0.0434038825333118,0.76830118894577,-2.4168267250061,3.05265688896179,-1.41509997844696,K,8
OUTPUT,NaN,NaN,NaN,NaN,NaN,NaN

INPUT,0.397489547729492,0.0437642782926559,0.77350926399231,-2.43675804138184,3.04949426651001,-1.39316034317017,K,9
OUTPUT,NaN,NaN,NaN,NaN,NaN,NaN

INPUT,0.358572453260422,0.0314413011074066,0.737400889396667,0.435341060161591,3.09891653060913,1.48727929592133,K,5
OUTPUT,NaN,NaN,NaN,NaN,NaN,NaN

INPUT,0.363904744386673,0.0309532731771469,0.751209139823914,0.354023545980453,3.09277296066284,1.56641495227814,K,6
OUTPUT,NaN,NaN,NaN,NaN,NaN,NaN

INPUT,0.368052095174789,0.030573695898056,0.761948823928833,0.290938347578049,3.08820986747742,1.62814283370972,K,7
OUTPUT,NaN,NaN,NaN,NaN,NaN,NaN

INPUT,0.371014475822449,0.030302569270134,0.769620060920715,0.245938897132874,3.08507657051086,1.67230463027954,K,8
OUTPUT,NaN,NaN,NaN,NaN,NaN,NaN

INPUT,0.372791916131973,0.0301398932933807,0.774222850799561,0.218958601355553,3.08325004577637,1.69882488250732,K,9
OUTPUT,NaN,NaN,NaN,NaN,NaN,NaN

INPUT,0.353591620922089,0.0333424583077431,0.736566185951233,0.336805135011673,3.08292412757874,1.35244607925415,K,5
OUTPUT,NaN,NaN,NaN,NaN,NaN,NaN

INPUT,0.358297079801559,0.0331436507403851,0.750420808792114,0.26086613535881,3.07449221611023,1.43145799636841,K,6
OUTPUT,NaN,NaN,NaN,NaN,NaN,NaN

INPUT,0.361956894397736,0.0329890176653862,0.761196672916412,0.201548591256142,3.0682098865509,1.49268710613251,K,7
OUTPUT,NaN,NaN,NaN,NaN,NaN,NaN

INPUT,0.364571034908295,0.0328785702586174,0.768893659114838,0.159077659249306,3.06388401985168,1.53633761405945,K,8
OUTPUT,NaN,NaN,NaN,NaN,NaN,NaN

INPUT,0.366139531135559,0.0328123010694981,0.77351188659668,0.133561491966248,3.06135702133179,1.5625011920929,K,9
OUTPUT,NaN,NaN,NaN,NaN,NaN,NaN

INPUT,0.354075640439987,0.0212373398244381,0.729443490505219,0.953062176704407,3.06076645851135,1.41408276557922,K,4
OUTPUT,NaN,NaN,NaN,NaN,NaN,NaN

INPUT,0.35826164484024,0.0193157233297825,0.740478515625,0.910650908946991,3.04957699775696,1.44022917747498,K,5
OUTPUT,NaN,NaN,NaN,NaN,NaN,NaN

INPUT,0.362447649240494,0.0173941031098366,0.751513600349426,0.869978010654449,3.03849077224731,1.46814918518066,K,6
OUTPUT,NaN,NaN,NaN,NaN,NaN,NaN

INPUT,0.36570343375206,0.0158995129168034,0.760096430778503,0.839261472225189,3.02996563911438,1.49070370197296,K,7
OUTPUT,NaN,NaN,NaN,NaN,NaN,NaN

INPUT,0.368028998374939,0.0148319471627474,0.766227066516876,0.817732095718384,3.02393960952759,1.50713694095612,K,8
OUTPUT,NaN,NaN,NaN,NaN,NaN,NaN

INPUT,0.369424313306808,0.0141914077103138,0.769905388355255,0.804963171482086,3.020352602005,1.51709723472595,K,9
OUTPUT,NaN,NaN,NaN,NaN,NaN,NaN

INPUT,0.37081640958786,0.0392695143818855,0.71971333026886,-2.35864591598511,3.04284262657166,-1.65397667884827,K,11
OUTPUT,NaN,NaN,NaN,NaN,NaN,NaN

INPUT,0.376925736665726,0.0398267917335033,0.730712234973907,-2.3994722366333,3.03188753128052,-1.61176741123199,K,12
OUTPUT,NaN,NaN,NaN,NaN,NaN,NaN

INPUT,0.383035063743591,0.0403840728104115,0.7417111992836,-2.44044780731201,3.02112102508545,-1.56965780258179,K,13
OUTPUT,NaN,NaN,NaN,NaN,NaN,NaN

INPUT,0.389144361019135,0.040941346436739,0.752710103988647,-2.48154234886169,3.0105619430542,-1.52761387825012,K,14
OUTPUT,NaN,NaN,NaN,NaN,NaN,NaN

INPUT,0.395253688097,0.0414986237883568,0.763709008693695,-2.52273535728455,3.00022864341736,-1.48561143875122,K,15
OUTPUT,NaN,NaN,NaN,NaN,NaN,NaN

INPUT,0.400752067565918,0.0420001745223999,0.773608028888702,-2.55988168716431,2.99113702774048,-1.44783055782318,K,16
OUTPUT,NaN,NaN,NaN,NaN,NaN,NaN

INPUT,0.405028611421585,0.0423902682960033,0.781307280063629,-2.58881592750549,2.98421049118042,-1.41845285892487,K,17
OUTPUT,NaN,NaN,NaN,NaN,NaN,NaN

INPUT,0.408083260059357,0.0426689088344574,0.786806702613831,-2.60950422286987,2.97934412956238,-1.39747059345245,K,18
OUTPUT,NaN,NaN,NaN,NaN,NaN,NaN

INPUT,0.409916043281555,0.0428360924124718,0.790106415748596,-2.62192535400391,2.97645807266235,-1.38488173484802,K,19
OUTPUT,NaN,NaN,NaN,NaN,NaN,NaN

INPUT,0.410526990890503,0.0428918190300465,0.791206300258636,-2.62606692314148,2.975501537323,-1.38068521022797,K,20
OUTPUT,NaN,NaN,NaN,NaN,NaN,NaN

INPUT,0.361320227384567,0.0345808267593384,0.733025074005127,0.792677283287048,3.13603258132935,1.35021710395813,K,12
OUTPUT,NaN,NaN,NaN,NaN,NaN,NaN

INPUT,0.365786254405975,0.0345857627689838,0.744268536567688,0.752814650535583,3.13537883758545,1.36902296543121,K,13
OUTPUT,NaN,NaN,NaN,NaN,NaN,NaN

INPUT,0.370252251625061,0.0345906987786293,0.755511939525604,0.714950621128082,3.13472986221313,1.38982748985291,K,14
OUTPUT,NaN,NaN,NaN,NaN,NaN,NaN

INPUT,0.374718248844147,0.0345956347882748,0.766755402088165,0.678555428981781,3.13408637046814,1.41210079193115,K,15
OUTPUT,NaN,NaN,NaN,NaN,NaN,NaN

INPUT,0.378737658262253,0.0346000753343105,0.776874542236328,0.646756887435913,3.13351225852966,1.4331042766571,K,16
OUTPUT,NaN,NaN,NaN,NaN,NaN,NaN

INPUT,0.381863862276077,0.0346035324037075,0.78474497795105,0.62252539396286,3.13306975364685,1.4499409198761,K,17
OUTPUT,NaN,NaN,NaN,NaN,NaN,NaN

INPUT,0.38409686088562,0.0346059985458851,0.79036670923233,0.605443120002747,3.13275551795959,1.46219313144684,K,18
OUTPUT,NaN,NaN,NaN,NaN,NaN,NaN

INPUT,0.385436683893204,0.0346074812114239,0.79373973608017,0.595274329185486,3.13256812095642,1.46962511539459,K,19
OUTPUT,NaN,NaN,NaN,NaN,NaN,NaN

INPUT,0.385883271694183,0.0346079729497433,0.794864058494568,0.591897249221802,3.1325056552887,1.47211492061615,K,20
OUTPUT,NaN,NaN,NaN,NaN,NaN,NaN

INPUT,0.368530631065369,0.0395679883658886,0.722068309783936,-2.46005845069885,3.10652136802673,-1.89582192897797,K,11
OUTPUT,NaN,NaN,NaN,NaN,NaN,NaN

INPUT,0.374371021986008,0.0401605665683746,0.73334413766861,-2.49174976348877,3.10262560844421,-1.86114060878754,K,12
OUTPUT,NaN,NaN,NaN,NaN,NaN,NaN

INPUT,0.380211412906647,0.0407531410455704,0.744619905948639,-2.52371406555176,3.09877252578735,-1.8267275094986,K,13
OUTPUT,NaN,NaN,NaN,NaN,NaN,NaN

INPUT,0.386051833629608,0.0413457192480564,0.755895674228668,-2.55588221549988,3.09496641159058,-1.79251265525818,K,14
OUTPUT,NaN,NaN,NaN,NaN,NaN,NaN

INPUT,0.391892224550247,0.0419382974505424,0.767171442508698,-2.58820700645447,3.09121179580688,-1.75844860076904,K,15
OUTPUT,NaN,NaN,NaN,NaN,NaN,NaN

INPUT,0.397148579359055,0.0424716137349606,0.777319669723511,-2.61740493774414,3.08787989616394,-1.72789132595062,K,16
OUTPUT,NaN,NaN,NaN,NaN,NaN,NaN

INPUT,0.401236861944199,0.0428864173591137,0.785212755203247,-2.64017176628113,3.0853214263916,-1.70417809486389,K,17
OUTPUT,NaN,NaN,NaN,NaN,NaN,NaN

INPUT,0.404157072305679,0.0431827083230019,0.790850639343262,-2.65646004676819,3.08351230621338,-1.68726444244385,K,18
OUTPUT,NaN,NaN,NaN,NaN,NaN,NaN

INPUT,0.405909180641174,0.0433604791760445,0.794233322143555,-2.6662425994873,3.08243465423584,-1.67712497711182,K,19
OUTPUT,NaN,NaN,NaN,NaN,NaN,NaN

INPUT,0.406493216753006,0.0434197373688221,0.795360922813416,-2.66950511932373,3.08207654953003,-1.67374658584595,K,20
OUTPUT,NaN,NaN,NaN,NaN,NaN,NaN

INPUT,0.364209026098251,0.0422865822911263,0.721380174160004,-2.16064620018005,3.07512259483337,-1.71219122409821,K,11
OUTPUT,NaN,NaN,NaN,NaN,NaN,NaN

INPUT,0.369540840387344,0.0431990064680576,0.732574999332428,-2.18595671653748,3.06754088401794,-1.68472099304199,K,12
OUTPUT,NaN,NaN,NaN,NaN,NaN,NaN

INPUT,0.374872624874115,0.044111430644989,0.743769824504852,-2.21147465705872,3.06001043319702,-1.65744340419769,K,13
OUTPUT,NaN,NaN,NaN,NaN,NaN,NaN

INPUT,0.380204379558563,0.0450238548219204,0.754964649677277,-2.23714900016785,3.0525369644165,-1.63030588626862,K,14
OUTPUT,NaN,NaN,NaN,NaN,NaN,NaN

INPUT,0.385536164045334,0.0459362789988518,0.766159474849701,-2.26294469833374,3.04512548446655,-1.60327231884003,K,15
OUTPUT,NaN,NaN,NaN,NaN,NaN,NaN

INPUT,0.390334784984589,0.0467574633657932,0.776234805583954,-2.2862446308136,3.03851246833801,-1.57900989055634,K,16
OUTPUT,NaN,NaN,NaN,NaN,NaN,NaN

INPUT,0.394067019224167,0.0473961606621742,0.784071207046509,-2.30441284179688,3.03340911865234,-1.56017398834229,K,17
OUTPUT,NaN,NaN,NaN,NaN,NaN,NaN

INPUT,0.396732926368713,0.0478523708879948,0.789668619632721,-2.31741189956665,3.0297863483429,-1.54673528671265,K,18
OUTPUT,NaN,NaN,NaN,NaN,NaN,NaN

INPUT,0.398332476615906,0.0481260977685452,0.79302704334259,-2.32521915435791,3.02762198448181,-1.53867757320404,K,19
OUTPUT,NaN,NaN,NaN,NaN,NaN,NaN

INPUT,0.398865640163422,0.0482173413038254,0.794146537780762,-2.32782292366028,3.02690196037292,-1.53599238395691,K,20
OUTPUT,NaN,NaN,NaN,NaN,NaN,NaN

INPUT,0.356590449810028,0.0329880565404892,0.733697652816772,0.627942621707916,3.11148548126221,1.46245682239532,K,12
OUTPUT,NaN,NaN,NaN,NaN,NaN,NaN

INPUT,0.360559463500977,0.032825730741024,0.745009779930115,0.582294285297394,3.10844779014587,1.50464570522308,K,13
OUTPUT,NaN,NaN,NaN,NaN,NaN,NaN

INPUT,0.364528477191925,0.0326634049415588,0.756321907043457,0.536931753158569,3.10547375679016,1.54712462425232,K,14
OUTPUT,NaN,NaN,NaN,NaN,NaN,NaN

INPUT,0.368497461080551,0.0325010791420937,0.767634034156799,0.491784065961838,3.10256934165955,1.58982312679291,K,15
OUTPUT,NaN,NaN,NaN,NaN,NaN,NaN

INPUT,0.37206956744194,0.0323549881577492,0.777814984321594,0.451293379068375,3.10001969337463,1.62839829921722,K,16
OUTPUT,NaN,NaN,NaN,NaN,NaN,NaN

INPUT,0.374847888946533,0.0322413593530655,0.785733461380005,0.41987606883049,3.09808111190796,1.65847945213318,K,17
OUTPUT,NaN,NaN,NaN,NaN,NaN,NaN

INPUT,0.376832395792007,0.0321601964533329,0.791389584541321,0.397469341754913,3.09672164916992,1.68000185489655,K,18
OUTPUT,NaN,NaN,NaN,NaN,NaN,NaN

INPUT,0.378023087978363,0.0321114957332611,0.794783174991608,0.384037643671036,3.09591627120972,1.69292819499969,K,19
OUTPUT,NaN,NaN,NaN,NaN,NaN,NaN

INPUT,0.378419995307922,0.0320952646434307,0.7959144115448,0.379562228918076,3.0956494808197,1.69723892211914,K,20
OUTPUT,NaN,NaN,NaN,NaN,NaN,NaN

INPUT,0.364552229642868,0.0363924875855446,0.721551775932312,-2.68744111061096,3.09445524215698,-1.96235597133636,K,11
OUTPUT,NaN,NaN,NaN,NaN,NaN,NaN

INPUT,0.36992472410202,0.0366113930940628,0.73276698589325,-2.72925424575806,3.08930826187134,-1.91885232925415,K,12
OUTPUT,NaN,NaN,NaN,NaN,NaN,NaN

INPUT,0.37529718875885,0.036830298602581,0.743982255458832,-2.77122330665588,3.08425617218018,-1.87549328804016,K,13
OUTPUT,NaN,NaN,NaN,NaN,NaN,NaN

INPUT,0.38066965341568,0.0370492041110992,0.755197525024414,-2.81331014633179,3.07930850982666,-1.83223962783813,K,14
OUTPUT,NaN,NaN,NaN,NaN,NaN,NaN

INPUT,0.38604211807251,0.0372681096196175,0.766412734985352,-2.85548830032349,3.0744743347168,-1.78906452655792,K,15
OUTPUT,NaN,NaN,NaN,NaN,NaN,NaN

INPUT,0.390877366065979,0.0374651215970516,0.77650648355484,-2.89351153373718,3.07022762298584,-1.75025820732117,K,16
OUTPUT,NaN,NaN,NaN,NaN,NaN,NaN

INPUT,0.39463809132576,0.0376183539628983,0.784357190132141,-2.92311978340149,3.06699705123901,-1.72010183334351,K,17
OUTPUT,NaN,NaN,NaN,NaN,NaN,NaN

INPUT,0.397324323654175,0.0377278067171574,0.78996479511261,-2.94428467750549,3.06473016738892,-1.69857358932495,K,18
OUTPUT,NaN,NaN,NaN,NaN,NaN,NaN

INPUT,0.398936063051224,0.0377934798598289,0.793329358100891,-2.95698952674866,3.06338667869568,-1.68566071987152,K,19
OUTPUT,NaN,NaN,NaN,NaN,NaN,NaN

INPUT,0.399473309516907,0.0378153696656227,0.794450879096985,-2.96122527122498,3.0629415512085,-1.68135702610016,K,20
OUTPUT,NaN,NaN,NaN,NaN,NaN,NaN

INPUT,0.353463917970657,0.027887960895896,0.732599794864655,0.88369232416153,3.0697774887085,1.38015413284302,K,12
OUTPUT,NaN,NaN,NaN,NaN,NaN,NaN

INPUT,0.35710334777832,0.0271886717528105,0.743797242641449,0.856713056564331,3.0623197555542,1.40546488761902,K,13
OUTPUT,NaN,NaN,NaN,NaN,NaN,NaN

INPUT,0.360742747783661,0.0264893844723701,0.754994690418243,0.829869031906128,3.05491590499878,1.43092620372772,K,14
OUTPUT,NaN,NaN,NaN,NaN,NaN,NaN

INPUT,0.364382177591324,0.0257900934666395,0.766192138195038,0.803125023841858,3.04757142066956,1.45650434494019,K,15
OUTPUT,NaN,NaN,NaN,NaN,NaN,NaN

INPUT,0.367657631635666,0.0251607336103916,0.776269853115082,0.779120147228241,3.04101634025574,1.47960484027863,K,16
OUTPUT,NaN,NaN,NaN,NaN,NaN,NaN

INPUT,0.370205223560333,0.0246712323278189,0.784108102321625,0.760483026504517,3.03595614433289,1.49761581420898,K,17
OUTPUT,NaN,NaN,NaN,NaN,NaN,NaN

INPUT,0.372024953365326,0.0243215877562761,0.789706826210022,0.747185528278351,3.03236317634583,1.51050138473511,K,18
OUTPUT,NaN,NaN,NaN,NaN,NaN,NaN

INPUT,0.373116761445999,0.0241118017584085,0.793066084384918,0.739212095737457,3.03021645545959,1.51824033260345,K,19
OUTPUT,NaN,NaN,NaN,NaN,NaN,NaN

INPUT,0.373480707406998,0.024041872471571,0.794185817241669,0.736555099487305,3.02950239181519,1.52082121372223,K,20
OUTPUT,NaN,NaN,NaN,NaN,NaN,NaN

INPUT,0.365335375070572,0.0402838066220284,0.722035586833954,-2.33492231369019,3.0865650177002,-1.87256598472595,K,11
OUTPUT,NaN,NaN,NaN,NaN,NaN,NaN

INPUT,0.370800167322159,0.0409606732428074,0.733306586742401,-2.36110663414001,3.08032131195068,-1.84434747695923,K,12
OUTPUT,NaN,NaN,NaN,NaN,NaN,NaN

INPUT,0.376264959573746,0.0416375435888767,0.744577646255493,-2.38748335838318,3.07412266731262,-1.81631112098694,K,13
OUTPUT,NaN,NaN,NaN,NaN,NaN,NaN

INPUT,0.381729751825333,0.0423144139349461,0.75584864616394,-2.41400504112244,3.06797409057617,-1.78840851783752,K,14
OUTPUT,NaN,NaN,NaN,NaN,NaN,NaN

INPUT,0.38719454407692,0.0429912842810154,0.767119705677032,-2.44063901901245,3.06187987327576,-1.76060569286346,K,15
OUTPUT,NaN,NaN,NaN,NaN,NaN,NaN

INPUT,0.392112880945206,0.0436004661023617,0.777263641357422,-2.46468615531921,3.05644536018372,-1.73564863204956,K,16
OUTPUT,NaN,NaN,NaN,NaN,NaN,NaN

INPUT,0.395938247442245,0.0440742745995522,0.785153388977051,-2.4834315776825,3.05225348472595,-1.71627163887024,K,17
OUTPUT,NaN,NaN,NaN,NaN,NaN,NaN

INPUT,0.398670643568039,0.0444127097725868,0.790788888931274,-2.49684071540833,3.04927921295166,-1.70244646072388,K,18
OUTPUT,NaN,NaN,NaN,NaN,NaN,NaN

INPUT,0.400310069322586,0.0446157678961754,0.794170200824738,-2.50489330291748,3.04750275611877,-1.69415676593781,K,19
OUTPUT,NaN,NaN,NaN,NaN,NaN,NaN

INPUT,0.400856554508209,0.0446834564208984,0.79529732465744,-2.50757884979248,3.04691195487976,-1.69139432907104,K,20
OUTPUT,NaN,NaN,NaN,NaN,NaN,NaN

INPUT,0.370973140001297,0.0382740050554276,0.714569449424744,-2.35413455963135,3.04240012168884,-1.6687707901001,K,4
OUTPUT,NaN,NaN,NaN,NaN,NaN,NaN

INPUT,0.380681753158569,0.0390648692846298,0.729634404182434,-2.42508840560913,3.02371597290039,-1.59172117710114,K,5
OUTPUT,NaN,NaN,NaN,NaN,NaN,NaN

INPUT,0.390390396118164,0.0398557297885418,0.744699358940125,-2.49694514274597,3.00567555427551,-1.51541423797607,K,6
OUTPUT,NaN,NaN,NaN,NaN,NaN,NaN

INPUT,0.397941559553146,0.0404708459973335,0.75641655921936,-2.5532591342926,2.99215316772461,-1.45636773109436,K,7
OUTPUT,NaN,NaN,NaN,NaN,NaN,NaN

INPUT,0.403335243463516,0.0409102104604244,0.764786005020142,-2.5936586856842,2.98279523849487,-1.41429686546326,K,8
OUTPUT,NaN,NaN,NaN,NaN,NaN,NaN

INPUT,0.406571447849274,0.0411738343536854,0.769807636737823,-2.61795806884766,2.97730851173401,-1.38908493518829,K,9
OUTPUT,NaN,NaN,NaN,NaN,NaN,NaN

INPUT,0.36923936009407,0.0391905084252357,0.716534674167633,-2.46371388435364,3.10601568222046,-1.91377985477448,K,4
OUTPUT,NaN,NaN,NaN,NaN,NaN,NaN

INPUT,0.378820240497589,0.0401668101549149,0.732115745544434,-2.51625728607178,3.09945845603943,-1.8483350276947,K,5
OUTPUT,NaN,NaN,NaN,NaN,NaN,NaN

INPUT,0.388401091098785,0.0411431156098843,0.747696757316589,-2.57053208351135,3.09304642677307,-1.7846052646637,K,6
OUTPUT,NaN,NaN,NaN,NaN,NaN,NaN

INPUT,0.395852863788605,0.0419024601578712,0.759815335273743,-2.61352801322937,3.08817458152771,-1.73580741882324,K,7
OUTPUT,NaN,NaN,NaN,NaN,NaN,NaN

INPUT,0.401175558567047,0.0424448512494564,0.768471419811249,-2.64454436302185,3.08476257324219,-1.70124983787537,K,8
OUTPUT,NaN,NaN,NaN,NaN,NaN,NaN

INPUT,0.404369175434113,0.0427702851593494,0.773665130138397,-2.66325378417969,3.08274435997009,-1.6806116104126,K,9
OUTPUT,NaN,NaN,NaN,NaN,NaN,NaN

INPUT,0.373333841562271,0.0427097231149673,0.731144905090332,-2.2040843963623,3.06160855293274,-1.67391729354858,K,5
OUTPUT,NaN,NaN,NaN,NaN,NaN,NaN

INPUT,0.381959408521652,0.0440935418009758,0.746672809123993,-2.248215675354,3.04886221885681,-1.62342262268066,K,6
OUTPUT,NaN,NaN,NaN,NaN,NaN,NaN

INPUT,0.388668209314346,0.0451698452234268,0.758750021457672,-2.28297138214111,3.03912591934204,-1.58481693267822,K,7
OUTPUT,NaN,NaN,NaN,NaN,NaN,NaN

INPUT,0.393460184335709,0.0459386333823204,0.767376661300659,-2.3078875541687,3.03228998184204,-1.55757892131805,K,8
OUTPUT,NaN,NaN,NaN,NaN,NaN,NaN

INPUT,0.396335393190384,0.0463999062776566,0.772552609443665,-2.32284069061279,3.02824187278748,-1.54137182235718,K,9
OUTPUT,NaN,NaN,NaN,NaN,NaN,NaN

INPUT,0.373762309551239,0.0365480296313763,0.731328129768372,-2.75956606864929,3.08556914329529,-1.90105664730072,K,5
OUTPUT,NaN,NaN,NaN,NaN,NaN,NaN

INPUT,0.382461756467819,0.0369027890264988,0.746874570846558,-2.83140778541565,3.07708358764648,-1.82124602794647,K,6
OUTPUT,NaN,NaN,NaN,NaN,NaN,NaN

INPUT,0.389227956533432,0.0371787138283253,0.758966267108917,-2.88794612884521,3.07073712348938,-1.75980472564697,K,7
OUTPUT,NaN,NaN,NaN,NaN,NaN,NaN

INPUT,0.394060999155045,0.0373758040368557,0.767603158950806,-2.92858791351318,3.06635308265686,-1.71615934371948,K,8
OUTPUT,NaN,NaN,NaN,NaN,NaN,NaN

INPUT,0.39696079492569,0.0374940559267998,0.772785305976868,-2.95305681228638,3.06378626823425,-1.69004917144775,K,9
OUTPUT,NaN,NaN,NaN,NaN,NaN,NaN

INPUT,0.365902543067932,0.0396176241338253,0.716386735439301,-2.33339166641235,3.08612680435181,-1.88387548923492,K,4
OUTPUT,NaN,NaN,NaN,NaN,NaN,NaN

INPUT,0.374751836061478,0.0406620912253857,0.732004404067993,-2.3785879611969,3.07546973228455,-1.83168268203735,K,5
OUTPUT,NaN,NaN,NaN,NaN,NaN,NaN

INPUT,0.383601158857346,0.041706558316946,0.747622132301331,-2.42476677894592,3.06496858596802,-1.78043866157532,K,6
OUTPUT,NaN,NaN,NaN,NaN,NaN,NaN

INPUT,0.390483945608139,0.0425189211964607,0.759769201278687,-2.46098470687866,3.05695652961731,-1.74115431308746,K,7
OUTPUT,NaN,NaN,NaN,NaN,NaN,NaN

INPUT,0.39540022611618,0.0430991798639297,0.768445730209351,-2.48688673973083,3.05133700370789,-1.71340227127075,K,8
OUTPUT,NaN,NaN,NaN,NaN,NaN,NaN

INPUT,0.398349970579147,0.0434473380446434,0.773651659488678,-2.50241017341614,3.04801201820374,-1.69687974452972,K,9
OUTPUT,NaN,NaN,NaN,NaN,NaN,NaN

INPUT,0.36167111992836,0.034673735499382,0.72426450252533,0.948302745819092,3.13705730438232,1.47178637981415,K,4
OUTPUT,NaN,NaN,NaN,NaN,NaN,NaN

INPUT,0.368120133876801,0.0346831679344177,0.737658739089966,0.826021671295166,3.13585019111633,1.44428145885468,K,5
OUTPUT,NaN,NaN,NaN,NaN,NaN,NaN

INPUT,0.374569177627563,0.0346926040947437,0.751052975654602,0.729840457439423,3.13463497161865,1.4428768157959,K,6
OUTPUT,NaN,NaN,NaN,NaN,NaN,NaN

INPUT,0.379585087299347,0.0346999391913414,0.761470675468445,0.665627598762512,3.13369560241699,1.45210766792297,K,7
OUTPUT,NaN,NaN,NaN,NaN,NaN,NaN

INPUT,0.383167862892151,0.0347051806747913,0.768911898136139,0.623652160167694,3.13303136825562,1.46232664585114,K,8
OUTPUT,NaN,NaN,NaN,NaN,NaN,NaN

INPUT,0.385317534208298,0.0347083248198032,0.773376643657684,0.599700093269348,3.13263654708862,1.46955180168152,K,9
OUTPUT,NaN,NaN,NaN,NaN,NaN,NaN

INPUT,0.362941771745682,0.0330769568681717,0.73786461353302,0.587599992752075,3.10871148109436,1.51322245597839,K,5
OUTPUT,NaN,NaN,NaN,NaN,NaN,NaN

INPUT,0.368821054697037,0.0328460671007633,0.751570165157318,0.511745154857635,3.10383749008179,1.5784957408905,K,6
OUTPUT,NaN,NaN,NaN,NaN,NaN,NaN

INPUT,0.37339386343956,0.0326664857566357,0.762229979038239,0.453589767217636,3.10017466545105,1.63011503219604,K,7
OUTPUT,NaN,NaN,NaN,NaN,NaN,NaN

INPUT,0.376660138368607,0.0325382128357887,0.769844174385071,0.412376523017883,3.09763383865356,1.66731750965118,K,8
OUTPUT,NaN,NaN,NaN,NaN,NaN,NaN

INPUT,0.378619879484177,0.0324612520635128,0.77441269159317,0.387754052877426,3.09614133834839,1.68974661827087,K,9
OUTPUT,NaN,NaN,NaN,NaN,NaN,NaN

INPUT,0.359627932310104,0.028091873973608,0.736194014549255,0.861736297607422,3.06162261962891,1.41331768035889,K,5
OUTPUT,NaN,NaN,NaN,NaN,NaN,NaN

INPUT,0.365211546421051,0.0271748676896095,0.749916255474091,0.815794348716736,3.04986619949341,1.45143747329712,K,6
OUTPUT,NaN,NaN,NaN,NaN,NaN,NaN

INPUT,0.369554340839386,0.0264616403728724,0.760589063167572,0.780776500701904,3.04085898399353,1.48163843154907,K,7
OUTPUT,NaN,NaN,NaN,NaN,NaN,NaN

INPUT,0.372656315565109,0.0259521901607513,0.768212556838989,0.756101608276367,3.03451538085938,1.50337719917297,K,8
OUTPUT,NaN,NaN,NaN,NaN,NaN,NaN

INPUT,0.374517530202866,0.0256465226411819,0.772786617279053,0.741425812244415,3.0307502746582,1.51645755767822,K,9
OUTPUT,NaN,NaN,NaN,NaN,NaN,NaN

INPUT,0.361422419548035,0.0325426273047924,0.732849597930908,0.704231739044189,3.13014221191406,1.49988389015198,K,12
OUTPUT,NaN,NaN,NaN,NaN,NaN,NaN

INPUT,0.365899175405502,0.0323330573737621,0.744074642658234,0.656913638114929,3.12892627716064,1.53630030155182,K,13
OUTPUT,NaN,NaN,NaN,NaN,NaN,NaN

INPUT,0.37037593126297,0.0321234911680222,0.755299627780914,0.610543131828308,3.12773203849792,1.57366478443146,K,14
OUTPUT,NaN,NaN,NaN,NaN,NaN,NaN

INPUT,0.374852687120438,0.0319139212369919,0.76652467250824,0.56488049030304,3.12656188011169,1.61173796653748,K,15
OUTPUT,NaN,NaN,NaN,NaN,NaN,NaN

INPUT,0.37888178229332,0.0317253097891808,0.776627242565155,0.524251699447632,3.12553119659424,1.64647197723389,K,16
OUTPUT,NaN,NaN,NaN,NaN,NaN,NaN

INPUT,0.382015496492386,0.0315786115825176,0.78448474407196,0.492898315191269,3.12474489212036,1.6737345457077,K,17
OUTPUT,NaN,NaN,NaN,NaN,NaN,NaN

INPUT,0.384253889322281,0.0314738266170025,0.790097236633301,0.470615208148956,3.124192237854,1.69332015514374,K,18
OUTPUT,NaN,NaN,NaN,NaN,NaN,NaN

INPUT,0.385596930980682,0.0314109586179256,0.793464779853821,0.457285612821579,3.12386417388916,1.70511186122894,K,19
OUTPUT,NaN,NaN,NaN,NaN,NaN,NaN

INPUT,0.386044591665268,0.0313900001347065,0.794587254524231,0.452848583459854,3.12375545501709,1.70904862880707,K,20
OUTPUT,NaN,NaN,NaN,NaN,NaN,NaN

INPUT,0.359144240617752,0.0345835722982883,0.73499321937561,-2.43407773971558,3.13577365875244,-1.72523033618927,K,12
OUTPUT,NaN,NaN,NaN,NaN,NaN,NaN

INPUT,0.363382071256638,0.0345892235636711,0.746441721916199,-2.46215558052063,3.13527369499207,-1.67871427536011,K,13
OUTPUT,NaN,NaN,NaN,NaN,NaN,NaN

INPUT,0.367619872093201,0.0345948711037636,0.757890284061432,-2.49157571792603,3.13478231430054,-1.63354015350342,K,14
OUTPUT,NaN,NaN,NaN,NaN,NaN,NaN

INPUT,0.371857672929764,0.0346005223691463,0.76933878660202,-2.52204751968384,3.13429975509644,-1.58941781520844,K,15
OUTPUT,NaN,NaN,NaN,NaN,NaN,NaN

INPUT,0.375671684741974,0.0346056073904037,0.779642462730408,-2.55019497871399,3.13387417793274,-1.55043017864227,K,16
OUTPUT,NaN,NaN,NaN,NaN,NaN,NaN

INPUT,0.378638178110123,0.0346095636487007,0.787656426429749,-2.57248067855835,3.13354873657227,-1.52049970626831,K,17
OUTPUT,NaN,NaN,NaN,NaN,NaN,NaN

INPUT,0.380757063627243,0.0346123874187469,0.793380677700043,-2.58858180046082,3.13331961631775,-1.49930369853973,K,18
OUTPUT,NaN,NaN,NaN,NaN,NaN,NaN

INPUT,0.38202840089798,0.0346140824258327,0.796815276145935,-2.59830904006958,3.13318371772766,-1.48665237426758,K,19
OUTPUT,NaN,NaN,NaN,NaN,NaN,NaN

INPUT,0.382452189922333,0.0346146486699581,0.797960102558136,-2.60156178474426,3.13313841819763,-1.48244571685791,K,20
OUTPUT,NaN,NaN,NaN,NaN,NaN,NaN

INPUT,0.354616552591324,0.0287830382585526,0.73278945684433,0.736299753189087,3.10468292236328,1.42575180530548,K,12
OUTPUT,NaN,NaN,NaN,NaN,NaN,NaN

INPUT,0.358377426862717,0.0281779747456312,0.744006872177124,0.698476672172546,3.10089421272278,1.46050035953522,K,13
OUTPUT,NaN,NaN,NaN,NaN,NaN,NaN

INPUT,0.362138271331787,0.0275729112327099,0.755224287509918,0.66091114282608,3.09715938568115,1.4955118894577,K,14
OUTPUT,NaN,NaN,NaN,NaN,NaN,NaN

INPUT,0.36589914560318,0.0269678477197886,0.766441702842712,0.6235391497612,3.09348273277283,1.53072333335876,K,15
OUTPUT,NaN,NaN,NaN,NaN,NaN,NaN

INPUT,0.36928391456604,0.0264232903718948,0.776537358760834,0.590032875537872,3.09022784233093,1.56254732608795,K,16
OUTPUT,NaN,NaN,NaN,NaN,NaN,NaN

INPUT,0.371916532516479,0.0259997453540564,0.784389555454254,0.56404036283493,3.08773374557495,1.58737099170685,K,17
OUTPUT,NaN,NaN,NaN,NaN,NaN,NaN

INPUT,0.373796969652176,0.0256972126662731,0.789998233318329,0.545505166053772,3.08597350120544,1.60513508319855,K,18
OUTPUT,NaN,NaN,NaN,NaN,NaN,NaN

INPUT,0.374925225973129,0.0255156941711903,0.793363451957703,0.534395098686218,3.08492612838745,1.61580550670624,K,19
OUTPUT,NaN,NaN,NaN,NaN,NaN,NaN

INPUT,0.37530130147934,0.0254551880061626,0.794485211372375,0.530693411827087,3.08457851409912,1.61936414241791,K,20
OUTPUT,NaN,NaN,NaN,NaN,NaN,NaN

INPUT,0.361736178398132,0.0327953808009624,0.723946034908295,0.78212559223175,3.1314651966095,1.52984499931335,K,4
OUTPUT,NaN,NaN,NaN,NaN,NaN,NaN

INPUT,0.36825567483902,0.0324646830558777,0.737351894378662,0.68562525510788,3.1293478012085,1.56793987751007,K,5
OUTPUT,NaN,NaN,NaN,NaN,NaN,NaN

INPUT,0.374775141477585,0.0321339853107929,0.75075775384903,0.597666501998901,3.12727856636047,1.61457812786102,K,6
OUTPUT,NaN,NaN,NaN,NaN,NaN,NaN

INPUT,0.379845857620239,0.0318767763674259,0.761184573173523,0.532930672168732,3.12571024894714,1.65453004837036,K,7
OUTPUT,NaN,NaN,NaN,NaN,NaN,NaN

INPUT,0.383467793464661,0.0316930562257767,0.768632292747498,0.488077521324158,3.12461519241333,1.68445467948914,K,8
OUTPUT,NaN,NaN,NaN,NaN,NaN,NaN

INPUT,0.385640978813171,0.0315828211605549,0.773100912570953,0.461607187986374,3.12396883964539,1.70285165309906,K,9
OUTPUT,NaN,NaN,NaN,NaN,NaN,NaN

INPUT,0.359839141368866,0.0345751009881496,0.726630628108978,-2.49370336532593,3.13502550125122,-1.8278945684433,K,4
OUTPUT,NaN,NaN,NaN,NaN,NaN,NaN

INPUT,0.365786552429199,0.0345625579357147,0.740218043327332,-2.51599764823914,3.13450002670288,-1.7301961183548,K,5
OUTPUT,NaN,NaN,NaN,NaN,NaN,NaN

INPUT,0.371733963489532,0.0345500111579895,0.753805458545685,-2.5434250831604,3.1339910030365,-1.63763034343719,K,6
OUTPUT,NaN,NaN,NaN,NaN,NaN,NaN

INPUT,0.376359760761261,0.0345402546226978,0.764373421669006,-2.56758046150208,3.13360929489136,-1.56845796108246,K,7
OUTPUT,NaN,NaN,NaN,NaN,NaN,NaN

INPUT,0.37966388463974,0.0345332883298397,0.771921992301941,-2.586092710495,3.13334465026855,-1.52030694484711,K,8
OUTPUT,NaN,NaN,NaN,NaN,NaN,NaN

INPUT,0.381646335124969,0.0345291048288345,0.776451110839844,-2.59764313697815,3.13318967819214,-1.49185967445374,K,9
OUTPUT,NaN,NaN,NaN,NaN,NaN,NaN

INPUT,0.360668003559113,0.0285509135574102,0.736586451530457,0.70532488822937,3.10093212127686,1.47026205062866,K,5
OUTPUT,NaN,NaN,NaN,NaN,NaN,NaN

INPUT,0.36628982424736,0.0276441071182489,0.750241756439209,0.641428053379059,3.09490036964417,1.5228945016861,K,6
OUTPUT,NaN,NaN,NaN,NaN,NaN,NaN

INPUT,0.370662361383438,0.0269388146698475,0.760862469673157,0.592630922794342,3.09031653404236,1.56474244594574,K,7
OUTPUT,NaN,NaN,NaN,NaN,NaN,NaN

INPUT,0.373785614967346,0.0264350324869156,0.768448770046234,0.558127284049988,3.08710622787476,1.59499156475067,K,8
OUTPUT,NaN,NaN,NaN,NaN,NaN,NaN

INPUT,0.375659555196762,0.0261327642947435,0.773000538349152,0.53753924369812,3.08520698547363,1.61325800418854,K,9
OUTPUT,NaN,NaN,NaN,NaN,NaN,NaN

INPUT,0.367981374263763,0.0420398190617561,0.720766842365265,-2.43865537643433,3.06999349594116,-1.91529655456543,K,11
OUTPUT,NaN,NaN,NaN,NaN,NaN,NaN

INPUT,0.373756319284439,0.0429229252040386,0.731890857219696,-2.46868443489075,3.06190133094788,-1.88371562957764,K,12
OUTPUT,NaN,NaN,NaN,NaN,NaN,NaN

INPUT,0.379531264305115,0.0438060276210308,0.743014812469482,-2.49886584281921,3.05388450622559,-1.85226726531982,K,13
OUTPUT,NaN,NaN,NaN,NaN,NaN,NaN

INPUT,0.38530620932579,0.0446891337633133,0.754138767719269,-2.5291633605957,3.04595112800598,-1.82091379165649,K,14
OUTPUT,NaN,NaN,NaN,NaN,NaN,NaN

INPUT,0.391081154346466,0.0455722361803055,0.765262722969055,-2.5595531463623,3.03810834884644,-1.78962886333466,K,15
OUTPUT,NaN,NaN,NaN,NaN,NaN,NaN

INPUT,0.396278589963913,0.0463670305907726,0.775274276733398,-2.58696842193604,3.0311336517334,-1.76151597499847,K,16
OUTPUT,NaN,NaN,NaN,NaN,NaN,NaN

INPUT,0.400321066379547,0.0469852015376091,0.7830610871315,-2.60832762718201,3.02576732635498,-1.7396719455719,K,17
OUTPUT,NaN,NaN,NaN,NaN,NaN,NaN

INPUT,0.403208523988724,0.0474267564713955,0.788623094558716,-2.62360167503357,3.02196717262268,-1.72407817840576,K,18
OUTPUT,NaN,NaN,NaN,NaN,NaN,NaN

INPUT,0.404941022396088,0.0476916842162609,0.7919602394104,-2.63277244567871,3.01970052719116,-1.71472501754761,K,19
OUTPUT,NaN,NaN,NaN,NaN,NaN,NaN

INPUT,0.405518501996994,0.0477799959480762,0.793072640895844,-2.63583040237427,3.01894736289978,-1.71160781383514,K,20
OUTPUT,NaN,NaN,NaN,NaN,NaN,NaN

INPUT,0.360306292772293,0.0330309346318245,0.733758151531219,0.84868985414505,3.13202714920044,1.53179216384888,K,12
OUTPUT,NaN,NaN,NaN,NaN,NaN,NaN

INPUT,0.364666491746902,0.0328731387853622,0.745076656341553,0.806307435035706,3.13099122047424,1.56129479408264,K,13
OUTPUT,NaN,NaN,NaN,NaN,NaN,NaN

INPUT,0.369026690721512,0.0327153466641903,0.756395161151886,0.765065371990204,3.12996864318848,1.59193801879883,K,14
OUTPUT,NaN,NaN,NaN,NaN,NaN,NaN

INPUT,0.373386889696121,0.032557550817728,0.767713665962219,0.724674820899963,3.12896084785461,1.62343335151672,K,15
OUTPUT,NaN,NaN,NaN,NaN,NaN,NaN

INPUT,0.377311050891876,0.0324155353009701,0.777900278568268,0.688885688781738,3.12806749343872,1.65234184265137,K,16
OUTPUT,NaN,NaN,NaN,NaN,NaN,NaN

INPUT,0.380363196134567,0.0323050804436207,0.785823225975037,0.661346673965454,3.12738227844238,1.67512345314026,K,17
OUTPUT,NaN,NaN,NaN,NaN,NaN,NaN

INPUT,0.382543295621872,0.0322261825203896,0.791482508182526,0.641810953617096,3.12689828872681,1.69153118133545,K,18
OUTPUT,NaN,NaN,NaN,NaN,NaN,NaN

INPUT,0.38385134935379,0.032178845256567,0.79487806558609,0.630137860774994,3.12661004066467,1.70142424106598,K,19
OUTPUT,NaN,NaN,NaN,NaN,NaN,NaN

INPUT,0.384287357330322,0.0321630649268627,0.79600989818573,0.626254379749298,3.12651443481445,1.70472943782806,K,20
OUTPUT,NaN,NaN,NaN,NaN,NaN,NaN

INPUT,0.364626258611679,0.0387094169855118,0.722811698913574,-2.37917447090149,3.09834003448486,-1.83809494972229,K,11
OUTPUT,NaN,NaN,NaN,NaN,NaN,NaN

INPUT,0.37000647187233,0.0392006635665894,0.734176397323608,-2.40955519676208,3.09349775314331,-1.80481886863708,K,12
OUTPUT,NaN,NaN,NaN,NaN,NaN,NaN

INPUT,0.375386655330658,0.0396919101476669,0.745541155338287,-2.44020342826843,3.08870387077332,-1.7718026638031,K,13
OUTPUT,NaN,NaN,NaN,NaN,NaN,NaN

INPUT,0.380766838788986,0.0401831567287445,0.756905913352966,-2.47105121612549,3.08396363258362,-1.73897838592529,K,14
OUTPUT,NaN,NaN,NaN,NaN,NaN,NaN

INPUT,0.386147022247314,0.0406744070351124,0.768270611763,-2.50205302238464,3.0792818069458,-1.70629918575287,K,15
OUTPUT,NaN,NaN,NaN,NaN,NaN,NaN

INPUT,0.390989184379578,0.0411165282130241,0.778498888015747,-2.53005886077881,3.07512187957764,-1.67698419094086,K,16
OUTPUT,NaN,NaN,NaN,NaN,NaN,NaN

INPUT,0.394755333662033,0.0414604023098946,0.786454200744629,-2.55189752578735,3.07192397117615,-1.65423476696014,K,17
OUTPUT,NaN,NaN,NaN,NaN,NaN,NaN

INPUT,0.397445440292358,0.0417060256004333,0.792136609554291,-2.56752276420593,3.06966066360474,-1.63800823688507,K,18
OUTPUT,NaN,NaN,NaN,NaN,NaN,NaN

INPUT,0.399059474468231,0.0418533980846405,0.795545995235443,-2.57690739631653,3.0683114528656,-1.62828063964844,K,19
OUTPUT,NaN,NaN,NaN,NaN,NaN,NaN

INPUT,0.399597495794296,0.0419025234878063,0.796682476997375,-2.58003735542297,3.06786322593689,-1.62503945827484,K,20
OUTPUT,NaN,NaN,NaN,NaN,NaN,NaN

INPUT,0.365111321210861,0.0413896292448044,0.721251249313354,-2.12811994552612,3.0903000831604,-1.77264487743378,K,11
OUTPUT,NaN,NaN,NaN,NaN,NaN,NaN

INPUT,0.37054842710495,0.0421963185071945,0.73243236541748,-2.14769577980042,3.08438920974731,-1.75013494491577,K,12
OUTPUT,NaN,NaN,NaN,NaN,NaN,NaN

INPUT,0.375985473394394,0.0430030077695847,0.743613421916962,-2.16751337051392,3.07851433753967,-1.72793555259705,K,13
OUTPUT,NaN,NaN,NaN,NaN,NaN,NaN

INPUT,0.38142254948616,0.0438096933066845,0.754794538021088,-2.18748331069946,3.07268285751343,-1.70599389076233,K,14
OUTPUT,NaN,NaN,NaN,NaN,NaN,NaN

INPUT,0.386859625577927,0.0446163825690746,0.765975654125214,-2.20753836631775,3.06690239906311,-1.68427932262421,K,15
OUTPUT,NaN,NaN,NaN,NaN,NaN,NaN

INPUT,0.391752988100052,0.0453424043953419,0.776038646697998,-2.22561740875244,3.06174921989441,-1.66491639614105,K,16
OUTPUT,NaN,NaN,NaN,NaN,NaN,NaN

INPUT,0.395558953285217,0.045907087624073,0.783865392208099,-2.23967742919922,3.05777716636658,-1.64997029304504,K,17
OUTPUT,NaN,NaN,NaN,NaN,NaN,NaN

INPUT,0.3982774913311,0.0463104322552681,0.789455950260162,-2.24971151351929,3.05496025085449,-1.63935482501984,K,18
OUTPUT,NaN,NaN,NaN,NaN,NaN,NaN

INPUT,0.399908602237701,0.0465524382889271,0.792810261249542,-2.25572657585144,3.05327892303467,-1.63300967216492,K,19
OUTPUT,NaN,NaN,NaN,NaN,NaN,NaN

INPUT,0.400452315807343,0.04663310572505,0.793928384780884,-2.25773048400879,3.05271983146667,-1.63089871406555,K,20
OUTPUT,NaN,NaN,NaN,NaN,NaN,NaN

INPUT,0.376510053873062,0.0401287749409676,0.720761299133301,-2.68260550498962,3.0506603717804,-2.09747719764709,K,11
OUTPUT,NaN,NaN,NaN,NaN,NaN,NaN

INPUT,0.383289307355881,0.0407871678471565,0.731883466243744,-2.71670699119568,3.0404360294342,-2.0626528263092,K,12
OUTPUT,NaN,NaN,NaN,NaN,NaN,NaN

INPUT,0.390068560838699,0.0414455644786358,0.743005633354187,-2.750892162323,3.0303316116333,-2.02787661552429,K,13
OUTPUT,NaN,NaN,NaN,NaN,NaN,NaN

INPUT,0.396847814321518,0.0421039573848248,0.754127860069275,-2.78514528274536,3.02035927772522,-1.99313008785248,K,14
OUTPUT,NaN,NaN,NaN,NaN,NaN,NaN

INPUT,0.403627097606659,0.0427623502910137,0.765250027179718,-2.81945657730103,3.01053094863892,-1.95840013027191,K,15
OUTPUT,NaN,NaN,NaN,NaN,NaN,NaN

INPUT,0.409728407859802,0.043354906141758,0.775259971618652,-2.85038042068481,3.00181841850281,-1.92714905738831,K,16
OUTPUT,NaN,NaN,NaN,NaN,NaN,NaN

INPUT,0.41447389125824,0.0438157804310322,0.783045530319214,-2.87445878982544,2.99513459205627,-1.90284323692322,K,17
OUTPUT,NaN,NaN,NaN,NaN,NaN,NaN

INPUT,0.417863547801971,0.044144980609417,0.788606643676758,-2.89167070388794,2.99041247367859,-1.8854808807373,K,18
OUTPUT,NaN,NaN,NaN,NaN,NaN,NaN

INPUT,0.419897317886353,0.0443424955010414,0.791943252086639,-2.90200304985046,2.98760080337524,-1.87506258487701,K,19
OUTPUT,NaN,NaN,NaN,NaN,NaN,NaN

INPUT,0.420575231313705,0.0444083362817764,0.793055474758148,-2.90544819831848,2.98666715621948,-1.87158966064453,K,20
OUTPUT,NaN,NaN,NaN,NaN,NaN,NaN

INPUT,0.368365257978439,0.0412566065788269,0.715356469154358,-2.4336941242218,3.06983971595764,-1.92514061927795,K,4
OUTPUT,NaN,NaN,NaN,NaN,NaN,NaN

INPUT,0.377633363008499,0.0426696091890335,0.730674028396606,-2.48675489425659,3.05590605735779,-1.8677122592926,K,5
OUTPUT,NaN,NaN,NaN,NaN,NaN,NaN

INPUT,0.386901468038559,0.0440826080739498,0.745991587638855,-2.54045438766479,3.04223370552063,-1.81085741519928,K,6
OUTPUT,NaN,NaN,NaN,NaN,NaN,NaN

INPUT,0.394109964370728,0.0451816059648991,0.757905304431915,-2.5823016166687,3.03185939788818,-1.76710331439972,K,7
OUTPUT,NaN,NaN,NaN,NaN,NaN,NaN

INPUT,0.39925891160965,0.0459666065871716,0.766415059566498,-2.61210060119629,3.02462124824524,-1.73615491390228,K,8
OUTPUT,NaN,NaN,NaN,NaN,NaN,NaN

INPUT,0.402348279953003,0.046437606215477,0.771520912647247,-2.62990927696228,3.02035570144653,-1.71772563457489,K,9
OUTPUT,NaN,NaN,NaN,NaN,NaN,NaN

INPUT,0.374047815799713,0.0390047654509544,0.732890844345093,-2.43226504325867,3.08964657783508,-1.79191792011261,K,5
OUTPUT,NaN,NaN,NaN,NaN,NaN,NaN

INPUT,0.382796764373779,0.0397655367851257,0.748675405979156,-2.48503112792969,3.08157110214233,-1.7306113243103,K,6
OUTPUT,NaN,NaN,NaN,NaN,NaN,NaN

INPUT,0.389601528644562,0.0403572432696819,0.760952234268188,-2.5265691280365,3.07545566558838,-1.68388235569,K,7
OUTPUT,NaN,NaN,NaN,NaN,NaN,NaN

INPUT,0.394462078809738,0.0407798923552036,0.769721448421478,-2.55629777908325,3.07119655609131,-1.65101492404938,K,8
OUTPUT,NaN,NaN,NaN,NaN,NaN,NaN

INPUT,0.397378385066986,0.0410334803164005,0.774982988834381,-2.57410907745361,3.06869006156921,-1.63150608539581,K,9
OUTPUT,NaN,NaN,NaN,NaN,NaN,NaN

INPUT,0.374607443809509,0.0418377295136452,0.730938196182251,-2.16293716430664,3.07980418205261,-1.74331283569336,K,5
OUTPUT,NaN,NaN,NaN,NaN,NaN,NaN

INPUT,0.38350635766983,0.0430699624121189,0.746443092823029,-2.19638919830322,3.06993174552917,-1.70195734500885,K,6
OUTPUT,NaN,NaN,NaN,NaN,NaN,NaN

INPUT,0.390427708625793,0.0440283641219139,0.758502423763275,-2.22303080558777,3.06233906745911,-1.6705334186554,K,7
OUTPUT,NaN,NaN,NaN,NaN,NaN,NaN

INPUT,0.395371526479721,0.0447129383683205,0.767116248607635,-2.24226498603821,3.05697298049927,-1.64841496944427,K,8
OUTPUT,NaN,NaN,NaN,NaN,NaN,NaN

INPUT,0.398337841033936,0.0451236814260483,0.77228456735611,-2.25385928153992,3.05377960205078,-1.63526344299316,K,9
OUTPUT,NaN,NaN,NaN,NaN,NaN,NaN

INPUT,0.377079159021378,0.0395170375704765,0.716611564159393,-2.67321825027466,3.05093574523926,-2.10375237464905,K,4
OUTPUT,NaN,NaN,NaN,NaN,NaN,NaN

INPUT,0.387798607349396,0.0406206697225571,0.731616020202637,-2.73460817337036,3.03330397605896,-2.04238820075989,K,5
OUTPUT,NaN,NaN,NaN,NaN,NaN,NaN

INPUT,0.398518025875092,0.0417243055999279,0.746620416641235,-2.7960524559021,3.01607966423035,-1.98096227645874,K,6
OUTPUT,NaN,NaN,NaN,NaN,NaN,NaN

INPUT,0.406855344772339,0.0425826869904995,0.758290529251099,-2.84388589859009,3.00300669670105,-1.93314003944397,K,7
OUTPUT,NaN,NaN,NaN,NaN,NaN,NaN

INPUT,0.412810564041138,0.0431958138942719,0.766626358032227,-2.87807822227478,2.99386072158813,-1.89895474910736,K,8
OUTPUT,NaN,NaN,NaN,NaN,NaN,NaN

INPUT,0.41638371348381,0.0435636937618256,0.771627843379974,-2.89860415458679,2.98845505714417,-1.87843239307404,K,9
OUTPUT,NaN,NaN,NaN,NaN,NaN,NaN

INPUT,0.360751897096634,0.0332600586116314,0.724942862987518,0.950684249401093,3.13312602043152,1.59268593788147,K,4
OUTPUT,NaN,NaN,NaN,NaN,NaN,NaN

INPUT,0.367046535015106,0.033016461879015,0.738461256027222,0.851347148418427,3.13133716583252,1.60888433456421,K,5
OUTPUT,NaN,NaN,NaN,NaN,NaN,NaN

INPUT,0.373341202735901,0.0327728651463985,0.75197958946228,0.764308035373688,3.1295702457428,1.63738179206848,K,6
OUTPUT,NaN,NaN,NaN,NaN,NaN,NaN

INPUT,0.378237038850784,0.0325834043323994,0.762493848800659,0.701917886734009,3.12821793556213,1.66485416889191,K,7
OUTPUT,NaN,NaN,NaN,NaN,NaN,NaN

INPUT,0.381734043359756,0.0324480719864368,0.770004034042358,0.65935742855072,3.12726616859436,1.68648171424866,K,8
OUTPUT,NaN,NaN,NaN,NaN,NaN,NaN

INPUT,0.383832275867462,0.0323668755590916,0.774510145187378,0.634459972381592,3.12670159339905,1.7000972032547,K,9
OUTPUT,NaN,NaN,NaN,NaN,NaN,NaN

INPUT,0.358867526054382,0.0345620773732662,0.722035944461823,-2.6216824054718,3.11758971214294,-1.74434804916382,K,11
OUTPUT,NaN,NaN,NaN,NaN,NaN,NaN

INPUT,0.363571524620056,0.0345657616853714,0.73330682516098,-2.67118573188782,3.11508202552795,-1.69064819812775,K,12
OUTPUT,NaN,NaN,NaN,NaN,NaN,NaN

INPUT,0.36827552318573,0.0345694497227669,0.744577765464783,-2.72104907035828,3.11264491081238,-1.6373051404953,K,13
OUTPUT,NaN,NaN,NaN,NaN,NaN,NaN

INPUT,0.372979491949081,0.0345731303095818,0.755848705768585,-2.77118062973022,3.11028456687927,-1.58422696590424,K,14
OUTPUT,NaN,NaN,NaN,NaN,NaN,NaN

INPUT,0.377683460712433,0.0345768146216869,0.767119586467743,-2.82151770591736,3.10800766944885,-1.53135025501251,K,15
OUTPUT,NaN,NaN,NaN,NaN,NaN,NaN

INPUT,0.381917059421539,0.0345801338553429,0.777263402938843,-2.86695909500122,3.10603475570679,-1.48389601707458,K,16
OUTPUT,NaN,NaN,NaN,NaN,NaN,NaN

INPUT,0.385209828615189,0.0345827117562294,0.785153090953827,-2.90237641334534,3.10455298423767,-1.44705891609192,K,17
OUTPUT,NaN,NaN,NaN,NaN,NaN,NaN

INPUT,0.387561827898026,0.0345845520496368,0.790788531303406,-2.92770838737488,3.10352396965027,-1.42077958583832,K,18
OUTPUT,NaN,NaN,NaN,NaN,NaN,NaN

INPUT,0.388973027467728,0.0345856584608555,0.794169843196869,-2.94291996955872,3.10291886329651,-1.40502369403839,K,19
OUTPUT,NaN,NaN,NaN,NaN,NaN,NaN

INPUT,0.389443427324295,0.034586027264595,0.795296907424927,-2.9479923248291,3.10271906852722,-1.39977359771729,K,20
OUTPUT,NaN,NaN,NaN,NaN,NaN,NaN

INPUT,0.358751982450485,0.033261600881815,0.733706712722778,0.63871955871582,3.13918423652649,1.42637038230896,K,12
OUTPUT,NaN,NaN,NaN,NaN,NaN,NaN

INPUT,0.362948149442673,0.0331279896199703,0.745020627975464,0.575808167457581,3.13885855674744,1.44634807109833,K,13
OUTPUT,NaN,NaN,NaN,NaN,NaN,NaN

INPUT,0.367144286632538,0.032994382083416,0.756334602832794,0.517446517944336,3.13853645324707,1.47087562084198,K,14
OUTPUT,NaN,NaN,NaN,NaN,NaN,NaN

INPUT,0.371340423822403,0.0328607745468616,0.76764851808548,0.462291389703751,3.13821911811829,1.49860966205597,K,15
OUTPUT,NaN,NaN,NaN,NaN,NaN,NaN

INPUT,0.375116974115372,0.0327405259013176,0.777831077575684,0.414672404527664,3.13793778419495,1.52559125423431,K,16
OUTPUT,NaN,NaN,NaN,NaN,NaN,NaN

INPUT,0.378054291009903,0.0326469987630844,0.785750806331635,0.378664910793304,3.13772249221802,1.5476062297821,K,17
OUTPUT,NaN,NaN,NaN,NaN,NaN,NaN

INPUT,0.380152344703674,0.0325801931321621,0.791407823562622,0.353401482105255,3.13757038116455,1.56378746032715,K,18
OUTPUT,NaN,NaN,NaN,NaN,NaN,NaN

INPUT,0.381411194801331,0.0325401127338409,0.794801950454712,0.338403940200806,3.13748002052307,1.57365667819977,K,19
OUTPUT,NaN,NaN,NaN,NaN,NaN,NaN

INPUT,0.381830811500549,0.0325267501175404,0.795933365821838,0.333429545164108,3.1374499797821,1.57697129249573,K,20
OUTPUT,NaN,NaN,NaN,NaN,NaN,NaN

INPUT,0.36288058757782,0.0373386777937412,0.721323192119598,-2.44903898239136,3.08899664878845,-1.88502109050751,K,11
OUTPUT,NaN,NaN,NaN,NaN,NaN,NaN

INPUT,0.368056535720825,0.0376691333949566,0.732510387897491,-2.48125624656677,3.08310103416443,-1.8508722782135,K,12
OUTPUT,NaN,NaN,NaN,NaN,NaN,NaN

INPUT,0.373232454061508,0.0379995927214622,0.743697643280029,-2.51365518569946,3.07727003097534,-1.81689381599426,K,13
OUTPUT,NaN,NaN,NaN,NaN,NaN,NaN

INPUT,0.378408372402191,0.0383300483226776,0.754884839057922,-2.54619121551514,3.07150959968567,-1.7830399274826,K,14
OUTPUT,NaN,NaN,NaN,NaN,NaN,NaN

INPUT,0.383584320545197,0.038660503923893,0.76607209444046,-2.57883310317993,3.06582641601563,-1.74927878379822,K,15
OUTPUT,NaN,NaN,NaN,NaN,NaN,NaN

INPUT,0.388242661952972,0.038957916200161,0.776140570640564,-2.60828375816345,3.06078267097473,-1.71895444393158,K,16
OUTPUT,NaN,NaN,NaN,NaN,NaN,NaN

INPUT,0.391865789890289,0.0391892343759537,0.783971667289734,-2.63122963905334,3.05690956115723,-1.69540047645569,K,17
OUTPUT,NaN,NaN,NaN,NaN,NaN,NaN

INPUT,0.394453763961792,0.0393544659018517,0.78956526517868,-2.64763855934143,3.05417060852051,-1.67859029769897,K,18
OUTPUT,NaN,NaN,NaN,NaN,NaN,NaN

INPUT,0.396006524562836,0.039453599601984,0.792921423912048,-2.65749049186707,3.05253887176514,-1.66850924491882,K,19
OUTPUT,NaN,NaN,NaN,NaN,NaN,NaN

INPUT,0.396524131298065,0.0394866466522217,0.794040143489838,-2.66077566146851,3.05199694633484,-1.66514956951141,K,20
OUTPUT,NaN,NaN,NaN,NaN,NaN,NaN

INPUT,0.353818118572235,0.034712765365839,0.733181178569794,0.511266231536865,3.12358427047729,1.38586235046387,K,12
OUTPUT,NaN,NaN,NaN,NaN,NaN,NaN

INPUT,0.357495188713074,0.0347317978739738,0.744439899921417,0.462619334459305,3.12173843383789,1.42926263809204,K,13
OUTPUT,NaN,NaN,NaN,NaN,NaN,NaN

INPUT,0.36117222905159,0.0347508266568184,0.755698561668396,0.414413630962372,3.11993455886841,1.47310590744019,K,14
OUTPUT,NaN,NaN,NaN,NaN,NaN,NaN

INPUT,0.364849299192429,0.0347698554396629,0.766957223415375,0.36653870344162,3.11817646026611,1.51728212833405,K,15
OUTPUT,NaN,NaN,NaN,NaN,NaN,NaN

INPUT,0.368158638477325,0.0347869843244553,0.777090072631836,0.323670476675034,3.11663627624512,1.55726110935211,K,16
OUTPUT,NaN,NaN,NaN,NaN,NaN,NaN

INPUT,0.370732575654984,0.0348003022372723,0.784971177577972,0.290444195270538,3.11546802520752,1.58847284317017,K,17
OUTPUT,NaN,NaN,NaN,NaN,NaN,NaN

INPUT,0.372571110725403,0.0348098203539848,0.790600478649139,0.266763895750046,3.11465001106262,1.61082017421722,K,18
OUTPUT,NaN,NaN,NaN,NaN,NaN,NaN

INPUT,0.373674243688583,0.0348155274987221,0.793978095054626,0.252574533224106,3.11416602134705,1.62424767017365,K,19
OUTPUT,NaN,NaN,NaN,NaN,NaN,NaN

INPUT,0.374041944742203,0.0348174311220646,0.795103967189789,0.247847780585289,3.11400580406189,1.62872648239136,K,20
OUTPUT,NaN,NaN,NaN,NaN,NaN,NaN

INPUT,0.361717939376831,0.0407570190727711,0.721871197223663,-2.1153564453125,3.10476279258728,-1.70645403862,K,11
OUTPUT,NaN,NaN,NaN,NaN,NaN,NaN

INPUT,0.366756051778793,0.0414891727268696,0.733125507831573,-2.13725566864014,3.10058450698853,-1.68025684356689,K,12
OUTPUT,NaN,NaN,NaN,NaN,NaN,NaN

INPUT,0.371794164180756,0.0422213226556778,0.744379758834839,-2.15955305099487,3.0964298248291,-1.65445411205292,K,13
OUTPUT,NaN,NaN,NaN,NaN,NaN,NaN

INPUT,0.376832246780396,0.0429534763097763,0.755634069442749,-2.18214726448059,3.0923011302948,-1.62894368171692,K,14
OUTPUT,NaN,NaN,NaN,NaN,NaN,NaN

INPUT,0.38187038898468,0.0436856299638748,0.766888380050659,-2.20496869087219,3.08820080757141,-1.60365533828735,K,15
OUTPUT,NaN,NaN,NaN,NaN,NaN,NaN

INPUT,0.386404693126678,0.0443445704877377,0.777017295360565,-2.225661277771,3.08453679084778,-1.58104467391968,K,16
OUTPUT,NaN,NaN,NaN,NaN,NaN,NaN

INPUT,0.389931350946426,0.0448570773005486,0.784895300865173,-2.24183797836304,3.08170533180237,-1.56353795528412,K,17
OUTPUT,NaN,NaN,NaN,NaN,NaN,NaN

INPUT,0.392450422048569,0.0452231541275978,0.790522456169128,-2.25343060493469,3.07969331741333,-1.55106937885284,K,18
OUTPUT,NaN,NaN,NaN,NaN,NaN,NaN

INPUT,0.393961846828461,0.0454427972435951,0.793898701667786,-2.26039981842041,3.07849025726318,-1.54360127449036,K,19
OUTPUT,NaN,NaN,NaN,NaN,NaN,NaN

INPUT,0.394465655088425,0.0455160140991211,0.795024156570435,-2.26272511482239,3.07808995246887,-1.54111397266388,K,20
OUTPUT,NaN,NaN,NaN,NaN,NaN,NaN

INPUT,0.36268025636673,0.0360459946095943,0.721934974193573,-2.2302405834198,3.11509084701538,-1.84415280818939,K,11
OUTPUT,NaN,NaN,NaN,NaN,NaN,NaN

INPUT,0.367832481861115,0.0362240299582481,0.733195245265961,-2.25050783157349,3.11210942268372,-1.81901502609253,K,12
OUTPUT,NaN,NaN,NaN,NaN,NaN,NaN

INPUT,0.372984707355499,0.0364020690321922,0.744455456733704,-2.27122235298157,3.10914301872253,-1.79432260990143,K,13
OUTPUT,NaN,NaN,NaN,NaN,NaN,NaN

INPUT,0.378136932849884,0.036580104380846,0.755715668201447,-2.29227042198181,3.10619306564331,-1.76996147632599,K,14
OUTPUT,NaN,NaN,NaN,NaN,NaN,NaN

INPUT,0.383289158344269,0.0367581434547901,0.766975939273834,-2.31357383728027,3.10326147079468,-1.74585342407227,K,15
OUTPUT,NaN,NaN,NaN,NaN,NaN,NaN

INPUT,0.387926161289215,0.0369183756411076,0.777110159397125,-2.33291912078857,3.10063982009888,-1.72432601451874,K,16
OUTPUT,NaN,NaN,NaN,NaN,NaN,NaN

INPUT,0.391532719135284,0.0370430052280426,0.784992277622223,-2.34805774688721,3.0986123085022,-1.70767366886139,K,17
OUTPUT,NaN,NaN,NaN,NaN,NaN,NaN

INPUT,0.394108831882477,0.0371320210397243,0.790622413158417,-2.35891389846802,3.09717082977295,-1.69582068920135,K,18
OUTPUT,NaN,NaN,NaN,NaN,NaN,NaN

INPUT,0.395654499530792,0.0371854342520237,0.794000446796417,-2.36544299125671,3.09630870819092,-1.68872404098511,K,19
OUTPUT,NaN,NaN,NaN,NaN,NaN,NaN

INPUT,0.396169722080231,0.03720323741436,0.795126497745514,-2.36762166023254,3.09602165222168,-1.68636083602905,K,20
OUTPUT,NaN,NaN,NaN,NaN,NaN,NaN

INPUT,0.361598074436188,0.0407658629119396,0.720834612846375,-2.29215669631958,3.09744000434875,-1.86708748340607,K,11
OUTPUT,NaN,NaN,NaN,NaN,NaN,NaN

INPUT,0.366622060537338,0.0414992198348045,0.731966614723206,-2.31570076942444,3.0924346446991,-1.84062802791595,K,12
OUTPUT,NaN,NaN,NaN,NaN,NaN,NaN

INPUT,0.371646046638489,0.0422325730323792,0.743098676204681,-2.33951663970947,3.08746004104614,-1.81443417072296,K,13
OUTPUT,NaN,NaN,NaN,NaN,NaN,NaN

INPUT,0.376670002937317,0.0429659299552441,0.754230737686157,-2.36353516578674,3.08251905441284,-1.78843641281128,K,14
OUTPUT,NaN,NaN,NaN,NaN,NaN,NaN

INPUT,0.381693989038467,0.043699286878109,0.765362739562988,-2.38770985603333,3.0776150226593,-1.76258742809296,K,15
OUTPUT,NaN,NaN,NaN,NaN,NaN,NaN

INPUT,0.386215567588806,0.0443593040108681,0.775381624698639,-2.40957260131836,3.07323551177979,-1.739422082901,K,16
OUTPUT,NaN,NaN,NaN,NaN,NaN,NaN

INPUT,0.389732360839844,0.0448726527392864,0.78317403793335,-2.42663407325745,3.06985306739807,-1.7214572429657,K,17
OUTPUT,NaN,NaN,NaN,NaN,NaN,NaN

INPUT,0.392244338989258,0.045239333063364,0.788740038871765,-2.4388473033905,3.06745028495789,-1.7086489200592,K,18
OUTPUT,NaN,NaN,NaN,NaN,NaN,NaN

INPUT,0.393751531839371,0.0454593375325203,0.79207968711853,-2.44618487358093,3.06601428985596,-1.70097255706787,K,19
OUTPUT,NaN,NaN,NaN,NaN,NaN,NaN

INPUT,0.394253939390182,0.0455326735973358,0.793192863464355,-2.44863224029541,3.06553649902344,-1.69841504096985,K,20
OUTPUT,NaN,NaN,NaN,NaN,NaN,NaN

INPUT,0.379018932580948,0.0431474819779396,0.720289289951324,-2.44797563552856,3.03342795372009,-1.57611346244812,K,11
OUTPUT,NaN,NaN,NaN,NaN,NaN,NaN

INPUT,0.386093467473984,0.0441613383591175,0.731354892253876,-2.49876236915588,3.02175569534302,-1.5241219997406,K,12
OUTPUT,NaN,NaN,NaN,NaN,NaN,NaN

INPUT,0.393167972564697,0.0451751984655857,0.742420494556427,-2.54969024658203,3.01039958000183,-1.47220075130463,K,13
OUTPUT,NaN,NaN,NaN,NaN,NaN,NaN

INPUT,0.400242477655411,0.0461890548467636,0.753486096858978,-2.60073399543762,2.99938941001892,-1.42031991481781,K,14
OUTPUT,NaN,NaN,NaN,NaN,NaN,NaN

INPUT,0.407317012548447,0.0472029112279415,0.764551639556885,-2.65187644958496,2.98875498771667,-1.36845850944519,K,15
OUTPUT,NaN,NaN,NaN,NaN,NaN,NaN

INPUT,0.413684070110321,0.0481153838336468,0.774510681629181,-2.69797945022583,2.97952842712402,-1.32178747653961,K,16
OUTPUT,NaN,NaN,NaN,NaN,NaN,NaN

INPUT,0.418636232614517,0.0488250814378262,0.782256603240967,-2.73388195037842,2.97259140014648,-1.28548550605774,K,17
OUTPUT,NaN,NaN,NaN,NaN,NaN,NaN

INPUT,0.422173470258713,0.0493320114910603,0.787789404392242,-2.7595489025116,2.96777009963989,-1.2595522403717,K,18
OUTPUT,NaN,NaN,NaN,NaN,NaN,NaN

INPUT,0.424295842647552,0.0496361665427685,0.791109085083008,-2.77495765686035,2.96493244171143,-1.24399054050446,K,19
OUTPUT,NaN,NaN,NaN,NaN,NaN,NaN

INPUT,0.425003290176392,0.0497375540435314,0.792215645313263,-2.78009533882141,2.96399593353271,-1.23880314826965,K,20
OUTPUT,NaN,NaN,NaN,NaN,NaN,NaN

INPUT,0.36726701259613,0.0344859175384045,0.7315434217453,-2.71456098556519,3.11294412612915,-1.6755588054657,K,5
OUTPUT,NaN,NaN,NaN,NaN,NaN,NaN

INPUT,0.374975919723511,0.0344681218266487,0.747300088405609,-2.79703259468079,3.10901474952698,-1.57472264766693,K,6
OUTPUT,NaN,NaN,NaN,NaN,NaN,NaN

INPUT,0.380971759557724,0.0344542823731899,0.759555280208588,-2.8625476360321,3.10614442825317,-1.49765706062317,K,7
OUTPUT,NaN,NaN,NaN,NaN,NaN,NaN

INPUT,0.385254472494125,0.0344443954527378,0.768308997154236,-2.9098756313324,3.10420298576355,-1.44313752651215,K,8
OUTPUT,NaN,NaN,NaN,NaN,NaN,NaN

INPUT,0.38782411813736,0.0344384647905827,0.773561179637909,-2.93844413757324,3.10308408737183,-1.41059577465057,K,9
OUTPUT,NaN,NaN,NaN,NaN,NaN,NaN

INPUT,0.371707826852798,0.0373529605567455,0.7309650182724,-2.50366425514221,3.07864999771118,-1.83618938922882,K,5
OUTPUT,NaN,NaN,NaN,NaN,NaN,NaN

INPUT,0.380070507526398,0.0378231331706047,0.746500968933105,-2.5596137046814,3.06882238388062,-1.77404260635376,K,6
OUTPUT,NaN,NaN,NaN,NaN,NaN,NaN

INPUT,0.38657483458519,0.0381888188421726,0.758584439754486,-2.60366344451904,3.06135177612305,-1.72621095180511,K,7
OUTPUT,NaN,NaN,NaN,NaN,NaN,NaN

INPUT,0.391220778226852,0.0384500250220299,0.767215549945831,-2.63533639907837,3.05611801147461,-1.69223749637604,K,8
OUTPUT,NaN,NaN,NaN,NaN,NaN,NaN

INPUT,0.394008338451385,0.0386067517101765,0.772394180297852,-2.65440797805786,3.05302166938782,-1.67191481590271,K,9
OUTPUT,NaN,NaN,NaN,NaN,NaN,NaN

INPUT,0.370679408311844,0.0413331165909767,0.731498003005981,-2.15936875343323,3.09712147712708,-1.67557811737061,K,5
OUTPUT,NaN,NaN,NaN,NaN,NaN,NaN

INPUT,0.378950923681259,0.0424871295690536,0.747181951999664,-2.19539165496826,3.09015655517578,-1.62564468383789,K,6
OUTPUT,NaN,NaN,NaN,NaN,NaN,NaN

INPUT,0.385384351015091,0.0433846935629845,0.759380578994751,-2.22449707984924,3.08481931686401,-1.58808863162994,K,7
OUTPUT,NaN,NaN,NaN,NaN,NaN,NaN

INPUT,0.389979630708694,0.0440258122980595,0.768093824386597,-2.24565386772156,3.0810604095459,-1.56182372570038,K,8
OUTPUT,NaN,NaN,NaN,NaN,NaN,NaN

INPUT,0.392736822366714,0.0444104820489883,0.773321807384491,-2.25844788551331,3.07882928848267,-1.54626727104187,K,9
OUTPUT,NaN,NaN,NaN,NaN,NaN,NaN

INPUT,0.371900290250778,0.0359668880701065,0.731566905975342,-2.27263855934143,3.10950946807861,-1.81568419933319,K,5
OUTPUT,NaN,NaN,NaN,NaN,NaN,NaN

INPUT,0.380402714014053,0.0361827090382576,0.747255802154541,-2.30550646781921,3.10458183288574,-1.76751160621643,K,6
OUTPUT,NaN,NaN,NaN,NaN,NaN,NaN

INPUT,0.387015730142593,0.0363505706191063,0.759458303451538,-2.33227038383484,3.10080003738403,-1.73140966892242,K,7
OUTPUT,NaN,NaN,NaN,NaN,NaN,NaN

INPUT,0.391739308834076,0.0364704728126526,0.768174409866333,-2.35181069374084,3.09813237190247,-1.70620977878571,K,8
OUTPUT,NaN,NaN,NaN,NaN,NaN,NaN

INPUT,0.394573450088501,0.0365424118936062,0.773404061794281,-2.36365675926208,3.0965473651886,-1.69129848480225,K,9
OUTPUT,NaN,NaN,NaN,NaN,NaN,NaN

INPUT,0.370329260826111,0.0413406044244766,0.730244636535645,-2.33416700363159,3.08848071098328,-1.83124828338623,K,5
OUTPUT,NaN,NaN,NaN,NaN,NaN,NaN

INPUT,0.378521263599396,0.0425002686679363,0.745726823806763,-2.37475562095642,3.08007216453552,-1.78243041038513,K,6
OUTPUT,NaN,NaN,NaN,NaN,NaN,NaN

INPUT,0.384892821311951,0.0434022285044193,0.757768511772156,-2.4069242477417,3.07363700866699,-1.74527502059937,K,7
OUTPUT,NaN,NaN,NaN,NaN,NaN,NaN

INPUT,0.389443904161453,0.0440464839339256,0.766369760036469,-2.43006992340088,3.06911015510559,-1.71911931037903,K,8
OUTPUT,NaN,NaN,NaN,NaN,NaN,NaN

INPUT,0.392174571752548,0.0444330386817455,0.771530449390411,-2.44398975372314,3.06642580032349,-1.70357298851013,K,9
OUTPUT,NaN,NaN,NaN,NaN,NaN,NaN

INPUT,0.379665613174438,0.0420575216412544,0.716610193252563,-2.43961620330811,3.03256678581238,-1.59161913394928,K,4
OUTPUT,NaN,NaN,NaN,NaN,NaN,NaN

INPUT,0.390791952610016,0.0437596850097179,0.731412529945374,-2.52891898155212,3.01278972625732,-1.49773120880127,K,5
OUTPUT,NaN,NaN,NaN,NaN,NaN,NaN

INPUT,0.401918262243271,0.0454618483781815,0.746214926242828,-2.61893248558044,2.99409031867981,-1.40432703495026,K,6
OUTPUT,NaN,NaN,NaN,NaN,NaN,NaN

INPUT,0.410572052001953,0.0467857532203197,0.757727861404419,-2.68929123878479,2.980393409729,-1.33185911178589,K,7
OUTPUT,NaN,NaN,NaN,NaN,NaN,NaN

INPUT,0.416753321886063,0.0477313995361328,0.76595139503479,-2.73969554901123,2.97110748291016,-1.28015041351318,K,8
OUTPUT,NaN,NaN,NaN,NaN,NaN,NaN

INPUT,0.420462101697922,0.0482987873256207,0.770885467529297,-2.76998949050903,2.96574664115906,-1.249138712883,K,9
OUTPUT,NaN,NaN,NaN,NaN,NaN,NaN

INPUT,0.359150797128677,0.0333973988890648,0.724744737148285,0.995270788669586,3.14012241363525,1.73528671264648,K,4
OUTPUT,NaN,NaN,NaN,NaN,NaN,NaN

INPUT,0.365175068378448,0.0331741124391556,0.738294720649719,0.721588909626007,3.13944482803345,1.59489095211029,K,5
OUTPUT,NaN,NaN,NaN,NaN,NaN,NaN

INPUT,0.371199309825897,0.0329508222639561,0.751844763755798,0.549194931983948,3.13872933387756,1.55578315258026,K,6
OUTPUT,NaN,NaN,NaN,NaN,NaN,NaN

INPUT,0.375884830951691,0.0327771529555321,0.762383639812469,0.445839732885361,3.1381676197052,1.55609488487244,K,7
OUTPUT,NaN,NaN,NaN,NaN,NaN,NaN

INPUT,0.379231661558151,0.0326531045138836,0.769911408424377,0.381268590688705,3.13776779174805,1.56557190418243,K,8
OUTPUT,NaN,NaN,NaN,NaN,NaN,NaN

INPUT,0.381239742040634,0.0325786769390106,0.774428069591522,0.345122247934341,3.13752913475037,1.57385432720184,K,9
OUTPUT,NaN,NaN,NaN,NaN,NaN,NaN

INPUT,0.359618842601776,0.0348553098738194,0.737133681774139,0.468312472105026,3.12223553657532,1.43816721439362,K,5
OUTPUT,NaN,NaN,NaN,NaN,NaN,NaN

INPUT,0.365003705024719,0.0348903946578503,0.750805735588074,0.387669920921326,3.11916065216064,1.50548875331879,K,6
OUTPUT,NaN,NaN,NaN,NaN,NaN,NaN

INPUT,0.369191914796829,0.0349176786839962,0.761439502239227,0.326072007417679,3.11685252189636,1.55897748470306,K,7
OUTPUT,NaN,NaN,NaN,NaN,NaN,NaN

INPUT,0.372183471918106,0.0349371694028378,0.76903510093689,0.282501369714737,3.11525321006775,1.59761357307434,K,8
OUTPUT,NaN,NaN,NaN,NaN,NaN,NaN

INPUT,0.373978435993195,0.0349488668143749,0.773592472076416,0.256496101617813,3.11431503295898,1.62093305587769,K,9
OUTPUT,NaN,NaN,NaN,NaN,NaN,NaN

INPUT,0.376757383346558,0.0363039039075375,0.707722783088684,-2.61847281455994,3.00989747047424,-1.87922418117523,K,10
OUTPUT,NaN,NaN,NaN,NaN,NaN,NaN

INPUT,0.384473264217377,0.036540225148201,0.718589186668396,-2.66751909255981,2.99343109130859,-1.82939291000366,K,11
OUTPUT,NaN,NaN,NaN,NaN,NaN,NaN

INPUT,0.392189145088196,0.0367765426635742,0.729455649852753,-2.71670293807983,2.97732591629028,-1.77957963943481,K,12
OUTPUT,NaN,NaN,NaN,NaN,NaN,NaN

INPUT,0.399905025959015,0.0370128639042377,0.740322053432465,-2.7660071849823,2.96162176132202,-1.72975707054138,K,13
OUTPUT,NaN,NaN,NaN,NaN,NaN,NaN

INPUT,0.407620906829834,0.037249181419611,0.751188516616821,-2.81542158126831,2.94635796546936,-1.67990636825562,K,14
OUTPUT,NaN,NaN,NaN,NaN,NaN,NaN

INPUT,0.415336757898331,0.0374855026602745,0.762054920196533,-2.86494016647339,2.93157243728638,-1.63001370429993,K,15
OUTPUT,NaN,NaN,NaN,NaN,NaN,NaN

INPUT,0.422281056642532,0.0376981906592846,0.77183473110199,-2.909592628479,2.91870546340942,-1.5850658416748,K,16
OUTPUT,NaN,NaN,NaN,NaN,NaN,NaN

INPUT,0.427682161331177,0.0378636121749878,0.779441177845001,-2.94437742233276,2.90900373458862,-1.5500739812851,K,17
OUTPUT,NaN,NaN,NaN,NaN,NaN,NaN

INPUT,0.431540101766586,0.0379817709326744,0.784874439239502,-2.96925258636475,2.90224528312683,-1.5250608921051,K,18
OUTPUT,NaN,NaN,NaN,NaN,NaN,NaN

INPUT,0.433854877948761,0.0380526669323444,0.788134336471558,-2.98418879508972,2.89826059341431,-1.51004528999329,K,19
OUTPUT,NaN,NaN,NaN,NaN,NaN,NaN

INPUT,0.434626460075378,0.0380763001739979,0.789220988750458,-2.98916959762573,2.89694428443909,-1.50503861904144,K,20
OUTPUT,NaN,NaN,NaN,NaN,NaN,NaN

INPUT,0.357720613479614,0.0284735132008791,0.732980251312256,1.02730894088745,3.11748576164246,1.42797636985779,K,12
OUTPUT,NaN,NaN,NaN,NaN,NaN,NaN

INPUT,0.361808091402054,0.0278358496725559,0.744217872619629,1.00338518619537,3.11490511894226,1.44637560844421,K,13
OUTPUT,NaN,NaN,NaN,NaN,NaN,NaN

INPUT,0.365895569324493,0.0271981880068779,0.755455434322357,0.98000955581665,3.11234307289124,1.46521019935608,K,14
OUTPUT,NaN,NaN,NaN,NaN,NaN,NaN

INPUT,0.369983047246933,0.0265605244785547,0.76669305562973,0.957079946994781,3.10980319976807,1.48434126377106,K,15
OUTPUT,NaN,NaN,NaN,NaN,NaN,NaN

INPUT,0.373661786317825,0.0259866267442703,0.776806890964508,0.936769545078278,3.10753870010376,1.50172758102417,K,16
OUTPUT,NaN,NaN,NaN,NaN,NaN,NaN

INPUT,0.376523017883301,0.0255402624607086,0.78467321395874,0.921164333820343,3.105792760849,1.51532161235809,K,17
OUTPUT,NaN,NaN,NaN,NaN,NaN,NaN

INPUT,0.378566771745682,0.0252214316278696,0.790292024612427,0.91011381149292,3.1045548915863,1.52505576610565,K,18
OUTPUT,NaN,NaN,NaN,NaN,NaN,NaN

INPUT,0.379793018102646,0.0250301323831081,0.793663263320923,0.903520464897156,3.10381579399109,1.53090238571167,K,19
OUTPUT,NaN,NaN,NaN,NaN,NaN,NaN

INPUT,0.380201756954193,0.0249663665890694,0.794787049293518,0.90132874250412,3.10356998443604,1.53285205364227,K,20
OUTPUT,NaN,NaN,NaN,NaN,NaN,NaN

INPUT,0.356073260307312,0.0309501308947802,0.732857048511505,1.08228826522827,3.1193106174469,1.6533659696579,K,12
OUTPUT,NaN,NaN,NaN,NaN,NaN,NaN

INPUT,0.359986960887909,0.0305729545652866,0.744082689285278,1.04869818687439,3.1169764995575,1.67987453937531,K,13
OUTPUT,NaN,NaN,NaN,NaN,NaN,NaN

INPUT,0.363900631666183,0.0301957782357931,0.755308330059052,1.01571822166443,3.11466431617737,1.70699489116669,K,14
OUTPUT,NaN,NaN,NaN,NaN,NaN,NaN

INPUT,0.36781433224678,0.0298186019062996,0.766533970832825,0.983198523521423,3.11237621307373,1.73457753658295,K,15
OUTPUT,NaN,NaN,NaN,NaN,NaN,NaN

INPUT,0.37133663892746,0.0294791422784328,0.776637017726898,0.954237341880798,3.11033940315247,1.75971007347107,K,16
OUTPUT,NaN,NaN,NaN,NaN,NaN,NaN

INPUT,0.374076247215271,0.02921511977911,0.784494996070862,0.931874871253967,3.10877060890198,1.77942180633545,K,17
OUTPUT,NaN,NaN,NaN,NaN,NaN,NaN

INPUT,0.376033067703247,0.0290265306830406,0.790107786655426,0.915976047515869,3.10765910148621,1.79357659816742,K,18
OUTPUT,NaN,NaN,NaN,NaN,NaN,NaN

INPUT,0.377207189798355,0.0289133787155151,0.793475449085236,0.90646356344223,3.10699582099915,1.80209648609161,K,19
OUTPUT,NaN,NaN,NaN,NaN,NaN,NaN

INPUT,0.37759855389595,0.0288756601512432,0.794598042964935,0.903296828269958,3.10677528381348,1.80494058132172,K,20
OUTPUT,NaN,NaN,NaN,NaN,NaN,NaN

INPUT,0.378418534994125,0.0357934422791004,0.70622056722641,-2.63448119163513,3.00504541397095,-1.87928330898285,K,4
OUTPUT,NaN,NaN,NaN,NaN,NaN,NaN

INPUT,0.392029643058777,0.0362030304968357,0.723054766654968,-2.72674298286438,2.97406268119812,-1.77931213378906,K,5
OUTPUT,NaN,NaN,NaN,NaN,NaN,NaN

INPUT,0.405640780925751,0.036612618714571,0.739889025688171,-2.8204288482666,2.94462132453918,-1.68027746677399,K,6
OUTPUT,NaN,NaN,NaN,NaN,NaN,NaN

INPUT,0.416227221488953,0.036931186914444,0.752982318401337,-2.89396619796753,2.92296719551086,-1.6035475730896,K,7
OUTPUT,NaN,NaN,NaN,NaN,NaN,NaN

INPUT,0.42378893494606,0.0371587350964546,0.762334644794464,-2.94677543640137,2.90824341773987,-1.54881143569946,K,8
OUTPUT,NaN,NaN,NaN,NaN,NaN,NaN

INPUT,0.428325980901718,0.0372952669858932,0.767946064472198,-2.97855973243713,2.8997278213501,-1.51598131656647,K,9
OUTPUT,NaN,NaN,NaN,NaN,NaN,NaN

INPUT,0.364030122756958,0.0282154120504856,0.737125098705292,1.0255982875824,3.11483716964722,1.46947300434113,K,5
OUTPUT,NaN,NaN,NaN,NaN,NaN,NaN

INPUT,0.370021760463715,0.0272603761404753,0.75068861246109,0.978178322315216,3.11074185371399,1.48977625370026,K,6
OUTPUT,NaN,NaN,NaN,NaN,NaN,NaN

INPUT,0.374681919813156,0.0265175718814135,0.761237978935242,0.94360888004303,3.10758352279663,1.50778365135193,K,7
OUTPUT,NaN,NaN,NaN,NaN,NaN,NaN

INPUT,0.378010600805283,0.0259869955480099,0.768773257732391,0.919857561588287,3.10534644126892,1.52149140834808,K,8
OUTPUT,NaN,NaN,NaN,NaN,NaN,NaN

INPUT,0.380007833242416,0.0256686508655548,0.773294448852539,0.905924677848816,3.10401296615601,1.52998292446136,K,9
OUTPUT,NaN,NaN,NaN,NaN,NaN,NaN

INPUT,0.36212831735611,0.0309292450547218,0.736890375614166,1.06838274002075,3.11684966087341,1.70199370384216,K,5
OUTPUT,NaN,NaN,NaN,NaN,NaN,NaN

INPUT,0.367852777242661,0.0303867943584919,0.750469505786896,1.00609004497528,3.11314630508423,1.73669457435608,K,6
OUTPUT,NaN,NaN,NaN,NaN,NaN,NaN

INPUT,0.37230509519577,0.0299648903310299,0.761031031608582,0.960056304931641,3.1103196144104,1.76581227779388,K,7
OUTPUT,NaN,NaN,NaN,NaN,NaN,NaN

INPUT,0.375485330820084,0.0296635292470455,0.768575012683868,0.928216874599457,3.10833692550659,1.78736972808838,K,8
OUTPUT,NaN,NaN,NaN,NaN,NaN,NaN

INPUT,0.377393484115601,0.0294827111065388,0.773101389408112,0.909483194351196,3.10716342926025,1.80052542686462,K,9
OUTPUT,NaN,NaN,NaN,NaN,NaN,NaN

INPUT,0.361483365297318,0.03597292304039,0.731931090354919,-2.95892763137817,3.14118504524231,-2.25428581237793,K,12
OUTPUT,NaN,NaN,NaN,NaN,NaN,NaN

INPUT,0.36596742272377,0.0361248329281807,0.743057250976563,-2.97134685516357,3.14124488830566,-2.19255399703979,K,13
OUTPUT,NaN,NaN,NaN,NaN,NaN,NaN

INPUT,0.370451480150223,0.0362767390906811,0.75418347120285,-2.9734525680542,3.14130520820618,-2.12050890922546,K,14
OUTPUT,NaN,NaN,NaN,NaN,NaN,NaN

INPUT,0.374935537576675,0.0364286452531815,0.765309631824493,-2.95705556869507,3.14136528968811,-2.02996110916138,K,15
OUTPUT,NaN,NaN,NaN,NaN,NaN,NaN

INPUT,0.378971189260483,0.036565363407135,0.775323212146759,-2.91087865829468,3.14141869544983,-1.91704833507538,K,16
OUTPUT,NaN,NaN,NaN,NaN,NaN,NaN

INPUT,0.382110029459,0.0366716980934143,0.78311151266098,-2.83147621154785,3.1414589881897,-1.7857403755188,K,17
OUTPUT,NaN,NaN,NaN,NaN,NaN,NaN

INPUT,0.384352058172226,0.0367476493120193,0.788674652576447,-2.72669124603271,3.14148640632629,-1.6438797712326,K,18
OUTPUT,NaN,NaN,NaN,NaN,NaN,NaN

INPUT,0.385697275400162,0.0367932207882404,0.792012453079224,-2.62914609909058,3.14150166511536,-1.52408945560455,K,19
OUTPUT,NaN,NaN,NaN,NaN,NaN,NaN

INPUT,0.386145681142807,0.0368084125220776,0.793125092983246,-2.58824491500854,3.14150643348694,-1.47577309608459,K,20
OUTPUT,NaN,NaN,NaN,NaN,NaN,NaN

INPUT,0.358269959688187,0.0343996733427048,0.733497262001038,-2.43744659423828,3.13998675346375,-1.9517365694046,K,12
OUTPUT,NaN,NaN,NaN,NaN,NaN,NaN

INPUT,0.362415313720703,0.0343858264386654,0.744789183139801,-2.43305921554565,3.13991093635559,-1.89624321460724,K,13
OUTPUT,NaN,NaN,NaN,NaN,NaN,NaN

INPUT,0.366560697555542,0.0343719758093357,0.75608104467392,-2.43125748634338,3.13983488082886,-1.84333562850952,K,14
OUTPUT,NaN,NaN,NaN,NaN,NaN,NaN

INPUT,0.370706051588058,0.0343581289052963,0.767372965812683,-2.43172526359558,3.13975882530212,-1.79269707202911,K,15
OUTPUT,NaN,NaN,NaN,NaN,NaN,NaN

INPUT,0.374436885118484,0.0343456640839577,0.777535736560822,-2.43386054039001,3.13969039916992,-1.74883699417114,K,16
OUTPUT,NaN,NaN,NaN,NaN,NaN,NaN

INPUT,0.377338647842407,0.0343359708786011,0.78544008731842,-2.43652868270874,3.13963747024536,-1.71573090553284,K,17
OUTPUT,NaN,NaN,NaN,NaN,NaN,NaN

INPUT,0.379411339759827,0.0343290455639362,0.79108601808548,-2.43892955780029,3.13959980010986,-1.69257867336273,K,18
OUTPUT,NaN,NaN,NaN,NaN,NaN,NaN

INPUT,0.38065493106842,0.0343248918652534,0.794473588466644,-2.4405562877655,3.13957715034485,-1.67887365818024,K,19
OUTPUT,NaN,NaN,NaN,NaN,NaN,NaN

INPUT,0.381069481372833,0.0343235060572624,0.795602798461914,-2.44112849235535,3.13956952095032,-1.67433524131775,K,20
OUTPUT,NaN,NaN,NaN,NaN,NaN,NaN

INPUT,0.367222964763641,0.0384930707514286,0.72191458940506,-2.49117851257324,3.09106636047363,-1.82679128646851,K,11
OUTPUT,NaN,NaN,NaN,NaN,NaN,NaN

INPUT,0.372909516096115,0.0389590300619602,0.733172714710236,-2.52916741371155,3.08548259735107,-1.78660190105438,K,12
OUTPUT,NaN,NaN,NaN,NaN,NaN,NaN

INPUT,0.378596097230911,0.0394249893724918,0.744430780410767,-2.56736016273499,3.07998442649841,-1.74660444259644,K,13
OUTPUT,NaN,NaN,NaN,NaN,NaN,NaN

INPUT,0.384282648563385,0.0398909486830235,0.755688786506653,-2.60570621490479,3.0745804309845,-1.70674705505371,K,14
OUTPUT,NaN,NaN,NaN,NaN,NaN,NaN

INPUT,0.389969199895859,0.0403569042682648,0.766946852207184,-2.64417123794556,3.06927871704102,-1.66699457168579,K,15
OUTPUT,NaN,NaN,NaN,NaN,NaN,NaN

INPUT,0.395087122917175,0.0407762676477432,0.777079164981842,-2.67887115478516,3.06460118293762,-1.63128590583801,K,16
OUTPUT,NaN,NaN,NaN,NaN,NaN,NaN

INPUT,0.399067729711533,0.0411024391651154,0.78495979309082,-2.70590424537659,3.06102895736694,-1.60354828834534,K,17
OUTPUT,NaN,NaN,NaN,NaN,NaN,NaN

INPUT,0.401910990476608,0.0413354188203812,0.790588796138763,-2.7252345085144,3.05851411819458,-1.58375191688538,K,18
OUTPUT,NaN,NaN,NaN,NaN,NaN,NaN

INPUT,0.403616964817047,0.0414752066135406,0.793966233730316,-2.73684024810791,3.05702042579651,-1.57187962532043,K,19
OUTPUT,NaN,NaN,NaN,NaN,NaN,NaN

INPUT,0.404185622930527,0.0415218025445938,0.795092046260834,-2.74071002006531,3.05652499198914,-1.56792306900024,K,20
OUTPUT,NaN,NaN,NaN,NaN,NaN,NaN

INPUT,0.363079190254211,0.034002523869276,0.733814895153046,-2.61214971542358,3.13673853874207,-1.8372220993042,K,12
OUTPUT,NaN,NaN,NaN,NaN,NaN,NaN

INPUT,0.367731094360352,0.0339468345046043,0.745140254497528,-2.64363265037537,3.13635039329529,-1.7871550321579,K,13
OUTPUT,NaN,NaN,NaN,NaN,NaN,NaN

INPUT,0.372383028268814,0.0338911451399326,0.75646561384201,-2.67638492584229,3.13597059249878,-1.73835670948029,K,14
OUTPUT,NaN,NaN,NaN,NaN,NaN,NaN

INPUT,0.377034932374954,0.0338354557752609,0.767790973186493,-2.71014165878296,3.13559985160828,-1.69056308269501,K,15
OUTPUT,NaN,NaN,NaN,NaN,NaN,NaN

INPUT,0.381221652030945,0.0337853357195854,0.777983844280243,-2.74121856689453,3.13527464866638,-1.64824450016022,K,16
OUTPUT,NaN,NaN,NaN,NaN,NaN,NaN

INPUT,0.384478002786636,0.0337463542819023,0.785911619663239,-2.76577043533325,3.13502717018127,-1.61571085453033,K,17
OUTPUT,NaN,NaN,NaN,NaN,NaN,NaN

INPUT,0.386803954839706,0.0337185114622116,0.79157429933548,-2.78348541259766,3.13485383987427,-1.59265053272247,K,18
OUTPUT,NaN,NaN,NaN,NaN,NaN,NaN

INPUT,0.388199537992477,0.033701803535223,0.794971883296967,-2.79417896270752,3.13475108146667,-1.57887887954712,K,19
OUTPUT,NaN,NaN,NaN,NaN,NaN,NaN

INPUT,0.388664722442627,0.0336962342262268,0.796104431152344,-2.79775357246399,3.13471698760986,-1.57429850101471,K,20
OUTPUT,NaN,NaN,NaN,NaN,NaN,NaN

INPUT,0.353086769580841,0.0318871513009071,0.733514428138733,0.661394536495209,3.0989556312561,1.30584120750427,K,12
OUTPUT,NaN,NaN,NaN,NaN,NaN,NaN

INPUT,0.356687128543854,0.0316088981926441,0.744807302951813,0.626380622386932,3.09456205368042,1.33866608142853,K,13
OUTPUT,NaN,NaN,NaN,NaN,NaN,NaN

INPUT,0.360287517309189,0.0313306450843811,0.756100177764893,0.591549336910248,3.09022259712219,1.37168025970459,K,14
OUTPUT,NaN,NaN,NaN,NaN,NaN,NaN

INPUT,0.363887876272202,0.0310523901134729,0.767392992973328,0.556854844093323,3.08594226837158,1.40483903884888,K,15
OUTPUT,NaN,NaN,NaN,NaN,NaN,NaN

INPUT,0.367128193378448,0.0308019611984491,0.777556598186493,0.525720298290253,3.08214449882507,1.43477916717529,K,16
OUTPUT,NaN,NaN,NaN,NaN,NaN,NaN

INPUT,0.369648456573486,0.0306071843951941,0.785461604595184,0.501552164554596,3.07922887802124,1.45811831951141,K,17
OUTPUT,NaN,NaN,NaN,NaN,NaN,NaN

INPUT,0.371448636054993,0.0304680578410625,0.791108012199402,0.484310656785965,3.07716751098633,1.47481322288513,K,18
OUTPUT,NaN,NaN,NaN,NaN,NaN,NaN

INPUT,0.372528731822968,0.0303845815360546,0.79449588060379,0.473973512649536,3.07593965530396,1.48483896255493,K,19
OUTPUT,NaN,NaN,NaN,NaN,NaN,NaN

INPUT,0.372888773679733,0.0303567554801702,0.795625150203705,0.470528960227966,3.07553195953369,1.48818230628967,K,20
OUTPUT,NaN,NaN,NaN,NaN,NaN,NaN

INPUT,0.367789745330811,0.0380622334778309,0.71638411283493,-2.49186444282532,3.09073901176453,-1.84449625015259,K,4
OUTPUT,NaN,NaN,NaN,NaN,NaN,NaN

INPUT,0.377009809017181,0.0388024710118771,0.731943607330322,-2.55614829063416,3.08124256134033,-1.76975679397583,K,5
OUTPUT,NaN,NaN,NaN,NaN,NaN,NaN

INPUT,0.386229872703552,0.0395427085459232,0.747503101825714,-2.62185716629028,3.0720362663269,-1.69640290737152,K,6
OUTPUT,NaN,NaN,NaN,NaN,NaN,NaN

INPUT,0.393400996923447,0.0401184484362602,0.759604871273041,-2.67360520362854,3.06510543823242,-1.63996112346649,K,7
OUTPUT,NaN,NaN,NaN,NaN,NaN,NaN

INPUT,0.398523271083832,0.040529690682888,0.768249034881592,-2.71081852912903,3.06029033660889,-1.59987878799438,K,8
OUTPUT,NaN,NaN,NaN,NaN,NaN,NaN

INPUT,0.40159660577774,0.040776439011097,0.773435533046722,-2.73322820663452,3.05745887756348,-1.57590389251709,K,9
OUTPUT,NaN,NaN,NaN,NaN,NaN,NaN

INPUT,0.361660778522491,0.0359250456094742,0.723060190677643,-2.9404571056366,3.14018988609314,-2.27845692634583,K,4
OUTPUT,NaN,NaN,NaN,NaN,NaN,NaN

INPUT,0.368141710758209,0.0361586362123489,0.736312627792358,-2.98818135261536,3.14053797721863,-2.20693874359131,K,5
OUTPUT,NaN,NaN,NaN,NaN,NaN,NaN

INPUT,0.374622613191605,0.036392230540514,0.749565124511719,-3.02407455444336,3.14088940620422,-2.12358951568604,K,6
OUTPUT,NaN,NaN,NaN,NaN,NaN,NaN

INPUT,0.379663318395615,0.03657391294837,0.759872615337372,-3.02504348754883,3.14116382598877,-2.03181433677673,K,7
OUTPUT,NaN,NaN,NaN,NaN,NaN,NaN

INPUT,0.383263826370239,0.0367036871612072,0.767235100269318,-2.960524559021,3.1413586139679,-1.90104937553406,K,8
OUTPUT,NaN,NaN,NaN,NaN,NaN,NaN

INPUT,0.385424107313156,0.0367815531790257,0.771652638912201,-2.77095055580139,3.14147186279297,-1.67172789573669,K,9
OUTPUT,NaN,NaN,NaN,NaN,NaN,NaN

INPUT,0.358631163835526,0.0344344861805439,0.724498689174652,-2.6110942363739,3.13910460472107,-2.15507936477661,K,4
OUTPUT,NaN,NaN,NaN,NaN,NaN,NaN

INPUT,0.364562511444092,0.0343982055783272,0.738026261329651,-2.57889556884766,3.139244556427,-2.04038643836975,K,5
OUTPUT,NaN,NaN,NaN,NaN,NaN,NaN

INPUT,0.37049388885498,0.0343619249761105,0.75155383348465,-2.53775000572205,3.13937425613403,-1.91674661636353,K,6
OUTPUT,NaN,NaN,NaN,NaN,NaN,NaN

INPUT,0.375107169151306,0.0343337059020996,0.762075245380402,-2.49919605255127,3.13946604728699,-1.81420969963074,K,7
OUTPUT,NaN,NaN,NaN,NaN,NaN,NaN

INPUT,0.378402382135391,0.0343135483562946,0.769590556621552,-2.46809983253479,3.13952565193176,-1.73758709430695,K,8
OUTPUT,NaN,NaN,NaN,NaN,NaN,NaN

INPUT,0.380379498004913,0.0343014560639858,0.774099767208099,-2.44804239273071,3.13955903053284,-1.69030606746674,K,9
OUTPUT,NaN,NaN,NaN,NaN,NaN,NaN

INPUT,0.363809645175934,0.0340529307723045,0.726003289222717,-2.66142201423645,3.13587784767151,-1.9335104227066,K,4
OUTPUT,NaN,NaN,NaN,NaN,NaN,NaN

INPUT,0.370354652404785,0.0339462421834469,0.739265501499176,-2.69323468208313,3.13554120063782,-1.83415007591248,K,5
OUTPUT,NaN,NaN,NaN,NaN,NaN,NaN

INPUT,0.376899659633636,0.0338395535945892,0.752527713775635,-2.72851371765137,3.13522434234619,-1.73825573921204,K,6
OUTPUT,NaN,NaN,NaN,NaN,NaN,NaN

INPUT,0.381990253925323,0.0337565690279007,0.76284271478653,-2.75790596008301,3.13499331474304,-1.6656242609024,K,7
OUTPUT,NaN,NaN,NaN,NaN,NaN,NaN

INPUT,0.385626375675201,0.0336972996592522,0.77021062374115,-2.7797839641571,3.13483667373657,-1.61462831497192,K,8
OUTPUT,NaN,NaN,NaN,NaN,NaN,NaN

INPUT,0.38780802488327,0.0336617343127728,0.774631381034851,-2.79322457313538,3.13474655151367,-1.58434438705444,K,9
OUTPUT,NaN,NaN,NaN,NaN,NaN,NaN

INPUT,0.359056413173676,0.0320015698671341,0.737356543540955,0.631288468837738,3.09464049339294,1.34635889530182,K,5
OUTPUT,NaN,NaN,NaN,NaN,NaN,NaN

INPUT,0.364459723234177,0.0316249132156372,0.751148998737335,0.57225775718689,3.08756852149963,1.39697051048279,K,6
OUTPUT,NaN,NaN,NaN,NaN,NaN,NaN

INPUT,0.368662267923355,0.0313319563865662,0.761876404285431,0.527246415615082,3.08220505714417,1.43682897090912,K,7
OUTPUT,NaN,NaN,NaN,NaN,NaN,NaN

INPUT,0.371664077043533,0.0311227049678564,0.769538819789886,0.495572596788406,3.07846403121948,1.46537387371063,K,8
OUTPUT,NaN,NaN,NaN,NaN,NaN,NaN

INPUT,0.373465180397034,0.0309971515089273,0.774136304855347,0.476764678955078,3.07625961303711,1.48248517513275,K,9
OUTPUT,NaN,NaN,NaN,NaN,NaN,NaN

INPUT,0.362588703632355,0.0365639440715313,0.722395002841949,-2.36750912666321,3.12640595436096,-1.51313138008118,K,11
OUTPUT,NaN,NaN,NaN,NaN,NaN,NaN

INPUT,0.367730021476746,0.0368029512465,0.733709216117859,-2.41288900375366,3.12483382225037,-1.45801496505737,K,12
OUTPUT,NaN,NaN,NaN,NaN,NaN,NaN

INPUT,0.372871309518814,0.0370419584214687,0.745023488998413,-2.45909523963928,3.12330365180969,-1.40372371673584,K,13
OUTPUT,NaN,NaN,NaN,NaN,NaN,NaN

INPUT,0.378012597560883,0.0372809655964375,0.756337702274323,-2.50591850280762,3.12181949615479,-1.35004806518555,K,14
OUTPUT,NaN,NaN,NaN,NaN,NaN,NaN

INPUT,0.383153885602951,0.0375199727714062,0.767651975154877,-2.55321383476257,3.12038516998291,-1.29684317111969,K,15
OUTPUT,NaN,NaN,NaN,NaN,NaN,NaN

INPUT,0.387781053781509,0.03773507848382,0.77783477306366,-2.59609746932983,3.11913967132568,-1.24927532672882,K,16
OUTPUT,NaN,NaN,NaN,NaN,NaN,NaN

INPUT,0.391379952430725,0.0379023849964142,0.78575474023819,-2.62962174415588,3.11820244789124,-1.21244740486145,K,17
OUTPUT,NaN,NaN,NaN,NaN,NaN,NaN

INPUT,0.393950611352921,0.0380218885838985,0.791411876678467,-2.65364551544189,3.11755084991455,-1.18621945381165,K,18
OUTPUT,NaN,NaN,NaN,NaN,NaN,NaN

INPUT,0.395493000745773,0.038093589246273,0.794806122779846,-2.66808795928955,3.1171669960022,-1.1705105304718,K,19
OUTPUT,NaN,NaN,NaN,NaN,NaN,NaN

INPUT,0.396007120609283,0.038117490708828,0.795937538146973,-2.67290663719177,3.11704015731812,-1.16527855396271,K,20
OUTPUT,NaN,NaN,NaN,NaN,NaN,NaN

INPUT,0.363375574350357,0.0377189740538597,0.721283197402954,-2.39215111732483,3.08162498474121,-1.71311771869659,K,11
OUTPUT,NaN,NaN,NaN,NaN,NaN,NaN

INPUT,0.368609309196472,0.0380939804017544,0.732466578483582,-2.43105053901672,3.07498526573181,-1.67209887504578,K,12
OUTPUT,NaN,NaN,NaN,NaN,NaN,NaN

INPUT,0.373842984437943,0.0384689904749393,0.743650019168854,-2.47014927864075,3.06845188140869,-1.63126218318939,K,13
OUTPUT,NaN,NaN,NaN,NaN,NaN,NaN

INPUT,0.379076689481735,0.038843996822834,0.754833459854126,-2.50939893722534,3.06203508377075,-1.59055733680725,K,14
OUTPUT,NaN,NaN,NaN,NaN,NaN,NaN

INPUT,0.384310394525528,0.0392190031707287,0.766016840934753,-2.54876637458801,3.05574512481689,-1.54995012283325,K,15
OUTPUT,NaN,NaN,NaN,NaN,NaN,NaN

INPUT,0.38902074098587,0.039556510746479,0.776081919670105,-2.58427834510803,3.05020117759705,-1.51346659660339,K,16
OUTPUT,NaN,NaN,NaN,NaN,NaN,NaN

INPUT,0.392684310674667,0.0398190170526505,0.78391033411026,-2.61194348335266,3.04597067832947,-1.48512291908264,K,17
OUTPUT,NaN,NaN,NaN,NaN,NaN,NaN

INPUT,0.395301163196564,0.0400065220892429,0.789502024650574,-2.63172554969788,3.04299449920654,-1.4648916721344,K,18
OUTPUT,NaN,NaN,NaN,NaN,NaN,NaN

INPUT,0.396871298551559,0.0401190221309662,0.792857050895691,-2.6436026096344,3.04122757911682,-1.45275783538818,K,19
OUTPUT,NaN,NaN,NaN,NaN,NaN,NaN

INPUT,0.39739465713501,0.0401565246284008,0.793975412845612,-2.64756274223328,3.04064178466797,-1.44871413707733,K,20
OUTPUT,NaN,NaN,NaN,NaN,NaN,NaN

INPUT,0.360212981700897,0.0413322858512402,0.721318662166595,-2.36908507347107,3.09469866752625,-1.75552833080292,K,11
OUTPUT,NaN,NaN,NaN,NaN,NaN,NaN

INPUT,0.365074932575226,0.0421322882175446,0.732506275177002,-2.40384149551392,3.08948040008545,-1.71809434890747,K,12
OUTPUT,NaN,NaN,NaN,NaN,NaN,NaN

INPUT,0.369936883449554,0.042932290583849,0.743693888187408,-2.43884515762329,3.08432984352112,-1.6808979511261,K,13
OUTPUT,NaN,NaN,NaN,NaN,NaN,NaN

INPUT,0.374798834323883,0.0437322929501534,0.754881501197815,-2.47403383255005,3.07925391197205,-1.64387619495392,K,14
OUTPUT,NaN,NaN,NaN,NaN,NaN,NaN

INPUT,0.379660785198212,0.0445322953164577,0.766069114208221,-2.50936532020569,3.07425904273987,-1.60698568820953,K,15
OUTPUT,NaN,NaN,NaN,NaN,NaN,NaN

INPUT,0.38403657078743,0.045252300798893,0.776137948036194,-2.5412609577179,3.06983852386475,-1.57387113571167,K,16
OUTPUT,NaN,NaN,NaN,NaN,NaN,NaN

INPUT,0.38743993639946,0.045812301337719,0.783969283103943,-2.56612110137939,3.06645250320435,-1.54816091060638,K,17
OUTPUT,NaN,NaN,NaN,NaN,NaN,NaN

INPUT,0.389870911836624,0.046212300658226,0.789563059806824,-2.58390307426453,3.06406307220459,-1.52981734275818,K,18
OUTPUT,NaN,NaN,NaN,NaN,NaN,NaN

INPUT,0.391329497098923,0.0464523024857044,0.792919337749481,-2.59458112716675,3.06264162063599,-1.51881837844849,K,19
OUTPUT,NaN,NaN,NaN,NaN,NaN,NaN

INPUT,0.391815692186356,0.0465323030948639,0.794038116931915,-2.59814190864563,3.06216979026794,-1.51515316963196,K,20
OUTPUT,NaN,NaN,NaN,NaN,NaN,NaN

INPUT,0.372723788022995,0.0471996739506721,0.719527840614319,-2.27529215812683,3.03718566894531,-1.67407727241516,K,11
OUTPUT,NaN,NaN,NaN,NaN,NaN,NaN

INPUT,0.379056662321091,0.0486898235976696,0.730506360530853,-2.31000947952271,3.02543139457703,-1.63793635368347,K,12
OUTPUT,NaN,NaN,NaN,NaN,NaN,NaN

INPUT,0.385389536619186,0.0501799769699574,0.741484820842743,-2.34488105773926,3.01382255554199,-1.60190117359161,K,13
OUTPUT,NaN,NaN,NaN,NaN,NaN,NaN

INPUT,0.391722410917282,0.0516701266169548,0.752463281154633,-2.37987470626831,3.00237393379211,-1.5659362077713,K,14
OUTPUT,NaN,NaN,NaN,NaN,NaN,NaN

INPUT,0.398055255413055,0.0531602762639523,0.763441741466522,-2.41496992111206,2.9911003112793,-1.53001630306244,K,15
OUTPUT,NaN,NaN,NaN,NaN,NaN,NaN

INPUT,0.403754860162735,0.0545014105737209,0.773322403430939,-2.44663023948669,2.98111510276794,-1.49771189689636,K,16
OUTPUT,NaN,NaN,NaN,NaN,NaN,NaN

INPUT,0.408187866210938,0.0555445179343224,0.781007349491119,-2.4712986946106,2.97346162796021,-1.47259497642517,K,17
OUTPUT,NaN,NaN,NaN,NaN,NaN,NaN

INPUT,0.411354303359985,0.0562895946204662,0.786496579647064,-2.48894071578979,2.96805787086487,-1.45465648174286,K,18
OUTPUT,NaN,NaN,NaN,NaN,NaN,NaN

INPUT,0.413254141807556,0.0567366369068623,0.789790093898773,-2.49953413009644,2.96484184265137,-1.44389390945435,K,19
OUTPUT,NaN,NaN,NaN,NaN,NaN,NaN

INPUT,0.413887441158295,0.056885652244091,0.790887951850891,-2.50306677818298,2.96377420425415,-1.44030618667603,K,20
OUTPUT,NaN,NaN,NaN,NaN,NaN,NaN

INPUT,0.372391849756241,0.0389411859214306,0.721193552017212,-2.47509551048279,3.05107545852661,-1.89960443973541,K,11
OUTPUT,NaN,NaN,NaN,NaN,NaN,NaN

INPUT,0.378686517477036,0.0394600220024586,0.732366442680359,-2.50841856002808,3.04087662696838,-1.86513888835907,K,12
OUTPUT,NaN,NaN,NaN,NaN,NaN,NaN

INPUT,0.38498118519783,0.0399788580834866,0.743539392948151,-2.54186344146729,3.03079319000244,-1.8307603597641,K,13
OUTPUT,NaN,NaN,NaN,NaN,NaN,NaN

INPUT,0.391275852918625,0.0404976941645145,0.754712283611298,-2.57540440559387,3.02083706855774,-1.79644048213959,K,14
OUTPUT,NaN,NaN,NaN,NaN,NaN,NaN

INPUT,0.39757052063942,0.0410165302455425,0.765885174274445,-2.6090247631073,3.0110194683075,-1.76215922832489,K,15
OUTPUT,NaN,NaN,NaN,NaN,NaN,NaN

INPUT,0.403235733509064,0.0414834842085838,0.775940835475922,-2.63934087753296,3.00231194496155,-1.73132717609406,K,16
OUTPUT,NaN,NaN,NaN,NaN,NaN,NaN

INPUT,0.407642006874084,0.0418466664850712,0.783761858940125,-2.66295385360718,2.99562859535217,-1.70735490322113,K,17
OUTPUT,NaN,NaN,NaN,NaN,NaN,NaN

INPUT,0.410789340734482,0.0421060882508755,0.789348304271698,-2.6798369884491,2.99090504646301,-1.69023466110229,K,18
OUTPUT,NaN,NaN,NaN,NaN,NaN,NaN

INPUT,0.412677735090256,0.0422617383301258,0.792700171470642,-2.6899733543396,2.98809170722961,-1.67996311187744,K,19
OUTPUT,NaN,NaN,NaN,NaN,NaN,NaN

INPUT,0.413307189941406,0.0423136204481125,0.793817460536957,-2.69335317611694,2.98715734481812,-1.67653930187225,K,20
OUTPUT,NaN,NaN,NaN,NaN,NaN,NaN

INPUT,0.371778011322021,0.0457064211368561,0.720077812671661,-2.15438556671143,3.04483842849731,-1.46946048736572,K,11
OUTPUT,NaN,NaN,NaN,NaN,NaN,NaN

INPUT,0.378000497817993,0.0470211058855057,0.731119453907013,-2.1938898563385,3.0340588092804,-1.428262591362,K,12
OUTPUT,NaN,NaN,NaN,NaN,NaN,NaN

INPUT,0.384222984313965,0.0483357906341553,0.742161095142365,-2.23357009887695,3.02345371246338,-1.38719487190247,K,13
OUTPUT,NaN,NaN,NaN,NaN,NaN,NaN

INPUT,0.390445470809937,0.0496504679322243,0.753202676773071,-2.27338886260986,3.0130410194397,-1.34621512889862,K,14
OUTPUT,NaN,NaN,NaN,NaN,NaN,NaN

INPUT,0.396667957305908,0.0509651526808739,0.764244318008423,-2.31332063674927,3.00283741950989,-1.30529475212097,K,15
OUTPUT,NaN,NaN,NaN,NaN,NaN,NaN

INPUT,0.402268201112747,0.0521483682096004,0.77418178319931,-2.34934139251709,2.99384713172913,-1.26849985122681,K,16
OUTPUT,NaN,NaN,NaN,NaN,NaN,NaN

INPUT,0.406623959541321,0.053068645298481,0.781910955905914,-2.37740445137024,2.98698902130127,-1.23989605903625,K,17
OUTPUT,NaN,NaN,NaN,NaN,NaN,NaN

INPUT,0.409735202789307,0.0537259876728058,0.78743177652359,-2.39747285842896,2.98216581344604,-1.21946966648102,K,18
OUTPUT,NaN,NaN,NaN,NaN,NaN,NaN

INPUT,0.411601960659027,0.0541203916072845,0.790744245052338,-2.40952277183533,2.97930312156677,-1.20721518993378,K,19
OUTPUT,NaN,NaN,NaN,NaN,NaN,NaN

INPUT,0.41222420334816,0.0542518608272076,0.791848421096802,-2.41354060173035,2.97835397720337,-1.20313060283661,K,20
OUTPUT,NaN,NaN,NaN,NaN,NaN,NaN

INPUT,0.358942955732346,0.0348785072565079,0.733543336391449,0.678300023078918,3.12807774543762,1.49668443202972,K,12
OUTPUT,NaN,NaN,NaN,NaN,NaN,NaN

INPUT,0.363159418106079,0.0349150747060776,0.744840085506439,0.630974531173706,3.12666463851929,1.53548610210419,K,13
OUTPUT,NaN,NaN,NaN,NaN,NaN,NaN

INPUT,0.36737585067749,0.0349516421556473,0.756136775016785,0.58437979221344,3.12527894973755,1.5750195980072,K,14
OUTPUT,NaN,NaN,NaN,NaN,NaN,NaN

INPUT,0.371592313051224,0.034988209605217,0.76743346452713,0.538332283496857,3.12392330169678,1.61510133743286,K,15
OUTPUT,NaN,NaN,NaN,NaN,NaN,NaN

INPUT,0.375387102365494,0.0350211188197136,0.777600526809692,0.49725154042244,3.12273097038269,1.65153777599335,K,16
OUTPUT,NaN,NaN,NaN,NaN,NaN,NaN

INPUT,0.378338634967804,0.0350467190146446,0.785508215427399,0.465491354465485,3.12182307243347,1.68006932735443,K,17
OUTPUT,NaN,NaN,NaN,NaN,NaN,NaN

INPUT,0.38044685125351,0.0350650027394295,0.791156589984894,0.442892581224442,3.12118554115295,1.70053625106812,K,18
OUTPUT,NaN,NaN,NaN,NaN,NaN,NaN

INPUT,0.381711781024933,0.0350759699940681,0.794545590877533,0.429364442825317,3.1208074092865,1.71284770965576,K,19
OUTPUT,NaN,NaN,NaN,NaN,NaN,NaN

INPUT,0.382133424282074,0.0350796282291412,0.795675277709961,0.424859970808029,3.12068223953247,1.71695649623871,K,20
OUTPUT,NaN,NaN,NaN,NaN,NaN,NaN

INPUT,0.366094380617142,0.0378746092319489,0.722309708595276,-2.48866724967957,3.08730840682983,-1.76219367980957,K,11
OUTPUT,NaN,NaN,NaN,NaN,NaN,NaN

INPUT,0.371648699045181,0.0382679514586926,0.733612895011902,-2.53040027618408,3.08135223388672,-1.71843457221985,K,12
OUTPUT,NaN,NaN,NaN,NaN,NaN,NaN

INPUT,0.377203047275543,0.038661289960146,0.744916081428528,-2.57232189178467,3.07550621032715,-1.67484879493713,K,13
OUTPUT,NaN,NaN,NaN,NaN,NaN,NaN

INPUT,0.382757365703583,0.0390546321868896,0.756219267845154,-2.6143856048584,3.06978058815002,-1.63138890266418,K,14
OUTPUT,NaN,NaN,NaN,NaN,NaN,NaN

INPUT,0.388311684131622,0.039447970688343,0.767522513866425,-2.65655994415283,3.06418633460999,-1.58802235126495,K,15
OUTPUT,NaN,NaN,NaN,NaN,NaN,NaN

INPUT,0.393310576677322,0.0398019775748253,0.77769535779953,-2.69459319114685,3.05927205085754,-1.54905295372009,K,16
OUTPUT,NaN,NaN,NaN,NaN,NaN,NaN

INPUT,0.397198617458344,0.0400773137807846,0.785607635974884,-2.72421646118164,3.05553388595581,-1.51877474784851,K,17
OUTPUT,NaN,NaN,NaN,NaN,NaN,NaN

INPUT,0.399975776672363,0.0402739867568016,0.791259229183197,-2.74539566040039,3.05291056632996,-1.49716126918793,K,18
OUTPUT,NaN,NaN,NaN,NaN,NaN,NaN

INPUT,0.401642084121704,0.0403919853270054,0.794650137424469,-2.7581102848053,3.05135607719421,-1.48419809341431,K,19
OUTPUT,NaN,NaN,NaN,NaN,NaN,NaN

INPUT,0.402197510004044,0.0404313206672668,0.79578047990799,-2.7623496055603,3.05084109306335,-1.47987771034241,K,20
OUTPUT,NaN,NaN,NaN,NaN,NaN,NaN

INPUT,0.371906995773315,0.0368202403187752,0.732105076313019,-2.46648120880127,3.12323570251465,-1.45465636253357,K,5
OUTPUT,NaN,NaN,NaN,NaN,NaN,NaN

INPUT,0.380425363779068,0.037207406014204,0.747886955738068,-2.53788805007935,3.12085890769958,-1.34757781028748,K,6
OUTPUT,NaN,NaN,NaN,NaN,NaN,NaN

INPUT,0.387050718069077,0.0375085324048996,0.760161697864532,-2.5959632396698,3.11911964416504,-1.26682817935944,K,7
OUTPUT,NaN,NaN,NaN,NaN,NaN,NaN

INPUT,0.391783118247986,0.0377236269414425,0.768929421901703,-2.63844227790833,3.1179416179657,-1.21014499664307,K,8
OUTPUT,NaN,NaN,NaN,NaN,NaN,NaN

INPUT,0.394622564315796,0.0378526784479618,0.774190068244934,-2.66425442695618,3.11726212501526,-1.17645919322968,K,9
OUTPUT,NaN,NaN,NaN,NaN,NaN,NaN

INPUT,0.372218370437622,0.0377115309238434,0.730971813201904,-2.45905184745789,3.06998920440674,-1.6554708480835,K,5
OUTPUT,NaN,NaN,NaN,NaN,NaN,NaN

INPUT,0.380643010139465,0.0382476598024368,0.746489763259888,-2.52613282203674,3.05904197692871,-1.58031272888184,K,6
OUTPUT,NaN,NaN,NaN,NaN,NaN,NaN

INPUT,0.387195467948914,0.0386646464467049,0.758559286594391,-2.5789909362793,3.05081224441528,-1.52249705791473,K,7
OUTPUT,NaN,NaN,NaN,NaN,NaN,NaN

INPUT,0.391875803470612,0.0389624983072281,0.767180383205414,-2.61701440811157,3.0451021194458,-1.48144316673279,K,8
OUTPUT,NaN,NaN,NaN,NaN,NaN,NaN

INPUT,0.394684016704559,0.0391412042081356,0.772352993488312,-2.63991570472717,3.04174757003784,-1.45688784122467,K,9
OUTPUT,NaN,NaN,NaN,NaN,NaN,NaN

INPUT,0.368602693080902,0.0420866385102272,0.730819344520569,-2.43098783493042,3.08544993400574,-1.70478844642639,K,5
OUTPUT,NaN,NaN,NaN,NaN,NaN,NaN

INPUT,0.376470416784286,0.0433916933834553,0.746400833129883,-2.49020910263062,3.07682490348816,-1.63559758663177,K,6
OUTPUT,NaN,NaN,NaN,NaN,NaN,NaN

INPUT,0.382589787244797,0.0444067344069481,0.75851970911026,-2.537104845047,3.07029843330383,-1.58259332180023,K,7
OUTPUT,NaN,NaN,NaN,NaN,NaN,NaN

INPUT,0.386960744857788,0.0451317653059959,0.767176032066345,-2.57092714309692,3.06574416160583,-1.54504430294037,K,8
OUTPUT,NaN,NaN,NaN,NaN,NaN,NaN

INPUT,0.389583319425583,0.0455667823553085,0.772369861602783,-2.59132647514343,3.06305742263794,-1.52261483669281,K,9
OUTPUT,NaN,NaN,NaN,NaN,NaN,NaN

INPUT,0.372984141111374,0.0457643568515778,0.714631319046021,-2.26978731155396,3.03641629219055,-1.68567109107971,K,4
OUTPUT,NaN,NaN,NaN,NaN,NaN,NaN

INPUT,0.383059561252594,0.0481500998139381,0.7296062707901,-2.33072900772095,3.01642966270447,-1.62014603614807,K,5
OUTPUT,NaN,NaN,NaN,NaN,NaN,NaN

INPUT,0.393134981393814,0.0505358465015888,0.74458122253418,-2.39237380027771,2.99694204330444,-1.55516743659973,K,6
OUTPUT,NaN,NaN,NaN,NaN,NaN,NaN

INPUT,0.400971382856369,0.0523914247751236,0.756228446960449,-2.44065809249878,2.98218083381653,-1.50484597682953,K,7
OUTPUT,NaN,NaN,NaN,NaN,NaN,NaN

INPUT,0.406568855047226,0.0537168383598328,0.764547884464264,-2.47528886795044,2.9718713760376,-1.46897435188293,K,8
OUTPUT,NaN,NaN,NaN,NaN,NaN,NaN

INPUT,0.409927308559418,0.054512083530426,0.769539535045624,-2.49611663818359,2.96578550338745,-1.44747126102448,K,9
OUTPUT,NaN,NaN,NaN,NaN,NaN,NaN

INPUT,0.372792959213257,0.0381008572876453,0.716424226760864,-2.46618032455444,3.05078387260437,-1.90653038024902,K,4
OUTPUT,NaN,NaN,NaN,NaN,NaN,NaN

INPUT,0.38278341293335,0.0388630777597427,0.731679558753967,-2.52606678009033,3.03334188461304,-1.84557151794434,K,5
OUTPUT,NaN,NaN,NaN,NaN,NaN,NaN

INPUT,0.392773866653442,0.0396252982318401,0.74693489074707,-2.58615708351135,3.0162947177887,-1.78470349311829,K,6
OUTPUT,NaN,NaN,NaN,NaN,NaN,NaN

INPUT,0.400544196367264,0.0402181334793568,0.758800148963928,-2.63300323486328,3.00334882736206,-1.73738348484039,K,7
OUTPUT,NaN,NaN,NaN,NaN,NaN,NaN

INPUT,0.406094461679459,0.0406415909528732,0.767275333404541,-2.6665153503418,2.99428725242615,-1.70358335971832,K,8
OUTPUT,NaN,NaN,NaN,NaN,NaN,NaN

INPUT,0.409424602985382,0.0408956632018089,0.772360444068909,-2.68664145469666,2.98892951011658,-1.68330073356628,K,9
OUTPUT,NaN,NaN,NaN,NaN,NaN,NaN

INPUT,0.372106671333313,0.0443152561783791,0.71498316526413,-2.1544873714447,3.04385828971863,-1.48866295814514,K,4
OUTPUT,NaN,NaN,NaN,NaN,NaN,NaN

INPUT,0.382083773612976,0.0463730283081532,0.730106115341187,-2.22146677970886,3.0256130695343,-1.41170871257782,K,5
OUTPUT,NaN,NaN,NaN,NaN,NaN,NaN

INPUT,0.392060875892639,0.0484308004379272,0.745229065418243,-2.28985929489136,3.00796508789063,-1.33601784706116,K,6
OUTPUT,NaN,NaN,NaN,NaN,NaN,NaN

INPUT,0.39982083439827,0.0500312894582748,0.756991326808929,-2.34370636940002,2.99471211433411,-1.27768552303314,K,7
OUTPUT,NaN,NaN,NaN,NaN,NaN,NaN

INPUT,0.40536367893219,0.0511744953691959,0.765392959117889,-2.38243103027344,2.98552465438843,-1.23621642589569,K,8
OUTPUT,NaN,NaN,NaN,NaN,NaN,NaN

INPUT,0.408689379692078,0.0518604218959808,0.770433962345123,-2.40575337409973,2.98013138771057,-1.21139550209045,K,9
OUTPUT,NaN,NaN,NaN,NaN,NaN,NaN

INPUT,0.366648942232132,0.0374456830322742,0.716760754585266,-2.48973298072815,3.08700919151306,-1.78187584877014,K,4
OUTPUT,NaN,NaN,NaN,NaN,NaN,NaN

INPUT,0.375613152980804,0.0380583740770817,0.732405424118042,-2.56022667884827,3.07687187194824,-1.70033764839172,K,5
OUTPUT,NaN,NaN,NaN,NaN,NaN,NaN

INPUT,0.384577393531799,0.0386710651218891,0.748050034046173,-2.63222002983093,3.06710648536682,-1.62024998664856,K,6
OUTPUT,NaN,NaN,NaN,NaN,NaN,NaN

INPUT,0.391549557447433,0.0391476005315781,0.76021808385849,-2.68888902664185,3.05980539321899,-1.55859684944153,K,7
OUTPUT,NaN,NaN,NaN,NaN,NaN,NaN

INPUT,0.396529674530029,0.0394879840314388,0.768909573554993,-2.72962999343872,3.05476355552673,-1.51480066776276,K,8
OUTPUT,NaN,NaN,NaN,NaN,NaN,NaN

INPUT,0.399517744779587,0.0396922156214714,0.774124443531036,-2.75416016578674,3.05181217193604,-1.48860001564026,K,9
OUTPUT,NaN,NaN,NaN,NaN,NaN,NaN

INPUT,0.359350442886353,0.0349955298006535,0.724446475505829,0.744109869003296,3.12952160835266,1.51321494579315,K,4
OUTPUT,NaN,NaN,NaN,NaN,NaN,NaN

INPUT,0.365482091903687,0.0350634157657623,0.738008201122284,0.652637660503387,3.12708163261414,1.56017804145813,K,5
OUTPUT,NaN,NaN,NaN,NaN,NaN,NaN

INPUT,0.371613740921021,0.0351313054561615,0.751569926738739,0.567511200904846,3.12470602989197,1.61348927021027,K,6
OUTPUT,NaN,NaN,NaN,NaN,NaN,NaN

INPUT,0.376382768154144,0.0351841077208519,0.762117922306061,0.504059910774231,3.12291145324707,1.6577136516571,K,7
OUTPUT,NaN,NaN,NaN,NaN,NaN,NaN

INPUT,0.379789233207703,0.0352218262851238,0.769652247428894,0.459784686565399,3.12166142463684,1.69035065174103,K,8
OUTPUT,NaN,NaN,NaN,NaN,NaN,NaN

INPUT,0.381833136081696,0.0352444536983967,0.774172782897949,0.433554291725159,3.12092518806458,1.71026802062988,K,9
OUTPUT,NaN,NaN,NaN,NaN,NaN,NaN

INPUT,0.33854153752327,0.0277298595756292,0.741580963134766,0.528705418109894,3.02808499336243,1.44296097755432,K,13
OUTPUT,NaN,NaN,NaN,NaN,NaN,NaN

INPUT,0.340431898832321,0.0270779523998499,0.752555668354034,0.484854131937027,3.01808738708496,1.4863885641098,K,14
OUTPUT,NaN,NaN,NaN,NaN,NaN,NaN

INPUT,0.342322260141373,0.0264260452240705,0.763530433177948,0.441007614135742,3.00832462310791,1.52987420558929,K,15
OUTPUT,NaN,NaN,NaN,NaN,NaN,NaN

INPUT,0.344023615121841,0.025839326903224,0.773407697677612,0.401542574167252,2.99975419044495,1.56905627250671,K,16
OUTPUT,NaN,NaN,NaN,NaN,NaN,NaN

INPUT,0.345346868038177,0.0253829918801785,0.781090021133423,0.370842546224594,2.99323868751526,1.59955859184265,K,17
OUTPUT,NaN,NaN,NaN,NaN,NaN,NaN

INPUT,0.346292048692703,0.0250570382922888,0.78657740354538,0.34891003370285,2.98866939544678,1.62136006355286,K,18
OUTPUT,NaN,NaN,NaN,NaN,NaN,NaN

INPUT,0.346859157085419,0.024861466139555,0.789869785308838,0.335748702287674,2.98596262931824,1.63444638252258,K,19
OUTPUT,NaN,NaN,NaN,NaN,NaN,NaN

INPUT,0.347048193216324,0.024796275421977,0.790967285633087,0.331361293792725,2.98506617546082,1.63880944252014,K,20
OUTPUT,NaN,NaN,NaN,NaN,NaN,NaN

INPUT,0.357723921537399,0.0322418995201588,0.733129680156708,0.600187957286835,3.11962056159973,1.34324264526367,K,12
OUTPUT,NaN,NaN,NaN,NaN,NaN,NaN

INPUT,0.361811369657516,0.0320006683468819,0.744384467601776,0.558697640895844,3.11733889579773,1.37995529174805,K,13
OUTPUT,NaN,NaN,NaN,NaN,NaN,NaN

INPUT,0.365898817777634,0.0317594408988953,0.755639135837555,0.517614424228668,3.11509394645691,1.41707718372345,K,14
OUTPUT,NaN,NaN,NaN,NaN,NaN,NaN

INPUT,0.369986265897751,0.0315182134509087,0.766893863677979,0.476837009191513,3.11288928985596,1.45450711250305,K,15
OUTPUT,NaN,NaN,NaN,NaN,NaN,NaN

INPUT,0.373664975166321,0.0313011072576046,0.777023136615753,0.44034019112587,3.11094260215759,1.48839914798737,K,16
OUTPUT,NaN,NaN,NaN,NaN,NaN,NaN

INPUT,0.376526176929474,0.0311322454363108,0.784901440143585,0.412061303853989,3.10945463180542,1.51486849784851,K,17
OUTPUT,NaN,NaN,NaN,NaN,NaN,NaN

INPUT,0.378569900989532,0.0310116298496723,0.790528833866119,0.391910970211029,3.10840654373169,1.5338249206543,K,18
OUTPUT,NaN,NaN,NaN,NaN,NaN,NaN

INPUT,0.379796147346497,0.0309392623603344,0.793905258178711,0.37983837723732,3.10778379440308,1.54521667957306,K,19
OUTPUT,NaN,NaN,NaN,NaN,NaN,NaN

INPUT,0.380204886198044,0.0309151392430067,0.79503071308136,0.375816911458969,3.107577085495,1.54901659488678,K,20
OUTPUT,NaN,NaN,NaN,NaN,NaN,NaN

INPUT,0.342466473579407,0.0280358865857124,0.739015877246857,0.501937091350555,3.02319717407227,1.46144104003906,K,5
OUTPUT,NaN,NaN,NaN,NaN,NaN,NaN

INPUT,0.345177233219147,0.0272347740828991,0.750606417655945,0.440808683633804,3.00899720191956,1.52546811103821,K,6
OUTPUT,NaN,NaN,NaN,NaN,NaN,NaN

INPUT,0.347285598516464,0.026611689478159,0.759621262550354,0.393029302358627,2.99830794334412,1.57511126995087,K,7
OUTPUT,NaN,NaN,NaN,NaN,NaN,NaN

INPUT,0.348791569471359,0.0261666271835566,0.766060471534729,0.358799040317535,2.99087882041931,1.61051344871521,K,8
OUTPUT,NaN,NaN,NaN,NaN,NaN,NaN

INPUT,0.349695175886154,0.0258995909243822,0.769923985004425,0.338224858045578,2.98650813102722,1.63173723220825,K,9
OUTPUT,NaN,NaN,NaN,NaN,NaN,NaN

INPUT,0.366116493940353,0.0497677735984325,0.720279574394226,-2.05103921890259,3.04025292396545,-1.74577617645264,K,11
OUTPUT,NaN,NaN,NaN,NaN,NaN,NaN

INPUT,0.371672183275223,0.0515601076185703,0.731346368789673,-2.06833291053772,3.02846169471741,-1.72692370414734,K,12
OUTPUT,NaN,NaN,NaN,NaN,NaN,NaN

INPUT,0.377227872610092,0.0533524416387081,0.742413103580475,-2.08576011657715,3.01672434806824,-1.70823287963867,K,13
OUTPUT,NaN,NaN,NaN,NaN,NaN,NaN

INPUT,0.382783532142639,0.0551447756588459,0.753479838371277,-2.10327076911926,3.0050528049469,-1.68967711925507,K,14
OUTPUT,NaN,NaN,NaN,NaN,NaN,NaN

INPUT,0.388339221477509,0.0569371096789837,0.764546632766724,-2.12082743644714,2.99345874786377,-1.67124199867249,K,15
OUTPUT,NaN,NaN,NaN,NaN,NaN,NaN

INPUT,0.393339335918427,0.0585502088069916,0.774506688117981,-2.13664269447327,2.98309993743896,-1.65474772453308,K,16
OUTPUT,NaN,NaN,NaN,NaN,NaN,NaN

INPUT,0.397228300571442,0.05980484187603,0.782253444194794,-2.1489405632019,2.97509813308716,-1.64198124408722,K,17
OUTPUT,NaN,NaN,NaN,NaN,NaN,NaN

INPUT,0.400006145238876,0.0607010088860989,0.787786841392517,-2.15771865844727,2.9694139957428,-1.63289606571198,K,18
OUTPUT,NaN,NaN,NaN,NaN,NaN,NaN

INPUT,0.401672840118408,0.0612387098371983,0.791106820106506,-2.16298174858093,2.96601700782776,-1.62745833396912,K,19
OUTPUT,NaN,NaN,NaN,NaN,NaN,NaN

INPUT,0.40222841501236,0.0614179410040379,0.792213499546051,-2.1647355556488,2.96488690376282,-1.625648021698,K,20
OUTPUT,NaN,NaN,NaN,NaN,NaN,NaN

INPUT,0.364110440015793,0.0321892201900482,0.737291276454926,0.568440437316895,3.11770820617676,1.39255118370056,K,5
OUTPUT,NaN,NaN,NaN,NaN,NaN,NaN

INPUT,0.370132207870483,0.0318204239010811,0.750881671905518,0.49755984544754,3.11396193504333,1.44733679294586,K,6
OUTPUT,NaN,NaN,NaN,NaN,NaN,NaN

INPUT,0.374815821647644,0.0315335802733898,0.761451900005341,0.44378000497818,3.1111216545105,1.49130165576935,K,7
OUTPUT,NaN,NaN,NaN,NaN,NaN,NaN

INPUT,0.378161251544952,0.031328696757555,0.769002139568329,0.405884981155396,3.10913681983948,1.52322697639465,K,8
OUTPUT,NaN,NaN,NaN,NaN,NaN,NaN

INPUT,0.380168497562408,0.0312057640403509,0.773532271385193,0.383315473794937,3.10796451568604,1.54255056381226,K,9
OUTPUT,NaN,NaN,NaN,NaN,NaN,NaN

INPUT,0.375458270311356,0.0507942736148834,0.730051219463348,-2.07780981063843,3.01950263977051,-1.71838247776031,K,5
OUTPUT,NaN,NaN,NaN,NaN,NaN,NaN

INPUT,0.384387224912643,0.0535698793828487,0.745341777801514,-2.10888338088989,2.99965476989746,-1.68469679355621,K,6
OUTPUT,NaN,NaN,NaN,NaN,NaN,NaN

INPUT,0.391331940889359,0.0557286851108074,0.757234394550323,-2.13326382637024,2.9843475818634,-1.65874111652374,K,7
OUTPUT,NaN,NaN,NaN,NaN,NaN,NaN

INPUT,0.396292477846146,0.0572706870734692,0.765729129314423,-2.15073871612549,2.97350215911865,-1.6403181552887,K,8
OUTPUT,NaN,NaN,NaN,NaN,NaN,NaN

INPUT,0.399268805980682,0.0581958889961243,0.770825982093811,-2.16123557090759,2.9670352935791,-1.62930989265442,K,9
OUTPUT,NaN,NaN,NaN,NaN,NaN,NaN

INPUT,0.364379167556763,0.0387409515678883,0.721573948860168,-2.22912859916687,3.09289407730103,-1.53135514259338,K,11
OUTPUT,NaN,NaN,NaN,NaN,NaN,NaN

INPUT,0.369731068611145,0.03923624381423,0.732791483402252,-2.26860547065735,3.08752083778381,-1.4887273311615,K,12
OUTPUT,NaN,NaN,NaN,NaN,NaN,NaN

INPUT,0.375082939863205,0.0397315323352814,0.744009017944336,-2.30837082862854,3.08223843574524,-1.44637632369995,K,13
OUTPUT,NaN,NaN,NaN,NaN,NaN,NaN

INPUT,0.380434811115265,0.0402268208563328,0.75522655248642,-2.3483521938324,3.07705593109131,-1.40422856807709,K,14
OUTPUT,NaN,NaN,NaN,NaN,NaN,NaN

INPUT,0.385786712169647,0.0407221131026745,0.766444087028503,-2.38849997520447,3.07198214530945,-1.36223340034485,K,15
OUTPUT,NaN,NaN,NaN,NaN,NaN,NaN

INPUT,0.390603393316269,0.0411678738892078,0.776539862155914,-2.42474603652954,3.06751585006714,-1.32453882694244,K,16
OUTPUT,NaN,NaN,NaN,NaN,NaN,NaN

INPUT,0.394349724054337,0.0415145754814148,0.784392118453979,-2.45299863815308,3.06411147117615,-1.29527366161346,K,17
OUTPUT,NaN,NaN,NaN,NaN,NaN,NaN

INPUT,0.397025644779205,0.0417622216045856,0.790000855922699,-2.47320771217346,3.06171894073486,-1.27439403533936,K,18
OUTPUT,NaN,NaN,NaN,NaN,NaN,NaN

INPUT,0.39863121509552,0.0419108085334301,0.793366134166718,-2.48534345626831,3.06029939651489,-1.26187455654144,K,19
OUTPUT,NaN,NaN,NaN,NaN,NaN,NaN

INPUT,0.399166405200958,0.0419603362679482,0.79448789358139,-2.48939037322998,3.05982899665833,-1.25770282745361,K,20
OUTPUT,NaN,NaN,NaN,NaN,NaN,NaN

INPUT,0.377839624881744,0.0341137088835239,0.721240997314453,-2.6517448425293,3.04808473587036,-1.69459104537964,K,11
OUTPUT,NaN,NaN,NaN,NaN,NaN,NaN

INPUT,0.384774953126907,0.0340646468102932,0.732419490814209,-2.70754957199097,3.03819251060486,-1.6376256942749,K,12
OUTPUT,NaN,NaN,NaN,NaN,NaN,NaN

INPUT,0.39171028137207,0.0340155847370625,0.743597984313965,-2.76348257064819,3.02862882614136,-1.58073174953461,K,13
OUTPUT,NaN,NaN,NaN,NaN,NaN,NaN

INPUT,0.398645609617233,0.0339665226638317,0.754776418209076,-2.81951928138733,3.01942372322083,-1.52388179302216,K,14
OUTPUT,NaN,NaN,NaN,NaN,NaN,NaN

INPUT,0.405580937862396,0.033917460590601,0.765954852104187,-2.87564301490784,3.01060700416565,-1.46705651283264,K,15
OUTPUT,NaN,NaN,NaN,NaN,NaN,NaN

INPUT,0.411822736263275,0.0338733047246933,0.776015520095825,-2.92621898651123,3.00302743911743,-1.41592371463776,K,16
OUTPUT,NaN,NaN,NaN,NaN,NaN,NaN

INPUT,0.416677474975586,0.0338389612734318,0.783840417861938,-2.96559357643127,2.9973783493042,-1.37615561485291,K,17
OUTPUT,NaN,NaN,NaN,NaN,NaN,NaN

INPUT,0.420145153999329,0.0338144302368164,0.789429664611816,-2.99373698234558,2.99348044395447,-1.34774911403656,K,18
OUTPUT,NaN,NaN,NaN,NaN,NaN,NaN

INPUT,0.422225743532181,0.0337997116148472,0.792783200740814,-3.01063013076782,2.99119830131531,-1.33070468902588,K,19
OUTPUT,NaN,NaN,NaN,NaN,NaN,NaN

INPUT,0.422919273376465,0.0337948054075241,0.793901026248932,-3.01626229286194,2.99044704437256,-1.3250230550766,K,20
OUTPUT,NaN,NaN,NaN,NaN,NaN,NaN

INPUT,0.359228432178497,0.0332711599767208,0.733713269233704,-2.40272831916809,3.1405086517334,-1.90748202800751,K,12
OUTPUT,NaN,NaN,NaN,NaN,NaN,NaN

INPUT,0.363475114107132,0.0331386402249336,0.7450270652771,-2.38248753547668,3.14048218727112,-1.83513176441193,K,13
OUTPUT,NaN,NaN,NaN,NaN,NaN,NaN

INPUT,0.367721736431122,0.0330061167478561,0.75634092092514,-2.36444783210754,3.14045453071594,-1.7649827003479,K,14
OUTPUT,NaN,NaN,NaN,NaN,NaN,NaN

INPUT,0.371968418359756,0.032873596996069,0.767654716968536,-2.34855985641479,3.14042544364929,-1.69698524475098,K,15
OUTPUT,NaN,NaN,NaN,NaN,NaN,NaN

INPUT,0.375790387392044,0.0327543281018734,0.777837216854095,-2.33604335784912,3.1403980255127,-1.63757038116455,K,16
OUTPUT,NaN,NaN,NaN,NaN,NaN,NaN

INPUT,0.378763049840927,0.0326615609228611,0.785756886005402,-2.32743573188782,3.140376329422,-1.59248614311218,K,17
OUTPUT,NaN,NaN,NaN,NaN,NaN,NaN

INPUT,0.380886375904083,0.0325952991843224,0.7914137840271,-2.32187223434448,3.14036059379578,-1.56086802482605,K,18
OUTPUT,NaN,NaN,NaN,NaN,NaN,NaN

INPUT,0.382160365581512,0.0325555428862572,0.794807910919189,-2.31876254081726,3.14035105705261,-1.54212546348572,K,19
OUTPUT,NaN,NaN,NaN,NaN,NaN,NaN

INPUT,0.382585048675537,0.0325422920286655,0.795939326286316,-2.31776332855225,3.1403477191925,-1.53591537475586,K,20
OUTPUT,NaN,NaN,NaN,NaN,NaN,NaN

INPUT,0.36918643116951,0.0369752831757069,0.721757888793945,-2.39396619796753,3.08386182785034,-1.79580128192902,K,11
OUTPUT,NaN,NaN,NaN,NaN,NaN,NaN

INPUT,0.375103831291199,0.0372627638280392,0.732997238636017,-2.42812490463257,3.07740592956543,-1.75956583023071,K,12
OUTPUT,NaN,NaN,NaN,NaN,NaN,NaN

INPUT,0.38102126121521,0.0375502407550812,0.744236588478088,-2.46247959136963,3.07102942466736,-1.7235119342804,K,13
OUTPUT,NaN,NaN,NaN,NaN,NaN,NaN

INPUT,0.386938661336899,0.0378377214074135,0.75547593832016,-2.49698185920715,3.06474018096924,-1.6875901222229,K,14
OUTPUT,NaN,NaN,NaN,NaN,NaN,NaN

INPUT,0.39285609126091,0.0381252020597458,0.766715288162231,-2.53159952163696,3.05854606628418,-1.65176630020142,K,15
OUTPUT,NaN,NaN,NaN,NaN,NaN,NaN

INPUT,0.398181766271591,0.0383839309215546,0.776830673217773,-2.56283473968506,3.05305933952332,-1.619588971138,K,16
OUTPUT,NaN,NaN,NaN,NaN,NaN,NaN

INPUT,0.402323961257935,0.0385851673781872,0.784698247909546,-2.58717203140259,3.04885292053223,-1.59459507465363,K,17
OUTPUT,NaN,NaN,NaN,NaN,NaN,NaN

INPUT,0.40528267621994,0.0387289077043533,0.790317893028259,-2.60457634925842,3.04588270187378,-1.57675695419312,K,18
OUTPUT,NaN,NaN,NaN,NaN,NaN,NaN

INPUT,0.407057881355286,0.038815151900053,0.793689727783203,-2.61502647399902,3.04411482810974,-1.56605911254883,K,19
OUTPUT,NaN,NaN,NaN,NaN,NaN,NaN

INPUT,0.407649636268616,0.0388438999652863,0.794813632965088,-2.61851096153259,3.04352784156799,-1.56249403953552,K,20
OUTPUT,NaN,NaN,NaN,NaN,NaN,NaN

INPUT,0.349311470985413,0.0284488201141357,0.732956528663635,0.897477328777313,3.07514500617981,1.55526530742645,K,12
OUTPUT,NaN,NaN,NaN,NaN,NaN,NaN

INPUT,0.35251322388649,0.0278084110468626,0.744192898273468,0.861764013767242,3.06837010383606,1.58883106708527,K,13
OUTPUT,NaN,NaN,NaN,NaN,NaN,NaN

INPUT,0.355714976787567,0.0271680019795895,0.755429267883301,0.826223015785217,3.061683177948,1.62258613109589,K,14
OUTPUT,NaN,NaN,NaN,NaN,NaN,NaN

INPUT,0.358916729688644,0.0265275947749615,0.766665637493134,0.790809869766235,3.05509185791016,1.6564873456955,K,15
OUTPUT,NaN,NaN,NaN,NaN,NaN,NaN

INPUT,0.361798316240311,0.0259512271732092,0.776778340339661,0.759021043777466,3.0492479801178,1.68709850311279,K,16
OUTPUT,NaN,NaN,NaN,NaN,NaN,NaN

INPUT,0.364039540290833,0.0255029406398535,0.784643828868866,0.734339594841003,3.04476475715637,1.71096158027649,K,17
OUTPUT,NaN,NaN,NaN,NaN,NaN,NaN

INPUT,0.365640431642532,0.0251827370375395,0.79026198387146,0.716729044914246,3.04159712791443,1.72803223133087,K,18
OUTPUT,NaN,NaN,NaN,NaN,NaN,NaN

INPUT,0.366600960493088,0.0249906145036221,0.793632864952087,0.706169426441193,3.03971076011658,1.73828399181366,K,19
OUTPUT,NaN,NaN,NaN,NaN,NaN,NaN

INPUT,0.366921126842499,0.0249265730381012,0.794756531715393,0.702650606632233,3.03908443450928,1.7417026758194,K,20
OUTPUT,NaN,NaN,NaN,NaN,NaN,NaN

INPUT,0.373650312423706,0.0389146208763123,0.731300413608551,-2.30120325088501,3.08326315879822,-1.47539341449738,K,5
OUTPUT,NaN,NaN,NaN,NaN,NaN,NaN

INPUT,0.38236877322197,0.0396541729569435,0.746871948242188,-2.36773228645325,3.07450032234192,-1.3958443403244,K,6
OUTPUT,NaN,NaN,NaN,NaN,NaN,NaN

INPUT,0.389149785041809,0.0402293801307678,0.758983194828033,-2.42054343223572,3.06792831420898,-1.33501088619232,K,7
OUTPUT,NaN,NaN,NaN,NaN,NaN,NaN

INPUT,0.393993347883224,0.0406402423977852,0.767634034156799,-2.4586808681488,3.06337761878967,-1.29195666313171,K,8
OUTPUT,NaN,NaN,NaN,NaN,NaN,NaN

INPUT,0.396899491548538,0.0408867597579956,0.772824585437775,-2.48169803619385,3.06070828437805,-1.26625216007233,K,9
OUTPUT,NaN,NaN,NaN,NaN,NaN,NaN

INPUT,0.378544360399246,0.03373097255826,0.717370569705963,-2.64589095115662,3.04811573028564,-1.71376824378967,K,4
OUTPUT,NaN,NaN,NaN,NaN,NaN,NaN

INPUT,0.38949978351593,0.0336482226848602,0.732394874095917,-2.74282884597778,3.0311803817749,-1.61002385616302,K,5
OUTPUT,NaN,NaN,NaN,NaN,NaN,NaN

INPUT,0.400455176830292,0.0335654765367508,0.74741917848587,-2.840740442276,3.01535367965698,-1.50707113742828,K,6
OUTPUT,NaN,NaN,NaN,NaN,NaN,NaN

INPUT,0.408976048231125,0.0335011184215546,0.75910472869873,-2.9173469543457,3.00391364097595,-1.42731702327728,K,7
OUTPUT,NaN,NaN,NaN,NaN,NaN,NaN

INPUT,0.41506239771843,0.0334551483392715,0.767451584339142,-2.97224926948547,2.99625205993652,-1.3704606294632,K,8
OUTPUT,NaN,NaN,NaN,NaN,NaN,NaN

INPUT,0.418714195489883,0.0334275662899017,0.77245968580246,-3.00525212287903,2.99187064170837,-1.33637917041779,K,9
OUTPUT,NaN,NaN,NaN,NaN,NaN,NaN

INPUT,0.369730830192566,0.0364373996853828,0.71638560295105,-2.39251184463501,3.08340096473694,-1.8100426197052,K,4
OUTPUT,NaN,NaN,NaN,NaN,NaN,NaN

INPUT,0.379319131374359,0.0368154793977737,0.731877267360687,-2.45107340812683,3.07243633270264,-1.74332308769226,K,5
OUTPUT,NaN,NaN,NaN,NaN,NaN,NaN

INPUT,0.388907432556152,0.0371935553848743,0.747368931770325,-2.51076436042786,3.06174182891846,-1.67768609523773,K,6
OUTPUT,NaN,NaN,NaN,NaN,NaN,NaN

INPUT,0.396364986896515,0.037487618625164,0.759418070316315,-2.55770230293274,3.05363798141479,-1.6271106004715,K,7
OUTPUT,NaN,NaN,NaN,NaN,NaN,NaN

INPUT,0.401691824197769,0.0376976616680622,0.768024563789368,-2.5914306640625,3.04797601699829,-1.59116542339325,K,8
OUTPUT,NaN,NaN,NaN,NaN,NaN,NaN

INPUT,0.404887914657593,0.0378236882388592,0.773188412189484,-2.61173367500305,3.04463291168213,-1.56965553760529,K,9
OUTPUT,NaN,NaN,NaN,NaN,NaN,NaN

INPUT,0.359632968902588,0.0333799161016941,0.724872887134552,-2.6472532749176,3.13959002494812,-2.18229413032532,K,4
OUTPUT,NaN,NaN,NaN,NaN,NaN,NaN

INPUT,0.36570405960083,0.0331533551216125,0.738390445709229,-2.60151076316833,3.13981890678406,-2.05242609977722,K,5
OUTPUT,NaN,NaN,NaN,NaN,NaN,NaN

INPUT,0.37177512049675,0.0329267978668213,0.75190806388855,-2.53071117401123,3.14003348350525,-1.89750099182129,K,6
OUTPUT,NaN,NaN,NaN,NaN,NaN,NaN

INPUT,0.376497060060501,0.0327505841851234,0.762421727180481,-2.45310115814209,3.14018440246582,-1.75464999675751,K,7
OUTPUT,NaN,NaN,NaN,NaN,NaN,NaN

INPUT,0.379869878292084,0.0326247178018093,0.769931554794312,-2.38319063186646,3.14028024673462,-1.63832485675812,K,8
OUTPUT,NaN,NaN,NaN,NaN,NaN,NaN

INPUT,0.381893545389175,0.0325491949915886,0.774437367916107,-2.33492946624756,3.14033174514771,-1.56231284141541,K,9
OUTPUT,NaN,NaN,NaN,NaN,NaN,NaN

INPUT,0.354918599128723,0.0286079291254282,0.736462354660034,0.864093482494354,3.06778264045715,1.59445357322693,K,5
OUTPUT,NaN,NaN,NaN,NaN,NaN,NaN

INPUT,0.359801769256592,0.0277587715536356,0.750286042690277,0.805028438568115,3.05713987350464,1.64725208282471,K,6
OUTPUT,NaN,NaN,NaN,NaN,NaN,NaN

INPUT,0.36359977722168,0.0270983166992664,0.761037826538086,0.759798586368561,3.04908418655396,1.68861186504364,K,7
OUTPUT,NaN,NaN,NaN,NaN,NaN,NaN

INPUT,0.366312652826309,0.0266265626996756,0.768717646598816,0.727901458740234,3.04347467422485,1.71814596652985,K,8
OUTPUT,NaN,NaN,NaN,NaN,NaN,NaN

INPUT,0.367940366268158,0.026343509554863,0.773325562477112,0.708940148353577,3.04017353057861,1.73582196235657,K,9
OUTPUT,NaN,NaN,NaN,NaN,NaN,NaN

INPUT,0.362162679433823,0.0358265154063702,0.7216796875,-2.22809767723083,3.10909032821655,-1.62413287162781,K,11
OUTPUT,NaN,NaN,NaN,NaN,NaN,NaN

INPUT,0.367253929376602,0.0359787791967392,0.732909798622131,-2.26135158538818,3.10548710823059,-1.58634102344513,K,12
OUTPUT,NaN,NaN,NaN,NaN,NaN,NaN

INPUT,0.372345179319382,0.0361310467123985,0.744139969348907,-2.29501748085022,3.10192966461182,-1.54895639419556,K,13
OUTPUT,NaN,NaN,NaN,NaN,NaN,NaN

INPUT,0.377436429262161,0.0362833142280579,0.755370080471039,-2.32898998260498,3.0984218120575,-1.51187360286713,K,14
OUTPUT,NaN,NaN,NaN,NaN,NaN,NaN

INPUT,0.382527649402618,0.0364355817437172,0.766600251197815,-2.36319732666016,3.09496855735779,-1.47502028942108,K,15
OUTPUT,NaN,NaN,NaN,NaN,NaN,NaN

INPUT,0.387109786272049,0.0365726202726364,0.776707351207733,-2.39414238929749,3.09191083908081,-1.44200587272644,K,16
OUTPUT,NaN,NaN,NaN,NaN,NaN,NaN

INPUT,0.390673667192459,0.036679208278656,0.78456848859787,-2.41829609870911,3.08956742286682,-1.41640973091125,K,17
OUTPUT,NaN,NaN,NaN,NaN,NaN,NaN

INPUT,0.393219292163849,0.0367553420364857,0.790183544158936,-2.43558788299561,3.08791303634644,-1.39816439151764,K,18
OUTPUT,NaN,NaN,NaN,NaN,NaN,NaN

INPUT,0.394746661186218,0.0368010215461254,0.793552577495575,-2.44597697257996,3.08692860603333,-1.38723039627075,K,19
OUTPUT,NaN,NaN,NaN,NaN,NaN,NaN

INPUT,0.395255774259567,0.0368162468075752,0.794675588607788,-2.4494423866272,3.08660173416138,-1.38358783721924,K,20
OUTPUT,NaN,NaN,NaN,NaN,NaN,NaN

INPUT,0.358554124832153,0.0377141088247299,0.722342550754547,-2.25206518173218,3.11457395553589,-1.72526252269745,K,11
OUTPUT,NaN,NaN,NaN,NaN,NaN,NaN

INPUT,0.36322095990181,0.0380883887410164,0.733650624752045,-2.28051090240479,3.11156964302063,-1.69174599647522,K,12
OUTPUT,NaN,NaN,NaN,NaN,NaN,NaN

INPUT,0.367887794971466,0.0384626686573029,0.744958698749542,-2.3094174861908,3.10859394073486,-1.65868747234344,K,13
OUTPUT,NaN,NaN,NaN,NaN,NaN,NaN

INPUT,0.3725546002388,0.0388369522988796,0.75626677274704,-2.33866739273071,3.10564970970154,-1.62596952915192,K,14
OUTPUT,NaN,NaN,NaN,NaN,NaN,NaN

INPUT,0.377221435308456,0.0392112322151661,0.767574846744537,-2.36818027496338,3.1027398109436,-1.59351098537445,K,15
OUTPUT,NaN,NaN,NaN,NaN,NaN,NaN

INPUT,0.381421595811844,0.0395480841398239,0.777752101421356,-2.3949191570282,3.10015273094177,-1.5644725561142,K,16
OUTPUT,NaN,NaN,NaN,NaN,NaN,NaN

INPUT,0.384688377380371,0.0398100800812244,0.785667717456818,-2.41581106185913,3.09816288948059,-1.54198038578033,K,17
OUTPUT,NaN,NaN,NaN,NaN,NaN,NaN

INPUT,0.387021780014038,0.0399972200393677,0.791321754455566,-2.43077778816223,3.0967538356781,-1.52595734596252,K,18
OUTPUT,NaN,NaN,NaN,NaN,NaN,NaN

INPUT,0.388421833515167,0.0401095040142536,0.794714152812958,-2.43977379798889,3.09591341018677,-1.51635885238647,K,19
OUTPUT,NaN,NaN,NaN,NaN,NaN,NaN

INPUT,0.388888508081436,0.0401469320058823,0.795844972133636,-2.44277477264404,3.09563422203064,-1.51316165924072,K,20
OUTPUT,NaN,NaN,NaN,NaN,NaN,NaN

INPUT,0.366913318634033,0.0387443639338017,0.722213983535767,-2.4912850856781,3.10086059570313,-1.92402803897858,K,11
OUTPUT,NaN,NaN,NaN,NaN,NaN,NaN

INPUT,0.372563451528549,0.039240013808012,0.733506917953491,-2.52343153953552,3.09632301330566,-1.88944089412689,K,12
OUTPUT,NaN,NaN,NaN,NaN,NaN,NaN

INPUT,0.378213584423065,0.0397356599569321,0.744799852371216,-2.55580258369446,3.09183573722839,-1.85507166385651,K,13
OUTPUT,NaN,NaN,NaN,NaN,NaN,NaN

INPUT,0.383863687515259,0.0402313098311424,0.756092727184296,-2.58834195137024,3.08740377426147,-1.82086300849915,K,14
OUTPUT,NaN,NaN,NaN,NaN,NaN,NaN

INPUT,0.389513820409775,0.0407269597053528,0.76738566160202,-2.62101078033447,3.08303213119507,-1.78677594661713,K,15
OUTPUT,NaN,NaN,NaN,NaN,NaN,NaN

INPUT,0.394598931074142,0.0411730445921421,0.777549266815186,-2.65050053596497,3.07915329933167,-1.75617814064026,K,16
OUTPUT,NaN,NaN,NaN,NaN,NaN,NaN

INPUT,0.398554027080536,0.0415199957787991,0.785454332828522,-2.67348456382751,3.07617521286011,-1.73242259025574,K,17
OUTPUT,NaN,NaN,NaN,NaN,NaN,NaN

INPUT,0.401379078626633,0.0417678207159042,0.791100800037384,-2.68992400169373,3.07406949996948,-1.71547377109528,K,18
OUTPUT,NaN,NaN,NaN,NaN,NaN,NaN

INPUT,0.403074115514755,0.0419165156781673,0.794488668441772,-2.69979572296143,3.07281517982483,-1.70531117916107,K,19
OUTPUT,NaN,NaN,NaN,NaN,NaN,NaN

INPUT,0.403639137744904,0.0419660806655884,0.795617938041687,-2.70308756828308,3.07239866256714,-1.7019248008728,K,20
OUTPUT,NaN,NaN,NaN,NaN,NaN,NaN

INPUT,0.363851696252823,0.0369463451206684,0.722354710102081,-2.49587535858154,3.10850811004639,-1.88226139545441,K,11
OUTPUT,NaN,NaN,NaN,NaN,NaN,NaN

INPUT,0.369142085313797,0.0372306145727634,0.733663141727448,-2.53049206733704,3.1048595905304,-1.84469735622406,K,12
OUTPUT,NaN,NaN,NaN,NaN,NaN,NaN

INPUT,0.374432474374771,0.0375148840248585,0.744971573352814,-2.5653760433197,3.10125851631165,-1.8073958158493,K,13
OUTPUT,NaN,NaN,NaN,NaN,NaN,NaN

INPUT,0.379722833633423,0.0377991572022438,0.756279945373535,-2.60045957565308,3.09771013259888,-1.77028858661652,K,14
OUTPUT,NaN,NaN,NaN,NaN,NaN,NaN

INPUT,0.385013192892075,0.0380834266543388,0.767588376998901,-2.63569617271423,3.09421896934509,-1.73332905769348,K,15
OUTPUT,NaN,NaN,NaN,NaN,NaN,NaN

INPUT,0.389774531126022,0.0383392684161663,0.777765989303589,-2.66751265525818,3.09112954139709,-1.70016384124756,K,16
OUTPUT,NaN,NaN,NaN,NaN,NaN,NaN

INPUT,0.39347779750824,0.0385382585227489,0.785681903362274,-2.69231462478638,3.08876299858093,-1.67442107200623,K,17
OUTPUT,NaN,NaN,NaN,NaN,NaN,NaN

INPUT,0.396122992038727,0.0386803932487965,0.791336119174957,-2.71005606651306,3.08709335327148,-1.65605735778809,K,18
OUTPUT,NaN,NaN,NaN,NaN,NaN,NaN

INPUT,0.397710084915161,0.0387656725943089,0.794728636741638,-2.72071051597595,3.08610010147095,-1.64504766464233,K,19
OUTPUT,NaN,NaN,NaN,NaN,NaN,NaN

INPUT,0.398239135742188,0.0387941002845764,0.795859456062317,-2.72426342964172,3.08577036857605,-1.64137899875641,K,20
OUTPUT,NaN,NaN,NaN,NaN,NaN,NaN

INPUT,0.360908418893814,0.031627893447876,0.733841240406036,0.848388969898224,3.1261932849884,1.38583874702454,K,12
OUTPUT,NaN,NaN,NaN,NaN,NaN,NaN

INPUT,0.365332067012787,0.0313223451375961,0.745168447494507,0.81646716594696,3.12453889846802,1.41047167778015,K,13
OUTPUT,NaN,NaN,NaN,NaN,NaN,NaN

INPUT,0.36975571513176,0.0310167949646711,0.756495654582977,0.785187423229218,3.12289810180664,1.43574738502502,K,14
OUTPUT,NaN,NaN,NaN,NaN,NaN,NaN

INPUT,0.374179363250732,0.0307112466543913,0.767822921276093,0.754389941692352,3.12127184867859,1.46150612831116,K,15
OUTPUT,NaN,NaN,NaN,NaN,NaN,NaN

INPUT,0.378160625696182,0.0304362513124943,0.778017401695251,0.726991951465607,3.11982202529907,1.48500978946686,K,16
OUTPUT,NaN,NaN,NaN,NaN,NaN,NaN

INPUT,0.381257176399231,0.0302223674952984,0.785946488380432,0.705852091312408,3.11870408058167,1.50346052646637,K,17
OUTPUT,NaN,NaN,NaN,NaN,NaN,NaN

INPUT,0.383469015359879,0.0300695914775133,0.791610062122345,0.690829455852509,3.11791110038757,1.51671707630157,K,18
OUTPUT,NaN,NaN,NaN,NaN,NaN,NaN

INPUT,0.384796112775803,0.0299779269844294,0.79500824213028,0.68184357881546,3.11743760108948,1.52469909191132,K,19
OUTPUT,NaN,NaN,NaN,NaN,NaN,NaN

INPUT,0.385238468647003,0.0299473721534014,0.796140968799591,0.678852677345276,3.11728000640869,1.52736401557922,K,20
OUTPUT,NaN,NaN,NaN,NaN,NaN,NaN

INPUT,0.377528369426727,0.0494040995836258,0.718375861644745,-2.30150771141052,2.99919247627258,-1.86618006229401,K,11
OUTPUT,NaN,NaN,NaN,NaN,NaN,NaN

INPUT,0.384427726268768,0.0511539690196514,0.729216158390045,-2.32680249214172,2.98284506797791,-1.84008049964905,K,12
OUTPUT,NaN,NaN,NaN,NaN,NaN,NaN

INPUT,0.391327112913132,0.0529038421809673,0.74005651473999,-2.35220551490784,2.96660208702087,-1.81402266025543,K,13
OUTPUT,NaN,NaN,NaN,NaN,NaN,NaN

INPUT,0.398226469755173,0.0546537078917027,0.750896871089935,-2.3777003288269,2.95047473907471,-1.78798341751099,K,14
OUTPUT,NaN,NaN,NaN,NaN,NaN,NaN

INPUT,0.405125826597214,0.0564035773277283,0.761737167835236,-2.4032769203186,2.93447351455688,-1.76194667816162,K,15
OUTPUT,NaN,NaN,NaN,NaN,NaN,NaN

INPUT,0.41133525967598,0.0579784624278545,0.771493494510651,-2.42636060714722,2.92018938064575,-1.73850536346436,K,16
OUTPUT,NaN,NaN,NaN,NaN,NaN,NaN

INPUT,0.416164815425873,0.0592033714056015,0.779081702232361,-2.44435501098633,2.90916132926941,-1.72026288509369,K,17
OUTPUT,NaN,NaN,NaN,NaN,NaN,NaN

INPUT,0.419614493846893,0.0600783042609692,0.784501910209656,-2.45722913742065,2.90133023262024,-1.70722532272339,K,18
OUTPUT,NaN,NaN,NaN,NaN,NaN,NaN

INPUT,0.421684294939041,0.0606032647192478,0.787753999233246,-2.46496200561523,2.89665079116821,-1.69939947128296,K,19
OUTPUT,NaN,NaN,NaN,NaN,NaN,NaN

INPUT,0.422374248504639,0.0607782527804375,0.788838028907776,-2.46754097938538,2.89509415626526,-1.69679021835327,K,20
OUTPUT,NaN,NaN,NaN,NaN,NaN,NaN

INPUT,0.372530698776245,0.0341494977474213,0.720128118991852,-2.65526986122131,3.04893469810486,-1.67815291881561,K,11
OUTPUT,NaN,NaN,NaN,NaN,NaN,NaN

INPUT,0.378841459751129,0.0341046079993248,0.731175661087036,-2.71223568916321,3.03917574882507,-1.61999917030334,K,12
OUTPUT,NaN,NaN,NaN,NaN,NaN,NaN

INPUT,0.385152220726013,0.034059714525938,0.74222320318222,-2.76933145523071,3.02975583076477,-1.56191897392273,K,13
OUTPUT,NaN,NaN,NaN,NaN,NaN,NaN

INPUT,0.391462951898575,0.0340148247778416,0.753270745277405,-2.82653188705444,3.02070593833923,-1.50388419628143,K,14
OUTPUT,NaN,NaN,NaN,NaN,NaN,NaN

INPUT,0.397773712873459,0.0339699313044548,0.764318287372589,-2.88382029533386,3.01205658912659,-1.44587552547455,K,15
OUTPUT,NaN,NaN,NaN,NaN,NaN,NaN

INPUT,0.403453409671783,0.033929530531168,0.774261057376862,-2.93544483184814,3.00463843345642,-1.39367866516113,K,16
OUTPUT,NaN,NaN,NaN,NaN,NaN,NaN

INPUT,0.407870948314667,0.0338981039822102,0.781994342803955,-2.97563505172729,2.99912214279175,-1.35308337211609,K,17
OUTPUT,NaN,NaN,NaN,NaN,NaN,NaN

INPUT,0.411026328802109,0.0338756591081619,0.787518084049225,-3.00436115264893,2.99532341957092,-1.32408654689789,K,18
OUTPUT,NaN,NaN,NaN,NaN,NaN,NaN

INPUT,0.412919551134109,0.033862192183733,0.790832340717316,-3.02160382270813,2.99310231208801,-1.30668771266937,K,19
OUTPUT,NaN,NaN,NaN,NaN,NaN,NaN

INPUT,0.413550615310669,0.0338577032089233,0.791937112808228,-3.02735257148743,2.99237155914307,-1.30088818073273,K,20
OUTPUT,NaN,NaN,NaN,NaN,NaN,NaN

INPUT,0.348904579877853,0.0208827443420887,0.743302583694458,0.884218156337738,3.05016565322876,1.56919300556183,K,13
OUTPUT,NaN,NaN,NaN,NaN,NaN,NaN

INPUT,0.351763546466827,0.0195829831063747,0.754452168941498,0.850913107395172,3.04178619384766,1.60120749473572,K,14
OUTPUT,NaN,NaN,NaN,NaN,NaN,NaN

INPUT,0.354622513055801,0.0182832200080156,0.765601813793182,0.817693769931793,3.03351283073425,1.6333349943161,K,15
OUTPUT,NaN,NaN,NaN,NaN,NaN,NaN

INPUT,0.35719558596611,0.0171134322881699,0.775636434555054,0.787850499153137,3.0261652469635,1.66232848167419,K,16
OUTPUT,NaN,NaN,NaN,NaN,NaN,NaN

INPUT,0.359196871519089,0.0162035990506411,0.783441185951233,0.764665901660919,3.02051901817322,1.68492293357849,K,17
OUTPUT,NaN,NaN,NaN,NaN,NaN,NaN

INPUT,0.360626369714737,0.0155537175014615,0.78901594877243,0.748116910457611,3.01652455329895,1.70108270645142,K,18
OUTPUT,NaN,NaN,NaN,NaN,NaN,NaN

INPUT,0.361484050750732,0.0151637895032763,0.792360842227936,0.738191485404968,3.01414370536804,1.71078646183014,K,19
OUTPUT,NaN,NaN,NaN,NaN,NaN,NaN

INPUT,0.361769944429398,0.0150338131934404,0.793475806713104,0.734883487224579,3.01335287094116,1.71402227878571,K,20
OUTPUT,NaN,NaN,NaN,NaN,NaN,NaN

INPUT,0.371174156665802,0.0356611870229244,0.731245875358582,-2.29291558265686,3.1024808883667,-1.57797718048096,K,5
OUTPUT,NaN,NaN,NaN,NaN,NaN,NaN

INPUT,0.379538863897324,0.0358244515955448,0.746891438961029,-2.34770631790161,3.09660172462463,-1.50645315647125,K,6
OUTPUT,NaN,NaN,NaN,NaN,NaN,NaN

INPUT,0.386044770479202,0.0359514392912388,0.759060204029083,-2.39168524742126,3.09214997291565,-1.4521758556366,K,7
OUTPUT,NaN,NaN,NaN,NaN,NaN,NaN

INPUT,0.390691816806793,0.0360421426594257,0.767752170562744,-2.42363023757935,3.08904218673706,-1.41393136978149,K,8
OUTPUT,NaN,NaN,NaN,NaN,NaN,NaN

INPUT,0.393480062484741,0.0360965617001057,0.772967398166656,-2.44297003746033,3.08720803260803,-1.39115488529205,K,9
OUTPUT,NaN,NaN,NaN,NaN,NaN,NaN

INPUT,0.366932362318039,0.0379642248153687,0.731919825077057,-2.31000208854675,3.10897898674011,-1.68635940551758,K,5
OUTPUT,NaN,NaN,NaN,NaN,NaN,NaN

INPUT,0.374583333730698,0.0385372042655945,0.747740507125854,-2.35645389556885,3.10403919219971,-1.62191605567932,K,6
OUTPUT,NaN,NaN,NaN,NaN,NaN,NaN

INPUT,0.380534052848816,0.0389828532934189,0.760045409202576,-2.39386677742004,3.10029315948486,-1.57350587844849,K,7
OUTPUT,NaN,NaN,NaN,NaN,NaN,NaN

INPUT,0.384784609079361,0.0393011718988419,0.768834710121155,-2.42097187042236,3.09768104553223,-1.53972864151001,K,8
OUTPUT,NaN,NaN,NaN,NaN,NaN,NaN

INPUT,0.387334913015366,0.0394921638071537,0.774108231067657,-2.43731808662415,3.09614205360413,-1.51976609230042,K,9
OUTPUT,NaN,NaN,NaN,NaN,NaN,NaN

INPUT,0.36756831407547,0.03836290538311,0.716617107391357,-2.49264216423035,3.10044097900391,-1.93983888626099,K,4
OUTPUT,NaN,NaN,NaN,NaN,NaN,NaN

INPUT,0.376785069704056,0.039161279797554,0.732247710227966,-2.54677629470825,3.09275889396667,-1.87532246112823,K,5
OUTPUT,NaN,NaN,NaN,NaN,NaN,NaN

INPUT,0.386001855134964,0.0399596504867077,0.74787825345993,-2.6023211479187,3.08524751663208,-1.81219458580017,K,6
OUTPUT,NaN,NaN,NaN,NaN,NaN,NaN

INPUT,0.393170446157455,0.0405806042253971,0.760035336017609,-2.64615845680237,3.07954072952271,-1.76371419429779,K,7
OUTPUT,NaN,NaN,NaN,NaN,NaN,NaN

INPUT,0.398290872573853,0.0410241447389126,0.768718957901001,-2.67771911621094,3.0755443572998,-1.72932362556458,K,8
OUTPUT,NaN,NaN,NaN,NaN,NaN,NaN

INPUT,0.401363104581833,0.0412902683019638,0.773929178714752,-2.69673633575439,3.07318067550659,-1.70876610279083,K,9
OUTPUT,NaN,NaN,NaN,NaN,NaN,NaN

INPUT,0.373180359601974,0.0371240489184856,0.732212066650391,-2.55808901786804,3.10190081596375,-1.83162260055542,K,5
OUTPUT,NaN,NaN,NaN,NaN,NaN,NaN

INPUT,0.381834298372269,0.0375624485313892,0.747936308383942,-2.61691665649414,3.09592223167419,-1.76215553283691,K,6
OUTPUT,NaN,NaN,NaN,NaN,NaN,NaN

INPUT,0.388565123081207,0.0379034243524075,0.76016628742218,-2.66354203224182,3.09140014648438,-1.70898425579071,K,7
OUTPUT,NaN,NaN,NaN,NaN,NaN,NaN

INPUT,0.39337283372879,0.0381469763815403,0.768902003765106,-2.69718527793884,3.08824563026428,-1.67133736610413,K,8
OUTPUT,NaN,NaN,NaN,NaN,NaN,NaN

INPUT,0.396257489919662,0.0382931083440781,0.77414345741272,-2.71748161315918,3.08638501167297,-1.64885675907135,K,9
OUTPUT,NaN,NaN,NaN,NaN,NaN,NaN

INPUT,0.377767503261566,0.047342773526907,0.714355230331421,-2.28601598739624,2.99799203872681,-1.86551487445831,K,4
OUTPUT,NaN,NaN,NaN,NaN,NaN,NaN

INPUT,0.388565868139267,0.0500929281115532,0.728937149047852,-2.33483719825745,2.97009420394897,-1.82160103321075,K,5
OUTPUT,NaN,NaN,NaN,NaN,NaN,NaN

INPUT,0.399364233016968,0.0528430826961994,0.743519127368927,-2.38308715820313,2.94256329536438,-1.77689468860626,K,6
OUTPUT,NaN,NaN,NaN,NaN,NaN,NaN

INPUT,0.407762974500656,0.0549820922315121,0.754860639572144,-2.42025566101074,2.92152309417725,-1.74186766147614,K,7
OUTPUT,NaN,NaN,NaN,NaN,NaN,NaN

INPUT,0.41376206278801,0.0565099567174911,0.762961685657501,-2.44659996032715,2.90674495697021,-1.71681392192841,K,8
OUTPUT,NaN,NaN,NaN,NaN,NaN,NaN

INPUT,0.417361527681351,0.0574266761541367,0.767822325229645,-2.46231746673584,2.89799165725708,-1.70179295539856,K,9
OUTPUT,NaN,NaN,NaN,NaN,NaN,NaN

INPUT,0.372782558202744,0.0338286682963371,0.715248465538025,-2.65370845794678,3.04933404922485,-1.70184791088104,K,4
OUTPUT,NaN,NaN,NaN,NaN,NaN,NaN

INPUT,0.382792174816132,0.033746637403965,0.730313062667847,-2.75103831291199,3.03253936767578,-1.59439444541931,K,5
OUTPUT,NaN,NaN,NaN,NaN,NaN,NaN

INPUT,0.392801761627197,0.0336646027863026,0.745377719402313,-2.84977459907532,3.0168833732605,-1.48816657066345,K,6
OUTPUT,NaN,NaN,NaN,NaN,NaN,NaN

INPUT,0.400587022304535,0.0336007997393608,0.75709468126297,-2.92721056938171,3.00560092926025,-1.40605354309082,K,7
OUTPUT,NaN,NaN,NaN,NaN,NaN,NaN

INPUT,0.406147927045822,0.0335552245378494,0.765463948249817,-2.98277616500854,2.99806594848633,-1.34758329391479,K,8
OUTPUT,NaN,NaN,NaN,NaN,NaN,NaN

INPUT,0.409484446048737,0.0335278809070587,0.770485460758209,-3.01619911193848,2.99376654624939,-1.31255602836609,K,9
OUTPUT,NaN,NaN,NaN,NaN,NaN,NaN

INPUT,0.361373841762543,0.0320068188011646,0.725038230419159,0.918480813503265,3.12752604484558,1.4233912229538,K,4
OUTPUT,NaN,NaN,NaN,NaN,NaN,NaN

INPUT,0.36779111623764,0.0315424837172031,0.738566994667053,0.846726298332214,3.12476062774658,1.44289696216583,K,5
OUTPUT,NaN,NaN,NaN,NaN,NaN,NaN

INPUT,0.374208390712738,0.0310781467705965,0.752095758914948,0.782318592071533,3.12202215194702,1.46975183486938,K,6
OUTPUT,NaN,NaN,NaN,NaN,NaN,NaN

INPUT,0.379199594259262,0.030716996639967,0.762618124485016,0.735641837120056,3.11992335319519,1.49381589889526,K,7
OUTPUT,NaN,NaN,NaN,NaN,NaN,NaN

INPUT,0.382764756679535,0.0304590314626694,0.770134091377258,0.703698575496674,3.11844635009766,1.51216530799866,K,8
OUTPUT,NaN,NaN,NaN,NaN,NaN,NaN

INPUT,0.384903848171234,0.0303042531013489,0.77464371919632,0.685009241104126,3.11757016181946,1.52352714538574,K,9
OUTPUT,NaN,NaN,NaN,NaN,NaN,NaN

INPUT,0.35351151227951,0.0213442891836166,0.742061376571655,0.874904870986938,3.04456830024719,1.59468173980713,K,5
OUTPUT,NaN,NaN,NaN,NaN,NaN,NaN

INPUT,0.357167690992355,0.0196899119764566,0.753429710865021,0.823583900928497,3.0330605506897,1.63714206218719,K,6
OUTPUT,NaN,NaN,NaN,NaN,NaN,NaN

INPUT,0.360011398792267,0.0184031743556261,0.762271702289581,0.784385800361633,3.02430438995361,1.67065823078156,K,7
OUTPUT,NaN,NaN,NaN,NaN,NaN,NaN

INPUT,0.362042605876923,0.017484076321125,0.768587470054626,0.756759464740753,3.01817393302917,1.69473254680634,K,8
OUTPUT,NaN,NaN,NaN,NaN,NaN,NaN

INPUT,0.363261342048645,0.0169326178729534,0.772376894950867,0.740333497524261,3.01455092430115,1.70919919013977,K,9
OUTPUT,NaN,NaN,NaN,NaN,NaN,NaN

INPUT,0.359614163637161,0.0346069037914276,0.722386121749878,-2.6513774394989,3.11013627052307,-1.78817200660706,K,11
OUTPUT,NaN,NaN,NaN,NaN,NaN,NaN

INPUT,0.364403486251831,0.0346155762672424,0.733701884746552,-2.70037269592285,3.10682034492493,-1.7356173992157,K,12
OUTPUT,NaN,NaN,NaN,NaN,NaN,NaN

INPUT,0.369192808866501,0.0346242487430573,0.745017647743225,-2.7496771812439,3.10359406471252,-1.68336606025696,K,13
OUTPUT,NaN,NaN,NaN,NaN,NaN,NaN

INPUT,0.373982131481171,0.0346329174935818,0.756333351135254,-2.79921221733093,3.10046553611755,-1.63133955001831,K,14
OUTPUT,NaN,NaN,NaN,NaN,NaN,NaN

INPUT,0.37877145409584,0.0346415899693966,0.767649114131927,-2.84892416000366,3.0974428653717,-1.57948327064514,K,15
OUTPUT,NaN,NaN,NaN,NaN,NaN,NaN

INPUT,0.38308185338974,0.0346493944525719,0.77783328294754,-2.8937840461731,3.09481954574585,-1.53292632102966,K,16
OUTPUT,NaN,NaN,NaN,NaN,NaN,NaN

INPUT,0.386434376239777,0.0346554666757584,0.785754323005676,-2.92873930931091,3.09284663200378,-1.49677538871765,K,17
OUTPUT,NaN,NaN,NaN,NaN,NaN,NaN

INPUT,0.388829052448273,0.0346598029136658,0.791412174701691,-2.95373678207397,3.09147477149963,-1.47098088264465,K,18
OUTPUT,NaN,NaN,NaN,NaN,NaN,NaN

INPUT,0.390265852212906,0.0346624031662941,0.794806897640228,-2.96874570846558,3.09066700935364,-1.4555139541626,K,19
OUTPUT,NaN,NaN,NaN,NaN,NaN,NaN

INPUT,0.390744775533676,0.0346632711589336,0.795938491821289,-2.97375059127808,3.0904004573822,-1.45035970211029,K,20
OUTPUT,NaN,NaN,NaN,NaN,NaN,NaN

INPUT,0.364363104104996,0.0385711751878262,0.721350610256195,-2.38277339935303,3.09838032722473,-1.80881774425507,K,11
OUTPUT,NaN,NaN,NaN,NaN,NaN,NaN

INPUT,0.369712501764297,0.0390461422502995,0.732543647289276,-2.41504096984863,3.09356093406677,-1.77355945110321,K,12
OUTPUT,NaN,NaN,NaN,NaN,NaN,NaN

INPUT,0.375061899423599,0.0395211093127728,0.743736743927002,-2.4475839138031,3.08879613876343,-1.73856866359711,K,13
OUTPUT,NaN,NaN,NaN,NaN,NaN,NaN

INPUT,0.380411267280579,0.039996076375246,0.754929780960083,-2.48033237457275,3.0840916633606,-1.70377516746521,K,14
OUTPUT,NaN,NaN,NaN,NaN,NaN,NaN

INPUT,0.38576066493988,0.0404710434377193,0.766122817993164,-2.51323938369751,3.07945227622986,-1.66913080215454,K,15
OUTPUT,NaN,NaN,NaN,NaN,NaN,NaN

INPUT,0.390575110912323,0.0408985130488873,0.776196599006653,-2.5429630279541,3.07533740997314,-1.63805019855499,K,16
OUTPUT,NaN,NaN,NaN,NaN,NaN,NaN

INPUT,0.39431968331337,0.0412309914827347,0.784031689167023,-2.56613922119141,3.07217907905579,-1.61392867565155,K,17
OUTPUT,NaN,NaN,NaN,NaN,NaN,NaN

INPUT,0.396994382143021,0.0414684750139713,0.789628267288208,-2.58272075653076,3.06994676589966,-1.59672284126282,K,18
OUTPUT,NaN,NaN,NaN,NaN,NaN,NaN

INPUT,0.398599177598953,0.0416109636425972,0.792986154556274,-2.59267950057983,3.06861710548401,-1.58640789985657,K,19
OUTPUT,NaN,NaN,NaN,NaN,NaN,NaN

INPUT,0.399134129285812,0.0416584610939026,0.794105470180511,-2.59600067138672,3.06817555427551,-1.58297073841095,K,20
OUTPUT,NaN,NaN,NaN,NaN,NaN,NaN

INPUT,0.368070602416992,0.0345172062516212,0.732058882713318,-2.74039888381958,3.10419893264771,-1.718181848526,K,5
OUTPUT,NaN,NaN,NaN,NaN,NaN,NaN

INPUT,0.375870048999786,0.0345082432031631,0.74786502122879,-2.82309103012085,3.09891533851624,-1.62046897411346,K,6
OUTPUT,NaN,NaN,NaN,NaN,NaN,NaN

INPUT,0.381936281919479,0.0345012694597244,0.760158598423004,-2.8885600566864,3.09504222869873,-1.54560983181,K,7
OUTPUT,NaN,NaN,NaN,NaN,NaN,NaN

INPUT,0.386269330978394,0.0344962924718857,0.768939733505249,-2.93576979637146,3.09241437911987,-1.49257719516754,K,8
OUTPUT,NaN,NaN,NaN,NaN,NaN,NaN

INPUT,0.388869166374207,0.034493301063776,0.774208426475525,-2.96423935890198,3.09089636802673,-1.46089863777161,K,9
OUTPUT,NaN,NaN,NaN,NaN,NaN,NaN

INPUT,0.364114850759506,0.0409216396510601,0.721901893615723,-2.36551141738892,3.0777530670166,-1.87222361564636,K,11
OUTPUT,NaN,NaN,NaN,NaN,NaN,NaN

INPUT,0.369435966014862,0.0416733808815479,0.73315817117691,-2.39363479614258,3.07051920890808,-1.8422908782959,K,12
OUTPUT,NaN,NaN,NaN,NaN,NaN,NaN

INPUT,0.374757081270218,0.0424251221120358,0.744414389133453,-2.42193222045898,3.06334519386292,-1.81251740455627,K,13
OUTPUT,NaN,NaN,NaN,NaN,NaN,NaN

INPUT,0.380078196525574,0.0431768633425236,0.755670607089996,-2.45036101341248,3.05623722076416,-1.78285920619965,K,14
OUTPUT,NaN,NaN,NaN,NaN,NaN,NaN

INPUT,0.38539931178093,0.0439286045730114,0.766926825046539,-2.47889280319214,3.04920101165771,-1.75328624248505,K,15
OUTPUT,NaN,NaN,NaN,NaN,NaN,NaN

INPUT,0.390188306570053,0.0446051731705666,0.777057468891144,-2.50464248657227,3.04293489456177,-1.7267256975174,K,16
OUTPUT,NaN,NaN,NaN,NaN,NaN,NaN

INPUT,0.393913090229034,0.0451313927769661,0.784936845302582,-2.52470946311951,3.0381076335907,-1.70609569549561,K,17
OUTPUT,NaN,NaN,NaN,NaN,NaN,NaN

INPUT,0.396573632955551,0.04550726339221,0.790564954280853,-2.5390613079071,3.03468561172485,-1.69137239456177,K,18
OUTPUT,NaN,NaN,NaN,NaN,NaN,NaN

INPUT,0.398169964551926,0.0457327887415886,0.793941795825958,-2.54767942428589,3.03264307975769,-1.68254268169403,K,19
OUTPUT,NaN,NaN,NaN,NaN,NaN,NaN

INPUT,0.398702085018158,0.0458079613745213,0.795067429542542,-2.55055332183838,3.03196406364441,-1.67960011959076,K,20
OUTPUT,NaN,NaN,NaN,NaN,NaN,NaN

INPUT,0.373644590377808,0.0388568267226219,0.731017351150513,-2.43982720375061,3.08977198600769,-1.76051127910614,K,5
OUTPUT,NaN,NaN,NaN,NaN,NaN,NaN

INPUT,0.382369369268417,0.0395913533866405,0.746548473834991,-2.49514174461365,3.08179998397827,-1.69571435451508,K,6
OUTPUT,NaN,NaN,NaN,NaN,NaN,NaN

INPUT,0.389155298471451,0.0401626527309418,0.758628249168396,-2.53895831108093,3.07574653625488,-1.64609181880951,K,7
OUTPUT,NaN,NaN,NaN,NaN,NaN,NaN

INPUT,0.39400240778923,0.0405707247555256,0.767256677150726,-2.57056546211243,3.07150936126709,-1.61094546318054,K,8
OUTPUT,NaN,NaN,NaN,NaN,NaN,NaN

INPUT,0.396910667419434,0.040815569460392,0.772433698177338,-2.58963060379028,3.06900429725647,-1.58995378017426,K,9
OUTPUT,NaN,NaN,NaN,NaN,NaN,NaN

INPUT,0.373144507408142,0.0413474179804325,0.73183536529541,-2.41159462928772,3.06502747535706,-1.82813441753387,K,5
OUTPUT,NaN,NaN,NaN,NaN,NaN,NaN

INPUT,0.381691128015518,0.0425142608582973,0.747442126274109,-2.46148586273193,3.05283355712891,-1.77394723892212,K,6
OUTPUT,NaN,NaN,NaN,NaN,NaN,NaN

INPUT,0.388338476419449,0.043421808630228,0.759580731391907,-2.5004985332489,3.04355502128601,-1.73233580589294,K,7
OUTPUT,NaN,NaN,NaN,NaN,NaN,NaN

INPUT,0.393086612224579,0.044070053845644,0.768251180648804,-2.52834296226501,3.03706407546997,-1.70292448997498,K,8
OUTPUT,NaN,NaN,NaN,NaN,NaN,NaN

INPUT,0.395935475826263,0.0444590039551258,0.773453414440155,-2.54500818252563,3.03323101997375,-1.68541324138641,K,9
OUTPUT,NaN,NaN,NaN,NaN,NaN,NaN

INPUT,0.367243677377701,0.040437925606966,0.721518456935883,-2.42866992950439,3.08417248725891,-1.7451171875,K,11
OUTPUT,NaN,NaN,NaN,NaN,NaN,NaN

INPUT,0.3729327917099,0.041132677346468,0.73272967338562,-2.46782755851746,3.07782554626465,-1.7038289308548,K,12
OUTPUT,NaN,NaN,NaN,NaN,NaN,NaN

INPUT,0.378621935844421,0.0418274253606796,0.743940770626068,-2.50718450546265,3.07158136367798,-1.66272401809692,K,13
OUTPUT,NaN,NaN,NaN,NaN,NaN,NaN

INPUT,0.38431105017662,0.0425221771001816,0.755151927471161,-2.54669237136841,3.06545042991638,-1.62175250053406,K,14
OUTPUT,NaN,NaN,NaN,NaN,NaN,NaN

INPUT,0.39000016450882,0.0432169288396835,0.766363084316254,-2.58631753921509,3.05944275856018,-1.58087968826294,K,15
OUTPUT,NaN,NaN,NaN,NaN,NaN,NaN

INPUT,0.39512038230896,0.0438422039151192,0.776453137397766,-2.62206125259399,3.05414915084839,-1.54415822029114,K,16
OUTPUT,NaN,NaN,NaN,NaN,NaN,NaN

INPUT,0.399102777242661,0.0443285293877125,0.784300923347473,-2.64990615844727,3.05011081695557,-1.51563012599945,K,17
OUTPUT,NaN,NaN,NaN,NaN,NaN,NaN

INPUT,0.401947349309921,0.0446759052574635,0.78990650177002,-2.66981649398804,3.04727053642273,-1.49526751041412,K,18
OUTPUT,NaN,NaN,NaN,NaN,NaN,NaN

INPUT,0.40365406870842,0.0448843277990818,0.793269872665405,-2.68177032470703,3.04558444023132,-1.48305511474609,K,19
OUTPUT,NaN,NaN,NaN,NaN,NaN,NaN

INPUT,0.404222995042801,0.0449538044631481,0.794390976428986,-2.68575596809387,3.04502558708191,-1.47898507118225,K,20
OUTPUT,NaN,NaN,NaN,NaN,NaN,NaN

INPUT,0.354813724756241,0.0305905230343342,0.733836889266968,0.658822119235992,3.10492324829102,1.32293009757996,K,12
OUTPUT,NaN,NaN,NaN,NaN,NaN,NaN

INPUT,0.358595907688141,0.0301756504923105,0.745163679122925,0.622578144073486,3.1011426448822,1.35658943653107,K,13
OUTPUT,NaN,NaN,NaN,NaN,NaN,NaN

INPUT,0.362378120422363,0.0297607779502869,0.756490468978882,0.586551308631897,3.09741115570068,1.39047110080719,K,14
OUTPUT,NaN,NaN,NaN,NaN,NaN,NaN

INPUT,0.366160303354263,0.0293459054082632,0.767817258834839,0.550687551498413,3.09373378753662,1.42452156543732,K,15
OUTPUT,NaN,NaN,NaN,NaN,NaN,NaN

INPUT,0.369564294815063,0.0289725195616484,0.778011381626129,0.518518328666687,3.09047412872314,1.45528042316437,K,16
OUTPUT,NaN,NaN,NaN,NaN,NaN,NaN

INPUT,0.372211813926697,0.0286821089684963,0.785940110683441,0.49355486035347,3.08797335624695,1.47926461696625,K,17
OUTPUT,NaN,NaN,NaN,NaN,NaN,NaN

INPUT,0.374102920293808,0.0284746717661619,0.79160350561142,0.475749790668488,3.08620691299438,1.49642407894135,K,18
OUTPUT,NaN,NaN,NaN,NaN,NaN,NaN

INPUT,0.375237584114075,0.0283502098172903,0.795001566410065,0.4650759100914,3.08515501022339,1.5067298412323,K,19
OUTPUT,NaN,NaN,NaN,NaN,NaN,NaN

INPUT,0.375615805387497,0.0283087231218815,0.796134233474731,0.461519420146942,3.084805727005,1.51016664505005,K,20
OUTPUT,NaN,NaN,NaN,NaN,NaN,NaN

INPUT,0.370460629463196,0.045905701816082,0.721109569072723,-2.37548804283142,3.06543922424316,-1.84785449504852,K,11
OUTPUT,NaN,NaN,NaN,NaN,NaN,NaN

INPUT,0.37652787566185,0.0472439043223858,0.732272624969482,-2.40578699111938,3.05682277679443,-1.81603288650513,K,12
OUTPUT,NaN,NaN,NaN,NaN,NaN,NaN

INPUT,0.382595121860504,0.0485821105539799,0.743435621261597,-2.43623685836792,3.04828786849976,-1.78433978557587,K,13
OUTPUT,NaN,NaN,NaN,NaN,NaN,NaN

INPUT,0.388662368059158,0.0499203093349934,0.754598617553711,-2.46680283546448,3.0398428440094,-1.75273811817169,K,14
OUTPUT,NaN,NaN,NaN,NaN,NaN,NaN

INPUT,0.394729614257813,0.0512585155665874,0.76576167345047,-2.49746108055115,3.03149628639221,-1.72120213508606,K,15
OUTPUT,NaN,NaN,NaN,NaN,NaN,NaN

INPUT,0.400190114974976,0.0524628981947899,0.775808393955231,-2.52511858940125,3.02407479286194,-1.69286036491394,K,16
OUTPUT,NaN,NaN,NaN,NaN,NaN,NaN

INPUT,0.404437184333801,0.0533996410667896,0.78362250328064,-2.54666662216187,3.01836585998535,-1.6708368062973,K,17
OUTPUT,NaN,NaN,NaN,NaN,NaN,NaN

INPUT,0.40747082233429,0.0540687404572964,0.789204001426697,-2.5620756149292,3.01432347297668,-1.65511405467987,K,18
OUTPUT,NaN,NaN,NaN,NaN,NaN,NaN

INPUT,0.409290999174118,0.0544702038168907,0.792552888393402,-2.57132768630981,3.01191282272339,-1.64568316936493,K,19
OUTPUT,NaN,NaN,NaN,NaN,NaN,NaN

INPUT,0.409897714853287,0.0546040236949921,0.7936692237854,-2.57441282272339,3.01111173629761,-1.64253997802734,K,20
OUTPUT,NaN,NaN,NaN,NaN,NaN,NaN

INPUT,0.363639444112778,0.0366804860532284,0.722923994064331,-2.06722903251648,3.12536668777466,-1.81463170051575,K,11
OUTPUT,NaN,NaN,NaN,NaN,NaN,NaN

INPUT,0.368904709815979,0.0369334407150745,0.73429948091507,-2.07790017127991,3.12354516983032,-1.79551434516907,K,12
OUTPUT,NaN,NaN,NaN,NaN,NaN,NaN

INPUT,0.37416997551918,0.0371863953769207,0.745675027370453,-2.08933472633362,3.12172913551331,-1.77718639373779,K,13
OUTPUT,NaN,NaN,NaN,NaN,NaN,NaN

INPUT,0.379435241222382,0.0374393537640572,0.757050514221191,-2.10133004188538,3.1199197769165,-1.75945842266083,K,14
OUTPUT,NaN,NaN,NaN,NaN,NaN,NaN

INPUT,0.384700506925583,0.0376923084259033,0.768426060676575,-2.11374449729919,3.11811804771423,-1.74220180511475,K,15
OUTPUT,NaN,NaN,NaN,NaN,NaN,NaN

INPUT,0.389439225196838,0.0379199683666229,0.778663992881775,-2.12519025802612,3.11650419235229,-1.72699892520905,K,16
OUTPUT,NaN,NaN,NaN,NaN,NaN,NaN

INPUT,0.393124938011169,0.0380970351397991,0.786626875400543,-2.13423299789429,3.11525464057922,-1.71535730361938,K,17
OUTPUT,NaN,NaN,NaN,NaN,NaN,NaN

INPUT,0.395757555961609,0.0382235124707222,0.79231458902359,-2.14075374603271,3.11436533927917,-1.70712876319885,K,18
OUTPUT,NaN,NaN,NaN,NaN,NaN,NaN

INPUT,0.397337138652802,0.0382994003593922,0.795727252960205,-2.14468765258789,3.11383295059204,-1.70222401618958,K,19
OUTPUT,NaN,NaN,NaN,NaN,NaN,NaN

INPUT,0.397863656282425,0.0383246950805187,0.796864807605743,-2.14600205421448,3.11365580558777,-1.70059430599213,K,20
OUTPUT,NaN,NaN,NaN,NaN,NaN,NaN

INPUT,0.358193665742874,0.0338278338313103,0.733633160591125,0.843854606151581,3.140460729599,1.35931313037872,K,12
OUTPUT,NaN,NaN,NaN,NaN,NaN,NaN

INPUT,0.362330257892609,0.0337536595761776,0.744940638542175,0.765927672386169,3.14025902748108,1.33562421798706,K,13
OUTPUT,NaN,NaN,NaN,NaN,NaN,NaN

INPUT,0.366466879844666,0.0336794853210449,0.75624817609787,0.701395332813263,3.14005565643311,1.32532978057861,K,14
OUTPUT,NaN,NaN,NaN,NaN,NaN,NaN

INPUT,0.370603501796722,0.0336053110659122,0.76755565404892,0.6456139087677,3.13985204696655,1.32378649711609,K,15
OUTPUT,NaN,NaN,NaN,NaN,NaN,NaN

INPUT,0.374326437711716,0.0335385538637638,0.77773243188858,0.600601196289063,3.13966870307922,1.32758784294128,K,16
OUTPUT,NaN,NaN,NaN,NaN,NaN,NaN

INPUT,0.377222090959549,0.0334866307675838,0.785647690296173,0.568116247653961,3.1395263671875,1.33306956291199,K,17
OUTPUT,NaN,NaN,NaN,NaN,NaN,NaN

INPUT,0.379290372133255,0.0334495417773724,0.791301429271698,0.545996308326721,3.13942503929138,1.33806872367859,K,18
OUTPUT,NaN,NaN,NaN,NaN,NaN,NaN

INPUT,0.380531370639801,0.0334272906184196,0.794693648815155,0.533098042011261,3.13936448097229,1.34144163131714,K,19
OUTPUT,NaN,NaN,NaN,NaN,NaN,NaN

INPUT,0.380945026874542,0.0334198735654354,0.795824408531189,0.528855562210083,3.13934421539307,1.34262311458588,K,20
OUTPUT,NaN,NaN,NaN,NaN,NaN,NaN

INPUT,0.367749392986298,0.0398586615920067,0.716000616550446,-2.42941212654114,3.08382058143616,-1.76354694366455,K,4
OUTPUT,NaN,NaN,NaN,NaN,NaN,NaN

INPUT,0.376945853233337,0.0409826710820198,0.731481552124023,-2.49564552307129,3.07302188873291,-1.6866762638092,K,5
OUTPUT,NaN,NaN,NaN,NaN,NaN,NaN

INPUT,0.386142313480377,0.0421066805720329,0.746962487697601,-2.56333446502686,3.06257247924805,-1.61120915412903,K,6
OUTPUT,NaN,NaN,NaN,NaN,NaN,NaN

INPUT,0.393295079469681,0.0429809130728245,0.759003221988678,-2.61663746833801,3.05472159385681,-1.55312883853912,K,7
OUTPUT,NaN,NaN,NaN,NaN,NaN,NaN

INPUT,0.398404240608215,0.0436053611338139,0.767603754997253,-2.65496778488159,3.04927682876587,-1.51187658309937,K,8
OUTPUT,NaN,NaN,NaN,NaN,NaN,NaN

INPUT,0.401469707489014,0.0439800322055817,0.772764027118683,-2.67804956436157,3.04607939720154,-1.48719990253448,K,9
OUTPUT,NaN,NaN,NaN,NaN,NaN,NaN

INPUT,0.370944917201996,0.0448994562029839,0.716015100479126,-2.3700578212738,3.06508636474609,-1.85760569572449,K,4
OUTPUT,NaN,NaN,NaN,NaN,NaN,NaN

INPUT,0.380674988031387,0.0470982380211353,0.731321454048157,-2.42375016212463,3.05029845237732,-1.79981350898743,K,5
OUTPUT,NaN,NaN,NaN,NaN,NaN,NaN

INPUT,0.390405058860779,0.0492970198392868,0.746627867221832,-2.47804689407349,3.03579330444336,-1.74255132675171,K,6
OUTPUT,NaN,NaN,NaN,NaN,NaN,NaN

INPUT,0.397972881793976,0.0510071851313114,0.758532822132111,-2.52033829689026,3.02479314804077,-1.6984658241272,K,7
OUTPUT,NaN,NaN,NaN,NaN,NaN,NaN

INPUT,0.403378486633301,0.0522287301719189,0.767036378383636,-2.55044412612915,3.01712226867676,-1.66727793216705,K,8
OUTPUT,NaN,NaN,NaN,NaN,NaN,NaN

INPUT,0.406621843576431,0.0529616586863995,0.77213853597641,-2.56843233108521,3.01260328292847,-1.64870548248291,K,9
OUTPUT,NaN,NaN,NaN,NaN,NaN,NaN

INPUT,0.37326118350029,0.0368211790919304,0.732806444168091,-2.10564422607422,3.12177228927612,-1.80690312385559,K,5
OUTPUT,NaN,NaN,NaN,NaN,NaN,NaN

INPUT,0.382008671760559,0.0371936894953251,0.748670279979706,-2.11748051643372,3.11883425712585,-1.76585829257965,K,6
OUTPUT,NaN,NaN,NaN,NaN,NaN,NaN

INPUT,0.388812243938446,0.0374834202229977,0.76100879907608,-2.12903881072998,3.1165599822998,-1.73633277416229,K,7
OUTPUT,NaN,NaN,NaN,NaN,NaN,NaN

INPUT,0.393671959638596,0.0376903712749481,0.769822061061859,-2.13821697235107,3.1149435043335,-1.71621155738831,K,8
OUTPUT,NaN,NaN,NaN,NaN,NaN,NaN

INPUT,0.396587789058685,0.0378145389258862,0.775110006332397,-2.14402270317078,3.1139771938324,-1.70446193218231,K,9
OUTPUT,NaN,NaN,NaN,NaN,NaN,NaN

INPUT,0.360977411270142,0.0305131021887064,0.73787260055542,0.629167377948761,3.1012749671936,1.36597001552582,K,5
OUTPUT,NaN,NaN,NaN,NaN,NaN,NaN

INPUT,0.366613149642944,0.0299015007913113,0.751658380031586,0.56742388010025,3.09517002105713,1.41727638244629,K,6
OUTPUT,NaN,NaN,NaN,NaN,NaN,NaN

INPUT,0.370996475219727,0.0294258091598749,0.762380659580231,0.520495712757111,3.09054660797119,1.45782506465912,K,7
OUTPUT,NaN,NaN,NaN,NaN,NaN,NaN

INPUT,0.374127417802811,0.0290860310196877,0.770039498806,0.487540125846863,3.08732652664185,1.48690962791443,K,8
OUTPUT,NaN,NaN,NaN,NaN,NaN,NaN

INPUT,0.376006007194519,0.0288821626454592,0.774634718894958,0.467995524406433,3.08543109893799,1.50435650348663,K,9
OUTPUT,NaN,NaN,NaN,NaN,NaN,NaN

INPUT,0.358575761318207,0.0339231565594673,0.724608480930328,2.02492380142212,3.14091920852661,2.5088803768158,K,4
OUTPUT,NaN,NaN,NaN,NaN,NaN,NaN

INPUT,0.36450731754303,0.0337959378957748,0.738165616989136,1.24117195606232,3.14072895050049,1.81270563602448,K,5
OUTPUT,NaN,NaN,NaN,NaN,NaN,NaN

INPUT,0.370438873767853,0.0336687229573727,0.751722812652588,0.843411386013031,3.14028286933899,1.50252211093903,K,6
OUTPUT,NaN,NaN,NaN,NaN,NaN,NaN

INPUT,0.37505230307579,0.0335697755217552,0.762267291545868,0.673375308513641,3.13988137245178,1.4003871679306,K,7
OUTPUT,NaN,NaN,NaN,NaN,NaN,NaN

INPUT,0.378347605466843,0.0334991030395031,0.769799053668976,0.586253762245178,3.13958430290222,1.36155664920807,K,8
OUTPUT,NaN,NaN,NaN,NaN,NaN,NaN

INPUT,0.380324810743332,0.0334566943347454,0.774318158626556,0.542396903038025,3.139404296875,1.34656405448914,K,9
OUTPUT,NaN,NaN,NaN,NaN,NaN,NaN

INPUT,0.352131456136703,0.031038461253047,0.733320832252502,0.558187425136566,3.09516596794128,1.39901757240295,K,12
OUTPUT,NaN,NaN,NaN,NaN,NaN,NaN

INPUT,0.355630904436111,0.030670702457428,0.744594156742096,0.512859284877777,3.09052681922913,1.44221353530884,K,13
OUTPUT,NaN,NaN,NaN,NaN,NaN,NaN

INPUT,0.359130382537842,0.030302943661809,0.755867481231689,0.467701882123947,3.08598780632019,1.48559045791626,K,14
OUTPUT,NaN,NaN,NaN,NaN,NaN,NaN

INPUT,0.36262983083725,0.02993518486619,0.767140805721283,0.42267182469368,3.08155751228333,1.52910590171814,K,15
OUTPUT,NaN,NaN,NaN,NaN,NaN,NaN

INPUT,0.365779340267181,0.0296042002737522,0.77728682756424,0.382228583097458,3.07767057418823,1.56836342811584,K,16
OUTPUT,NaN,NaN,NaN,NaN,NaN,NaN

INPUT,0.368228942155838,0.0293467696756124,0.785178184509277,0.350816339254379,3.07471704483032,1.59894752502441,K,17
OUTPUT,NaN,NaN,NaN,NaN,NaN,NaN

INPUT,0.369978666305542,0.0291628912091255,0.790814816951752,0.328398674726486,3.0726466178894,1.62081670761108,K,18
OUTPUT,NaN,NaN,NaN,NaN,NaN,NaN

INPUT,0.371028512716293,0.0290525630116463,0.794196844100952,0.314955145120621,3.07142066955566,1.63394665718079,K,19
OUTPUT,NaN,NaN,NaN,NaN,NaN,NaN

INPUT,0.37137845158577,0.0290157869458199,0.795324146747589,0.310474991798401,3.07101464271545,1.63832461833954,K,20
OUTPUT,NaN,NaN,NaN,NaN,NaN,NaN

INPUT,0.36230731010437,0.0332568883895874,0.721657276153564,-2.59141492843628,3.11934113502502,-1.80506908893585,K,11
OUTPUT,NaN,NaN,NaN,NaN,NaN,NaN

INPUT,0.367415457963943,0.0331069566309452,0.732884764671326,-2.63534712791443,3.1169867515564,-1.7565051317215,K,12
OUTPUT,NaN,NaN,NaN,NaN,NaN,NaN

INPUT,0.372523605823517,0.032957024872303,0.744112253189087,-2.67968130111694,3.11468482017517,-1.70834064483643,K,13
OUTPUT,NaN,NaN,NaN,NaN,NaN,NaN

INPUT,0.37763175368309,0.0328070931136608,0.755339741706848,-2.72431564331055,3.11244058609009,-1.66047358512878,K,14
OUTPUT,NaN,NaN,NaN,NaN,NaN,NaN

INPUT,0.382739901542664,0.0326571613550186,0.766567170619965,-2.7691798210144,3.11025834083557,-1.61283314228058,K,15
OUTPUT,NaN,NaN,NaN,NaN,NaN,NaN

INPUT,0.387337207794189,0.0325222201645374,0.776671946048737,-2.80971264839172,3.1083517074585,-1.57010900974274,K,16
OUTPUT,NaN,NaN,NaN,NaN,NaN,NaN

INPUT,0.390912920236588,0.0324172675609589,0.78453117609024,-2.84132099151611,3.10690808296204,-1.53696048259735,K,17
OUTPUT,NaN,NaN,NaN,NaN,NaN,NaN

INPUT,0.393467009067535,0.0323423035442829,0.790144920349121,-2.86393666267395,3.10589933395386,-1.51332020759583,K,18
OUTPUT,NaN,NaN,NaN,NaN,NaN,NaN

INPUT,0.394999444484711,0.0322973243892193,0.793513119220734,-2.87751984596252,3.10530304908752,-1.49914944171906,K,19
OUTPUT,NaN,NaN,NaN,NaN,NaN,NaN

INPUT,0.395510256290436,0.032282330095768,0.794635891914368,-2.88204979896545,3.10510587692261,-1.49442803859711,K,20
OUTPUT,NaN,NaN,NaN,NaN,NaN,NaN

INPUT,0.347744256258011,0.0279033649712801,0.732053220272064,0.753169119358063,3.08677768707275,1.39200365543365,K,12
OUTPUT,NaN,NaN,NaN,NaN,NaN,NaN

INPUT,0.350782006978989,0.0272058397531509,0.743192315101624,0.718560397624969,3.0811550617218,1.42465770244598,K,13
OUTPUT,NaN,NaN,NaN,NaN,NaN,NaN

INPUT,0.353819787502289,0.0265083126723766,0.754331409931183,0.684111356735229,3.07560062408447,1.45748293399811,K,14
OUTPUT,NaN,NaN,NaN,NaN,NaN,NaN

INPUT,0.356857568025589,0.0258107855916023,0.765470504760742,0.649781584739685,3.07012057304382,1.49043965339661,K,15
OUTPUT,NaN,NaN,NaN,NaN,NaN,NaN

INPUT,0.359591573476791,0.0251830127090216,0.775495707988739,0.61896288394928,3.06525778770447,1.52019000053406,K,16
OUTPUT,NaN,NaN,NaN,NaN,NaN,NaN

INPUT,0.361717998981476,0.0246947444975376,0.783293068408966,0.595033526420593,3.0615234375,1.54337751865387,K,17
OUTPUT,NaN,NaN,NaN,NaN,NaN,NaN

INPUT,0.363236904144287,0.0243459809571505,0.788862645626068,0.577959299087524,3.05888342857361,1.55996251106262,K,18
OUTPUT,NaN,NaN,NaN,NaN,NaN,NaN

INPUT,0.36414822936058,0.0241367220878601,0.7922043800354,0.567721307277679,3.0573103427887,1.56992173194885,K,19
OUTPUT,NaN,NaN,NaN,NaN,NaN,NaN

INPUT,0.364452004432678,0.0240669697523117,0.793318271636963,0.564309597015381,3.05678796768188,1.57324278354645,K,20
OUTPUT,NaN,NaN,NaN,NaN,NaN,NaN

INPUT,0.374526888132095,0.0418350957334042,0.720544695854187,-2.51389408111572,3.02436137199402,-1.7812432050705,K,11
OUTPUT,NaN,NaN,NaN,NaN,NaN,NaN

INPUT,0.381072759628296,0.0426942594349384,0.731641411781311,-2.5566143989563,3.01140475273132,-1.73756325244904,K,12
OUTPUT,NaN,NaN,NaN,NaN,NaN,NaN

INPUT,0.387618660926819,0.043553426861763,0.742738127708435,-2.5994565486908,2.998690366745,-1.69393301010132,K,13
OUTPUT,NaN,NaN,NaN,NaN,NaN,NaN

INPUT,0.394164532423019,0.0444125905632973,0.753834784030914,-2.64240145683289,2.9862425327301,-1.65032780170441,K,14
OUTPUT,NaN,NaN,NaN,NaN,NaN,NaN

INPUT,0.40071040391922,0.0452717579901218,0.764931499958038,-2.6854362487793,2.9740846157074,-1.606729388237,K,15
OUTPUT,NaN,NaN,NaN,NaN,NaN,NaN

INPUT,0.40660172700882,0.0460450053215027,0.774918496608734,-2.72423720359802,2.9634096622467,-1.56748604774475,K,16
OUTPUT,NaN,NaN,NaN,NaN,NaN,NaN

INPUT,0.411183834075928,0.046646423637867,0.782686233520508,-2.7544584274292,2.95529270172119,-1.53695547580719,K,17
OUTPUT,NaN,NaN,NaN,NaN,NaN,NaN

INPUT,0.414456784725189,0.0470760054886341,0.78823459148407,-2.77606678009033,2.94959902763367,-1.51514184474945,K,18
OUTPUT,NaN,NaN,NaN,NaN,NaN,NaN

INPUT,0.416420549154282,0.0473337545990944,0.79156357049942,-2.78904056549072,2.94622611999512,-1.50205075740814,K,19
OUTPUT,NaN,NaN,NaN,NaN,NaN,NaN

INPUT,0.417075127363205,0.0474196709692478,0.792673230171204,-2.79336643218994,2.94510889053345,-1.49768662452698,K,20
OUTPUT,NaN,NaN,NaN,NaN,NaN,NaN

INPUT,0.363869339227676,0.0399569272994995,0.722391188144684,-2.26320362091064,3.10374546051025,-1.82251906394958,K,11
OUTPUT,NaN,NaN,NaN,NaN,NaN,NaN

INPUT,0.369161158800125,0.0405952595174313,0.73370498418808,-2.28744220733643,3.09946918487549,-1.794921875,K,12
OUTPUT,NaN,NaN,NaN,NaN,NaN,NaN

INPUT,0.374453008174896,0.0412335880100727,0.745018780231476,-2.31199169158936,3.09522128105164,-1.76763093471527,K,13
OUTPUT,NaN,NaN,NaN,NaN,NaN,NaN

INPUT,0.379744827747345,0.0418719165027142,0.756332576274872,-2.33677291870117,3.09100413322449,-1.74056696891785,K,14
OUTPUT,NaN,NaN,NaN,NaN,NaN,NaN

INPUT,0.385036647319794,0.0425102449953556,0.767646372318268,-2.361732006073,3.08682107925415,-1.71367514133453,K,15
OUTPUT,NaN,NaN,NaN,NaN,NaN,NaN

INPUT,0.389799296855927,0.0430847443640232,0.777828812599182,-2.38431525230408,3.08308792114258,-1.68958759307861,K,16
OUTPUT,NaN,NaN,NaN,NaN,NaN,NaN

INPUT,0.393503576517105,0.0435315743088722,0.785748422145844,-2.40194511413574,3.0802059173584,-1.67091417312622,K,17
OUTPUT,NaN,NaN,NaN,NaN,NaN,NaN

INPUT,0.396149486303329,0.0438507385551929,0.791405320167542,-2.41456747055054,3.07815980911255,-1.65760385990143,K,18
OUTPUT,NaN,NaN,NaN,NaN,NaN,NaN

INPUT,0.3977370262146,0.0440422371029854,0.794799447059631,-2.42215180397034,3.07693719863892,-1.64962780475616,K,19
OUTPUT,NaN,NaN,NaN,NaN,NaN,NaN

INPUT,0.398266226053238,0.0441060699522495,0.795930862426758,-2.42468166351318,3.07653045654297,-1.64697062969208,K,20
OUTPUT,NaN,NaN,NaN,NaN,NaN,NaN

INPUT,0.351742088794708,0.0178386159241199,0.743696808815002,0.940237641334534,3.02771043777466,1.44455397129059,K,13
OUTPUT,NaN,NaN,NaN,NaN,NaN,NaN

INPUT,0.354871600866318,0.0162489209324121,0.754883766174316,0.915681600570679,3.01706266403198,1.46812725067139,K,14
OUTPUT,NaN,NaN,NaN,NaN,NaN,NaN

INPUT,0.358001112937927,0.0146592268720269,0.76607072353363,0.891186833381653,3.00648665428162,1.49179363250732,K,15
OUTPUT,NaN,NaN,NaN,NaN,NaN,NaN

INPUT,0.360817670822144,0.0132285011932254,0.7761390209198,0.869178354740143,2.99703502655029,1.51315951347351,K,16
OUTPUT,NaN,NaN,NaN,NaN,NaN,NaN

INPUT,0.363008350133896,0.012115715071559,0.783969879150391,0.852078020572662,2.98973035812378,1.52981507778168,K,17
OUTPUT,NaN,NaN,NaN,NaN,NaN,NaN

INPUT,0.364573091268539,0.0113208666443825,0.789563417434692,0.83987033367157,2.98453903198242,1.54173028469086,K,18
OUTPUT,NaN,NaN,NaN,NaN,NaN,NaN

INPUT,0.365511953830719,0.0108439605683088,0.792919456958771,0.832548022270203,2.9814350605011,1.5488862991333,K,19
OUTPUT,NaN,NaN,NaN,NaN,NaN,NaN

INPUT,0.365824908018112,0.0106849893927574,0.79403817653656,0.830107510089874,2.98040223121643,1.55127274990082,K,20
OUTPUT,NaN,NaN,NaN,NaN,NaN,NaN

INPUT,0.357759177684784,0.034240148961544,0.733206987380981,-2.4357008934021,3.12638735771179,-1.64489197731018,K,12
OUTPUT,NaN,NaN,NaN,NaN,NaN,NaN

INPUT,0.361851364374161,0.0342094860970974,0.744467377662659,-2.47360491752625,3.12496542930603,-1.59957075119019,K,13
OUTPUT,NaN,NaN,NaN,NaN,NaN,NaN

INPUT,0.365943551063538,0.0341788232326508,0.755727827548981,-2.51208901405334,3.12357211112976,-1.55482852458954,K,14
OUTPUT,NaN,NaN,NaN,NaN,NaN,NaN

INPUT,0.370035737752914,0.0341481566429138,0.766988217830658,-2.55101847648621,3.12220978736877,-1.51053059101105,K,15
OUTPUT,NaN,NaN,NaN,NaN,NaN,NaN

INPUT,0.373718708753586,0.0341205596923828,0.777122616767883,-2.58635568618774,3.12101221084595,-1.47096216678619,K,16
OUTPUT,NaN,NaN,NaN,NaN,NaN,NaN

INPUT,0.376583218574524,0.0340990945696831,0.785004913806915,-2.61400198936462,3.12010049819946,-1.44034790992737,K,17
OUTPUT,NaN,NaN,NaN,NaN,NaN,NaN

INPUT,0.378629326820374,0.0340837650001049,0.790635168552399,-2.63382363319397,3.11946034431458,-1.41855454444885,K,18
OUTPUT,NaN,NaN,NaN,NaN,NaN,NaN

INPUT,0.37985697388649,0.0340745635330677,0.794013261795044,-2.64574360847473,3.11908102035522,-1.40550529956818,K,19
OUTPUT,NaN,NaN,NaN,NaN,NaN,NaN

INPUT,0.380266189575195,0.0340714976191521,0.795139312744141,-2.64972114562988,3.11895513534546,-1.40115976333618,K,20
OUTPUT,NaN,NaN,NaN,NaN,NaN,NaN

INPUT,0.374895423650742,0.0488606430590153,0.70778751373291,-2.42268919944763,3.00825190544128,-1.8285459280014,K,10
OUTPUT,NaN,NaN,NaN,NaN,NaN,NaN

INPUT,0.382360756397247,0.0507705472409725,0.718667328357697,-2.46185398101807,2.99122858047485,-1.78823590278625,K,11
OUTPUT,NaN,NaN,NaN,NaN,NaN,NaN

INPUT,0.389826089143753,0.0526804514229298,0.729547083377838,-2.50118494033813,2.97444224357605,-1.74799084663391,K,12
OUTPUT,NaN,NaN,NaN,NaN,NaN,NaN

INPUT,0.397291421890259,0.054590355604887,0.74042683839798,-2.5406539440155,2.95791959762573,-1.70777297019958,K,13
OUTPUT,NaN,NaN,NaN,NaN,NaN,NaN

INPUT,0.404756754636765,0.0565002597868443,0.751306593418121,-2.58024430274963,2.94168710708618,-1.66755628585815,K,14
OUTPUT,NaN,NaN,NaN,NaN,NaN,NaN

INPUT,0.41222208738327,0.0584101639688015,0.762186348438263,-2.61994576454163,2.92577123641968,-1.627321600914,K,15
OUTPUT,NaN,NaN,NaN,NaN,NaN,NaN

INPUT,0.418940901756287,0.0601290799677372,0.771978139877319,-2.655766248703,2.91173934936523,-1.59108340740204,K,16
OUTPUT,NaN,NaN,NaN,NaN,NaN,NaN

INPUT,0.424166619777679,0.0614660121500492,0.779593944549561,-2.68368315696716,2.90102958679199,-1.56287503242493,K,17
OUTPUT,NaN,NaN,NaN,NaN,NaN,NaN

INPUT,0.427899301052094,0.0624209642410278,0.785033822059631,-2.70365333557129,2.89349412918091,-1.54271161556244,K,18
OUTPUT,NaN,NaN,NaN,NaN,NaN,NaN

INPUT,0.430138915777206,0.0629939362406731,0.788297772407532,-2.71564722061157,2.88901996612549,-1.53060734272003,K,19
OUTPUT,NaN,NaN,NaN,NaN,NaN,NaN

INPUT,0.430885434150696,0.0631849244236946,0.789385735988617,-2.71964716911316,2.8875367641449,-1.52657163143158,K,20
OUTPUT,NaN,NaN,NaN,NaN,NaN,NaN

INPUT,0.376573234796524,0.0480694174766541,0.706217408180237,-2.43454098701477,3.00263381004333,-1.82837629318237,K,4
OUTPUT,NaN,NaN,NaN,NaN,NaN,NaN

INPUT,0.389736115932465,0.0515256598591805,0.723108410835266,-2.50858163833618,2.97059535980225,-1.74768710136414,K,5
OUTPUT,NaN,NaN,NaN,NaN,NaN,NaN

INPUT,0.402898997068405,0.0549819059669971,0.739999353885651,-2.58386731147766,2.93957614898682,-1.66782438755035,K,6
OUTPUT,NaN,NaN,NaN,NaN,NaN,NaN

INPUT,0.413136780261993,0.0576700940728188,0.75313675403595,-2.6430139541626,2.9162769317627,-1.60597217082977,K,7
OUTPUT,NaN,NaN,NaN,NaN,NaN,NaN

INPUT,0.420449495315552,0.0595902279019356,0.762520611286163,-2.68551397323608,2.90013146400452,-1.56185364723206,K,8
OUTPUT,NaN,NaN,NaN,NaN,NaN,NaN

INPUT,0.424837112426758,0.0607423111796379,0.768150925636292,-2.71110343933105,2.89065766334534,-1.53539180755615,K,9
OUTPUT,NaN,NaN,NaN,NaN,NaN,NaN

INPUT,0.37141028046608,0.032924622297287,0.73119455575943,-2.67439484596252,3.11491751670837,-1.74317121505737,K,5
OUTPUT,NaN,NaN,NaN,NaN,NaN,NaN

INPUT,0.379832416772842,0.0326259918510914,0.746838212013245,-2.74759721755981,3.11119914054871,-1.65207815170288,K,6
OUTPUT,NaN,NaN,NaN,NaN,NaN,NaN

INPUT,0.38638299703598,0.0323937237262726,0.759005546569824,-2.8058910369873,3.1084463596344,-1.58258080482483,K,7
OUTPUT,NaN,NaN,NaN,NaN,NaN,NaN

INPUT,0.391061961650848,0.0322278179228306,0.767696440219879,-2.84805965423584,3.1065616607666,-1.53346645832062,K,8
OUTPUT,NaN,NaN,NaN,NaN,NaN,NaN

INPUT,0.393869340419769,0.0321282744407654,0.772911012172699,-2.87353324890137,3.10546541213989,-1.50416874885559,K,9
OUTPUT,NaN,NaN,NaN,NaN,NaN,NaN

INPUT,0.374856561422348,0.0407784506678581,0.716334700584412,-2.50364685058594,3.02408933639526,-1.79132378101349,K,4
OUTPUT,NaN,NaN,NaN,NaN,NaN,NaN

INPUT,0.385060548782349,0.0421837493777275,0.73134970664978,-2.5799446105957,3.00192952156067,-1.71354877948761,K,5
OUTPUT,NaN,NaN,NaN,NaN,NaN,NaN

INPUT,0.395264565944672,0.0435890480875969,0.746364712715149,-2.65655851364136,2.98059630393982,-1.63585579395294,K,6
OUTPUT,NaN,NaN,NaN,NaN,NaN,NaN

INPUT,0.403201013803482,0.0446820557117462,0.758043050765991,-2.7163245677948,2.96465802192688,-1.5754269361496,K,7
OUTPUT,NaN,NaN,NaN,NaN,NaN,NaN

INPUT,0.408869922161102,0.0454627759754658,0.766384720802307,-2.75909900665283,2.95365977287292,-1.53224647045135,K,8
OUTPUT,NaN,NaN,NaN,NaN,NaN,NaN

INPUT,0.41227126121521,0.0459312088787556,0.771389722824097,-2.7847957611084,2.94722533226013,-1.50632810592651,K,9
OUTPUT,NaN,NaN,NaN,NaN,NaN,NaN

INPUT,0.373227536678314,0.0404514968395233,0.732274532318115,-2.30795359611511,3.09595608711243,-1.78649723529816,K,5
OUTPUT,NaN,NaN,NaN,NaN,NaN,NaN

INPUT,0.381888598203659,0.0414595603942871,0.748006105422974,-2.34919738769531,3.08882665634155,-1.73506104946136,K,6
OUTPUT,NaN,NaN,NaN,NaN,NaN,NaN

INPUT,0.388624966144562,0.0422436110675335,0.760241687297821,-2.38202095031738,3.08337783813477,-1.69604384899139,K,7
OUTPUT,NaN,NaN,NaN,NaN,NaN,NaN

INPUT,0.393436640501022,0.0428036488592625,0.768981397151947,-2.40568447113037,3.07954955101013,-1.66863536834717,K,8
OUTPUT,NaN,NaN,NaN,NaN,NaN,NaN

INPUT,0.396323651075363,0.0431396700441837,0.774225234985352,-2.41992926597595,3.07728147506714,-1.65236532688141,K,9
OUTPUT,NaN,NaN,NaN,NaN,NaN,NaN

INPUT,0.358023226261139,0.0309692677110434,0.737038493156433,0.511817812919617,3.09075140953064,1.44457268714905,K,5
OUTPUT,NaN,NaN,NaN,NaN,NaN,NaN

INPUT,0.363314568996429,0.0304211340844631,0.750839293003082,0.439048439264297,3.08337664604187,1.51401031017303,K,6
OUTPUT,NaN,NaN,NaN,NaN,NaN,NaN

INPUT,0.367430061101913,0.029994810000062,0.761573195457458,0.38270178437233,3.07784199714661,1.56828963756561,K,7
OUTPUT,NaN,NaN,NaN,NaN,NaN,NaN

INPUT,0.370369702577591,0.0296902917325497,0.769240260124207,0.342550426721573,3.07400703430176,1.6071685552597,K,8
OUTPUT,NaN,NaN,NaN,NaN,NaN,NaN

INPUT,0.37213346362114,0.0295075792819262,0.773840546607971,0.318490505218506,3.07175636291504,1.63053166866302,K,9
OUTPUT,NaN,NaN,NaN,NaN,NaN,NaN

INPUT,0.353043556213379,0.0277548842132092,0.73532897233963,0.721729934215546,3.08099961280823,1.43076324462891,K,5
OUTPUT,NaN,NaN,NaN,NaN,NaN,NaN

INPUT,0.35766589641571,0.0267534088343382,0.749031007289886,0.664095222949982,3.07204008102417,1.48177552223206,K,6
OUTPUT,NaN,NaN,NaN,NaN,NaN,NaN

INPUT,0.361261069774628,0.0259744841605425,0.759688138961792,0.620003163814545,3.06524443626404,1.52179849147797,K,7
OUTPUT,NaN,NaN,NaN,NaN,NaN,NaN

INPUT,0.363829046487808,0.0254181083291769,0.767300367355347,0.58891749382019,3.06050395965576,1.5504070520401,K,8
OUTPUT,NaN,NaN,NaN,NaN,NaN,NaN

INPUT,0.365369826555252,0.0250842832028866,0.771867752075195,0.570439040660858,3.05771017074585,1.56754052639008,K,9
OUTPUT,NaN,NaN,NaN,NaN,NaN,NaN

INPUT,0.358042061328888,0.0341775976121426,0.724261522293091,-2.44403958320618,3.12609052658081,-1.70142698287964,K,4
OUTPUT,NaN,NaN,NaN,NaN,NaN,NaN

INPUT,0.363819301128387,0.0340929180383682,0.737730503082275,-2.49465394020081,3.12409019470215,-1.61811697483063,K,5
OUTPUT,NaN,NaN,NaN,NaN,NaN,NaN

INPUT,0.369596511125565,0.0340082347393036,0.751199543476105,-2.54857325553894,3.12216448783875,-1.53810954093933,K,6
OUTPUT,NaN,NaN,NaN,NaN,NaN,NaN

INPUT,0.374089896678925,0.0339423716068268,0.761675417423248,-2.59214496612549,3.12072467803955,-1.47751450538635,K,7
OUTPUT,NaN,NaN,NaN,NaN,NaN,NaN

INPUT,0.37729948759079,0.0338953286409378,0.769158244132996,-2.62394404411316,3.11972975730896,-1.43490779399872,K,8
OUTPUT,NaN,NaN,NaN,NaN,NaN,NaN

INPUT,0.379225224256516,0.0338671021163464,0.773647904396057,-2.64325094223022,3.11914706230164,-1.4095710515976,K,9
OUTPUT,NaN,NaN,NaN,NaN,NaN,NaN

INPUT,0.352825313806534,0.0205591730773449,0.731523633003235,0.979105412960052,3.03466820716858,1.44162607192993,K,4
OUTPUT,NaN,NaN,NaN,NaN,NaN,NaN

INPUT,0.356839746236801,0.0185724794864655,0.742846131324768,0.937911808490753,3.02006912231445,1.46894526481628,K,5
OUTPUT,NaN,NaN,NaN,NaN,NaN,NaN

INPUT,0.360854178667068,0.0165857840329409,0.754168570041656,0.898168742656708,3.00560760498047,1.49777579307556,K,6
OUTPUT,NaN,NaN,NaN,NaN,NaN,NaN

INPUT,0.36397647857666,0.0150405773892999,0.762974917888641,0.868031859397888,2.99448919296265,1.52091252803802,K,7
OUTPUT,NaN,NaN,NaN,NaN,NaN,NaN

INPUT,0.366206735372543,0.0139368576928973,0.769265174865723,0.846856474876404,2.9866316318512,1.53771102428436,K,8
OUTPUT,NaN,NaN,NaN,NaN,NaN,NaN

INPUT,0.367544859647751,0.0132746268063784,0.773039281368256,0.834279477596283,2.98195457458496,1.54787349700928,K,9
OUTPUT,NaN,NaN,NaN,NaN,NaN,NaN

INPUT,0.359204798936844,0.034553986042738,0.7227423787117,-2.35184288024902,3.12579607963562,-1.89078533649445,K,11
OUTPUT,NaN,NaN,NaN,NaN,NaN,NaN

INPUT,0.363947987556458,0.034556619822979,0.734097242355347,-2.37536931037903,3.12407231330872,-1.86009085178375,K,12
OUTPUT,NaN,NaN,NaN,NaN,NaN,NaN

INPUT,0.368691176176071,0.0345592498779297,0.745452165603638,-2.39953637123108,3.1223611831665,-1.83003616333008,K,13
OUTPUT,NaN,NaN,NaN,NaN,NaN,NaN

INPUT,0.373434334993362,0.0345618836581707,0.756807029247284,-2.42418336868286,3.12066388130188,-1.80046033859253,K,14
OUTPUT,NaN,NaN,NaN,NaN,NaN,NaN

INPUT,0.378177523612976,0.0345645137131214,0.76816189289093,-2.44919896125793,3.1189820766449,-1.77125239372253,K,15
OUTPUT,NaN,NaN,NaN,NaN,NaN,NaN

INPUT,0.382446378469467,0.0345668829977512,0.77838134765625,-2.47196245193481,3.11748242378235,-1.74521362781525,K,16
OUTPUT,NaN,NaN,NaN,NaN,NaN,NaN

INPUT,0.385766625404358,0.0345687232911587,0.786329746246338,-2.48980140686035,3.11632609367371,-1.72509467601776,K,17
OUTPUT,NaN,NaN,NaN,NaN,NaN,NaN

INPUT,0.388138204813004,0.034570038318634,0.792007207870483,-2.50260543823242,3.11550545692444,-1.71078562736511,K,18
OUTPUT,NaN,NaN,NaN,NaN,NaN,NaN

INPUT,0.389561176300049,0.0345708280801773,0.795413672924042,-2.51031017303467,3.11501550674438,-1.70222246646881,K,19
OUTPUT,NaN,NaN,NaN,NaN,NaN,NaN

INPUT,0.390035480260849,0.0345710925757885,0.796549141407013,-2.51288199424744,3.11485242843628,-1.6993715763092,K,20
OUTPUT,NaN,NaN,NaN,NaN,NaN,NaN

INPUT,0.353411108255386,0.0308882556855679,0.733914911746979,0.728909730911255,3.10670852661133,1.48996031284332,K,12
OUTPUT,NaN,NaN,NaN,NaN,NaN,NaN

INPUT,0.357045322656631,0.0305046960711479,0.745250821113586,0.687149047851563,3.10316228866577,1.52830803394318,K,13
OUTPUT,NaN,NaN,NaN,NaN,NaN,NaN

INPUT,0.360679507255554,0.0301211383193731,0.756586730480194,0.645671963691711,3.09967756271362,1.56694459915161,K,14
OUTPUT,NaN,NaN,NaN,NaN,NaN,NaN

INPUT,0.364313721656799,0.0297375787049532,0.767922639846802,0.604408144950867,3.09626007080078,1.60580027103424,K,15
OUTPUT,NaN,NaN,NaN,NaN,NaN,NaN

INPUT,0.367584496736526,0.0293923765420914,0.778124988079071,0.567412078380585,3.09324598312378,1.64091718196869,K,16
OUTPUT,NaN,NaN,NaN,NaN,NaN,NaN

INPUT,0.370128452777863,0.0291238855570555,0.786060094833374,0.5387122631073,3.09094524383545,1.66830861568451,K,17
OUTPUT,NaN,NaN,NaN,NaN,NaN,NaN

INPUT,0.371945559978485,0.0289321057498455,0.791728079319,0.518246412277222,3.08932590484619,1.68791007995605,K,18
OUTPUT,NaN,NaN,NaN,NaN,NaN,NaN

INPUT,0.373035818338394,0.0288170371204615,0.795128881931305,0.505979120731354,3.08836436271667,1.69968378543854,K,19
OUTPUT,NaN,NaN,NaN,NaN,NaN,NaN

INPUT,0.37339922785759,0.0287786815315485,0.796262443065643,0.501891851425171,3.08804559707642,1.70361042022705,K,20
OUTPUT,NaN,NaN,NaN,NaN,NaN,NaN

INPUT,0.367847859859467,0.0343951769173145,0.732396006584167,-2.40668725967407,3.12234449386597,-1.86074364185333,K,5
OUTPUT,NaN,NaN,NaN,NaN,NaN,NaN

INPUT,0.375679731369019,0.0343452915549278,0.74829375743866,-2.44293689727783,3.11958837509155,-1.80016827583313,K,6
OUTPUT,NaN,NaN,NaN,NaN,NaN,NaN

INPUT,0.381771147251129,0.0343064963817596,0.760658621788025,-2.47292160987854,3.11748647689819,-1.75513255596161,K,7
OUTPUT,NaN,NaN,NaN,NaN,NaN,NaN

INPUT,0.386122167110443,0.0342787802219391,0.769490659236908,-2.4949734210968,3.11601257324219,-1.7238804101944,K,8
OUTPUT,NaN,NaN,NaN,NaN,NaN,NaN

INPUT,0.38873279094696,0.0342621542513371,0.774789929389954,-2.50838661193848,3.11514091491699,-1.70545947551727,K,9
OUTPUT,NaN,NaN,NaN,NaN,NaN,NaN

INPUT,0.359060674905777,0.0395633801817894,0.721695125102997,-2.03410220146179,3.10962319374084,-1.61001420021057,K,11
OUTPUT,NaN,NaN,NaN,NaN,NaN,NaN

INPUT,0.363787025213242,0.0401553064584732,0.732927143573761,-2.05652713775635,3.10600185394287,-1.58256042003632,K,12
OUTPUT,NaN,NaN,NaN,NaN,NaN,NaN

INPUT,0.368513375520706,0.0407472364604473,0.74415910243988,-2.07941699028015,3.10240244865417,-1.55556809902191,K,13
OUTPUT,NaN,NaN,NaN,NaN,NaN,NaN

INPUT,0.373239725828171,0.0413391627371311,0.755391120910645,-2.10265278816223,3.09882736206055,-1.5289181470871,K,14
OUTPUT,NaN,NaN,NaN,NaN,NaN,NaN

INPUT,0.377966076135635,0.0419310927391052,0.766623079776764,-2.12615299224854,3.09527897834778,-1.50252890586853,K,15
OUTPUT,NaN,NaN,NaN,NaN,NaN,NaN

INPUT,0.382219791412354,0.0424638278782368,0.776731848716736,-2.14748120307922,3.09210968017578,-1.47895324230194,K,16
OUTPUT,NaN,NaN,NaN,NaN,NaN,NaN

INPUT,0.385528236627579,0.0428781770169735,0.784594297409058,-2.16416573524475,3.08966183662415,-1.46070981025696,K,17
OUTPUT,NaN,NaN,NaN,NaN,NaN,NaN

INPUT,0.387891411781311,0.0431741401553154,0.790210247039795,-2.17612719535828,3.08792304992676,-1.44772171974182,K,18
OUTPUT,NaN,NaN,NaN,NaN,NaN,NaN

INPUT,0.38930931687355,0.0433517210185528,0.793579876422882,-2.18332004547119,3.08688354492188,-1.43994402885437,K,19
OUTPUT,NaN,NaN,NaN,NaN,NaN,NaN

INPUT,0.389781951904297,0.043410912156105,0.79470306634903,-2.18571996688843,3.08653783798218,-1.4373539686203,K,20
OUTPUT,NaN,NaN,NaN,NaN,NaN,NaN

INPUT,0.359358489513397,0.0308493785560131,0.737908601760864,0.693518698215485,3.10324192047119,1.53780949115753,K,5
OUTPUT,NaN,NaN,NaN,NaN,NaN,NaN

INPUT,0.364750981330872,0.0302893165498972,0.751726269721985,0.623503923416138,3.09760522842407,1.59645450115204,K,6
OUTPUT,NaN,NaN,NaN,NaN,NaN,NaN

INPUT,0.368945151567459,0.0298537127673626,0.762473404407501,0.569948434829712,3.09334492683411,1.6429785490036,K,7
OUTPUT,NaN,NaN,NaN,NaN,NaN,NaN

INPUT,0.371940970420837,0.0295425672084093,0.770149946212769,0.532045483589172,3.09037494659424,1.67656707763672,K,8
OUTPUT,NaN,NaN,NaN,NaN,NaN,NaN

INPUT,0.373738467693329,0.0293558798730373,0.774755835533142,0.509417593479156,3.08862400054932,1.6968367099762,K,9
OUTPUT,NaN,NaN,NaN,NaN,NaN,NaN

INPUT,0.367546439170837,0.0399752967059612,0.731130719184875,-2.08314657211304,3.10296058654785,-1.58129966259003,K,5
OUTPUT,NaN,NaN,NaN,NaN,NaN,NaN

INPUT,0.375322639942169,0.0408885031938553,0.746827661991119,-2.11846899986267,3.09694361686707,-1.52749133110046,K,6
OUTPUT,NaN,NaN,NaN,NaN,NaN,NaN

INPUT,0.381370812654495,0.0415987707674503,0.759036421775818,-2.14740085601807,3.09233736991882,-1.48731791973114,K,7
OUTPUT,NaN,NaN,NaN,NaN,NaN,NaN

INPUT,0.385690957307816,0.042106106877327,0.767756938934326,-2.16857266426086,3.0890965461731,-1.45934641361237,K,8
OUTPUT,NaN,NaN,NaN,NaN,NaN,NaN

INPUT,0.388283014297485,0.0424105115234852,0.772989273071289,-2.18141913414001,3.08717465400696,-1.44282162189484,K,9
OUTPUT,NaN,NaN,NaN,NaN,NaN,NaN

INPUT,0.36559122800827,0.0325652398169041,0.721894502639771,-2.58849573135376,3.09146285057068,-1.90155684947968,K,11
OUTPUT,NaN,NaN,NaN,NaN,NaN,NaN

INPUT,0.371086061000824,0.0323340892791748,0.73314893245697,-2.62803149223328,3.08594346046448,-1.86026167869568,K,12
OUTPUT,NaN,NaN,NaN,NaN,NaN,NaN

INPUT,0.376580893993378,0.0321029387414455,0.744403302669525,-2.66773104667664,3.08051490783691,-1.81911790370941,K,13
OUTPUT,NaN,NaN,NaN,NaN,NaN,NaN

INPUT,0.382075726985931,0.0318717882037163,0.755657732486725,-2.70755410194397,3.07518601417542,-1.77808451652527,K,14
OUTPUT,NaN,NaN,NaN,NaN,NaN,NaN

INPUT,0.387570589780807,0.031640637665987,0.766912162303925,-2.74747371673584,3.06996560096741,-1.73713314533234,K,15
OUTPUT,NaN,NaN,NaN,NaN,NaN,NaN

INPUT,0.392515927553177,0.0314325988292694,0.777041137218475,-2.78346729278564,3.0653669834137,-1.70033025741577,K,16
OUTPUT,NaN,NaN,NaN,NaN,NaN,NaN

INPUT,0.396362334489822,0.031270794570446,0.784919202327728,-2.81149864196777,3.06185984611511,-1.67173337936401,K,17
OUTPUT,NaN,NaN,NaN,NaN,NaN,NaN

INPUT,0.399109750986099,0.0311552193015814,0.790546417236328,-2.83153796195984,3.05939340591431,-1.65131938457489,K,18
OUTPUT,NaN,NaN,NaN,NaN,NaN,NaN

INPUT,0.40075820684433,0.0310858748853207,0.79392272233963,-2.84356784820557,3.0579297542572,-1.63907516002655,K,19
OUTPUT,NaN,NaN,NaN,NaN,NaN,NaN

INPUT,0.401307672262192,0.0310627594590187,0.795048177242279,-2.84757876396179,3.05744457244873,-1.63499450683594,K,20
OUTPUT,NaN,NaN,NaN,NaN,NaN,NaN

INPUT,0.35079762339592,0.0321665666997433,0.733309149742126,0.497325986623764,3.09469699859619,1.40181636810303,K,12
OUTPUT,NaN,NaN,NaN,NaN,NaN,NaN

INPUT,0.354155868291855,0.0319174267351627,0.744582712650299,0.448619902133942,3.09006094932556,1.44833922386169,K,13
OUTPUT,NaN,NaN,NaN,NaN,NaN,NaN

INPUT,0.35751411318779,0.0316682867705822,0.755856275558472,0.400086343288422,3.08554148674011,1.49504601955414,K,14
OUTPUT,NaN,NaN,NaN,NaN,NaN,NaN

INPUT,0.360872358083725,0.031419150531292,0.767129838466644,0.351681649684906,3.08114886283875,1.54189336299896,K,15
OUTPUT,NaN,NaN,NaN,NaN,NaN,NaN

INPUT,0.363894790410995,0.0311949253082275,0.777276039123535,0.308201432228088,3.07731246948242,1.5841509103775,K,16
OUTPUT,NaN,NaN,NaN,NaN,NaN,NaN

INPUT,0.366245537996292,0.0310205277055502,0.785167515277863,0.274427860975266,3.07440996170044,1.61706912517548,K,17
OUTPUT,NaN,NaN,NaN,NaN,NaN,NaN

INPUT,0.36792466044426,0.0308959577232599,0.790804326534271,0.250323414802551,3.07238221168518,1.64060604572296,K,18
OUTPUT,NaN,NaN,NaN,NaN,NaN,NaN

INPUT,0.368932157754898,0.0308212172240019,0.794186353683472,0.235867783427238,3.0711841583252,1.65473663806915,K,19
OUTPUT,NaN,NaN,NaN,NaN,NaN,NaN

INPUT,0.369267970323563,0.0307963024824858,0.795313715934753,0.231050372123718,3.07078814506531,1.65944814682007,K,20
OUTPUT,NaN,NaN,NaN,NaN,NaN,NaN

INPUT,0.360969573259354,0.0419656150043011,0.721791207790375,-2.10152244567871,3.08704400062561,-1.62113511562347,K,11
OUTPUT,NaN,NaN,NaN,NaN,NaN,NaN

INPUT,0.365920752286911,0.0428404361009598,0.733033418655396,-2.12842202186584,3.08084845542908,-1.59151041507721,K,12
OUTPUT,NaN,NaN,NaN,NaN,NaN,NaN

INPUT,0.370871961116791,0.0437152609229088,0.744275689125061,-2.15557837486267,3.0747013092041,-1.56213176250458,K,13
OUTPUT,NaN,NaN,NaN,NaN,NaN,NaN

INPUT,0.375823110342026,0.0445900782942772,0.755517899990082,-2.18292665481567,3.06860756874084,-1.53293359279633,K,14
OUTPUT,NaN,NaN,NaN,NaN,NaN,NaN

INPUT,0.380774319171906,0.0454648993909359,0.766760110855103,-2.21042323112488,3.06257200241089,-1.50387108325958,K,15
OUTPUT,NaN,NaN,NaN,NaN,NaN,NaN

INPUT,0.385230362415314,0.0462522394955158,0.776878178119659,-2.23527097702026,3.05719375610352,-1.47780430316925,K,16
OUTPUT,NaN,NaN,NaN,NaN,NaN,NaN

INPUT,0.388696193695068,0.0468646138906479,0.784747719764709,-2.25465202331543,3.05304837226868,-1.45757722854614,K,17
OUTPUT,NaN,NaN,NaN,NaN,NaN,NaN

INPUT,0.391171783208847,0.0473020263016224,0.790368854999542,-2.26852107048035,3.05010843276978,-1.44315040111542,K,18
OUTPUT,NaN,NaN,NaN,NaN,NaN,NaN

INPUT,0.392657160758972,0.047564473003149,0.793741524219513,-2.27685189247131,3.04835319519043,-1.4345018863678,K,19
OUTPUT,NaN,NaN,NaN,NaN,NaN,NaN

INPUT,0.393152266740799,0.0476519539952278,0.794865727424622,-2.27963042259216,3.04776954650879,-1.4316201210022,K,20
OUTPUT,NaN,NaN,NaN,NaN,NaN,NaN

INPUT,0.35980036854744,0.0371342077851295,0.721171975135803,-2.46100258827209,3.10688972473145,-1.67596709728241,K,11
OUTPUT,NaN,NaN,NaN,NaN,NaN,NaN

INPUT,0.364613682031631,0.0374404415488243,0.732342481613159,-2.50535202026367,3.10315179824829,-1.62796223163605,K,12
OUTPUT,NaN,NaN,NaN,NaN,NaN,NaN

INPUT,0.369426995515823,0.0377466790378094,0.743512988090515,-2.55002570152283,3.09949588775635,-1.58027505874634,K,13
OUTPUT,NaN,NaN,NaN,NaN,NaN,NaN

INPUT,0.374240279197693,0.0380529128015041,0.754683494567871,-2.59494113922119,3.09592938423157,-1.53282272815704,K,14
OUTPUT,NaN,NaN,NaN,NaN,NaN,NaN

INPUT,0.379053592681885,0.0383591502904892,0.765854001045227,-2.64004182815552,3.09246039390564,-1.48554825782776,K,15
OUTPUT,NaN,NaN,NaN,NaN,NaN,NaN

INPUT,0.383385598659515,0.0386347621679306,0.775907397270203,-2.68075776100159,3.08942747116089,-1.443119764328,K,16
OUTPUT,NaN,NaN,NaN,NaN,NaN,NaN

INPUT,0.386754900217056,0.038849126547575,0.783726751804352,-2.71249294281006,3.08713054656982,-1.41018259525299,K,17
OUTPUT,NaN,NaN,NaN,NaN,NaN,NaN

INPUT,0.389161556959152,0.0390022434294224,0.78931200504303,-2.73519206047058,3.08552479743958,-1.38668477535248,K,18
OUTPUT,NaN,NaN,NaN,NaN,NaN,NaN

INPUT,0.390605539083481,0.039094116538763,0.792663156986237,-2.7488226890564,3.08457541465759,-1.3725962638855,K,19
OUTPUT,NaN,NaN,NaN,NaN,NaN,NaN

INPUT,0.391086876392365,0.0391247384250164,0.793780207633972,-2.75336813926697,3.08426141738892,-1.3679016828537,K,20
OUTPUT,NaN,NaN,NaN,NaN,NaN,NaN

INPUT,0.360442131757736,0.035059355199337,0.721315264701843,-2.39191794395447,3.1131374835968,-1.57060444355011,K,11
OUTPUT,NaN,NaN,NaN,NaN,NaN,NaN

INPUT,0.365330696105957,0.0351215340197086,0.732502460479736,-2.43775963783264,3.11010265350342,-1.51983058452606,K,12
OUTPUT,NaN,NaN,NaN,NaN,NaN,NaN

INPUT,0.370219260454178,0.0351837165653706,0.743689656257629,-2.48403286933899,3.10714101791382,-1.46948325634003,K,13
OUTPUT,NaN,NaN,NaN,NaN,NaN,NaN

INPUT,0.375107795000076,0.0352458953857422,0.754876852035522,-2.53062725067139,3.1042594909668,-1.41945242881775,K,14
OUTPUT,NaN,NaN,NaN,NaN,NaN,NaN

INPUT,0.37999638915062,0.0353080742061138,0.76606410741806,-2.57746720314026,3.10146522521973,-1.36966192722321,K,15
OUTPUT,NaN,NaN,NaN,NaN,NaN,NaN

INPUT,0.384396076202393,0.0353640355169773,0.776132583618164,-2.619788646698,3.09903001785278,-1.32501137256622,K,16
OUTPUT,NaN,NaN,NaN,NaN,NaN,NaN

INPUT,0.387818068265915,0.0354075618088245,0.783963620662689,-2.65279364585876,3.09719133377075,-1.2903687953949,K,17
OUTPUT,NaN,NaN,NaN,NaN,NaN,NaN

INPUT,0.390262365341187,0.0354386530816555,0.789557218551636,-2.67640972137451,3.09590911865234,-1.26566302776337,K,18
OUTPUT,NaN,NaN,NaN,NaN,NaN,NaN

INPUT,0.391728937625885,0.0354573056101799,0.792913377285004,-2.69059371948242,3.09515237808228,-1.25085353851318,K,19
OUTPUT,NaN,NaN,NaN,NaN,NaN,NaN

INPUT,0.39221778512001,0.035463523119688,0.794032096862793,-2.69532418251038,3.0949022769928,-1.2459192276001,K,20
OUTPUT,NaN,NaN,NaN,NaN,NaN,NaN

INPUT,0.37499612569809,0.0318998545408249,0.731806099414825,-2.65560340881348,3.08185291290283,-1.84241950511932,K,5
OUTPUT,NaN,NaN,NaN,NaN,NaN,NaN

INPUT,0.383889108896255,0.031423132866621,0.747398734092712,-2.7240571975708,3.07274007797241,-1.76712930202484,K,6
OUTPUT,NaN,NaN,NaN,NaN,NaN,NaN

INPUT,0.390805870294571,0.0310523454099894,0.759526312351227,-2.77787399291992,3.06589531898499,-1.70911467075348,K,7
OUTPUT,NaN,NaN,NaN,NaN,NaN,NaN

INPUT,0.395746409893036,0.0307874996215105,0.768188893795013,-2.8165385723114,3.06114935874939,-1.66788244247437,K,8
OUTPUT,NaN,NaN,NaN,NaN,NaN,NaN

INPUT,0.39871072769165,0.0306285917758942,0.773386418819427,-2.8398106098175,3.05836296081543,-1.64320933818817,K,9
OUTPUT,NaN,NaN,NaN,NaN,NaN,NaN

INPUT,0.369596004486084,0.0424898266792297,0.731438517570496,-2.15110492706299,3.07593154907227,-1.58292829990387,K,5
OUTPUT,NaN,NaN,NaN,NaN,NaN,NaN

INPUT,0.377637177705765,0.0438361391425133,0.747103989124298,-2.19664406776428,3.06555843353271,-1.52718234062195,K,6
OUTPUT,NaN,NaN,NaN,NaN,NaN,NaN

INPUT,0.383891403675079,0.044883269816637,0.759288191795349,-2.23278617858887,3.05765628814697,-1.48485481739044,K,7
OUTPUT,NaN,NaN,NaN,NaN,NaN,NaN

INPUT,0.38835871219635,0.0456312224268913,0.767991244792938,-2.25878882408142,3.05212187767029,-1.45511841773987,K,8
OUTPUT,NaN,NaN,NaN,NaN,NaN,NaN

INPUT,0.391039103269577,0.0460799932479858,0.773213088512421,-2.27441930770874,3.04885101318359,-1.43747055530548,K,9
OUTPUT,NaN,NaN,NaN,NaN,NaN,NaN

INPUT,0.368219316005707,0.0373538322746754,0.730548858642578,-2.54277014732361,3.10018348693848,-1.61326372623444,K,5
OUTPUT,NaN,NaN,NaN,NaN,NaN,NaN

INPUT,0.376069784164429,0.0378351882100105,0.746123969554901,-2.61721253395081,3.09416079521179,-1.52358090877533,K,6
OUTPUT,NaN,NaN,NaN,NaN,NaN,NaN

INPUT,0.38217568397522,0.0382095724344254,0.758237957954407,-2.67631530761719,3.08969354629517,-1.45501554012299,K,7
OUTPUT,NaN,NaN,NaN,NaN,NaN,NaN

INPUT,0.386537075042725,0.0384769923985004,0.766890823841095,-2.71899819374084,3.08663034439087,-1.40649783611298,K,8
OUTPUT,NaN,NaN,NaN,NaN,NaN,NaN

INPUT,0.389153867959976,0.0386374443769455,0.772082507610321,-2.74475884437561,3.08484673500061,-1.37753438949585,K,9
OUTPUT,NaN,NaN,NaN,NaN,NaN,NaN

INPUT,0.369087934494019,0.0349249728024006,0.730711102485657,-2.47985577583313,3.10756683349609,-1.5073469877243,K,5
OUTPUT,NaN,NaN,NaN,NaN,NaN,NaN

INPUT,0.377111554145813,0.0349738113582134,0.746314465999603,-2.55566477775574,3.10274815559387,-1.41148746013641,K,6
OUTPUT,NaN,NaN,NaN,NaN,NaN,NaN

INPUT,0.383352130651474,0.0350117981433868,0.758450448513031,-2.61616945266724,3.09919404983521,-1.33846139907837,K,7
OUTPUT,NaN,NaN,NaN,NaN,NaN,NaN

INPUT,0.387809693813324,0.0350389294326305,0.76711905002594,-2.65998506546021,3.09676933288574,-1.28689193725586,K,8
OUTPUT,NaN,NaN,NaN,NaN,NaN,NaN

INPUT,0.390484243631363,0.0350552089512348,0.772320151329041,-2.68646788597107,3.09536290168762,-1.25614130496979,K,9
OUTPUT,NaN,NaN,NaN,NaN,NaN,NaN

INPUT,0.356524914503098,0.0321573093533516,0.736958384513855,0.444863170385361,3.09038782119751,1.4481463432312,K,5
OUTPUT,NaN,NaN,NaN,NaN,NaN,NaN

INPUT,0.361608237028122,0.0317839942872524,0.750784337520599,0.367807149887085,3.08301782608032,1.5241025686264,K,6
OUTPUT,NaN,NaN,NaN,NaN,NaN,NaN

INPUT,0.365561962127686,0.0314936339855194,0.761537849903107,0.307949423789978,3.0775203704834,1.58327627182007,K,7
OUTPUT,NaN,NaN,NaN,NaN,NaN,NaN

INPUT,0.368386030197144,0.0312862358987331,0.769218921661377,0.26522096991539,3.07373142242432,1.62558305263519,K,8
OUTPUT,NaN,NaN,NaN,NaN,NaN,NaN

INPUT,0.370080471038818,0.0311617963016033,0.773827612400055,0.239592120051384,3.07151651382446,1.65098023414612,K,9
OUTPUT,NaN,NaN,NaN,NaN,NaN,NaN

INPUT,0.348903506994247,0.0284402687102556,0.733381032943726,0.632509469985962,3.08166217803955,1.4073965549469,K,12
OUTPUT,NaN,NaN,NaN,NaN,NaN,NaN

INPUT,0.3520827293396,0.0277961157262325,0.744648277759552,0.591221988201141,3.07565546035767,1.44772243499756,K,13
OUTPUT,NaN,NaN,NaN,NaN,NaN,NaN

INPUT,0.355261981487274,0.0271519646048546,0.755915582180023,0.550006151199341,3.06975841522217,1.48813593387604,K,14
OUTPUT,NaN,NaN,NaN,NaN,NaN,NaN

INPUT,0.358441203832626,0.0265078116208315,0.76718282699585,0.508841991424561,3.0639808177948,1.52861845493317,K,15
OUTPUT,NaN,NaN,NaN,NaN,NaN,NaN

INPUT,0.361302524805069,0.0259280744940042,0.777323365211487,0.471826881170273,3.05889129638672,1.56510066986084,K,16
OUTPUT,NaN,NaN,NaN,NaN,NaN,NaN

INPUT,0.363527983427048,0.0254771672189236,0.785210490226746,0.44305345416069,3.05500960350037,1.5935024023056,K,17
OUTPUT,NaN,NaN,NaN,NaN,NaN,NaN

INPUT,0.365117609500885,0.0251550916582346,0.790844142436981,0.422507971525192,3.05227994918823,1.61380207538605,K,18
OUTPUT,NaN,NaN,NaN,NaN,NaN,NaN

INPUT,0.366071373224258,0.0249618459492922,0.794224321842194,0.410183101892471,3.05065989494324,1.62598657608032,K,19
OUTPUT,NaN,NaN,NaN,NaN,NaN,NaN

INPUT,0.36638930439949,0.0248974300920963,0.795351028442383,0.406075060367584,3.0501229763031,1.63004887104034,K,20
OUTPUT,NaN,NaN,NaN,NaN,NaN,NaN

INPUT,0.366348117589951,0.0466925241053104,0.721269726753235,-2.15572333335876,3.06359720230103,-1.64991092681885,K,11
OUTPUT,NaN,NaN,NaN,NaN,NaN,NaN

INPUT,0.371930867433548,0.048123013228178,0.732453048229218,-2.18448662757874,3.05473566055298,-1.61911904811859,K,12
OUTPUT,NaN,NaN,NaN,NaN,NaN,NaN

INPUT,0.377513617277145,0.0495535023510456,0.743636310100555,-2.21344828605652,3.04595112800598,-1.58850276470184,K,13
OUTPUT,NaN,NaN,NaN,NaN,NaN,NaN

INPUT,0.383096367120743,0.0509839877486229,0.754819571971893,-2.24256086349487,3.03725147247314,-1.55801248550415,K,14
OUTPUT,NaN,NaN,NaN,NaN,NaN,NaN

INPUT,0.38867911696434,0.0524144768714905,0.766002893447876,-2.2717924118042,3.02864408493042,-1.52761423587799,K,15
OUTPUT,NaN,NaN,NaN,NaN,NaN,NaN

INPUT,0.393703579902649,0.0537019185721874,0.776067852973938,-2.29818391799927,3.02098298072815,-1.50031423568726,K,16
OUTPUT,NaN,NaN,NaN,NaN,NaN,NaN

INPUT,0.397611528635025,0.0547032617032528,0.783896148204803,-2.31875681877136,3.01508402824402,-1.47911024093628,K,17
OUTPUT,NaN,NaN,NaN,NaN,NaN,NaN

INPUT,0.400402903556824,0.0554185062646866,0.789487779140472,-2.33347392082214,3.01090407371521,-1.46397721767426,K,18
OUTPUT,NaN,NaN,NaN,NaN,NaN,NaN

INPUT,0.402077704668045,0.0558476522564888,0.79284280538559,-2.34231233596802,3.00840973854065,-1.45490157604218,K,19
OUTPUT,NaN,NaN,NaN,NaN,NaN,NaN

INPUT,0.402635991573334,0.0559906996786594,0.793961107730865,-2.34525990486145,3.00758075714111,-1.45187699794769,K,20
OUTPUT,NaN,NaN,NaN,NaN,NaN,NaN

