{
    "name": "root",
    "gauges": {
        "MyGrasp.Policy.Entropy.mean": {
            "value": 1.390869379043579,
            "min": 1.390869379043579,
            "max": 1.390869379043579,
            "count": 1
        },
        "MyGrasp.Policy.Entropy.sum": {
            "value": 38.94434356689453,
            "min": 38.94434356689453,
            "max": 38.94434356689453,
            "count": 1
        },
        "MyGrasp.Step.mean": {
            "value": 12999.0,
            "min": 12999.0,
            "max": 12999.0,
            "count": 1
        },
        "MyGrasp.Step.sum": {
            "value": 12999.0,
            "min": 12999.0,
            "max": 12999.0,
            "count": 1
        },
        "MyGrasp.Policy.ExtrinsicValueEstimate.mean": {
            "value": 0.06537206470966339,
            "min": 0.06537206470966339,
            "max": 0.06537206470966339,
            "count": 1
        },
        "MyGrasp.Policy.ExtrinsicValueEstimate.sum": {
            "value": 1.3074413537979126,
            "min": 1.3074413537979126,
            "max": 1.3074413537979126,
            "count": 1
        },
        "MyGrasp.IsTraining.mean": {
            "value": 1.0,
            "min": 1.0,
            "max": 1.0,
            "count": 1
        },
        "MyGrasp.IsTraining.sum": {
            "value": 1.0,
            "min": 1.0,
            "max": 1.0,
            "count": 1
        }
    },
    "metadata": {
        "timer_format_version": "0.1.0",
        "start_time_seconds": "1747713262",
        "python_version": "3.10.12 | packaged by Anaconda, Inc. | (main, Jul  5 2023, 19:01:18) [MSC v.1916 64 bit (AMD64)]",
        "command_line_arguments": "C:\\Users\\smsla\\anaconda3\\envs\\mlagents\\Scripts\\mlagents-learn config/custom_ppo.yaml --run-id=MyGrasp_250519_001 --time-scale=75 --resume",
        "mlagents_version": "1.1.0",
        "mlagents_envs_version": "1.1.0",
        "communication_protocol_version": "1.5.0",
        "pytorch_version": "2.6.0+cu126",
        "numpy_version": "1.23.5",
        "end_time_seconds": "1747713295"
    },
    "total": 32.55876960000023,
    "count": 1,
    "self": 10.003704200003995,
    "children": {
        "run_training.setup": {
            "total": 0.05943670000124257,
            "count": 1,
            "self": 0.05943670000124257
        },
        "TrainerController.start_learning": {
            "total": 22.495628699994995,
            "count": 1,
            "self": 0.0007409000245388597,
            "children": {
                "TrainerController._reset_env": {
                    "total": 3.96446640000795,
                    "count": 1,
                    "self": 3.96446640000795
                },
                "TrainerController.advance": {
                    "total": 18.401985899952706,
                    "count": 32,
                    "self": 0.0003860999131575227,
                    "children": {
                        "env_step": {
                            "total": 18.355113700046786,
                            "count": 32,
                            "self": 18.28429349992075,
                            "children": {
                                "SubprocessEnvManager._take_step": {
                                    "total": 0.07056900010502432,
                                    "count": 32,
                                    "self": 0.0010835001012310386,
                                    "children": {
                                        "TorchPolicy.evaluate": {
                                            "total": 0.06948550000379328,
                                            "count": 32,
                                            "self": 0.06948550000379328
                                        }
                                    }
                                },
                                "workers": {
                                    "total": 0.00025120002101175487,
                                    "count": 31,
                                    "self": 0.0,
                                    "children": {
                                        "worker_root": {
                                            "total": 18.290406699990854,
                                            "count": 31,
                                            "is_parallel": true,
                                            "self": 0.8549151000188431,
                                            "children": {
                                                "steps_from_proto": {
                                                    "total": 0.00014569998893421143,
                                                    "count": 1,
                                                    "is_parallel": true,
                                                    "self": 5.019998934585601e-05,
                                                    "children": {
                                                        "_process_rank_one_or_two_observation": {
                                                            "total": 9.549999958835542e-05,
                                                            "count": 2,
                                                            "is_parallel": true,
                                                            "self": 9.549999958835542e-05
                                                        }
                                                    }
                                                },
                                                "UnityEnvironment.step": {
                                                    "total": 17.435345899983076,
                                                    "count": 31,
                                                    "is_parallel": true,
                                                    "self": 0.001624199969228357,
                                                    "children": {
                                                        "UnityEnvironment._generate_step_input": {
                                                            "total": 0.0011494000063976273,
                                                            "count": 31,
                                                            "is_parallel": true,
                                                            "self": 0.0011494000063976273
                                                        },
                                                        "communicator.exchange": {
                                                            "total": 17.429319899980328,
                                                            "count": 31,
                                                            "is_parallel": true,
                                                            "self": 17.429319899980328
                                                        },
                                                        "steps_from_proto": {
                                                            "total": 0.0032524000271223485,
                                                            "count": 31,
                                                            "is_parallel": true,
                                                            "self": 0.0012615000014193356,
                                                            "children": {
                                                                "_process_rank_one_or_two_observation": {
                                                                    "total": 0.001990900025703013,
                                                                    "count": 62,
                                                                    "is_parallel": true,