{
    "name": "root",
    "gauges": {
        "MyGrasp.Policy.Entropy.mean": {
            "value": 0.8622751235961914,
            "min": 0.8622751235961914,
            "max": 0.8944419622421265,
            "count": 228
        },
        "MyGrasp.Policy.Entropy.sum": {
            "value": 431.1375732421875,
            "min": 333.6268310546875,
            "max": 448.11541748046875,
            "count": 228
        },
        "MyGrasp.Step.mean": {
            "value": 499999.0,
            "min": 386499.0,
            "max": 499999.0,
            "count": 228
        },
        "MyGrasp.Step.sum": {
            "value": 499999.0,
            "min": 386499.0,
            "max": 499999.0,
            "count": 228
        },
        "MyGrasp.Policy.ExtrinsicValueEstimate.mean": {
            "value": 0.7622040510177612,
            "min": 0.691551923751831,
            "max": 0.7783172726631165,
            "count": 228
        },
        "MyGrasp.Policy.ExtrinsicValueEstimate.sum": {
            "value": 381.1020202636719,
            "min": 268.7648010253906,
            "max": 389.15863037109375,
            "count": 228
        },
        "MyGrasp.Environment.EpisodeLength.mean": {
            "value": 24.941176470588236,
            "min": 17.44,
            "max": 28.157894736842106,
            "count": 228
        },
        "MyGrasp.Environment.EpisodeLength.sum": {
            "value": 424.0,
            "min": 279.0,
            "max": 623.0,
            "count": 228
        },
        "MyGrasp.Environment.CumulativeReward.mean": {
            "value": 19.27777777777778,
            "min": 14.0,
            "max": 21.6,
            "count": 228
        },
        "MyGrasp.Environment.CumulativeReward.sum": {
            "value": 347.0,
            "min": 196.0,
            "max": 471.0,
            "count": 228
        },
        "MyGrasp.Policy.ExtrinsicReward.mean": {
            "value": 19.27777777777778,
            "min": 14.0,
            "max": 21.6,
            "count": 228
        },
        "MyGrasp.Policy.ExtrinsicReward.sum": {
            "value": 347.0,
            "min": 196.0,
            "max": 471.0,
            "count": 228
        },
        "MyGrasp.IsTraining.mean": {
            "value": 1.0,
            "min": 1.0,
            "max": 1.0,
            "count": 228
        },
        "MyGrasp.IsTraining.sum": {
            "value": 1.0,
            "min": 1.0,
            "max": 1.0,
            "count": 228
        },
        "MyGrasp.Losses.PolicyLoss.mean": {
            "value": 0.05360473183585176,
            "min": 0.03788917605803969,
            "max": 0.06248953038205703,
            "count": 27
        },
        "MyGrasp.Losses.PolicyLoss.sum": {
            "value": 0.05360473183585176,
            "min": 0.03788917605803969,
            "max": 0.06248953038205703,
            "count": 27
        },
        "MyGrasp.Losses.ValueLoss.mean": {
            "value": 0.15334818977862597,
            "min": 0.14863728204121193,
            "max": 0.16800090670585632,
            "count": 27
        },
        "MyGrasp.Losses.ValueLoss.sum": {
            "value": 0.15334818977862597,
            "min": 0.14863728204121193,
            "max": 0.16800090670585632,
            "count": 27
        },
        "MyGrasp.Policy.LearningRate.mean": {
            "value": 1.9470993509999986e-06,
            "min": 1.9470993509999986e-06,
            "max": 6.58602780466e-05,
            "count": 27
        },
        "MyGrasp.Policy.LearningRate.sum": {
            "value": 1.9470993509999986e-06,
            "min": 1.9470993509999986e-06,
            "max": 6.58602780466e-05,
            "count": 27
        },
        "MyGrasp.Policy.Epsilon.mean": {
            "value": 0.100649,
            "min": 0.100649,
            "max": 0.1219534,
            "count": 27
        },
        "MyGrasp.Policy.Epsilon.sum": {
            "value": 0.100649,
            "min": 0.100649,
            "max": 0.1219534,
            "count": 27
        },
        "MyGrasp.Policy.Beta.mean": {
            "value": 4.238509999999998e-05,
            "min": 4.238509999999998e-05,
            "max": 0.0011054746600000001,
            "count": 27
        },
        "MyGrasp.Policy.Beta.sum": {
            "value": 4.238509999999998e-05,
            "min": 4.238509999999998e-05,
            "max": 0.0011054746600000001,
            "count": 27
        }
    },
    "metadata": {
        "timer_format_version": "0.1.0",
        "start_time_seconds": "1749426168",
        "python_version": "3.10.12 | packaged by Anaconda, Inc. | (main, Jul  5 2023, 19:01:18) [MSC v.1916 64 bit (AMD64)]",
        "command_line_arguments": "C:\\Users\\smsla\\anaconda3\\envs\\mlagents\\Scripts\\mlagents-learn config/250605.yaml --run-id=MyGrasp_250605 --time-scale=50 --resume",
        "mlagents_version": "1.1.0",
        "mlagents_envs_version": "1.1.0",
        "communication_protocol_version": "1.5.0",
        "pytorch_version": "2.6.0+cu126",
        "numpy_version": "1.23.5",
        "end_time_seconds": "1749499138"
    },
    "total": 72969.8234644,
    "count": 1,
    "self": 0.008612900011939928,
    "children": {
        "run_training.setup": {
            "total": 0.054391800000004764,
            "count": 1,
            "self": 0.054391800000004764
        },
        "TrainerController.start_learning": {
            "total": 72969.76045969999,
            "count": 1,
            "self": 2.4468902993394295,
            "children": {
                "TrainerController._reset_env": {
                    "total": 8.293977199999986,
                    "count": 1,
                    "self": 8.293977199999986
                },
                "TrainerController.advance": {
                    "total": 72958.96543140065,
                    "count": 113741,
                    "self": 1.9432156007096637,
                    "children": {
                        "env_step": {
                            "total": 72573.01364620021,
                            "count": 113741,
                            "self": 72384.75079249947,
                            "children": {
                                "SubprocessEnvManager._take_step": {
                                    "total": 186.83715639897048,
                                    "count": 113741,
                                    "self": 4.6932726995488,
                                    "children": {
                                        "TorchPolicy.evaluate": {
                                            "total": 182.14388369942168,
                                            "count": 113741,
                                            "self": 182.14388369942168
                                        }
                                    }
                                },
                                "workers": {
                                    "total": 1.4256973017635346,
                                    "count": 113741,
                                    "self": 0.0,
                                    "children": {
                                        "worker_root": {
                                            "total": 72959.38242010077,
                                            "count": 113741,
                                            "is_parallel": true,
                                            "self": 675.3569911012164,
                                            "children": {
                                                "steps_from_proto": {
                                                    "total": 0.0001567000000193275,
                                                    "count": 1,
                                                    "is_parallel": true,
                                                    "self": 5.250000000955879e-05,