{
    "name": "root",
    "gauges": {
        "MyGrasp.Policy.Entropy.mean": {
            "value": 1.4189385175704956,
            "min": 1.418938398361206,
            "max": 1.4189388751983643,
            "count": 36
        },
        "MyGrasp.Policy.Entropy.sum": {
            "value": 114.93402099609375,
            "min": 106.4203872680664,
            "max": 180.20521545410156,
            "count": 36
        },
        "MyGrasp.Environment.EpisodeLength.mean": {
            "value": 26.0,
            "min": 13.571428571428571,
            "max": 32.333333333333336,
            "count": 36
        },
        "MyGrasp.Environment.EpisodeLength.sum": {
            "value": 78.0,
            "min": 48.0,
            "max": 125.0,
            "count": 36
        },
        "MyGrasp.Step.mean": {
            "value": 3577.0,
            "min": 89.0,
            "max": 3577.0,
            "count": 36
        },
        "MyGrasp.Step.sum": {
            "value": 3577.0,
            "min": 89.0,
            "max": 3577.0,
            "count": 36
        },
        "MyGrasp.Policy.ExtrinsicValueEstimate.mean": {
            "value": -0.011657875962555408,
            "min": -0.012123900465667248,
            "max": -0.009501798078417778,
            "count": 36
        },
        "MyGrasp.Policy.ExtrinsicValueEstimate.sum": {
            "value": -0.05828937888145447,
            "min": -0.07293321937322617,
            "max": -0.03813166543841362,
            "count": 36
        },
        "MyGrasp.Environment.CumulativeReward.mean": {
            "value": 2.3333333333333335,
            "min": 1.0,
            "max": 5.0,
            "count": 36
        },
        "MyGrasp.Environment.CumulativeReward.sum": {
            "value": 7.0,
            "min": 4.0,
            "max": 23.0,
            "count": 36
        },
        "MyGrasp.Policy.ExtrinsicReward.mean": {
            "value": 2.3333333333333335,
            "min": 1.0,
            "max": 5.0,
            "count": 36
        },
        "MyGrasp.Policy.ExtrinsicReward.sum": {
            "value": 7.0,
            "min": 4.0,
            "max": 23.0,
            "count": 36
        },
        "MyGrasp.IsTraining.mean": {
            "value": 1.0,
            "min": 1.0,
            "max": 1.0,
            "count": 36
        },
        "MyGrasp.IsTraining.sum": {
            "value": 1.0,
            "min": 1.0,
            "max": 1.0,
            "count": 36
        }
    },
    "metadata": {
        "timer_format_version": "0.1.0",
        "start_time_seconds": "1746096868",
        "python_version": "3.10.12 | packaged by Anaconda, Inc. | (main, Jul  5 2023, 19:01:18) [MSC v.1916 64 bit (AMD64)]",
        "command_line_arguments": "C:\\Users\\dudrj\\anaconda3\\envs\\mlagents\\Scripts\\mlagents-learn config/custom_ppo.yaml --run-id=MyGrasp_250501_004 --train --time-scale=50",
        "mlagents_version": "1.1.0",
        "mlagents_envs_version": "1.1.0",
        "communication_protocol_version": "1.5.0",
        "pytorch_version": "2.6.0+cu126",
        "numpy_version": "1.23.5",
        "end_time_seconds": "1746104451"
    },
    "total": 7582.59273439995,
    "count": 1,
    "self": 0.018425499903969467,
    "children": {
        "run_training.setup": {
            "total": 0.10275520000141114,
            "count": 1,
            "self": 0.10275520000141114
        },
        "TrainerController.start_learning": {
            "total": 7582.471553700045,
            "count": 1,
            "self": 0.10112380131613463,
            "children": {
                "TrainerController._reset_env": {
                    "total": 8.954798000049777,
                    "count": 1,
                    "self": 8.954798000049777
                },
                "TrainerController.advance": {
                    "total": 7572.161633198732,
                    "count": 3689,
                    "self": 0.09358990041073412,
                    "children": {
                        "env_step": {
                            "total": 7564.948246096377,
                            "count": 3689,
                            "self": 7549.267574403901,
                            "children": {
                                "SubprocessEnvManager._take_step": {
                                    "total": 15.603457200457342,
                                    "count": 3689,
                                    "self": 0.3077775004785508,
                                    "children": {
                                        "TorchPolicy.evaluate": {
                                            "total": 15.295679699978791,
                                            "count": 3689,
                                            "self": 15.295679699978791
                                        }
                                    }
                                },
                                "workers": {
                                    "total": 0.07721449201926589,
                                    "count": 3688,
                                    "self": 0.0,
                                    "children": {
                                        "worker_root": {
                                            "total": 7447.054849700537,
                                            "count": 3688,
                                            "is_parallel": true,
                                            "self": 31.325289400178008,
                                            "children": {
                                                "steps_from_proto": {
                                                    "total": 0.021559199900366366,
                                                    "count": 1,
                                                    "is_parallel": true,
                                                    "self": 0.00013269984629005194,
                                                    "children": {
                                                        "_process_maybe_compressed_observation": {
                                                            "total": 0.021426500054076314,
                                                            "count": 2,
                                                            "is_parallel": true,
                                                            "self": 3.450002986937761e-05,
                                                            "children": {
                                                                "_observation_to_np_array": {
                                                                    "total": 0.021392000024206936,
                                                                    "count": 1,
                                                                    "is_parallel": true,
                                                                    "self": 2.359994687139988e-05,
                                                                    "children": {
                                                                        "process_pixels": {
                                                                            "total": 0.021368400077335536,
                                                                            "count": 1,
                                                                            "is_parallel": true,
                                                                            "self": 0.0002191000385209918,
                                                                            "children": {
                                                                                "image_decompress": {
                                                                                    "total": 0.021149300038814545,
                                                                                    "count": 1,